168 	 # Number of sensors 
# x z 
0.00 -1.00 
5.00 -1.00 
10.00 -0.80 
15.00 -1.10 
20.00 -1.40 
25.00 -1.00 
29.90 -1.30 
34.90 -1.40 
39.90 -1.30 
44.90 -0.90 
49.90 -1.20 
54.90 -0.60 
59.90 -0.30 
64.90 -0.20 
69.80 -1.10 
74.80 -0.70 
79.70 0.00 
84.70 -0.60 
89.70 -1.30 
94.60 -0.90 
99.60 -1.30 
104.60 -1.80 
109.50 -3.00 
114.40 -2.50 
119.40 -2.00 
124.40 -2.30 
129.30 -3.10 
134.10 -4.50 
139.00 -3.50 
144.00 -4.10 
149.00 -4.50 
154.00 -4.90 
158.90 -5.40 
163.90 -5.60 
168.90 -5.40 
173.90 -5.70 
178.90 -5.80 
183.90 -6.00 
188.90 -5.30 
193.80 -5.90 
198.80 -5.90 
203.80 -6.20 
208.70 -5.20 
213.60 -6.20 
218.60 -6.60 
223.60 -6.60 
228.60 -7.30 
233.60 -7.80 
238.50 -8.10 
243.50 -7.50 
248.50 -6.90 
253.50 -6.90 
258.50 -6.90 
263.50 -6.60 
268.50 -6.90 
273.30 -8.10 
278.20 -9.00 
283.10 -10.00 
288.10 -9.60 
292.60 -7.20 
297.40 -6.00 
302.40 -5.80 
307.40 -5.80 
312.30 -6.50 
317.30 -7.20 
322.30 -7.60 
327.20 -7.40 
332.20 -7.40 
337.20 -8.00 
342.20 -8.00 
347.20 -7.50 
352.10 -6.70 
357.00 -8.00 
361.90 -8.60 
366.90 -8.40 
371.90 -8.40 
376.90 -9.00 
381.90 -8.80 
386.90 -8.70 
391.90 -9.10 
396.90 -9.30 
401.90 -9.00 
406.80 -8.40 
411.80 -9.10 
416.80 -9.10 
421.80 -9.60 
426.70 -9.20 
431.70 -9.50 
436.70 -9.90 
441.70 -9.30 
446.70 -9.30 
451.60 -8.40 
456.60 -8.30 
461.60 -8.80 
466.60 -8.80 
471.60 -9.10 
476.50 -9.70 
481.50 -10.10 
486.50 -9.80 
491.40 -10.60 
496.40 -9.70 
501.40 -10.10 
506.40 -10.10 
511.20 -11.30 
516.10 -10.30 
521.10 -10.50 
526.10 -10.60 
531.00 -9.90 
536.00 -10.60 
540.80 -11.70 
545.70 -10.40 
550.60 -11.20 
555.60 -10.70 
560.50 -9.80 
565.50 -10.30 
570.50 -10.60 
575.40 -9.80 
580.30 -10.60 
585.20 -9.40 
590.20 -9.80 
594.40 -7.20 
599.40 -7.60 
604.40 -8.40 
609.30 -8.80 
614.30 -8.70 
619.30 -9.40 
624.30 -8.80 
629.20 -8.30 
634.00 -9.70 
639.00 -9.60 
644.00 -9.00 
648.80 -7.80 
653.80 -7.20 
658.80 -7.20 
663.80 -6.60 
667.90 -9.40 
672.70 -10.80 
677.70 -11.00 
682.70 -10.60 
687.70 -10.90 
692.60 -10.40 
696.80 -13.10 
701.80 -13.10 
706.30 -10.80 
711.20 -11.70 
716.20 -11.50 
721.20 -11.50 
726.10 -12.50 
731.00 -13.10 
735.90 -14.30 
740.80 -15.20 
745.70 -16.00 
750.70 -16.90 
755.70 -17.00 
760.60 -16.20 
765.10 -18.40 
769.80 -20.20 
774.70 -20.70 
779.50 -19.00 
784.20 -17.40 
788.60 -19.70 
793.50 -18.50 
798.50 -18.40 
803.50 -18.60 
808.20 -20.20 
813.20 -20.20 
818.20 -20.10 
823.20 -20.40 
4393 	 # Number of measurements 
# a b m n rhoa err
2 1 3 4 162.64 0.040 
3 2 4 5 224.19 0.040 
4 3 5 6 282.15 0.040 
5 4 6 7 224.64 0.040 
6 5 7 8 150.50 0.040 
7 6 8 9 85.90 0.040 
8 7 9 10 85.86 0.040 
9 8 10 11 109.91 0.040 
10 9 11 12 118.71 0.040 
11 10 12 13 181.64 0.040 
12 11 13 14 151.91 0.040 
13 12 14 15 105.64 0.040 
14 13 15 16 105.29 0.040 
15 14 16 17 165.00 0.040 
16 15 17 18 215.41 0.040 
17 16 18 19 199.40 0.040 
18 17 19 20 208.80 0.040 
19 18 20 21 99.74 0.040 
20 19 21 22 76.83 0.040 
21 20 22 23 76.49 0.040 
22 21 23 24 55.28 0.040 
23 22 24 25 173.20 0.040 
24 23 25 26 97.74 0.040 
25 24 26 27 185.86 0.040 
26 25 27 28 143.67 0.040 
25 26 27 28 143.85 0.040 
26 27 28 29 118.20 0.040 
27 26 28 29 118.11 0.040 
27 28 29 30 107.05 0.040 
28 27 29 30 107.12 0.040 
29 28 30 31 110.34 0.040 
28 29 30 31 110.59 0.040 
30 29 31 32 105.41 0.040 
29 30 31 32 105.13 0.040 
30 31 32 33 150.53 0.040 
31 30 32 33 150.23 0.040 
32 31 33 34 138.15 0.040 
31 32 33 34 138.20 0.040 
33 32 34 35 163.20 0.040 
32 33 34 35 162.93 0.040 
34 33 35 36 135.79 0.040 
33 34 35 36 135.96 0.040 
35 34 36 37 154.59 0.040 
34 35 36 37 154.55 0.040 
36 35 37 38 133.29 0.040 
35 36 37 38 133.18 0.040 
36 37 38 39 112.01 0.040 
37 36 38 39 112.04 0.040 
38 37 39 40 76.50 0.040 
37 38 39 40 76.95 0.040 
38 39 40 41 67.98 0.040 
39 38 40 41 67.65 0.040 
39 40 41 42 44.68 0.040 
40 39 41 42 44.33 0.040 
40 41 42 43 88.02 0.040 
41 40 42 43 87.75 0.040 
42 41 43 44 80.12 0.040 
41 42 43 44 80.65 0.040 
43 42 44 45 106.23 0.040 
42 43 44 45 106.23 0.040 
43 44 45 46 126.72 0.040 
44 43 45 46 126.83 0.040 
44 45 46 47 81.15 0.040 
45 44 46 47 81.10 0.040 
46 45 47 48 96.02 0.040 
45 46 47 48 96.07 0.040 
46 47 48 49 83.77 0.040 
48 49 50 51 103.15 0.040 
49 50 51 52 105.36 0.040 
50 51 52 53 81.52 0.040 
51 52 53 54 74.22 0.040 
52 53 54 55 127.51 0.040 
53 54 55 56 143.67 0.040 
54 55 56 57 132.55 0.040 
55 56 57 58 111.60 0.040 
56 57 58 59 111.21 0.040 
57 58 59 60 109.51 0.040 
58 59 60 61 133.21 0.040 
59 60 61 62 132.63 0.040 
60 61 62 63 104.44 0.040 
66 67 68 69 94.43 0.040 
67 68 69 70 126.78 0.040 
68 69 70 71 123.15 0.040 
69 70 71 72 128.04 0.040 
70 71 72 73 51.29 0.040 
71 72 73 74 86.03 0.040 
72 73 74 75 97.08 0.040 
73 74 75 76 172.71 0.040 
74 75 76 77 204.80 0.040 
75 76 77 78 198.65 0.040 
76 77 78 79 170.50 0.040 
77 78 79 80 253.67 0.040 
78 79 80 81 176.57 0.040 
79 80 81 82 144.36 0.040 
80 81 82 83 108.21 0.040 
81 82 83 84 96.30 0.040 
82 83 84 85 69.10 0.040 
83 84 85 86 69.73 0.040 
84 85 86 87 43.31 0.040 
85 86 87 88 51.34 0.040 
86 87 88 89 61.50 0.040 
87 88 89 90 88.11 0.040 
88 89 90 91 73.31 0.040 
89 90 91 92 79.64 0.040 
90 91 92 93 156.67 0.040 
91 92 93 94 288.68 0.040 
92 93 94 95 329.95 0.040 
93 94 95 96 290.84 0.040 
94 95 96 97 79.87 0.040 
95 96 97 98 123.00 0.040 
96 97 98 99 134.62 0.040 
97 98 99 100 168.32 0.040 
98 99 100 101 117.87 0.040 
99 100 101 102 126.71 0.040 
100 101 102 103 99.03 0.040 
101 102 103 104 171.92 0.040 
102 103 104 105 130.06 0.040 
103 104 105 106 139.91 0.040 
104 105 106 107 144.16 0.040 
105 106 107 108 121.24 0.040 
106 107 108 109 121.57 0.040 
107 108 109 110 127.94 0.040 
108 109 110 111 132.19 0.040 
109 110 111 112 139.88 0.040 
110 111 112 113 144.79 0.040 
111 112 113 114 196.12 0.040 
112 113 114 115 149.10 0.040 
113 114 115 116 135.01 0.040 
114 115 116 117 134.49 0.040 
115 116 117 118 58.37 0.040 
116 117 118 119 45.58 0.040 
117 118 119 120 29.39 0.040 
118 119 120 121 31.88 0.040 
119 120 121 122 103.90 0.040 
120 121 122 123 108.90 0.040 
121 122 123 124 132.87 0.040 
122 123 124 125 145.59 0.040 
123 124 125 126 152.31 0.040 
124 125 126 127 145.76 0.040 
125 126 127 128 158.43 0.040 
126 127 128 129 155.10 0.040 
127 128 129 130 153.36 0.040 
128 129 130 131 104.04 0.040 
129 130 131 132 68.18 0.040 
131 132 133 134 69.59 0.040 
132 133 134 135 69.14 0.040 
133 134 135 136 109.63 0.040 
134 135 136 137 154.04 0.040 
135 136 137 138 189.17 0.040 
136 137 138 139 313.51 0.040 
137 138 139 140 358.76 0.040 
138 139 140 141 173.23 0.040 
139 140 141 142 197.58 0.040 
141 142 143 144 283.82 0.040 
142 143 144 145 184.50 0.040 
143 144 145 146 224.56 0.040 
144 145 146 147 254.91 0.040 
145 146 147 148 163.31 0.040 
146 147 148 149 190.27 0.040 
147 148 149 150 127.80 0.040 
148 149 150 151 121.37 0.040 
149 150 151 152 134.20 0.040 
150 151 152 153 142.20 0.040 
151 152 153 154 178.33 0.040 
152 153 154 155 151.66 0.040 
153 154 155 156 115.87 0.040 
154 155 156 157 142.62 0.040 
155 156 157 158 158.35 0.040 
156 157 158 159 237.12 0.040 
157 158 159 160 171.71 0.040 
158 159 160 161 150.75 0.040 
159 160 161 162 64.02 0.040 
160 161 162 163 65.34 0.040 
161 162 163 164 53.75 0.040 
162 163 164 165 66.17 0.040 
163 164 165 166 76.23 0.040 
164 165 166 167 85.01 0.040 
165 166 167 168 80.99 0.040 
2 1 4 5 239.64 0.040 
3 2 5 6 219.00 0.040 
4 3 6 7 305.61 0.040 
5 4 7 8 243.66 0.040 
6 5 8 9 110.30 0.040 
7 6 9 10 96.67 0.040 
8 7 10 11 172.55 0.040 
9 8 11 12 210.01 0.040 
10 9 12 13 224.08 0.040 
11 10 13 14 148.24 0.040 
12 11 14 15 222.74 0.040 
13 12 15 16 299.91 0.040 
14 13 16 17 217.07 0.040 
15 14 17 18 172.20 0.040 
16 15 18 19 374.23 0.040 
17 16 19 20 362.51 0.040 
18 17 20 21 156.72 0.040 
19 18 21 22 123.92 0.040 
20 19 22 23 245.11 0.040 
21 20 23 24 86.13 0.040 
22 21 24 25 125.99 0.040 
23 22 25 26 206.80 0.040 
24 23 26 27 185.87 0.040 
25 24 27 28 270.12 0.040 
25 26 28 29 188.50 0.040 
26 25 28 29 188.46 0.040 
27 26 29 30 178.09 0.040 
26 27 29 30 178.06 0.040 
27 28 30 31 177.10 0.040 
28 27 30 31 176.80 0.040 
28 29 31 32 163.40 0.040 
29 28 31 32 163.50 0.040 
30 29 32 33 195.28 0.040 
29 30 32 33 195.12 0.040 
30 31 33 34 191.59 0.040 
31 30 33 34 191.02 0.040 
31 32 34 35 198.87 0.040 
32 31 34 35 199.02 0.040 
32 33 35 36 208.67 0.040 
33 32 35 36 208.87 0.040 
34 33 36 37 162.45 0.040 
33 34 36 37 162.88 0.040 
35 34 37 38 148.70 0.040 
34 35 37 38 148.74 0.040 
35 36 38 39 148.74 0.040 
36 35 38 39 148.70 0.040 
37 36 39 40 114.04 0.040 
36 37 39 40 114.70 0.040 
37 38 40 41 115.02 0.040 
38 37 40 41 114.47 0.040 
39 38 41 42 98.04 0.040 
38 39 41 42 98.55 0.040 
39 40 42 43 104.80 0.040 
40 39 42 43 104.12 0.040 
41 40 43 44 215.37 0.040 
40 41 43 44 215.80 0.040 
42 41 44 45 94.25 0.040 
41 42 44 45 94.95 0.040 
42 43 45 46 202.59 0.040 
43 42 45 46 202.64 0.040 
43 44 46 47 214.50 0.040 
44 43 46 47 214.61 0.040 
45 44 47 48 157.00 0.040 
44 45 47 48 156.96 0.040 
45 46 48 49 149.94 0.040 
47 48 50 51 210.79 0.040 
48 49 51 52 102.30 0.040 
49 50 52 53 169.28 0.040 
50 51 53 54 129.00 0.040 
51 52 54 55 164.49 0.040 
52 53 55 56 170.33 0.040 
54 55 57 58 242.02 0.040 
55 56 58 59 153.86 0.040 
56 57 59 60 149.40 0.040 
58 59 61 62 157.16 0.040 
59 60 62 63 167.69 0.040 
62 63 65 66 113.36 0.040 
63 64 66 67 157.84 0.040 
64 65 67 68 104.29 0.040 
65 66 68 69 107.49 0.040 
67 68 70 71 148.43 0.040 
68 69 71 72 146.21 0.040 
69 70 72 73 109.77 0.040 
70 71 73 74 107.43 0.040 
71 72 74 75 116.46 0.040 
72 73 75 76 218.41 0.040 
73 74 76 77 267.04 0.040 
74 75 77 78 239.13 0.040 
75 76 78 79 272.40 0.040 
76 77 79 80 400.16 0.040 
77 78 80 81 296.93 0.040 
78 79 81 82 169.55 0.040 
79 80 82 83 236.52 0.040 
80 81 83 84 160.34 0.040 
81 82 84 85 91.17 0.040 
82 83 85 86 94.12 0.040 
83 84 86 87 65.13 0.040 
84 85 87 88 43.51 0.040 
85 86 88 89 69.64 0.040 
86 87 89 90 85.75 0.040 
87 88 90 91 119.37 0.040 
88 89 91 92 98.36 0.040 
89 90 92 93 149.42 0.040 
90 91 93 94 309.37 0.040 
91 92 94 95 294.78 0.040 
92 93 95 96 258.94 0.040 
93 94 96 97 196.71 0.040 
94 95 97 98 285.31 0.040 
95 96 98 99 276.09 0.040 
96 97 99 100 118.61 0.040 
97 98 100 101 192.01 0.040 
98 99 101 102 335.67 0.040 
99 100 102 103 184.65 0.040 
100 101 103 104 146.08 0.040 
101 102 104 105 240.67 0.040 
102 103 105 106 212.68 0.040 
103 104 106 107 253.23 0.040 
104 105 107 108 187.76 0.040 
105 106 108 109 157.38 0.040 
106 107 109 110 210.92 0.040 
107 108 110 111 241.61 0.040 
108 109 111 112 239.38 0.040 
109 110 112 113 167.74 0.040 
110 111 113 114 269.29 0.040 
111 112 114 115 236.08 0.040 
112 113 115 116 137.14 0.040 
113 114 116 117 275.98 0.040 
114 115 117 118 91.89 0.040 
115 116 118 119 58.62 0.040 
116 117 119 120 66.72 0.040 
117 118 120 121 33.91 0.040 
118 119 121 122 44.84 0.040 
119 120 122 123 132.48 0.040 
120 121 123 124 137.00 0.040 
121 122 124 125 185.32 0.040 
122 123 125 126 206.43 0.040 
123 124 126 127 210.65 0.040 
124 125 127 128 225.96 0.040 
125 126 128 129 248.49 0.040 
126 127 129 130 226.98 0.040 
127 128 130 131 179.61 0.040 
128 129 131 132 118.56 0.040 
129 130 132 133 93.85 0.040 
130 131 133 134 144.30 0.040 
131 132 134 135 91.46 0.040 
132 133 135 136 75.80 0.040 
133 134 136 137 255.21 0.040 
134 135 137 138 283.16 0.040 
135 136 138 139 285.52 0.040 
136 137 139 140 402.11 0.040 
137 138 140 141 324.25 0.040 
138 139 141 142 380.62 0.040 
139 140 142 143 172.46 0.040 
140 141 143 144 241.02 0.040 
141 142 144 145 548.62 0.040 
142 143 145 146 261.04 0.040 
143 144 146 147 365.60 0.040 
144 145 147 148 319.17 0.040 
145 146 148 149 285.88 0.040 
146 147 149 150 211.56 0.040 
147 148 150 151 148.71 0.040 
148 149 151 152 215.58 0.040 
149 150 152 153 191.66 0.040 
150 151 153 154 185.55 0.040 
151 152 154 155 198.21 0.040 
152 153 155 156 187.58 0.040 
153 154 156 157 178.70 0.040 
154 155 157 158 181.44 0.040 
155 156 158 159 258.01 0.040 
156 157 159 160 208.48 0.040 
157 158 160 161 165.44 0.040 
158 159 161 162 205.63 0.040 
159 160 162 163 136.43 0.040 
160 161 163 164 79.92 0.040 
161 162 164 165 91.13 0.040 
162 163 165 166 112.57 0.040 
163 164 166 167 114.84 0.040 
164 165 167 168 103.02 0.040 
2 1 5 6 210.91 0.040 
3 2 6 7 195.37 0.040 
4 3 7 8 272.74 0.040 
5 4 8 9 170.35 0.040 
6 5 9 10 114.03 0.040 
7 6 10 11 170.21 0.040 
8 7 11 12 268.47 0.040 
9 8 12 13 316.40 0.040 
10 9 13 14 154.78 0.040 
11 10 14 15 194.80 0.040 
12 11 15 16 520.32 0.040 
13 12 16 17 509.69 0.040 
14 13 17 18 203.21 0.040 
15 14 18 19 238.23 0.040 
16 15 19 20 570.80 0.040 
17 16 20 21 232.81 0.040 
18 17 21 22 168.68 0.040 
19 18 22 23 331.18 0.040 
20 19 23 24 238.48 0.040 
21 20 24 25 174.94 0.040 
22 21 25 26 131.79 0.040 
23 22 26 27 310.43 0.040 
24 23 27 28 212.42 0.040 
25 24 28 29 295.09 0.040 
26 25 29 30 238.58 0.040 
25 26 29 30 238.53 0.040 
26 27 30 31 256.94 0.040 
27 26 30 31 256.46 0.040 
27 28 31 32 236.55 0.040 
28 27 31 32 236.73 0.040 
28 29 32 33 257.99 0.040 
29 28 32 33 257.83 0.040 
29 30 33 34 224.49 0.040 
30 29 33 34 224.32 0.040 
31 30 34 35 246.65 0.040 
30 31 34 35 246.84 0.040 
32 31 35 36 229.25 0.040 
31 32 35 36 229.10 0.040 
33 32 36 37 234.52 0.040 
32 33 36 37 234.40 0.040 
33 34 37 38 169.88 0.040 
34 33 37 38 169.63 0.040 
35 34 38 39 183.72 0.040 
34 35 38 39 183.98 0.040 
35 36 39 40 148.19 0.040 
36 35 39 40 147.36 0.040 
37 36 40 41 178.36 0.040 
36 37 40 41 178.93 0.040 
37 38 41 42 130.16 0.040 
38 37 41 42 129.56 0.040 
39 38 42 43 199.08 0.040 
38 39 42 43 199.61 0.040 
39 40 43 44 213.84 0.040 
40 39 43 44 212.60 0.040 
41 40 44 45 196.96 0.040 
40 41 44 45 197.46 0.040 
41 42 45 46 138.34 0.040 
42 41 45 46 137.45 0.040 
42 43 46 47 275.96 0.040 
43 42 46 47 276.00 0.040 
44 43 47 48 363.25 0.040 
43 44 47 48 362.68 0.040 
44 45 48 49 201.50 0.040 
46 47 50 51 215.30 0.040 
47 48 51 52 176.35 0.040 
48 49 52 53 145.30 0.040 
49 50 53 54 252.73 0.040 
50 51 54 55 235.51 0.040 
51 52 55 56 187.54 0.040 
52 53 56 57 215.48 0.040 
53 54 57 58 299.89 0.040 
54 55 58 59 270.38 0.040 
55 56 59 60 186.85 0.040 
57 58 61 62 178.71 0.040 
59 60 63 64 294.90 0.040 
61 62 65 66 143.71 0.040 
62 63 66 67 141.48 0.040 
64 65 68 69 135.29 0.040 
65 66 69 70 166.14 0.040 
67 68 71 72 151.02 0.040 
68 69 72 73 98.51 0.040 
69 70 73 74 205.29 0.040 
70 71 74 75 140.10 0.040 
71 72 75 76 214.15 0.040 
72 73 76 77 267.01 0.040 
73 74 77 78 278.46 0.040 
74 75 78 79 275.32 0.040 
75 76 79 80 524.88 0.040 
76 77 80 81 371.52 0.040 
77 78 81 82 240.97 0.040 
78 79 82 83 232.99 0.040 
79 80 83 84 282.35 0.040 
80 81 84 85 124.35 0.040 
81 82 85 86 107.87 0.040 
82 83 86 87 86.78 0.040 
83 84 87 88 70.83 0.040 
84 85 88 89 53.97 0.040 
85 86 89 90 88.50 0.040 
86 87 90 91 112.50 0.040 
87 88 91 92 136.74 0.040 
88 89 92 93 177.94 0.040 
89 90 93 94 253.55 0.040 
90 91 94 95 267.21 0.040 
91 92 95 96 211.20 0.040 
92 93 96 97 213.45 0.040 
93 94 97 98 597.15 0.040 
94 95 98 99 504.91 0.040 
95 96 99 100 208.74 0.040 
96 97 100 101 111.54 0.040 
97 98 101 102 422.34 0.040 
98 99 102 103 379.89 0.040 
99 100 103 104 238.32 0.040 
100 101 104 105 164.57 0.040 
101 102 105 106 324.37 0.040 
102 103 106 107 300.60 0.040 
103 104 107 108 289.00 0.040 
104 105 108 109 226.26 0.040 
105 106 109 110 239.48 0.040 
106 107 110 111 331.77 0.040 
107 108 111 112 341.45 0.040 
108 109 112 113 225.12 0.040 
109 110 113 114 261.10 0.040 
110 111 114 115 257.20 0.040 
111 112 115 116 188.05 0.040 
112 113 116 117 224.74 0.040 
113 114 117 118 146.26 0.040 
114 115 118 119 78.31 0.040 
115 116 119 120 74.40 0.040 
116 117 120 121 72.54 0.040 
117 118 121 122 49.55 0.040 
118 119 122 123 56.55 0.040 
119 120 123 124 152.63 0.040 
120 121 124 125 165.39 0.040 
121 122 125 126 236.67 0.040 
122 123 126 127 252.26 0.040 
123 124 127 128 287.21 0.040 
124 125 128 129 292.82 0.040 
125 126 129 130 296.10 0.040 
126 127 130 131 222.60 0.040 
127 128 131 132 174.33 0.040 
128 129 132 133 140.62 0.040 
129 130 133 134 242.42 0.040 
130 131 134 135 152.45 0.040 
131 132 135 136 88.44 0.040 
132 133 136 137 146.17 0.040 
133 134 137 138 396.40 0.040 
134 135 138 139 359.23 0.040 
135 136 139 140 307.08 0.040 
136 137 140 141 296.26 0.040 
137 138 141 142 601.84 0.040 
138 139 142 143 275.29 0.040 
139 140 143 144 296.40 0.040 
140 141 144 145 377.54 0.040 
141 142 145 146 630.57 0.040 
142 143 146 147 323.91 0.040 
143 144 147 148 378.64 0.040 
144 145 148 149 485.15 0.040 
145 146 149 150 290.78 0.040 
146 147 150 151 225.37 0.040 
147 148 151 152 244.99 0.040 
148 149 152 153 280.93 0.040 
149 150 153 154 225.43 0.040 
150 151 154 155 192.77 0.040 
151 152 155 156 237.94 0.040 
152 153 156 157 262.77 0.040 
153 154 157 158 239.56 0.040 
154 155 158 159 302.96 0.040 
155 156 159 160 230.85 0.040 
156 157 160 161 185.79 0.040 
157 158 161 162 187.00 0.040 
158 159 162 163 342.20 0.040 
159 160 163 164 166.38 0.040 
160 161 164 165 121.47 0.040 
161 162 165 166 132.39 0.040 
162 163 166 167 155.80 0.040 
163 164 167 168 119.57 0.040 
2 1 6 7 172.72 0.040 
3 2 7 8 161.46 0.040 
4 3 8 9 180.84 0.040 
5 4 9 10 169.82 0.040 
6 5 10 11 203.95 0.040 
7 6 11 12 246.16 0.040 
8 7 12 13 354.72 0.040 
9 8 13 14 212.41 0.040 
10 9 14 15 194.90 0.040 
11 10 15 16 438.22 0.040 
12 11 16 17 754.40 0.040 
13 12 17 18 462.70 0.040 
14 13 18 19 277.12 0.040 
15 14 19 20 335.45 0.040 
16 15 20 21 329.33 0.040 
17 16 21 22 253.68 0.040 
18 17 22 23 394.40 0.040 
19 18 23 24 304.48 0.040 
20 19 24 25 443.51 0.040 
21 20 25 26 172.94 0.040 
22 21 26 27 202.85 0.040 
23 22 27 28 329.74 0.040 
24 23 28 29 220.77 0.040 
25 24 29 30 348.26 0.040 
26 25 30 31 311.18 0.040 
25 26 30 31 311.67 0.040 
26 27 31 32 309.44 0.040 
27 26 31 32 309.77 0.040 
27 28 32 33 338.51 0.040 
28 27 32 33 338.37 0.040 
28 29 33 34 272.83 0.040 
29 28 33 34 272.43 0.040 
29 30 34 35 272.61 0.040 
30 29 34 35 272.77 0.040 
30 31 35 36 269.97 0.040 
31 30 35 36 269.64 0.040 
31 32 36 37 243.34 0.040 
32 31 36 37 243.39 0.040 
32 33 37 38 236.98 0.040 
33 32 37 38 236.88 0.040 
34 33 38 39 205.22 0.040 
33 34 38 39 206.07 0.040 
34 35 39 40 175.09 0.040 
35 34 39 40 174.02 0.040 
35 36 40 41 227.35 0.040 
36 35 40 41 227.13 0.040 
36 37 41 42 172.34 0.040 
37 36 41 42 171.60 0.040 
37 38 42 43 243.95 0.040 
38 37 42 43 243.45 0.040 
39 38 43 44 354.27 0.040 
38 39 43 44 354.85 0.040 
40 39 44 45 178.25 0.040 
39 40 44 45 179.57 0.040 
41 40 45 46 254.18 0.040 
40 41 45 46 254.64 0.040 
42 41 46 47 168.11 0.040 
41 42 46 47 169.30 0.040 
43 42 47 48 409.94 0.040 
42 43 47 48 409.60 0.040 
43 44 48 49 418.91 0.040 
45 46 50 51 272.85 0.040 
46 47 51 52 179.51 0.040 
47 48 52 53 239.10 0.040 
48 49 53 54 183.47 0.040 
49 50 54 55 398.86 0.040 
50 51 55 56 244.99 0.040 
51 52 56 57 229.39 0.040 
52 53 57 58 274.64 0.040 
53 54 58 59 303.15 0.040 
54 55 59 60 306.48 0.040 
56 57 61 62 197.76 0.040 
57 58 62 63 186.19 0.040 
58 59 63 64 276.82 0.040 
61 62 66 67 167.60 0.040 
62 63 67 68 156.46 0.040 
64 65 69 70 190.63 0.040 
65 66 70 71 144.69 0.040 
67 68 72 73 98.29 0.040 
68 69 73 74 170.90 0.040 
69 70 74 75 255.61 0.040 
70 71 75 76 231.75 0.040 
71 72 76 77 236.76 0.040 
72 73 77 78 247.48 0.040 
73 74 78 79 292.90 0.040 
74 75 79 80 479.27 0.040 
75 76 80 81 434.90 0.040 
76 77 81 82 278.15 0.040 
77 78 82 83 297.04 0.040 
78 79 83 84 247.04 0.040 
79 80 84 85 199.89 0.040 
80 81 85 86 145.69 0.040 
81 82 86 87 94.53 0.040 
82 83 87 88 93.99 0.040 
83 84 88 89 84.08 0.040 
84 85 89 90 65.23 0.040 
85 86 90 91 114.57 0.040 
86 87 91 92 127.13 0.040 
87 88 92 93 225.68 0.040 
88 89 93 94 281.43 0.040 
89 90 94 95 211.48 0.040 
90 91 95 96 190.55 0.040 
91 92 96 97 178.62 0.040 
92 93 97 98 628.78 0.040 
93 94 98 99 934.65 0.040 
94 95 99 100 353.95 0.040 
95 96 100 101 186.37 0.040 
96 97 101 102 226.41 0.040 
97 98 102 103 413.65 0.040 
98 99 103 104 467.92 0.040 
99 100 104 105 252.81 0.040 
100 101 105 106 204.76 0.040 
101 102 106 107 421.60 0.040 
102 103 107 108 315.33 0.040 
103 104 108 109 334.97 0.040 
104 105 109 110 301.99 0.040 
105 106 110 111 353.36 0.040 
106 107 111 112 424.17 0.040 
107 108 112 113 288.45 0.040 
108 109 113 114 320.71 0.040 
109 110 114 115 228.77 0.040 
110 111 115 116 191.38 0.040 
111 112 116 117 281.36 0.040 
112 113 117 118 108.05 0.040 
113 114 118 119 111.71 0.040 
114 115 119 120 97.77 0.040 
115 116 120 121 75.68 0.040 
116 117 121 122 102.75 0.040 
117 118 122 123 60.26 0.040 
118 119 123 124 66.86 0.040 
119 120 124 125 176.23 0.040 
120 121 125 126 201.69 0.040 
121 122 126 127 271.70 0.040 
122 123 127 128 326.65 0.040 
123 124 128 129 340.88 0.040 
124 125 129 130 319.65 0.040 
125 126 130 131 265.39 0.040 
126 127 131 132 194.54 0.040 
127 128 132 133 192.36 0.040 
128 129 133 134 332.39 0.040 
129 130 134 135 233.05 0.040 
130 131 135 136 142.76 0.040 
131 132 136 137 163.68 0.040 
132 133 137 138 218.07 0.040 
133 134 138 139 455.79 0.040 
134 135 139 140 360.52 0.040 
135 136 140 141 202.73 0.040 
136 137 141 142 530.21 0.040 
137 138 142 143 399.74 0.040 
138 139 143 144 480.85 0.040 
139 140 144 145 481.57 0.040 
140 141 145 146 371.07 0.040 
141 142 146 147 677.74 0.040 
142 143 147 148 309.79 0.040 
143 144 148 149 520.75 0.040 
144 145 149 150 465.59 0.040 
145 146 150 151 297.15 0.040 
146 147 151 152 343.59 0.040 
147 148 152 153 301.04 0.040 
148 149 153 154 313.56 0.040 
149 150 154 155 226.54 0.040 
150 151 155 156 221.96 0.040 
151 152 156 157 311.50 0.040 
152 153 157 158 324.16 0.040 
153 154 158 159 398.09 0.040 
154 155 159 160 258.92 0.040 
155 156 160 161 192.16 0.040 
156 157 161 162 194.01 0.040 
157 158 162 163 280.26 0.040 
158 159 163 164 371.50 0.040 
159 160 164 165 248.55 0.040 
160 161 165 166 168.95 0.040 
161 162 166 167 170.49 0.040 
162 163 167 168 154.43 0.040 
2 1 7 8 147.60 0.040 
3 2 8 9 109.92 0.040 
4 3 9 10 176.36 0.040 
5 4 10 11 295.53 0.040 
6 5 11 12 290.25 0.040 
7 6 12 13 305.36 0.040 
8 7 13 14 227.10 0.040 
9 8 14 15 263.39 0.040 
10 9 15 16 391.44 0.040 
11 10 16 17 582.02 0.040 
12 11 17 18 628.02 0.040 
13 12 18 19 639.81 0.040 
14 13 19 20 367.98 0.040 
15 14 20 21 186.59 0.040 
16 15 21 22 341.00 0.040 
17 16 22 23 566.80 0.040 
18 17 23 24 328.14 0.040 
19 18 24 25 534.29 0.040 
20 19 25 26 421.15 0.040 
21 20 26 27 241.96 0.040 
22 21 27 28 202.90 0.040 
23 22 28 29 336.52 0.040 
24 23 29 30 251.68 0.040 
25 24 30 31 431.72 0.040 
26 25 31 32 349.60 0.040 
25 26 31 32 349.43 0.040 
27 26 32 33 418.21 0.040 
26 27 32 33 418.11 0.040 
28 27 33 34 338.76 0.040 
27 28 33 34 339.41 0.040 
29 28 34 35 318.84 0.040 
28 29 34 35 318.98 0.040 
30 29 35 36 291.34 0.040 
29 30 35 36 291.09 0.040 
31 30 36 37 282.66 0.040 
30 31 36 37 283.27 0.040 
31 32 37 38 247.86 0.040 
32 31 37 38 247.91 0.040 
33 32 38 39 286.46 0.040 
32 33 38 39 286.26 0.040 
34 33 39 40 187.82 0.040 
33 34 39 40 189.08 0.040 
34 35 40 41 256.58 0.040 
35 34 40 41 256.19 0.040 
35 36 41 42 201.07 0.040 
36 35 41 42 200.68 0.040 
37 36 42 43 303.50 0.040 
36 37 42 43 303.71 0.040 
37 38 43 44 402.09 0.040 
38 37 43 44 401.82 0.040 
39 38 44 45 278.45 0.040 
38 39 44 45 279.32 0.040 
40 39 45 46 218.54 0.040 
39 40 45 46 219.90 0.040 
41 40 46 47 291.85 0.040 
40 41 46 47 292.57 0.040 
41 42 47 48 239.25 0.040 
42 41 47 48 237.98 0.040 
42 43 48 49 426.26 0.040 
44 45 50 51 325.56 0.040 
45 46 51 52 224.09 0.040 
46 47 52 53 241.30 0.040 
47 48 53 54 288.98 0.040 
48 49 54 55 312.95 0.040 
49 50 55 56 399.96 0.040 
50 51 56 57 290.13 0.040 
51 52 57 58 256.57 0.040 
52 53 58 59 280.20 0.040 
53 54 59 60 331.02 0.040 
55 56 61 62 222.19 0.040 
56 57 62 63 199.75 0.040 
59 60 65 66 249.79 0.040 
60 61 66 67 254.72 0.040 
61 62 67 68 183.33 0.040 
62 63 68 69 191.45 0.040 
64 65 70 71 157.08 0.040 
65 66 71 72 134.54 0.040 
66 67 72 73 107.12 0.040 
67 68 73 74 162.36 0.040 
68 69 74 75 213.46 0.040 
69 70 75 76 423.26 0.040 
70 71 76 77 240.97 0.040 
71 72 77 78 205.40 0.040 
72 73 78 79 249.21 0.040 
73 74 79 80 478.37 0.040 
74 75 80 81 374.46 0.040 
75 76 81 82 316.96 0.040 
76 77 82 83 332.96 0.040 
77 78 83 84 301.28 0.040 
78 79 84 85 165.27 0.040 
79 80 85 86 236.24 0.040 
80 81 86 87 129.96 0.040 
81 82 87 88 100.65 0.040 
82 83 88 89 107.39 0.040 
83 84 89 90 99.77 0.040 
84 85 90 91 83.69 0.040 
85 86 91 92 132.69 0.040 
86 87 92 93 210.12 0.040 
87 88 93 94 336.21 0.040 
88 89 94 95 230.26 0.040 
89 90 95 96 157.17 0.040 
90 91 96 97 158.28 0.040 
91 92 97 98 486.54 0.040 
92 93 98 99 917.90 0.040 
93 94 99 100 633.43 0.040 
94 95 100 101 302.84 0.040 
95 96 101 102 364.88 0.040 
96 97 102 103 214.74 0.040 
97 98 103 104 490.21 0.040 
98 99 104 105 487.34 0.040 
99 100 105 106 306.29 0.040 
100 101 106 107 266.12 0.040 
101 102 107 108 430.18 0.040 
102 103 108 109 377.58 0.040 
103 104 109 110 418.65 0.040 
104 105 110 111 413.92 0.040 
105 106 111 112 429.32 0.040 
106 107 112 113 340.49 0.040 
107 108 113 114 392.77 0.040 
108 109 114 115 264.38 0.040 
109 110 115 116 167.46 0.040 
110 111 116 117 271.45 0.040 
111 112 117 118 130.94 0.040 
112 113 118 119 80.33 0.040 
113 114 119 120 138.34 0.040 
114 115 120 121 98.90 0.040 
115 116 121 122 97.71 0.040 
116 117 122 123 124.41 0.040 
117 118 123 124 71.22 0.040 
118 119 124 125 77.88 0.040 
119 120 125 126 213.74 0.040 
120 121 126 127 229.20 0.040 
121 122 127 128 338.40 0.040 
122 123 128 129 372.39 0.040 
123 124 129 130 359.09 0.040 
124 125 130 131 277.27 0.040 
125 126 131 132 221.31 0.040 
126 127 132 133 203.00 0.040 
127 128 133 134 424.48 0.040 
128 129 134 135 300.37 0.040 
129 130 135 136 213.24 0.040 
130 131 136 137 260.83 0.040 
131 132 137 138 239.38 0.040 
132 133 138 139 237.91 0.040 
133 134 139 140 431.87 0.040 
134 135 140 141 236.96 0.040 
135 136 141 142 373.70 0.040 
136 137 142 143 350.83 0.040 
137 138 143 144 666.51 0.040 
138 139 144 145 731.01 0.040 
139 140 145 146 480.94 0.040 
140 141 146 147 371.06 0.040 
141 142 147 148 604.65 0.040 
142 143 148 149 409.36 0.040 
143 144 149 150 474.54 0.040 
144 145 150 151 461.87 0.040 
145 146 151 152 435.73 0.040 
146 147 152 153 404.63 0.040 
147 148 153 154 320.04 0.040 
148 149 154 155 319.02 0.040 
149 150 155 156 265.54 0.040 
150 151 156 157 281.39 0.040 
151 152 157 158 372.63 0.040 
152 153 158 159 515.75 0.040 
153 154 159 160 332.28 0.040 
154 155 160 161 205.69 0.040 
155 156 161 162 190.56 0.040 
156 157 162 163 275.82 0.040 
157 158 163 164 288.71 0.040 
158 159 164 165 520.83 0.040 
159 160 165 166 344.31 0.040 
160 161 166 167 212.69 0.040 
161 162 167 168 157.95 0.040 
2 1 8 9 104.74 0.040 
3 2 9 10 107.50 0.040 
4 3 10 11 288.88 0.040 
5 4 11 12 411.26 0.040 
6 5 12 13 347.59 0.040 
7 6 13 14 192.79 0.040 
8 7 14 15 274.71 0.040 
9 8 15 16 485.53 0.040 
10 9 16 17 490.18 0.040 
11 10 17 18 461.47 0.040 
12 11 18 19 818.64 0.040 
13 12 19 20 796.55 0.040 
14 13 20 21 196.54 0.040 
15 14 21 22 175.28 0.040 
16 15 22 23 721.52 0.040 
17 16 23 24 451.77 0.040 
18 17 24 25 547.36 0.040 
19 18 25 26 479.54 0.040 
20 19 26 27 557.36 0.040 
21 20 27 28 239.19 0.040 
22 21 28 29 198.89 0.040 
23 22 29 30 376.66 0.040 
24 23 30 31 303.74 0.040 
25 24 31 32 468.77 0.040 
26 25 32 33 446.36 0.040 
25 26 32 33 446.43 0.040 
27 26 33 34 422.37 0.040 
26 27 33 34 421.40 0.040 
27 28 34 35 384.43 0.040 
28 27 34 35 384.32 0.040 
28 29 35 36 335.09 0.040 
29 28 35 36 334.99 0.040 
30 29 36 37 304.17 0.040 
29 30 36 37 303.93 0.040 
31 30 37 38 294.33 0.040 
30 31 37 38 294.57 0.040 
31 32 38 39 291.91 0.040 
32 31 38 39 291.90 0.040 
33 32 39 40 252.00 0.040 
32 33 39 40 253.30 0.040 
34 33 40 41 263.87 0.040 
33 34 40 41 264.78 0.040 
34 35 41 42 216.71 0.040 
35 34 41 42 216.55 0.040 
36 35 42 43 343.35 0.040 
35 36 42 43 343.15 0.040 
36 37 43 44 475.82 0.040 
37 36 43 44 475.65 0.040 
38 37 44 45 301.30 0.040 
37 38 44 45 301.47 0.040 
38 39 45 46 327.36 0.040 
39 38 45 46 327.09 0.040 
39 40 46 47 246.39 0.040 
40 39 46 47 244.53 0.040 
40 41 47 48 394.72 0.040 
41 40 47 48 394.26 0.040 
41 42 48 49 242.59 0.040 
42 43 49 50 548.70 0.040 
43 44 50 51 623.78 0.040 
44 45 51 52 266.53 0.040 
45 46 52 53 294.30 0.040 
46 47 53 54 291.39 0.040 
47 48 54 55 479.48 0.040 
48 49 55 56 247.04 0.040 
50 51 57 58 317.37 0.040 
51 52 58 59 270.42 0.040 
52 53 59 60 308.24 0.040 
54 55 61 62 335.32 0.040 
55 56 62 63 221.58 0.040 
58 59 65 66 222.78 0.040 
59 60 66 67 268.33 0.040 
60 61 67 68 266.45 0.040 
61 62 68 69 207.82 0.040 
62 63 69 70 260.93 0.040 
64 65 71 72 142.96 0.040 
65 66 72 73 142.21 0.040 
66 67 73 74 176.40 0.040 
67 68 74 75 202.32 0.040 
68 69 75 76 344.26 0.040 
69 70 76 77 438.86 0.040 
70 71 77 78 216.59 0.040 
71 72 78 79 206.45 0.040 
72 73 79 80 400.53 0.040 
73 74 80 81 363.57 0.040 
74 75 81 82 278.30 0.040 
75 76 82 83 369.93 0.040 
76 77 83 84 321.51 0.040 
77 78 84 85 193.63 0.040 
78 79 85 86 195.66 0.040 
79 80 86 87 214.24 0.040 
80 81 87 88 142.40 0.040 
81 82 88 89 114.44 0.040 
82 83 89 90 125.78 0.040 
83 84 90 91 128.31 0.040 
84 85 91 92 99.28 0.040 
85 86 92 93 223.01 0.040 
86 87 93 94 308.52 0.040 
87 88 94 95 262.27 0.040 
88 89 95 96 167.77 0.040 
89 90 96 97 129.01 0.040 
90 91 97 98 412.49 0.040 
91 92 98 99 678.69 0.040 
92 93 99 100 588.91 0.040 
93 94 100 101 530.31 0.040 
94 95 101 102 581.71 0.040 
95 96 102 103 333.83 0.040 
96 97 103 104 244.62 0.040 
97 98 104 105 495.51 0.040 
98 99 105 106 582.70 0.040 
99 100 106 107 394.47 0.040 
100 101 107 108 273.22 0.040 
101 102 108 109 507.93 0.040 
102 103 109 110 450.23 0.040 
103 104 110 111 552.38 0.040 
104 105 111 112 477.65 0.040 
105 106 112 113 331.82 0.040 
106 107 113 114 457.46 0.040 
107 108 114 115 307.84 0.040 
108 109 115 116 190.77 0.040 
109 110 116 117 233.13 0.040 
110 111 117 118 126.85 0.040 
111 112 118 119 100.58 0.040 
112 113 119 120 104.15 0.040 
113 114 120 121 136.93 0.040 
114 115 121 122 127.51 0.040 
115 116 122 123 116.05 0.040 
116 117 123 124 148.08 0.040 
117 118 124 125 82.44 0.040 
118 119 125 126 96.37 0.040 
119 120 126 127 239.85 0.040 
120 121 127 128 283.31 0.040 
121 122 128 129 363.99 0.040 
122 123 129 130 405.54 0.040 
123 124 130 131 306.35 0.040 
124 125 131 132 222.42 0.040 
125 126 132 133 227.96 0.040 
126 127 133 134 432.34 0.040 
127 128 134 135 370.92 0.040 
128 129 135 136 274.58 0.040 
129 130 136 137 385.66 0.040 
130 131 137 138 380.66 0.040 
131 132 138 139 256.43 0.040 
132 133 139 140 223.28 0.040 
133 134 140 141 270.96 0.040 
134 135 141 142 425.55 0.040 
135 136 142 143 257.74 0.040 
136 137 143 144 562.23 0.040 
137 138 144 145 974.03 0.040 
138 139 145 146 700.92 0.040 
139 140 146 147 485.12 0.040 
140 141 147 148 317.23 0.040 
141 142 148 149 759.57 0.040 
142 143 149 150 352.42 0.040 
143 144 150 151 460.59 0.040 
144 145 151 152 658.30 0.040 
145 146 152 153 495.85 0.040 
146 147 153 154 420.26 0.040 
147 148 154 155 312.18 0.040 
148 149 155 156 352.77 0.040 
149 150 156 157 335.60 0.040 
150 151 157 158 332.03 0.040 
151 152 158 159 584.82 0.040 
152 153 159 160 412.35 0.040 
153 154 160 161 243.23 0.040 
154 155 161 162 195.70 0.040 
155 156 162 163 262.44 0.040 
156 157 163 164 275.29 0.040 
157 158 164 165 391.72 0.040 
158 159 165 166 689.46 0.040 
159 160 166 167 431.42 0.040 
160 161 167 168 198.98 0.040 
2 1 9 10 98.95 0.040 
3 2 10 11 146.08 0.040 
4 3 11 12 396.04 0.040 
5 4 12 13 476.92 0.040 
6 5 13 14 218.82 0.040 
8 7 15 16 486.75 0.040 
9 8 16 17 582.05 0.040 
10 9 17 18 377.28 0.040 
11 10 18 19 573.10 0.040 
12 11 19 20 968.37 0.040 
13 12 20 21 406.22 0.040 
14 13 21 22 183.73 0.040 
15 14 22 23 392.41 0.040 
16 15 23 24 553.93 0.040 
17 16 24 25 742.75 0.040 
18 17 25 26 487.80 0.040 
19 18 26 27 623.31 0.040 
20 19 27 28 551.81 0.040 
21 20 28 29 236.37 0.040 
22 21 29 30 216.49 0.040 
23 22 30 31 447.84 0.040 
24 23 31 32 322.30 0.040 
25 24 32 33 589.40 0.040 
25 26 33 34 385.53 0.040 
26 25 33 34 383.57 0.040 
26 27 34 35 403.21 0.040 
27 26 34 35 401.19 0.040 
27 28 35 36 397.69 0.040 
28 27 35 36 397.67 0.040 
28 29 36 37 347.65 0.040 
29 28 36 37 347.48 0.040 
30 29 37 38 306.80 0.040 
29 30 37 38 306.83 0.040 
30 31 38 39 334.26 0.040 
31 30 38 39 332.67 0.040 
31 32 39 40 254.26 0.040 
32 31 39 40 253.16 0.040 
32 33 40 41 344.14 0.040 
33 32 40 41 343.90 0.040 
34 33 41 42 217.74 0.040 
33 34 41 42 218.86 0.040 
34 35 42 43 378.20 0.040 
35 34 42 43 378.56 0.040 
35 36 43 44 521.78 0.040 
36 35 43 44 522.38 0.040 
36 37 44 45 347.48 0.040 
37 36 44 45 346.73 0.040 
38 37 45 46 340.81 0.040 
37 38 45 46 341.46 0.040 
38 39 46 47 356.27 0.040 
39 38 46 47 354.57 0.040 
40 39 47 48 325.51 0.040 
39 40 47 48 327.32 0.040 
40 41 48 49 385.85 0.040 
41 42 49 50 303.70 0.040 
42 43 50 51 576.86 0.040 
43 44 51 52 513.64 0.040 
44 45 52 53 345.58 0.040 
45 46 53 54 351.42 0.040 
46 47 54 55 465.37 0.040 
47 48 55 56 369.17 0.040 
48 49 56 57 247.03 0.040 
49 50 57 58 445.55 0.040 
51 52 59 60 294.36 0.040 
52 53 60 61 377.79 0.040 
53 54 61 62 338.04 0.040 
54 55 62 63 329.92 0.040 
58 59 66 67 252.60 0.040 
59 60 67 68 253.23 0.040 
60 61 68 69 284.55 0.040 
61 62 69 70 279.76 0.040 
62 63 70 71 208.10 0.040 
65 66 73 74 226.46 0.040 
66 67 74 75 223.05 0.040 
67 68 75 76 322.10 0.040 
68 69 76 77 358.95 0.040 
69 70 77 78 372.17 0.040 
70 71 78 79 205.49 0.040 
71 72 79 80 317.55 0.040 
72 73 80 81 295.04 0.040 
73 74 81 82 245.57 0.040 
74 75 82 83 291.69 0.040 
75 76 83 84 349.34 0.040 
76 77 84 85 209.80 0.040 
77 78 85 86 230.77 0.040 
78 79 86 87 182.54 0.040 
79 80 87 88 236.38 0.040 
80 81 88 89 158.65 0.040 
81 82 89 90 131.22 0.040 
82 83 90 91 159.20 0.040 
83 84 91 92 155.31 0.040 
84 85 92 93 167.97 0.040 
85 86 93 94 322.39 0.040 
86 87 94 95 241.12 0.040 
87 88 95 96 193.20 0.040 
88 89 96 97 135.60 0.040 
89 90 97 98 338.46 0.040 
90 91 98 99 564.87 0.040 
91 92 99 100 435.38 0.040 
92 93 100 101 473.91 0.040 
93 94 101 102 991.13 0.040 
94 95 102 103 527.22 0.040 
95 96 103 104 378.36 0.040 
96 97 104 105 238.67 0.040 
97 98 105 106 576.67 0.040 
98 99 106 107 695.66 0.040 
99 100 107 108 397.71 0.040 
100 101 108 109 301.24 0.040 
101 102 109 110 585.82 0.040 
102 103 110 111 576.46 0.040 
103 104 111 112 618.38 0.040 
104 105 112 113 360.97 0.040 
105 106 113 114 443.50 0.040 
106 107 114 115 360.44 0.040 
107 108 115 116 219.70 0.040 
108 109 116 117 259.52 0.040 
109 110 117 118 110.92 0.040 
110 111 118 119 101.60 0.040 
111 112 119 120 144.49 0.040 
112 113 120 121 104.74 0.040 
113 114 121 122 184.96 0.040 
114 115 122 123 152.60 0.040 
115 116 123 124 136.67 0.040 
116 117 124 125 171.25 0.040 
117 118 125 126 102.37 0.040 
118 119 126 127 109.75 0.040 
119 120 127 128 291.98 0.040 
120 121 128 129 302.05 0.040 
121 122 129 130 337.66 0.040 
123 124 131 132 241.78 0.040 
124 125 132 133 227.94 0.040 
125 126 133 134 469.43 0.040 
126 127 134 135 370.79 0.040 
127 128 135 136 334.28 0.040 
128 129 136 137 486.61 0.040 
129 130 137 138 559.23 0.040 
130 131 138 139 402.02 0.040 
131 132 139 140 235.97 0.040 
132 133 140 141 146.44 0.040 
133 134 141 142 503.36 0.040 
134 135 142 143 280.14 0.040 
135 136 143 144 387.27 0.040 
136 137 144 145 812.00 0.040 
137 138 145 146 901.23 0.040 
138 139 146 147 687.57 0.040 
139 140 147 148 430.69 0.040 
140 141 148 149 383.87 0.040 
141 142 149 150 635.75 0.040 
142 143 150 151 320.09 0.040 
143 144 151 152 638.35 0.040 
144 145 152 153 737.08 0.040 
145 146 153 154 495.90 0.040 
146 147 154 155 382.96 0.040 
147 148 155 156 344.28 0.040 
148 149 156 157 437.50 0.040 
149 150 157 158 386.05 0.040 
150 151 158 159 515.46 0.040 
151 152 159 160 458.16 0.040 
152 153 160 161 294.61 0.040 
153 154 161 162 241.21 0.040 
154 155 162 163 263.34 0.040 
155 156 163 164 257.87 0.040 
156 157 164 165 365.63 0.040 
157 158 165 166 506.97 0.040 
158 159 166 167 833.86 0.040 
159 160 167 168 393.90 0.040 
2 1 10 11 163.23 0.040 
3 2 11 12 255.97 0.040 
4 3 12 13 472.30 0.040 
5 4 13 14 289.40 0.040 
6 5 14 15 245.11 0.040 
7 6 15 16 391.41 0.040 
8 7 16 17 563.80 0.040 
9 8 17 18 443.04 0.040 
10 9 18 19 466.62 0.040 
11 10 19 20 664.61 0.040 
12 11 20 21 476.99 0.040 
13 12 21 22 385.51 0.040 
14 13 22 23 396.03 0.040 
15 14 23 24 320.52 0.040 
16 15 24 25 887.58 0.040 
17 16 25 26 666.06 0.040 
18 17 26 27 606.32 0.040 
19 18 27 28 598.47 0.040 
20 19 28 29 546.46 0.040 
21 20 29 30 256.55 0.040 
22 21 30 31 252.17 0.040 
23 22 31 32 471.35 0.040 
24 23 32 33 401.82 0.040 
25 24 33 34 540.44 0.040 
25 26 34 35 503.34 0.040 
26 25 34 35 505.81 0.040 
27 26 35 36 445.05 0.040 
26 27 35 36 444.98 0.040 
28 27 36 37 410.65 0.040 
27 28 36 37 411.02 0.040 
29 28 37 38 359.61 0.040 
28 29 37 38 359.49 0.040 
29 30 38 39 365.44 0.040 
30 29 38 39 366.33 0.040 
31 30 39 40 287.64 0.040 
30 31 39 40 289.63 0.040 
31 32 40 41 342.31 0.040 
32 31 40 41 342.45 0.040 
33 32 41 42 278.37 0.040 
32 33 41 42 279.51 0.040 
34 33 42 43 392.33 0.040 
33 34 42 43 392.28 0.040 
34 35 43 44 561.69 0.040 
35 34 43 44 561.70 0.040 
36 35 44 45 374.65 0.040 
35 36 44 45 374.53 0.040 
37 36 45 46 384.67 0.040 
36 37 45 46 384.91 0.040 
38 37 46 47 365.94 0.040 
37 38 46 47 365.82 0.040 
38 39 47 48 464.17 0.040 
39 38 47 48 464.01 0.040 
39 40 48 49 312.50 0.040 
40 41 49 50 471.20 0.040 
41 42 50 51 319.92 0.040 
42 43 51 52 480.73 0.040 
43 44 52 53 653.69 0.040 
44 45 53 54 409.98 0.040 
45 46 54 55 542.67 0.040 
46 47 55 56 350.14 0.040 
47 48 56 57 361.96 0.040 
49 50 58 59 500.41 0.040 
50 51 59 60 352.97 0.040 
52 53 61 62 315.62 0.040 
53 54 62 63 322.86 0.040 
54 55 63 64 452.81 0.040 
58 59 67 68 263.44 0.040 
59 60 68 69 332.90 0.040 
61 62 70 71 227.92 0.040 
62 63 71 72 203.22 0.040 
65 66 74 75 278.79 0.040 
66 67 75 76 347.37 0.040 
67 68 76 77 336.18 0.040 
68 69 77 78 320.51 0.040 
69 70 78 79 378.46 0.040 
70 71 79 80 314.57 0.040 
71 72 80 81 228.47 0.040 
72 73 81 82 206.30 0.040 
73 74 82 83 315.79 0.040 
74 75 83 84 292.09 0.040 
75 76 84 85 229.29 0.040 
76 77 85 86 261.35 0.040 
77 78 86 87 213.94 0.040 
78 79 87 88 196.80 0.040 
79 80 88 89 263.79 0.040 
80 81 89 90 183.69 0.040 
81 82 90 91 170.12 0.040 
82 83 91 92 194.44 0.040 
83 84 92 93 261.19 0.040 
84 85 93 94 241.01 0.040 
85 86 94 95 252.30 0.040 
86 87 95 96 173.71 0.040 
87 88 96 97 154.14 0.040 
88 89 97 98 342.85 0.040 
89 90 98 99 457.38 0.040 
90 91 99 100 368.56 0.040 
91 92 100 101 349.29 0.040 
92 93 101 102 888.59 0.040 
93 94 102 103 882.16 0.040 
94 95 103 104 593.30 0.040 
95 96 104 105 366.17 0.040 
96 97 105 106 273.56 0.040 
97 98 106 107 679.37 0.040 
98 99 107 108 697.20 0.040 
99 100 108 109 433.73 0.040 
100 101 109 110 344.65 0.040 
101 102 110 111 733.30 0.040 
102 103 111 112 625.87 0.040 
103 104 112 113 463.01 0.040 
104 105 113 114 476.40 0.040 
105 106 114 115 355.00 0.040 
106 107 115 116 259.31 0.040 
107 108 116 117 291.82 0.040 
108 109 117 118 122.90 0.040 
109 110 118 119 91.22 0.040 
110 111 119 120 156.40 0.040 
111 112 120 121 153.65 0.040 
112 113 121 122 146.62 0.040 
113 114 122 123 222.61 0.040 
114 115 123 124 181.99 0.040 
115 116 124 125 155.85 0.040 
116 117 125 126 212.85 0.040 
117 118 126 127 117.84 0.040 
118 119 127 128 134.59 0.040 
119 120 128 129 309.12 0.040 
120 121 129 130 312.39 0.040 
122 123 131 132 248.07 0.040 
123 124 132 133 241.58 0.040 
124 125 133 134 462.08 0.040 
125 126 134 135 400.23 0.040 
126 127 135 136 334.38 0.040 
127 128 136 137 584.64 0.040 
128 129 137 138 695.68 0.040 
129 130 138 139 582.09 0.040 
130 131 139 140 363.95 0.040 
131 132 140 141 149.58 0.040 
132 133 141 142 261.12 0.040 
133 134 142 143 342.17 0.040 
134 135 143 144 442.29 0.040 
135 136 144 145 557.52 0.040 
136 137 145 146 734.77 0.040 
137 138 146 147 865.00 0.040 
138 139 147 148 603.75 0.040 
139 140 148 149 535.91 0.040 
140 141 149 150 325.62 0.040 
141 142 150 151 573.41 0.040 
142 143 151 152 430.49 0.040 
143 144 152 153 689.40 0.040 
144 145 153 154 729.88 0.040 
145 146 154 155 484.24 0.040 
146 147 155 156 465.11 0.040 
147 148 156 157 437.53 0.040 
148 149 157 158 506.70 0.040 
149 150 158 159 578.33 0.040 
150 151 159 160 393.10 0.040 
151 152 160 161 313.00 0.040 
152 153 161 162 281.22 0.040 
153 154 162 163 316.37 0.040 
154 155 163 164 257.61 0.040 
155 156 164 165 338.18 0.040 
156 157 165 166 467.57 0.040 
157 158 166 167 602.93 0.040 
158 159 167 168 735.70 0.040 
2 1 11 12 258.13 0.040 
3 2 12 13 298.30 0.040 
4 3 13 14 289.48 0.040 
5 4 14 15 323.86 0.040 
6 5 15 16 414.48 0.040 
7 6 16 17 418.67 0.040 
8 7 17 18 415.61 0.040 
9 8 18 19 541.92 0.040 
10 9 19 20 524.09 0.040 
11 10 20 21 326.30 0.040 
12 11 21 22 445.28 0.040 
13 12 22 23 790.08 0.040 
14 13 23 24 314.67 0.040 
15 14 24 25 509.42 0.040 
16 15 25 26 785.47 0.040 
17 16 26 27 814.11 0.040 
18 17 27 28 588.06 0.040 
19 18 28 29 580.48 0.040 
20 19 29 30 590.52 0.040 
21 20 30 31 296.65 0.040 
22 21 31 32 264.58 0.040 
23 22 32 33 577.90 0.040 
24 23 33 34 365.16 0.040 
25 24 34 35 578.98 0.040 
25 26 35 36 454.91 0.040 
26 25 35 36 455.57 0.040 
27 26 36 37 467.82 0.040 
26 27 36 37 467.89 0.040 
27 28 37 38 433.95 0.040 
28 27 37 38 435.17 0.040 
29 28 38 39 401.06 0.040 
28 29 38 39 402.26 0.040 
29 30 39 40 304.36 0.040 
30 29 39 40 302.85 0.040 
30 31 40 41 386.04 0.040 
31 30 40 41 384.77 0.040 
31 32 41 42 270.13 0.040 
32 31 41 42 269.62 0.040 
32 33 42 43 498.72 0.040 
33 32 42 43 498.90 0.040 
33 34 43 44 575.85 0.040 
34 33 43 44 574.92 0.040 
35 34 44 45 394.16 0.040 
34 35 44 45 395.00 0.040 
35 36 45 46 408.08 0.040 
36 35 45 46 408.08 0.040 
37 36 46 47 402.29 0.040 
36 37 46 47 403.24 0.040 
38 37 47 48 465.40 0.040 
37 38 47 48 465.72 0.040 
38 39 48 49 429.71 0.040 
39 40 49 50 379.50 0.040 
40 41 50 51 491.37 0.040 
41 42 51 52 254.88 0.040 
42 43 52 53 597.32 0.040 
43 44 53 54 772.24 0.040 
44 45 54 55 617.88 0.040 
45 46 55 56 401.10 0.040 
46 47 56 57 341.43 0.040 
48 49 58 59 326.41 0.040 
49 50 59 60 563.82 0.040 
50 51 60 61 451.62 0.040 
51 52 61 62 312.21 0.040 
52 53 62 63 306.14 0.040 
55 56 65 66 227.19 0.040 
58 59 68 69 307.41 0.040 
60 61 70 71 292.79 0.040 
61 62 71 72 218.63 0.040 
62 63 72 73 199.74 0.040 
65 66 75 76 432.21 0.040 
66 67 76 77 361.34 0.040 
67 68 77 78 305.14 0.040 
68 69 78 79 324.52 0.040 
69 70 79 80 573.14 0.040 
70 71 80 81 232.25 0.040 
71 72 81 82 162.66 0.040 
72 73 82 83 238.36 0.040 
73 74 83 84 272.63 0.040 
74 75 84 85 191.10 0.040 
75 76 85 86 296.85 0.040 
76 77 86 87 249.00 0.040 
77 78 87 88 238.95 0.040 
78 79 88 89 223.83 0.040 
79 80 89 90 302.03 0.040 
80 81 90 91 237.29 0.040 
81 82 91 92 203.29 0.040 
82 83 92 93 334.73 0.040 
83 84 93 94 376.05 0.040 
84 85 94 95 187.79 0.040 
85 86 95 96 184.39 0.040 
86 87 96 97 136.40 0.040 
87 88 97 98 386.40 0.040 
88 89 98 99 458.60 0.040 
89 90 99 100 299.78 0.040 
90 91 100 101 299.37 0.040 
91 92 101 102 640.66 0.040 
92 93 102 103 787.53 0.040 
93 94 103 104 991.89 0.040 
94 95 104 105 567.50 0.040 
95 96 105 106 416.24 0.040 
96 97 106 107 329.82 0.040 
97 98 107 108 657.97 0.040 
98 99 108 109 797.14 0.040 
99 100 109 110 493.49 0.040 
100 101 110 111 438.82 0.040 
101 102 111 112 794.24 0.040 
102 103 112 113 460.87 0.040 
103 104 113 114 600.38 0.040 
104 105 114 115 373.12 0.040 
105 106 115 116 259.54 0.040 
106 107 116 117 344.52 0.040 
107 108 117 118 137.84 0.040 
108 109 118 119 102.32 0.040 
109 110 119 120 146.18 0.040 
110 111 120 121 170.06 0.040 
111 112 121 122 214.68 0.040 
112 113 122 123 178.98 0.040 
113 114 123 124 264.78 0.040 
114 115 124 125 207.78 0.040 
115 116 125 126 191.76 0.040 
116 117 126 127 247.21 0.040 
117 118 127 128 144.19 0.040 
118 119 128 129 143.51 0.040 
119 120 129 130 308.10 0.040 
120 121 130 131 258.31 0.040 
121 122 131 132 246.57 0.040 
122 123 132 133 244.82 0.040 
123 124 133 134 489.12 0.040 
124 125 134 135 394.34 0.040 
125 126 135 136 362.20 0.040 
126 127 136 137 579.88 0.040 
127 128 137 138 832.35 0.040 
128 129 138 139 718.02 0.040 
129 130 139 140 520.78 0.040 
130 131 140 141 225.36 0.040 
131 132 141 142 283.48 0.040 
132 133 142 143 167.70 0.040 
133 134 143 144 518.29 0.040 
134 135 144 145 623.68 0.040 
135 136 145 146 494.17 0.040 
136 137 146 147 697.54 0.040 
137 138 147 148 748.78 0.040 
138 139 148 149 742.48 0.040 
139 140 149 150 453.76 0.040 
140 141 150 151 306.95 0.040 
141 142 151 152 762.06 0.040 
142 143 152 153 470.53 0.040 
143 144 153 154 680.96 0.040 
144 145 154 155 726.05 0.040 
145 146 155 156 590.63 0.040 
146 147 156 157 568.04 0.040 
147 148 157 158 517.82 0.040 
148 149 158 159 795.41 0.040 
149 150 159 160 427.66 0.040 
150 151 160 161 252.27 0.040 
151 152 161 162 290.94 0.040 
152 153 162 163 359.83 0.040 
153 154 163 164 299.20 0.040 
154 155 164 165 336.77 0.040 
155 156 165 166 430.15 0.040 
156 157 166 167 549.25 0.040 
157 158 167 168 525.90 0.040 
2 1 12 13 290.50 0.040 
3 2 13 14 171.23 0.040 
4 3 14 15 333.46 0.040 
5 4 15 16 666.09 0.040 
6 5 16 17 524.80 0.040 
7 6 17 18 301.84 0.040 
8 7 18 19 489.07 0.040 
9 8 19 20 578.54 0.040 
10 9 20 21 249.13 0.040 
11 10 21 22 300.36 0.040 
12 11 22 23 890.81 0.040 
13 12 23 24 594.67 0.040 
14 13 24 25 497.74 0.040 
15 14 25 26 426.14 0.040 
16 15 26 27 938.45 0.040 
17 16 27 28 797.07 0.040 
18 17 28 29 575.45 0.040 
19 18 29 30 615.97 0.040 
20 19 30 31 676.26 0.040 
21 20 31 32 305.57 0.040 
22 21 32 33 320.25 0.040 
23 22 33 34 526.43 0.040 
24 23 34 35 385.21 0.040 
25 24 35 36 565.45 0.040 
26 25 36 37 473.83 0.040 
25 26 36 37 473.19 0.040 
27 26 37 38 486.61 0.040 
26 27 37 38 486.38 0.040 
28 27 38 39 461.31 0.040 
27 28 38 39 463.98 0.040 
29 28 39 40 335.69 0.040 
28 29 39 40 337.48 0.040 
30 29 40 41 396.63 0.040 
29 30 40 41 395.91 0.040 
30 31 41 42 296.69 0.040 
31 30 41 42 296.44 0.040 
32 31 42 43 479.06 0.040 
31 32 42 43 478.90 0.040 
32 33 43 44 724.87 0.040 
33 32 43 44 725.89 0.040 
33 34 44 45 396.81 0.040 
34 33 44 45 395.44 0.040 
35 34 45 46 423.71 0.040 
34 35 45 46 424.09 0.040 
36 35 46 47 426.39 0.040 
35 36 46 47 425.76 0.040 
37 36 47 48 513.65 0.040 
36 37 47 48 511.59 0.040 
37 38 48 49 428.55 0.040 
38 39 49 50 519.51 0.040 
39 40 50 51 395.97 0.040 
40 41 51 52 392.74 0.040 
41 42 52 53 322.15 0.040 
42 43 53 54 703.17 0.040 
43 44 54 55 1129.90 0.040 
44 45 55 56 450.41 0.040 
45 46 56 57 387.99 0.040 
47 48 58 59 436.27 0.040 
48 49 59 60 312.96 0.040 
50 51 61 62 368.65 0.040 
51 52 62 63 306.06 0.040 
52 53 63 64 424.53 0.040 
54 55 65 66 309.77 0.040 
55 56 66 67 267.46 0.040 
56 57 67 68 271.98 0.040 
58 59 69 70 411.68 0.040 
59 60 70 71 318.98 0.040 
60 61 71 72 281.78 0.040 
61 62 72 73 226.77 0.040 
62 63 73 74 298.85 0.040 
63 64 74 75 452.71 0.040 
65 66 76 77 446.04 0.040 
66 67 77 78 332.50 0.040 
67 68 78 79 309.01 0.040 
68 69 79 80 497.02 0.040 
69 70 80 81 410.94 0.040 
70 71 81 82 165.29 0.040 
71 72 82 83 181.48 0.040 
72 73 83 84 212.92 0.040 
73 74 84 85 180.32 0.040 
74 75 85 86 248.56 0.040 
75 76 86 87 282.82 0.040 
76 77 87 88 277.83 0.040 
77 78 88 89 256.46 0.040 
78 79 89 90 249.61 0.040 
79 80 90 91 393.78 0.040 
80 81 91 92 291.26 0.040 
81 82 92 93 342.91 0.040 
82 83 93 94 468.78 0.040 
83 84 94 95 291.76 0.040 
84 85 95 96 134.89 0.040 
85 86 96 97 146.26 0.040 
86 87 97 98 337.79 0.040 
87 88 98 99 505.51 0.040 
88 89 99 100 299.22 0.040 
89 90 100 101 241.90 0.040 
90 91 101 102 547.64 0.040 
91 92 102 103 561.32 0.040 
92 93 103 104 868.96 0.040 
93 94 104 105 943.63 0.040 
94 95 105 106 640.43 0.040 
95 96 106 107 493.36 0.040 
96 97 107 108 318.66 0.040 
97 98 108 109 754.49 0.040 
98 99 109 110 884.88 0.040 
99 100 110 111 621.05 0.040 
100 101 111 112 477.74 0.040 
101 102 112 113 588.07 0.040 
102 103 113 114 597.16 0.040 
103 104 114 115 462.52 0.040 
104 105 115 116 270.11 0.040 
105 106 116 117 342.21 0.040 
106 107 117 118 164.54 0.040 
107 108 118 119 118.07 0.040 
108 109 119 120 168.49 0.040 
109 110 120 121 159.42 0.040 
110 111 121 122 238.54 0.040 
111 112 122 123 262.54 0.040 
112 113 123 124 214.37 0.040 
113 114 124 125 304.65 0.040 
114 115 125 126 257.43 0.040 
115 116 126 127 222.51 0.040 
116 117 127 128 300.71 0.040 
117 118 128 129 153.14 0.040 
118 119 129 130 140.72 0.040 
119 120 130 131 253.63 0.040 
120 121 131 132 190.42 0.040 
121 122 132 133 237.71 0.040 
122 123 133 134 489.41 0.040 
123 124 134 135 413.24 0.040 
124 125 135 136 351.26 0.040 
125 126 136 137 626.43 0.040 
126 127 137 138 821.38 0.040 
127 128 138 139 841.00 0.040 
128 129 139 140 635.85 0.040 
129 130 140 141 321.23 0.040 
130 131 141 142 441.94 0.040 
131 132 142 143 194.32 0.040 
132 133 143 144 278.82 0.040 
133 134 144 145 730.81 0.040 
134 135 145 146 550.06 0.040 
135 136 146 147 464.17 0.040 
136 137 147 148 599.51 0.040 
137 138 148 149 907.89 0.040 
138 139 149 150 619.94 0.040 
139 140 150 151 419.60 0.040 
140 141 151 152 410.75 0.040 
141 142 152 153 816.77 0.040 
142 143 153 154 450.64 0.040 
143 144 154 155 645.72 0.040 
144 145 155 156 797.40 0.040 
145 146 156 157 691.91 0.040 
146 147 157 158 651.09 0.040 
147 148 158 159 782.06 0.040 
148 149 159 160 592.10 0.040 
149 150 160 161 306.36 0.040 
150 151 161 162 234.18 0.040 
151 152 162 163 357.12 0.040 
152 153 163 164 320.53 0.040 
153 154 164 165 372.90 0.040 
154 155 165 166 428.53 0.040 
155 156 166 167 506.49 0.040 
156 157 167 168 479.90 0.040 
2 1 13 14 172.18 0.040 
3 2 14 15 189.88 0.040 
4 3 15 16 602.44 0.040 
5 4 16 17 715.37 0.040 
6 5 17 18 401.88 0.040 
7 6 18 19 405.79 0.040 
8 7 19 20 519.08 0.040 
9 8 20 21 250.58 0.040 
10 9 21 22 209.80 0.040 
11 10 22 23 570.72 0.040 
12 11 23 24 655.17 0.040 
13 12 24 25 904.43 0.040 
14 13 25 26 419.05 0.040 
15 14 26 27 525.67 0.040 
16 15 27 28 915.73 0.040 
17 16 28 29 786.57 0.040 
18 17 29 30 608.44 0.040 
19 18 30 31 694.86 0.040 
20 19 31 32 694.04 0.040 
21 20 32 33 371.54 0.040 
22 21 33 34 291.97 0.040 
23 22 34 35 565.42 0.040 
24 23 35 36 382.78 0.040 
25 24 36 37 590.44 0.040 
25 26 37 38 465.51 0.040 
26 25 37 38 465.08 0.040 
27 26 38 39 554.12 0.040 
26 27 38 39 553.85 0.040 
28 27 39 40 387.47 0.040 
27 28 39 40 389.77 0.040 
29 28 40 41 438.26 0.040 
28 29 40 41 438.78 0.040 
30 29 41 42 303.88 0.040 
29 30 41 42 305.95 0.040 
30 31 42 43 532.76 0.040 
31 30 42 43 532.61 0.040 
31 32 43 44 685.21 0.040 
32 31 43 44 686.33 0.040 
32 33 44 45 491.15 0.040 
33 32 44 45 491.92 0.040 
34 33 45 46 420.98 0.040 
33 34 45 46 421.77 0.040 
35 34 46 47 438.03 0.040 
34 35 46 47 439.34 0.040 
36 35 47 48 543.97 0.040 
35 36 47 48 537.80 0.040 
36 37 48 49 449.99 0.040 
37 38 49 50 507.63 0.040 
38 39 50 51 537.45 0.040 
39 40 51 52 324.56 0.040 
40 41 52 53 495.49 0.040 
41 42 53 54 373.27 0.040 
42 43 54 55 996.76 0.040 
43 44 55 56 812.08 0.040 
44 45 56 57 433.15 0.040 
46 47 58 59 401.87 0.040 
47 48 59 60 436.32 0.040 
48 49 60 61 286.95 0.040 
50 51 62 63 347.66 0.040 
53 54 65 66 322.11 0.040 
54 55 66 67 406.97 0.040 
55 56 67 68 289.43 0.040 
56 57 68 69 325.67 0.040 
58 59 70 71 336.56 0.040 
59 60 71 72 306.38 0.040 
61 62 73 74 359.92 0.040 
62 63 74 75 365.61 0.040 
65 66 77 78 401.34 0.040 
66 67 78 79 334.56 0.040 
67 68 79 80 473.67 0.040 
68 69 80 81 366.29 0.040 
69 70 81 82 297.67 0.040 
70 71 82 83 187.44 0.040 
71 72 83 84 161.21 0.040 
72 73 84 85 140.65 0.040 
73 74 85 86 239.26 0.040 
74 75 86 87 251.81 0.040 
75 76 87 88 325.16 0.040 
76 77 88 89 306.76 0.040 
77 78 89 90 292.60 0.040 
78 79 90 91 328.33 0.040 
79 80 91 92 477.22 0.040 
80 81 92 93 490.73 0.040 
81 82 93 94 479.68 0.040 
82 83 94 95 362.93 0.040 
83 84 95 96 211.15 0.040 
84 85 96 97 104.66 0.040 
85 86 97 98 347.82 0.040 
86 87 98 99 442.42 0.040 
87 88 99 100 329.33 0.040 
88 89 100 101 241.87 0.040 
89 90 101 102 445.72 0.040 
90 91 102 103 479.71 0.040 
91 92 103 104 623.60 0.040 
92 93 104 105 813.26 0.040 
93 94 105 106 1061.80 0.040 
94 95 106 107 765.79 0.040 
95 96 107 108 481.71 0.040 
96 97 108 109 350.62 0.040 
97 98 109 110 826.35 0.040 
98 99 110 111 1086.60 0.040 
99 100 111 112 665.19 0.040 
100 101 112 113 348.36 0.040 
101 102 113 114 788.29 0.040 
102 103 114 115 466.48 0.040 
103 104 115 116 333.23 0.040 
104 105 116 117 350.56 0.040 
105 106 117 118 160.38 0.040 
106 107 118 119 137.90 0.040 
107 108 119 120 212.18 0.040 
108 109 120 121 183.18 0.040 
109 110 121 122 229.56 0.040 
110 111 122 123 293.18 0.040 
111 112 123 124 315.46 0.040 
112 113 124 125 247.51 0.040 
113 114 125 126 375.49 0.040 
114 115 126 127 299.63 0.040 
115 116 127 128 268.84 0.040 
116 117 128 129 313.46 0.040 
117 118 129 130 147.12 0.040 
118 119 130 131 115.28 0.040 
119 120 131 132 189.35 0.040 
120 121 132 133 181.48 0.040 
121 122 133 134 468.80 0.040 
122 123 134 135 410.10 0.040 
123 124 135 136 372.26 0.040 
124 125 136 137 609.07 0.040 
125 126 137 138 876.99 0.040 
126 127 138 139 823.57 0.040 
127 128 139 140 738.61 0.040 
128 129 140 141 394.01 0.040 
129 130 141 142 633.48 0.040 
130 131 142 143 306.30 0.040 
131 132 143 144 314.78 0.040 
132 133 144 145 384.39 0.040 
133 134 145 146 638.49 0.040 
134 135 146 147 513.17 0.040 
135 136 147 148 395.60 0.040 
136 137 148 149 720.00 0.040 
137 138 149 150 753.33 0.040 
138 139 150 151 564.33 0.040 
139 140 151 152 561.52 0.040 
140 141 152 153 427.84 0.040 
141 142 153 154 780.70 0.040 
142 143 154 155 448.74 0.040 
143 144 155 156 723.92 0.040 
144 145 156 157 962.18 0.040 
145 146 157 158 797.97 0.040 
146 147 158 159 988.01 0.040 
147 148 159 160 566.48 0.040 
148 149 160 161 402.35 0.040 
149 150 161 162 264.32 0.040 
150 151 162 163 304.29 0.040 
151 152 163 164 334.10 0.040 
152 153 164 165 387.33 0.040 
153 154 165 166 442.10 0.040 
154 155 166 167 455.25 0.040 
155 156 167 168 475.27 0.040 
2 1 14 15 203.08 0.040 
3 2 15 16 367.43 0.040 
4 3 16 17 659.05 0.040 
5 4 17 18 532.86 0.040 
6 5 18 19 480.65 0.040 
7 6 19 20 448.69 0.040 
8 7 20 21 247.63 0.040 
9 8 21 22 247.88 0.040 
10 9 22 23 416.03 0.040 
11 10 23 24 408.58 0.040 
12 11 24 25 1002.50 0.040 
13 12 25 26 805.29 0.040 
14 13 26 27 506.00 0.040 
15 14 27 28 491.53 0.040 
16 15 28 29 900.69 0.040 
17 16 29 30 831.21 0.040 
18 17 30 31 684.11 0.040 
19 18 31 32 705.84 0.040 
20 19 32 33 828.67 0.040 
21 20 33 34 332.09 0.040 
22 21 34 35 320.06 0.040 
23 22 35 36 562.70 0.040 
24 23 36 37 400.86 0.040 
25 24 37 38 623.77 0.040 
26 25 38 39 572.86 0.040 
25 26 38 39 568.68 0.040 
26 27 39 40 446.91 0.040 
27 26 39 40 444.00 0.040 
28 27 40 41 505.14 0.040 
27 28 40 41 506.71 0.040 
29 28 41 42 328.95 0.040 
28 29 41 42 329.33 0.040 
29 30 42 43 538.04 0.040 
30 29 42 43 537.24 0.040 
30 31 43 44 750.75 0.040 
31 30 43 44 750.43 0.040 
31 32 44 45 461.57 0.040 
32 31 44 45 462.53 0.040 
32 33 45 46 518.92 0.040 
33 32 45 46 518.18 0.040 
34 33 46 47 431.87 0.040 
33 34 46 47 433.62 0.040 
34 35 47 48 532.31 0.040 
35 34 47 48 524.13 0.040 
35 36 48 49 456.20 0.040 
36 37 49 50 539.48 0.040 
37 38 50 51 525.07 0.040 
38 39 51 52 446.67 0.040 
39 40 52 53 409.73 0.040 
40 41 53 54 572.78 0.040 
41 42 54 55 540.77 0.040 
42 43 55 56 707.51 0.040 
43 44 56 57 779.94 0.040 
45 46 58 59 446.53 0.040 
46 47 59 60 397.27 0.040 
47 48 60 61 395.80 0.040 
48 49 61 62 271.65 0.040 
50 51 63 64 492.08 0.040 
52 53 65 66 305.08 0.040 
53 54 66 67 391.61 0.040 
54 55 67 68 462.24 0.040 
55 56 68 69 377.66 0.040 
56 57 69 70 437.85 0.040 
58 59 71 72 266.34 0.040 
59 60 72 73 337.88 0.040 
61 62 74 75 434.65 0.040 
62 63 75 76 545.12 0.040 
65 66 78 79 407.59 0.040 
66 67 79 80 509.21 0.040 
67 68 80 81 350.60 0.040 
68 69 81 82 270.04 0.040 
69 70 82 83 331.03 0.040 
70 71 83 84 171.77 0.040 
71 72 84 85 103.39 0.040 
72 73 85 86 188.39 0.040 
73 74 86 87 237.95 0.040 
74 75 87 88 273.77 0.040 
75 76 88 89 347.60 0.040 
76 77 89 90 345.53 0.040 
77 78 90 91 370.44 0.040 
78 79 91 92 386.48 0.040 
79 80 92 93 789.98 0.040 
80 81 93 94 687.97 0.040 
81 82 94 95 365.76 0.040 
82 83 95 96 251.06 0.040 
83 84 96 97 141.10 0.040 
84 85 97 98 251.81 0.040 
85 86 98 99 455.91 0.040 
86 87 99 100 288.22 0.040 
87 88 100 101 264.06 0.040 
88 89 101 102 442.67 0.040 
89 90 102 103 391.08 0.040 
90 91 103 104 538.40 0.040 
91 92 104 105 583.42 0.040 
92 93 105 106 902.06 0.040 
93 94 106 107 1251.50 0.040 
94 95 107 108 755.74 0.040 
95 96 108 109 525.92 0.040 
96 97 109 110 379.57 0.040 
97 98 110 111 1002.80 0.040 
98 99 111 112 1151.90 0.040 
99 100 112 113 488.16 0.040 
100 101 113 114 462.06 0.040 
101 102 114 115 601.53 0.040 
102 103 115 116 336.11 0.040 
103 104 116 117 441.96 0.040 
104 105 117 118 168.22 0.040 
105 106 118 119 130.65 0.040 
106 107 119 120 227.36 0.040 
107 108 120 121 219.29 0.040 
108 109 121 122 264.39 0.040 
109 110 122 123 284.33 0.040 
110 111 123 124 352.51 0.040 
111 112 124 125 361.88 0.040 
112 113 125 126 302.24 0.040 
113 114 126 127 426.89 0.040 
114 115 127 128 361.77 0.040 
115 116 128 129 275.66 0.040 
116 117 129 130 303.58 0.040 
117 118 130 131 119.69 0.040 
118 119 131 132 84.72 0.040 
119 120 132 133 181.71 0.040 
120 121 133 134 361.72 0.040 
121 122 134 135 389.85 0.040 
122 123 135 136 369.52 0.040 
123 124 136 137 637.83 0.040 
124 125 137 138 861.71 0.040 
125 126 138 139 879.13 0.040 
126 127 139 140 718.18 0.040 
127 128 140 141 464.65 0.040 
128 129 141 142 779.81 0.040 
129 130 142 143 442.38 0.040 
130 131 143 144 444.20 0.040 
131 132 144 145 387.89 0.040 
132 133 145 146 338.41 0.040 
133 134 146 147 594.62 0.040 
134 135 147 148 437.62 0.040 
135 136 148 149 468.52 0.040 
136 137 149 150 596.19 0.040 
137 138 150 151 686.25 0.040 
138 139 151 152 749.49 0.040 
139 140 152 153 600.10 0.040 
140 141 153 154 418.49 0.040 
141 142 154 155 764.89 0.040 
142 143 155 156 490.25 0.040 
143 144 156 157 868.35 0.040 
144 145 157 158 1103.40 0.040 
145 146 158 159 1212.00 0.040 
146 147 159 160 716.47 0.040 
147 148 160 161 372.43 0.040 
148 149 161 162 336.03 0.040 
149 150 162 163 329.09 0.040 
150 151 163 164 291.43 0.040 
151 152 164 165 417.67 0.040 
152 153 165 166 458.78 0.040 
153 154 166 167 465.81 0.040 
2 1 15 16 380.37 0.040 
3 2 16 17 401.33 0.040 
4 3 17 18 493.67 0.040 
5 4 18 19 633.60 0.040 
6 5 19 20 504.06 0.040 
7 6 20 21 219.83 0.040 
8 7 21 22 258.11 0.040 
9 8 22 23 494.87 0.040 
10 9 23 24 330.87 0.040 
11 10 24 25 709.36 0.040 
12 11 25 26 867.69 0.040 
13 12 26 27 946.86 0.040 
14 13 27 28 479.37 0.040 
15 14 28 29 462.62 0.040 
16 15 29 30 943.68 0.040 
17 16 30 31 932.12 0.040 
18 17 31 32 688.24 0.040 
19 18 32 33 839.99 0.040 
20 19 33 34 744.77 0.040 
21 20 34 35 355.28 0.040 
22 21 35 36 327.27 0.040 
23 22 36 37 581.40 0.040 
24 23 37 38 426.10 0.040 
25 24 38 39 675.88 0.040 
25 26 39 40 437.94 0.040 
26 25 39 40 436.88 0.040 
27 26 40 41 581.82 0.040 
26 27 40 41 580.44 0.040 
28 27 41 42 370.87 0.040 
27 28 41 42 370.75 0.040 
29 28 42 43 581.58 0.040 
28 29 42 43 581.02 0.040 
30 29 43 44 760.90 0.040 
29 30 43 44 758.49 0.040 
31 30 44 45 500.02 0.040 
30 31 44 45 502.12 0.040 
31 32 45 46 484.29 0.040 
32 31 45 46 484.20 0.040 
32 33 46 47 531.92 0.040 
33 32 46 47 535.04 0.040 
34 33 47 48 539.21 0.040 
33 34 47 48 539.39 0.040 
34 35 48 49 501.01 0.040 
35 36 49 50 552.06 0.040 
36 37 50 51 552.37 0.040 
37 38 51 52 439.48 0.040 
38 39 52 53 560.83 0.040 
39 40 53 54 477.69 0.040 
40 41 54 55 822.34 0.040 
41 42 55 56 382.09 0.040 
42 43 56 57 678.61 0.040 
44 45 58 59 489.12 0.040 
45 46 59 60 439.79 0.040 
46 47 60 61 358.13 0.040 
47 48 61 62 374.28 0.040 
48 49 62 63 276.57 0.040 
51 52 65 66 299.01 0.040 
52 53 66 67 362.82 0.040 
53 54 67 68 416.49 0.040 
54 55 68 69 561.99 0.040 
55 56 69 70 493.62 0.040 
58 59 72 73 285.24 0.040 
59 60 73 74 508.13 0.040 
61 62 75 76 643.77 0.040 
62 63 76 77 549.80 0.040 
63 64 77 78 619.05 0.040 
65 66 79 80 614.72 0.040 
66 67 80 81 374.23 0.040 
67 68 81 82 259.78 0.040 
68 69 82 83 302.67 0.040 
69 70 83 84 296.17 0.040 
70 71 84 85 119.56 0.040 
71 72 85 86 143.93 0.040 
72 73 86 87 184.99 0.040 
73 74 87 88 262.73 0.040 
74 75 88 89 311.27 0.040 
75 76 89 90 396.73 0.040 
76 77 90 91 452.72 0.040 
77 78 91 92 458.69 0.040 
78 79 92 93 649.67 0.040 
79 80 93 94 1107.90 0.040 
80 81 94 95 524.62 0.040 
81 82 95 96 265.41 0.040 
82 83 96 97 216.31 0.040 
83 84 97 98 383.46 0.040 
84 85 98 99 330.00 0.040 
85 86 99 100 309.34 0.040 
86 87 100 101 232.14 0.040 
87 88 101 102 476.07 0.040 
88 89 102 103 385.81 0.040 
89 90 103 104 438.96 0.040 
90 91 104 105 506.90 0.040 
91 92 105 106 647.32 0.040 
92 93 106 107 1078.10 0.040 
93 94 107 108 1220.20 0.040 
94 95 108 109 809.33 0.040 
95 96 109 110 567.99 0.040 
96 97 110 111 463.00 0.040 
97 98 111 112 1049.90 0.040 
98 99 112 113 849.48 0.040 
99 100 113 114 644.63 0.040 
100 101 114 115 360.12 0.040 
101 102 115 116 432.84 0.040 
102 103 116 117 440.62 0.040 
103 104 117 118 212.33 0.040 
104 105 118 119 142.15 0.040 
105 106 119 120 219.89 0.040 
106 107 120 121 270.83 0.040 
107 108 121 122 314.52 0.040 
108 109 122 123 326.30 0.040 
109 110 123 124 341.58 0.040 
110 111 124 125 404.98 0.040 
111 112 125 126 447.36 0.040 
112 113 126 127 341.95 0.040 
113 114 127 128 512.84 0.040 
114 115 128 129 378.62 0.040 
115 116 129 130 264.75 0.040 
116 117 130 131 246.73 0.040 
117 118 131 132 86.63 0.040 
118 119 132 133 82.33 0.040 
119 120 133 134 354.92 0.040 
120 121 134 135 297.66 0.040 
121 122 135 136 360.40 0.040 
122 123 136 137 630.36 0.040 
123 124 137 138 892.32 0.040 
124 125 138 139 842.08 0.040 
125 126 139 140 758.35 0.040 
126 127 140 141 451.51 0.040 
127 128 141 142 899.01 0.040 
128 129 142 143 533.81 0.040 
129 130 143 144 667.84 0.040 
130 131 144 145 682.15 0.040 
131 132 145 146 361.01 0.040 
132 133 146 147 315.49 0.040 
133 134 147 148 506.36 0.040 
134 135 148 149 524.16 0.040 
135 136 149 150 385.66 0.040 
136 137 150 151 545.14 0.040 
137 138 151 152 906.52 0.040 
138 139 152 153 800.19 0.040 
139 140 153 154 581.97 0.040 
140 141 154 155 392.37 0.040 
141 142 155 156 835.65 0.040 
142 143 156 157 581.27 0.040 
143 144 157 158 989.78 0.040 
144 145 158 159 1693.10 0.040 
145 146 159 160 876.65 0.040 
146 147 160 161 461.23 0.040 
147 148 161 162 326.01 0.040 
148 149 162 163 418.29 0.040 
149 150 163 164 304.25 0.040 
150 151 164 165 346.01 0.040 
151 152 165 166 522.33 0.040 
152 153 166 167 619.73 0.040 
153 154 167 168 426.85 0.040 
2 1 16 17 418.82 0.040 
3 2 17 18 301.73 0.040 
4 3 18 19 586.96 0.040 
5 4 19 20 684.59 0.040 
6 5 20 21 234.40 0.040 
7 6 21 22 200.59 0.040 
8 7 22 23 460.39 0.040 
9 8 23 24 351.77 0.040 
10 9 24 25 514.93 0.040 
11 10 25 26 571.39 0.040 
12 11 26 27 1018.90 0.040 
13 12 27 28 902.80 0.040 
14 13 28 29 457.52 0.040 
15 14 29 30 479.74 0.040 
16 15 30 31 1048.70 0.040 
17 16 31 32 935.37 0.040 
18 17 32 33 814.42 0.040 
19 18 33 34 747.18 0.040 
20 19 34 35 791.36 0.040 
21 20 35 36 361.01 0.040 
22 21 36 37 325.23 0.040 
23 22 37 38 583.92 0.040 
24 23 38 39 452.87 0.040 
25 24 39 40 537.69 0.040 
26 25 40 41 557.78 0.040 
25 26 40 41 554.92 0.040 
27 26 41 42 421.91 0.040 
26 27 41 42 424.19 0.040 
28 27 42 43 647.63 0.040 
27 28 42 43 646.29 0.040 
28 29 43 44 806.21 0.040 
29 28 43 44 805.71 0.040 
30 29 44 45 502.41 0.040 
29 30 44 45 500.31 0.040 
31 30 45 46 520.89 0.040 
30 31 45 46 519.75 0.040 
32 31 46 47 493.64 0.040 
31 32 46 47 492.00 0.040 
33 32 47 48 645.13 0.040 
32 33 47 48 647.59 0.040 
33 34 48 49 477.00 0.040 
34 35 49 50 566.03 0.040 
35 36 50 51 565.99 0.040 
36 37 51 52 468.34 0.040 
37 38 52 53 551.60 0.040 
38 39 53 54 660.35 0.040 
39 40 54 55 677.42 0.040 
40 41 55 56 579.11 0.040 
41 42 56 57 359.86 0.040 
43 44 58 59 866.22 0.040 
44 45 59 60 479.87 0.040 
45 46 60 61 396.97 0.040 
46 47 61 62 338.97 0.040 
47 48 62 63 379.25 0.040 
48 49 63 64 352.50 0.040 
50 51 65 66 350.23 0.040 
51 52 66 67 338.48 0.040 
52 53 67 68 375.57 0.040 
53 54 68 69 501.99 0.040 
54 55 69 70 734.37 0.040 
57 58 72 73 222.67 0.040 
58 59 73 74 442.56 0.040 
59 60 74 75 614.97 0.040 
61 62 76 77 648.19 0.040 
62 63 77 78 494.98 0.040 
63 64 78 79 629.69 0.040 
65 66 80 81 448.40 0.040 
66 67 81 82 275.92 0.040 
67 68 82 83 290.37 0.040 
68 69 83 84 270.93 0.040 
69 70 84 85 194.37 0.040 
70 71 85 86 152.81 0.040 
71 72 86 87 135.61 0.040 
72 73 87 88 208.23 0.040 
73 74 88 89 291.71 0.040 
74 75 89 90 340.79 0.040 
75 76 90 91 515.85 0.040 
76 77 91 92 543.48 0.040 
77 78 92 93 781.46 0.040 
78 79 93 94 884.05 0.040 
79 80 94 95 833.08 0.040 
80 81 95 96 365.30 0.040 
81 82 96 97 206.32 0.040 
82 83 97 98 455.77 0.040 
83 84 98 99 503.08 0.040 
84 85 99 100 219.64 0.040 
85 86 100 101 252.74 0.040 
86 87 101 102 422.15 0.040 
87 88 102 103 419.28 0.040 
88 89 103 104 428.10 0.040 
89 90 104 105 414.71 0.040 
90 91 105 106 560.17 0.040 
91 92 106 107 761.20 0.040 
92 93 107 108 1056.80 0.040 
93 94 108 109 1305.40 0.040 
94 95 109 110 872.34 0.040 
95 96 110 111 691.62 0.040 
96 97 111 112 493.21 0.040 
97 98 112 113 778.35 0.040 
98 99 113 114 1116.30 0.040 
99 100 114 115 500.94 0.040 
100 101 115 116 265.01 0.040 
101 102 116 117 559.46 0.040 
102 103 117 118 205.83 0.040 
103 104 118 119 176.05 0.040 
104 105 119 120 240.61 0.040 
105 106 120 121 240.87 0.040 
106 107 121 122 371.23 0.040 
107 108 122 123 385.47 0.040 
108 109 123 124 390.93 0.040 
109 110 124 125 392.99 0.040 
110 111 125 126 497.61 0.040 
111 112 126 127 509.13 0.040 
112 113 127 128 410.33 0.040 
113 114 128 129 531.46 0.040 
114 115 129 130 352.82 0.040 
115 116 130 131 214.20 0.040 
116 117 131 132 182.38 0.040 
117 118 132 133 86.83 0.040 
118 119 133 134 161.46 0.040 
119 120 134 135 292.64 0.040 
120 121 135 136 270.45 0.040 
121 122 136 137 603.87 0.040 
122 123 137 138 873.90 0.040 
123 124 138 139 875.02 0.040 
124 125 139 140 726.89 0.040 
125 126 140 141 467.46 0.040 
126 127 141 142 872.27 0.040 
127 128 142 143 607.21 0.040 
128 129 143 144 803.85 0.040 
129 130 144 145 910.83 0.040 
130 131 145 146 563.27 0.040 
131 132 146 147 334.75 0.040 
132 133 147 148 271.24 0.040 
133 134 148 149 600.63 0.040 
134 135 149 150 432.64 0.040 
135 136 150 151 357.53 0.040 
136 137 151 152 719.44 0.040 
137 138 152 153 961.59 0.040 
138 139 153 154 770.82 0.040 
139 140 154 155 567.66 0.040 
140 141 155 156 441.28 0.040 
141 142 156 157 989.85 0.040 
142 143 157 158 673.64 0.040 
143 144 158 159 1491.10 0.040 
144 145 159 160 1202.10 0.040 
145 146 160 161 547.67 0.040 
146 147 161 162 405.78 0.040 
147 148 162 163 401.79 0.040 
148 149 163 164 390.82 0.040 
149 150 164 165 380.55 0.040 
150 151 165 166 414.56 0.040 
151 152 166 167 605.97 0.040 
152 153 167 168 514.78 0.040 
2 1 17 18 303.41 0.040 
3 2 18 19 351.55 0.040 
4 3 19 20 642.34 0.040 
5 4 20 21 327.86 0.040 
6 5 21 22 228.31 0.040 
7 6 22 23 374.56 0.040 
8 7 23 24 315.00 0.040 
9 8 24 25 519.79 0.040 
10 9 25 26 423.31 0.040 
11 10 26 27 674.70 0.040 
12 11 27 28 978.54 0.040 
13 12 28 29 884.00 0.040 
14 13 29 30 473.05 0.040 
15 14 30 31 525.69 0.040 
16 15 31 32 1050.00 0.040 
17 16 32 33 1102.40 0.040 
18 17 33 34 718.54 0.040 
19 18 34 35 791.01 0.040 
20 19 35 36 782.39 0.040 
21 20 36 37 360.75 0.040 
22 21 37 38 330.63 0.040 
23 22 38 39 648.53 0.040 
24 23 39 40 357.02 0.040 
25 24 40 41 700.37 0.040 
25 26 41 42 412.06 0.040 
26 25 41 42 406.89 0.040 
27 26 42 43 694.48 0.040 
26 27 42 43 692.73 0.040 
27 28 43 44 886.16 0.040 
28 27 43 44 884.76 0.040 
28 29 44 45 530.81 0.040 
29 28 44 45 529.77 0.040 
30 29 45 46 517.27 0.040 
29 30 45 46 516.59 0.040 
31 30 46 47 524.11 0.040 
30 31 46 47 526.20 0.040 
32 31 47 48 603.58 0.040 
31 32 47 48 603.06 0.040 
32 33 48 49 593.40 0.040 
33 34 49 50 557.25 0.040 
34 35 50 51 579.73 0.040 
35 36 51 52 487.90 0.040 
36 37 52 53 582.30 0.040 
37 38 53 54 643.12 0.040 
38 39 54 55 919.47 0.040 
39 40 55 56 474.38 0.040 
40 41 56 57 541.72 0.040 
42 43 58 59 740.58 0.040 
43 44 59 60 843.79 0.040 
44 45 60 61 432.45 0.040 
45 46 61 62 374.51 0.040 
46 47 62 63 341.97 0.040 
47 48 63 64 469.48 0.040 
50 51 66 67 396.60 0.040 
51 52 67 68 351.57 0.040 
52 53 68 69 454.33 0.040 
53 54 69 70 655.13 0.040 
56 57 72 73 270.34 0.040 
57 58 73 74 341.02 0.040 
58 59 74 75 528.88 0.040 
59 60 75 76 898.49 0.040 
61 62 77 78 565.90 0.040 
62 63 78 79 490.67 0.040 
65 66 81 82 331.46 0.040 
66 67 82 83 307.83 0.040 
67 68 83 84 260.16 0.040 
68 69 84 85 183.68 0.040 
69 70 85 86 270.33 0.040 
70 71 86 87 160.80 0.040 
71 72 87 88 159.34 0.040 
72 73 88 89 224.43 0.040 
73 74 89 90 320.77 0.040 
74 75 90 91 446.80 0.040 
75 76 91 92 635.03 0.040 
76 77 92 93 896.55 0.040 
77 78 93 94 1061.30 0.040 
78 79 94 95 662.55 0.040 
79 80 95 96 589.43 0.040 
80 81 96 97 280.69 0.040 
81 82 97 98 479.74 0.040 
82 83 98 99 602.52 0.040 
83 84 99 100 326.44 0.040 
84 85 100 101 180.88 0.040 
85 86 101 102 444.87 0.040 
86 87 102 103 361.23 0.040 
87 88 103 104 467.99 0.040 
88 89 104 105 397.30 0.040 
89 90 105 106 459.03 0.040 
90 91 106 107 655.95 0.040 
91 92 107 108 736.27 0.040 
92 93 108 109 1100.60 0.040 
93 94 109 110 1396.00 0.040 
94 95 110 111 1054.20 0.040 
95 96 111 112 715.27 0.040 
96 97 112 113 352.36 0.040 
97 98 113 114 1006.60 0.040 
98 99 114 115 848.62 0.040 
99 100 115 116 364.52 0.040 
100 101 116 117 343.18 0.040 
101 102 117 118 266.67 0.040 
102 103 118 119 174.51 0.040 
103 104 119 120 304.28 0.040 
104 105 120 121 259.70 0.040 
105 106 121 122 363.01 0.040 
106 107 122 123 456.33 0.040 
107 108 123 124 458.20 0.040 
108 109 124 125 447.15 0.040 
109 110 125 126 479.92 0.040 
110 111 126 127 564.05 0.040 
111 112 127 128 608.56 0.040 
112 113 128 129 413.43 0.040 
113 114 129 130 508.59 0.040 
114 115 130 131 283.10 0.040 
115 116 131 132 159.05 0.040 
116 117 132 133 184.95 0.040 
117 118 133 134 168.14 0.040 
118 119 134 135 134.97 0.040 
119 120 135 136 264.90 0.040 
120 121 136 137 452.79 0.040 
121 122 137 138 817.24 0.040 
122 123 138 139 854.52 0.040 
123 124 139 140 748.26 0.040 
124 125 140 141 453.20 0.040 
125 126 141 142 928.45 0.040 
126 127 142 143 586.07 0.040 
127 128 143 144 938.01 0.040 
128 129 144 145 1152.10 0.040 
129 130 145 146 792.32 0.040 
130 131 146 147 521.33 0.040 
131 132 147 148 288.48 0.040 
132 133 148 149 326.41 0.040 
133 134 149 150 496.03 0.040 
134 135 150 151 392.99 0.040 
135 136 151 152 469.93 0.040 
136 137 152 153 759.95 0.040 
137 138 153 154 923.91 0.040 
138 139 154 155 764.52 0.040 
139 140 155 156 633.13 0.040 
140 141 156 157 522.61 0.040 
141 142 157 158 1137.30 0.040 
142 143 158 159 1035.90 0.040 
143 144 159 160 1057.30 0.040 
144 145 160 161 780.68 0.040 
145 146 161 162 488.27 0.040 
146 147 162 163 498.79 0.040 
147 148 163 164 374.68 0.040 
148 149 164 165 496.13 0.040 
149 150 165 166 461.89 0.040 
150 151 166 167 468.03 0.040 
151 152 167 168 494.62 0.040 
2 1 18 19 358.95 0.040 
3 2 19 20 392.06 0.040 
4 3 20 21 305.35 0.040 
5 4 21 22 311.50 0.040 
6 5 22 23 427.08 0.040 
7 6 23 24 262.29 0.040 
8 7 24 25 480.19 0.040 
9 8 25 26 455.88 0.040 
10 9 26 27 483.47 0.040 
11 10 27 28 642.69 0.040 
12 11 28 29 949.81 0.040 
13 12 29 30 919.86 0.040 
14 13 30 31 519.90 0.040 
15 14 31 32 521.50 0.040 
16 15 32 33 1222.80 0.040 
17 16 33 34 967.61 0.040 
18 17 34 35 752.63 0.040 
19 18 35 36 791.35 0.040 
20 19 36 37 795.51 0.040 
22 21 38 39 337.02 0.040 
23 22 39 40 513.32 0.040 
24 23 40 41 464.34 0.040 
25 24 41 42 495.76 0.040 
26 25 42 43 671.81 0.040 
25 26 42 43 671.73 0.040 
27 26 43 44 960.30 0.040 
26 27 43 44 957.03 0.040 
28 27 44 45 580.99 0.040 
27 28 44 45 583.42 0.040 
29 28 45 46 543.80 0.040 
28 29 45 46 544.11 0.040 
30 29 46 47 524.58 0.040 
29 30 46 47 520.76 0.040 
31 30 47 48 651.98 0.040 
30 31 47 48 650.11 0.040 
31 32 48 49 529.65 0.040 
32 33 49 50 669.77 0.040 
33 34 50 51 570.04 0.040 
34 35 51 52 491.12 0.040 
35 36 52 53 602.03 0.040 
36 37 53 54 684.85 0.040 
37 38 54 55 895.48 0.040 
38 39 55 56 641.46 0.040 
39 40 56 57 447.08 0.040 
41 42 58 59 394.60 0.040 
42 43 59 60 718.59 0.040 
43 44 60 61 763.19 0.040 
44 45 61 62 407.30 0.040 
45 46 62 63 379.01 0.040 
46 47 63 64 418.41 0.040 
47 48 64 65 246.76 0.040 
48 49 65 66 214.35 0.040 
50 51 67 68 407.17 0.040 
51 52 68 69 412.51 0.040 
52 53 69 70 587.35 0.040 
55 56 72 73 282.35 0.040 
57 58 74 75 420.01 0.040 
58 59 75 76 769.82 0.040 
59 60 76 77 887.01 0.040 
61 62 78 79 577.90 0.040 
62 63 79 80 727.40 0.040 
65 66 82 83 364.95 0.040 
66 67 83 84 269.77 0.040 
67 68 84 85 174.95 0.040 
68 69 85 86 253.15 0.040 
69 70 86 87 260.97 0.040 
70 71 87 88 166.64 0.040 
71 72 88 89 162.20 0.040 
72 73 89 90 248.83 0.040 
73 74 90 91 422.38 0.040 
74 75 91 92 523.16 0.040 
75 76 92 93 1030.40 0.040 
76 77 93 94 1232.30 0.040 
77 78 94 95 803.71 0.040 
78 79 95 96 499.84 0.040 
79 80 96 97 446.40 0.040 
80 81 97 98 663.05 0.040 
81 82 98 99 616.69 0.040 
82 83 99 100 422.83 0.040 
83 84 100 101 261.58 0.040 
84 85 101 102 317.55 0.040 
85 86 102 103 388.40 0.040 
86 87 103 104 400.61 0.040 
87 88 104 105 432.67 0.040 
88 89 105 106 441.11 0.040 
89 90 106 107 536.44 0.040 
90 91 107 108 623.71 0.040 
91 92 108 109 772.51 0.040 
92 93 109 110 1166.90 0.040 
93 94 110 111 1680.70 0.040 
94 95 111 112 1099.20 0.040 
95 96 112 113 517.62 0.040 
96 97 113 114 476.93 0.040 
97 98 114 115 762.85 0.040 
98 99 115 116 618.85 0.040 
99 100 116 117 471.59 0.040 
100 101 117 118 161.37 0.040 
101 102 118 119 227.73 0.040 
102 103 119 120 313.87 0.040 
103 104 120 121 326.51 0.040 
104 105 121 122 385.04 0.040 
105 106 122 123 445.35 0.040 
106 107 123 124 543.67 0.040 
107 108 124 125 516.73 0.040 
108 109 125 126 543.73 0.040 
109 110 126 127 538.79 0.040 
110 111 127 128 672.52 0.040 
111 112 128 129 633.48 0.040 
112 113 129 130 409.50 0.040 
113 114 130 131 410.76 0.040 
114 115 131 132 203.75 0.040 
115 116 132 133 162.52 0.040 
116 117 133 134 347.68 0.040 
117 118 134 135 144.11 0.040 
118 119 135 136 120.32 0.040 
119 120 136 137 443.59 0.040 
120 121 137 138 623.60 0.040 
121 122 138 139 807.42 0.040 
122 123 139 140 725.99 0.040 
123 124 140 141 467.40 0.040 
124 125 141 142 869.85 0.040 
125 126 142 143 629.96 0.040 
126 127 143 144 907.77 0.040 
127 128 144 145 1278.70 0.040 
128 129 145 146 964.47 0.040 
129 130 146 147 727.69 0.040 
130 131 147 148 446.88 0.040 
131 132 148 149 339.72 0.040 
132 133 149 150 266.42 0.040 
133 134 150 151 456.16 0.040 
134 135 151 152 512.51 0.040 
135 136 152 153 492.11 0.040 
136 137 153 154 731.45 0.040 
137 138 154 155 903.39 0.040 
138 139 155 156 844.72 0.040 
139 140 156 157 758.05 0.040 
140 141 157 158 590.39 0.040 
141 142 158 159 1725.90 0.040 
142 143 159 160 726.14 0.040 
143 144 160 161 672.90 0.040 
144 145 161 162 683.61 0.040 
145 146 162 163 607.76 0.040 
146 147 163 164 458.08 0.040 
147 148 164 165 465.86 0.040 
148 149 165 166 604.16 0.040 
149 150 166 167 521.00 0.040 
150 151 167 168 394.85 0.040 
2 1 19 20 414.05 0.040 
3 2 20 21 196.19 0.040 
4 3 21 22 290.86 0.040 
5 4 22 23 615.62 0.040 
6 5 23 24 307.62 0.040 
7 6 24 25 408.24 0.040 
8 7 25 26 431.39 0.040 
9 8 26 27 514.95 0.040 
10 9 27 28 473.63 0.040 
11 10 28 29 609.36 0.040 
12 11 29 30 980.99 0.040 
13 12 30 31 992.24 0.040 
14 13 31 32 515.78 0.040 
15 14 32 33 602.62 0.040 
16 15 33 34 1066.20 0.040 
17 16 34 35 1006.80 0.040 
18 17 35 36 739.64 0.040 
19 18 36 37 788.09 0.040 
20 19 37 38 785.38 0.040 
21 20 38 39 370.40 0.040 
22 21 39 40 257.68 0.040 
23 22 40 41 648.88 0.040 
24 23 41 42 325.87 0.040 
25 24 42 43 804.24 0.040 
26 25 43 44 931.73 0.040 
25 26 43 44 923.70 0.040 
27 26 44 45 629.79 0.040 
26 27 44 45 627.34 0.040 
28 27 45 46 594.57 0.040 
27 28 45 46 592.88 0.040 
29 28 46 47 542.68 0.040 
28 29 46 47 544.09 0.040 
30 29 47 48 622.56 0.040 
29 30 47 48 626.00 0.040 
30 31 48 49 550.52 0.040 
31 32 49 50 609.70 0.040 
32 33 50 51 685.35 0.040 
33 34 51 52 474.34 0.040 
34 35 52 53 611.21 0.040 
35 36 53 54 707.50 0.040 
36 37 54 55 938.80 0.040 
37 38 55 56 619.88 0.040 
38 39 56 57 609.27 0.040 
40 41 58 59 588.23 0.040 
41 42 59 60 379.33 0.040 
42 43 60 61 652.44 0.040 
43 44 61 62 718.94 0.040 
44 45 62 63 411.52 0.040 
45 46 63 64 462.68 0.040 
46 47 64 65 225.19 0.040 
47 48 65 66 273.64 0.040 
50 51 68 69 495.30 0.040 
51 52 69 70 525.84 0.040 
54 55 72 73 371.14 0.040 
55 56 73 74 426.20 0.040 
57 58 75 76 596.88 0.040 
58 59 76 77 759.24 0.040 
59 60 77 78 808.03 0.040 
61 62 79 80 844.71 0.040 
62 63 80 81 521.89 0.040 
66 67 84 85 178.91 0.040 
67 68 85 86 239.67 0.040 
68 69 86 87 248.96 0.040 
69 70 87 88 301.01 0.040 
70 71 88 89 197.53 0.040 
71 72 89 90 185.07 0.040 
72 73 90 91 322.82 0.040 
73 74 91 92 497.61 0.040 
74 75 92 93 893.35 0.040 
75 76 93 94 1430.20 0.040 
76 77 94 95 913.38 0.040 
77 78 95 96 552.72 0.040 
78 79 96 97 383.03 0.040 
79 80 97 98 1075.90 0.040 
80 81 98 99 857.39 0.040 
81 82 99 100 416.93 0.040 
82 83 100 101 341.79 0.040 
83 84 101 102 473.69 0.040 
84 85 102 103 274.23 0.040 
85 86 103 104 442.73 0.040 
86 87 104 105 373.80 0.040 
87 88 105 106 482.86 0.040 
88 89 106 107 508.71 0.040 
89 90 107 108 519.00 0.040 
90 91 108 109 662.11 0.040 
91 92 109 110 823.96 0.040 
92 93 110 111 1408.40 0.040 
93 94 111 112 1745.20 0.040 
94 95 112 113 793.84 0.040 
95 96 113 114 683.85 0.040 
96 97 114 115 366.29 0.040 
97 98 115 116 553.82 0.040 
98 99 116 117 792.43 0.040 
99 100 117 118 214.08 0.040 
100 101 118 119 135.82 0.040 
101 102 119 120 403.52 0.040 
102 103 120 121 340.97 0.040 
103 104 121 122 485.55 0.040 
104 105 122 123 470.75 0.040 
105 106 123 124 530.23 0.040 
106 107 124 125 617.53 0.040 
107 108 125 126 630.41 0.040 
108 109 126 127 608.20 0.040 
109 110 127 128 640.58 0.040 
110 111 128 129 685.57 0.040 
111 112 129 130 594.16 0.040 
112 113 130 131 332.20 0.040 
113 114 131 132 295.95 0.040 
114 115 132 133 208.80 0.040 
115 116 133 134 299.77 0.040 
116 117 134 135 296.59 0.040 
117 118 135 136 124.53 0.040 
118 119 136 137 202.73 0.040 
119 120 137 138 606.30 0.040 
120 121 138 139 596.15 0.040 
121 122 139 140 679.03 0.040 
122 123 140 141 444.67 0.040 
123 124 141 142 908.33 0.040 
124 125 142 143 589.88 0.040 
125 126 143 144 941.85 0.040 
126 127 144 145 1246.90 0.040 
127 128 145 146 1092.60 0.040 
128 129 146 147 888.46 0.040 
129 130 147 148 623.87 0.040 
130 131 148 149 523.94 0.040 
131 132 149 150 275.53 0.040 
132 133 150 151 240.48 0.040 
133 134 151 152 601.39 0.040 
134 135 152 153 540.14 0.040 
135 136 153 154 472.88 0.040 
136 137 154 155 713.72 0.040 
137 138 155 156 1003.00 0.040 
138 139 156 157 1007.20 0.040 
139 140 157 158 873.82 0.040 
140 141 158 159 874.45 0.040 
141 142 159 160 1208.30 0.040 
142 143 160 161 442.02 0.040 
143 144 161 162 574.05 0.040 
144 145 162 163 824.42 0.040 
145 146 163 164 549.60 0.040 
146 147 164 165 569.03 0.040 
147 148 165 166 566.45 0.040 
148 149 166 167 682.71 0.040 
149 150 167 168 439.80 0.040 
2 1 20 21 173.14 0.040 
3 2 21 22 195.30 0.040 
4 3 22 23 608.49 0.040 
5 4 23 24 455.87 0.040 
6 5 24 25 474.82 0.040 
7 6 25 26 367.57 0.040 
8 7 26 27 490.84 0.040 
9 8 27 28 507.75 0.040 
10 9 28 29 459.53 0.040 
11 10 29 30 618.37 0.040 
12 11 30 31 1068.20 0.040 
13 12 31 32 989.89 0.040 
14 13 32 33 595.84 0.040 
15 14 33 34 540.29 0.040 
16 15 34 35 1106.20 0.040 
17 16 35 36 984.63 0.040 
18 17 36 37 742.00 0.040 
19 18 37 38 818.75 0.040 
20 19 38 39 861.57 0.040 
21 20 39 40 279.42 0.040 
22 21 40 41 319.51 0.040 
23 22 41 42 465.42 0.040 
24 23 42 43 531.16 0.040 
25 24 43 44 1093.80 0.040 
26 25 44 45 604.11 0.040 
25 26 44 45 599.15 0.040 
26 27 45 46 638.16 0.040 
27 26 45 46 637.46 0.040 
28 27 46 47 581.74 0.040 
27 28 46 47 585.78 0.040 
29 28 47 48 665.42 0.040 
28 29 47 48 661.49 0.040 
29 30 48 49 565.84 0.040 
30 31 49 50 648.69 0.040 
31 32 50 51 624.03 0.040 
32 33 51 52 571.17 0.040 
33 34 52 53 595.33 0.040 
34 35 53 54 720.54 0.040 
35 36 54 55 959.01 0.040 
36 37 55 56 645.26 0.040 
37 38 56 57 578.97 0.040 
39 40 58 59 485.34 0.040 
40 41 59 60 571.85 0.040 
41 42 60 61 336.56 0.040 
42 43 61 62 616.39 0.040 
43 44 62 63 728.12 0.040 
44 45 63 64 500.30 0.040 
45 46 64 65 249.30 0.040 
46 47 65 66 241.97 0.040 
49 50 68 69 657.53 0.040 
50 51 69 70 655.12 0.040 
53 54 72 73 344.81 0.040 
54 55 73 74 524.97 0.040 
55 56 74 75 513.63 0.040 
57 58 76 77 584.98 0.040 
58 59 77 78 667.81 0.040 
59 60 78 79 774.62 0.040 
61 62 80 81 593.09 0.040 
62 63 81 82 379.52 0.040 
66 67 85 86 253.32 0.040 
67 68 86 87 241.68 0.040 
68 69 87 88 279.91 0.040 
69 70 88 89 312.10 0.040 
70 71 89 90 207.92 0.040 
71 72 90 91 233.42 0.040 
72 73 91 92 386.42 0.040 
73 74 92 93 821.07 0.040 
74 75 93 94 1178.60 0.040 
75 76 94 95 1049.20 0.040 
76 77 95 96 658.42 0.040 
77 78 96 97 414.88 0.040 
78 79 97 98 874.13 0.040 
79 80 98 99 1386.30 0.040 
80 81 99 100 570.68 0.040 
81 82 100 101 329.63 0.040 
82 83 101 102 592.27 0.040 
83 84 102 103 398.37 0.040 
84 85 103 104 310.30 0.040 
85 86 104 105 411.12 0.040 
86 87 105 106 411.39 0.040 
87 88 106 107 552.17 0.040 
88 89 107 108 484.09 0.040 
89 90 108 109 544.97 0.040 
90 91 109 110 694.91 0.040 
91 92 110 111 979.83 0.040 
92 93 111 112 1446.00 0.040 
93 94 112 113 1255.50 0.040 
94 95 113 114 1039.80 0.040 
95 96 114 115 510.15 0.040 
96 97 115 116 260.42 0.040 
97 98 116 117 696.93 0.040 
98 99 117 118 385.88 0.040 
99 100 118 119 174.76 0.040 
100 101 119 120 239.89 0.040 
101 102 120 121 429.59 0.040 
102 103 121 122 495.01 0.040 
103 104 122 123 592.49 0.040 
104 105 123 124 559.36 0.040 
105 106 124 125 604.39 0.040 
106 107 125 126 743.29 0.040 
107 108 126 127 708.58 0.040 
108 109 127 128 720.44 0.040 
109 110 128 129 647.79 0.040 
110 111 129 130 653.25 0.040 
111 112 130 131 473.38 0.040 
112 113 131 132 246.46 0.040 
113 114 132 133 293.65 0.040 
114 115 133 134 392.62 0.040 
115 116 134 135 257.36 0.040 
116 117 135 136 263.44 0.040 
117 118 136 137 214.70 0.040 
118 119 137 138 281.79 0.040 
119 120 138 139 580.41 0.040 
120 121 139 140 504.13 0.040 
121 122 140 141 421.62 0.040 
122 123 141 142 875.24 0.040 
123 124 142 143 596.20 0.040 
124 125 143 144 912.58 0.040 
125 126 144 145 1329.40 0.040 
126 127 145 146 1056.30 0.040 
127 128 146 147 1007.20 0.040 
128 129 147 148 763.32 0.040 
129 130 148 149 722.18 0.040 
130 131 149 150 431.37 0.040 
131 132 150 151 256.29 0.040 
132 133 151 152 317.31 0.040 
133 134 152 153 634.27 0.040 
134 135 153 154 523.04 0.040 
135 136 154 155 476.87 0.040 
136 137 155 156 790.76 0.040 
137 138 156 157 1200.30 0.040 
138 139 157 158 1166.40 0.040 
139 140 158 159 1338.30 0.040 
140 141 159 160 613.30 0.040 
141 142 160 161 734.27 0.040 
142 143 161 162 419.89 0.040 
143 144 162 163 698.15 0.040 
144 145 163 164 759.34 0.040 
145 146 164 165 667.55 0.040 
146 147 165 166 746.04 0.040 
147 148 166 167 649.93 0.040 
148 149 167 168 591.96 0.040 
3 2 22 23 388.15 0.040 
4 3 23 24 470.87 0.040 
5 4 24 25 677.85 0.040 
6 5 25 26 432.70 0.040 
7 6 26 27 419.51 0.040 
8 7 27 28 479.13 0.040 
9 8 28 29 494.98 0.040 
10 9 29 30 470.80 0.040 
11 10 30 31 674.37 0.040 
12 11 31 32 1047.80 0.040 
13 12 32 33 1168.60 0.040 
14 13 33 34 517.02 0.040 
15 14 34 35 558.47 0.040 
16 15 35 36 1074.70 0.040 
17 16 36 37 983.52 0.040 
18 17 37 38 749.78 0.040 
19 18 38 39 810.44 0.040 
20 19 39 40 670.91 0.040 
21 20 40 41 352.76 0.040 
22 21 41 42 226.67 0.040 
23 22 42 43 774.19 0.040 
24 23 43 44 720.76 0.040 
25 24 44 45 713.41 0.040 
25 26 45 46 609.74 0.040 
26 25 45 46 608.93 0.040 
26 27 46 47 635.77 0.040 
27 26 46 47 634.65 0.040 
28 27 47 48 725.88 0.040 
27 28 47 48 721.30 0.040 
28 29 48 49 561.89 0.040 
29 30 49 50 629.78 0.040 
30 31 50 51 655.92 0.040 
31 32 51 52 520.84 0.040 
32 33 52 53 718.07 0.040 
33 34 53 54 700.12 0.040 
34 35 54 55 983.70 0.040 
35 36 55 56 663.29 0.040 
36 37 56 57 611.60 0.040 
38 39 58 59 658.71 0.040 
39 40 59 60 466.87 0.040 
40 41 60 61 507.86 0.040 
41 42 61 62 316.40 0.040 
42 43 62 63 623.67 0.040 
44 45 64 65 271.56 0.040 
45 46 65 66 268.94 0.040 
49 50 69 70 778.89 0.040 
51 52 71 72 350.27 0.040 
52 53 72 73 359.83 0.040 
53 54 73 74 526.43 0.040 
54 55 74 75 618.72 0.040 
55 56 75 76 726.59 0.040 
57 58 77 78 534.64 0.040 
58 59 78 79 662.62 0.040 
59 60 79 80 1138.20 0.040 
61 62 81 82 433.45 0.040 
62 63 82 83 418.24 0.040 
65 66 85 86 299.98 0.040 
66 67 86 87 243.94 0.040 
67 68 87 88 267.51 0.040 
68 69 88 89 299.06 0.040 
69 70 89 90 350.75 0.040 
70 71 90 91 277.30 0.040 
71 72 91 92 294.69 0.040 
72 73 92 93 636.46 0.040 
73 74 93 94 1104.70 0.040 
74 75 94 95 875.36 0.040 
75 76 95 96 719.23 0.040 
76 77 96 97 494.57 0.040 
77 78 97 98 939.69 0.040 
78 79 98 99 1102.60 0.040 
79 80 99 100 901.95 0.040 
80 81 100 101 459.10 0.040 
81 82 101 102 585.08 0.040 
82 83 102 103 501.91 0.040 
83 84 103 104 445.02 0.040 
84 85 104 105 286.48 0.040 
85 86 105 106 457.34 0.040 
86 87 106 107 471.60 0.040 
87 88 107 108 534.02 0.040 
88 89 108 109 500.70 0.040 
89 90 109 110 568.32 0.040 
90 91 110 111 836.72 0.040 
91 92 111 112 1003.90 0.040 
92 93 112 113 1030.00 0.040 
93 94 113 114 1636.90 0.040 
94 95 114 115 799.96 0.040 
95 96 115 116 371.21 0.040 
96 97 116 117 345.46 0.040 
97 98 117 118 324.77 0.040 
98 99 118 119 335.29 0.040 
100 101 120 121 245.01 0.040 
101 102 121 122 630.08 0.040 
102 103 122 123 598.97 0.040 
103 104 123 124 700.96 0.040 
104 105 124 125 634.86 0.040 
105 106 125 126 729.54 0.040 
106 107 126 127 827.41 0.040 
107 108 127 128 836.87 0.040 
108 109 128 129 728.41 0.040 
109 110 129 130 626.56 0.040 
110 111 130 131 523.81 0.040 
111 112 131 132 341.15 0.040 
112 113 132 133 241.54 0.040 
113 114 133 134 556.22 0.040 
114 115 134 135 343.07 0.040 
115 116 135 136 226.92 0.040 
116 117 136 137 449.47 0.040 
117 118 137 138 298.70 0.040 
118 119 138 139 269.05 0.040 
119 120 139 140 486.75 0.040 
120 121 140 141 320.71 0.040 
121 122 141 142 835.84 0.040 
122 123 142 143 573.59 0.040 
123 124 143 144 924.55 0.040 
124 125 144 145 1189.10 0.040 
125 126 145 146 1097.70 0.040 
126 127 146 147 964.21 0.040 
127 128 147 148 853.77 0.040 
128 129 148 149 894.20 0.040 
129 130 149 150 593.01 0.040 
130 131 150 151 406.23 0.040 
131 132 151 152 345.28 0.040 
132 133 152 153 338.19 0.040 
133 134 153 154 613.45 0.040 
134 135 154 155 486.69 0.040 
135 136 155 156 515.96 0.040 
136 137 156 157 941.17 0.040 
137 138 157 158 1379.40 0.040 
138 139 158 159 1777.70 0.040 
139 140 159 160 929.28 0.040 
140 141 160 161 385.88 0.040 
141 142 161 162 658.67 0.040 
142 143 162 163 497.07 0.040 
143 144 163 164 643.39 0.040 
144 145 164 165 921.34 0.040 
145 146 165 166 742.08 0.040 
146 147 166 167 833.26 0.040 
147 148 167 168 587.50 0.040 
3 2 23 24 220.82 0.040 
5 4 25 26 621.06 0.040 
6 5 26 27 495.56 0.040 
7 6 27 28 400.10 0.040 
8 7 28 29 471.48 0.040 
9 8 29 30 513.25 0.040 
10 9 30 31 512.77 0.040 
11 10 31 32 664.22 0.040 
12 11 32 33 1202.90 0.040 
13 12 33 34 994.86 0.040 
14 13 34 35 544.62 0.040 
15 14 35 36 550.40 0.040 
16 15 36 37 1082.10 0.040 
17 16 37 38 1017.20 0.040 
18 17 38 39 790.38 0.040 
19 18 39 40 620.65 0.040 
20 19 40 41 844.77 0.040 
21 20 41 42 235.74 0.040 
22 21 42 43 418.83 0.040 
23 22 43 44 1043.80 0.040 
24 23 44 45 469.92 0.040 
25 24 45 46 719.69 0.040 
26 25 46 47 606.64 0.040 
25 26 46 47 605.01 0.040 
26 27 47 48 753.25 0.040 
27 26 47 48 747.30 0.040 
27 28 48 49 588.42 0.040 
28 29 49 50 650.55 0.040 
29 30 50 51 641.33 0.040 
30 31 51 52 544.28 0.040 
31 32 52 53 653.15 0.040 
32 33 53 54 839.47 0.040 
33 34 54 55 960.49 0.040 
34 35 55 56 673.65 0.040 
35 36 56 57 625.23 0.040 
37 38 58 59 629.54 0.040 
38 39 59 60 627.22 0.040 
39 40 60 61 415.79 0.040 
40 41 61 62 474.74 0.040 
41 42 62 63 319.48 0.040 
43 44 64 65 485.03 0.040 
44 45 65 66 289.77 0.040 
49 50 70 71 436.48 0.040 
50 51 71 72 418.57 0.040 
51 52 72 73 349.29 0.040 
52 53 73 74 528.89 0.040 
53 54 74 75 619.68 0.040 
54 55 75 76 896.59 0.040 
55 56 76 77 712.93 0.040 
57 58 78 79 512.81 0.040 
58 59 79 80 958.75 0.040 
59 60 80 81 817.73 0.040 
61 62 82 83 469.03 0.040 
62 63 83 84 364.03 0.040 
66 67 87 88 277.16 0.040 
67 68 88 89 289.48 0.040 
68 69 89 90 326.96 0.040 
69 70 90 91 448.70 0.040 
70 71 91 92 306.41 0.040 
71 72 92 93 473.76 0.040 
72 73 93 94 853.63 0.040 
73 74 94 95 806.22 0.040 
74 75 95 96 658.48 0.040 
75 76 96 97 552.38 0.040 
76 77 97 98 1157.30 0.040 
77 78 98 99 1216.90 0.040 
78 79 99 100 742.12 0.040 
79 80 100 101 727.99 0.040 
80 81 101 102 814.81 0.040 
81 82 102 103 505.92 0.040 
82 83 103 104 587.08 0.040 
83 84 104 105 408.07 0.040 
84 85 105 106 315.03 0.040 
85 86 106 107 517.43 0.040 
86 87 107 108 436.52 0.040 
87 88 108 109 558.05 0.040 
88 89 109 110 530.47 0.040 
89 90 110 111 672.21 0.040 
90 91 111 112 843.28 0.040 
91 92 112 113 719.49 0.040 
92 93 113 114 1359.00 0.040 
93 94 114 115 1250.90 0.040 
94 95 115 116 582.02 0.040 
95 96 116 117 466.81 0.040 
97 98 118 119 274.95 0.040 
98 99 119 120 640.81 0.040 
100 101 121 122 374.21 0.040 
101 102 122 123 757.86 0.040 
102 103 123 124 707.72 0.040 
103 104 124 125 790.95 0.040 
104 105 125 126 760.40 0.040 
105 106 126 127 793.78 0.040 
106 107 127 128 975.07 0.040 
107 108 128 129 847.12 0.040 
108 109 129 130 697.27 0.040 
109 110 130 131 503.25 0.040 
110 111 131 132 379.95 0.040 
111 112 132 133 341.44 0.040 
112 113 133 134 453.00 0.040 
113 114 134 135 476.03 0.040 
114 115 135 136 293.73 0.040 
115 116 136 137 388.59 0.040 
116 117 137 138 622.47 0.040 
117 118 138 139 286.96 0.040 
118 119 139 140 223.67 0.040 
119 120 140 141 307.09 0.040 
120 121 141 142 600.23 0.040 
121 122 142 143 556.91 0.040 
122 123 143 144 882.51 0.040 
123 124 144 145 1253.50 0.040 
124 125 145 146 1019.30 0.040 
125 126 146 147 1004.80 0.040 
126 127 147 148 818.64 0.040 
127 128 148 149 1004.00 0.040 
128 129 149 150 747.31 0.040 
129 130 150 151 559.51 0.040 
130 131 151 152 541.20 0.040 
131 132 152 153 361.89 0.040 
132 133 153 154 327.32 0.040 
133 134 154 155 601.37 0.040 
134 135 155 156 558.87 0.040 
135 136 156 157 608.80 0.040 
136 137 157 158 1085.20 0.040 
137 138 158 159 2103.80 0.040 
138 139 159 160 1229.10 0.040 
139 140 160 161 573.85 0.040 
140 141 161 162 309.94 0.040 
141 142 162 163 791.04 0.040 
142 143 163 164 440.69 0.040 
143 144 164 165 794.92 0.040 
144 145 165 166 1105.30 0.040 
145 146 166 167 827.33 0.040 
146 147 167 168 700.45 0.040 
2 1 23 24 283.74 0.040 
3 2 24 25 432.58 0.040 
4 3 25 26 583.99 0.040 
5 4 26 27 722.48 0.040 
6 5 27 28 490.51 0.040 
7 6 28 29 391.91 0.040 
8 7 29 30 480.08 0.040 
9 8 30 31 553.78 0.040 
10 9 31 32 502.55 0.040 
11 10 32 33 764.02 0.040 
12 11 33 34 1047.00 0.040 
13 12 34 35 1019.10 0.040 
14 13 35 36 526.20 0.040 
15 14 36 37 541.45 0.040 
16 15 37 38 1077.40 0.040 
17 16 38 39 1049.80 0.040 
18 17 39 40 609.67 0.040 
19 18 40 41 771.73 0.040 
20 19 41 42 603.74 0.040 
21 20 42 43 436.36 0.040 
22 21 43 44 560.81 0.040 
23 22 44 45 675.99 0.040 
24 23 45 46 475.24 0.040 
25 24 46 47 705.31 0.040 
26 25 47 48 696.90 0.040 
25 26 47 48 702.25 0.040 
26 27 48 49 650.17 0.040 
27 28 49 50 695.92 0.040 
28 29 50 51 658.69 0.040 
29 30 51 52 536.08 0.040 
30 31 52 53 681.28 0.040 
31 32 53 54 766.24 0.040 
32 33 54 55 1150.90 0.040 
33 34 55 56 657.67 0.040 
34 35 56 57 640.65 0.040 
36 37 58 59 656.09 0.040 
37 38 59 60 615.68 0.040 
38 39 60 61 554.79 0.040 
39 40 61 62 391.97 0.040 
40 41 62 63 479.48 0.040 
41 42 63 64 388.46 0.040 
42 43 64 65 417.07 0.040 
43 44 65 66 505.53 0.040 
50 51 72 73 421.18 0.040 
51 52 73 74 539.16 0.040 
52 53 74 75 607.61 0.040 
53 54 75 76 882.40 0.040 
54 55 76 77 867.50 0.040 
55 56 77 78 609.27 0.040 
57 58 79 80 742.30 0.040 
58 59 80 81 669.88 0.040 
59 60 81 82 589.10 0.040 
61 62 83 84 405.00 0.040 
62 63 84 85 237.68 0.040 
66 67 88 89 288.42 0.040 
67 68 89 90 315.78 0.040 
68 69 90 91 424.46 0.040 
69 70 91 92 552.62 0.040 
70 71 92 93 500.99 0.040 
71 72 93 94 650.72 0.040 
72 73 94 95 629.05 0.040 
73 74 95 96 592.04 0.040 
74 75 96 97 496.57 0.040 
75 76 97 98 1299.40 0.040 
76 77 98 99 1468.20 0.040 
77 78 99 100 829.42 0.040 
78 79 100 101 594.15 0.040 
79 80 101 102 1285.80 0.040 
80 81 102 103 681.74 0.040 
81 82 103 104 568.09 0.040 
82 83 104 105 537.15 0.040 
83 84 105 106 437.33 0.040 
84 85 106 107 356.07 0.040 
85 86 107 108 489.23 0.040 
86 87 108 109 464.29 0.040 
87 88 109 110 573.28 0.040 
88 89 110 111 625.23 0.040 
89 90 111 112 687.01 0.040 
90 91 112 113 605.05 0.040 
91 92 113 114 928.92 0.040 
92 93 114 115 1033.20 0.040 
93 94 115 116 914.54 0.040 
94 95 116 117 728.89 0.040 
95 96 117 118 197.27 0.040 
96 97 118 119 141.19 0.040 
98 99 120 121 587.32 0.040 
99 100 121 122 547.54 0.040 
100 101 122 123 461.16 0.040 
101 102 123 124 904.53 0.040 
102 103 124 125 793.12 0.040 
103 104 125 126 949.26 0.040 
104 105 126 127 830.38 0.040 
105 106 127 128 933.95 0.040 
106 107 128 129 969.82 0.040 
107 108 129 130 782.70 0.040 
108 109 130 131 554.47 0.040 
109 110 131 132 366.16 0.040 
110 111 132 133 377.96 0.040 
111 112 133 134 642.77 0.040 
112 113 134 135 378.34 0.040 
113 114 135 136 419.42 0.040 
114 115 136 137 513.08 0.040 
115 116 137 138 528.59 0.040 
116 117 138 139 602.01 0.040 
117 118 139 140 237.90 0.040 
118 119 140 141 138.18 0.040 
119 120 141 142 587.15 0.040 
120 121 142 143 387.73 0.040 
121 122 143 144 813.20 0.040 
122 123 144 145 1205.70 0.040 
123 124 145 146 1043.90 0.040 
124 125 146 147 924.83 0.040 
125 126 147 148 849.75 0.040 
126 127 148 149 961.23 0.040 
127 128 149 150 825.03 0.040 
128 129 150 151 686.34 0.040 
129 130 151 152 757.35 0.040 
130 131 152 153 572.32 0.040 
131 132 153 154 352.02 0.040 
132 133 154 155 324.64 0.040 
133 134 155 156 669.83 0.040 
134 135 156 157 674.49 0.040 
135 136 157 158 699.81 0.040 
136 137 158 159 1650.80 0.040 
137 138 159 160 1456.30 0.040 
138 139 160 161 748.26 0.040 
139 140 161 162 505.81 0.040 
140 141 162 163 380.33 0.040 
141 142 163 164 701.16 0.040 
142 143 164 165 498.80 0.040 
143 144 165 166 952.71 0.040 
144 145 166 167 1252.50 0.040 
3 2 25 26 368.91 0.040 
4 3 26 27 690.78 0.040 
5 4 27 28 708.99 0.040 
6 5 28 29 487.81 0.040 
7 6 29 30 414.26 0.040 
8 7 30 31 516.48 0.040 
9 8 31 32 547.97 0.040 
10 9 32 33 575.84 0.040 
11 10 33 34 653.89 0.040 
12 11 34 35 1075.80 0.040 
13 12 35 36 1021.70 0.040 
14 13 36 37 523.76 0.040 
15 14 37 38 517.70 0.040 
16 15 38 39 1135.90 0.040 
17 16 39 40 773.16 0.040 
18 17 40 41 757.73 0.040 
19 18 41 42 528.83 0.040 
20 19 42 43 999.65 0.040 
21 20 43 44 580.12 0.040 
22 21 44 45 346.98 0.040 
23 22 45 46 680.47 0.040 
24 23 46 47 456.46 0.040 
25 24 47 48 845.85 0.040 
25 26 48 49 629.73 0.040 
26 27 49 50 736.60 0.040 
27 28 50 51 695.37 0.040 
28 29 51 52 548.54 0.040 
29 30 52 53 669.76 0.040 
30 31 53 54 804.20 0.040 
31 32 54 55 1042.60 0.040 
32 33 55 56 794.78 0.040 
33 34 56 57 617.40 0.040 
35 36 58 59 669.03 0.040 
36 37 59 60 623.52 0.040 
37 38 60 61 554.08 0.040 
38 39 61 62 526.41 0.040 
39 40 62 63 398.68 0.040 
41 42 64 65 205.47 0.040 
42 43 65 66 431.65 0.040 
50 51 73 74 616.57 0.040 
51 52 74 75 639.84 0.040 
52 53 75 76 874.05 0.040 
53 54 76 77 854.57 0.040 
54 55 77 78 774.69 0.040 
55 56 78 79 614.21 0.040 
57 58 80 81 523.07 0.040 
58 59 81 82 488.96 0.040 
59 60 82 83 644.37 0.040 
61 62 84 85 258.27 0.040 
62 63 85 86 334.28 0.040 
66 67 89 90 320.33 0.040 
67 68 90 91 408.58 0.040 
68 69 91 92 504.09 0.040 
69 70 92 93 893.85 0.040 
70 71 93 94 662.19 0.040 
71 72 94 95 475.87 0.040 
72 73 95 96 440.79 0.040 
73 74 96 97 461.09 0.040 
74 75 97 98 1080.60 0.040 
75 76 98 99 1650.40 0.040 
76 77 99 100 970.16 0.040 
77 78 100 101 658.17 0.040 
78 79 101 102 1015.00 0.040 
79 80 102 103 1086.90 0.040 
80 81 103 104 774.30 0.040 
81 82 104 105 522.59 0.040 
82 83 105 106 594.01 0.040 
83 84 106 107 500.35 0.040 
84 85 107 108 328.94 0.040 
85 86 108 109 507.47 0.040 
86 87 109 110 480.88 0.040 
87 88 110 111 684.25 0.040 
88 89 111 112 616.74 0.040 
89 90 112 113 491.25 0.040 
90 91 113 114 783.22 0.040 
91 92 114 115 716.60 0.040 
92 93 115 116 756.57 0.040 
93 94 116 117 1155.10 0.040 
94 95 117 118 325.49 0.040 
96 97 119 120 244.14 0.040 
98 99 121 122 921.14 0.040 
99 100 122 123 648.91 0.040 
100 101 123 124 551.05 0.040 
101 102 124 125 1006.70 0.040 
102 103 125 126 948.44 0.040 
103 104 126 127 1030.90 0.040 
104 105 127 128 975.55 0.040 
105 106 128 129 945.12 0.040 
106 107 129 130 924.07 0.040 
107 108 130 131 619.06 0.040 
108 109 131 132 401.83 0.040 
109 110 132 133 358.21 0.040 
110 111 133 134 706.01 0.040 
111 112 134 135 554.15 0.040 
112 113 135 136 348.55 0.040 
113 114 136 137 724.21 0.040 
114 115 137 138 711.03 0.040 
115 116 138 139 517.72 0.040 
116 117 139 140 490.99 0.040 
117 118 140 141 138.90 0.040 
118 119 141 142 269.08 0.040 
119 120 142 143 379.80 0.040 
120 121 143 144 617.79 0.040 
121 122 144 145 1175.80 0.040 
122 123 145 146 985.92 0.040 
123 124 146 147 946.67 0.040 
124 125 147 148 778.18 0.040 
125 126 148 149 994.20 0.040 
126 127 149 150 786.80 0.040 
127 128 150 151 763.04 0.040 
128 129 151 152 907.61 0.040 
129 130 152 153 784.26 0.040 
130 131 153 154 560.26 0.040 
131 132 154 155 394.33 0.040 
132 133 155 156 368.80 0.040 
133 134 156 157 800.95 0.040 
134 135 157 158 775.97 0.040 
135 136 158 159 1037.40 0.040 
136 137 159 160 1137.40 0.040 
137 138 160 161 890.10 0.040 
138 139 161 162 669.78 0.040 
139 140 162 163 608.25 0.040 
140 141 163 164 351.63 0.040 
141 142 164 165 835.29 0.040 
142 143 165 166 612.11 0.040 
143 144 166 167 1069.40 0.040 
144 145 167 168 1044.80 0.040 
2 1 25 26 397.41 0.040 
3 2 26 27 441.48 0.040 
4 3 27 28 661.65 0.040 
5 4 28 29 694.51 0.040 
6 5 29 30 506.29 0.040 
7 6 30 31 444.77 0.040 
8 7 31 32 524.34 0.040 
9 8 32 33 624.60 0.040 
10 9 33 34 489.40 0.040 
11 10 34 35 676.87 0.040 
12 11 35 36 1024.30 0.040 
13 12 36 37 997.27 0.040 
14 13 37 38 473.39 0.040 
15 14 38 39 548.92 0.040 
16 15 39 40 865.52 0.040 
17 16 40 41 1010.70 0.040 
18 17 41 42 526.55 0.040 
19 18 42 43 944.84 0.040 
20 19 43 44 1327.40 0.040 
21 20 44 45 355.91 0.040 
22 21 45 46 348.63 0.040 
23 22 46 47 668.92 0.040 
24 23 47 48 553.43 0.040 
25 26 49 50 690.58 0.040 
26 27 50 51 736.90 0.040 
27 28 51 52 587.74 0.040 
28 29 52 53 686.07 0.040 
29 30 53 54 782.40 0.040 
30 31 54 55 1100.60 0.040 
31 32 55 56 714.67 0.040 
32 33 56 57 737.98 0.040 
34 35 58 59 679.04 0.040 
35 36 59 60 647.81 0.040 
36 37 60 61 557.36 0.040 
37 38 61 62 520.27 0.040 
38 39 62 63 531.31 0.040 
40 41 64 65 307.87 0.040 
41 42 65 66 223.67 0.040 
50 51 74 75 717.63 0.040 
51 52 75 76 895.52 0.040 
52 53 76 77 847.39 0.040 
53 54 77 78 746.66 0.040 
54 55 78 79 735.12 0.040 
55 56 79 80 866.42 0.040 
57 58 81 82 372.93 0.040 
58 59 82 83 525.80 0.040 
59 60 83 84 579.39 0.040 
61 62 85 86 375.96 0.040 
62 63 86 87 327.06 0.040 
66 67 90 91 416.33 0.040 
67 68 91 92 481.59 0.040 
68 69 92 93 804.74 0.040 
69 70 93 94 1204.40 0.040 
70 71 94 95 473.94 0.040 
71 72 95 96 310.90 0.040 
73 74 97 98 1020.20 0.040 
74 75 98 99 1365.70 0.040 
75 76 99 100 1069.10 0.040 
76 77 100 101 766.73 0.040 
77 78 101 102 1155.60 0.040 
78 79 102 103 875.23 0.040 
79 80 103 104 1213.60 0.040 
80 81 104 105 703.86 0.040 
81 82 105 106 575.94 0.040 
82 83 106 107 644.26 0.040 
83 84 107 108 456.79 0.040 
84 85 108 109 352.78 0.040 
85 86 109 110 531.36 0.040 
86 87 110 111 560.69 0.040 
87 88 111 112 702.77 0.040 
88 89 112 113 448.93 0.040 
89 90 113 114 634.09 0.040 
90 91 114 115 562.48 0.040 
91 92 115 116 522.91 0.040 
92 93 116 117 940.01 0.040 
93 94 117 118 550.98 0.040 
94 95 118 119 269.98 0.040 
95 96 119 120 319.05 0.040 
97 98 121 122 827.89 0.040 
98 99 122 123 1111.80 0.040 
99 100 123 124 756.67 0.040 
100 101 124 125 618.58 0.040 
101 102 125 126 1197.20 0.040 
102 103 126 127 1040.30 0.040 
103 104 127 128 1205.80 0.040 
104 105 128 129 975.60 0.040 
105 106 129 130 898.25 0.040 
106 107 130 131 734.07 0.040 
107 108 131 132 443.83 0.040 
108 109 132 133 394.88 0.040 
109 110 133 134 672.30 0.040 
110 111 134 135 605.28 0.040 
111 112 135 136 489.75 0.040 
112 113 136 137 588.66 0.040 
113 114 137 138 997.82 0.040 
114 115 138 139 685.47 0.040 
115 116 139 140 422.81 0.040 
116 117 140 141 282.59 0.040 
117 118 141 142 284.11 0.040 
118 119 142 143 176.25 0.040 
119 120 143 144 595.01 0.040 
121 122 145 146 944.42 0.040 
122 123 146 147 900.32 0.040 
123 124 147 148 801.24 0.040 
124 125 148 149 903.84 0.040 
125 126 149 150 818.01 0.040 
126 127 150 151 723.59 0.040 
127 128 151 152 1011.60 0.040 
128 129 152 153 957.06 0.040 
129 130 153 154 764.60 0.040 
130 131 154 155 579.41 0.040 
131 132 155 156 415.35 0.040 
132 133 156 157 435.77 0.040 
133 134 157 158 925.15 0.040 
134 135 158 159 1202.90 0.040 
135 136 159 160 720.95 0.040 
136 137 160 161 693.53 0.040 
137 138 161 162 784.46 0.040 
138 139 162 163 800.66 0.040 
139 140 163 164 556.60 0.040 
140 141 164 165 446.34 0.040 
141 142 165 166 1016.40 0.040 
142 143 166 167 688.22 0.040 
143 144 167 168 898.57 0.040 
2 1 26 27 481.90 0.040 
3 2 27 28 431.18 0.040 
4 3 28 29 637.24 0.040 
5 4 29 30 718.25 0.040 
6 5 30 31 552.31 0.040 
7 6 31 32 425.01 0.040 
8 7 32 33 594.82 0.040 
9 8 33 34 532.99 0.040 
10 9 34 35 508.86 0.040 
11 10 35 36 671.12 0.040 
12 11 36 37 1026.40 0.040 
14 13 38 39 553.92 0.040 
15 14 39 40 420.82 0.040 
16 15 40 41 1090.40 0.040 
17 16 41 42 698.01 0.040 
18 17 42 43 876.96 0.040 
19 18 43 44 1243.70 0.040 
20 19 44 45 860.57 0.040 
21 20 45 46 352.48 0.040 
22 21 46 47 333.29 0.040 
23 22 47 48 785.07 0.040 
25 26 50 51 693.89 0.040 
26 27 51 52 648.53 0.040 
27 28 52 53 725.51 0.040 
28 29 53 54 808.26 0.040 
29 30 54 55 1068.20 0.040 
30 31 55 56 745.57 0.040 
31 32 56 57 672.12 0.040 
33 34 58 59 661.36 0.040 
34 35 59 60 655.36 0.040 
35 36 60 61 591.74 0.040 
36 37 61 62 529.40 0.040 
37 38 62 63 536.30 0.040 
38 39 63 64 639.18 0.040 
39 40 64 65 260.01 0.040 
40 41 65 66 340.45 0.040 
50 51 75 76 1021.20 0.040 
51 52 76 77 844.45 0.040 
52 53 77 78 732.21 0.040 
53 54 78 79 731.17 0.040 
54 55 79 80 1069.90 0.040 
55 56 80 81 590.49 0.040 
57 58 82 83 410.07 0.040 
58 59 83 84 457.73 0.040 
61 62 86 87 352.36 0.040 
62 63 87 88 369.61 0.040 
66 67 91 92 497.19 0.040 
67 68 92 93 779.73 0.040 
68 69 93 94 1087.90 0.040 
69 70 94 95 879.93 0.040 
70 71 95 96 381.75 0.040 
73 74 98 99 1270.90 0.040 
74 75 99 100 931.58 0.040 
75 76 100 101 844.21 0.040 
76 77 101 102 1342.10 0.040 
77 78 102 103 951.07 0.040 
78 79 103 104 983.96 0.040 
79 80 104 105 1112.30 0.040 
80 81 105 106 765.92 0.040 
81 82 106 107 637.71 0.040 
82 83 107 108 604.73 0.040 
83 84 108 109 477.12 0.040 
84 85 109 110 360.84 0.040 
85 86 110 111 616.50 0.040 
86 87 111 112 553.56 0.040 
87 88 112 113 495.89 0.040 
88 89 113 114 582.05 0.040 
89 90 114 115 488.16 0.040 
90 91 115 116 408.19 0.040 
91 92 116 117 649.32 0.040 
92 93 117 118 414.15 0.040 
93 94 118 119 473.14 0.040 
94 95 119 120 521.39 0.040 
97 98 122 123 991.90 0.040 
98 99 123 124 1299.60 0.040 
99 100 124 125 836.56 0.040 
100 101 125 126 724.66 0.040 
101 102 126 127 1307.40 0.040 
102 103 127 128 1208.80 0.040 
103 104 128 129 1220.40 0.040 
104 105 129 130 926.71 0.040 
105 106 130 131 714.38 0.040 
106 107 131 132 530.60 0.040 
107 108 132 133 446.49 0.040 
108 109 133 134 734.51 0.040 
109 110 134 135 565.49 0.040 
110 111 135 136 537.95 0.040 
111 112 136 137 844.48 0.040 
112 113 137 138 793.46 0.040 
113 114 138 139 957.89 0.040 
114 115 139 140 556.05 0.040 
115 116 140 141 235.48 0.040 
116 117 141 142 608.18 0.040 
117 118 142 143 193.70 0.040 
118 119 143 144 271.47 0.040 
121 122 146 147 864.65 0.040 
122 123 147 148 750.26 0.040 
123 124 148 149 932.04 0.040 
124 125 149 150 727.46 0.040 
125 126 150 151 754.89 0.040 
126 127 151 152 953.46 0.040 
127 128 152 153 1066.00 0.040 
128 129 153 154 944.76 0.040 
130 131 155 156 637.57 0.040 
131 132 156 157 472.71 0.040 
132 133 157 158 508.71 0.040 
133 134 158 159 1403.50 0.040 
134 135 159 160 824.81 0.040 
135 136 160 161 422.99 0.040 
136 137 161 162 606.33 0.040 
137 138 162 163 941.57 0.040 
138 139 163 164 712.26 0.040 
139 140 164 165 667.98 0.040 
140 141 165 166 530.73 0.040 
141 142 166 167 1132.50 0.040 
142 143 167 168 581.58 0.040 
2 1 27 28 431.90 0.040 
3 2 28 29 415.27 0.040 
4 3 29 30 657.44 0.040 
5 4 30 31 777.32 0.040 
6 5 31 32 542.32 0.040 
7 6 32 33 523.93 0.040 
8 7 33 34 522.22 0.040 
9 8 34 35 539.61 0.040 
10 9 35 36 474.13 0.040 
11 10 36 37 649.13 0.040 
12 11 37 38 1022.50 0.040 
13 12 38 39 990.57 0.040 
14 13 39 40 427.96 0.040 
15 14 40 41 521.17 0.040 
16 15 41 42 744.10 0.040 
17 16 42 43 1153.30 0.040 
18 17 43 44 1169.00 0.040 
19 18 44 45 772.78 0.040 
20 19 45 46 842.45 0.040 
21 20 46 47 327.63 0.040 
22 21 47 48 411.63 0.040 
25 26 51 52 601.50 0.040 
26 27 52 53 779.56 0.040 
27 28 53 54 866.52 0.040 
28 29 54 55 1090.40 0.040 
29 30 55 56 731.72 0.040 
30 31 56 57 692.57 0.040 
32 33 58 59 785.72 0.040 
33 34 59 60 633.32 0.040 
34 35 60 61 588.67 0.040 
35 36 61 62 558.58 0.040 
36 37 62 63 531.41 0.040 
38 39 64 65 349.10 0.040 
39 40 65 66 278.21 0.040 
50 51 76 77 985.69 0.040 
51 52 77 78 744.89 0.040 
52 53 78 79 707.50 0.040 
53 54 79 80 1043.50 0.040 
54 55 80 81 760.47 0.040 
55 56 81 82 416.36 0.040 
57 58 83 84 338.16 0.040 
58 59 84 85 295.19 0.040 
59 60 85 86 514.89 0.040 
61 62 87 88 411.85 0.040 
62 63 88 89 385.57 0.040 
65 66 91 92 598.21 0.040 
66 67 92 93 788.92 0.040 
67 68 93 94 1034.90 0.040 
68 69 94 95 782.93 0.040 
69 70 95 96 590.28 0.040 
73 74 99 100 828.56 0.040 
74 75 100 101 728.85 0.040 
75 76 101 102 1479.20 0.040 
76 77 102 103 1134.90 0.040 
77 78 103 104 1072.80 0.040 
78 79 104 105 904.46 0.040 
79 80 105 106 1181.40 0.040 
80 81 106 107 845.63 0.040 
81 82 107 108 597.39 0.040 
82 83 108 109 651.15 0.040 
83 84 109 110 501.56 0.040 
84 85 110 111 417.04 0.040 
85 86 111 112 627.15 0.040 
86 87 112 113 397.09 0.040 
87 88 113 114 641.41 0.040 
88 89 114 115 392.23 0.040 
89 90 115 116 342.47 0.040 
90 91 116 117 513.47 0.040 
91 92 117 118 313.89 0.040 
92 93 118 119 323.33 0.040 
93 94 119 120 818.87 0.040 
97 98 123 124 1167.90 0.040 
98 99 124 125 1447.90 0.040 
99 100 125 126 1021.00 0.040 
100 101 126 127 780.73 0.040 
101 102 127 128 1525.90 0.040 
102 103 128 129 1217.20 0.040 
103 104 129 130 1140.80 0.040 
104 105 130 131 733.51 0.040 
105 106 131 132 502.79 0.040 
106 107 132 133 515.42 0.040 
107 108 133 134 821.09 0.040 
108 109 134 135 622.19 0.040 
109 110 135 136 513.86 0.040 
110 111 136 137 918.75 0.040 
111 112 137 138 1162.70 0.040 
112 113 138 139 764.81 0.040 
113 114 139 140 786.99 0.040 
114 115 140 141 317.33 0.040 
115 116 141 142 527.13 0.040 
116 117 142 143 431.01 0.040 
117 118 143 144 286.69 0.040 
121 122 147 148 721.79 0.040 
122 123 148 149 869.93 0.040 
123 124 149 150 755.18 0.040 
124 125 150 151 670.62 0.040 
125 126 151 152 995.05 0.040 
126 127 152 153 1014.90 0.040 
127 128 153 154 1038.40 0.040 
128 129 154 155 887.03 0.040 
129 130 155 156 912.14 0.040 
130 131 156 157 755.27 0.040 
131 132 157 158 550.47 0.040 
132 133 158 159 779.06 0.040 
133 134 159 160 966.38 0.040 
134 135 160 161 518.81 0.040 
135 136 161 162 358.21 0.040 
136 137 162 163 723.50 0.040 
137 138 163 164 855.03 0.040 
138 139 164 165 846.94 0.040 
139 140 165 166 799.91 0.040 
140 141 166 167 596.72 0.040 
141 142 167 168 952.87 0.040 
2 1 28 29 404.86 0.040 
3 2 29 30 422.63 0.040 
4 3 30 31 712.28 0.040 
5 4 31 32 767.16 0.040 
6 5 32 33 628.52 0.040 
7 6 33 34 438.06 0.040 
8 7 34 35 507.50 0.040 
9 8 35 36 509.71 0.040 
10 9 36 37 482.44 0.040 
11 10 37 38 642.41 0.040 
12 11 38 39 1085.20 0.040 
13 12 39 40 754.65 0.040 
14 13 40 41 506.12 0.040 
15 14 41 42 359.33 0.040 
16 15 42 43 1240.70 0.040 
17 16 43 44 1481.00 0.040 
18 17 44 45 741.09 0.040 
19 18 45 46 773.88 0.040 
20 19 46 47 837.95 0.040 
21 20 47 48 429.21 0.040 
25 26 52 53 734.00 0.040 
26 27 53 54 938.54 0.040 
27 28 54 55 1161.90 0.040 
28 29 55 56 742.96 0.040 
29 30 56 57 680.00 0.040 
31 32 58 59 707.68 0.040 
32 33 59 60 769.47 0.040 
33 34 60 61 565.02 0.040 
34 35 61 62 553.36 0.040 
35 36 62 63 574.09 0.040 
36 37 63 64 638.97 0.040 
37 38 64 65 350.29 0.040 
38 39 65 66 365.80 0.040 
50 51 77 78 871.25 0.040 
51 52 78 79 732.35 0.040 
52 53 79 80 1013.90 0.040 
53 54 80 81 712.36 0.040 
54 55 81 82 545.95 0.040 
55 56 82 83 451.24 0.040 
56 57 83 84 386.07 0.040 
57 58 84 85 213.11 0.040 
58 59 85 86 415.15 0.040 
61 62 88 89 417.67 0.040 
62 63 89 90 420.50 0.040 
65 66 92 93 963.69 0.040 
66 67 93 94 1069.80 0.040 
67 68 94 95 741.72 0.040 
68 69 95 96 537.65 0.040 
73 74 100 101 650.52 0.040 
74 75 101 102 1258.50 0.040 
75 76 102 103 1214.70 0.040 
76 77 103 104 1268.30 0.040 
77 78 104 105 997.24 0.040 
78 79 105 106 976.61 0.040 
79 80 106 107 1341.40 0.040 
80 81 107 108 772.51 0.040 
81 82 108 109 615.66 0.040 
82 83 109 110 651.35 0.040 
83 84 110 111 582.43 0.040 
84 85 111 112 413.08 0.040 
85 86 112 113 453.03 0.040 
86 87 113 114 515.40 0.040 
87 88 114 115 506.29 0.040 
88 89 115 116 269.98 0.040 
89 90 116 117 434.92 0.040 
90 91 117 118 209.02 0.040 
91 92 118 119 271.68 0.040 
92 93 119 120 640.42 0.040 
97 98 124 125 1300.40 0.040 
98 99 125 126 1728.10 0.040 
99 100 126 127 1088.60 0.040 
100 101 127 128 917.03 0.040 
101 102 128 129 1503.20 0.040 
102 103 129 130 1120.00 0.040 
103 104 130 131 894.77 0.040 
104 105 131 132 518.78 0.040 
105 106 132 133 478.83 0.040 
106 107 133 134 956.90 0.040 
107 108 134 135 701.53 0.040 
108 109 135 136 556.21 0.040 
109 110 136 137 862.95 0.040 
110 111 137 138 1262.90 0.040 
111 112 138 139 1120.70 0.040 
112 113 139 140 623.42 0.040 
113 114 140 141 462.77 0.040 
114 115 141 142 689.65 0.040 
116 117 143 144 587.54 0.040 
121 122 148 149 848.97 0.040 
122 123 149 150 687.38 0.040 
123 124 150 151 695.06 0.040 
124 125 151 152 898.61 0.040 
125 126 152 153 1053.70 0.040 
126 127 153 154 989.82 0.040 
127 128 154 155 1038.30 0.040 
128 129 155 156 1040.80 0.040 
129 130 156 157 1026.80 0.040 
130 131 157 158 861.55 0.040 
131 132 158 159 806.28 0.040 
132 133 159 160 524.79 0.040 
133 134 160 161 587.90 0.040 
135 136 162 163 433.79 0.040 
136 137 163 164 651.82 0.040 
137 138 164 165 1001.90 0.040 
138 139 165 166 1030.60 0.040 
139 140 166 167 895.52 0.040 
140 141 167 168 508.37 0.040 
2 1 29 30 413.05 0.040 
3 2 30 31 463.52 0.040 
4 3 31 32 706.57 0.040 
5 4 32 33 887.73 0.040 
6 5 33 34 537.06 0.040 
7 6 34 35 437.97 0.040 
8 7 35 36 485.83 0.040 
9 8 36 37 508.86 0.040 
10 9 37 38 471.68 0.040 
11 10 38 39 675.00 0.040 
12 11 39 40 823.33 0.040 
13 12 40 41 932.01 0.040 
14 13 41 42 368.99 0.040 
15 14 42 43 643.62 0.040 
16 15 43 44 1617.00 0.040 
17 16 44 45 959.78 0.040 
18 17 45 46 728.53 0.040 
19 18 46 47 742.12 0.040 
20 19 47 48 972.76 0.040 
25 26 53 54 871.38 0.040 
26 27 54 55 1219.50 0.040 
27 28 55 56 783.91 0.040 
28 29 56 57 698.19 0.040 
30 31 58 59 737.50 0.040 
31 32 59 60 689.99 0.040 
32 33 60 61 694.34 0.040 
33 34 61 62 534.15 0.040 
34 35 62 63 564.62 0.040 
36 37 64 65 356.31 0.040 
37 38 65 66 376.68 0.040 
50 51 78 79 825.36 0.040 
52 53 80 81 697.81 0.040 
53 54 81 82 513.03 0.040 
54 55 82 83 589.33 0.040 
55 56 83 84 335.08 0.040 
56 57 84 85 235.52 0.040 
57 58 85 86 317.45 0.040 
58 59 86 87 403.98 0.040 
59 60 87 88 557.61 0.040 
61 62 89 90 469.03 0.040 
62 63 90 91 544.34 0.040 
63 64 91 92 861.57 0.040 
65 66 93 94 1277.80 0.040 
66 67 94 95 764.93 0.040 
67 68 95 96 532.54 0.040 
73 74 101 102 1132.70 0.040 
74 75 102 103 1074.30 0.040 
75 76 103 104 1367.30 0.040 
76 77 104 105 1140.80 0.040 
77 78 105 106 1079.40 0.040 
78 79 106 107 1091.50 0.040 
79 80 107 108 1241.80 0.040 
80 81 108 109 808.42 0.040 
81 82 109 110 647.19 0.040 
82 83 110 111 752.47 0.040 
83 84 111 112 560.65 0.040 
84 85 112 113 298.53 0.040 
85 86 113 114 575.65 0.040 
86 87 114 115 360.86 0.040 
88 89 116 117 332.09 0.040 
89 90 117 118 196.37 0.040 
91 92 119 120 455.78 0.040 
97 98 125 126 1523.10 0.040 
98 99 126 127 1852.30 0.040 
99 100 127 128 1268.90 0.040 
100 101 128 129 899.83 0.040 
101 102 129 130 1414.50 0.040 
102 103 130 131 872.25 0.040 
103 104 131 132 633.00 0.040 
104 105 132 133 494.20 0.040 
105 106 133 134 912.51 0.040 
106 107 134 135 806.31 0.040 
107 108 135 136 620.28 0.040 
108 109 136 137 946.77 0.040 
109 110 137 138 1186.70 0.040 
110 111 138 139 1203.20 0.040 
111 112 139 140 912.57 0.040 
112 113 140 141 371.34 0.040 
113 114 141 142 962.56 0.040 
114 115 142 143 485.47 0.040 
115 116 143 144 499.43 0.040 
121 122 149 150 715.20 0.040 
122 123 150 151 622.48 0.040 
123 124 151 152 934.09 0.040 
124 125 152 153 951.08 0.040 
125 126 153 154 1028.50 0.040 
126 127 154 155 982.87 0.040 
127 128 155 156 1164.80 0.040 
128 129 156 157 1228.30 0.040 
129 130 157 158 1199.80 0.040 
130 131 158 159 1284.60 0.040 
131 132 159 160 555.44 0.040 
132 133 160 161 319.19 0.040 
133 134 161 162 506.75 0.040 
135 136 163 164 392.15 0.040 
136 137 164 165 778.77 0.040 
137 138 165 166 1222.10 0.040 
138 139 166 167 1149.00 0.040 
139 140 167 168 767.13 0.040 
2 1 30 31 437.94 0.040 
3 2 31 32 448.60 0.040 
4 3 32 33 830.78 0.040 
5 4 33 34 771.13 0.040 
6 5 34 35 541.02 0.040 
7 6 35 36 438.11 0.040 
8 7 36 37 487.99 0.040 
9 8 37 38 538.29 0.040 
10 9 38 39 527.07 0.040 
11 10 39 40 502.24 0.040 
12 11 40 41 1003.60 0.040 
13 12 41 42 621.55 0.040 
14 13 42 43 602.57 0.040 
15 14 43 44 815.86 0.040 
16 15 44 45 1036.50 0.040 
17 16 45 46 957.39 0.040 
18 17 46 47 708.47 0.040 
19 18 47 48 901.50 0.040 
25 26 54 55 1144.90 0.040 
26 27 55 56 828.71 0.040 
27 28 56 57 728.79 0.040 
29 30 58 59 717.66 0.040 
30 31 59 60 696.78 0.040 
31 32 60 61 621.10 0.040 
32 33 61 62 657.57 0.040 
33 34 62 63 550.34 0.040 
35 36 64 65 379.92 0.040 
36 37 65 66 368.51 0.040 
50 51 79 80 1181.60 0.040 
51 52 80 81 689.53 0.040 
52 53 81 82 509.81 0.040 
53 54 82 83 547.84 0.040 
54 55 83 84 547.30 0.040 
57 58 86 87 287.06 0.040 
58 59 87 88 452.03 0.040 
61 62 90 91 587.23 0.040 
62 63 91 92 646.62 0.040 
65 66 94 95 912.38 0.040 
66 67 95 96 526.50 0.040 
73 74 102 103 954.84 0.040 
74 75 103 104 1196.60 0.040 
75 76 104 105 1259.60 0.040 
76 77 105 106 1223.20 0.040 
77 78 106 107 1162.40 0.040 
78 79 107 108 1024.60 0.040 
79 80 108 109 1279.30 0.040 
80 81 109 110 826.70 0.040 
81 82 110 111 731.37 0.040 
82 83 111 112 767.41 0.040 
83 84 112 113 399.03 0.040 
84 85 113 114 369.77 0.040 
86 87 115 116 235.76 0.040 
90 91 119 120 343.72 0.040 
97 98 126 127 1655.30 0.040 
98 99 127 128 2139.90 0.040 
99 100 128 129 1328.10 0.040 
100 101 129 130 860.44 0.040 
101 102 130 131 1111.30 0.040 
102 103 131 132 602.05 0.040 
103 104 132 133 603.73 0.040 
104 105 133 134 930.66 0.040 
105 106 134 135 762.71 0.040 
106 107 135 136 726.38 0.040 
107 108 136 137 1057.20 0.040 
108 109 137 138 1291.20 0.040 
109 110 138 139 1131.00 0.040 
110 111 139 140 989.42 0.040 
111 112 140 141 528.94 0.040 
112 113 141 142 790.92 0.040 
113 114 142 143 672.33 0.040 
114 115 143 144 664.31 0.040 
121 122 150 151 652.97 0.040 
122 123 151 152 850.56 0.040 
123 124 152 153 969.37 0.040 
124 125 153 154 908.34 0.040 
125 126 154 155 979.91 0.040 
126 127 155 156 1106.90 0.040 
127 128 156 157 1378.30 0.040 
128 129 157 158 1422.30 0.040 
129 130 158 159 1725.50 0.040 
130 131 159 160 886.55 0.040 
131 132 160 161 292.78 0.040 
132 133 161 162 284.26 0.040 
133 134 162 163 603.09 0.040 
135 136 164 165 476.16 0.040 
136 137 165 166 945.78 0.040 
137 138 166 167 1369.60 0.040 
138 139 167 168 976.28 0.040 
2 1 31 32 442.39 0.040 
3 2 32 33 501.48 0.040 
4 3 33 34 719.53 0.040 
5 4 34 35 789.25 0.040 
6 5 35 36 525.13 0.040 
7 6 36 37 411.42 0.040 
9 8 38 39 524.75 0.040 
10 9 39 40 361.04 0.040 
11 10 40 41 647.53 0.040 
12 11 41 42 699.50 0.040 
13 12 42 43 1117.90 0.040 
14 13 43 44 825.42 0.040 
15 14 44 45 521.50 0.040 
16 15 45 46 1022.20 0.040 
17 16 46 47 923.68 0.040 
18 17 47 48 843.12 0.040 
25 26 55 56 779.08 0.040 
26 27 56 57 787.65 0.040 
28 29 58 59 726.65 0.040 
29 30 59 60 693.62 0.040 
30 31 60 61 620.14 0.040 
31 32 61 62 590.00 0.040 
32 33 62 63 671.14 0.040 
34 35 64 65 386.14 0.040 
35 36 65 66 410.09 0.040 
51 52 81 82 493.07 0.040 
52 53 82 83 530.83 0.040 
53 54 83 84 460.79 0.040 
54 55 84 85 380.67 0.040 
55 56 85 86 338.26 0.040 
56 57 86 87 316.69 0.040 
57 58 87 88 336.08 0.040 
58 59 88 89 467.76 0.040 
59 60 89 90 664.05 0.040 
61 62 91 92 733.71 0.040 
62 63 92 93 1040.20 0.040 
63 64 93 94 1847.70 0.040 
73 74 103 104 1052.50 0.040 
74 75 104 105 1083.30 0.040 
75 76 105 106 1339.50 0.040 
76 77 106 107 1391.20 0.040 
77 78 107 108 1036.60 0.040 
78 79 108 109 1057.10 0.040 
79 80 109 110 1314.40 0.040 
80 81 110 111 984.09 0.040 
81 82 111 112 748.42 0.040 
82 83 112 113 527.54 0.040 
83 84 113 114 510.15 0.040 
84 85 114 115 268.61 0.040 
86 87 116 117 305.88 0.040 
89 90 119 120 300.49 0.040 
97 98 127 128 1901.70 0.040 
98 99 128 129 2115.80 0.040 
99 100 129 130 1160.90 0.040 
100 101 130 131 685.30 0.040 
101 102 131 132 787.02 0.040 
102 103 132 133 593.60 0.040 
103 104 133 134 1133.40 0.040 
104 105 134 135 778.25 0.040 
105 106 135 136 689.19 0.040 
106 107 136 137 1224.90 0.040 
107 108 137 138 1448.00 0.040 
108 109 138 139 1232.60 0.040 
109 110 139 140 926.42 0.040 
110 111 140 141 565.80 0.040 
111 112 141 142 1132.10 0.040 
112 113 142 143 535.42 0.040 
113 114 143 144 957.58 0.040 
121 122 151 152 821.38 0.040 
122 123 152 153 901.78 0.040 
123 124 153 154 941.82 0.040 
124 125 154 155 989.63 0.040 
125 126 155 156 1121.70 0.040 
126 127 156 157 1311.30 0.040 
127 128 157 158 1590.70 0.040 
128 129 158 159 2189.00 0.040 
129 130 159 160 1183.90 0.040 
130 131 160 161 516.36 0.040 
131 132 161 162 254.63 0.040 
132 133 162 163 342.66 0.040 
133 134 163 164 543.94 0.040 
134 135 164 165 597.17 0.040 
135 136 165 166 594.64 0.040 
136 137 166 167 1059.70 0.040 
137 138 167 168 1162.40 0.040 
2 1 32 33 545.08 0.040 
3 2 33 34 435.24 0.040 
4 3 34 35 738.98 0.040 
5 4 35 36 780.11 0.040 
6 5 36 37 518.58 0.040 
8 7 38 39 476.04 0.040 
9 8 39 40 406.42 0.040 
10 9 40 41 475.89 0.040 
11 10 41 42 407.72 0.040 
12 11 42 43 1192.20 0.040 
13 12 43 44 1446.20 0.040 
14 13 44 45 518.67 0.040 
15 14 45 46 516.72 0.040 
16 15 46 47 988.14 0.040 
17 16 47 48 1081.20 0.040 
25 26 56 57 734.43 0.040 
27 28 58 59 771.65 0.040 
28 29 59 60 697.56 0.040 
29 30 60 61 630.71 0.040 
30 31 61 62 586.37 0.040 
31 32 62 63 602.47 0.040 
33 34 64 65 356.78 0.040 
34 35 65 66 395.51 0.040 
52 53 83 84 475.53 0.040 
53 54 84 85 294.22 0.040 
54 55 85 86 462.59 0.040 
56 57 87 88 394.85 0.040 
57 58 88 89 335.58 0.040 
58 59 89 90 516.03 0.040 
59 60 90 91 857.85 0.040 
61 62 92 93 1171.40 0.040 
62 63 93 94 1374.70 0.040 
63 64 94 95 1317.20 0.040 
73 74 104 105 944.76 0.040 
74 75 105 106 1163.60 0.040 
75 76 106 107 1476.60 0.040 
76 77 107 108 1277.00 0.040 
77 78 108 109 1109.80 0.040 
78 79 109 110 1051.80 0.040 
79 80 110 111 1521.60 0.040 
80 81 111 112 938.47 0.040 
81 82 112 113 523.73 0.040 
82 83 113 114 684.80 0.040 
84 85 115 116 185.13 0.040 
88 89 119 120 233.78 0.040 
97 98 128 129 1871.90 0.040 
98 99 129 130 1953.70 0.040 
99 100 130 131 902.50 0.040 
100 101 131 132 475.46 0.040 
101 102 132 133 762.65 0.040 
102 103 133 134 1108.60 0.040 
103 104 134 135 946.97 0.040 
104 105 135 136 703.23 0.040 
105 106 136 137 1154.40 0.040 
106 107 137 138 1663.90 0.040 
107 108 138 139 1377.60 0.040 
108 109 139 140 1001.00 0.040 
109 110 140 141 554.43 0.040 
110 111 141 142 1239.70 0.040 
111 112 142 143 786.01 0.040 
112 113 143 144 766.57 0.040 
121 122 152 153 881.99 0.040 
122 123 153 154 842.91 0.040 
123 124 154 155 956.05 0.040 
124 125 155 156 1048.50 0.040 
125 126 156 157 1344.20 0.040 
126 127 157 158 1512.70 0.040 
127 128 158 159 2407.50 0.040 
128 129 159 160 1501.00 0.040 
129 130 160 161 623.16 0.040 
130 131 161 162 423.01 0.040 
131 132 162 163 293.63 0.040 
132 133 163 164 305.80 0.040 
133 134 164 165 660.00 0.040 
134 135 165 166 686.28 0.040 
135 136 166 167 655.93 0.040 
136 137 167 168 894.28 0.040 
2 1 33 34 445.65 0.040 
3 2 34 35 478.50 0.040 
4 3 35 36 732.09 0.040 
5 4 36 37 757.42 0.040 
6 5 37 38 587.03 0.040 
7 6 38 39 387.39 0.040 
8 7 39 40 354.39 0.040 
9 8 40 41 500.06 0.040 
10 9 41 42 322.18 0.040 
11 10 42 43 736.33 0.040 
12 11 43 44 1562.80 0.040 
13 12 44 45 874.55 0.040 
14 13 45 46 517.68 0.040 
15 14 46 47 484.35 0.040 
16 15 47 48 1169.30 0.040 
26 27 58 59 829.44 0.040 
27 28 59 60 719.58 0.040 
28 29 60 61 624.18 0.040 
29 30 61 62 603.64 0.040 
30 31 62 63 611.03 0.040 
32 33 64 65 425.80 0.040 
33 34 65 66 375.22 0.040 
51 52 83 84 411.69 0.040 
52 53 84 85 317.24 0.040 
53 54 85 86 411.75 0.040 
54 55 86 87 508.37 0.040 
55 56 87 88 369.41 0.040 
56 57 88 89 384.85 0.040 
57 58 89 90 373.40 0.040 
58 59 90 91 664.38 0.040 
59 60 91 92 968.10 0.040 
61 62 93 94 1563.50 0.040 
62 63 94 95 987.14 0.040 
73 74 105 106 1012.90 0.040 
74 75 106 107 1293.70 0.040 
75 76 107 108 1358.30 0.040 
76 77 108 109 1303.70 0.040 
77 78 109 110 1116.10 0.040 
78 79 110 111 1223.40 0.040 
79 80 111 112 1464.10 0.040 
80 81 112 113 660.08 0.040 
81 82 113 114 667.89 0.040 
82 83 114 115 490.08 0.040 
84 85 116 117 244.48 0.040 
97 98 129 130 1728.00 0.040 
98 99 130 131 1509.60 0.040 
99 100 131 132 606.87 0.040 
100 101 132 133 415.14 0.040 
101 102 133 134 1369.50 0.040 
102 103 134 135 935.04 0.040 
103 104 135 136 851.62 0.040 
104 105 136 137 1178.20 0.040 
105 106 137 138 1576.20 0.040 
106 107 138 139 1587.50 0.040 
107 108 139 140 1115.40 0.040 
108 109 140 141 584.61 0.040 
109 110 141 142 1159.70 0.040 
110 111 142 143 848.84 0.040 
111 112 143 144 1107.30 0.040 
121 122 153 154 857.77 0.040 
122 123 154 155 917.89 0.040 
123 124 155 156 1050.80 0.040 
124 125 156 157 1209.60 0.040 
125 126 157 158 1541.40 0.040 
126 127 158 159 2262.60 0.040 
127 128 159 160 1631.10 0.040 
129 130 161 162 496.19 0.040 
130 131 162 163 512.56 0.040 
131 132 163 164 257.42 0.040 
132 133 164 165 351.34 0.040 
133 134 165 166 803.85 0.040 
134 135 166 167 782.47 0.040 
135 136 167 168 557.34 0.040 
2 1 34 35 457.56 0.040 
3 2 35 36 453.50 0.040 
4 3 36 37 714.16 0.040 
5 4 37 38 814.30 0.040 
6 5 38 39 554.81 0.040 
7 6 39 40 271.61 0.040 
8 7 40 41 449.62 0.040 
9 8 41 42 337.25 0.040 
10 9 42 43 525.31 0.040 
11 10 43 44 957.64 0.040 
12 11 44 45 959.20 0.040 
13 12 45 46 863.25 0.040 
14 13 46 47 479.76 0.040 
15 14 47 48 589.56 0.040 
25 26 58 59 774.32 0.040 
26 27 59 60 771.23 0.040 
27 28 60 61 644.48 0.040 
28 29 61 62 590.25 0.040 
29 30 62 63 619.54 0.040 
30 31 63 64 740.73 0.040 
31 32 64 65 389.20 0.040 
32 33 65 66 483.35 0.040 
51 52 84 85 249.36 0.040 
52 53 85 86 421.07 0.040 
53 54 86 87 386.90 0.040 
54 55 87 88 512.27 0.040 
55 56 88 89 316.81 0.040 
56 57 89 90 439.87 0.040 
57 58 90 91 484.33 0.040 
58 59 91 92 800.86 0.040 
59 60 92 93 1556.80 0.040 
61 62 94 95 1127.00 0.040 
62 63 95 96 678.21 0.040 
73 74 106 107 1134.40 0.040 
74 75 107 108 1189.70 0.040 
75 76 108 109 1382.50 0.040 
76 77 109 110 1332.70 0.040 
77 78 110 111 1285.80 0.040 
78 79 111 112 1232.50 0.040 
79 80 112 113 1034.90 0.040 
80 81 113 114 867.57 0.040 
81 82 114 115 500.24 0.040 
82 83 115 116 372.44 0.040 
84 85 117 118 105.08 0.040 
86 87 119 120 199.15 0.040 
97 98 130 131 1344.30 0.040 
98 99 131 132 1060.20 0.040 
99 100 132 133 555.63 0.040 
100 101 133 134 836.05 0.040 
101 102 134 135 1170.60 0.040 
102 103 135 136 824.34 0.040 
103 104 136 137 1417.40 0.040 
104 105 137 138 1602.70 0.040 
105 106 138 139 1478.70 0.040 
106 107 139 140 1286.10 0.040 
107 108 140 141 634.68 0.040 
108 109 141 142 1250.00 0.040 
109 110 142 143 786.48 0.040 
110 111 143 144 1190.10 0.040 
121 122 154 155 701.73 0.040 
122 123 155 156 987.20 0.040 
123 124 156 157 1221.10 0.040 
124 125 157 158 1388.10 0.040 
125 126 158 159 2345.40 0.040 
126 127 159 160 1556.80 0.040 
127 128 160 161 991.33 0.040 
129 130 162 163 619.98 0.040 
130 131 163 164 450.04 0.040 
131 132 164 165 323.10 0.040 
132 133 165 166 430.79 0.040 
133 134 166 167 907.64 0.040 
134 135 167 168 660.52 0.040 
