Logger: #A10206 'TEMPSTRING' - USP_EXP2 (V2.10, Jan 22 2010)
No,Time,#1:oC,#2:oC,#3:oC,#4:oC,#5:oC,#HK-Bat:V
1,27.07.2010 23:38:38,24.31,24.37,24.5,24.43,24.25,3.663
2,28.07.2010 00:00:00,24.37,24.43,24.5,24.43,24.31,3.665
3,28.07.2010 01:00:00,24.5,24.5,24.62,24.56,24.37
4,28.07.2010 02:00:00,24.43,24.5,24.56,24.5,24.37
5,28.07.2010 03:00:00,24.43,24.5,24.56,24.5,24.43
6,28.07.2010 04:00:00,24.43,24.5,24.56,24.5,24.37
7,28.07.2010 05:00:00,24.37,24.5,24.5,24.5,24.37
8,28.07.2010 06:00:00,24.31,24.5,24.43,24.43,24.31,3.668
9,28.07.2010 07:00:00,24.25,24.43,24.43,24.37,24.31
10,28.07.2010 08:00:00,24.25,24.37,24.43,24.37,24.31
11,28.07.2010 09:00:00,24.25,24.43,24.37,24.37,24.31
12,28.07.2010 10:00:00,25.12,25.31,25.31,25.31,25.43
13,28.07.2010 11:00:00,27.62,27.87,27.87,26.75,28
14,28.07.2010 12:00:00,29.75,29.75,30.25,29.18,30.43,3.674
15,28.07.2010 13:00:00,31,30.81,31.37,30.5,31.56
16,28.07.2010 14:00:00,30.75,30.81,31.06,30.56,31.06
17,28.07.2010 15:00:00,31.68,31.56,31.93,31.18,32.12
18,28.07.2010 16:00:00,30.18,30.75,30.37,30.62,30.12
19,28.07.2010 17:00:00,29.25,29.75,29.37,29.75,29.12
20,28.07.2010 18:00:00,28.18,28.75,28.18,28.81,27.81,3.686
21,28.07.2010 19:00:00,27.68,27.81,27.56,28.25,27.43
22,28.07.2010 20:00:00,25.75,25.5,25.5,26.25,25.43
23,28.07.2010 21:00:00,23.75,23.75,23.81,23.93,23.93
24,28.07.2010 22:00:00,23.62,23.31,23.5,23.62,23.68
25,28.07.2010 23:00:00,23.37,23.12,23.31,23.5,23.43
26,29.07.2010 00:00:00,23.31,23.06,23.18,23.37,23.25,3.662
27,29.07.2010 01:00:00,23.5,23.06,23.25,23.43,23.31
28,29.07.2010 02:00:00,24,23.18,23.31,23.56,23.37
29,29.07.2010 03:00:00,23.25,23.06,23.18,23.37,23.25
30,29.07.2010 04:00:00,23.12,22.93,23.06,23.31,23.12
31,29.07.2010 05:00:00,23.06,22.87,23,23.25,23
32,29.07.2010 06:00:00,23,22.81,22.93,23.18,23,3.660
33,29.07.2010 07:00:00,22.43,22.37,22.43,22.56,22.43
34,29.07.2010 08:00:00,23.18,22.93,22.93,23,23
35,29.07.2010 09:00:00,23.93,24.06,24.06,24.06,24
36,29.07.2010 10:00:00,23.75,24.06,24,24.06,23.93
37,29.07.2010 11:00:00,19.87,20,20.18,21.5,20.43
38,29.07.2010 12:00:00,20.81,21,20.87,20.93,20.75,3.661
39,29.07.2010 13:00:00,20.68,20.81,20.81,20.81,20.75
40,29.07.2010 14:00:00,21,20.93,21,20.93,20.93
41,29.07.2010 15:00:00,21.31,21.37,21.31,21.18,21.31
42,29.07.2010 16:00:00,20.87,20.43,20.87,20.81,20.62
43,29.07.2010 17:00:00,19.62,18.68,19.37,19.5,19.06
44,29.07.2010 18:00:00,18.5,17.56,18.25,18.25,17.93,3.653
45,29.07.2010 19:00:00,17.37,16.37,17.12,17.18,16.81
46,29.07.2010 20:00:00,16.43,15.5,16.18,16.18,15.81
47,29.07.2010 21:00:00,15.43,14.43,15.12,15.12,14.75
48,29.07.2010 22:00:00,14.56,13.75,14.31,14.31,14
49,29.07.2010 23:00:00,13.87,13.18,13.68,13.62,13.43
50,30.07.2010 00:00:00,13.31,12.75,13.18,13.18,12.93,3.650
51,30.07.2010 01:00:00,12.81,12.37,12.75,12.68,12.5
52,30.07.2010 02:00:00,12.37,11.93,12.31,12.31,12.12
53,30.07.2010 03:00:00,11.93,11.56,11.87,11.87,11.68
54,30.07.2010 04:00:00,11.43,11.06,11.43,11.43,11.25
55,30.07.2010 05:00:00,10.93,10.56,10.93,10.93,10.75
56,30.07.2010 06:00:00,10.5,10.06,10.43,10.43,10.25,3.644
57,30.07.2010 07:00:00,10.18,9.87,10.18,10.12,10
58,30.07.2010 08:00:00,10.12,10.12,10.25,10.12,10.18
59,30.07.2010 09:00:00,10.93,11.43,11.18,10.93,11.37
60,30.07.2010 10:00:00,11.81,12.5,12.18,11.93,12.5
61,30.07.2010 11:00:00,12.81,13.06,12.87,12.62,13.06
62,30.07.2010 12:00:00,14.12,14.31,13.93,13.68,14.18,3.646
63,30.07.2010 13:00:00,15.56,15.56,15.37,15.12,15.62
64,30.07.2010 14:00:00,15.93,15.75,15.81,15.62,16
65,30.07.2010 15:00:00,16.68,16.43,16.56,16.31,16.68
66,30.07.2010 16:00:00,16.93,16.68,16.81,16.62,16.93
67,30.07.2010 17:00:00,17.18,16.87,17.12,16.93,17.18
68,30.07.2010 18:00:00,17.06,16.75,17.12,16.93,17.18,3.661
69,30.07.2010 19:00:00,16.62,16.31,16.81,16.62,16.81
70,30.07.2010 20:00:00,15.75,15.31,16.06,15.93,16.06
71,30.07.2010 21:00:00,14.75,14.31,15.12,14.93,15.06
72,30.07.2010 22:00:00,13.93,13.56,14.31,14.12,14.25
73,30.07.2010 23:00:00,13.25,13,13.56,13.43,13.56
74,31.07.2010 00:00:00,12.68,12.5,13,12.87,13,3.647
75,31.07.2010 01:00:00,12.18,12.06,12.5,12.43,12.5
76,31.07.2010 02:00:00,11.81,11.75,12.12,12,12.12
77,31.07.2010 03:00:00,11.43,11.43,11.75,11.62,11.75
78,31.07.2010 04:00:00,11.18,11.18,11.5,11.37,11.43
79,31.07.2010 05:00:00,10.93,10.93,11.25,11.12,11.18
80,31.07.2010 06:00:00,10.68,10.68,11,10.87,10.93,3.647
81,31.07.2010 07:00:00,10.5,10.56,10.75,10.68,10.75
82,31.07.2010 08:00:00,10.37,10.43,10.62,10.56,10.62
83,31.07.2010 09:00:00,10.31,10.43,10.56,10.5,10.56
84,31.07.2010 10:00:00,10.56,10.75,10.81,10.68,10.87
85,31.07.2010 11:00:00,10.93,11.18,11.12,11,11.25
86,31.07.2010 12:00:00,11.93,12.06,11.87,11.68,11.93,3.644
87,31.07.2010 13:00:00,12.5,12.81,12.62,12.43,12.75
88,31.07.2010 14:00:00,13.43,13.68,13.43,13.31,13.62
89,31.07.2010 15:00:00,13.81,13.87,13.93,13.81,14.06
90,31.07.2010 16:00:00,14.37,14.37,14.31,14.12,14.43
91,31.07.2010 17:00:00,14.93,14.93,14.87,14.75,15
92,31.07.2010 18:00:00,14.81,14.62,14.93,14.81,15,3.652
93,31.07.2010 19:00:00,15.06,15,14.62,14.56,14.5
94,31.07.2010 20:00:00,16.37,18.18,16.62,16.31,16.43
95,31.07.2010 21:00:00,16.43,16.68,16.75,16.68,16.87
96,31.07.2010 22:00:00,16,15.68,16.18,16.12,16.12
97,31.07.2010 23:00:00,15.31,14.75,15.37,15.31,15.12
98,01.08.2010 00:00:00,14.75,14.12,14.68,14.68,14.37,3.653
99,01.08.2010 01:00:00,14.12,13.43,14,14,13.62
100,01.08.2010 02:00:00,13.56,12.81,13.37,13.43,13.06
101,01.08.2010 03:00:00,13.06,12.43,12.93,12.93,12.62
102,01.08.2010 04:00:00,12.56,12.06,12.5,12.5,12.12
103,01.08.2010 05:00:00,12.12,11.5,12,12.06,11.68
104,01.08.2010 06:00:00,11.62,11,11.5,11.5,11.18,3.653
105,01.08.2010 07:00:00,11.31,11,11.31,11.31,11
106,01.08.2010 08:00:00,11.62,12.12,11.81,11.75,11.75
107,01.08.2010 09:00:00,15.93,18.68,16.81,16.06,18.06
108,01.08.2010 10:00:00,16.25,18.68,17.81,17.31,18.68
109,01.08.2010 11:00:00,16.68,18.18,17.93,17.81,18.43
110,01.08.2010 12:00:00,17.56,18.87,18.06,18,18.43,3.662
111,01.08.2010 13:00:00,19.06,20.81,19.56,19.5,19.81
112,01.08.2010 14:00:00,20.62,21.68,21.06,20.87,21.37
113,01.08.2010 15:00:00,22.81,22.56,22.75,22.62,22.75
114,01.08.2010 16:00:00,23.31,23.12,22.93,22.93,23.18
115,01.08.2010 17:00:00,26.87,30.93,29.31,28.93,33.37
116,01.08.2010 18:00:00,30,31.68,32.37,32.06,34.62,3.692
117,01.08.2010 19:00:00,30.87,32.62,32.93,32.75,35.37
118,01.08.2010 20:00:00,29.43,27,29.31,29.25,28.75
119,01.08.2010 21:00:00,26.37,23.62,25.62,25.56,24.25
120,01.08.2010 22:00:00,24.12,22.75,23.68,23.68,23
121,01.08.2010 23:00:00,22.75,21.93,22.56,22.62,22.12
122,02.08.2010 00:00:00,21.75,21.25,21.68,21.68,21.25,3.669
123,02.08.2010 01:00:00,20.93,20.56,20.93,20.93,20.56
124,02.08.2010 02:00:00,20.31,20,20.31,20.31,19.93
125,02.08.2010 03:00:00,19.75,19.5,19.75,19.75,19.43
126,02.08.2010 04:00:00,19.25,19.06,19.25,19.25,19
127,02.08.2010 05:00:00,18.87,18.68,18.87,18.81,18.56
128,02.08.2010 06:00:00,18.5,18.31,18.5,18.43,18.25,3.668
129,02.08.2010 07:00:00,18.25,18.25,18.31,18.31,18.18
130,02.08.2010 08:00:00,18.31,18.37,18.37,18.31,18.31
131,02.08.2010 09:00:00,18.31,18.43,18.43,18.37,18.43
132,02.08.2010 10:00:00,18.43,18.75,18.62,18.56,18.68
133,02.08.2010 11:00:00,18.56,18.81,18.75,18.75,18.75
134,02.08.2010 12:00:00,18.5,18.75,18.81,18.68,18.81,3.666
135,02.08.2010 13:00:00,18.43,18.75,18.75,18.68,18.81
136,02.08.2010 14:00:00,18.37,18.75,18.75,18.68,18.81
137,02.08.2010 15:00:00,18.5,19,18.93,18.81,19.18
138,02.08.2010 16:00:00,18.62,18.81,18.87,18.81,19
139,02.08.2010 17:00:00,18.81,19.06,19.06,19,19.25
140,02.08.2010 18:00:00,18.93,19.06,19.12,19.06,19.25,3.667
141,02.08.2010 19:00:00,19.06,19.31,19.25,19.18,19.37
142,02.08.2010 20:00:00,19.18,19.37,19.43,19.31,19.5
143,02.08.2010 21:00:00,19,18.75,19.12,19,18.87
144,02.08.2010 22:00:00,18.81,18.68,18.87,18.81,18.75
145,02.08.2010 23:00:00,18.62,18.62,18.68,18.62,18.56
146,03.08.2010 00:00:00,18.5,18.5,18.62,18.56,18.5,3.664
147,03.08.2010 01:00:00,18.37,18.43,18.5,18.43,18.37
148,03.08.2010 02:00:00,18.31,18.31,18.37,18.31,18.25
149,03.08.2010 03:00:00,18.18,18.18,18.25,18.25,18.12
150,03.08.2010 04:00:00,18.06,18.06,18.18,18.12,18.06
151,03.08.2010 05:00:00,18,18,18.06,18,17.93
152,03.08.2010 06:00:00,17.87,17.87,17.93,17.93,17.81,3.666
153,03.08.2010 07:00:00,17.81,17.81,17.87,17.81,17.75
154,03.08.2010 08:00:00,17.81,17.81,17.87,17.81,17.68
155,03.08.2010 09:00:00,20.56,19,18.25,18.12,18.31
156,03.08.2010 10:00:00,22.5,27.87,22.81,23,23.56
157,03.08.2010 11:00:00,28.81,43.5,33.68,34.31,35.25
158,03.08.2010 12:00:00,34.12,39.25,37.56,37.81,38.43,3.707
159,03.08.2010 13:00:00,33.93,35.43,35,35.12,35
160,03.08.2010 14:00:00,36.62,43.75,39.31,39.75,39.81
161,03.08.2010 15:00:00,36.31,32.56,36.12,36.31,34.18
162,03.08.2010 16:00:00,32.37,28.06,31.06,31,29.25
163,03.08.2010 17:00:00,29.56,26.31,28.56,28.43,27.18
164,03.08.2010 18:00:00,27.5,24.93,26.68,26.56,25.62,3.685
165,03.08.2010 19:00:00,25.87,23.93,25.25,25.18,24.43
166,03.08.2010 20:00:00,24.62,23.12,24.18,24.12,23.5
167,03.08.2010 21:00:00,23.56,22.18,23.25,23.12,22.56
168,03.08.2010 22:00:00,22.68,21.68,22.37,22.31,21.93
169,03.08.2010 23:00:00,22.06,21.37,21.87,21.81,21.56
170,04.08.2010 00:00:00,21.56,21.12,21.5,21.43,21.18,3.666
171,04.08.2010 01:00:00,21.18,20.81,21.18,21.12,20.93
172,04.08.2010 02:00:00,20.87,20.62,20.87,20.81,20.68
173,04.08.2010 03:00:00,20.62,20.5,20.68,20.62,20.5
174,04.08.2010 04:00:00,20.43,20.31,20.5,20.43,20.37
175,04.08.2010 05:00:00,20.25,20.18,20.37,20.31,20.25
176,04.08.2010 06:00:00,20.12,20.06,20.25,20.12,20.12,3.660
177,04.08.2010 07:00:00,20,20,20.12,20.06,20
178,04.08.2010 08:00:00,19.87,19.93,20,19.93,19.93
179,04.08.2010 09:00:00,19.81,19.87,19.93,19.87,19.87
180,04.08.2010 10:00:00,19.75,19.87,19.93,19.87,19.93
181,04.08.2010 11:00:00,19.75,19.87,19.87,19.87,19.93
182,04.08.2010 12:00:00,19.75,19.87,19.93,19.87,19.93,3.657
183,04.08.2010 13:00:00,19.75,19.93,19.93,19.87,20
184,04.08.2010 14:00:00,19.75,19.93,20,19.87,20
185,04.08.2010 15:00:00,19.75,19.93,20,19.93,20.06
186,04.08.2010 16:00:00,19.87,20,20.06,20,20.12
187,04.08.2010 17:00:00,20.06,20.25,20.25,20.12,20.37
188,04.08.2010 18:00:00,20.31,20.25,20.31,20.18,20.18,3.665
189,04.08.2010 19:00:00,20.31,20.25,20.31,20.18,20.18
190,04.08.2010 20:00:00,20.31,20.25,20.31,20.18,20.12
191,04.08.2010 21:00:00,20.25,20.25,20.25,20.18,20.12
192,04.08.2010 22:00:00,20.25,20.18,20.18,20.12,20.12
193,04.08.2010 23:00:00,20.12,20.18,20.18,20.12,20
194,05.08.2010 00:00:00,20.06,20.12,20.12,20.06,20,3.663
195,05.08.2010 01:00:00,20,20.06,20.06,20,19.93
196,05.08.2010 02:00:00,19.93,20.06,20,19.93,19.87
197,05.08.2010 03:00:00,19.93,20,19.93,19.87,19.87
198,05.08.2010 04:00:00,19.81,19.93,19.87,19.81,19.81
199,05.08.2010 05:00:00,19.75,19.87,19.81,19.75,19.75
200,05.08.2010 06:00:00,19.68,19.81,19.75,19.68,19.68,3.659
201,05.08.2010 07:00:00,19.62,19.75,19.68,19.62,19.62
202,05.08.2010 08:00:00,19.56,19.75,19.62,19.56,19.56
203,05.08.2010 09:00:00,19.56,19.68,19.62,19.56,19.56
204,05.08.2010 10:00:00,19.56,19.68,19.62,19.56,19.56
205,05.08.2010 11:00:00,19.68,19.75,19.68,19.62,19.62
206,05.08.2010 12:00:00,19.75,19.87,19.81,19.68,19.68,3.658
207,05.08.2010 13:00:00,19.87,20,19.93,19.81,19.81
208,05.08.2010 14:00:00,20.06,20.18,20,19.93,19.93
209,05.08.2010 15:00:00,20.25,20.37,20.18,20.12,20.12
210,05.08.2010 16:00:00,20.43,20.5,20.43,20.37,20.43
211,05.08.2010 17:00:00,20.75,20.75,20.75,20.62,20.75
212,05.08.2010 18:00:00,21,20.93,21,20.87,21,3.661
213,05.08.2010 19:00:00,21.18,21.12,21.18,21.06,21.12
214,05.08.2010 20:00:00,21.31,21.31,21.31,21.18,21.25
215,05.08.2010 21:00:00,21.37,21.37,21.37,21.25,21.31
216,05.08.2010 22:00:00,21.43,21.43,21.43,21.31,21.31
217,05.08.2010 23:00:00,21.37,21.43,21.37,21.31,21.31
218,06.08.2010 00:00:00,21.37,21.37,21.37,21.31,21.25,3.662
219,06.08.2010 01:00:00,21.31,21.37,21.31,21.25,21.18
220,06.08.2010 02:00:00,21.25,21.31,21.31,21.18,21.12
221,06.08.2010 03:00:00,21.18,21.25,21.18,21.12,21.06
222,06.08.2010 04:00:00,21.12,21.18,21.12,21.06,21
223,06.08.2010 05:00:00,21.06,21.12,21.06,21,20.93
224,06.08.2010 06:00:00,21,21.06,21,20.93,20.87,3.664
225,06.08.2010 07:00:00,20.93,20.93,20.93,20.81,20.75
226,06.08.2010 08:00:00,20.81,20.87,20.81,20.75,20.68
227,06.08.2010 09:00:00,20.75,20.81,20.81,20.75,20.62
228,06.08.2010 10:00:00,20.75,20.81,20.75,20.68,20.62
229,06.08.2010 11:00:00,20.68,20.81,20.75,20.68,20.62
230,06.08.2010 12:00:00,20.68,20.81,20.75,20.68,20.68,3.661
231,06.08.2010 13:00:00,20.68,20.81,20.75,20.68,20.75
232,06.08.2010 14:00:00,20.75,20.87,20.81,20.75,20.75
233,06.08.2010 15:00:00,20.81,20.87,20.87,20.75,20.81
234,06.08.2010 16:00:00,20.81,20.93,20.87,20.81,20.81
235,06.08.2010 17:00:00,20.87,20.93,20.87,20.81,20.87
236,06.08.2010 18:00:00,20.87,20.93,20.93,20.81,20.87,3.664
237,06.08.2010 19:00:00,20.81,21,20.93,20.81,20.81
238,06.08.2010 20:00:00,20.87,20.93,20.87,20.81,20.81
239,06.08.2010 21:00:00,20.81,20.93,20.87,20.75,20.81
240,06.08.2010 22:00:00,20.81,20.93,20.87,20.81,20.81
241,06.08.2010 23:00:00,20.81,20.93,20.87,20.75,20.81
242,07.08.2010 00:00:00,20.75,20.87,20.81,20.75,20.75,3.666
243,07.08.2010 01:00:00,20.75,20.87,20.75,20.68,20.68
244,07.08.2010 02:00:00,20.68,20.81,20.75,20.68,20.68
245,07.08.2010 03:00:00,20.62,20.75,20.68,20.62,20.56
246,07.08.2010 04:00:00,20.56,20.68,20.62,20.56,20.56
247,07.08.2010 05:00:00,20.56,20.68,20.56,20.5,20.5
248,07.08.2010 06:00:00,20.5,20.62,20.56,20.5,20.43,3.659
249,07.08.2010 07:00:00,20.43,20.56,20.5,20.43,20.37
250,07.08.2010 08:00:00,20.43,20.56,20.43,20.37,20.37
251,07.08.2010 09:00:00,20.37,20.5,20.43,20.31,20.31
252,07.08.2010 10:00:00,20.5,20.56,20.43,20.37,20.37
253,07.08.2010 11:00:00,20.75,20.68,20.62,20.56,20.43
254,07.08.2010 12:00:00,20.75,20.75,20.68,20.62,20.5,3.666
255,07.08.2010 13:00:00,20.75,20.75,20.68,20.62,20.5
256,07.08.2010 14:00:00,20.68,20.68,20.68,20.62,20.5
257,07.08.2010 15:00:00,20.68,20.68,20.62,20.62,20.5
258,07.08.2010 16:00:00,20.62,20.62,20.68,20.56,20.5
259,07.08.2010 17:00:00,20.62,20.62,20.62,20.56,20.43
260,07.08.2010 18:00:00,20.62,20.62,20.56,20.56,20.43,3.660
261,07.08.2010 19:00:00,20.62,20.62,20.56,20.5,20.43
262,07.08.2010 20:00:00,20.56,20.56,20.56,20.56,20.43
263,07.08.2010 21:00:00,20.56,20.56,20.56,20.5,20.43
264,07.08.2010 22:00:00,20.56,20.56,20.5,20.43,20.37
265,07.08.2010 23:00:00,20.43,20.5,20.5,20.43,20.37
266,08.08.2010 00:00:00,20.37,20.43,20.43,20.37,20.25,3.665
267,08.08.2010 01:00:00,20.31,20.37,20.31,20.25,20.18
268,08.08.2010 02:00:00,20.18,20.25,20.25,20.18,20.12
269,08.08.2010 03:00:00,20.12,20.18,20.12,20.12,20
270,08.08.2010 04:00:00,20,20.06,20.06,20,19.87
271,08.08.2010 05:00:00,19.93,20,19.93,19.93,19.81
272,08.08.2010 06:00:00,19.81,19.93,19.87,19.81,19.75,3.658
273,08.08.2010 07:00:00,19.75,19.81,19.81,19.75,19.62
274,08.08.2010 08:00:00,19.68,19.75,19.75,19.68,19.62
275,08.08.2010 09:00:00,19.62,19.68,19.68,19.62,19.56
276,08.08.2010 10:00:00,19.5,19.56,19.56,19.5,19.37
277,08.08.2010 11:00:00,19.43,19.5,19.5,19.5,19.37
278,08.08.2010 12:00:00,19.37,19.43,19.43,19.37,19.31,3.657
279,08.08.2010 13:00:00,19.37,19.5,19.43,19.37,19.43
280,08.08.2010 14:00:00,19.37,19.56,19.5,19.43,19.43
281,08.08.2010 15:00:00,19.43,19.62,19.56,19.5,19.5
282,08.08.2010 16:00:00,19.5,19.62,19.62,19.56,19.56
283,08.08.2010 17:00:00,19.56,19.68,19.68,19.56,19.56
284,08.08.2010 18:00:00,19.56,19.68,19.68,19.56,19.56,3.657
285,08.08.2010 19:00:00,19.56,19.68,19.68,19.62,19.62
286,08.08.2010 20:00:00,19.56,19.68,19.62,19.56,19.62
287,08.08.2010 21:00:00,19.56,19.68,19.68,19.56,19.56
288,08.08.2010 22:00:00,19.5,19.68,19.62,19.56,19.56
289,08.08.2010 23:00:00,19.5,19.62,19.62,19.5,19.56
290,09.08.2010 00:00:00,19.5,19.62,19.56,19.5,19.5,3.661
291,09.08.2010 01:00:00,19.43,19.56,19.56,19.43,19.43
292,09.08.2010 02:00:00,19.37,19.5,19.5,19.43,19.37
293,09.08.2010 03:00:00,19.31,19.43,19.37,19.37,19.31
294,09.08.2010 04:00:00,19.25,19.43,19.31,19.31,19.25
295,09.08.2010 05:00:00,19.18,19.31,19.25,19.18,19.18
296,09.08.2010 06:00:00,18.93,18.87,18.93,18.93,18.62,3.660
297,09.08.2010 07:00:00,18.87,19.06,19.06,18.93,18.93
298,09.08.2010 08:00:00,18.93,19.06,19.06,19,19
299,09.08.2010 09:00:00,18.87,19.06,19,18.93,18.93
300,09.08.2010 10:00:00,18.87,19.06,19,18.93,19
301,09.08.2010 11:00:00,18.87,19.06,19.06,19,19
302,09.08.2010 12:00:00,18.93,19.12,19.06,19,19.06,3.661
303,09.08.2010 13:00:00,19,19.18,19.12,19.06,19.12
304,09.08.2010 14:00:00,19.06,19.25,19.25,19.12,19.18
305,09.08.2010 15:00:00,19.18,19.37,19.31,19.25,19.31
306,09.08.2010 16:00:00,19.25,19.43,19.37,19.31,19.37
307,09.08.2010 17:00:00,20.37,20.5,20.62,20.5,20.56
308,09.08.2010 18:00:00,20.81,20.81,20.93,20.81,20.75,3.659
309,09.08.2010 19:00:00,20.87,20.56,20.81,20.81,20.25
310,09.08.2010 20:00:00,20.68,20.12,20.37,20.43,19.62
311,09.08.2010 21:00:00,20.25,19.56,19.81,19.93,19.06
312,09.08.2010 22:00:00,19.68,19,19.12,19.31,18.43
313,09.08.2010 23:00:00,19.18,18.5,18.62,18.81,17.93
314,10.08.2010 00:00:00,18.62,17.93,18.06,18.25,17.37,3.661
315,10.08.2010 01:00:00,18.06,17.37,17.56,17.75,16.93
316,10.08.2010 02:00:00,17.62,17,17.12,17.31,16.5
317,10.08.2010 03:00:00,17.18,16.56,16.68,16.87,16.18
318,10.08.2010 04:00:00,16.75,16.12,16.31,16.43,15.75
319,10.08.2010 05:00:00,16.31,15.68,15.87,16,15.31
320,10.08.2010 06:00:00,15.87,15.31,15.5,15.62,14.93,3.655
321,10.08.2010 07:00:00,15.5,15.06,15.18,15.31,14.81
322,10.08.2010 08:00:00,15.5,16.25,15.87,15.68,16.81
323,10.08.2010 09:00:00,16.81,18.56,17.62,17.37,18.37
324,10.08.2010 10:00:00,18.06,20.81,19,18.75,20.37
325,10.08.2010 11:00:00,20.5,24.93,22,21.75,24.12
326,10.08.2010 12:00:00,22.43,24.81,23.37,23.31,24.12,3.667
327,10.08.2010 13:00:00,23.18,25.81,24.12,24,25.37
328,10.08.2010 14:00:00,24.68,27.93,26.06,25.87,28
329,10.08.2010 15:00:00,26.12,29.56,27.75,27.62,30.06
330,10.08.2010 16:00:00,27.62,30.87,29.5,29.31,32
331,10.08.2010 17:00:00,28.75,31.62,30.62,30.43,32.68
332,10.08.2010 18:00:00,28.81,29.68,29.43,29.56,29.12,3.688
333,10.08.2010 19:00:00,27.81,28.06,27.75,28,27
334,10.08.2010 20:00:00,26.68,26.12,26.06,26.5,24.75
335,10.08.2010 21:00:00,25.25,24.37,24.31,24.81,22.87
336,10.08.2010 22:00:00,23.87,21.81,22.81,23.31,21.25
337,10.08.2010 23:00:00,22,21.06,22.12,22.12,21.87
338,11.08.2010 00:00:00,21.06,21.18,21.12,21.12,20.68,3.668
339,11.08.2010 01:00:00,20.06,20.37,20.12,20.18,19.68
340,11.08.2010 02:00:00,19,19.37,19,19.12,18.62
341,11.08.2010 03:00:00,17.87,18.31,17.87,18.06,17.5
342,11.08.2010 04:00:00,16.75,17.18,16.81,16.93,16.37
343,11.08.2010 05:00:00,15.62,16,15.68,15.81,15.31
344,11.08.2010 06:00:00,14.5,14.87,14.56,14.68,14.18,3.646
345,11.08.2010 07:00:00,13.56,13.81,13.56,13.62,13.18
346,11.08.2010 08:00:00,12.37,11.68,12.31,12.43,11.75
347,11.08.2010 09:00:00,11.37,10.75,11.31,11.31,10.87
348,11.08.2010 10:00:00,12.06,12.25,11.43,11.31,11.37,3.646
349,11.08.2010 11:00:00,22.75,19.56,24.18,21.43,21.43
350,11.08.2010 12:00:00,30.75,25.81,31.81,28.93,28.62
351,11.08.2010 13:00:00,37.18,32.87,38.5,37.81,36.25
352,11.08.2010 14:00:00,43.18,37.12,43.81,43.31,41.06
353,11.08.2010 15:00:00,26.81,29.93,35.81,31.68,34.06
354,11.08.2010 16:00:00,30.93,31.06,31.62,31.62,31.37,3.712
355,11.08.2010 17:00:00,29.18,30.25,29.81,31,30.56
356,11.08.2010 18:00:00,25.06,29,23.25,24,23.62
357,11.08.2010 19:00:00,26.68,27.43,27.12,26.43,26.93
358,11.08.2010 20:00:00,26.5,27.31,27.18,26,26.93
359,11.08.2010 21:00:00,23.18,23.37,24.5,22.68,24.31
360,11.08.2010 22:00:00,22.75,21.62,22.18,20.62,22.12,3.673
361,11.08.2010 23:00:00,18.31,18.06,19.68,20.5,20.12
362,12.08.2010 00:00:00,16.75,16.93,18.37,18.93,18.62
363,12.08.2010 01:00:00,15.75,16.25,17.18,17.12,17.31
364,12.08.2010 02:00:00,14.93,15.56,16.12,16.06,16.18
365,12.08.2010 03:00:00,14.25,14.87,15.25,15.25,15.25
366,12.08.2010 04:00:00,13.56,14.31,14.56,14.5,14.5,3.642
367,12.08.2010 05:00:00,13,13.68,13.87,13.87,13.81
368,12.08.2010 06:00:00,12.43,13.12,13.25,13.25,13.25
369,12.08.2010 07:00:00,11.93,12.68,12.75,12.81,12.68
370,12.08.2010 08:00:00,11.81,12.68,12.56,13,12.5
371,12.08.2010 09:00:00,13.81,16.56,15.5,15.62,14.75
372,12.08.2010 10:00:00,18.5,20.18,20.75,21.31,20.81,3.650
373,12.08.2010 11:00:00,23.06,20.31,18.37,17.81,18.31
374,12.08.2010 12:00:00,24.93,22.31,19.62,18.12,19.31
375,12.08.2010 13:00:00,26.06,25.81,27,24.87,26.06
376,12.08.2010 14:00:00,29.87,29.5,27.31,26.5,26.81
377,12.08.2010 15:00:00,26.43,26.56,26.12,26.06,26.06
378,12.08.2010 16:00:00,21.68,23,23.18,23.62,23.75,3.677
379,12.08.2010 16:59:39,24,25.37,25.62,21.5,23.31,3.676
380,12.08.2010 18:00:00,15,10.87,11.68,11.06,10.25,3.661
381,12.08.2010 19:00:00,9.56,6.31,4.87,3.12,0.87
382,12.08.2010 20:00:00,9.43,6.31,4.81,3.12,0.75
383,12.08.2010 21:00:00,9.18,6.37,4.81,3,0.75
384,12.08.2010 22:00:00,9,6.37,4.75,3,0.75
385,12.08.2010 23:00:00,8.75,6.43,4.75,3,0.75
386,13.08.2010 00:00:00,8.56,6.5,4.75,2.93,0.75,3.632
387,13.08.2010 01:00:00,8.37,6.5,4.75,3,0.75
388,13.08.2010 02:00:00,8.18,6.5,4.75,2.93,0.75
389,13.08.2010 03:00:00,7.87,6.56,4.75,2.93,0.75
390,13.08.2010 04:00:00,7.68,6.56,4.81,2.93,0.75
391,13.08.2010 05:00:00,7.43,6.56,4.81,2.93,0.75
392,13.08.2010 06:00:00,7.31,6.5,4.81,3,0.75,3.634
393,13.08.2010 07:00:00,7.12,6.5,4.81,2.93,0.81
394,13.08.2010 08:00:00,7,6.5,4.81,2.93,0.75
395,13.08.2010 09:00:00,6.87,6.43,4.81,3,0.75
396,13.08.2010 10:00:00,6.87,6.37,4.87,2.93,0.75
397,13.08.2010 11:00:00,7,6.37,4.81,3,0.75
398,13.08.2010 12:00:00,7.37,6.31,4.87,3,0.81,3.630
399,13.08.2010 13:00:00,7.62,6.31,4.87,3,0.81
400,13.08.2010 14:00:00,7.81,6.25,4.87,3,0.81
401,13.08.2010 15:00:00,8.25,6.25,4.87,3,0.81
402,13.08.2010 16:00:00,9,6.25,4.81,2.93,0.81
403,13.08.2010 17:00:00,9.5,6.25,4.81,3,0.81
404,13.08.2010 18:00:00,9.75,6.31,4.81,3,0.81,3.644
405,13.08.2010 19:00:00,9.81,6.31,4.81,3,0.81
406,13.08.2010 20:00:00,9.68,6.37,4.81,3,0.81
407,13.08.2010 21:00:00,9.43,6.5,4.81,3,0.81
408,13.08.2010 22:00:00,9.12,6.5,4.81,3,0.81
409,13.08.2010 23:00:00,8.81,6.56,4.81,3,0.81
410,14.08.2010 00:00:00,8.5,6.62,4.81,3,0.81,3.634
411,14.08.2010 01:00:00,8.31,6.68,4.87,3,0.81
412,14.08.2010 02:00:00,8.06,6.68,4.87,3,0.81
413,14.08.2010 03:00:00,7.87,6.68,4.87,3,0.81
414,14.08.2010 04:00:00,7.68,6.68,4.87,3,0.87
415,14.08.2010 05:00:00,7.5,6.68,4.87,3.06,0.87
416,14.08.2010 06:00:00,7.31,6.62,4.93,3.06,0.87,3.630
417,14.08.2010 07:00:00,7.12,6.62,4.93,3,0.87
418,14.08.2010 08:00:00,6.93,6.56,4.93,3.06,0.87
419,14.08.2010 09:00:00,6.93,6.56,4.93,3.06,0.87
420,14.08.2010 10:00:00,7,6.5,4.93,3.06,0.87
421,14.08.2010 11:00:00,7.18,6.43,4.93,3.06,0.87
422,14.08.2010 12:00:00,7.31,6.43,4.93,3.06,0.87,3.631
423,14.08.2010 13:00:00,7.31,6.37,4.93,3.06,0.87
424,14.08.2010 14:00:00,7.5,6.37,4.93,3.06,0.87
425,14.08.2010 15:00:00,7.68,6.31,4.93,3.06,0.87
426,14.08.2010 16:00:00,7.87,6.37,4.93,3.06,0.87
427,14.08.2010 17:00:00,8,6.31,4.93,3.06,0.93
428,14.08.2010 18:00:00,8.06,6.31,4.93,3.06,0.87,3.640
429,14.08.2010 19:00:00,8.06,6.37,4.93,3.06,0.93
430,14.08.2010 20:00:00,8.06,6.37,4.93,3.06,0.93
431,14.08.2010 21:00:00,7.93,6.37,4.93,3.12,0.93
432,14.08.2010 22:00:00,7.75,6.37,4.93,3.06,0.93
433,14.08.2010 23:00:00,7.56,6.43,4.93,3.12,0.93
434,15.08.2010 00:00:00,7.43,6.43,4.93,3.12,0.93,3.636
435,15.08.2010 01:00:00,7.25,6.43,4.93,3.12,0.93
436,15.08.2010 02:00:00,7.12,6.43,4.93,3.12,0.93
437,15.08.2010 03:00:00,6.93,6.37,4.93,3.12,0.93
438,15.08.2010 04:00:00,6.81,6.37,4.87,3.12,0.93
439,15.08.2010 05:00:00,6.62,6.37,4.93,3.12,0.93
440,15.08.2010 06:00:00,6.43,6.31,4.93,3.12,1,3.633
441,15.08.2010 07:00:00,6.25,6.25,4.93,3.12,0.93
442,15.08.2010 08:00:00,6.12,6.25,4.93,3.12,1
443,15.08.2010 09:00:00,6.06,6.18,4.93,3.12,1
444,15.08.2010 10:00:00,6,6.18,4.93,3.12,1
445,15.08.2010 11:00:00,6.12,6.12,4.93,3.12,1
446,15.08.2010 12:00:00,6.5,6.06,4.93,3.12,1,3.629
447,15.08.2010 13:00:00,7.06,6,4.87,3.12,1
448,15.08.2010 14:00:00,7.68,6,4.87,3.12,1.06
449,15.08.2010 15:00:00,8.06,6,4.87,3.12,1
450,15.08.2010 16:00:00,8.31,6,4.87,3.12,1
451,15.08.2010 17:00:00,8.56,6,4.87,3.18,1
452,15.08.2010 18:00:00,8.75,6.06,4.81,3.18,1,3.644
453,15.08.2010 19:00:00,8.87,6.12,4.87,3.12,1.06
454,15.08.2010 20:00:00,8.75,6.18,4.81,3.12,1.06
455,15.08.2010 21:00:00,8.56,6.25,4.81,3.12,1.06
456,15.08.2010 22:00:00,8.25,6.31,4.81,3.12,1.06
457,15.08.2010 23:00:00,8,6.37,4.81,3.18,1.06
458,16.08.2010 00:00:00,7.75,6.37,4.87,3.12,1.06,3.635
459,16.08.2010 01:00:00,7.5,6.43,4.87,3.18,1.06
460,16.08.2010 02:00:00,7.25,6.43,4.87,3.18,1.06
461,16.08.2010 03:00:00,7.06,6.43,4.87,3.18,1.06
462,16.08.2010 04:00:00,6.81,6.43,4.87,3.12,1.06
463,16.08.2010 05:00:00,6.56,6.37,4.87,3.18,1.12
464,16.08.2010 06:00:00,6.31,6.37,4.87,3.18,1.06,3.634
465,16.08.2010 07:00:00,6,6.31,4.93,3.18,1.12
466,16.08.2010 08:00:00,5.81,6.25,4.87,3.18,1.12
467,16.08.2010 09:00:00,5.68,6.25,4.87,3.18,1.12
468,16.08.2010 10:00:00,5.81,6.18,4.93,3.18,1.12
469,16.08.2010 11:00:00,6.25,6.12,4.93,3.18,1.12
470,16.08.2010 12:00:00,7,6.06,4.93,3.18,1.12,3.637
471,16.08.2010 13:00:00,7.75,6,4.87,3.18,1.12
472,16.08.2010 14:00:00,8.5,6,4.87,3.18,1.12
473,16.08.2010 15:00:00,9.18,6,4.87,3.18,1.12
474,16.08.2010 16:00:00,9.75,6.06,4.87,3.18,1.18
475,16.08.2010 17:00:00,10.12,6.12,4.87,3.18,1.12
476,16.08.2010 18:00:00,10.37,6.18,4.87,3.18,1.18,3.649
477,16.08.2010 19:00:00,10.37,6.37,4.87,3.18,1.18
478,16.08.2010 20:00:00,10.18,6.43,4.81,3.18,1.18
479,16.08.2010 21:00:00,9.87,6.56,4.87,3.25,1.12
480,16.08.2010 22:00:00,9.5,6.68,4.87,3.18,1.18
481,16.08.2010 23:00:00,9,6.75,4.87,3.18,1.18
482,17.08.2010 00:00:00,8.56,6.81,4.93,3.18,1.18,3.634
483,17.08.2010 01:00:00,8.12,6.87,4.93,3.25,1.18
484,17.08.2010 02:00:00,7.68,6.87,4.93,3.25,1.18
485,17.08.2010 03:00:00,7.31,6.87,5,3.25,1.18
486,17.08.2010 04:00:00,6.93,6.87,5,3.25,1.18
487,17.08.2010 05:00:00,6.68,6.81,5.06,3.18,1.25
488,17.08.2010 06:00:00,6.37,6.75,5.06,3.25,1.18,3.628
489,17.08.2010 07:00:00,6.12,6.68,5.06,3.25,1.18
490,17.08.2010 08:00:00,5.87,6.62,5.06,3.25,1.25
491,17.08.2010 09:00:00,5.68,6.56,5.12,3.25,1.25
492,17.08.2010 10:00:00,5.75,6.5,5.12,3.25,1.25
493,17.08.2010 11:00:00,6.12,6.43,5.06,3.25,1.25
494,17.08.2010 12:00:00,6.81,6.37,5.12,3.25,1.25,3.634
495,17.08.2010 13:00:00,7.56,6.25,5.06,3.31,1.25
496,17.08.2010 14:00:00,8.43,6.25,5.06,3.31,1.25
497,17.08.2010 15:00:00,9.12,6.25,5.06,3.31,1.25
498,17.08.2010 16:00:00,9.68,6.25,5.06,3.31,1.25
499,17.08.2010 17:00:00,10.12,6.31,5.06,3.31,1.25
500,17.08.2010 18:00:00,10.31,6.37,5.06,3.31,1.25,3.647
501,17.08.2010 19:00:00,10.31,6.5,5.06,3.31,1.25
502,17.08.2010 20:00:00,10.18,6.56,5.06,3.31,1.31
503,17.08.2010 21:00:00,9.87,6.68,5,3.31,1.31
504,17.08.2010 22:00:00,9.5,6.81,5.06,3.31,1.31
505,17.08.2010 23:00:00,9.12,6.87,5.06,3.31,1.31
506,18.08.2010 00:00:00,8.75,6.93,5.06,3.31,1.31,3.636
507,18.08.2010 01:00:00,8.43,7,5.12,3.31,1.31
508,18.08.2010 02:00:00,8.12,7,5.12,3.31,1.31
509,18.08.2010 03:00:00,7.81,7,5.12,3.37,1.31
510,18.08.2010 04:00:00,7.43,7,5.18,3.31,1.31
511,18.08.2010 05:00:00,7.12,7,5.18,3.37,1.31
512,18.08.2010 06:00:00,6.81,6.93,5.18,3.37,1.37,3.635
513,18.08.2010 07:00:00,6.5,6.87,5.18,3.37,1.37
514,18.08.2010 08:00:00,6.25,6.81,5.25,3.37,1.37
515,18.08.2010 09:00:00,6.06,6.75,5.25,3.37,1.37
516,18.08.2010 10:00:00,6.18,6.68,5.25,3.37,1.37
517,18.08.2010 11:00:00,6.56,6.62,5.25,3.37,1.37
518,18.08.2010 12:00:00,7.06,6.56,5.25,3.37,1.37,3.638
519,18.08.2010 13:00:00,7.75,6.5,5.25,3.43,1.37
520,18.08.2010 14:00:00,8.37,6.43,5.25,3.37,1.37
521,18.08.2010 15:00:00,8.62,6.43,5.25,3.43,1.43
522,18.08.2010 16:00:00,8.93,6.43,5.18,3.43,1.43
523,18.08.2010 17:00:00,9.12,6.5,5.18,3.43,1.37
524,18.08.2010 18:00:00,9.12,6.56,5.18,3.43,1.43,3.641
525,18.08.2010 19:00:00,9.06,6.56,5.18,3.43,1.43
526,18.08.2010 20:00:00,8.93,6.62,5.18,3.43,1.43
527,18.08.2010 21:00:00,8.68,6.68,5.18,3.43,1.43
528,18.08.2010 22:00:00,8.43,6.75,5.18,3.43,1.43
529,18.08.2010 23:00:00,8.12,6.75,5.18,3.5,1.43
530,19.08.2010 00:00:00,7.81,6.81,5.18,3.43,1.43,3.634
531,19.08.2010 01:00:00,7.43,6.81,5.18,3.5,1.5
532,19.08.2010 02:00:00,7.12,6.81,5.25,3.5,1.5
533,19.08.2010 03:00:00,6.75,6.81,5.25,3.5,1.43
534,19.08.2010 04:00:00,6.43,6.75,5.25,3.43,1.5
535,19.08.2010 05:00:00,6.12,6.68,5.25,3.5,1.5
536,19.08.2010 06:00:00,5.87,6.62,5.25,3.5,1.5,3.627
537,19.08.2010 07:00:00,5.68,6.56,5.25,3.5,1.5
538,19.08.2010 08:00:00,5.5,6.5,5.25,3.5,1.5
539,19.08.2010 09:00:00,5.31,6.43,5.25,3.5,1.5
540,19.08.2010 10:00:00,5.43,6.37,5.25,3.5,1.5
541,19.08.2010 11:00:00,5.87,6.31,5.25,3.5,1.5
542,19.08.2010 12:00:00,6.62,6.18,5.25,3.5,1.5,3.633
543,19.08.2010 13:00:00,7.5,6.12,5.25,3.5,1.56
544,19.08.2010 14:00:00,8.37,6.12,5.18,3.56,1.56
545,19.08.2010 15:00:00,9.18,6.12,5.18,3.5,1.56
546,19.08.2010 16:00:00,9.87,6.12,5.18,3.56,1.56
547,19.08.2010 17:00:00,10.37,6.25,5.18,3.56,1.56
548,19.08.2010 18:00:00,10.68,6.31,5.12,3.56,1.56,3.651
549,19.08.2010 19:00:00,10.75,6.43,5.12,3.56,1.56
550,19.08.2010 20:00:00,10.62,6.56,5.12,3.56,1.62
551,19.08.2010 21:00:00,10.31,6.62,5.12,3.56,1.56
552,19.08.2010 22:00:00,9.93,6.81,5.12,3.56,1.62
553,19.08.2010 23:00:00,9.5,6.87,5.18,3.56,1.62
554,20.08.2010 00:00:00,9.12,6.93,5.12,3.56,1.62,3.638
555,20.08.2010 01:00:00,8.68,7,5.18,3.56,1.62
556,20.08.2010 02:00:00,8.31,7.06,5.18,3.56,1.62
557,20.08.2010 03:00:00,7.87,7.06,5.25,3.56,1.62
558,20.08.2010 04:00:00,7.5,7.06,5.25,3.56,1.62
559,20.08.2010 05:00:00,7.12,7.06,5.25,3.56,1.62
560,20.08.2010 06:00:00,6.81,7,5.31,3.56,1.62,3.635
561,20.08.2010 07:00:00,6.5,7,5.31,3.56,1.62
562,20.08.2010 08:00:00,6.25,6.87,5.31,3.56,1.68
563,20.08.2010 09:00:00,6,6.81,5.31,3.56,1.68
564,20.08.2010 10:00:00,6.06,6.75,5.31,3.56,1.68
565,20.08.2010 11:00:00,6.37,6.68,5.31,3.56,1.68
566,20.08.2010 12:00:00,6.93,6.62,5.37,3.62,1.68,3.639
567,20.08.2010 13:00:00,7.56,6.56,5.31,3.62,1.68
568,20.08.2010 14:00:00,8.18,6.5,5.37,3.62,1.68
569,20.08.2010 15:00:00,8.87,6.5,5.31,3.62,1.68
570,20.08.2010 16:00:00,9.56,6.5,5.31,3.62,1.68
571,20.08.2010 17:00:00,10.12,6.56,5.31,3.62,1.68
572,20.08.2010 18:00:00,10.43,6.62,5.31,3.62,1.68,3.645
573,20.08.2010 19:00:00,10.5,6.68,5.31,3.62,1.68
574,20.08.2010 20:00:00,10.37,6.75,5.31,3.62,1.75
575,20.08.2010 21:00:00,10.06,6.87,5.31,3.62,1.75
576,20.08.2010 22:00:00,9.75,6.93,5.31,3.68,1.75
577,20.08.2010 23:00:00,9.37,7,5.31,3.68,1.75
578,21.08.2010 00:00:00,9,7.06,5.31,3.62,1.75,3.641
579,21.08.2010 01:00:00,8.56,7.12,5.31,3.68,1.75
580,21.08.2010 02:00:00,8.18,7.12,5.37,3.68,1.75
581,21.08.2010 03:00:00,7.81,7.12,5.37,3.68,1.75
582,21.08.2010 04:00:00,7.43,7.12,5.43,3.68,1.75
583,21.08.2010 05:00:00,7.12,7.06,5.37,3.68,1.75
584,21.08.2010 06:00:00,6.75,7.06,5.43,3.68,1.75,3.630
585,21.08.2010 07:00:00,6.5,7,5.43,3.68,1.81
586,21.08.2010 08:00:00,6.18,6.93,5.43,3.68,1.81
587,21.08.2010 09:00:00,6,6.87,5.43,3.68,1.81
588,21.08.2010 10:00:00,6.06,6.81,5.43,3.68,1.81
589,21.08.2010 11:00:00,6.43,6.68,5.43,3.75,1.81
590,21.08.2010 12:00:00,7,6.62,5.5,3.68,1.81,3.640
591,21.08.2010 13:00:00,7.75,6.62,5.43,3.75,1.81
592,21.08.2010 14:00:00,8.62,6.56,5.43,3.75,1.81
593,21.08.2010 15:00:00,9.25,6.5,5.43,3.75,1.81
594,21.08.2010 16:00:00,9.56,6.56,5.43,3.75,1.81
595,21.08.2010 17:00:00,9.62,6.56,5.43,3.75,1.81
596,21.08.2010 18:00:00,9.43,6.62,5.43,3.75,1.81,3.641
597,21.08.2010 19:00:00,9.18,6.68,5.37,3.75,1.87
598,21.08.2010 20:00:00,9,6.75,5.37,3.75,1.87
599,21.08.2010 21:00:00,8.75,6.81,5.43,3.75,1.87
600,21.08.2010 22:00:00,8.43,6.87,5.37,3.75,1.87
601,21.08.2010 23:00:00,8.06,6.87,5.37,3.75,1.87
602,22.08.2010 00:00:00,7.68,6.87,5.37,3.81,1.87,3.632
603,22.08.2010 01:00:00,7.31,6.87,5.37,3.75,1.87
604,22.08.2010 02:00:00,7,6.87,5.37,3.75,1.87
605,22.08.2010 03:00:00,6.68,6.81,5.37,3.75,1.87
606,22.08.2010 04:00:00,6.37,6.81,5.43,3.81,1.87
607,22.08.2010 05:00:00,6.06,6.75,5.43,3.81,1.87
608,22.08.2010 06:00:00,5.81,6.68,5.43,3.81,1.93,3.628
609,22.08.2010 07:00:00,5.62,6.62,5.43,3.81,1.93
610,22.08.2010 08:00:00,5.37,6.56,5.43,3.81,1.93
611,22.08.2010 09:00:00,5.18,6.5,5.43,3.81,1.93
612,22.08.2010 10:00:00,5.18,6.43,5.43,3.81,1.93
613,22.08.2010 11:00:00,5.62,6.31,5.37,3.81,1.93
614,22.08.2010 12:00:00,6.31,6.25,5.37,3.81,1.93,3.637
615,22.08.2010 13:00:00,7.12,6.18,5.37,3.81,1.93
616,22.08.2010 14:00:00,8.06,6.12,5.31,3.81,1.93
617,22.08.2010 15:00:00,8.93,6.12,5.31,3.81,1.93
618,22.08.2010 16:00:00,9.62,6.12,5.31,3.81,1.93
619,22.08.2010 17:00:00,10.18,6.18,5.31,3.81,1.93
620,22.08.2010 18:00:00,10.5,6.31,5.25,3.81,2,3.649
621,22.08.2010 19:00:00,10.56,6.37,5.25,3.81,2
622,22.08.2010 20:00:00,10.37,6.5,5.31,3.81,1.93
623,22.08.2010 21:00:00,10.06,6.62,5.31,3.81,2
624,22.08.2010 22:00:00,9.62,6.75,5.25,3.81,2
625,22.08.2010 23:00:00,9.18,6.81,5.31,3.81,2
626,23.08.2010 00:00:00,8.75,6.87,5.31,3.81,2,3.639
627,23.08.2010 01:00:00,8.31,6.93,5.31,3.81,2
628,23.08.2010 02:00:00,7.87,7,5.31,3.81,2
629,23.08.2010 03:00:00,7.43,7,5.31,3.81,2
630,23.08.2010 04:00:00,7.06,7,5.37,3.81,2
631,23.08.2010 05:00:00,6.75,6.93,5.37,3.81,2
632,23.08.2010 06:00:00,6.43,6.93,5.37,3.81,2,3.627
633,23.08.2010 07:00:00,6.12,6.81,5.43,3.81,2.06
634,23.08.2010 08:00:00,5.81,6.75,5.37,3.81,2
635,23.08.2010 09:00:00,5.62,6.68,5.43,3.81,2.06
636,23.08.2010 10:00:00,5.56,6.62,5.43,3.81,2.06
637,23.08.2010 11:00:00,5.75,6.56,5.43,3.81,2.06
638,23.08.2010 12:00:00,6.06,6.5,5.43,3.81,2.06,3.633
639,23.08.2010 13:00:00,6.68,6.37,5.43,3.81,2.06
640,23.08.2010 14:00:00,7.31,6.31,5.43,3.87,2.06
641,23.08.2010 15:00:00,7.87,6.31,5.37,3.87,2.06
642,23.08.2010 16:00:00,8.31,6.31,5.37,3.87,2.06
643,23.08.2010 17:00:00,8.31,6.31,5.37,3.81,2.06
644,23.08.2010 18:00:00,8.12,6.31,5.37,3.87,2.06,3.639
645,23.08.2010 19:00:00,8,6.37,5.37,3.87,2.06
646,23.08.2010 20:00:00,7.87,6.37,5.31,3.87,2.12
647,23.08.2010 21:00:00,7.62,6.43,5.31,3.87,2.12
648,23.08.2010 22:00:00,7.43,6.43,5.31,3.87,2.06
649,23.08.2010 23:00:00,7.18,6.43,5.31,3.87,2.06
650,24.08.2010 00:00:00,6.93,6.5,5.31,3.87,2.06,3.636
651,24.08.2010 01:00:00,6.68,6.43,5.31,3.87,2.06
652,24.08.2010 02:00:00,6.5,6.43,5.31,3.87,2.12
653,24.08.2010 03:00:00,6.25,6.43,5.31,3.87,2.12
654,24.08.2010 04:00:00,6.06,6.37,5.31,3.87,2.12
655,24.08.2010 05:00:00,5.93,6.37,5.31,3.87,2.12
656,24.08.2010 06:00:00,5.75,6.31,5.31,3.87,2.12,3.629
657,24.08.2010 07:00:00,5.56,6.25,5.31,3.87,2.12
658,24.08.2010 08:00:00,5.43,6.18,5.31,3.87,2.12
659,24.08.2010 09:00:00,5.37,6.12,5.31,3.87,2.12
660,24.08.2010 10:00:00,5.5,6.12,5.25,3.87,2.12
661,24.08.2010 11:00:00,5.81,6.06,5.25,3.87,2.12
662,24.08.2010 12:00:00,6.12,6,5.25,3.87,2.12,3.635
663,24.08.2010 13:00:00,6.56,6,5.25,3.87,2.12
664,24.08.2010 14:00:00,7,5.93,5.18,3.87,2.18
665,24.08.2010 15:00:00,7.43,5.93,5.18,3.87,2.12
666,24.08.2010 16:00:00,7.68,5.93,5.18,3.87,2.12
667,24.08.2010 17:00:00,7.81,5.93,5.18,3.87,2.18
668,24.08.2010 18:00:00,7.81,6,5.18,3.87,2.18,3.633
669,24.08.2010 19:00:00,7.68,6.06,5.18,3.87,2.18
670,24.08.2010 20:00:00,7.5,6.06,5.12,3.87,2.18
671,24.08.2010 21:00:00,7.31,6.06,5.12,3.87,2.18
672,24.08.2010 22:00:00,7.06,6.12,5.12,3.87,2.18
673,24.08.2010 23:00:00,6.75,6.12,5.12,3.87,2.18
674,25.08.2010 00:00:00,6.56,6.18,5.12,3.87,2.18,3.629
675,25.08.2010 01:00:00,6.31,6.18,5.12,3.87,2.18
676,25.08.2010 02:00:00,6.06,6.18,5.12,3.87,2.18
677,25.08.2010 03:00:00,5.87,6.12,5.12,3.87,2.18
678,25.08.2010 04:00:00,5.68,6.12,5.12,3.87,2.18
679,25.08.2010 05:00:00,5.5,6.06,5.12,3.81,2.18
680,25.08.2010 06:00:00,5.31,6,5.12,3.87,2.18,3.626
681,25.08.2010 07:00:00,5.06,6,5.12,3.87,2.18
682,25.08.2010 08:00:00,4.93,5.93,5.12,3.87,2.18
683,25.08.2010 09:00:00,4.81,5.87,5.12,3.87,2.18
684,25.08.2010 10:00:00,4.68,5.87,5.12,3.87,2.18
685,25.08.2010 11:00:00,4.62,5.75,5.12,3.87,2.18
686,25.08.2010 12:00:00,4.5,5.68,5.06,3.81,2.18,3.621
687,25.08.2010 13:00:00,4.5,5.68,5.06,3.87,2.18
688,25.08.2010 14:00:00,4.5,5.62,5.06,3.81,2.25
689,25.08.2010 15:00:00,4.68,5.56,5.06,3.81,2.18
690,25.08.2010 16:00:00,4.81,5.5,5.06,3.81,2.18
691,25.08.2010 17:00:00,5,5.43,5.06,3.81,2.25
692,25.08.2010 18:00:00,5.12,5.43,5,3.81,2.25,3.625
693,25.08.2010 19:00:00,5.12,5.37,5,3.81,2.25
694,25.08.2010 20:00:00,5.18,5.37,4.93,3.81,2.25
695,25.08.2010 21:00:00,5.12,5.31,4.93,3.81,2.18
696,25.08.2010 22:00:00,4.93,5.37,4.93,3.81,2.25
697,25.08.2010 23:00:00,4.81,5.31,4.93,3.81,2.25
698,26.08.2010 00:00:00,4.62,5.31,4.87,3.81,2.25,3.629
699,26.08.2010 01:00:00,4.43,5.31,4.87,3.81,2.25
700,26.08.2010 02:00:00,4.37,5.25,4.87,3.81,2.25
701,26.08.2010 03:00:00,4.25,5.25,4.87,3.81,2.25
702,26.08.2010 04:00:00,4.06,5.18,4.81,3.81,2.25
703,26.08.2010 05:00:00,3.93,5.18,4.81,3.81,2.25
704,26.08.2010 06:00:00,3.75,5.12,4.81,3.75,2.25,3.624
705,26.08.2010 07:00:00,3.68,5.06,4.81,3.81,2.25
706,26.08.2010 08:00:00,3.56,5,4.75,3.75,2.25
707,26.08.2010 09:00:00,3.43,4.93,4.75,3.75,2.25
708,26.08.2010 10:00:00,3.43,4.93,4.75,3.75,2.25
709,26.08.2010 11:00:00,3.68,4.81,4.68,3.75,2.25
710,26.08.2010 12:00:00,4.25,4.81,4.68,3.75,2.25,3.625
711,26.08.2010 13:00:00,5,4.75,4.68,3.75,2.25
712,26.08.2010 14:00:00,5.68,4.68,4.62,3.75,2.25
713,26.08.2010 15:00:00,6.31,4.75,4.62,3.75,2.25
714,26.08.2010 16:00:00,6.68,4.75,4.62,3.68,2.25
715,26.08.2010 17:00:00,7,4.81,4.56,3.68,2.25
716,26.08.2010 18:00:00,7.25,4.87,4.56,3.68,2.25,3.634
717,26.08.2010 19:00:00,7.43,4.93,4.56,3.68,2.25
718,26.08.2010 20:00:00,7.37,5,4.5,3.68,2.25
719,26.08.2010 21:00:00,7.18,5.12,4.56,3.68,2.25
720,26.08.2010 22:00:00,6.93,5.18,4.5,3.68,2.25
721,26.08.2010 23:00:00,6.62,5.25,4.5,3.68,2.25
722,27.08.2010 00:00:00,6.37,5.31,4.5,3.68,2.25,3.627
723,27.08.2010 01:00:00,6.12,5.37,4.56,3.68,2.25
724,27.08.2010 02:00:00,5.87,5.43,4.56,3.62,2.25
725,27.08.2010 03:00:00,5.62,5.43,4.56,3.62,2.25
726,27.08.2010 04:00:00,5.37,5.43,4.56,3.62,2.25
727,27.08.2010 05:00:00,5.18,5.43,4.56,3.62,2.25
728,27.08.2010 06:00:00,5.06,5.37,4.56,3.62,2.25,3.624
729,27.08.2010 07:00:00,4.93,5.37,4.56,3.62,2.25
730,27.08.2010 08:00:00,4.81,5.31,4.62,3.62,2.25
731,27.08.2010 09:00:00,4.68,5.31,4.56,3.62,2.25
732,27.08.2010 10:00:00,4.75,5.25,4.62,3.62,2.25
733,27.08.2010 11:00:00,5,5.25,4.62,3.62,2.25
734,27.08.2010 12:00:00,5.37,5.18,4.62,3.62,2.31,3.631
735,27.08.2010 13:00:00,5.68,5.12,4.62,3.56,2.25
736,27.08.2010 14:00:00,6,5.12,4.56,3.56,2.25
737,27.08.2010 15:00:00,6.5,5.18,4.56,3.62,2.25
738,27.08.2010 16:00:00,7.06,5.18,4.56,3.62,2.25
739,27.08.2010 17:00:00,7.37,5.18,4.56,3.62,2.25
740,27.08.2010 18:00:00,7.5,5.18,4.56,3.56,2.25,3.633
741,27.08.2010 19:00:00,7.5,5.31,4.56,3.62,2.25
742,27.08.2010 20:00:00,7.37,5.37,4.56,3.56,2.25
743,27.08.2010 21:00:00,7.18,5.37,4.56,3.56,2.25
744,27.08.2010 22:00:00,6.87,5.5,4.56,3.62,2.25
745,27.08.2010 23:00:00,6.56,5.5,4.56,3.62,2.25
746,28.08.2010 00:00:00,6.25,5.56,4.56,3.56,2.25,3.632
747,28.08.2010 01:00:00,5.93,5.56,4.56,3.56,2.31
748,28.08.2010 02:00:00,5.62,5.56,4.62,3.56,2.25
749,28.08.2010 03:00:00,5.37,5.56,4.62,3.56,2.25
750,28.08.2010 04:00:00,5.12,5.56,4.62,3.56,2.25
751,28.08.2010 05:00:00,4.87,5.56,4.62,3.56,2.25
752,28.08.2010 06:00:00,4.68,5.5,4.62,3.56,2.25,3.628
753,28.08.2010 07:00:00,4.5,5.43,4.62,3.56,2.25
754,28.08.2010 08:00:00,4.25,5.37,4.62,3.56,2.25
755,28.08.2010 09:00:00,4.06,5.31,4.62,3.56,2.25
756,28.08.2010 10:00:00,4,5.25,4.62,3.56,2.25
757,28.08.2010 11:00:00,4.25,5.18,4.62,3.56,2.25
758,28.08.2010 12:00:00,4.81,5.12,4.62,3.56,2.25,3.624
759,28.08.2010 13:00:00,5.62,5.06,4.62,3.56,2.25
760,28.08.2010 14:00:00,6.56,5.06,4.62,3.56,2.25
761,28.08.2010 15:00:00,7.5,5.06,4.62,3.56,2.25
762,28.08.2010 16:00:00,8.31,5.06,4.56,3.56,2.25
763,28.08.2010 17:00:00,8.87,5.12,4.56,3.56,2.25
764,28.08.2010 18:00:00,9.18,5.25,4.56,3.56,2.25,3.646
765,28.08.2010 19:00:00,9.18,5.31,4.56,3.56,2.31
766,28.08.2010 20:00:00,9,5.43,4.56,3.56,2.25
767,28.08.2010 21:00:00,8.68,5.56,4.56,3.56,2.25
768,28.08.2010 22:00:00,8.25,5.68,4.56,3.56,2.25
769,28.08.2010 23:00:00,7.81,5.81,4.56,3.56,2.25
770,29.08.2010 00:00:00,7.37,5.87,4.62,3.56,2.25,3.629
771,29.08.2010 01:00:00,6.93,5.93,4.62,3.56,2.25
772,29.08.2010 02:00:00,6.56,5.93,4.62,3.56,2.25
773,29.08.2010 03:00:00,6.18,5.93,4.62,3.56,2.25
774,29.08.2010 04:00:00,5.87,5.93,4.68,3.56,2.25
775,29.08.2010 05:00:00,5.56,5.93,4.68,3.56,2.25
776,29.08.2010 06:00:00,5.31,5.87,4.75,3.56,2.25,3.628
777,29.08.2010 07:00:00,5.06,5.81,4.75,3.56,2.25
778,29.08.2010 08:00:00,4.81,5.81,4.75,3.56,2.25
779,29.08.2010 09:00:00,4.56,5.75,4.75,3.56,2.31
780,29.08.2010 10:00:00,4.5,5.68,4.75,3.56,2.25
781,29.08.2010 11:00:00,4.81,5.56,4.75,3.56,2.25
782,29.08.2010 12:00:00,5.43,5.56,4.75,3.56,2.25,3.625
783,29.08.2010 13:00:00,6.31,5.43,4.75,3.56,2.25
784,29.08.2010 14:00:00,7.25,5.43,4.75,3.56,2.31
785,29.08.2010 15:00:00,8.12,5.43,4.75,3.56,2.25
786,29.08.2010 16:00:00,8.87,5.43,4.75,3.56,2.25
787,29.08.2010 17:00:00,9.37,5.5,4.75,3.62,2.25
788,29.08.2010 18:00:00,9.62,5.56,4.68,3.56,2.25,3.641
789,29.08.2010 19:00:00,9.68,5.68,4.75,3.62,2.25
790,29.08.2010 20:00:00,9.56,5.81,4.68,3.56,2.25
791,29.08.2010 21:00:00,9.25,5.93,4.75,3.56,2.25
792,29.08.2010 22:00:00,8.87,6.06,4.75,3.62,2.31
793,29.08.2010 23:00:00,8.43,6.06,4.75,3.62,2.25
794,30.08.2010 00:00:00,8,6.18,4.75,3.62,2.31,3.630
795,30.08.2010 01:00:00,7.62,6.25,4.81,3.62,2.25
796,30.08.2010 02:00:00,7.18,6.25,4.81,3.56,2.25
797,30.08.2010 03:00:00,6.81,6.25,4.81,3.62,2.25
798,30.08.2010 04:00:00,6.43,6.25,4.81,3.62,2.25
799,30.08.2010 05:00:00,6.12,6.25,4.81,3.56,2.25
800,30.08.2010 06:00:00,5.81,6.18,4.87,3.62,2.31,3.628
801,30.08.2010 07:00:00,5.56,6.18,4.87,3.62,2.25
802,30.08.2010 08:00:00,5.25,6.12,4.93,3.62,2.25
803,30.08.2010 09:00:00,5.06,6.06,4.93,3.62,2.31
804,30.08.2010 10:00:00,5.12,5.93,4.93,3.62,2.25
805,30.08.2010 11:00:00,5.31,5.93,4.93,3.62,2.31
806,30.08.2010 12:00:00,5.62,5.81,4.93,3.62,2.25,3.628
807,30.08.2010 13:00:00,5.93,5.81,4.87,3.62,2.31
808,30.08.2010 14:00:00,6.31,5.75,4.93,3.62,2.31
809,30.08.2010 15:00:00,6.68,5.75,4.87,3.62,2.31
810,30.08.2010 16:00:00,6.93,5.68,4.87,3.62,2.31
811,30.08.2010 17:00:00,7.25,5.68,4.87,3.62,2.31
812,30.08.2010 18:00:00,7.62,5.68,4.87,3.68,2.31,3.637
813,30.08.2010 19:00:00,7.75,5.68,4.87,3.68,2.31
814,30.08.2010 20:00:00,7.68,5.75,4.87,3.62,2.31
815,30.08.2010 21:00:00,7.5,5.81,4.87,3.62,2.31
816,30.08.2010 22:00:00,7.25,5.81,4.87,3.68,2.31
817,30.08.2010 23:00:00,7,5.87,4.81,3.62,2.31
818,31.08.2010 00:00:00,6.81,5.87,4.87,3.68,2.31,3.625
819,31.08.2010 01:00:00,6.56,5.87,4.87,3.68,2.31
820,31.08.2010 02:00:00,6.31,5.87,4.87,3.68,2.31
821,31.08.2010 03:00:00,6.06,5.87,4.87,3.68,2.31
822,31.08.2010 04:00:00,5.81,5.87,4.87,3.68,2.31
823,31.08.2010 05:00:00,5.56,5.87,4.87,3.68,2.31
824,31.08.2010 06:00:00,5.31,5.81,4.87,3.68,2.31,3.625
825,31.08.2010 07:00:00,5.06,5.81,4.87,3.68,2.31
826,31.08.2010 08:00:00,4.81,5.68,4.87,3.68,2.31
827,31.08.2010 09:00:00,4.68,5.68,4.87,3.68,2.31
828,31.08.2010 10:00:00,4.75,5.62,4.87,3.68,2.31
829,31.08.2010 11:00:00,5.06,5.56,4.81,3.68,2.31
830,31.08.2010 12:00:00,5.62,5.5,4.87,3.68,2.31,3.629
831,31.08.2010 13:00:00,6.31,5.5,4.81,3.68,2.31
832,31.08.2010 14:00:00,7.06,5.43,4.81,3.68,2.31
833,31.08.2010 15:00:00,7.81,5.43,4.81,3.68,2.31
834,31.08.2010 16:00:00,8.18,5.43,4.81,3.68,2.31
835,31.08.2010 17:00:00,8.31,5.5,4.81,3.68,2.31
836,31.08.2010 18:00:00,8.37,5.56,4.75,3.68,2.31,3.639
837,31.08.2010 19:00:00,8.37,5.62,4.75,3.68,2.37
838,31.08.2010 20:00:00,8.18,5.68,4.75,3.68,2.31
839,31.08.2010 21:00:00,7.93,5.75,4.75,3.68,2.31
840,31.08.2010 22:00:00,7.62,5.87,4.75,3.68,2.31
841,31.08.2010 23:00:00,7.31,5.87,4.81,3.68,2.31
842,01.09.2010 00:00:00,6.93,5.93,4.81,3.68,2.31,3.628
843,01.09.2010 01:00:00,6.68,5.93,4.81,3.68,2.31
844,01.09.2010 02:00:00,6.43,5.93,4.81,3.68,2.31
845,01.09.2010 03:00:00,6.12,5.93,4.81,3.68,2.37
846,01.09.2010 04:00:00,5.87,5.93,4.81,3.62,2.31
847,01.09.2010 05:00:00,5.62,5.87,4.81,3.68,2.37
848,01.09.2010 06:00:00,5.37,5.87,4.87,3.68,2.37,3.625
849,01.09.2010 07:00:00,5.18,5.81,4.87,3.68,2.37
850,01.09.2010 08:00:00,4.93,5.75,4.81,3.68,2.37
851,01.09.2010 09:00:00,4.81,5.75,4.87,3.68,2.37
852,01.09.2010 10:00:00,4.81,5.68,4.87,3.68,2.37
853,01.09.2010 11:00:00,5.12,5.62,4.87,3.68,2.31
854,01.09.2010 12:00:00,5.68,5.56,4.81,3.68,2.37,3.624
855,01.09.2010 13:00:00,6.43,5.5,4.81,3.68,2.37
856,01.09.2010 14:00:00,7,5.5,4.81,3.68,2.37
857,01.09.2010 15:00:00,7.5,5.5,4.81,3.68,2.37
858,01.09.2010 16:00:00,8.06,5.5,4.81,3.68,2.37
859,01.09.2010 17:00:00,8.68,5.56,4.81,3.68,2.37
860,01.09.2010 18:00:00,9,5.56,4.81,3.68,2.37,3.638
861,01.09.2010 19:00:00,9.06,5.68,4.81,3.68,2.37
862,01.09.2010 20:00:00,8.93,5.75,4.81,3.68,2.37
863,01.09.2010 21:00:00,8.75,5.87,4.81,3.68,2.37
864,01.09.2010 22:00:00,8.5,5.93,4.81,3.68,2.37
865,01.09.2010 23:00:00,8.18,6.06,4.81,3.68,2.37
866,02.09.2010 00:00:00,7.93,6.12,4.81,3.68,2.37,3.630
867,02.09.2010 01:00:00,7.68,6.12,4.81,3.68,2.37
868,02.09.2010 02:00:00,7.43,6.18,4.81,3.68,2.37
869,02.09.2010 03:00:00,7.18,6.18,4.81,3.68,2.37
870,02.09.2010 04:00:00,6.93,6.18,4.87,3.68,2.37
871,02.09.2010 05:00:00,6.68,6.18,4.87,3.68,2.37
872,02.09.2010 06:00:00,6.5,6.18,4.87,3.68,2.37,3.624
873,02.09.2010 07:00:00,6.31,6.18,4.93,3.68,2.37
874,02.09.2010 08:00:00,6.18,6.12,4.93,3.68,2.37
875,02.09.2010 09:00:00,6.06,6.06,4.93,3.68,2.37
876,02.09.2010 10:00:00,6.06,6.06,4.93,3.68,2.37
877,02.09.2010 11:00:00,6.18,6,4.93,3.68,2.37
878,02.09.2010 12:00:00,6.5,6,4.93,3.68,2.43,3.625
879,02.09.2010 13:00:00,6.81,5.93,4.93,3.68,2.37
880,02.09.2010 14:00:00,7,5.93,4.93,3.75,2.37
881,02.09.2010 15:00:00,7.31,5.93,4.93,3.68,2.37
882,02.09.2010 16:00:00,7.62,5.93,4.93,3.68,2.37
883,02.09.2010 17:00:00,7.87,5.93,5,3.68,2.37
884,02.09.2010 18:00:00,7.93,5.93,4.93,3.68,2.37,3.636
885,02.09.2010 19:00:00,7.93,6,4.93,3.75,2.37
886,02.09.2010 20:00:00,7.81,6.06,4.93,3.75,2.43
887,02.09.2010 21:00:00,7.68,6.06,4.93,3.75,2.37
888,02.09.2010 22:00:00,7.5,6.06,5,3.68,2.37
889,02.09.2010 23:00:00,7.25,6.12,5,3.75,2.37
890,03.09.2010 00:00:00,7.06,6.12,5,3.75,2.37,3.628
891,03.09.2010 01:00:00,6.93,6.18,5,3.75,2.37
892,03.09.2010 02:00:00,6.75,6.18,5,3.75,2.37
893,03.09.2010 03:00:00,6.56,6.18,5,3.75,2.37
894,03.09.2010 04:00:00,6.37,6.12,5,3.75,2.43
895,03.09.2010 05:00:00,6.18,6.18,5,3.75,2.43
896,03.09.2010 06:00:00,6.06,6.12,5,3.75,2.37,3.622
897,03.09.2010 07:00:00,5.87,6.06,5,3.75,2.37
898,03.09.2010 08:00:00,5.68,6.06,5,3.75,2.43
899,03.09.2010 09:00:00,5.62,6,5.06,3.75,2.43
900,03.09.2010 10:00:00,5.68,5.93,5.06,3.75,2.43
901,03.09.2010 11:00:00,5.93,5.93,5.06,3.75,2.43
902,03.09.2010 12:00:00,6.18,5.87,5,3.75,2.43,3.623
903,03.09.2010 13:00:00,6.68,5.87,5,3.75,2.43
904,03.09.2010 14:00:00,7.43,5.87,5,3.75,2.43
905,03.09.2010 15:00:00,8.12,5.81,5,3.81,2.43
906,03.09.2010 16:00:00,8.68,5.81,5,3.75,2.43
907,03.09.2010 17:00:00,9.25,5.87,5,3.81,2.43
908,03.09.2010 18:00:00,9.56,5.93,5,3.81,2.43,3.638
909,03.09.2010 19:00:00,9.62,6.06,5,3.81,2.43
910,03.09.2010 20:00:00,9.43,6.12,5,3.81,2.43
911,03.09.2010 21:00:00,9.06,6.18,5,3.75,2.43
912,03.09.2010 22:00:00,8.68,6.31,5,3.81,2.43
913,03.09.2010 23:00:00,8.18,6.37,5,3.81,2.43
914,04.09.2010 00:00:00,7.75,6.43,5,3.81,2.43,3.625
915,04.09.2010 01:00:00,7.31,6.43,5.06,3.81,2.43
916,04.09.2010 02:00:00,6.87,6.43,5.06,3.81,2.43
917,04.09.2010 03:00:00,6.5,6.43,5.06,3.81,2.43
918,04.09.2010 04:00:00,6.18,6.43,5.06,3.81,2.43
919,04.09.2010 05:00:00,5.87,6.37,5.12,3.81,2.43
920,04.09.2010 06:00:00,5.56,6.31,5.12,3.81,2.43,3.624
921,04.09.2010 07:00:00,5.31,6.31,5.12,3.81,2.43
922,04.09.2010 08:00:00,5.06,6.25,5.12,3.81,2.5
923,04.09.2010 09:00:00,4.81,6.18,5.12,3.81,2.5
924,04.09.2010 10:00:00,4.75,6.06,5.12,3.81,2.43
925,04.09.2010 11:00:00,5,6,5.12,3.81,2.43
926,04.09.2010 12:00:00,5.68,5.93,5.12,3.81,2.5,3.624
927,04.09.2010 13:00:00,6.56,5.87,5.12,3.87,2.5
928,04.09.2010 14:00:00,7.5,5.81,5.12,3.87,2.5
929,04.09.2010 15:00:00,8.37,5.81,5.06,3.87,2.5
930,04.09.2010 16:00:00,9.18,5.81,5.12,3.87,2.5
931,04.09.2010 17:00:00,9.75,5.87,5.06,3.87,2.5
932,04.09.2010 18:00:00,10,5.93,5.06,3.87,2.43,3.648
933,04.09.2010 19:00:00,10,6,5.06,3.87,2.5
934,04.09.2010 20:00:00,9.81,6.12,5.06,3.87,2.5
935,04.09.2010 21:00:00,9.37,6.25,5.06,3.87,2.5
936,04.09.2010 22:00:00,8.93,6.31,5.06,3.87,2.5
937,04.09.2010 23:00:00,8.43,6.43,5.06,3.87,2.5
938,05.09.2010 00:00:00,7.93,6.5,5.06,3.87,2.5,3.631
939,05.09.2010 01:00:00,7.43,6.5,5.12,3.87,2.5
940,05.09.2010 02:00:00,7,6.5,5.12,3.87,2.5
941,05.09.2010 03:00:00,6.56,6.5,5.12,3.87,2.5
942,05.09.2010 04:00:00,6.18,6.5,5.12,3.87,2.5
943,05.09.2010 05:00:00,5.81,6.43,5.12,3.87,2.5
944,05.09.2010 06:00:00,5.5,6.37,5.18,3.87,2.5,3.618
945,05.09.2010 07:00:00,5.25,6.37,5.18,3.87,2.5
946,05.09.2010 08:00:00,4.93,6.25,5.18,3.87,2.5
947,05.09.2010 09:00:00,4.68,6.18,5.18,3.87,2.5
948,05.09.2010 10:00:00,4.56,6.12,5.18,3.87,2.5
949,05.09.2010 11:00:00,4.68,6.06,5.18,3.87,2.56
950,05.09.2010 12:00:00,5.31,5.93,5.18,3.93,2.5,3.627
951,05.09.2010 13:00:00,6.25,5.87,5.18,3.87,2.5
952,05.09.2010 14:00:00,7.25,5.81,5.18,3.93,2.56
953,05.09.2010 15:00:00,8.25,5.75,5.12,3.93,2.56
954,05.09.2010 16:00:00,9.06,5.75,5.12,3.93,2.56
955,05.09.2010 17:00:00,9.68,5.81,5.12,3.87,2.56
956,05.09.2010 18:00:00,10,5.87,5.12,3.93,2.56,3.644
957,05.09.2010 19:00:00,10.06,6,5.06,3.93,2.56
958,05.09.2010 20:00:00,9.87,6.06,5.12,3.93,2.56
959,05.09.2010 21:00:00,9.5,6.18,5.12,3.93,2.56
960,05.09.2010 22:00:00,9,6.31,5.06,3.93,2.56
961,05.09.2010 23:00:00,8.56,6.37,5.06,3.93,2.56
962,06.09.2010 00:00:00,8.06,6.43,5.06,3.93,2.56,3.629
963,06.09.2010 01:00:00,7.56,6.5,5.12,3.93,2.56
964,06.09.2010 02:00:00,7.06,6.56,5.12,3.93,2.56
965,06.09.2010 03:00:00,6.68,6.56,5.18,3.93,2.56
966,06.09.2010 04:00:00,6.25,6.5,5.18,3.93,2.56
967,06.09.2010 05:00:00,5.87,6.5,5.18,3.93,2.56
968,06.09.2010 06:00:00,5.56,6.43,5.18,3.93,2.56,3.618
969,06.09.2010 07:00:00,5.31,6.37,5.18,3.93,2.56
970,06.09.2010 08:00:00,5,6.31,5.18,3.93,2.56
971,06.09.2010 09:00:00,4.75,6.18,5.25,3.93,2.56
972,06.09.2010 10:00:00,4.62,6.12,5.25,3.93,2.56
973,06.09.2010 11:00:00,4.93,6.06,5.25,3.93,2.56
974,06.09.2010 12:00:00,5.68,6,5.25,3.93,2.62,3.621
975,06.09.2010 13:00:00,6.62,5.93,5.18,3.93,2.62
976,06.09.2010 14:00:00,7.75,5.81,5.18,3.93,2.56
977,06.09.2010 15:00:00,8.75,5.81,5.18,3.93,2.62
978,06.09.2010 16:00:00,9.43,5.87,5.12,3.93,2.56
979,06.09.2010 17:00:00,9.93,5.87,5.18,4,2.62
980,06.09.2010 18:00:00,10.18,5.93,5.12,3.93,2.62,3.642
981,06.09.2010 19:00:00,10.12,6.06,5.12,3.93,2.62
982,06.09.2010 20:00:00,9.87,6.18,5.12,3.93,2.62
983,06.09.2010 21:00:00,9.5,6.31,5.12,3.93,2.62
984,06.09.2010 22:00:00,9.12,6.37,5.12,3.93,2.62
985,06.09.2010 23:00:00,8.68,6.43,5.12,3.93,2.62
986,07.09.2010 00:00:00,8.31,6.56,5.12,3.93,2.62,3.631
987,07.09.2010 01:00:00,7.93,6.56,5.12,3.93,2.62
988,07.09.2010 02:00:00,7.62,6.62,5.18,3.93,2.62
989,07.09.2010 03:00:00,7.25,6.62,5.18,3.93,2.62
990,07.09.2010 04:00:00,6.93,6.62,5.18,3.93,2.62
991,07.09.2010 05:00:00,6.62,6.56,5.18,3.93,2.62
992,07.09.2010 06:00:00,6.31,6.56,5.25,3.93,2.62,3.624
993,07.09.2010 07:00:00,5.93,6.5,5.25,3.93,2.62
994,07.09.2010 08:00:00,5.68,6.43,5.25,3.93,2.62
995,07.09.2010 09:00:00,5.5,6.37,5.25,4,2.62
996,07.09.2010 10:00:00,5.5,6.31,5.25,4,2.62
997,07.09.2010 11:00:00,5.87,6.25,5.25,4,2.62
998,07.09.2010 12:00:00,6.56,6.18,5.25,4,2.62,3.629
999,07.09.2010 13:00:00,7.43,6.12,5.25,4,2.62
1000,07.09.2010 14:00:00,8.37,6.12,5.25,4,2.62
1001,07.09.2010 15:00:00,9.06,6.12,5.25,4,2.62
1002,07.09.2010 16:00:00,9.62,6.12,5.25,4,2.62
1003,07.09.2010 17:00:00,9.68,6.18,5.25,4,2.62
1004,07.09.2010 18:00:00,9.43,6.25,5.25,4,2.68,3.635
1005,07.09.2010 19:00:00,9.18,6.31,5.18,4,2.68
1006,07.09.2010 20:00:00,8.93,6.43,5.25,4,2.62
1007,07.09.2010 21:00:00,8.62,6.43,5.25,4,2.62
1008,07.09.2010 22:00:00,8.25,6.56,5.25,4,2.62
1009,07.09.2010 23:00:00,8,6.56,5.18,4,2.68
1010,08.09.2010 00:00:00,7.68,6.62,5.25,4,2.68,3.627
1011,08.09.2010 01:00:00,7.43,6.62,5.25,4,2.68
1012,08.09.2010 02:00:00,7.12,6.62,5.31,4,2.62
1013,08.09.2010 03:00:00,6.87,6.62,5.31,4,2.68
1014,08.09.2010 04:00:00,6.56,6.56,5.31,4,2.68
1015,08.09.2010 05:00:00,6.25,6.56,5.31,4,2.68
1016,08.09.2010 06:00:00,6,6.5,5.31,4.06,2.68,3.620
1017,08.09.2010 07:00:00,5.81,6.5,5.31,4.06,2.68
1018,08.09.2010 08:00:00,5.56,6.37,5.31,4.06,2.68
1019,08.09.2010 09:00:00,5.37,6.37,5.31,4.06,2.68
1020,08.09.2010 10:00:00,5.37,6.31,5.31,4.06,2.68
1021,08.09.2010 11:00:00,5.68,6.25,5.31,4.06,2.68
1022,08.09.2010 12:00:00,6.31,6.18,5.31,4.06,2.68,3.627
1023,08.09.2010 13:00:00,7,6.12,5.31,4.06,2.68
1024,08.09.2010 14:00:00,7.5,6.06,5.31,4.06,2.68
1025,08.09.2010 15:00:00,7.81,6.06,5.31,4.06,2.68
1026,08.09.2010 16:00:00,8.25,6.06,5.31,4.06,2.68
1027,08.09.2010 17:00:00,8.68,6.06,5.25,4.06,2.68
1028,08.09.2010 18:00:00,8.81,6.12,5.25,4.06,2.68,3.635
1029,08.09.2010 19:00:00,8.62,6.18,5.25,4.06,2.68
1030,08.09.2010 20:00:00,8.25,6.25,5.25,4.06,2.68
1031,08.09.2010 21:00:00,7.87,6.31,5.25,4.06,2.68
1032,08.09.2010 22:00:00,7.5,6.37,5.25,4.06,2.68
1033,08.09.2010 23:00:00,7.25,6.37,5.25,4.06,2.68
1034,09.09.2010 00:00:00,7,6.43,5.25,4.06,2.75,3.624
1035,09.09.2010 01:00:00,6.75,6.43,5.31,4.06,2.75
1036,09.09.2010 02:00:00,6.56,6.37,5.25,4.06,2.75
1037,09.09.2010 03:00:00,6.37,6.37,5.31,4.06,2.75
1038,09.09.2010 04:00:00,6.18,6.37,5.31,4.06,2.75
1039,09.09.2010 05:00:00,6.06,6.31,5.31,4.06,2.75
1040,09.09.2010 06:00:00,5.81,6.31,5.31,4.06,2.68,3.615
1041,09.09.2010 07:00:00,5.68,6.25,5.31,4.06,2.75
1042,09.09.2010 08:00:00,5.5,6.18,5.31,4.06,2.75
1043,09.09.2010 09:00:00,5.37,6.12,5.25,4.12,2.75
1044,09.09.2010 10:00:00,5.43,6.06,5.31,4.06,2.75
1045,09.09.2010 11:00:00,5.68,6.06,5.31,4.06,2.75
1046,09.09.2010 12:00:00,6.18,6,5.25,4.06,2.75,3.621
1047,09.09.2010 13:00:00,6.75,5.93,5.31,4.06,2.75
1048,09.09.2010 14:00:00,7.18,5.93,5.25,4.06,2.75
1049,09.09.2010 15:00:00,7.75,5.93,5.25,4.12,2.75
1050,09.09.2010 16:00:00,8.25,5.93,5.25,4.12,2.75
1051,09.09.2010 17:00:00,8.56,6,5.25,4.12,2.75
1052,09.09.2010 18:00:00,8.75,6,5.25,4.12,2.75,3.635
1053,09.09.2010 19:00:00,8.81,6.12,5.18,4.12,2.75
1054,09.09.2010 20:00:00,8.68,6.18,5.18,4.06,2.75
1055,09.09.2010 21:00:00,8.43,6.25,5.18,4.06,2.75
1056,09.09.2010 22:00:00,8.12,6.31,5.18,4.06,2.75
1057,09.09.2010 23:00:00,7.68,6.37,5.18,4.12,2.75
1058,10.09.2010 00:00:00,7.31,6.37,5.25,4.06,2.75,3.619
1059,10.09.2010 01:00:00,7,6.43,5.25,4.06,2.75
1060,10.09.2010 02:00:00,6.62,6.43,5.25,4.12,2.75
1061,10.09.2010 03:00:00,6.37,6.43,5.31,4.06,2.75
1062,10.09.2010 04:00:00,6.06,6.43,5.31,4.12,2.75
1063,10.09.2010 05:00:00,5.81,6.37,5.31,4.06,2.81
1064,10.09.2010 06:00:00,5.56,6.37,5.31,4.12,2.81,3.613
1065,10.09.2010 07:00:00,5.31,6.31,5.31,4.12,2.81
1066,10.09.2010 08:00:00,5.12,6.25,5.31,4.06,2.75
1067,10.09.2010 09:00:00,4.93,6.18,5.31,4.12,2.81
1068,10.09.2010 10:00:00,4.81,6.12,5.31,4.12,2.81
1069,10.09.2010 11:00:00,4.93,6.06,5.31,4.12,2.81
1070,10.09.2010 12:00:00,5.25,6,5.31,4.12,2.81,3.622
1071,10.09.2010 13:00:00,5.68,5.93,5.31,4.12,2.81
1072,10.09.2010 14:00:00,6.06,5.87,5.25,4.12,2.81
1073,10.09.2010 15:00:00,6.37,5.81,5.25,4.12,2.81
1074,10.09.2010 16:00:00,6.68,5.81,5.25,4.12,2.81
1075,10.09.2010 17:00:00,6.93,5.81,5.25,4.12,2.81
1076,10.09.2010 18:00:00,7.12,5.81,5.25,4.12,2.81,3.627
1077,10.09.2010 19:00:00,7.25,5.81,5.18,4.12,2.81
1078,10.09.2010 20:00:00,7.18,5.87,5.18,4.12,2.81
1079,10.09.2010 21:00:00,7.06,5.87,5.18,4.12,2.81
1080,10.09.2010 22:00:00,6.75,5.93,5.18,4.12,2.81
1081,10.09.2010 23:00:00,6.5,6,5.18,4.12,2.81
1082,11.09.2010 00:00:00,6.18,6,5.18,4.12,2.81,3.615
1083,11.09.2010 01:00:00,5.87,6,5.18,4.12,2.81
1084,11.09.2010 02:00:00,5.62,6,5.18,4.12,2.81
1085,11.09.2010 03:00:00,5.31,6,5.18,4.12,2.81
1086,11.09.2010 04:00:00,5.12,5.93,5.18,4.12,2.81
1087,11.09.2010 05:00:00,4.87,5.93,5.18,4.12,2.81
1088,11.09.2010 06:00:00,4.68,5.87,5.18,4.12,2.81,3.612
1089,11.09.2010 07:00:00,4.5,5.81,5.18,4.06,2.81
1090,11.09.2010 08:00:00,4.31,5.75,5.18,4.12,2.81
1091,11.09.2010 09:00:00,4.12,5.68,5.18,4.12,2.81
1092,11.09.2010 10:00:00,3.93,5.62,5.18,4.12,2.81
1093,11.09.2010 11:00:00,4.06,5.56,5.12,4.12,2.81
1094,11.09.2010 12:00:00,4.37,5.5,5.12,4.06,2.81,3.613
1095,11.09.2010 13:00:00,5,5.43,5.12,4.12,2.81
1096,11.09.2010 14:00:00,5.56,5.37,5.12,4.06,2.81
1097,11.09.2010 15:00:00,6.12,5.31,5.06,4.12,2.81
1098,11.09.2010 16:00:00,6.62,5.31,5.06,4.12,2.87
1099,11.09.2010 17:00:00,6.93,5.37,5.06,4.12,2.87
1100,11.09.2010 18:00:00,7.06,5.37,5,4.12,2.87,3.625
1101,11.09.2010 19:00:00,7.06,5.43,5,4.12,2.87
1102,11.09.2010 20:00:00,6.93,5.5,5,4.06,2.87
1103,11.09.2010 21:00:00,6.68,5.5,5,4.06,2.87
1104,11.09.2010 22:00:00,6.37,5.56,5,4.06,2.87
1105,11.09.2010 23:00:00,6.06,5.62,4.93,4.06,2.87
1106,12.09.2010 00:00:00,5.75,5.62,5,4.12,2.87,3.620
1107,12.09.2010 01:00:00,5.5,5.68,4.93,4.06,2.87
1108,12.09.2010 02:00:00,5.18,5.68,5,4.06,2.87
1109,12.09.2010 03:00:00,4.93,5.68,5,4.06,2.87
1110,12.09.2010 04:00:00,4.68,5.62,5,4.06,2.87
1111,12.09.2010 05:00:00,4.5,5.62,4.93,4.06,2.87
1112,12.09.2010 06:00:00,4.31,5.56,5,4.06,2.87,3.610
1113,12.09.2010 07:00:00,4.12,5.5,4.93,4.06,2.87
1114,12.09.2010 08:00:00,3.93,5.43,5,4.06,2.87
1115,12.09.2010 09:00:00,3.75,5.37,4.93,4.06,2.87
1116,12.09.2010 10:00:00,3.62,5.31,5,4.06,2.87
1117,12.09.2010 11:00:00,3.75,5.25,4.93,4.06,2.87
1118,12.09.2010 12:00:00,4.12,5.18,4.93,4.06,2.87,3.616
1119,12.09.2010 13:00:00,4.43,5.12,4.93,4.06,2.87
1120,12.09.2010 14:00:00,4.87,5.06,4.93,4.06,2.87
1121,12.09.2010 15:00:00,5.31,5.06,4.87,4.06,2.87
1122,12.09.2010 16:00:00,5.62,5.06,4.87,4.06,2.87
1123,12.09.2010 17:00:00,5.93,5.06,4.87,4,2.87
1124,12.09.2010 18:00:00,6.12,5.06,4.81,4,2.87,3.627
1125,12.09.2010 19:00:00,6.18,5.06,4.81,4,2.87
1126,12.09.2010 20:00:00,6.06,5.12,4.81,4,2.87
1127,12.09.2010 21:00:00,5.81,5.18,4.81,4.06,2.87
1128,12.09.2010 22:00:00,5.62,5.18,4.81,4,2.87
1129,12.09.2010 23:00:00,5.37,5.18,4.81,4,2.87
1130,13.09.2010 00:00:00,5.12,5.25,4.81,4,2.87,3.612
1131,13.09.2010 01:00:00,4.87,5.25,4.81,4,2.87
1132,13.09.2010 02:00:00,4.68,5.25,4.75,4,2.87
1133,13.09.2010 03:00:00,4.5,5.18,4.75,4,2.87
1134,13.09.2010 04:00:00,4.31,5.18,4.75,4,2.87
1135,13.09.2010 05:00:00,4.18,5.18,4.75,4,2.87
1136,13.09.2010 06:00:00,4,5.12,4.75,4,2.87,3.614
1137,13.09.2010 07:00:00,3.87,5.12,4.75,4,2.87
1138,13.09.2010 08:00:00,3.75,5,4.75,3.93,2.87
1139,13.09.2010 09:00:00,3.68,5,4.75,3.93,2.87
1140,13.09.2010 10:00:00,3.56,4.93,4.68,3.93,2.87
1141,13.09.2010 11:00:00,3.62,4.93,4.75,3.93,2.87
1142,13.09.2010 12:00:00,3.93,4.87,4.68,3.93,2.87,3.610
1143,13.09.2010 13:00:00,4.5,4.81,4.68,3.93,2.87
1144,13.09.2010 14:00:00,5,4.81,4.68,3.93,2.87
1145,13.09.2010 15:00:00,5.62,4.75,4.62,3.93,2.87
1146,13.09.2010 16:00:00,6.25,4.75,4.62,3.93,2.87
1147,13.09.2010 17:00:00,6.68,4.75,4.62,3.93,2.87
1148,13.09.2010 18:00:00,6.81,4.81,4.62,3.93,2.87,3.627
1149,13.09.2010 19:00:00,6.68,4.87,4.62,3.93,2.87
1150,13.09.2010 20:00:00,6.43,4.93,4.56,3.93,2.87
1151,13.09.2010 21:00:00,6.12,5,4.56,3.93,2.87
1152,13.09.2010 22:00:00,5.81,5.06,4.56,3.93,2.87
1153,13.09.2010 23:00:00,5.43,5.12,4.56,3.87,2.93
1154,14.09.2010 00:00:00,5.12,5.12,4.56,3.93,2.87,3.611
1155,14.09.2010 01:00:00,4.87,5.18,4.56,3.87,2.87
1156,14.09.2010 02:00:00,4.62,5.12,4.62,3.87,2.87
1157,14.09.2010 03:00:00,4.37,5.12,4.56,3.87,2.87
1158,14.09.2010 04:00:00,4.18,5.12,4.56,3.87,2.87
1159,14.09.2010 05:00:00,3.93,5.12,4.62,3.87,2.87
1160,14.09.2010 06:00:00,3.75,5.06,4.62,3.87,2.87,3.606
1161,14.09.2010 07:00:00,3.56,5,4.56,3.87,2.87
1162,14.09.2010 08:00:00,3.37,4.93,4.62,3.87,2.87
1163,14.09.2010 09:00:00,3.25,4.87,4.56,3.87,2.87
1164,14.09.2010 10:00:00,3.06,4.81,4.56,3.87,2.87
1165,14.09.2010 11:00:00,3,4.75,4.56,3.87,2.87
1166,14.09.2010 12:00:00,3.12,4.75,4.56,3.81,2.87,3.606
1167,14.09.2010 13:00:00,3.62,4.68,4.56,3.87,2.87
1168,14.09.2010 14:00:00,4.37,4.56,4.56,3.87,2.87
1169,14.09.2010 15:00:00,5.12,4.56,4.5,3.87,2.87
1170,14.09.2010 16:00:00,5.81,4.56,4.5,3.81,2.87
1171,14.09.2010 17:00:00,6.37,4.5,4.43,3.81,2.87
1172,14.09.2010 18:00:00,6.62,4.56,4.5,3.81,2.87,3.629
1173,14.09.2010 19:00:00,6.68,4.62,4.43,3.81,2.87
1174,14.09.2010 20:00:00,6.56,4.68,4.43,3.81,2.87
1175,14.09.2010 21:00:00,6.25,4.75,4.43,3.81,2.87
1176,14.09.2010 22:00:00,5.93,4.87,4.43,3.81,2.87
1177,14.09.2010 23:00:00,5.56,4.87,4.43,3.81,2.87
1178,15.09.2010 00:00:00,5.18,4.93,4.43,3.81,2.87,3.614
1179,15.09.2010 01:00:00,4.87,4.93,4.43,3.81,2.87
1180,15.09.2010 02:00:00,4.56,5,4.43,3.81,2.87
1181,15.09.2010 03:00:00,4.31,5,4.43,3.81,2.87
1182,15.09.2010 04:00:00,4.06,4.93,4.43,3.81,2.87
1183,15.09.2010 05:00:00,3.87,4.93,4.43,3.81,2.87
1184,15.09.2010 06:00:00,3.68,4.87,4.43,3.81,2.87,3.610
1185,15.09.2010 07:00:00,3.5,4.87,4.43,3.75,2.87
1186,15.09.2010 08:00:00,3.31,4.81,4.43,3.75,2.87
1187,15.09.2010 09:00:00,3.18,4.75,4.43,3.75,2.87
1188,15.09.2010 10:00:00,3.06,4.68,4.43,3.75,2.87
1189,15.09.2010 11:00:00,3.12,4.62,4.43,3.75,2.87
1190,15.09.2010 12:00:00,3.5,4.56,4.43,3.75,2.87,3.607
1191,15.09.2010 13:00:00,4.12,4.5,4.43,3.75,2.87
1192,15.09.2010 14:00:00,4.81,4.43,4.37,3.75,2.87
1193,15.09.2010 15:00:00,5.5,4.43,4.37,3.75,2.87
1194,15.09.2010 16:00:00,6.06,4.43,4.37,3.75,2.87
1195,15.09.2010 17:00:00,6.43,4.43,4.37,3.75,2.87
1196,15.09.2010 18:00:00,6.68,4.5,4.37,3.75,2.81,3.628
1197,15.09.2010 19:00:00,6.68,4.56,4.31,3.75,2.87
1198,15.09.2010 20:00:00,6.5,4.62,4.31,3.75,2.87
1199,15.09.2010 21:00:00,6.18,4.68,4.31,3.68,2.87
1200,15.09.2010 22:00:00,5.81,4.75,4.31,3.68,2.81
1201,15.09.2010 23:00:00,5.43,4.81,4.31,3.68,2.87
1202,16.09.2010 00:00:00,5.06,4.81,4.31,3.68,2.87,3.613
1203,16.09.2010 01:00:00,4.75,4.87,4.31,3.68,2.81
1204,16.09.2010 02:00:00,4.43,4.87,4.31,3.68,2.87
1205,16.09.2010 03:00:00,4.18,4.87,4.31,3.68,2.87
1206,16.09.2010 04:00:00,3.93,4.87,4.31,3.68,2.81
1207,16.09.2010 05:00:00,3.68,4.81,4.31,3.68,2.81
1208,16.09.2010 06:00:00,3.5,4.75,4.31,3.68,2.81,3.608
1209,16.09.2010 07:00:00,3.31,4.68,4.37,3.68,2.81
1210,16.09.2010 08:00:00,3.18,4.62,4.31,3.68,2.81
1211,16.09.2010 09:00:00,3,4.62,4.31,3.68,2.81
1212,16.09.2010 10:00:00,2.93,4.5,4.31,3.68,2.81
1213,16.09.2010 11:00:00,3.06,4.5,4.31,3.68,2.81
1214,16.09.2010 12:00:00,3.5,4.43,4.31,3.68,2.81,3.610
1215,16.09.2010 13:00:00,4.25,4.37,4.31,3.62,2.81
1216,16.09.2010 14:00:00,5,4.31,4.31,3.68,2.81
1217,16.09.2010 15:00:00,5.56,4.31,4.25,3.68,2.81
1218,16.09.2010 16:00:00,5.81,4.31,4.25,3.68,2.81
1219,16.09.2010 17:00:00,5.93,4.37,4.18,3.68,2.81
1220,16.09.2010 18:00:00,5.93,4.37,4.25,3.62,2.81,3.623
1221,16.09.2010 19:00:00,5.81,4.43,4.18,3.62,2.81
1222,16.09.2010 20:00:00,5.56,4.5,4.18,3.62,2.81
1223,16.09.2010 21:00:00,5.31,4.5,4.18,3.62,2.81
1224,16.09.2010 22:00:00,5.12,4.56,4.18,3.62,2.81
1225,16.09.2010 23:00:00,4.87,4.56,4.18,3.62,2.81
1226,17.09.2010 00:00:00,4.68,4.62,4.18,3.62,2.81,3.607
1227,17.09.2010 01:00:00,4.56,4.62,4.18,3.62,2.81
1228,17.09.2010 02:00:00,4.43,4.62,4.18,3.62,2.81
1229,17.09.2010 03:00:00,4.25,4.62,4.18,3.62,2.81
1230,17.09.2010 04:00:00,4.18,4.62,4.18,3.62,2.81
1231,17.09.2010 05:00:00,4.06,4.56,4.18,3.56,2.81
1232,17.09.2010 06:00:00,3.93,4.56,4.18,3.62,2.81,3.606
1233,17.09.2010 07:00:00,3.81,4.56,4.18,3.56,2.81
1234,17.09.2010 08:00:00,3.75,4.5,4.18,3.56,2.81
1235,17.09.2010 09:00:00,3.68,4.5,4.18,3.56,2.81
1236,17.09.2010 10:00:00,3.62,4.43,4.18,3.56,2.81
1237,17.09.2010 11:00:00,3.5,4.43,4.18,3.56,2.81
1238,17.09.2010 12:00:00,3.43,4.37,4.18,3.56,2.81,3.605
1239,17.09.2010 13:00:00,3.43,4.37,4.18,3.56,2.81
1240,17.09.2010 14:00:00,3.43,4.31,4.18,3.56,2.81
1241,17.09.2010 15:00:00,3.5,4.31,4.12,3.56,2.81
1242,17.09.2010 16:00:00,3.56,4.25,4.18,3.56,2.75
1243,17.09.2010 17:00:00,3.68,4.25,4.12,3.56,2.81
1244,17.09.2010 18:00:00,3.81,4.18,4.12,3.56,2.75,3.610
1245,17.09.2010 19:00:00,3.87,4.18,4.12,3.56,2.81
1246,17.09.2010 20:00:00,3.81,4.18,4.12,3.56,2.81
1247,17.09.2010 21:00:00,3.62,4.18,4.12,3.56,2.75
1248,17.09.2010 22:00:00,3.56,4.18,4.06,3.56,2.81
1249,17.09.2010 23:00:00,3.37,4.12,4.06,3.56,2.75
1250,18.09.2010 00:00:00,3.25,4.12,4.06,3.56,2.75,3.604
1251,18.09.2010 01:00:00,3.18,4.12,4.06,3.56,2.75
1252,18.09.2010 02:00:00,3.06,4.06,4.06,3.5,2.75
1253,18.09.2010 03:00:00,2.93,4.06,4.06,3.5,2.81
1254,18.09.2010 04:00:00,2.87,4.06,4,3.5,2.75
1255,18.09.2010 05:00:00,2.81,4,4,3.5,2.75
1256,18.09.2010 06:00:00,2.75,3.93,4,3.5,2.75,3.608
1257,18.09.2010 07:00:00,2.68,3.93,4,3.5,2.75
1258,18.09.2010 08:00:00,2.62,3.93,4,3.5,2.75
1259,18.09.2010 09:00:00,2.56,3.87,3.93,3.5,2.75
1260,18.09.2010 10:00:00,2.5,3.81,3.93,3.5,2.75
1261,18.09.2010 11:00:00,2.5,3.81,3.93,3.5,2.75
1262,18.09.2010 12:00:00,2.43,3.75,3.93,3.5,2.75,3.604
1263,18.09.2010 13:00:00,2.43,3.75,3.87,3.5,2.75
1264,18.09.2010 14:00:00,2.37,3.68,3.87,3.5,2.75
1265,18.09.2010 15:00:00,2.37,3.68,3.87,3.43,2.75
1266,18.09.2010 16:00:00,2.31,3.62,3.81,3.43,2.75
1267,18.09.2010 17:00:00,2.31,3.62,3.81,3.43,2.75
1268,18.09.2010 18:00:00,2.31,3.56,3.81,3.43,2.75,3.601
1269,18.09.2010 19:00:00,2.25,3.56,3.81,3.43,2.75
1270,18.09.2010 20:00:00,2.25,3.5,3.81,3.43,2.75
1271,18.09.2010 21:00:00,2.18,3.5,3.75,3.43,2.75
1272,18.09.2010 22:00:00,2.18,3.5,3.75,3.43,2.75
1273,18.09.2010 23:00:00,2.12,3.43,3.75,3.43,2.75
1274,19.09.2010 00:00:00,2.12,3.43,3.75,3.43,2.75,3.601
1275,19.09.2010 01:00:00,2.06,3.37,3.68,3.37,2.75
1276,19.09.2010 02:00:00,2.06,3.37,3.68,3.43,2.75
1277,19.09.2010 03:00:00,2,3.37,3.68,3.37,2.75
1278,19.09.2010 04:00:00,1.93,3.31,3.68,3.37,2.75
1279,19.09.2010 05:00:00,1.93,3.31,3.62,3.37,2.75
1280,19.09.2010 06:00:00,1.87,3.25,3.62,3.37,2.75,3.600
1281,19.09.2010 07:00:00,1.87,3.25,3.62,3.37,2.68
1282,19.09.2010 08:00:00,1.81,3.25,3.56,3.31,2.68
1283,19.09.2010 09:00:00,1.81,3.18,3.56,3.31,2.68
1284,19.09.2010 10:00:00,1.81,3.18,3.56,3.31,2.75
1285,19.09.2010 11:00:00,1.75,3.18,3.5,3.31,2.68
1286,19.09.2010 12:00:00,1.75,3.12,3.5,3.31,2.68,3.600
1287,19.09.2010 13:00:00,1.75,3.12,3.5,3.31,2.68
1288,19.09.2010 14:00:00,1.75,3.06,3.5,3.31,2.68
1289,19.09.2010 15:00:00,1.75,3.06,3.5,3.31,2.68
1290,19.09.2010 16:00:00,1.75,3,3.43,3.25,2.68
1291,19.09.2010 17:00:00,1.75,3,3.43,3.25,2.68
1292,19.09.2010 18:00:00,1.75,3,3.43,3.25,2.68,3.604
1293,19.09.2010 19:00:00,1.81,2.93,3.43,3.25,2.68
1294,19.09.2010 20:00:00,1.81,2.93,3.37,3.25,2.68
1295,19.09.2010 21:00:00,1.81,2.93,3.37,3.25,2.68
1296,19.09.2010 22:00:00,1.81,2.93,3.37,3.25,2.68
1297,19.09.2010 23:00:00,1.75,2.93,3.31,3.18,2.68
1298,20.09.2010 00:00:00,1.75,2.87,3.31,3.18,2.68,3.599
1299,20.09.2010 01:00:00,1.68,2.87,3.31,3.18,2.68
1300,20.09.2010 02:00:00,1.62,2.87,3.31,3.18,2.68
1301,20.09.2010 03:00:00,1.62,2.87,3.31,3.18,2.68
1302,20.09.2010 04:00:00,1.56,2.81,3.25,3.18,2.68
1303,20.09.2010 05:00:00,1.56,2.81,3.25,3.12,2.68
1304,20.09.2010 06:00:00,1.5,2.81,3.25,3.12,2.62,3.604
1305,20.09.2010 07:00:00,1.5,2.81,3.18,3.12,2.68
1306,20.09.2010 08:00:00,1.43,2.75,3.25,3.12,2.62
1307,20.09.2010 09:00:00,1.43,2.75,3.18,3.12,2.62
1308,20.09.2010 10:00:00,1.37,2.68,3.18,3.12,2.62
1309,20.09.2010 11:00:00,1.37,2.68,3.18,3.06,2.62
1310,20.09.2010 12:00:00,1.37,2.68,3.12,3.06,2.62,3.604
1311,20.09.2010 13:00:00,1.56,2.68,3.12,3.06,2.62
1312,20.09.2010 14:00:00,2.18,2.62,3.12,3.06,2.62
1313,20.09.2010 15:00:00,2.87,2.62,3.12,3.06,2.62
1314,20.09.2010 16:00:00,3.43,2.62,3.06,3.06,2.62
1315,20.09.2010 17:00:00,3.87,2.62,3.12,3.06,2.62
1316,20.09.2010 18:00:00,4.12,2.68,3.06,3.06,2.62,3.611
1317,20.09.2010 19:00:00,4.12,2.75,3.06,3.06,2.62
1318,20.09.2010 20:00:00,3.87,2.81,3.06,3.06,2.62
1319,20.09.2010 21:00:00,3.68,2.87,3.06,3,2.62
1320,20.09.2010 22:00:00,3.43,3,3.06,3,2.62
1321,20.09.2010 23:00:00,3.25,3,3.06,3,2.62
1322,21.09.2010 00:00:00,3.06,3.06,3.06,3,2.62,3.608
1323,21.09.2010 01:00:00,2.87,3.12,3.06,3,2.62
1324,21.09.2010 02:00:00,2.68,3.12,3.06,2.93,2.56
1325,21.09.2010 03:00:00,2.56,3.12,3.06,2.93,2.56
1326,21.09.2010 04:00:00,2.37,3.12,3.06,2.93,2.56
1327,21.09.2010 05:00:00,2.31,3.12,3.06,2.93,2.56
1328,21.09.2010 06:00:00,2.12,3.12,3.06,2.93,2.56,3.599
1329,21.09.2010 07:00:00,2.06,3.12,3.06,2.93,2.56
1330,21.09.2010 08:00:00,1.93,3.06,3.12,2.93,2.56
1331,21.09.2010 09:00:00,1.81,3.06,3.06,2.93,2.56
1332,21.09.2010 10:00:00,1.75,3,3.06,2.87,2.56
1333,21.09.2010 11:00:00,1.68,3,3.06,2.87,2.56
1334,21.09.2010 12:00:00,1.62,2.93,3.06,2.93,2.56,3.601
1335,21.09.2010 13:00:00,1.62,2.87,3.06,2.87,2.56
1336,21.09.2010 14:00:00,1.87,2.87,3.06,2.87,2.56
1337,21.09.2010 15:00:00,2.31,2.81,3.06,2.87,2.56
1338,21.09.2010 16:00:00,2.68,2.81,3.06,2.87,2.5
1339,21.09.2010 17:00:00,3,2.81,3.06,2.87,2.5
1340,21.09.2010 18:00:00,3.25,2.81,3.06,2.87,2.5,3.605
1341,21.09.2010 19:00:00,3.31,2.87,3,2.87,2.5
1342,21.09.2010 20:00:00,3.25,2.87,3,2.87,2.5
1343,21.09.2010 21:00:00,3.12,2.87,3,2.87,2.5
1344,21.09.2010 22:00:00,3,2.93,3,2.87,2.5
1345,21.09.2010 23:00:00,2.81,2.93,3,2.87,2.5
1346,22.09.2010 00:00:00,2.68,3,3,2.81,2.5,3.600
1347,22.09.2010 01:00:00,2.56,3,3,2.81,2.5
1348,22.09.2010 02:00:00,2.43,3,3,2.81,2.5
1349,22.09.2010 03:00:00,2.37,3,3,2.81,2.5
1350,22.09.2010 04:00:00,2.25,3,3,2.81,2.5
1351,22.09.2010 05:00:00,2.12,3,3,2.81,2.5
1352,22.09.2010 06:00:00,2.06,3,3,2.81,2.5,3.597
1353,22.09.2010 07:00:00,1.93,2.93,3,2.81,2.5
1354,22.09.2010 08:00:00,1.87,2.93,3,2.81,2.43
1355,22.09.2010 09:00:00,1.81,2.93,3,2.81,2.43
1356,22.09.2010 10:00:00,1.68,2.87,3,2.75,2.43
1357,22.09.2010 11:00:00,1.68,2.87,3,2.81,2.43
1358,22.09.2010 12:00:00,1.87,2.87,3,2.81,2.43,3.603
1359,22.09.2010 13:00:00,2.31,2.81,3,2.75,2.43
1360,22.09.2010 14:00:00,2.87,2.75,3,2.75,2.43
1361,22.09.2010 15:00:00,3.56,2.75,3,2.81,2.43
1362,22.09.2010 16:00:00,4.18,2.81,2.93,2.75,2.43
1363,22.09.2010 17:00:00,4.81,2.81,2.93,2.75,2.43
1364,22.09.2010 18:00:00,5.18,2.87,2.93,2.75,2.43,3.619
1365,22.09.2010 19:00:00,5.25,2.93,2.93,2.75,2.43
1366,22.09.2010 20:00:00,5.12,3.06,2.93,2.75,2.43
1367,22.09.2010 21:00:00,4.93,3.12,2.93,2.75,2.43
1368,22.09.2010 22:00:00,4.68,3.25,2.93,2.75,2.43
1369,22.09.2010 23:00:00,4.5,3.31,2.93,2.75,2.43
1370,23.09.2010 00:00:00,4.25,3.37,2.93,2.75,2.43,3.609
1371,23.09.2010 01:00:00,4,3.43,3,2.75,2.43
1372,23.09.2010 02:00:00,3.75,3.43,3,2.75,2.37
1373,23.09.2010 03:00:00,3.56,3.5,3,2.68,2.43
1374,23.09.2010 04:00:00,3.43,3.5,3,2.75,2.37
1375,23.09.2010 05:00:00,3.25,3.5,3.06,2.75,2.37
1376,23.09.2010 06:00:00,3.12,3.5,3.06,2.68,2.37,3.598
1377,23.09.2010 07:00:00,2.93,3.5,3.06,2.75,2.37
1378,23.09.2010 08:00:00,2.87,3.5,3.06,2.68,2.37
1379,23.09.2010 09:00:00,2.75,3.43,3.06,2.68,2.37
1380,23.09.2010 10:00:00,2.62,3.43,3.12,2.75,2.37
1381,23.09.2010 11:00:00,2.68,3.43,3.12,2.75,2.37
1382,23.09.2010 12:00:00,2.87,3.37,3.12,2.75,2.37,3.604
1383,23.09.2010 13:00:00,3.25,3.37,3.12,2.68,2.37
1384,23.09.2010 14:00:00,3.62,3.31,3.12,2.75,2.37
1385,23.09.2010 15:00:00,3.87,3.31,3.12,2.75,2.31
1386,23.09.2010 16:00:00,4.12,3.31,3.12,2.68,2.37
1387,23.09.2010 17:00:00,4.25,3.31,3.12,2.75,2.37
1388,23.09.2010 18:00:00,4.31,3.37,3.12,2.68,2.37,3.608
1389,23.09.2010 19:00:00,4.25,3.37,3.12,2.75,2.37
1390,23.09.2010 20:00:00,4.06,3.43,3.12,2.75,2.31
1391,23.09.2010 21:00:00,3.93,3.43,3.12,2.68,2.31
1392,23.09.2010 22:00:00,3.81,3.5,3.12,2.75,2.31
1393,23.09.2010 23:00:00,3.62,3.5,3.12,2.75,2.31
1394,24.09.2010 00:00:00,3.5,3.56,3.18,2.75,2.37,3.606
1395,24.09.2010 01:00:00,3.37,3.5,3.12,2.75,2.31
1396,24.09.2010 02:00:00,3.25,3.5,3.12,2.75,2.31
1397,24.09.2010 03:00:00,3.12,3.5,3.12,2.68,2.31
1398,24.09.2010 04:00:00,3.06,3.5,3.18,2.75,2.31
1399,24.09.2010 05:00:00,2.93,3.5,3.18,2.75,2.31
1400,24.09.2010 06:00:00,2.81,3.5,3.18,2.75,2.31,3.601
1401,24.09.2010 07:00:00,2.75,3.43,3.18,2.75,2.31
1402,24.09.2010 08:00:00,2.62,3.43,3.18,2.68,2.31
1403,24.09.2010 09:00:00,2.5,3.43,3.18,2.68,2.31
1404,24.09.2010 10:00:00,2.43,3.37,3.18,2.75,2.31
1405,24.09.2010 11:00:00,2.37,3.37,3.18,2.68,2.31
1406,24.09.2010 12:00:00,2.31,3.31,3.18,2.75,2.31,3.602
1407,24.09.2010 13:00:00,2.25,3.31,3.18,2.75,2.31
1408,24.09.2010 14:00:00,2.37,3.25,3.18,2.75,2.25
1409,24.09.2010 15:00:00,2.62,3.25,3.18,2.75,2.31
1410,24.09.2010 16:00:00,2.93,3.18,3.18,2.68,2.31
1411,24.09.2010 17:00:00,3.12,3.18,3.18,2.75,2.31
1412,24.09.2010 18:00:00,3.25,3.18,3.18,2.75,2.31,3.600
1413,24.09.2010 19:00:00,3.31,3.18,3.12,2.75,2.31
1414,24.09.2010 20:00:00,3.31,3.18,3.12,2.68,2.31
1415,24.09.2010 21:00:00,3.18,3.18,3.12,2.68,2.31
1416,24.09.2010 22:00:00,3.06,3.18,3.12,2.75,2.25
1417,24.09.2010 23:00:00,2.93,3.18,3.12,2.68,2.25
1418,25.09.2010 00:00:00,2.81,3.18,3.12,2.68,2.25,3.597
1419,25.09.2010 01:00:00,2.68,3.25,3.06,2.68,2.31
1420,25.09.2010 02:00:00,2.62,3.18,3.12,2.75,2.25
1421,25.09.2010 03:00:00,2.5,3.18,3.06,2.75,2.31
1422,25.09.2010 04:00:00,2.43,3.18,3.12,2.68,2.25
1423,25.09.2010 05:00:00,2.37,3.18,3.12,2.68,2.25
1424,25.09.2010 06:00:00,2.31,3.18,3.06,2.68,2.25,3.597
1425,25.09.2010 07:00:00,2.25,3.12,3.06,2.75,2.25
1426,25.09.2010 08:00:00,2.18,3.12,3.06,2.68,2.25
1427,25.09.2010 09:00:00,2.12,3.12,3.06,2.68,2.25
1428,25.09.2010 10:00:00,2.06,3.06,3.06,2.68,2.25
1429,25.09.2010 11:00:00,2.06,3.06,3.06,2.68,2.25
1430,25.09.2010 12:00:00,2.06,3,3.06,2.68,2.25,3.600
1431,25.09.2010 13:00:00,2.18,3,3.06,2.68,2.25
1432,25.09.2010 14:00:00,2.56,3,3.06,2.68,2.25
1433,25.09.2010 15:00:00,3,2.93,3,2.68,2.25
1434,25.09.2010 16:00:00,3.5,2.93,3,2.68,2.25
1435,25.09.2010 17:00:00,3.87,2.93,3,2.68,2.25
1436,25.09.2010 18:00:00,4.06,3,3,2.68,2.25,3.604
1437,25.09.2010 19:00:00,4.06,3,3,2.68,2.25
1438,25.09.2010 20:00:00,3.93,3.06,3,2.68,2.25
1439,25.09.2010 21:00:00,3.68,3.12,3,2.68,2.25
1440,25.09.2010 22:00:00,3.5,3.12,3,2.68,2.25
1441,25.09.2010 23:00:00,3.31,3.18,3,2.68,2.25
1442,26.09.2010 00:00:00,3.12,3.25,3,2.68,2.25,3.604
1443,26.09.2010 01:00:00,3,3.18,3,2.68,2.25
1444,26.09.2010 02:00:00,2.87,3.25,3,2.68,2.25
1445,26.09.2010 03:00:00,2.68,3.25,3,2.68,2.25
1446,26.09.2010 04:00:00,2.56,3.25,3,2.62,2.25
1447,26.09.2010 05:00:00,2.5,3.18,3,2.62,2.25
1448,26.09.2010 06:00:00,2.37,3.18,3,2.62,2.25,3.600
1449,26.09.2010 07:00:00,2.25,3.18,3,2.62,2.25
1450,26.09.2010 08:00:00,2.12,3.12,3,2.62,2.25
1451,26.09.2010 09:00:00,2.06,3.12,3,2.68,2.25
1452,26.09.2010 10:00:00,1.93,3.06,3,2.62,2.25
1453,26.09.2010 11:00:00,1.87,3.06,3,2.62,2.25
1454,26.09.2010 12:00:00,1.87,3,3,2.62,2.25,3.594
1455,26.09.2010 13:00:00,2.18,3,3,2.62,2.25
1456,26.09.2010 14:00:00,2.56,2.93,3,2.62,2.25
1457,26.09.2010 15:00:00,2.93,2.93,3,2.62,2.25
1458,26.09.2010 16:00:00,3.31,2.87,2.93,2.62,2.25
1459,26.09.2010 17:00:00,3.56,2.93,2.93,2.62,2.25
1460,26.09.2010 18:00:00,3.68,2.93,2.93,2.62,2.18,3.603
1461,26.09.2010 19:00:00,3.68,2.93,2.93,2.62,2.18
1462,26.09.2010 20:00:00,3.62,3,2.93,2.62,2.18
1463,26.09.2010 21:00:00,3.43,3.06,2.93,2.62,2.25
1464,26.09.2010 22:00:00,3.25,3.06,2.93,2.62,2.18
1465,26.09.2010 23:00:00,3.12,3.06,2.93,2.62,2.18
1466,27.09.2010 00:00:00,2.93,3.12,2.93,2.62,2.18,3.597
1467,27.09.2010 01:00:00,2.81,3.12,2.93,2.62,2.18
1468,27.09.2010 02:00:00,2.68,3.12,2.93,2.62,2.18
1469,27.09.2010 03:00:00,2.56,3.12,2.93,2.56,2.18
1470,27.09.2010 04:00:00,2.43,3.12,2.93,2.62,2.18
1471,27.09.2010 05:00:00,2.31,3.12,2.93,2.56,2.18
1472,27.09.2010 06:00:00,2.18,3.12,2.93,2.56,2.18,3.595
1473,27.09.2010 07:00:00,2.06,3.06,2.93,2.56,2.18
1474,27.09.2010 08:00:00,2,3.06,2.93,2.56,2.18
1475,27.09.2010 09:00:00,1.93,3,2.93,2.56,2.18
1476,27.09.2010 10:00:00,1.81,3,2.93,2.56,2.18
1477,27.09.2010 11:00:00,1.75,2.93,2.93,2.56,2.18
1478,27.09.2010 12:00:00,1.68,2.93,2.93,2.62,2.18,3.597
1479,27.09.2010 13:00:00,1.68,2.87,2.93,2.56,2.18
1480,27.09.2010 14:00:00,1.75,2.87,2.93,2.56,2.18
1481,27.09.2010 15:00:00,2,2.81,2.93,2.56,2.18
1482,27.09.2010 16:00:00,2.18,2.81,2.93,2.56,2.18
1483,27.09.2010 17:00:00,2.37,2.81,2.93,2.56,2.18
1484,27.09.2010 18:00:00,2.37,2.75,2.87,2.56,2.18,3.597
1485,27.09.2010 19:00:00,2.37,2.75,2.87,2.56,2.18
1486,27.09.2010 20:00:00,2.31,2.75,2.87,2.56,2.18
1487,27.09.2010 21:00:00,2.18,2.75,2.87,2.56,2.18
1488,27.09.2010 22:00:00,2.12,2.75,2.87,2.56,2.18
1489,27.09.2010 23:00:00,2.06,2.75,2.87,2.56,2.18
1490,28.09.2010 00:00:00,1.93,2.81,2.87,2.56,2.18,3.600
1491,28.09.2010 01:00:00,1.87,2.75,2.87,2.56,2.12
1492,28.09.2010 02:00:00,1.81,2.75,2.81,2.56,2.18
1493,28.09.2010 03:00:00,1.75,2.75,2.81,2.56,2.12
1494,28.09.2010 04:00:00,1.68,2.75,2.81,2.56,2.18
1495,28.09.2010 05:00:00,1.62,2.68,2.81,2.56,2.12
1496,28.09.2010 06:00:00,1.56,2.68,2.81,2.5,2.12,3.598
1497,28.09.2010 07:00:00,1.5,2.62,2.81,2.5,2.12
1498,28.09.2010 08:00:00,1.43,2.62,2.75,2.5,2.18
1499,28.09.2010 09:00:00,1.37,2.62,2.75,2.5,2.12
1500,28.09.2010 10:00:00,1.31,2.56,2.75,2.5,2.12
1501,28.09.2010 11:00:00,1.25,2.56,2.75,2.5,2.18
1502,28.09.2010 12:00:00,1.25,2.5,2.75,2.5,2.12,3.592
1503,28.09.2010 13:00:00,1.43,2.5,2.75,2.5,2.12
1504,28.09.2010 14:00:00,1.81,2.5,2.68,2.5,2.12
1505,28.09.2010 15:00:00,2.37,2.43,2.68,2.5,2.12
1506,28.09.2010 16:00:00,2.93,2.43,2.68,2.5,2.18
1507,28.09.2010 17:00:00,3.37,2.43,2.68,2.5,2.18
1508,28.09.2010 18:00:00,3.62,2.43,2.68,2.5,2.12,3.610
1509,28.09.2010 19:00:00,3.68,2.5,2.68,2.5,2.12
1510,28.09.2010 20:00:00,3.56,2.56,2.68,2.5,2.12
1511,28.09.2010 21:00:00,3.37,2.62,2.68,2.5,2.12
1512,28.09.2010 22:00:00,3.18,2.68,2.62,2.5,2.12
1513,28.09.2010 23:00:00,3,2.75,2.62,2.5,2.12
1514,29.09.2010 00:00:00,2.81,2.81,2.62,2.43,2.12,3.596
1515,29.09.2010 01:00:00,2.68,2.81,2.62,2.43,2.12
1516,29.09.2010 02:00:00,2.5,2.81,2.68,2.43,2.12
1517,29.09.2010 03:00:00,2.37,2.81,2.68,2.43,2.12
1518,29.09.2010 04:00:00,2.25,2.87,2.68,2.43,2.12
1519,29.09.2010 05:00:00,2.12,2.81,2.68,2.43,2.12
1520,29.09.2010 06:00:00,2,2.81,2.68,2.43,2.12,3.597
1521,29.09.2010 07:00:00,1.87,2.81,2.68,2.43,2.06
1522,29.09.2010 08:00:00,1.81,2.81,2.68,2.43,2.12
1523,29.09.2010 09:00:00,1.68,2.75,2.68,2.43,2.12
1524,29.09.2010 10:00:00,1.62,2.75,2.68,2.43,2.12
1525,29.09.2010 11:00:00,1.56,2.68,2.68,2.43,2.12
1526,29.09.2010 12:00:00,1.56,2.62,2.68,2.37,2.12,3.591
1527,29.09.2010 13:00:00,1.87,2.62,2.68,2.43,2.12
1528,29.09.2010 14:00:00,2.5,2.62,2.68,2.43,2.06
1529,29.09.2010 15:00:00,3.31,2.62,2.68,2.43,2.12
1530,29.09.2010 16:00:00,4,2.56,2.68,2.43,2.06
1531,29.09.2010 17:00:00,4.43,2.62,2.68,2.43,2.06
1532,29.09.2010 18:00:00,4.68,2.68,2.68,2.43,2.12,3.610
1533,29.09.2010 19:00:00,4.75,2.68,2.62,2.37,2.06
1534,29.09.2010 20:00:00,4.56,2.81,2.68,2.43,2.06
1535,29.09.2010 21:00:00,4.31,2.87,2.62,2.37,2.06
1536,29.09.2010 22:00:00,4,2.93,2.68,2.37,2.06
1537,29.09.2010 23:00:00,3.68,3,2.68,2.37,2.06
1538,30.09.2010 00:00:00,3.43,3.06,2.68,2.43,2.06,3.598
1539,30.09.2010 01:00:00,3.18,3.06,2.68,2.37,2.06
1540,30.09.2010 02:00:00,3,3.12,2.68,2.37,2.06
1541,30.09.2010 03:00:00,2.75,3.12,2.68,2.37,2.06
1542,30.09.2010 04:00:00,2.62,3.12,2.75,2.37,2.06
1543,30.09.2010 05:00:00,2.43,3.12,2.68,2.37,2.06
1544,30.09.2010 06:00:00,2.25,3.06,2.75,2.37,2.06,3.597
1545,30.09.2010 07:00:00,2.12,3.06,2.75,2.37,2.06
1546,30.09.2010 08:00:00,1.93,3.06,2.75,2.37,2.06
1547,30.09.2010 09:00:00,1.87,3,2.75,2.37,2.06
1548,30.09.2010 10:00:00,1.75,2.93,2.75,2.37,2.06
1549,30.09.2010 11:00:00,1.62,2.93,2.75,2.37,2.06
1550,30.09.2010 12:00:00,1.56,2.87,2.75,2.37,2.06,3.592
1551,30.09.2010 13:00:00,1.75,2.81,2.75,2.37,2.06
1552,30.09.2010 14:00:00,2.25,2.81,2.75,2.37,2.06
1553,30.09.2010 15:00:00,2.87,2.75,2.75,2.37,2.06
1554,30.09.2010 16:00:00,3.5,2.75,2.75,2.37,2.06
1555,30.09.2010 17:00:00,3.93,2.75,2.75,2.37,2.06
1556,30.09.2010 18:00:00,4.25,2.75,2.75,2.37,2.06,3.612
1557,30.09.2010 19:00:00,4.31,2.81,2.75,2.37,2.06
1558,30.09.2010 20:00:00,4.18,2.87,2.68,2.37,2.06
1559,30.09.2010 21:00:00,4,2.87,2.68,2.37,2
1560,30.09.2010 22:00:00,3.81,2.93,2.68,2.37,2
1561,30.09.2010 23:00:00,3.56,3,2.68,2.37,2
1562,01.10.2010 00:00:00,3.31,3.06,2.75,2.37,2,3.596
1563,01.10.2010 01:00:00,3.12,3.06,2.68,2.37,2
1564,01.10.2010 02:00:00,2.87,3.06,2.75,2.37,2
1565,01.10.2010 03:00:00,2.68,3.06,2.75,2.37,2
1566,01.10.2010 04:00:00,2.56,3.06,2.75,2.37,2.06
1567,01.10.2010 05:00:00,2.43,3.06,2.75,2.37,2
1568,01.10.2010 06:00:00,2.25,3.06,2.75,2.37,2,3.597
1569,01.10.2010 07:00:00,2.18,3.06,2.75,2.37,2
1570,01.10.2010 08:00:00,2.06,3,2.75,2.37,2
1571,01.10.2010 09:00:00,1.93,3,2.75,2.37,2
1572,01.10.2010 10:00:00,1.87,2.93,2.75,2.37,2
1573,01.10.2010 11:00:00,1.81,2.93,2.75,2.37,2
1574,01.10.2010 12:00:00,1.75,2.87,2.75,2.37,2,3.593
1575,01.10.2010 13:00:00,1.75,2.81,2.75,2.37,2
1576,01.10.2010 14:00:00,1.75,2.81,2.75,2.37,2
1577,01.10.2010 15:00:00,1.93,2.75,2.75,2.37,2
1578,01.10.2010 16:00:00,2.43,2.75,2.75,2.37,2
1579,01.10.2010 17:00:00,2.87,2.68,2.75,2.37,2
1580,01.10.2010 18:00:00,3.06,2.68,2.75,2.37,2,3.603
1581,01.10.2010 19:00:00,3.12,2.68,2.68,2.37,2
1582,01.10.2010 20:00:00,3.06,2.75,2.68,2.37,2
1583,01.10.2010 21:00:00,2.93,2.75,2.68,2.37,2
1584,01.10.2010 22:00:00,2.81,2.75,2.68,2.37,2
1585,01.10.2010 23:00:00,2.62,2.81,2.68,2.31,2
1586,02.10.2010 00:00:00,2.5,2.81,2.68,2.37,2,3.595
1587,02.10.2010 01:00:00,2.37,2.81,2.68,2.37,2
1588,02.10.2010 02:00:00,2.25,2.81,2.68,2.37,2
1589,02.10.2010 03:00:00,2.12,2.81,2.68,2.37,2
1590,02.10.2010 04:00:00,2,2.81,2.68,2.31,2
1591,02.10.2010 05:00:00,1.87,2.75,2.68,2.31,2
1592,02.10.2010 06:00:00,1.81,2.75,2.68,2.37,2,3.595
1593,02.10.2010 07:00:00,1.68,2.75,2.68,2.31,2
1594,02.10.2010 08:00:00,1.62,2.68,2.68,2.31,1.93
1595,02.10.2010 09:00:00,1.56,2.68,2.68,2.31,2
1596,02.10.2010 10:00:00,1.43,2.68,2.68,2.31,2
1597,02.10.2010 11:00:00,1.43,2.62,2.62,2.31,1.93
1598,02.10.2010 12:00:00,1.37,2.56,2.68,2.31,1.93,3.588
1599,02.10.2010 13:00:00,1.68,2.56,2.62,2.31,2
1600,02.10.2010 14:00:00,2.25,2.5,2.62,2.31,2
1601,02.10.2010 15:00:00,3,2.5,2.62,2.31,2
1602,02.10.2010 16:00:00,3.68,2.5,2.62,2.31,1.93
1603,02.10.2010 17:00:00,4.25,2.5,2.62,2.31,2
1604,02.10.2010 18:00:00,4.56,2.56,2.56,2.31,1.93,3.610
1605,02.10.2010 19:00:00,4.68,2.62,2.56,2.31,1.93
1606,02.10.2010 20:00:00,4.56,2.68,2.56,2.31,1.93
1607,02.10.2010 21:00:00,4.37,2.75,2.56,2.31,1.93
1608,02.10.2010 22:00:00,4.12,2.81,2.56,2.31,1.93
1609,02.10.2010 23:00:00,3.81,2.87,2.56,2.31,1.93
1610,03.10.2010 00:00:00,3.56,2.93,2.56,2.31,1.93,3.599
1611,03.10.2010 01:00:00,3.25,3,2.56,2.31,1.93
1612,03.10.2010 02:00:00,3.06,3,2.62,2.31,1.93
1613,03.10.2010 03:00:00,2.81,3,2.62,2.31,1.93
1614,03.10.2010 04:00:00,2.62,3.06,2.62,2.31,1.93
1615,03.10.2010 05:00:00,2.43,3,2.62,2.31,1.93
1616,03.10.2010 06:00:00,2.31,3,2.62,2.31,1.93,3.590
1617,03.10.2010 07:00:00,2.12,3,2.68,2.31,1.93
1618,03.10.2010 08:00:00,2,3,2.68,2.25,1.93
1619,03.10.2010 09:00:00,1.87,2.93,2.68,2.25,1.93
1620,03.10.2010 10:00:00,1.75,2.93,2.68,2.31,1.93
1621,03.10.2010 11:00:00,1.68,2.87,2.68,2.25,1.93
1622,03.10.2010 12:00:00,1.56,2.81,2.68,2.25,1.93,3.588
1623,03.10.2010 13:00:00,1.81,2.75,2.68,2.25,1.93
1624,03.10.2010 14:00:00,2.31,2.75,2.68,2.31,1.93
1625,03.10.2010 15:00:00,3,2.68,2.62,2.31,1.93
1626,03.10.2010 16:00:00,3.62,2.68,2.62,2.25,1.93
1627,03.10.2010 17:00:00,4.18,2.68,2.68,2.31,1.93
1628,03.10.2010 18:00:00,4.43,2.68,2.62,2.31,1.93,3.612
1629,03.10.2010 19:00:00,4.43,2.75,2.62,2.31,1.93
1630,03.10.2010 20:00:00,4.25,2.81,2.62,2.31,1.93
1631,03.10.2010 21:00:00,3.93,2.87,2.62,2.31,1.93
1632,03.10.2010 22:00:00,3.68,2.93,2.62,2.25,1.87
1633,03.10.2010 23:00:00,3.37,2.93,2.62,2.31,1.93
1634,04.10.2010 00:00:00,3.12,3,2.62,2.25,1.93,3.597
1635,04.10.2010 01:00:00,2.87,3,2.62,2.25,1.93
1636,04.10.2010 02:00:00,2.68,3.06,2.62,2.25,1.93
1637,04.10.2010 03:00:00,2.5,3,2.62,2.25,1.93
1638,04.10.2010 04:00:00,2.31,3,2.62,2.25,1.93
1639,04.10.2010 05:00:00,2.18,3,2.68,2.25,1.93
1640,04.10.2010 06:00:00,2.06,2.93,2.68,2.25,1.93,3.589
1641,04.10.2010 07:00:00,1.93,2.93,2.68,2.25,1.93
1642,04.10.2010 08:00:00,1.81,2.93,2.68,2.25,1.93
1643,04.10.2010 09:00:00,1.68,2.87,2.68,2.25,1.93
1644,04.10.2010 10:00:00,1.56,2.81,2.68,2.31,1.93
1645,04.10.2010 11:00:00,1.5,2.81,2.68,2.25,1.87
1646,04.10.2010 12:00:00,1.43,2.75,2.68,2.25,1.93,3.587
1647,04.10.2010 13:00:00,1.68,2.68,2.68,2.31,1.87
1648,04.10.2010 14:00:00,2.25,2.68,2.62,2.25,1.93
1649,04.10.2010 15:00:00,2.93,2.62,2.62,2.31,1.87
1650,04.10.2010 16:00:00,3.68,2.62,2.68,2.31,1.87
1651,04.10.2010 17:00:00,4.18,2.62,2.68,2.25,1.93
1652,04.10.2010 18:00:00,4.43,2.62,2.62,2.25,1.93,3.608
1653,04.10.2010 19:00:00,4.5,2.68,2.62,2.25,1.87
1654,04.10.2010 20:00:00,4.37,2.75,2.62,2.31,1.87
1655,04.10.2010 21:00:00,4.06,2.81,2.62,2.25,1.87
1656,04.10.2010 22:00:00,3.75,2.87,2.62,2.25,1.87
1657,04.10.2010 23:00:00,3.43,2.93,2.56,2.25,1.87
1658,05.10.2010 00:00:00,3.18,2.93,2.62,2.25,1.87,3.593
1659,05.10.2010 01:00:00,2.93,3,2.62,2.25,1.87
1660,05.10.2010 02:00:00,2.75,3,2.62,2.25,1.87
1661,05.10.2010 03:00:00,2.56,3,2.62,2.25,1.87
1662,05.10.2010 04:00:00,2.37,3,2.62,2.25,1.87
1663,05.10.2010 05:00:00,2.18,3,2.62,2.25,1.87
1664,05.10.2010 06:00:00,2.06,2.93,2.62,2.25,1.87,3.594
1665,05.10.2010 07:00:00,1.93,2.93,2.68,2.25,1.87
1666,05.10.2010 08:00:00,1.81,2.87,2.62,2.25,1.87
1667,05.10.2010 09:00:00,1.68,2.87,2.62,2.25,1.87
1668,05.10.2010 10:00:00,1.56,2.81,2.62,2.25,1.87
1669,05.10.2010 11:00:00,1.5,2.81,2.62,2.25,1.87
1670,05.10.2010 12:00:00,1.43,2.75,2.62,2.25,1.87,3.587
1671,05.10.2010 13:00:00,1.62,2.68,2.62,2.25,1.87
1672,05.10.2010 14:00:00,2.06,2.62,2.62,2.25,1.87
1673,05.10.2010 15:00:00,2.62,2.62,2.62,2.25,1.87
1674,05.10.2010 16:00:00,3.18,2.56,2.62,2.25,1.87
1675,05.10.2010 17:00:00,3.56,2.56,2.62,2.25,1.87
1676,05.10.2010 18:00:00,3.75,2.56,2.56,2.25,1.87,3.608
1677,05.10.2010 19:00:00,3.81,2.62,2.56,2.25,1.87
1678,05.10.2010 20:00:00,3.68,2.62,2.56,2.25,1.87
1679,05.10.2010 21:00:00,3.56,2.68,2.56,2.25,1.87
1680,05.10.2010 22:00:00,3.31,2.75,2.56,2.25,1.87
1681,05.10.2010 23:00:00,3.06,2.81,2.56,2.25,1.87
1682,06.10.2010 00:00:00,2.87,2.81,2.56,2.25,1.87,3.598
1683,06.10.2010 01:00:00,2.68,2.81,2.56,2.25,1.87
1684,06.10.2010 02:00:00,2.5,2.81,2.56,2.18,1.87
1685,06.10.2010 03:00:00,2.37,2.81,2.56,2.25,1.87
1686,06.10.2010 04:00:00,2.18,2.81,2.56,2.18,1.87
1687,06.10.2010 05:00:00,2.06,2.81,2.56,2.25,1.87
1688,06.10.2010 06:00:00,1.93,2.75,2.56,2.25,1.87,3.589
1689,06.10.2010 07:00:00,1.81,2.75,2.56,2.18,1.87
1690,06.10.2010 08:00:00,1.75,2.75,2.56,2.18,1.87
1691,06.10.2010 09:00:00,1.68,2.68,2.56,2.25,1.87
1692,06.10.2010 10:00:00,1.56,2.68,2.62,2.25,1.87
1693,06.10.2010 11:00:00,1.5,2.62,2.56,2.18,1.87
1694,06.10.2010 12:00:00,1.62,2.56,2.56,2.18,1.87,3.594
1695,06.10.2010 13:00:00,2,2.56,2.56,2.18,1.87
1696,06.10.2010 14:00:00,2.56,2.5,2.56,2.25,1.87
1697,06.10.2010 15:00:00,3.12,2.56,2.56,2.18,1.87
1698,06.10.2010 16:00:00,3.68,2.5,2.56,2.18,1.87
1699,06.10.2010 17:00:00,4.06,2.5,2.56,2.18,1.87
1700,06.10.2010 18:00:00,4.25,2.56,2.56,2.18,1.87,3.605
1701,06.10.2010 19:00:00,4.18,2.56,2.5,2.18,1.87
1702,06.10.2010 20:00:00,4.12,2.68,2.5,2.18,1.87
1703,06.10.2010 21:00:00,3.87,2.75,2.5,2.18,1.87
1704,06.10.2010 22:00:00,3.56,2.75,2.5,2.18,1.81
1705,06.10.2010 23:00:00,3.31,2.81,2.5,2.18,1.81
1706,07.10.2010 00:00:00,3.06,2.81,2.5,2.18,1.87,3.597
1707,07.10.2010 01:00:00,2.87,2.87,2.56,2.18,1.87
1708,07.10.2010 02:00:00,2.68,2.87,2.56,2.18,1.81
1709,07.10.2010 03:00:00,2.5,2.87,2.56,2.18,1.81
1710,07.10.2010 04:00:00,2.37,2.87,2.5,2.18,1.81
1711,07.10.2010 05:00:00,2.25,2.87,2.56,2.18,1.81
1712,07.10.2010 06:00:00,2.06,2.87,2.56,2.18,1.81,3.588
1713,07.10.2010 07:00:00,2,2.81,2.56,2.12,1.81
1714,07.10.2010 08:00:00,1.87,2.75,2.56,2.18,1.81
1715,07.10.2010 09:00:00,1.81,2.75,2.56,2.18,1.81
1716,07.10.2010 10:00:00,1.68,2.75,2.56,2.18,1.81
1717,07.10.2010 11:00:00,1.75,2.68,2.56,2.18,1.81
1718,07.10.2010 12:00:00,1.87,2.68,2.56,2.18,1.81,3.590
1719,07.10.2010 13:00:00,2.18,2.62,2.56,2.18,1.81
1720,07.10.2010 14:00:00,2.56,2.56,2.56,2.12,1.81
1721,07.10.2010 15:00:00,3,2.56,2.56,2.18,1.81
1722,07.10.2010 16:00:00,3.37,2.56,2.5,2.18,1.81
1723,07.10.2010 17:00:00,3.56,2.56,2.56,2.18,1.81
1724,07.10.2010 18:00:00,3.56,2.62,2.5,2.12,1.81,3.598
1725,07.10.2010 19:00:00,3.43,2.62,2.5,2.18,1.81
1726,07.10.2010 20:00:00,3.31,2.68,2.5,2.18,1.81
1727,07.10.2010 21:00:00,3.18,2.68,2.5,2.18,1.81
1728,07.10.2010 22:00:00,3,2.68,2.5,2.12,1.81
1729,07.10.2010 23:00:00,2.93,2.75,2.5,2.18,1.81
1730,08.10.2010 00:00:00,2.81,2.75,2.5,2.18,1.81,3.596
1731,08.10.2010 01:00:00,2.68,2.75,2.5,2.18,1.81
1732,08.10.2010 02:00:00,2.62,2.75,2.5,2.12,1.81
1733,08.10.2010 03:00:00,2.5,2.75,2.5,2.12,1.81
1734,08.10.2010 04:00:00,2.43,2.75,2.5,2.18,1.81
1735,08.10.2010 05:00:00,2.37,2.75,2.5,2.18,1.81
1736,08.10.2010 06:00:00,2.31,2.75,2.5,2.12,1.81,3.592
1737,08.10.2010 07:00:00,2.25,2.75,2.5,2.12,1.81
1738,08.10.2010 08:00:00,2.18,2.75,2.5,2.12,1.81
1739,08.10.2010 09:00:00,2.12,2.68,2.5,2.18,1.81
1740,08.10.2010 10:00:00,2.06,2.68,2.5,2.18,1.81
1741,08.10.2010 11:00:00,2.06,2.68,2.5,2.12,1.81
1742,08.10.2010 12:00:00,2,2.68,2.5,2.18,1.81,3.591
1743,08.10.2010 13:00:00,1.93,2.62,2.5,2.12,1.81
1744,08.10.2010 14:00:00,1.93,2.62,2.56,2.12,1.81
1745,08.10.2010 15:00:00,1.87,2.62,2.5,2.12,1.81
1746,08.10.2010 16:00:00,1.87,2.56,2.5,2.12,1.81
1747,08.10.2010 17:00:00,1.81,2.56,2.5,2.12,1.81
1748,08.10.2010 18:00:00,1.81,2.56,2.5,2.12,1.81,3.586
1749,08.10.2010 19:00:00,1.75,2.5,2.5,2.12,1.81
1750,08.10.2010 20:00:00,1.68,2.5,2.5,2.12,1.81
1751,08.10.2010 21:00:00,1.68,2.5,2.5,2.12,1.81
1752,08.10.2010 22:00:00,1.62,2.5,2.43,2.12,1.81
1753,08.10.2010 23:00:00,1.62,2.43,2.43,2.12,1.81
1754,09.10.2010 00:00:00,1.56,2.43,2.43,2.12,1.81,3.590
1755,09.10.2010 01:00:00,1.56,2.37,2.43,2.12,1.81
1756,09.10.2010 02:00:00,1.5,2.37,2.43,2.12,1.75
1757,09.10.2010 03:00:00,1.5,2.37,2.43,2.12,1.81
1758,09.10.2010 04:00:00,1.5,2.31,2.43,2.12,1.75
1759,09.10.2010 05:00:00,1.43,2.31,2.43,2.12,1.75
1760,09.10.2010 06:00:00,1.43,2.31,2.43,2.12,1.81,3.588
1761,09.10.2010 07:00:00,1.43,2.31,2.37,2.12,1.81
1762,09.10.2010 08:00:00,1.37,2.25,2.37,2.12,1.75
1763,09.10.2010 09:00:00,1.37,2.25,2.37,2.12,1.81
1764,09.10.2010 10:00:00,1.37,2.25,2.37,2.12,1.75
1765,09.10.2010 11:00:00,1.31,2.25,2.37,2.12,1.81
1766,09.10.2010 12:00:00,1.31,2.18,2.31,2.12,1.75,3.591
1767,09.10.2010 13:00:00,1.31,2.18,2.31,2.12,1.75
1768,09.10.2010 14:00:00,1.31,2.18,2.37,2.12,1.81
1769,09.10.2010 15:00:00,1.25,2.18,2.31,2.12,1.75
1770,09.10.2010 16:00:00,1.25,2.12,2.31,2.06,1.75
1771,09.10.2010 17:00:00,1.25,2.12,2.31,2.06,1.75
1772,09.10.2010 18:00:00,1.25,2.12,2.31,2.06,1.75,3.588
1773,09.10.2010 19:00:00,1.25,2.12,2.25,2.06,1.75
1774,09.10.2010 20:00:00,1.18,2.06,2.25,2.06,1.75
1775,09.10.2010 21:00:00,1.18,2.06,2.25,2.06,1.75
1776,09.10.2010 22:00:00,1.18,2.06,2.25,2.06,1.75
1777,09.10.2010 23:00:00,1.12,2,2.25,2.06,1.75
1778,10.10.2010 00:00:00,1.12,2,2.25,2.06,1.75,3.590
1779,10.10.2010 01:00:00,1.12,2,2.18,2.06,1.75
1780,10.10.2010 02:00:00,1.06,2,2.25,2.06,1.75
1781,10.10.2010 03:00:00,1.06,2,2.18,2.06,1.75
1782,10.10.2010 04:00:00,1.06,2,2.18,2.06,1.75
1783,10.10.2010 05:00:00,1,1.93,2.18,2.06,1.75
1784,10.10.2010 06:00:00,1,1.93,2.18,2.06,1.75,3.583
1785,10.10.2010 07:00:00,1,1.93,2.18,2,1.75
1786,10.10.2010 08:00:00,0.93,1.93,2.18,2,1.75
1787,10.10.2010 09:00:00,0.93,1.87,2.18,2,1.75
1788,10.10.2010 10:00:00,0.93,1.87,2.12,2,1.75
1789,10.10.2010 11:00:00,0.87,1.87,2.12,2,1.75
1790,10.10.2010 12:00:00,0.87,1.87,2.12,2,1.75,3.584
1791,10.10.2010 13:00:00,0.87,1.87,2.12,2,1.75
1792,10.10.2010 14:00:00,0.87,1.81,2.12,2,1.75
1793,10.10.2010 15:00:00,0.81,1.81,2.12,2,1.75
1794,10.10.2010 16:00:00,0.81,1.81,2.06,2,1.75
1795,10.10.2010 17:00:00,0.81,1.81,2.06,2,1.75
1796,10.10.2010 18:00:00,0.81,1.75,2.06,1.93,1.75,3.585
1797,10.10.2010 19:00:00,0.81,1.75,2.06,2,1.75
1798,10.10.2010 20:00:00,0.75,1.75,2.06,1.93,1.75
1799,10.10.2010 21:00:00,0.75,1.68,2.06,1.93,1.75
1800,10.10.2010 22:00:00,0.75,1.68,2,1.93,1.75
1801,10.10.2010 23:00:00,0.75,1.68,2,1.93,1.68
1802,11.10.2010 00:00:00,0.75,1.68,2,2,1.68,3.583
1803,11.10.2010 01:00:00,0.75,1.68,2,1.93,1.68
1804,11.10.2010 02:00:00,0.75,1.62,2,1.93,1.68
1805,11.10.2010 03:00:00,0.68,1.62,2,1.93,1.68
1806,11.10.2010 04:00:00,0.68,1.62,1.93,1.93,1.68
1807,11.10.2010 05:00:00,0.68,1.62,2,1.93,1.68
1808,11.10.2010 06:00:00,0.68,1.62,1.93,1.87,1.68,3.583
1809,11.10.2010 07:00:00,0.68,1.62,1.93,1.93,1.68
1810,11.10.2010 08:00:00,0.62,1.56,1.93,1.87,1.68
1811,11.10.2010 09:00:00,0.62,1.56,1.93,1.87,1.68
1812,11.10.2010 10:00:00,0.62,1.56,1.93,1.87,1.68
1813,11.10.2010 11:00:00,0.56,1.56,1.93,1.87,1.68
1814,11.10.2010 12:00:00,0.56,1.56,1.87,1.87,1.68,3.588
1815,11.10.2010 13:00:00,0.56,1.56,1.87,1.87,1.68
1816,11.10.2010 14:00:00,0.56,1.5,1.87,1.87,1.68
1817,11.10.2010 15:00:00,0.56,1.5,1.87,1.87,1.68
1818,11.10.2010 16:00:00,0.56,1.5,1.87,1.87,1.68
1819,11.10.2010 17:00:00,0.56,1.5,1.87,1.87,1.68
1820,11.10.2010 18:00:00,0.56,1.5,1.87,1.87,1.68,3.586
1821,11.10.2010 19:00:00,0.5,1.5,1.81,1.81,1.68
1822,11.10.2010 20:00:00,0.5,1.43,1.81,1.87,1.68
1823,11.10.2010 21:00:00,0.5,1.43,1.81,1.81,1.68
1824,11.10.2010 22:00:00,0.5,1.43,1.81,1.81,1.68
1825,11.10.2010 23:00:00,0.5,1.43,1.81,1.81,1.68
1826,12.10.2010 00:00:00,0.5,1.37,1.81,1.81,1.68,3.582
1827,12.10.2010 01:00:00,0.5,1.43,1.81,1.81,1.62
1828,12.10.2010 02:00:00,0.5,1.43,1.75,1.81,1.68
1829,12.10.2010 03:00:00,0.43,1.37,1.75,1.81,1.68
1830,12.10.2010 04:00:00,0.5,1.37,1.75,1.81,1.62
1831,12.10.2010 05:00:00,0.43,1.37,1.75,1.81,1.62
1832,12.10.2010 06:00:00,0.5,1.37,1.75,1.75,1.68,3.582
1833,12.10.2010 07:00:00,0.43,1.37,1.75,1.75,1.62
1834,12.10.2010 08:00:00,0.43,1.37,1.75,1.75,1.68
1835,12.10.2010 09:00:00,0.43,1.31,1.75,1.75,1.62
1836,12.10.2010 10:00:00,0.43,1.31,1.68,1.75,1.62
1837,12.10.2010 11:00:00,0.43,1.31,1.68,1.75,1.62
1838,12.10.2010 12:00:00,0.43,1.31,1.68,1.75,1.62,3.582
1839,12.10.2010 13:00:00,0.43,1.31,1.68,1.75,1.62
1840,12.10.2010 14:00:00,0.43,1.31,1.68,1.75,1.62
1841,12.10.2010 15:00:00,0.37,1.31,1.68,1.68,1.62
1842,12.10.2010 16:00:00,0.43,1.25,1.68,1.68,1.62
1843,12.10.2010 17:00:00,0.43,1.25,1.62,1.68,1.62
1844,12.10.2010 18:00:00,0.37,1.25,1.62,1.68,1.62,3.583
1845,12.10.2010 19:00:00,0.43,1.25,1.62,1.68,1.62
1846,12.10.2010 20:00:00,0.43,1.25,1.62,1.68,1.62
1847,12.10.2010 21:00:00,0.37,1.25,1.62,1.68,1.62
1848,12.10.2010 22:00:00,0.37,1.25,1.62,1.68,1.62
1849,12.10.2010 23:00:00,0.37,1.25,1.62,1.68,1.62
1850,13.10.2010 00:00:00,0.37,1.25,1.62,1.68,1.56,3.587
1851,13.10.2010 01:00:00,0.37,1.25,1.62,1.62,1.62
1852,13.10.2010 02:00:00,0.37,1.18,1.62,1.62,1.56
1853,13.10.2010 03:00:00,0.37,1.18,1.56,1.62,1.62
1854,13.10.2010 04:00:00,0.37,1.18,1.56,1.62,1.56
1855,13.10.2010 05:00:00,0.37,1.18,1.56,1.68,1.56
1856,13.10.2010 06:00:00,0.37,1.18,1.56,1.62,1.56,3.582
1857,13.10.2010 07:00:00,0.37,1.18,1.56,1.62,1.56
1858,13.10.2010 08:00:00,0.31,1.18,1.56,1.62,1.56
1859,13.10.2010 09:00:00,0.37,1.18,1.56,1.62,1.56
1860,13.10.2010 10:00:00,0.31,1.18,1.5,1.62,1.56
1861,13.10.2010 11:00:00,0.31,1.18,1.56,1.62,1.56
1862,13.10.2010 12:00:00,0.31,1.18,1.56,1.62,1.56,3.587
1863,13.10.2010 13:00:00,0.31,1.18,1.5,1.62,1.56
1864,13.10.2010 14:00:00,0.31,1.12,1.5,1.62,1.56
1865,13.10.2010 15:00:00,0.31,1.12,1.5,1.56,1.56
1866,13.10.2010 16:00:00,0.31,1.12,1.5,1.56,1.56
1867,13.10.2010 17:00:00,0.31,1.12,1.5,1.56,1.56
1868,13.10.2010 18:00:00,0.31,1.12,1.5,1.56,1.5,3.587
1869,13.10.2010 19:00:00,0.31,1.12,1.5,1.56,1.5
1870,13.10.2010 20:00:00,0.31,1.12,1.5,1.56,1.56
1871,13.10.2010 21:00:00,0.31,1.12,1.5,1.56,1.56
1872,13.10.2010 22:00:00,0.31,1.06,1.5,1.56,1.5
1873,13.10.2010 23:00:00,0.25,1.06,1.43,1.56,1.5
1874,14.10.2010 00:00:00,0.31,1.06,1.5,1.56,1.5,3.580
1875,14.10.2010 01:00:00,0.25,1.06,1.43,1.56,1.5
1876,14.10.2010 02:00:00,0.31,1.06,1.43,1.56,1.5
1877,14.10.2010 03:00:00,0.25,1.06,1.43,1.56,1.5
1878,14.10.2010 04:00:00,0.25,1.06,1.43,1.5,1.5
1879,14.10.2010 05:00:00,0.25,1.06,1.43,1.5,1.5
1880,14.10.2010 06:00:00,0.25,1.06,1.43,1.5,1.5,3.586
1881,14.10.2010 07:00:00,0.25,1.06,1.43,1.5,1.5
1882,14.10.2010 08:00:00,0.25,1.06,1.43,1.5,1.5
1883,14.10.2010 09:00:00,0.25,1.06,1.37,1.5,1.5
1884,14.10.2010 10:00:00,0.25,1.06,1.37,1.5,1.5
1885,14.10.2010 11:00:00,0.25,1,1.37,1.5,1.5
1886,14.10.2010 12:00:00,0.25,1,1.43,1.5,1.5,3.581
1887,14.10.2010 13:00:00,0.25,1,1.37,1.43,1.5
1888,14.10.2010 14:00:00,0.25,1,1.37,1.43,1.5
1889,14.10.2010 15:00:00,0.18,1,1.37,1.43,1.43
1890,14.10.2010 16:00:00,0.18,1,1.37,1.43,1.43
1891,14.10.2010 17:00:00,0.25,1,1.37,1.43,1.5
1892,14.10.2010 18:00:00,0.18,1,1.31,1.43,1.5,3.584
1893,14.10.2010 19:00:00,0.18,1,1.37,1.43,1.5
1894,14.10.2010 20:00:00,0.18,1,1.37,1.43,1.43
1895,14.10.2010 21:00:00,0.18,1,1.31,1.43,1.43
1896,14.10.2010 22:00:00,0.18,1,1.31,1.43,1.43
1897,14.10.2010 23:00:00,0.18,1,1.37,1.43,1.43
1898,15.10.2010 00:00:00,0.18,1,1.31,1.43,1.43,3.580
1899,15.10.2010 01:00:00,0.18,1,1.31,1.43,1.43
1900,15.10.2010 02:00:00,0.18,1,1.31,1.37,1.43
1901,15.10.2010 03:00:00,0.18,0.93,1.31,1.43,1.43
1902,15.10.2010 04:00:00,0.18,0.93,1.31,1.37,1.43
1903,15.10.2010 05:00:00,0.18,0.93,1.31,1.37,1.43
1904,15.10.2010 06:00:00,0.18,0.93,1.31,1.37,1.43,3.579
1905,15.10.2010 07:00:00,0.18,0.93,1.31,1.37,1.43
1906,15.10.2010 08:00:00,0.18,0.93,1.31,1.37,1.43
1907,15.10.2010 09:00:00,0.18,0.93,1.31,1.37,1.43
1908,15.10.2010 10:00:00,0.18,0.93,1.31,1.37,1.37
1909,15.10.2010 11:00:00,0.18,0.93,1.31,1.37,1.43
1910,15.10.2010 12:00:00,0.18,0.93,1.25,1.37,1.37,3.580
1911,15.10.2010 13:00:00,0.18,0.93,1.31,1.37,1.37
1912,15.10.2010 14:00:00,0.18,0.93,1.31,1.37,1.37
1913,15.10.2010 15:00:00,0.18,0.93,1.25,1.37,1.37
1914,15.10.2010 16:00:00,0.18,0.93,1.25,1.37,1.37
1915,15.10.2010 17:00:00,0.18,0.93,1.25,1.37,1.37
1916,15.10.2010 18:00:00,0.18,0.93,1.25,1.31,1.37,3.585
1917,15.10.2010 19:00:00,0.18,0.93,1.25,1.31,1.37
1918,15.10.2010 20:00:00,0.18,0.93,1.25,1.31,1.37
1919,15.10.2010 21:00:00,0.18,0.93,1.25,1.31,1.37
1920,15.10.2010 22:00:00,0.18,0.87,1.25,1.31,1.37
1921,15.10.2010 23:00:00,0.18,0.87,1.25,1.31,1.37
1922,16.10.2010 00:00:00,0.18,0.87,1.25,1.31,1.37,3.582
1923,16.10.2010 01:00:00,0.18,0.87,1.25,1.31,1.37
1924,16.10.2010 02:00:00,0.18,0.87,1.18,1.31,1.37
1925,16.10.2010 03:00:00,0.18,0.87,1.18,1.31,1.37
1926,16.10.2010 04:00:00,0.18,0.87,1.18,1.31,1.37
1927,16.10.2010 05:00:00,0.18,0.87,1.18,1.31,1.31
1928,16.10.2010 06:00:00,0.18,0.87,1.18,1.31,1.31,3.584
1929,16.10.2010 07:00:00,0.18,0.87,1.18,1.31,1.37
1930,16.10.2010 08:00:00,0.18,0.87,1.18,1.25,1.31
1931,16.10.2010 09:00:00,0.12,0.87,1.18,1.31,1.31
1932,16.10.2010 10:00:00,0.12,0.87,1.18,1.25,1.31
1933,16.10.2010 11:00:00,0.18,0.87,1.18,1.25,1.31
1934,16.10.2010 12:00:00,0.18,0.87,1.18,1.25,1.31,3.578
1935,16.10.2010 13:00:00,0.12,0.87,1.18,1.25,1.31
1936,16.10.2010 14:00:00,0.18,0.81,1.18,1.25,1.31
1937,16.10.2010 15:00:00,0.12,0.87,1.18,1.25,1.31
1938,16.10.2010 16:00:00,0.12,0.87,1.18,1.25,1.31
1939,16.10.2010 17:00:00,0.12,0.81,1.18,1.25,1.31
1940,16.10.2010 18:00:00,0.12,0.81,1.12,1.25,1.31,3.585
1941,16.10.2010 19:00:00,0.12,0.81,1.18,1.25,1.31
1942,16.10.2010 20:00:00,0.18,0.81,1.18,1.25,1.31
1943,16.10.2010 21:00:00,0.12,0.81,1.18,1.25,1.31
1944,16.10.2010 22:00:00,0.12,0.81,1.12,1.18,1.31
1945,16.10.2010 23:00:00,0.12,0.81,1.12,1.25,1.31
1946,17.10.2010 00:00:00,0.12,0.81,1.12,1.25,1.25,3.581
1947,17.10.2010 01:00:00,0.18,0.81,1.12,1.18,1.25
1948,17.10.2010 02:00:00,0.12,0.81,1.12,1.18,1.25
1949,17.10.2010 03:00:00,0.12,0.81,1.12,1.18,1.25
1950,17.10.2010 04:00:00,0.12,0.81,1.12,1.18,1.25
1951,17.10.2010 05:00:00,0.18,0.81,1.12,1.18,1.25
1952,17.10.2010 06:00:00,0.12,0.81,1.12,1.18,1.25,3.583
1953,17.10.2010 07:00:00,0.12,0.81,1.12,1.18,1.25
1954,17.10.2010 08:00:00,0.12,0.81,1.12,1.18,1.25
1955,17.10.2010 09:00:00,0.12,0.81,1.12,1.18,1.25
1956,17.10.2010 10:00:00,0.12,0.81,1.12,1.18,1.25
1957,17.10.2010 11:00:00,0.12,0.81,1.06,1.18,1.25
1958,17.10.2010 12:00:00,0.12,0.81,1.12,1.18,1.25,3.581
1959,17.10.2010 13:00:00,0.12,0.81,1.12,1.18,1.25
1960,17.10.2010 14:00:00,0.12,0.81,1.06,1.18,1.25
1961,17.10.2010 15:00:00,0.12,0.81,1.06,1.18,1.18
1962,17.10.2010 16:00:00,0.12,0.75,1.06,1.18,1.25
1963,17.10.2010 17:00:00,0.12,0.75,1.06,1.12,1.25
1964,17.10.2010 18:00:00,0.12,0.75,1.06,1.12,1.25,3.584
1965,17.10.2010 19:00:00,0.12,0.75,1.06,1.12,1.25
1966,17.10.2010 20:00:00,0.12,0.75,1.06,1.12,1.18
1967,17.10.2010 21:00:00,0.12,0.75,1.06,1.12,1.18
1968,17.10.2010 22:00:00,0.12,0.75,1.06,1.12,1.25
1969,17.10.2010 23:00:00,0.12,0.75,1.06,1.12,1.18
1970,18.10.2010 00:00:00,0.12,0.75,1.06,1.12,1.18,3.577
1971,18.10.2010 01:00:00,0.12,0.81,1.06,1.12,1.18
1972,18.10.2010 02:00:00,0.12,0.75,1.06,1.12,1.18
1973,18.10.2010 03:00:00,0.12,0.75,1.06,1.12,1.18
1974,18.10.2010 04:00:00,0.12,0.75,1.06,1.12,1.18
1975,18.10.2010 05:00:00,0.12,0.75,1.06,1.12,1.18
1976,18.10.2010 06:00:00,0.12,0.75,1.06,1.12,1.18,3.577
1977,18.10.2010 07:00:00,0.12,0.75,1.06,1.12,1.18
1978,18.10.2010 08:00:00,0.12,0.75,1,1.12,1.18
1979,18.10.2010 09:00:00,0.12,0.75,1.06,1.12,1.18
1980,18.10.2010 10:00:00,0.12,0.75,1,1.06,1.18
1981,18.10.2010 11:00:00,0.12,0.75,1,1.06,1.18
1982,18.10.2010 12:00:00,0.12,0.75,1.06,1.06,1.18,3.580
1983,18.10.2010 13:00:00,0.06,0.75,1,1.12,1.18
1984,18.10.2010 14:00:00,0.12,0.75,1,1.06,1.18
1985,18.10.2010 15:00:00,0.12,0.75,1,1.06,1.12
1986,18.10.2010 16:00:00,0.12,0.75,1,1.06,1.12
1987,18.10.2010 17:00:00,0.12,0.75,1,1.06,1.18
1988,18.10.2010 18:00:00,0.12,0.68,1,1.06,1.12,3.577
1989,18.10.2010 19:00:00,0.12,0.75,1,1.06,1.12
1990,18.10.2010 20:00:00,0.12,0.75,1,1.06,1.12
1991,18.10.2010 21:00:00,0.06,0.75,1,1.06,1.12
1992,18.10.2010 22:00:00,0.12,0.75,1,1.06,1.12
1993,18.10.2010 23:00:00,0.12,0.75,1,1.06,1.12
1994,19.10.2010 00:00:00,0.12,0.75,1,1.06,1.12,3.576
1995,19.10.2010 01:00:00,0.12,0.68,1,1.06,1.12
1996,19.10.2010 02:00:00,0.12,0.68,1,1.06,1.12
1997,19.10.2010 03:00:00,0.12,0.68,1,1.06,1.12
1998,19.10.2010 04:00:00,0.06,0.68,1,1.06,1.12
1999,19.10.2010 05:00:00,0.06,0.75,1,1.06,1.12
2000,19.10.2010 06:00:00,0.12,0.68,1,1,1.12,3.582
2001,19.10.2010 07:00:00,0.12,0.68,1,1.06,1.12
2002,19.10.2010 08:00:00,0.06,0.68,0.93,1,1.12
2003,19.10.2010 09:00:00,0.06,0.68,0.93,1,1.12
2004,19.10.2010 10:00:00,0.06,0.68,0.93,1.06,1.12
2005,19.10.2010 11:00:00,0.06,0.68,0.93,1,1.06
2006,19.10.2010 12:00:00,0.06,0.68,0.93,1,1.12,3.580
2007,19.10.2010 13:00:00,0.06,0.68,0.93,1,1.06
2008,19.10.2010 14:00:00,0.06,0.68,0.93,1,1.06
2009,19.10.2010 15:00:00,0.06,0.68,0.93,1,1.12
2010,19.10.2010 16:00:00,0.06,0.68,0.93,1,1.06
2011,19.10.2010 17:00:00,0.06,0.68,0.93,1,1.06
2012,19.10.2010 18:00:00,0.06,0.68,0.93,1,1.06,3.578
2013,19.10.2010 19:00:00,0.06,0.68,0.93,1,1.06
2014,19.10.2010 20:00:00,0.06,0.68,0.93,1,1.06
2015,19.10.2010 21:00:00,0.06,0.68,0.93,1,1.06
2016,19.10.2010 22:00:00,0.06,0.68,0.93,1,1.06
2017,19.10.2010 23:00:00,0.06,0.62,0.93,0.93,1.06
2018,20.10.2010 00:00:00,0.06,0.62,0.93,1,1.06,3.577
2019,20.10.2010 01:00:00,0.06,0.68,0.93,1,1.06
2020,20.10.2010 02:00:00,0.06,0.62,0.93,1,1.06
2021,20.10.2010 03:00:00,0.06,0.62,0.93,1,1.06
2022,20.10.2010 04:00:00,0.06,0.62,0.87,1,1.06
2023,20.10.2010 05:00:00,0.06,0.62,0.93,1,1.06
2024,20.10.2010 06:00:00,0.06,0.68,0.93,1,1.06,3.577
2025,20.10.2010 07:00:00,0.06,0.62,0.87,0.93,1.06
2026,20.10.2010 08:00:00,0.06,0.62,0.93,0.93,1.06
2027,20.10.2010 09:00:00,0.06,0.62,0.93,0.93,1.06
2028,20.10.2010 10:00:00,0.06,0.68,0.87,0.93,1.06
2029,20.10.2010 11:00:00,0.06,0.62,0.87,0.93,1.06
2030,20.10.2010 12:00:00,0.06,0.62,0.87,0.93,1,3.576
2031,20.10.2010 13:00:00,0.06,0.62,0.87,0.93,1
2032,20.10.2010 14:00:00,0.06,0.62,0.87,0.93,1
2033,20.10.2010 15:00:00,0.06,0.62,0.87,0.93,1
2034,20.10.2010 16:00:00,0.06,0.62,0.93,0.93,1
2035,20.10.2010 17:00:00,0.06,0.62,0.87,0.93,1
2036,20.10.2010 18:00:00,0.06,0.62,0.87,0.93,1,3.583
2037,20.10.2010 19:00:00,0.06,0.62,0.87,0.93,1
2038,20.10.2010 20:00:00,0.06,0.62,0.87,0.93,1
2039,20.10.2010 21:00:00,0.06,0.62,0.87,0.87,1
2040,20.10.2010 22:00:00,0.06,0.62,0.87,0.93,1
2041,20.10.2010 23:00:00,0.06,0.62,0.87,0.93,1
2042,21.10.2010 00:00:00,0.06,0.62,0.87,0.93,1,3.578
2043,21.10.2010 01:00:00,0.06,0.62,0.87,0.93,1
2044,21.10.2010 02:00:00,0.06,0.62,0.87,0.93,1
2045,21.10.2010 03:00:00,0.06,0.62,0.87,0.87,1
2046,21.10.2010 04:00:00,0.06,0.62,0.87,0.93,1
2047,21.10.2010 05:00:00,0.06,0.62,0.81,0.87,1
2048,21.10.2010 06:00:00,0.06,0.62,0.87,0.93,1,3.583
2049,21.10.2010 07:00:00,0.06,0.62,0.81,0.87,1
2050,21.10.2010 08:00:00,0.06,0.62,0.81,0.93,1
2051,21.10.2010 09:00:00,0.06,0.62,0.87,0.87,1
2052,21.10.2010 10:00:00,0.06,0.62,0.87,0.87,1
2053,21.10.2010 11:00:00,0.06,0.62,0.81,0.87,1
2054,21.10.2010 12:00:00,0.06,0.62,0.81,0.87,1,3.582
2055,21.10.2010 13:00:00,0.06,0.62,0.87,0.87,0.93
2056,21.10.2010 14:00:00,0.06,0.62,0.81,0.87,1
2057,21.10.2010 15:00:00,0.06,0.62,0.81,0.87,1
2058,21.10.2010 16:00:00,0.06,0.56,0.81,0.87,0.93
2059,21.10.2010 17:00:00,0.06,0.56,0.87,0.87,1
2060,21.10.2010 18:00:00,0.06,0.56,0.81,0.87,0.93,3.576
2061,21.10.2010 19:00:00,0.06,0.56,0.87,0.87,0.93
2062,21.10.2010 20:00:00,0.06,0.62,0.81,0.87,0.93
2063,21.10.2010 21:00:00,0.06,0.62,0.81,0.87,0.93
2064,21.10.2010 22:00:00,0,0.62,0.81,0.87,0.93
2065,21.10.2010 23:00:00,0.06,0.56,0.81,0.87,0.93
2066,22.10.2010 00:00:00,0.06,0.56,0.81,0.87,0.93,3.583
2067,22.10.2010 01:00:00,0,0.56,0.81,0.81,0.93
2068,22.10.2010 02:00:00,0,0.56,0.81,0.87,0.93
2069,22.10.2010 03:00:00,0,0.62,0.81,0.81,0.93
2070,22.10.2010 04:00:00,0.06,0.56,0.81,0.81,0.93
2071,22.10.2010 05:00:00,0.06,0.56,0.81,0.81,0.93
2072,22.10.2010 06:00:00,0.06,0.56,0.81,0.81,0.93,3.576
2073,22.10.2010 07:00:00,0,0.56,0.81,0.87,0.93
2074,22.10.2010 08:00:00,0.06,0.56,0.81,0.81,0.93
2075,22.10.2010 09:00:00,0,0.56,0.81,0.81,0.93
2076,22.10.2010 10:00:00,0,0.56,0.81,0.81,0.93
2077,22.10.2010 11:00:00,0,0.56,0.81,0.81,0.87
2078,22.10.2010 12:00:00,0,0.56,0.81,0.81,0.87,3.581
2079,22.10.2010 13:00:00,0,0.56,0.81,0.81,0.87
2080,22.10.2010 14:00:00,0,0.56,0.81,0.81,0.87
2081,22.10.2010 15:00:00,0,0.56,0.75,0.81,0.87
2082,22.10.2010 16:00:00,0,0.56,0.75,0.81,0.93
2083,22.10.2010 17:00:00,0,0.56,0.81,0.81,0.87
2084,22.10.2010 18:00:00,0,0.56,0.81,0.81,0.87,3.576
2085,22.10.2010 19:00:00,0,0.56,0.81,0.81,0.87
2086,22.10.2010 20:00:00,0,0.56,0.81,0.81,0.87
2087,22.10.2010 21:00:00,0,0.56,0.75,0.81,0.87
2088,22.10.2010 22:00:00,0,0.56,0.81,0.81,0.87
2089,22.10.2010 23:00:00,0,0.56,0.75,0.81,0.87
2090,23.10.2010 00:00:00,0,0.56,0.75,0.81,0.87,3.576
2091,23.10.2010 01:00:00,0,0.56,0.75,0.81,0.87
2092,23.10.2010 02:00:00,0,0.56,0.75,0.81,0.87
2093,23.10.2010 03:00:00,0,0.56,0.75,0.81,0.87
2094,23.10.2010 04:00:00,0,0.5,0.75,0.81,0.87
2095,23.10.2010 05:00:00,0,0.56,0.75,0.81,0.87
2096,23.10.2010 06:00:00,0,0.5,0.75,0.81,0.87,3.575
2097,23.10.2010 07:00:00,0,0.56,0.75,0.75,0.87
2098,23.10.2010 08:00:00,0,0.56,0.75,0.81,0.87
2099,23.10.2010 09:00:00,0,0.56,0.75,0.75,0.87
2100,23.10.2010 10:00:00,0,0.5,0.75,0.75,0.87
2101,23.10.2010 11:00:00,0,0.56,0.75,0.75,0.87
2102,23.10.2010 12:00:00,-0.06,0.5,0.75,0.75,0.87,3.580
2103,23.10.2010 13:00:00,0,0.5,0.75,0.75,0.87
2104,23.10.2010 14:00:00,0,0.5,0.75,0.75,0.87
2105,23.10.2010 15:00:00,0,0.56,0.75,0.75,0.87
2106,23.10.2010 16:00:00,0,0.5,0.68,0.75,0.81
2107,23.10.2010 17:00:00,-0.06,0.5,0.75,0.75,0.87
2108,23.10.2010 18:00:00,-0.06,0.5,0.75,0.75,0.81,3.579
2109,23.10.2010 19:00:00,-0.06,0.5,0.75,0.75,0.81
2110,23.10.2010 20:00:00,0,0.5,0.75,0.75,0.81
2111,23.10.2010 21:00:00,-0.06,0.5,0.75,0.75,0.87
2112,23.10.2010 22:00:00,-0.06,0.5,0.75,0.75,0.81
2113,23.10.2010 23:00:00,-0.06,0.5,0.75,0.75,0.81
2114,24.10.2010 00:00:00,-0.06,0.5,0.68,0.75,0.87,3.578
2115,24.10.2010 01:00:00,0,0.5,0.68,0.75,0.81
2116,24.10.2010 02:00:00,-0.06,0.5,0.68,0.75,0.81
2117,24.10.2010 03:00:00,-0.06,0.5,0.68,0.75,0.81
2118,24.10.2010 04:00:00,-0.06,0.5,0.68,0.75,0.81
2119,24.10.2010 05:00:00,-0.06,0.5,0.68,0.75,0.81
2120,24.10.2010 06:00:00,-0.06,0.5,0.68,0.75,0.81,3.575
2121,24.10.2010 07:00:00,-0.06,0.5,0.68,0.75,0.81
2122,24.10.2010 08:00:00,-0.06,0.5,0.75,0.68,0.81
2123,24.10.2010 09:00:00,-0.06,0.5,0.68,0.75,0.81
2124,24.10.2010 10:00:00,-0.06,0.5,0.68,0.75,0.81
2125,24.10.2010 11:00:00,-0.06,0.5,0.68,0.75,0.81
2126,24.10.2010 12:00:00,-0.06,0.5,0.68,0.68,0.81,3.580
2127,24.10.2010 13:00:00,-0.06,0.5,0.68,0.75,0.81
2128,24.10.2010 14:00:00,-0.06,0.5,0.68,0.68,0.81
2129,24.10.2010 15:00:00,-0.06,0.5,0.68,0.68,0.81
2130,24.10.2010 16:00:00,-0.06,0.5,0.68,0.68,0.81
2131,24.10.2010 17:00:00,-0.06,0.5,0.68,0.75,0.81
2132,24.10.2010 18:00:00,-0.06,0.43,0.68,0.68,0.81,3.577
2133,24.10.2010 19:00:00,-0.06,0.5,0.68,0.68,0.81
2134,24.10.2010 20:00:00,-0.06,0.5,0.68,0.68,0.75
2135,24.10.2010 21:00:00,-0.06,0.43,0.68,0.68,0.81
2136,24.10.2010 22:00:00,-0.06,0.43,0.68,0.68,0.81
2137,24.10.2010 23:00:00,-0.06,0.43,0.68,0.68,0.81
2138,25.10.2010 00:00:00,-0.06,0.5,0.68,0.68,0.75,3.578
2139,25.10.2010 01:00:00,-0.06,0.43,0.68,0.68,0.75
2140,25.10.2010 02:00:00,-0.12,0.5,0.68,0.68,0.75
2141,25.10.2010 03:00:00,-0.06,0.43,0.68,0.68,0.75
2142,25.10.2010 04:00:00,-0.06,0.43,0.68,0.68,0.75
2143,25.10.2010 05:00:00,-0.06,0.43,0.68,0.68,0.75
2144,25.10.2010 06:00:00,-0.06,0.43,0.68,0.68,0.75,3.575
2145,25.10.2010 07:00:00,-0.12,0.43,0.68,0.68,0.75
2146,25.10.2010 08:00:00,-0.06,0.43,0.68,0.68,0.75
2147,25.10.2010 09:00:00,-0.12,0.43,0.62,0.68,0.75
2148,25.10.2010 10:00:00,-0.12,0.43,0.68,0.68,0.75
2149,25.10.2010 11:00:00,-0.12,0.43,0.68,0.68,0.75
2150,25.10.2010 12:00:00,-0.12,0.43,0.62,0.68,0.75,3.579
2151,25.10.2010 13:00:00,-0.12,0.43,0.62,0.68,0.75
2152,25.10.2010 14:00:00,-0.12,0.43,0.62,0.68,0.75
2153,25.10.2010 15:00:00,-0.12,0.43,0.62,0.68,0.75
2154,25.10.2010 16:00:00,-0.12,0.43,0.62,0.62,0.75
2155,25.10.2010 17:00:00,-0.12,0.43,0.62,0.62,0.75
2156,25.10.2010 18:00:00,-0.12,0.43,0.62,0.68,0.75,3.572
2157,25.10.2010 19:00:00,-0.12,0.43,0.62,0.68,0.75
2158,25.10.2010 20:00:00,-0.12,0.43,0.62,0.68,0.75
2159,25.10.2010 21:00:00,-0.12,0.43,0.62,0.68,0.75
2160,25.10.2010 22:00:00,-0.12,0.43,0.62,0.62,0.75
2161,25.10.2010 23:00:00,-0.12,0.43,0.62,0.62,0.75
2162,26.10.2010 00:00:00,-0.12,0.37,0.62,0.62,0.75,3.572
2163,26.10.2010 01:00:00,-0.12,0.43,0.62,0.68,0.75
2164,26.10.2010 02:00:00,-0.12,0.37,0.62,0.62,0.68
2165,26.10.2010 03:00:00,-0.12,0.43,0.62,0.62,0.75
2166,26.10.2010 04:00:00,-0.12,0.43,0.62,0.62,0.68
2167,26.10.2010 05:00:00,-0.12,0.43,0.62,0.62,0.68
2168,26.10.2010 06:00:00,-0.12,0.37,0.62,0.62,0.68,3.575
2169,26.10.2010 07:00:00,-0.12,0.43,0.62,0.62,0.75
2170,26.10.2010 08:00:00,-0.18,0.37,0.62,0.62,0.68
2171,26.10.2010 09:00:00,-0.12,0.43,0.62,0.62,0.68
2172,26.10.2010 10:00:00,-0.12,0.37,0.62,0.62,0.68
2173,26.10.2010 11:00:00,-0.12,0.43,0.62,0.62,0.68
2174,26.10.2010 12:00:00,-0.12,0.37,0.62,0.62,0.68,3.573
2175,26.10.2010 13:00:00,-0.18,0.43,0.62,0.62,0.68
2176,26.10.2010 14:00:00,-0.12,0.43,0.62,0.62,0.68
2177,26.10.2010 15:00:00,-0.18,0.43,0.62,0.62,0.68
2178,26.10.2010 16:00:00,-0.18,0.37,0.56,0.62,0.68
2179,26.10.2010 17:00:00,-0.18,0.37,0.62,0.62,0.68
2180,26.10.2010 18:00:00,-0.18,0.37,0.62,0.62,0.68,3.572
2181,26.10.2010 19:00:00,-0.18,0.43,0.62,0.62,0.68
2182,26.10.2010 20:00:00,-0.18,0.37,0.62,0.62,0.68
2183,26.10.2010 21:00:00,-0.18,0.37,0.62,0.62,0.68
2184,26.10.2010 22:00:00,-0.18,0.37,0.56,0.62,0.68
2185,26.10.2010 23:00:00,-0.18,0.37,0.62,0.62,0.68
2186,27.10.2010 00:00:00,-0.12,0.37,0.56,0.62,0.68,3.578
2187,27.10.2010 01:00:00,-0.18,0.37,0.62,0.62,0.68
2188,27.10.2010 02:00:00,-0.12,0.37,0.56,0.62,0.68
2189,27.10.2010 03:00:00,-0.18,0.37,0.56,0.56,0.68
2190,27.10.2010 04:00:00,-0.18,0.37,0.56,0.62,0.68
2191,27.10.2010 05:00:00,-0.18,0.37,0.56,0.56,0.68
2192,27.10.2010 06:00:00,-0.18,0.37,0.56,0.56,0.68,3.576
2193,27.10.2010 07:00:00,-0.18,0.37,0.56,0.56,0.68
2194,27.10.2010 08:00:00,-0.18,0.37,0.56,0.62,0.68
2195,27.10.2010 09:00:00,-0.18,0.37,0.56,0.56,0.68
2196,27.10.2010 10:00:00,-0.18,0.37,0.62,0.56,0.62
2197,27.10.2010 11:00:00,-0.18,0.37,0.56,0.56,0.68
2198,27.10.2010 12:00:00,-0.18,0.37,0.56,0.56,0.68,3.572
2199,27.10.2010 13:00:00,-0.18,0.37,0.56,0.62,0.68
2200,27.10.2010 14:00:00,-0.18,0.37,0.56,0.56,0.62
2201,27.10.2010 15:00:00,-0.18,0.37,0.56,0.56,0.68
2202,27.10.2010 16:00:00,-0.18,0.31,0.56,0.56,0.68
2203,27.10.2010 17:00:00,-0.18,0.37,0.56,0.56,0.62
2204,27.10.2010 18:00:00,-0.18,0.37,0.56,0.56,0.62,3.574
2205,27.10.2010 19:00:00,-0.18,0.37,0.56,0.56,0.62
2206,27.10.2010 20:00:00,-0.18,0.37,0.56,0.56,0.62
2207,27.10.2010 21:00:00,-0.18,0.31,0.56,0.56,0.62
2208,27.10.2010 22:00:00,-0.18,0.31,0.5,0.56,0.62
2209,27.10.2010 23:00:00,-0.18,0.31,0.56,0.56,0.62
2210,28.10.2010 00:00:00,-0.18,0.37,0.56,0.56,0.62,3.572
2211,28.10.2010 01:00:00,-0.18,0.37,0.56,0.56,0.62
2212,28.10.2010 02:00:00,-0.18,0.37,0.56,0.56,0.62
2213,28.10.2010 03:00:00,-0.18,0.37,0.5,0.56,0.62
2214,28.10.2010 04:00:00,-0.18,0.31,0.56,0.56,0.62
2215,28.10.2010 05:00:00,-0.18,0.31,0.5,0.56,0.62
2216,28.10.2010 06:00:00,-0.18,0.31,0.56,0.56,0.62,3.573
2217,28.10.2010 07:00:00,-0.18,0.31,0.5,0.56,0.62
2218,28.10.2010 08:00:00,-0.18,0.31,0.56,0.56,0.62
2219,28.10.2010 09:00:00,-0.25,0.31,0.5,0.56,0.62
2220,28.10.2010 10:00:00,-0.18,0.31,0.56,0.5,0.62
2221,28.10.2010 11:00:00,-0.25,0.31,0.5,0.5,0.62
2222,28.10.2010 12:00:00,-0.18,0.31,0.5,0.56,0.62,3.576
2223,28.10.2010 13:00:00,-0.25,0.31,0.5,0.5,0.62
2224,28.10.2010 14:00:00,-0.25,0.31,0.5,0.5,0.62
2225,28.10.2010 15:00:00,-0.18,0.31,0.5,0.5,0.62
2226,28.10.2010 16:00:00,-0.25,0.31,0.5,0.5,0.62
2227,28.10.2010 17:00:00,-0.25,0.31,0.5,0.5,0.62
2228,28.10.2010 18:00:00,-0.25,0.31,0.5,0.5,0.62,3.572
2229,28.10.2010 19:00:00,-0.25,0.31,0.5,0.5,0.62
2230,28.10.2010 20:00:00,-0.25,0.31,0.5,0.5,0.62
2231,28.10.2010 21:00:00,-0.25,0.31,0.5,0.5,0.56
2232,28.10.2010 22:00:00,-0.18,0.31,0.5,0.5,0.56
2233,28.10.2010 23:00:00,-0.25,0.31,0.5,0.5,0.62
2234,29.10.2010 00:00:00,-0.18,0.31,0.5,0.5,0.56,3.577
2235,29.10.2010 01:00:00,-0.25,0.31,0.5,0.5,0.56
2236,29.10.2010 02:00:00,-0.18,0.31,0.5,0.5,0.56
2237,29.10.2010 03:00:00,-0.25,0.31,0.5,0.5,0.56
2238,29.10.2010 04:00:00,-0.25,0.31,0.5,0.5,0.56
2239,29.10.2010 05:00:00,-0.25,0.31,0.5,0.5,0.62
2240,29.10.2010 06:00:00,-0.25,0.31,0.5,0.5,0.56,3.576
2241,29.10.2010 07:00:00,-0.25,0.31,0.5,0.5,0.62
2242,29.10.2010 08:00:00,-0.25,0.31,0.5,0.5,0.56
2243,29.10.2010 09:00:00,-0.25,0.31,0.5,0.5,0.56
2244,29.10.2010 10:00:00,-0.25,0.31,0.5,0.5,0.56
2245,29.10.2010 11:00:00,-0.25,0.31,0.5,0.5,0.56
2246,29.10.2010 12:00:00,-0.25,0.25,0.43,0.5,0.56,3.571
2247,29.10.2010 13:00:00,-0.25,0.31,0.5,0.5,0.56
2248,29.10.2010 14:00:00,-0.25,0.31,0.5,0.5,0.56
2249,29.10.2010 15:00:00,-0.25,0.31,0.5,0.5,0.56
2250,29.10.2010 16:00:00,-0.25,0.31,0.5,0.5,0.56
2251,29.10.2010 17:00:00,-0.25,0.31,0.5,0.5,0.56
2252,29.10.2010 18:00:00,-0.25,0.31,0.5,0.5,0.56,3.575
2253,29.10.2010 19:00:00,-0.25,0.25,0.5,0.5,0.56
2254,29.10.2010 20:00:00,-0.25,0.31,0.43,0.5,0.56
2255,29.10.2010 21:00:00,-0.25,0.31,0.5,0.43,0.56
2256,29.10.2010 22:00:00,-0.25,0.31,0.5,0.5,0.56
2257,29.10.2010 23:00:00,-0.25,0.31,0.5,0.43,0.56
2258,30.10.2010 00:00:00,-0.25,0.25,0.43,0.43,0.56,3.571
2259,30.10.2010 01:00:00,-0.25,0.25,0.43,0.43,0.56
2260,30.10.2010 02:00:00,-0.25,0.25,0.5,0.43,0.56
2261,30.10.2010 03:00:00,-0.25,0.31,0.5,0.43,0.56
2262,30.10.2010 04:00:00,-0.25,0.25,0.43,0.43,0.56
2263,30.10.2010 05:00:00,-0.25,0.31,0.43,0.43,0.56
2264,30.10.2010 06:00:00,-0.25,0.25,0.43,0.43,0.56,3.575
2265,30.10.2010 07:00:00,-0.25,0.31,0.43,0.43,0.56
2266,30.10.2010 08:00:00,-0.25,0.25,0.43,0.43,0.56
2267,30.10.2010 09:00:00,-0.25,0.25,0.43,0.43,0.5
2268,30.10.2010 10:00:00,-0.25,0.31,0.5,0.43,0.56
2269,30.10.2010 11:00:00,-0.25,0.25,0.43,0.43,0.56
2270,30.10.2010 12:00:00,-0.25,0.25,0.5,0.43,0.5,3.570
2271,30.10.2010 13:00:00,-0.25,0.25,0.43,0.43,0.5
2272,30.10.2010 14:00:00,-0.25,0.25,0.43,0.43,0.5
2273,30.10.2010 15:00:00,-0.25,0.25,0.43,0.43,0.5
2274,30.10.2010 16:00:00,-0.25,0.31,0.43,0.43,0.5
2275,30.10.2010 17:00:00,-0.25,0.25,0.43,0.43,0.5
2276,30.10.2010 18:00:00,-0.25,0.25,0.43,0.43,0.5,3.571
2277,30.10.2010 19:00:00,-0.25,0.25,0.43,0.43,0.5
2278,30.10.2010 20:00:00,-0.25,0.25,0.43,0.43,0.5
2279,30.10.2010 21:00:00,-0.25,0.25,0.43,0.43,0.5
2280,30.10.2010 22:00:00,-0.25,0.25,0.43,0.43,0.5
2281,30.10.2010 23:00:00,-0.25,0.25,0.43,0.43,0.5
2282,31.10.2010 00:00:00,-0.25,0.25,0.43,0.43,0.5,3.570
2283,31.10.2010 01:00:00,-0.25,0.25,0.43,0.43,0.5
2284,31.10.2010 02:00:00,-0.25,0.25,0.43,0.43,0.5
2285,31.10.2010 03:00:00,-0.25,0.25,0.43,0.43,0.5
2286,31.10.2010 04:00:00,-0.25,0.25,0.43,0.43,0.5
2287,31.10.2010 05:00:00,-0.25,0.25,0.43,0.43,0.5
2288,31.10.2010 06:00:00,-0.25,0.25,0.43,0.43,0.5,3.576
2289,31.10.2010 07:00:00,-0.25,0.25,0.43,0.43,0.5
2290,31.10.2010 08:00:00,-0.25,0.25,0.43,0.43,0.5
2291,31.10.2010 09:00:00,-0.25,0.25,0.43,0.43,0.5
2292,31.10.2010 10:00:00,-0.25,0.25,0.43,0.43,0.5
2293,31.10.2010 11:00:00,-0.25,0.25,0.43,0.43,0.5
2294,31.10.2010 12:00:00,-0.25,0.25,0.37,0.37,0.5,3.575
2295,31.10.2010 13:00:00,-0.25,0.25,0.43,0.37,0.5
2296,31.10.2010 14:00:00,-0.25,0.25,0.43,0.43,0.5
2297,31.10.2010 15:00:00,-0.25,0.25,0.43,0.37,0.5
2298,31.10.2010 16:00:00,-0.25,0.25,0.43,0.43,0.5
2299,31.10.2010 17:00:00,-0.25,0.25,0.43,0.43,0.5
2300,31.10.2010 18:00:00,-0.25,0.25,0.43,0.37,0.5,3.576
2301,31.10.2010 19:00:00,-0.25,0.25,0.37,0.37,0.5
2302,31.10.2010 20:00:00,-0.25,0.25,0.43,0.43,0.5
2303,31.10.2010 21:00:00,-0.25,0.25,0.43,0.37,0.5
2304,31.10.2010 22:00:00,-0.25,0.25,0.37,0.37,0.43
2305,31.10.2010 23:00:00,-0.25,0.25,0.37,0.37,0.5
2306,01.11.2010 00:00:00,-0.25,0.25,0.37,0.37,0.5,3.568
2307,01.11.2010 01:00:00,-0.25,0.25,0.43,0.43,0.43
2308,01.11.2010 02:00:00,-0.25,0.25,0.37,0.37,0.43
2309,01.11.2010 03:00:00,-0.25,0.25,0.43,0.37,0.43
2310,01.11.2010 04:00:00,-0.25,0.25,0.37,0.37,0.43
2311,01.11.2010 05:00:00,-0.25,0.25,0.37,0.37,0.43
2312,01.11.2010 06:00:00,-0.25,0.25,0.37,0.37,0.43,3.575
2313,01.11.2010 07:00:00,-0.25,0.25,0.43,0.37,0.5
2314,01.11.2010 08:00:00,-0.25,0.25,0.37,0.37,0.43
2315,01.11.2010 09:00:00,-0.25,0.25,0.43,0.37,0.43
2316,01.11.2010 10:00:00,-0.31,0.18,0.37,0.37,0.43
2317,01.11.2010 11:00:00,-0.31,0.25,0.37,0.37,0.43
2318,01.11.2010 12:00:00,-0.31,0.18,0.37,0.37,0.43,3.572
2319,01.11.2010 13:00:00,-0.31,0.18,0.43,0.37,0.43
2320,01.11.2010 14:00:00,-0.31,0.18,0.37,0.37,0.43
2321,01.11.2010 15:00:00,-0.31,0.25,0.37,0.37,0.43
2322,01.11.2010 16:00:00,-0.31,0.18,0.37,0.37,0.43
2323,01.11.2010 17:00:00,-0.31,0.25,0.37,0.37,0.43
2324,01.11.2010 18:00:00,-0.25,0.18,0.37,0.37,0.43,3.576
2325,01.11.2010 19:00:00,-0.31,0.25,0.37,0.37,0.43
2326,01.11.2010 20:00:00,-0.25,0.25,0.37,0.37,0.43
2327,01.11.2010 21:00:00,-0.31,0.18,0.37,0.37,0.43
2328,01.11.2010 22:00:00,-0.25,0.25,0.37,0.37,0.43
2329,01.11.2010 23:00:00,-0.31,0.18,0.37,0.37,0.43
2330,02.11.2010 00:00:00,-0.25,0.25,0.37,0.37,0.43,3.572
2331,02.11.2010 01:00:00,-0.31,0.18,0.37,0.37,0.43
2332,02.11.2010 02:00:00,-0.31,0.18,0.37,0.37,0.43
2333,02.11.2010 03:00:00,-0.31,0.25,0.37,0.37,0.43
2334,02.11.2010 04:00:00,-0.31,0.18,0.37,0.37,0.43
2335,02.11.2010 05:00:00,-0.31,0.18,0.37,0.37,0.37
2336,02.11.2010 06:00:00,-0.31,0.18,0.37,0.37,0.43,3.575
2337,02.11.2010 07:00:00,-0.31,0.18,0.37,0.31,0.43
2338,02.11.2010 08:00:00,-0.31,0.18,0.37,0.37,0.43
2339,02.11.2010 09:00:00,-0.31,0.18,0.37,0.37,0.43
2340,02.11.2010 10:00:00,-0.31,0.18,0.37,0.31,0.43
2341,02.11.2010 11:00:00,-0.31,0.18,0.37,0.31,0.43
2342,02.11.2010 12:00:00,-0.31,0.18,0.37,0.31,0.43,3.568
2343,02.11.2010 13:00:00,-0.31,0.18,0.37,0.37,0.43
2344,02.11.2010 14:00:00,-0.31,0.18,0.37,0.31,0.43
2345,02.11.2010 15:00:00,-0.31,0.18,0.37,0.31,0.43
2346,02.11.2010 16:00:00,-0.31,0.18,0.37,0.31,0.43
2347,02.11.2010 17:00:00,-0.31,0.18,0.37,0.31,0.43
2348,02.11.2010 18:00:00,-0.31,0.18,0.37,0.31,0.43,3.570
2349,02.11.2010 19:00:00,-0.31,0.18,0.37,0.31,0.43
2350,02.11.2010 20:00:00,-0.31,0.18,0.31,0.31,0.43
2351,02.11.2010 21:00:00,-0.31,0.18,0.31,0.31,0.37
2352,02.11.2010 22:00:00,-0.31,0.18,0.31,0.31,0.37
2353,02.11.2010 23:00:00,-0.31,0.18,0.37,0.31,0.37
2354,03.11.2010 00:00:00,-0.31,0.18,0.31,0.31,0.37,3.571
2355,03.11.2010 01:00:00,-0.31,0.18,0.37,0.31,0.37
2356,03.11.2010 02:00:00,-0.31,0.18,0.31,0.31,0.37
2357,03.11.2010 03:00:00,-0.37,0.18,0.31,0.31,0.37
2358,03.11.2010 04:00:00,-0.31,0.18,0.37,0.31,0.37
2359,03.11.2010 05:00:00,-0.31,0.18,0.37,0.31,0.37
2360,03.11.2010 06:00:00,-0.31,0.18,0.37,0.31,0.37,3.569
2361,03.11.2010 07:00:00,-0.31,0.18,0.31,0.31,0.37
2362,03.11.2010 08:00:00,-0.31,0.18,0.31,0.31,0.37
2363,03.11.2010 09:00:00,-0.31,0.18,0.37,0.31,0.37
2364,03.11.2010 10:00:00,-0.31,0.18,0.37,0.31,0.37
2365,03.11.2010 11:00:00,-0.31,0.18,0.31,0.31,0.37
2366,03.11.2010 12:00:00,-0.37,0.18,0.31,0.31,0.37,3.568
2367,03.11.2010 13:00:00,-0.31,0.18,0.31,0.31,0.37
2368,03.11.2010 14:00:00,-0.31,0.18,0.31,0.31,0.37
2369,03.11.2010 15:00:00,-0.31,0.18,0.31,0.31,0.37
2370,03.11.2010 16:00:00,-0.31,0.18,0.31,0.31,0.37
2371,03.11.2010 17:00:00,-0.31,0.12,0.31,0.31,0.37
2372,03.11.2010 18:00:00,-0.31,0.18,0.31,0.31,0.37,3.574
2373,03.11.2010 19:00:00,-0.31,0.18,0.31,0.31,0.37
2374,03.11.2010 20:00:00,-0.31,0.18,0.31,0.31,0.37
2375,03.11.2010 21:00:00,-0.31,0.18,0.31,0.31,0.37
2376,03.11.2010 22:00:00,-0.31,0.18,0.31,0.31,0.37
2377,03.11.2010 23:00:00,-0.31,0.18,0.31,0.31,0.37
2378,04.11.2010 00:00:00,-0.31,0.18,0.31,0.25,0.37,3.573
2379,04.11.2010 01:00:00,-0.31,0.18,0.31,0.31,0.37
2380,04.11.2010 02:00:00,-0.31,0.18,0.31,0.31,0.37
2381,04.11.2010 03:00:00,-0.31,0.18,0.31,0.31,0.37
2382,04.11.2010 04:00:00,-0.31,0.18,0.31,0.31,0.37
2383,04.11.2010 05:00:00,-0.31,0.18,0.31,0.31,0.31
2384,04.11.2010 06:00:00,-0.31,0.18,0.31,0.31,0.37,3.570
2385,04.11.2010 07:00:00,-0.31,0.18,0.31,0.25,0.37
2386,04.11.2010 08:00:00,-0.31,0.18,0.31,0.31,0.37
2387,04.11.2010 09:00:00,-0.31,0.18,0.31,0.31,0.37
2388,04.11.2010 10:00:00,-0.31,0.18,0.31,0.31,0.37
2389,04.11.2010 11:00:00,-0.31,0.18,0.31,0.31,0.37
2390,04.11.2010 12:00:00,-0.31,0.18,0.31,0.31,0.37,3.569
2391,04.11.2010 13:00:00,-0.31,0.18,0.31,0.25,0.31
2392,04.11.2010 14:00:00,-0.31,0.18,0.31,0.31,0.37
2393,04.11.2010 15:00:00,-0.31,0.12,0.31,0.25,0.37
2394,04.11.2010 16:00:00,-0.31,0.18,0.31,0.25,0.31
2395,04.11.2010 17:00:00,-0.31,0.12,0.31,0.25,0.31
2396,04.11.2010 18:00:00,-0.31,0.18,0.31,0.25,0.31,3.569
2397,04.11.2010 19:00:00,-0.31,0.12,0.31,0.31,0.31
2398,04.11.2010 20:00:00,-0.31,0.12,0.31,0.25,0.31
2399,04.11.2010 21:00:00,-0.31,0.12,0.31,0.25,0.31
2400,04.11.2010 22:00:00,-0.31,0.12,0.31,0.25,0.31
2401,04.11.2010 23:00:00,-0.31,0.18,0.31,0.25,0.31
2402,05.11.2010 00:00:00,-0.31,0.12,0.31,0.25,0.31,3.570
2403,05.11.2010 01:00:00,-0.31,0.12,0.31,0.25,0.37
2404,05.11.2010 02:00:00,-0.31,0.18,0.31,0.25,0.37
2405,05.11.2010 03:00:00,-0.31,0.12,0.31,0.25,0.31
2406,05.11.2010 04:00:00,-0.31,0.12,0.31,0.25,0.31
2407,05.11.2010 05:00:00,-0.31,0.12,0.31,0.25,0.31
2408,05.11.2010 06:00:00,-0.31,0.18,0.31,0.25,0.31,3.574
2409,05.11.2010 07:00:00,-0.31,0.18,0.25,0.25,0.31
2410,05.11.2010 08:00:00,-0.31,0.12,0.31,0.25,0.31
2411,05.11.2010 09:00:00,-0.37,0.18,0.31,0.25,0.31
2412,05.11.2010 10:00:00,-0.37,0.18,0.31,0.25,0.31
2413,05.11.2010 11:00:00,-0.37,0.18,0.31,0.25,0.31
2414,05.11.2010 12:00:00,-0.37,0.12,0.31,0.25,0.31,3.569
2415,05.11.2010 13:00:00,-0.37,0.12,0.31,0.25,0.31
2416,05.11.2010 14:00:00,-0.37,0.12,0.31,0.25,0.31
2417,05.11.2010 15:00:00,-0.37,0.12,0.31,0.25,0.31
2418,05.11.2010 16:00:00,-0.37,0.12,0.31,0.25,0.31
2419,05.11.2010 17:00:00,-0.37,0.12,0.25,0.25,0.31
2420,05.11.2010 18:00:00,-0.37,0.12,0.31,0.25,0.31,3.573
2421,05.11.2010 19:00:00,-0.37,0.12,0.25,0.25,0.31
2422,05.11.2010 20:00:00,-0.37,0.12,0.25,0.25,0.31
2423,05.11.2010 21:00:00,-0.37,0.18,0.25,0.25,0.31
2424,05.11.2010 22:00:00,-0.37,0.12,0.25,0.25,0.31
2425,05.11.2010 23:00:00,-0.37,0.12,0.31,0.25,0.31
2426,06.11.2010 00:00:00,-0.37,0.12,0.25,0.25,0.31,3.574
2427,06.11.2010 01:00:00,-0.37,0.12,0.31,0.25,0.31
2428,06.11.2010 02:00:00,-0.37,0.12,0.25,0.25,0.31
2429,06.11.2010 03:00:00,-0.37,0.12,0.25,0.25,0.31
2430,06.11.2010 04:00:00,-0.37,0.12,0.25,0.25,0.31
2431,06.11.2010 05:00:00,-0.37,0.12,0.25,0.18,0.31
2432,06.11.2010 06:00:00,-0.37,0.12,0.25,0.25,0.31,3.568
2433,06.11.2010 07:00:00,-0.37,0.12,0.25,0.25,0.31
2434,06.11.2010 08:00:00,-0.37,0.12,0.31,0.25,0.31
2435,06.11.2010 09:00:00,-0.37,0.12,0.25,0.25,0.31
2436,06.11.2010 10:00:00,-0.37,0.12,0.31,0.25,0.31
2437,06.11.2010 11:00:00,-0.37,0.12,0.25,0.25,0.31
2438,06.11.2010 12:00:00,-0.37,0.12,0.25,0.25,0.31,3.571
2439,06.11.2010 13:00:00,-0.37,0.12,0.25,0.25,0.31
2440,06.11.2010 14:00:00,-0.37,0.12,0.25,0.25,0.31
2441,06.11.2010 15:00:00,-0.37,0.12,0.25,0.25,0.31
2442,06.11.2010 16:00:00,-0.37,0.12,0.25,0.25,0.31
2443,06.11.2010 17:00:00,-0.37,0.12,0.25,0.25,0.25
2444,06.11.2010 18:00:00,-0.37,0.12,0.25,0.18,0.31,3.567
2445,06.11.2010 19:00:00,-0.37,0.12,0.25,0.25,0.25
2446,06.11.2010 20:00:00,-0.37,0.12,0.31,0.25,0.31
2447,06.11.2010 21:00:00,-0.37,0.12,0.25,0.18,0.31
2448,06.11.2010 22:00:00,-0.37,0.12,0.25,0.18,0.31
2449,06.11.2010 23:00:00,-0.37,0.12,0.25,0.18,0.25
2450,07.11.2010 00:00:00,-0.37,0.12,0.25,0.25,0.25,3.571
2451,07.11.2010 01:00:00,-0.37,0.12,0.25,0.18,0.25
2452,07.11.2010 02:00:00,-0.37,0.12,0.25,0.18,0.25
2453,07.11.2010 03:00:00,-0.37,0.12,0.25,0.18,0.25
2454,07.11.2010 04:00:00,-0.37,0.12,0.25,0.18,0.25
2455,07.11.2010 05:00:00,-0.37,0.12,0.25,0.18,0.25
2456,07.11.2010 06:00:00,-0.37,0.12,0.25,0.18,0.25,3.566
2457,07.11.2010 07:00:00,-0.37,0.12,0.25,0.18,0.31
2458,07.11.2010 08:00:00,-0.37,0.12,0.25,0.18,0.25
2459,07.11.2010 09:00:00,-0.37,0.12,0.25,0.18,0.25
2460,07.11.2010 10:00:00,-0.37,0.12,0.25,0.18,0.25
2461,07.11.2010 11:00:00,-0.37,0.12,0.25,0.18,0.25
2462,07.11.2010 12:00:00,-0.37,0.12,0.25,0.18,0.25,3.567
2463,07.11.2010 13:00:00,-0.37,0.12,0.25,0.18,0.25
2464,07.11.2010 14:00:00,-0.43,0.12,0.25,0.18,0.25
2465,07.11.2010 15:00:00,-0.37,0.12,0.25,0.18,0.25
2466,07.11.2010 16:00:00,-0.37,0.12,0.25,0.18,0.25
2467,07.11.2010 17:00:00,-0.43,0.12,0.25,0.18,0.25
2468,07.11.2010 18:00:00,-0.37,0.12,0.25,0.18,0.25,3.568
2469,07.11.2010 19:00:00,-0.43,0.12,0.25,0.18,0.25
2470,07.11.2010 20:00:00,-0.37,0.12,0.25,0.18,0.25
2471,07.11.2010 21:00:00,-0.37,0.12,0.25,0.18,0.25
2472,07.11.2010 22:00:00,-0.37,0.12,0.25,0.18,0.25
2473,07.11.2010 23:00:00,-0.37,0.12,0.25,0.18,0.25
2474,08.11.2010 00:00:00,-0.37,0.12,0.25,0.18,0.25,3.573
2475,08.11.2010 01:00:00,-0.37,0.12,0.25,0.18,0.25
2476,08.11.2010 02:00:00,-0.37,0.12,0.25,0.18,0.25
2477,08.11.2010 03:00:00,-0.37,0.12,0.25,0.18,0.25
2478,08.11.2010 04:00:00,-0.37,0.12,0.25,0.18,0.25
2479,08.11.2010 05:00:00,-0.37,0.12,0.25,0.18,0.25
2480,08.11.2010 06:00:00,-0.37,0.12,0.25,0.18,0.25,3.571
2481,08.11.2010 07:00:00,-0.37,0.12,0.25,0.18,0.25
2482,08.11.2010 08:00:00,-0.37,0.12,0.25,0.18,0.25
2483,08.11.2010 09:00:00,-0.43,0.12,0.25,0.18,0.25
2484,08.11.2010 10:00:00,-0.43,0.06,0.25,0.18,0.25
2485,08.11.2010 11:00:00,-0.43,0.12,0.25,0.18,0.25
2486,08.11.2010 12:00:00,-0.43,0.12,0.25,0.18,0.25,3.571
2487,08.11.2010 13:00:00,-0.43,0.06,0.18,0.18,0.25
2488,08.11.2010 14:00:00,-0.43,0.12,0.25,0.18,0.25
2489,08.11.2010 15:00:00,-0.43,0.06,0.18,0.18,0.25
2490,08.11.2010 16:00:00,-0.43,0.06,0.25,0.18,0.25
2491,08.11.2010 17:00:00,-0.43,0.12,0.25,0.18,0.25
2492,08.11.2010 18:00:00,-0.43,0.12,0.18,0.18,0.25,3.566
2493,08.11.2010 19:00:00,-0.43,0.06,0.25,0.18,0.25
2494,08.11.2010 20:00:00,-0.43,0.12,0.18,0.18,0.25
2495,08.11.2010 21:00:00,-0.43,0.12,0.25,0.18,0.25
2496,08.11.2010 22:00:00,-0.43,0.06,0.25,0.18,0.25
2497,08.11.2010 23:00:00,-0.43,0.06,0.18,0.18,0.25
2498,09.11.2010 00:00:00,-0.43,0.06,0.18,0.18,0.25,3.571
2499,09.11.2010 01:00:00,-0.43,0.12,0.25,0.18,0.18
2500,09.11.2010 02:00:00,-0.43,0.12,0.18,0.18,0.18
2501,09.11.2010 03:00:00,-0.43,0.12,0.18,0.18,0.25
2502,09.11.2010 04:00:00,-0.43,0.06,0.25,0.18,0.25
2503,09.11.2010 05:00:00,-0.43,0.06,0.25,0.18,0.25
2504,09.11.2010 06:00:00,-0.43,0.12,0.18,0.12,0.25,3.569
2505,09.11.2010 07:00:00,-0.43,0.12,0.25,0.18,0.25
2506,09.11.2010 08:00:00,-0.43,0.12,0.25,0.18,0.18
2507,09.11.2010 09:00:00,-0.43,0.06,0.18,0.18,0.18
2508,09.11.2010 10:00:00,-0.5,0.06,0.25,0.18,0.25
2509,09.11.2010 11:00:00,-0.43,0.06,0.18,0.18,0.25
2510,09.11.2010 12:00:00,-0.43,0.06,0.18,0.18,0.18,3.570
2511,09.11.2010 13:00:00,-0.5,0.06,0.18,0.18,0.18
2512,09.11.2010 14:00:00,-0.5,0.06,0.18,0.18,0.18
2513,09.11.2010 15:00:00,-0.5,0.06,0.18,0.12,0.25
2514,09.11.2010 16:00:00,-0.5,0.06,0.18,0.12,0.18
2515,09.11.2010 17:00:00,-0.5,0.06,0.18,0.12,0.18
2516,09.11.2010 18:00:00,-0.5,0.06,0.18,0.12,0.18,3.568
2517,09.11.2010 19:00:00,-0.5,0.12,0.25,0.18,0.18
2518,09.11.2010 20:00:00,-0.5,0.06,0.18,0.18,0.18
2519,09.11.2010 21:00:00,-0.5,0.06,0.18,0.12,0.18
2520,09.11.2010 22:00:00,-0.5,0.06,0.18,0.18,0.18
2521,09.11.2010 23:00:00,-0.43,0.06,0.18,0.12,0.18
2522,10.11.2010 00:00:00,-0.43,0.06,0.18,0.12,0.18,3.572
2523,10.11.2010 01:00:00,-0.43,0.06,0.18,0.18,0.18
2524,10.11.2010 02:00:00,-0.5,0.12,0.18,0.12,0.18
2525,10.11.2010 03:00:00,-0.5,0.06,0.18,0.12,0.18
2526,10.11.2010 04:00:00,-0.5,0.12,0.18,0.12,0.18
2527,10.11.2010 05:00:00,-0.5,0.06,0.18,0.12,0.18
2528,10.11.2010 06:00:00,-0.5,0.06,0.18,0.12,0.18,3.564
2529,10.11.2010 07:00:00,-0.5,0.06,0.18,0.12,0.18
2530,10.11.2010 08:00:00,-0.5,0.06,0.25,0.18,0.18
2531,10.11.2010 09:00:00,-0.5,0.06,0.18,0.12,0.18
2532,10.11.2010 10:00:00,-0.5,0.06,0.18,0.12,0.18
2533,10.11.2010 11:00:00,-0.5,0.06,0.18,0.12,0.18
2534,10.11.2010 12:00:00,-0.5,0.06,0.18,0.12,0.18,3.565
2535,10.11.2010 13:00:00,-0.56,0.06,0.18,0.12,0.18
2536,10.11.2010 14:00:00,-0.56,0.06,0.18,0.12,0.18
2537,10.11.2010 15:00:00,-0.56,0.12,0.18,0.12,0.18
2538,10.11.2010 16:00:00,-0.56,0.06,0.18,0.18,0.18
2539,10.11.2010 17:00:00,-0.56,0.06,0.18,0.12,0.18
2540,10.11.2010 18:00:00,-0.56,0.06,0.18,0.12,0.18,3.567
2541,10.11.2010 19:00:00,-0.56,0.06,0.18,0.12,0.18
2542,10.11.2010 20:00:00,-0.56,0.06,0.18,0.12,0.18
2543,10.11.2010 21:00:00,-0.56,0.06,0.18,0.12,0.18
2544,10.11.2010 22:00:00,-0.56,0.06,0.18,0.12,0.18
2545,10.11.2010 23:00:00,-0.56,0.06,0.18,0.12,0.18
2546,11.11.2010 00:00:00,-0.56,0.06,0.18,0.12,0.18,3.565
2547,11.11.2010 01:00:00,-0.56,0.06,0.18,0.12,0.18
2548,11.11.2010 02:00:00,-0.56,0.06,0.18,0.12,0.18
2549,11.11.2010 03:00:00,-0.56,0.06,0.18,0.12,0.18
2550,11.11.2010 04:00:00,-0.56,0.06,0.18,0.12,0.18
2551,11.11.2010 05:00:00,-0.56,0.06,0.18,0.12,0.18
2552,11.11.2010 06:00:00,-0.56,0.06,0.18,0.12,0.18,3.564
2553,11.11.2010 07:00:00,-0.56,0.06,0.18,0.12,0.18
2554,11.11.2010 08:00:00,-0.56,0.06,0.18,0.12,0.18
2555,11.11.2010 09:00:00,-0.62,0.06,0.18,0.12,0.18
2556,11.11.2010 10:00:00,-0.62,0.06,0.18,0.12,0.18
2557,11.11.2010 11:00:00,-0.62,0.06,0.18,0.12,0.18
2558,11.11.2010 12:00:00,-0.62,0.06,0.18,0.12,0.18,3.570
2559,11.11.2010 13:00:00,-0.62,0.06,0.18,0.12,0.18
2560,11.11.2010 14:00:00,-0.62,0.06,0.18,0.12,0.18
2561,11.11.2010 15:00:00,-0.62,0.06,0.18,0.12,0.18
2562,11.11.2010 16:00:00,-0.62,0.06,0.18,0.12,0.18
2563,11.11.2010 17:00:00,-0.62,0.06,0.18,0.12,0.18
2564,11.11.2010 18:00:00,-0.62,0.06,0.18,0.12,0.18,3.568
2565,11.11.2010 19:00:00,-0.62,0.06,0.18,0.12,0.18
2566,11.11.2010 20:00:00,-0.62,0.06,0.18,0.12,0.18
2567,11.11.2010 21:00:00,-0.62,0.06,0.18,0.12,0.18
2568,11.11.2010 22:00:00,-0.62,0.06,0.18,0.12,0.18
2569,11.11.2010 23:00:00,-0.62,0.06,0.18,0.12,0.18
2570,12.11.2010 00:00:00,-0.62,0.06,0.18,0.12,0.18,3.565
2571,12.11.2010 01:00:00,-0.62,0.06,0.18,0.12,0.12
2572,12.11.2010 02:00:00,-0.62,0.06,0.18,0.12,0.18
2573,12.11.2010 03:00:00,-0.62,0.06,0.18,0.12,0.12
2574,12.11.2010 04:00:00,-0.68,0.06,0.18,0.12,0.18
2575,12.11.2010 05:00:00,-0.68,0.06,0.18,0.12,0.12
2576,12.11.2010 06:00:00,-0.68,0.06,0.18,0.12,0.18,3.565
2577,12.11.2010 07:00:00,-0.68,0.06,0.18,0.12,0.18
2578,12.11.2010 08:00:00,-0.68,0.06,0.18,0.12,0.18
2579,12.11.2010 09:00:00,-0.68,0.06,0.18,0.12,0.18
2580,12.11.2010 10:00:00,-0.68,0.06,0.18,0.12,0.18
2581,12.11.2010 11:00:00,-0.68,0.06,0.18,0.12,0.18
2582,12.11.2010 12:00:00,-0.68,0.06,0.18,0.12,0.12,3.563
2583,12.11.2010 13:00:00,-0.75,0.06,0.18,0.06,0.12
2584,12.11.2010 14:00:00,-0.75,0.06,0.18,0.12,0.12
2585,12.11.2010 15:00:00,-0.75,0.06,0.18,0.12,0.12
2586,12.11.2010 16:00:00,-0.75,0.06,0.18,0.12,0.12
2587,12.11.2010 17:00:00,-0.75,0.06,0.18,0.12,0.12
2588,12.11.2010 18:00:00,-0.75,0.06,0.18,0.12,0.12,3.564
2589,12.11.2010 19:00:00,-0.75,0.06,0.12,0.12,0.18
2590,12.11.2010 20:00:00,-0.75,0.06,0.18,0.12,0.12
2591,12.11.2010 21:00:00,-0.75,0.06,0.18,0.12,0.12
2592,12.11.2010 22:00:00,-0.75,0.06,0.18,0.12,0.18
2593,12.11.2010 23:00:00,-0.75,0.06,0.18,0.12,0.12
2594,13.11.2010 00:00:00,-0.75,0.06,0.18,0.12,0.12,3.570
2595,13.11.2010 01:00:00,-0.75,0.06,0.18,0.12,0.12
2596,13.11.2010 02:00:00,-0.75,0.06,0.18,0.12,0.12
2597,13.11.2010 03:00:00,-0.75,0.06,0.18,0.12,0.12
2598,13.11.2010 04:00:00,-0.75,0.06,0.18,0.06,0.12
2599,13.11.2010 05:00:00,-0.75,0.06,0.18,0.12,0.12
2600,13.11.2010 06:00:00,-0.81,0.06,0.18,0.06,0.12,3.565
2601,13.11.2010 07:00:00,-0.81,0.06,0.18,0.12,0.12
2602,13.11.2010 08:00:00,-0.81,0.06,0.18,0.12,0.12
2603,13.11.2010 09:00:00,-0.81,0.06,0.18,0.12,0.12
2604,13.11.2010 10:00:00,-0.81,0.06,0.12,0.06,0.12
2605,13.11.2010 11:00:00,-0.81,0.06,0.12,0.06,0.12
2606,13.11.2010 12:00:00,-0.81,0.06,0.12,0.12,0.12,3.568
2607,13.11.2010 13:00:00,-0.87,0.06,0.12,0.06,0.12
2608,13.11.2010 14:00:00,-0.81,0.06,0.12,0.12,0.12
2609,13.11.2010 15:00:00,-0.87,0.06,0.18,0.12,0.12
2610,13.11.2010 16:00:00,-0.87,0.06,0.12,0.06,0.12
2611,13.11.2010 17:00:00,-0.81,0,0.12,0.06,0.12
2612,13.11.2010 18:00:00,-0.87,0.06,0.12,0.12,0.12,3.570
2613,13.11.2010 19:00:00,-0.81,0.06,0.12,0.06,0.12
2614,13.11.2010 20:00:00,-0.81,0.06,0.18,0.06,0.12
2615,13.11.2010 21:00:00,-0.81,0.06,0.18,0.06,0.12
2616,13.11.2010 22:00:00,-0.81,0.06,0.18,0.06,0.12
2617,13.11.2010 23:00:00,-0.81,0.06,0.12,0.06,0.12
2618,14.11.2010 00:00:00,-0.81,0,0.12,0.06,0.12,3.563
2619,14.11.2010 01:00:00,-0.81,0,0.12,0.06,0.12
2620,14.11.2010 02:00:00,-0.81,0.06,0.12,0.06,0.12
2621,14.11.2010 03:00:00,-0.87,0.06,0.12,0.06,0.12
2622,14.11.2010 04:00:00,-0.87,0,0.12,0.06,0.12
2623,14.11.2010 05:00:00,-0.87,0.06,0.12,0.06,0.12
2624,14.11.2010 06:00:00,-0.87,0.06,0.12,0.06,0.12,3.569
2625,14.11.2010 07:00:00,-0.87,0.06,0.12,0.06,0.12
2626,14.11.2010 08:00:00,-0.93,0,0.18,0.06,0.12
2627,14.11.2010 09:00:00,-0.93,0.06,0.12,0.06,0.12
2628,14.11.2010 10:00:00,-0.93,0.06,0.12,0.06,0.12
2629,14.11.2010 11:00:00,-0.93,0,0.12,0.06,0.12
2630,14.11.2010 12:00:00,-1,0.06,0.12,0.06,0.12,3.563
2631,14.11.2010 13:00:00,-1,0,0.12,0.06,0.12
2632,14.11.2010 14:00:00,-1,0,0.12,0.06,0.12
2633,14.11.2010 15:00:00,-1,0,0.12,0.12,0.12
2634,14.11.2010 16:00:00,-1,0,0.12,0.06,0.12
2635,14.11.2010 17:00:00,-0.93,0,0.12,0.06,0.12
2636,14.11.2010 18:00:00,-0.93,0,0.12,0.06,0.12,3.567
2637,14.11.2010 19:00:00,-0.93,0.06,0.12,0.06,0.12
2638,14.11.2010 20:00:00,-0.93,0,0.12,0.06,0.12
2639,14.11.2010 21:00:00,-0.93,0.06,0.12,0.06,0.12
2640,14.11.2010 22:00:00,-0.93,0,0.12,0.06,0.12
2641,14.11.2010 23:00:00,-0.93,0.06,0.12,0.06,0.12
2642,15.11.2010 00:00:00,-0.93,0,0.12,0.06,0.12,3.562
2643,15.11.2010 01:00:00,-0.93,0,0.12,0.06,0.12
2644,15.11.2010 02:00:00,-0.93,0.06,0.12,0.06,0.12
2645,15.11.2010 03:00:00,-1,0,0.12,0.06,0.12
2646,15.11.2010 04:00:00,-1,0,0.12,0.06,0.12
2647,15.11.2010 05:00:00,-1,0,0.12,0.06,0.12
2648,15.11.2010 06:00:00,-1,0,0.12,0.06,0.12,3.561
2649,15.11.2010 07:00:00,-1,0,0.12,0.06,0.12
2650,15.11.2010 08:00:00,-1.06,0.06,0.12,0.06,0.12
2651,15.11.2010 09:00:00,-1.06,0,0.18,0.06,0.12
2652,15.11.2010 10:00:00,-1.06,0,0.12,0.06,0.12
2653,15.11.2010 11:00:00,-1.06,0,0.12,0.06,0.12
2654,15.11.2010 12:00:00,-1.06,0,0.12,0.06,0.12,3.560
2655,15.11.2010 13:00:00,-1.12,0,0.12,0.06,0.12
2656,15.11.2010 14:00:00,-1.06,0,0.12,0.06,0.06
2657,15.11.2010 15:00:00,-1.12,0,0.12,0.06,0.12
2658,15.11.2010 16:00:00,-1.06,0,0.12,0.06,0.12
2659,15.11.2010 17:00:00,-1.06,0,0.12,0.06,0.12
2660,15.11.2010 18:00:00,-1.06,0,0.12,0.06,0.06,3.566
2661,15.11.2010 19:00:00,-1.06,0,0.12,0.06,0.12
2662,15.11.2010 20:00:00,-1.06,0,0.06,0.06,0.06
2663,15.11.2010 21:00:00,-1,0,0.12,0.06,0.12
2664,15.11.2010 22:00:00,-1,0,0.12,0.06,0.12
2665,15.11.2010 23:00:00,-1,0,0.12,0.06,0.12
2666,16.11.2010 00:00:00,-1,0,0.12,0.06,0.06,3.566
2667,16.11.2010 01:00:00,-1,0,0.12,0.06,0.12
2668,16.11.2010 02:00:00,-1.06,0,0.12,0.06,0.12
2669,16.11.2010 03:00:00,-1.06,0,0.12,0.06,0.12
2670,16.11.2010 04:00:00,-1.06,0,0.12,0.06,0.12
2671,16.11.2010 05:00:00,-1.06,0,0.12,0.06,0.12
2672,16.11.2010 06:00:00,-1.06,0,0.06,0.06,0.06,3.565
2673,16.11.2010 07:00:00,-1.12,0,0.12,0.06,0.12
2674,16.11.2010 08:00:00,-1.12,0,0.12,0.06,0.06
2675,16.11.2010 09:00:00,-1.12,0,0.12,0.06,0.12
2676,16.11.2010 10:00:00,-1.12,0,0.12,0.06,0.12
2677,16.11.2010 11:00:00,-1.12,0,0.12,0.06,0.06
2678,16.11.2010 12:00:00,-1.12,0,0.12,0.06,0.12,3.560
2679,16.11.2010 13:00:00,-1.12,0,0.12,0.06,0.06
2680,16.11.2010 14:00:00,-1.12,0,0.12,0.06,0.06
2681,16.11.2010 15:00:00,-1.12,0,0.12,0.06,0.12
2682,16.11.2010 16:00:00,-1.12,0,0.12,0.06,0.12
2683,16.11.2010 17:00:00,-1.12,0,0.12,0.06,0.06
2684,16.11.2010 18:00:00,-1.12,0,0.12,0.06,0.12,3.567
2685,16.11.2010 19:00:00,-1.06,0,0.12,0.06,0.12
2686,16.11.2010 20:00:00,-1.06,0,0.12,0.06,0.12
2687,16.11.2010 21:00:00,-1.06,0,0.12,0.06,0.06
2688,16.11.2010 22:00:00,-1.06,0,0.12,0.06,0.12
2689,16.11.2010 23:00:00,-1.06,0,0.12,0.06,0.06
2690,17.11.2010 00:00:00,-1.06,0,0.12,0.06,0.06,3.565
2691,17.11.2010 01:00:00,-1,0,0.12,0.06,0.06
2692,17.11.2010 02:00:00,-1.06,0,0.12,0.06,0.06
2693,17.11.2010 03:00:00,-1.06,0,0.12,0.06,0.06
2694,17.11.2010 04:00:00,-1,0,0.12,0.06,0.06
2695,17.11.2010 05:00:00,-1.06,0,0.12,0.06,0.06
2696,17.11.2010 06:00:00,-1.06,0,0.12,0.06,0.06,3.566
2697,17.11.2010 07:00:00,-1.06,0,0.12,0.06,0.06
2698,17.11.2010 08:00:00,-1.06,0,0.12,0,0.06
2699,17.11.2010 09:00:00,-1.06,0,0.12,0.06,0.06
2700,17.11.2010 10:00:00,-1.12,0,0.12,0.06,0.06
2701,17.11.2010 11:00:00,-1.06,0,0.12,0.06,0.06
2702,17.11.2010 12:00:00,-1.06,0,0.12,0,0.06,3.564
2703,17.11.2010 13:00:00,-1.06,0,0.06,0.06,0.06
2704,17.11.2010 14:00:00,-1.06,0,0.12,0,0.06
2705,17.11.2010 15:00:00,-1.06,0,0.06,0,0.06
2706,17.11.2010 16:00:00,-1.06,0,0.12,0.06,0.06
2707,17.11.2010 17:00:00,-1,0,0.12,0.06,0.06
2708,17.11.2010 18:00:00,-1,0,0.12,0.06,0.06,3.568
2709,17.11.2010 19:00:00,-1,0,0.12,0,0.06
2710,17.11.2010 20:00:00,-1,0,0.06,0.06,0.06
2711,17.11.2010 21:00:00,-1,0,0.12,0,0.06
2712,17.11.2010 22:00:00,-1,0,0.12,0,0.06
2713,17.11.2010 23:00:00,-1,0,0.12,0,0.06
2714,18.11.2010 00:00:00,-1,0,0.12,0.06,0.06,3.561
2715,18.11.2010 01:00:00,-1,0,0.12,0.06,0.06
2716,18.11.2010 02:00:00,-1,0,0.12,0.06,0.06
2717,18.11.2010 03:00:00,-1,0,0.06,0.06,0.06
2718,18.11.2010 04:00:00,-1.06,0,0.12,0,0.06
2719,18.11.2010 05:00:00,-1.06,0,0.12,0.06,0.06
2720,18.11.2010 06:00:00,-1.12,0,0.12,0.06,0.06,3.561
2721,18.11.2010 07:00:00,-1.12,0,0.12,0,0.06
2722,18.11.2010 08:00:00,-1.12,0,0.12,0,0.06
2723,18.11.2010 09:00:00,-1.12,0,0.12,0,0.06
2724,18.11.2010 10:00:00,-1.18,0,0.12,0,0.06
2725,18.11.2010 11:00:00,-1.18,0,0.06,0,0.06
2726,18.11.2010 12:00:00,-1.18,0,0.12,0,0.06,3.562
2727,18.11.2010 13:00:00,-1.18,0,0.12,0,0.06
2728,18.11.2010 14:00:00,-1.25,0,0.12,0,0.06
2729,18.11.2010 15:00:00,-1.18,0,0.12,0,0.06
2730,18.11.2010 16:00:00,-1.18,0,0.12,0,0.06
2731,18.11.2010 17:00:00,-1.18,0,0.12,0.06,0.06
2732,18.11.2010 18:00:00,-1.18,0,0.12,0,0.06,3.559
2733,18.11.2010 19:00:00,-1.18,0,0.12,0.06,0.06
2734,18.11.2010 20:00:00,-1.18,0,0.06,0,0.06
2735,18.11.2010 21:00:00,-1.18,0,0.12,0,0.06
2736,18.11.2010 22:00:00,-1.18,0,0.06,0,0.06
2737,18.11.2010 23:00:00,-1.18,0,0.12,0.06,0.06
2738,19.11.2010 00:00:00,-1.12,0,0.12,0.06,0.06,3.560
2739,19.11.2010 01:00:00,-1.18,0,0.12,0.06,0.06
2740,19.11.2010 02:00:00,-1.18,0,0.12,0,0.06
2741,19.11.2010 03:00:00,-1.18,0,0.12,0,0.06
2742,19.11.2010 04:00:00,-1.25,0,0.12,0.06,0.06
2743,19.11.2010 05:00:00,-1.25,0,0.12,0,0.06
2744,19.11.2010 06:00:00,-1.25,0,0.12,0,0.06,3.565
2745,19.11.2010 07:00:00,-1.31,0,0.12,0,0.06
2746,19.11.2010 08:00:00,-1.25,0,0.12,0,0.06
2747,19.11.2010 09:00:00,-1.31,0,0.12,0,0.06
2748,19.11.2010 10:00:00,-1.31,0,0.12,0,0.06
2749,19.11.2010 11:00:00,-1.37,0,0.12,0,0.06
2750,19.11.2010 12:00:00,-1.31,0,0.12,0,0.06,3.562
2751,19.11.2010 13:00:00,-1.37,0,0.12,0,0.06
2752,19.11.2010 14:00:00,-1.37,0,0.06,0.06,0.06
2753,19.11.2010 15:00:00,-1.37,0,0.12,0,0.06
2754,19.11.2010 16:00:00,-1.37,0,0.06,0,0.06
2755,19.11.2010 17:00:00,-1.31,0,0.12,0,0.06
2756,19.11.2010 18:00:00,-1.31,0,0.12,0,0.06,3.559
2757,19.11.2010 19:00:00,-1.31,0,0.12,0,0.06
2758,19.11.2010 20:00:00,-1.31,0,0.12,0,0.06
2759,19.11.2010 21:00:00,-1.31,-0.06,0.12,0,0.06
2760,19.11.2010 22:00:00,-1.25,0,0.06,0,0.06
2761,19.11.2010 23:00:00,-1.25,0,0.06,0,0.06
2762,20.11.2010 00:00:00,-1.25,0,0.12,0,0.06,3.559
2763,20.11.2010 01:00:00,-1.25,0,0.06,0,0.06
2764,20.11.2010 02:00:00,-1.31,0,0.12,0,0.06
2765,20.11.2010 03:00:00,-1.31,0,0.12,0,0.06
2766,20.11.2010 04:00:00,-1.31,0,0.06,0,0.06
2767,20.11.2010 05:00:00,-1.31,0,0.12,0,0.06
2768,20.11.2010 06:00:00,-1.31,0,0.06,0,0.06,3.561
2769,20.11.2010 07:00:00,-1.31,0,0.12,0,0.06
2770,20.11.2010 08:00:00,-1.31,0,0.12,0,0.06
2771,20.11.2010 09:00:00,-1.31,-0.06,0.12,0,0.06
2772,20.11.2010 10:00:00,-1.31,0,0.06,0,0.06
2773,20.11.2010 11:00:00,-1.31,0,0.06,0,0.06
2774,20.11.2010 12:00:00,-1.31,0,0.12,0,0.06,3.559
2775,20.11.2010 13:00:00,-1.31,0,0.12,0,0.06
2776,20.11.2010 14:00:00,-1.25,0,0.06,0,0.06
2777,20.11.2010 15:00:00,-1.31,-0.06,0.06,0,0.06
2778,20.11.2010 16:00:00,-1.25,-0.06,0.06,0,0.06
2779,20.11.2010 17:00:00,-1.25,0,0.12,0,0.06
2780,20.11.2010 18:00:00,-1.25,0,0.06,0,0.06,3.566
2781,20.11.2010 19:00:00,-1.25,0,0.12,0,0.06
2782,20.11.2010 20:00:00,-1.25,0,0.12,0,0.06
2783,20.11.2010 21:00:00,-1.25,0,0.12,0,0
2784,20.11.2010 22:00:00,-1.25,-0.06,0.12,0,0.06
2785,20.11.2010 23:00:00,-1.18,0,0.12,0,0.06
2786,21.11.2010 00:00:00,-1.25,-0.06,0.12,0,0.06,3.560
2787,21.11.2010 01:00:00,-1.25,0,0.06,0,0.06
2788,21.11.2010 02:00:00,-1.18,0,0.12,0.06,0.06
2789,21.11.2010 03:00:00,-1.25,-0.06,0.12,0,0.06
2790,21.11.2010 04:00:00,-1.25,0,0.12,0,0.06
2791,21.11.2010 05:00:00,-1.25,-0.06,0.06,0,0.06
2792,21.11.2010 06:00:00,-1.25,-0.06,0.12,0,0.06,3.566
2793,21.11.2010 07:00:00,-1.25,-0.06,0.06,0,0.06
2794,21.11.2010 08:00:00,-1.25,-0.06,0.12,0,0.06
2795,21.11.2010 09:00:00,-1.25,-0.06,0.12,0,0.06
2796,21.11.2010 10:00:00,-1.25,-0.06,0.12,0,0.06
2797,21.11.2010 11:00:00,-1.25,-0.06,0.12,0,0.06
2798,21.11.2010 12:00:00,-1.25,0,0.06,0,0.06,3.566
2799,21.11.2010 13:00:00,-1.25,-0.06,0.06,0,0
2800,21.11.2010 14:00:00,-1.25,0,0.12,0,0.06
2801,21.11.2010 15:00:00,-1.25,-0.06,0.06,0,0.06
2802,21.11.2010 16:00:00,-1.18,0,0.12,0,0.06
2803,21.11.2010 17:00:00,-1.18,-0.06,0.06,0,0
2804,21.11.2010 18:00:00,-1.18,-0.06,0.12,0,0.06,3.561
2805,21.11.2010 19:00:00,-1.18,-0.06,0.12,0,0
2806,21.11.2010 20:00:00,-1.18,-0.06,0.06,0,0
2807,21.11.2010 21:00:00,-1.18,-0.06,0.06,0,0.06
2808,21.11.2010 22:00:00,-1.12,-0.06,0.06,0,0.06
2809,21.11.2010 23:00:00,-1.12,-0.06,0.06,0,0.06
2810,22.11.2010 00:00:00,-1.18,-0.06,0.06,0,0.06,3.566
2811,22.11.2010 01:00:00,-1.12,-0.06,0.06,0,0.06
2812,22.11.2010 02:00:00,-1.12,-0.06,0.12,0,0.06
2813,22.11.2010 03:00:00,-1.18,-0.06,0.12,0,0.06
2814,22.11.2010 04:00:00,-1.12,-0.06,0.12,0,0.06
2815,22.11.2010 05:00:00,-1.12,-0.06,0.12,0,0
2816,22.11.2010 06:00:00,-1.12,-0.06,0.06,0,0.06,3.561
2817,22.11.2010 07:00:00,-1.12,-0.06,0.06,0,0
2818,22.11.2010 08:00:00,-1.18,-0.06,0.12,0,0
2819,22.11.2010 09:00:00,-1.12,0,0.12,0,0.06
2820,22.11.2010 10:00:00,-1.18,-0.06,0.12,0,0
2821,22.11.2010 11:00:00,-1.12,-0.06,0.06,0,0.06
2822,22.11.2010 12:00:00,-1.12,-0.06,0.06,0,0.06,3.565
2823,22.11.2010 13:00:00,-1.12,-0.06,0.12,0,0.06
2824,22.11.2010 14:00:00,-1.12,-0.06,0.06,0,0
2825,22.11.2010 15:00:00,-1.12,-0.06,0.06,0,0
2826,22.11.2010 16:00:00,-1.12,-0.06,0.06,0,0
2827,22.11.2010 17:00:00,-1.12,-0.06,0.12,0,0
2828,22.11.2010 18:00:00,-1.12,-0.06,0.12,0,0.06,3.561
2829,22.11.2010 19:00:00,-1.12,-0.06,0.06,0,0.06
2830,22.11.2010 20:00:00,-1.06,-0.06,0.06,0,0.06
2831,22.11.2010 21:00:00,-1.12,-0.06,0.12,0,0.06
2832,22.11.2010 22:00:00,-1.12,-0.06,0.12,0,0
2833,22.11.2010 23:00:00,-1.12,-0.06,0.12,0,0
2834,23.11.2010 00:00:00,-1.12,-0.06,0.06,0,0.06,3.560
2835,23.11.2010 01:00:00,-1.12,-0.06,0.12,0,0
2836,23.11.2010 02:00:00,-1.12,-0.06,0.06,0,0
2837,23.11.2010 03:00:00,-1.12,-0.06,0.06,0,0
2838,23.11.2010 04:00:00,-1.12,-0.06,0.06,0,0.06
2839,23.11.2010 05:00:00,-1.18,-0.06,0.06,0,0
2840,23.11.2010 06:00:00,-1.18,-0.06,0.12,0,0,3.560
2841,23.11.2010 07:00:00,-1.18,-0.06,0.12,0,0.06
2842,23.11.2010 08:00:00,-1.18,-0.06,0.12,0,0
2843,23.11.2010 09:00:00,-1.25,-0.06,0.06,0,0
2844,23.11.2010 10:00:00,-1.25,-0.06,0.06,0,0.06
2845,23.11.2010 11:00:00,-1.25,-0.06,0.12,0,0.06
2846,23.11.2010 12:00:00,-1.25,-0.06,0.06,0,0.06,3.564
2847,23.11.2010 13:00:00,-1.31,-0.06,0.06,0,0
2848,23.11.2010 14:00:00,-1.31,-0.06,0.06,0,0.06
2849,23.11.2010 15:00:00,-1.31,-0.06,0.06,0,0
2850,23.11.2010 16:00:00,-1.31,-0.06,0.12,0,0
2851,23.11.2010 17:00:00,-1.31,-0.06,0.06,0,0
2852,23.11.2010 18:00:00,-1.31,-0.06,0.06,0,0,3.562
2853,23.11.2010 19:00:00,-1.37,-0.06,0.06,0,0
2854,23.11.2010 20:00:00,-1.31,-0.06,0.06,0,0
2855,23.11.2010 21:00:00,-1.31,-0.06,0.06,0,0
2856,23.11.2010 22:00:00,-1.37,-0.06,0.12,0,0
2857,23.11.2010 23:00:00,-1.31,-0.06,0.06,0,0
2858,24.11.2010 00:00:00,-1.37,-0.06,0.12,0,0,3.564
2859,24.11.2010 01:00:00,-1.37,-0.06,0.12,0,0
2860,24.11.2010 02:00:00,-1.37,-0.06,0.06,0,0.06
2861,24.11.2010 03:00:00,-1.37,-0.06,0.12,0,0
2862,24.11.2010 04:00:00,-1.43,-0.06,0.12,0,0.06
2863,24.11.2010 05:00:00,-1.43,-0.06,0.06,0,0
2864,24.11.2010 06:00:00,-1.43,-0.06,0.06,0,0,3.557
2865,24.11.2010 07:00:00,-1.43,-0.06,0.06,0,0
2866,24.11.2010 08:00:00,-1.43,-0.06,0.12,0,0
2867,24.11.2010 09:00:00,-1.43,-0.06,0.06,0,0
2868,24.11.2010 10:00:00,-1.5,-0.06,0.06,0,0
2869,24.11.2010 11:00:00,-1.5,-0.06,0.12,0,0
2870,24.11.2010 12:00:00,-1.5,-0.06,0.12,0,0,3.561
2871,24.11.2010 13:00:00,-1.5,-0.06,0.06,0,0
2872,24.11.2010 14:00:00,-1.56,-0.06,0.06,0,0
2873,24.11.2010 15:00:00,-1.5,-0.06,0.06,0,0
2874,24.11.2010 16:00:00,-1.56,-0.06,0.12,0,0
2875,24.11.2010 17:00:00,-1.5,-0.12,0.06,0,0
2876,24.11.2010 18:00:00,-1.56,-0.06,0.06,0,0,3.560
2877,24.11.2010 19:00:00,-1.56,-0.06,0.12,0,0
2878,24.11.2010 20:00:00,-1.5,-0.06,0.06,0,0
2879,24.11.2010 21:00:00,-1.5,-0.06,0.12,0,0
2880,24.11.2010 22:00:00,-1.5,-0.12,0.06,0,0
2881,24.11.2010 23:00:00,-1.5,-0.12,0.12,0,0
2882,25.11.2010 00:00:00,-1.56,-0.12,0.06,0,0,3.562
2883,25.11.2010 01:00:00,-1.56,-0.12,0.06,0,0
2884,25.11.2010 02:00:00,-1.56,-0.12,0.06,0,0
2885,25.11.2010 03:00:00,-1.56,-0.12,0.06,0,0.06
2886,25.11.2010 04:00:00,-1.56,-0.12,0.12,0,0
2887,25.11.2010 05:00:00,-1.56,-0.12,0.06,0,0
2888,25.11.2010 06:00:00,-1.56,-0.12,0.12,0,0,3.559
2889,25.11.2010 07:00:00,-1.62,-0.12,0.06,0,0
2890,25.11.2010 08:00:00,-1.62,-0.12,0.06,0,0
2891,25.11.2010 09:00:00,-1.62,-0.12,0.06,0,0
2892,25.11.2010 10:00:00,-1.62,-0.12,0.12,0,0
2893,25.11.2010 11:00:00,-1.62,-0.12,0.12,0,0
2894,25.11.2010 12:00:00,-1.68,-0.12,0.06,0,0,3.562
2895,25.11.2010 13:00:00,-1.68,-0.12,0.12,0,0
2896,25.11.2010 14:00:00,-1.68,-0.12,0.06,0,0
2897,25.11.2010 15:00:00,-1.68,-0.12,0.06,0,0
2898,25.11.2010 16:00:00,-1.68,-0.12,0.06,0,0
2899,25.11.2010 17:00:00,-1.68,-0.12,0.06,0,0
2900,25.11.2010 18:00:00,-1.68,-0.12,0.06,0,0,3.555
2901,25.11.2010 19:00:00,-1.68,-0.12,0.12,0,0
2902,25.11.2010 20:00:00,-1.62,-0.12,0.06,0,0
2903,25.11.2010 21:00:00,-1.68,-0.12,0.06,0,0
2904,25.11.2010 22:00:00,-1.62,-0.12,0.06,0,0
2905,25.11.2010 23:00:00,-1.68,-0.12,0.06,0,0
2906,26.11.2010 00:00:00,-1.62,-0.12,0.06,0,0,3.556
2907,26.11.2010 01:00:00,-1.62,-0.18,0.06,0,0
2908,26.11.2010 02:00:00,-1.62,-0.12,0.06,0,0
2909,26.11.2010 03:00:00,-1.62,-0.18,0.06,0,0
2910,26.11.2010 04:00:00,-1.62,-0.18,0.06,0,0
2911,26.11.2010 05:00:00,-1.68,-0.12,0.06,0,0
2912,26.11.2010 06:00:00,-1.68,-0.18,0.06,0,0,3.558
2913,26.11.2010 07:00:00,-1.68,-0.18,0.06,0,0
2914,26.11.2010 08:00:00,-1.68,-0.12,0.06,0,0
2915,26.11.2010 09:00:00,-1.68,-0.18,0.06,0,0
2916,26.11.2010 10:00:00,-1.68,-0.18,0.12,0,0
2917,26.11.2010 11:00:00,-1.62,-0.18,0.06,0,0
2918,26.11.2010 12:00:00,-1.68,-0.18,0.06,0,0,3.556
2919,26.11.2010 13:00:00,-1.68,-0.18,0.12,0,0
2920,26.11.2010 14:00:00,-1.62,-0.18,0.06,0,0
2921,26.11.2010 15:00:00,-1.62,-0.18,0.06,0,0
2922,26.11.2010 16:00:00,-1.68,-0.18,0.06,0,0
2923,26.11.2010 17:00:00,-1.62,-0.18,0.06,0,0
2924,26.11.2010 18:00:00,-1.62,-0.18,0.12,-0.06,0,3.555
2925,26.11.2010 19:00:00,-1.62,-0.18,0.06,0,0
2926,26.11.2010 20:00:00,-1.62,-0.18,0.12,0,0
2927,26.11.2010 21:00:00,-1.56,-0.18,0.06,0,0
2928,26.11.2010 22:00:00,-1.56,-0.18,0.06,0,0
2929,26.11.2010 23:00:00,-1.56,-0.18,0.06,0,0
2930,27.11.2010 00:00:00,-1.56,-0.18,0.06,0,0,3.562
2931,27.11.2010 01:00:00,-1.56,-0.18,0.06,0,0
2932,27.11.2010 02:00:00,-1.56,-0.18,0.06,0,0
2933,27.11.2010 03:00:00,-1.56,-0.18,0.06,0,0
2934,27.11.2010 04:00:00,-1.56,-0.18,0.06,0,0
2935,27.11.2010 05:00:00,-1.56,-0.18,0.06,0,0
2936,27.11.2010 06:00:00,-1.56,-0.18,0.12,0,0,3.560
2937,27.11.2010 07:00:00,-1.56,-0.18,0.06,0,0
2938,27.11.2010 08:00:00,-1.62,-0.18,0.06,0,0
2939,27.11.2010 09:00:00,-1.62,-0.18,0.06,0,0
2940,27.11.2010 10:00:00,-1.62,-0.18,0.06,0,0
2941,27.11.2010 11:00:00,-1.62,-0.18,0.06,0,0
2942,27.11.2010 12:00:00,-1.62,-0.25,0.06,0,0,3.555
2943,27.11.2010 13:00:00,-1.62,-0.18,0.06,0,0
2944,27.11.2010 14:00:00,-1.68,-0.25,0.06,0,0
2945,27.11.2010 15:00:00,-1.68,-0.25,0.06,0,0
2946,27.11.2010 16:00:00,-1.68,-0.18,0.06,0,0
2947,27.11.2010 17:00:00,-1.68,-0.25,0.06,0,0
2948,27.11.2010 18:00:00,-1.68,-0.25,0.06,0,0,3.556
2949,27.11.2010 19:00:00,-1.68,-0.25,0.06,0,0
2950,27.11.2010 20:00:00,-1.62,-0.25,0.06,0,0
2951,27.11.2010 21:00:00,-1.68,-0.25,0.06,0,0
2952,27.11.2010 22:00:00,-1.62,-0.25,0.06,0,0
2953,27.11.2010 23:00:00,-1.68,-0.25,0.06,0,0
2954,28.11.2010 00:00:00,-1.68,-0.25,0.06,0,0,3.557
2955,28.11.2010 01:00:00,-1.68,-0.25,0.12,0,0
2956,28.11.2010 02:00:00,-1.68,-0.25,0.12,0,0
2957,28.11.2010 03:00:00,-1.68,-0.25,0.06,0,0
2958,28.11.2010 04:00:00,-1.75,-0.25,0.06,-0.06,0
2959,28.11.2010 05:00:00,-1.75,-0.25,0.06,0,0
2960,28.11.2010 06:00:00,-1.75,-0.25,0.06,0,0,3.556
2961,28.11.2010 07:00:00,-1.75,-0.25,0.06,0,0
2962,28.11.2010 08:00:00,-1.81,-0.25,0.06,0,0
2963,28.11.2010 09:00:00,-1.81,-0.25,0.12,0,0
2964,28.11.2010 10:00:00,-1.81,-0.25,0.12,0,0
2965,28.11.2010 11:00:00,-1.81,-0.25,0.06,0,0
2966,28.11.2010 12:00:00,-1.87,-0.25,0.06,0,0,3.558
2967,28.11.2010 13:00:00,-1.87,-0.25,0.12,0,0
2968,28.11.2010 14:00:00,-1.87,-0.25,0.06,-0.06,0
2969,28.11.2010 15:00:00,-1.87,-0.25,0.06,-0.06,0
2970,28.11.2010 16:00:00,-1.87,-0.25,0.06,0,0
2971,28.11.2010 17:00:00,-1.87,-0.25,0.06,0,0
2972,28.11.2010 18:00:00,-1.87,-0.25,0.06,0,0,3.554
2973,28.11.2010 19:00:00,-1.87,-0.31,0.06,0,0
2974,28.11.2010 20:00:00,-1.87,-0.31,0.06,0,0
2975,28.11.2010 21:00:00,-1.87,-0.31,0.12,0,0
2976,28.11.2010 22:00:00,-1.87,-0.31,0.06,0,0
2977,28.11.2010 23:00:00,-1.87,-0.31,0.12,0,0
2978,29.11.2010 00:00:00,-1.87,-0.31,0.06,-0.06,0,3.560
2979,29.11.2010 01:00:00,-1.87,-0.31,0.06,-0.06,0
2980,29.11.2010 02:00:00,-1.87,-0.31,0.06,0,0
2981,29.11.2010 03:00:00,-1.87,-0.31,0.06,-0.06,0
2982,29.11.2010 04:00:00,-1.87,-0.31,0.06,0,0
2983,29.11.2010 05:00:00,-1.87,-0.31,0.06,0,0
2984,29.11.2010 06:00:00,-1.93,-0.31,0.06,0,0,3.560
2985,29.11.2010 07:00:00,-1.93,-0.31,0.06,-0.06,0
2986,29.11.2010 08:00:00,-1.93,-0.31,0.06,0,0
2987,29.11.2010 09:00:00,-1.93,-0.31,0.06,0,0
2988,29.11.2010 10:00:00,-2,-0.31,0.06,0,0
2989,29.11.2010 11:00:00,-2,-0.37,0.06,0,0
2990,29.11.2010 12:00:00,-2,-0.31,0.06,0,0,3.554
2991,29.11.2010 13:00:00,-2.06,-0.31,0.06,0,0
2992,29.11.2010 14:00:00,-2.06,-0.31,0.06,-0.06,0
2993,29.11.2010 15:00:00,-2.06,-0.31,0.12,0,0
2994,29.11.2010 16:00:00,-2.06,-0.31,0.06,-0.06,0
2995,29.11.2010 17:00:00,-2.06,-0.37,0.06,0,0
2996,29.11.2010 18:00:00,-2.06,-0.37,0.06,0,0,3.559
2997,29.11.2010 19:00:00,-2,-0.37,0.06,-0.06,0
2998,29.11.2010 20:00:00,-2,-0.37,0.06,-0.06,0
2999,29.11.2010 21:00:00,-2,-0.37,0.06,0,0
3000,29.11.2010 22:00:00,-2,-0.37,0.06,0,0
3001,29.11.2010 23:00:00,-2,-0.37,0.06,0,0
3002,30.11.2010 00:00:00,-2,-0.37,0.12,0,0,3.554
3003,30.11.2010 01:00:00,-2,-0.37,0.06,0,0
3004,30.11.2010 02:00:00,-2,-0.37,0.06,0,0
3005,30.11.2010 03:00:00,-2.06,-0.37,0.06,0,0
3006,30.11.2010 04:00:00,-2.06,-0.37,0.06,0,0
3007,30.11.2010 05:00:00,-2.06,-0.37,0.06,0,0
3008,30.11.2010 06:00:00,-2.06,-0.37,0.06,0,0,3.557
3009,30.11.2010 07:00:00,-2.06,-0.37,0.06,0,0
3010,30.11.2010 08:00:00,-2.06,-0.43,0.06,-0.06,0
3011,30.11.2010 09:00:00,-2.06,-0.43,0.06,0,0
3012,30.11.2010 10:00:00,-2.12,-0.37,0.06,0,0
3013,30.11.2010 11:00:00,-2.12,-0.43,0.06,0,0
3014,30.11.2010 12:00:00,-2.12,-0.43,0.06,0,0,3.553
3015,30.11.2010 13:00:00,-2.12,-0.43,0.06,0,-0.06
3016,30.11.2010 14:00:00,-2.12,-0.43,0.06,0,0
3017,30.11.2010 15:00:00,-2.12,-0.43,0.06,-0.06,0
3018,30.11.2010 16:00:00,-2.12,-0.43,0.06,0,0
3019,30.11.2010 17:00:00,-2.12,-0.43,0.06,0,0
3020,30.11.2010 18:00:00,-2.12,-0.43,0.06,0,0,3.555
3021,30.11.2010 19:00:00,-2.06,-0.43,0.06,0,0
3022,30.11.2010 20:00:00,-2.06,-0.43,0.06,0,0
3023,30.11.2010 21:00:00,-2.06,-0.43,0.06,0,0
3024,30.11.2010 22:00:00,-2.06,-0.43,0.06,0,0
3025,30.11.2010 23:00:00,-2.06,-0.43,0.06,0,0
3026,01.12.2010 00:00:00,-2.06,-0.5,0.06,-0.06,0,3.555
3027,01.12.2010 01:00:00,-2.06,-0.43,0.06,0,0
3028,01.12.2010 02:00:00,-2.06,-0.43,0.12,0,0
3029,01.12.2010 03:00:00,-2.06,-0.43,0.06,0,0
3030,01.12.2010 04:00:00,-2.06,-0.43,0.06,0,0
3031,01.12.2010 05:00:00,-2.12,-0.5,0.06,0,-0.06
3032,01.12.2010 06:00:00,-2.12,-0.43,0.06,0,0,3.558
3033,01.12.2010 07:00:00,-2.12,-0.43,0.06,-0.06,0
3034,01.12.2010 08:00:00,-2.12,-0.5,0.06,0,0
3035,01.12.2010 09:00:00,-2.18,-0.43,0.06,-0.06,0
3036,01.12.2010 10:00:00,-2.18,-0.5,0.06,0,0
3037,01.12.2010 11:00:00,-2.18,-0.5,0.06,-0.06,0
3038,01.12.2010 12:00:00,-2.25,-0.5,0.06,-0.06,0,3.556
3039,01.12.2010 13:00:00,-2.25,-0.5,0.06,0,-0.06
3040,01.12.2010 14:00:00,-2.25,-0.5,0.06,-0.06,-0.06
3041,01.12.2010 15:00:00,-2.25,-0.5,0.06,0,0
3042,01.12.2010 16:00:00,-2.25,-0.5,0.06,0,0
3043,01.12.2010 17:00:00,-2.25,-0.5,0.06,-0.06,0
3044,01.12.2010 18:00:00,-2.25,-0.5,0.06,-0.06,0,3.557
3045,01.12.2010 19:00:00,-2.25,-0.5,0.06,0,0
3046,01.12.2010 20:00:00,-2.25,-0.56,0.06,0,0
3047,01.12.2010 21:00:00,-2.25,-0.56,0.06,0,-0.06
3048,01.12.2010 22:00:00,-2.18,-0.56,0.06,-0.06,-0.06
3049,01.12.2010 23:00:00,-2.18,-0.56,0.06,0,0
3050,02.12.2010 00:00:00,-2.18,-0.56,0.06,-0.06,0,3.552
3051,02.12.2010 01:00:00,-2.18,-0.56,0.06,-0.06,0
3052,02.12.2010 02:00:00,-2.18,-0.56,0.06,0,0
3053,02.12.2010 03:00:00,-2.18,-0.56,0.06,0,0
3054,02.12.2010 04:00:00,-2.18,-0.56,0.06,-0.06,0
3055,02.12.2010 05:00:00,-2.18,-0.56,0.06,-0.06,0
3056,02.12.2010 06:00:00,-2.18,-0.56,0.06,-0.06,0,3.557
3057,02.12.2010 07:00:00,-2.25,-0.56,0.06,0,0
3058,02.12.2010 08:00:00,-2.25,-0.56,0.06,0,0
3059,02.12.2010 09:00:00,-2.25,-0.56,0.06,0,0
3060,02.12.2010 10:00:00,-2.25,-0.56,0.06,0,0
3061,02.12.2010 11:00:00,-2.31,-0.56,0.06,0,0
3062,02.12.2010 12:00:00,-2.25,-0.56,0.06,-0.06,0,3.554
3063,02.12.2010 13:00:00,-2.31,-0.56,0.06,0,0
3064,02.12.2010 14:00:00,-2.31,-0.56,0.06,-0.06,0
3065,02.12.2010 15:00:00,-2.31,-0.62,0.06,-0.06,0
3066,02.12.2010 16:00:00,-2.31,-0.62,0.06,-0.06,0
3067,02.12.2010 17:00:00,-2.25,-0.62,0.06,0,0
3068,02.12.2010 18:00:00,-2.25,-0.62,0.06,-0.06,0,3.556
3069,02.12.2010 19:00:00,-2.25,-0.62,0.06,-0.06,0
3070,02.12.2010 20:00:00,-2.25,-0.62,0.06,-0.06,0
3071,02.12.2010 21:00:00,-2.18,-0.62,0.06,-0.06,0
3072,02.12.2010 22:00:00,-2.18,-0.62,0.06,-0.06,0
3073,02.12.2010 23:00:00,-2.18,-0.62,0.06,0,0
3074,03.12.2010 00:00:00,-2.18,-0.62,0.06,-0.06,0,3.554
3075,03.12.2010 01:00:00,-2.18,-0.62,0.06,0,0
3076,03.12.2010 02:00:00,-2.12,-0.62,0.06,0,0
3077,03.12.2010 03:00:00,-2.12,-0.62,0.06,0,0
3078,03.12.2010 04:00:00,-2.12,-0.62,0.06,0,0
3079,03.12.2010 05:00:00,-2.12,-0.62,0.06,-0.06,0
3080,03.12.2010 06:00:00,-2.12,-0.62,0.06,-0.06,0,3.557
3081,03.12.2010 07:00:00,-2.12,-0.62,0.06,0,0
3082,03.12.2010 08:00:00,-2.12,-0.62,0.06,-0.06,0
3083,03.12.2010 09:00:00,-2.12,-0.62,0.06,-0.06,0
3084,03.12.2010 10:00:00,-2.12,-0.62,0.06,-0.06,0
3085,03.12.2010 11:00:00,-2.12,-0.62,0.06,-0.06,0
3086,03.12.2010 12:00:00,-2.12,-0.62,0.06,-0.06,0,3.552
3087,03.12.2010 13:00:00,-2.06,-0.68,0.06,-0.06,0
3088,03.12.2010 14:00:00,-2.06,-0.62,0.06,-0.06,0
3089,03.12.2010 15:00:00,-2.06,-0.62,0.06,-0.06,0
3090,03.12.2010 16:00:00,-2.06,-0.62,0.06,-0.06,0
3091,03.12.2010 17:00:00,-2.06,-0.62,0.06,-0.06,-0.06
3092,03.12.2010 18:00:00,-2,-0.62,0.06,-0.06,0,3.554
3093,03.12.2010 19:00:00,-2,-0.62,0.06,-0.06,0
3094,03.12.2010 20:00:00,-2,-0.62,0.06,-0.06,0
3095,03.12.2010 21:00:00,-2,-0.62,0.06,0,0
3096,03.12.2010 22:00:00,-1.93,-0.62,0.06,-0.06,0
3097,03.12.2010 23:00:00,-2,-0.62,0.06,0,0
3098,04.12.2010 00:00:00,-2,-0.62,0.06,0,0,3.556
3099,04.12.2010 01:00:00,-1.93,-0.62,0.06,-0.06,0
3100,04.12.2010 02:00:00,-2,-0.62,0.06,-0.06,0
3101,04.12.2010 03:00:00,-1.93,-0.62,0.06,0,0
3102,04.12.2010 04:00:00,-1.93,-0.62,0.06,-0.06,0
3103,04.12.2010 05:00:00,-1.93,-0.62,0.06,-0.06,0
3104,04.12.2010 06:00:00,-1.93,-0.62,0.06,-0.06,0,3.554
3105,04.12.2010 07:00:00,-1.93,-0.62,0.06,0,0
3106,04.12.2010 08:00:00,-1.93,-0.62,0.06,0,0
3107,04.12.2010 09:00:00,-1.93,-0.62,0.06,-0.06,0
3108,04.12.2010 10:00:00,-1.93,-0.62,0.06,-0.06,0
3109,04.12.2010 11:00:00,-1.87,-0.62,0.06,-0.06,0
3110,04.12.2010 12:00:00,-1.87,-0.62,0.06,-0.06,0,3.554
3111,04.12.2010 13:00:00,-1.93,-0.62,0.06,0,-0.06
3112,04.12.2010 14:00:00,-1.87,-0.62,0.06,-0.06,0
3113,04.12.2010 15:00:00,-1.93,-0.62,0.06,0,0
3114,04.12.2010 16:00:00,-1.93,-0.62,0.06,0,0
3115,04.12.2010 17:00:00,-1.93,-0.62,0.06,-0.06,0
3116,04.12.2010 18:00:00,-1.93,-0.62,0.06,-0.06,0,3.559
3117,04.12.2010 19:00:00,-1.93,-0.62,0.06,-0.06,0
3118,04.12.2010 20:00:00,-1.93,-0.62,0.06,-0.06,0
3119,04.12.2010 21:00:00,-1.93,-0.62,0.06,-0.06,0
3120,04.12.2010 22:00:00,-1.93,-0.62,0.06,-0.06,0
3121,04.12.2010 23:00:00,-1.93,-0.62,0.06,-0.06,0
3122,05.12.2010 00:00:00,-2,-0.62,0.06,-0.06,0,3.557
3123,05.12.2010 01:00:00,-2,-0.62,0.06,-0.06,0
3124,05.12.2010 02:00:00,-2,-0.62,0.06,0,0
3125,05.12.2010 03:00:00,-2,-0.62,0.06,-0.06,0
3126,05.12.2010 04:00:00,-2,-0.68,0.06,0,0
3127,05.12.2010 05:00:00,-2.06,-0.68,0.06,-0.06,0
3128,05.12.2010 06:00:00,-2.06,-0.68,0.06,-0.06,-0.06,3.554
3129,05.12.2010 07:00:00,-2.06,-0.68,0.06,-0.06,0
3130,05.12.2010 08:00:00,-2.06,-0.68,0.06,-0.06,0
3131,05.12.2010 09:00:00,-2.12,-0.62,0.06,-0.06,0
3132,05.12.2010 10:00:00,-2.12,-0.68,0.06,-0.06,0
3133,05.12.2010 11:00:00,-2.18,-0.68,0.06,0,0
3134,05.12.2010 12:00:00,-2.18,-0.68,0.06,-0.06,0,3.551
3135,05.12.2010 13:00:00,-2.25,-0.68,0.06,-0.06,0
3136,05.12.2010 14:00:00,-2.25,-0.68,0.06,-0.06,-0.06
3137,05.12.2010 15:00:00,-2.31,-0.68,0.06,0,0
3138,05.12.2010 16:00:00,-2.31,-0.68,0.06,-0.06,0
3139,05.12.2010 17:00:00,-2.31,-0.68,0.06,0,0
3140,05.12.2010 18:00:00,-2.31,-0.68,0.06,-0.06,0,3.550
3141,05.12.2010 19:00:00,-2.37,-0.68,0.06,-0.06,-0.06
3142,05.12.2010 20:00:00,-2.37,-0.75,0.06,0,-0.06
3143,05.12.2010 21:00:00,-2.37,-0.75,0.06,0,0
3144,05.12.2010 22:00:00,-2.43,-0.75,0.06,-0.06,0
3145,05.12.2010 23:00:00,-2.43,-0.68,0.06,-0.06,-0.06
3146,06.12.2010 00:00:00,-2.43,-0.75,0.06,0,0,3.550
3147,06.12.2010 01:00:00,-2.43,-0.75,0.06,-0.06,0
3148,06.12.2010 02:00:00,-2.43,-0.75,0.06,-0.06,-0.06
3149,06.12.2010 03:00:00,-2.43,-0.81,0.06,-0.06,-0.06
3150,06.12.2010 04:00:00,-2.43,-0.75,0.06,0,0
3151,06.12.2010 05:00:00,-2.5,-0.75,0.06,-0.06,0
3152,06.12.2010 06:00:00,-2.5,-0.75,0.06,0,-0.06,3.555
3153,06.12.2010 07:00:00,-2.5,-0.81,0.06,0,-0.06
3154,06.12.2010 08:00:00,-2.56,-0.81,0.06,0,0
3155,06.12.2010 09:00:00,-2.56,-0.81,0.06,0,-0.06
3156,06.12.2010 10:00:00,-2.56,-0.81,0.06,-0.06,0
3157,06.12.2010 11:00:00,-2.62,-0.81,0.06,0,-0.06
3158,06.12.2010 12:00:00,-2.62,-0.81,0.06,-0.06,0,3.549
3159,06.12.2010 13:00:00,-2.62,-0.87,0.06,-0.06,-0.06
3160,06.12.2010 14:00:00,-2.62,-0.87,0.06,-0.06,0
3161,06.12.2010 15:00:00,-2.68,-0.87,0.06,-0.06,0
3162,06.12.2010 16:00:00,-2.68,-0.87,0.06,-0.06,-0.06
3163,06.12.2010 17:00:00,-2.75,-0.87,0.06,-0.06,0
3164,06.12.2010 18:00:00,-2.75,-0.87,0.06,-0.06,0,3.553
3165,06.12.2010 19:00:00,-2.75,-0.87,0.06,-0.06,0
3166,06.12.2010 20:00:00,-2.75,-0.93,0.06,-0.06,0
3167,06.12.2010 21:00:00,-2.75,-0.93,0.06,0,0
3168,06.12.2010 22:00:00,-2.75,-0.87,0.06,-0.06,0
3169,06.12.2010 23:00:00,-2.75,-0.93,0.06,-0.06,0
3170,07.12.2010 00:00:00,-2.81,-0.93,0.06,-0.06,-0.06,3.555
3171,07.12.2010 01:00:00,-2.75,-0.93,0,-0.06,0
3172,07.12.2010 02:00:00,-2.81,-0.93,0.06,-0.06,-0.06
3173,07.12.2010 03:00:00,-2.81,-0.93,0.06,-0.06,0
3174,07.12.2010 04:00:00,-2.81,-1,0.06,-0.06,0
3175,07.12.2010 05:00:00,-2.81,-1,0,-0.06,0
3176,07.12.2010 06:00:00,-2.81,-0.93,0,0,0,3.548
3177,07.12.2010 07:00:00,-2.87,-1,0.06,0,0
3178,07.12.2010 08:00:00,-2.87,-1,0,-0.06,0
3179,07.12.2010 09:00:00,-2.87,-1,0,-0.06,0
3180,07.12.2010 10:00:00,-2.87,-1,0,-0.06,0
3181,07.12.2010 11:00:00,-2.87,-1,0,-0.06,0
3182,07.12.2010 12:00:00,-2.93,-1,0.06,-0.06,0,3.553
3183,07.12.2010 13:00:00,-2.93,-1.06,0.06,-0.06,-0.06
3184,07.12.2010 14:00:00,-2.93,-1.06,0.06,-0.06,0
3185,07.12.2010 15:00:00,-2.93,-1.06,0.06,-0.06,0
3186,07.12.2010 16:00:00,-2.93,-1.06,0.06,0,0
3187,07.12.2010 17:00:00,-2.93,-1.06,0,-0.06,-0.06
3188,07.12.2010 18:00:00,-2.93,-1.06,0.06,-0.06,0,3.548
3189,07.12.2010 19:00:00,-2.93,-1.06,0.06,-0.06,0
3190,07.12.2010 20:00:00,-2.93,-1.06,0,-0.06,-0.06
3191,07.12.2010 21:00:00,-2.93,-1.12,0,-0.06,0
3192,07.12.2010 22:00:00,-2.93,-1.12,0.06,-0.06,0
3193,07.12.2010 23:00:00,-2.93,-1.12,0,-0.06,0
3194,08.12.2010 00:00:00,-2.93,-1.12,0,-0.06,-0.06,3.551
3195,08.12.2010 01:00:00,-2.93,-1.12,0,0,0
3196,08.12.2010 02:00:00,-2.93,-1.12,0.06,-0.06,-0.06
3197,08.12.2010 03:00:00,-2.93,-1.12,0,-0.06,0
3198,08.12.2010 04:00:00,-2.93,-1.12,0,-0.06,-0.06
3199,08.12.2010 05:00:00,-2.93,-1.12,0,-0.06,-0.06
3200,08.12.2010 06:00:00,-2.93,-1.18,0,-0.06,-0.06,3.547
3201,08.12.2010 07:00:00,-3,-1.18,0,-0.06,0
3202,08.12.2010 08:00:00,-3,-1.18,0,-0.06,0
3203,08.12.2010 09:00:00,-3,-1.18,0,-0.06,-0.06
3204,08.12.2010 10:00:00,-3,-1.18,0,-0.06,0
3205,08.12.2010 11:00:00,-3,-1.18,0,-0.06,0
3206,08.12.2010 12:00:00,-3,-1.18,0,-0.06,-0.06,3.546
3207,08.12.2010 13:00:00,-3.06,-1.18,0,-0.06,0
3208,08.12.2010 14:00:00,-3.06,-1.18,0,-0.06,0
3209,08.12.2010 15:00:00,-3.06,-1.18,0,-0.06,0
3210,08.12.2010 16:00:00,-3.06,-1.18,0,-0.06,-0.06
3211,08.12.2010 17:00:00,-3.06,-1.25,0,-0.06,-0.06
3212,08.12.2010 18:00:00,-3.06,-1.25,0,-0.06,-0.06,3.547
3213,08.12.2010 19:00:00,-3.06,-1.25,0,-0.06,-0.06
3214,08.12.2010 20:00:00,-3.06,-1.25,0,-0.06,-0.06
3215,08.12.2010 21:00:00,-3.06,-1.25,0,-0.06,0
3216,08.12.2010 22:00:00,-3.06,-1.25,0,0,0
3217,08.12.2010 23:00:00,-3.06,-1.25,0,-0.06,-0.06
3218,09.12.2010 00:00:00,-3.06,-1.31,0,-0.06,0,3.551
3219,09.12.2010 01:00:00,-3.06,-1.25,-0.06,-0.06,-0.06
3220,09.12.2010 02:00:00,-3.06,-1.31,0,0,-0.06
3221,09.12.2010 03:00:00,-3.06,-1.31,-0.06,-0.06,-0.06
3222,09.12.2010 04:00:00,-3.12,-1.31,-0.06,-0.06,0
3223,09.12.2010 05:00:00,-3.12,-1.31,0,-0.06,0
3224,09.12.2010 06:00:00,-3.12,-1.31,-0.06,-0.06,0,3.550
3225,09.12.2010 07:00:00,-3.12,-1.31,0,-0.06,-0.06
3226,09.12.2010 08:00:00,-3.12,-1.31,0,-0.06,0
3227,09.12.2010 09:00:00,-3.18,-1.31,-0.06,-0.06,-0.06
3228,09.12.2010 10:00:00,-3.12,-1.31,-0.06,-0.06,0
3229,09.12.2010 11:00:00,-3.18,-1.37,-0.06,-0.06,-0.06
3230,09.12.2010 12:00:00,-3.18,-1.37,-0.06,-0.06,-0.06,3.551
3231,09.12.2010 13:00:00,-3.18,-1.37,-0.06,-0.06,0
3232,09.12.2010 14:00:00,-3.18,-1.37,-0.06,-0.06,0
3233,09.12.2010 15:00:00,-3.25,-1.37,-0.06,-0.06,-0.06
3234,09.12.2010 16:00:00,-3.25,-1.37,-0.06,-0.06,-0.06
3235,09.12.2010 17:00:00,-3.25,-1.37,-0.06,-0.06,-0.06
3236,09.12.2010 18:00:00,-3.25,-1.37,-0.06,-0.06,-0.06,3.545
3237,09.12.2010 19:00:00,-3.25,-1.43,-0.06,-0.06,0
3238,09.12.2010 20:00:00,-3.25,-1.43,-0.06,-0.06,0
3239,09.12.2010 21:00:00,-3.25,-1.43,-0.06,-0.06,-0.06
3240,09.12.2010 22:00:00,-3.25,-1.43,-0.06,-0.06,0
3241,09.12.2010 23:00:00,-3.25,-1.43,-0.06,-0.06,-0.06
3242,10.12.2010 00:00:00,-3.25,-1.43,-0.06,-0.06,-0.06,3.549
3243,10.12.2010 01:00:00,-3.25,-1.43,-0.12,-0.06,-0.06
3244,10.12.2010 02:00:00,-3.25,-1.43,-0.12,-0.06,-0.06
3245,10.12.2010 03:00:00,-3.25,-1.5,-0.12,-0.06,-0.06
3246,10.12.2010 04:00:00,-3.31,-1.43,-0.12,-0.06,-0.06
3247,10.12.2010 05:00:00,-3.31,-1.43,-0.12,-0.06,0
3248,10.12.2010 06:00:00,-3.31,-1.43,-0.12,-0.06,-0.06,3.549
3249,10.12.2010 07:00:00,-3.31,-1.5,-0.12,-0.06,0
3250,10.12.2010 08:00:00,-3.31,-1.5,-0.12,-0.06,-0.06
3251,10.12.2010 09:00:00,-3.31,-1.5,-0.12,-0.06,-0.06
3252,10.12.2010 10:00:00,-3.31,-1.5,-0.12,-0.06,0
3253,10.12.2010 11:00:00,-3.37,-1.5,-0.12,0,0
3254,10.12.2010 12:00:00,-3.37,-1.5,-0.12,-0.06,0,3.549
3255,10.12.2010 13:00:00,-3.37,-1.5,-0.18,-0.06,-0.06
3256,10.12.2010 14:00:00,-3.43,-1.56,-0.18,-0.06,-0.06
3257,10.12.2010 15:00:00,-3.43,-1.56,-0.12,-0.06,-0.06
3258,10.12.2010 16:00:00,-3.43,-1.56,-0.18,-0.06,-0.06
3259,10.12.2010 17:00:00,-3.43,-1.56,-0.18,0,-0.06
3260,10.12.2010 18:00:00,-3.43,-1.56,-0.18,-0.06,0,3.547
3261,10.12.2010 19:00:00,-3.43,-1.56,-0.18,-0.06,0
3262,10.12.2010 20:00:00,-3.43,-1.56,-0.18,-0.06,-0.06
3263,10.12.2010 21:00:00,-3.5,-1.62,-0.18,-0.06,-0.06
3264,10.12.2010 22:00:00,-3.43,-1.62,-0.18,-0.06,-0.06
3265,10.12.2010 23:00:00,-3.43,-1.62,-0.18,-0.06,0
3266,11.12.2010 00:00:00,-3.43,-1.62,-0.18,-0.06,-0.06,3.550
3267,11.12.2010 01:00:00,-3.43,-1.62,-0.18,-0.06,-0.06
3268,11.12.2010 02:00:00,-3.43,-1.62,-0.25,-0.06,0
3269,11.12.2010 03:00:00,-3.43,-1.62,-0.25,-0.06,-0.06
3270,11.12.2010 04:00:00,-3.5,-1.62,-0.25,0,-0.06
3271,11.12.2010 05:00:00,-3.5,-1.62,-0.25,-0.06,-0.06
3272,11.12.2010 06:00:00,-3.5,-1.68,-0.25,-0.06,-0.06,3.543
3273,11.12.2010 07:00:00,-3.5,-1.68,-0.25,0,-0.06
3274,11.12.2010 08:00:00,-3.56,-1.68,-0.25,-0.06,-0.06
3275,11.12.2010 09:00:00,-3.56,-1.68,-0.25,0,-0.06
3276,11.12.2010 10:00:00,-3.5,-1.68,-0.25,-0.06,0
3277,11.12.2010 11:00:00,-3.56,-1.68,-0.31,-0.06,0
3278,11.12.2010 12:00:00,-3.56,-1.68,-0.25,-0.06,-0.06,3.543
3279,11.12.2010 13:00:00,-3.56,-1.68,-0.25,-0.06,-0.06
3280,11.12.2010 14:00:00,-3.62,-1.68,-0.31,-0.06,-0.06
3281,11.12.2010 15:00:00,-3.62,-1.75,-0.31,-0.06,-0.06
3282,11.12.2010 16:00:00,-3.62,-1.75,-0.31,-0.06,0
3283,11.12.2010 17:00:00,-3.62,-1.75,-0.31,0,-0.06
3284,11.12.2010 18:00:00,-3.62,-1.75,-0.31,-0.06,-0.06,3.546
3285,11.12.2010 19:00:00,-3.62,-1.75,-0.31,-0.06,-0.06
3286,11.12.2010 20:00:00,-3.62,-1.75,-0.31,-0.06,-0.06
3287,11.12.2010 21:00:00,-3.62,-1.81,-0.31,-0.06,-0.06
3288,11.12.2010 22:00:00,-3.62,-1.75,-0.31,-0.06,-0.06
3289,11.12.2010 23:00:00,-3.62,-1.81,-0.37,-0.06,-0.06
3290,12.12.2010 00:00:00,-3.62,-1.75,-0.31,-0.06,-0.06,3.543
3291,12.12.2010 01:00:00,-3.62,-1.81,-0.37,-0.06,-0.06
3292,12.12.2010 02:00:00,-3.62,-1.81,-0.37,-0.06,0
3293,12.12.2010 03:00:00,-3.62,-1.81,-0.37,-0.06,-0.06
3294,12.12.2010 04:00:00,-3.62,-1.81,-0.37,-0.06,0
3295,12.12.2010 05:00:00,-3.62,-1.81,-0.37,-0.06,-0.06
3296,12.12.2010 06:00:00,-3.68,-1.81,-0.37,-0.06,-0.06,3.543
3297,12.12.2010 07:00:00,-3.68,-1.81,-0.37,-0.06,-0.06
3298,12.12.2010 08:00:00,-3.68,-1.81,-0.37,-0.06,-0.06
3299,12.12.2010 09:00:00,-3.68,-1.81,-0.37,-0.06,-0.06
3300,12.12.2010 10:00:00,-3.68,-1.87,-0.43,-0.06,-0.06
3301,12.12.2010 11:00:00,-3.68,-1.87,-0.43,-0.06,0
3302,12.12.2010 12:00:00,-3.68,-1.87,-0.43,-0.06,-0.06,3.548
3303,12.12.2010 13:00:00,-3.75,-1.87,-0.43,0,-0.06
3304,12.12.2010 14:00:00,-3.75,-1.87,-0.43,-0.06,-0.06
3305,12.12.2010 15:00:00,-3.75,-1.87,-0.43,-0.06,-0.06
3306,12.12.2010 16:00:00,-3.81,-1.87,-0.43,-0.06,-0.06
3307,12.12.2010 17:00:00,-3.81,-1.93,-0.43,-0.06,-0.06
3308,12.12.2010 18:00:00,-3.81,-1.93,-0.43,-0.06,-0.06,3.546
3309,12.12.2010 19:00:00,-3.81,-1.93,-0.43,-0.06,-0.06
3310,12.12.2010 20:00:00,-3.81,-1.93,-0.43,-0.06,-0.06
3311,12.12.2010 21:00:00,-3.81,-1.93,-0.5,-0.06,0
3312,12.12.2010 22:00:00,-3.81,-2,-0.5,-0.06,0
3313,12.12.2010 23:00:00,-3.81,-2,-0.5,-0.06,-0.06
3314,13.12.2010 00:00:00,-3.81,-1.93,-0.5,-0.06,-0.06,3.541
3315,13.12.2010 01:00:00,-3.81,-2,-0.5,-0.06,-0.06
3316,13.12.2010 02:00:00,-3.81,-2,-0.5,-0.06,-0.06
3317,13.12.2010 03:00:00,-3.81,-2,-0.56,-0.06,-0.06
3318,13.12.2010 04:00:00,-3.81,-2,-0.5,-0.06,-0.06
3319,13.12.2010 05:00:00,-3.81,-2,-0.56,-0.06,-0.06
3320,13.12.2010 06:00:00,-3.87,-2,-0.5,-0.06,-0.06,3.542
3321,13.12.2010 07:00:00,-3.87,-2,-0.56,-0.06,-0.06
3322,13.12.2010 08:00:00,-3.87,-2,-0.56,-0.06,-0.06
3323,13.12.2010 09:00:00,-3.87,-2,-0.56,0,-0.06
3324,13.12.2010 10:00:00,-3.87,-2.06,-0.56,0,-0.06
3325,13.12.2010 11:00:00,-3.93,-2.06,-0.56,-0.06,-0.06
3326,13.12.2010 12:00:00,-3.93,-2.06,-0.56,-0.06,-0.06,3.542
3327,13.12.2010 13:00:00,-3.93,-2.06,-0.56,-0.06,-0.06
3328,13.12.2010 14:00:00,-3.93,-2.06,-0.62,0,-0.06
3329,13.12.2010 15:00:00,-4,-2.06,-0.62,-0.06,-0.06
3330,13.12.2010 16:00:00,-4,-2.06,-0.62,-0.06,-0.06
3331,13.12.2010 17:00:00,-4,-2.12,-0.62,-0.06,-0.06
3332,13.12.2010 18:00:00,-4,-2.12,-0.62,-0.06,-0.06,3.541
3333,13.12.2010 19:00:00,-4,-2.12,-0.62,-0.06,-0.06
3334,13.12.2010 20:00:00,-4,-2.12,-0.62,-0.06,-0.06
3335,13.12.2010 21:00:00,-4,-2.12,-0.62,-0.06,-0.06
3336,13.12.2010 22:00:00,-4.06,-2.12,-0.62,-0.06,0
3337,13.12.2010 23:00:00,-4,-2.18,-0.62,-0.06,-0.06
3338,14.12.2010 00:00:00,-4,-2.12,-0.62,-0.06,-0.06,3.546
3339,14.12.2010 01:00:00,-4,-2.18,-0.68,-0.06,-0.06
3340,14.12.2010 02:00:00,-4,-2.18,-0.68,-0.06,-0.06
3341,14.12.2010 03:00:00,-4,-2.18,-0.68,-0.06,0
3342,14.12.2010 04:00:00,-4,-2.18,-0.68,-0.06,-0.06
3343,14.12.2010 05:00:00,-4.06,-2.18,-0.68,-0.06,-0.06
3344,14.12.2010 06:00:00,-4.06,-2.18,-0.68,-0.06,-0.06,3.542
3345,14.12.2010 07:00:00,-4.06,-2.18,-0.68,-0.06,-0.06
3346,14.12.2010 08:00:00,-4.06,-2.25,-0.75,-0.06,0
3347,14.12.2010 09:00:00,-4.06,-2.25,-0.68,-0.06,-0.06
3348,14.12.2010 10:00:00,-4.12,-2.18,-0.75,-0.06,-0.06
3349,14.12.2010 11:00:00,-4.12,-2.25,-0.75,-0.06,0
3350,14.12.2010 12:00:00,-4.12,-2.25,-0.75,-0.06,-0.06,3.545
3351,14.12.2010 13:00:00,-4.18,-2.25,-0.75,-0.06,-0.06
3352,14.12.2010 14:00:00,-4.18,-2.25,-0.75,-0.06,-0.06
3353,14.12.2010 15:00:00,-4.18,-2.25,-0.75,-0.06,-0.06
3354,14.12.2010 16:00:00,-4.18,-2.31,-0.81,-0.06,-0.06
3355,14.12.2010 17:00:00,-4.25,-2.31,-0.81,-0.06,-0.06
3356,14.12.2010 18:00:00,-4.25,-2.31,-0.81,-0.06,-0.06,3.546
3357,14.12.2010 19:00:00,-4.25,-2.31,-0.81,-0.06,0
3358,14.12.2010 20:00:00,-4.25,-2.37,-0.81,-0.06,-0.06
3359,14.12.2010 21:00:00,-4.25,-2.31,-0.81,-0.06,0
3360,14.12.2010 22:00:00,-4.25,-2.37,-0.81,-0.06,-0.06
3361,14.12.2010 23:00:00,-4.25,-2.37,-0.81,-0.06,-0.06
3362,15.12.2010 00:00:00,-4.25,-2.37,-0.81,-0.06,-0.06,3.539
3363,15.12.2010 01:00:00,-4.25,-2.37,-0.81,-0.06,-0.06
3364,15.12.2010 02:00:00,-4.25,-2.37,-0.81,-0.06,-0.06
3365,15.12.2010 03:00:00,-4.25,-2.37,-0.81,-0.06,-0.06
3366,15.12.2010 04:00:00,-4.25,-2.37,-0.87,-0.06,-0.06
3367,15.12.2010 05:00:00,-4.25,-2.37,-0.87,-0.06,-0.06
3368,15.12.2010 06:00:00,-4.31,-2.43,-0.87,-0.06,0,3.546
3369,15.12.2010 07:00:00,-4.25,-2.43,-0.87,-0.06,-0.06
3370,15.12.2010 08:00:00,-4.25,-2.43,-0.87,-0.06,-0.06
3371,15.12.2010 09:00:00,-4.31,-2.43,-0.87,-0.06,0
3372,15.12.2010 10:00:00,-4.25,-2.43,-0.93,-0.06,-0.06
3373,15.12.2010 11:00:00,-4.25,-2.43,-0.87,-0.06,-0.06
3374,15.12.2010 12:00:00,-4.31,-2.43,-0.93,-0.06,-0.06,3.540
3375,15.12.2010 13:00:00,-4.25,-2.43,-0.93,-0.06,-0.06
3376,15.12.2010 14:00:00,-4.31,-2.43,-0.93,-0.06,-0.06
3377,15.12.2010 15:00:00,-4.25,-2.5,-0.93,-0.06,0
3378,15.12.2010 16:00:00,-4.25,-2.5,-0.93,-0.06,-0.06
3379,15.12.2010 17:00:00,-4.25,-2.5,-0.93,-0.06,-0.06
3380,15.12.2010 18:00:00,-4.25,-2.5,-0.93,-0.06,-0.06,3.543
3381,15.12.2010 19:00:00,-4.25,-2.5,-0.93,-0.06,-0.06
3382,15.12.2010 20:00:00,-4.18,-2.5,-0.93,-0.06,-0.06
3383,15.12.2010 21:00:00,-4.25,-2.5,-0.93,-0.06,-0.06
3384,15.12.2010 22:00:00,-4.18,-2.5,-1,-0.06,-0.06
3385,15.12.2010 23:00:00,-4.18,-2.5,-1,-0.06,-0.06
3386,16.12.2010 00:00:00,-4.18,-2.5,-1,-0.06,0,3.539
3387,16.12.2010 01:00:00,-4.18,-2.5,-1,-0.06,-0.06
3388,16.12.2010 02:00:00,-4.18,-2.5,-1,-0.06,-0.06
3389,16.12.2010 03:00:00,-4.18,-2.5,-1,-0.06,-0.06
3390,16.12.2010 04:00:00,-4.18,-2.5,-1,-0.06,-0.06
3391,16.12.2010 05:00:00,-4.18,-2.5,-1,-0.06,-0.06
3392,16.12.2010 06:00:00,-4.25,-2.5,-1,-0.06,-0.06,3.538
3393,16.12.2010 07:00:00,-4.25,-2.5,-1,-0.06,-0.06
3394,16.12.2010 08:00:00,-4.25,-2.5,-1.06,-0.06,-0.06
3395,16.12.2010 09:00:00,-4.25,-2.5,-1.06,-0.06,-0.06
3396,16.12.2010 10:00:00,-4.31,-2.5,-1.06,-0.06,-0.06
3397,16.12.2010 11:00:00,-4.31,-2.56,-1.06,-0.06,0
3398,16.12.2010 12:00:00,-4.31,-2.56,-1.06,-0.06,0,3.538
3399,16.12.2010 13:00:00,-4.31,-2.56,-1.06,-0.06,-0.06
3400,16.12.2010 14:00:00,-4.31,-2.56,-1.06,-0.06,-0.06
3401,16.12.2010 15:00:00,-4.37,-2.56,-1.06,-0.06,-0.06
3402,16.12.2010 16:00:00,-4.31,-2.56,-1.06,-0.06,-0.06
3403,16.12.2010 17:00:00,-4.37,-2.56,-1.06,-0.06,0
3404,16.12.2010 18:00:00,-4.37,-2.56,-1.06,-0.06,-0.06,3.543
3405,16.12.2010 19:00:00,-4.37,-2.56,-1.06,-0.06,-0.06
3406,16.12.2010 20:00:00,-4.37,-2.62,-1.06,-0.06,-0.06
3407,16.12.2010 21:00:00,-4.31,-2.62,-1.06,-0.06,-0.06
3408,16.12.2010 22:00:00,-4.37,-2.62,-1.12,-0.06,-0.06
3409,16.12.2010 23:00:00,-4.31,-2.62,-1.12,-0.06,-0.06
3410,17.12.2010 00:00:00,-4.31,-2.62,-1.12,-0.06,-0.06,3.543
3411,17.12.2010 01:00:00,-4.31,-2.62,-1.12,-0.06,-0.06
3412,17.12.2010 02:00:00,-4.31,-2.62,-1.12,-0.06,-0.06
3413,17.12.2010 03:00:00,-4.31,-2.62,-1.12,-0.06,0
3414,17.12.2010 04:00:00,-4.31,-2.62,-1.12,-0.06,-0.06
3415,17.12.2010 05:00:00,-4.31,-2.62,-1.12,-0.06,-0.06
3416,17.12.2010 06:00:00,-4.31,-2.62,-1.18,-0.06,-0.06,3.544
3417,17.12.2010 07:00:00,-4.37,-2.62,-1.18,-0.06,-0.06
3418,17.12.2010 08:00:00,-4.37,-2.62,-1.12,-0.06,-0.06
3419,17.12.2010 09:00:00,-4.37,-2.62,-1.18,-0.06,-0.06
3420,17.12.2010 10:00:00,-4.37,-2.62,-1.18,-0.06,-0.06
3421,17.12.2010 11:00:00,-4.37,-2.62,-1.18,-0.06,-0.06
3422,17.12.2010 12:00:00,-4.37,-2.68,-1.18,-0.06,-0.06,3.538
3423,17.12.2010 13:00:00,-4.43,-2.68,-1.18,-0.06,-0.06
3424,17.12.2010 14:00:00,-4.37,-2.68,-1.18,-0.06,-0.06
3425,17.12.2010 15:00:00,-4.43,-2.68,-1.18,-0.06,-0.06
3426,17.12.2010 16:00:00,-4.43,-2.68,-1.25,-0.06,-0.06
3427,17.12.2010 17:00:00,-4.43,-2.68,-1.18,-0.06,-0.06
3428,17.12.2010 18:00:00,-4.43,-2.68,-1.18,-0.06,-0.06,3.543
3429,17.12.2010 19:00:00,-4.43,-2.68,-1.25,-0.06,-0.06
3430,17.12.2010 20:00:00,-4.43,-2.68,-1.25,-0.06,-0.06
3431,17.12.2010 21:00:00,-4.43,-2.75,-1.18,-0.06,-0.06
3432,17.12.2010 22:00:00,-4.43,-2.75,-1.25,-0.06,-0.06
3433,17.12.2010 23:00:00,-4.43,-2.75,-1.25,-0.06,-0.06
3434,18.12.2010 00:00:00,-4.43,-2.68,-1.25,-0.06,-0.06,3.541
3435,18.12.2010 01:00:00,-4.43,-2.75,-1.25,-0.06,-0.06
3436,18.12.2010 02:00:00,-4.43,-2.75,-1.25,-0.06,-0.06
3437,18.12.2010 03:00:00,-4.43,-2.75,-1.25,-0.06,-0.06
3438,18.12.2010 04:00:00,-4.5,-2.75,-1.25,-0.06,-0.06
3439,18.12.2010 05:00:00,-4.5,-2.75,-1.25,-0.06,-0.06
3440,18.12.2010 06:00:00,-4.5,-2.75,-1.25,-0.06,0,3.542
3441,18.12.2010 07:00:00,-4.5,-2.75,-1.25,-0.06,-0.06
3442,18.12.2010 08:00:00,-4.5,-2.75,-1.25,-0.06,0
3443,18.12.2010 09:00:00,-4.5,-2.75,-1.25,-0.06,-0.06
3444,18.12.2010 10:00:00,-4.56,-2.75,-1.25,-0.06,-0.06
3445,18.12.2010 11:00:00,-4.56,-2.75,-1.31,-0.06,-0.06
3446,18.12.2010 12:00:00,-4.56,-2.81,-1.25,-0.06,-0.06,3.539
3447,18.12.2010 13:00:00,-4.62,-2.81,-1.31,-0.06,-0.06
3448,18.12.2010 14:00:00,-4.62,-2.81,-1.31,-0.06,-0.06
3449,18.12.2010 15:00:00,-4.62,-2.81,-1.31,-0.06,-0.06
3450,18.12.2010 16:00:00,-4.68,-2.81,-1.31,-0.06,0
3451,18.12.2010 17:00:00,-4.68,-2.81,-1.31,-0.06,-0.06
3452,18.12.2010 18:00:00,-4.68,-2.87,-1.31,-0.06,-0.06,3.543
3453,18.12.2010 19:00:00,-4.68,-2.87,-1.31,-0.06,-0.06
3454,18.12.2010 20:00:00,-4.68,-2.87,-1.31,-0.06,0
3455,18.12.2010 21:00:00,-4.68,-2.87,-1.37,-0.06,-0.06
3456,18.12.2010 22:00:00,-4.68,-2.87,-1.37,-0.06,-0.06
3457,18.12.2010 23:00:00,-4.68,-2.87,-1.37,-0.06,-0.06
3458,19.12.2010 00:00:00,-4.68,-2.93,-1.37,-0.06,0,3.535
3459,19.12.2010 01:00:00,-4.68,-2.87,-1.37,-0.06,-0.06
3460,19.12.2010 02:00:00,-4.68,-2.87,-1.37,-0.06,-0.06
3461,19.12.2010 03:00:00,-4.75,-2.93,-1.37,-0.06,-0.06
3462,19.12.2010 04:00:00,-4.75,-2.93,-1.37,-0.06,-0.06
3463,19.12.2010 05:00:00,-4.75,-2.93,-1.37,-0.06,-0.06
3464,19.12.2010 06:00:00,-4.75,-2.93,-1.37,-0.06,-0.06,3.535
3465,19.12.2010 07:00:00,-4.81,-2.93,-1.43,-0.06,-0.06
3466,19.12.2010 08:00:00,-4.81,-2.93,-1.43,-0.06,-0.06
3467,19.12.2010 09:00:00,-4.81,-2.93,-1.43,-0.06,-0.06
3468,19.12.2010 10:00:00,-4.87,-3,-1.43,-0.06,0
3469,19.12.2010 11:00:00,-4.87,-3,-1.43,-0.06,-0.06
3470,19.12.2010 12:00:00,-4.87,-3,-1.43,-0.06,-0.06,3.538
3471,19.12.2010 13:00:00,-4.93,-3,-1.43,-0.06,-0.06
3472,19.12.2010 14:00:00,-4.93,-3,-1.43,-0.06,-0.06
3473,19.12.2010 15:00:00,-4.93,-3.06,-1.43,-0.06,-0.06
3474,19.12.2010 16:00:00,-4.93,-3.06,-1.5,-0.06,-0.06
3475,19.12.2010 17:00:00,-5,-3.06,-1.5,-0.06,-0.06
3476,19.12.2010 18:00:00,-5,-3.06,-1.5,-0.06,-0.06,3.535
3477,19.12.2010 19:00:00,-5,-3.06,-1.5,-0.06,-0.06
3478,19.12.2010 20:00:00,-5,-3.06,-1.5,-0.06,-0.06
3479,19.12.2010 21:00:00,-5,-3.12,-1.5,-0.06,-0.06
3480,19.12.2010 22:00:00,-5,-3.12,-1.5,-0.06,-0.06
3481,19.12.2010 23:00:00,-5,-3.12,-1.5,-0.06,-0.06
3482,20.12.2010 00:00:00,-4.93,-3.12,-1.5,-0.06,-0.06,3.534
3483,20.12.2010 01:00:00,-4.93,-3.12,-1.5,-0.06,-0.06
3484,20.12.2010 02:00:00,-4.93,-3.12,-1.56,-0.06,-0.06
3485,20.12.2010 03:00:00,-4.93,-3.18,-1.56,-0.06,-0.06
3486,20.12.2010 04:00:00,-4.93,-3.12,-1.56,-0.06,-0.06
3487,20.12.2010 05:00:00,-4.87,-3.12,-1.56,-0.06,-0.06
3488,20.12.2010 06:00:00,-4.87,-3.12,-1.56,-0.12,-0.06,3.541
3489,20.12.2010 07:00:00,-4.81,-3.12,-1.56,-0.06,-0.06
3490,20.12.2010 08:00:00,-4.81,-3.18,-1.56,-0.06,-0.06
3491,20.12.2010 09:00:00,-4.81,-3.12,-1.56,-0.06,0
3492,20.12.2010 10:00:00,-4.81,-3.12,-1.62,-0.06,-0.06
3493,20.12.2010 11:00:00,-4.75,-3.12,-1.56,-0.06,-0.06
3494,20.12.2010 12:00:00,-4.75,-3.12,-1.62,-0.06,-0.06,3.539
3495,20.12.2010 13:00:00,-4.68,-3.12,-1.62,-0.06,-0.06
3496,20.12.2010 14:00:00,-4.68,-3.12,-1.62,-0.06,-0.06
3497,20.12.2010 15:00:00,-4.68,-3.12,-1.62,-0.06,-0.06
3498,20.12.2010 16:00:00,-4.62,-3.12,-1.62,-0.06,-0.06
3499,20.12.2010 17:00:00,-4.62,-3.12,-1.62,-0.12,-0.06
3500,20.12.2010 18:00:00,-4.56,-3.12,-1.62,-0.06,-0.06,3.538
3501,20.12.2010 19:00:00,-4.56,-3.06,-1.62,-0.06,-0.06
3502,20.12.2010 20:00:00,-4.56,-3.06,-1.62,-0.12,-0.06
3503,20.12.2010 21:00:00,-4.56,-3.06,-1.62,-0.06,-0.06
3504,20.12.2010 22:00:00,-4.5,-3.06,-1.62,-0.06,-0.06
3505,20.12.2010 23:00:00,-4.5,-3.06,-1.62,-0.06,-0.06
3506,21.12.2010 00:00:00,-4.43,-3.06,-1.62,-0.12,-0.06,3.537
3507,21.12.2010 01:00:00,-4.43,-3.06,-1.62,-0.12,-0.06
3508,21.12.2010 02:00:00,-4.43,-3.06,-1.62,-0.06,-0.06
3509,21.12.2010 03:00:00,-4.43,-3.06,-1.62,-0.12,-0.06
3510,21.12.2010 04:00:00,-4.37,-3,-1.62,-0.12,-0.06
3511,21.12.2010 05:00:00,-4.37,-3,-1.62,-0.12,-0.06
3512,21.12.2010 06:00:00,-4.37,-3,-1.62,-0.12,-0.06,3.540
3513,21.12.2010 07:00:00,-4.37,-3,-1.62,-0.12,-0.06
3514,21.12.2010 08:00:00,-4.31,-2.93,-1.62,-0.12,-0.06
3515,21.12.2010 09:00:00,-4.31,-3,-1.62,-0.12,-0.06
3516,21.12.2010 10:00:00,-4.31,-2.93,-1.62,-0.12,-0.06
3517,21.12.2010 11:00:00,-4.31,-2.93,-1.62,-0.12,-0.06
3518,21.12.2010 12:00:00,-4.31,-2.93,-1.62,-0.12,-0.06,3.538
3519,21.12.2010 13:00:00,-4.25,-2.93,-1.62,-0.12,-0.06
3520,21.12.2010 14:00:00,-4.31,-2.93,-1.62,-0.12,-0.06
3521,21.12.2010 15:00:00,-4.31,-2.93,-1.62,-0.12,-0.06
3522,21.12.2010 16:00:00,-4.25,-2.93,-1.62,-0.12,-0.06
3523,21.12.2010 17:00:00,-4.25,-2.93,-1.62,-0.12,-0.06
3524,21.12.2010 18:00:00,-4.25,-2.93,-1.62,-0.12,-0.06,3.545
3525,21.12.2010 19:00:00,-4.25,-2.87,-1.62,-0.12,-0.06
3526,21.12.2010 20:00:00,-4.25,-2.87,-1.62,-0.12,-0.06
3527,21.12.2010 21:00:00,-4.25,-2.87,-1.62,-0.12,-0.06
3528,21.12.2010 22:00:00,-4.25,-2.93,-1.62,-0.12,-0.06
3529,21.12.2010 23:00:00,-4.25,-2.93,-1.62,-0.12,-0.06
3530,22.12.2010 00:00:00,-4.31,-2.87,-1.62,-0.12,-0.06,3.539
3531,22.12.2010 01:00:00,-4.25,-2.87,-1.62,-0.12,-0.06
3532,22.12.2010 02:00:00,-4.25,-2.87,-1.62,-0.12,-0.06
3533,22.12.2010 03:00:00,-4.25,-2.87,-1.62,-0.12,-0.06
3534,22.12.2010 04:00:00,-4.25,-2.87,-1.62,-0.12,-0.06
3535,22.12.2010 05:00:00,-4.31,-2.87,-1.62,-0.12,-0.06
3536,22.12.2010 06:00:00,-4.25,-2.87,-1.62,-0.12,-0.06,3.544
3537,22.12.2010 07:00:00,-4.25,-2.87,-1.62,-0.12,-0.06
3538,22.12.2010 08:00:00,-4.25,-2.87,-1.62,-0.12,-0.06
3539,22.12.2010 09:00:00,-4.25,-2.87,-1.62,-0.12,-0.06
3540,22.12.2010 10:00:00,-4.25,-2.87,-1.62,-0.12,-0.06
3541,22.12.2010 11:00:00,-4.25,-2.87,-1.62,-0.12,-0.06
3542,22.12.2010 12:00:00,-4.31,-2.87,-1.62,-0.12,-0.06,3.544
3543,22.12.2010 13:00:00,-4.25,-2.87,-1.62,-0.12,-0.06
3544,22.12.2010 14:00:00,-4.25,-2.87,-1.62,-0.12,-0.06
3545,22.12.2010 15:00:00,-4.25,-2.87,-1.62,-0.12,-0.06
3546,22.12.2010 16:00:00,-4.25,-2.87,-1.62,-0.12,-0.06
3547,22.12.2010 17:00:00,-4.25,-2.87,-1.62,-0.12,-0.06
3548,22.12.2010 18:00:00,-4.25,-2.87,-1.62,-0.12,-0.06,3.539
3549,22.12.2010 19:00:00,-4.18,-2.87,-1.62,-0.12,-0.06
3550,22.12.2010 20:00:00,-4.18,-2.87,-1.62,-0.18,0
3551,22.12.2010 21:00:00,-4.18,-2.87,-1.62,-0.12,-0.06
3552,22.12.2010 22:00:00,-4.18,-2.81,-1.62,-0.18,-0.06
3553,22.12.2010 23:00:00,-4.18,-2.87,-1.62,-0.18,-0.06
3554,23.12.2010 00:00:00,-4.18,-2.87,-1.62,-0.18,-0.06,3.545
3555,23.12.2010 01:00:00,-4.18,-2.87,-1.62,-0.18,-0.06
3556,23.12.2010 02:00:00,-4.18,-2.87,-1.62,-0.18,-0.06
3557,23.12.2010 03:00:00,-4.12,-2.81,-1.62,-0.18,-0.06
3558,23.12.2010 04:00:00,-4.18,-2.87,-1.62,-0.18,-0.06
3559,23.12.2010 05:00:00,-4.18,-2.87,-1.62,-0.18,-0.06
3560,23.12.2010 06:00:00,-4.18,-2.87,-1.62,-0.18,-0.06,3.540
3561,23.12.2010 07:00:00,-4.18,-2.87,-1.62,-0.18,-0.06
3562,23.12.2010 08:00:00,-4.18,-2.81,-1.62,-0.18,-0.06
3563,23.12.2010 09:00:00,-4.18,-2.81,-1.62,-0.18,-0.06
3564,23.12.2010 10:00:00,-4.18,-2.81,-1.62,-0.18,-0.06
3565,23.12.2010 11:00:00,-4.18,-2.81,-1.68,-0.18,-0.06
3566,23.12.2010 12:00:00,-4.18,-2.81,-1.62,-0.18,-0.06,3.543
3567,23.12.2010 13:00:00,-4.18,-2.81,-1.62,-0.18,-0.06
3568,23.12.2010 14:00:00,-4.18,-2.81,-1.62,-0.18,-0.06
3569,23.12.2010 15:00:00,-4.18,-2.81,-1.62,-0.18,-0.06
3570,23.12.2010 16:00:00,-4.25,-2.81,-1.68,-0.18,-0.06
3571,23.12.2010 17:00:00,-4.25,-2.87,-1.62,-0.18,-0.06
3572,23.12.2010 18:00:00,-4.25,-2.81,-1.62,-0.18,-0.06,3.538
3573,23.12.2010 19:00:00,-4.25,-2.87,-1.62,-0.18,-0.06
3574,23.12.2010 20:00:00,-4.25,-2.87,-1.68,-0.18,-0.06
3575,23.12.2010 21:00:00,-4.31,-2.87,-1.62,-0.18,-0.06
3576,23.12.2010 22:00:00,-4.31,-2.87,-1.68,-0.25,-0.06
3577,23.12.2010 23:00:00,-4.31,-2.87,-1.62,-0.18,-0.06
3578,24.12.2010 00:00:00,-4.37,-2.87,-1.68,-0.18,0,3.538
3579,24.12.2010 01:00:00,-4.31,-2.87,-1.62,-0.18,-0.06
3580,24.12.2010 02:00:00,-4.37,-2.87,-1.62,-0.25,-0.06
3581,24.12.2010 03:00:00,-4.37,-2.87,-1.68,-0.25,-0.06
3582,24.12.2010 04:00:00,-4.43,-2.87,-1.68,-0.25,-0.06
3583,24.12.2010 05:00:00,-4.43,-2.87,-1.68,-0.25,-0.06
3584,24.12.2010 06:00:00,-4.43,-2.93,-1.68,-0.25,-0.06,3.536
3585,24.12.2010 07:00:00,-4.43,-2.93,-1.68,-0.25,-0.06
3586,24.12.2010 08:00:00,-4.5,-2.93,-1.68,-0.25,-0.06
3587,24.12.2010 09:00:00,-4.5,-2.93,-1.68,-0.25,-0.06
3588,24.12.2010 10:00:00,-4.5,-2.93,-1.68,-0.25,-0.06
3589,24.12.2010 11:00:00,-4.56,-2.93,-1.68,-0.25,-0.06
3590,24.12.2010 12:00:00,-4.56,-2.93,-1.68,-0.25,-0.06,3.541
3591,24.12.2010 13:00:00,-4.56,-2.93,-1.68,-0.25,-0.06
3592,24.12.2010 14:00:00,-4.62,-3,-1.68,-0.25,-0.06
3593,24.12.2010 15:00:00,-4.62,-3,-1.75,-0.25,-0.06
3594,24.12.2010 16:00:00,-4.68,-3,-1.75,-0.25,-0.06
3595,24.12.2010 17:00:00,-4.68,-3,-1.75,-0.25,-0.06
3596,24.12.2010 18:00:00,-4.68,-3.06,-1.75,-0.25,-0.06,3.538
3597,24.12.2010 19:00:00,-4.68,-3.06,-1.75,-0.25,-0.06
3598,24.12.2010 20:00:00,-4.68,-3.06,-1.75,-0.31,-0.06
3599,24.12.2010 21:00:00,-4.75,-3.06,-1.75,-0.31,-0.06
3600,24.12.2010 22:00:00,-4.75,-3.06,-1.75,-0.25,-0.06
3601,24.12.2010 23:00:00,-4.75,-3.06,-1.75,-0.31,-0.06
3602,25.12.2010 00:00:00,-4.75,-3.12,-1.75,-0.31,-0.06,3.539
3603,25.12.2010 01:00:00,-4.75,-3.12,-1.75,-0.25,-0.06
3604,25.12.2010 02:00:00,-4.75,-3.12,-1.81,-0.31,-0.06
3605,25.12.2010 03:00:00,-4.81,-3.12,-1.81,-0.31,0
3606,25.12.2010 04:00:00,-4.81,-3.18,-1.81,-0.31,-0.06
3607,25.12.2010 05:00:00,-4.81,-3.12,-1.81,-0.31,-0.06
3608,25.12.2010 06:00:00,-4.81,-3.18,-1.81,-0.31,0,3.533
3609,25.12.2010 07:00:00,-4.81,-3.18,-1.81,-0.31,-0.06
3610,25.12.2010 08:00:00,-4.87,-3.18,-1.81,-0.31,-0.06
3611,25.12.2010 09:00:00,-4.87,-3.18,-1.81,-0.31,-0.06
3612,25.12.2010 10:00:00,-4.87,-3.18,-1.81,-0.31,-0.06
3613,25.12.2010 11:00:00,-4.87,-3.18,-1.81,-0.31,-0.06
3614,25.12.2010 12:00:00,-4.93,-3.18,-1.87,-0.31,-0.06,3.538
3615,25.12.2010 13:00:00,-4.93,-3.25,-1.87,-0.31,-0.06
3616,25.12.2010 14:00:00,-4.93,-3.25,-1.87,-0.31,-0.06
3617,25.12.2010 15:00:00,-4.93,-3.25,-1.87,-0.37,-0.06
3618,25.12.2010 16:00:00,-4.93,-3.25,-1.87,-0.37,-0.06
3619,25.12.2010 17:00:00,-5,-3.25,-1.87,-0.31,-0.06
3620,25.12.2010 18:00:00,-5,-3.25,-1.87,-0.31,-0.06,3.535
3621,25.12.2010 19:00:00,-5,-3.25,-1.87,-0.37,-0.06
3622,25.12.2010 20:00:00,-5,-3.31,-1.87,-0.37,-0.06
3623,25.12.2010 21:00:00,-5,-3.31,-1.93,-0.37,-0.06
3624,25.12.2010 22:00:00,-5,-3.31,-1.87,-0.37,-0.06
3625,25.12.2010 23:00:00,-5,-3.31,-1.93,-0.37,-0.06
3626,26.12.2010 00:00:00,-5,-3.31,-1.93,-0.37,-0.06,3.537
3627,26.12.2010 01:00:00,-5.06,-3.31,-1.93,-0.37,-0.06
3628,26.12.2010 02:00:00,-5,-3.31,-1.93,-0.37,-0.06
3629,26.12.2010 03:00:00,-5,-3.37,-1.93,-0.37,-0.06
3630,26.12.2010 04:00:00,-5.06,-3.37,-1.93,-0.37,-0.06
3631,26.12.2010 05:00:00,-5.06,-3.37,-1.93,-0.37,-0.06
3632,26.12.2010 06:00:00,-5.06,-3.37,-1.93,-0.37,-0.06,3.536
3633,26.12.2010 07:00:00,-5.06,-3.37,-2,-0.43,-0.06
3634,26.12.2010 08:00:00,-5.12,-3.37,-2,-0.37,-0.06
3635,26.12.2010 09:00:00,-5.06,-3.37,-2,-0.43,-0.06
3636,26.12.2010 10:00:00,-5.12,-3.37,-2,-0.37,-0.06
3637,26.12.2010 11:00:00,-5.12,-3.43,-2,-0.43,0
3638,26.12.2010 12:00:00,-5.12,-3.43,-2,-0.43,-0.06,3.536
3639,26.12.2010 13:00:00,-5.12,-3.43,-2,-0.43,-0.06
3640,26.12.2010 14:00:00,-5.18,-3.43,-2,-0.43,-0.06
3641,26.12.2010 15:00:00,-5.18,-3.43,-2,-0.43,-0.06
3642,26.12.2010 16:00:00,-5.18,-3.43,-2,-0.43,-0.06
3643,26.12.2010 17:00:00,-5.18,-3.43,-2,-0.43,0
3644,26.12.2010 18:00:00,-5.18,-3.5,-2.06,-0.43,-0.06,3.530
3645,26.12.2010 19:00:00,-5.25,-3.5,-2.06,-0.43,-0.06
3646,26.12.2010 20:00:00,-5.18,-3.5,-2.06,-0.43,-0.06
3647,26.12.2010 21:00:00,-5.25,-3.5,-2.06,-0.43,-0.06
3648,26.12.2010 22:00:00,-5.25,-3.5,-2.06,-0.43,-0.06
3649,26.12.2010 23:00:00,-5.25,-3.5,-2.06,-0.5,-0.06
3650,27.12.2010 00:00:00,-5.25,-3.5,-2.06,-0.43,-0.06,3.531
3651,27.12.2010 01:00:00,-5.25,-3.56,-2.12,-0.5,-0.06
3652,27.12.2010 02:00:00,-5.25,-3.56,-2.06,-0.43,-0.06
3653,27.12.2010 03:00:00,-5.25,-3.56,-2.12,-0.5,-0.06
3654,27.12.2010 04:00:00,-5.25,-3.56,-2.12,-0.5,-0.06
3655,27.12.2010 05:00:00,-5.25,-3.56,-2.12,-0.5,-0.06
3656,27.12.2010 06:00:00,-5.25,-3.56,-2.12,-0.5,-0.06,3.534
3657,27.12.2010 07:00:00,-5.31,-3.56,-2.12,-0.5,-0.06
3658,27.12.2010 08:00:00,-5.31,-3.56,-2.12,-0.5,-0.06
3659,27.12.2010 09:00:00,-5.31,-3.56,-2.12,-0.5,-0.06
3660,27.12.2010 10:00:00,-5.31,-3.56,-2.12,-0.5,-0.06
3661,27.12.2010 11:00:00,-5.31,-3.56,-2.12,-0.5,-0.06
3662,27.12.2010 12:00:00,-5.37,-3.62,-2.12,-0.5,-0.06,3.530
3663,27.12.2010 13:00:00,-5.37,-3.62,-2.18,-0.56,-0.06
3664,27.12.2010 14:00:00,-5.37,-3.62,-2.18,-0.56,-0.06
3665,27.12.2010 15:00:00,-5.37,-3.62,-2.18,-0.56,-0.06
3666,27.12.2010 16:00:00,-5.43,-3.62,-2.18,-0.56,-0.06
3667,27.12.2010 17:00:00,-5.43,-3.62,-2.18,-0.56,-0.06
3668,27.12.2010 18:00:00,-5.43,-3.62,-2.18,-0.56,-0.06,3.530
3669,27.12.2010 19:00:00,-5.43,-3.62,-2.18,-0.56,-0.06
3670,27.12.2010 20:00:00,-5.43,-3.68,-2.18,-0.56,-0.06
3671,27.12.2010 21:00:00,-5.43,-3.68,-2.18,-0.56,-0.06
3672,27.12.2010 22:00:00,-5.43,-3.68,-2.25,-0.56,-0.06
3673,27.12.2010 23:00:00,-5.43,-3.68,-2.25,-0.56,-0.06
3674,28.12.2010 00:00:00,-5.43,-3.68,-2.25,-0.62,-0.06,3.536
3675,28.12.2010 01:00:00,-5.43,-3.68,-2.25,-0.56,-0.06
3676,28.12.2010 02:00:00,-5.43,-3.75,-2.25,-0.62,-0.06
3677,28.12.2010 03:00:00,-5.43,-3.68,-2.25,-0.62,-0.06
3678,28.12.2010 04:00:00,-5.43,-3.75,-2.25,-0.62,-0.06
3679,28.12.2010 05:00:00,-5.5,-3.75,-2.25,-0.62,-0.06
3680,28.12.2010 06:00:00,-5.5,-3.75,-2.31,-0.62,-0.06,3.534
3681,28.12.2010 07:00:00,-5.5,-3.75,-2.25,-0.62,-0.06
3682,28.12.2010 08:00:00,-5.5,-3.75,-2.31,-0.62,-0.06
3683,28.12.2010 09:00:00,-5.5,-3.75,-2.31,-0.62,-0.06
3684,28.12.2010 10:00:00,-5.5,-3.75,-2.31,-0.62,-0.06
3685,28.12.2010 11:00:00,-5.5,-3.75,-2.31,-0.62,-0.06
3686,28.12.2010 12:00:00,-5.56,-3.81,-2.31,-0.62,-0.06,3.529
3687,28.12.2010 13:00:00,-5.56,-3.81,-2.31,-0.68,-0.06
3688,28.12.2010 14:00:00,-5.56,-3.81,-2.31,-0.68,-0.06
3689,28.12.2010 15:00:00,-5.56,-3.81,-2.31,-0.68,-0.06
3690,28.12.2010 16:00:00,-5.56,-3.81,-2.37,-0.62,-0.06
3691,28.12.2010 17:00:00,-5.56,-3.81,-2.37,-0.68,-0.06
3692,28.12.2010 18:00:00,-5.62,-3.81,-2.31,-0.68,-0.06,3.529
3693,28.12.2010 19:00:00,-5.56,-3.81,-2.37,-0.68,-0.06
3694,28.12.2010 20:00:00,-5.62,-3.81,-2.37,-0.68,-0.06
3695,28.12.2010 21:00:00,-5.62,-3.87,-2.37,-0.68,-0.06
3696,28.12.2010 22:00:00,-5.62,-3.87,-2.37,-0.68,-0.06
3697,28.12.2010 23:00:00,-5.62,-3.87,-2.37,-0.68,-0.06
3698,29.12.2010 00:00:00,-5.62,-3.87,-2.37,-0.68,-0.06,3.530
3699,29.12.2010 01:00:00,-5.62,-3.87,-2.37,-0.75,-0.06
3700,29.12.2010 02:00:00,-5.62,-3.87,-2.37,-0.68,-0.06
3701,29.12.2010 03:00:00,-5.62,-3.87,-2.43,-0.68,-0.06
3702,29.12.2010 04:00:00,-5.62,-3.87,-2.37,-0.75,-0.06
3703,29.12.2010 05:00:00,-5.62,-3.93,-2.43,-0.75,-0.06
3704,29.12.2010 06:00:00,-5.62,-3.93,-2.43,-0.75,-0.06,3.530
3705,29.12.2010 07:00:00,-5.62,-3.93,-2.43,-0.75,-0.06
3706,29.12.2010 08:00:00,-5.68,-3.93,-2.43,-0.75,-0.06
3707,29.12.2010 09:00:00,-5.68,-3.93,-2.43,-0.75,-0.06
3708,29.12.2010 10:00:00,-5.68,-3.93,-2.43,-0.75,-0.06
3709,29.12.2010 11:00:00,-5.68,-3.93,-2.43,-0.75,-0.06
3710,29.12.2010 12:00:00,-5.68,-3.93,-2.43,-0.75,-0.06,3.533
3711,29.12.2010 13:00:00,-5.68,-3.93,-2.5,-0.81,-0.06
3712,29.12.2010 14:00:00,-5.68,-3.93,-2.5,-0.75,-0.06
3713,29.12.2010 15:00:00,-5.75,-4,-2.5,-0.81,-0.06
3714,29.12.2010 16:00:00,-5.75,-3.93,-2.5,-0.81,-0.06
3715,29.12.2010 17:00:00,-5.75,-3.93,-2.5,-0.81,-0.06
3716,29.12.2010 18:00:00,-5.75,-4,-2.5,-0.81,-0.06,3.529
3717,29.12.2010 19:00:00,-5.75,-4,-2.5,-0.81,-0.06
3718,29.12.2010 20:00:00,-5.75,-4,-2.5,-0.81,-0.06
3719,29.12.2010 21:00:00,-5.75,-4,-2.5,-0.81,-0.06
3720,29.12.2010 22:00:00,-5.75,-4,-2.5,-0.81,-0.06
3721,29.12.2010 23:00:00,-5.75,-4,-2.5,-0.81,-0.06
3722,30.12.2010 00:00:00,-5.75,-4,-2.5,-0.81,-0.06,3.534
3723,30.12.2010 01:00:00,-5.75,-4,-2.56,-0.81,-0.06
3724,30.12.2010 02:00:00,-5.75,-4.06,-2.56,-0.81,-0.06
3725,30.12.2010 03:00:00,-5.75,-4,-2.56,-0.87,-0.06
3726,30.12.2010 04:00:00,-5.75,-4,-2.56,-0.87,-0.06
3727,30.12.2010 05:00:00,-5.75,-4.06,-2.56,-0.87,-0.06
3728,30.12.2010 06:00:00,-5.75,-4.06,-2.56,-0.87,-0.06,3.535
3729,30.12.2010 07:00:00,-5.75,-4.06,-2.56,-0.87,-0.06
3730,30.12.2010 08:00:00,-5.75,-4.06,-2.56,-0.87,-0.06
3731,30.12.2010 09:00:00,-5.81,-4.06,-2.56,-0.87,-0.06
3732,30.12.2010 10:00:00,-5.81,-4.06,-2.62,-0.87,-0.06
3733,30.12.2010 11:00:00,-5.81,-4.06,-2.62,-0.93,-0.06
3734,30.12.2010 12:00:00,-5.81,-4.06,-2.56,-0.87,-0.06,3.527
3735,30.12.2010 13:00:00,-5.87,-4.06,-2.62,-0.87,-0.06
3736,30.12.2010 14:00:00,-5.81,-4.06,-2.62,-0.93,-0.06
3737,30.12.2010 15:00:00,-5.81,-4.06,-2.62,-0.93,-0.06
3738,30.12.2010 16:00:00,-5.87,-4.06,-2.62,-0.93,-0.06
3739,30.12.2010 17:00:00,-5.87,-4.12,-2.62,-0.93,-0.06
3740,30.12.2010 18:00:00,-5.87,-4.12,-2.62,-0.93,-0.06,3.533
3741,30.12.2010 19:00:00,-5.87,-4.12,-2.62,-0.93,-0.06
3742,30.12.2010 20:00:00,-5.87,-4.12,-2.62,-0.93,-0.06
3743,30.12.2010 21:00:00,-5.87,-4.12,-2.62,-0.93,-0.06
3744,30.12.2010 22:00:00,-5.87,-4.12,-2.62,-0.93,-0.06
3745,30.12.2010 23:00:00,-5.87,-4.12,-2.62,-0.93,-0.06
3746,31.12.2010 00:00:00,-5.87,-4.12,-2.68,-0.93,-0.06,3.527
3747,31.12.2010 01:00:00,-5.87,-4.18,-2.68,-0.93,-0.06
3748,31.12.2010 02:00:00,-5.87,-4.18,-2.68,-1,-0.06
3749,31.12.2010 03:00:00,-5.87,-4.18,-2.68,-1,-0.06
3750,31.12.2010 04:00:00,-5.87,-4.18,-2.68,-1,-0.06
3751,31.12.2010 05:00:00,-5.87,-4.18,-2.68,-1,-0.06
3752,31.12.2010 06:00:00,-5.93,-4.18,-2.68,-1,-0.06,3.533
3753,31.12.2010 07:00:00,-5.93,-4.18,-2.68,-1,-0.06
3754,31.12.2010 08:00:00,-5.93,-4.18,-2.68,-1,-0.06
3755,31.12.2010 09:00:00,-5.93,-4.18,-2.75,-1,-0.06
3756,31.12.2010 10:00:00,-5.93,-4.18,-2.75,-1,-0.06
3757,31.12.2010 11:00:00,-5.93,-4.18,-2.68,-1,-0.06
3758,31.12.2010 12:00:00,-5.93,-4.18,-2.75,-1.06,-0.06,3.527
3759,31.12.2010 13:00:00,-6,-4.18,-2.75,-1.06,-0.06
3760,31.12.2010 14:00:00,-6,-4.25,-2.68,-1.06,-0.06
3761,31.12.2010 15:00:00,-6,-4.25,-2.75,-1.06,-0.06
3762,31.12.2010 16:00:00,-6,-4.25,-2.75,-1.06,-0.06
3763,31.12.2010 17:00:00,-6,-4.25,-2.75,-1.06,-0.06
3764,31.12.2010 18:00:00,-6,-4.25,-2.75,-1.06,-0.06,3.527
3765,31.12.2010 19:00:00,-6,-4.25,-2.75,-1.06,-0.06
3766,31.12.2010 20:00:00,-6,-4.25,-2.81,-1.06,-0.06
3767,31.12.2010 21:00:00,-6,-4.25,-2.81,-1.06,-0.06
3768,31.12.2010 22:00:00,-6.06,-4.31,-2.81,-1.06,-0.06
3769,31.12.2010 23:00:00,-6,-4.31,-2.81,-1.06,-0.06
3770,01.01.2011 00:00:00,-6,-4.31,-2.81,-1.06,-0.06,3.526
3771,01.01.2011 01:00:00,-6.06,-4.31,-2.81,-1.12,-0.06
3772,01.01.2011 02:00:00,-6,-4.31,-2.81,-1.12,-0.06
3773,01.01.2011 03:00:00,-6.06,-4.31,-2.81,-1.12,-0.06
3774,01.01.2011 04:00:00,-6.06,-4.31,-2.81,-1.12,-0.06
3775,01.01.2011 05:00:00,-6.06,-4.31,-2.81,-1.12,-0.06
3776,01.01.2011 06:00:00,-6.06,-4.31,-2.81,-1.12,-0.06,3.533
3777,01.01.2011 07:00:00,-6.06,-4.31,-2.81,-1.12,-0.06
3778,01.01.2011 08:00:00,-6.06,-4.31,-2.87,-1.12,-0.06
3779,01.01.2011 09:00:00,-6.06,-4.31,-2.87,-1.12,-0.06
3780,01.01.2011 10:00:00,-6.12,-4.31,-2.81,-1.12,-0.06
3781,01.01.2011 11:00:00,-6.12,-4.37,-2.87,-1.12,-0.06
3782,01.01.2011 12:00:00,-6.12,-4.37,-2.87,-1.12,-0.06,3.530
3783,01.01.2011 13:00:00,-6.12,-4.37,-2.87,-1.18,-0.06
3784,01.01.2011 14:00:00,-6.12,-4.37,-2.87,-1.18,-0.06
3785,01.01.2011 15:00:00,-6.12,-4.37,-2.87,-1.18,-0.06
3786,01.01.2011 16:00:00,-6.12,-4.37,-2.87,-1.18,-0.06
3787,01.01.2011 17:00:00,-6.18,-4.37,-2.87,-1.18,-0.06
3788,01.01.2011 18:00:00,-6.18,-4.37,-2.87,-1.18,-0.06,3.530
3789,01.01.2011 19:00:00,-6.18,-4.43,-2.93,-1.18,-0.06
3790,01.01.2011 20:00:00,-6.18,-4.43,-2.87,-1.18,-0.06
3791,01.01.2011 21:00:00,-6.18,-4.43,-2.87,-1.18,-0.06
3792,01.01.2011 22:00:00,-6.18,-4.43,-2.93,-1.25,-0.06
3793,01.01.2011 23:00:00,-6.18,-4.43,-2.93,-1.18,-0.06
3794,02.01.2011 00:00:00,-6.18,-4.43,-2.93,-1.25,-0.06,3.524
3795,02.01.2011 01:00:00,-6.18,-4.43,-2.93,-1.18,-0.06
3796,02.01.2011 02:00:00,-6.18,-4.43,-2.93,-1.25,-0.06
3797,02.01.2011 03:00:00,-6.18,-4.43,-2.93,-1.25,-0.06
3798,02.01.2011 04:00:00,-6.18,-4.43,-2.93,-1.25,-0.06
3799,02.01.2011 05:00:00,-6.18,-4.43,-2.93,-1.25,-0.06
3800,02.01.2011 06:00:00,-6.25,-4.5,-3,-1.25,-0.06,3.531
3801,02.01.2011 07:00:00,-6.18,-4.5,-3,-1.25,-0.06
3802,02.01.2011 08:00:00,-6.18,-4.5,-3,-1.25,-0.06
3803,02.01.2011 09:00:00,-6.18,-4.43,-3,-1.25,-0.06
3804,02.01.2011 10:00:00,-6.25,-4.5,-3,-1.31,-0.06
3805,02.01.2011 11:00:00,-6.25,-4.5,-3,-1.31,-0.06
3806,02.01.2011 12:00:00,-6.25,-4.5,-3,-1.31,-0.06,3.528
3807,02.01.2011 13:00:00,-6.25,-4.5,-3,-1.31,-0.06
3808,02.01.2011 14:00:00,-6.25,-4.5,-3,-1.31,-0.06
3809,02.01.2011 15:00:00,-6.25,-4.5,-3,-1.31,-0.06
3810,02.01.2011 16:00:00,-6.31,-4.56,-3,-1.31,-0.06
3811,02.01.2011 17:00:00,-6.31,-4.5,-3.06,-1.31,-0.06
3812,02.01.2011 18:00:00,-6.31,-4.56,-3,-1.31,-0.06,3.531
3813,02.01.2011 19:00:00,-6.31,-4.56,-3.06,-1.31,-0.06
3814,02.01.2011 20:00:00,-6.31,-4.56,-3.06,-1.31,-0.06
3815,02.01.2011 21:00:00,-6.37,-4.56,-3.06,-1.31,-0.06
3816,02.01.2011 22:00:00,-6.31,-4.56,-3.06,-1.31,-0.06
3817,02.01.2011 23:00:00,-6.37,-4.56,-3.06,-1.37,-0.06
3818,03.01.2011 00:00:00,-6.37,-4.56,-3.06,-1.37,-0.06,3.526
3819,03.01.2011 01:00:00,-6.31,-4.56,-3.06,-1.37,-0.06
3820,03.01.2011 02:00:00,-6.31,-4.56,-3.06,-1.37,-0.06
3821,03.01.2011 03:00:00,-6.31,-4.62,-3.06,-1.37,-0.06
3822,03.01.2011 04:00:00,-6.31,-4.56,-3.06,-1.37,-0.06
3823,03.01.2011 05:00:00,-6.31,-4.62,-3.06,-1.37,-0.06
3824,03.01.2011 06:00:00,-6.37,-4.56,-3.12,-1.37,-0.06,3.530
3825,03.01.2011 07:00:00,-6.31,-4.62,-3.12,-1.37,-0.06
3826,03.01.2011 08:00:00,-6.37,-4.62,-3.12,-1.43,-0.06
3827,03.01.2011 09:00:00,-6.31,-4.62,-3.12,-1.37,-0.06
3828,03.01.2011 10:00:00,-6.37,-4.62,-3.12,-1.37,-0.06
3829,03.01.2011 11:00:00,-6.37,-4.62,-3.12,-1.37,-0.06
3830,03.01.2011 12:00:00,-6.37,-4.62,-3.12,-1.43,-0.06,3.523
3831,03.01.2011 13:00:00,-6.37,-4.62,-3.12,-1.43,-0.06
3832,03.01.2011 14:00:00,-6.37,-4.62,-3.12,-1.43,-0.06
3833,03.01.2011 15:00:00,-6.31,-4.62,-3.18,-1.43,-0.06
3834,03.01.2011 16:00:00,-6.31,-4.62,-3.18,-1.43,-0.06
3835,03.01.2011 17:00:00,-6.31,-4.62,-3.12,-1.43,-0.06
3836,03.01.2011 18:00:00,-6.31,-4.68,-3.12,-1.43,-0.06,3.524
3837,03.01.2011 19:00:00,-6.31,-4.62,-3.12,-1.5,-0.06
3838,03.01.2011 20:00:00,-6.31,-4.62,-3.18,-1.43,-0.06
3839,03.01.2011 21:00:00,-6.25,-4.62,-3.18,-1.5,-0.06
3840,03.01.2011 22:00:00,-6.25,-4.62,-3.18,-1.5,-0.06
3841,03.01.2011 23:00:00,-6.25,-4.68,-3.18,-1.5,-0.06
3842,04.01.2011 00:00:00,-6.18,-4.68,-3.18,-1.5,-0.06,3.526
3843,04.01.2011 01:00:00,-6.18,-4.62,-3.18,-1.5,-0.06
3844,04.01.2011 02:00:00,-6.18,-4.62,-3.18,-1.5,-0.06
3845,04.01.2011 03:00:00,-6.12,-4.62,-3.18,-1.5,-0.06
3846,04.01.2011 04:00:00,-6.12,-4.62,-3.18,-1.5,-0.06
3847,04.01.2011 05:00:00,-6.12,-4.62,-3.18,-1.5,-0.06
3848,04.01.2011 06:00:00,-6.06,-4.62,-3.18,-1.5,-0.06,3.526
3849,04.01.2011 07:00:00,-6.06,-4.62,-3.18,-1.5,-0.06
3850,04.01.2011 08:00:00,-6.06,-4.62,-3.18,-1.56,-0.06
3851,04.01.2011 09:00:00,-6.06,-4.62,-3.18,-1.56,-0.06
3852,04.01.2011 10:00:00,-6,-4.56,-3.18,-1.56,-0.06
3853,04.01.2011 11:00:00,-6,-4.62,-3.25,-1.56,-0.06
3854,04.01.2011 12:00:00,-6,-4.56,-3.18,-1.56,-0.06,3.525
3855,04.01.2011 13:00:00,-6,-4.56,-3.18,-1.56,-0.06
3856,04.01.2011 14:00:00,-6,-4.56,-3.18,-1.56,-0.06
3857,04.01.2011 15:00:00,-5.93,-4.56,-3.18,-1.56,-0.06
3858,04.01.2011 16:00:00,-5.93,-4.56,-3.25,-1.56,-0.06
3859,04.01.2011 17:00:00,-5.93,-4.56,-3.18,-1.56,-0.06
3860,04.01.2011 18:00:00,-5.93,-4.56,-3.18,-1.56,-0.06,3.532
3861,04.01.2011 19:00:00,-5.93,-4.5,-3.18,-1.56,-0.06
3862,04.01.2011 20:00:00,-5.93,-4.56,-3.18,-1.56,-0.06
3863,04.01.2011 21:00:00,-5.93,-4.5,-3.18,-1.56,-0.06
3864,04.01.2011 22:00:00,-5.93,-4.5,-3.18,-1.62,-0.06
3865,04.01.2011 23:00:00,-5.93,-4.5,-3.18,-1.56,-0.06
3866,05.01.2011 00:00:00,-5.93,-4.5,-3.18,-1.62,-0.06,3.530
3867,05.01.2011 01:00:00,-5.93,-4.5,-3.18,-1.62,-0.06
3868,05.01.2011 02:00:00,-5.87,-4.5,-3.18,-1.56,-0.06
3869,05.01.2011 03:00:00,-5.87,-4.5,-3.18,-1.62,-0.06
3870,05.01.2011 04:00:00,-5.87,-4.5,-3.18,-1.62,-0.06
3871,05.01.2011 05:00:00,-5.87,-4.5,-3.18,-1.56,-0.06
3872,05.01.2011 06:00:00,-5.87,-4.5,-3.18,-1.62,-0.06,3.528
3873,05.01.2011 07:00:00,-5.87,-4.43,-3.18,-1.62,-0.06
3874,05.01.2011 08:00:00,-5.81,-4.43,-3.18,-1.62,-0.06
3875,05.01.2011 09:00:00,-5.81,-4.43,-3.18,-1.62,-0.06
3876,05.01.2011 10:00:00,-5.81,-4.43,-3.18,-1.62,-0.06
3877,05.01.2011 11:00:00,-5.81,-4.43,-3.18,-1.62,-0.06
3878,05.01.2011 12:00:00,-5.81,-4.43,-3.18,-1.62,-0.06,3.529
3879,05.01.2011 13:00:00,-5.75,-4.43,-3.25,-1.62,-0.06
3880,05.01.2011 14:00:00,-5.75,-4.37,-3.18,-1.62,-0.06
3881,05.01.2011 15:00:00,-5.75,-4.43,-3.18,-1.62,-0.06
3882,05.01.2011 16:00:00,-5.75,-4.43,-3.18,-1.62,-0.06
3883,05.01.2011 17:00:00,-5.68,-4.37,-3.18,-1.68,-0.06
3884,05.01.2011 18:00:00,-5.68,-4.37,-3.18,-1.62,-0.06,3.529
3885,05.01.2011 19:00:00,-5.68,-4.37,-3.18,-1.62,-0.06
3886,05.01.2011 20:00:00,-5.68,-4.37,-3.18,-1.62,-0.06
3887,05.01.2011 21:00:00,-5.62,-4.37,-3.18,-1.62,-0.06
3888,05.01.2011 22:00:00,-5.62,-4.37,-3.18,-1.68,-0.06
3889,05.01.2011 23:00:00,-5.62,-4.37,-3.18,-1.68,-0.06
3890,06.01.2011 00:00:00,-5.62,-4.37,-3.12,-1.62,-0.06,3.529
3891,06.01.2011 01:00:00,-5.62,-4.31,-3.18,-1.62,-0.06
3892,06.01.2011 02:00:00,-5.62,-4.31,-3.18,-1.68,-0.06
3893,06.01.2011 03:00:00,-5.56,-4.31,-3.12,-1.68,-0.06
3894,06.01.2011 04:00:00,-5.62,-4.37,-3.18,-1.68,-0.06
3895,06.01.2011 05:00:00,-5.56,-4.31,-3.12,-1.68,-0.06
3896,06.01.2011 06:00:00,-5.56,-4.31,-3.12,-1.68,-0.06,3.535
3897,06.01.2011 07:00:00,-5.56,-4.25,-3.12,-1.68,-0.06
3898,06.01.2011 08:00:00,-5.56,-4.31,-3.12,-1.68,-0.06
3899,06.01.2011 09:00:00,-5.56,-4.31,-3.18,-1.68,-0.06
3900,06.01.2011 10:00:00,-5.62,-4.31,-3.12,-1.68,-0.06
3901,06.01.2011 11:00:00,-5.62,-4.31,-3.12,-1.68,-0.06
3902,06.01.2011 12:00:00,-5.62,-4.31,-3.12,-1.68,-0.06,3.529
3903,06.01.2011 13:00:00,-5.62,-4.25,-3.12,-1.68,-0.06
3904,06.01.2011 14:00:00,-5.62,-4.31,-3.12,-1.68,-0.06
3905,06.01.2011 15:00:00,-5.62,-4.31,-3.12,-1.68,-0.06
3906,06.01.2011 16:00:00,-5.62,-4.31,-3.12,-1.68,-0.06
3907,06.01.2011 17:00:00,-5.68,-4.31,-3.12,-1.68,-0.06
3908,06.01.2011 18:00:00,-5.68,-4.25,-3.12,-1.68,-0.06,3.533
3909,06.01.2011 19:00:00,-5.75,-4.31,-3.12,-1.68,-0.06
3910,06.01.2011 20:00:00,-5.68,-4.31,-3.12,-1.68,-0.06
3911,06.01.2011 21:00:00,-5.68,-4.31,-3.12,-1.68,-0.06
3912,06.01.2011 22:00:00,-5.75,-4.31,-3.12,-1.68,-0.06
3913,06.01.2011 23:00:00,-5.75,-4.31,-3.12,-1.68,-0.06
3914,07.01.2011 00:00:00,-5.75,-4.31,-3.12,-1.68,-0.06,3.534
3915,07.01.2011 01:00:00,-5.75,-4.31,-3.12,-1.68,-0.06
3916,07.01.2011 02:00:00,-5.75,-4.31,-3.12,-1.68,-0.06
3917,07.01.2011 03:00:00,-5.75,-4.31,-3.12,-1.68,-0.06
3918,07.01.2011 04:00:00,-5.75,-4.31,-3.12,-1.68,-0.06
3919,07.01.2011 05:00:00,-5.81,-4.31,-3.12,-1.68,-0.06
3920,07.01.2011 06:00:00,-5.81,-4.31,-3.12,-1.68,-0.06,3.527
3921,07.01.2011 07:00:00,-5.81,-4.31,-3.12,-1.68,-0.06
3922,07.01.2011 08:00:00,-5.81,-4.37,-3.12,-1.68,-0.06
3923,07.01.2011 09:00:00,-5.81,-4.37,-3.12,-1.75,-0.06
3924,07.01.2011 10:00:00,-5.81,-4.37,-3.12,-1.75,-0.06
3925,07.01.2011 11:00:00,-5.81,-4.37,-3.12,-1.68,-0.06
3926,07.01.2011 12:00:00,-5.81,-4.37,-3.12,-1.75,-0.06,3.532
3927,07.01.2011 13:00:00,-5.87,-4.37,-3.12,-1.68,-0.06
3928,07.01.2011 14:00:00,-5.87,-4.37,-3.12,-1.68,-0.06
3929,07.01.2011 15:00:00,-5.87,-4.37,-3.12,-1.75,-0.06
3930,07.01.2011 16:00:00,-5.87,-4.37,-3.18,-1.75,-0.06
3931,07.01.2011 17:00:00,-5.87,-4.37,-3.18,-1.75,-0.06
3932,07.01.2011 18:00:00,-5.87,-4.43,-3.18,-1.75,-0.06,3.526
3933,07.01.2011 19:00:00,-5.87,-4.43,-3.18,-1.75,-0.06
3934,07.01.2011 20:00:00,-5.87,-4.37,-3.18,-1.75,-0.06
3935,07.01.2011 21:00:00,-5.87,-4.43,-3.18,-1.75,-0.06
3936,07.01.2011 22:00:00,-5.87,-4.43,-3.18,-1.75,-0.06
3937,07.01.2011 23:00:00,-5.93,-4.43,-3.18,-1.75,-0.06
3938,08.01.2011 00:00:00,-5.87,-4.43,-3.18,-1.75,-0.06,3.530
3939,08.01.2011 01:00:00,-5.87,-4.43,-3.18,-1.75,-0.06
3940,08.01.2011 02:00:00,-5.87,-4.43,-3.18,-1.75,-0.06
3941,08.01.2011 03:00:00,-5.87,-4.43,-3.18,-1.75,-0.06
3942,08.01.2011 04:00:00,-5.87,-4.43,-3.18,-1.75,-0.06
3943,08.01.2011 05:00:00,-5.93,-4.43,-3.18,-1.75,-0.06
3944,08.01.2011 06:00:00,-5.93,-4.43,-3.25,-1.75,-0.06,3.526
3945,08.01.2011 07:00:00,-5.93,-4.43,-3.18,-1.75,-0.06
3946,08.01.2011 08:00:00,-5.93,-4.43,-3.25,-1.75,-0.06
3947,08.01.2011 09:00:00,-5.93,-4.43,-3.18,-1.81,-0.06
3948,08.01.2011 10:00:00,-5.93,-4.5,-3.25,-1.75,-0.06
3949,08.01.2011 11:00:00,-5.93,-4.43,-3.18,-1.75,-0.06
3950,08.01.2011 12:00:00,-5.93,-4.43,-3.25,-1.81,-0.06,3.525
3951,08.01.2011 13:00:00,-6,-4.5,-3.18,-1.75,-0.06
3952,08.01.2011 14:00:00,-6,-4.5,-3.25,-1.81,-0.06
3953,08.01.2011 15:00:00,-6,-4.5,-3.25,-1.81,-0.06
3954,08.01.2011 16:00:00,-6,-4.5,-3.25,-1.81,-0.06
3955,08.01.2011 17:00:00,-6.06,-4.5,-3.25,-1.81,-0.06
3956,08.01.2011 18:00:00,-6.06,-4.56,-3.25,-1.81,-0.06,3.524
3957,08.01.2011 19:00:00,-6.06,-4.5,-3.25,-1.81,-0.06
3958,08.01.2011 20:00:00,-6.06,-4.5,-3.25,-1.81,-0.06
3959,08.01.2011 21:00:00,-6.06,-4.56,-3.25,-1.81,-0.06
3960,08.01.2011 22:00:00,-6.12,-4.56,-3.25,-1.81,-0.06
3961,08.01.2011 23:00:00,-6.12,-4.56,-3.31,-1.81,-0.06
3962,09.01.2011 00:00:00,-6.12,-4.5,-3.31,-1.81,-0.06,3.530
3963,09.01.2011 01:00:00,-6.12,-4.56,-3.25,-1.81,-0.06
3964,09.01.2011 02:00:00,-6.18,-4.56,-3.25,-1.81,-0.06
3965,09.01.2011 03:00:00,-6.18,-4.62,-3.31,-1.81,-0.06
3966,09.01.2011 04:00:00,-6.18,-4.56,-3.31,-1.81,-0.06
3967,09.01.2011 05:00:00,-6.18,-4.62,-3.31,-1.81,-0.06
3968,09.01.2011 06:00:00,-6.18,-4.62,-3.31,-1.87,-0.06,3.528
3969,09.01.2011 07:00:00,-6.18,-4.62,-3.31,-1.87,-0.06
3970,09.01.2011 08:00:00,-6.18,-4.62,-3.31,-1.87,-0.06
3971,09.01.2011 09:00:00,-6.25,-4.62,-3.31,-1.87,-0.06
3972,09.01.2011 10:00:00,-6.25,-4.62,-3.31,-1.87,-0.06
3973,09.01.2011 11:00:00,-6.25,-4.62,-3.31,-1.87,-0.06
3974,09.01.2011 12:00:00,-6.25,-4.62,-3.37,-1.87,-0.06,3.529
3975,09.01.2011 13:00:00,-6.25,-4.68,-3.31,-1.87,-0.12
3976,09.01.2011 14:00:00,-6.31,-4.68,-3.37,-1.87,-0.06
3977,09.01.2011 15:00:00,-6.31,-4.68,-3.37,-1.87,-0.06
3978,09.01.2011 16:00:00,-6.31,-4.68,-3.37,-1.87,-0.06
3979,09.01.2011 17:00:00,-6.31,-4.68,-3.37,-1.87,-0.06
3980,09.01.2011 18:00:00,-6.37,-4.68,-3.37,-1.87,-0.06,3.522
3981,09.01.2011 19:00:00,-6.37,-4.68,-3.37,-1.87,-0.06
3982,09.01.2011 20:00:00,-6.37,-4.68,-3.37,-1.93,-0.06
3983,09.01.2011 21:00:00,-6.37,-4.75,-3.37,-1.87,-0.06
3984,09.01.2011 22:00:00,-6.37,-4.75,-3.37,-1.87,-0.06
3985,09.01.2011 23:00:00,-6.43,-4.75,-3.43,-1.93,-0.06
3986,10.01.2011 00:00:00,-6.43,-4.75,-3.37,-1.93,-0.06,3.527
3987,10.01.2011 01:00:00,-6.43,-4.75,-3.43,-1.93,-0.12
3988,10.01.2011 02:00:00,-6.43,-4.75,-3.37,-1.93,-0.06
3989,10.01.2011 03:00:00,-6.43,-4.75,-3.43,-1.93,-0.06
3990,10.01.2011 04:00:00,-6.43,-4.81,-3.43,-1.93,-0.06
3991,10.01.2011 05:00:00,-6.43,-4.81,-3.43,-1.93,-0.12
3992,10.01.2011 06:00:00,-6.43,-4.81,-3.43,-1.93,-0.12,3.526
3993,10.01.2011 07:00:00,-6.43,-4.81,-3.43,-1.93,-0.12
3994,10.01.2011 08:00:00,-6.43,-4.81,-3.43,-1.93,-0.12
3995,10.01.2011 09:00:00,-6.43,-4.81,-3.43,-1.93,-0.06
3996,10.01.2011 10:00:00,-6.43,-4.87,-3.43,-1.93,-0.06
3997,10.01.2011 11:00:00,-6.43,-4.87,-3.5,-1.93,-0.12
3998,10.01.2011 12:00:00,-6.5,-4.87,-3.5,-1.93,-0.12,3.527
3999,10.01.2011 13:00:00,-6.5,-4.87,-3.5,-2,-0.06
4000,10.01.2011 14:00:00,-6.5,-4.87,-3.5,-1.93,-0.06
4001,10.01.2011 15:00:00,-6.5,-4.87,-3.5,-2,-0.06
4002,10.01.2011 16:00:00,-6.5,-4.87,-3.5,-2,-0.12
4003,10.01.2011 17:00:00,-6.5,-4.87,-3.5,-1.93,-0.12
4004,10.01.2011 18:00:00,-6.5,-4.87,-3.5,-2,-0.12,3.524
4005,10.01.2011 19:00:00,-6.56,-4.87,-3.5,-2,-0.12
4006,10.01.2011 20:00:00,-6.56,-4.87,-3.5,-2,-0.12
4007,10.01.2011 21:00:00,-6.56,-4.87,-3.5,-2,-0.12
4008,10.01.2011 22:00:00,-6.56,-4.93,-3.5,-2,-0.12
4009,10.01.2011 23:00:00,-6.56,-4.93,-3.56,-2,-0.12
4010,11.01.2011 00:00:00,-6.56,-4.93,-3.56,-2,-0.12,3.527
4011,11.01.2011 01:00:00,-6.56,-4.93,-3.56,-2,-0.12
4012,11.01.2011 02:00:00,-6.56,-4.93,-3.56,-2,-0.12
4013,11.01.2011 03:00:00,-6.56,-4.93,-3.56,-2,-0.12
4014,11.01.2011 04:00:00,-6.56,-4.93,-3.56,-2,-0.12
4015,11.01.2011 05:00:00,-6.56,-4.93,-3.56,-2,-0.12
4016,11.01.2011 06:00:00,-6.56,-4.93,-3.56,-2.06,-0.12,3.520
4017,11.01.2011 07:00:00,-6.56,-4.93,-3.62,-2.06,-0.12
4018,11.01.2011 08:00:00,-6.56,-4.93,-3.62,-2.06,-0.12
4019,11.01.2011 09:00:00,-6.56,-4.93,-3.62,-2.06,-0.12
4020,11.01.2011 10:00:00,-6.56,-4.93,-3.62,-2.06,-0.12
4021,11.01.2011 11:00:00,-6.56,-5,-3.56,-2.06,-0.12
4022,11.01.2011 12:00:00,-6.56,-5,-3.62,-2.06,-0.12,3.521
4023,11.01.2011 13:00:00,-6.56,-5,-3.62,-2.06,-0.12
4024,11.01.2011 14:00:00,-6.62,-5,-3.62,-2.06,-0.12
4025,11.01.2011 15:00:00,-6.62,-5,-3.62,-2.06,-0.12
4026,11.01.2011 16:00:00,-6.62,-5,-3.62,-2.06,-0.12
4027,11.01.2011 17:00:00,-6.62,-5,-3.62,-2.06,-0.12
4028,11.01.2011 18:00:00,-6.68,-5,-3.62,-2.06,-0.12,3.522
4029,11.01.2011 19:00:00,-6.68,-5,-3.62,-2.12,-0.12
4030,11.01.2011 20:00:00,-6.68,-5,-3.62,-2.06,-0.12
4031,11.01.2011 21:00:00,-6.68,-5,-3.62,-2.12,-0.12
4032,11.01.2011 22:00:00,-6.62,-5,-3.68,-2.12,-0.12
4033,11.01.2011 23:00:00,-6.68,-5.06,-3.68,-2.12,-0.12
4034,12.01.2011 00:00:00,-6.68,-5.06,-3.68,-2.12,-0.12,3.520
4035,12.01.2011 01:00:00,-6.68,-5.06,-3.68,-2.12,-0.12
4036,12.01.2011 02:00:00,-6.68,-5.06,-3.68,-2.12,-0.12
4037,12.01.2011 03:00:00,-6.68,-5.06,-3.68,-2.12,-0.12
4038,12.01.2011 04:00:00,-6.68,-5.06,-3.68,-2.12,-0.12
4039,12.01.2011 05:00:00,-6.68,-5.06,-3.68,-2.12,-0.12
4040,12.01.2011 06:00:00,-6.68,-5.06,-3.68,-2.12,-0.12,3.521
4041,12.01.2011 07:00:00,-6.68,-5.06,-3.68,-2.12,-0.18
4042,12.01.2011 08:00:00,-6.68,-5.06,-3.68,-2.12,-0.12
4043,12.01.2011 09:00:00,-6.68,-5.06,-3.68,-2.18,-0.18
4044,12.01.2011 10:00:00,-6.68,-5.06,-3.68,-2.12,-0.12
4045,12.01.2011 11:00:00,-6.75,-5.12,-3.75,-2.18,-0.12
4046,12.01.2011 12:00:00,-6.75,-5.12,-3.75,-2.18,-0.18,3.526
4047,12.01.2011 13:00:00,-6.75,-5.12,-3.75,-2.12,-0.18
4048,12.01.2011 14:00:00,-6.75,-5.12,-3.75,-2.18,-0.12
4049,12.01.2011 15:00:00,-6.75,-5.12,-3.75,-2.18,-0.12
4050,12.01.2011 16:00:00,-6.75,-5.12,-3.75,-2.18,-0.18
4051,12.01.2011 17:00:00,-6.81,-5.12,-3.75,-2.18,-0.18
4052,12.01.2011 18:00:00,-6.81,-5.12,-3.75,-2.18,-0.18,3.523
4053,12.01.2011 19:00:00,-6.81,-5.12,-3.75,-2.18,-0.18
4054,12.01.2011 20:00:00,-6.81,-5.12,-3.81,-2.18,-0.18
4055,12.01.2011 21:00:00,-6.81,-5.18,-3.75,-2.25,-0.18
4056,12.01.2011 22:00:00,-6.81,-5.18,-3.81,-2.18,-0.18
4057,12.01.2011 23:00:00,-6.87,-5.18,-3.75,-2.18,-0.18
4058,13.01.2011 00:00:00,-6.81,-5.18,-3.81,-2.25,-0.18,3.519
4059,13.01.2011 01:00:00,-6.81,-5.18,-3.81,-2.25,-0.18
4060,13.01.2011 02:00:00,-6.87,-5.18,-3.81,-2.25,-0.18
4061,13.01.2011 03:00:00,-6.87,-5.18,-3.81,-2.25,-0.18
4062,13.01.2011 04:00:00,-6.87,-5.18,-3.81,-2.25,-0.18
4063,13.01.2011 05:00:00,-6.87,-5.18,-3.81,-2.25,-0.18
4064,13.01.2011 06:00:00,-6.87,-5.25,-3.81,-2.25,-0.18,3.519
4065,13.01.2011 07:00:00,-6.87,-5.18,-3.87,-2.25,-0.18
4066,13.01.2011 08:00:00,-6.87,-5.25,-3.81,-2.25,-0.18
4067,13.01.2011 09:00:00,-6.93,-5.25,-3.81,-2.25,-0.18
4068,13.01.2011 10:00:00,-6.93,-5.25,-3.87,-2.25,-0.18
4069,13.01.2011 11:00:00,-6.93,-5.25,-3.87,-2.25,-0.18
4070,13.01.2011 12:00:00,-6.93,-5.25,-3.81,-2.25,-0.18,3.518
4071,13.01.2011 13:00:00,-6.93,-5.25,-3.87,-2.25,-0.18
4072,13.01.2011 14:00:00,-6.93,-5.25,-3.87,-2.25,-0.18
4073,13.01.2011 15:00:00,-7,-5.25,-3.87,-2.25,-0.18
4074,13.01.2011 16:00:00,-7,-5.25,-3.87,-2.31,-0.18
4075,13.01.2011 17:00:00,-7,-5.31,-3.87,-2.31,-0.18
4076,13.01.2011 18:00:00,-7,-5.31,-3.87,-2.31,-0.18,3.519
4077,13.01.2011 19:00:00,-7.06,-5.31,-3.87,-2.31,-0.18
4078,13.01.2011 20:00:00,-7.06,-5.31,-3.87,-2.31,-0.18
4079,13.01.2011 21:00:00,-7.06,-5.31,-3.93,-2.31,-0.18
4080,13.01.2011 22:00:00,-7.06,-5.31,-3.93,-2.31,-0.25
4081,13.01.2011 23:00:00,-7.06,-5.31,-3.93,-2.31,-0.25
4082,14.01.2011 00:00:00,-7.06,-5.31,-3.93,-2.31,-0.18,3.522
4083,14.01.2011 01:00:00,-7.06,-5.37,-3.93,-2.31,-0.25
4084,14.01.2011 02:00:00,-7.06,-5.37,-3.93,-2.31,-0.18
4085,14.01.2011 03:00:00,-7.12,-5.37,-3.93,-2.31,-0.25
4086,14.01.2011 04:00:00,-7.06,-5.37,-3.93,-2.31,-0.25
4087,14.01.2011 05:00:00,-7.12,-5.37,-3.93,-2.37,-0.25
4088,14.01.2011 06:00:00,-7.12,-5.37,-3.93,-2.37,-0.25,3.517
4089,14.01.2011 07:00:00,-7.06,-5.37,-4,-2.37,-0.25
4090,14.01.2011 08:00:00,-7.12,-5.43,-4,-2.31,-0.25
4091,14.01.2011 09:00:00,-7.12,-5.43,-4,-2.37,-0.25
4092,14.01.2011 10:00:00,-7.12,-5.43,-4,-2.37,-0.25
4093,14.01.2011 11:00:00,-7.12,-5.43,-4,-2.37,-0.25
4094,14.01.2011 12:00:00,-7.12,-5.43,-4,-2.37,-0.25,3.523
4095,14.01.2011 13:00:00,-7.12,-5.43,-4,-2.37,-0.25
4096,14.01.2011 14:00:00,-7.12,-5.5,-4,-2.37,-0.25
4097,14.01.2011 15:00:00,-7.18,-5.43,-4,-2.37,-0.25
4098,14.01.2011 16:00:00,-7.18,-5.5,-4.06,-2.37,-0.25
4099,14.01.2011 17:00:00,-7.18,-5.5,-4.06,-2.37,-0.25
4100,14.01.2011 18:00:00,-7.18,-5.43,-4,-2.43,-0.25,3.524
4101,14.01.2011 19:00:00,-7.18,-5.43,-4.06,-2.37,-0.25
4102,14.01.2011 20:00:00,-7.18,-5.5,-4.06,-2.43,-0.25
4103,14.01.2011 21:00:00,-7.18,-5.5,-4.06,-2.43,-0.25
4104,14.01.2011 22:00:00,-7.18,-5.5,-4.06,-2.43,-0.25
4105,14.01.2011 23:00:00,-7.12,-5.5,-4.06,-2.43,-0.25
4106,15.01.2011 00:00:00,-7.18,-5.5,-4.06,-2.43,-0.25,3.517
4107,15.01.2011 01:00:00,-7.12,-5.5,-4.06,-2.43,-0.25
4108,15.01.2011 02:00:00,-7.12,-5.5,-4.06,-2.43,-0.25
4109,15.01.2011 03:00:00,-7.12,-5.5,-4.06,-2.43,-0.31
4110,15.01.2011 04:00:00,-7.12,-5.5,-4.12,-2.43,-0.31
4111,15.01.2011 05:00:00,-7.12,-5.5,-4.06,-2.43,-0.31
4112,15.01.2011 06:00:00,-7.06,-5.5,-4.12,-2.43,-0.31,3.523
4113,15.01.2011 07:00:00,-7.06,-5.5,-4.06,-2.5,-0.31
4114,15.01.2011 08:00:00,-7.06,-5.5,-4.12,-2.5,-0.31
4115,15.01.2011 09:00:00,-7.06,-5.5,-4.12,-2.5,-0.31
4116,15.01.2011 10:00:00,-7.06,-5.5,-4.12,-2.5,-0.31
4117,15.01.2011 11:00:00,-7.06,-5.5,-4.12,-2.5,-0.31
4118,15.01.2011 12:00:00,-7.06,-5.5,-4.12,-2.5,-0.31,3.518
4119,15.01.2011 13:00:00,-7.06,-5.5,-4.12,-2.5,-0.31
4120,15.01.2011 14:00:00,-7.06,-5.5,-4.12,-2.5,-0.31
4121,15.01.2011 15:00:00,-7,-5.5,-4.12,-2.5,-0.31
4122,15.01.2011 16:00:00,-7.06,-5.5,-4.12,-2.5,-0.31
4123,15.01.2011 17:00:00,-7.06,-5.5,-4.12,-2.5,-0.31
4124,15.01.2011 18:00:00,-7,-5.5,-4.12,-2.5,-0.31,3.523
4125,15.01.2011 19:00:00,-7,-5.5,-4.12,-2.5,-0.31
4126,15.01.2011 20:00:00,-7,-5.5,-4.12,-2.56,-0.31
4127,15.01.2011 21:00:00,-7,-5.5,-4.12,-2.56,-0.31
4128,15.01.2011 22:00:00,-7,-5.5,-4.12,-2.56,-0.31
4129,15.01.2011 23:00:00,-7,-5.5,-4.12,-2.56,-0.37
4130,16.01.2011 00:00:00,-7,-5.5,-4.12,-2.56,-0.37,3.519
4131,16.01.2011 01:00:00,-7,-5.5,-4.12,-2.56,-0.37
4132,16.01.2011 02:00:00,-7,-5.5,-4.12,-2.56,-0.31
4133,16.01.2011 03:00:00,-7,-5.5,-4.12,-2.56,-0.31
4134,16.01.2011 04:00:00,-6.93,-5.5,-4.12,-2.56,-0.37
4135,16.01.2011 05:00:00,-7,-5.5,-4.12,-2.56,-0.37
4136,16.01.2011 06:00:00,-7,-5.5,-4.12,-2.56,-0.37,3.518
4137,16.01.2011 07:00:00,-6.93,-5.43,-4.12,-2.56,-0.37
4138,16.01.2011 08:00:00,-6.93,-5.5,-4.12,-2.56,-0.37
4139,16.01.2011 09:00:00,-6.93,-5.5,-4.18,-2.56,-0.37
4140,16.01.2011 10:00:00,-6.93,-5.43,-4.12,-2.56,-0.37
4141,16.01.2011 11:00:00,-6.93,-5.43,-4.12,-2.62,-0.37
4142,16.01.2011 12:00:00,-6.93,-5.5,-4.18,-2.56,-0.37,3.518
4143,16.01.2011 13:00:00,-6.93,-5.43,-4.18,-2.62,-0.37
4144,16.01.2011 14:00:00,-6.93,-5.5,-4.18,-2.62,-0.37
4145,16.01.2011 15:00:00,-6.93,-5.5,-4.18,-2.62,-0.37
4146,16.01.2011 16:00:00,-6.93,-5.43,-4.18,-2.62,-0.37
4147,16.01.2011 17:00:00,-6.93,-5.5,-4.18,-2.62,-0.37
4148,16.01.2011 18:00:00,-6.93,-5.5,-4.18,-2.62,-0.37,3.523
4149,16.01.2011 19:00:00,-6.93,-5.5,-4.18,-2.62,-0.37
4150,16.01.2011 20:00:00,-7,-5.43,-4.18,-2.62,-0.43
4151,16.01.2011 21:00:00,-6.93,-5.5,-4.18,-2.62,-0.37
4152,16.01.2011 22:00:00,-6.93,-5.43,-4.18,-2.62,-0.37
4153,16.01.2011 23:00:00,-6.93,-5.5,-4.18,-2.62,-0.43
4154,17.01.2011 00:00:00,-6.93,-5.5,-4.18,-2.62,-0.37,3.524
4155,17.01.2011 01:00:00,-6.93,-5.5,-4.18,-2.62,-0.43
4156,17.01.2011 02:00:00,-6.93,-5.5,-4.18,-2.62,-0.43
4157,17.01.2011 03:00:00,-6.93,-5.5,-4.18,-2.62,-0.43
4158,17.01.2011 04:00:00,-6.93,-5.5,-4.18,-2.62,-0.43
4159,17.01.2011 05:00:00,-6.93,-5.5,-4.18,-2.62,-0.43
4160,17.01.2011 06:00:00,-6.93,-5.5,-4.18,-2.62,-0.43,3.524
4161,17.01.2011 07:00:00,-6.93,-5.5,-4.18,-2.62,-0.43
4162,17.01.2011 08:00:00,-6.93,-5.5,-4.18,-2.62,-0.43
4163,17.01.2011 09:00:00,-6.93,-5.5,-4.18,-2.62,-0.43
4164,17.01.2011 10:00:00,-6.93,-5.5,-4.18,-2.62,-0.43
4165,17.01.2011 11:00:00,-6.93,-5.5,-4.18,-2.62,-0.43
4166,17.01.2011 12:00:00,-6.93,-5.5,-4.18,-2.68,-0.43,3.518
4167,17.01.2011 13:00:00,-6.93,-5.5,-4.18,-2.68,-0.43
4168,17.01.2011 14:00:00,-6.93,-5.5,-4.18,-2.62,-0.43
4169,17.01.2011 15:00:00,-6.93,-5.5,-4.18,-2.68,-0.43
4170,17.01.2011 16:00:00,-6.93,-5.5,-4.18,-2.68,-0.5
4171,17.01.2011 17:00:00,-6.93,-5.5,-4.18,-2.68,-0.43
4172,17.01.2011 18:00:00,-6.93,-5.5,-4.18,-2.68,-0.43,3.523
4173,17.01.2011 19:00:00,-6.93,-5.5,-4.18,-2.68,-0.5
4174,17.01.2011 20:00:00,-6.93,-5.5,-4.18,-2.68,-0.5
4175,17.01.2011 21:00:00,-6.93,-5.5,-4.25,-2.68,-0.5
4176,17.01.2011 22:00:00,-6.93,-5.5,-4.18,-2.68,-0.5
4177,17.01.2011 23:00:00,-6.87,-5.5,-4.18,-2.68,-0.5
4178,18.01.2011 00:00:00,-6.87,-5.5,-4.18,-2.68,-0.5,3.522
4179,18.01.2011 01:00:00,-6.87,-5.5,-4.18,-2.68,-0.5
4180,18.01.2011 02:00:00,-6.87,-5.5,-4.18,-2.68,-0.5
4181,18.01.2011 03:00:00,-6.81,-5.43,-4.25,-2.68,-0.5
4182,18.01.2011 04:00:00,-6.81,-5.43,-4.18,-2.68,-0.5
4183,18.01.2011 05:00:00,-6.81,-5.43,-4.18,-2.68,-0.5
4184,18.01.2011 06:00:00,-6.81,-5.43,-4.18,-2.68,-0.5,3.524
4185,18.01.2011 07:00:00,-6.81,-5.43,-4.18,-2.68,-0.5
4186,18.01.2011 08:00:00,-6.75,-5.43,-4.18,-2.68,-0.5
4187,18.01.2011 09:00:00,-6.75,-5.43,-4.18,-2.68,-0.5
4188,18.01.2011 10:00:00,-6.75,-5.43,-4.18,-2.68,-0.5
4189,18.01.2011 11:00:00,-6.75,-5.43,-4.18,-2.75,-0.5
4190,18.01.2011 12:00:00,-6.68,-5.37,-4.18,-2.75,-0.5,3.523
4191,18.01.2011 13:00:00,-6.75,-5.37,-4.18,-2.75,-0.56
4192,18.01.2011 14:00:00,-6.68,-5.37,-4.18,-2.68,-0.56
4193,18.01.2011 15:00:00,-6.68,-5.37,-4.18,-2.75,-0.5
4194,18.01.2011 16:00:00,-6.68,-5.37,-4.18,-2.75,-0.56
4195,18.01.2011 17:00:00,-6.62,-5.37,-4.18,-2.75,-0.56
4196,18.01.2011 18:00:00,-6.62,-5.37,-4.18,-2.75,-0.56,3.526
4197,18.01.2011 19:00:00,-6.62,-5.37,-4.18,-2.75,-0.56
4198,18.01.2011 20:00:00,-6.62,-5.37,-4.18,-2.75,-0.56
4199,18.01.2011 21:00:00,-6.62,-5.37,-4.18,-2.75,-0.56
4200,18.01.2011 22:00:00,-6.62,-5.37,-4.18,-2.75,-0.56
4201,18.01.2011 23:00:00,-6.62,-5.31,-4.18,-2.75,-0.56
4202,19.01.2011 00:00:00,-6.62,-5.37,-4.18,-2.75,-0.56,3.520
4203,19.01.2011 01:00:00,-6.62,-5.31,-4.18,-2.75,-0.56
4204,19.01.2011 02:00:00,-6.56,-5.31,-4.18,-2.75,-0.56
4205,19.01.2011 03:00:00,-6.56,-5.31,-4.18,-2.75,-0.56
4206,19.01.2011 04:00:00,-6.56,-5.31,-4.18,-2.75,-0.56
4207,19.01.2011 05:00:00,-6.56,-5.31,-4.18,-2.75,-0.62
4208,19.01.2011 06:00:00,-6.56,-5.31,-4.18,-2.75,-0.56,3.521
4209,19.01.2011 07:00:00,-6.56,-5.31,-4.12,-2.75,-0.56
4210,19.01.2011 08:00:00,-6.56,-5.31,-4.12,-2.75,-0.62
4211,19.01.2011 09:00:00,-6.56,-5.31,-4.18,-2.75,-0.56
4212,19.01.2011 10:00:00,-6.56,-5.31,-4.12,-2.75,-0.62
4213,19.01.2011 11:00:00,-6.56,-5.31,-4.18,-2.75,-0.62
4214,19.01.2011 12:00:00,-6.56,-5.31,-4.12,-2.75,-0.62,3.520
4215,19.01.2011 13:00:00,-6.56,-5.31,-4.12,-2.75,-0.62
4216,19.01.2011 14:00:00,-6.56,-5.31,-4.12,-2.75,-0.62
4217,19.01.2011 15:00:00,-6.56,-5.31,-4.12,-2.75,-0.62
4218,19.01.2011 16:00:00,-6.56,-5.25,-4.18,-2.75,-0.62
4219,19.01.2011 17:00:00,-6.62,-5.31,-4.12,-2.75,-0.62
4220,19.01.2011 18:00:00,-6.56,-5.31,-4.12,-2.75,-0.62,3.520
4221,19.01.2011 19:00:00,-6.56,-5.25,-4.18,-2.75,-0.62
4222,19.01.2011 20:00:00,-6.62,-5.25,-4.12,-2.75,-0.62
4223,19.01.2011 21:00:00,-6.62,-5.25,-4.12,-2.75,-0.62
4224,19.01.2011 22:00:00,-6.62,-5.31,-4.12,-2.75,-0.62
4225,19.01.2011 23:00:00,-6.62,-5.25,-4.12,-2.75,-0.62
4226,20.01.2011 00:00:00,-6.62,-5.31,-4.12,-2.75,-0.68,3.520
4227,20.01.2011 01:00:00,-6.62,-5.25,-4.12,-2.75,-0.68
4228,20.01.2011 02:00:00,-6.62,-5.25,-4.12,-2.75,-0.68
4229,20.01.2011 03:00:00,-6.62,-5.31,-4.12,-2.75,-0.68
4230,20.01.2011 04:00:00,-6.62,-5.25,-4.12,-2.75,-0.68
4231,20.01.2011 05:00:00,-6.62,-5.31,-4.12,-2.75,-0.68
4232,20.01.2011 06:00:00,-6.62,-5.31,-4.12,-2.75,-0.68,3.526
4233,20.01.2011 07:00:00,-6.62,-5.31,-4.12,-2.75,-0.68
4234,20.01.2011 08:00:00,-6.62,-5.31,-4.18,-2.81,-0.68
4235,20.01.2011 09:00:00,-6.62,-5.31,-4.12,-2.75,-0.68
4236,20.01.2011 10:00:00,-6.68,-5.31,-4.12,-2.81,-0.68
4237,20.01.2011 11:00:00,-6.68,-5.31,-4.12,-2.81,-0.68
4238,20.01.2011 12:00:00,-6.68,-5.31,-4.12,-2.81,-0.68,3.524
4239,20.01.2011 13:00:00,-6.68,-5.31,-4.12,-2.81,-0.68
4240,20.01.2011 14:00:00,-6.68,-5.31,-4.12,-2.81,-0.68
4241,20.01.2011 15:00:00,-6.75,-5.31,-4.12,-2.81,-0.68
4242,20.01.2011 16:00:00,-6.75,-5.31,-4.12,-2.75,-0.68
4243,20.01.2011 17:00:00,-6.75,-5.31,-4.18,-2.81,-0.68
4244,20.01.2011 18:00:00,-6.75,-5.31,-4.18,-2.81,-0.75,3.519
4245,20.01.2011 19:00:00,-6.75,-5.31,-4.18,-2.75,-0.68
4246,20.01.2011 20:00:00,-6.75,-5.31,-4.12,-2.81,-0.75
4247,20.01.2011 21:00:00,-6.75,-5.31,-4.18,-2.81,-0.68
4248,20.01.2011 22:00:00,-6.81,-5.31,-4.18,-2.81,-0.68
4249,20.01.2011 23:00:00,-6.81,-5.31,-4.18,-2.81,-0.75
4250,21.01.2011 00:00:00,-6.75,-5.37,-4.18,-2.81,-0.75,3.519
4251,21.01.2011 01:00:00,-6.81,-5.37,-4.18,-2.81,-0.75
4252,21.01.2011 02:00:00,-6.81,-5.37,-4.18,-2.81,-0.75
4253,21.01.2011 03:00:00,-6.81,-5.37,-4.18,-2.81,-0.75
4254,21.01.2011 04:00:00,-6.81,-5.37,-4.18,-2.81,-0.75
4255,21.01.2011 05:00:00,-6.81,-5.37,-4.18,-2.81,-0.75
4256,21.01.2011 06:00:00,-6.81,-5.37,-4.18,-2.81,-0.75,3.518
4257,21.01.2011 07:00:00,-6.81,-5.37,-4.18,-2.81,-0.75
4258,21.01.2011 08:00:00,-6.81,-5.37,-4.18,-2.81,-0.75
4259,21.01.2011 09:00:00,-6.87,-5.37,-4.18,-2.81,-0.75
4260,21.01.2011 10:00:00,-6.87,-5.37,-4.18,-2.81,-0.75
4261,21.01.2011 11:00:00,-6.87,-5.37,-4.25,-2.81,-0.75
4262,21.01.2011 12:00:00,-6.87,-5.43,-4.18,-2.81,-0.75,3.517
4263,21.01.2011 13:00:00,-6.87,-5.43,-4.18,-2.81,-0.75
4264,21.01.2011 14:00:00,-6.87,-5.43,-4.18,-2.81,-0.75
4265,21.01.2011 15:00:00,-6.93,-5.43,-4.18,-2.81,-0.75
4266,21.01.2011 16:00:00,-6.93,-5.43,-4.25,-2.81,-0.75
4267,21.01.2011 17:00:00,-6.93,-5.43,-4.25,-2.81,-0.75
4268,21.01.2011 18:00:00,-6.93,-5.43,-4.25,-2.81,-0.81,3.523
4269,21.01.2011 19:00:00,-7,-5.43,-4.25,-2.81,-0.81
4270,21.01.2011 20:00:00,-7,-5.43,-4.25,-2.81,-0.81
4271,21.01.2011 21:00:00,-7,-5.43,-4.25,-2.81,-0.81
4272,21.01.2011 22:00:00,-7,-5.5,-4.25,-2.81,-0.81
4273,21.01.2011 23:00:00,-7,-5.5,-4.25,-2.87,-0.81
4274,22.01.2011 00:00:00,-7,-5.5,-4.25,-2.87,-0.81,3.518
4275,22.01.2011 01:00:00,-7,-5.5,-4.25,-2.87,-0.81
4276,22.01.2011 02:00:00,-7,-5.5,-4.25,-2.87,-0.81
4277,22.01.2011 03:00:00,-7,-5.5,-4.25,-2.87,-0.81
4278,22.01.2011 04:00:00,-7,-5.5,-4.25,-2.87,-0.81
4279,22.01.2011 05:00:00,-7,-5.5,-4.25,-2.87,-0.81
4280,22.01.2011 06:00:00,-7,-5.56,-4.31,-2.87,-0.81,3.524
4281,22.01.2011 07:00:00,-7,-5.5,-4.31,-2.87,-0.81
4282,22.01.2011 08:00:00,-7,-5.5,-4.25,-2.87,-0.81
4283,22.01.2011 09:00:00,-7,-5.5,-4.31,-2.87,-0.87
4284,22.01.2011 10:00:00,-7,-5.56,-4.31,-2.87,-0.81
4285,22.01.2011 11:00:00,-7.06,-5.5,-4.31,-2.87,-0.87
4286,22.01.2011 12:00:00,-7,-5.5,-4.31,-2.87,-0.81,3.523
4287,22.01.2011 13:00:00,-7.06,-5.56,-4.31,-2.87,-0.81
4288,22.01.2011 14:00:00,-7.06,-5.56,-4.31,-2.93,-0.87
4289,22.01.2011 15:00:00,-7.06,-5.56,-4.31,-2.93,-0.87
4290,22.01.2011 16:00:00,-7,-5.56,-4.31,-2.87,-0.87
4291,22.01.2011 17:00:00,-7,-5.56,-4.31,-2.87,-0.87
4292,22.01.2011 18:00:00,-7,-5.56,-4.37,-2.93,-0.87,3.517
4293,22.01.2011 19:00:00,-7,-5.56,-4.37,-2.93,-0.87
4294,22.01.2011 20:00:00,-7,-5.56,-4.31,-2.93,-0.87
4295,22.01.2011 21:00:00,-7,-5.56,-4.31,-2.93,-0.87
4296,22.01.2011 22:00:00,-7,-5.56,-4.31,-2.93,-0.87
4297,22.01.2011 23:00:00,-7,-5.56,-4.31,-2.93,-0.87
4298,23.01.2011 00:00:00,-7,-5.56,-4.31,-2.93,-0.87,3.523
4299,23.01.2011 01:00:00,-7,-5.56,-4.37,-2.93,-0.87
4300,23.01.2011 02:00:00,-6.93,-5.56,-4.37,-2.93,-0.87
4301,23.01.2011 03:00:00,-6.93,-5.56,-4.37,-2.93,-0.87
4302,23.01.2011 04:00:00,-6.93,-5.56,-4.37,-2.93,-0.93
4303,23.01.2011 05:00:00,-6.93,-5.56,-4.37,-2.93,-0.87
4304,23.01.2011 06:00:00,-6.93,-5.56,-4.37,-2.93,-0.93,3.517
4305,23.01.2011 07:00:00,-6.93,-5.56,-4.37,-2.93,-0.93
4306,23.01.2011 08:00:00,-6.93,-5.56,-4.37,-3,-0.93
4307,23.01.2011 09:00:00,-6.93,-5.56,-4.37,-3,-0.93
4308,23.01.2011 10:00:00,-6.93,-5.56,-4.37,-3,-0.93
4309,23.01.2011 11:00:00,-6.93,-5.56,-4.37,-3,-0.93
4310,23.01.2011 12:00:00,-6.93,-5.56,-4.37,-3,-0.93,3.522
4311,23.01.2011 13:00:00,-6.93,-5.56,-4.37,-3,-0.93
4312,23.01.2011 14:00:00,-6.93,-5.56,-4.37,-3,-0.93
4313,23.01.2011 15:00:00,-6.93,-5.56,-4.37,-3,-0.93
4314,23.01.2011 16:00:00,-6.93,-5.56,-4.37,-3,-0.93
4315,23.01.2011 17:00:00,-6.93,-5.56,-4.37,-3,-0.93
4316,23.01.2011 18:00:00,-6.93,-5.56,-4.37,-3,-1,3.517
4317,23.01.2011 19:00:00,-6.93,-5.56,-4.37,-3,-0.93
4318,23.01.2011 20:00:00,-6.93,-5.56,-4.37,-3,-0.93
4319,23.01.2011 21:00:00,-6.93,-5.56,-4.37,-3,-1
4320,23.01.2011 22:00:00,-6.93,-5.56,-4.37,-3,-1
4321,23.01.2011 23:00:00,-7,-5.56,-4.37,-3,-1
4322,24.01.2011 00:00:00,-6.93,-5.56,-4.37,-3,-1,3.517
4323,24.01.2011 01:00:00,-6.93,-5.56,-4.37,-3,-1
4324,24.01.2011 02:00:00,-6.93,-5.56,-4.37,-3,-1
4325,24.01.2011 03:00:00,-6.93,-5.62,-4.37,-3,-1
4326,24.01.2011 04:00:00,-6.93,-5.56,-4.37,-3.06,-1
4327,24.01.2011 05:00:00,-6.93,-5.56,-4.37,-3,-1
4328,24.01.2011 06:00:00,-6.93,-5.56,-4.43,-3.06,-1,3.517
4329,24.01.2011 07:00:00,-6.93,-5.56,-4.37,-3.06,-1
4330,24.01.2011 08:00:00,-6.93,-5.56,-4.43,-3.06,-1
4331,24.01.2011 09:00:00,-6.93,-5.56,-4.37,-3.06,-1.06
4332,24.01.2011 10:00:00,-6.87,-5.56,-4.43,-3.06,-1.06
4333,24.01.2011 11:00:00,-6.87,-5.56,-4.37,-3.06,-1.06
4334,24.01.2011 12:00:00,-6.87,-5.56,-4.37,-3.06,-1.06,3.523
4335,24.01.2011 13:00:00,-6.87,-5.56,-4.43,-3.06,-1.06
4336,24.01.2011 14:00:00,-6.87,-5.56,-4.37,-3.06,-1.06
4337,24.01.2011 15:00:00,-6.87,-5.56,-4.43,-3.06,-1.06
4338,24.01.2011 16:00:00,-6.87,-5.56,-4.43,-3.06,-1.06
4339,24.01.2011 17:00:00,-6.87,-5.56,-4.37,-3.06,-1.06
4340,24.01.2011 18:00:00,-6.81,-5.56,-4.37,-3.06,-1.06,3.522
4341,24.01.2011 19:00:00,-6.81,-5.56,-4.43,-3.06,-1.06
4342,24.01.2011 20:00:00,-6.81,-5.56,-4.43,-3.06,-1.06
4343,24.01.2011 21:00:00,-6.81,-5.56,-4.37,-3.12,-1.06
4344,24.01.2011 22:00:00,-6.81,-5.56,-4.43,-3.06,-1.06
4345,24.01.2011 23:00:00,-6.81,-5.56,-4.37,-3.06,-1.12
4346,25.01.2011 00:00:00,-6.81,-5.5,-4.43,-3.06,-1.12,3.524
4347,25.01.2011 01:00:00,-6.75,-5.56,-4.37,-3.06,-1.12
4348,25.01.2011 02:00:00,-6.75,-5.56,-4.37,-3.06,-1.12
4349,25.01.2011 03:00:00,-6.75,-5.5,-4.43,-3.06,-1.12
4350,25.01.2011 04:00:00,-6.75,-5.5,-4.43,-3.06,-1.12
4351,25.01.2011 05:00:00,-6.75,-5.5,-4.43,-3.12,-1.12
4352,25.01.2011 06:00:00,-6.75,-5.5,-4.43,-3.12,-1.12,3.519
4353,25.01.2011 07:00:00,-6.75,-5.5,-4.43,-3.12,-1.12
4354,25.01.2011 08:00:00,-6.75,-5.5,-4.43,-3.12,-1.12
4355,25.01.2011 09:00:00,-6.75,-5.5,-4.37,-3.12,-1.12
4356,25.01.2011 10:00:00,-6.68,-5.5,-4.37,-3.12,-1.12
4357,25.01.2011 11:00:00,-6.75,-5.5,-4.43,-3.12,-1.12
4358,25.01.2011 12:00:00,-6.68,-5.5,-4.37,-3.12,-1.12,3.523
4359,25.01.2011 13:00:00,-6.68,-5.5,-4.37,-3.12,-1.18
4360,25.01.2011 14:00:00,-6.68,-5.5,-4.43,-3.12,-1.18
4361,25.01.2011 15:00:00,-6.68,-5.43,-4.43,-3.12,-1.18
4362,25.01.2011 16:00:00,-6.75,-5.5,-4.43,-3.12,-1.18
4363,25.01.2011 17:00:00,-6.75,-5.43,-4.37,-3.12,-1.18
4364,25.01.2011 18:00:00,-6.75,-5.43,-4.37,-3.12,-1.18,3.522
4365,25.01.2011 19:00:00,-6.75,-5.43,-4.37,-3.12,-1.18
4366,25.01.2011 20:00:00,-6.75,-5.43,-4.37,-3.12,-1.18
4367,25.01.2011 21:00:00,-6.75,-5.43,-4.37,-3.12,-1.18
4368,25.01.2011 22:00:00,-6.75,-5.5,-4.37,-3.12,-1.18
4369,25.01.2011 23:00:00,-6.75,-5.43,-4.37,-3.12,-1.18
4370,26.01.2011 00:00:00,-6.75,-5.5,-4.37,-3.12,-1.18,3.524
4371,26.01.2011 01:00:00,-6.75,-5.5,-4.37,-3.12,-1.18
4372,26.01.2011 02:00:00,-6.81,-5.43,-4.37,-3.12,-1.25
4373,26.01.2011 03:00:00,-6.81,-5.5,-4.43,-3.12,-1.25
4374,26.01.2011 04:00:00,-6.81,-5.5,-4.43,-3.12,-1.25
4375,26.01.2011 05:00:00,-6.81,-5.5,-4.37,-3.12,-1.25
4376,26.01.2011 06:00:00,-6.81,-5.5,-4.37,-3.12,-1.25,3.521
4377,26.01.2011 07:00:00,-6.81,-5.5,-4.43,-3.12,-1.25
4378,26.01.2011 08:00:00,-6.87,-5.5,-4.43,-3.12,-1.25
4379,26.01.2011 09:00:00,-6.87,-5.5,-4.43,-3.12,-1.25
4380,26.01.2011 10:00:00,-6.87,-5.5,-4.43,-3.12,-1.25
4381,26.01.2011 11:00:00,-6.87,-5.5,-4.37,-3.12,-1.25
4382,26.01.2011 12:00:00,-6.87,-5.5,-4.43,-3.18,-1.25,3.522
4383,26.01.2011 13:00:00,-6.93,-5.5,-4.37,-3.18,-1.25
4384,26.01.2011 14:00:00,-6.93,-5.56,-4.43,-3.18,-1.25
4385,26.01.2011 15:00:00,-6.93,-5.56,-4.43,-3.18,-1.25
4386,26.01.2011 16:00:00,-6.93,-5.56,-4.43,-3.18,-1.25
4387,26.01.2011 17:00:00,-6.93,-5.56,-4.43,-3.18,-1.31
4388,26.01.2011 18:00:00,-7,-5.56,-4.43,-3.18,-1.31,3.517
4389,26.01.2011 19:00:00,-7,-5.56,-4.43,-3.18,-1.31
4390,26.01.2011 20:00:00,-7,-5.56,-4.43,-3.18,-1.31
4391,26.01.2011 21:00:00,-7.06,-5.62,-4.43,-3.18,-1.31
4392,26.01.2011 22:00:00,-7.06,-5.62,-4.43,-3.18,-1.31
4393,26.01.2011 23:00:00,-7.06,-5.62,-4.43,-3.18,-1.31
4394,27.01.2011 00:00:00,-7.06,-5.62,-4.43,-3.18,-1.31,3.516
4395,27.01.2011 01:00:00,-7.06,-5.62,-4.43,-3.18,-1.31
4396,27.01.2011 02:00:00,-7.06,-5.62,-4.43,-3.18,-1.31
4397,27.01.2011 03:00:00,-7.06,-5.62,-4.5,-3.18,-1.31
4398,27.01.2011 04:00:00,-7.12,-5.62,-4.5,-3.25,-1.31
4399,27.01.2011 05:00:00,-7.12,-5.62,-4.5,-3.18,-1.31
4400,27.01.2011 06:00:00,-7.12,-5.68,-4.5,-3.18,-1.37,3.519
4401,27.01.2011 07:00:00,-7.12,-5.68,-4.5,-3.18,-1.37
4402,27.01.2011 08:00:00,-7.12,-5.68,-4.5,-3.25,-1.37
4403,27.01.2011 09:00:00,-7.18,-5.68,-4.5,-3.18,-1.37
4404,27.01.2011 10:00:00,-7.18,-5.68,-4.5,-3.25,-1.37
4405,27.01.2011 11:00:00,-7.18,-5.68,-4.5,-3.25,-1.37
4406,27.01.2011 12:00:00,-7.18,-5.68,-4.5,-3.25,-1.37,3.515
4407,27.01.2011 13:00:00,-7.18,-5.68,-4.56,-3.25,-1.37
4408,27.01.2011 14:00:00,-7.25,-5.68,-4.56,-3.25,-1.37
4409,27.01.2011 15:00:00,-7.25,-5.75,-4.56,-3.25,-1.37
4410,27.01.2011 16:00:00,-7.25,-5.75,-4.56,-3.25,-1.37
4411,27.01.2011 17:00:00,-7.25,-5.75,-4.56,-3.25,-1.43
4412,27.01.2011 18:00:00,-7.31,-5.75,-4.56,-3.25,-1.43,3.514
4413,27.01.2011 19:00:00,-7.31,-5.75,-4.56,-3.25,-1.43
4414,27.01.2011 20:00:00,-7.31,-5.75,-4.56,-3.25,-1.43
4415,27.01.2011 21:00:00,-7.31,-5.81,-4.56,-3.25,-1.43
4416,27.01.2011 22:00:00,-7.37,-5.81,-4.56,-3.25,-1.43
4417,27.01.2011 23:00:00,-7.37,-5.81,-4.56,-3.31,-1.43
4418,28.01.2011 00:00:00,-7.37,-5.81,-4.62,-3.31,-1.43,3.520
4419,28.01.2011 01:00:00,-7.37,-5.81,-4.62,-3.25,-1.43
4420,28.01.2011 02:00:00,-7.43,-5.81,-4.62,-3.31,-1.43
4421,28.01.2011 03:00:00,-7.43,-5.87,-4.62,-3.31,-1.43
4422,28.01.2011 04:00:00,-7.43,-5.81,-4.62,-3.31,-1.5
4423,28.01.2011 05:00:00,-7.43,-5.87,-4.62,-3.31,-1.5
4424,28.01.2011 06:00:00,-7.43,-5.87,-4.62,-3.31,-1.5,3.518
4425,28.01.2011 07:00:00,-7.43,-5.87,-4.62,-3.31,-1.5
4426,28.01.2011 08:00:00,-7.5,-5.87,-4.62,-3.31,-1.5
4427,28.01.2011 09:00:00,-7.5,-5.93,-4.68,-3.31,-1.5
4428,28.01.2011 10:00:00,-7.5,-5.93,-4.68,-3.31,-1.5
4429,28.01.2011 11:00:00,-7.5,-5.93,-4.68,-3.31,-1.5
4430,28.01.2011 12:00:00,-7.5,-5.93,-4.68,-3.37,-1.5,3.512
4431,28.01.2011 13:00:00,-7.56,-5.93,-4.68,-3.31,-1.5
4432,28.01.2011 14:00:00,-7.56,-6,-4.68,-3.31,-1.5
4433,28.01.2011 15:00:00,-7.56,-5.93,-4.68,-3.31,-1.5
4434,28.01.2011 16:00:00,-7.56,-6,-4.75,-3.37,-1.5
4435,28.01.2011 17:00:00,-7.56,-6,-4.68,-3.37,-1.5
4436,28.01.2011 18:00:00,-7.56,-6,-4.75,-3.37,-1.5,3.513
4437,28.01.2011 19:00:00,-7.56,-6,-4.75,-3.37,-1.56
4438,28.01.2011 20:00:00,-7.62,-6.06,-4.75,-3.37,-1.56
4439,28.01.2011 21:00:00,-7.62,-6.06,-4.75,-3.37,-1.56
4440,28.01.2011 22:00:00,-7.62,-6.06,-4.75,-3.37,-1.56
4441,28.01.2011 23:00:00,-7.62,-6.06,-4.75,-3.37,-1.56
4442,29.01.2011 00:00:00,-7.62,-6.06,-4.75,-3.37,-1.56,3.511
4443,29.01.2011 01:00:00,-7.62,-6.06,-4.75,-3.43,-1.56
4444,29.01.2011 02:00:00,-7.62,-6.06,-4.81,-3.37,-1.56
4445,29.01.2011 03:00:00,-7.62,-6.06,-4.81,-3.43,-1.56
4446,29.01.2011 04:00:00,-7.62,-6.06,-4.81,-3.43,-1.56
4447,29.01.2011 05:00:00,-7.62,-6.12,-4.81,-3.43,-1.56
4448,29.01.2011 06:00:00,-7.62,-6.12,-4.81,-3.43,-1.56,3.512
4449,29.01.2011 07:00:00,-7.68,-6.12,-4.81,-3.43,-1.62
4450,29.01.2011 08:00:00,-7.68,-6.12,-4.81,-3.43,-1.56
4451,29.01.2011 09:00:00,-7.68,-6.12,-4.81,-3.43,-1.62
4452,29.01.2011 10:00:00,-7.68,-6.12,-4.81,-3.43,-1.62
4453,29.01.2011 11:00:00,-7.68,-6.12,-4.87,-3.5,-1.62
4454,29.01.2011 12:00:00,-7.68,-6.12,-4.87,-3.43,-1.62,3.516
4455,29.01.2011 13:00:00,-7.68,-6.12,-4.87,-3.5,-1.62
4456,29.01.2011 14:00:00,-7.68,-6.12,-4.87,-3.5,-1.62
4457,29.01.2011 15:00:00,-7.68,-6.18,-4.87,-3.5,-1.62
4458,29.01.2011 16:00:00,-7.68,-6.12,-4.87,-3.5,-1.62
4459,29.01.2011 17:00:00,-7.68,-6.18,-4.87,-3.5,-1.62
4460,29.01.2011 18:00:00,-7.68,-6.12,-4.87,-3.5,-1.68,3.512
4461,29.01.2011 19:00:00,-7.68,-6.18,-4.93,-3.5,-1.62
4462,29.01.2011 20:00:00,-7.75,-6.18,-4.93,-3.5,-1.68
4463,29.01.2011 21:00:00,-7.68,-6.18,-4.87,-3.5,-1.68
4464,29.01.2011 22:00:00,-7.68,-6.18,-4.93,-3.5,-1.68
4465,29.01.2011 23:00:00,-7.75,-6.18,-4.87,-3.56,-1.68
4466,30.01.2011 00:00:00,-7.75,-6.18,-4.93,-3.5,-1.68,3.517
4467,30.01.2011 01:00:00,-7.75,-6.18,-4.93,-3.5,-1.68
4468,30.01.2011 02:00:00,-7.68,-6.18,-4.93,-3.56,-1.68
4469,30.01.2011 03:00:00,-7.68,-6.18,-4.93,-3.56,-1.68
4470,30.01.2011 04:00:00,-7.68,-6.25,-4.93,-3.56,-1.75
4471,30.01.2011 05:00:00,-7.68,-6.18,-5,-3.56,-1.68
4472,30.01.2011 06:00:00,-7.68,-6.25,-4.93,-3.56,-1.68,3.517
4473,30.01.2011 07:00:00,-7.68,-6.18,-4.93,-3.56,-1.75
4474,30.01.2011 08:00:00,-7.68,-6.25,-4.93,-3.62,-1.75
4475,30.01.2011 09:00:00,-7.68,-6.25,-4.93,-3.56,-1.75
4476,30.01.2011 10:00:00,-7.68,-6.25,-5,-3.62,-1.75
4477,30.01.2011 11:00:00,-7.68,-6.25,-5,-3.62,-1.75
4478,30.01.2011 12:00:00,-7.68,-6.25,-5,-3.62,-1.75,3.512
4479,30.01.2011 13:00:00,-7.68,-6.25,-5,-3.62,-1.75
4480,30.01.2011 14:00:00,-7.68,-6.25,-5,-3.62,-1.75
4481,30.01.2011 15:00:00,-7.68,-6.25,-5,-3.62,-1.75
4482,30.01.2011 16:00:00,-7.68,-6.25,-5,-3.62,-1.81
4483,30.01.2011 17:00:00,-7.68,-6.25,-5,-3.62,-1.81
4484,30.01.2011 18:00:00,-7.68,-6.25,-5,-3.68,-1.75,3.516
4485,30.01.2011 19:00:00,-7.68,-6.25,-5,-3.62,-1.81
4486,30.01.2011 20:00:00,-7.68,-6.25,-5,-3.62,-1.81
4487,30.01.2011 21:00:00,-7.68,-6.25,-5,-3.68,-1.81
4488,30.01.2011 22:00:00,-7.62,-6.25,-5.06,-3.68,-1.81
4489,30.01.2011 23:00:00,-7.68,-6.25,-5,-3.68,-1.81
4490,31.01.2011 00:00:00,-7.68,-6.25,-5.06,-3.68,-1.81,3.511
4491,31.01.2011 01:00:00,-7.68,-6.25,-5.06,-3.68,-1.81
4492,31.01.2011 02:00:00,-7.62,-6.25,-5.06,-3.68,-1.81
4493,31.01.2011 03:00:00,-7.68,-6.25,-5.06,-3.68,-1.81
4494,31.01.2011 04:00:00,-7.62,-6.25,-5.06,-3.68,-1.81
4495,31.01.2011 05:00:00,-7.62,-6.25,-5.06,-3.68,-1.81
4496,31.01.2011 06:00:00,-7.62,-6.25,-5.06,-3.68,-1.87,3.516
4497,31.01.2011 07:00:00,-7.62,-6.25,-5.06,-3.68,-1.87
4498,31.01.2011 08:00:00,-7.62,-6.25,-5.06,-3.75,-1.87
4499,31.01.2011 09:00:00,-7.62,-6.25,-5.06,-3.75,-1.87
4500,31.01.2011 10:00:00,-7.62,-6.25,-5.06,-3.75,-1.87
4501,31.01.2011 11:00:00,-7.62,-6.25,-5.12,-3.75,-1.87
4502,31.01.2011 12:00:00,-7.62,-6.25,-5.06,-3.68,-1.87,3.512
4503,31.01.2011 13:00:00,-7.56,-6.25,-5.06,-3.75,-1.87
4504,31.01.2011 14:00:00,-7.56,-6.25,-5.06,-3.75,-1.87
4505,31.01.2011 15:00:00,-7.56,-6.18,-5.06,-3.75,-1.87
4506,31.01.2011 16:00:00,-7.56,-6.25,-5.06,-3.75,-1.93
4507,31.01.2011 17:00:00,-7.56,-6.25,-5.06,-3.75,-1.87
4508,31.01.2011 18:00:00,-7.56,-6.25,-5.06,-3.75,-1.93,3.512
4509,31.01.2011 19:00:00,-7.56,-6.25,-5.12,-3.75,-1.93
4510,31.01.2011 20:00:00,-7.56,-6.18,-5.06,-3.75,-1.93
4511,31.01.2011 21:00:00,-7.56,-6.18,-5.06,-3.75,-1.93
4512,31.01.2011 22:00:00,-7.5,-6.25,-5.12,-3.75,-1.93
4513,31.01.2011 23:00:00,-7.5,-6.25,-5.06,-3.75,-1.93
4514,01.02.2011 00:00:00,-7.5,-6.25,-5.06,-3.81,-1.93,3.514
4515,01.02.2011 01:00:00,-7.5,-6.25,-5.06,-3.81,-1.93
4516,01.02.2011 02:00:00,-7.5,-6.18,-5.06,-3.75,-1.93
4517,01.02.2011 03:00:00,-7.43,-6.18,-5.06,-3.81,-1.93
4518,01.02.2011 04:00:00,-7.43,-6.18,-5.06,-3.81,-2
4519,01.02.2011 05:00:00,-7.43,-6.18,-5.06,-3.81,-1.93
4520,01.02.2011 06:00:00,-7.43,-6.18,-5.06,-3.81,-2,3.519
4521,01.02.2011 07:00:00,-7.37,-6.18,-5.06,-3.81,-2
4522,01.02.2011 08:00:00,-7.37,-6.18,-5.12,-3.81,-2
4523,01.02.2011 09:00:00,-7.37,-6.18,-5.12,-3.81,-2
4524,01.02.2011 10:00:00,-7.37,-6.18,-5.12,-3.81,-2
4525,01.02.2011 11:00:00,-7.31,-6.18,-5.12,-3.81,-2
4526,01.02.2011 12:00:00,-7.31,-6.12,-5.06,-3.81,-2,3.519
4527,01.02.2011 13:00:00,-7.31,-6.18,-5.12,-3.81,-2
4528,01.02.2011 14:00:00,-7.31,-6.12,-5.06,-3.81,-2
4529,01.02.2011 15:00:00,-7.31,-6.12,-5.06,-3.81,-2
4530,01.02.2011 16:00:00,-7.25,-6.12,-5.06,-3.81,-2
4531,01.02.2011 17:00:00,-7.25,-6.12,-5.06,-3.81,-2
4532,01.02.2011 18:00:00,-7.18,-6.12,-5.06,-3.87,-2,3.521
4533,01.02.2011 19:00:00,-7.18,-6.06,-5.06,-3.87,-2.06
4534,01.02.2011 20:00:00,-7.18,-6.06,-5.06,-3.87,-2.06
4535,01.02.2011 21:00:00,-7.18,-6.06,-5.06,-3.87,-2.06
4536,01.02.2011 22:00:00,-7.18,-6.06,-5.06,-3.81,-2.06
4537,01.02.2011 23:00:00,-7.18,-6.06,-5.06,-3.87,-2.06
4538,02.02.2011 00:00:00,-7.12,-6.06,-5.06,-3.87,-2.06,3.515
4539,02.02.2011 01:00:00,-7.12,-6.06,-5.06,-3.87,-2.06
4540,02.02.2011 02:00:00,-7.12,-6.06,-5.06,-3.87,-2.06
4541,02.02.2011 03:00:00,-7.06,-6.06,-5.06,-3.87,-2.06
4542,02.02.2011 04:00:00,-7.06,-6,-5.06,-3.87,-2.06
4543,02.02.2011 05:00:00,-7.06,-6,-5.06,-3.87,-2.06
4544,02.02.2011 06:00:00,-7.06,-6,-5.06,-3.87,-2.06,3.522
4545,02.02.2011 07:00:00,-7.06,-6,-5,-3.87,-2.12
4546,02.02.2011 08:00:00,-7,-6,-5,-3.87,-2.12
4547,02.02.2011 09:00:00,-7,-6,-5.06,-3.87,-2.12
4548,02.02.2011 10:00:00,-7,-5.93,-5.06,-3.87,-2.12
4549,02.02.2011 11:00:00,-6.93,-5.93,-5,-3.87,-2.12
4550,02.02.2011 12:00:00,-6.93,-5.93,-5,-3.87,-2.12,3.521
4551,02.02.2011 13:00:00,-6.93,-5.93,-5,-3.87,-2.12
4552,02.02.2011 14:00:00,-6.93,-5.87,-5,-3.87,-2.12
4553,02.02.2011 15:00:00,-6.87,-5.93,-5,-3.87,-2.12
4554,02.02.2011 16:00:00,-6.87,-5.93,-5,-3.87,-2.12
4555,02.02.2011 17:00:00,-6.87,-5.87,-5,-3.87,-2.12
4556,02.02.2011 18:00:00,-6.87,-5.87,-5,-3.87,-2.12,3.524
4557,02.02.2011 19:00:00,-6.87,-5.87,-5,-3.87,-2.18
4558,02.02.2011 20:00:00,-6.81,-5.87,-5,-3.87,-2.18
4559,02.02.2011 21:00:00,-6.81,-5.81,-4.93,-3.87,-2.12
4560,02.02.2011 22:00:00,-6.81,-5.81,-4.93,-3.87,-2.18
4561,02.02.2011 23:00:00,-6.75,-5.81,-4.93,-3.87,-2.12
4562,03.02.2011 00:00:00,-6.75,-5.81,-4.93,-3.87,-2.18,3.522
4563,03.02.2011 01:00:00,-6.75,-5.81,-4.93,-3.87,-2.18
4564,03.02.2011 02:00:00,-6.75,-5.81,-4.93,-3.87,-2.18
4565,03.02.2011 03:00:00,-6.75,-5.81,-4.93,-3.87,-2.18
4566,03.02.2011 04:00:00,-6.75,-5.81,-4.93,-3.87,-2.18
4567,03.02.2011 05:00:00,-6.68,-5.81,-4.93,-3.87,-2.18
4568,03.02.2011 06:00:00,-6.68,-5.75,-4.93,-3.87,-2.18,3.525
4569,03.02.2011 07:00:00,-6.68,-5.75,-4.93,-3.87,-2.18
4570,03.02.2011 08:00:00,-6.68,-5.75,-4.93,-3.87,-2.18
4571,03.02.2011 09:00:00,-6.62,-5.75,-4.93,-3.87,-2.18
4572,03.02.2011 10:00:00,-6.62,-5.75,-4.87,-3.87,-2.18
4573,03.02.2011 11:00:00,-6.62,-5.68,-4.87,-3.87,-2.18
4574,03.02.2011 12:00:00,-6.62,-5.68,-4.87,-3.87,-2.18,3.520
4575,03.02.2011 13:00:00,-6.62,-5.68,-4.87,-3.87,-2.18
4576,03.02.2011 14:00:00,-6.56,-5.68,-4.87,-3.87,-2.18
4577,03.02.2011 15:00:00,-6.56,-5.68,-4.87,-3.87,-2.18
4578,03.02.2011 16:00:00,-6.56,-5.68,-4.87,-3.87,-2.25
4579,03.02.2011 17:00:00,-6.56,-5.68,-4.81,-3.87,-2.25
4580,03.02.2011 18:00:00,-6.56,-5.62,-4.87,-3.87,-2.18,3.521
4581,03.02.2011 19:00:00,-6.56,-5.68,-4.87,-3.87,-2.25
4582,03.02.2011 20:00:00,-6.56,-5.62,-4.87,-3.87,-2.25
4583,03.02.2011 21:00:00,-6.5,-5.62,-4.81,-3.87,-2.25
4584,03.02.2011 22:00:00,-6.5,-5.62,-4.81,-3.87,-2.25
4585,03.02.2011 23:00:00,-6.5,-5.56,-4.81,-3.87,-2.25
4586,04.02.2011 00:00:00,-6.5,-5.56,-4.81,-3.87,-2.25,3.523
4587,04.02.2011 01:00:00,-6.5,-5.62,-4.81,-3.87,-2.25
4588,04.02.2011 02:00:00,-6.5,-5.62,-4.81,-3.87,-2.25
4589,04.02.2011 03:00:00,-6.5,-5.56,-4.81,-3.87,-2.25
4590,04.02.2011 04:00:00,-6.43,-5.56,-4.81,-3.87,-2.25
4591,04.02.2011 05:00:00,-6.43,-5.56,-4.81,-3.87,-2.25
4592,04.02.2011 06:00:00,-6.43,-5.56,-4.81,-3.87,-2.31,3.521
4593,04.02.2011 07:00:00,-6.43,-5.56,-4.75,-3.81,-2.25
4594,04.02.2011 08:00:00,-6.43,-5.56,-4.81,-3.87,-2.25
4595,04.02.2011 09:00:00,-6.43,-5.56,-4.75,-3.87,-2.25
4596,04.02.2011 10:00:00,-6.43,-5.56,-4.75,-3.87,-2.25
4597,04.02.2011 11:00:00,-6.43,-5.5,-4.75,-3.87,-2.31
4598,04.02.2011 12:00:00,-6.43,-5.5,-4.75,-3.87,-2.31,3.521
4599,04.02.2011 13:00:00,-6.37,-5.5,-4.75,-3.87,-2.31
4600,04.02.2011 14:00:00,-6.43,-5.5,-4.75,-3.87,-2.25
4601,04.02.2011 15:00:00,-6.37,-5.5,-4.75,-3.81,-2.31
4602,04.02.2011 16:00:00,-6.37,-5.5,-4.75,-3.87,-2.25
4603,04.02.2011 17:00:00,-6.37,-5.5,-4.75,-3.87,-2.31
4604,04.02.2011 18:00:00,-6.37,-5.5,-4.75,-3.81,-2.31,3.528
4605,04.02.2011 19:00:00,-6.37,-5.5,-4.75,-3.81,-2.31
4606,04.02.2011 20:00:00,-6.37,-5.5,-4.75,-3.87,-2.31
4607,04.02.2011 21:00:00,-6.37,-5.5,-4.68,-3.81,-2.31
4608,04.02.2011 22:00:00,-6.37,-5.5,-4.68,-3.81,-2.31
4609,04.02.2011 23:00:00,-6.37,-5.43,-4.75,-3.81,-2.31
4610,05.02.2011 00:00:00,-6.37,-5.43,-4.68,-3.87,-2.31,3.525
4611,05.02.2011 01:00:00,-6.37,-5.43,-4.68,-3.81,-2.31
4612,05.02.2011 02:00:00,-6.37,-5.43,-4.68,-3.81,-2.31
4613,05.02.2011 03:00:00,-6.37,-5.43,-4.68,-3.81,-2.31
4614,05.02.2011 04:00:00,-6.31,-5.43,-4.68,-3.81,-2.31
4615,05.02.2011 05:00:00,-6.37,-5.43,-4.68,-3.87,-2.31
4616,05.02.2011 06:00:00,-6.37,-5.43,-4.68,-3.81,-2.31,3.522
4617,05.02.2011 07:00:00,-6.37,-5.43,-4.68,-3.81,-2.31
4618,05.02.2011 08:00:00,-6.37,-5.43,-4.68,-3.81,-2.31
4619,05.02.2011 09:00:00,-6.31,-5.43,-4.68,-3.81,-2.31
4620,05.02.2011 10:00:00,-6.31,-5.43,-4.68,-3.81,-2.31
4621,05.02.2011 11:00:00,-6.31,-5.43,-4.68,-3.81,-2.31
4622,05.02.2011 12:00:00,-6.31,-5.37,-4.68,-3.81,-2.31,3.522
4623,05.02.2011 13:00:00,-6.31,-5.43,-4.68,-3.81,-2.37
4624,05.02.2011 14:00:00,-6.31,-5.37,-4.68,-3.81,-2.31
4625,05.02.2011 15:00:00,-6.31,-5.37,-4.68,-3.81,-2.31
4626,05.02.2011 16:00:00,-6.31,-5.37,-4.68,-3.81,-2.37
4627,05.02.2011 17:00:00,-6.25,-5.37,-4.68,-3.81,-2.31
4628,05.02.2011 18:00:00,-6.25,-5.37,-4.68,-3.81,-2.37,3.524
4629,05.02.2011 19:00:00,-6.25,-5.37,-4.62,-3.81,-2.37
4630,05.02.2011 20:00:00,-6.25,-5.37,-4.62,-3.81,-2.37
4631,05.02.2011 21:00:00,-6.25,-5.37,-4.62,-3.81,-2.37
4632,05.02.2011 22:00:00,-6.25,-5.37,-4.62,-3.81,-2.37
4633,05.02.2011 23:00:00,-6.25,-5.31,-4.68,-3.81,-2.37
4634,06.02.2011 00:00:00,-6.18,-5.37,-4.62,-3.81,-2.37,3.524
4635,06.02.2011 01:00:00,-6.18,-5.37,-4.62,-3.81,-2.37
4636,06.02.2011 02:00:00,-6.18,-5.31,-4.62,-3.81,-2.37
4637,06.02.2011 03:00:00,-6.18,-5.31,-4.62,-3.81,-2.37
4638,06.02.2011 04:00:00,-6.18,-5.31,-4.62,-3.81,-2.37
4639,06.02.2011 05:00:00,-6.12,-5.31,-4.62,-3.81,-2.37
4640,06.02.2011 06:00:00,-6.18,-5.31,-4.62,-3.81,-2.37,3.529
4641,06.02.2011 07:00:00,-6.12,-5.31,-4.62,-3.81,-2.37
4642,06.02.2011 08:00:00,-6.12,-5.31,-4.62,-3.81,-2.37
4643,06.02.2011 09:00:00,-6.12,-5.31,-4.62,-3.81,-2.37
4644,06.02.2011 10:00:00,-6.12,-5.25,-4.62,-3.75,-2.37
4645,06.02.2011 11:00:00,-6.12,-5.25,-4.56,-3.81,-2.37
4646,06.02.2011 12:00:00,-6.12,-5.31,-4.56,-3.75,-2.37,3.526
4647,06.02.2011 13:00:00,-6.06,-5.25,-4.56,-3.75,-2.37
4648,06.02.2011 14:00:00,-6.06,-5.25,-4.56,-3.75,-2.37
4649,06.02.2011 15:00:00,-6.06,-5.25,-4.56,-3.81,-2.37
4650,06.02.2011 16:00:00,-6.06,-5.25,-4.56,-3.81,-2.37
4651,06.02.2011 17:00:00,-6.06,-5.25,-4.56,-3.75,-2.37
4652,06.02.2011 18:00:00,-6.06,-5.18,-4.56,-3.81,-2.37,3.531
4653,06.02.2011 19:00:00,-6.06,-5.25,-4.56,-3.75,-2.37
4654,06.02.2011 20:00:00,-6,-5.25,-4.56,-3.75,-2.37
4655,06.02.2011 21:00:00,-6.06,-5.25,-4.56,-3.75,-2.37
4656,06.02.2011 22:00:00,-6,-5.18,-4.56,-3.75,-2.37
4657,06.02.2011 23:00:00,-6,-5.18,-4.56,-3.75,-2.37
4658,07.02.2011 00:00:00,-6,-5.18,-4.56,-3.75,-2.37,3.531
4659,07.02.2011 01:00:00,-6,-5.18,-4.56,-3.75,-2.37
4660,07.02.2011 02:00:00,-6,-5.18,-4.5,-3.75,-2.37
4661,07.02.2011 03:00:00,-6,-5.18,-4.56,-3.75,-2.37
4662,07.02.2011 04:00:00,-6,-5.18,-4.56,-3.75,-2.37
4663,07.02.2011 05:00:00,-6,-5.18,-4.5,-3.75,-2.37
4664,07.02.2011 06:00:00,-6,-5.18,-4.5,-3.75,-2.37,3.526
4665,07.02.2011 07:00:00,-6,-5.18,-4.5,-3.75,-2.37
4666,07.02.2011 08:00:00,-5.93,-5.18,-4.5,-3.75,-2.37
4667,07.02.2011 09:00:00,-6,-5.18,-4.5,-3.75,-2.37
4668,07.02.2011 10:00:00,-6,-5.12,-4.5,-3.75,-2.37
4669,07.02.2011 11:00:00,-6,-5.12,-4.5,-3.75,-2.37
4670,07.02.2011 12:00:00,-6,-5.12,-4.5,-3.75,-2.37,3.531
4671,07.02.2011 13:00:00,-5.93,-5.12,-4.5,-3.75,-2.43
4672,07.02.2011 14:00:00,-5.93,-5.12,-4.5,-3.75,-2.43
4673,07.02.2011 15:00:00,-5.93,-5.12,-4.5,-3.75,-2.37
4674,07.02.2011 16:00:00,-5.93,-5.12,-4.5,-3.75,-2.43
4675,07.02.2011 17:00:00,-5.93,-5.12,-4.5,-3.75,-2.43
4676,07.02.2011 18:00:00,-5.93,-5.12,-4.43,-3.75,-2.37,3.527
4677,07.02.2011 19:00:00,-5.93,-5.12,-4.43,-3.75,-2.43
4678,07.02.2011 20:00:00,-5.93,-5.12,-4.43,-3.75,-2.37
4679,07.02.2011 21:00:00,-5.93,-5.12,-4.43,-3.68,-2.43
4680,07.02.2011 22:00:00,-5.93,-5.12,-4.43,-3.75,-2.37
4681,07.02.2011 23:00:00,-5.93,-5.12,-4.43,-3.75,-2.37
4682,08.02.2011 00:00:00,-5.87,-5.06,-4.43,-3.75,-2.43,3.531
4683,08.02.2011 01:00:00,-5.93,-5.06,-4.43,-3.75,-2.43
4684,08.02.2011 02:00:00,-5.87,-5.06,-4.43,-3.68,-2.37
4685,08.02.2011 03:00:00,-5.87,-5.06,-4.43,-3.75,-2.43
4686,08.02.2011 04:00:00,-5.87,-5.06,-4.43,-3.75,-2.37
4687,08.02.2011 05:00:00,-5.87,-5.06,-4.43,-3.68,-2.37
4688,08.02.2011 06:00:00,-5.87,-5.06,-4.43,-3.68,-2.43,3.526
4689,08.02.2011 07:00:00,-5.87,-5.06,-4.43,-3.68,-2.43
4690,08.02.2011 08:00:00,-5.87,-5.06,-4.43,-3.75,-2.43
4691,08.02.2011 09:00:00,-5.87,-5,-4.43,-3.68,-2.43
4692,08.02.2011 10:00:00,-5.81,-5.06,-4.43,-3.68,-2.43
4693,08.02.2011 11:00:00,-5.81,-5.06,-4.43,-3.68,-2.43
4694,08.02.2011 12:00:00,-5.81,-5.06,-4.43,-3.68,-2.43,3.527
4695,08.02.2011 13:00:00,-5.81,-5.06,-4.37,-3.68,-2.43
4696,08.02.2011 14:00:00,-5.81,-5,-4.43,-3.68,-2.43
4697,08.02.2011 15:00:00,-5.81,-5,-4.37,-3.68,-2.37
4698,08.02.2011 16:00:00,-5.81,-5,-4.43,-3.68,-2.43
4699,08.02.2011 17:00:00,-5.81,-5,-4.43,-3.68,-2.43
4700,08.02.2011 18:00:00,-5.81,-5,-4.37,-3.68,-2.43,3.526
4701,08.02.2011 19:00:00,-5.81,-5,-4.37,-3.68,-2.43
4702,08.02.2011 20:00:00,-5.81,-5,-4.37,-3.68,-2.43
4703,08.02.2011 21:00:00,-5.81,-5,-4.37,-3.68,-2.43
4704,08.02.2011 22:00:00,-5.81,-5,-4.43,-3.68,-2.43
4705,08.02.2011 23:00:00,-5.81,-5,-4.37,-3.68,-2.43
4706,09.02.2011 00:00:00,-5.81,-5,-4.37,-3.68,-2.43,3.531
4707,09.02.2011 01:00:00,-5.81,-5,-4.37,-3.68,-2.43
4708,09.02.2011 02:00:00,-5.81,-5,-4.37,-3.68,-2.43
4709,09.02.2011 03:00:00,-5.75,-5,-4.37,-3.62,-2.43
4710,09.02.2011 04:00:00,-5.81,-5,-4.37,-3.68,-2.43
4711,09.02.2011 05:00:00,-5.81,-4.93,-4.37,-3.68,-2.43
4712,09.02.2011 06:00:00,-5.81,-5,-4.31,-3.68,-2.43,3.531
4713,09.02.2011 07:00:00,-5.81,-4.93,-4.37,-3.68,-2.43
4714,09.02.2011 08:00:00,-5.75,-4.93,-4.37,-3.68,-2.43
4715,09.02.2011 09:00:00,-5.75,-4.93,-4.31,-3.62,-2.43
4716,09.02.2011 10:00:00,-5.75,-4.93,-4.37,-3.68,-2.37
4717,09.02.2011 11:00:00,-5.81,-5,-4.31,-3.62,-2.43
4718,09.02.2011 12:00:00,-5.81,-4.93,-4.37,-3.68,-2.43,3.531
4719,09.02.2011 13:00:00,-5.75,-4.93,-4.31,-3.62,-2.43
4720,09.02.2011 14:00:00,-5.75,-4.93,-4.31,-3.68,-2.43
4721,09.02.2011 15:00:00,-5.75,-4.93,-4.31,-3.68,-2.43
4722,09.02.2011 16:00:00,-5.81,-4.93,-4.31,-3.68,-2.43
4723,09.02.2011 17:00:00,-5.75,-4.93,-4.31,-3.62,-2.43
4724,09.02.2011 18:00:00,-5.75,-4.93,-4.31,-3.62,-2.43,3.526
4725,09.02.2011 19:00:00,-5.81,-4.93,-4.31,-3.62,-2.43
4726,09.02.2011 20:00:00,-5.81,-4.93,-4.31,-3.62,-2.43
4727,09.02.2011 21:00:00,-5.81,-4.93,-4.31,-3.62,-2.43
4728,09.02.2011 22:00:00,-5.75,-4.93,-4.31,-3.62,-2.43
4729,09.02.2011 23:00:00,-5.75,-4.93,-4.31,-3.68,-2.43
4730,10.02.2011 00:00:00,-5.81,-4.93,-4.31,-3.62,-2.43,3.531
4731,10.02.2011 01:00:00,-5.75,-4.93,-4.31,-3.62,-2.43
4732,10.02.2011 02:00:00,-5.75,-4.93,-4.31,-3.62,-2.43
4733,10.02.2011 03:00:00,-5.75,-4.93,-4.31,-3.62,-2.43
4734,10.02.2011 04:00:00,-5.75,-4.93,-4.31,-3.62,-2.43
4735,10.02.2011 05:00:00,-5.75,-4.93,-4.31,-3.62,-2.43
4736,10.02.2011 06:00:00,-5.75,-4.93,-4.31,-3.62,-2.43,3.531
4737,10.02.2011 07:00:00,-5.75,-4.93,-4.31,-3.62,-2.43
4738,10.02.2011 08:00:00,-5.75,-4.93,-4.31,-3.62,-2.43
4739,10.02.2011 09:00:00,-5.75,-4.93,-4.31,-3.62,-2.43
4740,10.02.2011 10:00:00,-5.75,-4.93,-4.31,-3.62,-2.43
4741,10.02.2011 11:00:00,-5.75,-4.93,-4.31,-3.62,-2.43
4742,10.02.2011 12:00:00,-5.75,-4.87,-4.31,-3.62,-2.43,3.533
4743,10.02.2011 13:00:00,-5.75,-4.93,-4.31,-3.62,-2.43
4744,10.02.2011 14:00:00,-5.75,-4.87,-4.31,-3.62,-2.43
4745,10.02.2011 15:00:00,-5.68,-4.93,-4.25,-3.62,-2.43
4746,10.02.2011 16:00:00,-5.75,-4.93,-4.31,-3.62,-2.43
4747,10.02.2011 17:00:00,-5.68,-4.87,-4.31,-3.56,-2.43
4748,10.02.2011 18:00:00,-5.68,-4.93,-4.25,-3.62,-2.43,3.529
4749,10.02.2011 19:00:00,-5.68,-4.87,-4.31,-3.62,-2.43
4750,10.02.2011 20:00:00,-5.68,-4.87,-4.25,-3.56,-2.43
4751,10.02.2011 21:00:00,-5.68,-4.87,-4.31,-3.62,-2.43
4752,10.02.2011 22:00:00,-5.68,-4.87,-4.31,-3.62,-2.43
4753,10.02.2011 23:00:00,-5.68,-4.87,-4.31,-3.62,-2.43
4754,11.02.2011 00:00:00,-5.68,-4.87,-4.25,-3.62,-2.43,3.532
4755,11.02.2011 01:00:00,-5.68,-4.87,-4.25,-3.62,-2.43
4756,11.02.2011 02:00:00,-5.68,-4.87,-4.25,-3.62,-2.43
4757,11.02.2011 03:00:00,-5.68,-4.87,-4.25,-3.62,-2.43
4758,11.02.2011 04:00:00,-5.68,-4.87,-4.25,-3.62,-2.43
4759,11.02.2011 05:00:00,-5.68,-4.87,-4.25,-3.62,-2.43
4760,11.02.2011 06:00:00,-5.68,-4.87,-4.25,-3.62,-2.43,3.527
4761,11.02.2011 07:00:00,-5.68,-4.87,-4.25,-3.56,-2.43
4762,11.02.2011 08:00:00,-5.68,-4.87,-4.25,-3.62,-2.43
4763,11.02.2011 09:00:00,-5.68,-4.87,-4.25,-3.62,-2.43
4764,11.02.2011 10:00:00,-5.68,-4.87,-4.25,-3.62,-2.43
4765,11.02.2011 11:00:00,-5.68,-4.87,-4.25,-3.56,-2.43
4766,11.02.2011 12:00:00,-5.68,-4.87,-4.25,-3.62,-2.43,3.527
4767,11.02.2011 13:00:00,-5.68,-4.87,-4.25,-3.56,-2.43
4768,11.02.2011 14:00:00,-5.75,-4.87,-4.25,-3.56,-2.43
4769,11.02.2011 15:00:00,-5.75,-4.87,-4.25,-3.62,-2.43
4770,11.02.2011 16:00:00,-5.75,-4.87,-4.25,-3.56,-2.43
4771,11.02.2011 17:00:00,-5.75,-4.87,-4.25,-3.56,-2.43
4772,11.02.2011 18:00:00,-5.75,-4.87,-4.25,-3.56,-2.43,3.530
4773,11.02.2011 19:00:00,-5.75,-4.87,-4.25,-3.56,-2.43
4774,11.02.2011 20:00:00,-5.75,-4.87,-4.25,-3.62,-2.43
4775,11.02.2011 21:00:00,-5.75,-4.87,-4.25,-3.56,-2.43
4776,11.02.2011 22:00:00,-5.81,-4.87,-4.25,-3.56,-2.43
4777,11.02.2011 23:00:00,-5.75,-4.87,-4.25,-3.56,-2.43
4778,12.02.2011 00:00:00,-5.81,-4.87,-4.25,-3.56,-2.43,3.526
4779,12.02.2011 01:00:00,-5.81,-4.87,-4.25,-3.56,-2.43
4780,12.02.2011 02:00:00,-5.81,-4.87,-4.25,-3.62,-2.43
4781,12.02.2011 03:00:00,-5.81,-4.87,-4.25,-3.56,-2.43
4782,12.02.2011 04:00:00,-5.81,-4.87,-4.25,-3.56,-2.43
4783,12.02.2011 05:00:00,-5.81,-4.87,-4.25,-3.56,-2.43
4784,12.02.2011 06:00:00,-5.81,-4.87,-4.25,-3.56,-2.43,3.525
4785,12.02.2011 07:00:00,-5.87,-4.87,-4.25,-3.56,-2.43
4786,12.02.2011 08:00:00,-5.81,-4.87,-4.25,-3.56,-2.43
4787,12.02.2011 09:00:00,-5.87,-4.93,-4.25,-3.56,-2.43
4788,12.02.2011 10:00:00,-5.87,-4.87,-4.25,-3.56,-2.43
4789,12.02.2011 11:00:00,-5.87,-4.87,-4.25,-3.56,-2.43
4790,12.02.2011 12:00:00,-5.87,-4.93,-4.25,-3.56,-2.43,3.531
4791,12.02.2011 13:00:00,-5.87,-4.93,-4.25,-3.56,-2.43
4792,12.02.2011 14:00:00,-5.87,-4.93,-4.25,-3.56,-2.43
4793,12.02.2011 15:00:00,-5.93,-4.93,-4.25,-3.56,-2.43
4794,12.02.2011 16:00:00,-5.87,-4.93,-4.25,-3.56,-2.43
4795,12.02.2011 17:00:00,-5.87,-4.93,-4.25,-3.56,-2.43
4796,12.02.2011 18:00:00,-5.87,-4.93,-4.25,-3.56,-2.43,3.528
4797,12.02.2011 19:00:00,-5.93,-4.93,-4.25,-3.56,-2.43
4798,12.02.2011 20:00:00,-5.93,-4.93,-4.25,-3.56,-2.43
4799,12.02.2011 21:00:00,-5.87,-4.93,-4.25,-3.56,-2.43
4800,12.02.2011 22:00:00,-5.93,-4.93,-4.25,-3.56,-2.43
4801,12.02.2011 23:00:00,-5.93,-5,-4.25,-3.56,-2.43
4802,13.02.2011 00:00:00,-5.93,-5,-4.25,-3.56,-2.43,3.526
4803,13.02.2011 01:00:00,-5.93,-4.93,-4.25,-3.56,-2.43
4804,13.02.2011 02:00:00,-5.93,-4.93,-4.25,-3.56,-2.43
4805,13.02.2011 03:00:00,-5.93,-4.93,-4.25,-3.56,-2.43
4806,13.02.2011 04:00:00,-5.93,-5,-4.25,-3.56,-2.43
4807,13.02.2011 05:00:00,-5.93,-5,-4.25,-3.56,-2.43
4808,13.02.2011 06:00:00,-5.93,-4.93,-4.25,-3.56,-2.43,3.526
4809,13.02.2011 07:00:00,-5.93,-5,-4.31,-3.56,-2.43
4810,13.02.2011 08:00:00,-5.93,-5,-4.31,-3.56,-2.43
4811,13.02.2011 09:00:00,-5.93,-5,-4.25,-3.56,-2.43
4812,13.02.2011 10:00:00,-5.87,-5,-4.25,-3.56,-2.43
4813,13.02.2011 11:00:00,-5.93,-5,-4.31,-3.56,-2.43
4814,13.02.2011 12:00:00,-5.87,-5,-4.31,-3.56,-2.43,3.525
4815,13.02.2011 13:00:00,-5.87,-5,-4.31,-3.56,-2.43
4816,13.02.2011 14:00:00,-5.87,-5,-4.31,-3.56,-2.43
4817,13.02.2011 15:00:00,-5.93,-5,-4.31,-3.56,-2.43
4818,13.02.2011 16:00:00,-5.93,-5,-4.31,-3.56,-2.43
4819,13.02.2011 17:00:00,-5.87,-5,-4.25,-3.56,-2.43
4820,13.02.2011 18:00:00,-5.87,-5,-4.31,-3.56,-2.43,3.526
4821,13.02.2011 19:00:00,-5.87,-4.93,-4.31,-3.56,-2.43
4822,13.02.2011 20:00:00,-5.93,-4.93,-4.31,-3.56,-2.43
4823,13.02.2011 21:00:00,-5.87,-5,-4.31,-3.56,-2.43
4824,13.02.2011 22:00:00,-5.87,-5,-4.31,-3.56,-2.43
4825,13.02.2011 23:00:00,-5.87,-5,-4.31,-3.56,-2.43
4826,14.02.2011 00:00:00,-5.87,-4.93,-4.31,-3.56,-2.43,3.531
4827,14.02.2011 01:00:00,-5.87,-5,-4.25,-3.56,-2.43
4828,14.02.2011 02:00:00,-5.87,-5,-4.31,-3.56,-2.43
4829,14.02.2011 03:00:00,-5.87,-5,-4.25,-3.56,-2.43
4830,14.02.2011 04:00:00,-5.87,-4.93,-4.31,-3.56,-2.43
4831,14.02.2011 05:00:00,-5.87,-4.93,-4.31,-3.56,-2.43
4832,14.02.2011 06:00:00,-5.81,-5,-4.25,-3.62,-2.43,3.527
4833,14.02.2011 07:00:00,-5.81,-4.93,-4.31,-3.56,-2.43
4834,14.02.2011 08:00:00,-5.87,-4.93,-4.31,-3.62,-2.43
4835,14.02.2011 09:00:00,-5.81,-4.93,-4.31,-3.62,-2.43
4836,14.02.2011 10:00:00,-5.81,-4.93,-4.31,-3.56,-2.43
4837,14.02.2011 11:00:00,-5.81,-4.93,-4.31,-3.56,-2.43
4838,14.02.2011 12:00:00,-5.81,-4.93,-4.31,-3.56,-2.43,3.532
4839,14.02.2011 13:00:00,-5.81,-4.93,-4.31,-3.62,-2.43
4840,14.02.2011 14:00:00,-5.75,-4.93,-4.31,-3.56,-2.43
4841,14.02.2011 15:00:00,-5.75,-4.93,-4.31,-3.62,-2.43
4842,14.02.2011 16:00:00,-5.81,-4.93,-4.25,-3.56,-2.43
4843,14.02.2011 17:00:00,-5.81,-4.93,-4.31,-3.62,-2.43
4844,14.02.2011 18:00:00,-5.75,-4.93,-4.31,-3.56,-2.43,3.533
4845,14.02.2011 19:00:00,-5.75,-4.93,-4.31,-3.62,-2.43
4846,14.02.2011 20:00:00,-5.75,-4.93,-4.25,-3.56,-2.43
4847,14.02.2011 21:00:00,-5.75,-4.93,-4.31,-3.56,-2.43
4848,14.02.2011 22:00:00,-5.75,-4.93,-4.25,-3.56,-2.43
4849,14.02.2011 23:00:00,-5.75,-4.93,-4.25,-3.62,-2.43
4850,15.02.2011 00:00:00,-5.75,-4.87,-4.25,-3.62,-2.43,3.527
4851,15.02.2011 01:00:00,-5.75,-4.93,-4.25,-3.56,-2.43
4852,15.02.2011 02:00:00,-5.68,-4.87,-4.25,-3.62,-2.43
4853,15.02.2011 03:00:00,-5.68,-4.87,-4.31,-3.56,-2.43
4854,15.02.2011 04:00:00,-5.68,-4.87,-4.25,-3.56,-2.43
4855,15.02.2011 05:00:00,-5.68,-4.87,-4.25,-3.62,-2.5
4856,15.02.2011 06:00:00,-5.68,-4.87,-4.25,-3.62,-2.43,3.534
4857,15.02.2011 07:00:00,-5.68,-4.87,-4.25,-3.56,-2.43
4858,15.02.2011 08:00:00,-5.68,-4.87,-4.25,-3.56,-2.43
4859,15.02.2011 09:00:00,-5.68,-4.87,-4.25,-3.56,-2.43
4860,15.02.2011 10:00:00,-5.68,-4.87,-4.25,-3.56,-2.43
4861,15.02.2011 11:00:00,-5.68,-4.87,-4.25,-3.56,-2.43
4862,15.02.2011 12:00:00,-5.68,-4.87,-4.25,-3.56,-2.43,3.528
4863,15.02.2011 13:00:00,-5.62,-4.87,-4.25,-3.56,-2.5
4864,15.02.2011 14:00:00,-5.62,-4.87,-4.25,-3.56,-2.43
4865,15.02.2011 15:00:00,-5.62,-4.87,-4.25,-3.56,-2.43
4866,15.02.2011 16:00:00,-5.62,-4.87,-4.25,-3.56,-2.43
4867,15.02.2011 17:00:00,-5.62,-4.87,-4.25,-3.56,-2.43
4868,15.02.2011 18:00:00,-5.68,-4.81,-4.25,-3.56,-2.5,3.532
4869,15.02.2011 19:00:00,-5.62,-4.81,-4.25,-3.56,-2.43
4870,15.02.2011 20:00:00,-5.62,-4.81,-4.25,-3.56,-2.43
4871,15.02.2011 21:00:00,-5.68,-4.81,-4.25,-3.56,-2.43
4872,15.02.2011 22:00:00,-5.68,-4.81,-4.18,-3.56,-2.43
4873,15.02.2011 23:00:00,-5.62,-4.81,-4.18,-3.56,-2.43
4874,16.02.2011 00:00:00,-5.62,-4.81,-4.18,-3.56,-2.43,3.527
4875,16.02.2011 01:00:00,-5.68,-4.81,-4.18,-3.56,-2.43
4876,16.02.2011 02:00:00,-5.62,-4.81,-4.18,-3.56,-2.43
4877,16.02.2011 03:00:00,-5.68,-4.81,-4.18,-3.56,-2.43
4878,16.02.2011 04:00:00,-5.62,-4.81,-4.25,-3.56,-2.43
4879,16.02.2011 05:00:00,-5.68,-4.81,-4.18,-3.56,-2.43
4880,16.02.2011 06:00:00,-5.68,-4.81,-4.18,-3.56,-2.43,3.527
4881,16.02.2011 07:00:00,-5.68,-4.81,-4.18,-3.56,-2.43
4882,16.02.2011 08:00:00,-5.68,-4.81,-4.18,-3.62,-2.43
4883,16.02.2011 09:00:00,-5.68,-4.81,-4.18,-3.56,-2.5
4884,16.02.2011 10:00:00,-5.68,-4.81,-4.18,-3.56,-2.43
4885,16.02.2011 11:00:00,-5.68,-4.81,-4.18,-3.56,-2.43
4886,16.02.2011 12:00:00,-5.68,-4.81,-4.18,-3.56,-2.5,3.528
4887,16.02.2011 13:00:00,-5.68,-4.81,-4.18,-3.56,-2.43
4888,16.02.2011 14:00:00,-5.68,-4.81,-4.18,-3.56,-2.43
4889,16.02.2011 15:00:00,-5.68,-4.81,-4.18,-3.56,-2.5
4890,16.02.2011 16:00:00,-5.68,-4.81,-4.18,-3.56,-2.5
4891,16.02.2011 17:00:00,-5.68,-4.81,-4.18,-3.56,-2.5
4892,16.02.2011 18:00:00,-5.68,-4.81,-4.18,-3.56,-2.43,3.534
4893,16.02.2011 19:00:00,-5.68,-4.81,-4.18,-3.56,-2.43
4894,16.02.2011 20:00:00,-5.68,-4.81,-4.18,-3.56,-2.5
4895,16.02.2011 21:00:00,-5.68,-4.81,-4.18,-3.56,-2.43
4896,16.02.2011 22:00:00,-5.68,-4.81,-4.18,-3.56,-2.43
4897,16.02.2011 23:00:00,-5.75,-4.81,-4.18,-3.56,-2.5
4898,17.02.2011 00:00:00,-5.68,-4.81,-4.18,-3.56,-2.43,3.532
4899,17.02.2011 01:00:00,-5.68,-4.81,-4.18,-3.56,-2.5
4900,17.02.2011 02:00:00,-5.68,-4.81,-4.18,-3.56,-2.5
4901,17.02.2011 03:00:00,-5.75,-4.81,-4.18,-3.56,-2.43
4902,17.02.2011 04:00:00,-5.68,-4.87,-4.18,-3.56,-2.5
4903,17.02.2011 05:00:00,-5.68,-4.81,-4.18,-3.56,-2.5
4904,17.02.2011 06:00:00,-5.68,-4.81,-4.18,-3.56,-2.43,3.532
4905,17.02.2011 07:00:00,-5.68,-4.87,-4.25,-3.56,-2.5
4906,17.02.2011 08:00:00,-5.75,-4.81,-4.18,-3.56,-2.5
4907,17.02.2011 09:00:00,-5.75,-4.81,-4.18,-3.56,-2.5
4908,17.02.2011 10:00:00,-5.75,-4.81,-4.18,-3.56,-2.5
4909,17.02.2011 11:00:00,-5.75,-4.81,-4.18,-3.56,-2.43
4910,17.02.2011 12:00:00,-5.75,-4.81,-4.18,-3.56,-2.5,3.526
4911,17.02.2011 13:00:00,-5.75,-4.87,-4.18,-3.56,-2.5
4912,17.02.2011 14:00:00,-5.75,-4.81,-4.18,-3.56,-2.43
4913,17.02.2011 15:00:00,-5.75,-4.81,-4.18,-3.56,-2.5
4914,17.02.2011 16:00:00,-5.75,-4.87,-4.18,-3.56,-2.5
4915,17.02.2011 17:00:00,-5.81,-4.81,-4.18,-3.56,-2.5
4916,17.02.2011 18:00:00,-5.75,-4.81,-4.18,-3.56,-2.5,3.532
4917,17.02.2011 19:00:00,-5.75,-4.81,-4.25,-3.56,-2.5
4918,17.02.2011 20:00:00,-5.75,-4.87,-4.18,-3.56,-2.5
4919,17.02.2011 21:00:00,-5.81,-4.81,-4.18,-3.56,-2.5
4920,17.02.2011 22:00:00,-5.75,-4.87,-4.18,-3.56,-2.5
4921,17.02.2011 23:00:00,-5.75,-4.87,-4.18,-3.56,-2.43
4922,18.02.2011 00:00:00,-5.81,-4.81,-4.18,-3.56,-2.5,3.529
4923,18.02.2011 01:00:00,-5.81,-4.87,-4.18,-3.56,-2.5
4924,18.02.2011 02:00:00,-5.75,-4.87,-4.18,-3.56,-2.5
4925,18.02.2011 03:00:00,-5.81,-4.87,-4.18,-3.56,-2.5
4926,18.02.2011 04:00:00,-5.81,-4.87,-4.25,-3.56,-2.5
4927,18.02.2011 05:00:00,-5.81,-4.87,-4.18,-3.56,-2.5
4928,18.02.2011 06:00:00,-5.81,-4.87,-4.18,-3.56,-2.5,3.532
4929,18.02.2011 07:00:00,-5.81,-4.87,-4.25,-3.56,-2.5
4930,18.02.2011 08:00:00,-5.81,-4.87,-4.18,-3.56,-2.5
4931,18.02.2011 09:00:00,-5.81,-4.87,-4.25,-3.56,-2.43
4932,18.02.2011 10:00:00,-5.81,-4.87,-4.25,-3.56,-2.5
4933,18.02.2011 11:00:00,-5.81,-4.87,-4.18,-3.56,-2.5
4934,18.02.2011 12:00:00,-5.81,-4.87,-4.18,-3.56,-2.5,3.529
4935,18.02.2011 13:00:00,-5.81,-4.87,-4.25,-3.56,-2.5
4936,18.02.2011 14:00:00,-5.81,-4.87,-4.25,-3.56,-2.5
4937,18.02.2011 15:00:00,-5.81,-4.87,-4.25,-3.56,-2.5
4938,18.02.2011 16:00:00,-5.81,-4.87,-4.25,-3.56,-2.5
4939,18.02.2011 17:00:00,-5.81,-4.87,-4.25,-3.56,-2.5
4940,18.02.2011 18:00:00,-5.81,-4.87,-4.25,-3.56,-2.5,3.532
4941,18.02.2011 19:00:00,-5.81,-4.87,-4.25,-3.56,-2.5
4942,18.02.2011 20:00:00,-5.81,-4.93,-4.18,-3.56,-2.5
4943,18.02.2011 21:00:00,-5.87,-4.87,-4.25,-3.56,-2.5
4944,18.02.2011 22:00:00,-5.87,-4.87,-4.18,-3.56,-2.5
4945,18.02.2011 23:00:00,-5.87,-4.93,-4.25,-3.56,-2.5
4946,19.02.2011 00:00:00,-5.87,-4.93,-4.25,-3.56,-2.5,3.525
4947,19.02.2011 01:00:00,-5.87,-4.87,-4.25,-3.56,-2.5
4948,19.02.2011 02:00:00,-5.87,-4.93,-4.25,-3.56,-2.43
4949,19.02.2011 03:00:00,-5.87,-4.93,-4.25,-3.56,-2.5
4950,19.02.2011 04:00:00,-5.87,-4.93,-4.25,-3.56,-2.43
4951,19.02.2011 05:00:00,-5.87,-4.93,-4.25,-3.56,-2.5
4952,19.02.2011 06:00:00,-5.87,-4.93,-4.25,-3.56,-2.5,3.527
4953,19.02.2011 07:00:00,-5.87,-4.93,-4.25,-3.56,-2.5
4954,19.02.2011 08:00:00,-5.87,-4.93,-4.25,-3.56,-2.5
4955,19.02.2011 09:00:00,-5.87,-4.93,-4.25,-3.56,-2.5
4956,19.02.2011 10:00:00,-5.87,-4.93,-4.25,-3.56,-2.43
4957,19.02.2011 11:00:00,-5.87,-4.93,-4.25,-3.56,-2.5
4958,19.02.2011 12:00:00,-5.87,-4.93,-4.25,-3.56,-2.5,3.527
4959,19.02.2011 13:00:00,-5.87,-4.93,-4.25,-3.56,-2.5
4960,19.02.2011 14:00:00,-5.87,-4.93,-4.25,-3.56,-2.5
4961,19.02.2011 15:00:00,-5.87,-4.93,-4.25,-3.56,-2.5
4962,19.02.2011 16:00:00,-5.87,-4.93,-4.25,-3.56,-2.5
4963,19.02.2011 17:00:00,-5.87,-4.93,-4.25,-3.56,-2.5
4964,19.02.2011 18:00:00,-5.87,-4.93,-4.25,-3.56,-2.5,3.530
4965,19.02.2011 19:00:00,-5.87,-4.93,-4.25,-3.56,-2.5
4966,19.02.2011 20:00:00,-5.87,-4.93,-4.25,-3.56,-2.5
4967,19.02.2011 21:00:00,-5.87,-4.93,-4.25,-3.56,-2.5
4968,19.02.2011 22:00:00,-5.87,-4.93,-4.25,-3.56,-2.5
4969,19.02.2011 23:00:00,-5.87,-4.93,-4.25,-3.56,-2.5
4970,20.02.2011 00:00:00,-5.87,-4.93,-4.25,-3.56,-2.5,3.526
4971,20.02.2011 01:00:00,-5.87,-4.93,-4.25,-3.56,-2.5
4972,20.02.2011 02:00:00,-5.87,-4.93,-4.25,-3.56,-2.5
4973,20.02.2011 03:00:00,-5.87,-4.93,-4.25,-3.56,-2.5
4974,20.02.2011 04:00:00,-5.87,-4.93,-4.25,-3.56,-2.5
4975,20.02.2011 05:00:00,-5.87,-4.93,-4.25,-3.56,-2.5
4976,20.02.2011 06:00:00,-5.87,-4.93,-4.25,-3.56,-2.5,3.532
4977,20.02.2011 07:00:00,-5.81,-4.93,-4.25,-3.56,-2.5
4978,20.02.2011 08:00:00,-5.81,-4.93,-4.25,-3.56,-2.5
4979,20.02.2011 09:00:00,-5.81,-4.93,-4.25,-3.56,-2.5
4980,20.02.2011 10:00:00,-5.81,-4.93,-4.25,-3.56,-2.5
4981,20.02.2011 11:00:00,-5.81,-4.93,-4.25,-3.56,-2.5
4982,20.02.2011 12:00:00,-5.81,-4.93,-4.31,-3.62,-2.5,3.530
4983,20.02.2011 13:00:00,-5.81,-4.93,-4.31,-3.56,-2.5
4984,20.02.2011 14:00:00,-5.81,-4.93,-4.25,-3.62,-2.5
4985,20.02.2011 15:00:00,-5.81,-4.93,-4.25,-3.56,-2.5
4986,20.02.2011 16:00:00,-5.81,-4.93,-4.31,-3.56,-2.5
4987,20.02.2011 17:00:00,-5.81,-4.93,-4.25,-3.56,-2.5
4988,20.02.2011 18:00:00,-5.81,-4.93,-4.25,-3.62,-2.5,3.528
4989,20.02.2011 19:00:00,-5.81,-4.93,-4.25,-3.56,-2.5
4990,20.02.2011 20:00:00,-5.81,-4.93,-4.25,-3.56,-2.5
4991,20.02.2011 21:00:00,-5.81,-4.93,-4.25,-3.62,-2.5
4992,20.02.2011 22:00:00,-5.81,-4.93,-4.25,-3.62,-2.5
4993,20.02.2011 23:00:00,-5.81,-4.93,-4.25,-3.56,-2.5
4994,21.02.2011 00:00:00,-5.81,-4.93,-4.25,-3.62,-2.5,3.528
4995,21.02.2011 01:00:00,-5.81,-4.93,-4.25,-3.56,-2.5
4996,21.02.2011 02:00:00,-5.75,-4.93,-4.31,-3.56,-2.5
4997,21.02.2011 03:00:00,-5.75,-4.93,-4.31,-3.62,-2.5
4998,21.02.2011 04:00:00,-5.75,-4.93,-4.25,-3.56,-2.5
4999,21.02.2011 05:00:00,-5.75,-4.87,-4.25,-3.56,-2.5
5000,21.02.2011 06:00:00,-5.75,-4.87,-4.25,-3.62,-2.5,3.527
5001,21.02.2011 07:00:00,-5.75,-4.87,-4.25,-3.62,-2.5
5002,21.02.2011 08:00:00,-5.75,-4.87,-4.25,-3.56,-2.5
5003,21.02.2011 09:00:00,-5.75,-4.87,-4.25,-3.56,-2.5
5004,21.02.2011 10:00:00,-5.75,-4.87,-4.25,-3.56,-2.5
5005,21.02.2011 11:00:00,-5.75,-4.87,-4.25,-3.62,-2.5
5006,21.02.2011 12:00:00,-5.75,-4.87,-4.25,-3.56,-2.5,3.527
5007,21.02.2011 13:00:00,-5.75,-4.87,-4.25,-3.56,-2.5
5008,21.02.2011 14:00:00,-5.75,-4.87,-4.25,-3.56,-2.5
5009,21.02.2011 15:00:00,-5.75,-4.87,-4.25,-3.62,-2.5
5010,21.02.2011 16:00:00,-5.68,-4.87,-4.25,-3.56,-2.5
5011,21.02.2011 17:00:00,-5.68,-4.87,-4.25,-3.62,-2.5
5012,21.02.2011 18:00:00,-5.68,-4.87,-4.25,-3.62,-2.5,3.534
5013,21.02.2011 19:00:00,-5.68,-4.87,-4.25,-3.62,-2.5
5014,21.02.2011 20:00:00,-5.68,-4.87,-4.25,-3.62,-2.5
5015,21.02.2011 21:00:00,-5.68,-4.87,-4.25,-3.56,-2.5
5016,21.02.2011 22:00:00,-5.68,-4.87,-4.25,-3.62,-2.5
5017,21.02.2011 23:00:00,-5.68,-4.87,-4.25,-3.62,-2.5
5018,22.02.2011 00:00:00,-5.68,-4.87,-4.25,-3.62,-2.5,3.530
5019,22.02.2011 01:00:00,-5.68,-4.87,-4.25,-3.62,-2.5
5020,22.02.2011 02:00:00,-5.68,-4.81,-4.25,-3.56,-2.5
5021,22.02.2011 03:00:00,-5.68,-4.87,-4.25,-3.56,-2.5
5022,22.02.2011 04:00:00,-5.68,-4.87,-4.25,-3.62,-2.5
5023,22.02.2011 05:00:00,-5.62,-4.87,-4.25,-3.62,-2.5
5024,22.02.2011 06:00:00,-5.68,-4.81,-4.25,-3.56,-2.5,3.534
5025,22.02.2011 07:00:00,-5.62,-4.87,-4.18,-3.56,-2.5
5026,22.02.2011 08:00:00,-5.62,-4.81,-4.25,-3.62,-2.56
5027,22.02.2011 09:00:00,-5.62,-4.81,-4.18,-3.56,-2.5
5028,22.02.2011 10:00:00,-5.62,-4.81,-4.25,-3.62,-2.56
5029,22.02.2011 11:00:00,-5.62,-4.81,-4.25,-3.56,-2.5
5030,22.02.2011 12:00:00,-5.62,-4.81,-4.25,-3.56,-2.5,3.535
5031,22.02.2011 13:00:00,-5.62,-4.81,-4.18,-3.56,-2.56
5032,22.02.2011 14:00:00,-5.62,-4.81,-4.18,-3.56,-2.56
5033,22.02.2011 15:00:00,-5.56,-4.81,-4.18,-3.56,-2.5
5034,22.02.2011 16:00:00,-5.56,-4.81,-4.18,-3.56,-2.5
5035,22.02.2011 17:00:00,-5.62,-4.81,-4.18,-3.62,-2.5
5036,22.02.2011 18:00:00,-5.56,-4.81,-4.18,-3.56,-2.56,3.529
5037,22.02.2011 19:00:00,-5.56,-4.75,-4.25,-3.56,-2.56
5038,22.02.2011 20:00:00,-5.56,-4.75,-4.18,-3.56,-2.5
5039,22.02.2011 21:00:00,-5.56,-4.81,-4.18,-3.62,-2.5
5040,22.02.2011 22:00:00,-5.56,-4.75,-4.18,-3.56,-2.56
5041,22.02.2011 23:00:00,-5.56,-4.75,-4.18,-3.56,-2.5
5042,23.02.2011 00:00:00,-5.56,-4.75,-4.18,-3.56,-2.56,3.536
5043,23.02.2011 01:00:00,-5.56,-4.75,-4.18,-3.56,-2.56
5044,23.02.2011 02:00:00,-5.56,-4.75,-4.18,-3.56,-2.5
5045,23.02.2011 03:00:00,-5.56,-4.75,-4.18,-3.56,-2.56
5046,23.02.2011 04:00:00,-5.5,-4.75,-4.18,-3.56,-2.56
5047,23.02.2011 05:00:00,-5.5,-4.75,-4.18,-3.62,-2.5
5048,23.02.2011 06:00:00,-5.5,-4.75,-4.18,-3.56,-2.56,3.530
5049,23.02.2011 07:00:00,-5.5,-4.75,-4.18,-3.56,-2.56
5050,23.02.2011 08:00:00,-5.5,-4.75,-4.18,-3.56,-2.5
5051,23.02.2011 09:00:00,-5.5,-4.75,-4.18,-3.56,-2.5
5052,23.02.2011 10:00:00,-5.5,-4.75,-4.18,-3.56,-2.56
5053,23.02.2011 11:00:00,-5.5,-4.75,-4.12,-3.56,-2.56
5054,23.02.2011 12:00:00,-5.5,-4.68,-4.18,-3.56,-2.5,3.536
5055,23.02.2011 13:00:00,-5.43,-4.68,-4.18,-3.56,-2.56
5056,23.02.2011 14:00:00,-5.43,-4.68,-4.18,-3.56,-2.56
5057,23.02.2011 15:00:00,-5.43,-4.68,-4.12,-3.56,-2.56
5058,23.02.2011 16:00:00,-5.43,-4.68,-4.18,-3.56,-2.56
5059,23.02.2011 17:00:00,-5.43,-4.68,-4.18,-3.56,-2.5
5060,23.02.2011 18:00:00,-5.43,-4.68,-4.12,-3.56,-2.56,3.530
5061,23.02.2011 19:00:00,-5.43,-4.68,-4.12,-3.56,-2.56
5062,23.02.2011 20:00:00,-5.43,-4.68,-4.18,-3.56,-2.56
5063,23.02.2011 21:00:00,-5.43,-4.68,-4.12,-3.56,-2.56
5064,23.02.2011 22:00:00,-5.43,-4.68,-4.18,-3.56,-2.56
5065,23.02.2011 23:00:00,-5.43,-4.68,-4.12,-3.56,-2.56
5066,24.02.2011 00:00:00,-5.37,-4.68,-4.12,-3.56,-2.56,3.532
5067,24.02.2011 01:00:00,-5.37,-4.68,-4.18,-3.56,-2.5
5068,24.02.2011 02:00:00,-5.37,-4.68,-4.12,-3.56,-2.56
5069,24.02.2011 03:00:00,-5.37,-4.62,-4.12,-3.56,-2.5
5070,24.02.2011 04:00:00,-5.37,-4.62,-4.12,-3.56,-2.5
5071,24.02.2011 05:00:00,-5.37,-4.62,-4.12,-3.56,-2.5
5072,24.02.2011 06:00:00,-5.37,-4.62,-4.12,-3.56,-2.5,3.532
5073,24.02.2011 07:00:00,-5.37,-4.62,-4.12,-3.56,-2.56
5074,24.02.2011 08:00:00,-5.37,-4.62,-4.12,-3.56,-2.56
5075,24.02.2011 09:00:00,-5.31,-4.62,-4.06,-3.56,-2.56
5076,24.02.2011 10:00:00,-5.31,-4.62,-4.12,-3.56,-2.56
5077,24.02.2011 11:00:00,-5.31,-4.62,-4.12,-3.56,-2.56
5078,24.02.2011 12:00:00,-5.31,-4.62,-4.12,-3.5,-2.5,3.538
5079,24.02.2011 13:00:00,-5.31,-4.56,-4.12,-3.56,-2.56
5080,24.02.2011 14:00:00,-5.31,-4.62,-4.12,-3.56,-2.56
5081,24.02.2011 15:00:00,-5.31,-4.62,-4.06,-3.56,-2.5
5082,24.02.2011 16:00:00,-5.31,-4.62,-4.06,-3.5,-2.56
5083,24.02.2011 17:00:00,-5.31,-4.62,-4.06,-3.56,-2.56
5084,24.02.2011 18:00:00,-5.31,-4.56,-4.06,-3.56,-2.56,3.537
5085,24.02.2011 19:00:00,-5.31,-4.62,-4.12,-3.5,-2.5
5086,24.02.2011 20:00:00,-5.31,-4.56,-4.06,-3.56,-2.5
5087,24.02.2011 21:00:00,-5.31,-4.56,-4.06,-3.5,-2.56
5088,24.02.2011 22:00:00,-5.31,-4.56,-4.06,-3.56,-2.56
5089,24.02.2011 23:00:00,-5.25,-4.56,-4.06,-3.5,-2.56
5090,25.02.2011 00:00:00,-5.25,-4.56,-4.06,-3.56,-2.56,3.537
5091,25.02.2011 01:00:00,-5.31,-4.56,-4.06,-3.5,-2.56
5092,25.02.2011 02:00:00,-5.25,-4.56,-4.06,-3.5,-2.56
5093,25.02.2011 03:00:00,-5.25,-4.56,-4.06,-3.5,-2.56
5094,25.02.2011 04:00:00,-5.25,-4.56,-4.06,-3.5,-2.56
5095,25.02.2011 05:00:00,-5.25,-4.56,-4.06,-3.5,-2.56
5096,25.02.2011 06:00:00,-5.25,-4.56,-4.06,-3.5,-2.56,3.532
5097,25.02.2011 07:00:00,-5.25,-4.56,-4.06,-3.5,-2.56
5098,25.02.2011 08:00:00,-5.25,-4.56,-4.06,-3.5,-2.56
5099,25.02.2011 09:00:00,-5.25,-4.56,-4.06,-3.5,-2.56
5100,25.02.2011 10:00:00,-5.25,-4.5,-4,-3.5,-2.56
5101,25.02.2011 11:00:00,-5.25,-4.56,-4,-3.5,-2.56
5102,25.02.2011 12:00:00,-5.25,-4.5,-4.06,-3.5,-2.56,3.538
5103,25.02.2011 13:00:00,-5.25,-4.5,-4,-3.5,-2.56
5104,25.02.2011 14:00:00,-5.25,-4.5,-4,-3.5,-2.5
5105,25.02.2011 15:00:00,-5.18,-4.5,-4,-3.5,-2.56
5106,25.02.2011 16:00:00,-5.18,-4.5,-4,-3.5,-2.56
5107,25.02.2011 17:00:00,-5.18,-4.5,-4,-3.5,-2.5
5108,25.02.2011 18:00:00,-5.25,-4.5,-4,-3.5,-2.56,3.535
5109,25.02.2011 19:00:00,-5.25,-4.5,-4,-3.5,-2.56
5110,25.02.2011 20:00:00,-5.25,-4.5,-4,-3.5,-2.56
5111,25.02.2011 21:00:00,-5.18,-4.5,-4,-3.5,-2.56
5112,25.02.2011 22:00:00,-5.25,-4.5,-4,-3.5,-2.5
5113,25.02.2011 23:00:00,-5.18,-4.5,-4,-3.5,-2.56
5114,26.02.2011 00:00:00,-5.18,-4.5,-4,-3.5,-2.5,3.538
5115,26.02.2011 01:00:00,-5.18,-4.5,-4,-3.5,-2.56
5116,26.02.2011 02:00:00,-5.18,-4.5,-4,-3.5,-2.56
5117,26.02.2011 03:00:00,-5.18,-4.5,-4,-3.5,-2.5
5118,26.02.2011 04:00:00,-5.25,-4.5,-4,-3.5,-2.56
5119,26.02.2011 05:00:00,-5.18,-4.5,-4,-3.5,-2.5
5120,26.02.2011 06:00:00,-5.18,-4.5,-4,-3.43,-2.5,3.537
5121,26.02.2011 07:00:00,-5.18,-4.43,-4,-3.43,-2.5
5122,26.02.2011 08:00:00,-5.18,-4.5,-3.93,-3.5,-2.56
5123,26.02.2011 09:00:00,-5.18,-4.5,-3.93,-3.43,-2.56
5124,26.02.2011 10:00:00,-5.18,-4.5,-3.93,-3.5,-2.5
5125,26.02.2011 11:00:00,-5.18,-4.43,-3.93,-3.43,-2.56
5126,26.02.2011 12:00:00,-5.18,-4.5,-4,-3.43,-2.56,3.538
5127,26.02.2011 13:00:00,-5.18,-4.43,-4,-3.43,-2.56
5128,26.02.2011 14:00:00,-5.18,-4.43,-3.93,-3.5,-2.5
5129,26.02.2011 15:00:00,-5.18,-4.43,-3.93,-3.5,-2.5
5130,26.02.2011 16:00:00,-5.18,-4.43,-4,-3.5,-2.56
5131,26.02.2011 17:00:00,-5.18,-4.43,-3.93,-3.43,-2.5
5132,26.02.2011 18:00:00,-5.18,-4.43,-3.93,-3.43,-2.5,3.532
5133,26.02.2011 19:00:00,-5.18,-4.43,-3.93,-3.43,-2.5
5134,26.02.2011 20:00:00,-5.18,-4.43,-3.93,-3.43,-2.5
5135,26.02.2011 21:00:00,-5.18,-4.43,-3.93,-3.43,-2.56
5136,26.02.2011 22:00:00,-5.18,-4.43,-4,-3.43,-2.56
5137,26.02.2011 23:00:00,-5.18,-4.43,-3.93,-3.43,-2.5
5138,27.02.2011 00:00:00,-5.18,-4.5,-3.93,-3.43,-2.5,3.533
5139,27.02.2011 01:00:00,-5.18,-4.43,-3.93,-3.43,-2.5
5140,27.02.2011 02:00:00,-5.18,-4.43,-3.93,-3.43,-2.5
5141,27.02.2011 03:00:00,-5.18,-4.43,-3.93,-3.43,-2.5
5142,27.02.2011 04:00:00,-5.18,-4.43,-3.93,-3.43,-2.5
5143,27.02.2011 05:00:00,-5.18,-4.43,-3.93,-3.43,-2.5
5144,27.02.2011 06:00:00,-5.18,-4.43,-3.93,-3.43,-2.5,3.536
5145,27.02.2011 07:00:00,-5.18,-4.43,-3.93,-3.43,-2.5
5146,27.02.2011 08:00:00,-5.18,-4.43,-3.93,-3.43,-2.5
5147,27.02.2011 09:00:00,-5.18,-4.43,-3.93,-3.43,-2.5
5148,27.02.2011 10:00:00,-5.18,-4.43,-3.93,-3.43,-2.5
5149,27.02.2011 11:00:00,-5.18,-4.43,-3.93,-3.43,-2.5
5150,27.02.2011 12:00:00,-5.18,-4.43,-3.93,-3.43,-2.5,3.532
5151,27.02.2011 13:00:00,-5.18,-4.43,-3.93,-3.43,-2.56
5152,27.02.2011 14:00:00,-5.18,-4.43,-3.93,-3.43,-2.5
5153,27.02.2011 15:00:00,-5.18,-4.43,-3.93,-3.43,-2.5
5154,27.02.2011 16:00:00,-5.18,-4.43,-3.93,-3.43,-2.5
5155,27.02.2011 17:00:00,-5.18,-4.43,-3.93,-3.43,-2.5
5156,27.02.2011 18:00:00,-5.18,-4.43,-3.93,-3.43,-2.56,3.532
5157,27.02.2011 19:00:00,-5.18,-4.43,-3.93,-3.43,-2.5
5158,27.02.2011 20:00:00,-5.18,-4.43,-3.93,-3.43,-2.5
5159,27.02.2011 21:00:00,-5.18,-4.43,-3.93,-3.43,-2.5
5160,27.02.2011 22:00:00,-5.18,-4.43,-3.93,-3.43,-2.5
5161,27.02.2011 23:00:00,-5.18,-4.43,-3.93,-3.43,-2.5
5162,28.02.2011 00:00:00,-5.12,-4.43,-3.87,-3.43,-2.5,3.539
5163,28.02.2011 01:00:00,-5.18,-4.43,-3.93,-3.37,-2.5
5164,28.02.2011 02:00:00,-5.18,-4.43,-3.93,-3.43,-2.5
5165,28.02.2011 03:00:00,-5.12,-4.43,-3.93,-3.43,-2.5
5166,28.02.2011 04:00:00,-5.18,-4.37,-3.93,-3.43,-2.5
5167,28.02.2011 05:00:00,-5.12,-4.43,-3.93,-3.43,-2.5
5168,28.02.2011 06:00:00,-5.12,-4.43,-3.93,-3.43,-2.5,3.538
5169,28.02.2011 07:00:00,-5.12,-4.37,-3.93,-3.43,-2.5
5170,28.02.2011 08:00:00,-5.12,-4.43,-3.87,-3.43,-2.5
5171,28.02.2011 09:00:00,-5.12,-4.37,-3.87,-3.37,-2.5
5172,28.02.2011 10:00:00,-5.18,-4.37,-3.87,-3.43,-2.5
5173,28.02.2011 11:00:00,-5.12,-4.43,-3.87,-3.43,-2.5
5174,28.02.2011 12:00:00,-5.18,-4.37,-3.93,-3.43,-2.5,3.534
5175,28.02.2011 13:00:00,-5.18,-4.43,-3.87,-3.43,-2.5
5176,28.02.2011 14:00:00,-5.12,-4.43,-3.87,-3.43,-2.5
5177,28.02.2011 15:00:00,-5.12,-4.37,-3.87,-3.43,-2.5
5178,28.02.2011 16:00:00,-5.18,-4.37,-3.87,-3.37,-2.5
5179,28.02.2011 17:00:00,-5.18,-4.37,-3.87,-3.37,-2.5
5180,28.02.2011 18:00:00,-5.12,-4.37,-3.87,-3.37,-2.5,3.535
5181,28.02.2011 19:00:00,-5.12,-4.37,-3.87,-3.37,-2.5
5182,28.02.2011 20:00:00,-5.18,-4.43,-3.87,-3.37,-2.5
5183,28.02.2011 21:00:00,-5.18,-4.37,-3.87,-3.43,-2.5
5184,28.02.2011 22:00:00,-5.18,-4.37,-3.87,-3.43,-2.5
5185,28.02.2011 23:00:00,-5.18,-4.43,-3.87,-3.37,-2.5
5186,01.03.2011 00:00:00,-5.18,-4.43,-3.87,-3.37,-2.5,3.533
5187,01.03.2011 01:00:00,-5.18,-4.37,-3.87,-3.37,-2.5
5188,01.03.2011 02:00:00,-5.18,-4.43,-3.87,-3.37,-2.5
5189,01.03.2011 03:00:00,-5.18,-4.43,-3.87,-3.37,-2.5
5190,01.03.2011 04:00:00,-5.18,-4.37,-3.87,-3.37,-2.5
5191,01.03.2011 05:00:00,-5.18,-4.43,-3.87,-3.37,-2.5
5192,01.03.2011 06:00:00,-5.18,-4.37,-3.87,-3.37,-2.5,3.534
5193,01.03.2011 07:00:00,-5.18,-4.37,-3.87,-3.37,-2.5
5194,01.03.2011 08:00:00,-5.18,-4.43,-3.87,-3.37,-2.5
5195,01.03.2011 09:00:00,-5.18,-4.43,-3.93,-3.37,-2.5
5196,01.03.2011 10:00:00,-5.18,-4.37,-3.87,-3.37,-2.5
5197,01.03.2011 11:00:00,-5.18,-4.37,-3.87,-3.37,-2.5
5198,01.03.2011 12:00:00,-5.18,-4.43,-3.87,-3.37,-2.5,3.537
5199,01.03.2011 13:00:00,-5.18,-4.43,-3.87,-3.37,-2.5
5200,01.03.2011 14:00:00,-5.18,-4.37,-3.87,-3.37,-2.5
5201,01.03.2011 15:00:00,-5.18,-4.43,-3.87,-3.37,-2.5
5202,01.03.2011 16:00:00,-5.18,-4.43,-3.87,-3.37,-2.5
5203,01.03.2011 17:00:00,-5.18,-4.43,-3.87,-3.37,-2.5
5204,01.03.2011 18:00:00,-5.18,-4.43,-3.87,-3.37,-2.5,3.533
5205,01.03.2011 19:00:00,-5.18,-4.43,-3.87,-3.37,-2.5
5206,01.03.2011 20:00:00,-5.18,-4.37,-3.87,-3.37,-2.5
5207,01.03.2011 21:00:00,-5.18,-4.43,-3.87,-3.37,-2.5
5208,01.03.2011 22:00:00,-5.18,-4.43,-3.87,-3.37,-2.5
5209,01.03.2011 23:00:00,-5.18,-4.43,-3.87,-3.37,-2.5
5210,02.03.2011 00:00:00,-5.25,-4.43,-3.87,-3.37,-2.5,3.538
5211,02.03.2011 01:00:00,-5.25,-4.43,-3.87,-3.37,-2.5
5212,02.03.2011 02:00:00,-5.25,-4.43,-3.87,-3.37,-2.5
5213,02.03.2011 03:00:00,-5.25,-4.43,-3.87,-3.37,-2.5
5214,02.03.2011 04:00:00,-5.25,-4.43,-3.87,-3.37,-2.5
5215,02.03.2011 05:00:00,-5.25,-4.43,-3.87,-3.37,-2.5
5216,02.03.2011 06:00:00,-5.25,-4.43,-3.87,-3.37,-2.5,3.539
5217,02.03.2011 07:00:00,-5.25,-4.43,-3.87,-3.37,-2.5
5218,02.03.2011 08:00:00,-5.25,-4.43,-3.87,-3.37,-2.5
5219,02.03.2011 09:00:00,-5.25,-4.43,-3.87,-3.37,-2.5
5220,02.03.2011 10:00:00,-5.25,-4.43,-3.87,-3.37,-2.5
5221,02.03.2011 11:00:00,-5.25,-4.43,-3.87,-3.37,-2.5
5222,02.03.2011 12:00:00,-5.25,-4.43,-3.87,-3.37,-2.5,3.532
5223,02.03.2011 13:00:00,-5.25,-4.43,-3.87,-3.37,-2.5
5224,02.03.2011 14:00:00,-5.25,-4.43,-3.87,-3.37,-2.5
5225,02.03.2011 15:00:00,-5.25,-4.43,-3.87,-3.37,-2.5
5226,02.03.2011 16:00:00,-5.25,-4.43,-3.93,-3.37,-2.5
5227,02.03.2011 17:00:00,-5.25,-4.43,-3.87,-3.37,-2.5
5228,02.03.2011 18:00:00,-5.31,-4.43,-3.93,-3.37,-2.5,3.539
5229,02.03.2011 19:00:00,-5.31,-4.43,-3.87,-3.37,-2.5
5230,02.03.2011 20:00:00,-5.31,-4.43,-3.93,-3.37,-2.5
5231,02.03.2011 21:00:00,-5.25,-4.43,-3.93,-3.37,-2.5
5232,02.03.2011 22:00:00,-5.25,-4.43,-3.87,-3.37,-2.5
5233,02.03.2011 23:00:00,-5.31,-4.43,-3.93,-3.37,-2.5
5234,03.03.2011 00:00:00,-5.31,-4.43,-3.87,-3.37,-2.5,3.532
5235,03.03.2011 01:00:00,-5.25,-4.43,-3.87,-3.37,-2.5
5236,03.03.2011 02:00:00,-5.31,-4.43,-3.87,-3.37,-2.5
5237,03.03.2011 03:00:00,-5.31,-4.43,-3.93,-3.37,-2.5
5238,03.03.2011 04:00:00,-5.31,-4.43,-3.93,-3.37,-2.5
5239,03.03.2011 05:00:00,-5.31,-4.5,-3.87,-3.37,-2.5
5240,03.03.2011 06:00:00,-5.31,-4.43,-3.87,-3.37,-2.5,3.537
5241,03.03.2011 07:00:00,-5.31,-4.5,-3.93,-3.37,-2.5
5242,03.03.2011 08:00:00,-5.31,-4.43,-3.87,-3.37,-2.5
5243,03.03.2011 09:00:00,-5.31,-4.43,-3.87,-3.37,-2.5
5244,03.03.2011 10:00:00,-5.31,-4.43,-3.87,-3.37,-2.5
5245,03.03.2011 11:00:00,-5.31,-4.43,-3.93,-3.37,-2.5
5246,03.03.2011 12:00:00,-5.31,-4.43,-3.93,-3.37,-2.5,3.532
5247,03.03.2011 13:00:00,-5.31,-4.5,-3.93,-3.37,-2.5
5248,03.03.2011 14:00:00,-5.31,-4.5,-3.93,-3.37,-2.5
5249,03.03.2011 15:00:00,-5.31,-4.43,-3.93,-3.37,-2.5
5250,03.03.2011 16:00:00,-5.31,-4.5,-3.87,-3.37,-2.5
5251,03.03.2011 17:00:00,-5.31,-4.5,-3.93,-3.37,-2.5
5252,03.03.2011 18:00:00,-5.31,-4.5,-3.93,-3.37,-2.5,3.532
5253,03.03.2011 19:00:00,-5.31,-4.5,-3.87,-3.37,-2.5
5254,03.03.2011 20:00:00,-5.31,-4.43,-3.93,-3.37,-2.5
5255,03.03.2011 21:00:00,-5.31,-4.43,-3.93,-3.37,-2.5
5256,03.03.2011 22:00:00,-5.31,-4.5,-3.93,-3.37,-2.5
5257,03.03.2011 23:00:00,-5.31,-4.5,-3.93,-3.37,-2.5
5258,04.03.2011 00:00:00,-5.31,-4.5,-3.93,-3.37,-2.5,3.532
5259,04.03.2011 01:00:00,-5.25,-4.43,-3.93,-3.37,-2.5
5260,04.03.2011 02:00:00,-5.31,-4.5,-3.93,-3.37,-2.5
5261,04.03.2011 03:00:00,-5.31,-4.43,-3.93,-3.37,-2.5
5262,04.03.2011 04:00:00,-5.31,-4.5,-3.93,-3.37,-2.5
5263,04.03.2011 05:00:00,-5.25,-4.5,-3.93,-3.37,-2.5
5264,04.03.2011 06:00:00,-5.31,-4.43,-3.93,-3.37,-2.5,3.538
5265,04.03.2011 07:00:00,-5.25,-4.5,-3.93,-3.37,-2.5
5266,04.03.2011 08:00:00,-5.31,-4.5,-3.87,-3.37,-2.5
5267,04.03.2011 09:00:00,-5.25,-4.43,-3.93,-3.37,-2.5
5268,04.03.2011 10:00:00,-5.31,-4.5,-3.93,-3.37,-2.5
5269,04.03.2011 11:00:00,-5.25,-4.5,-3.93,-3.37,-2.5
5270,04.03.2011 12:00:00,-5.25,-4.5,-3.93,-3.37,-2.5,3.536
5271,04.03.2011 13:00:00,-5.31,-4.43,-3.93,-3.37,-2.5
5272,04.03.2011 14:00:00,-5.31,-4.5,-3.93,-3.37,-2.5
5273,04.03.2011 15:00:00,-5.25,-4.5,-3.87,-3.37,-2.5
5274,04.03.2011 16:00:00,-5.25,-4.5,-3.93,-3.37,-2.5
5275,04.03.2011 17:00:00,-5.25,-4.5,-3.93,-3.37,-2.5
5276,04.03.2011 18:00:00,-5.25,-4.5,-3.93,-3.37,-2.5,3.538
5277,04.03.2011 19:00:00,-5.25,-4.5,-3.93,-3.37,-2.5
5278,04.03.2011 20:00:00,-5.31,-4.43,-3.93,-3.37,-2.5
5279,04.03.2011 21:00:00,-5.31,-4.5,-3.93,-3.37,-2.5
5280,04.03.2011 22:00:00,-5.31,-4.5,-3.93,-3.37,-2.5
5281,04.03.2011 23:00:00,-5.31,-4.43,-3.87,-3.37,-2.5
5282,05.03.2011 00:00:00,-5.31,-4.43,-3.93,-3.37,-2.5,3.532
5283,05.03.2011 01:00:00,-5.31,-4.43,-3.93,-3.37,-2.5
5284,05.03.2011 02:00:00,-5.31,-4.43,-3.93,-3.37,-2.5
5285,05.03.2011 03:00:00,-5.31,-4.43,-3.93,-3.37,-2.5
5286,05.03.2011 04:00:00,-5.31,-4.5,-3.93,-3.37,-2.5
5287,05.03.2011 05:00:00,-5.31,-4.43,-3.93,-3.37,-2.5
5288,05.03.2011 06:00:00,-5.31,-4.5,-3.93,-3.37,-2.5,3.538
5289,05.03.2011 07:00:00,-5.31,-4.5,-3.93,-3.37,-2.5
5290,05.03.2011 08:00:00,-5.31,-4.5,-3.93,-3.37,-2.5
5291,05.03.2011 09:00:00,-5.31,-4.5,-3.93,-3.37,-2.5
5292,05.03.2011 10:00:00,-5.31,-4.5,-3.93,-3.37,-2.5
5293,05.03.2011 11:00:00,-5.31,-4.5,-3.93,-3.37,-2.5
5294,05.03.2011 12:00:00,-5.31,-4.5,-3.93,-3.37,-2.5,3.535
5295,05.03.2011 13:00:00,-5.31,-4.5,-3.93,-3.37,-2.5
5296,05.03.2011 14:00:00,-5.31,-4.5,-3.93,-3.37,-2.5
5297,05.03.2011 15:00:00,-5.31,-4.5,-3.93,-3.37,-2.5
5298,05.03.2011 16:00:00,-5.31,-4.5,-3.93,-3.37,-2.5
5299,05.03.2011 17:00:00,-5.31,-4.5,-3.93,-3.37,-2.5
5300,05.03.2011 18:00:00,-5.31,-4.5,-3.93,-3.37,-2.5,3.538
5301,05.03.2011 19:00:00,-5.31,-4.5,-3.93,-3.37,-2.5
5302,05.03.2011 20:00:00,-5.31,-4.5,-3.93,-3.37,-2.5
5303,05.03.2011 21:00:00,-5.31,-4.5,-3.87,-3.37,-2.5
5304,05.03.2011 22:00:00,-5.31,-4.5,-3.93,-3.37,-2.5
5305,05.03.2011 23:00:00,-5.31,-4.5,-3.93,-3.37,-2.5
5306,06.03.2011 00:00:00,-5.31,-4.5,-3.93,-3.43,-2.5,3.534
5307,06.03.2011 01:00:00,-5.31,-4.43,-3.93,-3.37,-2.5
5308,06.03.2011 02:00:00,-5.31,-4.5,-3.93,-3.37,-2.5
5309,06.03.2011 03:00:00,-5.31,-4.5,-3.93,-3.37,-2.5
5310,06.03.2011 04:00:00,-5.31,-4.5,-3.93,-3.43,-2.5
5311,06.03.2011 05:00:00,-5.31,-4.5,-3.93,-3.37,-2.5
5312,06.03.2011 06:00:00,-5.31,-4.5,-3.93,-3.37,-2.5,3.536
5313,06.03.2011 07:00:00,-5.31,-4.5,-3.93,-3.37,-2.5
5314,06.03.2011 08:00:00,-5.31,-4.5,-3.93,-3.37,-2.5
5315,06.03.2011 09:00:00,-5.31,-4.5,-3.93,-3.37,-2.5
5316,06.03.2011 10:00:00,-5.31,-4.5,-3.93,-3.37,-2.5
5317,06.03.2011 11:00:00,-5.31,-4.5,-3.93,-3.37,-2.5
5318,06.03.2011 12:00:00,-5.31,-4.5,-3.93,-3.37,-2.5,3.533
5319,06.03.2011 13:00:00,-5.31,-4.43,-3.93,-3.37,-2.5
5320,06.03.2011 14:00:00,-5.25,-4.5,-3.93,-3.43,-2.5
5321,06.03.2011 15:00:00,-5.31,-4.5,-3.93,-3.37,-2.5
5322,06.03.2011 16:00:00,-5.31,-4.5,-3.93,-3.37,-2.5
5323,06.03.2011 17:00:00,-5.31,-4.5,-3.93,-3.37,-2.5
5324,06.03.2011 18:00:00,-5.31,-4.5,-3.93,-3.37,-2.5,3.532
5325,06.03.2011 19:00:00,-5.31,-4.5,-3.93,-3.37,-2.5
5326,06.03.2011 20:00:00,-5.31,-4.5,-3.93,-3.37,-2.5
5327,06.03.2011 21:00:00,-5.31,-4.5,-3.93,-3.37,-2.5
5328,06.03.2011 22:00:00,-5.25,-4.43,-3.93,-3.43,-2.5
5329,06.03.2011 23:00:00,-5.31,-4.5,-3.93,-3.37,-2.5
5330,07.03.2011 00:00:00,-5.31,-4.5,-3.93,-3.37,-2.5,3.533
5331,07.03.2011 01:00:00,-5.31,-4.5,-3.93,-3.37,-2.5
5332,07.03.2011 02:00:00,-5.31,-4.5,-3.93,-3.37,-2.5
5333,07.03.2011 03:00:00,-5.31,-4.5,-3.93,-3.43,-2.5
5334,07.03.2011 04:00:00,-5.31,-4.5,-3.93,-3.37,-2.5
5335,07.03.2011 05:00:00,-5.31,-4.5,-3.93,-3.37,-2.5
5336,07.03.2011 06:00:00,-5.31,-4.5,-3.93,-3.37,-2.5,3.531
5337,07.03.2011 07:00:00,-5.31,-4.5,-3.93,-3.37,-2.5
5338,07.03.2011 08:00:00,-5.31,-4.5,-3.93,-3.37,-2.5
5339,07.03.2011 09:00:00,-5.31,-4.43,-3.93,-3.37,-2.5
5340,07.03.2011 10:00:00,-5.31,-4.5,-3.93,-3.37,-2.5
5341,07.03.2011 11:00:00,-5.31,-4.5,-3.93,-3.37,-2.5
5342,07.03.2011 12:00:00,-5.31,-4.43,-3.93,-3.37,-2.5,3.532
5343,07.03.2011 13:00:00,-5.31,-4.5,-3.93,-3.43,-2.5
5344,07.03.2011 14:00:00,-5.31,-4.43,-3.93,-3.37,-2.5
5345,07.03.2011 15:00:00,-5.31,-4.5,-3.93,-3.43,-2.5
5346,07.03.2011 16:00:00,-5.31,-4.5,-3.93,-3.37,-2.5
5347,07.03.2011 17:00:00,-5.31,-4.5,-3.93,-3.37,-2.5
5348,07.03.2011 18:00:00,-5.31,-4.5,-3.93,-3.37,-2.5,3.539
5349,07.03.2011 19:00:00,-5.25,-4.5,-3.93,-3.37,-2.5
5350,07.03.2011 20:00:00,-5.31,-4.5,-3.93,-3.37,-2.5
5351,07.03.2011 21:00:00,-5.31,-4.5,-3.93,-3.37,-2.5
5352,07.03.2011 22:00:00,-5.25,-4.5,-3.93,-3.37,-2.5
5353,07.03.2011 23:00:00,-5.25,-4.5,-3.93,-3.37,-2.5
5354,08.03.2011 00:00:00,-5.31,-4.5,-3.93,-3.37,-2.5,3.536
5355,08.03.2011 01:00:00,-5.31,-4.5,-3.93,-3.37,-2.5
5356,08.03.2011 02:00:00,-5.25,-4.5,-3.93,-3.37,-2.5
5357,08.03.2011 03:00:00,-5.25,-4.5,-3.93,-3.37,-2.5
5358,08.03.2011 04:00:00,-5.25,-4.5,-3.93,-3.37,-2.5
5359,08.03.2011 05:00:00,-5.25,-4.5,-3.93,-3.37,-2.5
5360,08.03.2011 06:00:00,-5.31,-4.5,-3.87,-3.37,-2.5,3.533
5361,08.03.2011 07:00:00,-5.31,-4.5,-3.93,-3.37,-2.5
5362,08.03.2011 08:00:00,-5.25,-4.43,-3.93,-3.37,-2.5
5363,08.03.2011 09:00:00,-5.25,-4.5,-3.93,-3.43,-2.5
5364,08.03.2011 10:00:00,-5.25,-4.5,-3.93,-3.43,-2.5
5365,08.03.2011 11:00:00,-5.25,-4.5,-3.93,-3.37,-2.5
5366,08.03.2011 12:00:00,-5.25,-4.43,-3.87,-3.37,-2.5,3.533
5367,08.03.2011 13:00:00,-5.25,-4.5,-3.93,-3.37,-2.5
5368,08.03.2011 14:00:00,-5.25,-4.43,-3.93,-3.37,-2.5
5369,08.03.2011 15:00:00,-5.25,-4.5,-3.93,-3.37,-2.5
5370,08.03.2011 16:00:00,-5.25,-4.43,-3.93,-3.37,-2.5
5371,08.03.2011 17:00:00,-5.25,-4.5,-3.93,-3.43,-2.5
5372,08.03.2011 18:00:00,-5.25,-4.5,-3.93,-3.43,-2.5,3.533
5373,08.03.2011 19:00:00,-5.25,-4.5,-3.93,-3.37,-2.5
5374,08.03.2011 20:00:00,-5.25,-4.43,-3.93,-3.43,-2.5
5375,08.03.2011 21:00:00,-5.25,-4.43,-3.93,-3.37,-2.5
5376,08.03.2011 22:00:00,-5.25,-4.43,-3.93,-3.37,-2.5
5377,08.03.2011 23:00:00,-5.18,-4.43,-3.93,-3.37,-2.5
5378,09.03.2011 00:00:00,-5.18,-4.43,-3.93,-3.37,-2.5,3.534
5379,09.03.2011 01:00:00,-5.18,-4.43,-3.87,-3.37,-2.5
5380,09.03.2011 02:00:00,-5.18,-4.43,-3.87,-3.37,-2.5
5381,09.03.2011 03:00:00,-5.18,-4.43,-3.93,-3.37,-2.5
5382,09.03.2011 04:00:00,-5.18,-4.43,-3.87,-3.43,-2.5
5383,09.03.2011 05:00:00,-5.18,-4.43,-3.93,-3.37,-2.5
5384,09.03.2011 06:00:00,-5.18,-4.43,-3.93,-3.37,-2.5,3.538
5385,09.03.2011 07:00:00,-5.18,-4.43,-3.93,-3.37,-2.5
5386,09.03.2011 08:00:00,-5.18,-4.43,-3.93,-3.37,-2.5
5387,09.03.2011 09:00:00,-5.18,-4.43,-3.87,-3.37,-2.5
5388,09.03.2011 10:00:00,-5.18,-4.43,-3.93,-3.37,-2.5
5389,09.03.2011 11:00:00,-5.18,-4.43,-3.93,-3.37,-2.5
5390,09.03.2011 12:00:00,-5.18,-4.43,-3.93,-3.37,-2.56,3.533
5391,09.03.2011 13:00:00,-5.18,-4.43,-3.93,-3.37,-2.5
5392,09.03.2011 14:00:00,-5.18,-4.43,-3.87,-3.37,-2.5
5393,09.03.2011 15:00:00,-5.18,-4.43,-3.87,-3.37,-2.56
5394,09.03.2011 16:00:00,-5.18,-4.43,-3.93,-3.37,-2.5
5395,09.03.2011 17:00:00,-5.18,-4.43,-3.93,-3.37,-2.5
5396,09.03.2011 18:00:00,-5.18,-4.43,-3.87,-3.37,-2.5,3.539
5397,09.03.2011 19:00:00,-5.12,-4.43,-3.87,-3.37,-2.5
5398,09.03.2011 20:00:00,-5.12,-4.37,-3.87,-3.37,-2.5
5399,09.03.2011 21:00:00,-5.18,-4.43,-3.87,-3.37,-2.56
5400,09.03.2011 22:00:00,-5.18,-4.37,-3.87,-3.37,-2.5
5401,09.03.2011 23:00:00,-5.12,-4.37,-3.87,-3.37,-2.56
5402,10.03.2011 00:00:00,-5.18,-4.37,-3.87,-3.37,-2.5,3.539
5403,10.03.2011 01:00:00,-5.12,-4.37,-3.87,-3.43,-2.56
5404,10.03.2011 02:00:00,-5.12,-4.37,-3.87,-3.37,-2.56
5405,10.03.2011 03:00:00,-5.18,-4.37,-3.87,-3.37,-2.5
5406,10.03.2011 04:00:00,-5.12,-4.43,-3.87,-3.37,-2.5
5407,10.03.2011 05:00:00,-5.12,-4.37,-3.87,-3.37,-2.5
5408,10.03.2011 06:00:00,-5.18,-4.43,-3.87,-3.37,-2.5,3.534
5409,10.03.2011 07:00:00,-5.12,-4.37,-3.87,-3.37,-2.5
5410,10.03.2011 08:00:00,-5.12,-4.37,-3.87,-3.37,-2.5
5411,10.03.2011 09:00:00,-5.12,-4.43,-3.87,-3.37,-2.5
5412,10.03.2011 10:00:00,-5.12,-4.37,-3.87,-3.37,-2.5
5413,10.03.2011 11:00:00,-5.12,-4.37,-3.87,-3.37,-2.56
5414,10.03.2011 12:00:00,-5.12,-4.37,-3.87,-3.37,-2.5,3.538
5415,10.03.2011 13:00:00,-5.12,-4.37,-3.87,-3.37,-2.5
5416,10.03.2011 14:00:00,-5.18,-4.37,-3.87,-3.37,-2.5
5417,10.03.2011 15:00:00,-5.12,-4.37,-3.87,-3.43,-2.5
5418,10.03.2011 16:00:00,-5.12,-4.37,-3.87,-3.37,-2.5
5419,10.03.2011 17:00:00,-5.18,-4.37,-3.87,-3.37,-2.5
5420,10.03.2011 18:00:00,-5.12,-4.37,-3.87,-3.37,-2.5,3.534
5421,10.03.2011 19:00:00,-5.18,-4.37,-3.87,-3.37,-2.5
5422,10.03.2011 20:00:00,-5.18,-4.37,-3.87,-3.37,-2.5
5423,10.03.2011 21:00:00,-5.18,-4.37,-3.87,-3.37,-2.5
5424,10.03.2011 22:00:00,-5.12,-4.37,-3.87,-3.37,-2.5
5425,10.03.2011 23:00:00,-5.18,-4.37,-3.87,-3.37,-2.5
5426,11.03.2011 00:00:00,-5.18,-4.37,-3.87,-3.37,-2.5,3.537
5427,11.03.2011 01:00:00,-5.18,-4.37,-3.87,-3.37,-2.5
5428,11.03.2011 02:00:00,-5.18,-4.37,-3.87,-3.37,-2.56
5429,11.03.2011 03:00:00,-5.18,-4.37,-3.87,-3.37,-2.5
5430,11.03.2011 04:00:00,-5.18,-4.37,-3.87,-3.37,-2.5
5431,11.03.2011 05:00:00,-5.18,-4.37,-3.87,-3.37,-2.5
5432,11.03.2011 06:00:00,-5.18,-4.37,-3.87,-3.37,-2.5,3.533
5433,11.03.2011 07:00:00,-5.18,-4.37,-3.87,-3.37,-2.5
5434,11.03.2011 08:00:00,-5.12,-4.37,-3.87,-3.37,-2.5
5435,11.03.2011 09:00:00,-5.18,-4.37,-3.87,-3.37,-2.5
5436,11.03.2011 10:00:00,-5.18,-4.37,-3.87,-3.37,-2.5
5437,11.03.2011 11:00:00,-5.12,-4.37,-3.87,-3.37,-2.5
5438,11.03.2011 12:00:00,-5.18,-4.37,-3.87,-3.37,-2.5,3.534
5439,11.03.2011 13:00:00,-5.18,-4.37,-3.87,-3.37,-2.5
5440,11.03.2011 14:00:00,-5.12,-4.37,-3.87,-3.37,-2.5
5441,11.03.2011 15:00:00,-5.18,-4.37,-3.87,-3.37,-2.56
5442,11.03.2011 16:00:00,-5.12,-4.37,-3.87,-3.37,-2.56
5443,11.03.2011 17:00:00,-5.18,-4.37,-3.87,-3.37,-2.5
5444,11.03.2011 18:00:00,-5.12,-4.37,-3.87,-3.37,-2.5,3.534
5445,11.03.2011 19:00:00,-5.12,-4.37,-3.87,-3.37,-2.5
5446,11.03.2011 20:00:00,-5.12,-4.37,-3.87,-3.37,-2.5
5447,11.03.2011 21:00:00,-5.12,-4.37,-3.87,-3.37,-2.5
5448,11.03.2011 22:00:00,-5.18,-4.37,-3.87,-3.37,-2.56
5449,11.03.2011 23:00:00,-5.12,-4.37,-3.87,-3.37,-2.5
5450,12.03.2011 00:00:00,-5.12,-4.37,-3.87,-3.37,-2.56,3.540
5451,12.03.2011 01:00:00,-5.12,-4.37,-3.87,-3.37,-2.5
5452,12.03.2011 02:00:00,-5.12,-4.37,-3.87,-3.37,-2.5
5453,12.03.2011 03:00:00,-5.12,-4.37,-3.87,-3.37,-2.5
5454,12.03.2011 04:00:00,-5.12,-4.37,-3.81,-3.37,-2.5
5455,12.03.2011 05:00:00,-5.12,-4.37,-3.87,-3.37,-2.56
5456,12.03.2011 06:00:00,-5.12,-4.37,-3.87,-3.37,-2.5,3.539
5457,12.03.2011 07:00:00,-5.06,-4.37,-3.87,-3.37,-2.5
5458,12.03.2011 08:00:00,-5.12,-4.37,-3.87,-3.37,-2.5
5459,12.03.2011 09:00:00,-5.12,-4.37,-3.87,-3.37,-2.56
5460,12.03.2011 10:00:00,-5.12,-4.37,-3.81,-3.37,-2.5
5461,12.03.2011 11:00:00,-5.06,-4.37,-3.87,-3.37,-2.5
5462,12.03.2011 12:00:00,-5.06,-4.37,-3.87,-3.37,-2.5,3.540
5463,12.03.2011 13:00:00,-5.06,-4.37,-3.81,-3.37,-2.56
5464,12.03.2011 14:00:00,-5.06,-4.37,-3.87,-3.37,-2.5
5465,12.03.2011 15:00:00,-5.06,-4.37,-3.87,-3.37,-2.5
5466,12.03.2011 16:00:00,-5.06,-4.31,-3.87,-3.37,-2.5
5467,12.03.2011 17:00:00,-5.06,-4.37,-3.87,-3.37,-2.56
5468,12.03.2011 18:00:00,-5.06,-4.31,-3.87,-3.37,-2.5,3.535
5469,12.03.2011 19:00:00,-5.06,-4.31,-3.87,-3.37,-2.56
5470,12.03.2011 20:00:00,-5.06,-4.37,-3.87,-3.37,-2.5
5471,12.03.2011 21:00:00,-5.06,-4.31,-3.87,-3.37,-2.56
5472,12.03.2011 22:00:00,-5.06,-4.31,-3.87,-3.37,-2.5
5473,12.03.2011 23:00:00,-5,-4.31,-3.87,-3.37,-2.5
5474,13.03.2011 00:00:00,-5,-4.31,-3.87,-3.37,-2.56,3.540
5475,13.03.2011 01:00:00,-5.06,-4.31,-3.81,-3.37,-2.5
5476,13.03.2011 02:00:00,-5,-4.31,-3.87,-3.37,-2.5
5477,13.03.2011 03:00:00,-5,-4.31,-3.81,-3.37,-2.56
5478,13.03.2011 04:00:00,-5,-4.31,-3.81,-3.37,-2.5
5479,13.03.2011 05:00:00,-5,-4.31,-3.81,-3.37,-2.5
5480,13.03.2011 06:00:00,-5,-4.31,-3.81,-3.37,-2.5,3.539
5481,13.03.2011 07:00:00,-5,-4.31,-3.87,-3.37,-2.5
5482,13.03.2011 08:00:00,-5,-4.31,-3.81,-3.37,-2.5
5483,13.03.2011 09:00:00,-5,-4.31,-3.81,-3.31,-2.5
5484,13.03.2011 10:00:00,-5,-4.31,-3.81,-3.37,-2.5
5485,13.03.2011 11:00:00,-4.93,-4.25,-3.81,-3.37,-2.5
5486,13.03.2011 12:00:00,-5,-4.25,-3.81,-3.37,-2.56,3.540
5487,13.03.2011 13:00:00,-5,-4.25,-3.81,-3.37,-2.5
5488,13.03.2011 14:00:00,-4.93,-4.31,-3.81,-3.37,-2.56
5489,13.03.2011 15:00:00,-4.93,-4.31,-3.81,-3.37,-2.56
5490,13.03.2011 16:00:00,-4.93,-4.31,-3.81,-3.37,-2.5
5491,13.03.2011 17:00:00,-4.93,-4.25,-3.81,-3.37,-2.5
5492,13.03.2011 18:00:00,-4.93,-4.25,-3.81,-3.31,-2.5,3.538
5493,13.03.2011 19:00:00,-4.93,-4.25,-3.81,-3.37,-2.5
5494,13.03.2011 20:00:00,-4.93,-4.25,-3.81,-3.37,-2.5
5495,13.03.2011 21:00:00,-4.93,-4.25,-3.81,-3.31,-2.56
5496,13.03.2011 22:00:00,-4.93,-4.25,-3.81,-3.31,-2.5
5497,13.03.2011 23:00:00,-4.93,-4.25,-3.81,-3.37,-2.56
5498,14.03.2011 00:00:00,-4.93,-4.25,-3.81,-3.37,-2.56,3.540
5499,14.03.2011 01:00:00,-4.93,-4.25,-3.81,-3.31,-2.5
5500,14.03.2011 02:00:00,-4.93,-4.25,-3.81,-3.37,-2.5
5501,14.03.2011 03:00:00,-4.93,-4.25,-3.81,-3.31,-2.5
5502,14.03.2011 04:00:00,-4.93,-4.25,-3.81,-3.37,-2.5
5503,14.03.2011 05:00:00,-4.87,-4.25,-3.81,-3.31,-2.5
5504,14.03.2011 06:00:00,-4.87,-4.25,-3.75,-3.31,-2.5,3.536
5505,14.03.2011 07:00:00,-4.93,-4.25,-3.75,-3.31,-2.5
5506,14.03.2011 08:00:00,-4.93,-4.25,-3.75,-3.31,-2.5
5507,14.03.2011 09:00:00,-4.93,-4.25,-3.81,-3.31,-2.5
5508,14.03.2011 10:00:00,-4.93,-4.18,-3.75,-3.31,-2.56
5509,14.03.2011 11:00:00,-4.93,-4.25,-3.81,-3.31,-2.5
5510,14.03.2011 12:00:00,-4.93,-4.18,-3.75,-3.31,-2.5,3.537
5511,14.03.2011 13:00:00,-4.87,-4.18,-3.75,-3.31,-2.56
5512,14.03.2011 14:00:00,-4.93,-4.18,-3.75,-3.31,-2.5
5513,14.03.2011 15:00:00,-4.87,-4.18,-3.75,-3.31,-2.5
5514,14.03.2011 16:00:00,-4.93,-4.25,-3.75,-3.31,-2.5
5515,14.03.2011 17:00:00,-4.87,-4.18,-3.75,-3.31,-2.56
5516,14.03.2011 18:00:00,-4.93,-4.18,-3.75,-3.31,-2.5,3.540
5517,14.03.2011 19:00:00,-4.93,-4.18,-3.81,-3.31,-2.5
5518,14.03.2011 20:00:00,-4.93,-4.18,-3.75,-3.31,-2.5
5519,14.03.2011 21:00:00,-4.87,-4.18,-3.75,-3.31,-2.5
5520,14.03.2011 22:00:00,-4.87,-4.18,-3.75,-3.31,-2.5
5521,14.03.2011 23:00:00,-4.87,-4.18,-3.75,-3.31,-2.5
5522,15.03.2011 00:00:00,-4.87,-4.18,-3.75,-3.31,-2.56,3.538
5523,15.03.2011 01:00:00,-4.93,-4.18,-3.75,-3.31,-2.5
5524,15.03.2011 02:00:00,-4.87,-4.18,-3.75,-3.31,-2.5
5525,15.03.2011 03:00:00,-4.87,-4.18,-3.75,-3.31,-2.5
5526,15.03.2011 04:00:00,-4.93,-4.18,-3.75,-3.31,-2.5
5527,15.03.2011 05:00:00,-4.87,-4.18,-3.75,-3.31,-2.5
5528,15.03.2011 06:00:00,-4.87,-4.18,-3.75,-3.31,-2.5,3.538
5529,15.03.2011 07:00:00,-4.87,-4.18,-3.75,-3.31,-2.5
5530,15.03.2011 08:00:00,-4.87,-4.18,-3.75,-3.31,-2.5
5531,15.03.2011 09:00:00,-4.87,-4.18,-3.75,-3.31,-2.5
5532,15.03.2011 10:00:00,-4.87,-4.18,-3.75,-3.31,-2.5
5533,15.03.2011 11:00:00,-4.87,-4.18,-3.75,-3.31,-2.5
5534,15.03.2011 12:00:00,-4.87,-4.18,-3.75,-3.31,-2.5,3.543
5535,15.03.2011 13:00:00,-4.87,-4.18,-3.75,-3.31,-2.5
5536,15.03.2011 14:00:00,-4.87,-4.18,-3.75,-3.31,-2.5
5537,15.03.2011 15:00:00,-4.87,-4.18,-3.75,-3.31,-2.5
5538,15.03.2011 16:00:00,-4.87,-4.18,-3.75,-3.31,-2.5
5539,15.03.2011 17:00:00,-4.87,-4.18,-3.75,-3.31,-2.5
5540,15.03.2011 18:00:00,-4.87,-4.18,-3.75,-3.31,-2.5,3.541
5541,15.03.2011 19:00:00,-4.87,-4.18,-3.68,-3.31,-2.5
5542,15.03.2011 20:00:00,-4.81,-4.18,-3.75,-3.31,-2.5
5543,15.03.2011 21:00:00,-4.87,-4.18,-3.75,-3.31,-2.5
5544,15.03.2011 22:00:00,-4.87,-4.18,-3.75,-3.31,-2.5
5545,15.03.2011 23:00:00,-4.87,-4.18,-3.75,-3.31,-2.5
5546,16.03.2011 00:00:00,-4.81,-4.18,-3.68,-3.31,-2.5,3.538
5547,16.03.2011 01:00:00,-4.81,-4.12,-3.68,-3.31,-2.5
5548,16.03.2011 02:00:00,-4.81,-4.18,-3.68,-3.31,-2.5
5549,16.03.2011 03:00:00,-4.81,-4.12,-3.68,-3.31,-2.5
5550,16.03.2011 04:00:00,-4.81,-4.12,-3.68,-3.31,-2.5
5551,16.03.2011 05:00:00,-4.81,-4.12,-3.68,-3.31,-2.5
5552,16.03.2011 06:00:00,-4.81,-4.12,-3.75,-3.31,-2.5,3.538
5553,16.03.2011 07:00:00,-4.81,-4.12,-3.68,-3.31,-2.5
5554,16.03.2011 08:00:00,-4.81,-4.12,-3.68,-3.31,-2.5
5555,16.03.2011 09:00:00,-4.81,-4.12,-3.68,-3.31,-2.5
5556,16.03.2011 10:00:00,-4.81,-4.12,-3.68,-3.31,-2.5
5557,16.03.2011 11:00:00,-4.81,-4.12,-3.68,-3.31,-2.5
5558,16.03.2011 12:00:00,-4.81,-4.12,-3.68,-3.31,-2.5,3.539
5559,16.03.2011 13:00:00,-4.81,-4.12,-3.68,-3.25,-2.5
5560,16.03.2011 14:00:00,-4.81,-4.12,-3.68,-3.25,-2.5
5561,16.03.2011 15:00:00,-4.81,-4.12,-3.68,-3.31,-2.5
5562,16.03.2011 16:00:00,-4.75,-4.12,-3.68,-3.31,-2.5
5563,16.03.2011 17:00:00,-4.75,-4.12,-3.68,-3.25,-2.5
5564,16.03.2011 18:00:00,-4.75,-4.12,-3.68,-3.25,-2.5,3.539
5565,16.03.2011 19:00:00,-4.75,-4.12,-3.68,-3.31,-2.5
5566,16.03.2011 20:00:00,-4.75,-4.12,-3.68,-3.25,-2.5
5567,16.03.2011 21:00:00,-4.75,-4.12,-3.68,-3.25,-2.5
5568,16.03.2011 22:00:00,-4.75,-4.06,-3.68,-3.31,-2.5
5569,16.03.2011 23:00:00,-4.75,-4.06,-3.68,-3.31,-2.5
5570,17.03.2011 00:00:00,-4.75,-4.06,-3.68,-3.25,-2.5,3.544
5571,17.03.2011 01:00:00,-4.68,-4.06,-3.68,-3.25,-2.5
5572,17.03.2011 02:00:00,-4.75,-4.06,-3.68,-3.25,-2.5
5573,17.03.2011 03:00:00,-4.68,-4.06,-3.68,-3.31,-2.5
5574,17.03.2011 04:00:00,-4.68,-4.06,-3.68,-3.25,-2.5
5575,17.03.2011 05:00:00,-4.68,-4.06,-3.68,-3.31,-2.5
5576,17.03.2011 06:00:00,-4.68,-4.06,-3.68,-3.31,-2.5,3.539
5577,17.03.2011 07:00:00,-4.68,-4.06,-3.62,-3.25,-2.5
5578,17.03.2011 08:00:00,-4.68,-4.06,-3.68,-3.25,-2.5
5579,17.03.2011 09:00:00,-4.68,-4.06,-3.68,-3.25,-2.5
5580,17.03.2011 10:00:00,-4.68,-4.06,-3.68,-3.25,-2.5
5581,17.03.2011 11:00:00,-4.68,-4.06,-3.62,-3.25,-2.5
5582,17.03.2011 12:00:00,-4.68,-4.06,-3.68,-3.25,-2.5,3.544
5583,17.03.2011 13:00:00,-4.68,-4.06,-3.62,-3.25,-2.5
5584,17.03.2011 14:00:00,-4.68,-4.06,-3.62,-3.25,-2.5
5585,17.03.2011 15:00:00,-4.68,-4.06,-3.62,-3.25,-2.5
5586,17.03.2011 16:00:00,-4.62,-4.06,-3.62,-3.25,-2.5
5587,17.03.2011 17:00:00,-4.68,-4.06,-3.62,-3.25,-2.5
5588,17.03.2011 18:00:00,-4.62,-4.06,-3.68,-3.25,-2.5,3.546
5589,17.03.2011 19:00:00,-4.68,-4,-3.62,-3.25,-2.5
5590,17.03.2011 20:00:00,-4.62,-4,-3.62,-3.25,-2.5
5591,17.03.2011 21:00:00,-4.62,-4,-3.62,-3.25,-2.5
5592,17.03.2011 22:00:00,-4.62,-4,-3.62,-3.25,-2.5
5593,17.03.2011 23:00:00,-4.62,-4.06,-3.62,-3.25,-2.5
5594,18.03.2011 00:00:00,-4.62,-4,-3.62,-3.25,-2.5,3.540
5595,18.03.2011 01:00:00,-4.62,-4,-3.62,-3.25,-2.5
5596,18.03.2011 02:00:00,-4.62,-4,-3.62,-3.25,-2.5
5597,18.03.2011 03:00:00,-4.62,-4,-3.62,-3.25,-2.5
5598,18.03.2011 04:00:00,-4.62,-4,-3.62,-3.25,-2.5
5599,18.03.2011 05:00:00,-4.62,-4,-3.62,-3.25,-2.5
5600,18.03.2011 06:00:00,-4.62,-4,-3.62,-3.25,-2.5,3.546
5601,18.03.2011 07:00:00,-4.62,-4,-3.62,-3.25,-2.5
5602,18.03.2011 08:00:00,-4.62,-4,-3.62,-3.25,-2.5
5603,18.03.2011 09:00:00,-4.62,-4,-3.62,-3.25,-2.5
5604,18.03.2011 10:00:00,-4.62,-4,-3.62,-3.25,-2.5
5605,18.03.2011 11:00:00,-4.62,-4,-3.56,-3.18,-2.5
5606,18.03.2011 12:00:00,-4.62,-4,-3.62,-3.25,-2.5,3.540
5607,18.03.2011 13:00:00,-4.68,-4,-3.56,-3.25,-2.5
5608,18.03.2011 14:00:00,-4.68,-4,-3.62,-3.25,-2.5
5609,18.03.2011 15:00:00,-4.68,-4,-3.56,-3.25,-2.5
5610,18.03.2011 16:00:00,-4.68,-4,-3.56,-3.25,-2.5
5611,18.03.2011 17:00:00,-4.68,-4,-3.62,-3.25,-2.5
5612,18.03.2011 18:00:00,-4.68,-4,-3.56,-3.25,-2.5,3.545
5613,18.03.2011 19:00:00,-4.68,-4,-3.56,-3.25,-2.5
5614,18.03.2011 20:00:00,-4.62,-4,-3.56,-3.25,-2.5
5615,18.03.2011 21:00:00,-4.62,-4,-3.62,-3.25,-2.5
5616,18.03.2011 22:00:00,-4.62,-4,-3.62,-3.18,-2.5
5617,18.03.2011 23:00:00,-4.68,-4,-3.56,-3.18,-2.5
5618,19.03.2011 00:00:00,-4.62,-4,-3.56,-3.25,-2.5,3.539
5619,19.03.2011 01:00:00,-4.68,-4,-3.62,-3.18,-2.5
5620,19.03.2011 02:00:00,-4.68,-4,-3.56,-3.18,-2.5
5621,19.03.2011 03:00:00,-4.62,-4,-3.56,-3.18,-2.5
5622,19.03.2011 04:00:00,-4.68,-4,-3.56,-3.18,-2.5
5623,19.03.2011 05:00:00,-4.62,-4,-3.56,-3.18,-2.5
5624,19.03.2011 06:00:00,-4.68,-4,-3.56,-3.18,-2.5,3.540
5625,19.03.2011 07:00:00,-4.62,-4,-3.56,-3.18,-2.5
5626,19.03.2011 08:00:00,-4.68,-4,-3.56,-3.18,-2.5
5627,19.03.2011 09:00:00,-4.68,-4,-3.56,-3.25,-2.5
5628,19.03.2011 10:00:00,-4.68,-4,-3.56,-3.18,-2.5
5629,19.03.2011 11:00:00,-4.68,-4,-3.56,-3.18,-2.5
5630,19.03.2011 12:00:00,-4.68,-4,-3.56,-3.18,-2.5,3.539
5631,19.03.2011 13:00:00,-4.68,-4,-3.56,-3.18,-2.5
5632,19.03.2011 14:00:00,-4.68,-4,-3.56,-3.18,-2.5
5633,19.03.2011 15:00:00,-4.62,-4,-3.56,-3.18,-2.5
5634,19.03.2011 16:00:00,-4.68,-4,-3.56,-3.18,-2.5
5635,19.03.2011 17:00:00,-4.68,-3.93,-3.56,-3.18,-2.5
5636,19.03.2011 18:00:00,-4.68,-4,-3.56,-3.18,-2.5,3.546
5637,19.03.2011 19:00:00,-4.68,-4,-3.56,-3.18,-2.5
5638,19.03.2011 20:00:00,-4.68,-4,-3.56,-3.18,-2.5
5639,19.03.2011 21:00:00,-4.68,-4,-3.56,-3.18,-2.43
5640,19.03.2011 22:00:00,-4.68,-4,-3.56,-3.18,-2.43
5641,19.03.2011 23:00:00,-4.68,-4,-3.56,-3.18,-2.5
5642,20.03.2011 00:00:00,-4.68,-4,-3.56,-3.18,-2.5,3.542
5643,20.03.2011 01:00:00,-4.68,-3.93,-3.56,-3.18,-2.5
5644,20.03.2011 02:00:00,-4.68,-3.93,-3.56,-3.18,-2.43
5645,20.03.2011 03:00:00,-4.68,-4,-3.56,-3.18,-2.43
5646,20.03.2011 04:00:00,-4.68,-4,-3.56,-3.18,-2.5
5647,20.03.2011 05:00:00,-4.68,-4,-3.56,-3.18,-2.5
5648,20.03.2011 06:00:00,-4.68,-4,-3.56,-3.18,-2.43,3.545
5649,20.03.2011 07:00:00,-4.68,-4,-3.56,-3.18,-2.5
5650,20.03.2011 08:00:00,-4.68,-4,-3.56,-3.18,-2.5
5651,20.03.2011 09:00:00,-4.68,-4,-3.56,-3.18,-2.43
5652,20.03.2011 10:00:00,-4.68,-4,-3.56,-3.18,-2.5
5653,20.03.2011 11:00:00,-4.68,-4,-3.56,-3.18,-2.43
5654,20.03.2011 12:00:00,-4.68,-4,-3.56,-3.18,-2.5,3.539
5655,20.03.2011 13:00:00,-4.68,-4,-3.56,-3.18,-2.5
5656,20.03.2011 14:00:00,-4.68,-4,-3.56,-3.18,-2.5
5657,20.03.2011 15:00:00,-4.68,-4,-3.56,-3.18,-2.43
5658,20.03.2011 16:00:00,-4.68,-4,-3.56,-3.18,-2.5
5659,20.03.2011 17:00:00,-4.68,-4,-3.56,-3.18,-2.43
5660,20.03.2011 18:00:00,-4.75,-4,-3.56,-3.18,-2.43,3.544
5661,20.03.2011 19:00:00,-4.68,-4,-3.56,-3.18,-2.43
5662,20.03.2011 20:00:00,-4.75,-4,-3.56,-3.18,-2.43
5663,20.03.2011 21:00:00,-4.68,-4,-3.56,-3.18,-2.5
5664,20.03.2011 22:00:00,-4.75,-4,-3.56,-3.18,-2.43
5665,20.03.2011 23:00:00,-4.75,-4,-3.56,-3.18,-2.43
5666,21.03.2011 00:00:00,-4.75,-4,-3.56,-3.18,-2.43,3.542
5667,21.03.2011 01:00:00,-4.75,-4,-3.56,-3.18,-2.43
5668,21.03.2011 02:00:00,-4.75,-4,-3.56,-3.18,-2.43
5669,21.03.2011 03:00:00,-4.75,-4,-3.56,-3.18,-2.43
5670,21.03.2011 04:00:00,-4.75,-4,-3.56,-3.18,-2.43
5671,21.03.2011 05:00:00,-4.75,-4,-3.56,-3.18,-2.43
5672,21.03.2011 06:00:00,-4.75,-4,-3.56,-3.18,-2.43,3.544
5673,21.03.2011 07:00:00,-4.75,-4,-3.56,-3.18,-2.43
5674,21.03.2011 08:00:00,-4.75,-4,-3.56,-3.18,-2.43
5675,21.03.2011 09:00:00,-4.75,-4,-3.56,-3.18,-2.43
5676,21.03.2011 10:00:00,-4.75,-4,-3.56,-3.18,-2.43
5677,21.03.2011 11:00:00,-4.75,-4,-3.56,-3.18,-2.43
5678,21.03.2011 12:00:00,-4.75,-4,-3.56,-3.18,-2.43,3.541
5679,21.03.2011 13:00:00,-4.75,-4,-3.56,-3.18,-2.5
5680,21.03.2011 14:00:00,-4.75,-4.06,-3.56,-3.18,-2.5
5681,21.03.2011 15:00:00,-4.75,-4,-3.56,-3.18,-2.43
5682,21.03.2011 16:00:00,-4.75,-4,-3.56,-3.18,-2.43
5683,21.03.2011 17:00:00,-4.75,-4,-3.56,-3.18,-2.43
5684,21.03.2011 18:00:00,-4.75,-4,-3.56,-3.18,-2.43,3.544
5685,21.03.2011 19:00:00,-4.75,-4.06,-3.56,-3.18,-2.43
5686,21.03.2011 20:00:00,-4.75,-4,-3.56,-3.18,-2.43
5687,21.03.2011 21:00:00,-4.81,-4.06,-3.56,-3.18,-2.43
5688,21.03.2011 22:00:00,-4.81,-4,-3.56,-3.18,-2.43
5689,21.03.2011 23:00:00,-4.81,-4,-3.56,-3.18,-2.43
5690,22.03.2011 00:00:00,-4.81,-4.06,-3.56,-3.18,-2.43,3.538
5691,22.03.2011 01:00:00,-4.81,-4,-3.56,-3.18,-2.43
5692,22.03.2011 02:00:00,-4.81,-4.06,-3.56,-3.18,-2.43
5693,22.03.2011 03:00:00,-4.81,-4.06,-3.56,-3.18,-2.43
5694,22.03.2011 04:00:00,-4.81,-4.06,-3.56,-3.18,-2.43
5695,22.03.2011 05:00:00,-4.81,-4.06,-3.56,-3.18,-2.43
5696,22.03.2011 06:00:00,-4.81,-4.06,-3.56,-3.18,-2.43,3.538
5697,22.03.2011 07:00:00,-4.81,-4.06,-3.62,-3.18,-2.43
5698,22.03.2011 08:00:00,-4.81,-4.06,-3.56,-3.18,-2.43
5699,22.03.2011 09:00:00,-4.81,-4.06,-3.56,-3.18,-2.43
5700,22.03.2011 10:00:00,-4.81,-4.06,-3.56,-3.18,-2.43
5701,22.03.2011 11:00:00,-4.81,-4.06,-3.56,-3.18,-2.43
5702,22.03.2011 12:00:00,-4.81,-4.06,-3.56,-3.18,-2.43,3.540
5703,22.03.2011 13:00:00,-4.81,-4.06,-3.56,-3.18,-2.43
5704,22.03.2011 14:00:00,-4.81,-4.06,-3.56,-3.18,-2.43
5705,22.03.2011 15:00:00,-4.81,-4.06,-3.62,-3.18,-2.43
5706,22.03.2011 16:00:00,-4.81,-4.06,-3.56,-3.18,-2.43
5707,22.03.2011 17:00:00,-4.81,-4.06,-3.62,-3.12,-2.43
5708,22.03.2011 18:00:00,-4.81,-4.06,-3.56,-3.18,-2.43,3.539
5709,22.03.2011 19:00:00,-4.87,-4.06,-3.56,-3.18,-2.43
5710,22.03.2011 20:00:00,-4.81,-4.06,-3.56,-3.18,-2.43
5711,22.03.2011 21:00:00,-4.81,-4.06,-3.62,-3.18,-2.43
5712,22.03.2011 22:00:00,-4.81,-4.06,-3.62,-3.18,-2.43
5713,22.03.2011 23:00:00,-4.87,-4.06,-3.62,-3.12,-2.43
5714,23.03.2011 00:00:00,-4.87,-4.06,-3.56,-3.18,-2.43,3.538
5715,23.03.2011 01:00:00,-4.87,-4.06,-3.56,-3.18,-2.43
5716,23.03.2011 02:00:00,-4.87,-4.06,-3.62,-3.18,-2.43
5717,23.03.2011 03:00:00,-4.87,-4.06,-3.56,-3.18,-2.43
5718,23.03.2011 04:00:00,-4.87,-4.06,-3.56,-3.18,-2.43
5719,23.03.2011 05:00:00,-4.87,-4.06,-3.62,-3.18,-2.43
5720,23.03.2011 06:00:00,-4.87,-4.06,-3.56,-3.18,-2.43,3.544
5721,23.03.2011 07:00:00,-4.87,-4.12,-3.62,-3.18,-2.43
5722,23.03.2011 08:00:00,-4.87,-4.06,-3.62,-3.18,-2.43
5723,23.03.2011 09:00:00,-4.87,-4.06,-3.62,-3.18,-2.43
5724,23.03.2011 10:00:00,-4.87,-4.06,-3.62,-3.18,-2.43
5725,23.03.2011 11:00:00,-4.87,-4.12,-3.62,-3.18,-2.43
5726,23.03.2011 12:00:00,-4.87,-4.12,-3.56,-3.18,-2.5,3.542
5727,23.03.2011 13:00:00,-4.87,-4.12,-3.62,-3.18,-2.43
5728,23.03.2011 14:00:00,-4.87,-4.12,-3.62,-3.18,-2.43
5729,23.03.2011 15:00:00,-4.87,-4.12,-3.62,-3.18,-2.43
5730,23.03.2011 16:00:00,-4.87,-4.06,-3.62,-3.18,-2.43
5731,23.03.2011 17:00:00,-4.93,-4.12,-3.62,-3.18,-2.43
5732,23.03.2011 18:00:00,-4.87,-4.12,-3.62,-3.18,-2.43,3.538
5733,23.03.2011 19:00:00,-4.87,-4.12,-3.62,-3.18,-2.43
5734,23.03.2011 20:00:00,-4.87,-4.12,-3.62,-3.18,-2.43
5735,23.03.2011 21:00:00,-4.93,-4.12,-3.62,-3.18,-2.43
5736,23.03.2011 22:00:00,-4.93,-4.12,-3.62,-3.18,-2.43
5737,23.03.2011 23:00:00,-4.93,-4.12,-3.62,-3.18,-2.43
5738,24.03.2011 00:00:00,-4.93,-4.12,-3.62,-3.18,-2.43,3.538
5739,24.03.2011 01:00:00,-4.93,-4.12,-3.62,-3.18,-2.43
5740,24.03.2011 02:00:00,-4.93,-4.12,-3.62,-3.18,-2.43
5741,24.03.2011 03:00:00,-4.93,-4.12,-3.62,-3.18,-2.43
5742,24.03.2011 04:00:00,-4.93,-4.12,-3.62,-3.18,-2.43
5743,24.03.2011 05:00:00,-4.93,-4.12,-3.62,-3.18,-2.43
5744,24.03.2011 06:00:00,-4.93,-4.12,-3.62,-3.18,-2.43,3.539
5745,24.03.2011 07:00:00,-4.93,-4.12,-3.62,-3.18,-2.43
5746,24.03.2011 08:00:00,-4.93,-4.12,-3.62,-3.18,-2.43
5747,24.03.2011 09:00:00,-4.93,-4.12,-3.62,-3.18,-2.43
5748,24.03.2011 10:00:00,-4.93,-4.12,-3.62,-3.18,-2.43
5749,24.03.2011 11:00:00,-4.93,-4.12,-3.68,-3.18,-2.43
5750,24.03.2011 12:00:00,-4.93,-4.12,-3.62,-3.18,-2.43,3.538
5751,24.03.2011 13:00:00,-4.93,-4.18,-3.62,-3.18,-2.43
5752,24.03.2011 14:00:00,-4.93,-4.12,-3.62,-3.18,-2.43
5753,24.03.2011 15:00:00,-4.93,-4.18,-3.68,-3.18,-2.43
5754,24.03.2011 16:00:00,-4.93,-4.12,-3.62,-3.18,-2.43
5755,24.03.2011 17:00:00,-4.93,-4.12,-3.62,-3.18,-2.43
5756,24.03.2011 18:00:00,-4.93,-4.18,-3.68,-3.18,-2.5,3.543
5757,24.03.2011 19:00:00,-4.93,-4.18,-3.62,-3.18,-2.43
5758,24.03.2011 20:00:00,-4.93,-4.12,-3.62,-3.18,-2.43
5759,24.03.2011 21:00:00,-5,-4.18,-3.62,-3.18,-2.43
5760,24.03.2011 22:00:00,-4.93,-4.18,-3.62,-3.18,-2.43
5761,24.03.2011 23:00:00,-5,-4.18,-3.62,-3.18,-2.43
5762,25.03.2011 00:00:00,-5,-4.18,-3.68,-3.18,-2.43,3.538
5763,25.03.2011 01:00:00,-4.93,-4.18,-3.68,-3.18,-2.43
5764,25.03.2011 02:00:00,-4.93,-4.18,-3.62,-3.18,-2.43
5765,25.03.2011 03:00:00,-5,-4.18,-3.62,-3.18,-2.43
5766,25.03.2011 04:00:00,-5,-4.18,-3.68,-3.18,-2.43
5767,25.03.2011 05:00:00,-5,-4.18,-3.68,-3.18,-2.43
5768,25.03.2011 06:00:00,-5,-4.18,-3.68,-3.18,-2.43,3.543
5769,25.03.2011 07:00:00,-4.93,-4.18,-3.68,-3.18,-2.43
5770,25.03.2011 08:00:00,-5,-4.18,-3.68,-3.18,-2.43
5771,25.03.2011 09:00:00,-5,-4.18,-3.68,-3.25,-2.43
5772,25.03.2011 10:00:00,-5,-4.18,-3.68,-3.18,-2.43
5773,25.03.2011 11:00:00,-5,-4.18,-3.68,-3.18,-2.43
5774,25.03.2011 12:00:00,-5,-4.18,-3.68,-3.18,-2.43,3.543
5775,25.03.2011 13:00:00,-5,-4.18,-3.68,-3.18,-2.43
5776,25.03.2011 14:00:00,-5,-4.18,-3.68,-3.18,-2.43
5777,25.03.2011 15:00:00,-5,-4.18,-3.68,-3.25,-2.43
5778,25.03.2011 16:00:00,-5,-4.18,-3.68,-3.18,-2.43
5779,25.03.2011 17:00:00,-5,-4.18,-3.68,-3.18,-2.43
5780,25.03.2011 18:00:00,-4.93,-4.18,-3.68,-3.18,-2.43,3.537
5781,25.03.2011 19:00:00,-5,-4.18,-3.68,-3.18,-2.43
5782,25.03.2011 20:00:00,-5,-4.18,-3.68,-3.18,-2.43
5783,25.03.2011 21:00:00,-5,-4.18,-3.68,-3.25,-2.43
5784,25.03.2011 22:00:00,-5,-4.18,-3.68,-3.18,-2.43
5785,25.03.2011 23:00:00,-5,-4.18,-3.68,-3.18,-2.43
5786,26.03.2011 00:00:00,-5,-4.18,-3.68,-3.18,-2.43,3.544
5787,26.03.2011 01:00:00,-5,-4.18,-3.68,-3.18,-2.43
5788,26.03.2011 02:00:00,-5,-4.18,-3.68,-3.18,-2.43
5789,26.03.2011 03:00:00,-5,-4.18,-3.68,-3.25,-2.43
5790,26.03.2011 04:00:00,-5,-4.18,-3.68,-3.25,-2.5
5791,26.03.2011 05:00:00,-5,-4.18,-3.68,-3.25,-2.5
5792,26.03.2011 06:00:00,-5,-4.18,-3.68,-3.18,-2.5,3.538
5793,26.03.2011 07:00:00,-5,-4.18,-3.68,-3.25,-2.43
5794,26.03.2011 08:00:00,-5,-4.18,-3.68,-3.18,-2.43
5795,26.03.2011 09:00:00,-5,-4.18,-3.68,-3.18,-2.5
5796,26.03.2011 10:00:00,-5,-4.18,-3.68,-3.18,-2.43
5797,26.03.2011 11:00:00,-5,-4.18,-3.68,-3.18,-2.5
5798,26.03.2011 12:00:00,-5,-4.18,-3.68,-3.25,-2.43,3.542
5799,26.03.2011 13:00:00,-4.93,-4.18,-3.68,-3.25,-2.43
5800,26.03.2011 14:00:00,-5,-4.18,-3.68,-3.25,-2.43
5801,26.03.2011 15:00:00,-5,-4.18,-3.68,-3.25,-2.43
5802,26.03.2011 16:00:00,-4.93,-4.18,-3.68,-3.25,-2.5
5803,26.03.2011 17:00:00,-4.93,-4.18,-3.68,-3.25,-2.43
5804,26.03.2011 18:00:00,-4.93,-4.18,-3.68,-3.25,-2.43,3.538
5805,26.03.2011 19:00:00,-4.93,-4.18,-3.68,-3.25,-2.43
5806,26.03.2011 20:00:00,-4.93,-4.18,-3.68,-3.25,-2.43
5807,26.03.2011 21:00:00,-4.93,-4.18,-3.68,-3.25,-2.43
5808,26.03.2011 22:00:00,-4.93,-4.18,-3.68,-3.25,-2.5
5809,26.03.2011 23:00:00,-4.93,-4.18,-3.68,-3.18,-2.5
5810,27.03.2011 00:00:00,-4.93,-4.18,-3.68,-3.25,-2.43,3.538
5811,27.03.2011 01:00:00,-4.93,-4.18,-3.68,-3.25,-2.5
5812,27.03.2011 02:00:00,-4.93,-4.18,-3.68,-3.25,-2.5
5813,27.03.2011 03:00:00,-4.93,-4.18,-3.68,-3.25,-2.43
5814,27.03.2011 04:00:00,-4.93,-4.18,-3.68,-3.25,-2.43
5815,27.03.2011 05:00:00,-4.93,-4.18,-3.68,-3.25,-2.43
5816,27.03.2011 06:00:00,-4.87,-4.18,-3.68,-3.25,-2.5,3.538
5817,27.03.2011 07:00:00,-4.87,-4.18,-3.68,-3.25,-2.43
5818,27.03.2011 08:00:00,-4.87,-4.18,-3.68,-3.25,-2.5
5819,27.03.2011 09:00:00,-4.87,-4.18,-3.68,-3.25,-2.5
5820,27.03.2011 10:00:00,-4.87,-4.18,-3.68,-3.25,-2.5
5821,27.03.2011 11:00:00,-4.87,-4.18,-3.68,-3.25,-2.5
5822,27.03.2011 12:00:00,-4.87,-4.18,-3.68,-3.25,-2.5,3.544
5823,27.03.2011 13:00:00,-4.87,-4.12,-3.68,-3.25,-2.5
5824,27.03.2011 14:00:00,-4.87,-4.12,-3.68,-3.25,-2.5
5825,27.03.2011 15:00:00,-4.87,-4.18,-3.68,-3.25,-2.5
5826,27.03.2011 16:00:00,-4.81,-4.12,-3.68,-3.25,-2.43
5827,27.03.2011 17:00:00,-4.81,-4.12,-3.68,-3.25,-2.43
5828,27.03.2011 18:00:00,-4.81,-4.12,-3.68,-3.25,-2.5,3.543
5829,27.03.2011 19:00:00,-4.81,-4.12,-3.68,-3.25,-2.5
5830,27.03.2011 20:00:00,-4.81,-4.12,-3.68,-3.25,-2.43
5831,27.03.2011 21:00:00,-4.81,-4.12,-3.68,-3.25,-2.5
5832,27.03.2011 22:00:00,-4.81,-4.12,-3.68,-3.25,-2.5
5833,27.03.2011 23:00:00,-4.81,-4.12,-3.68,-3.25,-2.43
5834,28.03.2011 00:00:00,-4.81,-4.12,-3.68,-3.25,-2.5,3.545
5835,28.03.2011 01:00:00,-4.81,-4.12,-3.68,-3.25,-2.5
5836,28.03.2011 02:00:00,-4.81,-4.12,-3.68,-3.25,-2.5
5837,28.03.2011 03:00:00,-4.81,-4.12,-3.68,-3.25,-2.5
5838,28.03.2011 04:00:00,-4.75,-4.12,-3.68,-3.25,-2.5
5839,28.03.2011 05:00:00,-4.75,-4.12,-3.68,-3.25,-2.5
5840,28.03.2011 06:00:00,-4.75,-4.06,-3.68,-3.25,-2.5,3.540
5841,28.03.2011 07:00:00,-4.81,-4.12,-3.68,-3.25,-2.5
5842,28.03.2011 08:00:00,-4.75,-4.12,-3.68,-3.25,-2.5
5843,28.03.2011 09:00:00,-4.75,-4.06,-3.68,-3.25,-2.5
5844,28.03.2011 10:00:00,-4.75,-4.06,-3.62,-3.25,-2.5
5845,28.03.2011 11:00:00,-4.75,-4.06,-3.62,-3.25,-2.5
5846,28.03.2011 12:00:00,-4.68,-4.06,-3.68,-3.25,-2.5,3.544
5847,28.03.2011 13:00:00,-4.68,-4.06,-3.68,-3.25,-2.43
5848,28.03.2011 14:00:00,-4.68,-4.06,-3.62,-3.18,-2.5
5849,28.03.2011 15:00:00,-4.68,-4.06,-3.62,-3.25,-2.43
5850,28.03.2011 16:00:00,-4.68,-4.06,-3.68,-3.25,-2.43
5851,28.03.2011 17:00:00,-4.68,-4.06,-3.62,-3.25,-2.5
5852,28.03.2011 18:00:00,-4.68,-4.06,-3.62,-3.25,-2.5,3.544
5853,28.03.2011 19:00:00,-4.68,-4.06,-3.62,-3.25,-2.5
5854,28.03.2011 20:00:00,-4.68,-4.06,-3.62,-3.25,-2.5
5855,28.03.2011 21:00:00,-4.62,-4.06,-3.62,-3.25,-2.5
5856,28.03.2011 22:00:00,-4.62,-4.06,-3.62,-3.25,-2.5
5857,28.03.2011 23:00:00,-4.68,-4.06,-3.62,-3.25,-2.5
5858,29.03.2011 00:00:00,-4.62,-4,-3.62,-3.18,-2.5,3.547
5859,29.03.2011 01:00:00,-4.62,-4,-3.62,-3.25,-2.5
5860,29.03.2011 02:00:00,-4.62,-4,-3.62,-3.25,-2.5
5861,29.03.2011 03:00:00,-4.62,-4,-3.62,-3.25,-2.5
5862,29.03.2011 04:00:00,-4.62,-4,-3.62,-3.25,-2.43
5863,29.03.2011 05:00:00,-4.62,-4,-3.62,-3.25,-2.5
5864,29.03.2011 06:00:00,-4.56,-4,-3.62,-3.25,-2.5,3.545
5865,29.03.2011 07:00:00,-4.56,-4,-3.62,-3.25,-2.5
5866,29.03.2011 08:00:00,-4.56,-4,-3.56,-3.25,-2.5
5867,29.03.2011 09:00:00,-4.56,-4,-3.62,-3.18,-2.5
5868,29.03.2011 10:00:00,-4.56,-4,-3.62,-3.25,-2.5
5869,29.03.2011 11:00:00,-4.56,-3.93,-3.56,-3.18,-2.5
5870,29.03.2011 12:00:00,-4.56,-3.93,-3.56,-3.25,-2.5,3.547
5871,29.03.2011 13:00:00,-4.56,-3.93,-3.56,-3.18,-2.5
5872,29.03.2011 14:00:00,-4.5,-3.93,-3.56,-3.18,-2.5
5873,29.03.2011 15:00:00,-4.5,-3.93,-3.62,-3.18,-2.5
5874,29.03.2011 16:00:00,-4.5,-3.93,-3.56,-3.25,-2.5
5875,29.03.2011 17:00:00,-4.5,-3.93,-3.56,-3.18,-2.5
5876,29.03.2011 18:00:00,-4.5,-3.93,-3.56,-3.18,-2.5,3.542
5877,29.03.2011 19:00:00,-4.5,-3.93,-3.56,-3.18,-2.5
5878,29.03.2011 20:00:00,-4.5,-3.93,-3.56,-3.18,-2.5
5879,29.03.2011 21:00:00,-4.5,-3.93,-3.56,-3.18,-2.5
5880,29.03.2011 22:00:00,-4.43,-3.93,-3.56,-3.18,-2.5
5881,29.03.2011 23:00:00,-4.43,-3.93,-3.56,-3.18,-2.5
5882,30.03.2011 00:00:00,-4.43,-3.87,-3.56,-3.18,-2.5,3.543
5883,30.03.2011 01:00:00,-4.43,-3.87,-3.56,-3.18,-2.5
5884,30.03.2011 02:00:00,-4.43,-3.87,-3.56,-3.18,-2.5
5885,30.03.2011 03:00:00,-4.43,-3.87,-3.56,-3.18,-2.5
5886,30.03.2011 04:00:00,-4.43,-3.87,-3.56,-3.18,-2.5
5887,30.03.2011 05:00:00,-4.43,-3.87,-3.56,-3.18,-2.5
5888,30.03.2011 06:00:00,-4.37,-3.87,-3.5,-3.18,-2.5,3.545
5889,30.03.2011 07:00:00,-4.37,-3.87,-3.5,-3.18,-2.43
5890,30.03.2011 08:00:00,-4.43,-3.87,-3.5,-3.18,-2.5
5891,30.03.2011 09:00:00,-4.43,-3.87,-3.5,-3.18,-2.5
5892,30.03.2011 10:00:00,-4.37,-3.87,-3.5,-3.18,-2.5
5893,30.03.2011 11:00:00,-4.37,-3.81,-3.5,-3.18,-2.5
5894,30.03.2011 12:00:00,-4.37,-3.87,-3.5,-3.18,-2.5,3.547
5895,30.03.2011 13:00:00,-4.37,-3.81,-3.5,-3.18,-2.5
5896,30.03.2011 14:00:00,-4.37,-3.81,-3.5,-3.18,-2.5
5897,30.03.2011 15:00:00,-4.37,-3.81,-3.5,-3.18,-2.5
5898,30.03.2011 16:00:00,-4.37,-3.81,-3.5,-3.18,-2.43
5899,30.03.2011 17:00:00,-4.37,-3.81,-3.5,-3.12,-2.5
5900,30.03.2011 18:00:00,-4.37,-3.81,-3.5,-3.18,-2.5,3.543
5901,30.03.2011 19:00:00,-4.37,-3.81,-3.5,-3.18,-2.5
5902,30.03.2011 20:00:00,-4.31,-3.81,-3.5,-3.18,-2.5
5903,30.03.2011 21:00:00,-4.31,-3.81,-3.5,-3.18,-2.5
5904,30.03.2011 22:00:00,-4.31,-3.81,-3.5,-3.18,-2.5
5905,30.03.2011 23:00:00,-4.31,-3.81,-3.43,-3.12,-2.5
5906,31.03.2011 00:00:00,-4.31,-3.75,-3.43,-3.12,-2.43,3.550
5907,31.03.2011 01:00:00,-4.31,-3.75,-3.43,-3.18,-2.5
5908,31.03.2011 02:00:00,-4.31,-3.75,-3.43,-3.12,-2.5
5909,31.03.2011 03:00:00,-4.31,-3.75,-3.43,-3.12,-2.43
5910,31.03.2011 04:00:00,-4.31,-3.75,-3.43,-3.12,-2.5
5911,31.03.2011 05:00:00,-4.25,-3.75,-3.43,-3.12,-2.43
5912,31.03.2011 06:00:00,-4.25,-3.75,-3.43,-3.12,-2.5,3.549
5913,31.03.2011 07:00:00,-4.25,-3.75,-3.43,-3.18,-2.5
5914,31.03.2011 08:00:00,-4.25,-3.75,-3.43,-3.12,-2.5
5915,31.03.2011 09:00:00,-4.25,-3.75,-3.43,-3.12,-2.5
5916,31.03.2011 10:00:00,-4.25,-3.75,-3.43,-3.12,-2.43
5917,31.03.2011 11:00:00,-4.25,-3.68,-3.43,-3.12,-2.5
5918,31.03.2011 12:00:00,-4.25,-3.75,-3.43,-3.12,-2.5,3.546
5919,31.03.2011 13:00:00,-4.25,-3.68,-3.43,-3.12,-2.43
5920,31.03.2011 14:00:00,-4.18,-3.68,-3.43,-3.12,-2.43
5921,31.03.2011 15:00:00,-4.25,-3.68,-3.43,-3.12,-2.43
5922,31.03.2011 16:00:00,-4.18,-3.68,-3.37,-3.12,-2.43
5923,31.03.2011 17:00:00,-4.18,-3.68,-3.43,-3.12,-2.5
5924,31.03.2011 18:00:00,-4.18,-3.68,-3.43,-3.12,-2.5,3.547
5925,31.03.2011 19:00:00,-4.18,-3.68,-3.43,-3.12,-2.43
5926,31.03.2011 20:00:00,-4.18,-3.68,-3.37,-3.12,-2.5
5927,31.03.2011 21:00:00,-4.18,-3.68,-3.37,-3.12,-2.43
5928,31.03.2011 22:00:00,-4.18,-3.68,-3.37,-3.12,-2.43
5929,31.03.2011 23:00:00,-4.18,-3.62,-3.37,-3.12,-2.43
5930,01.04.2011 00:00:00,-4.12,-3.68,-3.37,-3.12,-2.43,3.546
5931,01.04.2011 01:00:00,-4.12,-3.68,-3.37,-3.12,-2.43
5932,01.04.2011 02:00:00,-4.12,-3.62,-3.37,-3.12,-2.5
5933,01.04.2011 03:00:00,-4.12,-3.62,-3.37,-3.06,-2.43
5934,01.04.2011 04:00:00,-4.12,-3.62,-3.37,-3.12,-2.43
5935,01.04.2011 05:00:00,-4.12,-3.62,-3.37,-3.06,-2.5
5936,01.04.2011 06:00:00,-4.12,-3.62,-3.37,-3.12,-2.43,3.547
5937,01.04.2011 07:00:00,-4.12,-3.62,-3.37,-3.06,-2.43
5938,01.04.2011 08:00:00,-4.12,-3.62,-3.31,-3.06,-2.43
5939,01.04.2011 09:00:00,-4.06,-3.62,-3.31,-3.06,-2.43
5940,01.04.2011 10:00:00,-4.06,-3.62,-3.31,-3.06,-2.43
5941,01.04.2011 11:00:00,-4.06,-3.62,-3.31,-3.06,-2.43
5942,01.04.2011 12:00:00,-4.06,-3.56,-3.37,-3.06,-2.43,3.551
5943,01.04.2011 13:00:00,-4.06,-3.56,-3.31,-3.06,-2.43
5944,01.04.2011 14:00:00,-4.06,-3.56,-3.31,-3.06,-2.43
5945,01.04.2011 15:00:00,-4.06,-3.62,-3.31,-3.06,-2.43
5946,01.04.2011 16:00:00,-4.06,-3.56,-3.31,-3.06,-2.43
5947,01.04.2011 17:00:00,-4.06,-3.56,-3.31,-3.06,-2.43
5948,01.04.2011 18:00:00,-4.06,-3.56,-3.31,-3.06,-2.43,3.548
5949,01.04.2011 19:00:00,-4,-3.56,-3.31,-3.06,-2.43
5950,01.04.2011 20:00:00,-4.06,-3.56,-3.31,-3.06,-2.43
5951,01.04.2011 21:00:00,-4,-3.56,-3.31,-3.06,-2.43
5952,01.04.2011 22:00:00,-4,-3.56,-3.31,-3.06,-2.43
5953,01.04.2011 23:00:00,-4,-3.56,-3.31,-3.06,-2.43
5954,02.04.2011 00:00:00,-4,-3.56,-3.31,-3.06,-2.43,3.554
5955,02.04.2011 01:00:00,-4,-3.56,-3.31,-3.06,-2.43
5956,02.04.2011 02:00:00,-4,-3.56,-3.25,-3.06,-2.43
5957,02.04.2011 03:00:00,-4,-3.5,-3.31,-3.06,-2.43
5958,02.04.2011 04:00:00,-4,-3.5,-3.25,-3,-2.43
5959,02.04.2011 05:00:00,-4,-3.5,-3.25,-3.06,-2.43
5960,02.04.2011 06:00:00,-3.93,-3.5,-3.25,-3,-2.43,3.555
5961,02.04.2011 07:00:00,-4,-3.5,-3.25,-3,-2.43
5962,02.04.2011 08:00:00,-3.93,-3.5,-3.25,-3.06,-2.43
5963,02.04.2011 09:00:00,-3.93,-3.5,-3.25,-3,-2.43
5964,02.04.2011 10:00:00,-3.93,-3.5,-3.25,-3,-2.43
5965,02.04.2011 11:00:00,-3.93,-3.5,-3.25,-3,-2.43
5966,02.04.2011 12:00:00,-3.93,-3.5,-3.25,-3,-2.43,3.548
5967,02.04.2011 13:00:00,-3.93,-3.5,-3.25,-3,-2.43
5968,02.04.2011 14:00:00,-3.93,-3.5,-3.25,-3,-2.43
5969,02.04.2011 15:00:00,-3.93,-3.5,-3.25,-3,-2.43
5970,02.04.2011 16:00:00,-3.93,-3.5,-3.18,-3,-2.43
5971,02.04.2011 17:00:00,-3.93,-3.43,-3.25,-3,-2.43
5972,02.04.2011 18:00:00,-3.93,-3.43,-3.25,-3,-2.43,3.554
5973,02.04.2011 19:00:00,-3.93,-3.5,-3.25,-3,-2.43
5974,02.04.2011 20:00:00,-3.93,-3.43,-3.25,-3,-2.43
5975,02.04.2011 21:00:00,-3.93,-3.43,-3.18,-3,-2.43
5976,02.04.2011 22:00:00,-3.93,-3.43,-3.25,-3,-2.43
5977,02.04.2011 23:00:00,-3.93,-3.43,-3.18,-2.93,-2.43
5978,03.04.2011 00:00:00,-3.93,-3.43,-3.18,-3,-2.43,3.549
5979,03.04.2011 01:00:00,-3.93,-3.43,-3.18,-3,-2.37
5980,03.04.2011 02:00:00,-3.87,-3.43,-3.18,-3,-2.43
5981,03.04.2011 03:00:00,-3.87,-3.43,-3.18,-3,-2.37
5982,03.04.2011 04:00:00,-3.87,-3.43,-3.18,-3,-2.43
5983,03.04.2011 05:00:00,-3.93,-3.43,-3.18,-3,-2.37
5984,03.04.2011 06:00:00,-3.87,-3.43,-3.18,-3,-2.37,3.554
5985,03.04.2011 07:00:00,-3.87,-3.37,-3.18,-3,-2.37
5986,03.04.2011 08:00:00,-3.87,-3.43,-3.18,-3,-2.37
5987,03.04.2011 09:00:00,-3.87,-3.43,-3.12,-3,-2.43
5988,03.04.2011 10:00:00,-3.87,-3.43,-3.12,-2.93,-2.37
5989,03.04.2011 11:00:00,-3.87,-3.37,-3.18,-3,-2.37
5990,03.04.2011 12:00:00,-3.87,-3.43,-3.18,-2.93,-2.37,3.549
5991,03.04.2011 13:00:00,-3.87,-3.43,-3.18,-2.93,-2.37
5992,03.04.2011 14:00:00,-3.87,-3.37,-3.18,-2.93,-2.37
5993,03.04.2011 15:00:00,-3.87,-3.37,-3.18,-2.93,-2.37
5994,03.04.2011 16:00:00,-3.87,-3.37,-3.12,-2.93,-2.37
5995,03.04.2011 17:00:00,-3.87,-3.37,-3.12,-2.93,-2.37
5996,03.04.2011 18:00:00,-3.87,-3.37,-3.12,-2.93,-2.43,3.549
5997,03.04.2011 19:00:00,-3.81,-3.37,-3.12,-2.93,-2.37
5998,03.04.2011 20:00:00,-3.87,-3.37,-3.12,-2.93,-2.37
5999,03.04.2011 21:00:00,-3.87,-3.37,-3.12,-2.93,-2.37
6000,03.04.2011 22:00:00,-3.87,-3.37,-3.12,-2.93,-2.37
6001,03.04.2011 23:00:00,-3.87,-3.37,-3.12,-2.93,-2.37
6002,04.04.2011 00:00:00,-3.81,-3.37,-3.12,-2.93,-2.37,3.550
6003,04.04.2011 01:00:00,-3.81,-3.37,-3.12,-2.93,-2.37
6004,04.04.2011 02:00:00,-3.81,-3.37,-3.12,-2.93,-2.37
6005,04.04.2011 03:00:00,-3.81,-3.37,-3.12,-2.93,-2.37
6006,04.04.2011 04:00:00,-3.81,-3.37,-3.12,-2.93,-2.37
6007,04.04.2011 05:00:00,-3.81,-3.37,-3.12,-2.93,-2.37
6008,04.04.2011 06:00:00,-3.81,-3.37,-3.12,-2.93,-2.37,3.554
6009,04.04.2011 07:00:00,-3.81,-3.31,-3.12,-2.93,-2.37
6010,04.04.2011 08:00:00,-3.81,-3.31,-3.12,-2.87,-2.37
6011,04.04.2011 09:00:00,-3.81,-3.31,-3.12,-2.93,-2.37
6012,04.04.2011 10:00:00,-3.81,-3.37,-3.12,-2.87,-2.37
6013,04.04.2011 11:00:00,-3.81,-3.31,-3.12,-2.93,-2.37
6014,04.04.2011 12:00:00,-3.81,-3.37,-3.12,-2.87,-2.37,3.554
6015,04.04.2011 13:00:00,-3.81,-3.31,-3.12,-2.93,-2.37
6016,04.04.2011 14:00:00,-3.81,-3.31,-3.06,-2.87,-2.37
6017,04.04.2011 15:00:00,-3.75,-3.31,-3.12,-2.87,-2.37
6018,04.04.2011 16:00:00,-3.81,-3.31,-3.06,-2.87,-2.37
6019,04.04.2011 17:00:00,-3.75,-3.31,-3.06,-2.87,-2.37
6020,04.04.2011 18:00:00,-3.81,-3.31,-3.06,-2.87,-2.37,3.555
6021,04.04.2011 19:00:00,-3.81,-3.31,-3.06,-2.87,-2.37
6022,04.04.2011 20:00:00,-3.75,-3.31,-3.06,-2.87,-2.37
6023,04.04.2011 21:00:00,-3.81,-3.31,-3.06,-2.87,-2.37
6024,04.04.2011 22:00:00,-3.75,-3.31,-3.06,-2.87,-2.37
6025,04.04.2011 23:00:00,-3.75,-3.31,-3.06,-2.87,-2.37
6026,05.04.2011 00:00:00,-3.75,-3.31,-3.06,-2.87,-2.31,3.550
6027,05.04.2011 01:00:00,-3.75,-3.31,-3.06,-2.87,-2.37
6028,05.04.2011 02:00:00,-3.75,-3.31,-3.06,-2.87,-2.37
6029,05.04.2011 03:00:00,-3.75,-3.31,-3.06,-2.87,-2.37
6030,05.04.2011 04:00:00,-3.75,-3.31,-3.06,-2.87,-2.37
6031,05.04.2011 05:00:00,-3.75,-3.31,-3.06,-2.87,-2.31
6032,05.04.2011 06:00:00,-3.75,-3.31,-3.06,-2.87,-2.31,3.555
6033,05.04.2011 07:00:00,-3.75,-3.25,-3.06,-2.87,-2.31
6034,05.04.2011 08:00:00,-3.75,-3.25,-3.06,-2.87,-2.31
6035,05.04.2011 09:00:00,-3.75,-3.25,-3.06,-2.87,-2.31
6036,05.04.2011 10:00:00,-3.75,-3.25,-3.06,-2.87,-2.37
6037,05.04.2011 11:00:00,-3.75,-3.25,-3.06,-2.87,-2.31
6038,05.04.2011 12:00:00,-3.75,-3.25,-3,-2.87,-2.37,3.554
6039,05.04.2011 13:00:00,-3.75,-3.25,-3.06,-2.87,-2.31
6040,05.04.2011 14:00:00,-3.75,-3.25,-3.06,-2.87,-2.37
6041,05.04.2011 15:00:00,-3.75,-3.25,-3.06,-2.87,-2.31
6042,05.04.2011 16:00:00,-3.75,-3.25,-3,-2.87,-2.31
6043,05.04.2011 17:00:00,-3.75,-3.25,-3,-2.87,-2.31
6044,05.04.2011 18:00:00,-3.75,-3.25,-3,-2.81,-2.31,3.556
6045,05.04.2011 19:00:00,-3.75,-3.25,-3.06,-2.87,-2.31
6046,05.04.2011 20:00:00,-3.75,-3.25,-3,-2.81,-2.31
6047,05.04.2011 21:00:00,-3.75,-3.25,-3,-2.81,-2.31
6048,05.04.2011 22:00:00,-3.75,-3.25,-3,-2.81,-2.31
6049,05.04.2011 23:00:00,-3.75,-3.25,-3,-2.81,-2.31
6050,06.04.2011 00:00:00,-3.75,-3.25,-3,-2.81,-2.31,3.553
6051,06.04.2011 01:00:00,-3.75,-3.25,-3,-2.81,-2.31
6052,06.04.2011 02:00:00,-3.75,-3.25,-3,-2.81,-2.31
6053,06.04.2011 03:00:00,-3.75,-3.25,-3,-2.81,-2.31
6054,06.04.2011 04:00:00,-3.75,-3.25,-3,-2.81,-2.31
6055,06.04.2011 05:00:00,-3.75,-3.25,-3,-2.81,-2.31
6056,06.04.2011 06:00:00,-3.75,-3.25,-3,-2.81,-2.31,3.554
6057,06.04.2011 07:00:00,-3.81,-3.25,-3,-2.81,-2.31
6058,06.04.2011 08:00:00,-3.81,-3.25,-3,-2.81,-2.31
6059,06.04.2011 09:00:00,-3.75,-3.25,-3,-2.81,-2.31
6060,06.04.2011 10:00:00,-3.81,-3.25,-3,-2.81,-2.31
6061,06.04.2011 11:00:00,-3.81,-3.25,-3,-2.81,-2.31
6062,06.04.2011 12:00:00,-3.81,-3.25,-3,-2.81,-2.31,3.549
6063,06.04.2011 13:00:00,-3.81,-3.25,-3,-2.81,-2.31
6064,06.04.2011 14:00:00,-3.81,-3.25,-3,-2.81,-2.31
6065,06.04.2011 15:00:00,-3.81,-3.25,-3,-2.81,-2.31
6066,06.04.2011 16:00:00,-3.81,-3.25,-3,-2.81,-2.31
6067,06.04.2011 17:00:00,-3.81,-3.25,-3,-2.81,-2.31
6068,06.04.2011 18:00:00,-3.81,-3.25,-3,-2.81,-2.31,3.550
6069,06.04.2011 19:00:00,-3.81,-3.25,-3,-2.81,-2.31
6070,06.04.2011 20:00:00,-3.81,-3.25,-3,-2.81,-2.31
6071,06.04.2011 21:00:00,-3.81,-3.25,-3,-2.81,-2.31
6072,06.04.2011 22:00:00,-3.81,-3.25,-3,-2.81,-2.31
6073,06.04.2011 23:00:00,-3.81,-3.25,-3,-2.81,-2.31
6074,07.04.2011 00:00:00,-3.81,-3.25,-3,-2.81,-2.31,3.552
6075,07.04.2011 01:00:00,-3.81,-3.25,-3,-2.81,-2.31
6076,07.04.2011 02:00:00,-3.81,-3.25,-3,-2.81,-2.31
6077,07.04.2011 03:00:00,-3.81,-3.25,-3,-2.81,-2.25
6078,07.04.2011 04:00:00,-3.87,-3.25,-3,-2.81,-2.31
6079,07.04.2011 05:00:00,-3.87,-3.25,-3,-2.81,-2.31
6080,07.04.2011 06:00:00,-3.81,-3.25,-2.93,-2.81,-2.31,3.549
6081,07.04.2011 07:00:00,-3.87,-3.25,-2.93,-2.81,-2.31
6082,07.04.2011 08:00:00,-3.87,-3.25,-3,-2.81,-2.25
6083,07.04.2011 09:00:00,-3.87,-3.25,-3,-2.81,-2.25
6084,07.04.2011 10:00:00,-3.87,-3.25,-3,-2.81,-2.31
6085,07.04.2011 11:00:00,-3.87,-3.25,-3,-2.81,-2.25
6086,07.04.2011 12:00:00,-3.87,-3.25,-3,-2.81,-2.25,3.548
6087,07.04.2011 13:00:00,-3.93,-3.25,-3,-2.75,-2.31
6088,07.04.2011 14:00:00,-3.87,-3.31,-3,-2.75,-2.25
6089,07.04.2011 15:00:00,-3.87,-3.25,-3,-2.81,-2.31
6090,07.04.2011 16:00:00,-3.87,-3.31,-3,-2.81,-2.25
6091,07.04.2011 17:00:00,-3.87,-3.25,-3,-2.75,-2.31
6092,07.04.2011 18:00:00,-3.87,-3.31,-3,-2.81,-2.25,3.555
6093,07.04.2011 19:00:00,-3.93,-3.31,-3,-2.81,-2.25
6094,07.04.2011 20:00:00,-3.93,-3.31,-3,-2.81,-2.25
6095,07.04.2011 21:00:00,-3.93,-3.31,-3,-2.75,-2.25
6096,07.04.2011 22:00:00,-3.93,-3.31,-3,-2.75,-2.25
6097,07.04.2011 23:00:00,-3.93,-3.31,-3,-2.75,-2.25
6098,08.04.2011 00:00:00,-3.93,-3.31,-3,-2.75,-2.25,3.552
6099,08.04.2011 01:00:00,-3.93,-3.31,-3,-2.75,-2.25
6100,08.04.2011 02:00:00,-3.93,-3.31,-3,-2.75,-2.25
6101,08.04.2011 03:00:00,-3.93,-3.31,-3,-2.75,-2.25
6102,08.04.2011 04:00:00,-3.93,-3.31,-3,-2.75,-2.25
6103,08.04.2011 05:00:00,-3.93,-3.31,-3,-2.75,-2.25
6104,08.04.2011 06:00:00,-3.93,-3.31,-3,-2.75,-2.25,3.548
6105,08.04.2011 07:00:00,-3.93,-3.31,-3,-2.75,-2.25
6106,08.04.2011 08:00:00,-3.93,-3.31,-3,-2.75,-2.25
6107,08.04.2011 09:00:00,-3.93,-3.31,-3,-2.75,-2.25
6108,08.04.2011 10:00:00,-3.93,-3.31,-3,-2.75,-2.25
6109,08.04.2011 11:00:00,-3.93,-3.31,-3,-2.75,-2.25
6110,08.04.2011 12:00:00,-3.93,-3.31,-3,-2.75,-2.25,3.548
6111,08.04.2011 13:00:00,-4,-3.31,-3,-2.75,-2.25
6112,08.04.2011 14:00:00,-4,-3.31,-3,-2.75,-2.25
6113,08.04.2011 15:00:00,-4,-3.31,-3,-2.75,-2.25
6114,08.04.2011 16:00:00,-4,-3.31,-3,-2.75,-2.25
6115,08.04.2011 17:00:00,-4,-3.31,-3,-2.75,-2.25
6116,08.04.2011 18:00:00,-4,-3.37,-3,-2.75,-2.25,3.548
6117,08.04.2011 19:00:00,-4,-3.37,-3,-2.75,-2.25
6118,08.04.2011 20:00:00,-4,-3.31,-3,-2.75,-2.25
6119,08.04.2011 21:00:00,-4,-3.31,-3,-2.75,-2.25
6120,08.04.2011 22:00:00,-4,-3.31,-3,-2.75,-2.25
6121,08.04.2011 23:00:00,-4,-3.37,-3,-2.75,-2.25
6122,09.04.2011 00:00:00,-4,-3.37,-3,-2.75,-2.25,3.548
6123,09.04.2011 01:00:00,-4,-3.37,-3,-2.75,-2.25
6124,09.04.2011 02:00:00,-4,-3.37,-3,-2.75,-2.25
6125,09.04.2011 03:00:00,-4,-3.37,-3,-2.75,-2.25
6126,09.04.2011 04:00:00,-4,-3.37,-3,-2.75,-2.25
6127,09.04.2011 05:00:00,-4,-3.37,-3,-2.75,-2.25
6128,09.04.2011 06:00:00,-4,-3.37,-3,-2.75,-2.25,3.551
6129,09.04.2011 07:00:00,-4,-3.37,-3,-2.75,-2.25
6130,09.04.2011 08:00:00,-4,-3.37,-3,-2.75,-2.25
6131,09.04.2011 09:00:00,-4.06,-3.37,-3.06,-2.75,-2.25
6132,09.04.2011 10:00:00,-4.06,-3.37,-3.06,-2.75,-2.25
6133,09.04.2011 11:00:00,-4.06,-3.37,-3,-2.75,-2.25
6134,09.04.2011 12:00:00,-4.06,-3.37,-3,-2.75,-2.25,3.548
6135,09.04.2011 13:00:00,-4.06,-3.37,-3,-2.75,-2.25
6136,09.04.2011 14:00:00,-4.06,-3.37,-3,-2.75,-2.25
6137,09.04.2011 15:00:00,-4.06,-3.37,-3,-2.75,-2.25
6138,09.04.2011 16:00:00,-4.06,-3.37,-3.06,-2.75,-2.25
6139,09.04.2011 17:00:00,-4.06,-3.37,-3.06,-2.75,-2.25
6140,09.04.2011 18:00:00,-4.06,-3.37,-3,-2.75,-2.25,3.554
6141,09.04.2011 19:00:00,-4.06,-3.37,-3.06,-2.75,-2.25
6142,09.04.2011 20:00:00,-4.06,-3.37,-3,-2.75,-2.25
6143,09.04.2011 21:00:00,-4.06,-3.43,-3,-2.75,-2.25
6144,09.04.2011 22:00:00,-4.06,-3.37,-3.06,-2.75,-2.25
6145,09.04.2011 23:00:00,-4.06,-3.37,-3.06,-2.75,-2.25
6146,10.04.2011 00:00:00,-4.06,-3.43,-3.06,-2.75,-2.25,3.554
6147,10.04.2011 01:00:00,-4.06,-3.43,-3.06,-2.75,-2.25
6148,10.04.2011 02:00:00,-4.06,-3.43,-3.06,-2.75,-2.25
6149,10.04.2011 03:00:00,-4.06,-3.37,-3,-2.75,-2.25
6150,10.04.2011 04:00:00,-4.06,-3.43,-3.06,-2.81,-2.25
6151,10.04.2011 05:00:00,-4.06,-3.43,-3.06,-2.75,-2.25
6152,10.04.2011 06:00:00,-4.06,-3.43,-3,-2.75,-2.25,3.547
6153,10.04.2011 07:00:00,-4.06,-3.43,-3.06,-2.75,-2.25
6154,10.04.2011 08:00:00,-4.06,-3.43,-3.06,-2.75,-2.25
6155,10.04.2011 09:00:00,-4.12,-3.43,-3.06,-2.75,-2.18
6156,10.04.2011 10:00:00,-4.12,-3.43,-3.06,-2.75,-2.18
6157,10.04.2011 11:00:00,-4.06,-3.43,-3.06,-2.75,-2.25
6158,10.04.2011 12:00:00,-4.12,-3.43,-3.06,-2.75,-2.25,3.553
6159,10.04.2011 13:00:00,-4.06,-3.43,-3.06,-2.75,-2.25
6160,10.04.2011 14:00:00,-4.06,-3.43,-3.06,-2.75,-2.25
6161,10.04.2011 15:00:00,-4.12,-3.43,-3.06,-2.75,-2.25
6162,10.04.2011 16:00:00,-4.12,-3.43,-3.06,-2.75,-2.25
6163,10.04.2011 17:00:00,-4.12,-3.37,-3.06,-2.75,-2.25
6164,10.04.2011 18:00:00,-4.12,-3.43,-3.06,-2.75,-2.25,3.547
6165,10.04.2011 19:00:00,-4.12,-3.43,-3.06,-2.75,-2.25
6166,10.04.2011 20:00:00,-4.12,-3.43,-3.06,-2.75,-2.25
6167,10.04.2011 21:00:00,-4.06,-3.43,-3.06,-2.75,-2.25
6168,10.04.2011 22:00:00,-4.12,-3.43,-3.06,-2.75,-2.18
6169,10.04.2011 23:00:00,-4.12,-3.43,-3.06,-2.75,-2.25
6170,11.04.2011 00:00:00,-4.12,-3.43,-3.06,-2.75,-2.25,3.551
6171,11.04.2011 01:00:00,-4.12,-3.43,-3.06,-2.75,-2.25
6172,11.04.2011 02:00:00,-4.12,-3.43,-3.06,-2.75,-2.25
6173,11.04.2011 03:00:00,-4.12,-3.43,-3.06,-2.75,-2.18
6174,11.04.2011 04:00:00,-4.12,-3.43,-3.06,-2.75,-2.18
6175,11.04.2011 05:00:00,-4.12,-3.43,-3.06,-2.75,-2.18
6176,11.04.2011 06:00:00,-4.12,-3.43,-3.06,-2.75,-2.25,3.547
6177,11.04.2011 07:00:00,-4.12,-3.43,-3.06,-2.75,-2.25
6178,11.04.2011 08:00:00,-4.12,-3.43,-3.06,-2.75,-2.25
6179,11.04.2011 09:00:00,-4.12,-3.43,-3.06,-2.75,-2.18
6180,11.04.2011 10:00:00,-4.12,-3.43,-3.06,-2.75,-2.25
6181,11.04.2011 11:00:00,-4.06,-3.43,-3.06,-2.81,-2.18
6182,11.04.2011 12:00:00,-4.06,-3.43,-3.06,-2.81,-2.25,3.547
6183,11.04.2011 13:00:00,-4.06,-3.43,-3.06,-2.75,-2.25
6184,11.04.2011 14:00:00,-4.06,-3.43,-3.06,-2.75,-2.18
6185,11.04.2011 15:00:00,-4.06,-3.43,-3.06,-2.75,-2.25
6186,11.04.2011 16:00:00,-4.06,-3.43,-3.06,-2.75,-2.18
6187,11.04.2011 17:00:00,-4.06,-3.43,-3.06,-2.75,-2.18
6188,11.04.2011 18:00:00,-4.06,-3.43,-3.06,-2.75,-2.18,3.548
6189,11.04.2011 19:00:00,-4.06,-3.43,-3.06,-2.75,-2.25
6190,11.04.2011 20:00:00,-4.06,-3.43,-3.06,-2.75,-2.25
6191,11.04.2011 21:00:00,-4.06,-3.43,-3.06,-2.75,-2.25
6192,11.04.2011 22:00:00,-4.06,-3.43,-3.06,-2.81,-2.18
6193,11.04.2011 23:00:00,-4.06,-3.43,-3.06,-2.81,-2.25
6194,12.04.2011 00:00:00,-4.06,-3.43,-3.06,-2.75,-2.18,3.554
6195,12.04.2011 01:00:00,-4.06,-3.43,-3.06,-2.75,-2.18
6196,12.04.2011 02:00:00,-4.06,-3.43,-3.06,-2.75,-2.18
6197,12.04.2011 03:00:00,-4,-3.43,-3.06,-2.75,-2.25
6198,12.04.2011 04:00:00,-4.06,-3.43,-3.06,-2.75,-2.18
6199,12.04.2011 05:00:00,-4,-3.43,-3.06,-2.81,-2.25
6200,12.04.2011 06:00:00,-4,-3.43,-3.06,-2.75,-2.25,3.552
6201,12.04.2011 07:00:00,-4.06,-3.43,-3.06,-2.81,-2.25
6202,12.04.2011 08:00:00,-4,-3.43,-3.06,-2.81,-2.25
6203,12.04.2011 09:00:00,-4,-3.43,-3.06,-2.75,-2.18
6204,12.04.2011 10:00:00,-4,-3.43,-3.06,-2.75,-2.25
6205,12.04.2011 11:00:00,-4,-3.37,-3.06,-2.75,-2.25
6206,12.04.2011 12:00:00,-4,-3.43,-3.06,-2.75,-2.25,3.554
6207,12.04.2011 13:00:00,-4,-3.37,-3.06,-2.75,-2.18
6208,12.04.2011 14:00:00,-4,-3.43,-3.06,-2.81,-2.18
6209,12.04.2011 15:00:00,-4,-3.37,-3.06,-2.75,-2.18
6210,12.04.2011 16:00:00,-4,-3.43,-3.06,-2.75,-2.25
6211,12.04.2011 17:00:00,-3.93,-3.37,-3.06,-2.81,-2.25
6212,12.04.2011 18:00:00,-3.93,-3.37,-3.06,-2.75,-2.18,3.549
6213,12.04.2011 19:00:00,-3.93,-3.37,-3.06,-2.75,-2.25
6214,12.04.2011 20:00:00,-3.93,-3.37,-3.06,-2.75,-2.18
6215,12.04.2011 21:00:00,-3.93,-3.37,-3.06,-2.75,-2.18
6216,12.04.2011 22:00:00,-3.93,-3.37,-3.06,-2.81,-2.18
6217,12.04.2011 23:00:00,-3.93,-3.37,-3.06,-2.75,-2.25
6218,13.04.2011 00:00:00,-3.93,-3.37,-3.06,-2.75,-2.25,3.554
6219,13.04.2011 01:00:00,-3.93,-3.37,-3.06,-2.75,-2.25
6220,13.04.2011 02:00:00,-3.87,-3.37,-3.06,-2.75,-2.18
6221,13.04.2011 03:00:00,-3.87,-3.37,-3.06,-2.75,-2.18
6222,13.04.2011 04:00:00,-3.87,-3.37,-3.06,-2.75,-2.18
6223,13.04.2011 05:00:00,-3.87,-3.37,-3.06,-2.75,-2.25
6224,13.04.2011 06:00:00,-3.87,-3.31,-3.06,-2.75,-2.18,3.553
6225,13.04.2011 07:00:00,-3.87,-3.31,-3,-2.75,-2.18
6226,13.04.2011 08:00:00,-3.87,-3.37,-3.06,-2.75,-2.18
6227,13.04.2011 09:00:00,-3.87,-3.31,-3,-2.75,-2.18
6228,13.04.2011 10:00:00,-3.81,-3.31,-3.06,-2.75,-2.18
6229,13.04.2011 11:00:00,-3.81,-3.37,-3.06,-2.75,-2.18
6230,13.04.2011 12:00:00,-3.81,-3.31,-3.06,-2.81,-2.25,3.554
6231,13.04.2011 13:00:00,-3.81,-3.31,-3,-2.75,-2.18
6232,13.04.2011 14:00:00,-3.81,-3.31,-3.06,-2.75,-2.18
6233,13.04.2011 15:00:00,-3.81,-3.31,-3,-2.75,-2.18
6234,13.04.2011 16:00:00,-3.81,-3.31,-3,-2.75,-2.18
6235,13.04.2011 17:00:00,-3.81,-3.31,-3,-2.75,-2.18
6236,13.04.2011 18:00:00,-3.81,-3.31,-3,-2.75,-2.25,3.554
6237,13.04.2011 19:00:00,-3.75,-3.31,-3,-2.75,-2.18
6238,13.04.2011 20:00:00,-3.75,-3.25,-3,-2.75,-2.18
6239,13.04.2011 21:00:00,-3.68,-3.25,-3,-2.75,-2.18
6240,13.04.2011 22:00:00,-3.62,-3.25,-3,-2.75,-2.18
6241,13.04.2011 23:00:00,-3.56,-3.25,-3,-2.75,-2.18
6242,14.04.2011 00:00:00,-3.5,-3.18,-3,-2.75,-2.18,3.561
6243,14.04.2011 01:00:00,-3.43,-3.25,-3,-2.75,-2.25
6244,14.04.2011 02:00:00,-3.37,-3.18,-3,-2.75,-2.18
6245,14.04.2011 03:00:00,-3.37,-3.18,-3,-2.75,-2.18
6246,14.04.2011 04:00:00,-3.31,-3.12,-2.93,-2.75,-2.18
6247,14.04.2011 05:00:00,-3.31,-3.12,-3,-2.75,-2.25
6248,14.04.2011 06:00:00,-3.31,-3.12,-2.93,-2.75,-2.18,3.557
6249,14.04.2011 07:00:00,-3.25,-3.12,-2.93,-2.75,-2.18
6250,14.04.2011 08:00:00,-3.31,-3.06,-2.93,-2.75,-2.25
6251,14.04.2011 09:00:00,-3.25,-3.06,-2.93,-2.75,-2.18
6252,14.04.2011 10:00:00,-3.25,-3.06,-2.93,-2.75,-2.18
6253,14.04.2011 11:00:00,-3.25,-3.06,-2.93,-2.75,-2.18
6254,14.04.2011 12:00:00,-3.25,-3,-2.93,-2.75,-2.18,3.557
6255,14.04.2011 13:00:00,-3.25,-3,-2.87,-2.75,-2.18
6256,14.04.2011 14:00:00,-3.25,-3,-2.87,-2.75,-2.18
6257,14.04.2011 15:00:00,-3.25,-3,-2.87,-2.75,-2.18
6258,14.04.2011 16:00:00,-3.25,-3,-2.87,-2.75,-2.18
6259,14.04.2011 17:00:00,-3.18,-3,-2.87,-2.75,-2.18
6260,14.04.2011 18:00:00,-3.06,-3,-2.87,-2.75,-2.25,3.559
6261,14.04.2011 19:00:00,-3.06,-2.93,-2.87,-2.68,-2.18
6262,14.04.2011 20:00:00,-2.93,-2.93,-2.87,-2.75,-2.18
6263,14.04.2011 21:00:00,-2.87,-2.93,-2.87,-2.68,-2.18
6264,14.04.2011 22:00:00,-2.81,-2.93,-2.81,-2.68,-2.18
6265,14.04.2011 23:00:00,-2.75,-2.93,-2.81,-2.75,-2.18
6266,15.04.2011 00:00:00,-2.75,-2.87,-2.81,-2.68,-2.18,3.560
6267,15.04.2011 01:00:00,-2.68,-2.87,-2.81,-2.68,-2.18
6268,15.04.2011 02:00:00,-2.68,-2.87,-2.81,-2.68,-2.18
6269,15.04.2011 03:00:00,-2.62,-2.87,-2.81,-2.68,-2.18
6270,15.04.2011 04:00:00,-2.62,-2.81,-2.75,-2.68,-2.18
6271,15.04.2011 05:00:00,-2.68,-2.81,-2.75,-2.68,-2.18
6272,15.04.2011 06:00:00,-2.68,-2.81,-2.81,-2.68,-2.18,3.560
6273,15.04.2011 07:00:00,-2.68,-2.81,-2.75,-2.68,-2.18
6274,15.04.2011 08:00:00,-2.68,-2.75,-2.75,-2.68,-2.18
6275,15.04.2011 09:00:00,-2.68,-2.75,-2.75,-2.68,-2.18
6276,15.04.2011 10:00:00,-2.68,-2.75,-2.75,-2.68,-2.18
6277,15.04.2011 11:00:00,-2.75,-2.75,-2.75,-2.68,-2.18
6278,15.04.2011 12:00:00,-2.75,-2.68,-2.75,-2.68,-2.18,3.567
6279,15.04.2011 13:00:00,-2.75,-2.68,-2.75,-2.68,-2.18
6280,15.04.2011 14:00:00,-2.75,-2.68,-2.68,-2.68,-2.18
6281,15.04.2011 15:00:00,-2.75,-2.68,-2.75,-2.62,-2.18
6282,15.04.2011 16:00:00,-2.75,-2.68,-2.68,-2.62,-2.18
6283,15.04.2011 17:00:00,-2.68,-2.68,-2.68,-2.62,-2.18
6284,15.04.2011 18:00:00,-2.62,-2.68,-2.68,-2.62,-2.18,3.567
6285,15.04.2011 19:00:00,-2.56,-2.68,-2.68,-2.62,-2.18
6286,15.04.2011 20:00:00,-2.5,-2.68,-2.62,-2.62,-2.18
6287,15.04.2011 21:00:00,-2.5,-2.62,-2.68,-2.62,-2.18
6288,15.04.2011 22:00:00,-2.37,-2.62,-2.62,-2.62,-2.18
6289,15.04.2011 23:00:00,-2.37,-2.62,-2.62,-2.62,-2.18
6290,16.04.2011 00:00:00,-2.31,-2.62,-2.62,-2.62,-2.18,3.568
6291,16.04.2011 01:00:00,-2.31,-2.56,-2.62,-2.62,-2.18
6292,16.04.2011 02:00:00,-2.25,-2.56,-2.62,-2.62,-2.18
6293,16.04.2011 03:00:00,-2.25,-2.5,-2.62,-2.62,-2.18
6294,16.04.2011 04:00:00,-2.25,-2.5,-2.62,-2.62,-2.18
6295,16.04.2011 05:00:00,-2.18,-2.5,-2.62,-2.56,-2.18
6296,16.04.2011 06:00:00,-2.18,-2.5,-2.62,-2.56,-2.18,3.570
6297,16.04.2011 07:00:00,-2.18,-2.43,-2.56,-2.56,-2.18
6298,16.04.2011 08:00:00,-2.12,-2.43,-2.56,-2.62,-2.18
6299,16.04.2011 09:00:00,-2.12,-2.43,-2.56,-2.56,-2.18
6300,16.04.2011 10:00:00,-2.12,-2.43,-2.56,-2.56,-2.18
6301,16.04.2011 11:00:00,-2.12,-2.37,-2.56,-2.56,-2.18
6302,16.04.2011 12:00:00,-2.12,-2.37,-2.5,-2.56,-2.18,3.569
6303,16.04.2011 13:00:00,-2.12,-2.37,-2.5,-2.56,-2.18
6304,16.04.2011 14:00:00,-2.18,-2.37,-2.5,-2.56,-2.18
6305,16.04.2011 15:00:00,-2.12,-2.31,-2.5,-2.56,-2.18
6306,16.04.2011 16:00:00,-2.18,-2.31,-2.5,-2.56,-2.18
6307,16.04.2011 17:00:00,-2.18,-2.31,-2.5,-2.56,-2.18
6308,16.04.2011 18:00:00,-2.12,-2.31,-2.43,-2.56,-2.12,3.570
6309,16.04.2011 19:00:00,-2.12,-2.31,-2.43,-2.5,-2.18
6310,16.04.2011 20:00:00,-2.06,-2.25,-2.5,-2.56,-2.18
6311,16.04.2011 21:00:00,-2.06,-2.31,-2.43,-2.56,-2.18
6312,16.04.2011 22:00:00,-2.06,-2.25,-2.43,-2.5,-2.12
6313,16.04.2011 23:00:00,-2,-2.25,-2.43,-2.5,-2.18
6314,17.04.2011 00:00:00,-2,-2.25,-2.43,-2.5,-2.12,3.573
6315,17.04.2011 01:00:00,-2,-2.25,-2.43,-2.5,-2.12
6316,17.04.2011 02:00:00,-2,-2.25,-2.43,-2.5,-2.12
6317,17.04.2011 03:00:00,-1.93,-2.25,-2.37,-2.5,-2.12
6318,17.04.2011 04:00:00,-1.93,-2.18,-2.43,-2.5,-2.12
6319,17.04.2011 05:00:00,-1.93,-2.18,-2.37,-2.5,-2.12
6320,17.04.2011 06:00:00,-1.93,-2.18,-2.37,-2.5,-2.12,3.570
6321,17.04.2011 07:00:00,-1.93,-2.18,-2.37,-2.5,-2.12
6322,17.04.2011 08:00:00,-1.93,-2.18,-2.37,-2.43,-2.12
6323,17.04.2011 09:00:00,-1.93,-2.18,-2.37,-2.5,-2.12
6324,17.04.2011 10:00:00,-2,-2.18,-2.31,-2.5,-2.12
6325,17.04.2011 11:00:00,-1.93,-2.18,-2.31,-2.43,-2.12
6326,17.04.2011 12:00:00,-1.93,-2.12,-2.31,-2.43,-2.12,3.575
6327,17.04.2011 13:00:00,-1.93,-2.18,-2.31,-2.43,-2.12
6328,17.04.2011 14:00:00,-1.93,-2.12,-2.31,-2.43,-2.12
6329,17.04.2011 15:00:00,-1.93,-2.12,-2.31,-2.43,-2.12
6330,17.04.2011 16:00:00,-2,-2.12,-2.31,-2.43,-2.12
6331,17.04.2011 17:00:00,-2,-2.12,-2.31,-2.43,-2.12
6332,17.04.2011 18:00:00,-2,-2.12,-2.25,-2.43,-2.12,3.576
6333,17.04.2011 19:00:00,-2,-2.12,-2.25,-2.43,-2.12
6334,17.04.2011 20:00:00,-1.93,-2.12,-2.25,-2.43,-2.12
6335,17.04.2011 21:00:00,-2,-2.06,-2.25,-2.43,-2.12
6336,17.04.2011 22:00:00,-1.93,-2.06,-2.25,-2.43,-2.12
6337,17.04.2011 23:00:00,-1.93,-2.06,-2.25,-2.43,-2.12
6338,18.04.2011 00:00:00,-1.93,-2.06,-2.25,-2.37,-2.12,3.570
6339,18.04.2011 01:00:00,-1.93,-2.06,-2.25,-2.37,-2.12
6340,18.04.2011 02:00:00,-1.93,-2.06,-2.25,-2.37,-2.12
6341,18.04.2011 03:00:00,-1.93,-2.06,-2.18,-2.37,-2.06
6342,18.04.2011 04:00:00,-1.93,-2.06,-2.18,-2.37,-2.06
6343,18.04.2011 05:00:00,-1.93,-2.06,-2.25,-2.37,-2.12
6344,18.04.2011 06:00:00,-1.93,-2.06,-2.18,-2.37,-2.06,3.575
6345,18.04.2011 07:00:00,-1.93,-2.06,-2.18,-2.37,-2.06
6346,18.04.2011 08:00:00,-1.93,-2,-2.18,-2.37,-2.06
6347,18.04.2011 09:00:00,-1.93,-2,-2.18,-2.37,-2.06
6348,18.04.2011 10:00:00,-1.93,-2,-2.18,-2.31,-2.12
6349,18.04.2011 11:00:00,-1.93,-2,-2.18,-2.31,-2.06
6350,18.04.2011 12:00:00,-1.93,-2,-2.18,-2.31,-2.12,3.569
6351,18.04.2011 13:00:00,-1.93,-2,-2.18,-2.31,-2.06
6352,18.04.2011 14:00:00,-1.93,-2,-2.12,-2.31,-2.06
6353,18.04.2011 15:00:00,-1.93,-2,-2.12,-2.31,-2.06
6354,18.04.2011 16:00:00,-1.93,-2,-2.12,-2.31,-2.06
6355,18.04.2011 17:00:00,-1.93,-2,-2.12,-2.31,-2.06
6356,18.04.2011 18:00:00,-1.93,-2,-2.12,-2.31,-2.06,3.574
6357,18.04.2011 19:00:00,-1.87,-2,-2.12,-2.31,-2.06
6358,18.04.2011 20:00:00,-1.87,-2,-2.12,-2.31,-2.06
6359,18.04.2011 21:00:00,-1.81,-1.93,-2.12,-2.31,-2.06
6360,18.04.2011 22:00:00,-1.81,-1.93,-2.12,-2.31,-2.06
6361,18.04.2011 23:00:00,-1.81,-1.93,-2.12,-2.25,-2.06
6362,19.04.2011 00:00:00,-1.81,-1.93,-2.12,-2.31,-2.06,3.570
6363,19.04.2011 01:00:00,-1.81,-1.93,-2.12,-2.25,-2.06
6364,19.04.2011 02:00:00,-1.75,-1.93,-2.06,-2.25,-2.06
6365,19.04.2011 03:00:00,-1.75,-1.93,-2.06,-2.25,-2.06
6366,19.04.2011 04:00:00,-1.75,-1.87,-2.06,-2.25,-2.06
6367,19.04.2011 05:00:00,-1.75,-1.87,-2.06,-2.25,-2.06
6368,19.04.2011 06:00:00,-1.75,-1.87,-2.06,-2.25,-2.06,3.572
6369,19.04.2011 07:00:00,-1.75,-1.93,-2.06,-2.25,-2
6370,19.04.2011 08:00:00,-1.75,-1.87,-2.06,-2.25,-2.06
6371,19.04.2011 09:00:00,-1.75,-1.87,-2.06,-2.25,-2.06
6372,19.04.2011 10:00:00,-1.75,-1.87,-2.06,-2.25,-2
6373,19.04.2011 11:00:00,-1.75,-1.87,-2.06,-2.25,-2
6374,19.04.2011 12:00:00,-1.75,-1.87,-2.06,-2.25,-2,3.573
6375,19.04.2011 13:00:00,-1.75,-1.81,-2,-2.18,-2
6376,19.04.2011 14:00:00,-1.75,-1.81,-2,-2.25,-2
6377,19.04.2011 15:00:00,-1.75,-1.81,-2,-2.18,-2
6378,19.04.2011 16:00:00,-1.75,-1.81,-2,-2.18,-2
6379,19.04.2011 17:00:00,-1.75,-1.81,-2,-2.18,-2
6380,19.04.2011 18:00:00,-1.81,-1.81,-2,-2.18,-2,3.577
6381,19.04.2011 19:00:00,-1.75,-1.81,-2,-2.18,-2
6382,19.04.2011 20:00:00,-1.75,-1.81,-2,-2.18,-2
6383,19.04.2011 21:00:00,-1.75,-1.81,-2,-2.18,-2
6384,19.04.2011 22:00:00,-1.75,-1.81,-2,-2.18,-2
6385,19.04.2011 23:00:00,-1.68,-1.81,-2,-2.18,-2
6386,20.04.2011 00:00:00,-1.68,-1.81,-1.93,-2.18,-2,3.577
6387,20.04.2011 01:00:00,-1.68,-1.81,-1.93,-2.18,-2
6388,20.04.2011 02:00:00,-1.62,-1.81,-1.93,-2.18,-1.93
6389,20.04.2011 03:00:00,-1.68,-1.81,-1.93,-2.18,-2
6390,20.04.2011 04:00:00,-1.62,-1.75,-1.93,-2.18,-2
6391,20.04.2011 05:00:00,-1.62,-1.75,-1.93,-2.12,-2
6392,20.04.2011 06:00:00,-1.62,-1.75,-1.93,-2.12,-2,3.578
6393,20.04.2011 07:00:00,-1.62,-1.75,-1.93,-2.12,-2
6394,20.04.2011 08:00:00,-1.62,-1.75,-1.93,-2.12,-1.93
6395,20.04.2011 09:00:00,-1.62,-1.75,-1.93,-2.12,-1.93
6396,20.04.2011 10:00:00,-1.56,-1.75,-1.93,-2.12,-1.93
6397,20.04.2011 11:00:00,-1.62,-1.75,-1.93,-2.12,-1.93
6398,20.04.2011 12:00:00,-1.62,-1.75,-1.93,-2.12,-1.93,3.573
6399,20.04.2011 13:00:00,-1.62,-1.75,-1.87,-2.12,-1.93
6400,20.04.2011 14:00:00,-1.62,-1.68,-1.87,-2.12,-1.93
6401,20.04.2011 15:00:00,-1.62,-1.68,-1.87,-2.12,-1.93
6402,20.04.2011 16:00:00,-1.62,-1.68,-1.87,-2.12,-1.93
6403,20.04.2011 17:00:00,-1.56,-1.68,-1.87,-2.06,-1.93
6404,20.04.2011 18:00:00,-1.56,-1.68,-1.87,-2.12,-1.93,3.579
6405,20.04.2011 19:00:00,-1.56,-1.68,-1.87,-2.06,-1.93
6406,20.04.2011 20:00:00,-1.56,-1.68,-1.87,-2.12,-1.93
6407,20.04.2011 21:00:00,-1.56,-1.68,-1.87,-2.06,-1.93
6408,20.04.2011 22:00:00,-1.56,-1.68,-1.81,-2.06,-1.93
6409,20.04.2011 23:00:00,-1.5,-1.62,-1.87,-2.06,-1.87
6410,21.04.2011 00:00:00,-1.5,-1.62,-1.81,-2.06,-1.93,3.579
6411,21.04.2011 01:00:00,-1.5,-1.62,-1.81,-2.06,-1.93
6412,21.04.2011 02:00:00,-1.5,-1.62,-1.81,-2.06,-1.93
6413,21.04.2011 03:00:00,-1.43,-1.62,-1.81,-2.06,-1.93
6414,21.04.2011 04:00:00,-1.43,-1.62,-1.81,-2.06,-1.93
6415,21.04.2011 05:00:00,-1.43,-1.62,-1.81,-2.06,-1.87
6416,21.04.2011 06:00:00,-1.43,-1.62,-1.81,-2.06,-1.93,3.580
6417,21.04.2011 07:00:00,-1.43,-1.56,-1.81,-2,-1.87
6418,21.04.2011 08:00:00,-1.43,-1.62,-1.81,-2,-1.93
6419,21.04.2011 09:00:00,-1.43,-1.56,-1.81,-2.06,-1.87
6420,21.04.2011 10:00:00,-1.43,-1.56,-1.81,-2,-1.87
6421,21.04.2011 11:00:00,-1.43,-1.56,-1.75,-2,-1.87
6422,21.04.2011 12:00:00,-1.37,-1.56,-1.75,-2,-1.87,3.578
6423,21.04.2011 13:00:00,-1.37,-1.56,-1.75,-2,-1.87
6424,21.04.2011 14:00:00,-1.43,-1.56,-1.75,-2,-1.87
6425,21.04.2011 15:00:00,-1.37,-1.56,-1.75,-2,-1.87
6426,21.04.2011 16:00:00,-1.37,-1.5,-1.75,-2,-1.87
6427,21.04.2011 17:00:00,-1.37,-1.56,-1.75,-2,-1.87
6428,21.04.2011 18:00:00,-1.37,-1.5,-1.75,-2,-1.87,3.582
6429,21.04.2011 19:00:00,-1.37,-1.5,-1.75,-2,-1.87
6430,21.04.2011 20:00:00,-1.37,-1.5,-1.75,-2,-1.87
6431,21.04.2011 21:00:00,-1.37,-1.5,-1.75,-1.93,-1.87
6432,21.04.2011 22:00:00,-1.31,-1.5,-1.75,-1.93,-1.87
6433,21.04.2011 23:00:00,-1.37,-1.5,-1.68,-2,-1.87
6434,22.04.2011 00:00:00,-1.31,-1.5,-1.68,-1.93,-1.87,3.576
6435,22.04.2011 01:00:00,-1.31,-1.43,-1.75,-1.93,-1.87
6436,22.04.2011 02:00:00,-1.31,-1.5,-1.68,-1.93,-1.87
6437,22.04.2011 03:00:00,-1.31,-1.5,-1.68,-1.93,-1.81
6438,22.04.2011 04:00:00,-1.31,-1.43,-1.68,-1.93,-1.87
6439,22.04.2011 05:00:00,-1.25,-1.43,-1.68,-1.93,-1.87
6440,22.04.2011 06:00:00,-1.31,-1.43,-1.68,-1.93,-1.87,3.578
6441,22.04.2011 07:00:00,-1.25,-1.43,-1.68,-1.93,-1.81
6442,22.04.2011 08:00:00,-1.25,-1.37,-1.68,-1.93,-1.81
6443,22.04.2011 09:00:00,-1.25,-1.43,-1.68,-1.93,-1.81
6444,22.04.2011 10:00:00,-1.25,-1.43,-1.62,-1.93,-1.81
6445,22.04.2011 11:00:00,-1.25,-1.43,-1.62,-1.93,-1.81
6446,22.04.2011 12:00:00,-1.25,-1.37,-1.62,-1.87,-1.81,3.578
6447,22.04.2011 13:00:00,-1.18,-1.37,-1.62,-1.87,-1.81
6448,22.04.2011 14:00:00,-1.25,-1.37,-1.62,-1.87,-1.81
6449,22.04.2011 15:00:00,-1.25,-1.37,-1.62,-1.87,-1.81
6450,22.04.2011 16:00:00,-1.18,-1.37,-1.62,-1.87,-1.81
6451,22.04.2011 17:00:00,-1.18,-1.37,-1.62,-1.87,-1.81
6452,22.04.2011 18:00:00,-1.18,-1.37,-1.56,-1.87,-1.81,3.580
6453,22.04.2011 19:00:00,-1.18,-1.37,-1.56,-1.87,-1.81
6454,22.04.2011 20:00:00,-1.18,-1.31,-1.56,-1.87,-1.81
6455,22.04.2011 21:00:00,-1.18,-1.31,-1.56,-1.87,-1.81
6456,22.04.2011 22:00:00,-1.18,-1.31,-1.56,-1.87,-1.81
6457,22.04.2011 23:00:00,-1.18,-1.31,-1.56,-1.87,-1.81
6458,23.04.2011 00:00:00,-1.18,-1.31,-1.56,-1.87,-1.75,3.577
6459,23.04.2011 01:00:00,-1.18,-1.31,-1.56,-1.81,-1.81
6460,23.04.2011 02:00:00,-1.12,-1.31,-1.56,-1.87,-1.75
6461,23.04.2011 03:00:00,-1.12,-1.31,-1.56,-1.81,-1.75
6462,23.04.2011 04:00:00,-1.12,-1.31,-1.56,-1.81,-1.75
6463,23.04.2011 05:00:00,-1.12,-1.25,-1.5,-1.81,-1.75
6464,23.04.2011 06:00:00,-1.12,-1.25,-1.5,-1.81,-1.75,3.585
6465,23.04.2011 07:00:00,-1.12,-1.25,-1.5,-1.81,-1.75
6466,23.04.2011 08:00:00,-1.12,-1.25,-1.5,-1.81,-1.75
6467,23.04.2011 09:00:00,-1.12,-1.25,-1.5,-1.81,-1.75
6468,23.04.2011 10:00:00,-1.12,-1.25,-1.5,-1.81,-1.75
6469,23.04.2011 11:00:00,-1.12,-1.25,-1.5,-1.81,-1.75
6470,23.04.2011 12:00:00,-1.12,-1.25,-1.5,-1.75,-1.75,3.583
6471,23.04.2011 13:00:00,-1.06,-1.25,-1.5,-1.81,-1.75
6472,23.04.2011 14:00:00,-1.06,-1.25,-1.5,-1.81,-1.75
6473,23.04.2011 15:00:00,-1.06,-1.25,-1.5,-1.81,-1.75
6474,23.04.2011 16:00:00,-1.06,-1.25,-1.5,-1.81,-1.75
6475,23.04.2011 17:00:00,-1.06,-1.25,-1.43,-1.75,-1.75
6476,23.04.2011 18:00:00,-1.06,-1.18,-1.43,-1.75,-1.75,3.580
6477,23.04.2011 19:00:00,-1.06,-1.18,-1.43,-1.75,-1.75
6478,23.04.2011 20:00:00,-1.06,-1.18,-1.43,-1.75,-1.75
6479,23.04.2011 21:00:00,-1.06,-1.18,-1.43,-1.75,-1.68
6480,23.04.2011 22:00:00,-1.06,-1.18,-1.43,-1.75,-1.75
6481,23.04.2011 23:00:00,-1.06,-1.18,-1.43,-1.75,-1.68
6482,24.04.2011 00:00:00,-1,-1.18,-1.43,-1.75,-1.68,3.581
6483,24.04.2011 01:00:00,-1,-1.18,-1.43,-1.75,-1.68
6484,24.04.2011 02:00:00,-1,-1.18,-1.37,-1.68,-1.68
6485,24.04.2011 03:00:00,-1.06,-1.18,-1.43,-1.68,-1.68
6486,24.04.2011 04:00:00,-1.06,-1.12,-1.43,-1.68,-1.68
6487,24.04.2011 05:00:00,-1.06,-1.18,-1.43,-1.75,-1.68
6488,24.04.2011 06:00:00,-1,-1.12,-1.37,-1.68,-1.68,3.581
6489,24.04.2011 07:00:00,-1,-1.12,-1.37,-1.68,-1.68
6490,24.04.2011 08:00:00,-1,-1.12,-1.37,-1.68,-1.68
6491,24.04.2011 09:00:00,-1,-1.12,-1.37,-1.68,-1.68
6492,24.04.2011 10:00:00,-1,-1.12,-1.37,-1.68,-1.68
6493,24.04.2011 11:00:00,-1,-1.12,-1.37,-1.68,-1.68
6494,24.04.2011 12:00:00,-1,-1.12,-1.37,-1.68,-1.68,3.581
6495,24.04.2011 13:00:00,-1,-1.12,-1.37,-1.68,-1.62
6496,24.04.2011 14:00:00,-1,-1.12,-1.37,-1.68,-1.68
6497,24.04.2011 15:00:00,-1,-1.12,-1.37,-1.68,-1.68
6498,24.04.2011 16:00:00,-0.93,-1.06,-1.31,-1.68,-1.68
6499,24.04.2011 17:00:00,-1,-1.06,-1.37,-1.68,-1.62
6500,24.04.2011 18:00:00,-0.93,-1.06,-1.31,-1.68,-1.68,3.587
6501,24.04.2011 19:00:00,-1,-1.06,-1.31,-1.68,-1.68
6502,24.04.2011 20:00:00,-0.93,-1.06,-1.31,-1.62,-1.68
6503,24.04.2011 21:00:00,-0.93,-1.06,-1.31,-1.68,-1.62
6504,24.04.2011 22:00:00,-0.93,-1.06,-1.31,-1.62,-1.62
6505,24.04.2011 23:00:00,-0.93,-1.06,-1.31,-1.62,-1.62
6506,25.04.2011 00:00:00,-0.93,-1,-1.31,-1.62,-1.62,3.581
6507,25.04.2011 01:00:00,-0.93,-1.06,-1.31,-1.62,-1.62
6508,25.04.2011 02:00:00,-0.93,-1.06,-1.31,-1.62,-1.62
6509,25.04.2011 03:00:00,-0.93,-1.06,-1.31,-1.62,-1.62
6510,25.04.2011 04:00:00,-0.93,-1.06,-1.31,-1.62,-1.62
6511,25.04.2011 05:00:00,-0.93,-1.06,-1.25,-1.62,-1.62
6512,25.04.2011 06:00:00,-0.93,-1,-1.31,-1.62,-1.62,3.587
6513,25.04.2011 07:00:00,-0.93,-1,-1.25,-1.62,-1.62
6514,25.04.2011 08:00:00,-0.93,-1.06,-1.31,-1.62,-1.62
6515,25.04.2011 09:00:00,-0.93,-1,-1.25,-1.62,-1.62
6516,25.04.2011 10:00:00,-0.93,-1,-1.25,-1.62,-1.62
6517,25.04.2011 11:00:00,-0.93,-1,-1.25,-1.56,-1.62
6518,25.04.2011 12:00:00,-0.93,-1,-1.25,-1.56,-1.62,3.587
6519,25.04.2011 13:00:00,-0.93,-1,-1.25,-1.56,-1.62
6520,25.04.2011 14:00:00,-0.93,-1,-1.25,-1.62,-1.62
6521,25.04.2011 15:00:00,-0.87,-1,-1.25,-1.56,-1.62
6522,25.04.2011 16:00:00,-0.87,-1,-1.25,-1.56,-1.56
6523,25.04.2011 17:00:00,-0.87,-1,-1.25,-1.56,-1.56
6524,25.04.2011 18:00:00,-0.87,-1,-1.18,-1.56,-1.62,3.582
6525,25.04.2011 19:00:00,-0.87,-1,-1.25,-1.56,-1.56
6526,25.04.2011 20:00:00,-0.87,-1,-1.25,-1.56,-1.56
6527,25.04.2011 21:00:00,-0.87,-0.93,-1.25,-1.56,-1.56
6528,25.04.2011 22:00:00,-0.87,-1,-1.25,-1.56,-1.56
6529,25.04.2011 23:00:00,-0.87,-1,-1.18,-1.56,-1.56
6530,26.04.2011 00:00:00,-0.87,-0.93,-1.18,-1.56,-1.56,3.587
6531,26.04.2011 01:00:00,-0.87,-0.93,-1.18,-1.56,-1.56
6532,26.04.2011 02:00:00,-0.87,-0.93,-1.18,-1.56,-1.56
6533,26.04.2011 03:00:00,-0.87,-0.93,-1.18,-1.5,-1.56
6534,26.04.2011 04:00:00,-0.87,-0.93,-1.18,-1.56,-1.56
6535,26.04.2011 05:00:00,-0.87,-0.93,-1.18,-1.5,-1.56
6536,26.04.2011 06:00:00,-0.87,-0.93,-1.18,-1.5,-1.56,3.582
6537,26.04.2011 07:00:00,-0.87,-0.93,-1.18,-1.5,-1.56
6538,26.04.2011 08:00:00,-0.87,-0.93,-1.18,-1.56,-1.56
6539,26.04.2011 09:00:00,-0.87,-0.93,-1.18,-1.5,-1.56
6540,26.04.2011 10:00:00,-0.87,-0.93,-1.18,-1.5,-1.56
6541,26.04.2011 11:00:00,-0.87,-0.93,-1.18,-1.5,-1.56
6542,26.04.2011 12:00:00,-0.87,-0.93,-1.18,-1.5,-1.56,3.586
6543,26.04.2011 13:00:00,-0.87,-0.93,-1.12,-1.5,-1.56
6544,26.04.2011 14:00:00,-0.81,-0.93,-1.12,-1.5,-1.5
6545,26.04.2011 15:00:00,-0.81,-0.93,-1.18,-1.5,-1.5
6546,26.04.2011 16:00:00,-0.81,-0.93,-1.12,-1.5,-1.56
6547,26.04.2011 17:00:00,-0.81,-0.87,-1.12,-1.43,-1.5
6548,26.04.2011 18:00:00,-0.81,-0.87,-1.12,-1.5,-1.5,3.582
6549,26.04.2011 19:00:00,-0.81,-0.87,-1.12,-1.5,-1.5
6550,26.04.2011 20:00:00,-0.81,-0.87,-1.12,-1.5,-1.5
6551,26.04.2011 21:00:00,-0.87,-0.87,-1.12,-1.43,-1.5
6552,26.04.2011 22:00:00,-0.81,-0.87,-1.12,-1.43,-1.5
6553,26.04.2011 23:00:00,-0.81,-0.87,-1.12,-1.5,-1.5
6554,27.04.2011 00:00:00,-0.81,-0.87,-1.12,-1.43,-1.5,3.583
6555,27.04.2011 01:00:00,-0.81,-0.87,-1.12,-1.43,-1.5
6556,27.04.2011 02:00:00,-0.81,-0.87,-1.12,-1.43,-1.5
6557,27.04.2011 03:00:00,-0.81,-0.87,-1.12,-1.43,-1.5
6558,27.04.2011 04:00:00,-0.81,-0.87,-1.12,-1.43,-1.5
6559,27.04.2011 05:00:00,-0.81,-0.87,-1.12,-1.43,-1.5
6560,27.04.2011 06:00:00,-0.81,-0.87,-1.06,-1.43,-1.5,3.583
6561,27.04.2011 07:00:00,-0.81,-0.87,-1.12,-1.43,-1.5
6562,27.04.2011 08:00:00,-0.81,-0.87,-1.12,-1.43,-1.5
6563,27.04.2011 09:00:00,-0.81,-0.87,-1.06,-1.43,-1.5
6564,27.04.2011 10:00:00,-0.81,-0.81,-1.06,-1.43,-1.5
6565,27.04.2011 11:00:00,-0.81,-0.81,-1.06,-1.37,-1.43
6566,27.04.2011 12:00:00,-0.81,-0.81,-1.12,-1.43,-1.5,3.587
6567,27.04.2011 13:00:00,-0.81,-0.81,-1.06,-1.43,-1.43
6568,27.04.2011 14:00:00,-0.81,-0.81,-1.06,-1.43,-1.5
6569,27.04.2011 15:00:00,-0.81,-0.81,-1.06,-1.37,-1.43
6570,27.04.2011 16:00:00,-0.81,-0.81,-1.06,-1.43,-1.5
6571,27.04.2011 17:00:00,-0.81,-0.81,-1.06,-1.37,-1.43
6572,27.04.2011 18:00:00,-0.81,-0.81,-1.06,-1.37,-1.43,3.586
6573,27.04.2011 19:00:00,-0.81,-0.81,-1.06,-1.37,-1.43
6574,27.04.2011 20:00:00,-0.81,-0.81,-1.06,-1.37,-1.43
6575,27.04.2011 21:00:00,-0.75,-0.81,-1,-1.37,-1.43
6576,27.04.2011 22:00:00,-0.81,-0.81,-1.06,-1.37,-1.43
6577,27.04.2011 23:00:00,-0.81,-0.81,-1.06,-1.37,-1.43
6578,28.04.2011 00:00:00,-0.81,-0.81,-1.06,-1.37,-1.43,3.587
6579,28.04.2011 01:00:00,-0.75,-0.81,-1.06,-1.37,-1.43
6580,28.04.2011 02:00:00,-0.81,-0.81,-1.06,-1.37,-1.43
6581,28.04.2011 03:00:00,-0.75,-0.81,-1,-1.37,-1.43
6582,28.04.2011 04:00:00,-0.75,-0.81,-1.06,-1.37,-1.43
6583,28.04.2011 05:00:00,-0.75,-0.81,-1,-1.37,-1.43
6584,28.04.2011 06:00:00,-0.75,-0.81,-1,-1.31,-1.43,3.583
6585,28.04.2011 07:00:00,-0.81,-0.81,-1,-1.37,-1.43
6586,28.04.2011 08:00:00,-0.75,-0.75,-1,-1.31,-1.43
6587,28.04.2011 09:00:00,-0.81,-0.75,-1,-1.37,-1.43
6588,28.04.2011 10:00:00,-0.75,-0.81,-1,-1.31,-1.43
6589,28.04.2011 11:00:00,-0.75,-0.75,-1,-1.31,-1.43
6590,28.04.2011 12:00:00,-0.75,-0.81,-1,-1.31,-1.37,3.587
6591,28.04.2011 13:00:00,-0.75,-0.75,-1,-1.37,-1.43
6592,28.04.2011 14:00:00,-0.75,-0.75,-1,-1.31,-1.43
6593,28.04.2011 15:00:00,-0.75,-0.75,-1,-1.31,-1.37
6594,28.04.2011 16:00:00,-0.75,-0.75,-1,-1.31,-1.37
6595,28.04.2011 17:00:00,-0.75,-0.75,-1,-1.31,-1.37
6596,28.04.2011 18:00:00,-0.75,-0.75,-1,-1.31,-1.37,3.587
6597,28.04.2011 19:00:00,-0.75,-0.75,-1,-1.31,-1.37
6598,28.04.2011 20:00:00,-0.75,-0.75,-1,-1.31,-1.37
6599,28.04.2011 21:00:00,-0.75,-0.75,-1,-1.31,-1.37
6600,28.04.2011 22:00:00,-0.75,-0.75,-1,-1.31,-1.37
6601,28.04.2011 23:00:00,-0.75,-0.75,-1,-1.31,-1.37
6602,29.04.2011 00:00:00,-0.75,-0.75,-1,-1.31,-1.37,3.588
6603,29.04.2011 01:00:00,-0.75,-0.75,-0.93,-1.31,-1.37
6604,29.04.2011 02:00:00,-0.75,-0.75,-0.93,-1.31,-1.37
6605,29.04.2011 03:00:00,-0.75,-0.75,-0.93,-1.31,-1.37
6606,29.04.2011 04:00:00,-0.75,-0.75,-1,-1.31,-1.37
6607,29.04.2011 05:00:00,-0.75,-0.75,-0.93,-1.31,-1.37
6608,29.04.2011 06:00:00,-0.75,-0.75,-0.93,-1.31,-1.37,3.586
6609,29.04.2011 07:00:00,-0.75,-0.75,-0.93,-1.31,-1.37
6610,29.04.2011 08:00:00,-0.75,-0.75,-0.93,-1.25,-1.37
6611,29.04.2011 09:00:00,-0.68,-0.75,-0.93,-1.31,-1.37
6612,29.04.2011 10:00:00,-0.75,-0.68,-0.93,-1.25,-1.37
6613,29.04.2011 11:00:00,-0.75,-0.75,-0.93,-1.25,-1.37
6614,29.04.2011 12:00:00,-0.75,-0.75,-0.93,-1.31,-1.37,3.589
6615,29.04.2011 13:00:00,-0.68,-0.75,-0.93,-1.25,-1.31
6616,29.04.2011 14:00:00,-0.75,-0.75,-0.93,-1.25,-1.37
6617,29.04.2011 15:00:00,-0.75,-0.68,-0.93,-1.25,-1.31
6618,29.04.2011 16:00:00,-0.75,-0.68,-0.93,-1.25,-1.31
6619,29.04.2011 17:00:00,-0.75,-0.75,-0.93,-1.25,-1.31
6620,29.04.2011 18:00:00,-0.75,-0.75,-0.93,-1.25,-1.37,3.583
6621,29.04.2011 19:00:00,-0.75,-0.68,-0.93,-1.25,-1.31
6622,29.04.2011 20:00:00,-0.75,-0.68,-0.93,-1.25,-1.31
6623,29.04.2011 21:00:00,-0.68,-0.75,-0.93,-1.25,-1.31
6624,29.04.2011 22:00:00,-0.75,-0.68,-0.87,-1.25,-1.31
6625,29.04.2011 23:00:00,-0.68,-0.68,-0.93,-1.25,-1.31
6626,30.04.2011 00:00:00,-0.68,-0.68,-0.87,-1.25,-1.31,3.583
6627,30.04.2011 01:00:00,-0.68,-0.68,-0.93,-1.25,-1.31
6628,30.04.2011 02:00:00,-0.75,-0.75,-0.87,-1.25,-1.31
6629,30.04.2011 03:00:00,-0.68,-0.68,-0.93,-1.25,-1.31
6630,30.04.2011 04:00:00,-0.68,-0.68,-0.87,-1.25,-1.31
6631,30.04.2011 05:00:00,-0.68,-0.68,-0.93,-1.25,-1.31
6632,30.04.2011 06:00:00,-0.68,-0.68,-0.93,-1.18,-1.31,3.587
6633,30.04.2011 07:00:00,-0.68,-0.68,-0.87,-1.25,-1.31
6634,30.04.2011 08:00:00,-0.68,-0.68,-0.87,-1.18,-1.31
6635,30.04.2011 09:00:00,-0.68,-0.68,-0.87,-1.18,-1.31
6636,30.04.2011 10:00:00,-0.68,-0.68,-0.87,-1.25,-1.31
6637,30.04.2011 11:00:00,-0.68,-0.68,-0.87,-1.18,-1.31
6638,30.04.2011 12:00:00,-0.68,-0.68,-0.87,-1.18,-1.31,3.588
6639,30.04.2011 13:00:00,-0.68,-0.68,-0.87,-1.18,-1.25
6640,30.04.2011 14:00:00,-0.75,-0.68,-0.87,-1.18,-1.31
6641,30.04.2011 15:00:00,-0.68,-0.68,-0.87,-1.18,-1.31
6642,30.04.2011 16:00:00,-0.68,-0.68,-0.87,-1.18,-1.31
6643,30.04.2011 17:00:00,-0.68,-0.68,-0.87,-1.18,-1.31
6644,30.04.2011 18:00:00,-0.68,-0.68,-0.87,-1.18,-1.31,3.584
6645,30.04.2011 19:00:00,-0.68,-0.68,-0.87,-1.18,-1.25
6646,30.04.2011 20:00:00,-0.68,-0.68,-0.87,-1.18,-1.31
6647,30.04.2011 21:00:00,-0.68,-0.68,-0.87,-1.18,-1.25
6648,30.04.2011 22:00:00,-0.68,-0.68,-0.87,-1.18,-1.25
6649,30.04.2011 23:00:00,-0.68,-0.68,-0.87,-1.18,-1.25
6650,01.05.2011 00:00:00,-0.68,-0.62,-0.87,-1.18,-1.25,3.589
6651,01.05.2011 01:00:00,-0.68,-0.68,-0.87,-1.18,-1.25
6652,01.05.2011 02:00:00,-0.68,-0.68,-0.87,-1.18,-1.25
6653,01.05.2011 03:00:00,-0.68,-0.68,-0.87,-1.18,-1.25
6654,01.05.2011 04:00:00,-0.68,-0.68,-0.87,-1.18,-1.25
6655,01.05.2011 05:00:00,-0.68,-0.62,-0.87,-1.18,-1.25
6656,01.05.2011 06:00:00,-0.68,-0.62,-0.81,-1.18,-1.25,3.587
6657,01.05.2011 07:00:00,-0.68,-0.68,-0.87,-1.18,-1.25
6658,01.05.2011 08:00:00,-0.68,-0.62,-0.81,-1.18,-1.25
6659,01.05.2011 09:00:00,-0.68,-0.62,-0.81,-1.12,-1.25
6660,01.05.2011 10:00:00,-0.68,-0.62,-0.81,-1.12,-1.25
6661,01.05.2011 11:00:00,-0.68,-0.62,-0.81,-1.18,-1.25
6662,01.05.2011 12:00:00,-0.68,-0.62,-0.81,-1.18,-1.25,3.584
6663,01.05.2011 13:00:00,-0.68,-0.62,-0.81,-1.12,-1.25
6664,01.05.2011 14:00:00,-0.68,-0.62,-0.81,-1.12,-1.25
6665,01.05.2011 15:00:00,-0.68,-0.62,-0.81,-1.12,-1.25
6666,01.05.2011 16:00:00,-0.68,-0.62,-0.81,-1.12,-1.25
6667,01.05.2011 17:00:00,-0.68,-0.62,-0.81,-1.12,-1.25
6668,01.05.2011 18:00:00,-0.68,-0.62,-0.81,-1.12,-1.18,3.586
6669,01.05.2011 19:00:00,-0.68,-0.62,-0.81,-1.12,-1.25
6670,01.05.2011 20:00:00,-0.68,-0.62,-0.87,-1.12,-1.25
6671,01.05.2011 21:00:00,-0.68,-0.62,-0.81,-1.12,-1.25
6672,01.05.2011 22:00:00,-0.68,-0.62,-0.81,-1.12,-1.25
6673,01.05.2011 23:00:00,-0.68,-0.62,-0.81,-1.12,-1.18
6674,02.05.2011 00:00:00,-0.68,-0.62,-0.81,-1.12,-1.25,3.583
6675,02.05.2011 01:00:00,-0.68,-0.62,-0.81,-1.12,-1.18
6676,02.05.2011 02:00:00,-0.68,-0.62,-0.81,-1.12,-1.18
6677,02.05.2011 03:00:00,-0.68,-0.62,-0.81,-1.12,-1.25
6678,02.05.2011 04:00:00,-0.68,-0.62,-0.81,-1.12,-1.18
6679,02.05.2011 05:00:00,-0.68,-0.62,-0.81,-1.12,-1.18
6680,02.05.2011 06:00:00,-0.68,-0.62,-0.81,-1.12,-1.18,3.585
6681,02.05.2011 07:00:00,-0.68,-0.62,-0.81,-1.12,-1.18
6682,02.05.2011 08:00:00,-0.68,-0.62,-0.81,-1.12,-1.18
6683,02.05.2011 09:00:00,-0.68,-0.62,-0.81,-1.12,-1.18
6684,02.05.2011 10:00:00,-0.68,-0.62,-0.75,-1.12,-1.18
6685,02.05.2011 11:00:00,-0.68,-0.62,-0.75,-1.12,-1.18
6686,02.05.2011 12:00:00,-0.68,-0.62,-0.81,-1.06,-1.18,3.588
6687,02.05.2011 13:00:00,-0.68,-0.62,-0.75,-1.12,-1.18
6688,02.05.2011 14:00:00,-0.68,-0.62,-0.81,-1.12,-1.18
6689,02.05.2011 15:00:00,-0.68,-0.62,-0.81,-1.12,-1.18
6690,02.05.2011 16:00:00,-0.68,-0.62,-0.75,-1.06,-1.18
6691,02.05.2011 17:00:00,-0.68,-0.62,-0.81,-1.06,-1.18
6692,02.05.2011 18:00:00,-0.62,-0.62,-0.75,-1.06,-1.18,3.585
6693,02.05.2011 19:00:00,-0.68,-0.62,-0.81,-1.12,-1.18
6694,02.05.2011 20:00:00,-0.68,-0.62,-0.75,-1.06,-1.18
6695,02.05.2011 21:00:00,-0.62,-0.62,-0.75,-1.06,-1.18
6696,02.05.2011 22:00:00,-0.68,-0.62,-0.75,-1.12,-1.18
6697,02.05.2011 23:00:00,-0.68,-0.62,-0.81,-1.06,-1.12
6698,03.05.2011 00:00:00,-0.68,-0.56,-0.75,-1.06,-1.18,3.592
6699,03.05.2011 01:00:00,-0.68,-0.62,-0.75,-1.06,-1.18
6700,03.05.2011 02:00:00,-0.68,-0.62,-0.75,-1.06,-1.18
6701,03.05.2011 03:00:00,-0.62,-0.62,-0.75,-1.06,-1.18
6702,03.05.2011 04:00:00,-0.62,-0.62,-0.75,-1.06,-1.12
6703,03.05.2011 05:00:00,-0.68,-0.62,-0.75,-1.06,-1.12
6704,03.05.2011 06:00:00,-0.68,-0.56,-0.75,-1.06,-1.12,3.591
6705,03.05.2011 07:00:00,-0.62,-0.62,-0.81,-1.06,-1.18
6706,03.05.2011 08:00:00,-0.68,-0.56,-0.75,-1.06,-1.12
6707,03.05.2011 09:00:00,-0.68,-0.56,-0.75,-1.06,-1.12
6708,03.05.2011 10:00:00,-0.68,-0.56,-0.75,-1.06,-1.12
6709,03.05.2011 11:00:00,-0.62,-0.56,-0.75,-1.06,-1.12
6710,03.05.2011 12:00:00,-0.62,-0.62,-0.81,-1.06,-1.18,3.586
6711,03.05.2011 13:00:00,-0.62,-0.56,-0.75,-1.06,-1.12
6712,03.05.2011 14:00:00,-0.62,-0.56,-0.75,-1.06,-1.12
6713,03.05.2011 15:00:00,-0.62,-0.56,-0.75,-1.06,-1.12
6714,03.05.2011 16:00:00,-0.68,-0.56,-0.75,-1.06,-1.12
6715,03.05.2011 17:00:00,-0.62,-0.56,-0.75,-1.06,-1.12
6716,03.05.2011 18:00:00,-0.62,-0.56,-0.75,-1.06,-1.12,3.592
6717,03.05.2011 19:00:00,-0.62,-0.56,-0.75,-1.06,-1.12
6718,03.05.2011 20:00:00,-0.62,-0.56,-0.75,-1.06,-1.12
6719,03.05.2011 21:00:00,-0.62,-0.56,-0.75,-1.06,-1.12
6720,03.05.2011 22:00:00,-0.62,-0.56,-0.75,-1.06,-1.12
6721,03.05.2011 23:00:00,-0.62,-0.56,-0.75,-1.06,-1.12
6722,04.05.2011 00:00:00,-0.62,-0.56,-0.75,-1,-1.12,3.586
6723,04.05.2011 01:00:00,-0.62,-0.56,-0.75,-1,-1.12
6724,04.05.2011 02:00:00,-0.62,-0.56,-0.75,-1.06,-1.12
6725,04.05.2011 03:00:00,-0.62,-0.56,-0.75,-1.06,-1.12
6726,04.05.2011 04:00:00,-0.62,-0.56,-0.75,-1,-1.12
6727,04.05.2011 05:00:00,-0.62,-0.56,-0.68,-1.06,-1.12
6728,04.05.2011 06:00:00,-0.62,-0.56,-0.75,-1,-1.12,3.591
6729,04.05.2011 07:00:00,-0.62,-0.56,-0.68,-1,-1.12
6730,04.05.2011 08:00:00,-0.62,-0.56,-0.68,-1,-1.12
6731,04.05.2011 09:00:00,-0.62,-0.56,-0.75,-1,-1.12
6732,04.05.2011 10:00:00,-0.62,-0.56,-0.75,-1,-1.12
6733,04.05.2011 11:00:00,-0.62,-0.56,-0.75,-1,-1.12
6734,04.05.2011 12:00:00,-0.62,-0.56,-0.75,-1,-1.12,3.586
6735,04.05.2011 13:00:00,-0.62,-0.56,-0.75,-1,-1.12
6736,04.05.2011 14:00:00,-0.62,-0.56,-0.68,-1,-1.06
6737,04.05.2011 15:00:00,-0.62,-0.56,-0.68,-1,-1.12
6738,04.05.2011 16:00:00,-0.62,-0.56,-0.68,-1,-1.06
6739,04.05.2011 17:00:00,-0.62,-0.56,-0.68,-1,-1.12
6740,04.05.2011 18:00:00,-0.62,-0.56,-0.75,-1,-1.12,3.585
6741,04.05.2011 19:00:00,-0.62,-0.56,-0.68,-1,-1.12
6742,04.05.2011 20:00:00,-0.62,-0.56,-0.68,-1,-1.12
6743,04.05.2011 21:00:00,-0.62,-0.56,-0.68,-1,-1.06
6744,04.05.2011 22:00:00,-0.62,-0.56,-0.68,-1,-1.12
6745,04.05.2011 23:00:00,-0.62,-0.56,-0.68,-1,-1.06
6746,05.05.2011 00:00:00,-0.62,-0.56,-0.68,-1,-1.06,3.585
6747,05.05.2011 01:00:00,-0.62,-0.56,-0.68,-1,-1.06
6748,05.05.2011 02:00:00,-0.62,-0.56,-0.75,-1,-1.06
6749,05.05.2011 03:00:00,-0.62,-0.56,-0.68,-1,-1.06
6750,05.05.2011 04:00:00,-0.62,-0.56,-0.68,-1,-1.06
6751,05.05.2011 05:00:00,-0.62,-0.56,-0.68,-1,-1.06
6752,05.05.2011 06:00:00,-0.62,-0.56,-0.68,-1,-1.06,3.591
6753,05.05.2011 07:00:00,-0.62,-0.56,-0.68,-1,-1.06
6754,05.05.2011 08:00:00,-0.62,-0.56,-0.68,-1,-1.06
6755,05.05.2011 09:00:00,-0.62,-0.56,-0.68,-1,-1.06
6756,05.05.2011 10:00:00,-0.62,-0.56,-0.68,-1,-1.06
6757,05.05.2011 11:00:00,-0.62,-0.5,-0.68,-1,-1.06
6758,05.05.2011 12:00:00,-0.62,-0.56,-0.68,-0.93,-1.06,3.588
6759,05.05.2011 13:00:00,-0.62,-0.5,-0.68,-0.93,-1.06
6760,05.05.2011 14:00:00,-0.62,-0.5,-0.68,-1,-1.06
6761,05.05.2011 15:00:00,-0.62,-0.5,-0.68,-1,-1.06
6762,05.05.2011 16:00:00,-0.62,-0.56,-0.68,-0.93,-1.06
6763,05.05.2011 17:00:00,-0.62,-0.56,-0.68,-0.93,-1.06
6764,05.05.2011 18:00:00,-0.62,-0.5,-0.68,-0.93,-1.06,3.590
6765,05.05.2011 19:00:00,-0.62,-0.56,-0.68,-0.93,-1.06
6766,05.05.2011 20:00:00,-0.62,-0.5,-0.68,-0.93,-1.06
6767,05.05.2011 21:00:00,-0.62,-0.5,-0.68,-0.93,-1.06
6768,05.05.2011 22:00:00,-0.56,-0.5,-0.68,-0.93,-1.06
6769,05.05.2011 23:00:00,-0.62,-0.56,-0.68,-0.93,-1.06
6770,06.05.2011 00:00:00,-0.56,-0.5,-0.68,-0.93,-1.06,3.586
6771,06.05.2011 01:00:00,-0.62,-0.5,-0.68,-0.93,-1.06
6772,06.05.2011 02:00:00,-0.56,-0.5,-0.68,-0.93,-1.06
6773,06.05.2011 03:00:00,-0.62,-0.5,-0.68,-0.93,-1.06
6774,06.05.2011 04:00:00,-0.56,-0.5,-0.68,-0.93,-1.06
6775,06.05.2011 05:00:00,-0.56,-0.5,-0.68,-0.93,-1.06
6776,06.05.2011 06:00:00,-0.56,-0.5,-0.68,-0.93,-1.06,3.590
6777,06.05.2011 07:00:00,-0.62,-0.5,-0.68,-0.93,-1.06
6778,06.05.2011 08:00:00,-0.62,-0.5,-0.68,-0.93,-1.06
6779,06.05.2011 09:00:00,-0.62,-0.5,-0.68,-0.93,-1.06
6780,06.05.2011 10:00:00,-0.56,-0.5,-0.68,-0.93,-1.06
6781,06.05.2011 11:00:00,-0.62,-0.5,-0.68,-0.93,-1
6782,06.05.2011 12:00:00,-0.25,0.06,0.12,0,0,3.592
6783,06.05.2011 13:00:00,-0.25,0.06,0.12,0,-0.12
6784,06.05.2011 14:00:00,-0.25,0.06,0.12,0,-0.56
6785,06.05.2011 15:00:00,-0.25,0.06,0.12,0,-0.75
6786,06.05.2011 16:00:00,-0.25,0,0.12,-0.12,-0.75
6787,06.05.2011 17:00:00,-0.25,0,0.12,-0.25,-0.81
6788,06.05.2011 18:00:00,-0.25,0,0.06,-0.5,-0.81,3.593
6789,06.05.2011 19:00:00,-0.25,0,0.06,-0.56,-0.87
6790,06.05.2011 20:00:00,-0.25,-0.06,0,-0.62,-0.87
6791,06.05.2011 21:00:00,-0.25,-0.12,0,-0.68,-0.87
6792,06.05.2011 22:00:00,-0.25,-0.18,-0.12,-0.75,-0.93
6793,06.05.2011 23:00:00,-0.25,-0.18,-0.12,-0.81,-0.93
6794,07.05.2011 00:00:00,-0.25,-0.25,-0.18,-0.81,-0.93,3.591
6795,07.05.2011 01:00:00,-0.25,-0.31,-0.25,-0.75,-0.93
6796,07.05.2011 02:00:00,-0.25,-0.31,-0.31,-0.81,-1
6797,07.05.2011 03:00:00,-0.25,-0.31,-0.37,-0.81,-0.93
6798,07.05.2011 04:00:00,-0.25,-0.37,-0.43,-0.81,-1
6799,07.05.2011 05:00:00,-0.25,-0.37,-0.43,-0.81,-1
6800,07.05.2011 06:00:00,-0.25,-0.37,-0.5,-0.87,-0.93,3.593
6801,07.05.2011 07:00:00,-0.25,-0.37,-0.5,-0.81,-1
6802,07.05.2011 08:00:00,-0.25,-0.37,-0.5,-0.81,-0.93
6803,07.05.2011 09:00:00,-0.31,-0.37,-0.56,-0.87,-1
6804,07.05.2011 10:00:00,-0.25,-0.37,-0.56,-0.81,-1
6805,07.05.2011 11:00:00,-0.25,-0.37,-0.56,-0.81,-1
6806,07.05.2011 12:00:00,-0.25,-0.37,-0.56,-0.87,-1,3.588
6807,07.05.2011 13:00:00,-0.31,-0.43,-0.56,-0.87,-0.93
6808,07.05.2011 14:00:00,-0.31,-0.37,-0.56,-0.87,-1
6809,07.05.2011 15:00:00,-0.25,-0.37,-0.56,-0.87,-0.93
6810,07.05.2011 16:00:00,-0.25,-0.37,-0.56,-0.81,-1
6811,07.05.2011 17:00:00,-0.31,-0.43,-0.56,-0.87,-1
6812,07.05.2011 18:00:00,-0.25,-0.43,-0.56,-0.87,-1,3.588
6813,07.05.2011 19:00:00,-0.31,-0.37,-0.56,-0.87,-1
6814,07.05.2011 20:00:00,-0.31,-0.43,-0.56,-0.87,-1
6815,07.05.2011 21:00:00,-0.31,-0.43,-0.56,-0.87,-0.93
6816,07.05.2011 22:00:00,-0.31,-0.43,-0.56,-0.87,-0.93
6817,07.05.2011 23:00:00,-0.31,-0.37,-0.56,-0.87,-1
6818,08.05.2011 00:00:00,-0.31,-0.43,-0.56,-0.87,-1,3.590
6819,08.05.2011 01:00:00,-0.31,-0.43,-0.62,-0.81,-1
6820,08.05.2011 02:00:00,-0.31,-0.43,-0.56,-0.87,-0.93
6821,08.05.2011 03:00:00,-0.31,-0.43,-0.56,-0.87,-1
6822,08.05.2011 04:00:00,-0.31,-0.43,-0.56,-0.87,-1
6823,08.05.2011 05:00:00,-0.31,-0.43,-0.56,-0.87,-0.93
6824,08.05.2011 06:00:00,-0.31,-0.43,-0.56,-0.87,-0.93,3.589
6825,08.05.2011 07:00:00,-0.31,-0.43,-0.56,-0.87,-1
6826,08.05.2011 08:00:00,-0.31,-0.43,-0.62,-0.87,-0.93
6827,08.05.2011 09:00:00,-0.31,-0.43,-0.56,-0.87,-0.93
6828,08.05.2011 10:00:00,-0.31,-0.37,-0.56,-0.81,-0.93
6829,08.05.2011 11:00:00,-0.37,-0.43,-0.56,-0.87,-1
6830,08.05.2011 12:00:00,-0.31,-0.43,-0.62,-0.87,-0.93,3.587
6831,08.05.2011 13:00:00,-0.31,-0.43,-0.56,-0.87,-0.93
6832,08.05.2011 14:00:00,-0.31,-0.43,-0.56,-0.81,-0.93
6833,08.05.2011 15:00:00,-0.31,-0.37,-0.62,-0.81,-0.93
6834,08.05.2011 16:00:00,-0.37,-0.43,-0.56,-0.87,-0.93
6835,08.05.2011 17:00:00,-0.37,-0.43,-0.56,-0.81,-0.93
6836,08.05.2011 18:00:00,-0.37,-0.37,-0.56,-0.87,-0.93,3.594
6837,08.05.2011 19:00:00,-0.31,-0.43,-0.56,-0.87,-0.93
6838,08.05.2011 20:00:00,-0.37,-0.43,-0.62,-0.81,-0.93
6839,08.05.2011 21:00:00,-0.31,-0.43,-0.56,-0.81,-0.93
6840,08.05.2011 22:00:00,-0.37,-0.37,-0.56,-0.81,-0.93
6841,08.05.2011 23:00:00,-0.37,-0.43,-0.56,-0.81,-0.93
6842,09.05.2011 00:00:00,-0.37,-0.43,-0.56,-0.87,-0.93,3.592
6843,09.05.2011 01:00:00,-0.37,-0.43,-0.56,-0.81,-0.93
6844,09.05.2011 02:00:00,-0.37,-0.43,-0.56,-0.81,-0.93
6845,09.05.2011 03:00:00,-0.37,-0.43,-0.56,-0.81,-0.93
6846,09.05.2011 04:00:00,-0.31,-0.37,-0.56,-0.81,-0.93
6847,09.05.2011 05:00:00,-0.37,-0.37,-0.56,-0.87,-0.93
6848,09.05.2011 06:00:00,-0.37,-0.43,-0.56,-0.81,-0.93,3.588
6849,09.05.2011 07:00:00,-0.37,-0.37,-0.56,-0.81,-0.93
6850,09.05.2011 08:00:00,-0.37,-0.43,-0.56,-0.81,-0.93
6851,09.05.2011 09:00:00,-0.37,-0.43,-0.56,-0.81,-0.93
6852,09.05.2011 10:00:00,-0.37,-0.43,-0.56,-0.81,-0.93
6853,09.05.2011 11:00:00,-0.37,-0.37,-0.56,-0.81,-0.93
6854,09.05.2011 12:00:00,-0.37,-0.37,-0.56,-0.81,-0.93,3.590
6855,09.05.2011 13:00:00,-0.37,-0.43,-0.56,-0.81,-0.93
6856,09.05.2011 14:00:00,-0.37,-0.43,-0.56,-0.81,-0.93
6857,09.05.2011 15:00:00,-0.37,-0.37,-0.56,-0.81,-0.93
6858,09.05.2011 16:00:00,-0.37,-0.37,-0.56,-0.81,-0.93
6859,09.05.2011 17:00:00,-0.37,-0.37,-0.56,-0.81,-0.93
6860,09.05.2011 18:00:00,-0.37,-0.37,-0.56,-0.81,-0.93,3.588
6861,09.05.2011 19:00:00,-0.37,-0.37,-0.56,-0.81,-0.93
6862,09.05.2011 20:00:00,-0.37,-0.37,-0.56,-0.81,-0.93
6863,09.05.2011 21:00:00,-0.37,-0.43,-0.56,-0.81,-0.93
6864,09.05.2011 22:00:00,-0.37,-0.43,-0.56,-0.81,-0.93
6865,09.05.2011 23:00:00,-0.37,-0.43,-0.56,-0.81,-0.93
6866,10.05.2011 00:00:00,-0.37,-0.37,-0.56,-0.81,-0.93,3.589
6867,10.05.2011 01:00:00,-0.37,-0.37,-0.56,-0.81,-0.93
6868,10.05.2011 02:00:00,-0.37,-0.37,-0.56,-0.81,-0.93
6869,10.05.2011 03:00:00,-0.37,-0.37,-0.56,-0.81,-0.93
6870,10.05.2011 04:00:00,-0.37,-0.37,-0.56,-0.81,-0.93
6871,10.05.2011 05:00:00,-0.37,-0.37,-0.56,-0.81,-0.93
6872,10.05.2011 06:00:00,-0.37,-0.37,-0.5,-0.81,-0.93,3.594
6873,10.05.2011 07:00:00,-0.37,-0.37,-0.56,-0.81,-0.93
6874,10.05.2011 08:00:00,-0.37,-0.37,-0.5,-0.81,-0.87
6875,10.05.2011 09:00:00,-0.37,-0.37,-0.56,-0.81,-0.93
6876,10.05.2011 10:00:00,-0.37,-0.37,-0.5,-0.81,-0.93
6877,10.05.2011 11:00:00,-0.37,-0.37,-0.56,-0.81,-0.93
6878,10.05.2011 12:00:00,-0.37,-0.37,-0.56,-0.81,-0.87,3.590
6879,10.05.2011 13:00:00,-0.37,-0.37,-0.56,-0.81,-0.93
6880,10.05.2011 14:00:00,-0.37,-0.37,-0.56,-0.75,-0.93
6881,10.05.2011 15:00:00,-0.37,-0.37,-0.56,-0.81,-0.87
6882,10.05.2011 16:00:00,-0.37,-0.37,-0.56,-0.81,-0.87
6883,10.05.2011 17:00:00,-0.37,-0.37,-0.56,-0.81,-0.87
6884,10.05.2011 18:00:00,-0.37,-0.37,-0.5,-0.81,-0.87,3.594
6885,10.05.2011 19:00:00,-0.37,-0.43,-0.56,-0.81,-0.87
6886,10.05.2011 20:00:00,-0.37,-0.37,-0.5,-0.81,-0.87
6887,10.05.2011 21:00:00,-0.37,-0.37,-0.5,-0.75,-0.87
6888,10.05.2011 22:00:00,-0.37,-0.37,-0.5,-0.75,-0.87
6889,10.05.2011 23:00:00,-0.37,-0.37,-0.56,-0.75,-0.87
6890,11.05.2011 00:00:00,-0.37,-0.37,-0.56,-0.75,-0.87,3.596
6891,11.05.2011 01:00:00,-0.37,-0.37,-0.5,-0.81,-0.87
6892,11.05.2011 02:00:00,-0.37,-0.37,-0.5,-0.81,-0.87
6893,11.05.2011 03:00:00,-0.37,-0.37,-0.5,-0.75,-0.87
6894,11.05.2011 04:00:00,-0.43,-0.37,-0.5,-0.81,-0.87
6895,11.05.2011 05:00:00,-0.37,-0.37,-0.56,-0.75,-0.87
6896,11.05.2011 06:00:00,-0.43,-0.37,-0.56,-0.75,-0.87,3.589
6897,11.05.2011 07:00:00,-0.43,-0.37,-0.5,-0.75,-0.87
6898,11.05.2011 08:00:00,-0.37,-0.37,-0.5,-0.75,-0.87
6899,11.05.2011 09:00:00,-0.37,-0.37,-0.5,-0.75,-0.87
6900,11.05.2011 10:00:00,-0.37,-0.37,-0.5,-0.75,-0.87
6901,11.05.2011 11:00:00,-0.37,-0.37,-0.5,-0.75,-0.87
6902,11.05.2011 12:00:00,-0.37,-0.37,-0.5,-0.75,-0.87,3.594
6903,11.05.2011 13:00:00,-0.37,-0.37,-0.5,-0.75,-0.87
6904,11.05.2011 14:00:00,-0.37,-0.37,-0.5,-0.75,-0.87
6905,11.05.2011 15:00:00,-0.37,-0.37,-0.5,-0.75,-0.87
6906,11.05.2011 16:00:00,-0.37,-0.37,-0.5,-0.75,-0.87
6907,11.05.2011 17:00:00,-0.37,-0.37,-0.5,-0.75,-0.87
6908,11.05.2011 18:00:00,-0.43,-0.37,-0.5,-0.75,-0.87,3.589
6909,11.05.2011 19:00:00,-0.37,-0.37,-0.5,-0.75,-0.87
6910,11.05.2011 20:00:00,-0.43,-0.37,-0.5,-0.75,-0.87
6911,11.05.2011 21:00:00,-0.37,-0.37,-0.5,-0.75,-0.87
6912,11.05.2011 22:00:00,-0.43,-0.37,-0.5,-0.75,-0.87
6913,11.05.2011 23:00:00,-0.43,-0.37,-0.5,-0.75,-0.87
6914,12.05.2011 00:00:00,-0.37,-0.37,-0.5,-0.75,-0.87,3.593
6915,12.05.2011 01:00:00,-0.37,-0.37,-0.5,-0.75,-0.87
6916,12.05.2011 02:00:00,-0.37,-0.37,-0.5,-0.75,-0.87
6917,12.05.2011 03:00:00,-0.43,-0.37,-0.5,-0.75,-0.87
6918,12.05.2011 04:00:00,-0.43,-0.37,-0.5,-0.75,-0.81
6919,12.05.2011 05:00:00,-0.43,-0.37,-0.5,-0.68,-0.81
6920,12.05.2011 06:00:00,-0.43,-0.37,-0.5,-0.75,-0.81,3.588
6921,12.05.2011 07:00:00,-0.43,-0.37,-0.5,-0.75,-0.81
6922,12.05.2011 08:00:00,-0.43,-0.37,-0.5,-0.75,-0.87
6923,12.05.2011 09:00:00,-0.43,-0.37,-0.5,-0.75,-0.81
6924,12.05.2011 10:00:00,-0.43,-0.37,-0.5,-0.75,-0.87
6925,12.05.2011 11:00:00,-0.43,-0.37,-0.5,-0.75,-0.87
6926,12.05.2011 12:00:00,-0.43,-0.37,-0.5,-0.75,-0.81,3.590
6927,12.05.2011 13:00:00,-0.43,-0.37,-0.5,-0.75,-0.87
6928,12.05.2011 14:00:00,-0.43,-0.37,-0.5,-0.75,-0.81
6929,12.05.2011 15:00:00,-0.43,-0.37,-0.5,-0.68,-0.81
6930,12.05.2011 16:00:00,-0.43,-0.37,-0.5,-0.75,-0.81
6931,12.05.2011 17:00:00,-0.43,-0.37,-0.5,-0.75,-0.81
6932,12.05.2011 18:00:00,-0.43,-0.37,-0.5,-0.68,-0.81,3.588
6933,12.05.2011 19:00:00,-0.43,-0.31,-0.5,-0.75,-0.81
6934,12.05.2011 20:00:00,-0.43,-0.37,-0.5,-0.68,-0.81
6935,12.05.2011 21:00:00,-0.43,-0.37,-0.5,-0.75,-0.87
6936,12.05.2011 22:00:00,-0.43,-0.37,-0.43,-0.68,-0.81
6937,12.05.2011 23:00:00,-0.43,-0.37,-0.43,-0.68,-0.81
6938,13.05.2011 00:00:00,-0.43,-0.37,-0.5,-0.75,-0.81,3.594
6939,13.05.2011 01:00:00,-0.43,-0.31,-0.5,-0.75,-0.81
6940,13.05.2011 02:00:00,-0.43,-0.37,-0.43,-0.68,-0.81
6941,13.05.2011 03:00:00,-0.43,-0.37,-0.43,-0.68,-0.81
6942,13.05.2011 04:00:00,-0.43,-0.31,-0.5,-0.68,-0.81
6943,13.05.2011 05:00:00,-0.37,-0.37,-0.5,-0.68,-0.81
6944,13.05.2011 06:00:00,-0.43,-0.37,-0.43,-0.68,-0.81,3.592
6945,13.05.2011 07:00:00,-0.43,-0.37,-0.43,-0.68,-0.81
6946,13.05.2011 08:00:00,-0.43,-0.37,-0.5,-0.68,-0.81
6947,13.05.2011 09:00:00,-0.43,-0.37,-0.5,-0.68,-0.81
6948,13.05.2011 10:00:00,-0.43,-0.37,-0.43,-0.68,-0.81
6949,13.05.2011 11:00:00,-0.43,-0.37,-0.43,-0.68,-0.81
6950,13.05.2011 12:00:00,-0.43,-0.31,-0.5,-0.68,-0.81,3.594
6951,13.05.2011 13:00:00,-0.43,-0.31,-0.43,-0.68,-0.81
6952,13.05.2011 14:00:00,-0.43,-0.31,-0.43,-0.68,-0.81
6953,13.05.2011 15:00:00,-0.43,-0.31,-0.43,-0.68,-0.81
6954,13.05.2011 16:00:00,-0.43,-0.37,-0.43,-0.68,-0.81
6955,13.05.2011 17:00:00,-0.43,-0.37,-0.43,-0.68,-0.81
6956,13.05.2011 18:00:00,-0.43,-0.31,-0.43,-0.68,-0.81,3.588
6957,13.05.2011 19:00:00,-0.43,-0.37,-0.43,-0.68,-0.81
6958,13.05.2011 20:00:00,-0.43,-0.37,-0.43,-0.68,-0.81
6959,13.05.2011 21:00:00,-0.43,-0.31,-0.43,-0.68,-0.81
6960,13.05.2011 22:00:00,-0.43,-0.37,-0.43,-0.68,-0.81
6961,13.05.2011 23:00:00,-0.43,-0.37,-0.43,-0.68,-0.81
6962,14.05.2011 00:00:00,-0.43,-0.31,-0.43,-0.68,-0.81,3.593
6963,14.05.2011 01:00:00,-0.43,-0.37,-0.43,-0.68,-0.81
6964,14.05.2011 02:00:00,-0.43,-0.31,-0.43,-0.68,-0.81
6965,14.05.2011 03:00:00,-0.43,-0.31,-0.43,-0.68,-0.81
6966,14.05.2011 04:00:00,-0.43,-0.31,-0.43,-0.68,-0.81
6967,14.05.2011 05:00:00,-0.43,-0.37,-0.43,-0.68,-0.81
6968,14.05.2011 06:00:00,-0.43,-0.31,-0.43,-0.68,-0.81,3.592
6969,14.05.2011 07:00:00,-0.43,-0.31,-0.43,-0.68,-0.81
6970,14.05.2011 08:00:00,-0.43,-0.31,-0.43,-0.68,-0.81
6971,14.05.2011 09:00:00,-0.43,-0.31,-0.43,-0.68,-0.81
6972,14.05.2011 10:00:00,-0.43,-0.31,-0.43,-0.68,-0.81
6973,14.05.2011 11:00:00,-0.43,-0.31,-0.43,-0.68,-0.81
6974,14.05.2011 12:00:00,-0.43,-0.31,-0.43,-0.68,-0.81,3.592
6975,14.05.2011 13:00:00,-0.43,-0.37,-0.43,-0.68,-0.81
6976,14.05.2011 14:00:00,-0.43,-0.31,-0.43,-0.68,-0.75
6977,14.05.2011 15:00:00,-0.43,-0.31,-0.43,-0.68,-0.81
6978,14.05.2011 16:00:00,-0.43,-0.31,-0.43,-0.68,-0.75
6979,14.05.2011 17:00:00,-0.43,-0.31,-0.43,-0.68,-0.75
6980,14.05.2011 18:00:00,-0.43,-0.37,-0.43,-0.68,-0.75,3.592
6981,14.05.2011 19:00:00,-0.43,-0.31,-0.43,-0.68,-0.81
6982,14.05.2011 20:00:00,-0.43,-0.31,-0.43,-0.68,-0.81
6983,14.05.2011 21:00:00,-0.43,-0.31,-0.43,-0.68,-0.75
6984,14.05.2011 22:00:00,-0.43,-0.31,-0.43,-0.68,-0.81
6985,14.05.2011 23:00:00,-0.43,-0.31,-0.43,-0.68,-0.81
6986,15.05.2011 00:00:00,-0.43,-0.31,-0.43,-0.68,-0.75,3.593
6987,15.05.2011 01:00:00,-0.43,-0.31,-0.43,-0.68,-0.75
6988,15.05.2011 02:00:00,-0.43,-0.31,-0.43,-0.68,-0.75
6989,15.05.2011 03:00:00,-0.43,-0.31,-0.43,-0.68,-0.75
6990,15.05.2011 04:00:00,-0.43,-0.31,-0.43,-0.68,-0.75
6991,15.05.2011 05:00:00,-0.43,-0.31,-0.43,-0.68,-0.75
6992,15.05.2011 06:00:00,-0.43,-0.31,-0.43,-0.62,-0.75,3.587
6993,15.05.2011 07:00:00,-0.43,-0.31,-0.43,-0.68,-0.75
6994,15.05.2011 08:00:00,-0.43,-0.31,-0.43,-0.68,-0.75
6995,15.05.2011 09:00:00,-0.43,-0.31,-0.43,-0.68,-0.75
6996,15.05.2011 10:00:00,-0.43,-0.31,-0.43,-0.68,-0.75
6997,15.05.2011 11:00:00,-0.43,-0.31,-0.43,-0.68,-0.75
6998,15.05.2011 12:00:00,-0.43,-0.31,-0.43,-0.62,-0.75,3.588
6999,15.05.2011 13:00:00,-0.43,-0.31,-0.43,-0.68,-0.75
7000,15.05.2011 14:00:00,-0.43,-0.31,-0.43,-0.68,-0.75
7001,15.05.2011 15:00:00,-0.43,-0.31,-0.43,-0.68,-0.75
7002,15.05.2011 16:00:00,-0.43,-0.31,-0.43,-0.62,-0.75
7003,15.05.2011 17:00:00,-0.37,-0.31,-0.43,-0.62,-0.75
7004,15.05.2011 18:00:00,-0.43,-0.31,-0.43,-0.68,-0.75,3.591
7005,15.05.2011 19:00:00,-0.43,-0.31,-0.43,-0.62,-0.75
7006,15.05.2011 20:00:00,-0.37,-0.31,-0.43,-0.68,-0.75
7007,15.05.2011 21:00:00,-0.43,-0.31,-0.43,-0.68,-0.75
7008,15.05.2011 22:00:00,-0.43,-0.31,-0.43,-0.68,-0.75
7009,15.05.2011 23:00:00,-0.37,-0.31,-0.43,-0.62,-0.75
7010,16.05.2011 00:00:00,-0.43,-0.31,-0.43,-0.68,-0.75,3.589
7011,16.05.2011 01:00:00,-0.37,-0.31,-0.37,-0.68,-0.75
7012,16.05.2011 02:00:00,-0.37,-0.31,-0.43,-0.62,-0.75
7013,16.05.2011 03:00:00,-0.37,-0.31,-0.37,-0.68,-0.75
7014,16.05.2011 04:00:00,-0.37,-0.31,-0.43,-0.62,-0.75
7015,16.05.2011 05:00:00,-0.37,-0.31,-0.43,-0.62,-0.75
7016,16.05.2011 06:00:00,-0.43,-0.31,-0.43,-0.62,-0.75,3.588
7017,16.05.2011 07:00:00,-0.37,-0.31,-0.43,-0.62,-0.75
7018,16.05.2011 08:00:00,-0.37,-0.31,-0.43,-0.62,-0.75
7019,16.05.2011 09:00:00,-0.37,-0.31,-0.43,-0.62,-0.75
7020,16.05.2011 10:00:00,-0.37,-0.31,-0.43,-0.62,-0.75
7021,16.05.2011 11:00:00,-0.37,-0.31,-0.43,-0.62,-0.75
7022,16.05.2011 12:00:00,-0.37,-0.31,-0.43,-0.62,-0.75,3.595
7023,16.05.2011 13:00:00,-0.37,-0.31,-0.37,-0.62,-0.75
7024,16.05.2011 14:00:00,-0.37,-0.31,-0.43,-0.62,-0.75
7025,16.05.2011 15:00:00,-0.37,-0.31,-0.43,-0.68,-0.75
7026,16.05.2011 16:00:00,-0.37,-0.31,-0.37,-0.62,-0.75
7027,16.05.2011 17:00:00,-0.37,-0.31,-0.43,-0.62,-0.75
7028,16.05.2011 18:00:00,-0.37,-0.31,-0.37,-0.62,-0.75,3.598
7029,16.05.2011 19:00:00,-0.37,-0.31,-0.37,-0.62,-0.75
7030,16.05.2011 20:00:00,-0.31,-0.31,-0.37,-0.62,-0.75
7031,16.05.2011 21:00:00,-0.31,-0.31,-0.37,-0.62,-0.75
7032,16.05.2011 22:00:00,-0.37,-0.31,-0.43,-0.62,-0.75
7033,16.05.2011 23:00:00,-0.37,-0.31,-0.37,-0.62,-0.75
7034,17.05.2011 00:00:00,-0.37,-0.31,-0.37,-0.62,-0.75,3.591
7035,17.05.2011 01:00:00,-0.37,-0.31,-0.43,-0.62,-0.75
7036,17.05.2011 02:00:00,-0.37,-0.31,-0.37,-0.62,-0.75
7037,17.05.2011 03:00:00,-0.37,-0.31,-0.37,-0.62,-0.75
7038,17.05.2011 04:00:00,-0.37,-0.31,-0.37,-0.62,-0.75
7039,17.05.2011 05:00:00,-0.37,-0.31,-0.43,-0.62,-0.75
7040,17.05.2011 06:00:00,-0.37,-0.31,-0.37,-0.62,-0.75,3.590
7041,17.05.2011 07:00:00,-0.31,-0.31,-0.37,-0.62,-0.75
7042,17.05.2011 08:00:00,-0.37,-0.25,-0.37,-0.62,-0.75
7043,17.05.2011 09:00:00,-0.37,-0.31,-0.37,-0.62,-0.75
7044,17.05.2011 10:00:00,-0.31,-0.31,-0.37,-0.62,-0.75
7045,17.05.2011 11:00:00,-0.37,-0.31,-0.37,-0.62,-0.75
7046,17.05.2011 12:00:00,-0.37,-0.31,-0.43,-0.62,-0.75,3.590
7047,17.05.2011 13:00:00,-0.31,-0.31,-0.37,-0.62,-0.75
7048,17.05.2011 14:00:00,-0.31,-0.31,-0.43,-0.62,-0.75
7049,17.05.2011 15:00:00,-0.31,-0.31,-0.37,-0.62,-0.68
7050,17.05.2011 16:00:00,-0.25,-0.31,-0.43,-0.62,-0.75
7051,17.05.2011 17:00:00,-0.25,-0.31,-0.37,-0.62,-0.68
7052,17.05.2011 18:00:00,-0.25,-0.31,-0.37,-0.62,-0.75,3.608
7053,17.05.2011 19:00:00,-0.25,-0.31,-0.37,-0.62,-0.75
7054,17.05.2011 20:00:00,-0.25,-0.31,-0.37,-0.62,-0.68
7055,17.05.2011 21:00:00,-0.31,-0.31,-0.37,-0.62,-0.68
7056,17.05.2011 22:00:00,-0.31,-0.31,-0.37,-0.62,-0.68
7057,17.05.2011 23:00:00,-0.31,-0.25,-0.37,-0.62,-0.75
7058,18.05.2011 00:00:00,-0.31,-0.25,-0.37,-0.62,-0.68,3.598
7059,18.05.2011 01:00:00,-0.31,-0.25,-0.37,-0.62,-0.68
7060,18.05.2011 02:00:00,-0.31,-0.25,-0.37,-0.62,-0.68
7061,18.05.2011 03:00:00,-0.31,-0.31,-0.37,-0.62,-0.68
7062,18.05.2011 04:00:00,-0.31,-0.31,-0.37,-0.62,-0.68
7063,18.05.2011 05:00:00,-0.31,-0.31,-0.37,-0.62,-0.68
7064,18.05.2011 06:00:00,-0.31,-0.31,-0.37,-0.62,-0.68,3.591
7065,18.05.2011 07:00:00,-0.31,-0.31,-0.37,-0.62,-0.75
7066,18.05.2011 08:00:00,-0.31,-0.31,-0.37,-0.62,-0.68
7067,18.05.2011 09:00:00,-0.31,-0.31,-0.37,-0.62,-0.68
7068,18.05.2011 10:00:00,-0.31,-0.31,-0.37,-0.62,-0.68
7069,18.05.2011 11:00:00,-0.31,-0.25,-0.37,-0.62,-0.68
7070,18.05.2011 12:00:00,-0.31,-0.25,-0.37,-0.62,-0.68,3.596
7071,18.05.2011 13:00:00,-0.31,-0.25,-0.37,-0.62,-0.68
7072,18.05.2011 14:00:00,-0.31,-0.25,-0.37,-0.62,-0.68
7073,18.05.2011 15:00:00,-0.31,-0.25,-0.37,-0.62,-0.68
7074,18.05.2011 16:00:00,-0.31,-0.25,-0.37,-0.62,-0.68
7075,18.05.2011 17:00:00,-0.31,-0.25,-0.37,-0.62,-0.68
7076,18.05.2011 18:00:00,-0.31,-0.31,-0.37,-0.62,-0.68,3.597
7077,18.05.2011 19:00:00,-0.31,-0.31,-0.37,-0.62,-0.68
7078,18.05.2011 20:00:00,-0.31,-0.25,-0.31,-0.62,-0.68
7079,18.05.2011 21:00:00,-0.31,-0.25,-0.37,-0.56,-0.68
7080,18.05.2011 22:00:00,-0.31,-0.25,-0.37,-0.62,-0.68
7081,18.05.2011 23:00:00,-0.31,-0.25,-0.37,-0.62,-0.68
7082,19.05.2011 00:00:00,-0.31,-0.25,-0.37,-0.62,-0.68,3.591
7083,19.05.2011 01:00:00,-0.31,-0.31,-0.37,-0.56,-0.68
7084,19.05.2011 02:00:00,-0.31,-0.25,-0.37,-0.62,-0.68
7085,19.05.2011 03:00:00,-0.31,-0.25,-0.37,-0.62,-0.68
7086,19.05.2011 04:00:00,-0.31,-0.25,-0.37,-0.62,-0.68
7087,19.05.2011 05:00:00,-0.31,-0.25,-0.37,-0.56,-0.68
7088,19.05.2011 06:00:00,-0.31,-0.25,-0.31,-0.62,-0.68,3.597
7089,19.05.2011 07:00:00,-0.31,-0.25,-0.37,-0.56,-0.68
7090,19.05.2011 08:00:00,-0.31,-0.25,-0.37,-0.62,-0.68
7091,19.05.2011 09:00:00,-0.31,-0.25,-0.37,-0.56,-0.68
7092,19.05.2011 10:00:00,-0.31,-0.25,-0.37,-0.56,-0.68
7093,19.05.2011 11:00:00,-0.31,-0.25,-0.37,-0.62,-0.68
7094,19.05.2011 12:00:00,-0.31,-0.25,-0.37,-0.62,-0.68,3.591
7095,19.05.2011 13:00:00,-0.31,-0.25,-0.37,-0.56,-0.68
7096,19.05.2011 14:00:00,-0.31,-0.25,-0.37,-0.62,-0.68
7097,19.05.2011 15:00:00,-0.25,-0.25,-0.37,-0.56,-0.68
7098,19.05.2011 16:00:00,-0.25,-0.25,-0.37,-0.62,-0.68
7099,19.05.2011 17:00:00,-0.25,-0.25,-0.37,-0.56,-0.68
7100,19.05.2011 18:00:00,-0.25,-0.25,-0.37,-0.56,-0.68,3.605
7101,19.05.2011 19:00:00,-0.25,-0.25,-0.37,-0.56,-0.68
7102,19.05.2011 20:00:00,-0.25,-0.25,-0.37,-0.62,-0.68
7103,19.05.2011 21:00:00,-0.25,-0.25,-0.37,-0.56,-0.68
7104,19.05.2011 22:00:00,-0.31,-0.25,-0.37,-0.56,-0.68
7105,19.05.2011 23:00:00,-0.31,-0.25,-0.37,-0.62,-0.68
7106,20.05.2011 00:00:00,-0.31,-0.25,-0.37,-0.56,-0.68,3.591
7107,20.05.2011 01:00:00,-0.31,-0.25,-0.37,-0.56,-0.68
7108,20.05.2011 02:00:00,-0.31,-0.25,-0.31,-0.56,-0.68
7109,20.05.2011 03:00:00,-0.31,-0.25,-0.37,-0.56,-0.68
7110,20.05.2011 04:00:00,-0.31,-0.25,-0.37,-0.56,-0.68
7111,20.05.2011 05:00:00,-0.31,-0.25,-0.37,-0.56,-0.68
7112,20.05.2011 06:00:00,-0.31,-0.25,-0.37,-0.56,-0.68,3.590
7113,20.05.2011 07:00:00,-0.31,-0.25,-0.37,-0.56,-0.68
7114,20.05.2011 08:00:00,-0.31,-0.25,-0.37,-0.56,-0.68
7115,20.05.2011 09:00:00,-0.31,-0.25,-0.37,-0.56,-0.68
7116,20.05.2011 10:00:00,-0.31,-0.25,-0.37,-0.56,-0.68
7117,20.05.2011 11:00:00,-0.31,-0.25,-0.31,-0.56,-0.68
7118,20.05.2011 12:00:00,-0.31,-0.25,-0.37,-0.56,-0.68,3.590
7119,20.05.2011 13:00:00,-0.31,-0.25,-0.31,-0.56,-0.68
7120,20.05.2011 14:00:00,-0.31,-0.25,-0.37,-0.56,-0.68
7121,20.05.2011 15:00:00,-0.31,-0.25,-0.37,-0.56,-0.68
7122,20.05.2011 16:00:00,-0.31,-0.25,-0.31,-0.56,-0.68
7123,20.05.2011 17:00:00,-0.31,-0.25,-0.31,-0.56,-0.68
7124,20.05.2011 18:00:00,-0.31,-0.25,-0.31,-0.56,-0.68,3.596
7125,20.05.2011 19:00:00,-0.31,-0.25,-0.31,-0.56,-0.68
7126,20.05.2011 20:00:00,-0.31,-0.25,-0.37,-0.56,-0.68
7127,20.05.2011 21:00:00,-0.31,-0.25,-0.31,-0.56,-0.62
7128,20.05.2011 22:00:00,-0.31,-0.25,-0.31,-0.56,-0.68
7129,20.05.2011 23:00:00,-0.31,-0.25,-0.31,-0.56,-0.62
7130,21.05.2011 00:00:00,-0.31,-0.25,-0.31,-0.56,-0.68,3.593
7131,21.05.2011 01:00:00,-0.31,-0.25,-0.31,-0.56,-0.68
7132,21.05.2011 02:00:00,-0.31,-0.25,-0.31,-0.56,-0.68
7133,21.05.2011 03:00:00,-0.31,-0.25,-0.31,-0.56,-0.68
7134,21.05.2011 04:00:00,-0.31,-0.25,-0.37,-0.56,-0.68
7135,21.05.2011 05:00:00,-0.25,-0.18,-0.31,-0.56,-0.62
7136,21.05.2011 06:00:00,-0.31,-0.18,-0.31,-0.56,-0.68,3.596
7137,21.05.2011 07:00:00,-0.31,-0.18,-0.31,-0.56,-0.68
7138,21.05.2011 08:00:00,-0.31,-0.25,-0.31,-0.56,-0.62
7139,21.05.2011 09:00:00,-0.31,-0.25,-0.31,-0.56,-0.68
7140,21.05.2011 10:00:00,-0.31,-0.25,-0.31,-0.56,-0.68
7141,21.05.2011 11:00:00,-0.31,-0.25,-0.31,-0.56,-0.68
7142,21.05.2011 12:00:00,-0.31,-0.25,-0.37,-0.56,-0.68,3.590
7143,21.05.2011 13:00:00,-0.31,-0.25,-0.31,-0.56,-0.62
7144,21.05.2011 14:00:00,-0.31,-0.18,-0.31,-0.56,-0.62
7145,21.05.2011 15:00:00,-0.31,-0.18,-0.31,-0.56,-0.62
7146,21.05.2011 16:00:00,-0.31,-0.18,-0.31,-0.56,-0.62
7147,21.05.2011 17:00:00,-0.25,-0.25,-0.37,-0.56,-0.62
7148,21.05.2011 18:00:00,-0.31,-0.18,-0.31,-0.56,-0.68,3.595
7149,21.05.2011 19:00:00,-0.31,-0.25,-0.31,-0.56,-0.68
7150,21.05.2011 20:00:00,-0.31,-0.18,-0.31,-0.56,-0.62
7151,21.05.2011 21:00:00,-0.31,-0.18,-0.31,-0.56,-0.62
7152,21.05.2011 22:00:00,-0.31,-0.18,-0.31,-0.56,-0.62
7153,21.05.2011 23:00:00,-0.31,-0.18,-0.31,-0.56,-0.62
7154,22.05.2011 00:00:00,-0.25,-0.25,-0.31,-0.56,-0.62,3.593
7155,22.05.2011 01:00:00,-0.31,-0.18,-0.31,-0.56,-0.62
7156,22.05.2011 02:00:00,-0.31,-0.18,-0.31,-0.56,-0.62
7157,22.05.2011 03:00:00,-0.31,-0.18,-0.31,-0.56,-0.62
7158,22.05.2011 04:00:00,-0.25,-0.25,-0.31,-0.56,-0.62
7159,22.05.2011 05:00:00,-0.31,-0.18,-0.31,-0.56,-0.68
7160,22.05.2011 06:00:00,-0.31,-0.18,-0.31,-0.56,-0.62,3.596
7161,22.05.2011 07:00:00,-0.25,-0.18,-0.31,-0.56,-0.62
7162,22.05.2011 08:00:00,-0.31,-0.18,-0.31,-0.56,-0.62
7163,22.05.2011 09:00:00,-0.25,-0.18,-0.31,-0.5,-0.62
7164,22.05.2011 10:00:00,-0.25,-0.18,-0.31,-0.56,-0.62
7165,22.05.2011 11:00:00,-0.31,-0.18,-0.31,-0.56,-0.62
7166,22.05.2011 12:00:00,-0.31,-0.18,-0.31,-0.56,-0.62,3.593
7167,22.05.2011 13:00:00,-0.25,-0.18,-0.31,-0.5,-0.62
7168,22.05.2011 14:00:00,-0.25,-0.18,-0.31,-0.56,-0.62
7169,22.05.2011 15:00:00,-0.18,-0.18,-0.31,-0.5,-0.62
7170,22.05.2011 16:00:00,-0.18,-0.18,-0.31,-0.56,-0.62
7171,22.05.2011 17:00:00,-0.12,-0.18,-0.31,-0.56,-0.62
7172,22.05.2011 18:00:00,-0.12,-0.18,-0.31,-0.56,-0.62,3.614
7173,22.05.2011 19:00:00,-0.12,-0.18,-0.31,-0.56,-0.62
7174,22.05.2011 20:00:00,-0.12,-0.18,-0.31,-0.56,-0.62
7175,22.05.2011 21:00:00,-0.12,-0.18,-0.31,-0.56,-0.62
7176,22.05.2011 22:00:00,-0.18,-0.18,-0.31,-0.56,-0.62
7177,22.05.2011 23:00:00,-0.18,-0.18,-0.31,-0.56,-0.62
7178,23.05.2011 00:00:00,-0.25,-0.18,-0.31,-0.56,-0.62,3.593
7179,23.05.2011 01:00:00,-0.25,-0.18,-0.31,-0.5,-0.62
7180,23.05.2011 02:00:00,-0.25,-0.18,-0.31,-0.56,-0.62
7181,23.05.2011 03:00:00,-0.31,-0.18,-0.31,-0.56,-0.62
7182,23.05.2011 04:00:00,-0.25,-0.18,-0.31,-0.56,-0.62
7183,23.05.2011 05:00:00,-0.31,-0.18,-0.31,-0.56,-0.62
7184,23.05.2011 06:00:00,-0.25,-0.18,-0.31,-0.5,-0.62,3.591
7185,23.05.2011 07:00:00,-0.25,-0.18,-0.31,-0.56,-0.62
7186,23.05.2011 08:00:00,-0.25,-0.18,-0.31,-0.56,-0.62
7187,23.05.2011 09:00:00,-0.25,-0.18,-0.31,-0.5,-0.62
7188,23.05.2011 10:00:00,-0.25,-0.18,-0.31,-0.56,-0.62
7189,23.05.2011 11:00:00,-0.25,-0.18,-0.31,-0.5,-0.62
7190,23.05.2011 12:00:00,-0.12,-0.18,-0.31,-0.5,-0.62,3.605
7191,23.05.2011 13:00:00,0,-0.18,-0.31,-0.56,-0.62
7192,23.05.2011 14:00:00,0.18,-0.18,-0.31,-0.5,-0.62
7193,23.05.2011 15:00:00,0.43,-0.18,-0.31,-0.5,-0.62
7194,23.05.2011 16:00:00,0.68,-0.18,-0.31,-0.5,-0.62
7195,23.05.2011 17:00:00,0.81,-0.18,-0.25,-0.5,-0.62
7196,23.05.2011 18:00:00,0.87,-0.18,-0.31,-0.5,-0.62,3.630
7197,23.05.2011 19:00:00,0.81,-0.18,-0.31,-0.56,-0.62
7198,23.05.2011 20:00:00,0.68,-0.18,-0.31,-0.5,-0.62
7199,23.05.2011 21:00:00,0.56,-0.18,-0.31,-0.5,-0.62
7200,23.05.2011 22:00:00,0.43,-0.18,-0.31,-0.5,-0.62
7201,23.05.2011 23:00:00,0.25,-0.18,-0.31,-0.5,-0.62
7202,24.05.2011 00:00:00,0.12,-0.18,-0.31,-0.5,-0.62,3.602
7203,24.05.2011 01:00:00,0.06,-0.18,-0.31,-0.56,-0.62
7204,24.05.2011 02:00:00,-0.06,-0.18,-0.31,-0.5,-0.62
7205,24.05.2011 03:00:00,-0.06,-0.18,-0.31,-0.5,-0.62
7206,24.05.2011 04:00:00,-0.12,-0.18,-0.31,-0.5,-0.62
7207,24.05.2011 05:00:00,-0.18,-0.18,-0.31,-0.5,-0.62
7208,24.05.2011 06:00:00,-0.18,-0.18,-0.31,-0.5,-0.62,3.599
7209,24.05.2011 07:00:00,-0.18,-0.18,-0.31,-0.5,-0.62
7210,24.05.2011 08:00:00,-0.18,-0.18,-0.31,-0.5,-0.62
7211,24.05.2011 09:00:00,-0.18,-0.18,-0.31,-0.5,-0.62
7212,24.05.2011 10:00:00,-0.18,-0.18,-0.25,-0.5,-0.62
7213,24.05.2011 11:00:00,0.06,-0.18,-0.31,-0.5,-0.62
7214,24.05.2011 12:00:00,0.43,-0.18,-0.31,-0.5,-0.62,3.612
7215,24.05.2011 13:00:00,0.81,-0.18,-0.25,-0.5,-0.62
7216,24.05.2011 14:00:00,1.06,-0.18,-0.31,-0.5,-0.62
7217,24.05.2011 15:00:00,1.25,-0.18,-0.25,-0.5,-0.62
7218,24.05.2011 16:00:00,1.56,-0.18,-0.25,-0.5,-0.62
7219,24.05.2011 17:00:00,1.75,-0.18,-0.25,-0.5,-0.62
7220,24.05.2011 18:00:00,1.87,-0.18,-0.25,-0.5,-0.62,3.630
7221,24.05.2011 19:00:00,1.81,-0.18,-0.25,-0.5,-0.62
7222,24.05.2011 20:00:00,1.68,-0.18,-0.25,-0.5,-0.62
7223,24.05.2011 21:00:00,1.43,-0.18,-0.25,-0.5,-0.62
7224,24.05.2011 22:00:00,1.12,-0.18,-0.25,-0.5,-0.56
7225,24.05.2011 23:00:00,0.87,-0.18,-0.31,-0.5,-0.62
7226,25.05.2011 00:00:00,0.62,-0.18,-0.31,-0.5,-0.62,3.607
7227,25.05.2011 01:00:00,0.43,-0.18,-0.25,-0.5,-0.62
7228,25.05.2011 02:00:00,0.31,-0.18,-0.25,-0.5,-0.62
7229,25.05.2011 03:00:00,0.18,-0.12,-0.31,-0.5,-0.62
7230,25.05.2011 04:00:00,0.06,-0.18,-0.25,-0.5,-0.62
7231,25.05.2011 05:00:00,0,-0.18,-0.31,-0.5,-0.56
7232,25.05.2011 06:00:00,0,-0.18,-0.31,-0.5,-0.62,3.596
7233,25.05.2011 07:00:00,-0.06,-0.18,-0.25,-0.5,-0.62
7234,25.05.2011 08:00:00,-0.12,-0.18,-0.25,-0.5,-0.56
7235,25.05.2011 09:00:00,-0.12,-0.18,-0.25,-0.5,-0.56
7236,25.05.2011 10:00:00,-0.18,-0.12,-0.25,-0.5,-0.62
7237,25.05.2011 11:00:00,-0.18,-0.12,-0.25,-0.5,-0.62
7238,25.05.2011 12:00:00,-0.18,-0.18,-0.25,-0.5,-0.62,3.594
7239,25.05.2011 13:00:00,-0.25,-0.12,-0.25,-0.5,-0.62
7240,25.05.2011 14:00:00,-0.18,-0.12,-0.25,-0.5,-0.56
7241,25.05.2011 15:00:00,-0.25,-0.12,-0.25,-0.5,-0.56
7242,25.05.2011 16:00:00,-0.25,-0.12,-0.25,-0.5,-0.56
7243,25.05.2011 17:00:00,-0.25,-0.18,-0.25,-0.5,-0.56
7244,25.05.2011 18:00:00,-0.25,-0.12,-0.25,-0.5,-0.62,3.597
7245,25.05.2011 19:00:00,-0.25,-0.12,-0.31,-0.5,-0.62
7246,25.05.2011 20:00:00,-0.25,-0.12,-0.25,-0.5,-0.62
7247,25.05.2011 21:00:00,-0.25,-0.18,-0.25,-0.5,-0.56
7248,25.05.2011 22:00:00,-0.25,-0.18,-0.25,-0.5,-0.56
7249,25.05.2011 23:00:00,-0.25,-0.12,-0.25,-0.5,-0.62
7250,26.05.2011 00:00:00,-0.25,-0.12,-0.25,-0.5,-0.62,3.592
7251,26.05.2011 01:00:00,-0.25,-0.12,-0.25,-0.5,-0.62
7252,26.05.2011 02:00:00,-0.25,-0.12,-0.25,-0.5,-0.62
7253,26.05.2011 03:00:00,-0.25,-0.12,-0.25,-0.5,-0.56
7254,26.05.2011 04:00:00,-0.25,-0.12,-0.25,-0.5,-0.56
7255,26.05.2011 05:00:00,-0.25,-0.12,-0.25,-0.5,-0.62
7256,26.05.2011 06:00:00,-0.25,-0.12,-0.25,-0.5,-0.56,3.597
7257,26.05.2011 07:00:00,-0.25,-0.12,-0.25,-0.5,-0.62
7258,26.05.2011 08:00:00,-0.25,-0.12,-0.25,-0.5,-0.56
7259,26.05.2011 09:00:00,-0.25,-0.12,-0.25,-0.5,-0.56
7260,26.05.2011 10:00:00,-0.25,-0.12,-0.25,-0.5,-0.56
7261,26.05.2011 11:00:00,-0.18,-0.12,-0.25,-0.5,-0.56
7262,26.05.2011 12:00:00,-0.12,-0.12,-0.25,-0.5,-0.56,3.601
7263,26.05.2011 13:00:00,0.18,-0.12,-0.25,-0.5,-0.56
7264,26.05.2011 14:00:00,0.62,-0.12,-0.25,-0.5,-0.56
7265,26.05.2011 15:00:00,1.12,-0.12,-0.25,-0.5,-0.56
7266,26.05.2011 16:00:00,1.56,-0.12,-0.25,-0.5,-0.56
7267,26.05.2011 17:00:00,1.81,-0.12,-0.25,-0.43,-0.62
7268,26.05.2011 18:00:00,2,-0.12,-0.25,-0.43,-0.56,3.625
7269,26.05.2011 19:00:00,2.06,-0.12,-0.25,-0.5,-0.56
7270,26.05.2011 20:00:00,1.87,-0.12,-0.25,-0.5,-0.56
7271,26.05.2011 21:00:00,1.68,-0.12,-0.25,-0.5,-0.56
7272,26.05.2011 22:00:00,1.43,-0.12,-0.25,-0.5,-0.56
7273,26.05.2011 23:00:00,1.25,-0.12,-0.25,-0.5,-0.56
7274,27.05.2011 00:00:00,1.06,-0.06,-0.25,-0.5,-0.56,3.615
7275,27.05.2011 01:00:00,0.87,-0.12,-0.25,-0.5,-0.56
7276,27.05.2011 02:00:00,0.75,-0.12,-0.25,-0.5,-0.56
7277,27.05.2011 03:00:00,0.56,-0.12,-0.25,-0.5,-0.56
7278,27.05.2011 04:00:00,0.43,-0.12,-0.25,-0.5,-0.56
7279,27.05.2011 05:00:00,0.31,-0.12,-0.25,-0.5,-0.56
7280,27.05.2011 06:00:00,0.25,-0.12,-0.25,-0.5,-0.56,3.599
7281,27.05.2011 07:00:00,0.18,-0.12,-0.25,-0.43,-0.56
7282,27.05.2011 08:00:00,0.12,-0.12,-0.25,-0.43,-0.56
7283,27.05.2011 09:00:00,0.06,-0.12,-0.25,-0.5,-0.56
7284,27.05.2011 10:00:00,0,-0.06,-0.25,-0.43,-0.56
7285,27.05.2011 11:00:00,0.18,-0.06,-0.25,-0.43,-0.56
7286,27.05.2011 12:00:00,0.68,-0.06,-0.25,-0.5,-0.56,3.615
7287,27.05.2011 13:00:00,1.31,-0.06,-0.25,-0.5,-0.56
7288,27.05.2011 14:00:00,1.81,-0.12,-0.25,-0.43,-0.56
7289,27.05.2011 15:00:00,2.31,-0.06,-0.25,-0.5,-0.56
7290,27.05.2011 16:00:00,2.56,-0.06,-0.25,-0.5,-0.56
7291,27.05.2011 17:00:00,2.43,-0.06,-0.25,-0.43,-0.56
7292,27.05.2011 18:00:00,2.25,-0.06,-0.25,-0.43,-0.56,3.620
7293,27.05.2011 19:00:00,2,-0.06,-0.25,-0.5,-0.56
7294,27.05.2011 20:00:00,1.75,-0.06,-0.25,-0.43,-0.56
7295,27.05.2011 21:00:00,1.5,-0.06,-0.25,-0.43,-0.56
7296,27.05.2011 22:00:00,1.31,-0.06,-0.25,-0.43,-0.56
7297,27.05.2011 23:00:00,1.12,-0.06,-0.25,-0.5,-0.56
7298,28.05.2011 00:00:00,1,-0.06,-0.25,-0.5,-0.56,3.605
7299,28.05.2011 01:00:00,0.81,-0.06,-0.25,-0.43,-0.56
7300,28.05.2011 02:00:00,0.62,-0.06,-0.25,-0.43,-0.56
7301,28.05.2011 03:00:00,0.5,-0.06,-0.25,-0.5,-0.56
7302,28.05.2011 04:00:00,0.43,-0.06,-0.18,-0.43,-0.56
7303,28.05.2011 05:00:00,0.31,-0.06,-0.25,-0.43,-0.56
7304,28.05.2011 06:00:00,0.25,-0.06,-0.18,-0.5,-0.56,3.597
7305,28.05.2011 07:00:00,0.18,-0.06,-0.18,-0.43,-0.56
7306,28.05.2011 08:00:00,0.12,-0.06,-0.25,-0.43,-0.56
7307,28.05.2011 09:00:00,0.06,-0.06,-0.25,-0.43,-0.56
7308,28.05.2011 10:00:00,0,-0.06,-0.25,-0.5,-0.56
7309,28.05.2011 11:00:00,-0.06,-0.06,-0.25,-0.43,-0.56
7310,28.05.2011 12:00:00,-0.06,-0.06,-0.18,-0.43,-0.56,3.600
7311,28.05.2011 13:00:00,0.12,-0.06,-0.18,-0.43,-0.56
7312,28.05.2011 14:00:00,0.75,-0.06,-0.18,-0.43,-0.56
7313,28.05.2011 15:00:00,1.5,-0.06,-0.25,-0.43,-0.56
7314,28.05.2011 16:00:00,2.18,-0.06,-0.18,-0.43,-0.56
7315,28.05.2011 17:00:00,2.68,-0.06,-0.25,-0.43,-0.56
7316,28.05.2011 18:00:00,3.12,-0.06,-0.25,-0.43,-0.56,3.635
7317,28.05.2011 19:00:00,3.25,-0.06,-0.18,-0.43,-0.56
7318,28.05.2011 20:00:00,3.18,-0.06,-0.25,-0.43,-0.56
7319,28.05.2011 21:00:00,2.93,-0.06,-0.18,-0.43,-0.56
7320,28.05.2011 22:00:00,2.62,-0.06,-0.25,-0.43,-0.56
7321,28.05.2011 23:00:00,2.31,-0.06,-0.18,-0.43,-0.56
7322,29.05.2011 00:00:00,2,-0.06,-0.18,-0.43,-0.56,3.619
7323,29.05.2011 01:00:00,1.68,-0.06,-0.18,-0.43,-0.56
7324,29.05.2011 02:00:00,1.37,-0.06,-0.18,-0.43,-0.56
7325,29.05.2011 03:00:00,1.18,-0.06,-0.18,-0.43,-0.56
7326,29.05.2011 04:00:00,0.93,-0.06,-0.18,-0.43,-0.56
7327,29.05.2011 05:00:00,0.81,-0.06,-0.25,-0.43,-0.56
7328,29.05.2011 06:00:00,0.62,-0.06,-0.18,-0.43,-0.56,3.602
7329,29.05.2011 07:00:00,0.5,-0.06,-0.18,-0.43,-0.56
7330,29.05.2011 08:00:00,0.43,-0.06,-0.18,-0.43,-0.56
7331,29.05.2011 09:00:00,0.31,-0.06,-0.18,-0.43,-0.56
7332,29.05.2011 10:00:00,0.37,-0.06,-0.25,-0.43,-0.56
7333,29.05.2011 11:00:00,0.68,0,-0.18,-0.43,-0.56
7334,29.05.2011 12:00:00,1.31,-0.06,-0.25,-0.43,-0.56,3.619
7335,29.05.2011 13:00:00,1.93,-0.06,-0.18,-0.43,-0.56
7336,29.05.2011 14:00:00,2.56,-0.06,-0.18,-0.43,-0.56
7337,29.05.2011 15:00:00,3.06,-0.06,-0.18,-0.43,-0.56
7338,29.05.2011 16:00:00,3.43,0,-0.18,-0.43,-0.56
7339,29.05.2011 17:00:00,3.43,0,-0.18,-0.43,-0.56
7340,29.05.2011 18:00:00,3.37,0,-0.18,-0.43,-0.56,3.633
7341,29.05.2011 19:00:00,3.25,0,-0.18,-0.43,-0.56
7342,29.05.2011 20:00:00,3.18,-0.06,-0.18,-0.43,-0.56
7343,29.05.2011 21:00:00,3.06,0,-0.18,-0.43,-0.56
7344,29.05.2011 22:00:00,2.81,-0.06,-0.18,-0.43,-0.56
7345,29.05.2011 23:00:00,2.56,0,-0.18,-0.43,-0.56
7346,30.05.2011 00:00:00,2.31,0,-0.18,-0.43,-0.56,3.621
7347,30.05.2011 01:00:00,2,0,-0.18,-0.43,-0.56
7348,30.05.2011 02:00:00,1.81,0,-0.18,-0.43,-0.56
7349,30.05.2011 03:00:00,1.62,0,-0.18,-0.43,-0.56
7350,30.05.2011 04:00:00,1.43,-0.06,-0.18,-0.43,-0.56
7351,30.05.2011 05:00:00,1.25,0,-0.18,-0.43,-0.56
7352,30.05.2011 06:00:00,1.12,0,-0.18,-0.43,-0.56,3.608
7353,30.05.2011 07:00:00,1,0,-0.18,-0.43,-0.56
7354,30.05.2011 08:00:00,0.87,0,-0.18,-0.43,-0.56
7355,30.05.2011 09:00:00,0.81,0,-0.18,-0.43,-0.5
7356,30.05.2011 10:00:00,0.81,0,-0.18,-0.43,-0.5
7357,30.05.2011 11:00:00,1,0,-0.18,-0.43,-0.5
7358,30.05.2011 12:00:00,1.37,0,-0.18,-0.43,-0.56,3.619
7359,30.05.2011 13:00:00,1.87,0,-0.18,-0.43,-0.5
7360,30.05.2011 14:00:00,2.31,0,-0.18,-0.43,-0.5
7361,30.05.2011 15:00:00,2.87,0,-0.18,-0.43,-0.5
7362,30.05.2011 16:00:00,3.37,0,-0.18,-0.43,-0.5
7363,30.05.2011 17:00:00,3.81,0,-0.18,-0.43,-0.56
7364,30.05.2011 18:00:00,4.06,0,-0.18,-0.43,-0.5,3.638
7365,30.05.2011 19:00:00,4.06,0,-0.18,-0.43,-0.56
7366,30.05.2011 20:00:00,3.93,0,-0.18,-0.43,-0.5
7367,30.05.2011 21:00:00,3.68,0,-0.18,-0.43,-0.5
7368,30.05.2011 22:00:00,3.37,0,-0.18,-0.43,-0.5
7369,30.05.2011 23:00:00,3,0,-0.18,-0.43,-0.56
7370,31.05.2011 00:00:00,2.68,0,-0.18,-0.43,-0.5,3.619
7371,31.05.2011 01:00:00,2.37,0,-0.12,-0.43,-0.5
7372,31.05.2011 02:00:00,2.12,0,-0.18,-0.43,-0.56
7373,31.05.2011 03:00:00,1.87,0,-0.18,-0.43,-0.5
7374,31.05.2011 04:00:00,1.62,0.06,-0.18,-0.43,-0.5
7375,31.05.2011 05:00:00,1.43,0,-0.18,-0.43,-0.5
7376,31.05.2011 06:00:00,1.25,0,-0.18,-0.43,-0.5,3.608
7377,31.05.2011 07:00:00,1.06,0.06,-0.18,-0.43,-0.5
7378,31.05.2011 08:00:00,0.93,0,-0.18,-0.43,-0.5
7379,31.05.2011 09:00:00,0.81,0,-0.18,-0.37,-0.5
7380,31.05.2011 10:00:00,0.87,0,-0.18,-0.43,-0.5
7381,31.05.2011 11:00:00,1.12,0,-0.18,-0.43,-0.5
7382,31.05.2011 12:00:00,1.31,0.06,-0.18,-0.43,-0.5,3.611
7383,31.05.2011 13:00:00,1.56,0.06,-0.18,-0.43,-0.5
7384,31.05.2011 14:00:00,2.06,0.06,-0.18,-0.37,-0.5
7385,31.05.2011 15:00:00,2.56,0.06,-0.12,-0.43,-0.5
7386,31.05.2011 16:00:00,2.75,0.06,-0.18,-0.43,-0.5
7387,31.05.2011 17:00:00,2.87,0.06,-0.18,-0.43,-0.5
7388,31.05.2011 18:00:00,2.93,0,-0.18,-0.43,-0.56,3.626
7389,31.05.2011 19:00:00,3,0.06,-0.18,-0.43,-0.5
7390,31.05.2011 20:00:00,2.93,0.06,-0.18,-0.43,-0.5
7391,31.05.2011 21:00:00,2.75,0.06,-0.18,-0.43,-0.5
7392,31.05.2011 22:00:00,2.56,0.06,-0.18,-0.43,-0.5
7393,31.05.2011 23:00:00,2.37,0.06,-0.18,-0.43,-0.5
7394,01.06.2011 00:00:00,2.18,0.06,-0.12,-0.43,-0.5,3.622
7395,01.06.2011 01:00:00,2,0.06,-0.18,-0.43,-0.5
7396,01.06.2011 02:00:00,1.87,0.06,-0.18,-0.43,-0.5
7397,01.06.2011 03:00:00,1.68,0.06,-0.12,-0.37,-0.5
7398,01.06.2011 04:00:00,1.56,0.06,-0.18,-0.43,-0.5
7399,01.06.2011 05:00:00,1.43,0.06,-0.18,-0.43,-0.5
7400,01.06.2011 06:00:00,1.25,0.06,-0.18,-0.37,-0.5,3.610
7401,01.06.2011 07:00:00,1.18,0.06,-0.12,-0.43,-0.5
7402,01.06.2011 08:00:00,1.06,0.06,-0.18,-0.43,-0.5
7403,01.06.2011 09:00:00,0.93,0.06,-0.12,-0.43,-0.5
7404,01.06.2011 10:00:00,0.93,0.06,-0.18,-0.37,-0.5
7405,01.06.2011 11:00:00,1.06,0.06,-0.12,-0.43,-0.5
7406,01.06.2011 12:00:00,1.43,0.06,-0.18,-0.43,-0.5,3.615
7407,01.06.2011 13:00:00,2,0.06,-0.18,-0.37,-0.5
7408,01.06.2011 14:00:00,2.5,0.06,-0.18,-0.43,-0.5
7409,01.06.2011 15:00:00,3,0.06,-0.12,-0.37,-0.5
7410,01.06.2011 16:00:00,3.37,0.06,-0.12,-0.37,-0.5
7411,01.06.2011 17:00:00,3.81,0.06,-0.12,-0.43,-0.5
7412,01.06.2011 18:00:00,4.18,0.06,-0.12,-0.37,-0.5,3.639
7413,01.06.2011 19:00:00,4.31,0.06,-0.12,-0.37,-0.5
7414,01.06.2011 20:00:00,4.31,0.06,-0.12,-0.43,-0.5
7415,01.06.2011 21:00:00,4.12,0.06,-0.12,-0.37,-0.5
7416,01.06.2011 22:00:00,3.81,0.12,-0.12,-0.37,-0.5
7417,01.06.2011 23:00:00,3.43,0.12,-0.12,-0.37,-0.5
7418,02.06.2011 00:00:00,3.06,0.12,-0.12,-0.43,-0.5,3.622
7419,02.06.2011 01:00:00,2.75,0.12,-0.12,-0.37,-0.5
7420,02.06.2011 02:00:00,2.43,0.12,-0.12,-0.43,-0.5
7421,02.06.2011 03:00:00,2.18,0.12,-0.12,-0.37,-0.5
7422,02.06.2011 04:00:00,1.93,0.12,-0.12,-0.37,-0.5
7423,02.06.2011 05:00:00,1.68,0.12,-0.12,-0.37,-0.5
7424,02.06.2011 06:00:00,1.56,0.12,-0.12,-0.43,-0.5,3.609
7425,02.06.2011 07:00:00,1.31,0.12,-0.12,-0.37,-0.5
7426,02.06.2011 08:00:00,1.18,0.12,-0.12,-0.43,-0.5
7427,02.06.2011 09:00:00,1.06,0.12,-0.12,-0.37,-0.5
7428,02.06.2011 10:00:00,0.93,0.12,-0.12,-0.37,-0.5
7429,02.06.2011 11:00:00,1.18,0.12,-0.12,-0.37,-0.5
7430,02.06.2011 12:00:00,1.68,0.12,-0.12,-0.37,-0.5,3.624
7431,02.06.2011 13:00:00,2.43,0.12,-0.12,-0.37,-0.5
7432,02.06.2011 14:00:00,3.25,0.12,-0.12,-0.37,-0.5
7433,02.06.2011 15:00:00,4,0.12,-0.12,-0.37,-0.5
7434,02.06.2011 16:00:00,4.62,0.12,-0.12,-0.37,-0.5
7435,02.06.2011 17:00:00,5.06,0.12,-0.12,-0.37,-0.5
7436,02.06.2011 18:00:00,5.25,0.12,-0.12,-0.37,-0.5,3.649
7437,02.06.2011 19:00:00,5.25,0.18,-0.12,-0.37,-0.5
7438,02.06.2011 20:00:00,5.18,0.18,-0.12,-0.43,-0.5
7439,02.06.2011 21:00:00,4.93,0.18,-0.12,-0.37,-0.5
7440,02.06.2011 22:00:00,4.68,0.18,-0.12,-0.37,-0.5
7441,02.06.2011 23:00:00,4.31,0.25,-0.12,-0.37,-0.5
7442,03.06.2011 00:00:00,3.93,0.25,-0.12,-0.37,-0.5,3.634
7443,03.06.2011 01:00:00,3.56,0.31,-0.12,-0.37,-0.5
7444,03.06.2011 02:00:00,3.25,0.31,-0.12,-0.37,-0.5
7445,03.06.2011 03:00:00,2.93,0.31,-0.12,-0.37,-0.5
7446,03.06.2011 04:00:00,2.68,0.31,-0.12,-0.37,-0.5
7447,03.06.2011 05:00:00,2.43,0.31,-0.12,-0.37,-0.5
7448,03.06.2011 06:00:00,2.18,0.31,-0.12,-0.37,-0.5,3.620
7449,03.06.2011 07:00:00,1.93,0.31,-0.12,-0.37,-0.5
7450,03.06.2011 08:00:00,1.75,0.31,-0.12,-0.43,-0.5
7451,03.06.2011 09:00:00,1.56,0.31,-0.12,-0.37,-0.5
7452,03.06.2011 10:00:00,1.43,0.31,-0.12,-0.37,-0.5
7453,03.06.2011 11:00:00,1.62,0.31,-0.12,-0.37,-0.5
7454,03.06.2011 12:00:00,2.06,0.31,-0.12,-0.37,-0.5,3.621
7455,03.06.2011 13:00:00,2.75,0.31,-0.12,-0.37,-0.5
7456,03.06.2011 14:00:00,3.5,0.31,-0.12,-0.37,-0.5
7457,03.06.2011 15:00:00,4.18,0.31,-0.12,-0.37,-0.5
7458,03.06.2011 16:00:00,4.75,0.31,-0.12,-0.37,-0.5
7459,03.06.2011 17:00:00,5.12,0.37,-0.12,-0.37,-0.5
7460,03.06.2011 18:00:00,5.31,0.43,-0.06,-0.37,-0.5,3.653
7461,03.06.2011 19:00:00,5.25,0.5,-0.06,-0.37,-0.5
7462,03.06.2011 20:00:00,5.06,0.5,-0.06,-0.37,-0.5
7463,03.06.2011 21:00:00,4.75,0.56,-0.12,-0.37,-0.5
7464,03.06.2011 22:00:00,4.37,0.62,-0.12,-0.37,-0.5
7465,03.06.2011 23:00:00,4,0.68,-0.12,-0.37,-0.5
7466,04.06.2011 00:00:00,3.62,0.68,-0.12,-0.37,-0.5,3.628
7467,04.06.2011 01:00:00,3.31,0.68,-0.12,-0.37,-0.43
7468,04.06.2011 02:00:00,3,0.68,-0.06,-0.37,-0.5
7469,04.06.2011 03:00:00,2.75,0.68,-0.12,-0.37,-0.5
7470,04.06.2011 04:00:00,2.5,0.68,-0.06,-0.37,-0.5
7471,04.06.2011 05:00:00,2.25,0.68,-0.12,-0.37,-0.5
7472,04.06.2011 06:00:00,2.06,0.62,-0.12,-0.37,-0.5,3.617
7473,04.06.2011 07:00:00,1.87,0.62,-0.12,-0.37,-0.5
7474,04.06.2011 08:00:00,1.75,0.56,-0.06,-0.37,-0.5
7475,04.06.2011 09:00:00,1.56,0.56,-0.12,-0.37,-0.5
7476,04.06.2011 10:00:00,1.5,0.56,-0.12,-0.37,-0.5
7477,04.06.2011 11:00:00,1.75,0.56,-0.06,-0.37,-0.43
7478,04.06.2011 12:00:00,2.18,0.5,-0.06,-0.37,-0.43,3.619
7479,04.06.2011 13:00:00,2.62,0.5,-0.06,-0.37,-0.43
7480,04.06.2011 14:00:00,3.12,0.56,-0.12,-0.37,-0.5
7481,04.06.2011 15:00:00,3.56,0.5,-0.06,-0.37,-0.5
7482,04.06.2011 16:00:00,3.93,0.56,-0.12,-0.37,-0.5
7483,04.06.2011 17:00:00,4.25,0.56,-0.06,-0.37,-0.43
7484,04.06.2011 18:00:00,4.37,0.62,-0.12,-0.37,-0.5,3.639
7485,04.06.2011 19:00:00,4.43,0.68,-0.12,-0.37,-0.5
7486,04.06.2011 20:00:00,4.37,0.75,-0.06,-0.37,-0.5
7487,04.06.2011 21:00:00,4.18,0.81,-0.06,-0.37,-0.5
7488,04.06.2011 22:00:00,3.87,0.81,-0.06,-0.37,-0.5
7489,04.06.2011 23:00:00,3.62,0.87,-0.06,-0.37,-0.43
7490,05.06.2011 00:00:00,3.37,0.87,-0.06,-0.37,-0.5,3.625
7491,05.06.2011 01:00:00,3.12,0.87,-0.06,-0.37,-0.43
7492,05.06.2011 02:00:00,2.93,0.87,-0.06,-0.37,-0.43
7493,05.06.2011 03:00:00,2.75,0.87,-0.06,-0.37,-0.43
7494,05.06.2011 04:00:00,2.56,0.87,-0.06,-0.37,-0.5
7495,05.06.2011 05:00:00,2.37,0.87,-0.06,-0.37,-0.5
7496,05.06.2011 06:00:00,2.25,0.87,-0.06,-0.37,-0.43,3.619
7497,05.06.2011 07:00:00,2.06,0.81,-0.06,-0.37,-0.43
7498,05.06.2011 08:00:00,2,0.81,-0.06,-0.37,-0.43
7499,05.06.2011 09:00:00,1.87,0.81,-0.06,-0.37,-0.43
7500,05.06.2011 10:00:00,1.75,0.75,-0.06,-0.37,-0.43
7501,05.06.2011 11:00:00,1.68,0.75,-0.12,-0.37,-0.43
7502,05.06.2011 12:00:00,1.75,0.68,-0.06,-0.31,-0.5,3.617
7503,05.06.2011 13:00:00,2,0.68,-0.06,-0.37,-0.43
7504,05.06.2011 14:00:00,2.43,0.68,-0.06,-0.31,-0.43
7505,05.06.2011 15:00:00,3,0.68,-0.06,-0.31,-0.43
7506,05.06.2011 16:00:00,3.62,0.68,-0.06,-0.37,-0.43
7507,05.06.2011 17:00:00,4.12,0.68,-0.06,-0.31,-0.43
7508,05.06.2011 18:00:00,4.5,0.75,-0.06,-0.37,-0.43,3.647
7509,05.06.2011 19:00:00,4.75,0.81,-0.06,-0.37,-0.43
7510,05.06.2011 20:00:00,4.75,0.87,-0.06,-0.31,-0.43
7511,05.06.2011 21:00:00,4.62,0.93,-0.06,-0.31,-0.43
7512,05.06.2011 22:00:00,4.31,1,-0.06,-0.31,-0.43
7513,05.06.2011 23:00:00,4,1.06,-0.06,-0.37,-0.43
7514,06.06.2011 00:00:00,3.62,1.12,-0.06,-0.31,-0.43,3.625
7515,06.06.2011 01:00:00,3.31,1.12,-0.06,-0.37,-0.43
7516,06.06.2011 02:00:00,3.06,1.12,-0.06,-0.31,-0.43
7517,06.06.2011 03:00:00,2.75,1.18,-0.06,-0.31,-0.43
7518,06.06.2011 04:00:00,2.5,1.12,-0.06,-0.31,-0.43
7519,06.06.2011 05:00:00,2.31,1.12,-0.06,-0.31,-0.43
7520,06.06.2011 06:00:00,2.06,1.06,-0.06,-0.31,-0.43,3.618
7521,06.06.2011 07:00:00,1.93,1.06,-0.06,-0.31,-0.5
7522,06.06.2011 08:00:00,1.75,1,-0.06,-0.31,-0.43
7523,06.06.2011 09:00:00,1.56,1,-0.06,-0.31,-0.43
7524,06.06.2011 10:00:00,1.43,0.93,-0.06,-0.31,-0.43
7525,06.06.2011 11:00:00,1.62,0.87,0,-0.31,-0.43
7526,06.06.2011 12:00:00,2.18,0.81,-0.06,-0.31,-0.43,3.625
7527,06.06.2011 13:00:00,2.93,0.81,-0.06,-0.31,-0.43
7528,06.06.2011 14:00:00,3.81,0.81,-0.06,-0.37,-0.43
7529,06.06.2011 15:00:00,4.56,0.81,-0.06,-0.31,-0.43
7530,06.06.2011 16:00:00,5.06,0.87,0,-0.31,-0.43
7531,06.06.2011 17:00:00,5.37,0.93,0,-0.31,-0.43
7532,06.06.2011 18:00:00,5.31,1,-0.06,-0.31,-0.43,3.650
7533,06.06.2011 19:00:00,5,1.12,-0.06,-0.31,-0.43
7534,06.06.2011 20:00:00,4.75,1.18,0,-0.31,-0.43
7535,06.06.2011 21:00:00,4.56,1.25,-0.06,-0.31,-0.43
7536,06.06.2011 22:00:00,4.31,1.31,-0.06,-0.31,-0.43
7537,06.06.2011 23:00:00,4,1.37,0,-0.31,-0.43
7538,07.06.2011 00:00:00,3.75,1.43,-0.06,-0.31,-0.43,3.628
7539,07.06.2011 01:00:00,3.43,1.43,0,-0.31,-0.43
7540,07.06.2011 02:00:00,3.18,1.43,-0.06,-0.31,-0.43
7541,07.06.2011 03:00:00,2.93,1.43,0,-0.31,-0.43
7542,07.06.2011 04:00:00,2.75,1.43,-0.06,-0.31,-0.43
7543,07.06.2011 05:00:00,2.5,1.37,0,-0.31,-0.43
7544,07.06.2011 06:00:00,2.37,1.31,0,-0.31,-0.43,3.620
7545,07.06.2011 07:00:00,2.18,1.31,0,-0.31,-0.43
7546,07.06.2011 08:00:00,2.06,1.25,0,-0.31,-0.43
7547,07.06.2011 09:00:00,2.06,1.25,0,-0.31,-0.43
7548,07.06.2011 10:00:00,2.25,1.18,-0.06,-0.31,-0.43
7549,07.06.2011 11:00:00,2.62,1.12,-0.06,-0.31,-0.43
7550,07.06.2011 12:00:00,3,1.12,0,-0.31,-0.43,3.627
7551,07.06.2011 13:00:00,3.31,1.12,0,-0.31,-0.43
7552,07.06.2011 14:00:00,3.62,1.12,0,-0.31,-0.43
7553,07.06.2011 15:00:00,3.93,1.12,0,-0.31,-0.43
7554,07.06.2011 16:00:00,4.25,1.12,0,-0.31,-0.43
7555,07.06.2011 17:00:00,4.62,1.18,0,-0.31,-0.43
7556,07.06.2011 18:00:00,4.87,1.25,0,-0.31,-0.43,3.642
7557,07.06.2011 19:00:00,4.93,1.25,0,-0.31,-0.43
7558,07.06.2011 20:00:00,4.87,1.37,0,-0.31,-0.43
7559,07.06.2011 21:00:00,4.68,1.43,0,-0.31,-0.43
7560,07.06.2011 22:00:00,4.37,1.5,0,-0.31,-0.43
7561,07.06.2011 23:00:00,4.06,1.5,0,-0.31,-0.43
7562,08.06.2011 00:00:00,3.75,1.56,0,-0.31,-0.43,3.630
7563,08.06.2011 01:00:00,3.5,1.56,0,-0.31,-0.43
7564,08.06.2011 02:00:00,3.25,1.62,0,-0.31,-0.43
7565,08.06.2011 03:00:00,3,1.56,0,-0.31,-0.43
7566,08.06.2011 04:00:00,2.81,1.56,0,-0.31,-0.43
7567,08.06.2011 05:00:00,2.62,1.56,0,-0.31,-0.43
7568,08.06.2011 06:00:00,2.43,1.5,0,-0.31,-0.43,3.615
7569,08.06.2011 07:00:00,2.25,1.5,0,-0.31,-0.43
7570,08.06.2011 08:00:00,2.12,1.43,0,-0.31,-0.43
7571,08.06.2011 09:00:00,2.06,1.37,0,-0.31,-0.43
7572,08.06.2011 10:00:00,2.25,1.37,0,-0.31,-0.43
7573,08.06.2011 11:00:00,2.43,1.31,0,-0.31,-0.43
7574,08.06.2011 12:00:00,2.62,1.25,0.06,-0.31,-0.43,3.622
7575,08.06.2011 13:00:00,2.81,1.25,0.06,-0.31,-0.43
7576,08.06.2011 14:00:00,3.06,1.18,0,-0.31,-0.43
7577,08.06.2011 15:00:00,3.62,1.25,0,-0.31,-0.43
7578,08.06.2011 16:00:00,4.12,1.25,0.06,-0.31,-0.43
7579,08.06.2011 17:00:00,4.5,1.25,0.06,-0.31,-0.43
7580,08.06.2011 18:00:00,4.62,1.31,0,-0.31,-0.43,3.646
7581,08.06.2011 19:00:00,4.62,1.37,0.06,-0.31,-0.43
7582,08.06.2011 20:00:00,4.5,1.43,0.06,-0.31,-0.43
7583,08.06.2011 21:00:00,4.25,1.43,0.06,-0.31,-0.43
7584,08.06.2011 22:00:00,4,1.5,0.06,-0.31,-0.43
7585,08.06.2011 23:00:00,3.68,1.56,0.06,-0.31,-0.43
7586,09.06.2011 00:00:00,3.43,1.56,0.06,-0.31,-0.43,3.628
7587,09.06.2011 01:00:00,3.25,1.62,0.06,-0.31,-0.37
7588,09.06.2011 02:00:00,3.06,1.62,0.06,-0.31,-0.37
7589,09.06.2011 03:00:00,2.87,1.62,0.06,-0.31,-0.43
7590,09.06.2011 04:00:00,2.75,1.62,0.06,-0.25,-0.37
7591,09.06.2011 05:00:00,2.62,1.56,0.06,-0.31,-0.43
7592,09.06.2011 06:00:00,2.43,1.56,0.06,-0.31,-0.37,3.618
7593,09.06.2011 07:00:00,2.31,1.56,0.06,-0.31,-0.43
7594,09.06.2011 08:00:00,2.25,1.5,0.06,-0.31,-0.37
7595,09.06.2011 09:00:00,2.18,1.43,0.06,-0.31,-0.43
7596,09.06.2011 10:00:00,2.06,1.43,0.06,-0.31,-0.37
7597,09.06.2011 11:00:00,1.93,1.43,0.06,-0.31,-0.43
7598,09.06.2011 12:00:00,1.93,1.37,0.06,-0.31,-0.43,3.615
7599,09.06.2011 13:00:00,2.25,1.31,0.06,-0.31,-0.37
7600,09.06.2011 14:00:00,2.81,1.31,0.06,-0.31,-0.43
7601,09.06.2011 15:00:00,3.56,1.31,0.06,-0.25,-0.37
7602,09.06.2011 16:00:00,4.25,1.31,0.06,-0.25,-0.43
7603,09.06.2011 17:00:00,4.68,1.31,0.06,-0.25,-0.37
7604,09.06.2011 18:00:00,4.87,1.37,0.06,-0.25,-0.43,3.644
7605,09.06.2011 19:00:00,4.87,1.43,0.06,-0.25,-0.43
7606,09.06.2011 20:00:00,4.75,1.5,0.06,-0.25,-0.37
7607,09.06.2011 21:00:00,4.56,1.62,0.06,-0.25,-0.37
7608,09.06.2011 22:00:00,4.31,1.68,0.06,-0.25,-0.37
7609,09.06.2011 23:00:00,4.06,1.75,0.06,-0.25,-0.43
7610,10.06.2011 00:00:00,3.81,1.81,0.06,-0.25,-0.43,3.629
7611,10.06.2011 01:00:00,3.56,1.81,0.06,-0.25,-0.37
7612,10.06.2011 02:00:00,3.31,1.81,0.06,-0.25,-0.43
7613,10.06.2011 03:00:00,3.12,1.81,0.06,-0.25,-0.43
7614,10.06.2011 04:00:00,2.93,1.81,0.06,-0.25,-0.37
7615,10.06.2011 05:00:00,2.81,1.81,0.12,-0.31,-0.37
7616,10.06.2011 06:00:00,2.68,1.75,0.06,-0.25,-0.37,3.622
7617,10.06.2011 07:00:00,2.56,1.75,0.06,-0.25,-0.37
7618,10.06.2011 08:00:00,2.43,1.75,0.06,-0.25,-0.37
7619,10.06.2011 09:00:00,2.37,1.68,0.06,-0.25,-0.43
7620,10.06.2011 10:00:00,2.31,1.68,0.06,-0.25,-0.43
7621,10.06.2011 11:00:00,2.56,1.62,0.12,-0.25,-0.43
7622,10.06.2011 12:00:00,3.12,1.62,0.06,-0.25,-0.37,3.631
7623,10.06.2011 13:00:00,3.87,1.62,0.06,-0.25,-0.43
7624,10.06.2011 14:00:00,4.62,1.56,0.12,-0.25,-0.37
7625,10.06.2011 15:00:00,5.31,1.62,0.06,-0.25,-0.37
7626,10.06.2011 16:00:00,5.81,1.62,0.06,-0.25,-0.37
7627,10.06.2011 17:00:00,6.25,1.68,0.06,-0.25,-0.37
7628,10.06.2011 18:00:00,6.5,1.81,0.06,-0.25,-0.37,3.662
7629,10.06.2011 19:00:00,6.5,1.93,0.12,-0.25,-0.37
7630,10.06.2011 20:00:00,6.37,2,0.06,-0.25,-0.37
7631,10.06.2011 21:00:00,6.18,2.12,0.12,-0.25,-0.37
7632,10.06.2011 22:00:00,5.87,2.25,0.12,-0.25,-0.43
7633,10.06.2011 23:00:00,5.5,2.31,0.06,-0.25,-0.37
7634,11.06.2011 00:00:00,5.18,2.37,0.06,-0.25,-0.37,3.645
7635,11.06.2011 01:00:00,4.87,2.43,0.12,-0.25,-0.37
7636,11.06.2011 02:00:00,4.62,2.43,0.12,-0.25,-0.37
7637,11.06.2011 03:00:00,4.31,2.5,0.06,-0.25,-0.37
7638,11.06.2011 04:00:00,4.12,2.5,0.06,-0.25,-0.37
7639,11.06.2011 05:00:00,3.87,2.43,0.12,-0.25,-0.37
7640,11.06.2011 06:00:00,3.68,2.43,0.12,-0.25,-0.37,3.625
7641,11.06.2011 07:00:00,3.43,2.43,0.12,-0.25,-0.37
7642,11.06.2011 08:00:00,3.31,2.37,0.12,-0.25,-0.37
7643,11.06.2011 09:00:00,3.25,2.31,0.12,-0.25,-0.37
7644,11.06.2011 10:00:00,3.43,2.31,0.12,-0.25,-0.37
7645,11.06.2011 11:00:00,3.87,2.25,0.12,-0.25,-0.37
7646,11.06.2011 12:00:00,4.43,2.18,0.12,-0.25,-0.37,3.647
7647,11.06.2011 13:00:00,5.06,2.18,0.12,-0.25,-0.37
7648,11.06.2011 14:00:00,5.68,2.18,0.12,-0.25,-0.37
7649,11.06.2011 15:00:00,6.25,2.18,0.12,-0.25,-0.37
7650,11.06.2011 16:00:00,6.56,2.25,0.12,-0.25,-0.37
7651,11.06.2011 17:00:00,6.62,2.31,0.12,-0.25,-0.37
7652,11.06.2011 18:00:00,6.5,2.37,0.12,-0.25,-0.37,3.653
7653,11.06.2011 19:00:00,6.31,2.43,0.12,-0.25,-0.37
7654,11.06.2011 20:00:00,6.18,2.56,0.12,-0.25,-0.37
7655,11.06.2011 21:00:00,5.93,2.62,0.12,-0.25,-0.37
7656,11.06.2011 22:00:00,5.68,2.68,0.12,-0.25,-0.37
7657,11.06.2011 23:00:00,5.37,2.68,0.12,-0.25,-0.37
7658,12.06.2011 00:00:00,5.06,2.75,0.12,-0.25,-0.37,3.642
7659,12.06.2011 01:00:00,4.75,2.81,0.12,-0.25,-0.37
7660,12.06.2011 02:00:00,4.43,2.81,0.12,-0.25,-0.37
7661,12.06.2011 03:00:00,4.18,2.75,0.12,-0.25,-0.37
7662,12.06.2011 04:00:00,3.93,2.75,0.12,-0.25,-0.37
7663,12.06.2011 05:00:00,3.68,2.75,0.12,-0.25,-0.37
7664,12.06.2011 06:00:00,3.43,2.68,0.12,-0.25,-0.37,3.624
7665,12.06.2011 07:00:00,3.25,2.62,0.12,-0.25,-0.37
7666,12.06.2011 08:00:00,3.06,2.56,0.12,-0.25,-0.37
7667,12.06.2011 09:00:00,3,2.5,0.12,-0.25,-0.37
7668,12.06.2011 10:00:00,3,2.5,0.12,-0.18,-0.37
7669,12.06.2011 11:00:00,3.06,2.43,0.12,-0.25,-0.37
7670,12.06.2011 12:00:00,3.31,2.31,0.12,-0.18,-0.37,3.629
7671,12.06.2011 13:00:00,4,2.31,0.12,-0.25,-0.37
7672,12.06.2011 14:00:00,4.62,2.25,0.12,-0.25,-0.37
7673,12.06.2011 15:00:00,5.06,2.25,0.12,-0.18,-0.37
7674,12.06.2011 16:00:00,5.37,2.25,0.12,-0.18,-0.37
7675,12.06.2011 17:00:00,5.62,2.25,0.12,-0.25,-0.37
7676,12.06.2011 18:00:00,5.93,2.31,0.12,-0.25,-0.37,3.652
7677,12.06.2011 19:00:00,6.06,2.37,0.12,-0.25,-0.37
7678,12.06.2011 20:00:00,5.87,2.43,0.12,-0.18,-0.37
7679,12.06.2011 21:00:00,5.68,2.5,0.18,-0.18,-0.37
7680,12.06.2011 22:00:00,5.5,2.56,0.12,-0.18,-0.37
7681,12.06.2011 23:00:00,5.25,2.62,0.18,-0.18,-0.37
7682,13.06.2011 00:00:00,5.06,2.68,0.12,-0.18,-0.37,3.643
7683,13.06.2011 01:00:00,4.87,2.68,0.12,-0.18,-0.37
7684,13.06.2011 02:00:00,4.68,2.68,0.18,-0.18,-0.37
7685,13.06.2011 03:00:00,4.5,2.75,0.18,-0.25,-0.37
7686,13.06.2011 04:00:00,4.31,2.68,0.12,-0.18,-0.37
7687,13.06.2011 05:00:00,4.12,2.75,0.12,-0.25,-0.37
7688,13.06.2011 06:00:00,4,2.75,0.18,-0.18,-0.37,3.632
7689,13.06.2011 07:00:00,3.81,2.68,0.18,-0.18,-0.37
7690,13.06.2011 08:00:00,3.68,2.68,0.18,-0.18,-0.37
7691,13.06.2011 09:00:00,3.75,2.62,0.12,-0.18,-0.37
7692,13.06.2011 10:00:00,4,2.56,0.18,-0.18,-0.37
7693,13.06.2011 11:00:00,4.43,2.56,0.18,-0.18,-0.37
7694,13.06.2011 12:00:00,4.81,2.56,0.18,-0.25,-0.37,3.648
7695,13.06.2011 13:00:00,5.37,2.56,0.18,-0.18,-0.37
7696,13.06.2011 14:00:00,5.87,2.56,0.18,-0.18,-0.37
7697,13.06.2011 15:00:00,6.31,2.56,0.18,-0.18,-0.37
7698,13.06.2011 16:00:00,6.68,2.62,0.18,-0.18,-0.37
7699,13.06.2011 17:00:00,6.87,2.68,0.18,-0.18,-0.37
7700,13.06.2011 18:00:00,6.87,2.75,0.18,-0.18,-0.37,3.656
7701,13.06.2011 19:00:00,6.81,2.81,0.18,-0.18,-0.37
7702,13.06.2011 20:00:00,6.62,2.93,0.18,-0.18,-0.37
7703,13.06.2011 21:00:00,6.37,3,0.18,-0.18,-0.37
7704,13.06.2011 22:00:00,6.12,3.06,0.18,-0.18,-0.37
7705,13.06.2011 23:00:00,5.81,3.12,0.25,-0.18,-0.37
7706,14.06.2011 00:00:00,5.56,3.12,0.25,-0.18,-0.37,3.646
7707,14.06.2011 01:00:00,5.31,3.18,0.25,-0.18,-0.37
7708,14.06.2011 02:00:00,5,3.18,0.25,-0.18,-0.37
7709,14.06.2011 03:00:00,4.75,3.18,0.25,-0.18,-0.37
7710,14.06.2011 04:00:00,4.5,3.18,0.31,-0.18,-0.37
7711,14.06.2011 05:00:00,4.18,3.12,0.31,-0.18,-0.37
7712,14.06.2011 06:00:00,4,3.12,0.31,-0.18,-0.37,3.632
7713,14.06.2011 07:00:00,3.75,3.12,0.37,-0.18,-0.37
7714,14.06.2011 08:00:00,3.56,3.06,0.37,-0.18,-0.37
7715,14.06.2011 09:00:00,3.56,3,0.37,-0.18,-0.37
7716,14.06.2011 10:00:00,3.81,2.93,0.37,-0.18,-0.37
7717,14.06.2011 11:00:00,4.06,2.87,0.37,-0.18,-0.37
7718,14.06.2011 12:00:00,4.43,2.87,0.43,-0.18,-0.37,3.644
7719,14.06.2011 13:00:00,4.93,2.81,0.43,-0.18,-0.37
7720,14.06.2011 14:00:00,5.43,2.81,0.43,-0.18,-0.31
7721,14.06.2011 15:00:00,5.93,2.81,0.43,-0.18,-0.37
7722,14.06.2011 16:00:00,6.37,2.81,0.5,-0.18,-0.37
7723,14.06.2011 17:00:00,6.62,2.87,0.5,-0.18,-0.37
7724,14.06.2011 18:00:00,6.68,2.87,0.5,-0.12,-0.37,3.657
7725,14.06.2011 19:00:00,6.62,2.93,0.5,-0.12,-0.37
7726,14.06.2011 20:00:00,6.5,3.06,0.56,-0.18,-0.31
7727,14.06.2011 21:00:00,6.31,3.12,0.56,-0.18,-0.31
7728,14.06.2011 22:00:00,6.12,3.12,0.62,-0.18,-0.37
7729,14.06.2011 23:00:00,5.87,3.18,0.62,-0.18,-0.37
7730,15.06.2011 00:00:00,5.62,3.25,0.62,-0.12,-0.37,3.648
7731,15.06.2011 01:00:00,5.37,3.25,0.68,-0.12,-0.31
7732,15.06.2011 02:00:00,5.12,3.31,0.68,-0.18,-0.37
7733,15.06.2011 03:00:00,4.87,3.31,0.68,-0.18,-0.37
7734,15.06.2011 04:00:00,4.56,3.31,0.68,-0.18,-0.37
7735,15.06.2011 05:00:00,4.37,3.31,0.75,-0.18,-0.37
7736,15.06.2011 06:00:00,4.12,3.25,0.75,-0.12,-0.37,3.629
7737,15.06.2011 07:00:00,3.93,3.25,0.81,-0.12,-0.31
7738,15.06.2011 08:00:00,3.81,3.18,0.81,-0.18,-0.37
7739,15.06.2011 09:00:00,3.68,3.12,0.87,-0.18,-0.37
7740,15.06.2011 10:00:00,3.75,3.12,0.87,-0.18,-0.31
7741,15.06.2011 11:00:00,3.87,3,0.87,-0.18,-0.31
7742,15.06.2011 12:00:00,4.06,3,0.93,-0.12,-0.37,3.632
7743,15.06.2011 13:00:00,4.37,2.93,0.93,-0.12,-0.37
7744,15.06.2011 14:00:00,4.81,2.93,0.93,-0.12,-0.37
7745,15.06.2011 15:00:00,5.31,2.87,0.93,-0.18,-0.31
7746,15.06.2011 16:00:00,5.93,2.87,0.93,-0.12,-0.31
7747,15.06.2011 17:00:00,6.25,2.93,0.93,-0.12,-0.31
7748,15.06.2011 18:00:00,6.5,2.93,0.93,-0.12,-0.31,3.658
7749,15.06.2011 19:00:00,6.56,3,0.93,-0.12,-0.31
7750,15.06.2011 20:00:00,6.37,3.06,0.93,-0.12,-0.31
7751,15.06.2011 21:00:00,6.12,3.12,0.93,-0.12,-0.31
7752,15.06.2011 22:00:00,5.81,3.18,0.93,-0.12,-0.31
7753,15.06.2011 23:00:00,5.5,3.18,1,-0.12,-0.31
7754,16.06.2011 00:00:00,5.12,3.25,1,-0.12,-0.31,3.638
7755,16.06.2011 01:00:00,4.81,3.31,1,-0.12,-0.31
7756,16.06.2011 02:00:00,4.5,3.31,1,-0.12,-0.31
7757,16.06.2011 03:00:00,4.25,3.31,1,-0.12,-0.37
7758,16.06.2011 04:00:00,4,3.31,1.06,-0.12,-0.37
7759,16.06.2011 05:00:00,3.81,3.25,1.06,-0.12,-0.31
7760,16.06.2011 06:00:00,3.62,3.18,1.06,-0.12,-0.31,3.625
7761,16.06.2011 07:00:00,3.43,3.18,1.06,-0.12,-0.31
7762,16.06.2011 08:00:00,3.25,3.12,1.06,-0.12,-0.31
7763,16.06.2011 09:00:00,3.37,3.06,1.06,-0.12,-0.31
7764,16.06.2011 10:00:00,3.68,3,1.12,-0.12,-0.31
7765,16.06.2011 11:00:00,4.12,2.93,1.12,-0.12,-0.37
7766,16.06.2011 12:00:00,4.75,2.87,1.12,-0.12,-0.31,3.650
7767,16.06.2011 13:00:00,5.37,2.87,1.06,-0.12,-0.31
7768,16.06.2011 14:00:00,5.93,2.87,1.12,-0.12,-0.31
7769,16.06.2011 15:00:00,6.12,2.93,1.12,-0.12,-0.31
7770,16.06.2011 16:00:00,6.06,2.93,1.06,-0.12,-0.31
7771,16.06.2011 17:00:00,6.06,3,1.12,-0.12,-0.31
7772,16.06.2011 18:00:00,6.12,3.06,1.06,-0.12,-0.37,3.655
7773,16.06.2011 19:00:00,6.18,3.12,1.06,-0.12,-0.31
7774,16.06.2011 20:00:00,6.12,3.18,1.12,-0.12,-0.31
7775,16.06.2011 21:00:00,5.81,3.25,1.06,-0.12,-0.31
7776,16.06.2011 22:00:00,5.56,3.25,1.12,-0.12,-0.31
7777,16.06.2011 23:00:00,5.31,3.31,1.12,-0.12,-0.31
7778,17.06.2011 00:00:00,5.06,3.31,1.12,-0.12,-0.31,3.638
7779,17.06.2011 01:00:00,4.81,3.37,1.18,-0.12,-0.31
7780,17.06.2011 02:00:00,4.56,3.37,1.18,-0.12,-0.31
7781,17.06.2011 03:00:00,4.37,3.31,1.18,-0.12,-0.31
7782,17.06.2011 04:00:00,4.18,3.31,1.18,-0.12,-0.31
7783,17.06.2011 05:00:00,4,3.31,1.18,-0.12,-0.31
7784,17.06.2011 06:00:00,3.81,3.31,1.18,-0.12,-0.31,3.627
7785,17.06.2011 07:00:00,3.68,3.25,1.25,-0.12,-0.31
7786,17.06.2011 08:00:00,3.56,3.18,1.25,-0.12,-0.31
7787,17.06.2011 09:00:00,3.43,3.18,1.25,-0.12,-0.31
7788,17.06.2011 10:00:00,3.37,3.12,1.25,-0.12,-0.31
7789,17.06.2011 11:00:00,3.37,3.06,1.25,-0.12,-0.31
7790,17.06.2011 12:00:00,3.68,3,1.25,-0.12,-0.31,3.633
7791,17.06.2011 13:00:00,4.25,3,1.25,-0.12,-0.31
7792,17.06.2011 14:00:00,5.06,3,1.25,-0.12,-0.31
7793,17.06.2011 15:00:00,5.81,2.93,1.25,-0.06,-0.31
7794,17.06.2011 16:00:00,6.25,2.93,1.25,-0.12,-0.31
7795,17.06.2011 17:00:00,6.56,3,1.25,-0.12,-0.31
7796,17.06.2011 18:00:00,6.56,3.06,1.18,-0.12,-0.31,3.656
7797,17.06.2011 19:00:00,6.5,3.12,1.18,-0.12,-0.31
7798,17.06.2011 20:00:00,6.37,3.18,1.25,-0.12,-0.31
7799,17.06.2011 21:00:00,6.18,3.25,1.25,-0.12,-0.31
7800,17.06.2011 22:00:00,5.93,3.37,1.25,-0.12,-0.31
7801,17.06.2011 23:00:00,5.75,3.37,1.25,-0.12,-0.31
7802,18.06.2011 00:00:00,5.5,3.43,1.25,-0.12,-0.31,3.647
7803,18.06.2011 01:00:00,5.25,3.5,1.31,-0.12,-0.31
7804,18.06.2011 02:00:00,5,3.5,1.31,-0.06,-0.31
7805,18.06.2011 03:00:00,4.81,3.5,1.31,-0.06,-0.31
7806,18.06.2011 04:00:00,4.62,3.5,1.31,-0.12,-0.31
7807,18.06.2011 05:00:00,4.43,3.5,1.37,-0.06,-0.31
7808,18.06.2011 06:00:00,4.31,3.43,1.37,-0.12,-0.31,3.633
7809,18.06.2011 07:00:00,4.12,3.43,1.37,-0.12,-0.31
7810,18.06.2011 08:00:00,4,3.37,1.37,-0.12,-0.31
7811,18.06.2011 09:00:00,3.93,3.37,1.37,-0.12,-0.31
7812,18.06.2011 10:00:00,3.87,3.31,1.37,-0.06,-0.31
7813,18.06.2011 11:00:00,3.81,3.31,1.37,-0.12,-0.31
7814,18.06.2011 12:00:00,3.68,3.25,1.43,-0.06,-0.31,3.633
7815,18.06.2011 13:00:00,3.87,3.18,1.43,-0.12,-0.31
7816,18.06.2011 14:00:00,4.37,3.18,1.37,-0.06,-0.31
7817,18.06.2011 15:00:00,4.87,3.12,1.43,-0.06,-0.31
7818,18.06.2011 16:00:00,5,3.12,1.37,-0.12,-0.31
7819,18.06.2011 17:00:00,5.12,3.12,1.43,-0.12,-0.31
7820,18.06.2011 18:00:00,5.25,3.12,1.37,-0.06,-0.31,3.650
7821,18.06.2011 19:00:00,5.06,3.12,1.37,-0.12,-0.31
7822,18.06.2011 20:00:00,4.81,3.18,1.37,-0.06,-0.31
7823,18.06.2011 21:00:00,4.56,3.25,1.37,-0.12,-0.31
7824,18.06.2011 22:00:00,4.31,3.25,1.37,-0.06,-0.31
7825,18.06.2011 23:00:00,4.12,3.25,1.43,-0.06,-0.31
7826,19.06.2011 00:00:00,3.93,3.25,1.43,-0.06,-0.31,3.630
7827,19.06.2011 01:00:00,3.75,3.18,1.43,-0.06,-0.31
7828,19.06.2011 02:00:00,3.56,3.18,1.43,-0.06,-0.31
7829,19.06.2011 03:00:00,3.37,3.18,1.43,-0.12,-0.31
7830,19.06.2011 04:00:00,3.25,3.12,1.43,-0.06,-0.31
7831,19.06.2011 05:00:00,3.12,3.06,1.43,-0.06,-0.31
7832,19.06.2011 06:00:00,3,3.06,1.43,-0.06,-0.31,3.628
7833,19.06.2011 07:00:00,2.87,3,1.43,-0.06,-0.31
7834,19.06.2011 08:00:00,2.75,2.93,1.43,-0.06,-0.31
7835,19.06.2011 09:00:00,2.68,2.93,1.43,-0.12,-0.31
7836,19.06.2011 10:00:00,2.68,2.87,1.43,-0.06,-0.31
7837,19.06.2011 11:00:00,2.87,2.81,1.43,-0.06,-0.31
7838,19.06.2011 12:00:00,3.06,2.75,1.37,-0.06,-0.31,3.628
7839,19.06.2011 13:00:00,3.25,2.68,1.37,-0.06,-0.31
7840,19.06.2011 14:00:00,3.81,2.68,1.37,-0.06,-0.31
7841,19.06.2011 15:00:00,4.5,2.68,1.37,-0.06,-0.31
7842,19.06.2011 16:00:00,4.93,2.68,1.37,-0.06,-0.31
7843,19.06.2011 17:00:00,5.12,2.68,1.31,-0.06,-0.31
7844,19.06.2011 18:00:00,5.12,2.75,1.31,-0.06,-0.31,3.649
7845,19.06.2011 19:00:00,5,2.81,1.31,-0.06,-0.31
7846,19.06.2011 20:00:00,4.81,2.81,1.31,-0.06,-0.31
7847,19.06.2011 21:00:00,4.62,2.87,1.31,-0.06,-0.31
7848,19.06.2011 22:00:00,4.37,2.93,1.31,-0.06,-0.31
7849,19.06.2011 23:00:00,4.18,2.93,1.31,-0.06,-0.31
7850,20.06.2011 00:00:00,3.93,2.93,1.37,-0.06,-0.31,3.630
7851,20.06.2011 01:00:00,3.75,3,1.37,-0.06,-0.31
7852,20.06.2011 02:00:00,3.62,3,1.37,-0.06,-0.31
7853,20.06.2011 03:00:00,3.5,3,1.37,-0.06,-0.31
7854,20.06.2011 04:00:00,3.37,2.93,1.37,-0.06,-0.31
7855,20.06.2011 05:00:00,3.25,2.93,1.37,-0.06,-0.31
7856,20.06.2011 06:00:00,3.12,2.87,1.37,-0.06,-0.31,3.624
7857,20.06.2011 07:00:00,3.06,2.87,1.37,-0.06,-0.31
7858,20.06.2011 08:00:00,2.93,2.81,1.37,-0.06,-0.25
7859,20.06.2011 09:00:00,2.87,2.81,1.37,-0.06,-0.25
7860,20.06.2011 10:00:00,2.81,2.75,1.37,-0.06,-0.25
7861,20.06.2011 11:00:00,2.93,2.75,1.37,-0.06,-0.31
7862,20.06.2011 12:00:00,3.31,2.68,1.37,-0.06,-0.25,3.634
7863,20.06.2011 13:00:00,3.93,2.68,1.37,-0.06,-0.25
7864,20.06.2011 14:00:00,4.5,2.68,1.37,-0.06,-0.25
7865,20.06.2011 15:00:00,5.12,2.68,1.37,-0.06,-0.25
7866,20.06.2011 16:00:00,5.81,2.68,1.37,-0.06,-0.25
7867,20.06.2011 17:00:00,6.31,2.75,1.31,-0.06,-0.25
7868,20.06.2011 18:00:00,6.56,2.81,1.37,-0.06,-0.25,3.663
7869,20.06.2011 19:00:00,6.68,2.87,1.31,-0.06,-0.25
7870,20.06.2011 20:00:00,6.56,2.93,1.31,-0.06,-0.25
7871,20.06.2011 21:00:00,6.37,3.06,1.37,-0.06,-0.25
7872,20.06.2011 22:00:00,6.06,3.18,1.37,-0.06,-0.25
7873,20.06.2011 23:00:00,5.68,3.25,1.37,-0.06,-0.25
7874,21.06.2011 00:00:00,5.31,3.31,1.37,-0.06,-0.25,3.645
7875,21.06.2011 01:00:00,4.93,3.37,1.43,-0.06,-0.25
7876,21.06.2011 02:00:00,4.62,3.37,1.43,-0.06,-0.25
7877,21.06.2011 03:00:00,4.31,3.37,1.43,-0.06,-0.25
7878,21.06.2011 04:00:00,4.06,3.43,1.5,-0.06,-0.25
7879,21.06.2011 05:00:00,3.81,3.37,1.5,-0.06,-0.25
7880,21.06.2011 06:00:00,3.56,3.37,1.5,-0.06,-0.25,3.630
7881,21.06.2011 07:00:00,3.37,3.31,1.56,0,-0.25
7882,21.06.2011 08:00:00,3.18,3.25,1.5,0,-0.25
7883,21.06.2011 09:00:00,3.06,3.18,1.5,-0.06,-0.25
7884,21.06.2011 10:00:00,2.93,3.12,1.56,-0.06,-0.25
7885,21.06.2011 11:00:00,2.93,3.12,1.56,-0.06,-0.25
7886,21.06.2011 12:00:00,3.12,3,1.56,-0.06,-0.25,3.627
7887,21.06.2011 13:00:00,3.68,3,1.56,-0.06,-0.25
7888,21.06.2011 14:00:00,4.31,2.93,1.56,0,-0.25
7889,21.06.2011 15:00:00,4.93,2.93,1.56,-0.06,-0.25
7890,21.06.2011 16:00:00,5.43,2.93,1.5,-0.06,-0.25
7891,21.06.2011 17:00:00,5.75,2.93,1.5,-0.06,-0.25
7892,21.06.2011 18:00:00,5.93,3,1.5,-0.06,-0.25,3.656
7893,21.06.2011 19:00:00,6,3,1.5,0,-0.25
7894,21.06.2011 20:00:00,5.93,3.12,1.5,-0.06,-0.25
7895,21.06.2011 21:00:00,5.81,3.18,1.5,0,-0.25
7896,21.06.2011 22:00:00,5.56,3.25,1.5,-0.06,-0.25
7897,21.06.2011 23:00:00,5.31,3.25,1.5,0,-0.25
7898,22.06.2011 00:00:00,5,3.31,1.5,0,-0.25,3.641
7899,22.06.2011 01:00:00,4.68,3.31,1.56,0,-0.25
7900,22.06.2011 02:00:00,4.37,3.37,1.56,-0.06,-0.25
7901,22.06.2011 03:00:00,4.12,3.37,1.56,-0.06,-0.25
7902,22.06.2011 04:00:00,3.87,3.37,1.56,0,-0.25
7903,22.06.2011 05:00:00,3.62,3.31,1.56,0,-0.25
7904,22.06.2011 06:00:00,3.43,3.31,1.56,-0.06,-0.25,3.630
7905,22.06.2011 07:00:00,3.25,3.25,1.62,-0.06,-0.25
7906,22.06.2011 08:00:00,3.06,3.25,1.62,0,-0.18
7907,22.06.2011 09:00:00,2.93,3.18,1.62,0,-0.25
7908,22.06.2011 10:00:00,2.93,3.12,1.62,0,-0.25
7909,22.06.2011 11:00:00,3.25,3.06,1.62,0,-0.25
7910,22.06.2011 12:00:00,3.68,3,1.62,0,-0.25,3.636
7911,22.06.2011 13:00:00,4.25,2.93,1.62,-0.06,-0.25
7912,22.06.2011 14:00:00,4.87,2.93,1.62,0,-0.25
7913,22.06.2011 15:00:00,5.31,2.93,1.62,-0.06,-0.25
7914,22.06.2011 16:00:00,5.68,2.93,1.56,0,-0.25
7915,22.06.2011 17:00:00,5.87,3,1.56,0,-0.25
7916,22.06.2011 18:00:00,6,3.06,1.56,0,-0.18,3.657
7917,22.06.2011 19:00:00,6,3.06,1.56,0,-0.25
7918,22.06.2011 20:00:00,5.93,3.18,1.56,0,-0.25
7919,22.06.2011 21:00:00,5.68,3.18,1.56,-0.06,-0.25
7920,22.06.2011 22:00:00,5.43,3.31,1.56,-0.06,-0.25
7921,22.06.2011 23:00:00,5.18,3.31,1.62,0,-0.25
7922,23.06.2011 00:00:00,4.93,3.37,1.56,0,-0.25,3.637
7923,23.06.2011 01:00:00,4.68,3.37,1.62,0,-0.18
7924,23.06.2011 02:00:00,4.5,3.37,1.62,-0.06,-0.18
7925,23.06.2011 03:00:00,4.37,3.43,1.62,0,-0.18
7926,23.06.2011 04:00:00,4.18,3.37,1.62,0,-0.25
7927,23.06.2011 05:00:00,4.06,3.37,1.62,-0.06,-0.18
7928,23.06.2011 06:00:00,3.87,3.31,1.62,0,-0.25,3.629
7929,23.06.2011 07:00:00,3.75,3.31,1.68,0,-0.18
7930,23.06.2011 08:00:00,3.62,3.31,1.68,0,-0.18
7931,23.06.2011 09:00:00,3.68,3.25,1.68,0,-0.25
7932,23.06.2011 10:00:00,3.93,3.25,1.68,0,-0.25
7933,23.06.2011 11:00:00,4.43,3.18,1.68,0,-0.18
7934,23.06.2011 12:00:00,5,3.18,1.68,0,-0.18,3.649
7935,23.06.2011 13:00:00,5.62,3.18,1.68,0,-0.18
7936,23.06.2011 14:00:00,6.25,3.18,1.68,0,-0.18
7937,23.06.2011 15:00:00,6.75,3.18,1.68,0,-0.18
7938,23.06.2011 16:00:00,7.12,3.25,1.68,0,-0.18
7939,23.06.2011 17:00:00,7.25,3.31,1.68,0,-0.18
7940,23.06.2011 18:00:00,7.37,3.43,1.68,0,-0.18,3.660
7941,23.06.2011 19:00:00,7.37,3.5,1.68,0,-0.18
7942,23.06.2011 20:00:00,7.37,3.62,1.68,0,-0.18
7943,23.06.2011 21:00:00,7.18,3.68,1.68,0,-0.18
7944,23.06.2011 22:00:00,6.87,3.75,1.75,0,-0.18
7945,23.06.2011 23:00:00,6.56,3.87,1.75,0,-0.18
7946,24.06.2011 00:00:00,6.18,3.87,1.81,0,-0.18,3.646
7947,24.06.2011 01:00:00,5.87,3.93,1.81,0,-0.18
7948,24.06.2011 02:00:00,5.5,3.93,1.81,0,-0.18
7949,24.06.2011 03:00:00,5.25,3.93,1.87,0,-0.18
7950,24.06.2011 04:00:00,5,4,1.87,0,-0.18
7951,24.06.2011 05:00:00,4.75,3.93,1.87,0,-0.18
7952,24.06.2011 06:00:00,4.5,3.93,1.93,0,-0.18,3.639
7953,24.06.2011 07:00:00,4.25,3.87,1.93,0,-0.18
7954,24.06.2011 08:00:00,4.12,3.87,1.93,0,-0.18
7955,24.06.2011 09:00:00,4.06,3.81,1.93,0,-0.18
7956,24.06.2011 10:00:00,4.37,3.75,1.93,0,-0.18
7957,24.06.2011 11:00:00,4.87,3.68,1.93,0,-0.18
7958,24.06.2011 12:00:00,5.56,3.68,2,0,-0.18,3.655
7959,24.06.2011 13:00:00,6.37,3.62,2,0,-0.18
7960,24.06.2011 14:00:00,7.06,3.62,2,0,-0.18
7961,24.06.2011 15:00:00,7.75,3.68,2,0,-0.18
7962,24.06.2011 16:00:00,8.31,3.75,2,0,-0.18
7963,24.06.2011 17:00:00,8.81,3.81,1.93,0,-0.18
7964,24.06.2011 18:00:00,9.12,3.93,2,0,-0.18,3.675
7965,24.06.2011 19:00:00,9.31,4.06,2,0,-0.18
7966,24.06.2011 20:00:00,9.18,4.18,2,0,-0.18
7967,24.06.2011 21:00:00,9,4.31,2,0,-0.18
7968,24.06.2011 22:00:00,8.62,4.43,2.06,0,-0.18
7969,24.06.2011 23:00:00,8.18,4.5,2.06,0,-0.18
7970,25.06.2011 00:00:00,7.75,4.62,2.06,0,-0.18,3.657
7971,25.06.2011 01:00:00,7.31,4.62,2.12,0,-0.18
7972,25.06.2011 02:00:00,6.87,4.68,2.12,0,-0.18
7973,25.06.2011 03:00:00,6.43,4.75,2.18,0,-0.18
7974,25.06.2011 04:00:00,6.06,4.68,2.18,0,-0.18
7975,25.06.2011 05:00:00,5.75,4.68,2.25,0,-0.18
7976,25.06.2011 06:00:00,5.37,4.68,2.25,0,-0.18,3.639
7977,25.06.2011 07:00:00,5.12,4.62,2.25,0,-0.18
7978,25.06.2011 08:00:00,4.87,4.62,2.31,0,-0.18
7979,25.06.2011 09:00:00,4.87,4.56,2.37,0,-0.18
7980,25.06.2011 10:00:00,5.12,4.5,2.31,0,-0.18
7981,25.06.2011 11:00:00,5.62,4.43,2.37,0,-0.18
7982,25.06.2011 12:00:00,6.31,4.37,2.37,0,-0.18,3.658
7983,25.06.2011 13:00:00,7.12,4.31,2.37,0,-0.18
7984,25.06.2011 14:00:00,7.87,4.31,2.37,0.06,-0.18
7985,25.06.2011 15:00:00,8.56,4.31,2.37,0.06,-0.18
7986,25.06.2011 16:00:00,9,4.37,2.37,0.06,-0.18
7987,25.06.2011 17:00:00,9.25,4.43,2.37,0,-0.18
7988,25.06.2011 18:00:00,9.5,4.56,2.37,0,-0.18,3.680
7989,25.06.2011 19:00:00,9.5,4.62,2.37,0.06,-0.18
7990,25.06.2011 20:00:00,9.37,4.75,2.37,0,-0.18
7991,25.06.2011 21:00:00,9,4.81,2.37,0.06,-0.18
7992,25.06.2011 22:00:00,8.62,4.93,2.43,0.06,-0.18
7993,25.06.2011 23:00:00,8.25,5,2.43,0.06,-0.18
7994,26.06.2011 00:00:00,7.87,5.06,2.43,0,-0.18,3.659
7995,26.06.2011 01:00:00,7.62,5.06,2.5,0,-0.18
7996,26.06.2011 02:00:00,7.31,5.12,2.5,0.06,-0.18
7997,26.06.2011 03:00:00,7,5.12,2.56,0.06,-0.18
7998,26.06.2011 04:00:00,6.68,5.12,2.56,0.06,-0.18
7999,26.06.2011 05:00:00,6.31,5.12,2.62,0.06,-0.18
8000,26.06.2011 06:00:00,6,5.06,2.62,0.06,-0.18,3.649
8001,26.06.2011 07:00:00,5.68,5.06,2.62,0.06,-0.18
8002,26.06.2011 08:00:00,5.43,5,2.62,0.06,-0.18
8003,26.06.2011 09:00:00,5.25,4.93,2.68,0.06,-0.18
8004,26.06.2011 10:00:00,5,4.87,2.68,0.06,-0.18
8005,26.06.2011 11:00:00,4.87,4.81,2.68,0.06,-0.18
8006,26.06.2011 12:00:00,4.68,4.75,2.68,0.06,-0.18,3.641
8007,26.06.2011 13:00:00,4.5,4.68,2.68,0.06,-0.18
8008,26.06.2011 14:00:00,4.25,4.62,2.68,0.06,-0.18
8009,26.06.2011 15:00:00,4.25,4.56,2.68,0.06,-0.18
8010,26.06.2011 16:00:00,4.68,4.5,2.68,0.06,-0.18
8011,26.06.2011 17:00:00,5.25,4.43,2.68,0.06,-0.18
8012,26.06.2011 18:00:00,5.87,4.37,2.68,0.12,-0.18,3.653
8013,26.06.2011 19:00:00,6.25,4.37,2.68,0.12,-0.18
8014,26.06.2011 20:00:00,6.43,4.37,2.68,0.12,-0.12
8015,26.06.2011 21:00:00,6.37,4.37,2.68,0.12,-0.18
8016,26.06.2011 22:00:00,6.25,4.37,2.62,0.12,-0.18
8017,26.06.2011 23:00:00,6,4.43,2.68,0.18,-0.18
8018,27.06.2011 00:00:00,5.62,4.43,2.68,0.18,-0.18,3.650
8019,27.06.2011 01:00:00,5.31,4.43,2.62,0.18,-0.18
8020,27.06.2011 02:00:00,5.06,4.43,2.68,0.18,-0.18
8021,27.06.2011 03:00:00,4.75,4.43,2.68,0.18,-0.18
8022,27.06.2011 04:00:00,4.5,4.43,2.68,0.25,-0.18
8023,27.06.2011 05:00:00,4.25,4.37,2.68,0.25,-0.18
8024,27.06.2011 06:00:00,4.06,4.37,2.68,0.25,-0.18,3.631
8025,27.06.2011 07:00:00,3.87,4.31,2.68,0.25,-0.18
8026,27.06.2011 08:00:00,3.68,4.25,2.62,0.25,-0.18
8027,27.06.2011 09:00:00,3.56,4.18,2.62,0.25,-0.18
8028,27.06.2011 10:00:00,3.68,4.06,2.62,0.31,-0.18
8029,27.06.2011 11:00:00,4.12,4,2.62,0.31,-0.18
8030,27.06.2011 12:00:00,4.81,3.93,2.62,0.31,-0.18,3.652
8031,27.06.2011 13:00:00,5.62,3.93,2.62,0.31,-0.18
8032,27.06.2011 14:00:00,6.31,3.93,2.62,0.31,-0.18
8033,27.06.2011 15:00:00,6.87,3.93,2.56,0.31,-0.18
8034,27.06.2011 16:00:00,7.12,3.93,2.56,0.37,-0.18
8035,27.06.2011 17:00:00,7.25,4,2.56,0.37,-0.18
8036,27.06.2011 18:00:00,7.43,4.06,2.5,0.37,-0.18,3.662
8037,27.06.2011 19:00:00,7.43,4.12,2.56,0.37,-0.18
8038,27.06.2011 20:00:00,7.25,4.18,2.5,0.37,-0.18
8039,27.06.2011 21:00:00,7,4.31,2.56,0.43,-0.12
8040,27.06.2011 22:00:00,6.68,4.37,2.56,0.43,-0.18
8041,27.06.2011 23:00:00,6.37,4.43,2.5,0.43,-0.12
8042,28.06.2011 00:00:00,6.06,4.43,2.5,0.43,-0.18,3.646
8043,28.06.2011 01:00:00,5.75,4.5,2.56,0.43,-0.18
8044,28.06.2011 02:00:00,5.43,4.5,2.56,0.43,-0.12
8045,28.06.2011 03:00:00,5.18,4.5,2.56,0.43,-0.18
8046,28.06.2011 04:00:00,4.93,4.5,2.56,0.43,-0.18
8047,28.06.2011 05:00:00,4.68,4.43,2.62,0.43,-0.18
8048,28.06.2011 06:00:00,4.5,4.37,2.56,0.43,-0.18,3.634
8049,28.06.2011 07:00:00,4.25,4.37,2.62,0.43,-0.18
8050,28.06.2011 08:00:00,4.06,4.31,2.62,0.5,-0.12
8051,28.06.2011 09:00:00,4,4.25,2.62,0.5,-0.18
8052,28.06.2011 10:00:00,4.12,4.18,2.62,0.5,-0.12
8053,28.06.2011 11:00:00,4.5,4.12,2.62,0.5,-0.12
8054,28.06.2011 12:00:00,5.06,4.06,2.62,0.5,-0.12,3.651
8055,28.06.2011 13:00:00,5.68,4.06,2.62,0.5,-0.12
8056,28.06.2011 14:00:00,6.37,4,2.62,0.5,-0.12
8057,28.06.2011 15:00:00,7.06,4.06,2.62,0.56,-0.18
8058,28.06.2011 16:00:00,7.5,4.06,2.62,0.56,-0.18
8059,28.06.2011 17:00:00,7.62,4.12,2.56,0.56,-0.18
8060,28.06.2011 18:00:00,7.56,4.18,2.56,0.56,-0.12,3.667
8061,28.06.2011 19:00:00,7.5,4.25,2.56,0.56,-0.18
8062,28.06.2011 20:00:00,7.31,4.37,2.56,0.56,-0.12
8063,28.06.2011 21:00:00,7.06,4.43,2.56,0.56,-0.18
8064,28.06.2011 22:00:00,6.68,4.5,2.56,0.56,-0.12
8065,28.06.2011 23:00:00,6.37,4.56,2.62,0.56,-0.12
8066,29.06.2011 00:00:00,6.06,4.56,2.62,0.56,-0.12,3.652
8067,29.06.2011 01:00:00,5.81,4.56,2.62,0.62,-0.12
8068,29.06.2011 02:00:00,5.56,4.62,2.62,0.62,-0.12
8069,29.06.2011 03:00:00,5.31,4.56,2.62,0.62,-0.12
8070,29.06.2011 04:00:00,5.12,4.56,2.62,0.56,-0.18
8071,29.06.2011 05:00:00,4.93,4.56,2.68,0.62,-0.12
8072,29.06.2011 06:00:00,4.81,4.5,2.68,0.62,-0.12,3.636
8073,29.06.2011 07:00:00,4.62,4.5,2.68,0.62,-0.12
8074,29.06.2011 08:00:00,4.56,4.43,2.68,0.62,-0.18
8075,29.06.2011 09:00:00,4.43,4.37,2.68,0.62,-0.12
8076,29.06.2011 10:00:00,4.25,4.37,2.68,0.62,-0.12
8077,29.06.2011 11:00:00,4.18,4.25,2.68,0.68,-0.12
8078,29.06.2011 12:00:00,3.93,4.25,2.68,0.68,-0.12,3.638
8079,29.06.2011 13:00:00,4,4.18,2.68,0.68,-0.12
8080,29.06.2011 14:00:00,4.06,4.18,2.68,0.68,-0.12
8081,29.06.2011 15:00:00,4,4.12,2.68,0.75,-0.12
8082,29.06.2011 16:00:00,4,4.06,2.68,0.68,-0.12
8083,29.06.2011 17:00:00,4.43,4,2.68,0.75,-0.12
8084,29.06.2011 18:00:00,4.87,4,2.68,0.68,-0.12,3.648
8085,29.06.2011 19:00:00,5.06,4,2.68,0.68,-0.12
8086,29.06.2011 20:00:00,5.18,3.93,2.68,0.75,-0.12
8087,29.06.2011 21:00:00,5.12,4,2.68,0.75,-0.12
8088,29.06.2011 22:00:00,5.06,4,2.68,0.75,-0.12
8089,29.06.2011 23:00:00,4.87,4,2.68,0.75,-0.12
8090,30.06.2011 00:00:00,4.68,4,2.68,0.75,-0.12,3.643
8091,30.06.2011 01:00:00,4.5,4,2.68,0.75,-0.12
8092,30.06.2011 02:00:00,4.31,4,2.68,0.75,-0.12
8093,30.06.2011 03:00:00,4.18,4,2.62,0.81,-0.12
8094,30.06.2011 04:00:00,4,4,2.62,0.75,-0.12
8095,30.06.2011 05:00:00,3.87,3.93,2.62,0.75,-0.12
8096,30.06.2011 06:00:00,3.75,3.93,2.62,0.81,-0.12,3.632
8097,30.06.2011 07:00:00,3.62,3.87,2.62,0.75,-0.12
8098,30.06.2011 08:00:00,3.5,3.81,2.62,0.81,-0.12
8099,30.06.2011 09:00:00,3.43,3.81,2.62,0.81,-0.12
8100,30.06.2011 10:00:00,3.31,3.75,2.62,0.81,-0.12
8101,30.06.2011 11:00:00,3.25,3.68,2.56,0.81,-0.12
8102,30.06.2011 12:00:00,3.12,3.68,2.62,0.81,-0.12,3.631
8103,30.06.2011 13:00:00,3.18,3.62,2.62,0.81,-0.12
8104,30.06.2011 14:00:00,3.56,3.56,2.56,0.81,-0.12
8105,30.06.2011 15:00:00,4,3.56,2.56,0.81,-0.12
8106,30.06.2011 16:00:00,4.37,3.5,2.56,0.81,-0.12
8107,30.06.2011 17:00:00,4.62,3.5,2.56,0.81,-0.12
8108,30.06.2011 18:00:00,4.81,3.5,2.56,0.81,-0.12,3.644
8109,30.06.2011 19:00:00,4.93,3.5,2.5,0.81,-0.12
8110,30.06.2011 20:00:00,4.81,3.5,2.5,0.81,-0.12
8111,30.06.2011 21:00:00,4.62,3.56,2.5,0.81,-0.12
8112,30.06.2011 22:00:00,4.43,3.56,2.5,0.81,-0.12
8113,30.06.2011 23:00:00,4.25,3.62,2.5,0.81,-0.12
8114,01.07.2011 00:00:00,4.06,3.62,2.43,0.81,-0.12,3.633
8115,01.07.2011 01:00:00,3.93,3.62,2.43,0.81,-0.12
8116,01.07.2011 02:00:00,3.81,3.62,2.43,0.81,-0.12
8117,01.07.2011 03:00:00,3.62,3.62,2.43,0.81,-0.12
8118,01.07.2011 04:00:00,3.56,3.62,2.43,0.81,-0.12
8119,01.07.2011 05:00:00,3.43,3.56,2.43,0.81,-0.12
8120,01.07.2011 06:00:00,3.31,3.56,2.43,0.81,-0.12,3.630
8121,01.07.2011 07:00:00,3.25,3.5,2.43,0.81,-0.12
8122,01.07.2011 08:00:00,3.12,3.5,2.43,0.87,-0.12
8123,01.07.2011 09:00:00,3.06,3.43,2.43,0.81,-0.12
8124,01.07.2011 10:00:00,3,3.37,2.43,0.81,-0.12
8125,01.07.2011 11:00:00,2.93,3.37,2.43,0.81,-0.12
8126,01.07.2011 12:00:00,2.81,3.31,2.37,0.81,-0.12,3.624
8127,01.07.2011 13:00:00,2.75,3.31,2.37,0.87,-0.12
8128,01.07.2011 14:00:00,2.75,3.25,2.37,0.81,-0.12
8129,01.07.2011 15:00:00,3,3.18,2.37,0.81,-0.12
8130,01.07.2011 16:00:00,3.37,3.18,2.37,0.81,-0.12
8131,01.07.2011 17:00:00,3.75,3.18,2.37,0.81,-0.12
8132,01.07.2011 18:00:00,4,3.12,2.31,0.87,-0.12,3.636
8133,01.07.2011 19:00:00,4,3.12,2.31,0.81,-0.12
8134,01.07.2011 20:00:00,4,3.12,2.31,0.87,-0.12
8135,01.07.2011 21:00:00,3.93,3.18,2.31,0.81,-0.12
8136,01.07.2011 22:00:00,3.81,3.18,2.31,0.87,-0.12
8137,01.07.2011 23:00:00,3.56,3.18,2.25,0.81,-0.12
8138,02.07.2011 00:00:00,3.37,3.18,2.31,0.87,-0.06,3.633
8139,02.07.2011 01:00:00,3.18,3.18,2.25,0.87,-0.12
8140,02.07.2011 02:00:00,3.06,3.18,2.25,0.81,-0.12
8141,02.07.2011 03:00:00,2.87,3.18,2.25,0.81,-0.12
8142,02.07.2011 04:00:00,2.75,3.18,2.25,0.87,-0.06
8143,02.07.2011 05:00:00,2.68,3.12,2.25,0.87,-0.12
8144,02.07.2011 06:00:00,2.56,3.12,2.25,0.81,-0.12,3.625
8145,02.07.2011 07:00:00,2.43,3.06,2.25,0.81,-0.12
8146,02.07.2011 08:00:00,2.37,3,2.25,0.81,-0.12
8147,02.07.2011 09:00:00,2.31,3,2.18,0.87,-0.12
8148,02.07.2011 10:00:00,2.31,2.93,2.18,0.87,-0.12
8149,02.07.2011 11:00:00,2.56,2.87,2.18,0.81,-0.12
8150,02.07.2011 12:00:00,3.06,2.87,2.18,0.81,-0.12,3.633
8151,02.07.2011 13:00:00,3.75,2.87,2.18,0.81,-0.12
8152,02.07.2011 14:00:00,4.31,2.81,2.12,0.81,-0.12
8153,02.07.2011 15:00:00,4.56,2.81,2.12,0.87,-0.06
8154,02.07.2011 16:00:00,4.56,2.87,2.12,0.87,-0.12
8155,02.07.2011 17:00:00,4.37,2.87,2.12,0.87,-0.12
8156,02.07.2011 18:00:00,4.18,2.93,2.12,0.81,-0.06,3.637
8157,02.07.2011 19:00:00,4.06,3,2.12,0.81,-0.12
8158,02.07.2011 20:00:00,3.93,3.06,2.06,0.81,-0.12
8159,02.07.2011 21:00:00,3.75,3.06,2.12,0.81,-0.12
8160,02.07.2011 22:00:00,3.62,3.06,2.06,0.81,-0.12
8161,02.07.2011 23:00:00,3.43,3.12,2.06,0.81,-0.06
8162,03.07.2011 00:00:00,3.37,3.12,2.06,0.81,-0.12,3.628
8163,03.07.2011 01:00:00,3.25,3.12,2.06,0.81,-0.06
8164,03.07.2011 02:00:00,3.06,3.06,2.12,0.81,-0.12
8165,03.07.2011 03:00:00,2.93,3.06,2.12,0.81,-0.12
8166,03.07.2011 04:00:00,2.81,3.06,2.12,0.81,-0.12
8167,03.07.2011 05:00:00,2.68,3.06,2.12,0.81,-0.06
8168,03.07.2011 06:00:00,2.62,3,2.12,0.81,-0.06,3.622
8169,03.07.2011 07:00:00,2.5,2.93,2.06,0.81,-0.12
8170,03.07.2011 08:00:00,2.37,2.93,2.06,0.81,-0.12
8171,03.07.2011 09:00:00,2.31,2.87,2.12,0.81,-0.12
8172,03.07.2011 10:00:00,2.31,2.87,2.06,0.81,-0.12
8173,03.07.2011 11:00:00,2.5,2.81,2.06,0.81,-0.12
8174,03.07.2011 12:00:00,3.06,2.81,2.06,0.81,-0.12,3.637
8175,03.07.2011 13:00:00,3.81,2.75,2.06,0.81,-0.12
8176,03.07.2011 14:00:00,4.68,2.75,2.06,0.81,-0.06
8177,03.07.2011 15:00:00,5.56,2.75,2.06,0.81,-0.06
8178,03.07.2011 16:00:00,6.43,2.81,2.06,0.81,-0.12
8179,03.07.2011 17:00:00,7.06,2.87,2,0.81,-0.12
8180,03.07.2011 18:00:00,7.37,3,2,0.81,-0.06,3.665
8181,03.07.2011 19:00:00,7.43,3.12,2,0.81,-0.06
8182,03.07.2011 20:00:00,7.37,3.25,2,0.81,-0.06
8183,03.07.2011 21:00:00,7.18,3.37,2,0.81,-0.06
8184,03.07.2011 22:00:00,6.81,3.5,2.06,0.81,-0.06
8185,03.07.2011 23:00:00,6.37,3.62,2.06,0.81,-0.12
8186,04.07.2011 00:00:00,6,3.75,2.06,0.81,-0.12,3.652
8187,04.07.2011 01:00:00,5.56,3.81,2.12,0.81,-0.12
8188,04.07.2011 02:00:00,5.25,3.81,2.12,0.81,-0.06
8189,04.07.2011 03:00:00,4.93,3.87,2.18,0.81,-0.06
8190,04.07.2011 04:00:00,4.62,3.87,2.18,0.81,-0.06
8191,04.07.2011 05:00:00,4.31,3.93,2.18,0.81,-0.12
8192,04.07.2011 06:00:00,4.06,3.87,2.25,0.81,-0.06,3.639
8193,04.07.2011 07:00:00,3.81,3.87,2.25,0.81,-0.06
8194,04.07.2011 08:00:00,3.62,3.81,2.31,0.81,-0.06
8195,04.07.2011 09:00:00,3.43,3.75,2.31,0.81,-0.06
8196,04.07.2011 10:00:00,3.5,3.75,2.31,0.87,-0.12
8197,04.07.2011 11:00:00,3.93,3.68,2.31,0.87,-0.06
8198,04.07.2011 12:00:00,4.56,3.62,2.31,0.81,-0.06,3.646
8199,04.07.2011 13:00:00,5.37,3.62,2.37,0.87,-0.06
8200,04.07.2011 14:00:00,6.12,3.56,2.37,0.87,-0.06
8201,04.07.2011 15:00:00,6.75,3.62,2.37,0.87,-0.06
8202,04.07.2011 16:00:00,7.25,3.62,2.37,0.87,-0.06
8203,04.07.2011 17:00:00,7.75,3.68,2.37,0.87,-0.06
8204,04.07.2011 18:00:00,8.18,3.81,2.37,0.87,-0.06,3.676
8205,04.07.2011 19:00:00,8.31,3.87,2.37,0.87,-0.06
8206,04.07.2011 20:00:00,8.31,4,2.37,0.93,-0.06
8207,04.07.2011 21:00:00,8.18,4.12,2.37,0.93,-0.06
8208,04.07.2011 22:00:00,7.93,4.25,2.37,0.93,-0.06
8209,04.07.2011 23:00:00,7.62,4.31,2.37,0.93,-0.06
8210,05.07.2011 00:00:00,7.25,4.43,2.43,0.93,-0.06,3.657
8211,05.07.2011 01:00:00,6.87,4.5,2.5,0.93,-0.06
8212,05.07.2011 02:00:00,6.5,4.56,2.5,0.93,-0.06
8213,05.07.2011 03:00:00,6.18,4.62,2.56,0.93,-0.06
8214,05.07.2011 04:00:00,5.87,4.62,2.56,0.93,-0.06
8215,05.07.2011 05:00:00,5.56,4.62,2.56,0.93,-0.06
8216,05.07.2011 06:00:00,5.31,4.62,2.62,0.93,-0.06,3.645
8217,05.07.2011 07:00:00,5.06,4.56,2.62,0.93,-0.06
8218,05.07.2011 08:00:00,4.81,4.56,2.68,1,-0.06
8219,05.07.2011 09:00:00,4.75,4.5,2.68,1,-0.06
8220,05.07.2011 10:00:00,4.93,4.43,2.68,1,-0.06
8221,05.07.2011 11:00:00,5.37,4.43,2.68,1,-0.06
8222,05.07.2011 12:00:00,6.06,4.37,2.75,1,-0.06,3.656
8223,05.07.2011 13:00:00,6.87,4.31,2.75,1,-0.06
8224,05.07.2011 14:00:00,7.62,4.31,2.75,1,-0.06
8225,05.07.2011 15:00:00,8.37,4.37,2.75,1.06,-0.06
8226,05.07.2011 16:00:00,9,4.43,2.75,1.06,-0.06
8227,05.07.2011 17:00:00,9.5,4.5,2.75,1.06,-0.06
8228,05.07.2011 18:00:00,9.81,4.62,2.81,1.06,-0.06,3.678
8229,05.07.2011 19:00:00,9.87,4.75,2.81,1.06,-0.06
8230,05.07.2011 20:00:00,9.75,4.87,2.75,1.06,-0.06
8231,05.07.2011 21:00:00,9.5,5,2.81,1.12,-0.06
8232,05.07.2011 22:00:00,9.12,5.06,2.81,1.12,-0.06
8233,05.07.2011 23:00:00,8.75,5.18,2.87,1.12,-0.06
8234,06.07.2011 00:00:00,8.31,5.31,2.87,1.12,-0.06,3.662
8235,06.07.2011 01:00:00,7.87,5.37,2.93,1.12,-0.06
8236,06.07.2011 02:00:00,7.5,5.37,2.93,1.12,-0.06
8237,06.07.2011 03:00:00,7.12,5.43,3,1.12,-0.06
8238,06.07.2011 04:00:00,6.68,5.43,3,1.12,-0.06
8239,06.07.2011 05:00:00,6.31,5.43,3.06,1.12,-0.06
8240,06.07.2011 06:00:00,6,5.37,3.06,1.18,-0.06,3.649
8241,06.07.2011 07:00:00,5.68,5.37,3.12,1.18,-0.06
8242,06.07.2011 08:00:00,5.37,5.31,3.12,1.18,-0.06
8243,06.07.2011 09:00:00,5.25,5.25,3.18,1.18,-0.06
8244,06.07.2011 10:00:00,5.37,5.18,3.18,1.18,-0.06
8245,06.07.2011 11:00:00,5.81,5.12,3.18,1.25,-0.06
8246,06.07.2011 12:00:00,6.31,5.06,3.18,1.25,-0.06,3.660
8247,06.07.2011 13:00:00,6.93,5,3.18,1.25,-0.06
8248,06.07.2011 14:00:00,7.68,5,3.25,1.25,-0.06
8249,06.07.2011 15:00:00,8.06,5,3.25,1.25,-0.06
8250,06.07.2011 16:00:00,8.18,5,3.25,1.25,-0.06
8251,06.07.2011 17:00:00,8.37,5.06,3.25,1.25,-0.06
8252,06.07.2011 18:00:00,8.56,5.12,3.25,1.31,-0.06,3.673
8253,06.07.2011 19:00:00,8.5,5.12,3.18,1.31,-0.06
8254,06.07.2011 20:00:00,8.37,5.18,3.25,1.31,-0.06
8255,06.07.2011 21:00:00,8.12,5.25,3.25,1.31,-0.06
8256,06.07.2011 22:00:00,7.75,5.31,3.25,1.37,-0.06
8257,06.07.2011 23:00:00,7.37,5.37,3.25,1.31,-0.06
8258,07.07.2011 00:00:00,7.06,5.37,3.25,1.37,-0.06,3.653
8259,07.07.2011 01:00:00,6.75,5.37,3.31,1.31,-0.06
8260,07.07.2011 02:00:00,6.37,5.37,3.31,1.37,-0.06
8261,07.07.2011 03:00:00,6.06,5.37,3.31,1.37,-0.06
8262,07.07.2011 04:00:00,5.75,5.37,3.31,1.37,-0.06
8263,07.07.2011 05:00:00,5.5,5.31,3.37,1.37,-0.06
8264,07.07.2011 06:00:00,5.18,5.25,3.37,1.37,-0.06,3.646
8265,07.07.2011 07:00:00,4.93,5.25,3.37,1.37,-0.06
8266,07.07.2011 08:00:00,4.75,5.18,3.37,1.37,-0.06
8267,07.07.2011 09:00:00,4.68,5.06,3.37,1.43,-0.06
8268,07.07.2011 10:00:00,4.81,5,3.37,1.37,-0.06
8269,07.07.2011 11:00:00,5.25,4.93,3.37,1.43,-0.06
8270,07.07.2011 12:00:00,5.81,4.87,3.37,1.43,-0.06,3.657
8271,07.07.2011 13:00:00,6.37,4.81,3.37,1.43,-0.06
8272,07.07.2011 14:00:00,6.81,4.81,3.37,1.43,-0.06
8273,07.07.2011 15:00:00,7.25,4.81,3.37,1.43,-0.06
8274,07.07.2011 16:00:00,7.68,4.81,3.37,1.43,-0.06
8275,07.07.2011 17:00:00,7.93,4.87,3.37,1.43,-0.06
8276,07.07.2011 18:00:00,8.12,4.87,3.31,1.5,-0.06,3.670
8277,07.07.2011 19:00:00,8.18,5,3.31,1.5,-0.06
8278,07.07.2011 20:00:00,8.06,5.06,3.31,1.5,-0.06
8279,07.07.2011 21:00:00,7.81,5.06,3.31,1.5,-0.06
8280,07.07.2011 22:00:00,7.56,5.12,3.31,1.5,-0.06
8281,07.07.2011 23:00:00,7.18,5.18,3.31,1.5,-0.06
8282,08.07.2011 00:00:00,6.81,5.25,3.31,1.5,-0.06,3.654
8283,08.07.2011 01:00:00,6.5,5.25,3.37,1.5,-0.06
8284,08.07.2011 02:00:00,6.18,5.25,3.37,1.5,-0.06
8285,08.07.2011 03:00:00,5.87,5.25,3.37,1.5,-0.06
8286,08.07.2011 04:00:00,5.56,5.25,3.37,1.5,-0.06
8287,08.07.2011 05:00:00,5.25,5.18,3.37,1.5,-0.06
8288,08.07.2011 06:00:00,5,5.18,3.37,1.5,-0.06,3.643
8289,08.07.2011 07:00:00,4.75,5.12,3.37,1.5,-0.06
8290,08.07.2011 08:00:00,4.56,5.06,3.37,1.5,-0.06
8291,08.07.2011 09:00:00,4.43,5,3.43,1.5,-0.06
8292,08.07.2011 10:00:00,4.62,4.93,3.43,1.5,-0.06
8293,08.07.2011 11:00:00,5.06,4.87,3.43,1.5,-0.06
8294,08.07.2011 12:00:00,5.75,4.81,3.37,1.5,-0.06,3.651
8295,08.07.2011 13:00:00,6.56,4.75,3.37,1.5,-0.06
8296,08.07.2011 14:00:00,7.31,4.68,3.37,1.56,-0.06
8297,08.07.2011 15:00:00,8,4.75,3.37,1.56,-0.06
8298,08.07.2011 16:00:00,8.5,4.75,3.37,1.56,-0.06
8299,08.07.2011 17:00:00,8.93,4.81,3.31,1.56,-0.06
8300,08.07.2011 18:00:00,9.18,4.87,3.37,1.56,-0.06,3.673
8301,08.07.2011 19:00:00,9.18,5,3.31,1.56,-0.06
8302,08.07.2011 20:00:00,9.12,5.06,3.31,1.56,-0.06
8303,08.07.2011 21:00:00,8.87,5.18,3.31,1.56,-0.06
8304,08.07.2011 22:00:00,8.56,5.31,3.37,1.56,-0.06
8305,08.07.2011 23:00:00,8.25,5.37,3.37,1.56,-0.06
8306,09.07.2011 00:00:00,7.87,5.43,3.37,1.56,-0.06,3.662
8307,09.07.2011 01:00:00,7.5,5.5,3.37,1.56,-0.06
8308,09.07.2011 02:00:00,7.18,5.5,3.37,1.56,-0.06
8309,09.07.2011 03:00:00,6.87,5.5,3.43,1.56,-0.06
8310,09.07.2011 04:00:00,6.56,5.56,3.43,1.56,-0.06
8311,09.07.2011 05:00:00,6.31,5.56,3.5,1.56,-0.06
8312,09.07.2011 06:00:00,6.06,5.5,3.5,1.56,-0.06,3.651
8313,09.07.2011 07:00:00,5.87,5.5,3.5,1.56,-0.06
8314,09.07.2011 08:00:00,5.68,5.43,3.5,1.56,-0.06
8315,09.07.2011 09:00:00,5.62,5.37,3.5,1.62,-0.06
8316,09.07.2011 10:00:00,5.68,5.31,3.56,1.62,-0.06
8317,09.07.2011 11:00:00,6.06,5.31,3.5,1.62,-0.06
8318,09.07.2011 12:00:00,6.5,5.25,3.56,1.62,-0.06,3.655
8319,09.07.2011 13:00:00,6.93,5.18,3.56,1.62,-0.06
8320,09.07.2011 14:00:00,7.18,5.18,3.56,1.62,0
8321,09.07.2011 15:00:00,7.25,5.18,3.5,1.62,-0.06
8322,09.07.2011 16:00:00,7.12,5.18,3.56,1.62,-0.06
8323,09.07.2011 17:00:00,7.06,5.18,3.56,1.62,-0.06
8324,09.07.2011 18:00:00,6.93,5.18,3.56,1.62,-0.06,3.662
8325,09.07.2011 19:00:00,6.87,5.18,3.56,1.62,-0.06
8326,09.07.2011 20:00:00,6.87,5.25,3.56,1.68,-0.06
8327,09.07.2011 21:00:00,6.81,5.25,3.5,1.68,-0.06
8328,09.07.2011 22:00:00,6.62,5.25,3.56,1.62,-0.06
8329,09.07.2011 23:00:00,6.43,5.25,3.56,1.68,-0.06
8330,10.07.2011 00:00:00,6.18,5.25,3.56,1.68,-0.06,3.652
8331,10.07.2011 01:00:00,6,5.25,3.56,1.68,0
8332,10.07.2011 02:00:00,5.75,5.18,3.56,1.68,-0.06
8333,10.07.2011 03:00:00,5.62,5.18,3.56,1.68,-0.06
8334,10.07.2011 04:00:00,5.43,5.18,3.56,1.68,0
8335,10.07.2011 05:00:00,5.31,5.12,3.56,1.68,-0.06
8336,10.07.2011 06:00:00,5.12,5.12,3.56,1.68,0,3.639
8337,10.07.2011 07:00:00,4.87,5.06,3.56,1.68,-0.06
8338,10.07.2011 08:00:00,4.68,5,3.56,1.68,-0.06
8339,10.07.2011 09:00:00,4.68,4.93,3.56,1.68,-0.06
8340,10.07.2011 10:00:00,4.87,4.87,3.56,1.68,-0.06
8341,10.07.2011 11:00:00,5.31,4.87,3.5,1.68,-0.06
8342,10.07.2011 12:00:00,6.06,4.81,3.5,1.68,-0.06,3.657
8343,10.07.2011 13:00:00,6.93,4.75,3.5,1.68,-0.06
8344,10.07.2011 14:00:00,7.56,4.75,3.5,1.68,-0.06
8345,10.07.2011 15:00:00,7.93,4.81,3.5,1.68,-0.06
8346,10.07.2011 16:00:00,7.93,4.81,3.43,1.75,-0.06
8347,10.07.2011 17:00:00,7.87,4.87,3.43,1.68,0
8348,10.07.2011 18:00:00,7.93,4.93,3.43,1.68,-0.06,3.667
8349,10.07.2011 19:00:00,8.06,5,3.43,1.68,0
8350,10.07.2011 20:00:00,8.12,5.06,3.43,1.75,0
8351,10.07.2011 21:00:00,8.06,5.12,3.43,1.68,0
8352,10.07.2011 22:00:00,7.81,5.18,3.43,1.68,-0.06
8353,10.07.2011 23:00:00,7.5,5.25,3.43,1.68,-0.06
8354,11.07.2011 00:00:00,7.12,5.31,3.43,1.75,-0.06,3.655
8355,11.07.2011 01:00:00,6.75,5.31,3.5,1.75,-0.06
8356,11.07.2011 02:00:00,6.43,5.31,3.5,1.68,-0.06
8357,11.07.2011 03:00:00,6.06,5.31,3.5,1.68,-0.06
8358,11.07.2011 04:00:00,5.75,5.37,3.5,1.75,-0.06
8359,11.07.2011 05:00:00,5.43,5.31,3.56,1.75,0
8360,11.07.2011 06:00:00,5.18,5.31,3.56,1.68,0,3.645
8361,11.07.2011 07:00:00,4.87,5.25,3.56,1.68,0
8362,11.07.2011 08:00:00,4.68,5.18,3.56,1.75,0
8363,11.07.2011 09:00:00,4.56,5.12,3.56,1.75,-0.06
8364,11.07.2011 10:00:00,4.75,5.06,3.56,1.75,0
8365,11.07.2011 11:00:00,5.31,5,3.56,1.75,-0.06
8366,11.07.2011 12:00:00,6.06,4.93,3.56,1.75,0,3.658
8367,11.07.2011 13:00:00,7.06,4.87,3.56,1.75,-0.06
8368,11.07.2011 14:00:00,8,4.87,3.56,1.75,-0.06
8369,11.07.2011 15:00:00,8.81,4.87,3.5,1.75,-0.06
8370,11.07.2011 16:00:00,9.43,4.93,3.5,1.75,0
8371,11.07.2011 17:00:00,9.93,5,3.5,1.75,0
8372,11.07.2011 18:00:00,10.18,5.12,3.5,1.75,0,3.686
8373,11.07.2011 19:00:00,10.25,5.25,3.5,1.81,-0.06
8374,11.07.2011 20:00:00,10.12,5.37,3.5,1.75,0
8375,11.07.2011 21:00:00,9.81,5.5,3.5,1.75,0
8376,11.07.2011 22:00:00,9.43,5.62,3.56,1.75,-0.06
8377,11.07.2011 23:00:00,9,5.75,3.56,1.75,0
8378,12.07.2011 00:00:00,8.62,5.81,3.56,1.75,0,3.670
8379,12.07.2011 01:00:00,8.18,5.87,3.62,1.75,0
8380,12.07.2011 02:00:00,7.75,5.93,3.62,1.75,-0.06
8381,12.07.2011 03:00:00,7.31,5.93,3.62,1.81,0
8382,12.07.2011 04:00:00,7,5.93,3.68,1.75,0
8383,12.07.2011 05:00:00,6.62,5.93,3.68,1.81,0
8384,12.07.2011 06:00:00,6.25,5.87,3.75,1.81,0,3.647
8385,12.07.2011 07:00:00,6,5.87,3.75,1.81,0
8386,12.07.2011 08:00:00,5.68,5.81,3.75,1.81,0
8387,12.07.2011 09:00:00,5.62,5.75,3.81,1.81,-0.06
8388,12.07.2011 10:00:00,5.93,5.68,3.81,1.81,0
8389,12.07.2011 11:00:00,6.5,5.62,3.81,1.81,0
8390,12.07.2011 12:00:00,7.18,5.56,3.81,1.81,0,3.671
8391,12.07.2011 13:00:00,8.06,5.56,3.81,1.87,0
8392,12.07.2011 14:00:00,9,5.5,3.81,1.87,0
8393,12.07.2011 15:00:00,9.87,5.56,3.81,1.87,0
8394,12.07.2011 16:00:00,10.62,5.56,3.81,1.87,0
8395,12.07.2011 17:00:00,11.25,5.62,3.81,1.87,0
8396,12.07.2011 18:00:00,11.56,5.75,3.81,1.87,0,3.689
8397,12.07.2011 19:00:00,11.62,5.87,3.81,1.87,0
8398,12.07.2011 20:00:00,11.5,6.06,3.81,1.87,0
8399,12.07.2011 21:00:00,11.18,6.18,3.81,1.87,-0.06
8400,12.07.2011 22:00:00,10.81,6.31,3.87,1.87,0
8401,12.07.2011 23:00:00,10.37,6.43,3.87,1.93,0
8402,13.07.2011 00:00:00,9.87,6.5,3.87,1.93,0,3.677
8403,13.07.2011 01:00:00,9.43,6.56,3.93,1.93,0
8404,13.07.2011 02:00:00,9,6.62,3.93,1.93,0
8405,13.07.2011 03:00:00,8.56,6.62,4,1.93,0
8406,13.07.2011 04:00:00,8.12,6.62,4.06,1.93,0
8407,13.07.2011 05:00:00,7.75,6.62,4.06,2,-0.06
8408,13.07.2011 06:00:00,7.37,6.56,4.12,1.93,-0.06,3.655
8409,13.07.2011 07:00:00,7,6.56,4.12,1.93,0
8410,13.07.2011 08:00:00,6.75,6.5,4.12,1.93,0
8411,13.07.2011 09:00:00,6.68,6.43,4.18,2,0
8412,13.07.2011 10:00:00,7,6.37,4.18,2,0
8413,13.07.2011 11:00:00,7.43,6.31,4.18,2,-0.06
8414,13.07.2011 12:00:00,8,6.25,4.18,2,-0.06,3.669
8415,13.07.2011 13:00:00,8.5,6.18,4.25,2.06,-0.06
8416,13.07.2011 14:00:00,9.18,6.18,4.25,2.06,0
8417,13.07.2011 15:00:00,9.56,6.18,4.18,2.06,0
8418,13.07.2011 16:00:00,9.87,6.18,4.18,2.06,0
8419,13.07.2011 17:00:00,10.18,6.25,4.25,2.06,0
8420,13.07.2011 18:00:00,10.31,6.31,4.18,2.06,0,3.680
8421,13.07.2011 19:00:00,10.43,6.37,4.25,2.06,-0.06
8422,13.07.2011 20:00:00,10.43,6.43,4.25,2.12,0
8423,13.07.2011 21:00:00,10.25,6.5,4.25,2.12,0
8424,13.07.2011 22:00:00,10.06,6.56,4.25,2.12,0
8425,13.07.2011 23:00:00,9.75,6.62,4.25,2.12,0
8426,14.07.2011 00:00:00,9.43,6.68,4.31,2.12,0,3.676
8427,14.07.2011 01:00:00,9.12,6.75,4.25,2.12,0
8428,14.07.2011 02:00:00,8.81,6.75,4.31,2.12,0
8429,14.07.2011 03:00:00,8.43,6.75,4.31,2.12,0
8430,14.07.2011 04:00:00,8.06,6.75,4.31,2.18,0
8431,14.07.2011 05:00:00,7.68,6.68,4.37,2.18,0
8432,14.07.2011 06:00:00,7.37,6.68,4.37,2.18,-0.06,3.659
8433,14.07.2011 07:00:00,7.12,6.62,4.43,2.18,0
8434,14.07.2011 08:00:00,6.81,6.62,4.43,2.18,0
8435,14.07.2011 09:00:00,6.81,6.56,4.43,2.18,0
8436,14.07.2011 10:00:00,7,6.5,4.43,2.18,0
8437,14.07.2011 11:00:00,7.43,6.43,4.43,2.18,0
8438,14.07.2011 12:00:00,7.93,6.37,4.43,2.25,0,3.671
8439,14.07.2011 13:00:00,8.43,6.31,4.43,2.25,0
8440,14.07.2011 14:00:00,9,6.31,4.43,2.25,0
8441,14.07.2011 15:00:00,9.43,6.31,4.43,2.25,0
8442,14.07.2011 16:00:00,10,6.31,4.43,2.25,0
8443,14.07.2011 17:00:00,10.37,6.37,4.43,2.25,0
8444,14.07.2011 18:00:00,10.25,6.37,4.37,2.25,0,3.679
8445,14.07.2011 19:00:00,10.06,6.43,4.43,2.25,0
8446,14.07.2011 20:00:00,9.87,6.5,4.43,2.25,0
8447,14.07.2011 21:00:00,9.62,6.56,4.43,2.31,0
8448,14.07.2011 22:00:00,9.31,6.62,4.43,2.31,0
8449,14.07.2011 23:00:00,9,6.68,4.43,2.31,0
8450,15.07.2011 00:00:00,8.68,6.75,4.43,2.31,0,3.670
8451,15.07.2011 01:00:00,8.43,6.75,4.5,2.31,0
8452,15.07.2011 02:00:00,8.12,6.75,4.5,2.31,0
8453,15.07.2011 03:00:00,7.87,6.75,4.5,2.31,0
8454,15.07.2011 04:00:00,7.56,6.68,4.5,2.31,0
8455,15.07.2011 05:00:00,7.25,6.68,4.5,2.37,0
8456,15.07.2011 06:00:00,7,6.62,4.56,2.37,0,3.656
8457,15.07.2011 07:00:00,6.81,6.62,4.56,2.37,0
8458,15.07.2011 08:00:00,6.62,6.56,4.56,2.37,0
8459,15.07.2011 09:00:00,6.5,6.43,4.56,2.37,0
8460,15.07.2011 10:00:00,6.68,6.43,4.56,2.37,0
8461,15.07.2011 11:00:00,7.12,6.37,4.56,2.37,0
8462,15.07.2011 12:00:00,7.62,6.31,4.56,2.37,0,3.671
8463,15.07.2011 13:00:00,8.31,6.25,4.5,2.37,0
8464,15.07.2011 14:00:00,9.06,6.25,4.5,2.37,0
8465,15.07.2011 15:00:00,9.68,6.25,4.5,2.37,0
8466,15.07.2011 16:00:00,10.25,6.25,4.5,2.43,0
8467,15.07.2011 17:00:00,10.68,6.31,4.5,2.43,0
8468,15.07.2011 18:00:00,10.87,6.43,4.5,2.43,0,3.687
8469,15.07.2011 19:00:00,10.81,6.5,4.5,2.43,0
8470,15.07.2011 20:00:00,10.5,6.56,4.5,2.43,0
8471,15.07.2011 21:00:00,10.06,6.68,4.5,2.43,0
8472,15.07.2011 22:00:00,9.62,6.75,4.5,2.43,0
8473,15.07.2011 23:00:00,9.12,6.81,4.5,2.43,0
8474,16.07.2011 00:00:00,8.68,6.87,4.56,2.43,0,3.669
8475,16.07.2011 01:00:00,8.25,6.87,4.56,2.43,0
8476,16.07.2011 02:00:00,7.81,6.87,4.56,2.43,0
8477,16.07.2011 03:00:00,7.43,6.87,4.62,2.43,0
8478,16.07.2011 04:00:00,7.06,6.81,4.62,2.43,0
8479,16.07.2011 05:00:00,6.68,6.81,4.62,2.5,0
8480,16.07.2011 06:00:00,6.37,6.75,4.62,2.5,0,3.646
8481,16.07.2011 07:00:00,6.06,6.68,4.68,2.5,0
8482,16.07.2011 08:00:00,5.81,6.62,4.68,2.5,0
8483,16.07.2011 09:00:00,5.62,6.5,4.68,2.5,0
8484,16.07.2011 10:00:00,5.68,6.43,4.68,2.5,0
8485,16.07.2011 11:00:00,6.18,6.31,4.68,2.5,0
8486,16.07.2011 12:00:00,6.93,6.25,4.68,2.5,0,3.662
8487,16.07.2011 13:00:00,7.87,6.18,4.68,2.5,0
8488,16.07.2011 14:00:00,8.87,6.18,4.62,2.5,0
8489,16.07.2011 15:00:00,9.75,6.18,4.62,2.56,0
8490,16.07.2011 16:00:00,10.31,6.18,4.62,2.5,0.06
8491,16.07.2011 17:00:00,10.81,6.25,4.62,2.56,0
8492,16.07.2011 18:00:00,11.12,6.31,4.56,2.56,0,3.690
8493,16.07.2011 19:00:00,11.25,6.43,4.62,2.56,0
8494,16.07.2011 20:00:00,11.06,6.56,4.56,2.56,0.06
8495,16.07.2011 21:00:00,10.75,6.62,4.56,2.56,0
8496,16.07.2011 22:00:00,10.31,6.75,4.62,2.56,0
8497,16.07.2011 23:00:00,9.87,6.87,4.56,2.56,0
8498,17.07.2011 00:00:00,9.37,6.93,4.62,2.56,0,3.669
8499,17.07.2011 01:00:00,8.93,7,4.62,2.56,0
8500,17.07.2011 02:00:00,8.5,7,4.68,2.56,0
8501,17.07.2011 03:00:00,8.06,7,4.68,2.56,0
8502,17.07.2011 04:00:00,7.62,7,4.68,2.56,0
8503,17.07.2011 05:00:00,7.25,6.93,4.68,2.62,0
8504,17.07.2011 06:00:00,6.87,6.93,4.75,2.56,0.06,3.651
8505,17.07.2011 07:00:00,6.5,6.87,4.75,2.56,0.06
8506,17.07.2011 08:00:00,6.18,6.81,4.75,2.56,0
8507,17.07.2011 09:00:00,6.06,6.68,4.81,2.62,0
8508,17.07.2011 10:00:00,6.25,6.62,4.81,2.62,0
8509,17.07.2011 11:00:00,6.81,6.56,4.75,2.62,0
8510,17.07.2011 12:00:00,7.5,6.5,4.75,2.62,0.06,3.673
8511,17.07.2011 13:00:00,8.18,6.37,4.75,2.62,0.06
8512,17.07.2011 14:00:00,8.68,6.37,4.75,2.62,0.06
8513,17.07.2011 15:00:00,8.93,6.37,4.75,2.62,0.06
8514,17.07.2011 16:00:00,9.06,6.37,4.75,2.62,0.06
8515,17.07.2011 17:00:00,9.06,6.43,4.75,2.68,0.06
8516,17.07.2011 18:00:00,9,6.43,4.75,2.62,0.06,3.676
8517,17.07.2011 19:00:00,8.93,6.5,4.68,2.68,0.06
8518,17.07.2011 20:00:00,8.87,6.56,4.68,2.68,0.12
8519,17.07.2011 21:00:00,8.75,6.56,4.68,2.68,0.12
8520,17.07.2011 22:00:00,8.5,6.56,4.68,2.68,0.12
8521,17.07.2011 23:00:00,8.18,6.62,4.68,2.68,0.12
8522,18.07.2011 00:00:00,7.81,6.62,4.68,2.68,0.12,3.662
8523,18.07.2011 01:00:00,7.5,6.62,4.68,2.68,0.12
8524,18.07.2011 02:00:00,7.12,6.62,4.68,2.68,0.12
8525,18.07.2011 03:00:00,6.81,6.56,4.75,2.68,0.18
8526,18.07.2011 04:00:00,6.5,6.56,4.75,2.68,0.18
8527,18.07.2011 05:00:00,6.25,6.5,4.75,2.68,0.18
8528,18.07.2011 06:00:00,6,6.43,4.75,2.68,0.18,3.647
8529,18.07.2011 07:00:00,5.75,6.37,4.75,2.68,0.18
8530,18.07.2011 08:00:00,5.56,6.31,4.75,2.68,0.18
8531,18.07.2011 09:00:00,5.5,6.25,4.68,2.68,0.18
8532,18.07.2011 10:00:00,5.68,6.18,4.68,2.68,0.18
8533,18.07.2011 11:00:00,6.18,6.06,4.68,2.68,0.25
8534,18.07.2011 12:00:00,6.93,6,4.68,2.68,0.25,3.664
8535,18.07.2011 13:00:00,7.43,5.93,4.68,2.68,0.25
8536,18.07.2011 14:00:00,8.06,5.93,4.68,2.68,0.25
8537,18.07.2011 15:00:00,8.81,5.93,4.62,2.68,0.25
8538,18.07.2011 16:00:00,9.37,5.93,4.62,2.68,0.25
8539,18.07.2011 17:00:00,9.5,6,4.62,2.68,0.25
8540,18.07.2011 18:00:00,9.43,6.06,4.62,2.75,0.25,3.675
8541,18.07.2011 19:00:00,9.43,6.12,4.62,2.68,0.25
8542,18.07.2011 20:00:00,9.31,6.18,4.56,2.75,0.25
8543,18.07.2011 21:00:00,9.12,6.25,4.56,2.68,0.25
8544,18.07.2011 22:00:00,8.87,6.31,4.56,2.68,0.31
8545,18.07.2011 23:00:00,8.62,6.37,4.56,2.68,0.31
8546,19.07.2011 00:00:00,8.31,6.43,4.56,2.68,0.25,3.670
8547,19.07.2011 01:00:00,8.06,6.43,4.56,2.68,0.31
8548,19.07.2011 02:00:00,7.81,6.43,4.62,2.75,0.31
8549,19.07.2011 03:00:00,7.62,6.43,4.62,2.75,0.31
8550,19.07.2011 04:00:00,7.37,6.43,4.62,2.68,0.31
8551,19.07.2011 05:00:00,7.12,6.43,4.62,2.68,0.31
8552,19.07.2011 06:00:00,6.93,6.43,4.62,2.75,0.31,3.656
8553,19.07.2011 07:00:00,6.75,6.37,4.62,2.75,0.31
8554,19.07.2011 08:00:00,6.62,6.31,4.62,2.75,0.31
8555,19.07.2011 09:00:00,6.5,6.31,4.62,2.75,0.31
8556,19.07.2011 10:00:00,6.5,6.25,4.62,2.75,0.31
8557,19.07.2011 11:00:00,6.43,6.18,4.62,2.68,0.31
8558,19.07.2011 12:00:00,6.31,6.18,4.62,2.75,0.31,3.657
8559,19.07.2011 13:00:00,6.37,6.12,4.62,2.75,0.31
8560,19.07.2011 14:00:00,6.43,6.06,4.62,2.75,0.31
8561,19.07.2011 15:00:00,6.43,6.06,4.62,2.75,0.37
8562,19.07.2011 16:00:00,6.5,6,4.62,2.75,0.37
8563,19.07.2011 17:00:00,6.56,5.93,4.62,2.75,0.37
8564,19.07.2011 18:00:00,6.68,5.93,4.56,2.75,0.37,3.664
8565,19.07.2011 19:00:00,6.81,5.87,4.56,2.75,0.37
8566,19.07.2011 20:00:00,6.87,5.87,4.56,2.75,0.37
8567,19.07.2011 21:00:00,6.87,5.87,4.56,2.75,0.37
8568,19.07.2011 22:00:00,6.75,5.87,4.5,2.75,0.37
8569,19.07.2011 23:00:00,6.5,5.87,4.5,2.75,0.37
8570,20.07.2011 00:00:00,6.18,5.81,4.5,2.75,0.37,3.650
8571,20.07.2011 01:00:00,5.87,5.81,4.5,2.75,0.37
8572,20.07.2011 02:00:00,5.56,5.81,4.5,2.75,0.43
8573,20.07.2011 03:00:00,5.31,5.81,4.5,2.75,0.37
8574,20.07.2011 04:00:00,5.06,5.75,4.5,2.75,0.43
8575,20.07.2011 05:00:00,4.81,5.68,4.5,2.75,0.37
8576,20.07.2011 06:00:00,4.62,5.62,4.43,2.75,0.43,3.645
8577,20.07.2011 07:00:00,4.37,5.56,4.43,2.75,0.43
8578,20.07.2011 08:00:00,4.18,5.5,4.43,2.75,0.43
8579,20.07.2011 09:00:00,4.06,5.43,4.43,2.75,0.43
8580,20.07.2011 10:00:00,4.12,5.31,4.43,2.75,0.43
8581,20.07.2011 11:00:00,4.5,5.25,4.37,2.75,0.43
8582,20.07.2011 12:00:00,5.12,5.18,4.37,2.75,0.43,3.651
8583,20.07.2011 13:00:00,5.87,5.12,4.37,2.75,0.43
8584,20.07.2011 14:00:00,6.62,5.12,4.37,2.75,0.43
8585,20.07.2011 15:00:00,7.12,5.06,4.31,2.75,0.43
8586,20.07.2011 16:00:00,7.62,5.12,4.31,2.75,0.43
8587,20.07.2011 17:00:00,8,5.18,4.25,2.68,0.5
8588,20.07.2011 18:00:00,8.31,5.25,4.25,2.75,0.5,3.678
8589,20.07.2011 19:00:00,8.43,5.31,4.25,2.68,0.5
8590,20.07.2011 20:00:00,8.37,5.37,4.18,2.68,0.43
8591,20.07.2011 21:00:00,8.12,5.43,4.18,2.68,0.5
8592,20.07.2011 22:00:00,7.81,5.56,4.18,2.68,0.43
8593,20.07.2011 23:00:00,7.43,5.62,4.18,2.68,0.43
8594,21.07.2011 00:00:00,7.06,5.68,4.18,2.68,0.5,3.656
8595,21.07.2011 01:00:00,6.75,5.75,4.18,2.68,0.5
8596,21.07.2011 02:00:00,6.43,5.75,4.18,2.68,0.5
8597,21.07.2011 03:00:00,6.12,5.75,4.25,2.68,0.5
8598,21.07.2011 04:00:00,5.81,5.75,4.25,2.62,0.5
8599,21.07.2011 05:00:00,5.5,5.68,4.25,2.68,0.5
8600,21.07.2011 06:00:00,5.25,5.68,4.25,2.68,0.5,3.642
8601,21.07.2011 07:00:00,5,5.62,4.25,2.68,0.5
8602,21.07.2011 08:00:00,4.81,5.56,4.25,2.68,0.5
8603,21.07.2011 09:00:00,4.62,5.56,4.25,2.68,0.5
8604,21.07.2011 10:00:00,4.68,5.43,4.25,2.68,0.5
8605,21.07.2011 11:00:00,5.06,5.37,4.25,2.68,0.5
8606,21.07.2011 12:00:00,5.62,5.31,4.25,2.68,0.5,3.653
8607,21.07.2011 13:00:00,6.25,5.25,4.25,2.62,0.5
8608,21.07.2011 14:00:00,6.93,5.25,4.25,2.68,0.56
8609,21.07.2011 15:00:00,7.68,5.25,4.18,2.62,0.56
8610,21.07.2011 16:00:00,8.31,5.25,4.18,2.68,0.56
8611,21.07.2011 17:00:00,8.81,5.31,4.18,2.62,0.56
8612,21.07.2011 18:00:00,9.18,5.37,4.18,2.62,0.56,3.683
8613,21.07.2011 19:00:00,9.31,5.5,4.18,2.62,0.56
8614,21.07.2011 20:00:00,9.25,5.56,4.18,2.68,0.56
8615,21.07.2011 21:00:00,9.06,5.68,4.18,2.62,0.56
8616,21.07.2011 22:00:00,8.75,5.81,4.18,2.68,0.56
8617,21.07.2011 23:00:00,8.31,5.87,4.18,2.62,0.56
8618,22.07.2011 00:00:00,7.93,5.93,4.18,2.62,0.56,3.666
8619,22.07.2011 01:00:00,7.5,6,4.18,2.62,0.56
8620,22.07.2011 02:00:00,7.12,6.06,4.25,2.62,0.56
8621,22.07.2011 03:00:00,6.68,6.06,4.25,2.62,0.56
8622,22.07.2011 04:00:00,6.37,6.06,4.31,2.62,0.56
8623,22.07.2011 05:00:00,6,6,4.31,2.62,0.56
8624,22.07.2011 06:00:00,5.68,6,4.31,2.62,0.56,3.649
8625,22.07.2011 07:00:00,5.37,5.93,4.37,2.62,0.56
8626,22.07.2011 08:00:00,5.18,5.87,4.37,2.62,0.56
8627,22.07.2011 09:00:00,5,5.81,4.31,2.62,0.56
8628,22.07.2011 10:00:00,5.12,5.81,4.37,2.68,0.56
8629,22.07.2011 11:00:00,5.68,5.68,4.37,2.62,0.56
8630,22.07.2011 12:00:00,6.43,5.62,4.37,2.68,0.56,3.661
8631,22.07.2011 13:00:00,7.12,5.56,4.31,2.62,0.62
8632,22.07.2011 14:00:00,7.75,5.56,4.37,2.68,0.56
8633,22.07.2011 15:00:00,8.12,5.56,4.31,2.68,0.62
8634,22.07.2011 16:00:00,8.5,5.56,4.31,2.68,0.62
8635,22.07.2011 17:00:00,8.81,5.62,4.31,2.68,0.62
8636,22.07.2011 18:00:00,8.68,5.68,4.31,2.68,0.62,3.676
8637,22.07.2011 19:00:00,8.43,5.75,4.31,2.68,0.62
8638,22.07.2011 20:00:00,8.18,5.81,4.31,2.68,0.62
8639,22.07.2011 21:00:00,8,5.87,4.31,2.68,0.62
8640,22.07.2011 22:00:00,7.75,5.93,4.31,2.68,0.62
8641,22.07.2011 23:00:00,7.5,6,4.31,2.68,0.62
8642,23.07.2011 00:00:00,7.18,6,4.31,2.68,0.62,3.660
8643,23.07.2011 01:00:00,6.87,6,4.37,2.68,0.62
8644,23.07.2011 02:00:00,6.56,6,4.37,2.68,0.62
8645,23.07.2011 03:00:00,6.25,6,4.37,2.68,0.62
8646,23.07.2011 04:00:00,5.93,5.93,4.37,2.68,0.62
8647,23.07.2011 05:00:00,5.68,5.93,4.37,2.68,0.68
8648,23.07.2011 06:00:00,5.43,5.87,4.37,2.68,0.62,3.648
8649,23.07.2011 07:00:00,5.25,5.81,4.37,2.68,0.62
8650,23.07.2011 08:00:00,5.12,5.75,4.37,2.68,0.68
8651,23.07.2011 09:00:00,5.12,5.75,4.37,2.75,0.62
8652,23.07.2011 10:00:00,5.37,5.62,4.37,2.75,0.62
8653,23.07.2011 11:00:00,6,5.56,4.37,2.75,0.68
8654,23.07.2011 12:00:00,6.81,5.56,4.37,2.75,0.68,3.667
8655,23.07.2011 13:00:00,7.37,5.5,4.37,2.75,0.68
8656,23.07.2011 14:00:00,7.81,5.5,4.37,2.75,0.68
8657,23.07.2011 15:00:00,8.31,5.5,4.37,2.75,0.68
8658,23.07.2011 16:00:00,8.56,5.56,4.31,2.75,0.68
8659,23.07.2011 17:00:00,8.87,5.62,4.31,2.75,0.68
8660,23.07.2011 18:00:00,9.06,5.68,4.31,2.75,0.68,3.679
8661,23.07.2011 19:00:00,9.18,5.75,4.31,2.75,0.68
8662,23.07.2011 20:00:00,9.18,5.81,4.31,2.75,0.68
8663,23.07.2011 21:00:00,9.06,5.93,4.31,2.75,0.75
8664,23.07.2011 22:00:00,8.75,6,4.31,2.75,0.68
8665,23.07.2011 23:00:00,8.43,6.06,4.31,2.75,0.68
8666,24.07.2011 00:00:00,8,6.12,4.37,2.75,0.68,3.661
8667,24.07.2011 01:00:00,7.62,6.18,4.37,2.75,0.68
8668,24.07.2011 02:00:00,7.25,6.18,4.37,2.75,0.68
8669,24.07.2011 03:00:00,6.87,6.18,4.37,2.75,0.68
8670,24.07.2011 04:00:00,6.56,6.18,4.37,2.75,0.75
8671,24.07.2011 05:00:00,6.18,6.18,4.43,2.75,0.75
8672,24.07.2011 06:00:00,5.87,6.12,4.43,2.75,0.68,3.646
8673,24.07.2011 07:00:00,5.62,6.06,4.43,2.75,0.75
8674,24.07.2011 08:00:00,5.37,6,4.43,2.81,0.75
8675,24.07.2011 09:00:00,5.25,5.93,4.43,2.81,0.75
8676,24.07.2011 10:00:00,5.5,5.87,4.43,2.75,0.75
8677,24.07.2011 11:00:00,6.12,5.81,4.5,2.81,0.75
8678,24.07.2011 12:00:00,6.93,5.75,4.43,2.75,0.75,3.667
8679,24.07.2011 13:00:00,7.87,5.75,4.5,2.75,0.75
8680,24.07.2011 14:00:00,8.87,5.68,4.43,2.81,0.75
8681,24.07.2011 15:00:00,9.5,5.75,4.43,2.81,0.75
8682,24.07.2011 16:00:00,9.93,5.75,4.43,2.81,0.75
8683,24.07.2011 17:00:00,10.37,5.87,4.43,2.81,0.75
8684,24.07.2011 18:00:00,10.68,6,4.43,2.81,0.75,3.684
8685,24.07.2011 19:00:00,10.75,6.06,4.43,2.81,0.81
8686,24.07.2011 20:00:00,10.56,6.18,4.43,2.81,0.75
8687,24.07.2011 21:00:00,10.31,6.31,4.43,2.81,0.81
8688,24.07.2011 22:00:00,9.93,6.43,4.43,2.81,0.81
8689,24.07.2011 23:00:00,9.56,6.5,4.5,2.81,0.81
8690,25.07.2011 00:00:00,9.12,6.56,4.5,2.81,0.81,3.669
8691,25.07.2011 01:00:00,8.75,6.62,4.5,2.81,0.81
8692,25.07.2011 02:00:00,8.31,6.68,4.56,2.81,0.81
8693,25.07.2011 03:00:00,7.93,6.68,4.56,2.81,0.81
8694,25.07.2011 04:00:00,7.56,6.68,4.62,2.81,0.81
8695,25.07.2011 05:00:00,7.25,6.68,4.62,2.87,0.81
8696,25.07.2011 06:00:00,6.87,6.62,4.62,2.87,0.81,3.659
8697,25.07.2011 07:00:00,6.62,6.62,4.68,2.87,0.81
8698,25.07.2011 08:00:00,6.37,6.56,4.68,2.87,0.81
8699,25.07.2011 09:00:00,6.37,6.5,4.68,2.87,0.81
8700,25.07.2011 10:00:00,6.62,6.43,4.68,2.87,0.81
8701,25.07.2011 11:00:00,7.12,6.37,4.68,2.87,0.81
8702,25.07.2011 12:00:00,7.81,6.31,4.75,2.87,0.87,3.673
8703,25.07.2011 13:00:00,8.43,6.25,4.75,2.87,0.87
8704,25.07.2011 14:00:00,9.12,6.25,4.68,2.87,0.87
8705,25.07.2011 15:00:00,9.87,6.25,4.68,2.87,0.87
8706,25.07.2011 16:00:00,10.43,6.31,4.75,2.93,0.87
8707,25.07.2011 17:00:00,10.93,6.37,4.68,2.93,0.87
8708,25.07.2011 18:00:00,11.18,6.43,4.75,2.93,0.87,3.687
8709,25.07.2011 19:00:00,11.31,6.56,4.68,2.93,0.87
8710,25.07.2011 20:00:00,11.25,6.62,4.68,2.93,0.87
8711,25.07.2011 21:00:00,11,6.75,4.75,2.93,0.87
8712,25.07.2011 22:00:00,10.56,6.87,4.75,2.93,0.87
8713,25.07.2011 23:00:00,10.12,6.93,4.75,2.93,0.87
8714,26.07.2011 00:00:00,9.62,7,4.81,2.93,0.87,3.672
8715,26.07.2011 01:00:00,9.12,7.06,4.81,3,0.87
8716,26.07.2011 02:00:00,8.68,7.12,4.81,3,0.93
8717,26.07.2011 03:00:00,8.18,7.06,4.81,3,0.93
8718,26.07.2011 04:00:00,7.81,7.06,4.87,3,0.93
8719,26.07.2011 05:00:00,7.37,7.06,4.87,3,0.93
8720,26.07.2011 06:00:00,7,7,4.93,3,0.93,3.654
8721,26.07.2011 07:00:00,6.62,6.93,4.93,3,0.93
8722,26.07.2011 08:00:00,6.31,6.87,4.93,3,0.93
8723,26.07.2011 09:00:00,6.18,6.81,4.93,3,0.93
8724,26.07.2011 10:00:00,6.31,6.68,5,3.06,0.93
8725,26.07.2011 11:00:00,6.68,6.62,5,3.06,0.93
8726,26.07.2011 12:00:00,7.31,6.56,4.93,3.06,0.93,3.667
8727,26.07.2011 13:00:00,8.12,6.5,4.93,3.06,0.93
8728,26.07.2011 14:00:00,9,6.43,5,3.06,0.93
8729,26.07.2011 15:00:00,9.87,6.43,4.93,3.06,1
8730,26.07.2011 16:00:00,10.5,6.43,4.93,3.12,1
8731,26.07.2011 17:00:00,10.93,6.5,4.93,3.06,0.93
8732,26.07.2011 18:00:00,11.12,6.56,4.93,3.06,1,3.690
8733,26.07.2011 19:00:00,11,6.68,4.93,3.06,1
8734,26.07.2011 20:00:00,10.75,6.75,4.93,3.12,1
8735,26.07.2011 21:00:00,10.43,6.87,4.93,3.12,1
8736,26.07.2011 22:00:00,10,6.93,4.93,3.12,1
8737,26.07.2011 23:00:00,9.5,7,4.93,3.12,1
8738,27.07.2011 00:00:00,9.06,7.06,4.93,3.12,1,3.669
8739,27.07.2011 01:00:00,8.62,7.06,5,3.12,1
8740,27.07.2011 02:00:00,8.18,7.06,5,3.12,1
8741,27.07.2011 03:00:00,7.81,7.06,5,3.12,1
8742,27.07.2011 04:00:00,7.43,7.06,5,3.12,1.06
8743,27.07.2011 05:00:00,7.12,7,5,3.12,1.06
8744,27.07.2011 06:00:00,6.81,7,5.06,3.12,1.06,3.658
8745,27.07.2011 07:00:00,6.5,6.93,5.06,3.18,1.06
8746,27.07.2011 08:00:00,6.25,6.81,5.06,3.12,1.06
8747,27.07.2011 09:00:00,6.12,6.75,5.06,3.18,1.06
8748,27.07.2011 10:00:00,6.25,6.68,5.06,3.18,1.06
8749,27.07.2011 11:00:00,6.75,6.62,5.06,3.18,1.06
8750,27.07.2011 12:00:00,7.56,6.5,5.06,3.18,1.06,3.673
8751,27.07.2011 13:00:00,8.5,6.5,5.06,3.18,1.06
8752,27.07.2011 14:00:00,9.5,6.43,5.06,3.18,1.06
8753,27.07.2011 15:00:00,10.37,6.5,5.06,3.18,1.06
8754,27.07.2011 16:00:00,11.06,6.5,5.06,3.25,1.06
8755,27.07.2011 17:00:00,11.5,6.56,5.06,3.25,1.12
8756,27.07.2011 18:00:00,11.68,6.68,5,3.25,1.12,3.689
8757,27.07.2011 19:00:00,11.68,6.75,5,3.25,1.12
8758,27.07.2011 20:00:00,11.5,6.87,5,3.25,1.12
8759,27.07.2011 21:00:00,11.18,7,5,3.25,1.12
8760,27.07.2011 22:00:00,10.62,7.12,5.06,3.25,1.12
8761,27.07.2011 23:00:00,10.12,7.18,5,3.25,1.12
8762,28.07.2011 00:00:00,9.62,7.25,5.06,3.25,1.12,3.678
8763,28.07.2011 01:00:00,9.12,7.31,5.06,3.25,1.12
8764,28.07.2011 02:00:00,8.62,7.31,5.12,3.25,1.12
8765,28.07.2011 03:00:00,8.12,7.31,5.12,3.25,1.12
8766,28.07.2011 04:00:00,7.62,7.31,5.12,3.25,1.18
8767,28.07.2011 05:00:00,7.25,7.25,5.18,3.31,1.18
8768,28.07.2011 06:00:00,6.81,7.18,5.18,3.25,1.18,3.652
8769,28.07.2011 07:00:00,6.43,7.12,5.18,3.31,1.18
8770,28.07.2011 08:00:00,6.06,7.06,5.18,3.31,1.12
8771,28.07.2011 09:00:00,5.87,6.93,5.25,3.31,1.18
8772,28.07.2011 10:00:00,6,6.87,5.25,3.31,1.18
8773,28.07.2011 11:00:00,6.5,6.81,5.25,3.31,1.18
8774,28.07.2011 12:00:00,7.31,6.68,5.18,3.31,1.18,3.673
8775,28.07.2011 13:00:00,8.31,6.62,5.25,3.31,1.18
8776,28.07.2011 14:00:00,9.31,6.56,5.18,3.31,1.18
8777,28.07.2011 15:00:00,10.25,6.56,5.18,3.37,1.18
8778,28.07.2011 16:00:00,11.12,6.62,5.18,3.31,1.25
8779,28.07.2011 17:00:00,11.75,6.68,5.18,3.37,1.25
8780,28.07.2011 18:00:00,12.18,6.75,5.18,3.37,1.25,3.692
8781,28.07.2011 19:00:00,12.25,6.87,5.18,3.37,1.25
8782,28.07.2011 20:00:00,12.06,7,5.18,3.37,1.25
8783,28.07.2011 21:00:00,11.68,7.12,5.18,3.37,1.25
8784,28.07.2011 22:00:00,11.18,7.25,5.18,3.37,1.25
8785,28.07.2011 23:00:00,10.62,7.31,5.18,3.37,1.25
8786,29.07.2011 00:00:00,10.12,7.43,5.18,3.37,1.25,3.674
8787,29.07.2011 01:00:00,9.68,7.5,5.18,3.37,1.25
8788,29.07.2011 02:00:00,9.18,7.5,5.25,3.43,1.25
8789,29.07.2011 03:00:00,8.75,7.5,5.25,3.43,1.25
8790,29.07.2011 04:00:00,8.31,7.5,5.25,3.43,1.25
8791,29.07.2011 05:00:00,7.93,7.5,5.31,3.37,1.31
8792,29.07.2011 06:00:00,7.56,7.43,5.37,3.43,1.31,3.657
8793,29.07.2011 07:00:00,7.18,7.37,5.37,3.43,1.31
8794,29.07.2011 08:00:00,6.87,7.31,5.37,3.43,1.31
8795,29.07.2011 09:00:00,6.75,7.25,5.37,3.43,1.31
8796,29.07.2011 10:00:00,6.93,7.18,5.37,3.43,1.31
8797,29.07.2011 11:00:00,7.43,7.12,5.37,3.43,1.31
8798,29.07.2011 12:00:00,8.18,7,5.37,3.43,1.31,3.676
8799,29.07.2011 13:00:00,8.62,6.93,5.37,3.43,1.31
8800,29.07.2011 14:00:00,8.62,6.93,5.37,3.43,1.37
8801,29.07.2011 15:00:00,8.75,6.87,5.37,3.5,1.31
8802,29.07.2011 16:00:00,9.18,6.87,5.37,3.5,1.37
8803,29.07.2011 17:00:00,9.62,6.93,5.37,3.5,1.31
8804,29.07.2011 18:00:00,9.93,6.93,5.37,3.5,1.37,3.684
8805,29.07.2011 19:00:00,9.93,7,5.37,3.5,1.37
8806,29.07.2011 20:00:00,9.75,7,5.31,3.5,1.37
8807,29.07.2011 21:00:00,9.43,7.06,5.31,3.5,1.37
8808,29.07.2011 22:00:00,9,7.06,5.31,3.5,1.37
8809,29.07.2011 23:00:00,8.62,7.12,5.37,3.5,1.37
8810,30.07.2011 00:00:00,8.31,7.12,5.31,3.56,1.37,3.669
8811,30.07.2011 01:00:00,7.93,7.18,5.37,3.5,1.37
8812,30.07.2011 02:00:00,7.62,7.12,5.37,3.5,1.37
8813,30.07.2011 03:00:00,7.31,7.12,5.37,3.56,1.37
8814,30.07.2011 04:00:00,7.06,7.06,5.37,3.56,1.43
8815,30.07.2011 05:00:00,6.87,7,5.37,3.56,1.43
8816,30.07.2011 06:00:00,6.68,7,5.37,3.56,1.43,3.654
8817,30.07.2011 07:00:00,6.56,6.93,5.37,3.56,1.43
8818,30.07.2011 08:00:00,6.43,6.87,5.37,3.56,1.43
8819,30.07.2011 09:00:00,6.37,6.81,5.37,3.56,1.43
8820,30.07.2011 10:00:00,6.43,6.75,5.37,3.56,1.43
8821,30.07.2011 11:00:00,6.68,6.68,5.37,3.56,1.43
8822,30.07.2011 12:00:00,6.93,6.62,5.37,3.56,1.43,3.665
8823,30.07.2011 13:00:00,7.37,6.56,5.31,3.56,1.5
8824,30.07.2011 14:00:00,8,6.56,5.31,3.56,1.5
8825,30.07.2011 15:00:00,8.75,6.56,5.31,3.56,1.5
8826,30.07.2011 16:00:00,9.06,6.5,5.31,3.56,1.5
8827,30.07.2011 17:00:00,9,6.56,5.31,3.56,1.5
8828,30.07.2011 18:00:00,9,6.62,5.25,3.56,1.5,3.675
8829,30.07.2011 19:00:00,8.87,6.62,5.25,3.62,1.5
8830,30.07.2011 20:00:00,8.62,6.68,5.31,3.62,1.5
8831,30.07.2011 21:00:00,8.37,6.68,5.25,3.62,1.5
8832,30.07.2011 22:00:00,8.06,6.75,5.25,3.62,1.5
8833,30.07.2011 23:00:00,7.81,6.81,5.25,3.56,1.5
8834,31.07.2011 00:00:00,7.5,6.81,5.25,3.62,1.5,3.665
8835,31.07.2011 01:00:00,7.25,6.81,5.25,3.56,1.5
8836,31.07.2011 02:00:00,6.87,6.75,5.25,3.62,1.5
8837,31.07.2011 03:00:00,6.56,6.75,5.25,3.62,1.5
8838,31.07.2011 04:00:00,6.25,6.68,5.25,3.56,1.56
8839,31.07.2011 05:00:00,6,6.68,5.25,3.62,1.56
8840,31.07.2011 06:00:00,5.75,6.62,5.25,3.62,1.56,3.649
8841,31.07.2011 07:00:00,5.56,6.56,5.25,3.62,1.56
8842,31.07.2011 08:00:00,5.43,6.5,5.25,3.62,1.56
8843,31.07.2011 09:00:00,5.43,6.43,5.25,3.62,1.56
8844,31.07.2011 10:00:00,5.43,6.37,5.25,3.62,1.56
8845,31.07.2011 11:00:00,5.56,6.25,5.25,3.62,1.56
8846,31.07.2011 12:00:00,5.75,6.18,5.25,3.62,1.56,3.655
8847,31.07.2011 13:00:00,6,6.18,5.18,3.62,1.56
8848,31.07.2011 14:00:00,6.25,6.12,5.18,3.62,1.62
8849,31.07.2011 15:00:00,6.5,6.06,5.18,3.62,1.56
8850,31.07.2011 16:00:00,6.75,6.06,5.18,3.62,1.62
8851,31.07.2011 17:00:00,7.06,6.06,5.18,3.62,1.62
8852,31.07.2011 18:00:00,7.18,6.06,5.18,3.62,1.62,3.661
8853,31.07.2011 19:00:00,7.18,6.06,5.12,3.62,1.62
8854,31.07.2011 20:00:00,7.18,6.06,5.12,3.62,1.62
8855,31.07.2011 21:00:00,7.06,6.06,5.06,3.62,1.62
8856,31.07.2011 22:00:00,6.87,6.06,5.06,3.62,1.62
8857,31.07.2011 23:00:00,6.62,6.12,5.06,3.62,1.68
8858,01.08.2011 00:00:00,6.37,6.12,5.06,3.62,1.62,3.652
8859,01.08.2011 01:00:00,6.06,6.12,5.06,3.62,1.62
8860,01.08.2011 02:00:00,5.81,6.06,5.06,3.62,1.62
8861,01.08.2011 03:00:00,5.5,6.06,5.06,3.62,1.68
8862,01.08.2011 04:00:00,5.25,6,5,3.62,1.68
8863,01.08.2011 05:00:00,5,6,5,3.62,1.68
8864,01.08.2011 06:00:00,4.81,5.93,5,3.56,1.68,3.641
8865,01.08.2011 07:00:00,4.62,5.87,5,3.62,1.68
8866,01.08.2011 08:00:00,4.43,5.81,5,3.62,1.68
8867,01.08.2011 09:00:00,4.31,5.75,5,3.62,1.68
8868,01.08.2011 10:00:00,4.37,5.68,5,3.62,1.68
8869,01.08.2011 11:00:00,4.87,5.62,4.93,3.62,1.68
8870,01.08.2011 12:00:00,5.62,5.56,4.93,3.56,1.68,3.654
8871,01.08.2011 13:00:00,6.56,5.5,4.93,3.62,1.68
8872,01.08.2011 14:00:00,7.5,5.5,4.93,3.62,1.68
8873,01.08.2011 15:00:00,8.12,5.5,4.87,3.56,1.68
8874,01.08.2011 16:00:00,8.62,5.5,4.87,3.56,1.75
8875,01.08.2011 17:00:00,9.06,5.56,4.87,3.56,1.75
8876,01.08.2011 18:00:00,9.18,5.68,4.81,3.56,1.68,3.674
8877,01.08.2011 19:00:00,9.06,5.75,4.81,3.56,1.75
8878,01.08.2011 20:00:00,8.87,5.87,4.81,3.56,1.75
8879,01.08.2011 21:00:00,8.62,6,4.81,3.56,1.75
8880,01.08.2011 22:00:00,8.31,6.06,4.75,3.56,1.68
8881,01.08.2011 23:00:00,7.93,6.18,4.81,3.56,1.75
8882,02.08.2011 00:00:00,7.56,6.25,4.81,3.56,1.68,3.666
8883,02.08.2011 01:00:00,7.18,6.25,4.81,3.5,1.75
8884,02.08.2011 02:00:00,6.87,6.31,4.81,3.5,1.75
8885,02.08.2011 03:00:00,6.56,6.31,4.87,3.56,1.75
8886,02.08.2011 04:00:00,6.25,6.25,4.87,3.5,1.75
8887,02.08.2011 05:00:00,6.06,6.25,4.87,3.56,1.75
8888,02.08.2011 06:00:00,5.81,6.25,4.87,3.56,1.75,3.651
8889,02.08.2011 07:00:00,5.62,6.18,4.87,3.5,1.75
8890,02.08.2011 08:00:00,5.43,6.12,4.87,3.56,1.75
8891,02.08.2011 09:00:00,5.37,6.06,4.87,3.56,1.75
8892,02.08.2011 10:00:00,5.56,6.06,4.93,3.5,1.75
8893,02.08.2011 11:00:00,6,6,4.93,3.56,1.75
8894,02.08.2011 12:00:00,6.62,5.93,4.93,3.5,1.75,3.661
8895,02.08.2011 13:00:00,7.31,5.87,4.93,3.56,1.75
8896,02.08.2011 14:00:00,7.93,5.87,4.87,3.56,1.81
8897,02.08.2011 15:00:00,8.62,5.87,4.93,3.56,1.75
8898,02.08.2011 16:00:00,9.31,5.93,4.87,3.5,1.75
8899,02.08.2011 17:00:00,9.87,6,4.87,3.56,1.75
8900,02.08.2011 18:00:00,10.25,6.06,4.87,3.56,1.81,3.683
8901,02.08.2011 19:00:00,10.43,6.18,4.87,3.5,1.81
8902,02.08.2011 20:00:00,10.37,6.25,4.87,3.56,1.75
8903,02.08.2011 21:00:00,10.06,6.43,4.87,3.5,1.81
8904,02.08.2011 22:00:00,9.75,6.5,4.93,3.5,1.81
8905,02.08.2011 23:00:00,9.31,6.62,4.93,3.56,1.81
8906,03.08.2011 00:00:00,8.87,6.68,4.93,3.5,1.81,3.668
8907,03.08.2011 01:00:00,8.43,6.75,4.93,3.56,1.81
8908,03.08.2011 02:00:00,8.06,6.81,4.93,3.56,1.81
8909,03.08.2011 03:00:00,7.68,6.81,5,3.56,1.81
8910,03.08.2011 04:00:00,7.31,6.81,5,3.56,1.81
8911,03.08.2011 05:00:00,6.93,6.81,5.06,3.5,1.81
8912,03.08.2011 06:00:00,6.62,6.75,5.06,3.56,1.81,3.652
8913,03.08.2011 07:00:00,6.31,6.75,5.12,3.56,1.81
8914,03.08.2011 08:00:00,6.06,6.68,5.12,3.56,1.81
8915,03.08.2011 09:00:00,5.87,6.62,5.12,3.56,1.81
8916,03.08.2011 10:00:00,6.06,6.56,5.12,3.56,1.81
8917,03.08.2011 11:00:00,6.43,6.5,5.12,3.56,1.81
8918,03.08.2011 12:00:00,7.18,6.43,5.12,3.56,1.81,3.670
8919,03.08.2011 13:00:00,8.06,6.37,5.18,3.56,1.81
8920,03.08.2011 14:00:00,9,6.37,5.12,3.56,1.81
8921,03.08.2011 15:00:00,10,6.37,5.18,3.56,1.81
8922,03.08.2011 16:00:00,10.68,6.43,5.12,3.62,1.87
8923,03.08.2011 17:00:00,11.25,6.5,5.12,3.62,1.81
8924,03.08.2011 18:00:00,11.5,6.62,5.12,3.62,1.87,3.690
8925,03.08.2011 19:00:00,11.56,6.68,5.12,3.62,1.87
8926,03.08.2011 20:00:00,11.37,6.81,5.12,3.62,1.81
8927,03.08.2011 21:00:00,11.06,7,5.18,3.62,1.87
8928,03.08.2011 22:00:00,10.62,7.06,5.18,3.62,1.87
8929,03.08.2011 23:00:00,10.18,7.18,5.18,3.62,1.87
8930,04.08.2011 00:00:00,9.68,7.25,5.18,3.62,1.87,3.679
8931,04.08.2011 01:00:00,9.25,7.31,5.25,3.62,1.87
8932,04.08.2011 02:00:00,8.81,7.37,5.25,3.62,1.87
8933,04.08.2011 03:00:00,8.37,7.37,5.31,3.62,1.87
8934,04.08.2011 04:00:00,8,7.37,5.31,3.62,1.87
8935,04.08.2011 05:00:00,7.62,7.37,5.31,3.68,1.87
8936,04.08.2011 06:00:00,7.25,7.31,5.37,3.68,1.87,3.662
8937,04.08.2011 07:00:00,6.87,7.25,5.37,3.68,1.87
8938,04.08.2011 08:00:00,6.56,7.18,5.43,3.68,1.87
8939,04.08.2011 09:00:00,6.43,7.12,5.43,3.68,1.87
8940,04.08.2011 10:00:00,6.56,7.06,5.43,3.68,1.87
8941,04.08.2011 11:00:00,7.06,7,5.43,3.68,1.87
8942,04.08.2011 12:00:00,7.81,6.87,5.43,3.68,1.87,3.669
8943,04.08.2011 13:00:00,8.75,6.87,5.43,3.68,1.87
8944,04.08.2011 14:00:00,9.68,6.87,5.43,3.75,1.93
8945,04.08.2011 15:00:00,10.62,6.81,5.43,3.75,1.93
8946,04.08.2011 16:00:00,11.37,6.87,5.43,3.75,1.93
8947,04.08.2011 17:00:00,12,6.93,5.43,3.75,1.93
8948,04.08.2011 18:00:00,12.31,7.06,5.43,3.75,1.93,3.698
8949,04.08.2011 19:00:00,12.31,7.12,5.43,3.75,1.93
8950,04.08.2011 20:00:00,12.18,7.31,5.43,3.75,1.93
8951,04.08.2011 21:00:00,11.81,7.43,5.43,3.81,1.93
8952,04.08.2011 22:00:00,11.37,7.5,5.43,3.81,1.93
8953,04.08.2011 23:00:00,10.93,7.62,5.43,3.81,1.93
8954,05.08.2011 00:00:00,10.43,7.68,5.5,3.81,1.93,3.677
8955,05.08.2011 01:00:00,9.93,7.75,5.5,3.81,1.93
8956,05.08.2011 02:00:00,9.5,7.81,5.56,3.81,1.93
8957,05.08.2011 03:00:00,9.06,7.81,5.56,3.81,1.93
8958,05.08.2011 04:00:00,8.62,7.81,5.62,3.81,1.93
8959,05.08.2011 05:00:00,8.18,7.81,5.62,3.81,1.93
8960,05.08.2011 06:00:00,7.81,7.75,5.68,3.81,2,3.662
8961,05.08.2011 07:00:00,7.43,7.68,5.68,3.87,1.93
8962,05.08.2011 08:00:00,7.12,7.62,5.68,3.81,2
8963,05.08.2011 09:00:00,6.93,7.56,5.68,3.87,2
8964,05.08.2011 10:00:00,7.18,7.5,5.75,3.87,2
8965,05.08.2011 11:00:00,7.68,7.37,5.75,3.87,2
8966,05.08.2011 12:00:00,8.5,7.31,5.75,3.87,2,3.673
8967,05.08.2011 13:00:00,9.5,7.25,5.68,3.93,2
8968,05.08.2011 14:00:00,10.43,7.25,5.75,3.93,2
8969,05.08.2011 15:00:00,11.31,7.25,5.75,3.87,2
8970,05.08.2011 16:00:00,12.06,7.25,5.75,3.93,2
8971,05.08.2011 17:00:00,12.56,7.37,5.68,3.93,2
8972,05.08.2011 18:00:00,12.75,7.43,5.68,3.93,2,3.693
8973,05.08.2011 19:00:00,12.81,7.56,5.68,3.93,2.06
8974,05.08.2011 20:00:00,12.62,7.68,5.68,3.93,2
8975,05.08.2011 21:00:00,12.25,7.81,5.75,4,2.06
8976,05.08.2011 22:00:00,11.75,7.93,5.75,4,2.06
8977,05.08.2011 23:00:00,11.31,8,5.75,4,2.06
8978,06.08.2011 00:00:00,10.75,8.06,5.75,4,2.06,3.679
8979,06.08.2011 01:00:00,10.25,8.12,5.81,4,2.06
8980,06.08.2011 02:00:00,9.81,8.18,5.81,4,2.06
8981,06.08.2011 03:00:00,9.37,8.12,5.87,4,2.06
8982,06.08.2011 04:00:00,8.93,8.12,5.87,4,2.06
8983,06.08.2011 05:00:00,8.5,8.06,5.87,4,2.06
8984,06.08.2011 06:00:00,8.06,8.06,5.93,4,2.06,3.666
8985,06.08.2011 07:00:00,7.68,8,5.93,4.06,2.06
8986,06.08.2011 08:00:00,7.31,7.93,5.93,4,2.06
8987,06.08.2011 09:00:00,7.12,7.87,5.93,4.06,2.06
8988,06.08.2011 10:00:00,7.31,7.75,6,4.06,2.12
8989,06.08.2011 11:00:00,7.81,7.68,6,4.06,2.12
8990,06.08.2011 12:00:00,8.68,7.56,6,4.06,2.12,3.679
8991,06.08.2011 13:00:00,9.75,7.56,6,4.06,2.12
8992,06.08.2011 14:00:00,10.87,7.5,5.93,4.12,2.12
8993,06.08.2011 15:00:00,11.81,7.5,6,4.12,2.12
8994,06.08.2011 16:00:00,12.56,7.56,5.93,4.12,2.12
8995,06.08.2011 17:00:00,13.06,7.62,5.93,4.12,2.12
8996,06.08.2011 18:00:00,13.37,7.68,5.93,4.12,2.12,3.700
8997,06.08.2011 19:00:00,13.31,7.81,5.93,4.12,2.12
8998,06.08.2011 20:00:00,13.12,7.93,5.93,4.12,2.12
8999,06.08.2011 21:00:00,12.75,8.12,6,4.12,2.12
9000,06.08.2011 22:00:00,12.25,8.18,6,4.18,2.18
9001,06.08.2011 23:00:00,11.68,8.31,6,4.12,2.18
9002,07.08.2011 00:00:00,11.18,8.37,6,4.18,2.18,3.680
9003,07.08.2011 01:00:00,10.68,8.43,6,4.18,2.18
9004,07.08.2011 02:00:00,10.18,8.43,6.06,4.18,2.18
9005,07.08.2011 03:00:00,9.68,8.43,6.06,4.18,2.18
9006,07.08.2011 04:00:00,9.25,8.43,6.06,4.18,2.18
9007,07.08.2011 05:00:00,8.87,8.43,6.12,4.18,2.18
9008,07.08.2011 06:00:00,8.43,8.37,6.12,4.18,2.18,3.668
9009,07.08.2011 07:00:00,8.06,8.31,6.18,4.18,2.18
9010,07.08.2011 08:00:00,7.75,8.25,6.18,4.25,2.25
9011,07.08.2011 09:00:00,7.62,8.12,6.18,4.25,2.18
9012,07.08.2011 10:00:00,7.75,8.06,6.18,4.25,2.25
9013,07.08.2011 11:00:00,8.12,7.93,6.18,4.25,2.25
9014,07.08.2011 12:00:00,8.62,7.87,6.25,4.25,2.18,3.673
9015,07.08.2011 13:00:00,9.12,7.87,6.18,4.25,2.25
9016,07.08.2011 14:00:00,9.87,7.81,6.18,4.25,2.25
9017,07.08.2011 15:00:00,10.5,7.75,6.18,4.25,2.25
9018,07.08.2011 16:00:00,10.93,7.81,6.18,4.31,2.25
9019,07.08.2011 17:00:00,11.31,7.81,6.18,4.31,2.25
9020,07.08.2011 18:00:00,11.5,7.81,6.18,4.31,2.25,3.693
9021,07.08.2011 19:00:00,11.5,7.93,6.18,4.31,2.25
9022,07.08.2011 20:00:00,11.37,7.93,6.18,4.31,2.25
9023,07.08.2011 21:00:00,11.12,8.06,6.18,4.31,2.25
9024,07.08.2011 22:00:00,10.81,8.12,6.18,4.31,2.31
9025,07.08.2011 23:00:00,10.43,8.12,6.18,4.31,2.31
9026,08.08.2011 00:00:00,10.06,8.18,6.18,4.31,2.31,3.678
9027,08.08.2011 01:00:00,9.75,8.18,6.18,4.37,2.31
9028,08.08.2011 02:00:00,9.43,8.18,6.18,4.37,2.31
9029,08.08.2011 03:00:00,9.06,8.18,6.25,4.37,2.31
9030,08.08.2011 04:00:00,8.75,8.18,6.25,4.37,2.31
9031,08.08.2011 05:00:00,8.43,8.12,6.25,4.37,2.31
9032,08.08.2011 06:00:00,8.25,8.06,6.25,4.37,2.31,3.669
9033,08.08.2011 07:00:00,8,8.06,6.25,4.37,2.31
9034,08.08.2011 08:00:00,7.87,8,6.25,4.37,2.31
9035,08.08.2011 09:00:00,7.68,7.93,6.25,4.37,2.31
9036,08.08.2011 10:00:00,7.56,7.87,6.25,4.37,2.31
9037,08.08.2011 11:00:00,7.43,7.81,6.25,4.43,2.31
9038,08.08.2011 12:00:00,7.62,7.68,6.25,4.37,2.37,3.663
9039,08.08.2011 13:00:00,7.93,7.68,6.25,4.43,2.37
9040,08.08.2011 14:00:00,8.06,7.62,6.25,4.43,2.37
9041,08.08.2011 15:00:00,8.37,7.56,6.25,4.43,2.37
9042,08.08.2011 16:00:00,8.75,7.56,6.18,4.43,2.37
9043,08.08.2011 17:00:00,9.06,7.5,6.25,4.43,2.37
9044,08.08.2011 18:00:00,9.18,7.5,6.18,4.43,2.37,3.675
9045,08.08.2011 19:00:00,9.25,7.5,6.18,4.43,2.37
9046,08.08.2011 20:00:00,9.06,7.5,6.18,4.43,2.37
9047,08.08.2011 21:00:00,8.81,7.5,6.12,4.43,2.37
9048,08.08.2011 22:00:00,8.5,7.56,6.18,4.43,2.37
9049,08.08.2011 23:00:00,8.25,7.56,6.18,4.43,2.43
9050,09.08.2011 00:00:00,8,7.56,6.12,4.43,2.43,3.665
9051,09.08.2011 01:00:00,7.68,7.56,6.12,4.43,2.37
9052,09.08.2011 02:00:00,7.43,7.5,6.12,4.43,2.43
9053,09.08.2011 03:00:00,7.06,7.5,6.12,4.43,2.43
9054,09.08.2011 04:00:00,6.75,7.43,6.12,4.43,2.43
9055,09.08.2011 05:00:00,6.5,7.37,6.12,4.43,2.43
9056,09.08.2011 06:00:00,6.25,7.37,6.12,4.43,2.43,3.651
9057,09.08.2011 07:00:00,6,7.25,6.12,4.43,2.43
9058,09.08.2011 08:00:00,5.75,7.18,6.06,4.5,2.43
9059,09.08.2011 09:00:00,5.62,7.12,6.06,4.5,2.43
9060,09.08.2011 10:00:00,5.68,7.06,6.06,4.43,2.43
9061,09.08.2011 11:00:00,6,7,6.06,4.5,2.43
9062,09.08.2011 12:00:00,6.37,6.87,6.06,4.5,2.5,3.657
9063,09.08.2011 13:00:00,7,6.81,6,4.43,2.5
9064,09.08.2011 14:00:00,7.62,6.75,6,4.5,2.5
9065,09.08.2011 15:00:00,8.31,6.75,6,4.5,2.5
9066,09.08.2011 16:00:00,8.87,6.75,5.93,4.5,2.5
9067,09.08.2011 17:00:00,9.25,6.75,5.93,4.43,2.5
9068,09.08.2011 18:00:00,9.37,6.81,5.93,4.43,2.5,3.682
9069,09.08.2011 19:00:00,9.31,6.87,5.87,4.43,2.5
9070,09.08.2011 20:00:00,9.06,6.93,5.87,4.43,2.5
9071,09.08.2011 21:00:00,8.68,7,5.87,4.5,2.5
9072,09.08.2011 22:00:00,8.31,7.06,5.87,4.43,2.5
9073,09.08.2011 23:00:00,7.93,7.12,5.87,4.43,2.5
9074,10.08.2011 00:00:00,7.62,7.12,5.87,4.43,2.5,3.663
9075,10.08.2011 01:00:00,7.37,7.12,5.87,4.43,2.56
9076,10.08.2011 02:00:00,7.06,7.12,5.87,4.43,2.5
9077,10.08.2011 03:00:00,6.81,7.12,5.87,4.43,2.56
9078,10.08.2011 04:00:00,6.56,7.06,5.87,4.43,2.56
9079,10.08.2011 05:00:00,6.25,7.06,5.87,4.43,2.56
9080,10.08.2011 06:00:00,6,7,5.87,4.43,2.5,3.649
9081,10.08.2011 07:00:00,5.81,6.93,5.87,4.43,2.56
9082,10.08.2011 08:00:00,5.56,6.87,5.87,4.43,2.56
9083,10.08.2011 09:00:00,5.43,6.81,5.81,4.43,2.56
9084,10.08.2011 10:00:00,5.5,6.75,5.87,4.43,2.56
9085,10.08.2011 11:00:00,5.62,6.68,5.81,4.43,2.56
9086,10.08.2011 12:00:00,5.93,6.62,5.81,4.43,2.56,3.655
9087,10.08.2011 13:00:00,6.37,6.56,5.81,4.43,2.56
9088,10.08.2011 14:00:00,6.81,6.5,5.81,4.43,2.56
9089,10.08.2011 15:00:00,7.06,6.5,5.81,4.43,2.56
9090,10.08.2011 16:00:00,7.37,6.43,5.75,4.43,2.56
9091,10.08.2011 17:00:00,7.62,6.43,5.75,4.37,2.56
9092,10.08.2011 18:00:00,7.75,6.5,5.75,4.43,2.56,3.668
9093,10.08.2011 19:00:00,7.81,6.5,5.68,4.37,2.56
9094,10.08.2011 20:00:00,7.68,6.5,5.68,4.43,2.56
9095,10.08.2011 21:00:00,7.5,6.56,5.68,4.43,2.56
9096,10.08.2011 22:00:00,7.25,6.62,5.68,4.43,2.56
9097,10.08.2011 23:00:00,7,6.62,5.68,4.37,2.56
9098,11.08.2011 00:00:00,6.75,6.62,5.62,4.37,2.56,3.656
9099,11.08.2011 01:00:00,6.5,6.62,5.62,4.37,2.56
9100,11.08.2011 02:00:00,6.31,6.62,5.62,4.37,2.56
9101,11.08.2011 03:00:00,6.06,6.62,5.62,4.37,2.56
9102,11.08.2011 04:00:00,5.87,6.56,5.62,4.37,2.56
9103,11.08.2011 05:00:00,5.68,6.56,5.62,4.37,2.62
9104,11.08.2011 06:00:00,5.5,6.5,5.62,4.37,2.56,3.652
9105,11.08.2011 07:00:00,5.37,6.43,5.62,4.37,2.62
9106,11.08.2011 08:00:00,5.18,6.37,5.62,4.37,2.62
9107,11.08.2011 09:00:00,5.06,6.31,5.62,4.37,2.56
9108,11.08.2011 10:00:00,5,6.25,5.56,4.37,2.62
9109,11.08.2011 11:00:00,5.12,6.25,5.62,4.31,2.62
9110,11.08.2011 12:00:00,5.37,6.18,5.56,4.31,2.62,3.651
9111,11.08.2011 13:00:00,5.62,6.12,5.56,4.31,2.62
9112,11.08.2011 14:00:00,5.87,6.06,5.5,4.37,2.62
9113,11.08.2011 15:00:00,6.12,6.06,5.5,4.31,2.62
9114,11.08.2011 16:00:00,6.37,6,5.5,4.31,2.62
9115,11.08.2011 17:00:00,6.62,6,5.5,4.31,2.62
9116,11.08.2011 18:00:00,6.75,6,5.43,4.31,2.62,3.665
9117,11.08.2011 19:00:00,6.68,6.06,5.43,4.31,2.62
9118,11.08.2011 20:00:00,6.43,6.06,5.43,4.31,2.62
9119,11.08.2011 21:00:00,6.25,6.06,5.43,4.31,2.62
9120,11.08.2011 22:00:00,6.06,6.06,5.37,4.31,2.62
9121,11.08.2011 23:00:00,5.87,6.06,5.37,4.31,2.62
9122,12.08.2011 00:00:00,5.68,6.06,5.37,4.31,2.62,3.653
9123,12.08.2011 01:00:00,5.56,6.06,5.37,4.31,2.62
9124,12.08.2011 02:00:00,5.31,6.06,5.37,4.31,2.62
9125,12.08.2011 03:00:00,5.18,6,5.37,4.25,2.62
9126,12.08.2011 04:00:00,5.06,6,5.37,4.25,2.62
9127,12.08.2011 05:00:00,4.87,5.93,5.31,4.25,2.62
9128,12.08.2011 06:00:00,4.75,5.93,5.31,4.25,2.62,3.642
9129,12.08.2011 07:00:00,4.56,5.87,5.37,4.25,2.62
9130,12.08.2011 08:00:00,4.43,5.81,5.31,4.25,2.62
9131,12.08.2011 09:00:00,4.31,5.81,5.31,4.25,2.62
9132,12.08.2011 10:00:00,4.25,5.75,5.25,4.25,2.62
9133,12.08.2011 11:00:00,4.31,5.68,5.25,4.25,2.62
9134,12.08.2011 12:00:00,4.81,5.62,5.25,4.25,2.62,3.653
9135,12.08.2011 13:00:00,5.68,5.56,5.25,4.18,2.62
9136,12.08.2011 14:00:00,6.62,5.56,5.18,4.18,2.62
9137,12.08.2011 15:00:00,7.25,5.5,5.18,4.18,2.62
9138,12.08.2011 16:00:00,7.68,5.56,5.18,4.18,2.62
9139,12.08.2011 17:00:00,8.12,5.56,5.18,4.18,2.62
9140,12.08.2011 18:00:00,8.31,5.62,5.12,4.18,2.62,3.671
9141,12.08.2011 19:00:00,8.31,5.68,5.12,4.18,2.62
9142,12.08.2011 20:00:00,8.12,5.81,5.12,4.18,2.62
9143,12.08.2011 21:00:00,7.81,5.87,5.12,4.18,2.62
9144,12.08.2011 22:00:00,7.43,6,5.12,4.18,2.62
9145,12.08.2011 23:00:00,7.06,6.06,5.12,4.18,2.62
9146,13.08.2011 00:00:00,6.68,6.06,5.12,4.12,2.62,3.657
9147,13.08.2011 01:00:00,6.31,6.12,5.12,4.12,2.62
9148,13.08.2011 02:00:00,6,6.12,5.12,4.12,2.62
9149,13.08.2011 03:00:00,5.68,6.12,5.12,4.12,2.62
9150,13.08.2011 04:00:00,5.37,6.12,5.12,4.12,2.62
9151,13.08.2011 05:00:00,5.12,6.06,5.12,4.12,2.62
9152,13.08.2011 06:00:00,4.87,6.06,5.18,4.12,2.62,3.640
9153,13.08.2011 07:00:00,4.62,6,5.18,4.12,2.62
9154,13.08.2011 08:00:00,4.43,5.93,5.12,4.12,2.62
9155,13.08.2011 09:00:00,4.25,5.87,5.18,4.12,2.62
9156,13.08.2011 10:00:00,4.12,5.81,5.18,4.12,2.62
9157,13.08.2011 11:00:00,4.25,5.75,5.18,4.12,2.62
9158,13.08.2011 12:00:00,4.75,5.68,5.18,4.12,2.62,3.613
9159,13.08.2011 13:00:00,5.56,5.62,5.18,4.12,2.62
9160,13.08.2011 14:00:00,6.43,5.56,5.12,4.06,2.62
9161,13.08.2011 15:00:00,7.5,5.56,5.12,4.12,2.62
9162,13.08.2011 16:00:00,8.25,5.56,5.12,4.06,2.62
9163,13.08.2011 17:00:00,8.87,5.56,5.06,4.06,2.62
9164,13.08.2011 18:00:00,9.18,5.68,5.06,4.06,2.62,3.678
9165,13.08.2011 19:00:00,9.25,5.75,5.06,4.12,2.62
9166,13.08.2011 20:00:00,9.06,5.87,5.06,4.06,2.62
9167,13.08.2011 21:00:00,8.75,6,5.06,4.06,2.62
9168,13.08.2011 22:00:00,8.31,6.12,5.06,4.06,2.62
9169,13.08.2011 23:00:00,7.93,6.18,5.06,4.06,2.62
9170,14.08.2011 00:00:00,7.5,6.25,5.06,4.06,2.62,3.666
9171,14.08.2011 01:00:00,7.12,6.31,5.06,4.06,2.62
9172,14.08.2011 02:00:00,6.68,6.31,5.06,4.06,2.62
9173,14.08.2011 03:00:00,6.31,6.37,5.12,4.06,2.62
9174,14.08.2011 04:00:00,5.93,6.31,5.12,4.06,2.62
9175,14.08.2011 05:00:00,5.62,6.31,5.12,4.06,2.56
9176,14.08.2011 06:00:00,5.31,6.31,5.12,4.06,2.62,3.645
9177,14.08.2011 07:00:00,5.06,6.25,5.18,4,2.62
9178,14.08.2011 08:00:00,4.81,6.18,5.12,4.06,2.62
9179,14.08.2011 09:00:00,4.56,6.12,5.18,4.06,2.62
9180,14.08.2011 10:00:00,4.43,6.06,5.18,4.06,2.56
9181,14.08.2011 11:00:00,4.62,6,5.18,4.06,2.62
9182,14.08.2011 12:00:00,5.25,5.87,5.18,4.06,2.62,3.656
9183,14.08.2011 13:00:00,6.18,5.81,5.18,4.06,2.62
9184,14.08.2011 14:00:00,7.31,5.75,5.18,4.06,2.62
9185,14.08.2011 15:00:00,8.31,5.75,5.18,4.06,2.56
9186,14.08.2011 16:00:00,9.18,5.81,5.12,4.06,2.62
9187,14.08.2011 17:00:00,9.75,5.87,5.12,4.06,2.62
9188,14.08.2011 18:00:00,10.06,5.93,5.12,4.06,2.62,3.681
9189,14.08.2011 19:00:00,10.12,6,5.06,4.06,2.62
9190,14.08.2011 20:00:00,9.93,6.12,5.06,4.06,2.56
9191,14.08.2011 21:00:00,9.62,6.25,5.12,4.06,2.56
9192,14.08.2011 22:00:00,9.18,6.37,5.12,4.06,2.56
9193,14.08.2011 23:00:00,8.68,6.5,5.12,4.06,2.62
9194,15.08.2011 00:00:00,8.18,6.56,5.12,4,2.56,3.667
9195,15.08.2011 01:00:00,7.75,6.62,5.12,4.06,2.56
9196,15.08.2011 02:00:00,7.25,6.62,5.18,4.06,2.56
9197,15.08.2011 03:00:00,6.81,6.62,5.18,4,2.62
9198,15.08.2011 04:00:00,6.37,6.62,5.18,4,2.56
9199,15.08.2011 05:00:00,6,6.56,5.25,4,2.56
9200,15.08.2011 06:00:00,5.68,6.56,5.25,4.06,2.56,3.647
9201,15.08.2011 07:00:00,5.37,6.5,5.25,4,2.56
9202,15.08.2011 08:00:00,5.06,6.43,5.25,4,2.56
9203,15.08.2011 09:00:00,4.87,6.37,5.25,4.06,2.56
9204,15.08.2011 10:00:00,4.81,6.25,5.25,4,2.56
9205,15.08.2011 11:00:00,5.25,6.18,5.31,4.06,2.56
9206,15.08.2011 12:00:00,6,6.12,5.25,4,2.56,3.663
9207,15.08.2011 13:00:00,7.06,6.06,5.25,4.06,2.56
9208,15.08.2011 14:00:00,8.18,6,5.25,4.06,2.56
9209,15.08.2011 15:00:00,9.12,6,5.25,4.06,2.56
9210,15.08.2011 16:00:00,9.87,6.06,5.25,4.06,2.56
9211,15.08.2011 17:00:00,10.18,6.06,5.25,4.06,2.62
9212,15.08.2011 18:00:00,10.43,6.18,5.25,4.06,2.62,3.686
9213,15.08.2011 19:00:00,10.56,6.31,5.18,4.06,2.62
9214,15.08.2011 20:00:00,10.37,6.43,5.18,4.06,2.56
9215,15.08.2011 21:00:00,10.12,6.56,5.18,4.06,2.62
9216,15.08.2011 22:00:00,9.81,6.62,5.18,4.06,2.56
9217,15.08.2011 23:00:00,9.5,6.75,5.25,4.06,2.56
9218,16.08.2011 00:00:00,9.12,6.81,5.25,4.06,2.56,3.673
9219,16.08.2011 01:00:00,8.68,6.87,5.25,4.06,2.56
9220,16.08.2011 02:00:00,8.25,6.87,5.25,4.06,2.62
9221,16.08.2011 03:00:00,7.87,6.93,5.31,4.06,2.62
9222,16.08.2011 04:00:00,7.5,6.93,5.31,4.06,2.62
9223,16.08.2011 05:00:00,7.06,6.93,5.37,4.06,2.56
9224,16.08.2011 06:00:00,6.68,6.87,5.37,4.06,2.56,3.651
9225,16.08.2011 07:00:00,6.31,6.81,5.37,4.06,2.56
9226,16.08.2011 08:00:00,6.06,6.81,5.37,4.06,2.62
9227,16.08.2011 09:00:00,5.87,6.75,5.37,4.06,2.62
9228,16.08.2011 10:00:00,5.93,6.68,5.43,4.06,2.56
9229,16.08.2011 11:00:00,6.43,6.56,5.37,4.06,2.62
9230,16.08.2011 12:00:00,7,6.56,5.43,4.06,2.56,3.662
9231,16.08.2011 13:00:00,7.5,6.5,5.43,4.06,2.62
9232,16.08.2011 14:00:00,8.25,6.43,5.43,4.06,2.56
9233,16.08.2011 15:00:00,9,6.43,5.37,4.06,2.62
9234,16.08.2011 16:00:00,9.5,6.43,5.43,4.06,2.62
9235,16.08.2011 17:00:00,9.87,6.5,5.43,4.12,2.62
9236,16.08.2011 18:00:00,9.87,6.56,5.37,4.12,2.62,3.679
9237,16.08.2011 19:00:00,9.68,6.62,5.37,4.12,2.62
9238,16.08.2011 20:00:00,9.43,6.68,5.37,4.12,2.62
9239,16.08.2011 21:00:00,9.06,6.75,5.37,4.12,2.62
9240,16.08.2011 22:00:00,8.62,6.81,5.37,4.12,2.62
9241,16.08.2011 23:00:00,8.25,6.87,5.43,4.12,2.62
9242,17.08.2011 00:00:00,7.81,6.93,5.43,4.12,2.56,3.659
9243,17.08.2011 01:00:00,7.43,6.93,5.43,4.12,2.62
9244,17.08.2011 02:00:00,7.06,6.93,5.43,4.12,2.56
9245,17.08.2011 03:00:00,6.68,6.87,5.43,4.06,2.62
9246,17.08.2011 04:00:00,6.37,6.87,5.5,4.12,2.62
9247,17.08.2011 05:00:00,6.06,6.81,5.5,4.12,2.62
9248,17.08.2011 06:00:00,5.75,6.75,5.43,4.12,2.62,3.644
9249,17.08.2011 07:00:00,5.43,6.68,5.5,4.12,2.62
9250,17.08.2011 08:00:00,5.18,6.62,5.5,4.12,2.62
9251,17.08.2011 09:00:00,5,6.56,5.5,4.12,2.62
9252,17.08.2011 10:00:00,5,6.43,5.5,4.12,2.56
9253,17.08.2011 11:00:00,5.31,6.37,5.5,4.12,2.62
9254,17.08.2011 12:00:00,5.68,6.31,5.5,4.12,2.62,3.656
9255,17.08.2011 13:00:00,6.12,6.25,5.43,4.12,2.62
9256,17.08.2011 14:00:00,6.75,6.18,5.5,4.12,2.62
9257,17.08.2011 15:00:00,7.5,6.18,5.43,4.12,2.62
9258,17.08.2011 16:00:00,7.93,6.12,5.43,4.12,2.62
9259,17.08.2011 17:00:00,8.12,6.12,5.37,4.18,2.62
9260,17.08.2011 18:00:00,8.18,6.18,5.37,4.18,2.62,3.673
9261,17.08.2011 19:00:00,8.31,6.18,5.37,4.18,2.62
9262,17.08.2011 20:00:00,8.31,6.31,5.37,4.18,2.62
9263,17.08.2011 21:00:00,8.12,6.31,5.37,4.18,2.62
9264,17.08.2011 22:00:00,7.81,6.37,5.37,4.18,2.62
9265,17.08.2011 23:00:00,7.5,6.37,5.31,4.18,2.62
9266,18.08.2011 00:00:00,7.06,6.43,5.31,4.12,2.62,3.656
9267,18.08.2011 01:00:00,6.75,6.43,5.31,4.12,2.62
9268,18.08.2011 02:00:00,6.37,6.43,5.37,4.12,2.62
9269,18.08.2011 03:00:00,6.06,6.43,5.31,4.12,2.62
9270,18.08.2011 04:00:00,5.75,6.43,5.37,4.18,2.62
9271,18.08.2011 05:00:00,5.43,6.37,5.31,4.12,2.62
9272,18.08.2011 06:00:00,5.18,6.31,5.31,4.12,2.62,3.641
9273,18.08.2011 07:00:00,4.93,6.25,5.31,4.12,2.62
9274,18.08.2011 08:00:00,4.75,6.18,5.31,4.12,2.62
9275,18.08.2011 09:00:00,4.62,6.12,5.31,4.12,2.62
9276,18.08.2011 10:00:00,4.75,6.06,5.31,4.12,2.62
9277,18.08.2011 11:00:00,5,6,5.31,4.12,2.62
9278,18.08.2011 12:00:00,5.37,5.93,5.31,4.12,2.62,3.650
9279,18.08.2011 13:00:00,5.87,5.87,5.31,4.12,2.62
9280,18.08.2011 14:00:00,6.31,5.81,5.31,4.12,2.62
9281,18.08.2011 15:00:00,6.81,5.81,5.25,4.12,2.62
9282,18.08.2011 16:00:00,7.31,5.81,5.25,4.12,2.68
9283,18.08.2011 17:00:00,7.62,5.81,5.25,4.12,2.62
9284,18.08.2011 18:00:00,7.62,5.81,5.18,4.12,2.62,3.666
9285,18.08.2011 19:00:00,7.62,5.87,5.18,4.12,2.68
9286,18.08.2011 20:00:00,7.56,5.93,5.18,4.12,2.62
9287,18.08.2011 21:00:00,7.31,6,5.18,4.12,2.68
9288,18.08.2011 22:00:00,7,6,5.18,4.12,2.62
9289,18.08.2011 23:00:00,6.62,6.06,5.18,4.12,2.62
9290,19.08.2011 00:00:00,6.31,6.06,5.18,4.12,2.68,3.657
9291,19.08.2011 01:00:00,6,6.06,5.12,4.12,2.68
9292,19.08.2011 02:00:00,5.68,6.06,5.12,4.12,2.62
9293,19.08.2011 03:00:00,5.37,6.06,5.18,4.12,2.62
9294,19.08.2011 04:00:00,5.12,6,5.18,4.12,2.68
9295,19.08.2011 05:00:00,4.81,6,5.18,4.06,2.68
9296,19.08.2011 06:00:00,4.62,5.93,5.18,4.06,2.68,3.638
9297,19.08.2011 07:00:00,4.37,5.87,5.18,4.06,2.68
9298,19.08.2011 08:00:00,4.12,5.81,5.12,4.06,2.68
9299,19.08.2011 09:00:00,4,5.75,5.12,4.12,2.62
9300,19.08.2011 10:00:00,4,5.68,5.12,4.06,2.68
9301,19.08.2011 11:00:00,4.37,5.62,5.12,4.06,2.62
9302,19.08.2011 12:00:00,5.06,5.5,5.12,4.06,2.68,3.655
9303,19.08.2011 13:00:00,5.93,5.5,5.06,4.06,2.68
9304,19.08.2011 14:00:00,7.06,5.43,5.12,4.06,2.68
9305,19.08.2011 15:00:00,8.25,5.43,5.06,4.06,2.68
9306,19.08.2011 16:00:00,9.12,5.5,5.06,4.06,2.68
9307,19.08.2011 17:00:00,9.62,5.56,5.06,4.06,2.68
9308,19.08.2011 18:00:00,9.93,5.68,5,4.06,2.68,3.687
9309,19.08.2011 19:00:00,9.93,5.75,5,4.06,2.68
9310,19.08.2011 20:00:00,9.81,5.87,5,4.06,2.68
9311,19.08.2011 21:00:00,9.5,6,4.93,4.06,2.68
9312,19.08.2011 22:00:00,9.18,6.12,5,4,2.68
9313,19.08.2011 23:00:00,8.81,6.25,5,4.06,2.68
9314,20.08.2011 00:00:00,8.5,6.31,5,4,2.68,3.667
9315,20.08.2011 01:00:00,8.12,6.43,5,4,2.68
9316,20.08.2011 02:00:00,7.75,6.43,5.06,4.06,2.68
9317,20.08.2011 03:00:00,7.31,6.43,5.06,4,2.68
9318,20.08.2011 04:00:00,6.93,6.5,5.06,4.06,2.68
9319,20.08.2011 05:00:00,6.56,6.5,5.12,4,2.68
9320,20.08.2011 06:00:00,6.18,6.43,5.12,4.06,2.68,3.652
9321,20.08.2011 07:00:00,5.87,6.43,5.12,4,2.68
9322,20.08.2011 08:00:00,5.56,6.37,5.12,4,2.68
9323,20.08.2011 09:00:00,5.37,6.31,5.18,4,2.68
9324,20.08.2011 10:00:00,5.43,6.25,5.18,4,2.68
9325,20.08.2011 11:00:00,5.81,6.18,5.18,4,2.68
9326,20.08.2011 12:00:00,6.5,6.12,5.18,4,2.68,3.659
9327,20.08.2011 13:00:00,7.31,6.06,5.18,4.06,2.68
9328,20.08.2011 14:00:00,8.18,6.06,5.18,4,2.68
9329,20.08.2011 15:00:00,9,6.06,5.18,4,2.68
9330,20.08.2011 16:00:00,9.5,6.06,5.18,4.06,2.68
9331,20.08.2011 17:00:00,9.87,6.12,5.18,4,2.68
9332,20.08.2011 18:00:00,10.18,6.25,5.12,4.06,2.68,3.686
9333,20.08.2011 19:00:00,10.18,6.31,5.18,4.06,2.68
9334,20.08.2011 20:00:00,10,6.43,5.18,4.06,2.68
9335,20.08.2011 21:00:00,9.68,6.5,5.18,4.06,2.68
9336,20.08.2011 22:00:00,9.37,6.62,5.18,4.06,2.68
9337,20.08.2011 23:00:00,9,6.68,5.18,4.06,2.68
9338,21.08.2011 00:00:00,8.68,6.75,5.18,4.06,2.68,3.667
9339,21.08.2011 01:00:00,8.37,6.81,5.25,4.06,2.68
9340,21.08.2011 02:00:00,8,6.81,5.25,4.06,2.68
9341,21.08.2011 03:00:00,7.68,6.81,5.25,4,2.68
9342,21.08.2011 04:00:00,7.37,6.81,5.25,4.06,2.68
9343,21.08.2011 05:00:00,7.12,6.81,5.31,4.06,2.68
9344,21.08.2011 06:00:00,6.81,6.75,5.31,4.06,2.68,3.653
9345,21.08.2011 07:00:00,6.5,6.75,5.31,4.06,2.68
9346,21.08.2011 08:00:00,6.31,6.68,5.37,4.06,2.68
9347,21.08.2011 09:00:00,6.18,6.62,5.37,4.06,2.68
9348,21.08.2011 10:00:00,6.31,6.62,5.37,4.06,2.68
9349,21.08.2011 11:00:00,6.5,6.5,5.37,4.06,2.68
9350,21.08.2011 12:00:00,7,6.5,5.37,4.06,2.68,3.662
9351,21.08.2011 13:00:00,7.56,6.43,5.37,4.06,2.68
9352,21.08.2011 14:00:00,8,6.43,5.37,4.06,2.68
9353,21.08.2011 15:00:00,8.5,6.43,5.37,4.06,2.68
9354,21.08.2011 16:00:00,8.81,6.43,5.37,4.06,2.68
9355,21.08.2011 17:00:00,9.12,6.43,5.37,4.12,2.68
9356,21.08.2011 18:00:00,9.31,6.5,5.37,4.06,2.68,3.681
9357,21.08.2011 19:00:00,9.31,6.56,5.37,4.12,2.68
9358,21.08.2011 20:00:00,9.25,6.56,5.37,4.06,2.68
9359,21.08.2011 21:00:00,9.06,6.62,5.37,4.06,2.68
9360,21.08.2011 22:00:00,8.81,6.68,5.37,4.06,2.68
9361,21.08.2011 23:00:00,8.56,6.75,5.37,4.12,2.68
9362,22.08.2011 00:00:00,8.31,6.81,5.37,4.12,2.68,3.669
9363,22.08.2011 01:00:00,8.06,6.81,5.37,4.12,2.68
9364,22.08.2011 02:00:00,7.81,6.81,5.37,4.12,2.68
9365,22.08.2011 03:00:00,7.5,6.81,5.37,4.12,2.68
9366,22.08.2011 04:00:00,7.18,6.81,5.43,4.12,2.68
9367,22.08.2011 05:00:00,6.87,6.81,5.43,4.12,2.68
9368,22.08.2011 06:00:00,6.62,6.75,5.43,4.12,2.68,3.654
9369,22.08.2011 07:00:00,6.31,6.75,5.43,4.12,2.68
9370,22.08.2011 08:00:00,6,6.68,5.43,4.12,2.68
9371,22.08.2011 09:00:00,5.81,6.62,5.43,4.12,2.68
9372,22.08.2011 10:00:00,5.81,6.56,5.43,4.12,2.68
9373,22.08.2011 11:00:00,6.18,6.5,5.43,4.12,2.68
9374,22.08.2011 12:00:00,6.75,6.43,5.43,4.12,2.68,3.659
9375,22.08.2011 13:00:00,7.5,6.43,5.43,4.12,2.68
9376,22.08.2011 14:00:00,8.43,6.37,5.43,4.18,2.68
9377,22.08.2011 15:00:00,9.31,6.37,5.43,4.18,2.68
9378,22.08.2011 16:00:00,10.12,6.37,5.43,4.18,2.68
9379,22.08.2011 17:00:00,10.75,6.43,5.43,4.18,2.68
9380,22.08.2011 18:00:00,11.12,6.56,5.37,4.18,2.68,3.691
9381,22.08.2011 19:00:00,11.18,6.62,5.43,4.12,2.68
9382,22.08.2011 20:00:00,11.06,6.75,5.37,4.18,2.68
9383,22.08.2011 21:00:00,10.75,6.87,5.43,4.18,2.68
9384,22.08.2011 22:00:00,10.31,7,5.37,4.18,2.75
9385,22.08.2011 23:00:00,9.87,7.12,5.43,4.18,2.68
9386,23.08.2011 00:00:00,9.37,7.18,5.43,4.18,2.75,3.671
9387,23.08.2011 01:00:00,8.87,7.25,5.43,4.18,2.75
9388,23.08.2011 02:00:00,8.43,7.25,5.5,4.18,2.68
9389,23.08.2011 03:00:00,8,7.25,5.5,4.18,2.68
9390,23.08.2011 04:00:00,7.62,7.25,5.5,4.18,2.68
9391,23.08.2011 05:00:00,7.31,7.25,5.56,4.18,2.75
9392,23.08.2011 06:00:00,7,7.18,5.56,4.18,2.75,3.658
9393,23.08.2011 07:00:00,6.62,7.18,5.56,4.18,2.75
9394,23.08.2011 08:00:00,6.37,7.12,5.62,4.18,2.75
9395,23.08.2011 09:00:00,6.25,7.06,5.62,4.18,2.75
9396,23.08.2011 10:00:00,6.31,6.93,5.62,4.18,2.75
9397,23.08.2011 11:00:00,6.75,6.87,5.62,4.18,2.75
9398,23.08.2011 12:00:00,7.37,6.81,5.62,4.18,2.75,3.668
9399,23.08.2011 13:00:00,8.12,6.75,5.62,4.25,2.68
9400,23.08.2011 14:00:00,8.93,6.75,5.62,4.25,2.75
9401,23.08.2011 15:00:00,9.75,6.75,5.62,4.18,2.75
9402,23.08.2011 16:00:00,10.5,6.75,5.62,4.25,2.75
9403,23.08.2011 17:00:00,11.06,6.81,5.62,4.25,2.75
9404,23.08.2011 18:00:00,11.37,6.87,5.62,4.25,2.75,3.692
9405,23.08.2011 19:00:00,11.5,7,5.56,4.25,2.75
9406,23.08.2011 20:00:00,11.37,7.06,5.56,4.25,2.75
9407,23.08.2011 21:00:00,11.06,7.18,5.62,4.31,2.75
9408,23.08.2011 22:00:00,10.62,7.31,5.62,4.25,2.75
9409,23.08.2011 23:00:00,10.18,7.37,5.62,4.25,2.75
9410,24.08.2011 00:00:00,9.75,7.43,5.68,4.25,2.75,3.671
9411,24.08.2011 01:00:00,9.31,7.5,5.68,4.25,2.75
9412,24.08.2011 02:00:00,8.87,7.56,5.68,4.31,2.75
9413,24.08.2011 03:00:00,8.43,7.56,5.68,4.25,2.75
9414,24.08.2011 04:00:00,8.06,7.56,5.68,4.31,2.75
9415,24.08.2011 05:00:00,7.68,7.56,5.75,4.31,2.75
9416,24.08.2011 06:00:00,7.31,7.5,5.75,4.31,2.75,3.655
9417,24.08.2011 07:00:00,7,7.43,5.81,4.31,2.81
9418,24.08.2011 08:00:00,6.75,7.37,5.81,4.31,2.75
9419,24.08.2011 09:00:00,6.68,7.31,5.81,4.31,2.75
9420,24.08.2011 10:00:00,6.75,7.25,5.81,4.31,2.75
9421,24.08.2011 11:00:00,6.93,7.18,5.81,4.31,2.81
9422,24.08.2011 12:00:00,7.12,7.12,5.81,4.31,2.81,3.661
9423,24.08.2011 13:00:00,7.43,7.06,5.81,4.31,2.81
9424,24.08.2011 14:00:00,7.81,7,5.81,4.31,2.75
9425,24.08.2011 15:00:00,8.25,6.93,5.81,4.31,2.81
9426,24.08.2011 16:00:00,8.62,6.93,5.81,4.37,2.81
9427,24.08.2011 17:00:00,8.87,6.93,5.81,4.37,2.81
9428,24.08.2011 18:00:00,8.93,6.93,5.81,4.37,2.81,3.671
9429,24.08.2011 19:00:00,8.93,7,5.81,4.37,2.81
9430,24.08.2011 20:00:00,8.81,7,5.81,4.37,2.81
9431,24.08.2011 21:00:00,8.62,7.06,5.75,4.37,2.81
9432,24.08.2011 22:00:00,8.37,7.06,5.75,4.37,2.81
9433,24.08.2011 23:00:00,8.18,7.12,5.75,4.37,2.81
9434,25.08.2011 00:00:00,7.93,7.12,5.75,4.37,2.81,3.661
9435,25.08.2011 01:00:00,7.68,7.06,5.81,4.37,2.81
9436,25.08.2011 02:00:00,7.5,7.12,5.81,4.37,2.81
9437,25.08.2011 03:00:00,7.37,7.06,5.75,4.37,2.81
9438,25.08.2011 04:00:00,7.18,7.06,5.81,4.43,2.81
9439,25.08.2011 05:00:00,7.06,7.06,5.81,4.37,2.81
9440,25.08.2011 06:00:00,6.93,7,5.81,4.43,2.81,3.661
9441,25.08.2011 07:00:00,6.81,7,5.81,4.43,2.81
9442,25.08.2011 08:00:00,6.68,6.93,5.81,4.43,2.81
9443,25.08.2011 09:00:00,6.56,6.87,5.75,4.43,2.81
9444,25.08.2011 10:00:00,6.62,6.87,5.81,4.43,2.81
9445,25.08.2011 11:00:00,6.81,6.81,5.81,4.43,2.81
9446,25.08.2011 12:00:00,7.06,6.75,5.75,4.37,2.87,3.662
9447,25.08.2011 13:00:00,7.31,6.75,5.81,4.37,2.81
9448,25.08.2011 14:00:00,7.62,6.68,5.75,4.43,2.87
9449,25.08.2011 15:00:00,8,6.68,5.75,4.43,2.87
9450,25.08.2011 16:00:00,8.43,6.68,5.75,4.43,2.87
9451,25.08.2011 17:00:00,8.75,6.68,5.75,4.43,2.87
9452,25.08.2011 18:00:00,8.87,6.75,5.75,4.43,2.87,3.673
9453,25.08.2011 19:00:00,8.87,6.75,5.75,4.43,2.87
9454,25.08.2011 20:00:00,8.81,6.81,5.68,4.43,2.87
9455,25.08.2011 21:00:00,8.56,6.87,5.68,4.43,2.87
9456,25.08.2011 22:00:00,8.31,6.87,5.68,4.43,2.87
9457,25.08.2011 23:00:00,7.93,6.93,5.68,4.43,2.87
9458,26.08.2011 00:00:00,7.68,6.93,5.75,4.43,2.87,3.658
9459,26.08.2011 01:00:00,7.37,7,5.75,4.43,2.87
9460,26.08.2011 02:00:00,7.12,6.93,5.68,4.43,2.87
9461,26.08.2011 03:00:00,6.87,6.93,5.75,4.43,2.87
9462,26.08.2011 04:00:00,6.62,6.93,5.75,4.43,2.87
9463,26.08.2011 05:00:00,6.43,6.93,5.75,4.43,2.87
9464,26.08.2011 06:00:00,6.31,6.87,5.75,4.43,2.87,3.650
9465,26.08.2011 07:00:00,6.18,6.81,5.75,4.43,2.87
9466,26.08.2011 08:00:00,6.06,6.75,5.75,4.43,2.87
9467,26.08.2011 09:00:00,6.06,6.68,5.75,4.43,2.87
9468,26.08.2011 10:00:00,6.18,6.68,5.75,4.43,2.87
9469,26.08.2011 11:00:00,6.5,6.62,5.75,4.43,2.87
9470,26.08.2011 12:00:00,7,6.56,5.68,4.43,2.93,3.662
9471,26.08.2011 13:00:00,7.43,6.56,5.75,4.43,2.87
9472,26.08.2011 14:00:00,7.68,6.5,5.68,4.43,2.93
9473,26.08.2011 15:00:00,7.81,6.5,5.68,4.43,2.93
9474,26.08.2011 16:00:00,8.06,6.5,5.68,4.43,2.93
9475,26.08.2011 17:00:00,8.25,6.56,5.68,4.43,2.93
9476,26.08.2011 18:00:00,8.37,6.56,5.68,4.43,2.93,3.673
9477,26.08.2011 19:00:00,8.43,6.62,5.62,4.43,2.93
9478,26.08.2011 20:00:00,8.25,6.68,5.68,4.43,2.93
9479,26.08.2011 21:00:00,7.93,6.68,5.62,4.43,2.93
9480,26.08.2011 22:00:00,7.62,6.75,5.62,4.43,2.93
9481,26.08.2011 23:00:00,7.31,6.75,5.62,4.43,2.93
9482,27.08.2011 00:00:00,7.12,6.75,5.62,4.43,2.93,3.656
9483,27.08.2011 01:00:00,6.87,6.75,5.68,4.43,2.93
9484,27.08.2011 02:00:00,6.68,6.75,5.62,4.43,2.93
9485,27.08.2011 03:00:00,6.56,6.75,5.68,4.43,2.93
9486,27.08.2011 04:00:00,6.43,6.75,5.68,4.43,2.93
9487,27.08.2011 05:00:00,6.31,6.68,5.68,4.43,2.93
9488,27.08.2011 06:00:00,6.18,6.62,5.68,4.43,2.93,3.656
9489,27.08.2011 07:00:00,6.06,6.62,5.68,4.43,2.93
9490,27.08.2011 08:00:00,5.93,6.56,5.62,4.43,2.93
9491,27.08.2011 09:00:00,5.87,6.56,5.62,4.43,2.93
9492,27.08.2011 10:00:00,5.93,6.5,5.68,4.43,2.93
9493,27.08.2011 11:00:00,6.06,6.43,5.62,4.43,2.93
9494,27.08.2011 12:00:00,6.43,6.37,5.62,4.43,2.93,3.662
9495,27.08.2011 13:00:00,6.93,6.37,5.62,4.43,2.93
9496,27.08.2011 14:00:00,7.31,6.31,5.62,4.43,2.93
9497,27.08.2011 15:00:00,7.68,6.31,5.62,4.43,2.93
9498,27.08.2011 16:00:00,7.87,6.37,5.56,4.43,2.93
9499,27.08.2011 17:00:00,8,6.37,5.62,4.43,2.93
9500,27.08.2011 18:00:00,8,6.37,5.56,4.43,2.93,3.666
9501,27.08.2011 19:00:00,7.81,6.43,5.56,4.43,2.93
9502,27.08.2011 20:00:00,7.62,6.5,5.56,4.43,2.93
9503,27.08.2011 21:00:00,7.37,6.5,5.56,4.43,2.93
9504,27.08.2011 22:00:00,7.06,6.56,5.56,4.43,2.93
9505,27.08.2011 23:00:00,6.75,6.56,5.56,4.43,2.93
9506,28.08.2011 00:00:00,6.5,6.56,5.56,4.43,3,3.657
9507,28.08.2011 01:00:00,6.25,6.56,5.56,4.43,3
9508,28.08.2011 02:00:00,6,6.5,5.56,4.43,3
9509,28.08.2011 03:00:00,5.75,6.5,5.56,4.43,2.93
9510,28.08.2011 04:00:00,5.62,6.43,5.56,4.43,3
9511,28.08.2011 05:00:00,5.43,6.43,5.56,4.43,3
9512,28.08.2011 06:00:00,5.25,6.37,5.56,4.43,3,3.641
9513,28.08.2011 07:00:00,5.06,6.31,5.56,4.43,3
9514,28.08.2011 08:00:00,4.87,6.25,5.56,4.43,3
9515,28.08.2011 09:00:00,4.81,6.18,5.56,4.43,3
9516,28.08.2011 10:00:00,4.93,6.12,5.56,4.43,3
9517,28.08.2011 11:00:00,5.37,6.12,5.5,4.43,3
9518,28.08.2011 12:00:00,5.93,6.06,5.5,4.43,3,3.658
9519,28.08.2011 13:00:00,6.5,6,5.5,4.43,3
9520,28.08.2011 14:00:00,6.93,5.93,5.5,4.43,3
9521,28.08.2011 15:00:00,7.18,6,5.43,4.43,3
9522,28.08.2011 16:00:00,7.37,6,5.43,4.43,3
9523,28.08.2011 17:00:00,7.56,6,5.43,4.43,3
9524,28.08.2011 18:00:00,7.62,6.06,5.43,4.37,3,3.664
9525,28.08.2011 19:00:00,7.62,6.12,5.43,4.37,3
9526,28.08.2011 20:00:00,7.5,6.12,5.43,4.43,3
9527,28.08.2011 21:00:00,7.25,6.18,5.37,4.43,3
9528,28.08.2011 22:00:00,6.93,6.25,5.37,4.37,3
9529,28.08.2011 23:00:00,6.75,6.25,5.37,4.37,3
9530,29.08.2011 00:00:00,6.5,6.31,5.43,4.37,3,3.652
9531,29.08.2011 01:00:00,6.31,6.31,5.37,4.43,3
9532,29.08.2011 02:00:00,6.12,6.31,5.37,4.37,3
9533,29.08.2011 03:00:00,5.93,6.25,5.43,4.37,3
9534,29.08.2011 04:00:00,5.75,6.25,5.43,4.37,3
9535,29.08.2011 05:00:00,5.62,6.25,5.43,4.37,3
9536,29.08.2011 06:00:00,5.43,6.18,5.37,4.37,3,3.643
9537,29.08.2011 07:00:00,5.31,6.18,5.43,4.37,3
9538,29.08.2011 08:00:00,5.18,6.12,5.43,4.37,3
9539,29.08.2011 09:00:00,5.06,6.06,5.37,4.37,3
9540,29.08.2011 10:00:00,5.06,6,5.43,4.37,3
9541,29.08.2011 11:00:00,5.18,6,5.37,4.37,3
9542,29.08.2011 12:00:00,5.5,5.93,5.37,4.37,3,3.654
9543,29.08.2011 13:00:00,6,5.87,5.37,4.37,3
9544,29.08.2011 14:00:00,6.5,5.87,5.37,4.37,3
9545,29.08.2011 15:00:00,6.87,5.87,5.37,4.37,3
9546,29.08.2011 16:00:00,7.06,5.87,5.31,4.37,3
9547,29.08.2011 17:00:00,7.25,5.87,5.31,4.37,3
9548,29.08.2011 18:00:00,7.37,5.93,5.31,4.37,3,3.667
9549,29.08.2011 19:00:00,7.37,5.93,5.31,4.37,3
9550,29.08.2011 20:00:00,7.18,6,5.31,4.37,3
9551,29.08.2011 21:00:00,7,6.06,5.31,4.37,3
9552,29.08.2011 22:00:00,6.81,6.06,5.31,4.37,3
9553,29.08.2011 23:00:00,6.56,6.12,5.31,4.31,3
9554,30.08.2011 00:00:00,6.31,6.12,5.31,4.37,3,3.656
9555,30.08.2011 01:00:00,6.06,6.12,5.31,4.31,3
9556,30.08.2011 02:00:00,5.87,6.12,5.31,4.37,3
9557,30.08.2011 03:00:00,5.62,6.12,5.25,4.31,3
9558,30.08.2011 04:00:00,5.5,6.06,5.31,4.31,3
9559,30.08.2011 05:00:00,5.31,6.06,5.31,4.31,3
9560,30.08.2011 06:00:00,5.12,6.06,5.31,4.31,3,3.641
9561,30.08.2011 07:00:00,5,6,5.31,4.31,3
9562,30.08.2011 08:00:00,4.81,5.93,5.31,4.31,3
9563,30.08.2011 09:00:00,4.81,5.87,5.31,4.31,3
9564,30.08.2011 10:00:00,4.87,5.81,5.31,4.31,3
9565,30.08.2011 11:00:00,5.06,5.81,5.31,4.31,3
9566,30.08.2011 12:00:00,5.43,5.75,5.25,4.31,3,3.652
9567,30.08.2011 13:00:00,5.75,5.68,5.25,4.31,3
9568,30.08.2011 14:00:00,5.93,5.68,5.25,4.31,3
9569,30.08.2011 15:00:00,6.12,5.68,5.25,4.31,3
9570,30.08.2011 16:00:00,6.31,5.68,5.25,4.31,3
9571,30.08.2011 17:00:00,6.56,5.68,5.25,4.31,3
9572,30.08.2011 18:00:00,6.75,5.68,5.18,4.31,3,3.659
9573,30.08.2011 19:00:00,6.81,5.68,5.18,4.31,3
9574,30.08.2011 20:00:00,6.75,5.75,5.18,4.31,3
9575,30.08.2011 21:00:00,6.56,5.75,5.18,4.31,3
9576,30.08.2011 22:00:00,6.31,5.81,5.12,4.31,3
9577,30.08.2011 23:00:00,6.06,5.81,5.18,4.31,3
9578,31.08.2011 00:00:00,5.81,5.81,5.12,4.25,3,3.651
9579,31.08.2011 01:00:00,5.56,5.81,5.18,4.25,3
9580,31.08.2011 02:00:00,5.37,5.81,5.12,4.31,3
9581,31.08.2011 03:00:00,5.18,5.81,5.18,4.25,3
9582,31.08.2011 04:00:00,5.06,5.81,5.18,4.25,3
9583,31.08.2011 05:00:00,4.93,5.75,5.12,4.25,3.06
9584,31.08.2011 06:00:00,4.81,5.68,5.12,4.25,3,3.641
9585,31.08.2011 07:00:00,4.68,5.68,5.12,4.25,3
9586,31.08.2011 08:00:00,4.5,5.68,5.12,4.25,3
9587,31.08.2011 09:00:00,4.37,5.62,5.12,4.25,3
9588,31.08.2011 10:00:00,4.25,5.56,5.12,4.25,3
9589,31.08.2011 11:00:00,4.12,5.5,5.12,4.25,3
9590,31.08.2011 12:00:00,4.18,5.43,5.06,4.25,3,3.638
9591,31.08.2011 13:00:00,4.43,5.43,5.12,4.25,3
9592,31.08.2011 14:00:00,4.93,5.37,5.06,4.25,3
9593,31.08.2011 15:00:00,5.5,5.31,5.06,4.25,3
9594,31.08.2011 16:00:00,6.06,5.31,5.06,4.25,3
9595,31.08.2011 17:00:00,6.5,5.31,5.06,4.25,3
9596,31.08.2011 18:00:00,6.75,5.31,5.06,4.18,3,3.657
9597,31.08.2011 19:00:00,6.87,5.31,5,4.25,3
9598,31.08.2011 20:00:00,6.75,5.37,5,4.25,3
9599,31.08.2011 21:00:00,6.56,5.43,5,4.18,3
9600,31.08.2011 22:00:00,6.18,5.5,4.93,4.25,3
9601,31.08.2011 23:00:00,5.87,5.5,5,4.18,3
9602,01.09.2011 00:00:00,5.56,5.5,4.93,4.18,3,3.644
9603,01.09.2011 01:00:00,5.25,5.56,4.93,4.18,3
9604,01.09.2011 02:00:00,5,5.56,4.93,4.18,3
9605,01.09.2011 03:00:00,4.75,5.56,4.93,4.18,3
9606,01.09.2011 04:00:00,4.5,5.5,4.93,4.18,3
9607,01.09.2011 05:00:00,4.37,5.5,5,4.12,3
9608,01.09.2011 06:00:00,4.18,5.43,4.93,4.18,3,3.634
9609,01.09.2011 07:00:00,4,5.37,4.93,4.18,3
9610,01.09.2011 08:00:00,3.87,5.31,4.93,4.18,3
9611,01.09.2011 09:00:00,3.75,5.31,4.93,4.18,3
9612,01.09.2011 10:00:00,3.81,5.25,4.93,4.12,3
9613,01.09.2011 11:00:00,4.12,5.18,4.93,4.18,3
9614,01.09.2011 12:00:00,4.75,5.12,4.93,4.12,3,3.643
9615,01.09.2011 13:00:00,5.5,5.06,4.87,4.12,3
9616,01.09.2011 14:00:00,6.18,5.06,4.87,4.12,3
9617,01.09.2011 15:00:00,6.81,5.06,4.87,4.12,3
9618,01.09.2011 16:00:00,7.43,5.12,4.87,4.12,3
9619,01.09.2011 17:00:00,7.81,5.12,4.81,4.12,3
9620,01.09.2011 18:00:00,8,5.18,4.81,4.12,3,3.665
9621,01.09.2011 19:00:00,7.93,5.31,4.81,4.12,2.93
9622,01.09.2011 20:00:00,7.81,5.37,4.81,4.12,3
9623,01.09.2011 21:00:00,7.56,5.5,4.81,4.12,3
9624,01.09.2011 22:00:00,7.25,5.56,4.81,4.12,3
9625,01.09.2011 23:00:00,6.87,5.62,4.81,4.12,3
9626,02.09.2011 00:00:00,6.56,5.68,4.81,4.12,3,3.656
9627,02.09.2011 01:00:00,6.18,5.75,4.81,4.06,3
9628,02.09.2011 02:00:00,5.87,5.75,4.81,4.06,3
9629,02.09.2011 03:00:00,5.56,5.75,4.81,4.06,2.93
9630,02.09.2011 04:00:00,5.31,5.75,4.87,4.06,3
9631,02.09.2011 05:00:00,5.06,5.75,4.87,4.06,3
9632,02.09.2011 06:00:00,4.87,5.68,4.87,4.06,3,3.640
9633,02.09.2011 07:00:00,4.68,5.68,4.87,4.06,3
9634,02.09.2011 08:00:00,4.5,5.62,4.87,4.06,3
9635,02.09.2011 09:00:00,4.37,5.56,4.87,4.06,3
9636,02.09.2011 10:00:00,4.37,5.56,4.93,4.06,2.93
9637,02.09.2011 11:00:00,4.56,5.5,4.93,4.06,3
9638,02.09.2011 12:00:00,4.81,5.43,4.87,4.06,2.93,3.642
9639,02.09.2011 13:00:00,5.25,5.37,4.93,4.06,3
9640,02.09.2011 14:00:00,6,5.37,4.87,4.06,3
9641,02.09.2011 15:00:00,6.81,5.31,4.87,4.06,2.93
9642,02.09.2011 16:00:00,7.43,5.31,4.87,4.06,2.93
9643,02.09.2011 17:00:00,7.93,5.37,4.87,4.06,2.93
9644,02.09.2011 18:00:00,8.06,5.43,4.87,4.06,2.93,3.667
9645,02.09.2011 19:00:00,8,5.5,4.87,4.06,2.93
9646,02.09.2011 20:00:00,7.87,5.56,4.87,4.06,2.93
9647,02.09.2011 21:00:00,7.56,5.62,4.87,4.06,2.93
9648,02.09.2011 22:00:00,7.25,5.68,4.87,4.06,2.93
9649,02.09.2011 23:00:00,6.87,5.81,4.87,4.06,2.93
9650,03.09.2011 00:00:00,6.5,5.81,4.87,4.06,2.93,3.649
9651,03.09.2011 01:00:00,6.12,5.81,4.87,4.06,2.93
9652,03.09.2011 02:00:00,5.75,5.87,4.87,4.06,2.93
9653,03.09.2011 03:00:00,5.43,5.87,4.87,4.06,2.93
9654,03.09.2011 04:00:00,5.18,5.81,4.87,4.06,2.93
9655,03.09.2011 05:00:00,4.87,5.81,4.93,4.06,2.93
9656,03.09.2011 06:00:00,4.68,5.75,4.93,4.06,2.93,3.636
9657,03.09.2011 07:00:00,4.43,5.75,4.93,4.06,2.93
9658,03.09.2011 08:00:00,4.25,5.68,4.93,4.06,2.93
9659,03.09.2011 09:00:00,4.06,5.62,4.93,4,2.93
9660,03.09.2011 10:00:00,3.93,5.56,4.93,4,2.93
9661,03.09.2011 11:00:00,4.25,5.5,4.93,4,2.93
9662,03.09.2011 12:00:00,4.81,5.43,4.93,4.06,2.93,3.648
9663,03.09.2011 13:00:00,5.37,5.37,4.93,4.06,2.93
9664,03.09.2011 14:00:00,5.81,5.31,4.93,4.06,2.93
9665,03.09.2011 15:00:00,6.18,5.31,4.93,4.06,2.93
9666,03.09.2011 16:00:00,6.43,5.31,4.87,4,2.93
9667,03.09.2011 17:00:00,6.68,5.31,4.87,4.06,2.93
9668,03.09.2011 18:00:00,6.93,5.37,4.87,4.06,2.93,3.660
9669,03.09.2011 19:00:00,7.12,5.37,4.87,4,2.93
9670,03.09.2011 20:00:00,7.12,5.43,4.87,4.06,2.93
9671,03.09.2011 21:00:00,6.87,5.5,4.87,4.06,2.93
9672,03.09.2011 22:00:00,6.56,5.56,4.81,4.06,2.93
9673,03.09.2011 23:00:00,6.25,5.56,4.81,4,2.93
9674,04.09.2011 00:00:00,5.93,5.62,4.87,4.06,2.93,3.652
9675,04.09.2011 01:00:00,5.56,5.62,4.87,4,2.93
9676,04.09.2011 02:00:00,5.25,5.62,4.87,4.06,2.93
9677,04.09.2011 03:00:00,5,5.62,4.87,4,2.93
9678,04.09.2011 04:00:00,4.75,5.62,4.87,4,2.93
9679,04.09.2011 05:00:00,4.5,5.56,4.87,4,2.93
9680,04.09.2011 06:00:00,4.25,5.5,4.87,4,2.93,3.639
9681,04.09.2011 07:00:00,4,5.43,4.87,4,2.93
9682,04.09.2011 08:00:00,3.81,5.43,4.87,4.06,2.93
9683,04.09.2011 09:00:00,3.62,5.37,4.87,4,2.93
9684,04.09.2011 10:00:00,3.56,5.31,4.87,4.06,2.93
9685,04.09.2011 11:00:00,3.75,5.18,4.87,4,2.93
9686,04.09.2011 12:00:00,4.18,5.18,4.87,4,2.93,3.639
9687,04.09.2011 13:00:00,4.68,5.12,4.81,4.06,2.93
9688,04.09.2011 14:00:00,5.31,5.06,4.81,4,2.87
9689,04.09.2011 15:00:00,5.75,5.06,4.81,4,2.93
9690,04.09.2011 16:00:00,6.06,5,4.81,4,2.93
9691,04.09.2011 17:00:00,6.18,5.06,4.75,4,2.93
9692,04.09.2011 18:00:00,6.37,5.06,4.75,4,2.93,3.661
9693,04.09.2011 19:00:00,6.43,5.12,4.75,4,2.87
9694,04.09.2011 20:00:00,6.37,5.18,4.75,4,2.93
9695,04.09.2011 21:00:00,6.18,5.18,4.75,4,2.87
9696,04.09.2011 22:00:00,5.87,5.25,4.68,4,2.93
9697,04.09.2011 23:00:00,5.56,5.25,4.68,4,2.93
9698,05.09.2011 00:00:00,5.25,5.31,4.68,4,2.93,3.641
9699,05.09.2011 01:00:00,4.93,5.31,4.75,4,2.93
9700,05.09.2011 02:00:00,4.68,5.31,4.68,4,2.87
9701,05.09.2011 03:00:00,4.43,5.31,4.68,4,2.87
9702,05.09.2011 04:00:00,4.18,5.25,4.68,3.93,2.93
9703,05.09.2011 05:00:00,3.93,5.25,4.68,4,2.93
9704,05.09.2011 06:00:00,3.75,5.18,4.68,3.93,2.93,3.633
9705,05.09.2011 07:00:00,3.56,5.12,4.68,3.93,2.93
9706,05.09.2011 08:00:00,3.43,5.06,4.68,3.93,2.87
9707,05.09.2011 09:00:00,3.25,5,4.68,3.93,2.87
9708,05.09.2011 10:00:00,3.12,4.93,4.68,3.93,2.87
9709,05.09.2011 11:00:00,3.25,4.93,4.68,3.93,2.87
9710,05.09.2011 12:00:00,3.81,4.81,4.68,3.93,2.87,3.638
9711,05.09.2011 13:00:00,4.75,4.81,4.62,3.93,2.87
9712,05.09.2011 14:00:00,5.75,4.75,4.62,3.93,2.87
9713,05.09.2011 15:00:00,6.68,4.75,4.62,3.93,2.87
9714,05.09.2011 16:00:00,7.43,4.75,4.62,3.93,2.93
9715,05.09.2011 17:00:00,7.93,4.81,4.56,3.93,2.87
9716,05.09.2011 18:00:00,8.18,4.87,4.56,3.93,2.87,3.668
9717,05.09.2011 19:00:00,8.18,5,4.56,3.93,2.87
9718,05.09.2011 20:00:00,8,5.06,4.56,3.93,2.87
9719,05.09.2011 21:00:00,7.68,5.18,4.56,3.87,2.87
9720,05.09.2011 22:00:00,7.25,5.25,4.56,3.93,2.87
9721,05.09.2011 23:00:00,6.81,5.37,4.56,3.87,2.93
9722,06.09.2011 00:00:00,6.37,5.43,4.56,3.87,2.87,3.649
9723,06.09.2011 01:00:00,6,5.5,4.56,3.87,2.87
9724,06.09.2011 02:00:00,5.62,5.5,4.56,3.87,2.87
9725,06.09.2011 03:00:00,5.31,5.5,4.56,3.87,2.87
9726,06.09.2011 04:00:00,5,5.5,4.62,3.87,2.87
9727,06.09.2011 05:00:00,4.68,5.5,4.62,3.87,2.87
9728,06.09.2011 06:00:00,4.43,5.43,4.62,3.87,2.87,3.639
9729,06.09.2011 07:00:00,4.18,5.43,4.62,3.87,2.87
9730,06.09.2011 08:00:00,4,5.37,4.62,3.87,2.87
9731,06.09.2011 09:00:00,3.81,5.31,4.62,3.87,2.87
9732,06.09.2011 10:00:00,3.75,5.25,4.68,3.87,2.87
9733,06.09.2011 11:00:00,4.06,5.18,4.62,3.87,2.87
9734,06.09.2011 12:00:00,4.68,5.12,4.68,3.87,2.87,3.650
9735,06.09.2011 13:00:00,5.5,5.06,4.68,3.87,2.87
9736,06.09.2011 14:00:00,6.5,5,4.62,3.87,2.87
9737,06.09.2011 15:00:00,7.5,5,4.62,3.87,2.87
9738,06.09.2011 16:00:00,8.31,5,4.62,3.87,2.87
9739,06.09.2011 17:00:00,8.87,5.06,4.62,3.87,2.87
9740,06.09.2011 18:00:00,9.18,5.18,4.62,3.87,2.87,3.679
9741,06.09.2011 19:00:00,9.18,5.31,4.62,3.87,2.87
9742,06.09.2011 20:00:00,9.06,5.43,4.56,3.87,2.87
9743,06.09.2011 21:00:00,8.68,5.5,4.62,3.87,2.87
9744,06.09.2011 22:00:00,8.25,5.62,4.62,3.87,2.87
9745,06.09.2011 23:00:00,7.81,5.75,4.62,3.87,2.87
9746,07.09.2011 00:00:00,7.31,5.81,4.62,3.87,2.87,3.655
9747,07.09.2011 01:00:00,6.87,5.87,4.62,3.87,2.87
9748,07.09.2011 02:00:00,6.43,5.87,4.68,3.81,2.81
9749,07.09.2011 03:00:00,6,5.87,4.68,3.87,2.87
9750,07.09.2011 04:00:00,5.62,5.87,4.68,3.87,2.87
9751,07.09.2011 05:00:00,5.31,5.87,4.75,3.87,2.87
9752,07.09.2011 06:00:00,5,5.87,4.75,3.87,2.81,3.642
9753,07.09.2011 07:00:00,4.68,5.75,4.75,3.81,2.87
9754,07.09.2011 08:00:00,4.43,5.75,4.81,3.87,2.81
9755,07.09.2011 09:00:00,4.25,5.68,4.81,3.81,2.81
9756,07.09.2011 10:00:00,4.12,5.56,4.81,3.87,2.81
9757,07.09.2011 11:00:00,4.43,5.5,4.81,3.81,2.87
9758,07.09.2011 12:00:00,5.12,5.5,4.81,3.87,2.81,3.650
9759,07.09.2011 13:00:00,6,5.37,4.81,3.87,2.81
9760,07.09.2011 14:00:00,7,5.31,4.81,3.87,2.81
9761,07.09.2011 15:00:00,8,5.31,4.81,3.87,2.81
9762,07.09.2011 16:00:00,8.81,5.37,4.75,3.87,2.87
9763,07.09.2011 17:00:00,9.43,5.43,4.75,3.87,2.87
9764,07.09.2011 18:00:00,9.81,5.5,4.75,3.87,2.81,3.683
9765,07.09.2011 19:00:00,9.81,5.62,4.75,3.87,2.81
9766,07.09.2011 20:00:00,9.62,5.75,4.75,3.87,2.81
9767,07.09.2011 21:00:00,9.18,5.87,4.75,3.87,2.81
9768,07.09.2011 22:00:00,8.68,6,4.75,3.87,2.81
9769,07.09.2011 23:00:00,8.12,6.06,4.75,3.87,2.81
9770,08.09.2011 00:00:00,7.62,6.12,4.81,3.87,2.81,3.660
9771,08.09.2011 01:00:00,7.18,6.18,4.81,3.87,2.81
9772,08.09.2011 02:00:00,6.75,6.18,4.81,3.87,2.87
9773,08.09.2011 03:00:00,6.31,6.18,4.87,3.87,2.81
9774,08.09.2011 04:00:00,5.93,6.18,4.87,3.87,2.81
9775,08.09.2011 05:00:00,5.62,6.12,4.87,3.87,2.81
9776,08.09.2011 06:00:00,5.31,6.12,4.87,3.87,2.81,3.644
9777,08.09.2011 07:00:00,5,6.06,4.87,3.87,2.81
9778,08.09.2011 08:00:00,4.75,6,4.93,3.87,2.81
9779,08.09.2011 09:00:00,4.5,5.93,4.93,3.87,2.81
9780,08.09.2011 10:00:00,4.5,5.81,4.93,3.87,2.81
9781,08.09.2011 11:00:00,4.87,5.75,4.93,3.87,2.81
9782,08.09.2011 12:00:00,5.56,5.68,4.93,3.87,2.81,3.649
9783,08.09.2011 13:00:00,6.37,5.62,4.93,3.87,2.81
9784,08.09.2011 14:00:00,7.37,5.62,4.93,3.93,2.81
9785,08.09.2011 15:00:00,8.31,5.56,4.93,3.93,2.81
9786,08.09.2011 16:00:00,8.93,5.62,4.93,3.93,2.81
9787,08.09.2011 17:00:00,9.31,5.68,4.93,3.93,2.81
9788,08.09.2011 18:00:00,9.43,5.75,4.87,3.93,2.81,3.675
9789,08.09.2011 19:00:00,9.37,5.81,4.87,3.93,2.81
9790,08.09.2011 20:00:00,9.18,5.93,4.87,3.93,2.81
9791,08.09.2011 21:00:00,8.81,6,4.87,3.93,2.81
9792,08.09.2011 22:00:00,8.43,6.12,4.87,3.93,2.81
9793,08.09.2011 23:00:00,8,6.18,4.93,3.93,2.81
9794,09.09.2011 00:00:00,7.62,6.25,4.93,3.93,2.81,3.659
9795,09.09.2011 01:00:00,7.25,6.25,4.93,3.93,2.81
9796,09.09.2011 02:00:00,6.87,6.31,4.93,3.93,2.81
9797,09.09.2011 03:00:00,6.5,6.31,5,3.93,2.81
9798,09.09.2011 04:00:00,6.31,6.25,5,3.93,2.81
9799,09.09.2011 05:00:00,6.06,6.25,5,3.93,2.81
9800,09.09.2011 06:00:00,5.93,6.18,5,3.93,2.81,3.646
9801,09.09.2011 07:00:00,5.81,6.18,5,3.93,2.81
9802,09.09.2011 08:00:00,5.62,6.12,5,3.93,2.87
9803,09.09.2011 09:00:00,5.43,6.06,5.06,3.93,2.87
9804,09.09.2011 10:00:00,5.25,6,5.06,3.93,2.81
9805,09.09.2011 11:00:00,5.12,5.93,5.06,3.93,2.81
9806,09.09.2011 12:00:00,5,5.93,5.06,4,2.81,3.638
9807,09.09.2011 13:00:00,4.87,5.87,5.06,3.93,2.81
9808,09.09.2011 14:00:00,4.75,5.81,5.06,3.93,2.81
9809,09.09.2011 15:00:00,4.62,5.75,5.06,3.93,2.81
9810,09.09.2011 16:00:00,4.5,5.68,5,4,2.81
9811,09.09.2011 17:00:00,4.37,5.68,5,4,2.81
9812,09.09.2011 18:00:00,4.25,5.56,5,4,2.87,3.639
9813,09.09.2011 19:00:00,4.18,5.56,5,4,2.81
9814,09.09.2011 20:00:00,4.06,5.5,5,4,2.81
9815,09.09.2011 21:00:00,3.93,5.43,4.93,4,2.81
9816,09.09.2011 22:00:00,3.81,5.37,4.93,4,2.87
9817,09.09.2011 23:00:00,3.75,5.31,4.93,4,2.81
9818,10.09.2011 00:00:00,3.68,5.25,4.93,4,2.87,3.630
9819,10.09.2011 01:00:00,3.62,5.18,4.93,4,2.87
9820,10.09.2011 02:00:00,3.56,5.12,4.87,4,2.81
9821,10.09.2011 03:00:00,3.43,5.06,4.87,4,2.81
9822,10.09.2011 04:00:00,3.37,5,4.81,4,2.81
9823,10.09.2011 05:00:00,3.31,4.93,4.81,4,2.81
9824,10.09.2011 06:00:00,3.31,4.93,4.81,4,2.81,3.627
9825,10.09.2011 07:00:00,3.25,4.87,4.81,4,2.87
9826,10.09.2011 08:00:00,3.18,4.81,4.75,4,2.81
9827,10.09.2011 09:00:00,3.12,4.81,4.75,4,2.81
9828,10.09.2011 10:00:00,3.12,4.68,4.75,4,2.81
9829,10.09.2011 11:00:00,3.06,4.62,4.68,4,2.87
9830,10.09.2011 12:00:00,3.06,4.62,4.68,4,2.87,3.625
9831,10.09.2011 13:00:00,3,4.62,4.68,3.93,2.87
9832,10.09.2011 14:00:00,3,4.56,4.62,3.93,2.87
9833,10.09.2011 15:00:00,3.25,4.5,4.62,3.93,2.87
9834,10.09.2011 16:00:00,3.87,4.43,4.56,3.93,2.87
9835,10.09.2011 17:00:00,4.43,4.43,4.56,3.93,2.87
9836,10.09.2011 18:00:00,4.75,4.43,4.56,3.93,2.87,3.644
9837,10.09.2011 19:00:00,4.93,4.43,4.5,3.93,2.87
9838,10.09.2011 20:00:00,4.87,4.43,4.5,3.93,2.87
9839,10.09.2011 21:00:00,4.75,4.5,4.43,3.87,2.87
9840,10.09.2011 22:00:00,4.56,4.5,4.43,3.93,2.87
9841,10.09.2011 23:00:00,4.37,4.56,4.43,3.87,2.87
9842,11.09.2011 00:00:00,4.12,4.56,4.43,3.93,2.87,3.634
9843,11.09.2011 01:00:00,3.93,4.56,4.43,3.87,2.87
9844,11.09.2011 02:00:00,3.75,4.56,4.37,3.87,2.87
9845,11.09.2011 03:00:00,3.62,4.56,4.37,3.87,2.87
9846,11.09.2011 04:00:00,3.43,4.56,4.37,3.87,2.87
9847,11.09.2011 05:00:00,3.31,4.5,4.37,3.87,2.87
9848,11.09.2011 06:00:00,3.18,4.5,4.37,3.81,2.87,3.631
9849,11.09.2011 07:00:00,3.06,4.5,4.37,3.81,2.87
9850,11.09.2011 08:00:00,2.93,4.43,4.37,3.81,2.81
9851,11.09.2011 09:00:00,2.81,4.37,4.31,3.81,2.87
9852,11.09.2011 10:00:00,2.68,4.31,4.31,3.81,2.81
9853,11.09.2011 11:00:00,2.75,4.31,4.31,3.81,2.87
9854,11.09.2011 12:00:00,3.18,4.25,4.31,3.75,2.81,3.631
9855,11.09.2011 13:00:00,3.93,4.18,4.31,3.81,2.81
9856,11.09.2011 14:00:00,4.81,4.18,4.31,3.75,2.81
9857,11.09.2011 15:00:00,5.68,4.18,4.25,3.75,2.87
9858,11.09.2011 16:00:00,6.43,4.18,4.25,3.81,2.81
9859,11.09.2011 17:00:00,6.93,4.18,4.18,3.75,2.81
9860,11.09.2011 18:00:00,7.18,4.31,4.18,3.75,2.81,3.667
9861,11.09.2011 19:00:00,7.12,4.37,4.18,3.75,2.81
9862,11.09.2011 20:00:00,6.93,4.5,4.18,3.75,2.87
9863,11.09.2011 21:00:00,6.62,4.62,4.18,3.75,2.81
9864,11.09.2011 22:00:00,6.31,4.75,4.18,3.75,2.81
9865,11.09.2011 23:00:00,5.87,4.81,4.18,3.75,2.81
9866,12.09.2011 00:00:00,5.56,4.87,4.18,3.68,2.81,3.650
9867,12.09.2011 01:00:00,5.25,4.93,4.18,3.68,2.81
9868,12.09.2011 02:00:00,5,4.93,4.25,3.68,2.81
9869,12.09.2011 03:00:00,4.68,5,4.25,3.68,2.81
9870,12.09.2011 04:00:00,4.5,4.93,4.25,3.68,2.81
9871,12.09.2011 05:00:00,4.25,4.93,4.25,3.68,2.81
9872,12.09.2011 06:00:00,4.06,4.93,4.25,3.68,2.81,3.631
9873,12.09.2011 07:00:00,3.87,4.87,4.31,3.68,2.81
9874,12.09.2011 08:00:00,3.68,4.87,4.31,3.68,2.81
9875,12.09.2011 09:00:00,3.5,4.81,4.31,3.68,2.81
9876,12.09.2011 10:00:00,3.37,4.75,4.31,3.68,2.81
9877,12.09.2011 11:00:00,3.5,4.68,4.31,3.62,2.81
9878,12.09.2011 12:00:00,4.06,4.68,4.31,3.68,2.81,3.643
9879,12.09.2011 13:00:00,4.87,4.62,4.31,3.62,2.81
9880,12.09.2011 14:00:00,5.81,4.56,4.31,3.62,2.81
9881,12.09.2011 15:00:00,6.56,4.56,4.31,3.68,2.81
9882,12.09.2011 16:00:00,7.12,4.62,4.31,3.68,2.81
9883,12.09.2011 17:00:00,7.5,4.68,4.25,3.62,2.81
9884,12.09.2011 18:00:00,7.68,4.75,4.25,3.68,2.81,3.663
9885,12.09.2011 19:00:00,7.62,4.81,4.25,3.62,2.81
9886,12.09.2011 20:00:00,7.43,4.93,4.25,3.68,2.81
9887,12.09.2011 21:00:00,7.18,5.06,4.25,3.62,2.81
9888,12.09.2011 22:00:00,6.87,5.12,4.31,3.62,2.81
9889,12.09.2011 23:00:00,6.56,5.18,4.31,3.62,2.75
9890,13.09.2011 00:00:00,6.18,5.25,4.31,3.62,2.75,3.651
9891,13.09.2011 01:00:00,5.87,5.31,4.31,3.62,2.81
9892,13.09.2011 02:00:00,5.56,5.31,4.31,3.62,2.75
9893,13.09.2011 03:00:00,5.25,5.37,4.37,3.62,2.75
9894,13.09.2011 04:00:00,4.93,5.37,4.37,3.62,2.75
9895,13.09.2011 05:00:00,4.68,5.31,4.43,3.62,2.75
9896,13.09.2011 06:00:00,4.5,5.31,4.37,3.62,2.75,3.632
9897,13.09.2011 07:00:00,4.25,5.25,4.43,3.62,2.75
9898,13.09.2011 08:00:00,4.06,5.18,4.43,3.62,2.75
9899,13.09.2011 09:00:00,3.87,5.18,4.43,3.62,2.75
9900,13.09.2011 10:00:00,3.75,5.12,4.43,3.62,2.75
9901,13.09.2011 11:00:00,3.93,5.06,4.43,3.68,2.75
9902,13.09.2011 12:00:00,4.43,5,4.43,3.62,2.75,3.640
9903,13.09.2011 13:00:00,5.18,4.93,4.43,3.62,2.75
9904,13.09.2011 14:00:00,6,4.87,4.43,3.62,2.75
9905,13.09.2011 15:00:00,6.75,4.87,4.43,3.62,2.75
9906,13.09.2011 16:00:00,7.43,4.87,4.43,3.68,2.75
9907,13.09.2011 17:00:00,7.87,4.93,4.43,3.62,2.75
9908,13.09.2011 18:00:00,8.12,5,4.43,3.68,2.75,3.668
9909,13.09.2011 19:00:00,8.18,5.12,4.43,3.62,2.75
9910,13.09.2011 20:00:00,8,5.25,4.43,3.68,2.75
9911,13.09.2011 21:00:00,7.68,5.31,4.43,3.68,2.75
9912,13.09.2011 22:00:00,7.31,5.37,4.43,3.68,2.75
9913,13.09.2011 23:00:00,6.87,5.5,4.43,3.68,2.75
9914,14.09.2011 00:00:00,6.5,5.56,4.43,3.68,2.75,3.654
9915,14.09.2011 01:00:00,6.12,5.56,4.43,3.68,2.75
9916,14.09.2011 02:00:00,5.75,5.62,4.5,3.68,2.75
9917,14.09.2011 03:00:00,5.43,5.62,4.5,3.68,2.75
9918,14.09.2011 04:00:00,5.12,5.56,4.5,3.62,2.75
9919,14.09.2011 05:00:00,4.87,5.56,4.56,3.68,2.75
9920,14.09.2011 06:00:00,4.62,5.5,4.56,3.68,2.75,3.637
9921,14.09.2011 07:00:00,4.37,5.5,4.56,3.68,2.75
9922,14.09.2011 08:00:00,4.12,5.43,4.56,3.68,2.75
9923,14.09.2011 09:00:00,3.93,5.37,4.56,3.68,2.75
9924,14.09.2011 10:00:00,3.81,5.31,4.56,3.68,2.75
9925,14.09.2011 11:00:00,4,5.25,4.56,3.68,2.75
9926,14.09.2011 12:00:00,4.56,5.18,4.62,3.68,2.75,3.646
9927,14.09.2011 13:00:00,5.31,5.12,4.56,3.68,2.75
9928,14.09.2011 14:00:00,5.87,5.06,4.56,3.68,2.75
9929,14.09.2011 15:00:00,6.25,5.06,4.56,3.68,2.75
9930,14.09.2011 16:00:00,6.43,5.06,4.56,3.68,2.75
9931,14.09.2011 17:00:00,6.56,5.06,4.56,3.68,2.75
9932,14.09.2011 18:00:00,6.56,5.12,4.56,3.68,2.75,3.653
9933,14.09.2011 19:00:00,6.5,5.12,4.56,3.68,2.75
9934,14.09.2011 20:00:00,6.31,5.18,4.56,3.68,2.75
9935,14.09.2011 21:00:00,6.18,5.25,4.5,3.68,2.75
9936,14.09.2011 22:00:00,5.93,5.25,4.5,3.68,2.75
9937,14.09.2011 23:00:00,5.68,5.31,4.5,3.75,2.75
9938,15.09.2011 00:00:00,5.43,5.31,4.56,3.68,2.75,3.647
9939,15.09.2011 01:00:00,5.18,5.31,4.5,3.68,2.75
9940,15.09.2011 02:00:00,4.93,5.31,4.5,3.68,2.75
9941,15.09.2011 03:00:00,4.68,5.31,4.56,3.68,2.75
9942,15.09.2011 04:00:00,4.43,5.25,4.56,3.75,2.75
9943,15.09.2011 05:00:00,4.25,5.25,4.56,3.68,2.75
9944,15.09.2011 06:00:00,4.06,5.18,4.56,3.75,2.75,3.632
9945,15.09.2011 07:00:00,3.87,5.12,4.56,3.75,2.75
9946,15.09.2011 08:00:00,3.75,5.06,4.56,3.75,2.75
9947,15.09.2011 09:00:00,3.56,5.06,4.56,3.68,2.75
9948,15.09.2011 10:00:00,3.56,5,4.56,3.68,2.75
9949,15.09.2011 11:00:00,3.75,4.93,4.56,3.75,2.75
9950,15.09.2011 12:00:00,4.12,4.87,4.5,3.75,2.75,3.641
9951,15.09.2011 13:00:00,4.5,4.81,4.5,3.75,2.75
9952,15.09.2011 14:00:00,4.75,4.81,4.5,3.75,2.75
9953,15.09.2011 15:00:00,5.18,4.75,4.5,3.68,2.75
9954,15.09.2011 16:00:00,5.56,4.75,4.5,3.75,2.75
9955,15.09.2011 17:00:00,5.68,4.75,4.43,3.75,2.75
9956,15.09.2011 18:00:00,5.5,4.75,4.43,3.75,2.75,3.649
9957,15.09.2011 19:00:00,5.37,4.81,4.43,3.68,2.75
9958,15.09.2011 20:00:00,5.18,4.81,4.43,3.75,2.75
9959,15.09.2011 21:00:00,5,4.81,4.37,3.68,2.75
9960,15.09.2011 22:00:00,4.87,4.87,4.43,3.68,2.75
9961,15.09.2011 23:00:00,4.68,4.87,4.43,3.68,2.75
9962,16.09.2011 00:00:00,4.56,4.87,4.43,3.68,2.75,3.641
9963,16.09.2011 01:00:00,4.37,4.87,4.37,3.68,2.75
9964,16.09.2011 02:00:00,4.25,4.87,4.37,3.68,2.75
9965,16.09.2011 03:00:00,4.12,4.87,4.37,3.68,2.75
9966,16.09.2011 04:00:00,4.06,4.81,4.37,3.68,2.75
9967,16.09.2011 05:00:00,3.93,4.81,4.37,3.68,2.75
9968,16.09.2011 06:00:00,3.81,4.75,4.37,3.68,2.75,3.628
9969,16.09.2011 07:00:00,3.75,4.75,4.37,3.68,2.75
9970,16.09.2011 08:00:00,3.68,4.75,4.37,3.68,2.75
9971,16.09.2011 09:00:00,3.62,4.68,4.37,3.68,2.75
9972,16.09.2011 10:00:00,3.56,4.62,4.37,3.68,2.75
9973,16.09.2011 11:00:00,3.5,4.62,4.31,3.68,2.75
9974,16.09.2011 12:00:00,3.43,4.56,4.31,3.68,2.75,3.625
9975,16.09.2011 13:00:00,3.31,4.56,4.31,3.68,2.75
9976,16.09.2011 14:00:00,3.25,4.5,4.31,3.68,2.75
9977,16.09.2011 15:00:00,3.18,4.5,4.31,3.68,2.75
9978,16.09.2011 16:00:00,3.18,4.43,4.31,3.62,2.75
9979,16.09.2011 17:00:00,3.06,4.37,4.31,3.68,2.75
9980,16.09.2011 18:00:00,3.06,4.37,4.25,3.68,2.75,3.626
9981,16.09.2011 19:00:00,2.93,4.31,4.25,3.62,2.75
9982,16.09.2011 20:00:00,2.93,4.31,4.25,3.68,2.75
9983,16.09.2011 21:00:00,2.81,4.25,4.25,3.62,2.75
9984,16.09.2011 22:00:00,2.81,4.18,4.18,3.68,2.75
9985,16.09.2011 23:00:00,2.75,4.18,4.18,3.62,2.75
9986,17.09.2011 00:00:00,2.75,4.12,4.18,3.62,2.75,3.621
9987,17.09.2011 01:00:00,2.68,4.12,4.18,3.62,2.75
9988,17.09.2011 02:00:00,2.68,4.06,4.12,3.62,2.75
9989,17.09.2011 03:00:00,2.62,4.06,4.12,3.62,2.75
9990,17.09.2011 04:00:00,2.62,4,4.12,3.62,2.75
9991,17.09.2011 05:00:00,2.56,4,4.12,3.62,2.75
9992,17.09.2011 06:00:00,2.5,3.93,4.06,3.62,2.75,3.619
9993,17.09.2011 07:00:00,2.5,3.93,4.06,3.62,2.75
9994,17.09.2011 08:00:00,2.43,3.87,4.06,3.62,2.75
9995,17.09.2011 09:00:00,2.43,3.87,4,3.56,2.75
9996,17.09.2011 10:00:00,2.37,3.81,4,3.56,2.75
9997,17.09.2011 11:00:00,2.37,3.81,4,3.56,2.68
9998,17.09.2011 12:00:00,2.37,3.75,3.93,3.56,2.75,3.624
9999,17.09.2011 13:00:00,2.37,3.75,4,3.56,2.75
10000,17.09.2011 14:00:00,2.31,3.68,3.93,3.56,2.68
10001,17.09.2011 15:00:00,2.31,3.68,3.93,3.56,2.75
10002,17.09.2011 16:00:00,2.31,3.62,3.87,3.56,2.75
10003,17.09.2011 17:00:00,2.25,3.62,3.87,3.5,2.68
10004,17.09.2011 18:00:00,2.25,3.56,3.87,3.5,2.75,3.621
10005,17.09.2011 19:00:00,2.25,3.56,3.81,3.5,2.68
10006,17.09.2011 20:00:00,2.25,3.56,3.81,3.5,2.68
10007,17.09.2011 21:00:00,2.18,3.5,3.81,3.5,2.68
10008,17.09.2011 22:00:00,2.18,3.5,3.81,3.5,2.75
10009,17.09.2011 23:00:00,2.12,3.5,3.75,3.5,2.68
10010,18.09.2011 00:00:00,2.06,3.43,3.75,3.5,2.68,3.616
10011,18.09.2011 01:00:00,2,3.43,3.75,3.43,2.68
10012,18.09.2011 02:00:00,2,3.43,3.75,3.43,2.68
10013,18.09.2011 03:00:00,1.93,3.37,3.75,3.43,2.68
10014,18.09.2011 04:00:00,1.87,3.37,3.68,3.43,2.68
10015,18.09.2011 05:00:00,1.81,3.31,3.68,3.43,2.68
10016,18.09.2011 06:00:00,1.81,3.31,3.62,3.43,2.68,3.614
10017,18.09.2011 07:00:00,1.75,3.25,3.62,3.43,2.68
10018,18.09.2011 08:00:00,1.68,3.25,3.62,3.37,2.68
10019,18.09.2011 09:00:00,1.62,3.18,3.62,3.37,2.68
10020,18.09.2011 10:00:00,1.62,3.18,3.56,3.37,2.68
10021,18.09.2011 11:00:00,1.62,3.18,3.56,3.37,2.68
10022,18.09.2011 12:00:00,1.5,3.12,3.56,3.37,2.68,3.611
10023,18.09.2011 13:00:00,1.5,3.06,3.56,3.37,2.68
10024,18.09.2011 14:00:00,1.93,3.06,3.5,3.31,2.68
10025,18.09.2011 15:00:00,2.62,3.06,3.5,3.31,2.68
10026,18.09.2011 16:00:00,3.31,3.06,3.5,3.31,2.68
10027,18.09.2011 17:00:00,3.87,3.06,3.43,3.31,2.68
10028,18.09.2011 18:00:00,4.25,3.06,3.43,3.31,2.68,3.642
10029,18.09.2011 19:00:00,4.37,3.12,3.43,3.31,2.68
10030,18.09.2011 20:00:00,4.25,3.18,3.37,3.25,2.68
10031,18.09.2011 21:00:00,4.06,3.25,3.37,3.31,2.62
10032,18.09.2011 22:00:00,3.81,3.31,3.37,3.25,2.62
10033,18.09.2011 23:00:00,3.62,3.37,3.37,3.25,2.62
10034,19.09.2011 00:00:00,3.37,3.43,3.37,3.25,2.62,3.634
10035,19.09.2011 01:00:00,3.18,3.43,3.37,3.25,2.62
10036,19.09.2011 02:00:00,3,3.5,3.37,3.25,2.68
10037,19.09.2011 03:00:00,2.87,3.5,3.37,3.25,2.62
10038,19.09.2011 04:00:00,2.68,3.5,3.37,3.18,2.62
10039,19.09.2011 05:00:00,2.56,3.5,3.37,3.18,2.62
10040,19.09.2011 06:00:00,2.43,3.43,3.37,3.18,2.62,3.619
10041,19.09.2011 07:00:00,2.37,3.43,3.37,3.18,2.62
10042,19.09.2011 08:00:00,2.25,3.43,3.43,3.18,2.62
10043,19.09.2011 09:00:00,2.18,3.37,3.37,3.18,2.62
10044,19.09.2011 10:00:00,2.06,3.37,3.37,3.18,2.62
10045,19.09.2011 11:00:00,2,3.31,3.37,3.12,2.62
10046,19.09.2011 12:00:00,1.93,3.31,3.37,3.12,2.62,3.619
10047,19.09.2011 13:00:00,1.93,3.25,3.37,3.12,2.62
10048,19.09.2011 14:00:00,2.12,3.25,3.37,3.12,2.56
10049,19.09.2011 15:00:00,2.43,3.18,3.37,3.12,2.62
10050,19.09.2011 16:00:00,2.68,3.18,3.37,3.12,2.56
10051,19.09.2011 17:00:00,2.93,3.18,3.37,3.12,2.62
10052,19.09.2011 18:00:00,3.12,3.18,3.31,3.12,2.56,3.635
10053,19.09.2011 19:00:00,3.18,3.18,3.31,3.12,2.56
10054,19.09.2011 20:00:00,3.12,3.18,3.31,3.06,2.56
10055,19.09.2011 21:00:00,3.06,3.18,3.31,3.12,2.56
10056,19.09.2011 22:00:00,2.93,3.25,3.31,3.06,2.56
10057,19.09.2011 23:00:00,2.81,3.25,3.31,3.06,2.56
10058,20.09.2011 00:00:00,2.68,3.25,3.25,3.06,2.56,3.622
10059,20.09.2011 01:00:00,2.56,3.25,3.25,3.06,2.56
10060,20.09.2011 02:00:00,2.43,3.25,3.25,3.06,2.56
10061,20.09.2011 03:00:00,2.31,3.25,3.25,3.06,2.56
10062,20.09.2011 04:00:00,2.25,3.25,3.25,3.06,2.56
10063,20.09.2011 05:00:00,2.18,3.25,3.25,3.06,2.56
10064,20.09.2011 06:00:00,2.06,3.18,3.25,3.06,2.56,3.622
10065,20.09.2011 07:00:00,2,3.18,3.25,3.06,2.56
10066,20.09.2011 08:00:00,1.93,3.18,3.25,3.06,2.56
10067,20.09.2011 09:00:00,1.87,3.12,3.25,3,2.56
10068,20.09.2011 10:00:00,1.81,3.12,3.25,3.06,2.5
10069,20.09.2011 11:00:00,1.81,3.06,3.18,3,2.5
10070,20.09.2011 12:00:00,2,3.06,3.25,3,2.5,3.619
10071,20.09.2011 13:00:00,2.37,3.06,3.18,3,2.5
10072,20.09.2011 14:00:00,2.75,3,3.18,3,2.5
10073,20.09.2011 15:00:00,3.12,3,3.18,3,2.5
10074,20.09.2011 16:00:00,3.5,3,3.18,3,2.5
10075,20.09.2011 17:00:00,3.93,3,3.18,3,2.5
10076,20.09.2011 18:00:00,4.18,3.06,3.12,3,2.5,3.645
10077,20.09.2011 19:00:00,4.25,3.12,3.12,3,2.5
10078,20.09.2011 20:00:00,4.18,3.12,3.12,2.93,2.5
10079,20.09.2011 21:00:00,3.93,3.18,3.12,2.93,2.5
10080,20.09.2011 22:00:00,3.68,3.25,3.12,2.93,2.5
10081,20.09.2011 23:00:00,3.43,3.31,3.12,2.93,2.5
10082,21.09.2011 00:00:00,3.25,3.31,3.12,2.93,2.5,3.625
10083,21.09.2011 01:00:00,3.06,3.37,3.12,2.93,2.5
10084,21.09.2011 02:00:00,2.93,3.37,3.18,2.93,2.5
10085,21.09.2011 03:00:00,2.75,3.37,3.12,2.93,2.43
10086,21.09.2011 04:00:00,2.62,3.37,3.18,2.93,2.43
10087,21.09.2011 05:00:00,2.5,3.37,3.18,2.93,2.43
10088,21.09.2011 06:00:00,2.31,3.37,3.18,2.87,2.43,3.618
10089,21.09.2011 07:00:00,2.25,3.31,3.18,2.87,2.43
10090,21.09.2011 08:00:00,2.12,3.31,3.18,2.87,2.43
10091,21.09.2011 09:00:00,2.06,3.25,3.18,2.87,2.5
10092,21.09.2011 10:00:00,1.93,3.25,3.18,2.93,2.43
10093,21.09.2011 11:00:00,1.87,3.18,3.18,2.87,2.43
10094,21.09.2011 12:00:00,1.93,3.18,3.18,2.87,2.43,3.615
10095,21.09.2011 13:00:00,2.18,3.12,3.18,2.87,2.43
10096,21.09.2011 14:00:00,2.68,3.06,3.18,2.87,2.43
10097,21.09.2011 15:00:00,3.25,3.06,3.12,2.87,2.43
10098,21.09.2011 16:00:00,3.56,3.06,3.18,2.87,2.43
10099,21.09.2011 17:00:00,3.75,3.06,3.12,2.87,2.43
10100,21.09.2011 18:00:00,3.81,3.06,3.12,2.87,2.37,3.640
10101,21.09.2011 19:00:00,3.68,3.12,3.12,2.87,2.37
10102,21.09.2011 20:00:00,3.56,3.18,3.12,2.87,2.37
10103,21.09.2011 21:00:00,3.31,3.18,3.12,2.87,2.43
10104,21.09.2011 22:00:00,3.18,3.25,3.06,2.87,2.37
10105,21.09.2011 23:00:00,3,3.31,3.12,2.87,2.37
10106,22.09.2011 00:00:00,2.87,3.31,3.12,2.87,2.37,3.625
10107,22.09.2011 01:00:00,2.68,3.31,3.12,2.87,2.37
10108,22.09.2011 02:00:00,2.62,3.31,3.12,2.81,2.37
10109,22.09.2011 03:00:00,2.5,3.31,3.12,2.81,2.37
10110,22.09.2011 04:00:00,2.37,3.25,3.12,2.81,2.37
10111,22.09.2011 05:00:00,2.25,3.25,3.12,2.81,2.37
10112,22.09.2011 06:00:00,2.18,3.25,3.12,2.81,2.37,3.621
10113,22.09.2011 07:00:00,2.06,3.18,3.12,2.81,2.37
10114,22.09.2011 08:00:00,2,3.18,3.12,2.81,2.37
10115,22.09.2011 09:00:00,1.93,3.12,3.12,2.81,2.37
10116,22.09.2011 10:00:00,1.87,3.12,3.12,2.81,2.37
10117,22.09.2011 11:00:00,1.81,3.06,3.12,2.81,2.37
10118,22.09.2011 12:00:00,1.81,3.06,3.12,2.81,2.37,3.612
10119,22.09.2011 13:00:00,1.75,3,3.06,2.81,2.37
10120,22.09.2011 14:00:00,1.68,3,3.06,2.81,2.37
10121,22.09.2011 15:00:00,1.62,3,3.06,2.81,2.37
10122,22.09.2011 16:00:00,1.62,2.93,3.06,2.81,2.31
10123,22.09.2011 17:00:00,1.75,2.93,3.06,2.81,2.31
10124,22.09.2011 18:00:00,1.87,2.87,3.06,2.81,2.31,3.621
10125,22.09.2011 19:00:00,1.93,2.87,3,2.81,2.37
10126,22.09.2011 20:00:00,1.93,2.87,3.06,2.75,2.31
10127,22.09.2011 21:00:00,1.87,2.81,3,2.75,2.31
10128,22.09.2011 22:00:00,1.81,2.81,3,2.75,2.31
10129,22.09.2011 23:00:00,1.75,2.81,3,2.75,2.31
10130,23.09.2011 00:00:00,1.68,2.81,3,2.75,2.31,3.615
10131,23.09.2011 01:00:00,1.62,2.75,3,2.75,2.31
10132,23.09.2011 02:00:00,1.56,2.75,2.93,2.75,2.31
10133,23.09.2011 03:00:00,1.5,2.75,2.93,2.75,2.31
10134,23.09.2011 04:00:00,1.5,2.75,2.93,2.75,2.31
10135,23.09.2011 05:00:00,1.37,2.68,2.93,2.75,2.31
10136,23.09.2011 06:00:00,1.31,2.68,2.93,2.75,2.31,3.615
10137,23.09.2011 07:00:00,1.31,2.62,2.93,2.75,2.31
10138,23.09.2011 08:00:00,1.25,2.62,2.93,2.68,2.31
10139,23.09.2011 09:00:00,1.18,2.62,2.87,2.75,2.31
10140,23.09.2011 10:00:00,1.12,2.56,2.87,2.75,2.31
10141,23.09.2011 11:00:00,1.12,2.56,2.87,2.68,2.31
10142,23.09.2011 12:00:00,1.06,2.5,2.87,2.68,2.25,3.609
10143,23.09.2011 13:00:00,1.06,2.5,2.81,2.68,2.31
10144,23.09.2011 14:00:00,1,2.43,2.81,2.68,2.25
10145,23.09.2011 15:00:00,1,2.43,2.81,2.68,2.31
10146,23.09.2011 16:00:00,1.06,2.43,2.81,2.68,2.25
10147,23.09.2011 17:00:00,1.12,2.37,2.75,2.68,2.31
10148,23.09.2011 18:00:00,1.18,2.37,2.75,2.68,2.25,3.616
10149,23.09.2011 19:00:00,1.25,2.31,2.75,2.68,2.25
10150,23.09.2011 20:00:00,1.25,2.31,2.75,2.62,2.25
10151,23.09.2011 21:00:00,1.25,2.31,2.75,2.68,2.25
10152,23.09.2011 22:00:00,1.25,2.31,2.68,2.62,2.25
10153,23.09.2011 23:00:00,1.25,2.31,2.75,2.62,2.25
10154,24.09.2011 00:00:00,1.25,2.31,2.68,2.62,2.25,3.608
10155,24.09.2011 01:00:00,1.25,2.25,2.68,2.62,2.25
10156,24.09.2011 02:00:00,1.18,2.25,2.62,2.62,2.25
10157,24.09.2011 03:00:00,1.18,2.25,2.62,2.62,2.25
10158,24.09.2011 04:00:00,1.18,2.25,2.62,2.62,2.25
10159,24.09.2011 05:00:00,1.18,2.25,2.62,2.56,2.25
10160,24.09.2011 06:00:00,1.12,2.25,2.62,2.56,2.25,3.608
10161,24.09.2011 07:00:00,1.12,2.25,2.62,2.56,2.18
10162,24.09.2011 08:00:00,1.12,2.18,2.56,2.56,2.18
10163,24.09.2011 09:00:00,1.06,2.18,2.62,2.56,2.25
10164,24.09.2011 10:00:00,1.06,2.18,2.56,2.56,2.18
10165,24.09.2011 11:00:00,1.06,2.18,2.56,2.56,2.18
10166,24.09.2011 12:00:00,1.06,2.18,2.56,2.5,2.18,3.608
10167,24.09.2011 13:00:00,1.06,2.12,2.5,2.5,2.18
10168,24.09.2011 14:00:00,1.06,2.18,2.56,2.56,2.18
10169,24.09.2011 15:00:00,1.31,2.12,2.5,2.5,2.18
10170,24.09.2011 16:00:00,1.75,2.12,2.5,2.5,2.18
10171,24.09.2011 17:00:00,2.25,2.12,2.5,2.5,2.18
10172,24.09.2011 18:00:00,2.56,2.12,2.5,2.5,2.18,3.625
10173,24.09.2011 19:00:00,2.68,2.18,2.5,2.5,2.18
10174,24.09.2011 20:00:00,2.62,2.18,2.5,2.43,2.18
10175,24.09.2011 21:00:00,2.43,2.25,2.43,2.43,2.12
10176,24.09.2011 22:00:00,2.31,2.31,2.43,2.43,2.18
10177,24.09.2011 23:00:00,2.18,2.31,2.43,2.43,2.18
10178,25.09.2011 00:00:00,2.06,2.37,2.43,2.43,2.18,3.614
10179,25.09.2011 01:00:00,1.93,2.37,2.43,2.43,2.18
10180,25.09.2011 02:00:00,1.81,2.37,2.43,2.43,2.12
10181,25.09.2011 03:00:00,1.68,2.37,2.43,2.37,2.12
10182,25.09.2011 04:00:00,1.62,2.37,2.43,2.37,2.12
10183,25.09.2011 05:00:00,1.5,2.37,2.43,2.43,2.18
10184,25.09.2011 06:00:00,1.43,2.37,2.5,2.43,2.12,3.615
10185,25.09.2011 07:00:00,1.31,2.37,2.43,2.37,2.12
10186,25.09.2011 08:00:00,1.25,2.37,2.43,2.43,2.12
10187,25.09.2011 09:00:00,1.18,2.31,2.43,2.37,2.12
10188,25.09.2011 10:00:00,1.12,2.31,2.43,2.37,2.12
10189,25.09.2011 11:00:00,1.12,2.31,2.43,2.37,2.12
10190,25.09.2011 12:00:00,1.06,2.25,2.43,2.37,2.12,3.610
10191,25.09.2011 13:00:00,1.18,2.25,2.43,2.37,2.12
10192,25.09.2011 14:00:00,1.56,2.18,2.43,2.37,2.12
10193,25.09.2011 15:00:00,2.06,2.18,2.43,2.37,2.12
10194,25.09.2011 16:00:00,2.62,2.18,2.43,2.37,2.12
10195,25.09.2011 17:00:00,3.06,2.18,2.43,2.31,2.06
10196,25.09.2011 18:00:00,3.37,2.18,2.43,2.37,2.06,3.633
10197,25.09.2011 19:00:00,3.5,2.25,2.37,2.31,2.06
10198,25.09.2011 20:00:00,3.43,2.31,2.37,2.37,2.06
10199,25.09.2011 21:00:00,3.25,2.37,2.37,2.31,2.06
10200,25.09.2011 22:00:00,3,2.43,2.37,2.31,2.06
10201,25.09.2011 23:00:00,2.81,2.5,2.37,2.31,2.06
10202,26.09.2011 00:00:00,2.62,2.5,2.37,2.31,2.06,3.619
10203,26.09.2011 01:00:00,2.43,2.56,2.43,2.31,2.06
10204,26.09.2011 02:00:00,2.31,2.62,2.43,2.31,2.06
10205,26.09.2011 03:00:00,2.18,2.62,2.43,2.31,2.06
10206,26.09.2011 04:00:00,2.06,2.56,2.43,2.31,2.06
10207,26.09.2011 05:00:00,1.93,2.62,2.43,2.31,2.06
10208,26.09.2011 06:00:00,1.81,2.56,2.43,2.31,2.06,3.612
10209,26.09.2011 07:00:00,1.68,2.56,2.43,2.31,2.06
10210,26.09.2011 08:00:00,1.62,2.56,2.43,2.25,2
10211,26.09.2011 09:00:00,1.5,2.56,2.43,2.25,2
10212,26.09.2011 10:00:00,1.43,2.5,2.43,2.25,2
10213,26.09.2011 11:00:00,1.37,2.5,2.43,2.31,2
10214,26.09.2011 12:00:00,1.31,2.43,2.5,2.25,2,3.608
10215,26.09.2011 13:00:00,1.56,2.43,2.43,2.25,2
10216,26.09.2011 14:00:00,2.06,2.37,2.43,2.25,2
10217,26.09.2011 15:00:00,2.68,2.37,2.43,2.31,2
10218,26.09.2011 16:00:00,3.25,2.37,2.43,2.25,2
10219,26.09.2011 17:00:00,3.62,2.37,2.43,2.25,2
10220,26.09.2011 18:00:00,3.75,2.43,2.43,2.25,2,3.637
10221,26.09.2011 19:00:00,3.75,2.43,2.43,2.25,2
10222,26.09.2011 20:00:00,3.56,2.5,2.43,2.25,2
10223,26.09.2011 21:00:00,3.31,2.56,2.43,2.25,2
10224,26.09.2011 22:00:00,3.12,2.62,2.43,2.25,1.93
10225,26.09.2011 23:00:00,2.87,2.68,2.43,2.25,2
10226,27.09.2011 00:00:00,2.68,2.75,2.43,2.25,1.93,3.619
10227,27.09.2011 01:00:00,2.5,2.75,2.43,2.25,1.93
10228,27.09.2011 02:00:00,2.37,2.75,2.43,2.25,1.93
10229,27.09.2011 03:00:00,2.18,2.75,2.43,2.25,1.93
10230,27.09.2011 04:00:00,2.06,2.75,2.43,2.25,1.93
10231,27.09.2011 05:00:00,1.93,2.75,2.5,2.25,1.93
10232,27.09.2011 06:00:00,1.81,2.75,2.5,2.25,1.93,3.616
10233,27.09.2011 07:00:00,1.68,2.68,2.5,2.25,1.93
10234,27.09.2011 08:00:00,1.62,2.68,2.5,2.25,1.93
10235,27.09.2011 09:00:00,1.5,2.62,2.5,2.25,1.93
10236,27.09.2011 10:00:00,1.43,2.62,2.5,2.25,1.93
10237,27.09.2011 11:00:00,1.37,2.56,2.5,2.25,1.93
10238,27.09.2011 12:00:00,1.31,2.56,2.5,2.25,1.93,3.614
10239,27.09.2011 13:00:00,1.37,2.56,2.5,2.25,1.93
10240,27.09.2011 14:00:00,1.56,2.5,2.5,2.18,1.93
10241,27.09.2011 15:00:00,1.87,2.43,2.5,2.25,1.93
10242,27.09.2011 16:00:00,2.31,2.43,2.5,2.25,1.93
10243,27.09.2011 17:00:00,2.5,2.43,2.5,2.18,1.93
10244,27.09.2011 18:00:00,2.68,2.43,2.5,2.25,1.93,3.624
10245,27.09.2011 19:00:00,2.75,2.43,2.43,2.25,1.93
10246,27.09.2011 20:00:00,2.68,2.5,2.43,2.25,1.93
10247,27.09.2011 21:00:00,2.56,2.5,2.5,2.18,1.87
10248,27.09.2011 22:00:00,2.37,2.56,2.43,2.18,1.87
10249,27.09.2011 23:00:00,2.31,2.56,2.43,2.18,1.87
10250,28.09.2011 00:00:00,2.18,2.56,2.43,2.25,1.87,3.621
10251,28.09.2011 01:00:00,2.06,2.56,2.43,2.18,1.87
10252,28.09.2011 02:00:00,1.93,2.56,2.43,2.18,1.87
10253,28.09.2011 03:00:00,1.87,2.56,2.43,2.18,1.87
10254,28.09.2011 04:00:00,1.75,2.56,2.43,2.18,1.87
10255,28.09.2011 05:00:00,1.62,2.56,2.43,2.18,1.87
10256,28.09.2011 06:00:00,1.56,2.5,2.5,2.25,1.87,3.609
10257,28.09.2011 07:00:00,1.5,2.5,2.43,2.18,1.87
10258,28.09.2011 08:00:00,1.37,2.5,2.43,2.18,1.87
10259,28.09.2011 09:00:00,1.31,2.5,2.43,2.18,1.87
10260,28.09.2011 10:00:00,1.25,2.43,2.43,2.18,1.87
10261,28.09.2011 11:00:00,1.18,2.43,2.43,2.18,1.87
10262,28.09.2011 12:00:00,1.18,2.37,2.43,2.18,1.87,3.610
10263,28.09.2011 13:00:00,1.37,2.37,2.43,2.18,1.87
10264,28.09.2011 14:00:00,1.75,2.31,2.43,2.25,1.87
10265,28.09.2011 15:00:00,2.25,2.31,2.43,2.18,1.87
10266,28.09.2011 16:00:00,2.75,2.31,2.43,2.18,1.87
10267,28.09.2011 17:00:00,3.12,2.31,2.37,2.18,1.87
10268,28.09.2011 18:00:00,3.31,2.31,2.37,2.18,1.87,3.630
10269,28.09.2011 19:00:00,3.37,2.37,2.37,2.18,1.87
10270,28.09.2011 20:00:00,3.31,2.43,2.37,2.18,1.87
10271,28.09.2011 21:00:00,3.12,2.5,2.37,2.18,1.81
10272,28.09.2011 22:00:00,2.93,2.5,2.37,2.18,1.87
10273,28.09.2011 23:00:00,2.75,2.56,2.37,2.18,1.87
10274,29.09.2011 00:00:00,2.62,2.62,2.37,2.18,1.81,3.619
10275,29.09.2011 01:00:00,2.43,2.62,2.37,2.12,1.87
10276,29.09.2011 02:00:00,2.25,2.62,2.37,2.18,1.81
10277,29.09.2011 03:00:00,2.12,2.62,2.37,2.12,1.81
10278,29.09.2011 04:00:00,2,2.62,2.37,2.12,1.87
10279,29.09.2011 05:00:00,1.93,2.62,2.43,2.18,1.81
10280,29.09.2011 06:00:00,1.81,2.62,2.37,2.12,1.81,3.611
10281,29.09.2011 07:00:00,1.68,2.62,2.43,2.12,1.81
10282,29.09.2011 08:00:00,1.62,2.56,2.43,2.12,1.81
10283,29.09.2011 09:00:00,1.56,2.56,2.43,2.12,1.81
10284,29.09.2011 10:00:00,1.43,2.56,2.43,2.12,1.81
10285,29.09.2011 11:00:00,1.37,2.5,2.37,2.12,1.81
10286,29.09.2011 12:00:00,1.31,2.5,2.43,2.12,1.81,3.612
10287,29.09.2011 13:00:00,1.43,2.43,2.43,2.12,1.81
10288,29.09.2011 14:00:00,1.68,2.43,2.43,2.12,1.81
10289,29.09.2011 15:00:00,1.87,2.37,2.43,2.12,1.81
10290,29.09.2011 16:00:00,2.06,2.37,2.43,2.12,1.81
10291,29.09.2011 17:00:00,2.31,2.37,2.43,2.12,1.81
10292,29.09.2011 18:00:00,2.37,2.37,2.37,2.12,1.81,3.624
10293,29.09.2011 19:00:00,2.43,2.37,2.37,2.12,1.81
10294,29.09.2011 20:00:00,2.37,2.37,2.37,2.12,1.81
10295,29.09.2011 21:00:00,2.31,2.37,2.37,2.12,1.81
10296,29.09.2011 22:00:00,2.25,2.43,2.37,2.12,1.81
10297,29.09.2011 23:00:00,2.18,2.43,2.37,2.12,1.81
10298,30.09.2011 00:00:00,2.12,2.43,2.37,2.12,1.81,3.621
10299,30.09.2011 01:00:00,2,2.43,2.37,2.12,1.81
10300,30.09.2011 02:00:00,2,2.43,2.37,2.12,1.81
10301,30.09.2011 03:00:00,1.93,2.43,2.37,2.12,1.81
10302,30.09.2011 04:00:00,1.87,2.43,2.37,2.12,1.81
10303,30.09.2011 05:00:00,1.81,2.43,2.37,2.12,1.75
10304,30.09.2011 06:00:00,1.75,2.43,2.37,2.12,1.81,3.611
10305,30.09.2011 07:00:00,1.68,2.43,2.37,2.12,1.75
10306,30.09.2011 08:00:00,1.62,2.43,2.37,2.12,1.75
10307,30.09.2011 09:00:00,1.62,2.43,2.37,2.12,1.75
10308,30.09.2011 10:00:00,1.56,2.37,2.31,2.12,1.75
10309,30.09.2011 11:00:00,1.56,2.37,2.37,2.12,1.75
10310,30.09.2011 12:00:00,1.5,2.37,2.37,2.06,1.75,3.615
10311,30.09.2011 13:00:00,1.5,2.37,2.31,2.06,1.75
10312,30.09.2011 14:00:00,1.5,2.31,2.37,2.12,1.75
10313,30.09.2011 15:00:00,1.81,2.31,2.37,2.06,1.75
10314,30.09.2011 16:00:00,2.12,2.31,2.31,2.12,1.75
10315,30.09.2011 17:00:00,2.37,2.31,2.31,2.12,1.75
10316,30.09.2011 18:00:00,2.5,2.31,2.31,2.06,1.75,3.624
10317,30.09.2011 19:00:00,2.43,2.31,2.31,2.06,1.75
10318,30.09.2011 20:00:00,2.37,2.31,2.31,2.06,1.75
10319,30.09.2011 21:00:00,2.25,2.31,2.31,2.06,1.75
10320,30.09.2011 22:00:00,2.18,2.37,2.31,2.06,1.75
10321,30.09.2011 23:00:00,2.12,2.37,2.31,2.06,1.75
10322,01.10.2011 00:00:00,2,2.37,2.31,2.06,1.75,3.619
10323,01.10.2011 01:00:00,1.93,2.37,2.31,2.06,1.75
10324,01.10.2011 02:00:00,1.87,2.37,2.31,2.06,1.75
10325,01.10.2011 03:00:00,1.75,2.37,2.25,2.06,1.75
10326,01.10.2011 04:00:00,1.68,2.37,2.31,2.06,1.75
10327,01.10.2011 05:00:00,1.62,2.37,2.31,2.06,1.75
10328,01.10.2011 06:00:00,1.56,2.37,2.31,2.06,1.75,3.613
10329,01.10.2011 07:00:00,1.56,2.31,2.31,2.06,1.75
10330,01.10.2011 08:00:00,1.5,2.31,2.31,2.06,1.75
10331,01.10.2011 09:00:00,1.43,2.31,2.31,2.06,1.75
10332,01.10.2011 10:00:00,1.37,2.31,2.31,2,1.75
10333,01.10.2011 11:00:00,1.37,2.25,2.25,2.06,1.75
10334,01.10.2011 12:00:00,1.31,2.25,2.25,2.06,1.68,3.612
10335,01.10.2011 13:00:00,1.37,2.25,2.31,2.06,1.75
10336,01.10.2011 14:00:00,1.56,2.18,2.25,2.06,1.68
10337,01.10.2011 15:00:00,1.93,2.18,2.25,2.06,1.68
10338,01.10.2011 16:00:00,2.18,2.18,2.25,2,1.68
10339,01.10.2011 17:00:00,2.31,2.18,2.25,2,1.68
10340,01.10.2011 18:00:00,2.43,2.18,2.25,2,1.68,3.619
10341,01.10.2011 19:00:00,2.43,2.18,2.25,2.06,1.68
10342,01.10.2011 20:00:00,2.37,2.25,2.25,2.06,1.68
10343,01.10.2011 21:00:00,2.25,2.25,2.25,2.06,1.68
10344,01.10.2011 22:00:00,2.12,2.25,2.25,2,1.68
10345,01.10.2011 23:00:00,2,2.31,2.18,2,1.68
10346,02.10.2011 00:00:00,1.87,2.31,2.25,2,1.68,3.611
10347,02.10.2011 01:00:00,1.75,2.31,2.25,2,1.68
10348,02.10.2011 02:00:00,1.68,2.31,2.18,2,1.68
10349,02.10.2011 03:00:00,1.56,2.31,2.25,2,1.68
10350,02.10.2011 04:00:00,1.5,2.31,2.25,2,1.68
10351,02.10.2011 05:00:00,1.43,2.25,2.25,2,1.68
10352,02.10.2011 06:00:00,1.31,2.25,2.18,2,1.68,3.608
10353,02.10.2011 07:00:00,1.31,2.25,2.18,2,1.68
10354,02.10.2011 08:00:00,1.18,2.18,2.18,2,1.68
10355,02.10.2011 09:00:00,1.12,2.18,2.18,2,1.68
10356,02.10.2011 10:00:00,1.06,2.18,2.18,2,1.68
10357,02.10.2011 11:00:00,1,2.12,2.18,2,1.68
10358,02.10.2011 12:00:00,1,2.12,2.18,2,1.68,3.607
10359,02.10.2011 13:00:00,1.06,2.12,2.18,2,1.68
10360,02.10.2011 14:00:00,1.37,2.06,2.18,2,1.68
10361,02.10.2011 15:00:00,1.75,2.06,2.18,2,1.68
10362,02.10.2011 16:00:00,2.18,2,2.18,2,1.68
10363,02.10.2011 17:00:00,2.56,2,2.18,2,1.68
10364,02.10.2011 18:00:00,2.75,2.06,2.12,1.93,1.68,3.624
10365,02.10.2011 19:00:00,2.75,2.06,2.12,1.93,1.68
10366,02.10.2011 20:00:00,2.68,2.06,2.12,2,1.62
10367,02.10.2011 21:00:00,2.5,2.12,2.12,2,1.62
10368,02.10.2011 22:00:00,2.31,2.18,2.12,1.93,1.62
10369,02.10.2011 23:00:00,2.18,2.18,2.12,1.93,1.62
10370,03.10.2011 00:00:00,2.06,2.25,2.12,1.93,1.68,3.619
10371,03.10.2011 01:00:00,1.93,2.25,2.12,1.93,1.68
10372,03.10.2011 02:00:00,1.81,2.25,2.12,1.93,1.62
10373,03.10.2011 03:00:00,1.68,2.25,2.12,1.93,1.62
10374,03.10.2011 04:00:00,1.62,2.25,2.12,1.93,1.68
10375,03.10.2011 05:00:00,1.5,2.25,2.12,1.93,1.62
10376,03.10.2011 06:00:00,1.37,2.25,2.18,1.93,1.62,3.610
10377,03.10.2011 07:00:00,1.31,2.18,2.12,1.93,1.62
10378,03.10.2011 08:00:00,1.25,2.18,2.12,1.87,1.62
10379,03.10.2011 09:00:00,1.18,2.18,2.12,1.93,1.62
10380,03.10.2011 10:00:00,1.12,2.18,2.12,1.93,1.62
10381,03.10.2011 11:00:00,1.06,2.12,2.18,1.93,1.62
10382,03.10.2011 12:00:00,1,2.06,2.12,1.93,1.62,3.604
10383,03.10.2011 13:00:00,1.06,2.06,2.12,1.93,1.62
10384,03.10.2011 14:00:00,1.31,2.06,2.12,1.87,1.62
10385,03.10.2011 15:00:00,1.68,2,2.12,1.93,1.62
10386,03.10.2011 16:00:00,2.12,2,2.12,1.93,1.62
10387,03.10.2011 17:00:00,2.5,2,2.12,1.93,1.62
10388,03.10.2011 18:00:00,2.68,2,2.06,1.87,1.62,3.625
10389,03.10.2011 19:00:00,2.81,2,2.12,1.93,1.62
10390,03.10.2011 20:00:00,2.75,2.06,2.06,1.87,1.62
10391,03.10.2011 21:00:00,2.56,2.12,2.06,1.87,1.62
10392,03.10.2011 22:00:00,2.43,2.12,2.06,1.87,1.62
10393,03.10.2011 23:00:00,2.25,2.18,2.06,1.87,1.62
10394,04.10.2011 00:00:00,2.12,2.25,2.12,1.87,1.62,3.615
10395,04.10.2011 01:00:00,2,2.25,2.06,1.87,1.56
10396,04.10.2011 02:00:00,1.87,2.25,2.06,1.87,1.62
10397,04.10.2011 03:00:00,1.75,2.25,2.06,1.87,1.56
10398,04.10.2011 04:00:00,1.68,2.25,2.06,1.87,1.56
10399,04.10.2011 05:00:00,1.62,2.25,2.12,1.87,1.56
10400,04.10.2011 06:00:00,1.56,2.25,2.06,1.87,1.56,3.608
10401,04.10.2011 07:00:00,1.43,2.25,2.06,1.87,1.56
10402,04.10.2011 08:00:00,1.37,2.18,2.12,1.87,1.56
10403,04.10.2011 09:00:00,1.31,2.18,2.12,1.87,1.62
10404,04.10.2011 10:00:00,1.25,2.18,2.12,1.87,1.56
10405,04.10.2011 11:00:00,1.18,2.18,2.12,1.87,1.56
10406,04.10.2011 12:00:00,1.43,2.12,2.12,1.87,1.56,3.615
10407,04.10.2011 13:00:00,1.87,2.12,2.06,1.87,1.56
10408,04.10.2011 14:00:00,2.37,2.06,2.06,1.87,1.56
10409,04.10.2011 15:00:00,2.93,2.06,2.06,1.87,1.56
10410,04.10.2011 16:00:00,3.43,2.06,2.06,1.87,1.56
10411,04.10.2011 17:00:00,3.75,2.12,2.06,1.87,1.56
10412,04.10.2011 18:00:00,3.87,2.18,2.06,1.87,1.56,3.635
10413,04.10.2011 19:00:00,3.81,2.25,2.06,1.87,1.56
10414,04.10.2011 20:00:00,3.62,2.31,2.06,1.87,1.56
10415,04.10.2011 21:00:00,3.37,2.37,2.06,1.81,1.56
10416,04.10.2011 22:00:00,3.18,2.43,2.06,1.87,1.56
10417,04.10.2011 23:00:00,2.93,2.5,2.06,1.81,1.56
10418,05.10.2011 00:00:00,2.75,2.5,2.12,1.87,1.56,3.624
10419,05.10.2011 01:00:00,2.56,2.56,2.12,1.81,1.56
10420,05.10.2011 02:00:00,2.37,2.56,2.12,1.81,1.56
10421,05.10.2011 03:00:00,2.25,2.56,2.12,1.81,1.56
10422,05.10.2011 04:00:00,2.06,2.56,2.12,1.81,1.56
10423,05.10.2011 05:00:00,1.93,2.56,2.12,1.81,1.56
10424,05.10.2011 06:00:00,1.87,2.56,2.18,1.81,1.56,3.617
10425,05.10.2011 07:00:00,1.75,2.56,2.18,1.81,1.56
10426,05.10.2011 08:00:00,1.62,2.5,2.18,1.87,1.56
10427,05.10.2011 09:00:00,1.56,2.5,2.18,1.81,1.56
10428,05.10.2011 10:00:00,1.43,2.43,2.18,1.81,1.56
10429,05.10.2011 11:00:00,1.37,2.43,2.25,1.81,1.5
10430,05.10.2011 12:00:00,1.31,2.37,2.18,1.81,1.5,3.606
10431,05.10.2011 13:00:00,1.31,2.37,2.18,1.81,1.56
10432,05.10.2011 14:00:00,1.37,2.31,2.18,1.81,1.5
10433,05.10.2011 15:00:00,1.5,2.25,2.18,1.81,1.56
10434,05.10.2011 16:00:00,1.68,2.25,2.18,1.87,1.56
10435,05.10.2011 17:00:00,1.81,2.25,2.18,1.87,1.56
10436,05.10.2011 18:00:00,1.93,2.18,2.18,1.87,1.5,3.622
10437,05.10.2011 19:00:00,1.93,2.25,2.18,1.87,1.56
10438,05.10.2011 20:00:00,1.93,2.25,2.18,1.81,1.5
10439,05.10.2011 21:00:00,1.87,2.18,2.18,1.87,1.5
10440,05.10.2011 22:00:00,1.81,2.25,2.12,1.87,1.5
10441,05.10.2011 23:00:00,1.68,2.25,2.12,1.81,1.5
10442,06.10.2011 00:00:00,1.62,2.25,2.12,1.87,1.5,3.610
10443,06.10.2011 01:00:00,1.56,2.25,2.18,1.81,1.56
10444,06.10.2011 02:00:00,1.5,2.25,2.12,1.81,1.5
10445,06.10.2011 03:00:00,1.43,2.18,2.12,1.81,1.5
10446,06.10.2011 04:00:00,1.37,2.18,2.12,1.81,1.5
10447,06.10.2011 05:00:00,1.31,2.18,2.12,1.81,1.5
10448,06.10.2011 06:00:00,1.25,2.18,2.12,1.81,1.5,3.611
10449,06.10.2011 07:00:00,1.18,2.12,2.12,1.81,1.5
10450,06.10.2011 08:00:00,1.12,2.12,2.12,1.81,1.5
10451,06.10.2011 09:00:00,1.06,2.06,2.12,1.81,1.5
10452,06.10.2011 10:00:00,1,2.12,2.12,1.81,1.5
10453,06.10.2011 11:00:00,1,2.06,2.12,1.87,1.5
10454,06.10.2011 12:00:00,1,2,2.06,1.81,1.5,3.604
10455,06.10.2011 13:00:00,1.18,2,2.12,1.81,1.5
10456,06.10.2011 14:00:00,1.5,2,2.06,1.81,1.5
10457,06.10.2011 15:00:00,1.93,2,2.06,1.81,1.5
10458,06.10.2011 16:00:00,2.25,2,2.06,1.81,1.5
10459,06.10.2011 17:00:00,2.5,1.93,2.06,1.81,1.5
10460,06.10.2011 18:00:00,2.62,2,2.06,1.81,1.5,3.623
10461,06.10.2011 19:00:00,2.56,2,2.06,1.81,1.5
10462,06.10.2011 20:00:00,2.37,2.06,2.06,1.81,1.5
10463,06.10.2011 21:00:00,2.25,2.06,2,1.81,1.5
10464,06.10.2011 22:00:00,2.06,2.12,2,1.81,1.5
10465,06.10.2011 23:00:00,1.93,2.12,2.06,1.81,1.5
10466,07.10.2011 00:00:00,1.81,2.12,2,1.81,1.5,3.611
10467,07.10.2011 01:00:00,1.68,2.18,2,1.81,1.5
10468,07.10.2011 02:00:00,1.56,2.18,2.06,1.81,1.5
10469,07.10.2011 03:00:00,1.43,2.18,2,1.81,1.5
10470,07.10.2011 04:00:00,1.37,2.12,2,1.81,1.43
10471,07.10.2011 05:00:00,1.31,2.12,2.06,1.81,1.5
10472,07.10.2011 06:00:00,1.25,2.12,2.06,1.81,1.5,3.611
10473,07.10.2011 07:00:00,1.18,2.06,2,1.81,1.5
10474,07.10.2011 08:00:00,1.12,2.06,2,1.81,1.5
10475,07.10.2011 09:00:00,1.06,2.06,2,1.81,1.5
10476,07.10.2011 10:00:00,1,2.06,2,1.75,1.5
10477,07.10.2011 11:00:00,0.93,2,2,1.75,1.5
10478,07.10.2011 12:00:00,0.87,2,2,1.75,1.43,3.607
10479,07.10.2011 13:00:00,0.87,1.93,2,1.75,1.5
10480,07.10.2011 14:00:00,0.87,1.93,2,1.75,1.5
10481,07.10.2011 15:00:00,0.81,1.93,2,1.75,1.5
10482,07.10.2011 16:00:00,0.75,1.87,2,1.75,1.5
10483,07.10.2011 17:00:00,0.75,1.87,2,1.75,1.43
10484,07.10.2011 18:00:00,0.75,1.81,2,1.75,1.43,3.607
10485,07.10.2011 19:00:00,0.68,1.81,2,1.75,1.43
10486,07.10.2011 20:00:00,0.68,1.81,2,1.75,1.43
10487,07.10.2011 21:00:00,0.62,1.81,1.93,1.75,1.43
10488,07.10.2011 22:00:00,0.62,1.75,1.93,1.75,1.43
10489,07.10.2011 23:00:00,0.62,1.75,1.93,1.75,1.43
10490,08.10.2011 00:00:00,0.56,1.68,1.93,1.75,1.43,3.601
10491,08.10.2011 01:00:00,0.56,1.68,1.93,1.75,1.43
10492,08.10.2011 02:00:00,0.56,1.68,1.93,1.75,1.43
10493,08.10.2011 03:00:00,0.56,1.68,1.87,1.75,1.43
10494,08.10.2011 04:00:00,0.56,1.62,1.87,1.68,1.43
10495,08.10.2011 05:00:00,0.56,1.62,1.87,1.75,1.43
10496,08.10.2011 06:00:00,0.5,1.62,1.87,1.75,1.43,3.604
10497,08.10.2011 07:00:00,0.5,1.56,1.81,1.68,1.43
10498,08.10.2011 08:00:00,0.5,1.56,1.81,1.68,1.43
10499,08.10.2011 09:00:00,0.43,1.56,1.81,1.68,1.43
10500,08.10.2011 10:00:00,0.43,1.56,1.81,1.68,1.43
10501,08.10.2011 11:00:00,0.43,1.5,1.81,1.68,1.43
10502,08.10.2011 12:00:00,0.43,1.5,1.81,1.68,1.43,3.601
10503,08.10.2011 13:00:00,0.43,1.5,1.81,1.68,1.43
10504,08.10.2011 14:00:00,0.43,1.43,1.75,1.68,1.43
10505,08.10.2011 15:00:00,0.37,1.43,1.75,1.68,1.43
10506,08.10.2011 16:00:00,0.37,1.43,1.75,1.68,1.43
10507,08.10.2011 17:00:00,0.37,1.43,1.75,1.68,1.43
10508,08.10.2011 18:00:00,0.37,1.43,1.75,1.68,1.43,3.604
10509,08.10.2011 19:00:00,0.37,1.37,1.75,1.68,1.43
10510,08.10.2011 20:00:00,0.37,1.37,1.75,1.62,1.43
10511,08.10.2011 21:00:00,0.37,1.37,1.68,1.68,1.43
10512,08.10.2011 22:00:00,0.37,1.37,1.68,1.68,1.43
10513,08.10.2011 23:00:00,0.31,1.37,1.68,1.62,1.43
10514,09.10.2011 00:00:00,0.37,1.37,1.68,1.62,1.43,3.602
10515,09.10.2011 01:00:00,0.31,1.31,1.68,1.62,1.43
10516,09.10.2011 02:00:00,0.31,1.31,1.68,1.62,1.43
10517,09.10.2011 03:00:00,0.31,1.31,1.68,1.62,1.43
10518,09.10.2011 04:00:00,0.31,1.31,1.68,1.62,1.43
10519,09.10.2011 05:00:00,0.31,1.31,1.62,1.62,1.43
10520,09.10.2011 06:00:00,0.31,1.31,1.62,1.62,1.37,3.605
10521,09.10.2011 07:00:00,0.31,1.25,1.62,1.62,1.43
10522,09.10.2011 08:00:00,0.31,1.25,1.62,1.56,1.37
10523,09.10.2011 09:00:00,0.31,1.25,1.62,1.56,1.37
10524,09.10.2011 10:00:00,0.31,1.25,1.56,1.56,1.37
10525,09.10.2011 11:00:00,0.31,1.25,1.56,1.56,1.37
10526,09.10.2011 12:00:00,0.25,1.25,1.56,1.56,1.37,3.598
10527,09.10.2011 13:00:00,0.25,1.25,1.56,1.56,1.37
10528,09.10.2011 14:00:00,0.25,1.18,1.56,1.56,1.37
10529,09.10.2011 15:00:00,0.25,1.18,1.56,1.56,1.37
10530,09.10.2011 16:00:00,0.25,1.18,1.56,1.56,1.37
10531,09.10.2011 17:00:00,0.25,1.18,1.5,1.56,1.37
10532,09.10.2011 18:00:00,0.25,1.18,1.56,1.56,1.37,3.598
10533,09.10.2011 19:00:00,0.25,1.18,1.56,1.56,1.37
10534,09.10.2011 20:00:00,0.25,1.18,1.5,1.5,1.37
10535,09.10.2011 21:00:00,0.25,1.12,1.5,1.5,1.37
10536,09.10.2011 22:00:00,0.25,1.18,1.5,1.5,1.37
10537,09.10.2011 23:00:00,0.25,1.18,1.5,1.5,1.37
10538,10.10.2011 00:00:00,0.25,1.12,1.5,1.5,1.37,3.601
10539,10.10.2011 01:00:00,0.25,1.12,1.5,1.5,1.37
10540,10.10.2011 02:00:00,0.25,1.12,1.43,1.5,1.37
10541,10.10.2011 03:00:00,0.18,1.12,1.5,1.5,1.31
10542,10.10.2011 04:00:00,0.18,1.12,1.43,1.5,1.37
10543,10.10.2011 05:00:00,0.18,1.12,1.43,1.5,1.37
10544,10.10.2011 06:00:00,0.18,1.12,1.43,1.5,1.31,3.597
10545,10.10.2011 07:00:00,0.12,1.12,1.43,1.5,1.37
10546,10.10.2011 08:00:00,0.12,1.12,1.37,1.5,1.31
10547,10.10.2011 09:00:00,0.12,1.06,1.43,1.5,1.31
10548,10.10.2011 10:00:00,0.12,1.06,1.37,1.43,1.31
10549,10.10.2011 11:00:00,0.12,1.06,1.37,1.43,1.37
10550,10.10.2011 12:00:00,0.06,1.06,1.37,1.43,1.31,3.596
10551,10.10.2011 13:00:00,0.06,1.06,1.37,1.43,1.31
10552,10.10.2011 14:00:00,0.06,1.06,1.37,1.43,1.31
10553,10.10.2011 15:00:00,0.06,1,1.37,1.43,1.31
10554,10.10.2011 16:00:00,0.12,1.06,1.37,1.43,1.31
10555,10.10.2011 17:00:00,0.06,1,1.37,1.43,1.31
10556,10.10.2011 18:00:00,0.06,1,1.37,1.43,1.31,3.602
10557,10.10.2011 19:00:00,0.06,1,1.31,1.37,1.31
10558,10.10.2011 20:00:00,0.06,1,1.37,1.37,1.31
10559,10.10.2011 21:00:00,0.06,1,1.37,1.37,1.31
10560,10.10.2011 22:00:00,0.06,1,1.31,1.37,1.31
10561,10.10.2011 23:00:00,0.06,0.93,1.31,1.37,1.31
10562,11.10.2011 00:00:00,0.06,1,1.31,1.37,1.31,3.600
10563,11.10.2011 01:00:00,0.06,0.93,1.31,1.37,1.31
10564,11.10.2011 02:00:00,0.06,0.93,1.31,1.37,1.25
10565,11.10.2011 03:00:00,0.06,0.93,1.25,1.37,1.25
10566,11.10.2011 04:00:00,0.06,0.93,1.31,1.37,1.25
10567,11.10.2011 05:00:00,0.06,0.93,1.31,1.37,1.31
10568,11.10.2011 06:00:00,0.06,0.93,1.31,1.37,1.25,3.597
10569,11.10.2011 07:00:00,0.06,0.93,1.25,1.37,1.25
10570,11.10.2011 08:00:00,0,0.93,1.25,1.31,1.25
10571,11.10.2011 09:00:00,0,0.93,1.25,1.37,1.25
10572,11.10.2011 10:00:00,0,0.93,1.25,1.31,1.25
10573,11.10.2011 11:00:00,0,0.87,1.25,1.31,1.25
10574,11.10.2011 12:00:00,0,0.87,1.25,1.31,1.25,3.596
10575,11.10.2011 13:00:00,0,0.87,1.25,1.31,1.25
10576,11.10.2011 14:00:00,0,0.87,1.25,1.31,1.25
10577,11.10.2011 15:00:00,-0.06,0.87,1.18,1.31,1.25
10578,11.10.2011 16:00:00,-0.06,0.87,1.18,1.31,1.25
10579,11.10.2011 17:00:00,-0.06,0.87,1.25,1.31,1.25
10580,11.10.2011 18:00:00,-0.06,0.87,1.18,1.31,1.25,3.597
10581,11.10.2011 19:00:00,0,0.87,1.18,1.31,1.25
10582,11.10.2011 20:00:00,0,0.87,1.18,1.25,1.25
10583,11.10.2011 21:00:00,0,0.81,1.18,1.31,1.25
10584,11.10.2011 22:00:00,0,0.81,1.18,1.25,1.25
10585,11.10.2011 23:00:00,0,0.87,1.18,1.25,1.18
10586,12.10.2011 00:00:00,0,0.87,1.18,1.25,1.25,3.596
10587,12.10.2011 01:00:00,0,0.81,1.18,1.25,1.18
10588,12.10.2011 02:00:00,0,0.81,1.18,1.25,1.18
10589,12.10.2011 03:00:00,0,0.81,1.12,1.25,1.18
10590,12.10.2011 04:00:00,0,0.81,1.18,1.25,1.18
10591,12.10.2011 05:00:00,0,0.81,1.18,1.25,1.18
10592,12.10.2011 06:00:00,0,0.81,1.18,1.25,1.18,3.601
10593,12.10.2011 07:00:00,0,0.81,1.12,1.25,1.18
10594,12.10.2011 08:00:00,0,0.81,1.12,1.18,1.18
10595,12.10.2011 09:00:00,0,0.81,1.12,1.18,1.18
10596,12.10.2011 10:00:00,0,0.81,1.12,1.18,1.18
10597,12.10.2011 11:00:00,0,0.81,1.12,1.18,1.18
10598,12.10.2011 12:00:00,-0.06,0.81,1.12,1.18,1.18,3.596
10599,12.10.2011 13:00:00,-0.06,0.81,1.12,1.18,1.18
10600,12.10.2011 14:00:00,-0.06,0.81,1.12,1.18,1.18
10601,12.10.2011 15:00:00,-0.06,0.81,1.12,1.18,1.18
10602,12.10.2011 16:00:00,-0.06,0.75,1.12,1.18,1.18
10603,12.10.2011 17:00:00,-0.06,0.75,1.12,1.18,1.18
10604,12.10.2011 18:00:00,-0.06,0.75,1.12,1.18,1.18,3.600
10605,12.10.2011 19:00:00,0,0.75,1.12,1.18,1.18
10606,12.10.2011 20:00:00,0,0.75,1.06,1.12,1.12
10607,12.10.2011 21:00:00,0,0.75,1.12,1.18,1.12
10608,12.10.2011 22:00:00,0,0.75,1.06,1.12,1.12
10609,12.10.2011 23:00:00,0,0.75,1.12,1.18,1.18
10610,13.10.2011 00:00:00,0,0.75,1.06,1.18,1.12,3.602
10611,13.10.2011 01:00:00,0,0.81,1.06,1.12,1.12
10612,13.10.2011 02:00:00,0,0.81,1.06,1.12,1.12
10613,13.10.2011 03:00:00,0,0.75,1.06,1.12,1.18
10614,13.10.2011 04:00:00,0,0.81,1.06,1.12,1.12
10615,13.10.2011 05:00:00,0,0.75,1.06,1.12,1.12
10616,13.10.2011 06:00:00,0,0.81,1.06,1.12,1.12,3.596
10617,13.10.2011 07:00:00,0,0.81,1.06,1.12,1.12
10618,13.10.2011 08:00:00,0,0.75,1.06,1.12,1.12
10619,13.10.2011 09:00:00,0,0.75,1.06,1.12,1.12
10620,13.10.2011 10:00:00,0,0.75,1.06,1.12,1.12
10621,13.10.2011 11:00:00,-0.06,0.75,1,1.12,1.12
10622,13.10.2011 12:00:00,0,0.75,1.06,1.12,1.12,3.602
10623,13.10.2011 13:00:00,0,0.75,1.06,1.06,1.12
10624,13.10.2011 14:00:00,0.06,0.75,1.06,1.12,1.12
10625,13.10.2011 15:00:00,0.31,0.75,1.06,1.12,1.12
10626,13.10.2011 16:00:00,0.62,0.75,1,1.06,1.06
10627,13.10.2011 17:00:00,0.93,0.75,1.06,1.12,1.12
10628,13.10.2011 18:00:00,1.06,0.75,1,1.12,1.12,3.602
10629,13.10.2011 19:00:00,1.06,0.81,1.06,1.06,1.06
10630,13.10.2011 20:00:00,1,0.81,1.06,1.12,1.06
10631,13.10.2011 21:00:00,0.87,0.81,1.06,1.06,1.06
10632,13.10.2011 22:00:00,0.81,0.87,1,1.06,1.06
10633,13.10.2011 23:00:00,0.81,0.93,1,1.06,1.06
10634,14.10.2011 00:00:00,0.68,0.93,1.06,1.06,1.06,3.604
10635,14.10.2011 01:00:00,0.62,0.93,1.06,1.06,1.06
10636,14.10.2011 02:00:00,0.62,1,1,1.06,1.06
10637,14.10.2011 03:00:00,0.56,1,1.06,1.06,1.06
10638,14.10.2011 04:00:00,0.5,1,1.06,1.06,1.06
10639,14.10.2011 05:00:00,0.5,1,1.06,1.06,1.06
10640,14.10.2011 06:00:00,0.5,1,1.06,1.06,1.06,3.598
10641,14.10.2011 07:00:00,0.43,1,1.06,1,1.06
10642,14.10.2011 08:00:00,0.37,1,1.06,1.06,1.06
10643,14.10.2011 09:00:00,0.37,1,1.06,1,1.06
10644,14.10.2011 10:00:00,0.37,1,1.06,1.06,1.06
10645,14.10.2011 11:00:00,0.31,1,1.06,1,1.06
10646,14.10.2011 12:00:00,0.31,1,1.06,1.06,1,3.597
10647,14.10.2011 13:00:00,0.31,1,1.06,1.06,1.06
10648,14.10.2011 14:00:00,0.25,1,1.06,1,1
10649,14.10.2011 15:00:00,0.25,1,1.06,1.06,1
10650,14.10.2011 16:00:00,0.37,1,1.06,1.06,1
10651,14.10.2011 17:00:00,0.56,0.93,1.06,1,1
10652,14.10.2011 18:00:00,0.75,0.93,1.06,1.06,1,3.603
10653,14.10.2011 19:00:00,0.81,0.93,1.06,1,1
10654,14.10.2011 20:00:00,0.87,0.93,1.06,1,1
10655,14.10.2011 21:00:00,0.81,1,1.06,1,1
10656,14.10.2011 22:00:00,0.75,1,1.06,1.06,1
10657,14.10.2011 23:00:00,0.68,1,1.06,1,1
10658,15.10.2011 00:00:00,0.62,1,1.06,1,1,3.606
10659,15.10.2011 01:00:00,0.62,1,1.06,1,1
10660,15.10.2011 02:00:00,0.56,1,1.06,1,1
10661,15.10.2011 03:00:00,0.56,1.06,1.06,1,1
10662,15.10.2011 04:00:00,0.5,1,1.06,1,1
10663,15.10.2011 05:00:00,0.5,1.06,1.06,1,1
10664,15.10.2011 06:00:00,0.43,1.06,1.06,1,1,3.603
10665,15.10.2011 07:00:00,0.43,1,1.06,1,1
10666,15.10.2011 08:00:00,0.43,1.06,1.06,1,1
10667,15.10.2011 09:00:00,0.37,1.06,1.06,1,1
10668,15.10.2011 10:00:00,0.37,1,1.06,1,1
10669,15.10.2011 11:00:00,0.37,1,1.06,1,1
10670,15.10.2011 12:00:00,0.31,1,1.06,1,1,3.603
10671,15.10.2011 13:00:00,0.31,1,1.06,1,1
10672,15.10.2011 14:00:00,0.31,1,1.06,1,0.93
10673,15.10.2011 15:00:00,0.31,0.93,1.12,1,1
10674,15.10.2011 16:00:00,0.5,0.93,1.06,1,0.93
10675,15.10.2011 17:00:00,0.81,0.93,1.06,1,0.93
10676,15.10.2011 18:00:00,1,0.93,1.06,1,0.93,3.606
10677,15.10.2011 19:00:00,1.12,0.93,1.06,1,0.93
10678,15.10.2011 20:00:00,1.06,1,1.06,1,0.93
10679,15.10.2011 21:00:00,1.06,1,1.06,1,0.93
10680,15.10.2011 22:00:00,1,1,1.06,1,0.93
10681,15.10.2011 23:00:00,0.93,1.06,1.06,1,0.93
10682,16.10.2011 00:00:00,0.93,1.06,1.06,1,0.93,3.608
10683,16.10.2011 01:00:00,0.87,1.06,1.06,1,0.93
10684,16.10.2011 02:00:00,0.87,1.06,1.06,0.93,0.93
10685,16.10.2011 03:00:00,0.81,1.06,1.06,1,0.93
10686,16.10.2011 04:00:00,0.81,1.12,1.06,1,0.93
10687,16.10.2011 05:00:00,0.75,1.12,1.06,1,0.93
10688,16.10.2011 06:00:00,0.75,1.12,1.06,1,0.93,3.604
10689,16.10.2011 07:00:00,0.68,1.12,1.06,1,0.93
10690,16.10.2011 08:00:00,0.62,1.12,1.12,1,0.93
10691,16.10.2011 09:00:00,0.62,1.12,1.06,1,0.93
10692,16.10.2011 10:00:00,0.62,1.12,1.06,1,0.93
10693,16.10.2011 11:00:00,0.56,1.12,1.06,1,0.93
10694,16.10.2011 12:00:00,0.56,1.12,1.06,1,0.87,3.604
10695,16.10.2011 13:00:00,0.56,1.12,1.06,0.93,0.93
10696,16.10.2011 14:00:00,0.56,1.12,1.06,0.93,0.93
10697,16.10.2011 15:00:00,0.62,1.06,1.12,1,0.87
10698,16.10.2011 16:00:00,0.75,1.06,1.12,1,0.87
10699,16.10.2011 17:00:00,0.87,1.06,1.12,0.93,0.87
10700,16.10.2011 18:00:00,0.87,1.12,1.12,0.93,0.93,3.606
10701,16.10.2011 19:00:00,0.87,1.06,1.06,1,0.93
10702,16.10.2011 20:00:00,0.81,1.06,1.12,1,0.93
10703,16.10.2011 21:00:00,0.81,1.06,1.12,0.93,0.87
10704,16.10.2011 22:00:00,0.75,1.06,1.06,1,0.87
10705,16.10.2011 23:00:00,0.68,1.12,1.06,1,0.87
10706,17.10.2011 00:00:00,0.62,1.12,1.12,0.93,0.93,3.606
10707,17.10.2011 01:00:00,0.62,1.12,1.06,0.93,0.87
10708,17.10.2011 02:00:00,0.56,1.12,1.06,0.93,0.87
10709,17.10.2011 03:00:00,0.56,1.12,1.12,0.93,0.87
10710,17.10.2011 04:00:00,0.5,1.06,1.06,0.93,0.87
10711,17.10.2011 05:00:00,0.5,1.06,1.06,0.93,0.87
10712,17.10.2011 06:00:00,0.43,1.06,1.06,0.93,0.87,3.597
10713,17.10.2011 07:00:00,0.43,1.06,1.06,0.93,0.87
10714,17.10.2011 08:00:00,0.37,1.06,1.06,0.93,0.87
10715,17.10.2011 09:00:00,0.37,1.06,1.06,0.93,0.87
10716,17.10.2011 10:00:00,0.31,1.06,1.06,0.93,0.87
10717,17.10.2011 11:00:00,0.31,1,1.06,0.93,0.87
10718,17.10.2011 12:00:00,0.31,1,1.06,0.93,0.87,3.597
10719,17.10.2011 13:00:00,0.31,1,1.12,0.93,0.87
10720,17.10.2011 14:00:00,0.5,1,1.06,1,0.87
10721,17.10.2011 15:00:00,0.87,1,1.06,0.93,0.87
10722,17.10.2011 16:00:00,1.31,1,1.06,0.93,0.87
10723,17.10.2011 17:00:00,1.68,1,1.06,0.93,0.87
10724,17.10.2011 18:00:00,1.81,1,1.06,0.93,0.87,3.617
10725,17.10.2011 19:00:00,1.75,1,1.06,0.93,0.87
10726,17.10.2011 20:00:00,1.62,1.06,1.06,0.93,0.87
10727,17.10.2011 21:00:00,1.5,1.12,1.06,0.93,0.87
10728,17.10.2011 22:00:00,1.37,1.12,1.06,0.93,0.87
10729,17.10.2011 23:00:00,1.25,1.18,1.06,0.93,0.87
10730,18.10.2011 00:00:00,1.12,1.18,1.06,0.93,0.87,3.604
10731,18.10.2011 01:00:00,1.06,1.18,1.06,0.93,0.87
10732,18.10.2011 02:00:00,0.93,1.25,1.06,0.93,0.87
10733,18.10.2011 03:00:00,0.87,1.25,1.06,0.93,0.87
10734,18.10.2011 04:00:00,0.81,1.25,1.06,0.93,0.87
10735,18.10.2011 05:00:00,0.68,1.18,1.06,0.93,0.87
10736,18.10.2011 06:00:00,0.68,1.18,1.12,0.93,0.87,3.600
10737,18.10.2011 07:00:00,0.56,1.18,1.06,0.93,0.87
10738,18.10.2011 08:00:00,0.56,1.18,1.12,0.93,0.87
10739,18.10.2011 09:00:00,0.5,1.18,1.12,0.93,0.81
10740,18.10.2011 10:00:00,0.43,1.18,1.06,0.93,0.87
10741,18.10.2011 11:00:00,0.37,1.12,1.12,0.93,0.81
10742,18.10.2011 12:00:00,0.37,1.12,1.06,0.93,0.87,3.603
10743,18.10.2011 13:00:00,0.37,1.12,1.12,0.93,0.87
10744,18.10.2011 14:00:00,0.31,1.06,1.12,0.93,0.87
10745,18.10.2011 15:00:00,0.31,1.06,1.12,0.93,0.81
10746,18.10.2011 16:00:00,0.31,1.06,1.06,0.93,0.87
10747,18.10.2011 17:00:00,0.37,1.06,1.06,0.93,0.81
10748,18.10.2011 18:00:00,0.37,1,1.12,0.93,0.81,3.600
10749,18.10.2011 19:00:00,0.37,1,1.06,0.93,0.81
10750,18.10.2011 20:00:00,0.31,1,1.06,0.93,0.81
10751,18.10.2011 21:00:00,0.31,1,1.06,0.93,0.81
10752,18.10.2011 22:00:00,0.31,1,1.06,0.93,0.81
10753,18.10.2011 23:00:00,0.31,1,1.06,0.93,0.81
10754,19.10.2011 00:00:00,0.31,0.93,1.06,0.93,0.81,3.598
10755,19.10.2011 01:00:00,0.25,0.93,1.06,0.93,0.81
10756,19.10.2011 02:00:00,0.25,1,1.06,0.93,0.81
10757,19.10.2011 03:00:00,0.25,0.93,1.06,0.93,0.81
10758,19.10.2011 04:00:00,0.25,0.93,1.06,0.93,0.81
10759,19.10.2011 05:00:00,0.25,0.93,1.06,0.93,0.81
10760,19.10.2011 06:00:00,0.18,0.93,1.06,0.93,0.81,3.597
10761,19.10.2011 07:00:00,0.18,0.93,1,0.93,0.81
10762,19.10.2011 08:00:00,0.18,0.93,1.06,0.93,0.81
10763,19.10.2011 09:00:00,0.18,0.87,1,0.87,0.81
10764,19.10.2011 10:00:00,0.18,0.87,1.06,0.93,0.81
10765,19.10.2011 11:00:00,0.18,0.87,1.06,0.93,0.81
10766,19.10.2011 12:00:00,0.18,0.87,1,0.87,0.81,3.597
10767,19.10.2011 13:00:00,0.12,0.87,1,0.93,0.81
10768,19.10.2011 14:00:00,0.18,0.87,1,0.93,0.81
10769,19.10.2011 15:00:00,0.12,0.87,1,0.87,0.81
10770,19.10.2011 16:00:00,0.18,0.87,1,0.87,0.81
10771,19.10.2011 17:00:00,0.18,0.87,1,0.87,0.81
10772,19.10.2011 18:00:00,0.18,0.81,1,0.87,0.81,3.598
10773,19.10.2011 19:00:00,0.18,0.81,1,0.87,0.81
10774,19.10.2011 20:00:00,0.18,0.81,0.93,0.87,0.81
10775,19.10.2011 21:00:00,0.18,0.81,1,0.87,0.81
10776,19.10.2011 22:00:00,0.18,0.81,0.93,0.87,0.81
10777,19.10.2011 23:00:00,0.18,0.81,0.93,0.87,0.81
10778,20.10.2011 00:00:00,0.18,0.81,0.93,0.87,0.81,3.602
10779,20.10.2011 01:00:00,0.18,0.81,0.93,0.87,0.81
10780,20.10.2011 02:00:00,0.18,0.81,0.93,0.87,0.81
10781,20.10.2011 03:00:00,0.12,0.81,0.93,0.87,0.81
10782,20.10.2011 04:00:00,0.18,0.81,0.93,0.87,0.81
10783,20.10.2011 05:00:00,0.12,0.81,0.93,0.87,0.81
10784,20.10.2011 06:00:00,0.12,0.75,0.93,0.87,0.81,3.597
10785,20.10.2011 07:00:00,0.12,0.81,0.93,0.87,0.81
10786,20.10.2011 08:00:00,0.12,0.75,0.93,0.81,0.81
10787,20.10.2011 09:00:00,0.12,0.75,0.93,0.87,0.81
10788,20.10.2011 10:00:00,0.12,0.75,0.93,0.87,0.81
10789,20.10.2011 11:00:00,0.12,0.75,0.93,0.87,0.75
10790,20.10.2011 12:00:00,0.12,0.75,0.93,0.87,0.81,3.601
10791,20.10.2011 13:00:00,0.12,0.75,0.87,0.87,0.75
10792,20.10.2011 14:00:00,0.12,0.75,0.87,0.87,0.75
10793,20.10.2011 15:00:00,0.06,0.75,0.93,0.87,0.75
10794,20.10.2011 16:00:00,0.12,0.75,0.87,0.81,0.75
10795,20.10.2011 17:00:00,0.06,0.75,0.87,0.87,0.75
10796,20.10.2011 18:00:00,0.12,0.68,0.87,0.81,0.81,3.602
10797,20.10.2011 19:00:00,0.06,0.68,0.87,0.81,0.75
10798,20.10.2011 20:00:00,0.12,0.68,0.87,0.81,0.75
10799,20.10.2011 21:00:00,0.06,0.68,0.87,0.87,0.75
10800,20.10.2011 22:00:00,0.06,0.68,0.87,0.81,0.75
10801,20.10.2011 23:00:00,0.06,0.68,0.87,0.81,0.75
10802,21.10.2011 00:00:00,0.06,0.68,0.87,0.81,0.75,3.595
10803,21.10.2011 01:00:00,0.06,0.68,0.87,0.81,0.75
10804,21.10.2011 02:00:00,0.06,0.68,0.81,0.81,0.75
10805,21.10.2011 03:00:00,0.06,0.68,0.87,0.81,0.75
10806,21.10.2011 04:00:00,0.06,0.68,0.87,0.81,0.75
10807,21.10.2011 05:00:00,0.06,0.68,0.87,0.81,0.75
10808,21.10.2011 06:00:00,0.06,0.68,0.87,0.81,0.75,3.602
10809,21.10.2011 07:00:00,0.06,0.68,0.87,0.81,0.75
10810,21.10.2011 08:00:00,0.06,0.62,0.87,0.81,0.75
10811,21.10.2011 09:00:00,0.06,0.68,0.87,0.81,0.75
10812,21.10.2011 10:00:00,0,0.62,0.81,0.81,0.75
10813,21.10.2011 11:00:00,0,0.68,0.81,0.81,0.75
10814,21.10.2011 12:00:00,0,0.62,0.81,0.81,0.75,3.595
10815,21.10.2011 13:00:00,0,0.62,0.81,0.81,0.75
10816,21.10.2011 14:00:00,0,0.62,0.81,0.81,0.75
10817,21.10.2011 15:00:00,0.06,0.62,0.81,0.81,0.75
10818,21.10.2011 16:00:00,0,0.62,0.81,0.81,0.75
10819,21.10.2011 17:00:00,0,0.62,0.81,0.81,0.75
10820,21.10.2011 18:00:00,0,0.62,0.81,0.75,0.75,3.599
10821,21.10.2011 19:00:00,0,0.62,0.81,0.75,0.75
10822,21.10.2011 20:00:00,0,0.62,0.81,0.75,0.68
10823,21.10.2011 21:00:00,0,0.62,0.81,0.75,0.75
10824,21.10.2011 22:00:00,0,0.62,0.75,0.75,0.75
10825,21.10.2011 23:00:00,0,0.56,0.75,0.75,0.75
10826,22.10.2011 00:00:00,0,0.62,0.81,0.75,0.68,3.594
10827,22.10.2011 01:00:00,0,0.56,0.75,0.75,0.75
10828,22.10.2011 02:00:00,0,0.62,0.81,0.75,0.68
10829,22.10.2011 03:00:00,0,0.56,0.75,0.75,0.68
10830,22.10.2011 04:00:00,0,0.62,0.75,0.75,0.68
10831,22.10.2011 05:00:00,0,0.56,0.75,0.75,0.68
10832,22.10.2011 06:00:00,0,0.56,0.75,0.75,0.75,3.595
10833,22.10.2011 07:00:00,-0.06,0.62,0.75,0.75,0.68
10834,22.10.2011 08:00:00,-0.06,0.56,0.75,0.75,0.75
10835,22.10.2011 09:00:00,-0.06,0.56,0.75,0.75,0.68
10836,22.10.2011 10:00:00,-0.06,0.56,0.75,0.75,0.75
10837,22.10.2011 11:00:00,-0.06,0.56,0.75,0.75,0.68
10838,22.10.2011 12:00:00,-0.06,0.56,0.75,0.75,0.68,3.594
10839,22.10.2011 13:00:00,-0.06,0.56,0.75,0.68,0.68
10840,22.10.2011 14:00:00,-0.06,0.56,0.75,0.75,0.68
10841,22.10.2011 15:00:00,-0.06,0.56,0.75,0.75,0.68
10842,22.10.2011 16:00:00,-0.06,0.56,0.75,0.75,0.68
10843,22.10.2011 17:00:00,-0.06,0.56,0.75,0.68,0.68
10844,22.10.2011 18:00:00,-0.06,0.56,0.75,0.68,0.68,3.600
10845,22.10.2011 19:00:00,-0.06,0.56,0.75,0.75,0.68
10846,22.10.2011 20:00:00,-0.06,0.56,0.68,0.68,0.68
10847,22.10.2011 21:00:00,-0.06,0.56,0.75,0.68,0.68
10848,22.10.2011 22:00:00,-0.06,0.5,0.68,0.75,0.68
10849,22.10.2011 23:00:00,-0.06,0.5,0.68,0.68,0.68
10850,23.10.2011 00:00:00,-0.06,0.56,0.68,0.68,0.68,3.597
10851,23.10.2011 01:00:00,-0.06,0.5,0.68,0.68,0.68
10852,23.10.2011 02:00:00,-0.06,0.5,0.68,0.68,0.68
10853,23.10.2011 03:00:00,-0.06,0.5,0.68,0.68,0.68
10854,23.10.2011 04:00:00,-0.06,0.5,0.68,0.68,0.68
10855,23.10.2011 05:00:00,-0.06,0.5,0.68,0.68,0.68
10856,23.10.2011 06:00:00,-0.06,0.5,0.68,0.68,0.68,3.599
10857,23.10.2011 07:00:00,-0.06,0.5,0.68,0.68,0.68
10858,23.10.2011 08:00:00,-0.06,0.5,0.68,0.68,0.68
10859,23.10.2011 09:00:00,-0.12,0.5,0.68,0.68,0.68
10860,23.10.2011 10:00:00,-0.12,0.5,0.68,0.68,0.68
10861,23.10.2011 11:00:00,-0.12,0.5,0.68,0.68,0.68
10862,23.10.2011 12:00:00,-0.12,0.5,0.68,0.68,0.62,3.592
10863,23.10.2011 13:00:00,-0.12,0.5,0.68,0.62,0.62
10864,23.10.2011 14:00:00,-0.12,0.5,0.68,0.68,0.62
10865,23.10.2011 15:00:00,-0.12,0.5,0.68,0.68,0.62
10866,23.10.2011 16:00:00,-0.12,0.5,0.68,0.62,0.68
10867,23.10.2011 17:00:00,-0.12,0.5,0.68,0.68,0.62
10868,23.10.2011 18:00:00,-0.12,0.5,0.62,0.68,0.68,3.599
10869,23.10.2011 19:00:00,-0.12,0.43,0.68,0.62,0.68
10870,23.10.2011 20:00:00,-0.12,0.43,0.68,0.62,0.62
10871,23.10.2011 21:00:00,-0.12,0.43,0.62,0.62,0.62
10872,23.10.2011 22:00:00,-0.12,0.43,0.62,0.68,0.62
10873,23.10.2011 23:00:00,-0.18,0.43,0.62,0.62,0.62
10874,24.10.2011 00:00:00,-0.12,0.5,0.62,0.62,0.62,3.598
10875,24.10.2011 01:00:00,-0.12,0.43,0.62,0.62,0.62
10876,24.10.2011 02:00:00,-0.12,0.43,0.62,0.62,0.62
10877,24.10.2011 03:00:00,-0.12,0.43,0.62,0.62,0.62
10878,24.10.2011 04:00:00,-0.12,0.43,0.62,0.62,0.62
10879,24.10.2011 05:00:00,-0.18,0.43,0.62,0.62,0.62
10880,24.10.2011 06:00:00,-0.18,0.43,0.62,0.62,0.62,3.597
10881,24.10.2011 07:00:00,-0.12,0.43,0.62,0.62,0.62
10882,24.10.2011 08:00:00,-0.18,0.43,0.62,0.62,0.62
10883,24.10.2011 09:00:00,-0.18,0.43,0.62,0.62,0.62
10884,24.10.2011 10:00:00,-0.18,0.43,0.62,0.62,0.62
10885,24.10.2011 11:00:00,-0.12,0.43,0.62,0.62,0.62
10886,24.10.2011 12:00:00,-0.12,0.43,0.62,0.62,0.62,3.596
10887,24.10.2011 13:00:00,-0.18,0.43,0.62,0.62,0.62
10888,24.10.2011 14:00:00,-0.18,0.43,0.62,0.56,0.62
10889,24.10.2011 15:00:00,-0.18,0.43,0.62,0.62,0.62
10890,24.10.2011 16:00:00,-0.18,0.43,0.62,0.62,0.62
10891,24.10.2011 17:00:00,-0.18,0.43,0.62,0.62,0.62
10892,24.10.2011 18:00:00,-0.18,0.43,0.62,0.62,0.62,3.597
10893,24.10.2011 19:00:00,-0.18,0.43,0.56,0.56,0.62
10894,24.10.2011 20:00:00,-0.12,0.43,0.62,0.56,0.62
10895,24.10.2011 21:00:00,-0.18,0.43,0.56,0.62,0.62
10896,24.10.2011 22:00:00,-0.18,0.43,0.62,0.62,0.62
10897,24.10.2011 23:00:00,-0.18,0.43,0.56,0.62,0.62
10898,25.10.2011 00:00:00,-0.18,0.43,0.56,0.56,0.62,3.594
10899,25.10.2011 01:00:00,-0.18,0.43,0.56,0.56,0.56
10900,25.10.2011 02:00:00,-0.18,0.43,0.56,0.62,0.62
10901,25.10.2011 03:00:00,-0.18,0.43,0.56,0.56,0.56
10902,25.10.2011 04:00:00,-0.18,0.37,0.56,0.62,0.62
10903,25.10.2011 05:00:00,-0.18,0.37,0.56,0.56,0.62
10904,25.10.2011 06:00:00,-0.18,0.37,0.56,0.56,0.56,3.593
10905,25.10.2011 07:00:00,-0.18,0.37,0.56,0.56,0.56
10906,25.10.2011 08:00:00,-0.18,0.37,0.56,0.56,0.56
10907,25.10.2011 09:00:00,-0.18,0.37,0.56,0.56,0.56
10908,25.10.2011 10:00:00,-0.18,0.37,0.56,0.56,0.56
10909,25.10.2011 11:00:00,-0.18,0.37,0.56,0.56,0.56
10910,25.10.2011 12:00:00,-0.18,0.37,0.56,0.56,0.56,3.596
10911,25.10.2011 13:00:00,-0.18,0.37,0.56,0.56,0.56
10912,25.10.2011 14:00:00,-0.18,0.37,0.56,0.56,0.56
10913,25.10.2011 15:00:00,-0.18,0.43,0.56,0.56,0.56
10914,25.10.2011 16:00:00,-0.18,0.37,0.56,0.56,0.56
10915,25.10.2011 17:00:00,-0.18,0.37,0.56,0.56,0.56
10916,25.10.2011 18:00:00,-0.18,0.37,0.5,0.56,0.56,3.592
10917,25.10.2011 19:00:00,-0.18,0.37,0.56,0.56,0.56
10918,25.10.2011 20:00:00,-0.18,0.37,0.56,0.56,0.56
10919,25.10.2011 21:00:00,-0.18,0.37,0.56,0.5,0.56
10920,25.10.2011 22:00:00,-0.18,0.37,0.56,0.56,0.56
10921,25.10.2011 23:00:00,-0.18,0.37,0.56,0.56,0.56
10922,26.10.2011 00:00:00,-0.18,0.37,0.56,0.56,0.56,3.592
10923,26.10.2011 01:00:00,-0.18,0.37,0.56,0.5,0.56
10924,26.10.2011 02:00:00,-0.18,0.37,0.56,0.56,0.56
10925,26.10.2011 03:00:00,-0.18,0.37,0.5,0.5,0.56
10926,26.10.2011 04:00:00,-0.18,0.37,0.5,0.5,0.56
10927,26.10.2011 05:00:00,-0.18,0.37,0.56,0.5,0.56
10928,26.10.2011 06:00:00,-0.18,0.37,0.56,0.5,0.56,3.599
10929,26.10.2011 07:00:00,-0.18,0.37,0.56,0.56,0.56
10930,26.10.2011 08:00:00,-0.18,0.37,0.56,0.5,0.56
10931,26.10.2011 09:00:00,-0.18,0.37,0.5,0.5,0.56
10932,26.10.2011 10:00:00,-0.18,0.37,0.56,0.5,0.56
10933,26.10.2011 11:00:00,-0.25,0.37,0.5,0.5,0.56
10934,26.10.2011 12:00:00,-0.25,0.37,0.5,0.5,0.56,3.597
10935,26.10.2011 13:00:00,-0.25,0.37,0.5,0.5,0.5
10936,26.10.2011 14:00:00,-0.25,0.37,0.5,0.5,0.5
10937,26.10.2011 15:00:00,-0.25,0.37,0.5,0.5,0.56
10938,26.10.2011 16:00:00,-0.18,0.37,0.5,0.5,0.56
10939,26.10.2011 17:00:00,-0.25,0.31,0.5,0.5,0.5
10940,26.10.2011 18:00:00,-0.25,0.37,0.5,0.5,0.5,3.593
10941,26.10.2011 19:00:00,-0.18,0.37,0.5,0.5,0.5
10942,26.10.2011 20:00:00,-0.25,0.31,0.5,0.5,0.5
10943,26.10.2011 21:00:00,-0.25,0.31,0.5,0.5,0.5
10944,26.10.2011 22:00:00,-0.18,0.31,0.5,0.5,0.5
10945,26.10.2011 23:00:00,-0.25,0.31,0.5,0.5,0.56
10946,27.10.2011 00:00:00,-0.25,0.31,0.5,0.5,0.5,3.593
10947,27.10.2011 01:00:00,-0.25,0.31,0.5,0.5,0.5
10948,27.10.2011 02:00:00,-0.25,0.31,0.5,0.5,0.5
10949,27.10.2011 03:00:00,-0.25,0.31,0.5,0.5,0.5
10950,27.10.2011 04:00:00,-0.25,0.31,0.5,0.5,0.5
10951,27.10.2011 05:00:00,-0.25,0.31,0.5,0.5,0.5
10952,27.10.2011 06:00:00,-0.25,0.31,0.5,0.5,0.5,3.592
10953,27.10.2011 07:00:00,-0.25,0.31,0.5,0.5,0.5
10954,27.10.2011 08:00:00,-0.25,0.31,0.5,0.5,0.5
10955,27.10.2011 09:00:00,-0.25,0.31,0.5,0.43,0.5
10956,27.10.2011 10:00:00,-0.25,0.31,0.5,0.43,0.5
10957,27.10.2011 11:00:00,-0.25,0.31,0.5,0.43,0.5
10958,27.10.2011 12:00:00,-0.25,0.31,0.5,0.43,0.5,3.592
10959,27.10.2011 13:00:00,-0.25,0.31,0.43,0.43,0.5
10960,27.10.2011 14:00:00,-0.25,0.31,0.43,0.43,0.5
10961,27.10.2011 15:00:00,-0.25,0.31,0.43,0.43,0.5
10962,27.10.2011 16:00:00,-0.25,0.31,0.43,0.5,0.5
10963,27.10.2011 17:00:00,-0.25,0.31,0.43,0.43,0.5
10964,27.10.2011 18:00:00,-0.25,0.31,0.43,0.43,0.5,3.597
10965,27.10.2011 19:00:00,-0.25,0.31,0.5,0.43,0.5
10966,27.10.2011 20:00:00,-0.25,0.31,0.43,0.43,0.5
10967,27.10.2011 21:00:00,-0.25,0.31,0.43,0.43,0.5
10968,27.10.2011 22:00:00,-0.25,0.31,0.43,0.43,0.43
10969,27.10.2011 23:00:00,-0.25,0.31,0.43,0.43,0.5
10970,28.10.2011 00:00:00,-0.25,0.31,0.43,0.43,0.5,3.593
10971,28.10.2011 01:00:00,-0.25,0.31,0.43,0.43,0.5
10972,28.10.2011 02:00:00,-0.25,0.31,0.43,0.43,0.5
10973,28.10.2011 03:00:00,-0.25,0.31,0.43,0.43,0.5
10974,28.10.2011 04:00:00,-0.25,0.25,0.43,0.43,0.43
10975,28.10.2011 05:00:00,-0.25,0.31,0.43,0.43,0.43
10976,28.10.2011 06:00:00,-0.25,0.31,0.43,0.43,0.5,3.597
10977,28.10.2011 07:00:00,-0.25,0.31,0.43,0.43,0.43
10978,28.10.2011 08:00:00,-0.25,0.31,0.43,0.43,0.43
10979,28.10.2011 09:00:00,-0.25,0.25,0.43,0.43,0.43
10980,28.10.2011 10:00:00,-0.25,0.31,0.43,0.43,0.43
10981,28.10.2011 11:00:00,-0.25,0.31,0.43,0.43,0.43
10982,28.10.2011 12:00:00,-0.25,0.31,0.43,0.43,0.43,3.599
10983,28.10.2011 13:00:00,-0.25,0.31,0.43,0.43,0.5
10984,28.10.2011 14:00:00,-0.25,0.25,0.43,0.43,0.43
10985,28.10.2011 15:00:00,-0.25,0.25,0.43,0.43,0.43
10986,28.10.2011 16:00:00,-0.25,0.31,0.43,0.43,0.5
10987,28.10.2011 17:00:00,-0.31,0.31,0.43,0.43,0.43
10988,28.10.2011 18:00:00,-0.25,0.25,0.43,0.43,0.43,3.593
10989,28.10.2011 19:00:00,-0.25,0.25,0.43,0.43,0.43
10990,28.10.2011 20:00:00,-0.25,0.25,0.43,0.43,0.43
10991,28.10.2011 21:00:00,-0.25,0.25,0.43,0.43,0.43
10992,28.10.2011 22:00:00,-0.25,0.25,0.43,0.43,0.43
10993,28.10.2011 23:00:00,-0.31,0.25,0.43,0.43,0.43
10994,29.10.2011 00:00:00,-0.25,0.25,0.37,0.37,0.43,3.597
10995,29.10.2011 01:00:00,-0.25,0.25,0.43,0.37,0.43
10996,29.10.2011 02:00:00,-0.25,0.25,0.43,0.43,0.43
10997,29.10.2011 03:00:00,-0.25,0.25,0.43,0.43,0.43
10998,29.10.2011 04:00:00,-0.25,0.25,0.37,0.37,0.43
10999,29.10.2011 05:00:00,-0.25,0.25,0.37,0.43,0.43
11000,29.10.2011 06:00:00,-0.25,0.25,0.37,0.37,0.43,3.592
11001,29.10.2011 07:00:00,-0.25,0.25,0.37,0.37,0.43
11002,29.10.2011 08:00:00,-0.25,0.25,0.43,0.37,0.43
11003,29.10.2011 09:00:00,-0.31,0.25,0.43,0.37,0.43
11004,29.10.2011 10:00:00,-0.25,0.25,0.43,0.37,0.43
11005,29.10.2011 11:00:00,-0.25,0.25,0.37,0.43,0.43
11006,29.10.2011 12:00:00,-0.25,0.25,0.43,0.37,0.43,3.596
11007,29.10.2011 13:00:00,-0.25,0.25,0.37,0.37,0.43
11008,29.10.2011 14:00:00,-0.31,0.25,0.37,0.37,0.43
11009,29.10.2011 15:00:00,-0.25,0.25,0.37,0.37,0.43
11010,29.10.2011 16:00:00,-0.25,0.25,0.37,0.37,0.43
11011,29.10.2011 17:00:00,-0.25,0.25,0.37,0.37,0.43
11012,29.10.2011 18:00:00,-0.25,0.25,0.37,0.37,0.43,3.592
11013,29.10.2011 19:00:00,-0.31,0.25,0.37,0.37,0.43
11014,29.10.2011 20:00:00,-0.31,0.25,0.37,0.37,0.43
11015,29.10.2011 21:00:00,-0.25,0.25,0.37,0.37,0.43
11016,29.10.2011 22:00:00,-0.31,0.25,0.37,0.37,0.37
11017,29.10.2011 23:00:00,-0.31,0.25,0.37,0.37,0.43
11018,30.10.2011 00:00:00,-0.31,0.25,0.37,0.37,0.43,3.592
11019,30.10.2011 01:00:00,-0.31,0.25,0.37,0.37,0.37
11020,30.10.2011 02:00:00,-0.25,0.25,0.37,0.37,0.37
11021,30.10.2011 03:00:00,-0.31,0.25,0.37,0.37,0.43
11022,30.10.2011 04:00:00,-0.31,0.25,0.37,0.37,0.43
11023,30.10.2011 05:00:00,-0.31,0.25,0.37,0.37,0.37
11024,30.10.2011 06:00:00,-0.31,0.25,0.37,0.37,0.37,3.592
11025,30.10.2011 07:00:00,-0.31,0.25,0.37,0.37,0.37
11026,30.10.2011 08:00:00,-0.25,0.25,0.37,0.37,0.37
11027,30.10.2011 09:00:00,-0.31,0.25,0.37,0.37,0.37
11028,30.10.2011 10:00:00,-0.31,0.25,0.37,0.37,0.37
11029,30.10.2011 11:00:00,-0.31,0.25,0.37,0.37,0.37
11030,30.10.2011 12:00:00,-0.31,0.25,0.37,0.37,0.37,3.596
11031,30.10.2011 13:00:00,-0.31,0.25,0.37,0.37,0.37
11032,30.10.2011 14:00:00,-0.31,0.25,0.37,0.37,0.37
11033,30.10.2011 15:00:00,-0.31,0.18,0.37,0.31,0.37
11034,30.10.2011 16:00:00,-0.31,0.25,0.37,0.37,0.37
11035,30.10.2011 17:00:00,-0.31,0.25,0.37,0.37,0.37
11036,30.10.2011 18:00:00,-0.31,0.18,0.37,0.37,0.37,3.594
11037,30.10.2011 19:00:00,-0.31,0.25,0.37,0.31,0.37
11038,30.10.2011 20:00:00,-0.31,0.25,0.37,0.31,0.37
11039,30.10.2011 21:00:00,-0.31,0.18,0.37,0.31,0.37
11040,30.10.2011 22:00:00,-0.31,0.25,0.37,0.37,0.37
11041,30.10.2011 23:00:00,-0.31,0.25,0.37,0.31,0.37
11042,31.10.2011 00:00:00,-0.31,0.25,0.31,0.37,0.37,3.597
11043,31.10.2011 01:00:00,-0.37,0.18,0.37,0.37,0.37
11044,31.10.2011 02:00:00,-0.31,0.18,0.37,0.31,0.37
11045,31.10.2011 03:00:00,-0.37,0.25,0.37,0.31,0.37
11046,31.10.2011 04:00:00,-0.37,0.18,0.37,0.31,0.37
11047,31.10.2011 05:00:00,-0.37,0.18,0.37,0.31,0.37
11048,31.10.2011 06:00:00,-0.37,0.25,0.37,0.31,0.37,3.588
11049,31.10.2011 07:00:00,-0.37,0.18,0.37,0.31,0.37
11050,31.10.2011 08:00:00,-0.37,0.18,0.31,0.31,0.37
11051,31.10.2011 09:00:00,-0.43,0.18,0.37,0.31,0.37
11052,31.10.2011 10:00:00,-0.43,0.18,0.31,0.31,0.37
11053,31.10.2011 11:00:00,-0.43,0.18,0.37,0.31,0.37
11054,31.10.2011 12:00:00,-0.43,0.18,0.31,0.31,0.37,3.592
11055,31.10.2011 13:00:00,-0.43,0.18,0.31,0.31,0.37
11056,31.10.2011 14:00:00,-0.43,0.18,0.31,0.31,0.31
11057,31.10.2011 15:00:00,-0.43,0.18,0.31,0.31,0.37
11058,31.10.2011 16:00:00,-0.43,0.18,0.31,0.31,0.37
11059,31.10.2011 17:00:00,-0.43,0.18,0.31,0.31,0.37
11060,31.10.2011 18:00:00,-0.43,0.18,0.31,0.31,0.37,3.593
11061,31.10.2011 19:00:00,-0.37,0.18,0.31,0.31,0.37
11062,31.10.2011 20:00:00,-0.43,0.18,0.31,0.31,0.37
11063,31.10.2011 21:00:00,-0.43,0.18,0.31,0.31,0.31
11064,31.10.2011 22:00:00,-0.43,0.18,0.31,0.31,0.31
11065,31.10.2011 23:00:00,-0.43,0.18,0.31,0.31,0.31
11066,01.11.2011 00:00:00,-0.43,0.18,0.31,0.31,0.31,3.594
11067,01.11.2011 01:00:00,-0.43,0.18,0.31,0.31,0.31
11068,01.11.2011 02:00:00,-0.43,0.18,0.31,0.31,0.31
11069,01.11.2011 03:00:00,-0.43,0.18,0.31,0.31,0.31
11070,01.11.2011 04:00:00,-0.43,0.18,0.31,0.31,0.31
11071,01.11.2011 05:00:00,-0.43,0.18,0.31,0.31,0.31
11072,01.11.2011 06:00:00,-0.43,0.18,0.31,0.31,0.31,3.591
11073,01.11.2011 07:00:00,-0.43,0.18,0.31,0.31,0.31
11074,01.11.2011 08:00:00,-0.43,0.18,0.31,0.31,0.31
11075,01.11.2011 09:00:00,-0.43,0.18,0.31,0.31,0.31
11076,01.11.2011 10:00:00,-0.43,0.18,0.31,0.31,0.31
11077,01.11.2011 11:00:00,-0.43,0.18,0.31,0.31,0.31
11078,01.11.2011 12:00:00,-0.43,0.18,0.31,0.31,0.31,3.593
11079,01.11.2011 13:00:00,-0.43,0.18,0.31,0.31,0.31
11080,01.11.2011 14:00:00,-0.43,0.18,0.31,0.31,0.31
11081,01.11.2011 15:00:00,-0.43,0.18,0.31,0.31,0.31
11082,01.11.2011 16:00:00,-0.43,0.18,0.31,0.31,0.31
11083,01.11.2011 17:00:00,-0.43,0.18,0.31,0.25,0.31
11084,01.11.2011 18:00:00,-0.43,0.18,0.31,0.25,0.31,3.589
11085,01.11.2011 19:00:00,-0.43,0.18,0.31,0.25,0.31
11086,01.11.2011 20:00:00,-0.43,0.18,0.31,0.25,0.31
11087,01.11.2011 21:00:00,-0.43,0.12,0.31,0.25,0.31
11088,01.11.2011 22:00:00,-0.43,0.18,0.31,0.25,0.31
11089,01.11.2011 23:00:00,-0.43,0.18,0.31,0.31,0.31
11090,02.11.2011 00:00:00,-0.43,0.18,0.31,0.25,0.31,3.589
11091,02.11.2011 01:00:00,-0.43,0.18,0.25,0.25,0.31
11092,02.11.2011 02:00:00,-0.43,0.12,0.31,0.25,0.31
11093,02.11.2011 03:00:00,-0.43,0.18,0.31,0.25,0.31
11094,02.11.2011 04:00:00,-0.43,0.18,0.31,0.25,0.31
11095,02.11.2011 05:00:00,-0.43,0.12,0.25,0.25,0.31
11096,02.11.2011 06:00:00,-0.43,0.18,0.25,0.25,0.31,3.591
11097,02.11.2011 07:00:00,-0.43,0.18,0.25,0.25,0.31
11098,02.11.2011 08:00:00,-0.43,0.12,0.31,0.25,0.31
11099,02.11.2011 09:00:00,-0.37,0.12,0.31,0.25,0.31
11100,02.11.2011 10:00:00,-0.43,0.12,0.31,0.25,0.31
11101,02.11.2011 11:00:00,-0.43,0.12,0.31,0.25,0.31
11102,02.11.2011 12:00:00,-0.43,0.12,0.31,0.25,0.31,3.590
11103,02.11.2011 13:00:00,-0.43,0.12,0.25,0.25,0.31
11104,02.11.2011 14:00:00,-0.43,0.12,0.31,0.25,0.31
11105,02.11.2011 15:00:00,-0.43,0.12,0.31,0.25,0.31
11106,02.11.2011 16:00:00,-0.43,0.12,0.31,0.25,0.31
11107,02.11.2011 17:00:00,-0.43,0.12,0.31,0.25,0.31
11108,02.11.2011 18:00:00,-0.43,0.12,0.31,0.25,0.31,3.590
11109,02.11.2011 19:00:00,-0.37,0.12,0.25,0.25,0.31
11110,02.11.2011 20:00:00,-0.43,0.12,0.25,0.25,0.31
11111,02.11.2011 21:00:00,-0.43,0.12,0.25,0.25,0.25
11112,02.11.2011 22:00:00,-0.37,0.12,0.25,0.25,0.31
11113,02.11.2011 23:00:00,-0.43,0.12,0.25,0.25,0.25
11114,03.11.2011 00:00:00,-0.43,0.12,0.31,0.25,0.25,3.596
11115,03.11.2011 01:00:00,-0.43,0.12,0.25,0.25,0.25
11116,03.11.2011 02:00:00,-0.43,0.12,0.31,0.25,0.25
11117,03.11.2011 03:00:00,-0.43,0.12,0.25,0.25,0.25
11118,03.11.2011 04:00:00,-0.43,0.12,0.25,0.25,0.25
11119,03.11.2011 05:00:00,-0.43,0.12,0.25,0.25,0.25
11120,03.11.2011 06:00:00,-0.43,0.12,0.25,0.25,0.25,3.592
11121,03.11.2011 07:00:00,-0.43,0.12,0.25,0.25,0.25
11122,03.11.2011 08:00:00,-0.43,0.12,0.25,0.25,0.25
11123,03.11.2011 09:00:00,-0.43,0.12,0.25,0.25,0.25
11124,03.11.2011 10:00:00,-0.43,0.12,0.25,0.25,0.25
11125,03.11.2011 11:00:00,-0.43,0.12,0.25,0.25,0.25
11126,03.11.2011 12:00:00,-0.43,0.12,0.25,0.25,0.25,3.589
11127,03.11.2011 13:00:00,-0.43,0.12,0.25,0.25,0.25
11128,03.11.2011 14:00:00,-0.43,0.12,0.25,0.25,0.31
11129,03.11.2011 15:00:00,-0.43,0.12,0.25,0.25,0.25
11130,03.11.2011 16:00:00,-0.43,0.12,0.25,0.25,0.25
11131,03.11.2011 17:00:00,-0.43,0.12,0.25,0.25,0.25
11132,03.11.2011 18:00:00,-0.43,0.12,0.25,0.25,0.25,3.589
11133,03.11.2011 19:00:00,-0.43,0.12,0.25,0.25,0.25
11134,03.11.2011 20:00:00,-0.43,0.12,0.25,0.18,0.25
11135,03.11.2011 21:00:00,-0.43,0.12,0.25,0.25,0.25
11136,03.11.2011 22:00:00,-0.43,0.12,0.25,0.25,0.25
11137,03.11.2011 23:00:00,-0.43,0.12,0.25,0.25,0.25
11138,04.11.2011 00:00:00,-0.43,0.12,0.25,0.18,0.25,3.589
11139,04.11.2011 01:00:00,-0.43,0.12,0.25,0.25,0.25
11140,04.11.2011 02:00:00,-0.43,0.12,0.25,0.18,0.25
11141,04.11.2011 03:00:00,-0.43,0.12,0.25,0.18,0.25
11142,04.11.2011 04:00:00,-0.43,0.12,0.25,0.18,0.25
11143,04.11.2011 05:00:00,-0.43,0.12,0.25,0.25,0.25
11144,04.11.2011 06:00:00,-0.43,0.12,0.25,0.18,0.25,3.590
11145,04.11.2011 07:00:00,-0.43,0.12,0.25,0.18,0.25
11146,04.11.2011 08:00:00,-0.43,0.12,0.25,0.25,0.25
11147,04.11.2011 09:00:00,-0.43,0.12,0.25,0.25,0.25
11148,04.11.2011 10:00:00,-0.43,0.12,0.25,0.18,0.25
11149,04.11.2011 11:00:00,-0.43,0.12,0.25,0.25,0.25
11150,04.11.2011 12:00:00,-0.43,0.12,0.25,0.18,0.25,3.595
11151,04.11.2011 13:00:00,-0.43,0.12,0.25,0.18,0.25
11152,04.11.2011 14:00:00,-0.5,0.12,0.18,0.18,0.25
11153,04.11.2011 15:00:00,-0.43,0.12,0.25,0.18,0.25
11154,04.11.2011 16:00:00,-0.43,0.12,0.18,0.18,0.25
11155,04.11.2011 17:00:00,-0.43,0.12,0.25,0.18,0.25
11156,04.11.2011 18:00:00,-0.43,0.12,0.25,0.18,0.25,3.591
11157,04.11.2011 19:00:00,-0.43,0.12,0.25,0.18,0.25
11158,04.11.2011 20:00:00,-0.5,0.12,0.25,0.18,0.25
11159,04.11.2011 21:00:00,-0.43,0.12,0.25,0.18,0.18
11160,04.11.2011 22:00:00,-0.43,0.12,0.25,0.18,0.25
11161,04.11.2011 23:00:00,-0.43,0.12,0.18,0.18,0.25
11162,05.11.2011 00:00:00,-0.43,0.12,0.18,0.18,0.25,3.595
11163,05.11.2011 01:00:00,-0.43,0.12,0.25,0.18,0.25
11164,05.11.2011 02:00:00,-0.43,0.12,0.25,0.18,0.25
11165,05.11.2011 03:00:00,-0.43,0.12,0.18,0.18,0.25
11166,05.11.2011 04:00:00,-0.43,0.12,0.18,0.18,0.25
11167,05.11.2011 05:00:00,-0.5,0.12,0.18,0.18,0.18
11168,05.11.2011 06:00:00,-0.43,0.12,0.18,0.18,0.25,3.596
11169,05.11.2011 07:00:00,-0.43,0.12,0.25,0.18,0.25
11170,05.11.2011 08:00:00,-0.43,0.12,0.18,0.18,0.25
11171,05.11.2011 09:00:00,-0.5,0.06,0.25,0.18,0.25
11172,05.11.2011 10:00:00,-0.5,0.12,0.18,0.18,0.18
11173,05.11.2011 11:00:00,-0.5,0.06,0.25,0.18,0.18
11174,05.11.2011 12:00:00,-0.5,0.06,0.18,0.18,0.18,3.588
11175,05.11.2011 13:00:00,-0.5,0.12,0.18,0.18,0.18
11176,05.11.2011 14:00:00,-0.5,0.06,0.25,0.18,0.18
11177,05.11.2011 15:00:00,-0.5,0.12,0.18,0.18,0.18
11178,05.11.2011 16:00:00,-0.5,0.06,0.25,0.18,0.18
11179,05.11.2011 17:00:00,-0.5,0.06,0.18,0.18,0.18
11180,05.11.2011 18:00:00,-0.5,0.12,0.25,0.18,0.18,3.595
11181,05.11.2011 19:00:00,-0.5,0.06,0.18,0.18,0.18
11182,05.11.2011 20:00:00,-0.5,0.12,0.18,0.18,0.25
11183,05.11.2011 21:00:00,-0.43,0.12,0.18,0.18,0.25
11184,05.11.2011 22:00:00,-0.5,0.06,0.18,0.18,0.18
11185,05.11.2011 23:00:00,-0.5,0.06,0.18,0.18,0.18
11186,06.11.2011 00:00:00,-0.43,0.06,0.18,0.18,0.18,3.588
11187,06.11.2011 01:00:00,-0.43,0.12,0.18,0.18,0.18
11188,06.11.2011 02:00:00,-0.5,0.06,0.18,0.18,0.18
11189,06.11.2011 03:00:00,-0.5,0.12,0.18,0.18,0.18
11190,06.11.2011 04:00:00,-0.5,0.06,0.18,0.18,0.18
11191,06.11.2011 05:00:00,-0.5,0.06,0.18,0.18,0.18
11192,06.11.2011 06:00:00,-0.5,0.12,0.18,0.18,0.18,3.593
11193,06.11.2011 07:00:00,-0.5,0.06,0.18,0.18,0.18
11194,06.11.2011 08:00:00,-0.5,0.06,0.18,0.12,0.18
11195,06.11.2011 09:00:00,-0.5,0.06,0.18,0.18,0.18
11196,06.11.2011 10:00:00,-0.5,0.06,0.18,0.18,0.18
11197,06.11.2011 11:00:00,-0.5,0.12,0.18,0.18,0.18
11198,06.11.2011 12:00:00,-0.5,0.06,0.18,0.12,0.18,3.588
11199,06.11.2011 13:00:00,-0.5,0.06,0.18,0.18,0.18
11200,06.11.2011 14:00:00,-0.5,0.06,0.18,0.12,0.18
11201,06.11.2011 15:00:00,-0.5,0.06,0.18,0.12,0.18
11202,06.11.2011 16:00:00,-0.5,0.06,0.18,0.18,0.18
11203,06.11.2011 17:00:00,-0.43,0.06,0.18,0.12,0.18
11204,06.11.2011 18:00:00,-0.5,0.12,0.18,0.18,0.18,3.589
11205,06.11.2011 19:00:00,-0.5,0.06,0.18,0.18,0.18
11206,06.11.2011 20:00:00,-0.5,0.06,0.18,0.18,0.18
11207,06.11.2011 21:00:00,-0.5,0.12,0.18,0.12,0.18
11208,06.11.2011 22:00:00,-0.5,0.06,0.18,0.12,0.18
11209,06.11.2011 23:00:00,-0.5,0.06,0.18,0.12,0.18
11210,07.11.2011 00:00:00,-0.43,0.06,0.18,0.12,0.18,3.589
11211,07.11.2011 01:00:00,-0.5,0.06,0.18,0.12,0.18
11212,07.11.2011 02:00:00,-0.5,0.06,0.18,0.12,0.18
11213,07.11.2011 03:00:00,-0.43,0.06,0.18,0.12,0.18
11214,07.11.2011 04:00:00,-0.5,0.06,0.18,0.12,0.18
11215,07.11.2011 05:00:00,-0.5,0.06,0.18,0.12,0.18
11216,07.11.2011 06:00:00,-0.5,0.12,0.18,0.12,0.18,3.594
11217,07.11.2011 07:00:00,-0.5,0.06,0.18,0.12,0.18
11218,07.11.2011 08:00:00,-0.5,0.06,0.18,0.12,0.18
11219,07.11.2011 09:00:00,-0.5,0.06,0.18,0.18,0.18
11220,07.11.2011 10:00:00,-0.5,0.06,0.18,0.12,0.18
11221,07.11.2011 11:00:00,-0.5,0.06,0.18,0.12,0.18
11222,07.11.2011 12:00:00,-0.5,0.06,0.12,0.12,0.18,3.592
11223,07.11.2011 13:00:00,-0.5,0.12,0.18,0.12,0.18
11224,07.11.2011 14:00:00,-0.5,0.06,0.18,0.12,0.18
11225,07.11.2011 15:00:00,-0.5,0.06,0.18,0.12,0.18
11226,07.11.2011 16:00:00,-0.5,0.06,0.18,0.12,0.18
11227,07.11.2011 17:00:00,-0.5,0.06,0.18,0.12,0.18
11228,07.11.2011 18:00:00,-0.5,0.06,0.18,0.12,0.18,3.595
11229,07.11.2011 19:00:00,-0.43,0.06,0.18,0.12,0.18
11230,07.11.2011 20:00:00,-0.5,0.06,0.18,0.12,0.18
11231,07.11.2011 21:00:00,-0.5,0.06,0.18,0.12,0.12
11232,07.11.2011 22:00:00,-0.5,0.06,0.18,0.12,0.18
11233,07.11.2011 23:00:00,-0.5,0.06,0.18,0.12,0.18
11234,08.11.2011 00:00:00,-0.5,0.06,0.18,0.12,0.12,3.588
11235,08.11.2011 01:00:00,-0.5,0.06,0.18,0.12,0.12
11236,08.11.2011 02:00:00,-0.43,0.06,0.18,0.12,0.18
11237,08.11.2011 03:00:00,-0.5,0.06,0.18,0.12,0.12
11238,08.11.2011 04:00:00,-0.5,0.06,0.12,0.12,0.12
11239,08.11.2011 05:00:00,-0.5,0.06,0.18,0.12,0.18
11240,08.11.2011 06:00:00,-0.5,0.06,0.12,0.12,0.18,3.594
11241,08.11.2011 07:00:00,-0.5,0.06,0.18,0.12,0.12
11242,08.11.2011 08:00:00,-0.5,0.06,0.18,0.12,0.12
11243,08.11.2011 09:00:00,-0.5,0.06,0.12,0.12,0.18
11244,08.11.2011 10:00:00,-0.5,0.06,0.18,0.12,0.12
11245,08.11.2011 11:00:00,-0.5,0.06,0.18,0.12,0.18
11246,08.11.2011 12:00:00,-0.5,0.06,0.18,0.12,0.12,3.591
11247,08.11.2011 13:00:00,-0.5,0.06,0.18,0.12,0.12
11248,08.11.2011 14:00:00,-0.5,0.06,0.18,0.12,0.18
11249,08.11.2011 15:00:00,-0.5,0.06,0.18,0.12,0.12
11250,08.11.2011 16:00:00,-0.5,0.06,0.18,0.12,0.12
11251,08.11.2011 17:00:00,-0.5,0.06,0.18,0.12,0.12
11252,08.11.2011 18:00:00,-0.5,0.06,0.18,0.12,0.12,3.593
11253,08.11.2011 19:00:00,-0.5,0.06,0.18,0.12,0.12
11254,08.11.2011 20:00:00,-0.5,0.06,0.18,0.12,0.12
11255,08.11.2011 21:00:00,-0.5,0.06,0.12,0.12,0.12
11256,08.11.2011 22:00:00,-0.5,0.06,0.12,0.12,0.12
11257,08.11.2011 23:00:00,-0.5,0.06,0.12,0.12,0.12
11258,09.11.2011 00:00:00,-0.5,0.06,0.12,0.12,0.12,3.591
11259,09.11.2011 01:00:00,-0.5,0.06,0.12,0.12,0.12
11260,09.11.2011 02:00:00,-0.5,0.06,0.18,0.12,0.12
11261,09.11.2011 03:00:00,-0.5,0.06,0.12,0.12,0.12
11262,09.11.2011 04:00:00,-0.5,0.06,0.12,0.12,0.12
11263,09.11.2011 05:00:00,-0.5,0.06,0.12,0.12,0.12
11264,09.11.2011 06:00:00,-0.5,0.06,0.12,0.12,0.12,3.594
11265,09.11.2011 07:00:00,-0.5,0.06,0.18,0.12,0.12
11266,09.11.2011 08:00:00,-0.5,0.06,0.18,0.12,0.12
11267,09.11.2011 09:00:00,-0.5,0.06,0.18,0.12,0.12
11268,09.11.2011 10:00:00,-0.5,0.06,0.12,0.12,0.12
11269,09.11.2011 11:00:00,-0.5,0.06,0.18,0.06,0.12
11270,09.11.2011 12:00:00,-0.5,0.06,0.18,0.12,0.12,3.587
11271,09.11.2011 13:00:00,-0.5,0.06,0.18,0.12,0.12
11272,09.11.2011 14:00:00,-0.5,0.06,0.12,0.12,0.12
11273,09.11.2011 15:00:00,-0.5,0.06,0.12,0.12,0.12
11274,09.11.2011 16:00:00,-0.5,0.06,0.12,0.12,0.12
11275,09.11.2011 17:00:00,-0.5,0.06,0.18,0.12,0.12
11276,09.11.2011 18:00:00,-0.5,0.06,0.12,0.12,0.12,3.588
11277,09.11.2011 19:00:00,-0.5,0.06,0.18,0.12,0.12
11278,09.11.2011 20:00:00,-0.5,0.06,0.18,0.12,0.12
11279,09.11.2011 21:00:00,-0.5,0.06,0.12,0.06,0.12
11280,09.11.2011 22:00:00,-0.5,0.06,0.12,0.06,0.12
11281,09.11.2011 23:00:00,-0.5,0.06,0.12,0.06,0.12
11282,10.11.2011 00:00:00,-0.5,0.06,0.12,0.06,0.12,3.591
11283,10.11.2011 01:00:00,-0.5,0.06,0.12,0.12,0.12
11284,10.11.2011 02:00:00,-0.5,0.06,0.12,0.12,0.12
11285,10.11.2011 03:00:00,-0.5,0.06,0.12,0.12,0.12
11286,10.11.2011 04:00:00,-0.5,0.06,0.12,0.06,0.12
11287,10.11.2011 05:00:00,-0.5,0.06,0.12,0.12,0.12
11288,10.11.2011 06:00:00,-0.5,0.06,0.12,0.06,0.12,3.588
11289,10.11.2011 07:00:00,-0.5,0.06,0.12,0.06,0.12
11290,10.11.2011 08:00:00,-0.5,0.06,0.12,0.06,0.12
11291,10.11.2011 09:00:00,-0.5,0.06,0.12,0.12,0.12
11292,10.11.2011 10:00:00,-0.5,0.06,0.12,0.06,0.12
11293,10.11.2011 11:00:00,-0.5,0.06,0.12,0.12,0.12
11294,10.11.2011 12:00:00,-0.5,0.06,0.12,0.06,0.12,3.588
11295,10.11.2011 13:00:00,-0.5,0.06,0.12,0.06,0.12
11296,10.11.2011 14:00:00,-0.5,0.06,0.12,0.06,0.12
11297,10.11.2011 15:00:00,-0.5,0.06,0.12,0.06,0.12
11298,10.11.2011 16:00:00,-0.56,0.06,0.18,0.06,0.12
11299,10.11.2011 17:00:00,-0.5,0.06,0.12,0.06,0.12
11300,10.11.2011 18:00:00,-0.5,0.06,0.12,0.06,0.12,3.595
11301,10.11.2011 19:00:00,-0.5,0.06,0.12,0.12,0.12
11302,10.11.2011 20:00:00,-0.5,0.06,0.12,0.06,0.12
11303,10.11.2011 21:00:00,-0.56,0.06,0.12,0.06,0.12
11304,10.11.2011 22:00:00,-0.56,0.06,0.12,0.06,0.12
11305,10.11.2011 23:00:00,-0.56,0.06,0.12,0.06,0.12
11306,11.11.2011 00:00:00,-0.56,0.06,0.12,0.06,0.12,3.591
11307,11.11.2011 01:00:00,-0.5,0.06,0.12,0.06,0.12
11308,11.11.2011 02:00:00,-0.56,0.06,0.12,0.06,0.12
11309,11.11.2011 03:00:00,-0.56,0.06,0.12,0.06,0.12
11310,11.11.2011 04:00:00,-0.56,0.06,0.12,0.06,0.12
11311,11.11.2011 05:00:00,-0.56,0.06,0.12,0.06,0.12
11312,11.11.2011 06:00:00,-0.5,0.06,0.12,0.06,0.12,3.588
11313,11.11.2011 07:00:00,-0.56,0.06,0.12,0.06,0.12
11314,11.11.2011 08:00:00,-0.56,0.06,0.12,0.06,0.12
11315,11.11.2011 09:00:00,-0.56,0.06,0.12,0.06,0.12
11316,11.11.2011 10:00:00,-0.56,0.06,0.12,0.06,0.12
11317,11.11.2011 11:00:00,-0.56,0.06,0.12,0.06,0.06
11318,11.11.2011 12:00:00,-0.56,0.06,0.12,0.06,0.12,3.587
11319,11.11.2011 13:00:00,-0.56,0.06,0.12,0.06,0.12
11320,11.11.2011 14:00:00,-0.56,0.06,0.12,0.06,0.06
11321,11.11.2011 15:00:00,-0.56,0.06,0.12,0.06,0.12
11322,11.11.2011 16:00:00,-0.62,0.06,0.12,0.06,0.12
11323,11.11.2011 17:00:00,-0.56,0.06,0.12,0.06,0.06
11324,11.11.2011 18:00:00,-0.62,0.06,0.18,0.06,0.12,3.589
11325,11.11.2011 19:00:00,-0.62,0,0.12,0.06,0.06
11326,11.11.2011 20:00:00,-0.56,0.06,0.12,0.06,0.12
11327,11.11.2011 21:00:00,-0.62,0.06,0.12,0.06,0.12
11328,11.11.2011 22:00:00,-0.62,0.06,0.12,0.06,0.06
11329,11.11.2011 23:00:00,-0.62,0.06,0.12,0.06,0.12
11330,12.11.2011 00:00:00,-0.56,0.06,0.12,0.06,0.12,3.587
11331,12.11.2011 01:00:00,-0.62,0.06,0.12,0.06,0.06
11332,12.11.2011 02:00:00,-0.62,0.06,0.12,0.06,0.06
11333,12.11.2011 03:00:00,-0.62,0.06,0.12,0.06,0.12
11334,12.11.2011 04:00:00,-0.62,0.06,0.12,0.06,0.06
11335,12.11.2011 05:00:00,-0.62,0.06,0.12,0.06,0.06
11336,12.11.2011 06:00:00,-0.62,0.06,0.12,0.06,0.12,3.592
11337,12.11.2011 07:00:00,-0.62,0,0.12,0.06,0.12
11338,12.11.2011 08:00:00,-0.62,0.06,0.12,0.06,0.06
11339,12.11.2011 09:00:00,-0.62,0.06,0.12,0.06,0.06
11340,12.11.2011 10:00:00,-0.62,0.06,0.12,0.06,0.06
11341,12.11.2011 11:00:00,-0.62,0.06,0.12,0.06,0.06
11342,12.11.2011 12:00:00,-0.62,0.06,0.12,0.06,0.06,3.587
11343,12.11.2011 13:00:00,-0.68,0.06,0.12,0.06,0.12
11344,12.11.2011 14:00:00,-0.68,0.06,0.12,0.06,0.06
11345,12.11.2011 15:00:00,-0.62,0.06,0.12,0.06,0.12
11346,12.11.2011 16:00:00,-0.62,0.06,0.12,0.06,0.06
11347,12.11.2011 17:00:00,-0.68,0.06,0.12,0.06,0.06
11348,12.11.2011 18:00:00,-0.68,0,0.12,0.06,0.06,3.592
11349,12.11.2011 19:00:00,-0.68,0.06,0.12,0.06,0.06
11350,12.11.2011 20:00:00,-0.62,0.06,0.12,0.06,0.06
11351,12.11.2011 21:00:00,-0.68,0.06,0.12,0.06,0.06
11352,12.11.2011 22:00:00,-0.62,0.06,0.12,0.06,0.06
11353,12.11.2011 23:00:00,-0.68,0,0.12,0.06,0.06
11354,13.11.2011 00:00:00,-0.68,0.06,0.12,0.06,0.06,3.591
11355,13.11.2011 01:00:00,-0.68,0.06,0.12,0.06,0.06
11356,13.11.2011 02:00:00,-0.68,0,0.12,0.06,0.06
11357,13.11.2011 03:00:00,-0.68,0.06,0.12,0.06,0.06
11358,13.11.2011 04:00:00,-0.68,0.06,0.12,0.06,0.06
11359,13.11.2011 05:00:00,-0.68,0.06,0.12,0.06,0.12
11360,13.11.2011 06:00:00,-0.68,0,0.12,0.06,0.06,3.586
11361,13.11.2011 07:00:00,-0.68,0.06,0.12,0.06,0.06
11362,13.11.2011 08:00:00,-0.68,0,0.12,0.06,0.06
11363,13.11.2011 09:00:00,-0.68,0.06,0.12,0.06,0.06
11364,13.11.2011 10:00:00,-0.68,0.06,0.12,0.06,0.06
11365,13.11.2011 11:00:00,-0.68,0.06,0.12,0.06,0.06
11366,13.11.2011 12:00:00,-0.68,0.06,0.12,0.06,0.06,3.591
11367,13.11.2011 13:00:00,-0.68,0.06,0.12,0.06,0.06
11368,13.11.2011 14:00:00,-0.68,0.06,0.12,0.06,0.06
11369,13.11.2011 15:00:00,-0.68,0.06,0.12,0.06,0.06
11370,13.11.2011 16:00:00,-0.68,0.06,0.12,0.06,0.06
11371,13.11.2011 17:00:00,-0.62,0.06,0.12,0.06,0.06
11372,13.11.2011 18:00:00,-0.68,0.06,0.12,0.06,0.06,3.587
11373,13.11.2011 19:00:00,-0.68,0,0.06,0.06,0.06
11374,13.11.2011 20:00:00,-0.68,0.06,0.12,0.06,0.06
11375,13.11.2011 21:00:00,-0.68,0.06,0.12,0.06,0.06
11376,13.11.2011 22:00:00,-0.62,0,0.12,0.06,0.06
11377,13.11.2011 23:00:00,-0.62,0.06,0.12,0.06,0.06
11378,14.11.2011 00:00:00,-0.62,0.06,0.12,0.06,0.06,3.593
11379,14.11.2011 01:00:00,-0.62,0.06,0.12,0.06,0.06
11380,14.11.2011 02:00:00,-0.62,0.06,0.12,0.06,0.06
11381,14.11.2011 03:00:00,-0.62,0,0.12,0.06,0.06
11382,14.11.2011 04:00:00,-0.62,0.06,0.12,0.06,0.06
11383,14.11.2011 05:00:00,-0.62,0.06,0.12,0.06,0.06
11384,14.11.2011 06:00:00,-0.62,0,0.12,0.06,0.06,3.587
11385,14.11.2011 07:00:00,-0.62,0,0.12,0.06,0.06
11386,14.11.2011 08:00:00,-0.62,0.06,0.06,0,0.06
11387,14.11.2011 09:00:00,-0.62,0,0.12,0,0.06
11388,14.11.2011 10:00:00,-0.62,0.06,0.12,0.06,0.06
11389,14.11.2011 11:00:00,-0.62,0,0.12,0.06,0.06
11390,14.11.2011 12:00:00,-0.62,0.06,0.12,0.06,0.06,3.587
11391,14.11.2011 13:00:00,-0.62,0.06,0.12,0.06,0.06
11392,14.11.2011 14:00:00,-0.62,0.06,0.12,0.06,0.06
11393,14.11.2011 15:00:00,-0.62,0.06,0.12,0.06,0.06
11394,14.11.2011 16:00:00,-0.62,0.06,0.12,0.06,0.06
11395,14.11.2011 17:00:00,-0.62,0.06,0.12,0.06,0.06
11396,14.11.2011 18:00:00,-0.62,0,0.12,0.06,0.06,3.588
11397,14.11.2011 19:00:00,-0.62,0,0.12,0.06,0.06
11398,14.11.2011 20:00:00,-0.62,0,0.12,0.06,0.06
11399,14.11.2011 21:00:00,-0.62,0,0.06,0.06,0.06
11400,14.11.2011 22:00:00,-0.62,0,0.12,0.06,0.06
11401,14.11.2011 23:00:00,-0.62,0,0.06,0.06,0.06
11402,15.11.2011 00:00:00,-0.62,0.06,0.12,0.06,0.06,3.594
11403,15.11.2011 01:00:00,-0.62,0,0.12,0.06,0.06
11404,15.11.2011 02:00:00,-0.62,0,0.12,0,0.06
11405,15.11.2011 03:00:00,-0.62,0.06,0.12,0,0.06
11406,15.11.2011 04:00:00,-0.62,0.06,0.12,0.06,0.06
11407,15.11.2011 05:00:00,-0.62,0.06,0.12,0.06,0.06
11408,15.11.2011 06:00:00,-0.62,0,0.12,0.06,0.06,3.592
11409,15.11.2011 07:00:00,-0.62,0,0.12,0.06,0.06
11410,15.11.2011 08:00:00,-0.62,0.06,0.12,0.06,0.06
11411,15.11.2011 09:00:00,-0.62,0,0.06,0,0.06
11412,15.11.2011 10:00:00,-0.62,0,0.06,0.06,0.06
11413,15.11.2011 11:00:00,-0.62,0.06,0.06,0.06,0.06
11414,15.11.2011 12:00:00,-0.62,0.06,0.06,0,0.06,3.592
11415,15.11.2011 13:00:00,-0.62,0.06,0.12,0,0.06
11416,15.11.2011 14:00:00,-0.62,0,0.12,0,0.06
11417,15.11.2011 15:00:00,-0.62,0,0.12,0,0.06
11418,15.11.2011 16:00:00,-0.62,0,0.06,0,0.06
11419,15.11.2011 17:00:00,-0.62,0,0.12,0.06,0.06
11420,15.11.2011 18:00:00,-0.62,0.06,0.06,0.06,0.06,3.587
11421,15.11.2011 19:00:00,-0.62,0,0.12,0,0.06
11422,15.11.2011 20:00:00,-0.62,0,0.12,0,0.06
11423,15.11.2011 21:00:00,-0.62,0,0.12,0.06,0.06
11424,15.11.2011 22:00:00,-0.62,0.06,0.12,0.06,0.06
11425,15.11.2011 23:00:00,-0.62,0,0.12,0,0.06
11426,16.11.2011 00:00:00,-0.62,0,0.06,0,0.06,3.591
11427,16.11.2011 01:00:00,-0.62,0,0.06,0.06,0.06
11428,16.11.2011 02:00:00,-0.62,0.06,0.12,0,0.06
11429,16.11.2011 03:00:00,-0.62,0.06,0.12,0,0.06
11430,16.11.2011 04:00:00,-0.68,0,0.06,0,0.06
11431,16.11.2011 05:00:00,-0.62,0,0.06,0,0.06
11432,16.11.2011 06:00:00,-0.68,0,0.06,0.06,0.06,3.590
11433,16.11.2011 07:00:00,-0.62,0,0.06,0.06,0.06
11434,16.11.2011 08:00:00,-0.68,0,0.06,0,0.06
11435,16.11.2011 09:00:00,-0.68,0.06,0.12,0,0.06
11436,16.11.2011 10:00:00,-0.68,0,0.12,0,0.06
11437,16.11.2011 11:00:00,-0.68,0,0.06,0,0.06
11438,16.11.2011 12:00:00,-0.68,0,0.06,0,0.06,3.591
11439,16.11.2011 13:00:00,-0.68,0,0.06,0.06,0.06
11440,16.11.2011 14:00:00,-0.68,0,0.12,0,0.06
11441,16.11.2011 15:00:00,-0.68,0,0.12,0,0.06
11442,16.11.2011 16:00:00,-0.68,0.06,0.12,0,0.06
11443,16.11.2011 17:00:00,-0.68,0,0.12,0.06,0.06
11444,16.11.2011 18:00:00,-0.68,0,0.06,0,0.06,3.589
11445,16.11.2011 19:00:00,-0.68,0,0.06,0.06,0.06
11446,16.11.2011 20:00:00,-0.68,0,0.06,0,0.06
11447,16.11.2011 21:00:00,-0.68,0,0.06,0,0.06
11448,16.11.2011 22:00:00,-0.68,0,0.06,0,0.06
11449,16.11.2011 23:00:00,-0.68,0.06,0.12,0,0.06
11450,17.11.2011 00:00:00,-0.68,0,0.06,0,0,3.591
11451,17.11.2011 01:00:00,-0.68,0,0.12,0,0.06
11452,17.11.2011 02:00:00,-0.68,0,0.06,0,0
11453,17.11.2011 03:00:00,-0.68,0,0.12,0,0.06
11454,17.11.2011 04:00:00,-0.68,0,0.06,0,0.06
11455,17.11.2011 05:00:00,-0.68,0,0.12,0,0.06
11456,17.11.2011 06:00:00,-0.68,0,0.12,0,0.06,3.586
11457,17.11.2011 07:00:00,-0.68,0,0.06,0,0.06
11458,17.11.2011 08:00:00,-0.68,0,0.12,0.06,0.06
11459,17.11.2011 09:00:00,-0.68,0,0.06,0,0
11460,17.11.2011 10:00:00,-0.68,0,0.12,0,0.06
11461,17.11.2011 11:00:00,-0.68,0,0.12,0,0.06
11462,17.11.2011 12:00:00,-0.68,0,0.12,0,0.06,3.586
11463,17.11.2011 13:00:00,-0.68,0,0.12,0,0.06
11464,17.11.2011 14:00:00,-0.68,0,0.12,0,0.06
11465,17.11.2011 15:00:00,-0.68,0,0.06,0,0
11466,17.11.2011 16:00:00,-0.68,0.06,0.12,0,0.06
11467,17.11.2011 17:00:00,-0.68,0,0.06,0,0
11468,17.11.2011 18:00:00,-0.68,0,0.12,0,0.06,3.589
11469,17.11.2011 19:00:00,-0.68,0,0.06,0,0.06
11470,17.11.2011 20:00:00,-0.68,0.06,0.06,0,0.06
11471,17.11.2011 21:00:00,-0.68,0.06,0.06,0,0.06
11472,17.11.2011 22:00:00,-0.68,0,0.06,0,0
11473,17.11.2011 23:00:00,-0.68,0,0.12,0,0
11474,18.11.2011 00:00:00,-0.68,0.06,0.12,0,0.06,3.587
11475,18.11.2011 01:00:00,-0.68,0,0.06,0.06,0.06
11476,18.11.2011 02:00:00,-0.68,0,0.06,0,0
11477,18.11.2011 03:00:00,-0.68,0,0.06,0,0.06
11478,18.11.2011 04:00:00,-0.68,0,0.12,0,0
11479,18.11.2011 05:00:00,-0.68,0,0.06,0,0
11480,18.11.2011 06:00:00,-0.68,0,0.06,0,0.06,3.587
11481,18.11.2011 07:00:00,-0.68,0,0.06,0,0
11482,18.11.2011 08:00:00,-0.62,0,0.12,0,0
11483,18.11.2011 09:00:00,-0.68,0,0.06,0,0.06
11484,18.11.2011 10:00:00,-0.68,0,0.06,0,0
11485,18.11.2011 11:00:00,-0.62,0,0.12,0,0
11486,18.11.2011 12:00:00,-0.68,0.06,0.06,0,0.06,3.593
11487,18.11.2011 13:00:00,-0.68,0,0.06,0,0
11488,18.11.2011 14:00:00,-0.68,0,0.06,0,0.06
11489,18.11.2011 15:00:00,-0.68,0,0.06,0,0
11490,18.11.2011 16:00:00,-0.68,0,0.06,0,0
11491,18.11.2011 17:00:00,-0.68,0,0.06,0,0
11492,18.11.2011 18:00:00,-0.68,0,0.06,0,0,3.590
11493,18.11.2011 19:00:00,-0.62,0,0.06,0,0.06
11494,18.11.2011 20:00:00,-0.68,0,0.06,0,0
11495,18.11.2011 21:00:00,-0.68,0,0.06,0,0.06
11496,18.11.2011 22:00:00,-0.62,0.06,0.06,0,0
11497,18.11.2011 23:00:00,-0.68,0,0.06,0,0.06
11498,19.11.2011 00:00:00,-0.62,0,0.06,0,0,3.587
11499,19.11.2011 01:00:00,-0.68,0,0.12,0,0.06
11500,19.11.2011 02:00:00,-0.62,0,0.12,0,0
11501,19.11.2011 03:00:00,-0.62,0,0.06,0,0.06
11502,19.11.2011 04:00:00,-0.62,0,0.06,0,0
11503,19.11.2011 05:00:00,-0.62,0,0.06,0,0.06
11504,19.11.2011 06:00:00,-0.62,0,0.12,0,0,3.587
11505,19.11.2011 07:00:00,-0.62,0,0.12,0,0
11506,19.11.2011 08:00:00,-0.62,0,0.06,0,0
11507,19.11.2011 09:00:00,-0.62,0,0.06,0,0
11508,19.11.2011 10:00:00,-0.62,0,0.06,0,0.06
11509,19.11.2011 11:00:00,-0.62,0,0.06,0,0
11510,19.11.2011 12:00:00,-0.62,0,0.06,0,0,3.587
11511,19.11.2011 13:00:00,-0.62,0,0.06,0,0
11512,19.11.2011 14:00:00,-0.62,0,0.06,0,0
11513,19.11.2011 15:00:00,-0.62,0,0.12,0,0.06
11514,19.11.2011 16:00:00,-0.62,0,0.06,0,0
11515,19.11.2011 17:00:00,-0.62,0,0.12,0,0
11516,19.11.2011 18:00:00,-0.62,0,0.06,0,0,3.587
11517,19.11.2011 19:00:00,-0.62,0.06,0.06,0,0
11518,19.11.2011 20:00:00,-0.62,0,0.06,0,0
11519,19.11.2011 21:00:00,-0.68,0,0.06,0,0
11520,19.11.2011 22:00:00,-0.62,0,0.06,0,0
11521,19.11.2011 23:00:00,-0.62,0,0.06,0,0
11522,20.11.2011 00:00:00,-0.62,0,0.06,0,0,3.592
11523,20.11.2011 01:00:00,-0.62,0,0.06,0,0
11524,20.11.2011 02:00:00,-0.62,0,0.12,0,0
11525,20.11.2011 03:00:00,-0.62,0.06,0.06,0,0
11526,20.11.2011 04:00:00,-0.68,0,0.06,0,0
11527,20.11.2011 05:00:00,-0.62,0,0.06,0,0
11528,20.11.2011 06:00:00,-0.62,0.06,0.06,0,0,3.588
11529,20.11.2011 07:00:00,-0.62,0.06,0.12,0,0
11530,20.11.2011 08:00:00,-0.62,0,0.06,0,0
11531,20.11.2011 09:00:00,-0.62,0,0.06,0,0
11532,20.11.2011 10:00:00,-0.62,0,0.06,0,0
11533,20.11.2011 11:00:00,-0.62,0,0.06,0,0
11534,20.11.2011 12:00:00,-0.62,0,0.06,0,0.06,3.592
11535,20.11.2011 13:00:00,-0.62,0.06,0.06,0,0
11536,20.11.2011 14:00:00,-0.62,0,0.12,0,0
11537,20.11.2011 15:00:00,-0.62,0,0.06,0,0
11538,20.11.2011 16:00:00,-0.62,0,0.12,0,0
11539,20.11.2011 17:00:00,-0.62,0,0.06,0,0
11540,20.11.2011 18:00:00,-0.62,0.06,0.06,0,0,3.592
11541,20.11.2011 19:00:00,-0.62,0,0.06,0,0
11542,20.11.2011 20:00:00,-0.62,0.06,0.06,0,0
11543,20.11.2011 21:00:00,-0.68,0,0.06,0,0
11544,20.11.2011 22:00:00,-0.62,0,0.06,0,0
11545,20.11.2011 23:00:00,-0.62,0,0.06,0,0
11546,21.11.2011 00:00:00,-0.62,0.06,0.06,0,0,3.587
11547,21.11.2011 01:00:00,-0.62,0,0.06,0,0
11548,21.11.2011 02:00:00,-0.62,0,0.06,0,0
11549,21.11.2011 03:00:00,-0.62,0.06,0.06,0,0
11550,21.11.2011 04:00:00,-0.62,0,0.12,0,0
11551,21.11.2011 05:00:00,-0.62,0,0.06,0,0
11552,21.11.2011 06:00:00,-0.62,0,0.06,0,0,3.593
11553,21.11.2011 07:00:00,-0.62,0,0.06,0,0
11554,21.11.2011 08:00:00,-0.62,0.06,0.06,0,0
11555,21.11.2011 09:00:00,-0.62,0.06,0.06,0,0
11556,21.11.2011 10:00:00,-0.62,0,0.06,0,0
11557,21.11.2011 11:00:00,-0.62,0,0.06,0,0
11558,21.11.2011 12:00:00,-0.68,0,0.06,0,0,3.587
11559,21.11.2011 13:00:00,-0.62,0,0.06,0,0
11560,21.11.2011 14:00:00,-0.62,0,0.12,0,0
11561,21.11.2011 15:00:00,-0.62,0.06,0.06,0,0
11562,21.11.2011 16:00:00,-0.62,0,0.06,0,0
11563,21.11.2011 17:00:00,-0.62,0,0.06,0,0
11564,21.11.2011 18:00:00,-0.62,0,0.06,0,0,3.591
11565,21.11.2011 19:00:00,-0.62,0,0.12,0,0
11566,21.11.2011 20:00:00,-0.62,0.06,0.06,0,0
11567,21.11.2011 21:00:00,-0.62,0,0.06,0,0
11568,21.11.2011 22:00:00,-0.62,0,0.06,0,0
11569,21.11.2011 23:00:00,-0.62,0,0.06,0,0
11570,22.11.2011 00:00:00,-0.62,0.06,0.06,0,0,3.586
11571,22.11.2011 01:00:00,-0.62,0,0.06,0,0
11572,22.11.2011 02:00:00,-0.62,0,0.12,0,0
11573,22.11.2011 03:00:00,-0.62,0,0.06,0,0
11574,22.11.2011 04:00:00,-0.62,0,0.06,0,0
11575,22.11.2011 05:00:00,-0.62,0,0.06,0,0
11576,22.11.2011 06:00:00,-0.62,0,0.06,0,0,3.587
11577,22.11.2011 07:00:00,-0.62,0,0.06,0,0
11578,22.11.2011 08:00:00,-0.62,0,0.06,0,0
11579,22.11.2011 09:00:00,-0.62,0,0.06,0,0
11580,22.11.2011 10:00:00,-0.68,0.06,0.06,0,0
11581,22.11.2011 11:00:00,-0.62,0,0.12,0,0
11582,22.11.2011 12:00:00,-0.62,0,0.06,0,0,3.588
11583,22.11.2011 13:00:00,-0.62,0,0.06,0,0
11584,22.11.2011 14:00:00,-0.62,0.06,0.06,0,0
11585,22.11.2011 15:00:00,-0.62,0,0.06,0,0
11586,22.11.2011 16:00:00,-0.62,0,0.06,0,0
11587,22.11.2011 17:00:00,-0.62,0,0.06,0,0
11588,22.11.2011 18:00:00,-0.62,0,0.06,0,0,3.592
11589,22.11.2011 19:00:00,-0.62,0,0.06,0,0
11590,22.11.2011 20:00:00,-0.62,0,0.12,0,0
11591,22.11.2011 21:00:00,-0.62,0,0.06,0,0
11592,22.11.2011 22:00:00,-0.62,0,0.06,0,0
11593,22.11.2011 23:00:00,-0.62,0,0.06,0,0
11594,23.11.2011 00:00:00,-0.62,0.06,0.06,0,0,3.591
11595,23.11.2011 01:00:00,-0.62,0,0.06,0,0
11596,23.11.2011 02:00:00,-0.62,0,0.06,0,0
11597,23.11.2011 03:00:00,-0.62,0,0.06,0,0
11598,23.11.2011 04:00:00,-0.62,0,0.06,0,0
11599,23.11.2011 05:00:00,-0.62,0,0.06,0,0
11600,23.11.2011 06:00:00,-0.62,0,0.12,0,0,3.591
11601,23.11.2011 07:00:00,-0.62,0,0.06,0,0
11602,23.11.2011 08:00:00,-0.62,0,0.06,0,0
11603,23.11.2011 09:00:00,-0.62,0,0.06,0,0
11604,23.11.2011 10:00:00,-0.62,0,0.06,0,0
11605,23.11.2011 11:00:00,-0.62,0,0.06,0,0
11606,23.11.2011 12:00:00,-0.62,0,0.06,0,0,3.587
11607,23.11.2011 13:00:00,-0.62,0,0.06,0,0
11608,23.11.2011 14:00:00,-0.62,0,0.06,0,0
11609,23.11.2011 15:00:00,-0.62,0,0.06,0,0
11610,23.11.2011 16:00:00,-0.62,0,0.06,0,0
11611,23.11.2011 17:00:00,-0.62,0,0.06,0,0
11612,23.11.2011 18:00:00,-0.62,0,0.06,0,0,3.591
11613,23.11.2011 19:00:00,-0.62,0,0.06,0,0
11614,23.11.2011 20:00:00,-0.62,0,0.06,0,0
11615,23.11.2011 21:00:00,-0.62,0,0.06,0,0
11616,23.11.2011 22:00:00,-0.62,0,0.06,0,0
11617,23.11.2011 23:00:00,-0.62,0,0.06,0,0
11618,24.11.2011 00:00:00,-0.62,0,0.06,0,0,3.591
11619,24.11.2011 01:00:00,-0.62,0,0.12,0,0
11620,24.11.2011 02:00:00,-0.62,0.06,0.06,0,0
11621,24.11.2011 03:00:00,-0.62,0,0.06,0,0
11622,24.11.2011 04:00:00,-0.62,0,0.06,0,0
11623,24.11.2011 05:00:00,-0.62,0,0.06,0,0
11624,24.11.2011 06:00:00,-0.62,0,0.06,0,0,3.592
11625,24.11.2011 07:00:00,-0.62,0,0.12,0,0
11626,24.11.2011 08:00:00,-0.62,0,0.06,0,0
11627,24.11.2011 09:00:00,-0.62,0,0.06,0,0
11628,24.11.2011 10:00:00,-0.62,0,0.06,0,0
11629,24.11.2011 11:00:00,-0.68,0,0.06,0,0
11630,24.11.2011 12:00:00,-0.62,0,0.06,0,0,3.589
11631,24.11.2011 13:00:00,-0.62,0,0.06,0,0
11632,24.11.2011 14:00:00,-0.68,0,0.06,0,0
11633,24.11.2011 15:00:00,-0.62,0,0.06,0,0
11634,24.11.2011 16:00:00,-0.68,0,0.06,0,0
11635,24.11.2011 17:00:00,-0.62,0,0.06,0,0
11636,24.11.2011 18:00:00,-0.62,0,0.06,0,0,3.592
11637,24.11.2011 19:00:00,-0.62,0,0.12,0,0
11638,24.11.2011 20:00:00,-0.68,0,0.06,0,0
11639,24.11.2011 21:00:00,-0.68,0,0.06,0,0
11640,24.11.2011 22:00:00,-0.62,0,0.06,0,0
11641,24.11.2011 23:00:00,-0.68,0,0.06,0,0
11642,25.11.2011 00:00:00,-0.68,0,0.06,0,0,3.585
11643,25.11.2011 01:00:00,-0.62,0,0.06,0,0
11644,25.11.2011 02:00:00,-0.68,0,0.06,0,0
11645,25.11.2011 03:00:00,-0.68,0,0.06,0,0
11646,25.11.2011 04:00:00,-0.68,0,0.06,0,0
11647,25.11.2011 05:00:00,-0.68,0,0.06,0,0
11648,25.11.2011 06:00:00,-0.62,0,0.06,0,0,3.586
11649,25.11.2011 07:00:00,-0.68,0,0.06,0,0
11650,25.11.2011 08:00:00,-0.62,0,0.06,0,0
11651,25.11.2011 09:00:00,-0.68,0,0.06,0,0
11652,25.11.2011 10:00:00,-0.68,0,0.06,0,0
11653,25.11.2011 11:00:00,-0.68,0,0.06,0,0
11654,25.11.2011 12:00:00,-0.68,0,0.06,0,0,3.587
11655,25.11.2011 13:00:00,-0.68,0,0.06,0,0
11656,25.11.2011 14:00:00,-0.68,0,0.06,0,0
11657,25.11.2011 15:00:00,-0.62,0,0.06,0,0
11658,25.11.2011 16:00:00,-0.62,0,0.06,0,0
11659,25.11.2011 17:00:00,-0.68,0,0.06,0,0
11660,25.11.2011 18:00:00,-0.68,0,0.06,0,0,3.586
11661,25.11.2011 19:00:00,-0.68,0,0.06,0,0
11662,25.11.2011 20:00:00,-0.68,0,0.06,0,0
11663,25.11.2011 21:00:00,-0.68,0,0.06,0,0
11664,25.11.2011 22:00:00,-0.68,0,0.06,0,0
11665,25.11.2011 23:00:00,-0.68,0,0.06,0,0
11666,26.11.2011 00:00:00,-0.68,0,0.06,0,0,3.585
11667,26.11.2011 01:00:00,-0.68,0,0.06,0,0
11668,26.11.2011 02:00:00,-0.68,0,0.06,0,0
11669,26.11.2011 03:00:00,-0.68,0,0.06,0,0
11670,26.11.2011 04:00:00,-0.68,0,0.06,0,0
11671,26.11.2011 05:00:00,-0.68,0,0.06,0,0
11672,26.11.2011 06:00:00,-0.68,0,0.06,0,0,3.593
11673,26.11.2011 07:00:00,-0.68,0,0.06,0,0
11674,26.11.2011 08:00:00,-0.68,0,0.06,0,0
11675,26.11.2011 09:00:00,-0.68,0,0.06,0,0
11676,26.11.2011 10:00:00,-0.68,0,0.06,0,0
11677,26.11.2011 11:00:00,-0.68,0,0.06,0,0
11678,26.11.2011 12:00:00,-0.68,0,0.06,0,0,3.591
11679,26.11.2011 13:00:00,-0.68,0,0.06,0,0
11680,26.11.2011 14:00:00,-0.68,0,0.06,0,0
11681,26.11.2011 15:00:00,-0.68,0,0.06,0,0
11682,26.11.2011 16:00:00,-0.68,0,0.06,0,0
11683,26.11.2011 17:00:00,-0.68,0,0.06,0,0
11684,26.11.2011 18:00:00,-0.68,0,0.06,0,0,3.586
11685,26.11.2011 19:00:00,-0.68,0,0.06,0,0
11686,26.11.2011 20:00:00,-0.68,0,0.06,0,0
11687,26.11.2011 21:00:00,-0.68,0,0.06,0,0
11688,26.11.2011 22:00:00,-0.68,0,0.06,0,0
11689,26.11.2011 23:00:00,-0.68,0,0.06,0,0
11690,27.11.2011 00:00:00,-0.68,0,0.06,0,0,3.587
11691,27.11.2011 01:00:00,-0.68,0,0.06,0,0
11692,27.11.2011 02:00:00,-0.68,0,0.06,0,0
11693,27.11.2011 03:00:00,-0.68,0,0.06,0,0
11694,27.11.2011 04:00:00,-0.68,0,0.06,0,0
11695,27.11.2011 05:00:00,-0.68,0,0.06,0,0
11696,27.11.2011 06:00:00,-0.68,0,0.06,0,0,3.587
11697,27.11.2011 07:00:00,-0.68,0,0.06,0,0
11698,27.11.2011 08:00:00,-0.68,0,0.06,0,0
11699,27.11.2011 09:00:00,-0.68,0,0.06,0,0
11700,27.11.2011 10:00:00,-0.68,0,0.06,0,0
11701,27.11.2011 11:00:00,-0.68,0,0.06,0,0
11702,27.11.2011 12:00:00,-0.68,0,0.06,0,0,3.586
11703,27.11.2011 13:00:00,-0.68,0,0.06,0,0
11704,27.11.2011 14:00:00,-0.68,0,0.06,0,0
11705,27.11.2011 15:00:00,-0.68,0,0.06,0,0
11706,27.11.2011 16:00:00,-0.68,0,0.06,0,0
11707,27.11.2011 17:00:00,-0.75,0,0.06,0,0
11708,27.11.2011 18:00:00,-0.68,0,0.06,0,0,3.592
11709,27.11.2011 19:00:00,-0.75,0.06,0.06,0,0
11710,27.11.2011 20:00:00,-0.68,0,0.06,0,0
11711,27.11.2011 21:00:00,-0.68,0,0.06,0,0
11712,27.11.2011 22:00:00,-0.68,0,0.06,0,0
11713,27.11.2011 23:00:00,-0.75,0,0.06,0,0
11714,28.11.2011 00:00:00,-0.75,0,0.06,-0.06,0,3.586
11715,28.11.2011 01:00:00,-0.68,0,0.06,-0.06,0
11716,28.11.2011 02:00:00,-0.68,0,0.06,0,0
11717,28.11.2011 03:00:00,-0.68,0,0.06,0,0
11718,28.11.2011 04:00:00,-0.68,0,0.06,0,0
11719,28.11.2011 05:00:00,-0.75,0,0.06,0,0
11720,28.11.2011 06:00:00,-0.75,0,0.06,0,0,3.591
11721,28.11.2011 07:00:00,-0.75,0,0.06,0,0
11722,28.11.2011 08:00:00,-0.75,0,0.06,0,0
11723,28.11.2011 09:00:00,-0.75,0,0.06,0,0
11724,28.11.2011 10:00:00,-0.75,0,0.06,0,0
11725,28.11.2011 11:00:00,-0.75,0,0.06,0,0
11726,28.11.2011 12:00:00,-0.75,0,0.06,0,0,3.592
11727,28.11.2011 13:00:00,-0.75,0,0.06,0,0
11728,28.11.2011 14:00:00,-0.75,0,0.06,0,0
11729,28.11.2011 15:00:00,-0.75,0,0.06,0,0
11730,28.11.2011 16:00:00,-0.75,0,0.06,0,0
11731,28.11.2011 17:00:00,-0.75,0,0.06,0,0
11732,28.11.2011 18:00:00,-0.75,0,0.06,0,0,3.585
11733,28.11.2011 19:00:00,-0.75,0,0.06,0,0
11734,28.11.2011 20:00:00,-0.75,0,0.06,0,0
11735,28.11.2011 21:00:00,-0.75,0,0.06,0,0
11736,28.11.2011 22:00:00,-0.75,0,0.06,0,0
11737,28.11.2011 23:00:00,-0.75,0,0.06,0,0
11738,29.11.2011 00:00:00,-0.75,0,0.06,0,0,3.591
11739,29.11.2011 01:00:00,-0.75,0,0.06,0,0
11740,29.11.2011 02:00:00,-0.75,0,0.06,0,0
11741,29.11.2011 03:00:00,-0.75,0,0.06,-0.06,0
11742,29.11.2011 04:00:00,-0.75,0,0.06,0,0
11743,29.11.2011 05:00:00,-0.75,0,0.06,0,0
11744,29.11.2011 06:00:00,-0.75,0,0.06,0,0,3.585
11745,29.11.2011 07:00:00,-0.75,0,0.06,0,0
11746,29.11.2011 08:00:00,-0.75,0,0.06,0,0
11747,29.11.2011 09:00:00,-0.75,0,0.06,0,0
11748,29.11.2011 10:00:00,-0.75,0,0.06,0,0
11749,29.11.2011 11:00:00,-0.75,0,0.06,0,0
11750,29.11.2011 12:00:00,-0.75,0,0.06,0,0,3.592
11751,29.11.2011 13:00:00,-0.75,0,0.06,0,0
11752,29.11.2011 14:00:00,-0.75,0,0.06,0,0
11753,29.11.2011 15:00:00,-0.75,0,0.06,0,0
11754,29.11.2011 16:00:00,-0.75,0,0.06,0,0
11755,29.11.2011 17:00:00,-0.75,0,0.06,0,0
11756,29.11.2011 18:00:00,-0.81,0,0.06,0,0,3.586
11757,29.11.2011 19:00:00,-0.81,0,0.06,0,0
11758,29.11.2011 20:00:00,-0.75,0,0.06,0,0
11759,29.11.2011 21:00:00,-0.81,0,0.06,0,0
11760,29.11.2011 22:00:00,-0.81,0,0.06,0,0
11761,29.11.2011 23:00:00,-0.81,0,0.06,-0.06,0
11762,30.11.2011 00:00:00,-0.75,0,0.06,0,0,3.585
11763,30.11.2011 01:00:00,-0.75,0,0.06,-0.06,0
11764,30.11.2011 02:00:00,-0.75,0,0.06,0,0
11765,30.11.2011 03:00:00,-0.81,0,0.06,-0.06,0
11766,30.11.2011 04:00:00,-0.81,0,0.06,0,0
11767,30.11.2011 05:00:00,-0.81,0,0.06,0,0
11768,30.11.2011 06:00:00,-0.81,0,0.06,0,0,3.585
11769,30.11.2011 07:00:00,-0.81,0,0.06,0,0
11770,30.11.2011 08:00:00,-0.81,0,0.06,0,0
11771,30.11.2011 09:00:00,-0.81,0,0.06,0,0
11772,30.11.2011 10:00:00,-0.81,0,0.06,0,0
11773,30.11.2011 11:00:00,-0.81,0,0.06,0,0
11774,30.11.2011 12:00:00,-0.81,0,0.06,0,0,3.590
11775,30.11.2011 13:00:00,-0.81,0,0.06,0,0
11776,30.11.2011 14:00:00,-0.81,0,0.06,0,0
11777,30.11.2011 15:00:00,-0.81,0,0.06,0,0
11778,30.11.2011 16:00:00,-0.81,0,0.06,0,0
11779,30.11.2011 17:00:00,-0.81,0,0.06,0,0
11780,30.11.2011 18:00:00,-0.81,0,0.06,-0.06,0,3.588
11781,30.11.2011 19:00:00,-0.81,0,0.06,0,0
11782,30.11.2011 20:00:00,-0.81,0,0.06,0,0
11783,30.11.2011 21:00:00,-0.81,0,0.06,0,0
11784,30.11.2011 22:00:00,-0.81,0,0.06,0,0
11785,30.11.2011 23:00:00,-0.81,0,0.06,0,0
11786,01.12.2011 00:00:00,-0.81,0,0.06,0,-0.06,3.588
11787,01.12.2011 01:00:00,-0.87,0,0.06,0,0
11788,01.12.2011 02:00:00,-0.87,0,0.06,0,0
11789,01.12.2011 03:00:00,-0.87,0,0.06,0,0
11790,01.12.2011 04:00:00,-0.87,0,0.06,0,0
11791,01.12.2011 05:00:00,-0.87,0,0.06,0,0
11792,01.12.2011 06:00:00,-0.87,0,0.06,0,0,3.583
11793,01.12.2011 07:00:00,-0.87,0,0.06,0,0
11794,01.12.2011 08:00:00,-0.87,0,0.06,0,0
11795,01.12.2011 09:00:00,-0.87,0,0.06,0,0
11796,01.12.2011 10:00:00,-0.87,0,0.06,-0.06,0
11797,01.12.2011 11:00:00,-0.87,0,0.06,0,0
11798,01.12.2011 12:00:00,-0.87,0,0.06,-0.06,0,3.588
11799,01.12.2011 13:00:00,-0.87,0,0.06,0,0
11800,01.12.2011 14:00:00,-0.87,0,0.06,0,0
11801,01.12.2011 15:00:00,-0.87,0,0.06,0,0
11802,01.12.2011 16:00:00,-0.93,0,0.06,0,0
11803,01.12.2011 17:00:00,-0.87,0,0.06,0,0
11804,01.12.2011 18:00:00,-0.87,0,0.06,-0.06,0,3.586
11805,01.12.2011 19:00:00,-0.93,0,0.06,0,0
11806,01.12.2011 20:00:00,-0.93,0,0.06,0,0
11807,01.12.2011 21:00:00,-0.93,0,0.06,0,0
11808,01.12.2011 22:00:00,-0.93,0,0.06,0,0
11809,01.12.2011 23:00:00,-0.93,0,0.06,0,0
11810,02.12.2011 00:00:00,-0.93,0,0.06,0,0,3.588
11811,02.12.2011 01:00:00,-0.93,0,0.06,0,0
11812,02.12.2011 02:00:00,-0.93,0,0.06,0,0
11813,02.12.2011 03:00:00,-0.93,0,0.06,-0.06,0
11814,02.12.2011 04:00:00,-0.93,0,0.06,0,0
11815,02.12.2011 05:00:00,-0.93,0,0.06,0,0
11816,02.12.2011 06:00:00,-0.93,0,0.06,0,0,3.586
11817,02.12.2011 07:00:00,-0.93,0,0.06,0,0
11818,02.12.2011 08:00:00,-0.93,0,0.06,0,0
11819,02.12.2011 09:00:00,-0.93,0,0.06,0,0
11820,02.12.2011 10:00:00,-0.93,0,0.06,0,0
11821,02.12.2011 11:00:00,-0.93,0,0.06,0,0
11822,02.12.2011 12:00:00,-0.93,0,0.06,0,0,3.588
11823,02.12.2011 13:00:00,-0.93,0,0.06,0,0
11824,02.12.2011 14:00:00,-0.93,0,0.06,0,0
11825,02.12.2011 15:00:00,-0.93,0,0.06,-0.06,0
11826,02.12.2011 16:00:00,-0.93,0,0.06,0,0
11827,02.12.2011 17:00:00,-0.93,0,0.06,0,0
11828,02.12.2011 18:00:00,-0.93,-0.06,0.06,0,0,3.582
11829,02.12.2011 19:00:00,-0.93,0,0.06,-0.06,0
11830,02.12.2011 20:00:00,-0.93,0,0.06,0,0
11831,02.12.2011 21:00:00,-0.93,0,0.06,0,0
11832,02.12.2011 22:00:00,-0.93,0,0.06,0,0
11833,02.12.2011 23:00:00,-0.93,0,0.06,0,0
11834,03.12.2011 00:00:00,-0.93,0,0.06,0,0,3.582
11835,03.12.2011 01:00:00,-0.93,0,0.06,0,0
11836,03.12.2011 02:00:00,-0.93,0,0.06,0,0
11837,03.12.2011 03:00:00,-1,-0.06,0.06,0,0
11838,03.12.2011 04:00:00,-1,0,0.06,0,0
11839,03.12.2011 05:00:00,-0.93,-0.06,0.06,-0.06,0
11840,03.12.2011 06:00:00,-0.93,0,0.06,0,0,3.585
11841,03.12.2011 07:00:00,-0.93,0,0.06,0,0
11842,03.12.2011 08:00:00,-0.93,0,0.06,0,0
11843,03.12.2011 09:00:00,-1,0,0.06,0,0
11844,03.12.2011 10:00:00,-0.93,0,0.06,-0.06,0
11845,03.12.2011 11:00:00,-1,0,0.06,0,0
11846,03.12.2011 12:00:00,-0.93,0,0.06,0,0,3.583
11847,03.12.2011 13:00:00,-0.93,0,0.06,0,0
11848,03.12.2011 14:00:00,-0.93,0,0.06,0,0
11849,03.12.2011 15:00:00,-1,-0.06,0.06,0,0
11850,03.12.2011 16:00:00,-0.93,0,0.06,0,0
11851,03.12.2011 17:00:00,-0.93,0,0.06,0,0
11852,03.12.2011 18:00:00,-0.93,0,0.06,0,0,3.583
11853,03.12.2011 19:00:00,-0.93,0,0.06,-0.06,0
11854,03.12.2011 20:00:00,-0.93,0,0.06,0,0
11855,03.12.2011 21:00:00,-1,0,0.06,0,0
11856,03.12.2011 22:00:00,-0.93,0,0.06,0,0
11857,03.12.2011 23:00:00,-0.93,0,0.06,0,0
11858,04.12.2011 00:00:00,-0.93,0,0.06,0,0,3.588
11859,04.12.2011 01:00:00,-0.93,0,0.06,-0.06,0
11860,04.12.2011 02:00:00,-0.93,0,0.06,0,0
11861,04.12.2011 03:00:00,-0.93,0,0.06,0,0
11862,04.12.2011 04:00:00,-0.93,0,0.06,0,0
11863,04.12.2011 05:00:00,-0.93,0,0.06,0,-0.06
11864,04.12.2011 06:00:00,-0.93,0,0.06,0,0,3.587
11865,04.12.2011 07:00:00,-0.93,0,0.06,0,0
11866,04.12.2011 08:00:00,-1,0,0.06,0,0
11867,04.12.2011 09:00:00,-0.93,0,0.06,0,0
11868,04.12.2011 10:00:00,-1,0,0.06,0,0
11869,04.12.2011 11:00:00,-1,-0.06,0.06,0,0
11870,04.12.2011 12:00:00,-1,0,0.06,-0.06,0,3.583
11871,04.12.2011 13:00:00,-1,0,0.06,0,0
11872,04.12.2011 14:00:00,-1,0,0.06,0,0
11873,04.12.2011 15:00:00,-1,0,0.06,-0.06,0
11874,04.12.2011 16:00:00,-1,0,0.06,0,0
11875,04.12.2011 17:00:00,-1,0,0.06,-0.06,0
11876,04.12.2011 18:00:00,-1,0,0.06,0,0,3.581
11877,04.12.2011 19:00:00,-1,0,0.06,0,0
11878,04.12.2011 20:00:00,-1,-0.06,0.06,0,0
11879,04.12.2011 21:00:00,-1,-0.06,0.06,0,0
11880,04.12.2011 22:00:00,-1,-0.06,0.06,0,0
11881,04.12.2011 23:00:00,-1.06,-0.06,0.06,0,0
11882,05.12.2011 00:00:00,-1,0,0.06,0,0,3.582
11883,05.12.2011 01:00:00,-1,0,0.06,0,0
11884,05.12.2011 02:00:00,-1.06,-0.06,0.06,-0.06,0
11885,05.12.2011 03:00:00,-1.06,-0.06,0.06,0,0
11886,05.12.2011 04:00:00,-1.06,-0.06,0.06,0,0
11887,05.12.2011 05:00:00,-1.06,-0.06,0.06,0,0
11888,05.12.2011 06:00:00,-1.06,-0.06,0.06,0,0,3.582
11889,05.12.2011 07:00:00,-1.06,-0.06,0.06,0,0
11890,05.12.2011 08:00:00,-1.06,-0.06,0.06,0,0
11891,05.12.2011 09:00:00,-1.06,-0.06,0.06,0,0
11892,05.12.2011 10:00:00,-1.06,-0.06,0.06,0,0
11893,05.12.2011 11:00:00,-1.06,0,0.06,0,0
11894,05.12.2011 12:00:00,-1.06,-0.06,0.06,0,-0.06,3.588
11895,05.12.2011 13:00:00,-1.06,-0.06,0.06,0,-0.06
11896,05.12.2011 14:00:00,-1.06,-0.06,0.06,0,0
11897,05.12.2011 15:00:00,-1.06,0,0.06,0,0
11898,05.12.2011 16:00:00,-1.06,-0.06,0.06,-0.06,0
11899,05.12.2011 17:00:00,-1.06,-0.06,0.06,0,0
11900,05.12.2011 18:00:00,-1.06,-0.06,0.06,0,0,3.582
11901,05.12.2011 19:00:00,-1.06,-0.06,0.06,0,0
11902,05.12.2011 20:00:00,-1.12,-0.06,0.06,-0.06,0
11903,05.12.2011 21:00:00,-1.06,-0.06,0.06,0,0
11904,05.12.2011 22:00:00,-1.06,-0.06,0.06,0,0
11905,05.12.2011 23:00:00,-1.06,-0.06,0.06,-0.06,0
11906,06.12.2011 00:00:00,-1.06,-0.06,0.06,0,0,3.587
11907,06.12.2011 01:00:00,-1.06,-0.06,0.06,-0.06,0
11908,06.12.2011 02:00:00,-1.06,-0.06,0.06,0,-0.06
11909,06.12.2011 03:00:00,-1.06,-0.06,0.06,-0.06,0
11910,06.12.2011 04:00:00,-1.06,-0.06,0.06,0,0
11911,06.12.2011 05:00:00,-1.06,-0.06,0.06,-0.06,-0.06
11912,06.12.2011 06:00:00,-1.12,-0.06,0.06,0,0,3.588
11913,06.12.2011 07:00:00,-1.12,-0.06,0.06,0,0
11914,06.12.2011 08:00:00,-1.12,-0.06,0.06,0,0
11915,06.12.2011 09:00:00,-1.12,-0.06,0.06,0,0
11916,06.12.2011 10:00:00,-1.12,-0.06,0.06,0,0
11917,06.12.2011 11:00:00,-1.12,-0.06,0.06,-0.06,0
11918,06.12.2011 12:00:00,-1.12,-0.06,0.06,-0.06,0,3.582
11919,06.12.2011 13:00:00,-1.12,-0.06,0.06,-0.06,0
11920,06.12.2011 14:00:00,-1.12,-0.06,0.06,0,0
11921,06.12.2011 15:00:00,-1.12,-0.06,0.06,0,0
11922,06.12.2011 16:00:00,-1.12,-0.06,0.06,0,0
11923,06.12.2011 17:00:00,-1.12,-0.06,0.06,0,0
11924,06.12.2011 18:00:00,-1.12,-0.06,0.06,-0.06,0,3.588
11925,06.12.2011 19:00:00,-1.12,-0.06,0.06,-0.06,0
11926,06.12.2011 20:00:00,-1.12,-0.06,0.06,0,0
11927,06.12.2011 21:00:00,-1.12,-0.06,0.06,0,0
11928,06.12.2011 22:00:00,-1.12,-0.06,0.06,0,0
11929,06.12.2011 23:00:00,-1.12,-0.06,0.06,0,0
11930,07.12.2011 00:00:00,-1.12,-0.06,0.06,0,-0.06,3.582
11931,07.12.2011 01:00:00,-1.12,-0.06,0.06,0,-0.06
11932,07.12.2011 02:00:00,-1.12,-0.06,0.06,0,0
11933,07.12.2011 03:00:00,-1.12,-0.06,0.06,0,0
11934,07.12.2011 04:00:00,-1.12,-0.06,0.06,0,0
11935,07.12.2011 05:00:00,-1.12,-0.06,0.06,-0.06,0
11936,07.12.2011 06:00:00,-1.12,-0.06,0.06,0,-0.06,3.585
11937,07.12.2011 07:00:00,-1.12,-0.06,0.06,-0.06,0
11938,07.12.2011 08:00:00,-1.12,-0.06,0.06,0,-0.06
11939,07.12.2011 09:00:00,-1.12,-0.06,0.06,0,0
11940,07.12.2011 10:00:00,-1.12,-0.06,0.06,0,0
11941,07.12.2011 11:00:00,-1.12,-0.06,0.06,-0.06,0
11942,07.12.2011 12:00:00,-1.12,-0.06,0.06,0,0,3.580
11943,07.12.2011 13:00:00,-1.12,-0.06,0.06,-0.06,0
11944,07.12.2011 14:00:00,-1.12,-0.06,0.06,0,0
11945,07.12.2011 15:00:00,-1.12,-0.06,0.06,0,0
11946,07.12.2011 16:00:00,-1.12,-0.06,0.06,0,0
11947,07.12.2011 17:00:00,-1.12,-0.06,0.06,0,0
11948,07.12.2011 18:00:00,-1.18,-0.06,0.06,0,0,3.581
11949,07.12.2011 19:00:00,-1.12,-0.06,0.06,0,0
11950,07.12.2011 20:00:00,-1.18,-0.06,0.06,0,0
11951,07.12.2011 21:00:00,-1.12,-0.06,0.06,0,0
11952,07.12.2011 22:00:00,-1.18,-0.06,0.06,0,0
11953,07.12.2011 23:00:00,-1.18,-0.06,0.06,-0.06,0
11954,08.12.2011 00:00:00,-1.18,-0.06,0.06,-0.06,0,3.581
11955,08.12.2011 01:00:00,-1.18,-0.06,0.06,0,0
11956,08.12.2011 02:00:00,-1.18,-0.06,0.06,0,0
11957,08.12.2011 03:00:00,-1.18,-0.06,0.06,0,0
11958,08.12.2011 04:00:00,-1.18,-0.06,0.06,-0.06,0
11959,08.12.2011 05:00:00,-1.18,-0.06,0.06,-0.06,0
11960,08.12.2011 06:00:00,-1.18,-0.06,0.06,0,0,3.586
11961,08.12.2011 07:00:00,-1.18,-0.06,0.06,0,0
11962,08.12.2011 08:00:00,-1.18,-0.06,0.06,-0.06,0
11963,08.12.2011 09:00:00,-1.18,-0.06,0.06,0,0
11964,08.12.2011 10:00:00,-1.18,-0.06,0.06,0,0
11965,08.12.2011 11:00:00,-1.18,-0.06,0.06,-0.06,-0.06
11966,08.12.2011 12:00:00,-1.25,-0.06,0.06,-0.06,0,3.583
11967,08.12.2011 13:00:00,-1.25,-0.06,0.06,0,0
11968,08.12.2011 14:00:00,-1.25,-0.06,0.06,0,-0.06
11969,08.12.2011 15:00:00,-1.25,-0.06,0.06,-0.06,0
11970,08.12.2011 16:00:00,-1.25,-0.06,0.06,0,0
11971,08.12.2011 17:00:00,-1.25,-0.06,0.06,-0.06,0
11972,08.12.2011 18:00:00,-1.25,-0.06,0.06,-0.06,-0.06,3.584
11973,08.12.2011 19:00:00,-1.25,-0.06,0.06,-0.06,0
11974,08.12.2011 20:00:00,-1.31,-0.06,0.06,0,0
11975,08.12.2011 21:00:00,-1.25,-0.06,0.06,0,0
11976,08.12.2011 22:00:00,-1.31,-0.06,0.06,-0.06,0
11977,08.12.2011 23:00:00,-1.31,-0.06,0.06,0,0
11978,09.12.2011 00:00:00,-1.31,-0.06,0.06,0,0,3.579
11979,09.12.2011 01:00:00,-1.31,-0.06,0.06,-0.06,0
11980,09.12.2011 02:00:00,-1.31,-0.06,0.06,0,0
11981,09.12.2011 03:00:00,-1.31,-0.06,0.06,0,0
11982,09.12.2011 04:00:00,-1.31,-0.06,0.06,0,0
11983,09.12.2011 05:00:00,-1.31,-0.12,0.06,0,0
11984,09.12.2011 06:00:00,-1.31,-0.06,0.06,-0.06,0,3.585
11985,09.12.2011 07:00:00,-1.31,-0.12,0.06,-0.06,0
11986,09.12.2011 08:00:00,-1.37,-0.12,0.06,0,0
11987,09.12.2011 09:00:00,-1.37,-0.06,0.06,0,0
11988,09.12.2011 10:00:00,-1.37,-0.12,0.06,-0.06,0
11989,09.12.2011 11:00:00,-1.31,-0.12,0.06,0,0
11990,09.12.2011 12:00:00,-1.37,-0.12,0.06,0,0,3.582
11991,09.12.2011 13:00:00,-1.37,-0.12,0.06,0,-0.06
11992,09.12.2011 14:00:00,-1.37,-0.12,0.06,-0.06,0
11993,09.12.2011 15:00:00,-1.37,-0.12,0.06,-0.06,0
11994,09.12.2011 16:00:00,-1.37,-0.12,0.06,0,-0.06
11995,09.12.2011 17:00:00,-1.37,-0.12,0.06,0,0
11996,09.12.2011 18:00:00,-1.37,-0.12,0.06,-0.06,0,3.584
11997,09.12.2011 19:00:00,-1.37,-0.12,0.06,0,0
11998,09.12.2011 20:00:00,-1.37,-0.12,0.06,0,0
11999,09.12.2011 21:00:00,-1.37,-0.12,0.06,-0.06,0
12000,09.12.2011 22:00:00,-1.37,-0.06,0.06,0,0
12001,09.12.2011 23:00:00,-1.37,-0.12,0.06,0,0
12002,10.12.2011 00:00:00,-1.37,-0.12,0.06,0,0,3.581
12003,10.12.2011 01:00:00,-1.37,-0.12,0.06,0,0
12004,10.12.2011 02:00:00,-1.31,-0.12,0.06,0,0
12005,10.12.2011 03:00:00,-1.31,-0.12,0.12,-0.06,0
12006,10.12.2011 04:00:00,-1.37,-0.12,0.06,-0.06,0
12007,10.12.2011 05:00:00,-1.37,-0.12,0.06,0,0
12008,10.12.2011 06:00:00,-1.37,-0.12,0.06,0,0,3.584
12009,10.12.2011 07:00:00,-1.37,-0.12,0.06,-0.06,-0.06
12010,10.12.2011 08:00:00,-1.37,-0.12,0.06,0,-0.06
12011,10.12.2011 09:00:00,-1.37,-0.12,0.06,0,0
12012,10.12.2011 10:00:00,-1.37,-0.12,0.06,0,-0.06
12013,10.12.2011 11:00:00,-1.37,-0.12,0.06,0,0
12014,10.12.2011 12:00:00,-1.37,-0.12,0.06,-0.06,-0.06,3.578
12015,10.12.2011 13:00:00,-1.37,-0.12,0.06,0,0
12016,10.12.2011 14:00:00,-1.37,-0.12,0.06,0,-0.06
12017,10.12.2011 15:00:00,-1.37,-0.12,0.06,0,0
12018,10.12.2011 16:00:00,-1.43,-0.12,0.06,0,0
12019,10.12.2011 17:00:00,-1.43,-0.12,0.06,0,0
12020,10.12.2011 18:00:00,-1.43,-0.12,0.06,0,0,3.579
12021,10.12.2011 19:00:00,-1.43,-0.12,0.06,0,-0.06
12022,10.12.2011 20:00:00,-1.43,-0.12,0.06,0,0
12023,10.12.2011 21:00:00,-1.43,-0.12,0.06,-0.06,-0.06
12024,10.12.2011 22:00:00,-1.43,-0.12,0.06,0,0
12025,10.12.2011 23:00:00,-1.43,-0.12,0.06,-0.06,-0.06
12026,11.12.2011 00:00:00,-1.43,-0.12,0.06,-0.06,0,3.579
12027,11.12.2011 01:00:00,-1.43,-0.12,0.06,-0.06,0
12028,11.12.2011 02:00:00,-1.43,-0.12,0.06,-0.06,0
12029,11.12.2011 03:00:00,-1.43,-0.18,0.06,0,-0.06
12030,11.12.2011 04:00:00,-1.5,-0.12,0.06,0,-0.06
12031,11.12.2011 05:00:00,-1.43,-0.12,0.06,0,-0.06
12032,11.12.2011 06:00:00,-1.43,-0.12,0.06,-0.06,0,3.578
12033,11.12.2011 07:00:00,-1.5,-0.12,0.06,0,0
12034,11.12.2011 08:00:00,-1.5,-0.12,0.12,-0.06,0
12035,11.12.2011 09:00:00,-1.5,-0.18,0.06,0,0
12036,11.12.2011 10:00:00,-1.5,-0.18,0.06,-0.06,0
12037,11.12.2011 11:00:00,-1.5,-0.18,0.06,0,0
12038,11.12.2011 12:00:00,-1.5,-0.18,0.06,-0.06,-0.06,3.576
12039,11.12.2011 13:00:00,-1.5,-0.12,0.06,-0.06,-0.06
12040,11.12.2011 14:00:00,-1.5,-0.12,0.06,-0.06,0
12041,11.12.2011 15:00:00,-1.5,-0.18,0.06,0,-0.06
12042,11.12.2011 16:00:00,-1.5,-0.12,0.06,-0.06,0
12043,11.12.2011 17:00:00,-1.5,-0.18,0.06,0,0
12044,11.12.2011 18:00:00,-1.5,-0.18,0.06,0,0,3.585
12045,11.12.2011 19:00:00,-1.5,-0.18,0.06,0,-0.06
12046,11.12.2011 20:00:00,-1.5,-0.18,0.06,0,-0.06
12047,11.12.2011 21:00:00,-1.5,-0.18,0.06,0,-0.06
12048,11.12.2011 22:00:00,-1.5,-0.18,0.06,0,0
12049,11.12.2011 23:00:00,-1.5,-0.18,0.06,-0.06,-0.06
12050,12.12.2011 00:00:00,-1.5,-0.18,0.06,-0.06,-0.06,3.581
12051,12.12.2011 01:00:00,-1.5,-0.18,0.06,0,-0.06
12052,12.12.2011 02:00:00,-1.5,-0.18,0.06,0,0
12053,12.12.2011 03:00:00,-1.5,-0.18,0.06,0,0
12054,12.12.2011 04:00:00,-1.5,-0.18,0.06,0,-0.06
12055,12.12.2011 05:00:00,-1.5,-0.18,0.06,0,-0.06
12056,12.12.2011 06:00:00,-1.5,-0.18,0.06,0,0,3.577
12057,12.12.2011 07:00:00,-1.5,-0.18,0.06,0,0
12058,12.12.2011 08:00:00,-1.5,-0.18,0.06,-0.06,0
12059,12.12.2011 09:00:00,-1.56,-0.18,0.06,-0.06,0
12060,12.12.2011 10:00:00,-1.5,-0.18,0.06,0,0
12061,12.12.2011 11:00:00,-1.5,-0.18,0.06,0,0
12062,12.12.2011 12:00:00,-1.56,-0.18,0.06,-0.06,-0.06,3.577
12063,12.12.2011 13:00:00,-1.5,-0.18,0.06,-0.06,0
12064,12.12.2011 14:00:00,-1.5,-0.18,0.06,0,-0.06
12065,12.12.2011 15:00:00,-1.56,-0.18,0.06,0,0
12066,12.12.2011 16:00:00,-1.56,-0.18,0.06,0,0
12067,12.12.2011 17:00:00,-1.56,-0.18,0.06,0,0
12068,12.12.2011 18:00:00,-1.56,-0.18,0.06,0,0,3.577
12069,12.12.2011 19:00:00,-1.56,-0.18,0.06,0,0
12070,12.12.2011 20:00:00,-1.56,-0.25,0.06,0,0
12071,12.12.2011 21:00:00,-1.56,-0.25,0.06,0,0
12072,12.12.2011 22:00:00,-1.56,-0.18,0.06,0,0
12073,12.12.2011 23:00:00,-1.56,-0.25,0.06,-0.06,-0.06
12074,13.12.2011 00:00:00,-1.56,-0.25,0.06,0,0,3.577
12075,13.12.2011 01:00:00,-1.56,-0.25,0.06,0,-0.06
12076,13.12.2011 02:00:00,-1.56,-0.25,0.06,-0.06,0
12077,13.12.2011 03:00:00,-1.56,-0.25,0.06,0,0
12078,13.12.2011 04:00:00,-1.56,-0.18,0.06,0,0
12079,13.12.2011 05:00:00,-1.56,-0.25,0.06,-0.06,0
12080,13.12.2011 06:00:00,-1.56,-0.25,0.06,0,0,3.581
12081,13.12.2011 07:00:00,-1.56,-0.25,0.06,0,0
12082,13.12.2011 08:00:00,-1.56,-0.25,0.06,0,-0.06
12083,13.12.2011 09:00:00,-1.56,-0.25,0.06,0,0
12084,13.12.2011 10:00:00,-1.56,-0.25,0.06,-0.06,-0.06
12085,13.12.2011 11:00:00,-1.56,-0.25,0.06,0,0
12086,13.12.2011 12:00:00,-1.56,-0.25,0.06,0,0,3.577
12087,13.12.2011 13:00:00,-1.56,-0.25,0.06,0,-0.06
12088,13.12.2011 14:00:00,-1.56,-0.25,0.06,-0.06,-0.06
12089,13.12.2011 15:00:00,-1.56,-0.25,0.06,0,0
12090,13.12.2011 16:00:00,-1.56,-0.25,0.06,0,0
12091,13.12.2011 17:00:00,-1.56,-0.25,0.06,0,-0.06
12092,13.12.2011 18:00:00,-1.56,-0.25,0.06,0,-0.06,3.583
12093,13.12.2011 19:00:00,-1.56,-0.25,0.06,0,0
12094,13.12.2011 20:00:00,-1.56,-0.25,0.06,0,-0.06
12095,13.12.2011 21:00:00,-1.56,-0.25,0.06,-0.06,0
12096,13.12.2011 22:00:00,-1.56,-0.25,0.06,-0.06,0
12097,13.12.2011 23:00:00,-1.56,-0.25,0.06,-0.06,0
12098,14.12.2011 00:00:00,-1.56,-0.25,0.06,0,-0.06,3.583
12099,14.12.2011 01:00:00,-1.56,-0.25,0.06,0,0
12100,14.12.2011 02:00:00,-1.56,-0.25,0.06,-0.06,-0.06
12101,14.12.2011 03:00:00,-1.56,-0.31,0.06,0,0
12102,14.12.2011 04:00:00,-1.56,-0.25,0.06,0,0
12103,14.12.2011 05:00:00,-1.56,-0.25,0.06,0,0
12104,14.12.2011 06:00:00,-1.56,-0.31,0.06,-0.06,0,3.577
12105,14.12.2011 07:00:00,-1.62,-0.31,0.06,-0.06,-0.06
12106,14.12.2011 08:00:00,-1.56,-0.31,0.06,0,0
12107,14.12.2011 09:00:00,-1.56,-0.31,0.06,-0.06,0
12108,14.12.2011 10:00:00,-1.62,-0.25,0.06,-0.06,0
12109,14.12.2011 11:00:00,-1.62,-0.31,0.06,-0.06,0
12110,14.12.2011 12:00:00,-1.62,-0.31,0.06,-0.06,0,3.583
12111,14.12.2011 13:00:00,-1.62,-0.31,0.06,0,0
12112,14.12.2011 14:00:00,-1.62,-0.31,0.06,-0.06,-0.06
12113,14.12.2011 15:00:00,-1.62,-0.31,0.06,0,-0.06
12114,14.12.2011 16:00:00,-1.62,-0.31,0.06,0,0
12115,14.12.2011 17:00:00,-1.62,-0.31,0.06,-0.06,0
12116,14.12.2011 18:00:00,-1.62,-0.31,0.06,0,-0.06,3.577
12117,14.12.2011 19:00:00,-1.62,-0.31,0.06,-0.06,0
12118,14.12.2011 20:00:00,-1.68,-0.31,0.06,-0.06,0
12119,14.12.2011 21:00:00,-1.68,-0.31,0.06,0,0
12120,14.12.2011 22:00:00,-1.68,-0.31,0.06,0,0
12121,14.12.2011 23:00:00,-1.62,-0.31,0.06,0,0
12122,15.12.2011 00:00:00,-1.68,-0.31,0.06,0,-0.06,3.582
12123,15.12.2011 01:00:00,-1.68,-0.31,0.06,-0.06,0
12124,15.12.2011 02:00:00,-1.68,-0.31,0.06,0,0
12125,15.12.2011 03:00:00,-1.68,-0.31,0.06,0,0
12126,15.12.2011 04:00:00,-1.68,-0.31,0.06,0,0
12127,15.12.2011 05:00:00,-1.68,-0.31,0.06,0,0
12128,15.12.2011 06:00:00,-1.68,-0.31,0.06,0,0,3.576
12129,15.12.2011 07:00:00,-1.68,-0.31,0.06,-0.06,-0.06
12130,15.12.2011 08:00:00,-1.68,-0.31,0.06,-0.06,-0.06
12131,15.12.2011 09:00:00,-1.68,-0.31,0.06,-0.06,-0.06
12132,15.12.2011 10:00:00,-1.68,-0.37,0.06,-0.06,0
12133,15.12.2011 11:00:00,-1.68,-0.31,0.06,-0.06,-0.06
12134,15.12.2011 12:00:00,-1.68,-0.31,0.06,0,0,3.576
12135,15.12.2011 13:00:00,-1.68,-0.37,0.06,0,0
12136,15.12.2011 14:00:00,-1.68,-0.31,0.06,0,-0.06
12137,15.12.2011 15:00:00,-1.75,-0.37,0.06,0,-0.06
12138,15.12.2011 16:00:00,-1.75,-0.37,0.06,-0.06,0
12139,15.12.2011 17:00:00,-1.75,-0.37,0.06,-0.06,-0.06
12140,15.12.2011 18:00:00,-1.75,-0.37,0.06,-0.06,0,3.576
12141,15.12.2011 19:00:00,-1.75,-0.37,0.06,-0.06,0
12142,15.12.2011 20:00:00,-1.75,-0.37,0.06,0,0
12143,15.12.2011 21:00:00,-1.75,-0.37,0.06,0,0
12144,15.12.2011 22:00:00,-1.75,-0.37,0.06,0,0
12145,15.12.2011 23:00:00,-1.75,-0.37,0.06,-0.06,-0.06
12146,16.12.2011 00:00:00,-1.75,-0.37,0.06,-0.06,0,3.581
12147,16.12.2011 01:00:00,-1.75,-0.37,0.06,0,0
12148,16.12.2011 02:00:00,-1.75,-0.37,0.06,-0.06,-0.06
12149,16.12.2011 03:00:00,-1.75,-0.37,0.06,-0.06,0
12150,16.12.2011 04:00:00,-1.75,-0.37,0.06,0,0
12151,16.12.2011 05:00:00,-1.75,-0.37,0.06,-0.06,-0.06
12152,16.12.2011 06:00:00,-1.75,-0.37,0.06,-0.06,-0.06,3.580
12153,16.12.2011 07:00:00,-1.75,-0.37,0.06,-0.06,0
12154,16.12.2011 08:00:00,-1.75,-0.37,0.06,-0.06,0
12155,16.12.2011 09:00:00,-1.75,-0.37,0.06,-0.06,0
12156,16.12.2011 10:00:00,-1.75,-0.43,0.06,0,0
12157,16.12.2011 11:00:00,-1.75,-0.37,0.06,0,-0.06
12158,16.12.2011 12:00:00,-1.75,-0.37,0.06,0,-0.06,3.582
12159,16.12.2011 13:00:00,-1.75,-0.43,0.06,-0.06,0
12160,16.12.2011 14:00:00,-1.75,-0.37,0.06,-0.06,0
12161,16.12.2011 15:00:00,-1.75,-0.43,0.06,-0.06,-0.06
12162,16.12.2011 16:00:00,-1.75,-0.43,0.06,-0.06,0
12163,16.12.2011 17:00:00,-1.75,-0.43,0.06,0,0
12164,16.12.2011 18:00:00,-1.81,-0.37,0.06,-0.06,0,3.576
12165,16.12.2011 19:00:00,-1.75,-0.37,0.06,-0.06,-0.06
12166,16.12.2011 20:00:00,-1.75,-0.43,0.06,0,-0.06
12167,16.12.2011 21:00:00,-1.75,-0.43,0.06,0,0
12168,16.12.2011 22:00:00,-1.75,-0.43,0.06,0,-0.06
12169,16.12.2011 23:00:00,-1.75,-0.43,0.06,-0.06,0
12170,17.12.2011 00:00:00,-1.75,-0.43,0.06,0,0,3.580
12171,17.12.2011 01:00:00,-1.75,-0.43,0.06,0,0
12172,17.12.2011 02:00:00,-1.75,-0.43,0.06,0,-0.06
12173,17.12.2011 03:00:00,-1.75,-0.43,0.06,-0.06,-0.06
12174,17.12.2011 04:00:00,-1.75,-0.43,0.06,0,0
12175,17.12.2011 05:00:00,-1.75,-0.43,0.06,0,-0.06
12176,17.12.2011 06:00:00,-1.75,-0.43,0.06,-0.06,0,3.578
12177,17.12.2011 07:00:00,-1.75,-0.43,0.06,-0.06,0
12178,17.12.2011 08:00:00,-1.81,-0.43,0.06,0,0
12179,17.12.2011 09:00:00,-1.81,-0.43,0.06,0,0
12180,17.12.2011 10:00:00,-1.81,-0.43,0.06,-0.06,0
12181,17.12.2011 11:00:00,-1.81,-0.43,0.06,0,-0.06
12182,17.12.2011 12:00:00,-1.81,-0.43,0.06,0,0,3.581
12183,17.12.2011 13:00:00,-1.81,-0.43,0.06,-0.06,-0.06
12184,17.12.2011 14:00:00,-1.81,-0.43,0.06,0,-0.06
12185,17.12.2011 15:00:00,-1.81,-0.43,0.06,-0.06,-0.06
12186,17.12.2011 16:00:00,-1.81,-0.43,0.06,-0.06,0
12187,17.12.2011 17:00:00,-1.81,-0.43,0.06,0,0
12188,17.12.2011 18:00:00,-1.81,-0.43,0.06,0,0,3.577
12189,17.12.2011 19:00:00,-1.81,-0.43,0.06,-0.06,-0.06
12190,17.12.2011 20:00:00,-1.81,-0.5,0.06,-0.06,0
12191,17.12.2011 21:00:00,-1.81,-0.5,0.06,-0.06,-0.06
12192,17.12.2011 22:00:00,-1.81,-0.5,0.06,0,0
12193,17.12.2011 23:00:00,-1.81,-0.5,0.06,-0.06,0
12194,18.12.2011 00:00:00,-1.87,-0.5,0.06,0,0,3.579
12195,18.12.2011 01:00:00,-1.87,-0.5,0.06,0,-0.06
12196,18.12.2011 02:00:00,-1.87,-0.5,0.06,-0.06,-0.06
12197,18.12.2011 03:00:00,-1.87,-0.5,0.06,0,0
12198,18.12.2011 04:00:00,-1.87,-0.5,0.06,0,0
12199,18.12.2011 05:00:00,-1.87,-0.5,0.06,-0.06,0
12200,18.12.2011 06:00:00,-1.87,-0.5,0.06,0,0,3.574
12201,18.12.2011 07:00:00,-1.87,-0.5,0.06,0,-0.06
12202,18.12.2011 08:00:00,-1.93,-0.5,0.06,-0.06,0
12203,18.12.2011 09:00:00,-1.93,-0.5,0.06,-0.06,0
12204,18.12.2011 10:00:00,-1.93,-0.5,0.06,-0.06,0
12205,18.12.2011 11:00:00,-1.93,-0.5,0.06,0,0
12206,18.12.2011 12:00:00,-1.93,-0.5,0.06,0,0,3.574
12207,18.12.2011 13:00:00,-1.93,-0.5,0.06,-0.06,0
12208,18.12.2011 14:00:00,-1.93,-0.5,0.06,0,0
12209,18.12.2011 15:00:00,-2,-0.5,0.06,0,0
12210,18.12.2011 16:00:00,-2,-0.5,0.06,0,-0.06
12211,18.12.2011 17:00:00,-2,-0.56,0.06,-0.06,0
12212,18.12.2011 18:00:00,-2,-0.5,0.06,0,-0.06,3.576
12213,18.12.2011 19:00:00,-2,-0.56,0.06,0,0
12214,18.12.2011 20:00:00,-2,-0.56,0.06,0,0
12215,18.12.2011 21:00:00,-2,-0.56,0.06,0,-0.06
12216,18.12.2011 22:00:00,-2,-0.56,0.06,0,0
12217,18.12.2011 23:00:00,-2,-0.56,0.06,0,0
12218,19.12.2011 00:00:00,-2,-0.56,0.06,-0.06,0,3.572
12219,19.12.2011 01:00:00,-2,-0.56,0.06,0,-0.06
12220,19.12.2011 02:00:00,-2,-0.56,0.06,0,0
12221,19.12.2011 03:00:00,-2,-0.56,0.06,-0.06,-0.06
12222,19.12.2011 04:00:00,-2,-0.56,0.06,0,-0.06
12223,19.12.2011 05:00:00,-2,-0.56,0.06,0,0
12224,19.12.2011 06:00:00,-2,-0.56,0.06,0,-0.06,3.573
12225,19.12.2011 07:00:00,-2,-0.56,0.06,0,0
12226,19.12.2011 08:00:00,-2,-0.62,0.06,-0.06,-0.06
12227,19.12.2011 09:00:00,-2,-0.56,0.06,0,0
12228,19.12.2011 10:00:00,-2,-0.56,0.06,-0.06,0
12229,19.12.2011 11:00:00,-2,-0.56,0.06,-0.06,-0.06
12230,19.12.2011 12:00:00,-2,-0.56,0.06,0,0,3.578
12231,19.12.2011 13:00:00,-2,-0.62,0.06,-0.06,-0.06
12232,19.12.2011 14:00:00,-2,-0.62,0.06,-0.06,-0.06
12233,19.12.2011 15:00:00,-1.93,-0.62,0.06,-0.06,0
12234,19.12.2011 16:00:00,-2,-0.62,0.06,-0.06,0
12235,19.12.2011 17:00:00,-2,-0.62,0.06,0,-0.06
12236,19.12.2011 18:00:00,-1.93,-0.62,0.06,-0.06,0,3.577
12237,19.12.2011 19:00:00,-2,-0.62,0.06,-0.06,0
12238,19.12.2011 20:00:00,-2,-0.62,0.06,0,0
12239,19.12.2011 21:00:00,-1.93,-0.62,0.06,0,0
12240,19.12.2011 22:00:00,-2,-0.62,0.06,-0.06,-0.06
12241,19.12.2011 23:00:00,-1.93,-0.62,0.06,0,0
12242,20.12.2011 00:00:00,-1.93,-0.62,0.06,-0.06,-0.06,3.574
12243,20.12.2011 01:00:00,-1.93,-0.62,0.06,0,0
12244,20.12.2011 02:00:00,-1.93,-0.62,0.06,0,-0.06
12245,20.12.2011 03:00:00,-1.93,-0.62,0.06,0,-0.06
12246,20.12.2011 04:00:00,-1.93,-0.62,0.06,0,0
12247,20.12.2011 05:00:00,-1.93,-0.62,0.06,-0.06,0
12248,20.12.2011 06:00:00,-1.93,-0.62,0.06,0,0,3.574
12249,20.12.2011 07:00:00,-1.93,-0.62,0.06,-0.06,-0.06
12250,20.12.2011 08:00:00,-1.93,-0.62,0.06,-0.06,0
12251,20.12.2011 09:00:00,-1.93,-0.62,0.06,0,0
12252,20.12.2011 10:00:00,-1.93,-0.62,0.06,0,0
12253,20.12.2011 11:00:00,-1.93,-0.62,0.06,-0.06,-0.06
12254,20.12.2011 12:00:00,-1.93,-0.62,0.06,0,-0.06,3.575
12255,20.12.2011 13:00:00,-1.93,-0.62,0.06,-0.06,-0.06
12256,20.12.2011 14:00:00,-1.93,-0.62,0.06,0,0
12257,20.12.2011 15:00:00,-1.93,-0.62,0.06,0,0
12258,20.12.2011 16:00:00,-1.93,-0.62,0.06,-0.06,-0.06
12259,20.12.2011 17:00:00,-1.93,-0.62,0.06,0,0
12260,20.12.2011 18:00:00,-1.93,-0.62,0.06,0,-0.06,3.575
12261,20.12.2011 19:00:00,-1.93,-0.62,0.06,-0.06,-0.06
12262,20.12.2011 20:00:00,-2,-0.68,0.06,-0.06,0
12263,20.12.2011 21:00:00,-1.93,-0.68,0.06,0,0
12264,20.12.2011 22:00:00,-1.93,-0.68,0.06,0,0
12265,20.12.2011 23:00:00,-2,-0.62,0.06,0,0
12266,21.12.2011 00:00:00,-2,-0.62,0.06,-0.06,-0.06,3.579
12267,21.12.2011 01:00:00,-1.93,-0.68,0.06,-0.06,-0.06
12268,21.12.2011 02:00:00,-1.93,-0.68,0.06,0,0
12269,21.12.2011 03:00:00,-1.93,-0.68,0.06,-0.06,-0.06
12270,21.12.2011 04:00:00,-1.93,-0.68,0.06,0,0
12271,21.12.2011 05:00:00,-2,-0.62,0.06,-0.06,0
12272,21.12.2011 06:00:00,-1.93,-0.68,0.06,-0.06,-0.06,3.575
12273,21.12.2011 07:00:00,-2,-0.68,0.06,-0.06,-0.06
12274,21.12.2011 08:00:00,-1.93,-0.68,0.06,0,0
12275,21.12.2011 09:00:00,-2,-0.68,0.06,-0.06,0
12276,21.12.2011 10:00:00,-2,-0.68,0.06,-0.06,0
12277,21.12.2011 11:00:00,-2,-0.68,0.06,0,-0.06
12278,21.12.2011 12:00:00,-2,-0.68,0.06,-0.06,-0.06,3.580
12279,21.12.2011 13:00:00,-2,-0.68,0.06,-0.06,0
12280,21.12.2011 14:00:00,-2,-0.68,0.06,-0.06,-0.06
12281,21.12.2011 15:00:00,-2,-0.68,0.06,0,-0.06
12282,21.12.2011 16:00:00,-2,-0.68,0.06,-0.06,0
12283,21.12.2011 17:00:00,-2,-0.68,0,-0.06,-0.06
12284,21.12.2011 18:00:00,-2,-0.68,0.06,-0.06,-0.06,3.581
12285,21.12.2011 19:00:00,-2,-0.68,0,0,-0.06
12286,21.12.2011 20:00:00,-2,-0.68,0,-0.06,-0.06
12287,21.12.2011 21:00:00,-2,-0.68,0.06,-0.06,0
12288,21.12.2011 22:00:00,-2,-0.68,0.06,0,0
12289,21.12.2011 23:00:00,-2,-0.68,0.06,-0.06,0
12290,22.12.2011 00:00:00,-2,-0.68,0,0,0,3.574
12291,22.12.2011 01:00:00,-2,-0.68,0.06,-0.06,-0.06
12292,22.12.2011 02:00:00,-2,-0.68,0.06,-0.06,-0.06
12293,22.12.2011 03:00:00,-2,-0.68,0.06,-0.06,0
12294,22.12.2011 04:00:00,-2,-0.68,0.06,-0.06,0
12295,22.12.2011 05:00:00,-2,-0.75,0.06,0,-0.06
12296,22.12.2011 06:00:00,-2,-0.75,0.06,-0.06,0,3.580
12297,22.12.2011 07:00:00,-2,-0.75,0,-0.06,0
12298,22.12.2011 08:00:00,-2,-0.75,0.06,-0.06,-0.06
12299,22.12.2011 09:00:00,-2,-0.75,0.06,-0.06,-0.06
12300,22.12.2011 10:00:00,-2,-0.68,0.06,0,-0.06
12301,22.12.2011 11:00:00,-2,-0.75,0.06,-0.06,-0.06
12302,22.12.2011 12:00:00,-2,-0.68,0.06,-0.06,0,3.573
12303,22.12.2011 13:00:00,-2,-0.75,0.06,0,-0.06
12304,22.12.2011 14:00:00,-2,-0.75,0.06,0,-0.06
12305,22.12.2011 15:00:00,-2.06,-0.75,0.06,-0.06,-0.06
12306,22.12.2011 16:00:00,-2,-0.75,0,0,0
12307,22.12.2011 17:00:00,-2,-0.75,0.06,0,-0.06
12308,22.12.2011 18:00:00,-2.06,-0.75,0.06,-0.06,0,3.577
12309,22.12.2011 19:00:00,-2.06,-0.75,0.06,-0.06,0
12310,22.12.2011 20:00:00,-2.06,-0.75,0.06,-0.06,0
12311,22.12.2011 21:00:00,-2.06,-0.75,0.06,0,0
12312,22.12.2011 22:00:00,-2.06,-0.75,0.06,0,-0.06
12313,22.12.2011 23:00:00,-2.06,-0.75,0.06,0,0
12314,23.12.2011 00:00:00,-2.06,-0.75,0.06,0,0,3.572
12315,23.12.2011 01:00:00,-2.06,-0.75,0,-0.06,-0.06
12316,23.12.2011 02:00:00,-2.06,-0.75,0.06,0,-0.06
12317,23.12.2011 03:00:00,-2.06,-0.75,0.06,-0.06,-0.06
12318,23.12.2011 04:00:00,-2.06,-0.75,0,0,-0.06
12319,23.12.2011 05:00:00,-2.06,-0.75,0,-0.06,-0.06
12320,23.12.2011 06:00:00,-2.12,-0.75,0.06,0,-0.06,3.572
12321,23.12.2011 07:00:00,-2.12,-0.75,0,-0.06,-0.06
12322,23.12.2011 08:00:00,-2.12,-0.81,0,-0.06,0
12323,23.12.2011 09:00:00,-2.12,-0.75,0,-0.06,-0.06
12324,23.12.2011 10:00:00,-2.12,-0.75,0,-0.06,0
12325,23.12.2011 11:00:00,-2.12,-0.81,0.06,-0.06,-0.06
12326,23.12.2011 12:00:00,-2.12,-0.81,0,-0.06,-0.06,3.572
12327,23.12.2011 13:00:00,-2.18,-0.81,0,-0.06,0
12328,23.12.2011 14:00:00,-2.18,-0.75,0,0,0
12329,23.12.2011 15:00:00,-2.18,-0.81,0,0,-0.06
12330,23.12.2011 16:00:00,-2.18,-0.81,0,-0.06,0
12331,23.12.2011 17:00:00,-2.18,-0.81,0,-0.06,-0.06
12332,23.12.2011 18:00:00,-2.25,-0.81,0,0,-0.06,3.576
12333,23.12.2011 19:00:00,-2.25,-0.81,0,-0.06,-0.06
12334,23.12.2011 20:00:00,-2.25,-0.81,0,0,-0.06
12335,23.12.2011 21:00:00,-2.25,-0.81,0,-0.06,-0.06
12336,23.12.2011 22:00:00,-2.25,-0.81,0,0,-0.06
12337,23.12.2011 23:00:00,-2.25,-0.81,0,0,-0.06
12338,24.12.2011 00:00:00,-2.25,-0.81,0,-0.06,-0.06,3.575
12339,24.12.2011 01:00:00,-2.25,-0.87,0,-0.06,0
12340,24.12.2011 02:00:00,-2.31,-0.81,0,-0.06,-0.06
12341,24.12.2011 03:00:00,-2.31,-0.87,0,-0.06,-0.06
12342,24.12.2011 04:00:00,-2.31,-0.87,0,-0.06,-0.06
12343,24.12.2011 05:00:00,-2.31,-0.81,0,-0.06,-0.06
12344,24.12.2011 06:00:00,-2.31,-0.87,0,-0.06,-0.06,3.576
12345,24.12.2011 07:00:00,-2.31,-0.87,0,-0.06,-0.06
12346,24.12.2011 08:00:00,-2.37,-0.87,0,-0.06,-0.06
12347,24.12.2011 09:00:00,-2.31,-0.87,0,-0.06,-0.06
12348,24.12.2011 10:00:00,-2.37,-0.87,0,-0.06,0
12349,24.12.2011 11:00:00,-2.31,-0.87,0,0,0
12350,24.12.2011 12:00:00,-2.37,-0.87,0,-0.06,-0.06,3.568
12351,24.12.2011 13:00:00,-2.37,-0.93,0,-0.06,-0.06
12352,24.12.2011 14:00:00,-2.37,-0.87,0,-0.06,0
12353,24.12.2011 15:00:00,-2.37,-0.87,0,0,0
12354,24.12.2011 16:00:00,-2.37,-0.93,0,-0.06,-0.06
12355,24.12.2011 17:00:00,-2.37,-0.93,0,-0.06,-0.06
12356,24.12.2011 18:00:00,-2.43,-0.93,0,0,0,3.575
12357,24.12.2011 19:00:00,-2.43,-0.93,0,-0.06,-0.06
12358,24.12.2011 20:00:00,-2.43,-0.93,0,0,0
12359,24.12.2011 21:00:00,-2.43,-0.93,0,-0.06,-0.06
12360,24.12.2011 22:00:00,-2.43,-0.93,0,-0.06,-0.06
12361,24.12.2011 23:00:00,-2.43,-0.93,0,-0.06,-0.06
12362,25.12.2011 00:00:00,-2.43,-0.93,0,-0.06,-0.06,3.571
12363,25.12.2011 01:00:00,-2.5,-0.93,0,0,0
12364,25.12.2011 02:00:00,-2.5,-1,0,0,0
12365,25.12.2011 03:00:00,-2.5,-1,0,0,-0.06
12366,25.12.2011 04:00:00,-2.5,-1,0,-0.06,-0.06
12367,25.12.2011 05:00:00,-2.5,-1,0,-0.06,0
12368,25.12.2011 06:00:00,-2.56,-1,0,0,-0.06,3.574
12369,25.12.2011 07:00:00,-2.5,-1,0,0,-0.06
12370,25.12.2011 08:00:00,-2.56,-1,0,-0.06,-0.06
12371,25.12.2011 09:00:00,-2.56,-1,0,0,0
12372,25.12.2011 10:00:00,-2.56,-1,0,-0.06,-0.06
12373,25.12.2011 11:00:00,-2.56,-1,0,0,-0.06
12374,25.12.2011 12:00:00,-2.56,-1,0,-0.06,-0.06,3.570
12375,25.12.2011 13:00:00,-2.56,-1.06,-0.06,0,-0.06
12376,25.12.2011 14:00:00,-2.56,-1.06,-0.06,-0.06,0
12377,25.12.2011 15:00:00,-2.62,-1.06,0,-0.06,-0.06
12378,25.12.2011 16:00:00,-2.62,-1.06,0,0,-0.06
12379,25.12.2011 17:00:00,-2.62,-1.06,-0.06,-0.06,-0.06
12380,25.12.2011 18:00:00,-2.68,-1.06,-0.06,-0.06,-0.06,3.572
12381,25.12.2011 19:00:00,-2.68,-1.06,0,-0.06,-0.06
12382,25.12.2011 20:00:00,-2.68,-1.06,-0.06,-0.06,0
12383,25.12.2011 21:00:00,-2.68,-1.06,-0.06,-0.06,-0.06
12384,25.12.2011 22:00:00,-2.68,-1.06,0,-0.06,-0.06
12385,25.12.2011 23:00:00,-2.68,-1.12,-0.06,-0.06,-0.06
12386,26.12.2011 00:00:00,-2.68,-1.12,-0.06,0,0,3.565
12387,26.12.2011 01:00:00,-2.75,-1.12,-0.06,-0.06,0
12388,26.12.2011 02:00:00,-2.68,-1.12,-0.06,-0.06,-0.06
12389,26.12.2011 03:00:00,-2.75,-1.12,-0.06,-0.06,-0.06
12390,26.12.2011 04:00:00,-2.75,-1.12,-0.06,-0.06,0
12391,26.12.2011 05:00:00,-2.68,-1.12,-0.06,-0.06,0
12392,26.12.2011 06:00:00,-2.75,-1.12,-0.06,-0.06,-0.06,3.566
12393,26.12.2011 07:00:00,-2.75,-1.18,-0.06,-0.06,0
12394,26.12.2011 08:00:00,-2.75,-1.18,-0.06,0,-0.06
12395,26.12.2011 09:00:00,-2.75,-1.18,-0.06,0,-0.06
12396,26.12.2011 10:00:00,-2.75,-1.18,-0.06,-0.06,-0.06
12397,26.12.2011 11:00:00,-2.75,-1.18,-0.06,-0.06,0
12398,26.12.2011 12:00:00,-2.75,-1.18,-0.06,-0.06,-0.06,3.569
12399,26.12.2011 13:00:00,-2.75,-1.18,-0.06,-0.06,0
12400,26.12.2011 14:00:00,-2.75,-1.18,-0.06,-0.06,-0.06
12401,26.12.2011 15:00:00,-2.75,-1.18,-0.06,-0.06,0
12402,26.12.2011 16:00:00,-2.75,-1.18,-0.06,-0.06,-0.06
12403,26.12.2011 17:00:00,-2.75,-1.18,-0.06,-0.06,0
12404,26.12.2011 18:00:00,-2.75,-1.25,-0.12,0,0,3.566
12405,26.12.2011 19:00:00,-2.75,-1.25,-0.12,-0.06,-0.06
12406,26.12.2011 20:00:00,-2.75,-1.25,-0.06,-0.06,0
12407,26.12.2011 21:00:00,-2.75,-1.25,-0.06,0,-0.06
12408,26.12.2011 22:00:00,-2.75,-1.25,-0.06,-0.06,-0.06
12409,26.12.2011 23:00:00,-2.68,-1.25,-0.12,0,-0.06
12410,27.12.2011 00:00:00,-2.68,-1.25,-0.12,-0.06,-0.06,3.566
12411,27.12.2011 01:00:00,-2.68,-1.25,-0.12,-0.06,-0.06
12412,27.12.2011 02:00:00,-2.68,-1.25,-0.06,-0.06,0
12413,27.12.2011 03:00:00,-2.68,-1.25,-0.12,-0.06,-0.06
12414,27.12.2011 04:00:00,-2.68,-1.25,-0.12,-0.06,-0.06
12415,27.12.2011 05:00:00,-2.68,-1.25,-0.12,-0.06,-0.06
12416,27.12.2011 06:00:00,-2.68,-1.25,-0.12,-0.06,-0.06,3.574
12417,27.12.2011 07:00:00,-2.68,-1.25,-0.12,-0.06,-0.06
12418,27.12.2011 08:00:00,-2.68,-1.25,-0.12,-0.06,-0.06
12419,27.12.2011 09:00:00,-2.68,-1.25,-0.12,0,-0.06
12420,27.12.2011 10:00:00,-2.68,-1.25,-0.12,-0.06,-0.06
12421,27.12.2011 11:00:00,-2.68,-1.25,-0.12,0,0
12422,27.12.2011 12:00:00,-2.68,-1.25,-0.12,-0.06,0,3.570
12423,27.12.2011 13:00:00,-2.68,-1.25,-0.12,-0.06,-0.06
12424,27.12.2011 14:00:00,-2.68,-1.25,-0.12,-0.06,-0.06
12425,27.12.2011 15:00:00,-2.68,-1.25,-0.12,-0.06,-0.06
12426,27.12.2011 16:00:00,-2.62,-1.25,-0.18,-0.06,-0.06
12427,27.12.2011 17:00:00,-2.62,-1.25,-0.12,-0.06,-0.06
12428,27.12.2011 18:00:00,-2.62,-1.31,-0.18,-0.06,-0.06,3.568
12429,27.12.2011 19:00:00,-2.68,-1.31,-0.12,-0.06,-0.06
12430,27.12.2011 20:00:00,-2.68,-1.25,-0.18,-0.06,0
12431,27.12.2011 21:00:00,-2.62,-1.25,-0.18,-0.06,-0.06
12432,27.12.2011 22:00:00,-2.62,-1.31,-0.18,0,-0.06
12433,27.12.2011 23:00:00,-2.62,-1.25,-0.18,-0.06,0
12434,28.12.2011 00:00:00,-2.62,-1.31,-0.18,0,-0.06,3.568
12435,28.12.2011 01:00:00,-2.62,-1.25,-0.18,-0.06,-0.06
12436,28.12.2011 02:00:00,-2.62,-1.31,-0.18,-0.06,-0.06
12437,28.12.2011 03:00:00,-2.62,-1.25,-0.18,0,-0.06
12438,28.12.2011 04:00:00,-2.62,-1.31,-0.18,-0.06,-0.06
12439,28.12.2011 05:00:00,-2.62,-1.31,-0.18,-0.06,-0.06
12440,28.12.2011 06:00:00,-2.62,-1.31,-0.18,-0.06,-0.06,3.568
12441,28.12.2011 07:00:00,-2.62,-1.31,-0.18,-0.06,-0.06
12442,28.12.2011 08:00:00,-2.62,-1.31,-0.18,-0.06,-0.06
12443,28.12.2011 09:00:00,-2.62,-1.31,-0.25,-0.06,0
12444,28.12.2011 10:00:00,-2.62,-1.31,-0.25,-0.06,-0.06
12445,28.12.2011 11:00:00,-2.62,-1.31,-0.18,0,-0.06
12446,28.12.2011 12:00:00,-2.62,-1.31,-0.18,-0.06,0,3.569
12447,28.12.2011 13:00:00,-2.62,-1.31,-0.18,-0.06,-0.06
12448,28.12.2011 14:00:00,-2.62,-1.31,-0.25,-0.06,0
12449,28.12.2011 15:00:00,-2.62,-1.31,-0.18,-0.06,0
12450,28.12.2011 16:00:00,-2.62,-1.31,-0.25,-0.06,0
12451,28.12.2011 17:00:00,-2.62,-1.31,-0.25,-0.06,-0.06
12452,28.12.2011 18:00:00,-2.62,-1.31,-0.25,-0.06,-0.06,3.573
12453,28.12.2011 19:00:00,-2.62,-1.31,-0.25,0,-0.06
12454,28.12.2011 20:00:00,-2.62,-1.31,-0.25,-0.06,0
12455,28.12.2011 21:00:00,-2.68,-1.31,-0.18,-0.06,-0.06
12456,28.12.2011 22:00:00,-2.68,-1.31,-0.25,-0.06,0
12457,28.12.2011 23:00:00,-2.62,-1.31,-0.25,0,0
12458,29.12.2011 00:00:00,-2.68,-1.31,-0.25,-0.06,-0.06,3.568
12459,29.12.2011 01:00:00,-2.62,-1.31,-0.25,0,0
12460,29.12.2011 02:00:00,-2.68,-1.31,-0.25,-0.06,-0.06
12461,29.12.2011 03:00:00,-2.62,-1.31,-0.25,-0.06,0
12462,29.12.2011 04:00:00,-2.62,-1.31,-0.25,-0.06,-0.06
12463,29.12.2011 05:00:00,-2.68,-1.31,-0.25,-0.06,0
12464,29.12.2011 06:00:00,-2.68,-1.31,-0.25,0,-0.06,3.573
12465,29.12.2011 07:00:00,-2.68,-1.37,-0.25,-0.06,0
12466,29.12.2011 08:00:00,-2.68,-1.31,-0.25,-0.06,-0.06
12467,29.12.2011 09:00:00,-2.68,-1.31,-0.31,0,-0.06
12468,29.12.2011 10:00:00,-2.68,-1.37,-0.31,-0.06,-0.06
12469,29.12.2011 11:00:00,-2.68,-1.37,-0.31,0,-0.06
12470,29.12.2011 12:00:00,-2.68,-1.31,-0.25,0,-0.06,3.574
12471,29.12.2011 13:00:00,-2.68,-1.37,-0.25,-0.06,-0.06
12472,29.12.2011 14:00:00,-2.68,-1.31,-0.25,-0.06,-0.06
12473,29.12.2011 15:00:00,-2.68,-1.37,-0.31,-0.06,-0.06
12474,29.12.2011 16:00:00,-2.68,-1.37,-0.25,-0.06,-0.06
12475,29.12.2011 17:00:00,-2.68,-1.31,-0.31,-0.06,-0.06
12476,29.12.2011 18:00:00,-2.68,-1.37,-0.31,-0.06,0,3.567
12477,29.12.2011 19:00:00,-2.68,-1.37,-0.25,-0.06,-0.06
12478,29.12.2011 20:00:00,-2.68,-1.37,-0.31,-0.06,-0.06
12479,29.12.2011 21:00:00,-2.68,-1.37,-0.31,-0.06,-0.06
12480,29.12.2011 22:00:00,-2.68,-1.37,-0.25,-0.06,-0.06
12481,29.12.2011 23:00:00,-2.68,-1.37,-0.31,0,0
12482,30.12.2011 00:00:00,-2.68,-1.37,-0.31,-0.06,0,3.573
12483,30.12.2011 01:00:00,-2.68,-1.37,-0.31,-0.06,-0.06
12484,30.12.2011 02:00:00,-2.68,-1.37,-0.31,-0.06,-0.06
12485,30.12.2011 03:00:00,-2.68,-1.37,-0.31,-0.06,-0.06
12486,30.12.2011 04:00:00,-2.68,-1.37,-0.31,-0.06,0
12487,30.12.2011 05:00:00,-2.68,-1.37,-0.31,-0.06,0
12488,30.12.2011 06:00:00,-2.68,-1.37,-0.37,-0.06,0,3.567
12489,30.12.2011 07:00:00,-2.68,-1.37,-0.31,-0.06,-0.06
12490,30.12.2011 08:00:00,-2.68,-1.37,-0.31,-0.06,-0.06
12491,30.12.2011 09:00:00,-2.68,-1.37,-0.31,0,0
12492,30.12.2011 10:00:00,-2.68,-1.37,-0.31,-0.06,-0.06
12493,30.12.2011 11:00:00,-2.68,-1.37,-0.31,-0.06,0
12494,30.12.2011 12:00:00,-2.68,-1.37,-0.31,-0.06,0,3.571
12495,30.12.2011 13:00:00,-2.68,-1.37,-0.37,-0.06,-0.06
12496,30.12.2011 14:00:00,-2.68,-1.43,-0.31,-0.06,-0.06
12497,30.12.2011 15:00:00,-2.68,-1.43,-0.37,-0.06,-0.06
12498,30.12.2011 16:00:00,-2.75,-1.37,-0.37,-0.06,-0.06
12499,30.12.2011 17:00:00,-2.68,-1.43,-0.37,-0.06,-0.06
12500,30.12.2011 18:00:00,-2.75,-1.43,-0.37,-0.06,-0.06,3.568
12501,30.12.2011 19:00:00,-2.75,-1.37,-0.37,0,-0.06
12502,30.12.2011 20:00:00,-2.75,-1.43,-0.37,-0.06,0
12503,30.12.2011 21:00:00,-2.75,-1.43,-0.37,-0.06,-0.06
12504,30.12.2011 22:00:00,-2.75,-1.43,-0.37,-0.06,-0.06
12505,30.12.2011 23:00:00,-2.75,-1.43,-0.37,-0.06,-0.06
12506,31.12.2011 00:00:00,-2.75,-1.43,-0.37,-0.06,-0.06,3.566
12507,31.12.2011 01:00:00,-2.75,-1.43,-0.43,-0.06,-0.06
12508,31.12.2011 02:00:00,-2.75,-1.43,-0.37,-0.06,-0.06
12509,31.12.2011 03:00:00,-2.75,-1.43,-0.37,-0.06,-0.06
12510,31.12.2011 04:00:00,-2.75,-1.43,-0.43,-0.06,-0.06
12511,31.12.2011 05:00:00,-2.75,-1.43,-0.37,-0.06,0
12512,31.12.2011 06:00:00,-2.75,-1.43,-0.37,-0.06,-0.06,3.567
12513,31.12.2011 07:00:00,-2.75,-1.43,-0.37,-0.06,0
12514,31.12.2011 08:00:00,-2.75,-1.43,-0.37,-0.06,-0.06
12515,31.12.2011 09:00:00,-2.75,-1.43,-0.37,-0.06,-0.06
12516,31.12.2011 10:00:00,-2.81,-1.43,-0.43,-0.06,-0.06
12517,31.12.2011 11:00:00,-2.81,-1.43,-0.43,-0.06,0
12518,31.12.2011 12:00:00,-2.75,-1.43,-0.43,-0.06,-0.06,3.571
12519,31.12.2011 13:00:00,-2.81,-1.43,-0.43,-0.06,-0.06
12520,31.12.2011 14:00:00,-2.81,-1.43,-0.43,-0.06,-0.06
12521,31.12.2011 15:00:00,-2.81,-1.5,-0.43,-0.06,-0.06
12522,31.12.2011 16:00:00,-2.75,-1.5,-0.37,-0.06,-0.06
12523,31.12.2011 17:00:00,-2.81,-1.5,-0.43,-0.06,-0.06
12524,31.12.2011 18:00:00,-2.75,-1.5,-0.43,-0.06,-0.06,3.571
12525,31.12.2011 19:00:00,-2.81,-1.5,-0.43,-0.06,-0.06
12526,31.12.2011 20:00:00,-2.81,-1.5,-0.43,-0.06,-0.06
12527,31.12.2011 21:00:00,-2.81,-1.5,-0.43,0,-0.06
12528,31.12.2011 22:00:00,-2.81,-1.5,-0.43,-0.06,0
12529,31.12.2011 23:00:00,-2.81,-1.5,-0.43,-0.06,-0.06
12530,01.01.2012 00:00:00,-2.81,-1.5,-0.43,-0.06,-0.06,3.571
12531,01.01.2012 01:00:00,-2.81,-1.5,-0.43,-0.06,-0.06
12532,01.01.2012 02:00:00,-2.81,-1.5,-0.43,-0.06,-0.06
12533,01.01.2012 03:00:00,-2.81,-1.5,-0.5,-0.06,-0.06
12534,01.01.2012 04:00:00,-2.81,-1.5,-0.43,-0.06,-0.06
12535,01.01.2012 05:00:00,-2.87,-1.5,-0.43,0,-0.06
12536,01.01.2012 06:00:00,-2.87,-1.5,-0.5,-0.06,-0.06,3.565
12537,01.01.2012 07:00:00,-2.87,-1.5,-0.43,0,0
12538,01.01.2012 08:00:00,-2.87,-1.5,-0.5,-0.06,0
12539,01.01.2012 09:00:00,-2.87,-1.56,-0.5,0,-0.06
12540,01.01.2012 10:00:00,-2.93,-1.56,-0.5,-0.06,-0.06
12541,01.01.2012 11:00:00,-2.93,-1.56,-0.5,-0.06,-0.06
12542,01.01.2012 12:00:00,-2.93,-1.5,-0.5,-0.06,-0.06,3.570
12543,01.01.2012 13:00:00,-2.93,-1.56,-0.5,-0.06,-0.06
12544,01.01.2012 14:00:00,-2.93,-1.56,-0.5,-0.06,-0.06
12545,01.01.2012 15:00:00,-2.93,-1.56,-0.5,-0.06,-0.06
12546,01.01.2012 16:00:00,-2.93,-1.56,-0.5,-0.06,0
12547,01.01.2012 17:00:00,-2.93,-1.56,-0.5,-0.06,0
12548,01.01.2012 18:00:00,-3,-1.56,-0.5,-0.06,0,3.566
12549,01.01.2012 19:00:00,-3,-1.56,-0.5,-0.06,-0.06
12550,01.01.2012 20:00:00,-3,-1.56,-0.5,-0.06,-0.06
12551,01.01.2012 21:00:00,-3,-1.56,-0.5,-0.06,-0.06
12552,01.01.2012 22:00:00,-3,-1.56,-0.5,-0.06,-0.06
12553,01.01.2012 23:00:00,-3,-1.62,-0.5,-0.06,0
12554,02.01.2012 00:00:00,-3.06,-1.62,-0.5,-0.06,-0.06,3.568
12555,02.01.2012 01:00:00,-3.06,-1.62,-0.5,-0.06,-0.06
12556,02.01.2012 02:00:00,-3.06,-1.62,-0.56,-0.06,0
12557,02.01.2012 03:00:00,-3.06,-1.62,-0.56,-0.06,-0.06
12558,02.01.2012 04:00:00,-3.06,-1.62,-0.56,-0.06,-0.06
12559,02.01.2012 05:00:00,-3.06,-1.62,-0.5,-0.06,-0.06
12560,02.01.2012 06:00:00,-3.06,-1.62,-0.56,-0.06,-0.06,3.565
12561,02.01.2012 07:00:00,-3.12,-1.68,-0.56,-0.06,-0.06
12562,02.01.2012 08:00:00,-3.12,-1.68,-0.56,-0.06,0
12563,02.01.2012 09:00:00,-3.12,-1.68,-0.56,-0.06,0
12564,02.01.2012 10:00:00,-3.12,-1.68,-0.56,-0.06,-0.06
12565,02.01.2012 11:00:00,-3.12,-1.68,-0.56,-0.06,0
12566,02.01.2012 12:00:00,-3.12,-1.68,-0.56,-0.06,0,3.568
12567,02.01.2012 13:00:00,-3.12,-1.68,-0.56,-0.06,-0.06
12568,02.01.2012 14:00:00,-3.12,-1.68,-0.56,-0.06,-0.06
12569,02.01.2012 15:00:00,-3.12,-1.68,-0.56,-0.06,-0.06
12570,02.01.2012 16:00:00,-3.18,-1.68,-0.56,-0.06,-0.06
12571,02.01.2012 17:00:00,-3.18,-1.68,-0.56,-0.06,-0.06
12572,02.01.2012 18:00:00,-3.18,-1.75,-0.62,-0.06,-0.06,3.562
12573,02.01.2012 19:00:00,-3.18,-1.75,-0.62,-0.06,0
12574,02.01.2012 20:00:00,-3.18,-1.75,-0.62,-0.06,-0.06
12575,02.01.2012 21:00:00,-3.18,-1.75,-0.62,-0.06,-0.06
12576,02.01.2012 22:00:00,-3.25,-1.75,-0.62,-0.06,-0.06
12577,02.01.2012 23:00:00,-3.25,-1.75,-0.62,-0.06,-0.06
12578,03.01.2012 00:00:00,-3.25,-1.75,-0.62,-0.06,0,3.561
12579,03.01.2012 01:00:00,-3.25,-1.75,-0.62,-0.06,0
12580,03.01.2012 02:00:00,-3.25,-1.75,-0.62,-0.06,-0.06
12581,03.01.2012 03:00:00,-3.25,-1.75,-0.62,-0.06,-0.06
12582,03.01.2012 04:00:00,-3.25,-1.81,-0.62,-0.06,-0.06
12583,03.01.2012 05:00:00,-3.25,-1.81,-0.62,0,-0.06
12584,03.01.2012 06:00:00,-3.25,-1.81,-0.62,-0.06,-0.06,3.564
12585,03.01.2012 07:00:00,-3.25,-1.81,-0.62,-0.06,-0.06
12586,03.01.2012 08:00:00,-3.25,-1.81,-0.68,-0.06,-0.06
12587,03.01.2012 09:00:00,-3.31,-1.81,-0.68,-0.06,-0.06
12588,03.01.2012 10:00:00,-3.31,-1.81,-0.62,-0.06,0
12589,03.01.2012 11:00:00,-3.31,-1.81,-0.68,-0.06,0
12590,03.01.2012 12:00:00,-3.31,-1.81,-0.68,0,-0.06,3.560
12591,03.01.2012 13:00:00,-3.31,-1.81,-0.68,-0.06,-0.06
12592,03.01.2012 14:00:00,-3.31,-1.87,-0.68,-0.06,-0.06
12593,03.01.2012 15:00:00,-3.31,-1.81,-0.68,-0.06,-0.06
12594,03.01.2012 16:00:00,-3.37,-1.87,-0.68,-0.06,0
12595,03.01.2012 17:00:00,-3.37,-1.87,-0.68,-0.06,0
12596,03.01.2012 18:00:00,-3.37,-1.87,-0.68,-0.06,-0.06,3.560
12597,03.01.2012 19:00:00,-3.37,-1.87,-0.68,-0.06,0
12598,03.01.2012 20:00:00,-3.37,-1.87,-0.68,-0.06,-0.06
12599,03.01.2012 21:00:00,-3.37,-1.87,-0.68,-0.06,-0.06
12600,03.01.2012 22:00:00,-3.37,-1.87,-0.68,-0.06,-0.06
12601,03.01.2012 23:00:00,-3.37,-1.87,-0.68,-0.06,-0.06
12602,04.01.2012 00:00:00,-3.37,-1.87,-0.68,-0.06,0,3.566
12603,04.01.2012 01:00:00,-3.43,-1.87,-0.68,0,-0.06
12604,04.01.2012 02:00:00,-3.43,-1.93,-0.75,-0.06,-0.06
12605,04.01.2012 03:00:00,-3.43,-1.93,-0.68,-0.06,-0.06
12606,04.01.2012 04:00:00,-3.43,-1.93,-0.75,0,-0.06
12607,04.01.2012 05:00:00,-3.43,-1.93,-0.75,-0.06,-0.06
12608,04.01.2012 06:00:00,-3.43,-1.93,-0.75,-0.06,-0.06,3.564
12609,04.01.2012 07:00:00,-3.43,-1.93,-0.75,-0.06,0
12610,04.01.2012 08:00:00,-3.43,-1.93,-0.75,-0.06,-0.06
12611,04.01.2012 09:00:00,-3.43,-2,-0.75,-0.06,-0.06
12612,04.01.2012 10:00:00,-3.43,-1.93,-0.75,-0.06,-0.06
12613,04.01.2012 11:00:00,-3.43,-1.93,-0.75,-0.06,0
12614,04.01.2012 12:00:00,-3.43,-2,-0.75,-0.06,-0.06,3.559
12615,04.01.2012 13:00:00,-3.43,-2,-0.75,-0.06,-0.06
12616,04.01.2012 14:00:00,-3.43,-2,-0.75,-0.06,0
12617,04.01.2012 15:00:00,-3.43,-2,-0.75,-0.06,-0.06
12618,04.01.2012 16:00:00,-3.43,-2,-0.81,-0.06,-0.06
12619,04.01.2012 17:00:00,-3.43,-2,-0.75,-0.06,-0.06
12620,04.01.2012 18:00:00,-3.43,-2,-0.81,-0.06,-0.06,3.560
12621,04.01.2012 19:00:00,-3.5,-2,-0.81,-0.06,-0.06
12622,04.01.2012 20:00:00,-3.5,-2,-0.81,-0.06,0
12623,04.01.2012 21:00:00,-3.5,-2,-0.81,-0.06,-0.06
12624,04.01.2012 22:00:00,-3.43,-2,-0.81,-0.06,-0.06
12625,04.01.2012 23:00:00,-3.43,-2,-0.81,-0.06,0
12626,05.01.2012 00:00:00,-3.5,-2,-0.81,-0.06,-0.06,3.559
12627,05.01.2012 01:00:00,-3.5,-2.06,-0.81,-0.06,-0.06
12628,05.01.2012 02:00:00,-3.5,-2.06,-0.81,-0.06,-0.06
12629,05.01.2012 03:00:00,-3.5,-2.06,-0.81,-0.06,-0.06
12630,05.01.2012 04:00:00,-3.5,-2.06,-0.81,-0.06,-0.06
12631,05.01.2012 05:00:00,-3.5,-2,-0.87,-0.06,-0.06
12632,05.01.2012 06:00:00,-3.5,-2.06,-0.87,-0.06,-0.06,3.561
12633,05.01.2012 07:00:00,-3.5,-2.06,-0.87,-0.06,-0.06
12634,05.01.2012 08:00:00,-3.5,-2.06,-0.87,-0.06,-0.06
12635,05.01.2012 09:00:00,-3.5,-2.06,-0.87,-0.06,-0.06
12636,05.01.2012 10:00:00,-3.5,-2.06,-0.87,-0.06,-0.06
12637,05.01.2012 11:00:00,-3.5,-2.06,-0.87,-0.06,-0.06
12638,05.01.2012 12:00:00,-3.56,-2.06,-0.87,-0.06,-0.06,3.565
12639,05.01.2012 13:00:00,-3.56,-2.06,-0.87,-0.06,-0.06
12640,05.01.2012 14:00:00,-3.5,-2.06,-0.87,-0.06,-0.06
12641,05.01.2012 15:00:00,-3.56,-2.06,-0.87,-0.06,0
12642,05.01.2012 16:00:00,-3.56,-2.12,-0.87,-0.06,-0.06
12643,05.01.2012 17:00:00,-3.56,-2.06,-0.87,-0.06,-0.06
12644,05.01.2012 18:00:00,-3.56,-2.12,-0.87,-0.06,-0.06,3.559
12645,05.01.2012 19:00:00,-3.56,-2.12,-0.87,-0.06,-0.06
12646,05.01.2012 20:00:00,-3.56,-2.12,-0.87,-0.06,0
12647,05.01.2012 21:00:00,-3.56,-2.12,-0.93,-0.06,-0.06
12648,05.01.2012 22:00:00,-3.56,-2.12,-0.93,-0.06,-0.06
12649,05.01.2012 23:00:00,-3.56,-2.12,-0.87,0,-0.06
12650,06.01.2012 00:00:00,-3.56,-2.12,-0.93,-0.06,-0.06,3.565
12651,06.01.2012 01:00:00,-3.56,-2.12,-0.93,-0.06,-0.06
12652,06.01.2012 02:00:00,-3.56,-2.12,-0.87,-0.06,-0.06
12653,06.01.2012 03:00:00,-3.56,-2.12,-0.93,-0.06,-0.06
12654,06.01.2012 04:00:00,-3.62,-2.12,-0.93,-0.06,-0.06
12655,06.01.2012 05:00:00,-3.56,-2.12,-0.93,-0.06,-0.06
12656,06.01.2012 06:00:00,-3.56,-2.12,-0.93,-0.06,-0.06,3.565
12657,06.01.2012 07:00:00,-3.62,-2.12,-0.93,-0.06,-0.06
12658,06.01.2012 08:00:00,-3.62,-2.12,-0.93,-0.06,-0.06
12659,06.01.2012 09:00:00,-3.62,-2.18,-0.93,-0.06,-0.06
12660,06.01.2012 10:00:00,-3.62,-2.18,-0.93,-0.06,-0.06
12661,06.01.2012 11:00:00,-3.62,-2.18,-0.93,-0.06,0
12662,06.01.2012 12:00:00,-3.62,-2.18,-1,-0.06,0,3.558
12663,06.01.2012 13:00:00,-3.62,-2.18,-0.93,-0.06,0
12664,06.01.2012 14:00:00,-3.62,-2.18,-1,-0.06,-0.06
12665,06.01.2012 15:00:00,-3.62,-2.18,-1,-0.06,0
12666,06.01.2012 16:00:00,-3.62,-2.18,-1,-0.06,-0.06
12667,06.01.2012 17:00:00,-3.62,-2.18,-1,-0.06,0
12668,06.01.2012 18:00:00,-3.62,-2.18,-1,-0.06,0,3.563
12669,06.01.2012 19:00:00,-3.68,-2.18,-0.93,-0.06,-0.06
12670,06.01.2012 20:00:00,-3.68,-2.25,-1,-0.06,-0.06
12671,06.01.2012 21:00:00,-3.68,-2.18,-1,-0.06,0
12672,06.01.2012 22:00:00,-3.68,-2.25,-1,-0.06,-0.06
12673,06.01.2012 23:00:00,-3.68,-2.18,-1,-0.06,-0.06
12674,07.01.2012 00:00:00,-3.68,-2.25,-1,-0.06,-0.06,3.558
12675,07.01.2012 01:00:00,-3.62,-2.25,-1,-0.06,-0.06
12676,07.01.2012 02:00:00,-3.68,-2.25,-1,-0.06,-0.06
12677,07.01.2012 03:00:00,-3.68,-2.25,-1,-0.06,-0.06
12678,07.01.2012 04:00:00,-3.68,-2.25,-1,-0.06,-0.06
12679,07.01.2012 05:00:00,-3.68,-2.25,-1,-0.06,-0.06
12680,07.01.2012 06:00:00,-3.68,-2.25,-1,-0.06,-0.06,3.563
12681,07.01.2012 07:00:00,-3.68,-2.25,-1,-0.06,-0.06
12682,07.01.2012 08:00:00,-3.68,-2.25,-1.06,-0.06,-0.06
12683,07.01.2012 09:00:00,-3.62,-2.25,-1,-0.06,0
12684,07.01.2012 10:00:00,-3.68,-2.25,-1.06,-0.06,-0.06
12685,07.01.2012 11:00:00,-3.68,-2.25,-1.06,-0.06,-0.06
12686,07.01.2012 12:00:00,-3.68,-2.25,-1,-0.06,-0.06,3.557
12687,07.01.2012 13:00:00,-3.68,-2.25,-1.06,-0.06,-0.06
12688,07.01.2012 14:00:00,-3.68,-2.25,-1.06,-0.06,-0.06
12689,07.01.2012 15:00:00,-3.68,-2.25,-1.06,-0.06,0
12690,07.01.2012 16:00:00,-3.68,-2.31,-1.06,-0.06,-0.06
12691,07.01.2012 17:00:00,-3.68,-2.31,-1.06,-0.06,-0.06
12692,07.01.2012 18:00:00,-3.68,-2.31,-1.06,-0.06,-0.06,3.558
12693,07.01.2012 19:00:00,-3.75,-2.25,-1.06,-0.06,-0.06
12694,07.01.2012 20:00:00,-3.68,-2.31,-1.06,-0.06,-0.06
12695,07.01.2012 21:00:00,-3.68,-2.31,-1.06,-0.06,-0.06
12696,07.01.2012 22:00:00,-3.68,-2.31,-1.06,-0.06,-0.06
12697,07.01.2012 23:00:00,-3.68,-2.31,-1.06,-0.06,-0.06
12698,08.01.2012 00:00:00,-3.68,-2.31,-1.06,-0.06,-0.06,3.557
12699,08.01.2012 01:00:00,-3.75,-2.31,-1.06,-0.06,-0.06
12700,08.01.2012 02:00:00,-3.68,-2.31,-1.12,-0.06,-0.06
12701,08.01.2012 03:00:00,-3.68,-2.31,-1.06,-0.06,-0.06
12702,08.01.2012 04:00:00,-3.68,-2.31,-1.06,-0.06,0
12703,08.01.2012 05:00:00,-3.68,-2.31,-1.06,-0.06,-0.06
12704,08.01.2012 06:00:00,-3.68,-2.31,-1.12,-0.06,-0.06,3.562
12705,08.01.2012 07:00:00,-3.68,-2.31,-1.12,-0.06,-0.06
12706,08.01.2012 08:00:00,-3.68,-2.31,-1.12,-0.06,-0.06
12707,08.01.2012 09:00:00,-3.68,-2.31,-1.12,-0.06,-0.06
12708,08.01.2012 10:00:00,-3.75,-2.31,-1.12,-0.06,-0.06
12709,08.01.2012 11:00:00,-3.75,-2.31,-1.12,-0.06,-0.06
12710,08.01.2012 12:00:00,-3.75,-2.31,-1.12,-0.06,0,3.560
12711,08.01.2012 13:00:00,-3.75,-2.31,-1.12,-0.06,-0.06
12712,08.01.2012 14:00:00,-3.75,-2.31,-1.12,-0.06,-0.06
12713,08.01.2012 15:00:00,-3.75,-2.31,-1.12,-0.06,0
12714,08.01.2012 16:00:00,-3.75,-2.31,-1.12,-0.06,-0.06
12715,08.01.2012 17:00:00,-3.75,-2.37,-1.12,-0.06,-0.06
12716,08.01.2012 18:00:00,-3.75,-2.31,-1.12,-0.06,-0.06,3.561
12717,08.01.2012 19:00:00,-3.81,-2.37,-1.12,-0.06,-0.06
12718,08.01.2012 20:00:00,-3.81,-2.37,-1.12,-0.06,-0.06
12719,08.01.2012 21:00:00,-3.81,-2.37,-1.12,-0.06,0
12720,08.01.2012 22:00:00,-3.81,-2.37,-1.12,-0.06,-0.06
12721,08.01.2012 23:00:00,-3.81,-2.37,-1.12,-0.06,-0.06
12722,09.01.2012 00:00:00,-3.81,-2.37,-1.12,-0.06,-0.06,3.555
12723,09.01.2012 01:00:00,-3.81,-2.37,-1.18,-0.06,-0.06
12724,09.01.2012 02:00:00,-3.87,-2.37,-1.18,-0.06,-0.06
12725,09.01.2012 03:00:00,-3.81,-2.37,-1.12,-0.06,-0.06
12726,09.01.2012 04:00:00,-3.81,-2.37,-1.18,-0.06,-0.06
12727,09.01.2012 05:00:00,-3.81,-2.37,-1.18,-0.06,-0.06
12728,09.01.2012 06:00:00,-3.87,-2.37,-1.18,-0.06,-0.06,3.561
12729,09.01.2012 07:00:00,-3.87,-2.37,-1.18,-0.06,0
12730,09.01.2012 08:00:00,-3.87,-2.43,-1.18,-0.06,0
12731,09.01.2012 09:00:00,-3.87,-2.43,-1.18,-0.06,-0.06
12732,09.01.2012 10:00:00,-3.87,-2.43,-1.18,-0.06,-0.06
12733,09.01.2012 11:00:00,-3.87,-2.43,-1.18,-0.06,-0.06
12734,09.01.2012 12:00:00,-3.87,-2.43,-1.18,-0.06,-0.06,3.557
12735,09.01.2012 13:00:00,-3.93,-2.43,-1.18,-0.06,-0.06
12736,09.01.2012 14:00:00,-3.93,-2.43,-1.18,-0.06,-0.06
12737,09.01.2012 15:00:00,-3.93,-2.43,-1.18,-0.06,0
12738,09.01.2012 16:00:00,-3.93,-2.43,-1.18,-0.06,-0.06
12739,09.01.2012 17:00:00,-3.93,-2.43,-1.25,-0.06,-0.06
12740,09.01.2012 18:00:00,-4,-2.43,-1.25,-0.06,-0.06,3.560
12741,09.01.2012 19:00:00,-4,-2.43,-1.25,-0.06,-0.06
12742,09.01.2012 20:00:00,-4,-2.5,-1.25,-0.06,0
12743,09.01.2012 21:00:00,-4,-2.5,-1.25,-0.06,-0.06
12744,09.01.2012 22:00:00,-4,-2.5,-1.25,-0.06,0
12745,09.01.2012 23:00:00,-4,-2.5,-1.25,-0.06,-0.06
12746,10.01.2012 00:00:00,-4,-2.5,-1.25,-0.06,-0.06,3.556
12747,10.01.2012 01:00:00,-4,-2.5,-1.25,-0.06,-0.06
12748,10.01.2012 02:00:00,-4,-2.56,-1.25,-0.06,0
12749,10.01.2012 03:00:00,-4,-2.5,-1.25,-0.06,-0.06
12750,10.01.2012 04:00:00,-4.06,-2.56,-1.25,-0.06,-0.06
12751,10.01.2012 05:00:00,-4,-2.5,-1.25,-0.06,-0.06
12752,10.01.2012 06:00:00,-4.06,-2.56,-1.25,-0.06,-0.06,3.559
12753,10.01.2012 07:00:00,-4.06,-2.5,-1.31,-0.06,-0.06
12754,10.01.2012 08:00:00,-4.06,-2.56,-1.31,-0.06,-0.06
12755,10.01.2012 09:00:00,-4.06,-2.56,-1.25,-0.06,-0.06
12756,10.01.2012 10:00:00,-4.06,-2.56,-1.31,-0.06,-0.06
12757,10.01.2012 11:00:00,-4.12,-2.56,-1.31,-0.12,-0.06
12758,10.01.2012 12:00:00,-4.12,-2.56,-1.31,-0.06,-0.06,3.553
12759,10.01.2012 13:00:00,-4.12,-2.56,-1.31,-0.06,-0.06
12760,10.01.2012 14:00:00,-4.12,-2.56,-1.31,-0.06,-0.06
12761,10.01.2012 15:00:00,-4.12,-2.56,-1.31,-0.06,-0.06
12762,10.01.2012 16:00:00,-4.18,-2.56,-1.31,-0.06,-0.06
12763,10.01.2012 17:00:00,-4.18,-2.62,-1.31,-0.12,-0.06
12764,10.01.2012 18:00:00,-4.12,-2.62,-1.31,-0.12,-0.06,3.553
12765,10.01.2012 19:00:00,-4.18,-2.62,-1.31,-0.12,-0.06
12766,10.01.2012 20:00:00,-4.18,-2.62,-1.31,-0.06,0
12767,10.01.2012 21:00:00,-4.18,-2.62,-1.37,-0.12,-0.06
12768,10.01.2012 22:00:00,-4.18,-2.62,-1.37,-0.06,-0.06
12769,10.01.2012 23:00:00,-4.18,-2.62,-1.31,-0.12,-0.06
12770,11.01.2012 00:00:00,-4.18,-2.68,-1.37,-0.12,-0.06,3.554
12771,11.01.2012 01:00:00,-4.18,-2.68,-1.37,-0.12,-0.06
12772,11.01.2012 02:00:00,-4.25,-2.68,-1.37,-0.12,-0.06
12773,11.01.2012 03:00:00,-4.18,-2.68,-1.37,-0.12,-0.06
12774,11.01.2012 04:00:00,-4.25,-2.68,-1.37,-0.12,0
12775,11.01.2012 05:00:00,-4.25,-2.68,-1.37,-0.12,-0.06
12776,11.01.2012 06:00:00,-4.25,-2.68,-1.37,-0.12,-0.06,3.551
12777,11.01.2012 07:00:00,-4.25,-2.68,-1.37,-0.12,-0.06
12778,11.01.2012 08:00:00,-4.25,-2.68,-1.37,-0.06,-0.06
12779,11.01.2012 09:00:00,-4.25,-2.68,-1.37,-0.12,-0.06
12780,11.01.2012 10:00:00,-4.25,-2.68,-1.37,-0.12,-0.06
12781,11.01.2012 11:00:00,-4.25,-2.68,-1.43,-0.12,-0.06
12782,11.01.2012 12:00:00,-4.25,-2.75,-1.43,-0.12,-0.06,3.550
12783,11.01.2012 13:00:00,-4.31,-2.75,-1.43,-0.12,-0.06
12784,11.01.2012 14:00:00,-4.31,-2.75,-1.43,-0.12,-0.06
12785,11.01.2012 15:00:00,-4.31,-2.75,-1.43,-0.12,-0.06
12786,11.01.2012 16:00:00,-4.31,-2.75,-1.43,-0.12,-0.06
12787,11.01.2012 17:00:00,-4.31,-2.75,-1.43,-0.12,-0.06
12788,11.01.2012 18:00:00,-4.31,-2.75,-1.43,-0.12,-0.06,3.557
12789,11.01.2012 19:00:00,-4.37,-2.75,-1.43,-0.12,-0.06
12790,11.01.2012 20:00:00,-4.37,-2.81,-1.43,-0.12,-0.06
12791,11.01.2012 21:00:00,-4.37,-2.81,-1.43,-0.12,-0.06
12792,11.01.2012 22:00:00,-4.37,-2.81,-1.5,-0.12,-0.06
12793,11.01.2012 23:00:00,-4.37,-2.81,-1.5,-0.12,0
12794,12.01.2012 00:00:00,-4.37,-2.81,-1.5,-0.12,-0.06,3.554
12795,12.01.2012 01:00:00,-4.43,-2.81,-1.5,-0.12,-0.06
12796,12.01.2012 02:00:00,-4.37,-2.81,-1.5,-0.12,-0.06
12797,12.01.2012 03:00:00,-4.43,-2.81,-1.5,-0.12,-0.06
12798,12.01.2012 04:00:00,-4.43,-2.81,-1.5,-0.18,-0.06
12799,12.01.2012 05:00:00,-4.43,-2.81,-1.5,-0.12,-0.06
12800,12.01.2012 06:00:00,-4.43,-2.87,-1.5,-0.12,-0.06,3.550
12801,12.01.2012 07:00:00,-4.43,-2.87,-1.5,-0.12,-0.06
12802,12.01.2012 08:00:00,-4.43,-2.87,-1.5,-0.12,-0.06
12803,12.01.2012 09:00:00,-4.43,-2.87,-1.5,-0.18,-0.06
12804,12.01.2012 10:00:00,-4.5,-2.87,-1.5,-0.18,-0.06
12805,12.01.2012 11:00:00,-4.43,-2.87,-1.5,-0.18,-0.06
12806,12.01.2012 12:00:00,-4.5,-2.87,-1.56,-0.18,-0.06,3.550
12807,12.01.2012 13:00:00,-4.5,-2.87,-1.56,-0.12,-0.06
12808,12.01.2012 14:00:00,-4.5,-2.87,-1.56,-0.18,-0.06
12809,12.01.2012 15:00:00,-4.5,-2.87,-1.56,-0.18,-0.06
12810,12.01.2012 16:00:00,-4.5,-2.93,-1.56,-0.12,-0.06
12811,12.01.2012 17:00:00,-4.5,-2.93,-1.56,-0.18,-0.06
12812,12.01.2012 18:00:00,-4.5,-2.93,-1.56,-0.18,-0.06,3.549
12813,12.01.2012 19:00:00,-4.5,-2.93,-1.56,-0.18,-0.06
12814,12.01.2012 20:00:00,-4.5,-2.93,-1.56,-0.18,-0.06
12815,12.01.2012 21:00:00,-4.56,-2.93,-1.56,-0.18,-0.06
12816,12.01.2012 22:00:00,-4.56,-2.93,-1.56,-0.18,-0.06
12817,12.01.2012 23:00:00,-4.56,-2.93,-1.56,-0.18,-0.06
12818,13.01.2012 00:00:00,-4.56,-2.93,-1.62,-0.18,-0.06,3.549
12819,13.01.2012 01:00:00,-4.56,-3,-1.56,-0.18,-0.06
12820,13.01.2012 02:00:00,-4.56,-2.93,-1.62,-0.18,-0.06
12821,13.01.2012 03:00:00,-4.56,-3,-1.62,-0.18,-0.06
12822,13.01.2012 04:00:00,-4.56,-3,-1.62,-0.18,-0.06
12823,13.01.2012 05:00:00,-4.56,-3,-1.62,-0.18,-0.06
12824,13.01.2012 06:00:00,-4.56,-3,-1.62,-0.18,-0.06,3.554
12825,13.01.2012 07:00:00,-4.56,-3,-1.62,-0.25,-0.06
12826,13.01.2012 08:00:00,-4.56,-3,-1.62,-0.18,-0.06
12827,13.01.2012 09:00:00,-4.56,-3,-1.62,-0.18,-0.06
12828,13.01.2012 10:00:00,-4.56,-3,-1.62,-0.18,-0.06
12829,13.01.2012 11:00:00,-4.56,-3,-1.62,-0.18,-0.06
12830,13.01.2012 12:00:00,-4.56,-3,-1.68,-0.25,-0.06,3.549
12831,13.01.2012 13:00:00,-4.56,-3,-1.62,-0.25,-0.06
12832,13.01.2012 14:00:00,-4.56,-3,-1.62,-0.18,0
12833,13.01.2012 15:00:00,-4.62,-3,-1.68,-0.25,0
12834,13.01.2012 16:00:00,-4.56,-3.06,-1.68,-0.18,-0.06
12835,13.01.2012 17:00:00,-4.62,-3.06,-1.68,-0.25,0
12836,13.01.2012 18:00:00,-4.62,-3.06,-1.68,-0.25,-0.06,3.554
12837,13.01.2012 19:00:00,-4.62,-3.06,-1.68,-0.25,-0.06
12838,13.01.2012 20:00:00,-4.62,-3.06,-1.68,-0.25,-0.06
12839,13.01.2012 21:00:00,-4.56,-3.06,-1.68,-0.25,-0.06
12840,13.01.2012 22:00:00,-4.62,-3.06,-1.68,-0.25,-0.06
12841,13.01.2012 23:00:00,-4.62,-3.06,-1.68,-0.25,-0.06
12842,14.01.2012 00:00:00,-4.62,-3.06,-1.68,-0.25,0,3.555
12843,14.01.2012 01:00:00,-4.62,-3.06,-1.68,-0.25,-0.06
12844,14.01.2012 02:00:00,-4.56,-3.06,-1.75,-0.25,-0.06
12845,14.01.2012 03:00:00,-4.62,-3.06,-1.75,-0.25,-0.06
12846,14.01.2012 04:00:00,-4.56,-3.06,-1.75,-0.25,-0.06
12847,14.01.2012 05:00:00,-4.56,-3.06,-1.75,-0.31,0
12848,14.01.2012 06:00:00,-4.56,-3.06,-1.75,-0.25,-0.06,3.548
12849,14.01.2012 07:00:00,-4.62,-3.06,-1.75,-0.25,-0.06
12850,14.01.2012 08:00:00,-4.56,-3.06,-1.75,-0.31,-0.06
12851,14.01.2012 09:00:00,-4.56,-3.12,-1.75,-0.31,-0.06
12852,14.01.2012 10:00:00,-4.56,-3.12,-1.75,-0.25,-0.06
12853,14.01.2012 11:00:00,-4.56,-3.12,-1.75,-0.31,-0.06
12854,14.01.2012 12:00:00,-4.56,-3.06,-1.75,-0.25,-0.06,3.554
12855,14.01.2012 13:00:00,-4.56,-3.12,-1.75,-0.31,-0.06
12856,14.01.2012 14:00:00,-4.5,-3.06,-1.75,-0.31,-0.06
12857,14.01.2012 15:00:00,-4.5,-3.12,-1.75,-0.31,-0.06
12858,14.01.2012 16:00:00,-4.5,-3.06,-1.75,-0.25,-0.06
12859,14.01.2012 17:00:00,-4.5,-3.06,-1.75,-0.31,-0.06
12860,14.01.2012 18:00:00,-4.5,-3.06,-1.75,-0.31,-0.06,3.549
12861,14.01.2012 19:00:00,-4.5,-3.06,-1.75,-0.31,-0.06
12862,14.01.2012 20:00:00,-4.5,-3.06,-1.75,-0.31,-0.06
12863,14.01.2012 21:00:00,-4.5,-3.12,-1.75,-0.31,-0.06
12864,14.01.2012 22:00:00,-4.43,-3.06,-1.81,-0.31,-0.06
12865,14.01.2012 23:00:00,-4.5,-3.06,-1.81,-0.31,-0.06
12866,15.01.2012 00:00:00,-4.43,-3.06,-1.81,-0.31,-0.06,3.555
12867,15.01.2012 01:00:00,-4.43,-3.06,-1.81,-0.31,-0.06
12868,15.01.2012 02:00:00,-4.43,-3.06,-1.81,-0.31,-0.06
12869,15.01.2012 03:00:00,-4.43,-3.06,-1.75,-0.31,-0.06
12870,15.01.2012 04:00:00,-4.43,-3.06,-1.81,-0.37,-0.06
12871,15.01.2012 05:00:00,-4.43,-3.06,-1.81,-0.31,-0.06
12872,15.01.2012 06:00:00,-4.43,-3.06,-1.81,-0.37,-0.06,3.552
12873,15.01.2012 07:00:00,-4.43,-3.06,-1.81,-0.37,-0.06
12874,15.01.2012 08:00:00,-4.43,-3.06,-1.81,-0.37,-0.06
12875,15.01.2012 09:00:00,-4.43,-3.06,-1.81,-0.37,-0.06
12876,15.01.2012 10:00:00,-4.43,-3.06,-1.81,-0.37,-0.06
12877,15.01.2012 11:00:00,-4.43,-3.06,-1.81,-0.37,-0.06
12878,15.01.2012 12:00:00,-4.43,-3.06,-1.81,-0.37,-0.06,3.550
12879,15.01.2012 13:00:00,-4.43,-3.06,-1.81,-0.37,-0.06
12880,15.01.2012 14:00:00,-4.43,-3.06,-1.81,-0.37,-0.06
12881,15.01.2012 15:00:00,-4.43,-3,-1.81,-0.37,-0.06
12882,15.01.2012 16:00:00,-4.43,-3.06,-1.81,-0.37,-0.06
12883,15.01.2012 17:00:00,-4.43,-3.06,-1.81,-0.37,-0.06
12884,15.01.2012 18:00:00,-4.43,-3.06,-1.81,-0.43,-0.06,3.551
12885,15.01.2012 19:00:00,-4.43,-3.06,-1.81,-0.37,-0.06
12886,15.01.2012 20:00:00,-4.37,-3.06,-1.81,-0.43,-0.06
12887,15.01.2012 21:00:00,-4.37,-3.06,-1.81,-0.37,-0.06
12888,15.01.2012 22:00:00,-4.37,-3.06,-1.81,-0.43,-0.06
12889,15.01.2012 23:00:00,-4.37,-3.06,-1.81,-0.37,-0.06
12890,16.01.2012 00:00:00,-4.37,-3.06,-1.81,-0.43,-0.06,3.556
12891,16.01.2012 01:00:00,-4.37,-3.06,-1.81,-0.43,-0.06
12892,16.01.2012 02:00:00,-4.37,-3.06,-1.81,-0.43,-0.06
12893,16.01.2012 03:00:00,-4.37,-3,-1.81,-0.43,-0.06
12894,16.01.2012 04:00:00,-4.37,-3.06,-1.81,-0.43,-0.06
12895,16.01.2012 05:00:00,-4.31,-3.06,-1.81,-0.43,-0.06
12896,16.01.2012 06:00:00,-4.37,-3,-1.87,-0.43,-0.06,3.555
12897,16.01.2012 07:00:00,-4.31,-3,-1.81,-0.43,-0.06
12898,16.01.2012 08:00:00,-4.31,-3,-1.87,-0.43,-0.06
12899,16.01.2012 09:00:00,-4.31,-3,-1.81,-0.43,-0.06
12900,16.01.2012 10:00:00,-4.31,-3.06,-1.81,-0.43,-0.06
12901,16.01.2012 11:00:00,-4.31,-3,-1.81,-0.43,-0.06
12902,16.01.2012 12:00:00,-4.31,-3,-1.81,-0.43,-0.06,3.556
12903,16.01.2012 13:00:00,-4.31,-3,-1.81,-0.43,-0.06
12904,16.01.2012 14:00:00,-4.31,-3,-1.81,-0.5,-0.06
12905,16.01.2012 15:00:00,-4.31,-3,-1.81,-0.43,-0.06
12906,16.01.2012 16:00:00,-4.31,-3,-1.81,-0.5,-0.06
12907,16.01.2012 17:00:00,-4.25,-3,-1.81,-0.43,-0.06
12908,16.01.2012 18:00:00,-4.25,-3,-1.81,-0.5,-0.06,3.551
12909,16.01.2012 19:00:00,-4.31,-3,-1.81,-0.5,-0.06
12910,16.01.2012 20:00:00,-4.25,-3,-1.81,-0.5,-0.06
12911,16.01.2012 21:00:00,-4.25,-3,-1.81,-0.5,-0.06
12912,16.01.2012 22:00:00,-4.25,-3,-1.81,-0.5,-0.06
12913,16.01.2012 23:00:00,-4.25,-3,-1.81,-0.5,-0.06
12914,17.01.2012 00:00:00,-4.25,-3,-1.81,-0.5,-0.06,3.556
12915,17.01.2012 01:00:00,-4.25,-3,-1.81,-0.5,-0.06
12916,17.01.2012 02:00:00,-4.25,-3,-1.81,-0.5,-0.06
12917,17.01.2012 03:00:00,-4.25,-3,-1.81,-0.5,-0.06
12918,17.01.2012 04:00:00,-4.25,-3,-1.81,-0.5,-0.06
12919,17.01.2012 05:00:00,-4.25,-3,-1.81,-0.5,-0.06
12920,17.01.2012 06:00:00,-4.25,-3,-1.87,-0.5,-0.06,3.554
12921,17.01.2012 07:00:00,-4.18,-3,-1.87,-0.5,-0.06
12922,17.01.2012 08:00:00,-4.25,-3,-1.87,-0.5,-0.06
12923,17.01.2012 09:00:00,-4.18,-2.93,-1.87,-0.5,-0.06
12924,17.01.2012 10:00:00,-4.25,-3,-1.81,-0.5,-0.06
12925,17.01.2012 11:00:00,-4.25,-2.93,-1.87,-0.56,-0.06
12926,17.01.2012 12:00:00,-4.25,-2.93,-1.87,-0.5,-0.06,3.557
12927,17.01.2012 13:00:00,-4.18,-3,-1.81,-0.56,-0.06
12928,17.01.2012 14:00:00,-4.18,-3,-1.81,-0.5,-0.06
12929,17.01.2012 15:00:00,-4.18,-3,-1.81,-0.5,-0.06
12930,17.01.2012 16:00:00,-4.18,-2.93,-1.87,-0.56,-0.06
12931,17.01.2012 17:00:00,-4.18,-3,-1.81,-0.56,-0.06
12932,17.01.2012 18:00:00,-4.25,-2.93,-1.81,-0.56,-0.06,3.553
12933,17.01.2012 19:00:00,-4.25,-2.93,-1.87,-0.56,-0.06
12934,17.01.2012 20:00:00,-4.25,-2.93,-1.81,-0.56,-0.06
12935,17.01.2012 21:00:00,-4.25,-2.93,-1.87,-0.56,-0.06
12936,17.01.2012 22:00:00,-4.25,-2.93,-1.81,-0.56,0
12937,17.01.2012 23:00:00,-4.25,-3,-1.81,-0.56,-0.06
12938,18.01.2012 00:00:00,-4.25,-3,-1.87,-0.56,-0.06,3.557
12939,18.01.2012 01:00:00,-4.25,-2.93,-1.81,-0.56,0
12940,18.01.2012 02:00:00,-4.25,-3,-1.87,-0.56,-0.06
12941,18.01.2012 03:00:00,-4.25,-2.93,-1.87,-0.56,-0.06
12942,18.01.2012 04:00:00,-4.25,-3,-1.87,-0.56,-0.06
12943,18.01.2012 05:00:00,-4.25,-3,-1.87,-0.56,-0.06
12944,18.01.2012 06:00:00,-4.25,-3,-1.87,-0.56,-0.06,3.550
12945,18.01.2012 07:00:00,-4.31,-3,-1.81,-0.56,-0.06
12946,18.01.2012 08:00:00,-4.31,-3,-1.87,-0.56,-0.06
12947,18.01.2012 09:00:00,-4.31,-3,-1.87,-0.56,-0.06
12948,18.01.2012 10:00:00,-4.31,-3,-1.87,-0.56,-0.06
12949,18.01.2012 11:00:00,-4.31,-3,-1.87,-0.56,-0.06
12950,18.01.2012 12:00:00,-4.31,-3,-1.87,-0.56,-0.06,3.551
12951,18.01.2012 13:00:00,-4.31,-3,-1.87,-0.56,-0.06
12952,18.01.2012 14:00:00,-4.31,-3,-1.87,-0.56,-0.06
12953,18.01.2012 15:00:00,-4.31,-3,-1.93,-0.62,-0.06
12954,18.01.2012 16:00:00,-4.31,-3,-1.87,-0.56,-0.06
12955,18.01.2012 17:00:00,-4.31,-3,-1.87,-0.62,-0.06
12956,18.01.2012 18:00:00,-4.31,-3,-1.87,-0.62,0,3.552
12957,18.01.2012 19:00:00,-4.31,-3,-1.87,-0.62,-0.06
12958,18.01.2012 20:00:00,-4.31,-3,-1.87,-0.62,-0.06
12959,18.01.2012 21:00:00,-4.31,-3,-1.87,-0.62,-0.06
12960,18.01.2012 22:00:00,-4.31,-3,-1.87,-0.62,-0.06
12961,18.01.2012 23:00:00,-4.37,-3,-1.87,-0.62,-0.06
12962,19.01.2012 00:00:00,-4.37,-3,-1.87,-0.62,-0.06,3.550
12963,19.01.2012 01:00:00,-4.37,-3.06,-1.87,-0.62,-0.06
12964,19.01.2012 02:00:00,-4.37,-3,-1.87,-0.62,-0.06
12965,19.01.2012 03:00:00,-4.37,-3.06,-1.87,-0.62,-0.06
12966,19.01.2012 04:00:00,-4.37,-3.06,-1.87,-0.62,-0.06
12967,19.01.2012 05:00:00,-4.37,-3.06,-1.87,-0.62,-0.06
12968,19.01.2012 06:00:00,-4.43,-3.06,-1.87,-0.62,-0.06,3.549
12969,19.01.2012 07:00:00,-4.37,-3.06,-1.93,-0.62,-0.06
12970,19.01.2012 08:00:00,-4.43,-3.06,-1.87,-0.62,-0.06
12971,19.01.2012 09:00:00,-4.43,-3.06,-1.93,-0.62,0
12972,19.01.2012 10:00:00,-4.43,-3.06,-1.93,-0.62,-0.06
12973,19.01.2012 11:00:00,-4.43,-3.06,-1.93,-0.62,-0.06
12974,19.01.2012 12:00:00,-4.43,-3.06,-1.93,-0.62,0,3.554
12975,19.01.2012 13:00:00,-4.5,-3.06,-1.93,-0.68,-0.06
12976,19.01.2012 14:00:00,-4.5,-3.06,-1.93,-0.68,-0.06
12977,19.01.2012 15:00:00,-4.5,-3.06,-1.93,-0.68,-0.06
12978,19.01.2012 16:00:00,-4.5,-3.12,-1.93,-0.68,-0.06
12979,19.01.2012 17:00:00,-4.5,-3.12,-1.93,-0.68,-0.06
12980,19.01.2012 18:00:00,-4.5,-3.06,-1.93,-0.68,-0.06,3.552
12981,19.01.2012 19:00:00,-4.56,-3.12,-1.93,-0.68,-0.06
12982,19.01.2012 20:00:00,-4.56,-3.12,-1.93,-0.68,-0.06
12983,19.01.2012 21:00:00,-4.56,-3.12,-1.93,-0.68,-0.06
12984,19.01.2012 22:00:00,-4.56,-3.12,-1.93,-0.68,-0.06
12985,19.01.2012 23:00:00,-4.56,-3.12,-1.93,-0.68,-0.06
12986,20.01.2012 00:00:00,-4.62,-3.18,-1.93,-0.68,-0.06,3.549
12987,20.01.2012 01:00:00,-4.62,-3.18,-1.93,-0.68,-0.06
12988,20.01.2012 02:00:00,-4.62,-3.18,-2,-0.68,-0.06
12989,20.01.2012 03:00:00,-4.62,-3.18,-1.93,-0.68,-0.06
12990,20.01.2012 04:00:00,-4.62,-3.18,-2,-0.68,-0.06
12991,20.01.2012 05:00:00,-4.62,-3.18,-2,-0.68,-0.06
12992,20.01.2012 06:00:00,-4.62,-3.18,-2,-0.68,-0.06,3.549
12993,20.01.2012 07:00:00,-4.68,-3.18,-2,-0.68,-0.06
12994,20.01.2012 08:00:00,-4.68,-3.18,-2,-0.68,-0.06
12995,20.01.2012 09:00:00,-4.68,-3.18,-2,-0.68,-0.06
12996,20.01.2012 10:00:00,-4.68,-3.25,-2,-0.68,-0.06
12997,20.01.2012 11:00:00,-4.68,-3.18,-2,-0.68,-0.06
12998,20.01.2012 12:00:00,-4.75,-3.25,-2,-0.68,0,3.547
12999,20.01.2012 13:00:00,-4.75,-3.25,-2,-0.68,-0.06
13000,20.01.2012 14:00:00,-4.75,-3.25,-2,-0.75,-0.06
13001,20.01.2012 15:00:00,-4.75,-3.25,-2,-0.75,-0.06
13002,20.01.2012 16:00:00,-4.75,-3.25,-2,-0.75,-0.06
13003,20.01.2012 17:00:00,-4.81,-3.31,-2,-0.75,-0.06
13004,20.01.2012 18:00:00,-4.81,-3.31,-2,-0.75,-0.06,3.546
13005,20.01.2012 19:00:00,-4.81,-3.31,-2.06,-0.75,-0.06
13006,20.01.2012 20:00:00,-4.81,-3.31,-2.06,-0.75,-0.06
13007,20.01.2012 21:00:00,-4.81,-3.31,-2.06,-0.75,-0.06
13008,20.01.2012 22:00:00,-4.81,-3.31,-2.06,-0.75,-0.06
13009,20.01.2012 23:00:00,-4.81,-3.31,-2.06,-0.75,-0.06
13010,21.01.2012 00:00:00,-4.87,-3.31,-2.06,-0.75,-0.06,3.550
13011,21.01.2012 01:00:00,-4.87,-3.31,-2.06,-0.75,-0.06
13012,21.01.2012 02:00:00,-4.87,-3.37,-2.06,-0.75,-0.06
13013,21.01.2012 03:00:00,-4.87,-3.37,-2.06,-0.75,-0.06
13014,21.01.2012 04:00:00,-4.87,-3.37,-2.12,-0.81,-0.06
13015,21.01.2012 05:00:00,-4.93,-3.37,-2.06,-0.75,-0.06
13016,21.01.2012 06:00:00,-4.93,-3.37,-2.12,-0.81,-0.06,3.545
13017,21.01.2012 07:00:00,-4.93,-3.37,-2.12,-0.75,-0.06
13018,21.01.2012 08:00:00,-4.93,-3.37,-2.12,-0.81,-0.06
13019,21.01.2012 09:00:00,-4.93,-3.37,-2.12,-0.75,-0.06
13020,21.01.2012 10:00:00,-5,-3.43,-2.12,-0.81,-0.06
13021,21.01.2012 11:00:00,-5,-3.43,-2.12,-0.81,-0.06
13022,21.01.2012 12:00:00,-5,-3.43,-2.12,-0.81,-0.06,3.550
13023,21.01.2012 13:00:00,-5,-3.43,-2.12,-0.81,-0.06
13024,21.01.2012 14:00:00,-5,-3.43,-2.12,-0.81,-0.06
13025,21.01.2012 15:00:00,-5.06,-3.43,-2.12,-0.81,-0.06
13026,21.01.2012 16:00:00,-5.06,-3.43,-2.12,-0.81,-0.06
13027,21.01.2012 17:00:00,-5.06,-3.5,-2.18,-0.81,-0.06
13028,21.01.2012 18:00:00,-5.06,-3.5,-2.18,-0.81,-0.06,3.549
13029,21.01.2012 19:00:00,-5.06,-3.5,-2.18,-0.81,-0.06
13030,21.01.2012 20:00:00,-5.12,-3.5,-2.18,-0.81,-0.06
13031,21.01.2012 21:00:00,-5.12,-3.5,-2.18,-0.87,-0.06
13032,21.01.2012 22:00:00,-5.12,-3.56,-2.18,-0.81,-0.06
13033,21.01.2012 23:00:00,-5.18,-3.5,-2.18,-0.87,-0.06
13034,22.01.2012 00:00:00,-5.12,-3.56,-2.18,-0.81,-0.06,3.543
13035,22.01.2012 01:00:00,-5.18,-3.56,-2.25,-0.87,-0.06
13036,22.01.2012 02:00:00,-5.18,-3.56,-2.18,-0.87,-0.06
13037,22.01.2012 03:00:00,-5.18,-3.56,-2.18,-0.87,-0.06
13038,22.01.2012 04:00:00,-5.18,-3.56,-2.25,-0.87,-0.06
13039,22.01.2012 05:00:00,-5.18,-3.56,-2.25,-0.87,-0.06
13040,22.01.2012 06:00:00,-5.18,-3.56,-2.25,-0.87,-0.06,3.549
13041,22.01.2012 07:00:00,-5.18,-3.56,-2.25,-0.87,-0.06
13042,22.01.2012 08:00:00,-5.18,-3.62,-2.25,-0.87,-0.06
13043,22.01.2012 09:00:00,-5.18,-3.62,-2.25,-0.87,-0.06
13044,22.01.2012 10:00:00,-5.18,-3.62,-2.25,-0.87,-0.06
13045,22.01.2012 11:00:00,-5.18,-3.62,-2.25,-0.87,-0.06
13046,22.01.2012 12:00:00,-5.18,-3.62,-2.25,-0.87,-0.06,3.543
13047,22.01.2012 13:00:00,-5.25,-3.62,-2.31,-0.93,-0.06
13048,22.01.2012 14:00:00,-5.18,-3.68,-2.31,-0.93,-0.06
13049,22.01.2012 15:00:00,-5.18,-3.68,-2.31,-0.93,-0.06
13050,22.01.2012 16:00:00,-5.25,-3.68,-2.31,-0.93,-0.06
13051,22.01.2012 17:00:00,-5.25,-3.68,-2.31,-0.93,-0.06
13052,22.01.2012 18:00:00,-5.18,-3.68,-2.31,-0.93,-0.06,3.544
13053,22.01.2012 19:00:00,-5.18,-3.68,-2.31,-0.93,-0.06
13054,22.01.2012 20:00:00,-5.18,-3.68,-2.31,-0.93,-0.06
13055,22.01.2012 21:00:00,-5.18,-3.68,-2.37,-0.93,-0.06
13056,22.01.2012 22:00:00,-5.18,-3.68,-2.31,-0.93,-0.06
13057,22.01.2012 23:00:00,-5.18,-3.68,-2.37,-0.93,-0.06
13058,23.01.2012 00:00:00,-5.18,-3.68,-2.37,-0.93,-0.06,3.542
13059,23.01.2012 01:00:00,-5.18,-3.68,-2.37,-0.93,-0.06
13060,23.01.2012 02:00:00,-5.18,-3.68,-2.37,-1,-0.06
13061,23.01.2012 03:00:00,-5.18,-3.68,-2.37,-0.93,-0.06
13062,23.01.2012 04:00:00,-5.18,-3.68,-2.37,-0.93,-0.06
13063,23.01.2012 05:00:00,-5.18,-3.68,-2.37,-0.93,-0.06
13064,23.01.2012 06:00:00,-5.12,-3.68,-2.37,-1,-0.06,3.543
13065,23.01.2012 07:00:00,-5.12,-3.68,-2.37,-1,-0.06
13066,23.01.2012 08:00:00,-5.12,-3.68,-2.37,-1,-0.06
13067,23.01.2012 09:00:00,-5.12,-3.68,-2.37,-1,-0.06
13068,23.01.2012 10:00:00,-5.12,-3.68,-2.43,-1,-0.06
13069,23.01.2012 11:00:00,-5.12,-3.68,-2.37,-1,-0.06
13070,23.01.2012 12:00:00,-5.12,-3.68,-2.37,-1,-0.06,3.544
13071,23.01.2012 13:00:00,-5.12,-3.68,-2.43,-1,-0.06
13072,23.01.2012 14:00:00,-5.12,-3.68,-2.43,-1,-0.06
13073,23.01.2012 15:00:00,-5.12,-3.68,-2.37,-1,-0.06
13074,23.01.2012 16:00:00,-5.12,-3.68,-2.43,-1.06,-0.06
13075,23.01.2012 17:00:00,-5.12,-3.68,-2.43,-1.06,-0.06
13076,23.01.2012 18:00:00,-5.12,-3.68,-2.43,-1,-0.06,3.549
13077,23.01.2012 19:00:00,-5.12,-3.68,-2.43,-1.06,-0.06
13078,23.01.2012 20:00:00,-5.12,-3.68,-2.43,-1,-0.06
13079,23.01.2012 21:00:00,-5.06,-3.68,-2.43,-1,-0.06
13080,23.01.2012 22:00:00,-5.12,-3.68,-2.43,-1.06,-0.06
13081,23.01.2012 23:00:00,-5.06,-3.68,-2.43,-1,-0.06
13082,24.01.2012 00:00:00,-5.06,-3.68,-2.43,-1.06,-0.06,3.548
13083,24.01.2012 01:00:00,-5.06,-3.68,-2.43,-1.06,-0.06
13084,24.01.2012 02:00:00,-5.06,-3.68,-2.43,-1.06,-0.06
13085,24.01.2012 03:00:00,-5.06,-3.68,-2.43,-1.06,-0.06
13086,24.01.2012 04:00:00,-5.06,-3.68,-2.43,-1.06,-0.06
13087,24.01.2012 05:00:00,-5.06,-3.68,-2.43,-1.06,-0.06
13088,24.01.2012 06:00:00,-5.06,-3.68,-2.43,-1.06,-0.06,3.549
13089,24.01.2012 07:00:00,-5.06,-3.68,-2.43,-1.06,-0.06
13090,24.01.2012 08:00:00,-5.06,-3.68,-2.43,-1.12,-0.06
13091,24.01.2012 09:00:00,-5.06,-3.68,-2.43,-1.06,-0.06
13092,24.01.2012 10:00:00,-5.06,-3.68,-2.43,-1.12,-0.06
13093,24.01.2012 11:00:00,-5.06,-3.68,-2.43,-1.06,-0.06
13094,24.01.2012 12:00:00,-5,-3.68,-2.43,-1.06,-0.06,3.543
13095,24.01.2012 13:00:00,-5.06,-3.68,-2.43,-1.12,-0.06
13096,24.01.2012 14:00:00,-5,-3.68,-2.43,-1.12,-0.06
13097,24.01.2012 15:00:00,-5.06,-3.68,-2.5,-1.06,-0.06
13098,24.01.2012 16:00:00,-5,-3.68,-2.43,-1.12,-0.06
13099,24.01.2012 17:00:00,-5,-3.68,-2.5,-1.12,-0.06
13100,24.01.2012 18:00:00,-5,-3.68,-2.43,-1.12,-0.06,3.549
13101,24.01.2012 19:00:00,-5,-3.68,-2.5,-1.12,-0.06
13102,24.01.2012 20:00:00,-5,-3.68,-2.43,-1.12,-0.06
13103,24.01.2012 21:00:00,-5,-3.68,-2.5,-1.12,-0.06
13104,24.01.2012 22:00:00,-5,-3.68,-2.5,-1.12,-0.06
13105,24.01.2012 23:00:00,-5,-3.68,-2.43,-1.12,-0.06
13106,25.01.2012 00:00:00,-5,-3.68,-2.43,-1.12,-0.06,3.547
13107,25.01.2012 01:00:00,-5,-3.68,-2.5,-1.12,-0.06
13108,25.01.2012 02:00:00,-5,-3.68,-2.5,-1.12,-0.06
13109,25.01.2012 03:00:00,-5.06,-3.68,-2.5,-1.12,-0.06
13110,25.01.2012 04:00:00,-5,-3.68,-2.5,-1.12,-0.06
13111,25.01.2012 05:00:00,-5.06,-3.68,-2.5,-1.12,-0.06
13112,25.01.2012 06:00:00,-5,-3.68,-2.5,-1.12,-0.06,3.549
13113,25.01.2012 07:00:00,-5,-3.68,-2.5,-1.12,-0.06
13114,25.01.2012 08:00:00,-5,-3.68,-2.5,-1.18,-0.06
13115,25.01.2012 09:00:00,-5,-3.68,-2.5,-1.12,-0.06
13116,25.01.2012 10:00:00,-5,-3.68,-2.5,-1.18,-0.06
13117,25.01.2012 11:00:00,-5,-3.68,-2.5,-1.12,-0.06
13118,25.01.2012 12:00:00,-5,-3.68,-2.5,-1.12,-0.06,3.546
13119,25.01.2012 13:00:00,-5,-3.68,-2.5,-1.18,-0.06
13120,25.01.2012 14:00:00,-5,-3.68,-2.5,-1.18,-0.06
13121,25.01.2012 15:00:00,-5,-3.68,-2.5,-1.18,-0.06
13122,25.01.2012 16:00:00,-5,-3.68,-2.5,-1.18,-0.06
13123,25.01.2012 17:00:00,-5,-3.68,-2.5,-1.18,-0.06
13124,25.01.2012 18:00:00,-5,-3.68,-2.5,-1.18,-0.06,3.549
13125,25.01.2012 19:00:00,-5,-3.68,-2.5,-1.18,-0.06
13126,25.01.2012 20:00:00,-5,-3.68,-2.5,-1.18,-0.06
13127,25.01.2012 21:00:00,-5,-3.68,-2.5,-1.18,-0.06
13128,25.01.2012 22:00:00,-5,-3.68,-2.5,-1.18,-0.06
13129,25.01.2012 23:00:00,-5,-3.68,-2.5,-1.18,-0.06
13130,26.01.2012 00:00:00,-5,-3.68,-2.5,-1.18,-0.06,3.543
13131,26.01.2012 01:00:00,-5,-3.68,-2.5,-1.18,-0.06
13132,26.01.2012 02:00:00,-5,-3.68,-2.5,-1.25,-0.06
13133,26.01.2012 03:00:00,-5,-3.68,-2.5,-1.25,-0.06
13134,26.01.2012 04:00:00,-5,-3.68,-2.5,-1.18,-0.06
13135,26.01.2012 05:00:00,-5,-3.68,-2.5,-1.18,-0.06
13136,26.01.2012 06:00:00,-4.93,-3.68,-2.5,-1.18,-0.06,3.544
13137,26.01.2012 07:00:00,-5,-3.68,-2.5,-1.25,-0.06
13138,26.01.2012 08:00:00,-4.93,-3.68,-2.5,-1.25,-0.06
13139,26.01.2012 09:00:00,-5,-3.68,-2.56,-1.25,-0.06
13140,26.01.2012 10:00:00,-5,-3.68,-2.5,-1.25,-0.06
13141,26.01.2012 11:00:00,-5,-3.68,-2.5,-1.25,-0.06
13142,26.01.2012 12:00:00,-5,-3.68,-2.56,-1.25,-0.06,3.547
13143,26.01.2012 13:00:00,-5,-3.68,-2.5,-1.25,-0.06
13144,26.01.2012 14:00:00,-5,-3.68,-2.5,-1.25,-0.06
13145,26.01.2012 15:00:00,-5,-3.68,-2.5,-1.25,-0.06
13146,26.01.2012 16:00:00,-5,-3.68,-2.5,-1.25,-0.06
13147,26.01.2012 17:00:00,-5,-3.68,-2.56,-1.25,-0.06
13148,26.01.2012 18:00:00,-5,-3.68,-2.56,-1.25,-0.06,3.544
13149,26.01.2012 19:00:00,-5,-3.68,-2.5,-1.25,-0.06
13150,26.01.2012 20:00:00,-5,-3.68,-2.5,-1.25,-0.06
13151,26.01.2012 21:00:00,-5,-3.68,-2.56,-1.25,-0.06
13152,26.01.2012 22:00:00,-5,-3.68,-2.5,-1.25,-0.06
13153,26.01.2012 23:00:00,-5,-3.68,-2.5,-1.25,-0.06
13154,27.01.2012 00:00:00,-5,-3.68,-2.56,-1.25,-0.06,3.544
13155,27.01.2012 01:00:00,-5,-3.68,-2.56,-1.25,-0.06
13156,27.01.2012 02:00:00,-5,-3.68,-2.56,-1.25,-0.06
13157,27.01.2012 03:00:00,-5,-3.68,-2.56,-1.25,-0.06
13158,27.01.2012 04:00:00,-5,-3.68,-2.56,-1.25,-0.06
13159,27.01.2012 05:00:00,-5,-3.68,-2.56,-1.25,-0.06
13160,27.01.2012 06:00:00,-5,-3.68,-2.56,-1.31,-0.06,3.550
13161,27.01.2012 07:00:00,-5,-3.68,-2.56,-1.25,-0.06
13162,27.01.2012 08:00:00,-5,-3.68,-2.56,-1.31,-0.06
13163,27.01.2012 09:00:00,-5,-3.68,-2.56,-1.31,-0.06
13164,27.01.2012 10:00:00,-5,-3.68,-2.56,-1.31,-0.06
13165,27.01.2012 11:00:00,-5,-3.68,-2.5,-1.25,-0.06
13166,27.01.2012 12:00:00,-5,-3.68,-2.56,-1.31,-0.06,3.548
13167,27.01.2012 13:00:00,-5,-3.68,-2.56,-1.31,-0.06
13168,27.01.2012 14:00:00,-5,-3.68,-2.56,-1.31,-0.06
13169,27.01.2012 15:00:00,-5,-3.68,-2.56,-1.31,-0.06
13170,27.01.2012 16:00:00,-5,-3.68,-2.56,-1.31,-0.06
13171,27.01.2012 17:00:00,-5,-3.68,-2.56,-1.31,-0.06
13172,27.01.2012 18:00:00,-5,-3.68,-2.56,-1.31,-0.06,3.545
13173,27.01.2012 19:00:00,-5,-3.68,-2.56,-1.31,-0.06
13174,27.01.2012 20:00:00,-5,-3.68,-2.56,-1.31,-0.06
13175,27.01.2012 21:00:00,-5,-3.68,-2.56,-1.31,-0.06
13176,27.01.2012 22:00:00,-5,-3.68,-2.56,-1.31,-0.06
13177,27.01.2012 23:00:00,-5,-3.68,-2.56,-1.31,-0.06
13178,28.01.2012 00:00:00,-5,-3.68,-2.56,-1.31,-0.06,3.544
13179,28.01.2012 01:00:00,-5,-3.68,-2.56,-1.31,-0.06
13180,28.01.2012 02:00:00,-5,-3.68,-2.56,-1.31,-0.06
13181,28.01.2012 03:00:00,-5,-3.68,-2.56,-1.31,-0.06
13182,28.01.2012 04:00:00,-5,-3.68,-2.56,-1.31,0
13183,28.01.2012 05:00:00,-5,-3.68,-2.56,-1.31,-0.06
13184,28.01.2012 06:00:00,-5,-3.75,-2.56,-1.37,-0.06,3.545
13185,28.01.2012 07:00:00,-5,-3.68,-2.56,-1.31,-0.06
13186,28.01.2012 08:00:00,-5,-3.68,-2.56,-1.31,-0.06
13187,28.01.2012 09:00:00,-5.06,-3.68,-2.56,-1.31,-0.06
13188,28.01.2012 10:00:00,-5,-3.68,-2.62,-1.37,-0.06
13189,28.01.2012 11:00:00,-5,-3.68,-2.56,-1.31,-0.06
13190,28.01.2012 12:00:00,-5.06,-3.75,-2.56,-1.31,-0.06,3.544
13191,28.01.2012 13:00:00,-5.06,-3.68,-2.62,-1.31,-0.06
13192,28.01.2012 14:00:00,-5.06,-3.68,-2.62,-1.37,-0.06
13193,28.01.2012 15:00:00,-5.06,-3.68,-2.56,-1.31,-0.06
13194,28.01.2012 16:00:00,-5.06,-3.68,-2.62,-1.37,-0.06
13195,28.01.2012 17:00:00,-5.06,-3.68,-2.62,-1.37,-0.06
13196,28.01.2012 18:00:00,-5.06,-3.75,-2.62,-1.37,-0.06,3.549
13197,28.01.2012 19:00:00,-5.06,-3.75,-2.62,-1.37,-0.06
13198,28.01.2012 20:00:00,-5.06,-3.75,-2.62,-1.37,-0.06
13199,28.01.2012 21:00:00,-5.12,-3.75,-2.56,-1.37,-0.06
13200,28.01.2012 22:00:00,-5.12,-3.75,-2.62,-1.37,-0.06
13201,28.01.2012 23:00:00,-5.12,-3.75,-2.62,-1.37,-0.06
13202,29.01.2012 00:00:00,-5.12,-3.75,-2.62,-1.37,-0.06,3.543
13203,29.01.2012 01:00:00,-5.12,-3.75,-2.62,-1.37,-0.06
13204,29.01.2012 02:00:00,-5.12,-3.75,-2.62,-1.37,-0.06
13205,29.01.2012 03:00:00,-5.12,-3.75,-2.62,-1.37,-0.06
13206,29.01.2012 04:00:00,-5.12,-3.75,-2.62,-1.37,-0.06
13207,29.01.2012 05:00:00,-5.12,-3.81,-2.62,-1.37,-0.06
13208,29.01.2012 06:00:00,-5.18,-3.75,-2.62,-1.37,-0.06,3.547
13209,29.01.2012 07:00:00,-5.18,-3.75,-2.62,-1.37,-0.06
13210,29.01.2012 08:00:00,-5.12,-3.81,-2.62,-1.37,-0.06
13211,29.01.2012 09:00:00,-5.18,-3.81,-2.62,-1.37,-0.06
13212,29.01.2012 10:00:00,-5.18,-3.81,-2.62,-1.37,-0.06
13213,29.01.2012 11:00:00,-5.18,-3.81,-2.62,-1.37,-0.06
13214,29.01.2012 12:00:00,-5.18,-3.81,-2.62,-1.37,-0.06,3.549
13215,29.01.2012 13:00:00,-5.12,-3.81,-2.68,-1.43,-0.06
13216,29.01.2012 14:00:00,-5.18,-3.81,-2.68,-1.43,-0.06
13217,29.01.2012 15:00:00,-5.12,-3.81,-2.68,-1.37,-0.06
13218,29.01.2012 16:00:00,-5.18,-3.81,-2.68,-1.37,-0.06
13219,29.01.2012 17:00:00,-5.18,-3.81,-2.68,-1.43,-0.06
13220,29.01.2012 18:00:00,-5.18,-3.81,-2.62,-1.43,-0.06,3.543
13221,29.01.2012 19:00:00,-5.12,-3.81,-2.68,-1.37,-0.06
13222,29.01.2012 20:00:00,-5.12,-3.81,-2.62,-1.37,-0.06
13223,29.01.2012 21:00:00,-5.12,-3.81,-2.68,-1.43,-0.06
13224,29.01.2012 22:00:00,-5.18,-3.81,-2.68,-1.43,-0.06
13225,29.01.2012 23:00:00,-5.12,-3.81,-2.68,-1.43,-0.06
13226,30.01.2012 00:00:00,-5.12,-3.81,-2.68,-1.43,-0.06,3.549
13227,30.01.2012 01:00:00,-5.18,-3.81,-2.68,-1.43,-0.06
13228,30.01.2012 02:00:00,-5.12,-3.81,-2.68,-1.43,-0.06
13229,30.01.2012 03:00:00,-5.12,-3.81,-2.68,-1.43,-0.06
13230,30.01.2012 04:00:00,-5.12,-3.81,-2.68,-1.43,-0.06
13231,30.01.2012 05:00:00,-5.12,-3.81,-2.68,-1.43,-0.06
13232,30.01.2012 06:00:00,-5.12,-3.81,-2.68,-1.43,-0.06,3.543
13233,30.01.2012 07:00:00,-5.12,-3.87,-2.68,-1.43,-0.06
13234,30.01.2012 08:00:00,-5.12,-3.87,-2.68,-1.43,-0.06
13235,30.01.2012 09:00:00,-5.06,-3.81,-2.68,-1.43,-0.06
13236,30.01.2012 10:00:00,-5.12,-3.81,-2.68,-1.43,-0.06
13237,30.01.2012 11:00:00,-5.06,-3.81,-2.68,-1.43,-0.06
13238,30.01.2012 12:00:00,-5.06,-3.81,-2.68,-1.43,-0.06,3.548
13239,30.01.2012 13:00:00,-5.06,-3.81,-2.68,-1.43,-0.06
13240,30.01.2012 14:00:00,-5.06,-3.81,-2.68,-1.43,-0.06
13241,30.01.2012 15:00:00,-5.06,-3.81,-2.68,-1.43,-0.06
13242,30.01.2012 16:00:00,-5.06,-3.81,-2.68,-1.5,-0.06
13243,30.01.2012 17:00:00,-5.06,-3.81,-2.68,-1.43,-0.06
13244,30.01.2012 18:00:00,-5,-3.81,-2.68,-1.5,-0.06,3.544
13245,30.01.2012 19:00:00,-5,-3.81,-2.75,-1.43,-0.06
13246,30.01.2012 20:00:00,-5,-3.81,-2.68,-1.43,-0.06
13247,30.01.2012 21:00:00,-5,-3.81,-2.68,-1.43,-0.06
13248,30.01.2012 22:00:00,-5,-3.81,-2.68,-1.5,-0.06
13249,30.01.2012 23:00:00,-4.93,-3.75,-2.68,-1.5,-0.06
13250,31.01.2012 00:00:00,-5,-3.81,-2.68,-1.5,-0.06,3.546
13251,31.01.2012 01:00:00,-4.93,-3.75,-2.68,-1.5,-0.06
13252,31.01.2012 02:00:00,-4.93,-3.75,-2.75,-1.5,-0.06
13253,31.01.2012 03:00:00,-4.93,-3.75,-2.68,-1.5,-0.06
13254,31.01.2012 04:00:00,-4.93,-3.75,-2.68,-1.5,-0.06
13255,31.01.2012 05:00:00,-4.87,-3.75,-2.68,-1.5,-0.06
13256,31.01.2012 06:00:00,-4.93,-3.75,-2.68,-1.5,-0.06,3.546
13257,31.01.2012 07:00:00,-4.87,-3.75,-2.68,-1.5,-0.06
13258,31.01.2012 08:00:00,-4.87,-3.75,-2.68,-1.5,-0.06
13259,31.01.2012 09:00:00,-4.87,-3.68,-2.68,-1.5,-0.06
13260,31.01.2012 10:00:00,-4.87,-3.75,-2.68,-1.5,-0.06
13261,31.01.2012 11:00:00,-4.87,-3.75,-2.68,-1.5,-0.06
13262,31.01.2012 12:00:00,-4.81,-3.68,-2.68,-1.5,-0.06,3.550
13263,31.01.2012 13:00:00,-4.81,-3.68,-2.68,-1.5,-0.06
13264,31.01.2012 14:00:00,-4.81,-3.68,-2.68,-1.5,-0.06
13265,31.01.2012 15:00:00,-4.81,-3.68,-2.68,-1.5,-0.06
13266,31.01.2012 16:00:00,-4.81,-3.68,-2.68,-1.5,-0.06
13267,31.01.2012 17:00:00,-4.75,-3.68,-2.68,-1.5,-0.06
13268,31.01.2012 18:00:00,-4.81,-3.68,-2.68,-1.5,-0.06,3.551
13269,31.01.2012 19:00:00,-4.75,-3.68,-2.68,-1.5,-0.06
13270,31.01.2012 20:00:00,-4.75,-3.68,-2.68,-1.5,-0.06
13271,31.01.2012 21:00:00,-4.75,-3.68,-2.68,-1.5,-0.06
13272,31.01.2012 22:00:00,-4.75,-3.68,-2.68,-1.5,-0.06
13273,31.01.2012 23:00:00,-4.75,-3.62,-2.68,-1.5,-0.06
13274,01.02.2012 00:00:00,-4.75,-3.62,-2.68,-1.5,-0.06,3.551
13275,01.02.2012 01:00:00,-4.75,-3.62,-2.62,-1.5,-0.06
13276,01.02.2012 02:00:00,-4.75,-3.62,-2.68,-1.5,-0.06
13277,01.02.2012 03:00:00,-4.75,-3.62,-2.68,-1.5,-0.06
13278,01.02.2012 04:00:00,-4.75,-3.62,-2.68,-1.5,-0.06
13279,01.02.2012 05:00:00,-4.75,-3.62,-2.68,-1.5,-0.06
13280,01.02.2012 06:00:00,-4.68,-3.62,-2.62,-1.56,-0.06,3.547
13281,01.02.2012 07:00:00,-4.68,-3.62,-2.62,-1.5,-0.06
13282,01.02.2012 08:00:00,-4.75,-3.62,-2.62,-1.56,-0.06
13283,01.02.2012 09:00:00,-4.68,-3.62,-2.62,-1.56,-0.06
13284,01.02.2012 10:00:00,-4.68,-3.62,-2.62,-1.56,-0.06
13285,01.02.2012 11:00:00,-4.68,-3.62,-2.62,-1.56,-0.06
13286,01.02.2012 12:00:00,-4.68,-3.62,-2.62,-1.5,-0.06,3.551
13287,01.02.2012 13:00:00,-4.68,-3.56,-2.62,-1.5,-0.06
13288,01.02.2012 14:00:00,-4.68,-3.56,-2.62,-1.5,-0.06
13289,01.02.2012 15:00:00,-4.68,-3.56,-2.62,-1.5,-0.06
13290,01.02.2012 16:00:00,-4.68,-3.56,-2.62,-1.56,-0.06
13291,01.02.2012 17:00:00,-4.68,-3.56,-2.62,-1.5,-0.06
13292,01.02.2012 18:00:00,-4.68,-3.56,-2.62,-1.56,-0.06,3.550
13293,01.02.2012 19:00:00,-4.68,-3.62,-2.62,-1.5,-0.06
13294,01.02.2012 20:00:00,-4.68,-3.56,-2.62,-1.5,-0.06
13295,01.02.2012 21:00:00,-4.68,-3.56,-2.62,-1.5,-0.06
13296,01.02.2012 22:00:00,-4.68,-3.56,-2.62,-1.56,-0.06
13297,01.02.2012 23:00:00,-4.68,-3.56,-2.62,-1.56,-0.06
13298,02.02.2012 00:00:00,-4.75,-3.56,-2.62,-1.5,-0.06,3.552
13299,02.02.2012 01:00:00,-4.68,-3.56,-2.62,-1.5,-0.06
13300,02.02.2012 02:00:00,-4.68,-3.56,-2.62,-1.56,-0.06
13301,02.02.2012 03:00:00,-4.75,-3.56,-2.62,-1.56,-0.06
13302,02.02.2012 04:00:00,-4.75,-3.56,-2.62,-1.56,-0.06
13303,02.02.2012 05:00:00,-4.75,-3.56,-2.62,-1.56,-0.06
13304,02.02.2012 06:00:00,-4.75,-3.56,-2.62,-1.56,-0.06,3.550
13305,02.02.2012 07:00:00,-4.68,-3.56,-2.62,-1.56,-0.06
13306,02.02.2012 08:00:00,-4.68,-3.62,-2.62,-1.5,-0.06
13307,02.02.2012 09:00:00,-4.68,-3.56,-2.62,-1.56,-0.06
13308,02.02.2012 10:00:00,-4.68,-3.56,-2.62,-1.56,-0.06
13309,02.02.2012 11:00:00,-4.68,-3.56,-2.62,-1.56,-0.06
13310,02.02.2012 12:00:00,-4.68,-3.56,-2.62,-1.56,-0.06,3.552
13311,02.02.2012 13:00:00,-4.75,-3.56,-2.62,-1.56,-0.06
13312,02.02.2012 14:00:00,-4.75,-3.56,-2.62,-1.56,-0.06
13313,02.02.2012 15:00:00,-4.68,-3.56,-2.62,-1.56,-0.06
13314,02.02.2012 16:00:00,-4.68,-3.56,-2.62,-1.56,-0.06
13315,02.02.2012 17:00:00,-4.75,-3.56,-2.62,-1.56,-0.06
13316,02.02.2012 18:00:00,-4.75,-3.62,-2.62,-1.56,-0.06,3.546
13317,02.02.2012 19:00:00,-4.75,-3.56,-2.62,-1.56,-0.12
13318,02.02.2012 20:00:00,-4.75,-3.56,-2.62,-1.56,-0.06
13319,02.02.2012 21:00:00,-4.68,-3.56,-2.62,-1.56,-0.06
13320,02.02.2012 22:00:00,-4.68,-3.56,-2.62,-1.56,-0.06
13321,02.02.2012 23:00:00,-4.75,-3.56,-2.62,-1.56,-0.06
13322,03.02.2012 00:00:00,-4.68,-3.56,-2.62,-1.56,-0.06,3.547
13323,03.02.2012 01:00:00,-4.68,-3.56,-2.62,-1.56,-0.12
13324,03.02.2012 02:00:00,-4.68,-3.56,-2.62,-1.56,-0.12
13325,03.02.2012 03:00:00,-4.68,-3.56,-2.62,-1.56,-0.12
13326,03.02.2012 04:00:00,-4.68,-3.56,-2.62,-1.56,-0.06
13327,03.02.2012 05:00:00,-4.68,-3.56,-2.62,-1.56,-0.12
13328,03.02.2012 06:00:00,-4.68,-3.56,-2.62,-1.56,-0.12,3.549
13329,03.02.2012 07:00:00,-4.68,-3.56,-2.62,-1.56,-0.12
13330,03.02.2012 08:00:00,-4.68,-3.56,-2.62,-1.56,-0.06
13331,03.02.2012 09:00:00,-4.62,-3.56,-2.62,-1.56,-0.06
13332,03.02.2012 10:00:00,-4.68,-3.56,-2.62,-1.56,-0.06
13333,03.02.2012 11:00:00,-4.68,-3.56,-2.62,-1.56,-0.06
13334,03.02.2012 12:00:00,-4.62,-3.56,-2.62,-1.56,-0.12,3.548
13335,03.02.2012 13:00:00,-4.62,-3.56,-2.62,-1.56,-0.06
13336,03.02.2012 14:00:00,-4.62,-3.56,-2.62,-1.56,-0.06
13337,03.02.2012 15:00:00,-4.62,-3.56,-2.62,-1.56,-0.12
13338,03.02.2012 16:00:00,-4.62,-3.56,-2.62,-1.56,-0.12
13339,03.02.2012 17:00:00,-4.62,-3.56,-2.62,-1.56,-0.12
13340,03.02.2012 18:00:00,-4.62,-3.56,-2.62,-1.56,-0.12,3.547
13341,03.02.2012 19:00:00,-4.62,-3.5,-2.62,-1.56,-0.12
13342,03.02.2012 20:00:00,-4.62,-3.56,-2.62,-1.56,-0.06
13343,03.02.2012 21:00:00,-4.62,-3.56,-2.62,-1.56,-0.12
13344,03.02.2012 22:00:00,-4.62,-3.5,-2.56,-1.56,-0.12
13345,03.02.2012 23:00:00,-4.62,-3.5,-2.62,-1.56,-0.12
13346,04.02.2012 00:00:00,-4.62,-3.5,-2.62,-1.56,-0.12,3.554
13347,04.02.2012 01:00:00,-4.62,-3.5,-2.62,-1.56,-0.12
13348,04.02.2012 02:00:00,-4.62,-3.5,-2.62,-1.56,-0.12
13349,04.02.2012 03:00:00,-4.62,-3.5,-2.56,-1.56,-0.12
13350,04.02.2012 04:00:00,-4.56,-3.5,-2.62,-1.56,-0.12
13351,04.02.2012 05:00:00,-4.56,-3.5,-2.62,-1.56,-0.12
13352,04.02.2012 06:00:00,-4.56,-3.5,-2.62,-1.56,-0.12,3.552
13353,04.02.2012 07:00:00,-4.56,-3.5,-2.62,-1.56,-0.12
13354,04.02.2012 08:00:00,-4.56,-3.5,-2.56,-1.56,-0.12
13355,04.02.2012 09:00:00,-4.56,-3.5,-2.62,-1.56,-0.12
13356,04.02.2012 10:00:00,-4.56,-3.5,-2.62,-1.56,-0.12
13357,04.02.2012 11:00:00,-4.56,-3.5,-2.56,-1.56,-0.12
13358,04.02.2012 12:00:00,-4.5,-3.5,-2.56,-1.56,-0.12,3.549
13359,04.02.2012 13:00:00,-4.56,-3.5,-2.62,-1.56,-0.12
13360,04.02.2012 14:00:00,-4.5,-3.5,-2.56,-1.56,-0.12
13361,04.02.2012 15:00:00,-4.5,-3.5,-2.56,-1.56,-0.12
13362,04.02.2012 16:00:00,-4.5,-3.5,-2.62,-1.56,-0.12
13363,04.02.2012 17:00:00,-4.5,-3.43,-2.56,-1.56,-0.12
13364,04.02.2012 18:00:00,-4.5,-3.5,-2.56,-1.56,-0.12,3.550
13365,04.02.2012 19:00:00,-4.5,-3.43,-2.56,-1.56,-0.12
13366,04.02.2012 20:00:00,-4.5,-3.43,-2.56,-1.56,-0.12
13367,04.02.2012 21:00:00,-4.43,-3.43,-2.62,-1.56,-0.12
13368,04.02.2012 22:00:00,-4.43,-3.43,-2.56,-1.56,-0.12
13369,04.02.2012 23:00:00,-4.43,-3.43,-2.56,-1.56,-0.12
13370,05.02.2012 00:00:00,-4.43,-3.43,-2.62,-1.56,-0.12,3.549
13371,05.02.2012 01:00:00,-4.43,-3.43,-2.56,-1.56,-0.12
13372,05.02.2012 02:00:00,-4.43,-3.43,-2.56,-1.56,-0.12
13373,05.02.2012 03:00:00,-4.43,-3.43,-2.56,-1.56,-0.12
13374,05.02.2012 04:00:00,-4.43,-3.43,-2.56,-1.56,-0.12
13375,05.02.2012 05:00:00,-4.43,-3.43,-2.56,-1.56,-0.12
13376,05.02.2012 06:00:00,-4.43,-3.43,-2.56,-1.56,-0.12,3.550
13377,05.02.2012 07:00:00,-4.43,-3.43,-2.56,-1.56,-0.12
13378,05.02.2012 08:00:00,-4.37,-3.43,-2.56,-1.56,-0.12
13379,05.02.2012 09:00:00,-4.37,-3.43,-2.56,-1.56,-0.12
13380,05.02.2012 10:00:00,-4.37,-3.37,-2.56,-1.56,-0.12
13381,05.02.2012 11:00:00,-4.37,-3.37,-2.56,-1.62,-0.12
13382,05.02.2012 12:00:00,-4.37,-3.37,-2.56,-1.56,-0.12,3.555
13383,05.02.2012 13:00:00,-4.37,-3.37,-2.56,-1.56,-0.12
13384,05.02.2012 14:00:00,-4.31,-3.37,-2.56,-1.56,-0.12
13385,05.02.2012 15:00:00,-4.31,-3.37,-2.56,-1.62,-0.12
13386,05.02.2012 16:00:00,-4.31,-3.37,-2.56,-1.56,-0.12
13387,05.02.2012 17:00:00,-4.31,-3.37,-2.56,-1.56,-0.12
13388,05.02.2012 18:00:00,-4.31,-3.37,-2.56,-1.56,-0.12,3.553
13389,05.02.2012 19:00:00,-4.31,-3.37,-2.56,-1.56,-0.12
13390,05.02.2012 20:00:00,-4.31,-3.31,-2.56,-1.56,-0.12
13391,05.02.2012 21:00:00,-4.31,-3.31,-2.56,-1.56,-0.12
13392,05.02.2012 22:00:00,-4.31,-3.31,-2.56,-1.62,-0.12
13393,05.02.2012 23:00:00,-4.31,-3.31,-2.5,-1.62,-0.12
13394,06.02.2012 00:00:00,-4.25,-3.31,-2.5,-1.56,-0.12,3.556
13395,06.02.2012 01:00:00,-4.25,-3.31,-2.5,-1.56,-0.12
13396,06.02.2012 02:00:00,-4.25,-3.31,-2.5,-1.56,-0.12
13397,06.02.2012 03:00:00,-4.25,-3.31,-2.5,-1.56,-0.12
13398,06.02.2012 04:00:00,-4.25,-3.31,-2.5,-1.56,-0.12
13399,06.02.2012 05:00:00,-4.25,-3.31,-2.5,-1.56,-0.12
13400,06.02.2012 06:00:00,-4.25,-3.31,-2.5,-1.56,-0.18,3.559
13401,06.02.2012 07:00:00,-4.25,-3.31,-2.5,-1.56,-0.18
13402,06.02.2012 08:00:00,-4.25,-3.31,-2.5,-1.56,-0.12
13403,06.02.2012 09:00:00,-4.25,-3.25,-2.5,-1.56,-0.12
13404,06.02.2012 10:00:00,-4.25,-3.31,-2.5,-1.56,-0.18
13405,06.02.2012 11:00:00,-4.25,-3.31,-2.5,-1.62,-0.12
13406,06.02.2012 12:00:00,-4.25,-3.31,-2.5,-1.56,-0.18,3.552
13407,06.02.2012 13:00:00,-4.18,-3.25,-2.5,-1.56,-0.18
13408,06.02.2012 14:00:00,-4.25,-3.25,-2.5,-1.56,-0.12
13409,06.02.2012 15:00:00,-4.18,-3.25,-2.5,-1.56,-0.18
13410,06.02.2012 16:00:00,-4.18,-3.25,-2.5,-1.56,-0.18
13411,06.02.2012 17:00:00,-4.18,-3.25,-2.5,-1.56,-0.18
13412,06.02.2012 18:00:00,-4.18,-3.25,-2.5,-1.56,-0.12,3.558
13413,06.02.2012 19:00:00,-4.18,-3.25,-2.5,-1.56,-0.12
13414,06.02.2012 20:00:00,-4.25,-3.25,-2.5,-1.56,-0.18
13415,06.02.2012 21:00:00,-4.18,-3.25,-2.5,-1.56,-0.18
13416,06.02.2012 22:00:00,-4.18,-3.25,-2.43,-1.56,-0.18
13417,06.02.2012 23:00:00,-4.18,-3.25,-2.43,-1.56,-0.12
13418,07.02.2012 00:00:00,-4.18,-3.25,-2.5,-1.56,-0.12,3.552
13419,07.02.2012 01:00:00,-4.18,-3.25,-2.43,-1.56,-0.12
13420,07.02.2012 02:00:00,-4.18,-3.25,-2.43,-1.56,-0.18
13421,07.02.2012 03:00:00,-4.18,-3.25,-2.43,-1.56,-0.18
13422,07.02.2012 04:00:00,-4.18,-3.25,-2.43,-1.56,-0.18
13423,07.02.2012 05:00:00,-4.18,-3.25,-2.43,-1.56,-0.18
13424,07.02.2012 06:00:00,-4.18,-3.25,-2.43,-1.56,-0.18,3.556
13425,07.02.2012 07:00:00,-4.18,-3.25,-2.43,-1.56,-0.18
13426,07.02.2012 08:00:00,-4.18,-3.25,-2.43,-1.56,-0.18
13427,07.02.2012 09:00:00,-4.18,-3.18,-2.43,-1.56,-0.18
13428,07.02.2012 10:00:00,-4.18,-3.25,-2.43,-1.56,-0.18
13429,07.02.2012 11:00:00,-4.18,-3.25,-2.43,-1.56,-0.18
13430,07.02.2012 12:00:00,-4.18,-3.25,-2.43,-1.56,-0.18,3.551
13431,07.02.2012 13:00:00,-4.18,-3.18,-2.43,-1.56,-0.18
13432,07.02.2012 14:00:00,-4.18,-3.25,-2.43,-1.56,-0.18
13433,07.02.2012 15:00:00,-4.18,-3.25,-2.43,-1.56,-0.18
13434,07.02.2012 16:00:00,-4.25,-3.18,-2.43,-1.56,-0.18
13435,07.02.2012 17:00:00,-4.18,-3.18,-2.43,-1.56,-0.18
13436,07.02.2012 18:00:00,-4.18,-3.18,-2.43,-1.56,-0.18,3.553
13437,07.02.2012 19:00:00,-4.18,-3.25,-2.43,-1.56,-0.18
13438,07.02.2012 20:00:00,-4.18,-3.18,-2.43,-1.56,-0.18
13439,07.02.2012 21:00:00,-4.25,-3.18,-2.43,-1.56,-0.18
13440,07.02.2012 22:00:00,-4.18,-3.18,-2.37,-1.56,-0.18
13441,07.02.2012 23:00:00,-4.25,-3.18,-2.43,-1.56,-0.18
13442,08.02.2012 00:00:00,-4.25,-3.25,-2.43,-1.56,-0.18,3.551
13443,08.02.2012 01:00:00,-4.25,-3.18,-2.43,-1.56,-0.18
13444,08.02.2012 02:00:00,-4.25,-3.18,-2.43,-1.56,-0.18
13445,08.02.2012 03:00:00,-4.25,-3.25,-2.43,-1.56,-0.18
13446,08.02.2012 04:00:00,-4.25,-3.18,-2.43,-1.56,-0.18
13447,08.02.2012 05:00:00,-4.25,-3.25,-2.43,-1.56,-0.18
13448,08.02.2012 06:00:00,-4.25,-3.25,-2.43,-1.56,-0.18,3.557
13449,08.02.2012 07:00:00,-4.25,-3.25,-2.43,-1.56,-0.18
13450,08.02.2012 08:00:00,-4.25,-3.25,-2.43,-1.56,-0.18
13451,08.02.2012 09:00:00,-4.25,-3.25,-2.43,-1.56,-0.18
13452,08.02.2012 10:00:00,-4.25,-3.25,-2.43,-1.56,-0.18
13453,08.02.2012 11:00:00,-4.25,-3.25,-2.43,-1.56,-0.18
13454,08.02.2012 12:00:00,-4.25,-3.25,-2.43,-1.56,-0.18,3.555
13455,08.02.2012 13:00:00,-4.25,-3.18,-2.43,-1.56,-0.18
13456,08.02.2012 14:00:00,-4.25,-3.25,-2.43,-1.56,-0.18
13457,08.02.2012 15:00:00,-4.25,-3.25,-2.43,-1.56,-0.18
13458,08.02.2012 16:00:00,-4.25,-3.25,-2.43,-1.56,-0.18
13459,08.02.2012 17:00:00,-4.25,-3.25,-2.43,-1.56,-0.18
13460,08.02.2012 18:00:00,-4.25,-3.25,-2.43,-1.56,-0.25,3.557
13461,08.02.2012 19:00:00,-4.31,-3.25,-2.43,-1.56,-0.18
13462,08.02.2012 20:00:00,-4.31,-3.25,-2.43,-1.56,-0.18
13463,08.02.2012 21:00:00,-4.25,-3.25,-2.43,-1.56,-0.18
13464,08.02.2012 22:00:00,-4.31,-3.25,-2.43,-1.56,-0.18
13465,08.02.2012 23:00:00,-4.31,-3.25,-2.43,-1.56,-0.18
13466,09.02.2012 00:00:00,-4.31,-3.25,-2.43,-1.56,-0.18,3.550
13467,09.02.2012 01:00:00,-4.31,-3.25,-2.43,-1.56,-0.18
13468,09.02.2012 02:00:00,-4.31,-3.25,-2.43,-1.56,-0.18
13469,09.02.2012 03:00:00,-4.31,-3.25,-2.43,-1.56,-0.18
13470,09.02.2012 04:00:00,-4.31,-3.25,-2.43,-1.56,-0.18
13471,09.02.2012 05:00:00,-4.31,-3.25,-2.43,-1.56,-0.18
13472,09.02.2012 06:00:00,-4.31,-3.25,-2.43,-1.56,-0.18,3.556
13473,09.02.2012 07:00:00,-4.31,-3.25,-2.43,-1.56,-0.18
13474,09.02.2012 08:00:00,-4.31,-3.25,-2.43,-1.56,-0.18
13475,09.02.2012 09:00:00,-4.31,-3.25,-2.43,-1.56,-0.18
13476,09.02.2012 10:00:00,-4.31,-3.25,-2.43,-1.56,-0.25
13477,09.02.2012 11:00:00,-4.37,-3.25,-2.43,-1.56,-0.25
13478,09.02.2012 12:00:00,-4.37,-3.25,-2.43,-1.62,-0.25,3.553
13479,09.02.2012 13:00:00,-4.37,-3.25,-2.43,-1.56,-0.25
13480,09.02.2012 14:00:00,-4.37,-3.31,-2.43,-1.56,-0.25
13481,09.02.2012 15:00:00,-4.37,-3.25,-2.43,-1.56,-0.25
13482,09.02.2012 16:00:00,-4.37,-3.25,-2.43,-1.56,-0.25
13483,09.02.2012 17:00:00,-4.37,-3.31,-2.5,-1.56,-0.25
13484,09.02.2012 18:00:00,-4.37,-3.31,-2.5,-1.62,-0.25,3.553
13485,09.02.2012 19:00:00,-4.37,-3.31,-2.43,-1.56,-0.25
13486,09.02.2012 20:00:00,-4.43,-3.31,-2.43,-1.56,-0.25
13487,09.02.2012 21:00:00,-4.37,-3.31,-2.43,-1.56,-0.25
13488,09.02.2012 22:00:00,-4.43,-3.31,-2.5,-1.56,-0.25
13489,09.02.2012 23:00:00,-4.43,-3.31,-2.43,-1.56,-0.25
13490,10.02.2012 00:00:00,-4.43,-3.31,-2.5,-1.56,-0.25,3.551
13491,10.02.2012 01:00:00,-4.43,-3.31,-2.5,-1.56,-0.25
13492,10.02.2012 02:00:00,-4.5,-3.31,-2.43,-1.56,-0.25
13493,10.02.2012 03:00:00,-4.5,-3.31,-2.43,-1.56,-0.25
13494,10.02.2012 04:00:00,-4.5,-3.31,-2.5,-1.56,-0.25
13495,10.02.2012 05:00:00,-4.5,-3.37,-2.5,-1.56,-0.25
13496,10.02.2012 06:00:00,-4.5,-3.37,-2.5,-1.62,-0.25,3.554
13497,10.02.2012 07:00:00,-4.5,-3.31,-2.5,-1.56,-0.25
13498,10.02.2012 08:00:00,-4.5,-3.37,-2.5,-1.56,-0.25
13499,10.02.2012 09:00:00,-4.5,-3.37,-2.5,-1.56,-0.25
13500,10.02.2012 10:00:00,-4.5,-3.37,-2.5,-1.56,-0.25
13501,10.02.2012 11:00:00,-4.5,-3.37,-2.5,-1.56,-0.25
13502,10.02.2012 12:00:00,-4.56,-3.37,-2.5,-1.62,-0.25,3.548
13503,10.02.2012 13:00:00,-4.56,-3.37,-2.5,-1.56,-0.25
13504,10.02.2012 14:00:00,-4.56,-3.37,-2.5,-1.62,-0.25
13505,10.02.2012 15:00:00,-4.56,-3.37,-2.5,-1.56,-0.25
13506,10.02.2012 16:00:00,-4.56,-3.43,-2.5,-1.62,-0.25
13507,10.02.2012 17:00:00,-4.56,-3.37,-2.5,-1.62,-0.25
13508,10.02.2012 18:00:00,-4.56,-3.43,-2.5,-1.62,-0.25,3.548
13509,10.02.2012 19:00:00,-4.56,-3.43,-2.5,-1.62,-0.25
13510,10.02.2012 20:00:00,-4.56,-3.43,-2.56,-1.62,-0.25
13511,10.02.2012 21:00:00,-4.56,-3.43,-2.5,-1.62,-0.25
13512,10.02.2012 22:00:00,-4.56,-3.43,-2.56,-1.62,-0.25
13513,10.02.2012 23:00:00,-4.56,-3.43,-2.56,-1.62,-0.25
13514,11.02.2012 00:00:00,-4.56,-3.43,-2.56,-1.56,-0.25,3.550
13515,11.02.2012 01:00:00,-4.56,-3.43,-2.56,-1.62,-0.25
13516,11.02.2012 02:00:00,-4.56,-3.43,-2.5,-1.62,-0.25
13517,11.02.2012 03:00:00,-4.56,-3.43,-2.56,-1.62,-0.25
13518,11.02.2012 04:00:00,-4.56,-3.43,-2.56,-1.62,-0.25
13519,11.02.2012 05:00:00,-4.56,-3.43,-2.56,-1.62,-0.25
13520,11.02.2012 06:00:00,-4.56,-3.43,-2.56,-1.62,-0.25,3.548
13521,11.02.2012 07:00:00,-4.56,-3.43,-2.56,-1.62,-0.25
13522,11.02.2012 08:00:00,-4.56,-3.43,-2.56,-1.62,-0.25
13523,11.02.2012 09:00:00,-4.56,-3.43,-2.56,-1.62,-0.25
13524,11.02.2012 10:00:00,-4.56,-3.43,-2.56,-1.62,-0.25
13525,11.02.2012 11:00:00,-4.56,-3.43,-2.56,-1.62,-0.31
13526,11.02.2012 12:00:00,-4.56,-3.43,-2.56,-1.62,-0.31,3.548
13527,11.02.2012 13:00:00,-4.56,-3.43,-2.56,-1.62,-0.25
13528,11.02.2012 14:00:00,-4.56,-3.43,-2.56,-1.62,-0.25
13529,11.02.2012 15:00:00,-4.56,-3.43,-2.56,-1.62,-0.31
13530,11.02.2012 16:00:00,-4.56,-3.43,-2.56,-1.62,-0.25
13531,11.02.2012 17:00:00,-4.56,-3.43,-2.56,-1.62,-0.25
13532,11.02.2012 18:00:00,-4.5,-3.43,-2.62,-1.62,-0.31,3.554
13533,11.02.2012 19:00:00,-4.56,-3.5,-2.56,-1.62,-0.25
13534,11.02.2012 20:00:00,-4.56,-3.43,-2.56,-1.62,-0.25
13535,11.02.2012 21:00:00,-4.56,-3.43,-2.56,-1.62,-0.31
13536,11.02.2012 22:00:00,-4.56,-3.43,-2.56,-1.62,-0.31
13537,11.02.2012 23:00:00,-4.56,-3.43,-2.62,-1.68,-0.25
13538,12.02.2012 00:00:00,-4.56,-3.43,-2.56,-1.62,-0.31,3.553
13539,12.02.2012 01:00:00,-4.5,-3.43,-2.56,-1.62,-0.31
13540,12.02.2012 02:00:00,-4.5,-3.43,-2.56,-1.68,-0.31
13541,12.02.2012 03:00:00,-4.56,-3.43,-2.56,-1.68,-0.25
13542,12.02.2012 04:00:00,-4.5,-3.43,-2.56,-1.62,-0.31
13543,12.02.2012 05:00:00,-4.5,-3.43,-2.56,-1.68,-0.31
13544,12.02.2012 06:00:00,-4.5,-3.43,-2.56,-1.62,-0.31,3.549
13545,12.02.2012 07:00:00,-4.56,-3.43,-2.56,-1.68,-0.31
13546,12.02.2012 08:00:00,-4.5,-3.43,-2.56,-1.62,-0.31
13547,12.02.2012 09:00:00,-4.5,-3.43,-2.56,-1.68,-0.31
13548,12.02.2012 10:00:00,-4.5,-3.43,-2.56,-1.68,-0.31
13549,12.02.2012 11:00:00,-4.5,-3.43,-2.62,-1.68,-0.31
13550,12.02.2012 12:00:00,-4.5,-3.43,-2.56,-1.68,-0.31,3.549
13551,12.02.2012 13:00:00,-4.5,-3.43,-2.62,-1.68,-0.31
13552,12.02.2012 14:00:00,-4.5,-3.43,-2.62,-1.68,-0.31
13553,12.02.2012 15:00:00,-4.5,-3.43,-2.56,-1.68,-0.31
13554,12.02.2012 16:00:00,-4.5,-3.43,-2.56,-1.68,-0.31
13555,12.02.2012 17:00:00,-4.5,-3.43,-2.56,-1.68,-0.31
13556,12.02.2012 18:00:00,-4.5,-3.43,-2.62,-1.68,-0.31,3.549
13557,12.02.2012 19:00:00,-4.5,-3.43,-2.62,-1.68,-0.31
13558,12.02.2012 20:00:00,-4.5,-3.43,-2.62,-1.68,-0.31
13559,12.02.2012 21:00:00,-4.5,-3.43,-2.62,-1.68,-0.31
13560,12.02.2012 22:00:00,-4.5,-3.43,-2.56,-1.68,-0.31
13561,12.02.2012 23:00:00,-4.5,-3.43,-2.62,-1.68,-0.31
13562,13.02.2012 00:00:00,-4.56,-3.43,-2.62,-1.68,-0.31,3.549
13563,13.02.2012 01:00:00,-4.5,-3.43,-2.62,-1.68,-0.31
13564,13.02.2012 02:00:00,-4.5,-3.43,-2.62,-1.68,-0.31
13565,13.02.2012 03:00:00,-4.56,-3.43,-2.62,-1.68,-0.31
13566,13.02.2012 04:00:00,-4.5,-3.43,-2.62,-1.68,-0.31
13567,13.02.2012 05:00:00,-4.5,-3.5,-2.62,-1.68,-0.31
13568,13.02.2012 06:00:00,-4.56,-3.43,-2.62,-1.75,-0.31,3.554
13569,13.02.2012 07:00:00,-4.56,-3.5,-2.62,-1.68,-0.31
13570,13.02.2012 08:00:00,-4.56,-3.43,-2.62,-1.68,-0.31
13571,13.02.2012 09:00:00,-4.56,-3.43,-2.56,-1.68,-0.31
13572,13.02.2012 10:00:00,-4.56,-3.43,-2.62,-1.68,-0.31
13573,13.02.2012 11:00:00,-4.56,-3.5,-2.62,-1.68,-0.31
13574,13.02.2012 12:00:00,-4.56,-3.5,-2.62,-1.68,-0.31,3.549
13575,13.02.2012 13:00:00,-4.56,-3.43,-2.62,-1.68,-0.31
13576,13.02.2012 14:00:00,-4.56,-3.5,-2.56,-1.68,-0.31
13577,13.02.2012 15:00:00,-4.56,-3.5,-2.62,-1.68,-0.31
13578,13.02.2012 16:00:00,-4.62,-3.5,-2.62,-1.68,-0.31
13579,13.02.2012 17:00:00,-4.56,-3.5,-2.62,-1.68,-0.31
13580,13.02.2012 18:00:00,-4.62,-3.5,-2.62,-1.75,-0.31,3.553
13581,13.02.2012 19:00:00,-4.62,-3.5,-2.62,-1.68,-0.37
13582,13.02.2012 20:00:00,-4.62,-3.5,-2.62,-1.68,-0.31
13583,13.02.2012 21:00:00,-4.62,-3.5,-2.62,-1.75,-0.31
13584,13.02.2012 22:00:00,-4.62,-3.5,-2.62,-1.68,-0.31
13585,13.02.2012 23:00:00,-4.62,-3.5,-2.62,-1.68,-0.37
13586,14.02.2012 00:00:00,-4.62,-3.5,-2.62,-1.68,-0.37,3.554
13587,14.02.2012 01:00:00,-4.62,-3.5,-2.62,-1.68,-0.31
13588,14.02.2012 02:00:00,-4.68,-3.5,-2.62,-1.68,-0.37
13589,14.02.2012 03:00:00,-4.68,-3.5,-2.62,-1.75,-0.37
13590,14.02.2012 04:00:00,-4.68,-3.5,-2.62,-1.75,-0.37
13591,14.02.2012 05:00:00,-4.68,-3.5,-2.62,-1.75,-0.37
13592,14.02.2012 06:00:00,-4.68,-3.56,-2.62,-1.75,-0.37,3.547
13593,14.02.2012 07:00:00,-4.68,-3.5,-2.62,-1.68,-0.37
13594,14.02.2012 08:00:00,-4.68,-3.5,-2.62,-1.68,-0.37
13595,14.02.2012 09:00:00,-4.68,-3.56,-2.62,-1.75,-0.37
13596,14.02.2012 10:00:00,-4.75,-3.56,-2.68,-1.75,-0.37
13597,14.02.2012 11:00:00,-4.68,-3.56,-2.62,-1.68,-0.37
13598,14.02.2012 12:00:00,-4.68,-3.56,-2.68,-1.75,-0.37,3.553
13599,14.02.2012 13:00:00,-4.75,-3.56,-2.68,-1.75,-0.37
13600,14.02.2012 14:00:00,-4.75,-3.56,-2.68,-1.75,-0.37
13601,14.02.2012 15:00:00,-4.75,-3.56,-2.68,-1.75,-0.37
13602,14.02.2012 16:00:00,-4.75,-3.56,-2.68,-1.75,-0.37
13603,14.02.2012 17:00:00,-4.75,-3.56,-2.68,-1.75,-0.37
13604,14.02.2012 18:00:00,-4.75,-3.62,-2.68,-1.75,-0.37,3.548
13605,14.02.2012 19:00:00,-4.75,-3.56,-2.68,-1.75,-0.37
13606,14.02.2012 20:00:00,-4.75,-3.56,-2.68,-1.75,-0.37
13607,14.02.2012 21:00:00,-4.75,-3.62,-2.68,-1.75,-0.37
13608,14.02.2012 22:00:00,-4.75,-3.56,-2.68,-1.75,-0.37
13609,14.02.2012 23:00:00,-4.75,-3.62,-2.68,-1.75,-0.37
13610,15.02.2012 00:00:00,-4.75,-3.62,-2.68,-1.75,-0.37,3.551
13611,15.02.2012 01:00:00,-4.75,-3.62,-2.68,-1.75,-0.37
13612,15.02.2012 02:00:00,-4.81,-3.62,-2.68,-1.75,-0.37
13613,15.02.2012 03:00:00,-4.75,-3.62,-2.68,-1.75,-0.37
13614,15.02.2012 04:00:00,-4.81,-3.62,-2.75,-1.75,-0.37
13615,15.02.2012 05:00:00,-4.75,-3.62,-2.68,-1.75,-0.37
13616,15.02.2012 06:00:00,-4.81,-3.62,-2.75,-1.75,-0.37,3.547
13617,15.02.2012 07:00:00,-4.81,-3.62,-2.75,-1.75,-0.37
13618,15.02.2012 08:00:00,-4.75,-3.62,-2.68,-1.75,-0.37
13619,15.02.2012 09:00:00,-4.81,-3.68,-2.68,-1.81,-0.37
13620,15.02.2012 10:00:00,-4.81,-3.62,-2.68,-1.75,-0.37
13621,15.02.2012 11:00:00,-4.81,-3.62,-2.75,-1.81,-0.37
13622,15.02.2012 12:00:00,-4.81,-3.62,-2.68,-1.75,-0.37,3.546
13623,15.02.2012 13:00:00,-4.81,-3.62,-2.75,-1.75,-0.37
13624,15.02.2012 14:00:00,-4.81,-3.62,-2.68,-1.75,-0.37
13625,15.02.2012 15:00:00,-4.81,-3.62,-2.75,-1.81,-0.43
13626,15.02.2012 16:00:00,-4.81,-3.68,-2.75,-1.81,-0.37
13627,15.02.2012 17:00:00,-4.81,-3.68,-2.75,-1.75,-0.37
13628,15.02.2012 18:00:00,-4.75,-3.68,-2.75,-1.81,-0.37,3.546
13629,15.02.2012 19:00:00,-4.81,-3.62,-2.75,-1.81,-0.43
13630,15.02.2012 20:00:00,-4.81,-3.62,-2.75,-1.75,-0.43
13631,15.02.2012 21:00:00,-4.81,-3.62,-2.75,-1.81,-0.37
13632,15.02.2012 22:00:00,-4.81,-3.62,-2.75,-1.81,-0.43
13633,15.02.2012 23:00:00,-4.81,-3.62,-2.75,-1.75,-0.43
13634,16.02.2012 00:00:00,-4.81,-3.68,-2.75,-1.81,-0.37,3.552
13635,16.02.2012 01:00:00,-4.81,-3.68,-2.75,-1.81,-0.43
13636,16.02.2012 02:00:00,-4.81,-3.68,-2.75,-1.81,-0.43
13637,16.02.2012 03:00:00,-4.75,-3.68,-2.75,-1.81,-0.43
13638,16.02.2012 04:00:00,-4.81,-3.68,-2.75,-1.81,-0.43
13639,16.02.2012 05:00:00,-4.81,-3.68,-2.75,-1.81,-0.37
13640,16.02.2012 06:00:00,-4.81,-3.68,-2.75,-1.81,-0.43,3.551
13641,16.02.2012 07:00:00,-4.75,-3.68,-2.75,-1.81,-0.43
13642,16.02.2012 08:00:00,-4.81,-3.68,-2.75,-1.81,-0.43
13643,16.02.2012 09:00:00,-4.81,-3.68,-2.75,-1.81,-0.43
13644,16.02.2012 10:00:00,-4.81,-3.68,-2.75,-1.81,-0.43
13645,16.02.2012 11:00:00,-4.81,-3.68,-2.75,-1.81,-0.43
13646,16.02.2012 12:00:00,-4.81,-3.68,-2.81,-1.81,-0.43,3.552
13647,16.02.2012 13:00:00,-4.81,-3.68,-2.75,-1.81,-0.43
13648,16.02.2012 14:00:00,-4.81,-3.68,-2.81,-1.81,-0.43
13649,16.02.2012 15:00:00,-4.81,-3.68,-2.75,-1.81,-0.43
13650,16.02.2012 16:00:00,-4.81,-3.68,-2.81,-1.81,-0.43
13651,16.02.2012 17:00:00,-4.81,-3.68,-2.81,-1.81,-0.43
13652,16.02.2012 18:00:00,-4.81,-3.68,-2.81,-1.81,-0.43,3.546
13653,16.02.2012 19:00:00,-4.81,-3.68,-2.81,-1.81,-0.43
13654,16.02.2012 20:00:00,-4.81,-3.68,-2.75,-1.81,-0.43
13655,16.02.2012 21:00:00,-4.81,-3.68,-2.75,-1.81,-0.43
13656,16.02.2012 22:00:00,-4.81,-3.68,-2.75,-1.87,-0.43
13657,16.02.2012 23:00:00,-4.81,-3.68,-2.81,-1.81,-0.43
13658,17.02.2012 00:00:00,-4.81,-3.68,-2.81,-1.81,-0.43,3.552
13659,17.02.2012 01:00:00,-4.81,-3.68,-2.81,-1.81,-0.43
13660,17.02.2012 02:00:00,-4.81,-3.68,-2.81,-1.87,-0.43
13661,17.02.2012 03:00:00,-4.81,-3.68,-2.81,-1.87,-0.43
13662,17.02.2012 04:00:00,-4.87,-3.68,-2.81,-1.87,-0.43
13663,17.02.2012 05:00:00,-4.81,-3.68,-2.81,-1.87,-0.43
13664,17.02.2012 06:00:00,-4.87,-3.68,-2.81,-1.87,-0.43,3.549
13665,17.02.2012 07:00:00,-4.87,-3.68,-2.81,-1.87,-0.5
13666,17.02.2012 08:00:00,-4.81,-3.68,-2.75,-1.87,-0.43
13667,17.02.2012 09:00:00,-4.87,-3.75,-2.81,-1.87,-0.43
13668,17.02.2012 10:00:00,-4.87,-3.75,-2.81,-1.81,-0.43
13669,17.02.2012 11:00:00,-4.87,-3.68,-2.81,-1.87,-0.5
13670,17.02.2012 12:00:00,-4.87,-3.68,-2.81,-1.87,-0.43,3.552
13671,17.02.2012 13:00:00,-4.87,-3.75,-2.81,-1.87,-0.5
13672,17.02.2012 14:00:00,-4.87,-3.75,-2.81,-1.87,-0.5
13673,17.02.2012 15:00:00,-4.87,-3.75,-2.81,-1.87,-0.5
13674,17.02.2012 16:00:00,-4.87,-3.75,-2.81,-1.87,-0.5
13675,17.02.2012 17:00:00,-4.87,-3.75,-2.81,-1.87,-0.5
13676,17.02.2012 18:00:00,-4.87,-3.75,-2.87,-1.87,-0.5,3.548
13677,17.02.2012 19:00:00,-4.87,-3.75,-2.81,-1.87,-0.5
13678,17.02.2012 20:00:00,-4.87,-3.75,-2.81,-1.87,-0.43
13679,17.02.2012 21:00:00,-4.87,-3.75,-2.81,-1.87,-0.5
13680,17.02.2012 22:00:00,-4.87,-3.75,-2.81,-1.87,-0.5
13681,17.02.2012 23:00:00,-4.87,-3.75,-2.81,-1.87,-0.5
13682,18.02.2012 00:00:00,-4.87,-3.75,-2.81,-1.87,-0.5,3.550
13683,18.02.2012 01:00:00,-4.93,-3.75,-2.81,-1.87,-0.5
13684,18.02.2012 02:00:00,-4.93,-3.75,-2.81,-1.87,-0.5
13685,18.02.2012 03:00:00,-4.93,-3.75,-2.87,-1.87,-0.5
13686,18.02.2012 04:00:00,-4.93,-3.75,-2.81,-1.87,-0.5
13687,18.02.2012 05:00:00,-4.93,-3.75,-2.87,-1.87,-0.5
13688,18.02.2012 06:00:00,-4.93,-3.75,-2.87,-1.87,-0.5,3.544
13689,18.02.2012 07:00:00,-4.93,-3.75,-2.87,-1.87,-0.5
13690,18.02.2012 08:00:00,-4.93,-3.75,-2.87,-1.87,-0.5
13691,18.02.2012 09:00:00,-4.93,-3.75,-2.81,-1.87,-0.5
13692,18.02.2012 10:00:00,-4.93,-3.75,-2.87,-1.87,-0.5
13693,18.02.2012 11:00:00,-4.93,-3.81,-2.87,-1.93,-0.5
13694,18.02.2012 12:00:00,-4.93,-3.75,-2.87,-1.93,-0.5,3.545
13695,18.02.2012 13:00:00,-4.93,-3.81,-2.87,-1.93,-0.5
13696,18.02.2012 14:00:00,-4.93,-3.81,-2.87,-1.93,-0.5
13697,18.02.2012 15:00:00,-4.93,-3.81,-2.87,-1.93,-0.5
13698,18.02.2012 16:00:00,-4.93,-3.81,-2.87,-1.93,-0.5
13699,18.02.2012 17:00:00,-4.93,-3.81,-2.87,-1.87,-0.5
13700,18.02.2012 18:00:00,-4.93,-3.75,-2.87,-1.93,-0.5,3.548
13701,18.02.2012 19:00:00,-4.93,-3.81,-2.87,-1.93,-0.5
13702,18.02.2012 20:00:00,-4.93,-3.81,-2.87,-1.93,-0.5
13703,18.02.2012 21:00:00,-4.87,-3.81,-2.87,-1.93,-0.5
13704,18.02.2012 22:00:00,-4.93,-3.81,-2.87,-1.93,-0.56
13705,18.02.2012 23:00:00,-4.93,-3.81,-2.87,-1.93,-0.5
13706,19.02.2012 00:00:00,-4.93,-3.81,-2.87,-1.93,-0.5,3.549
13707,19.02.2012 01:00:00,-4.93,-3.81,-2.87,-1.93,-0.5
13708,19.02.2012 02:00:00,-4.93,-3.81,-2.87,-1.93,-0.5
13709,19.02.2012 03:00:00,-4.87,-3.75,-2.87,-1.93,-0.56
13710,19.02.2012 04:00:00,-4.87,-3.81,-2.93,-1.93,-0.5
13711,19.02.2012 05:00:00,-4.93,-3.81,-2.93,-1.93,-0.5
13712,19.02.2012 06:00:00,-4.87,-3.81,-2.87,-1.93,-0.5,3.545
13713,19.02.2012 07:00:00,-4.87,-3.81,-2.87,-1.93,-0.56
13714,19.02.2012 08:00:00,-4.87,-3.81,-2.93,-1.93,-0.56
13715,19.02.2012 09:00:00,-4.87,-3.81,-2.87,-1.93,-0.5
13716,19.02.2012 10:00:00,-4.87,-3.81,-2.87,-1.93,-0.56
13717,19.02.2012 11:00:00,-4.87,-3.81,-2.87,-1.93,-0.56
13718,19.02.2012 12:00:00,-4.87,-3.81,-2.87,-1.93,-0.56,3.552
13719,19.02.2012 13:00:00,-4.81,-3.81,-2.87,-1.93,-0.56
13720,19.02.2012 14:00:00,-4.87,-3.75,-2.87,-1.93,-0.56
13721,19.02.2012 15:00:00,-4.87,-3.81,-2.87,-1.93,-0.56
13722,19.02.2012 16:00:00,-4.81,-3.81,-2.93,-1.93,-0.56
13723,19.02.2012 17:00:00,-4.81,-3.75,-2.87,-1.93,-0.56
13724,19.02.2012 18:00:00,-4.81,-3.81,-2.87,-1.93,-0.56,3.550
13725,19.02.2012 19:00:00,-4.81,-3.75,-2.93,-1.93,-0.56
13726,19.02.2012 20:00:00,-4.81,-3.75,-2.87,-1.93,-0.56
13727,19.02.2012 21:00:00,-4.81,-3.75,-2.87,-2,-0.56
13728,19.02.2012 22:00:00,-4.81,-3.81,-2.93,-2,-0.56
13729,19.02.2012 23:00:00,-4.81,-3.81,-2.93,-1.93,-0.56
13730,20.02.2012 00:00:00,-4.81,-3.75,-2.93,-2,-0.56,3.547
13731,20.02.2012 01:00:00,-4.81,-3.75,-2.93,-2,-0.56
13732,20.02.2012 02:00:00,-4.81,-3.75,-2.87,-2,-0.56
13733,20.02.2012 03:00:00,-4.81,-3.75,-2.87,-2,-0.56
13734,20.02.2012 04:00:00,-4.81,-3.75,-2.93,-2,-0.56
13735,20.02.2012 05:00:00,-4.81,-3.75,-2.93,-2,-0.56
13736,20.02.2012 06:00:00,-4.81,-3.75,-2.93,-2,-0.56,3.547
13737,20.02.2012 07:00:00,-4.81,-3.75,-2.87,-2,-0.56
13738,20.02.2012 08:00:00,-4.81,-3.75,-2.87,-2,-0.56
13739,20.02.2012 09:00:00,-4.81,-3.75,-2.87,-2,-0.56
13740,20.02.2012 10:00:00,-4.75,-3.75,-2.87,-2,-0.56
13741,20.02.2012 11:00:00,-4.75,-3.75,-2.93,-2,-0.56
13742,20.02.2012 12:00:00,-4.75,-3.75,-2.87,-2,-0.62,3.547
13743,20.02.2012 13:00:00,-4.75,-3.75,-2.93,-2,-0.56
13744,20.02.2012 14:00:00,-4.75,-3.75,-2.87,-2,-0.62
13745,20.02.2012 15:00:00,-4.75,-3.75,-2.93,-2,-0.56
13746,20.02.2012 16:00:00,-4.68,-3.75,-2.87,-2,-0.56
13747,20.02.2012 17:00:00,-4.68,-3.75,-2.87,-2,-0.62
13748,20.02.2012 18:00:00,-4.68,-3.75,-2.93,-2,-0.56,3.548
13749,20.02.2012 19:00:00,-4.68,-3.68,-2.87,-2,-0.62
13750,20.02.2012 20:00:00,-4.68,-3.68,-2.87,-2,-0.62
13751,20.02.2012 21:00:00,-4.68,-3.75,-2.87,-2,-0.62
13752,20.02.2012 22:00:00,-4.68,-3.68,-2.87,-2,-0.62
13753,20.02.2012 23:00:00,-4.68,-3.75,-2.93,-2,-0.62
13754,21.02.2012 00:00:00,-4.68,-3.68,-2.93,-2,-0.62,3.552
13755,21.02.2012 01:00:00,-4.62,-3.68,-2.87,-2,-0.62
13756,21.02.2012 02:00:00,-4.62,-3.68,-2.87,-2,-0.62
13757,21.02.2012 03:00:00,-4.62,-3.68,-2.87,-2,-0.62
13758,21.02.2012 04:00:00,-4.62,-3.68,-2.87,-2,-0.62
13759,21.02.2012 05:00:00,-4.62,-3.68,-2.87,-2,-0.62
13760,21.02.2012 06:00:00,-4.62,-3.68,-2.87,-2,-0.62,3.549
13761,21.02.2012 07:00:00,-4.62,-3.68,-2.87,-2,-0.62
13762,21.02.2012 08:00:00,-4.62,-3.68,-2.87,-2,-0.62
13763,21.02.2012 09:00:00,-4.62,-3.62,-2.87,-2,-0.62
13764,21.02.2012 10:00:00,-4.56,-3.62,-2.87,-2,-0.62
13765,21.02.2012 11:00:00,-4.56,-3.68,-2.87,-2,-0.62
13766,21.02.2012 12:00:00,-4.56,-3.62,-2.87,-2,-0.62,3.555
13767,21.02.2012 13:00:00,-4.56,-3.68,-2.87,-2,-0.62
13768,21.02.2012 14:00:00,-4.56,-3.62,-2.87,-2,-0.62
13769,21.02.2012 15:00:00,-4.56,-3.62,-2.87,-2,-0.62
13770,21.02.2012 16:00:00,-4.56,-3.62,-2.87,-2,-0.62
13771,21.02.2012 17:00:00,-4.56,-3.62,-2.87,-2,-0.62
13772,21.02.2012 18:00:00,-4.56,-3.62,-2.87,-2,-0.62,3.555
13773,21.02.2012 19:00:00,-4.56,-3.62,-2.87,-2,-0.62
13774,21.02.2012 20:00:00,-4.56,-3.62,-2.87,-2,-0.68
13775,21.02.2012 21:00:00,-4.5,-3.62,-2.87,-2,-0.62
13776,21.02.2012 22:00:00,-4.5,-3.62,-2.87,-2,-0.62
13777,21.02.2012 23:00:00,-4.5,-3.62,-2.87,-2,-0.62
13778,22.02.2012 00:00:00,-4.56,-3.62,-2.81,-2,-0.62,3.549
13779,22.02.2012 01:00:00,-4.5,-3.62,-2.87,-2,-0.62
13780,22.02.2012 02:00:00,-4.5,-3.62,-2.87,-2,-0.62
13781,22.02.2012 03:00:00,-4.5,-3.56,-2.87,-2,-0.68
13782,22.02.2012 04:00:00,-4.5,-3.56,-2.81,-2,-0.62
13783,22.02.2012 05:00:00,-4.5,-3.56,-2.87,-2,-0.62
13784,22.02.2012 06:00:00,-4.5,-3.56,-2.81,-2,-0.68,3.554
13785,22.02.2012 07:00:00,-4.5,-3.56,-2.81,-2,-0.68
13786,22.02.2012 08:00:00,-4.5,-3.56,-2.81,-2,-0.68
13787,22.02.2012 09:00:00,-4.43,-3.56,-2.81,-2,-0.62
13788,22.02.2012 10:00:00,-4.43,-3.56,-2.81,-2.06,-0.68
13789,22.02.2012 11:00:00,-4.43,-3.56,-2.81,-2,-0.68
13790,22.02.2012 12:00:00,-4.5,-3.56,-2.81,-2,-0.68,3.549
13791,22.02.2012 13:00:00,-4.43,-3.56,-2.81,-2.06,-0.68
13792,22.02.2012 14:00:00,-4.43,-3.56,-2.81,-2,-0.68
13793,22.02.2012 15:00:00,-4.43,-3.56,-2.81,-2,-0.68
13794,22.02.2012 16:00:00,-4.43,-3.56,-2.81,-2,-0.68
13795,22.02.2012 17:00:00,-4.43,-3.56,-2.81,-2,-0.68
13796,22.02.2012 18:00:00,-4.43,-3.56,-2.81,-2,-0.68,3.556
13797,22.02.2012 19:00:00,-4.43,-3.56,-2.81,-2,-0.68
13798,22.02.2012 20:00:00,-4.43,-3.5,-2.81,-2,-0.68
13799,22.02.2012 21:00:00,-4.43,-3.5,-2.81,-2,-0.68
13800,22.02.2012 22:00:00,-4.43,-3.56,-2.81,-2,-0.68
13801,22.02.2012 23:00:00,-4.43,-3.5,-2.81,-2,-0.68
13802,23.02.2012 00:00:00,-4.43,-3.5,-2.81,-2,-0.68,3.550
13803,23.02.2012 01:00:00,-4.37,-3.5,-2.81,-2.06,-0.68
13804,23.02.2012 02:00:00,-4.43,-3.5,-2.81,-2,-0.68
13805,23.02.2012 03:00:00,-4.43,-3.5,-2.81,-2,-0.68
13806,23.02.2012 04:00:00,-4.37,-3.5,-2.75,-2,-0.68
13807,23.02.2012 05:00:00,-4.37,-3.5,-2.81,-2,-0.68
13808,23.02.2012 06:00:00,-4.37,-3.5,-2.81,-2,-0.68,3.550
13809,23.02.2012 07:00:00,-4.43,-3.5,-2.81,-2,-0.68
13810,23.02.2012 08:00:00,-4.37,-3.5,-2.81,-2,-0.68
13811,23.02.2012 09:00:00,-4.37,-3.5,-2.81,-2,-0.68
13812,23.02.2012 10:00:00,-4.37,-3.5,-2.81,-2,-0.68
13813,23.02.2012 11:00:00,-4.37,-3.5,-2.81,-2,-0.75
13814,23.02.2012 12:00:00,-4.37,-3.5,-2.81,-2,-0.75,3.551
13815,23.02.2012 13:00:00,-4.37,-3.5,-2.81,-2.06,-0.68
13816,23.02.2012 14:00:00,-4.37,-3.43,-2.81,-2,-0.75
13817,23.02.2012 15:00:00,-4.37,-3.5,-2.75,-2,-0.75
13818,23.02.2012 16:00:00,-4.37,-3.5,-2.75,-2,-0.68
13819,23.02.2012 17:00:00,-4.37,-3.5,-2.75,-2,-0.75
13820,23.02.2012 18:00:00,-4.37,-3.5,-2.75,-2,-0.75,3.555
13821,23.02.2012 19:00:00,-4.37,-3.5,-2.75,-2,-0.75
13822,23.02.2012 20:00:00,-4.37,-3.5,-2.81,-2,-0.75
13823,23.02.2012 21:00:00,-4.37,-3.5,-2.75,-2,-0.75
13824,23.02.2012 22:00:00,-4.37,-3.43,-2.75,-2,-0.75
13825,23.02.2012 23:00:00,-4.37,-3.5,-2.75,-2,-0.75
13826,24.02.2012 00:00:00,-4.37,-3.43,-2.81,-2,-0.75,3.556
13827,24.02.2012 01:00:00,-4.37,-3.43,-2.75,-2,-0.75
13828,24.02.2012 02:00:00,-4.37,-3.43,-2.75,-2.06,-0.75
13829,24.02.2012 03:00:00,-4.37,-3.43,-2.75,-2,-0.75
13830,24.02.2012 04:00:00,-4.37,-3.43,-2.81,-2,-0.75
13831,24.02.2012 05:00:00,-4.31,-3.43,-2.75,-2,-0.75
13832,24.02.2012 06:00:00,-4.37,-3.43,-2.75,-2,-0.75,3.556
13833,24.02.2012 07:00:00,-4.37,-3.43,-2.75,-2,-0.75
13834,24.02.2012 08:00:00,-4.37,-3.43,-2.75,-2,-0.75
13835,24.02.2012 09:00:00,-4.31,-3.43,-2.75,-2,-0.75
13836,24.02.2012 10:00:00,-4.31,-3.43,-2.75,-2,-0.75
13837,24.02.2012 11:00:00,-4.31,-3.43,-2.75,-2,-0.75
13838,24.02.2012 12:00:00,-4.31,-3.43,-2.75,-2,-0.75,3.550
13839,24.02.2012 13:00:00,-4.31,-3.43,-2.75,-2,-0.75
13840,24.02.2012 14:00:00,-4.31,-3.43,-2.75,-2,-0.75
13841,24.02.2012 15:00:00,-4.31,-3.43,-2.75,-2,-0.75
13842,24.02.2012 16:00:00,-4.31,-3.43,-2.75,-2,-0.75
13843,24.02.2012 17:00:00,-4.31,-3.43,-2.75,-2,-0.75
13844,24.02.2012 18:00:00,-4.31,-3.43,-2.75,-2,-0.75,3.556
13845,24.02.2012 19:00:00,-4.31,-3.43,-2.75,-2,-0.75
13846,24.02.2012 20:00:00,-4.31,-3.43,-2.75,-2,-0.75
13847,24.02.2012 21:00:00,-4.31,-3.43,-2.75,-2,-0.75
13848,24.02.2012 22:00:00,-4.31,-3.43,-2.75,-2,-0.75
13849,24.02.2012 23:00:00,-4.31,-3.43,-2.75,-2,-0.75
13850,25.02.2012 00:00:00,-4.31,-3.43,-2.75,-2,-0.75,3.554
13851,25.02.2012 01:00:00,-4.31,-3.43,-2.75,-2,-0.81
13852,25.02.2012 02:00:00,-4.37,-3.43,-2.75,-2,-0.75
13853,25.02.2012 03:00:00,-4.31,-3.43,-2.75,-2,-0.75
13854,25.02.2012 04:00:00,-4.37,-3.43,-2.75,-2,-0.81
13855,25.02.2012 05:00:00,-4.31,-3.43,-2.75,-2,-0.81
13856,25.02.2012 06:00:00,-4.31,-3.43,-2.75,-2,-0.75,3.556
13857,25.02.2012 07:00:00,-4.31,-3.43,-2.75,-2,-0.81
13858,25.02.2012 08:00:00,-4.31,-3.43,-2.75,-2,-0.81
13859,25.02.2012 09:00:00,-4.31,-3.43,-2.75,-2,-0.81
13860,25.02.2012 10:00:00,-4.37,-3.43,-2.75,-2,-0.81
13861,25.02.2012 11:00:00,-4.37,-3.43,-2.75,-2,-0.81
13862,25.02.2012 12:00:00,-4.31,-3.43,-2.75,-2,-0.81,3.553
13863,25.02.2012 13:00:00,-4.37,-3.43,-2.75,-2,-0.81
13864,25.02.2012 14:00:00,-4.37,-3.43,-2.75,-2,-0.81
13865,25.02.2012 15:00:00,-4.37,-3.43,-2.75,-2,-0.81
13866,25.02.2012 16:00:00,-4.31,-3.43,-2.75,-2,-0.81
13867,25.02.2012 17:00:00,-4.37,-3.43,-2.75,-2,-0.81
13868,25.02.2012 18:00:00,-4.37,-3.43,-2.75,-2,-0.81,3.557
13869,25.02.2012 19:00:00,-4.37,-3.43,-2.75,-2,-0.81
13870,25.02.2012 20:00:00,-4.37,-3.43,-2.68,-2,-0.81
13871,25.02.2012 21:00:00,-4.37,-3.43,-2.75,-2,-0.81
13872,25.02.2012 22:00:00,-4.37,-3.43,-2.75,-2,-0.81
13873,25.02.2012 23:00:00,-4.37,-3.43,-2.75,-2,-0.81
13874,26.02.2012 00:00:00,-4.37,-3.43,-2.75,-2,-0.81,3.550
13875,26.02.2012 01:00:00,-4.37,-3.43,-2.75,-2.06,-0.81
13876,26.02.2012 02:00:00,-4.37,-3.43,-2.75,-2,-0.81
13877,26.02.2012 03:00:00,-4.43,-3.43,-2.75,-2,-0.81
13878,26.02.2012 04:00:00,-4.43,-3.43,-2.75,-2.06,-0.81
13879,26.02.2012 05:00:00,-4.43,-3.43,-2.75,-2,-0.81
13880,26.02.2012 06:00:00,-4.43,-3.43,-2.75,-2,-0.81,3.551
13881,26.02.2012 07:00:00,-4.37,-3.43,-2.75,-2,-0.81
13882,26.02.2012 08:00:00,-4.43,-3.43,-2.75,-2,-0.81
13883,26.02.2012 09:00:00,-4.43,-3.43,-2.75,-2.06,-0.81
13884,26.02.2012 10:00:00,-4.43,-3.43,-2.75,-2,-0.81
13885,26.02.2012 11:00:00,-4.43,-3.43,-2.75,-2,-0.81
13886,26.02.2012 12:00:00,-4.43,-3.43,-2.75,-2,-0.81,3.552
13887,26.02.2012 13:00:00,-4.43,-3.43,-2.75,-2,-0.81
13888,26.02.2012 14:00:00,-4.43,-3.5,-2.75,-2.06,-0.81
13889,26.02.2012 15:00:00,-4.43,-3.43,-2.75,-2,-0.81
13890,26.02.2012 16:00:00,-4.43,-3.43,-2.75,-2,-0.87
13891,26.02.2012 17:00:00,-4.43,-3.5,-2.75,-2,-0.81
13892,26.02.2012 18:00:00,-4.43,-3.5,-2.75,-2,-0.81,3.550
13893,26.02.2012 19:00:00,-4.43,-3.5,-2.75,-2,-0.81
13894,26.02.2012 20:00:00,-4.5,-3.5,-2.75,-2,-0.87
13895,26.02.2012 21:00:00,-4.5,-3.5,-2.75,-2.06,-0.87
13896,26.02.2012 22:00:00,-4.43,-3.5,-2.75,-2.06,-0.87
13897,26.02.2012 23:00:00,-4.5,-3.5,-2.75,-2,-0.87
13898,27.02.2012 00:00:00,-4.43,-3.5,-2.75,-2.06,-0.87,3.549
13899,27.02.2012 01:00:00,-4.5,-3.5,-2.75,-2.06,-0.87
13900,27.02.2012 02:00:00,-4.43,-3.5,-2.75,-2.06,-0.81
13901,27.02.2012 03:00:00,-4.5,-3.5,-2.75,-2.06,-0.87
13902,27.02.2012 04:00:00,-4.5,-3.5,-2.75,-2.06,-0.87
13903,27.02.2012 05:00:00,-4.5,-3.5,-2.75,-2.06,-0.87
13904,27.02.2012 06:00:00,-4.5,-3.5,-2.75,-2.06,-0.87,3.556
13905,27.02.2012 07:00:00,-4.5,-3.5,-2.75,-2,-0.87
13906,27.02.2012 08:00:00,-4.5,-3.5,-2.75,-2.06,-0.87
13907,27.02.2012 09:00:00,-4.5,-3.5,-2.81,-2,-0.87
13908,27.02.2012 10:00:00,-4.5,-3.5,-2.75,-2.06,-0.87
13909,27.02.2012 11:00:00,-4.5,-3.5,-2.75,-2.06,-0.87
13910,27.02.2012 12:00:00,-4.5,-3.5,-2.81,-2.06,-0.87,3.553
13911,27.02.2012 13:00:00,-4.5,-3.5,-2.81,-2.06,-0.87
13912,27.02.2012 14:00:00,-4.5,-3.5,-2.81,-2.06,-0.87
13913,27.02.2012 15:00:00,-4.5,-3.5,-2.75,-2.06,-0.87
13914,27.02.2012 16:00:00,-4.5,-3.56,-2.81,-2.06,-0.87
13915,27.02.2012 17:00:00,-4.5,-3.5,-2.81,-2.06,-0.87
13916,27.02.2012 18:00:00,-4.5,-3.5,-2.81,-2.06,-0.87,3.550
13917,27.02.2012 19:00:00,-4.5,-3.56,-2.81,-2.06,-0.87
13918,27.02.2012 20:00:00,-4.5,-3.56,-2.81,-2.06,-0.87
13919,27.02.2012 21:00:00,-4.5,-3.56,-2.81,-2.06,-0.87
13920,27.02.2012 22:00:00,-4.5,-3.5,-2.81,-2.06,-0.87
13921,27.02.2012 23:00:00,-4.5,-3.5,-2.81,-2.06,-0.87
13922,28.02.2012 00:00:00,-4.5,-3.56,-2.81,-2.06,-0.87,3.550
13923,28.02.2012 01:00:00,-4.5,-3.56,-2.81,-2.06,-0.87
13924,28.02.2012 02:00:00,-4.5,-3.56,-2.81,-2.06,-0.87
13925,28.02.2012 03:00:00,-4.5,-3.56,-2.81,-2.06,-0.87
13926,28.02.2012 04:00:00,-4.5,-3.56,-2.81,-2.06,-0.93
13927,28.02.2012 05:00:00,-4.5,-3.56,-2.81,-2.06,-0.87
13928,28.02.2012 06:00:00,-4.5,-3.56,-2.81,-2.06,-0.87,3.550
13929,28.02.2012 07:00:00,-4.5,-3.5,-2.81,-2.06,-0.87
13930,28.02.2012 08:00:00,-4.5,-3.5,-2.81,-2.06,-0.87
13931,28.02.2012 09:00:00,-4.5,-3.5,-2.81,-2.06,-0.87
13932,28.02.2012 10:00:00,-4.43,-3.56,-2.81,-2.12,-0.87
13933,28.02.2012 11:00:00,-4.5,-3.56,-2.81,-2.06,-0.87
13934,28.02.2012 12:00:00,-4.5,-3.5,-2.81,-2.06,-0.93,3.550
13935,28.02.2012 13:00:00,-4.43,-3.5,-2.81,-2.06,-0.93
13936,28.02.2012 14:00:00,-4.43,-3.56,-2.81,-2.06,-0.93
13937,28.02.2012 15:00:00,-4.43,-3.5,-2.81,-2.06,-0.93
13938,28.02.2012 16:00:00,-4.43,-3.56,-2.81,-2.06,-0.93
13939,28.02.2012 17:00:00,-4.5,-3.56,-2.81,-2.06,-0.93
13940,28.02.2012 18:00:00,-4.43,-3.56,-2.81,-2.12,-0.93,3.554
13941,28.02.2012 19:00:00,-4.43,-3.5,-2.81,-2.06,-0.93
13942,28.02.2012 20:00:00,-4.43,-3.56,-2.81,-2.12,-0.93
13943,28.02.2012 21:00:00,-4.43,-3.5,-2.81,-2.06,-0.93
13944,28.02.2012 22:00:00,-4.43,-3.5,-2.81,-2.06,-0.93
13945,28.02.2012 23:00:00,-4.43,-3.5,-2.81,-2.06,-0.93
13946,29.02.2012 00:00:00,-4.43,-3.5,-2.81,-2.12,-0.93,3.551
13947,29.02.2012 01:00:00,-4.43,-3.5,-2.81,-2.06,-0.93
13948,29.02.2012 02:00:00,-4.43,-3.5,-2.81,-2.12,-0.93
13949,29.02.2012 03:00:00,-4.37,-3.5,-2.81,-2.06,-0.93
13950,29.02.2012 04:00:00,-4.43,-3.5,-2.81,-2.12,-0.93
13951,29.02.2012 05:00:00,-4.43,-3.5,-2.81,-2.12,-0.93
13952,29.02.2012 06:00:00,-4.37,-3.5,-2.81,-2.12,-0.93,3.556
13953,29.02.2012 07:00:00,-4.37,-3.5,-2.81,-2.12,-0.93
13954,29.02.2012 08:00:00,-4.37,-3.5,-2.81,-2.12,-0.93
13955,29.02.2012 09:00:00,-4.37,-3.5,-2.81,-2.12,-0.93
13956,29.02.2012 10:00:00,-4.37,-3.5,-2.81,-2.12,-0.93
13957,29.02.2012 11:00:00,-4.37,-3.5,-2.81,-2.12,-0.93
13958,29.02.2012 12:00:00,-4.37,-3.5,-2.81,-2.12,-0.93,3.556
13959,29.02.2012 13:00:00,-4.37,-3.5,-2.81,-2.06,-0.93
13960,29.02.2012 14:00:00,-4.37,-3.5,-2.81,-2.12,-0.93
13961,29.02.2012 15:00:00,-4.37,-3.5,-2.81,-2.12,-0.93
13962,29.02.2012 16:00:00,-4.37,-3.5,-2.81,-2.06,-1
13963,29.02.2012 17:00:00,-4.37,-3.5,-2.81,-2.12,-1
13964,29.02.2012 18:00:00,-4.31,-3.5,-2.81,-2.12,-1,3.552
13965,29.02.2012 19:00:00,-4.37,-3.5,-2.81,-2.12,-1
13966,29.02.2012 20:00:00,-4.31,-3.5,-2.81,-2.12,-1
13967,29.02.2012 21:00:00,-4.37,-3.43,-2.81,-2.12,-0.93
13968,29.02.2012 22:00:00,-4.31,-3.43,-2.81,-2.12,-1
13969,29.02.2012 23:00:00,-4.31,-3.5,-2.81,-2.12,-1
13970,01.03.2012 00:00:00,-4.31,-3.5,-2.81,-2.12,-1,3.556
13971,01.03.2012 01:00:00,-4.31,-3.43,-2.81,-2.12,-1
13972,01.03.2012 02:00:00,-4.37,-3.5,-2.81,-2.12,-1
13973,01.03.2012 03:00:00,-4.31,-3.43,-2.81,-2.12,-1
13974,01.03.2012 04:00:00,-4.31,-3.43,-2.81,-2.12,-1
13975,01.03.2012 05:00:00,-4.31,-3.43,-2.81,-2.12,-1
13976,01.03.2012 06:00:00,-4.31,-3.43,-2.81,-2.12,-1,3.553
13977,01.03.2012 07:00:00,-4.31,-3.5,-2.81,-2.12,-1
13978,01.03.2012 08:00:00,-4.31,-3.43,-2.81,-2.12,-1
13979,01.03.2012 09:00:00,-4.31,-3.43,-2.81,-2.12,-1
13980,01.03.2012 10:00:00,-4.31,-3.43,-2.81,-2.12,-1
13981,01.03.2012 11:00:00,-4.31,-3.43,-2.81,-2.12,-1
13982,01.03.2012 12:00:00,-4.31,-3.43,-2.81,-2.12,-1,3.556
13983,01.03.2012 13:00:00,-4.31,-3.43,-2.81,-2.12,-1
13984,01.03.2012 14:00:00,-4.31,-3.43,-2.81,-2.12,-1
13985,01.03.2012 15:00:00,-4.31,-3.43,-2.81,-2.12,-1
13986,01.03.2012 16:00:00,-4.31,-3.43,-2.81,-2.12,-1
13987,01.03.2012 17:00:00,-4.31,-3.43,-2.81,-2.12,-1
13988,01.03.2012 18:00:00,-4.31,-3.43,-2.81,-2.12,-1,3.551
13989,01.03.2012 19:00:00,-4.31,-3.43,-2.81,-2.12,-1
13990,01.03.2012 20:00:00,-4.31,-3.43,-2.81,-2.12,-1
13991,01.03.2012 21:00:00,-4.31,-3.43,-2.81,-2.12,-1
13992,01.03.2012 22:00:00,-4.31,-3.43,-2.81,-2.12,-1
13993,01.03.2012 23:00:00,-4.31,-3.43,-2.81,-2.12,-1
13994,02.03.2012 00:00:00,-4.31,-3.43,-2.81,-2.12,-1,3.552
13995,02.03.2012 01:00:00,-4.31,-3.43,-2.81,-2.12,-1.06
13996,02.03.2012 02:00:00,-4.31,-3.43,-2.81,-2.12,-1.06
13997,02.03.2012 03:00:00,-4.31,-3.43,-2.81,-2.12,-1.06
13998,02.03.2012 04:00:00,-4.31,-3.43,-2.81,-2.12,-1.06
13999,02.03.2012 05:00:00,-4.31,-3.43,-2.81,-2.12,-1.06
14000,02.03.2012 06:00:00,-4.31,-3.43,-2.81,-2.12,-1.06,3.551
14001,02.03.2012 07:00:00,-4.31,-3.43,-2.75,-2.12,-1.06
14002,02.03.2012 08:00:00,-4.31,-3.43,-2.81,-2.18,-1.06
14003,02.03.2012 09:00:00,-4.31,-3.43,-2.81,-2.12,-1.06
14004,02.03.2012 10:00:00,-4.31,-3.43,-2.81,-2.12,-1.06
14005,02.03.2012 11:00:00,-4.31,-3.43,-2.81,-2.12,-1.06
14006,02.03.2012 12:00:00,-4.31,-3.43,-2.81,-2.12,-1.06,3.557
14007,02.03.2012 13:00:00,-4.31,-3.43,-2.75,-2.12,-1.06
14008,02.03.2012 14:00:00,-4.31,-3.43,-2.81,-2.12,-1.06
14009,02.03.2012 15:00:00,-4.31,-3.43,-2.81,-2.12,-1.06
14010,02.03.2012 16:00:00,-4.31,-3.43,-2.81,-2.12,-1.06
14011,02.03.2012 17:00:00,-4.31,-3.43,-2.75,-2.12,-1.06
14012,02.03.2012 18:00:00,-4.31,-3.43,-2.81,-2.12,-1.06,3.556
14013,02.03.2012 19:00:00,-4.31,-3.43,-2.81,-2.12,-1.06
14014,02.03.2012 20:00:00,-4.31,-3.43,-2.81,-2.12,-1.06
14015,02.03.2012 21:00:00,-4.31,-3.43,-2.81,-2.12,-1.06
14016,02.03.2012 22:00:00,-4.31,-3.43,-2.81,-2.12,-1.06
14017,02.03.2012 23:00:00,-4.31,-3.43,-2.81,-2.12,-1.06
14018,03.03.2012 00:00:00,-4.31,-3.43,-2.81,-2.12,-1.06,3.553
14019,03.03.2012 01:00:00,-4.31,-3.43,-2.81,-2.12,-1.06
14020,03.03.2012 02:00:00,-4.31,-3.43,-2.81,-2.12,-1.06
14021,03.03.2012 03:00:00,-4.31,-3.43,-2.81,-2.12,-1.06
14022,03.03.2012 04:00:00,-4.31,-3.43,-2.81,-2.12,-1.06
14023,03.03.2012 05:00:00,-4.31,-3.43,-2.81,-2.18,-1.06
14024,03.03.2012 06:00:00,-4.31,-3.43,-2.81,-2.12,-1.06,3.551
14025,03.03.2012 07:00:00,-4.31,-3.43,-2.81,-2.12,-1.06
14026,03.03.2012 08:00:00,-4.31,-3.43,-2.81,-2.18,-1.06
14027,03.03.2012 09:00:00,-4.31,-3.43,-2.81,-2.18,-1.06
14028,03.03.2012 10:00:00,-4.31,-3.43,-2.81,-2.18,-1.12
14029,03.03.2012 11:00:00,-4.31,-3.43,-2.81,-2.12,-1.12
14030,03.03.2012 12:00:00,-4.31,-3.43,-2.81,-2.12,-1.06,3.556
14031,03.03.2012 13:00:00,-4.31,-3.43,-2.81,-2.18,-1.06
14032,03.03.2012 14:00:00,-4.31,-3.43,-2.81,-2.18,-1.12
14033,03.03.2012 15:00:00,-4.37,-3.43,-2.81,-2.18,-1.12
14034,03.03.2012 16:00:00,-4.31,-3.43,-2.81,-2.12,-1.12
14035,03.03.2012 17:00:00,-4.31,-3.43,-2.75,-2.12,-1.12
14036,03.03.2012 18:00:00,-4.31,-3.43,-2.81,-2.18,-1.12,3.555
14037,03.03.2012 19:00:00,-4.31,-3.43,-2.81,-2.18,-1.12
14038,03.03.2012 20:00:00,-4.31,-3.43,-2.81,-2.18,-1.12
14039,03.03.2012 21:00:00,-4.37,-3.43,-2.81,-2.18,-1.12
14040,03.03.2012 22:00:00,-4.37,-3.43,-2.81,-2.12,-1.12
14041,03.03.2012 23:00:00,-4.31,-3.43,-2.81,-2.18,-1.12
14042,04.03.2012 00:00:00,-4.31,-3.43,-2.81,-2.18,-1.12,3.555
14043,04.03.2012 01:00:00,-4.37,-3.43,-2.81,-2.18,-1.12
14044,04.03.2012 02:00:00,-4.37,-3.43,-2.81,-2.18,-1.12
14045,04.03.2012 03:00:00,-4.37,-3.43,-2.81,-2.18,-1.12
14046,04.03.2012 04:00:00,-4.37,-3.43,-2.81,-2.18,-1.12
14047,04.03.2012 05:00:00,-4.37,-3.43,-2.81,-2.12,-1.12
14048,04.03.2012 06:00:00,-4.37,-3.43,-2.81,-2.18,-1.12,3.554
14049,04.03.2012 07:00:00,-4.37,-3.5,-2.81,-2.18,-1.12
14050,04.03.2012 08:00:00,-4.37,-3.43,-2.81,-2.18,-1.12
14051,04.03.2012 09:00:00,-4.37,-3.43,-2.81,-2.18,-1.12
14052,04.03.2012 10:00:00,-4.37,-3.43,-2.81,-2.18,-1.12
14053,04.03.2012 11:00:00,-4.37,-3.5,-2.81,-2.18,-1.12
14054,04.03.2012 12:00:00,-4.37,-3.43,-2.81,-2.18,-1.12,3.557
14055,04.03.2012 13:00:00,-4.37,-3.43,-2.81,-2.18,-1.12
14056,04.03.2012 14:00:00,-4.37,-3.43,-2.81,-2.18,-1.12
14057,04.03.2012 15:00:00,-4.37,-3.5,-2.81,-2.18,-1.12
14058,04.03.2012 16:00:00,-4.37,-3.5,-2.81,-2.18,-1.12
14059,04.03.2012 17:00:00,-4.37,-3.5,-2.87,-2.18,-1.12
14060,04.03.2012 18:00:00,-4.37,-3.43,-2.81,-2.18,-1.12,3.551
14061,04.03.2012 19:00:00,-4.37,-3.5,-2.87,-2.18,-1.12
14062,04.03.2012 20:00:00,-4.37,-3.5,-2.81,-2.18,-1.12
14063,04.03.2012 21:00:00,-4.37,-3.5,-2.87,-2.18,-1.12
14064,04.03.2012 22:00:00,-4.37,-3.5,-2.81,-2.18,-1.12
14065,04.03.2012 23:00:00,-4.37,-3.5,-2.87,-2.18,-1.18
14066,05.03.2012 00:00:00,-4.37,-3.5,-2.81,-2.18,-1.12,3.550
14067,05.03.2012 01:00:00,-4.43,-3.5,-2.81,-2.18,-1.12
14068,05.03.2012 02:00:00,-4.37,-3.5,-2.81,-2.18,-1.18
14069,05.03.2012 03:00:00,-4.37,-3.5,-2.81,-2.18,-1.12
14070,05.03.2012 04:00:00,-4.43,-3.5,-2.81,-2.18,-1.12
14071,05.03.2012 05:00:00,-4.43,-3.5,-2.81,-2.18,-1.12
14072,05.03.2012 06:00:00,-4.43,-3.5,-2.81,-2.18,-1.18,3.553
14073,05.03.2012 07:00:00,-4.37,-3.5,-2.81,-2.18,-1.12
14074,05.03.2012 08:00:00,-4.43,-3.5,-2.87,-2.18,-1.12
14075,05.03.2012 09:00:00,-4.43,-3.5,-2.81,-2.18,-1.18
14076,05.03.2012 10:00:00,-4.43,-3.5,-2.81,-2.18,-1.12
14077,05.03.2012 11:00:00,-4.43,-3.5,-2.81,-2.18,-1.18
14078,05.03.2012 12:00:00,-4.43,-3.5,-2.87,-2.18,-1.18,3.551
14079,05.03.2012 13:00:00,-4.37,-3.5,-2.81,-2.18,-1.18
14080,05.03.2012 14:00:00,-4.43,-3.5,-2.87,-2.18,-1.18
14081,05.03.2012 15:00:00,-4.43,-3.5,-2.81,-2.18,-1.18
14082,05.03.2012 16:00:00,-4.43,-3.5,-2.87,-2.18,-1.18
14083,05.03.2012 17:00:00,-4.37,-3.5,-2.87,-2.18,-1.18
14084,05.03.2012 18:00:00,-4.37,-3.5,-2.87,-2.18,-1.18,3.551
14085,05.03.2012 19:00:00,-4.43,-3.5,-2.81,-2.18,-1.18
14086,05.03.2012 20:00:00,-4.37,-3.5,-2.87,-2.18,-1.18
14087,05.03.2012 21:00:00,-4.37,-3.5,-2.87,-2.25,-1.18
14088,05.03.2012 22:00:00,-4.37,-3.5,-2.87,-2.18,-1.18
14089,05.03.2012 23:00:00,-4.37,-3.5,-2.87,-2.25,-1.18
14090,06.03.2012 00:00:00,-4.37,-3.5,-2.87,-2.25,-1.18,3.556
14091,06.03.2012 01:00:00,-4.37,-3.5,-2.87,-2.18,-1.18
14092,06.03.2012 02:00:00,-4.37,-3.5,-2.87,-2.25,-1.18
14093,06.03.2012 03:00:00,-4.37,-3.5,-2.87,-2.18,-1.18
14094,06.03.2012 04:00:00,-4.37,-3.5,-2.87,-2.25,-1.18
14095,06.03.2012 05:00:00,-4.37,-3.5,-2.87,-2.25,-1.18
14096,06.03.2012 06:00:00,-4.37,-3.5,-2.87,-2.25,-1.18,3.555
14097,06.03.2012 07:00:00,-4.37,-3.5,-2.87,-2.18,-1.18
14098,06.03.2012 08:00:00,-4.37,-3.5,-2.87,-2.25,-1.18
14099,06.03.2012 09:00:00,-4.37,-3.5,-2.87,-2.25,-1.18
14100,06.03.2012 10:00:00,-4.37,-3.5,-2.87,-2.25,-1.18
14101,06.03.2012 11:00:00,-4.37,-3.5,-2.87,-2.25,-1.18
14102,06.03.2012 12:00:00,-4.37,-3.5,-2.87,-2.25,-1.18,3.552
14103,06.03.2012 13:00:00,-4.37,-3.5,-2.87,-2.25,-1.18
14104,06.03.2012 14:00:00,-4.37,-3.5,-2.87,-2.25,-1.18
14105,06.03.2012 15:00:00,-4.37,-3.5,-2.87,-2.25,-1.18
14106,06.03.2012 16:00:00,-4.37,-3.5,-2.87,-2.25,-1.18
14107,06.03.2012 17:00:00,-4.31,-3.5,-2.87,-2.25,-1.18
14108,06.03.2012 18:00:00,-4.31,-3.5,-2.87,-2.25,-1.18,3.551
14109,06.03.2012 19:00:00,-4.31,-3.5,-2.87,-2.25,-1.18
14110,06.03.2012 20:00:00,-4.31,-3.5,-2.87,-2.25,-1.18
14111,06.03.2012 21:00:00,-4.31,-3.5,-2.87,-2.25,-1.25
14112,06.03.2012 22:00:00,-4.31,-3.5,-2.87,-2.25,-1.25
14113,06.03.2012 23:00:00,-4.31,-3.5,-2.87,-2.25,-1.25
14114,07.03.2012 00:00:00,-4.31,-3.5,-2.87,-2.25,-1.25,3.553
14115,07.03.2012 01:00:00,-4.31,-3.5,-2.87,-2.25,-1.25
14116,07.03.2012 02:00:00,-4.31,-3.5,-2.81,-2.25,-1.25
14117,07.03.2012 03:00:00,-4.31,-3.43,-2.87,-2.25,-1.25
14118,07.03.2012 04:00:00,-4.31,-3.5,-2.87,-2.25,-1.18
14119,07.03.2012 05:00:00,-4.31,-3.5,-2.87,-2.25,-1.25
14120,07.03.2012 06:00:00,-4.31,-3.43,-2.87,-2.25,-1.25,3.552
14121,07.03.2012 07:00:00,-4.31,-3.5,-2.87,-2.25,-1.25
14122,07.03.2012 08:00:00,-4.31,-3.43,-2.87,-2.25,-1.25
14123,07.03.2012 09:00:00,-4.31,-3.43,-2.81,-2.25,-1.25
14124,07.03.2012 10:00:00,-4.31,-3.43,-2.87,-2.25,-1.25
14125,07.03.2012 11:00:00,-4.25,-3.43,-2.87,-2.25,-1.25
14126,07.03.2012 12:00:00,-4.25,-3.5,-2.87,-2.25,-1.25,3.558
14127,07.03.2012 13:00:00,-4.25,-3.43,-2.81,-2.25,-1.25
14128,07.03.2012 14:00:00,-4.25,-3.43,-2.87,-2.25,-1.25
14129,07.03.2012 15:00:00,-4.25,-3.43,-2.87,-2.25,-1.25
14130,07.03.2012 16:00:00,-4.25,-3.43,-2.81,-2.25,-1.25
14131,07.03.2012 17:00:00,-4.25,-3.43,-2.81,-2.25,-1.25
14132,07.03.2012 18:00:00,-4.25,-3.43,-2.81,-2.25,-1.25,3.554
14133,07.03.2012 19:00:00,-4.25,-3.43,-2.87,-2.25,-1.25
14134,07.03.2012 20:00:00,-4.25,-3.43,-2.87,-2.25,-1.25
14135,07.03.2012 21:00:00,-4.25,-3.43,-2.87,-2.25,-1.25
14136,07.03.2012 22:00:00,-4.25,-3.43,-2.81,-2.25,-1.25
14137,07.03.2012 23:00:00,-4.25,-3.43,-2.87,-2.25,-1.25
14138,08.03.2012 00:00:00,-4.25,-3.43,-2.87,-2.25,-1.25,3.557
14139,08.03.2012 01:00:00,-4.25,-3.43,-2.81,-2.25,-1.25
14140,08.03.2012 02:00:00,-4.25,-3.43,-2.81,-2.25,-1.25
14141,08.03.2012 03:00:00,-4.25,-3.43,-2.81,-2.25,-1.25
14142,08.03.2012 04:00:00,-4.25,-3.43,-2.81,-2.25,-1.25
14143,08.03.2012 05:00:00,-4.25,-3.43,-2.81,-2.25,-1.31
14144,08.03.2012 06:00:00,-4.25,-3.43,-2.87,-2.25,-1.25,3.559
14145,08.03.2012 07:00:00,-4.25,-3.43,-2.81,-2.25,-1.25
14146,08.03.2012 08:00:00,-4.25,-3.43,-2.87,-2.25,-1.25
14147,08.03.2012 09:00:00,-4.25,-3.43,-2.81,-2.25,-1.25
14148,08.03.2012 10:00:00,-4.25,-3.43,-2.87,-2.25,-1.25
14149,08.03.2012 11:00:00,-4.25,-3.43,-2.81,-2.25,-1.25
14150,08.03.2012 12:00:00,-4.25,-3.43,-2.81,-2.25,-1.31,3.553
14151,08.03.2012 13:00:00,-4.25,-3.43,-2.87,-2.25,-1.31
14152,08.03.2012 14:00:00,-4.25,-3.43,-2.81,-2.25,-1.25
14153,08.03.2012 15:00:00,-4.25,-3.43,-2.87,-2.25,-1.25
14154,08.03.2012 16:00:00,-4.25,-3.43,-2.81,-2.25,-1.31
14155,08.03.2012 17:00:00,-4.25,-3.43,-2.81,-2.25,-1.25
14156,08.03.2012 18:00:00,-4.25,-3.43,-2.81,-2.25,-1.25,3.557
14157,08.03.2012 19:00:00,-4.25,-3.43,-2.81,-2.25,-1.31
14158,08.03.2012 20:00:00,-4.25,-3.43,-2.81,-2.25,-1.31
14159,08.03.2012 21:00:00,-4.25,-3.43,-2.81,-2.25,-1.25
14160,08.03.2012 22:00:00,-4.25,-3.43,-2.81,-2.25,-1.31
14161,08.03.2012 23:00:00,-4.25,-3.43,-2.87,-2.25,-1.31
14162,09.03.2012 00:00:00,-4.25,-3.43,-2.87,-2.25,-1.31,3.554
14163,09.03.2012 01:00:00,-4.25,-3.43,-2.81,-2.25,-1.31
14164,09.03.2012 02:00:00,-4.25,-3.37,-2.81,-2.25,-1.31
14165,09.03.2012 03:00:00,-4.25,-3.37,-2.87,-2.25,-1.31
14166,09.03.2012 04:00:00,-4.25,-3.37,-2.87,-2.25,-1.31
14167,09.03.2012 05:00:00,-4.25,-3.43,-2.81,-2.25,-1.31
14168,09.03.2012 06:00:00,-4.25,-3.43,-2.87,-2.25,-1.31,3.557
14169,09.03.2012 07:00:00,-4.25,-3.43,-2.87,-2.25,-1.31
14170,09.03.2012 08:00:00,-4.25,-3.43,-2.87,-2.31,-1.31
14171,09.03.2012 09:00:00,-4.25,-3.43,-2.81,-2.25,-1.31
14172,09.03.2012 10:00:00,-4.25,-3.37,-2.81,-2.25,-1.31
14173,09.03.2012 11:00:00,-4.25,-3.43,-2.81,-2.25,-1.31
14174,09.03.2012 12:00:00,-4.25,-3.43,-2.81,-2.25,-1.31,3.552
14175,09.03.2012 13:00:00,-4.25,-3.37,-2.87,-2.25,-1.31
14176,09.03.2012 14:00:00,-4.25,-3.43,-2.87,-2.25,-1.31
14177,09.03.2012 15:00:00,-4.25,-3.43,-2.87,-2.25,-1.31
14178,09.03.2012 16:00:00,-4.25,-3.43,-2.81,-2.25,-1.31
14179,09.03.2012 17:00:00,-4.25,-3.43,-2.81,-2.25,-1.31
14180,09.03.2012 18:00:00,-4.25,-3.37,-2.81,-2.25,-1.31,3.553
14181,09.03.2012 19:00:00,-4.25,-3.43,-2.81,-2.25,-1.31
14182,09.03.2012 20:00:00,-4.25,-3.37,-2.81,-2.25,-1.31
14183,09.03.2012 21:00:00,-4.25,-3.43,-2.81,-2.25,-1.31
14184,09.03.2012 22:00:00,-4.25,-3.43,-2.81,-2.25,-1.31
14185,09.03.2012 23:00:00,-4.25,-3.43,-2.81,-2.31,-1.31
14186,10.03.2012 00:00:00,-4.25,-3.43,-2.81,-2.25,-1.31,3.553
14187,10.03.2012 01:00:00,-4.25,-3.43,-2.81,-2.25,-1.31
14188,10.03.2012 02:00:00,-4.25,-3.43,-2.87,-2.25,-1.31
14189,10.03.2012 03:00:00,-4.25,-3.43,-2.81,-2.25,-1.31
14190,10.03.2012 04:00:00,-4.25,-3.43,-2.87,-2.25,-1.31
14191,10.03.2012 05:00:00,-4.25,-3.43,-2.81,-2.25,-1.31
14192,10.03.2012 06:00:00,-4.25,-3.43,-2.81,-2.31,-1.31,3.558
14193,10.03.2012 07:00:00,-4.25,-3.43,-2.81,-2.25,-1.37
14194,10.03.2012 08:00:00,-4.31,-3.43,-2.87,-2.25,-1.31
14195,10.03.2012 09:00:00,-4.25,-3.43,-2.87,-2.25,-1.31
14196,10.03.2012 10:00:00,-4.31,-3.43,-2.87,-2.25,-1.37
14197,10.03.2012 11:00:00,-4.31,-3.43,-2.87,-2.31,-1.37
14198,10.03.2012 12:00:00,-4.31,-3.43,-2.81,-2.31,-1.31,3.556
14199,10.03.2012 13:00:00,-4.31,-3.43,-2.87,-2.25,-1.31
14200,10.03.2012 14:00:00,-4.25,-3.43,-2.87,-2.31,-1.31
14201,10.03.2012 15:00:00,-4.31,-3.43,-2.81,-2.31,-1.37
14202,10.03.2012 16:00:00,-4.31,-3.43,-2.87,-2.31,-1.37
14203,10.03.2012 17:00:00,-4.31,-3.43,-2.81,-2.31,-1.37
14204,10.03.2012 18:00:00,-4.31,-3.43,-2.81,-2.25,-1.37,3.557
14205,10.03.2012 19:00:00,-4.31,-3.43,-2.87,-2.31,-1.37
14206,10.03.2012 20:00:00,-4.31,-3.43,-2.81,-2.25,-1.31
14207,10.03.2012 21:00:00,-4.31,-3.43,-2.81,-2.25,-1.37
14208,10.03.2012 22:00:00,-4.31,-3.43,-2.81,-2.31,-1.31
14209,10.03.2012 23:00:00,-4.31,-3.43,-2.87,-2.31,-1.31
14210,11.03.2012 00:00:00,-4.31,-3.43,-2.87,-2.31,-1.37,3.551
14211,11.03.2012 01:00:00,-4.31,-3.43,-2.81,-2.31,-1.37
14212,11.03.2012 02:00:00,-4.31,-3.43,-2.87,-2.31,-1.37
14213,11.03.2012 03:00:00,-4.37,-3.43,-2.87,-2.31,-1.37
14214,11.03.2012 04:00:00,-4.37,-3.43,-2.87,-2.31,-1.31
14215,11.03.2012 05:00:00,-4.37,-3.5,-2.87,-2.31,-1.37
14216,11.03.2012 06:00:00,-4.37,-3.43,-2.87,-2.25,-1.37,3.556
14217,11.03.2012 07:00:00,-4.37,-3.43,-2.87,-2.31,-1.37
14218,11.03.2012 08:00:00,-4.37,-3.5,-2.87,-2.31,-1.37
14219,11.03.2012 09:00:00,-4.37,-3.5,-2.87,-2.25,-1.37
14220,11.03.2012 10:00:00,-4.37,-3.43,-2.87,-2.31,-1.37
14221,11.03.2012 11:00:00,-4.37,-3.5,-2.87,-2.31,-1.37
14222,11.03.2012 12:00:00,-4.37,-3.5,-2.87,-2.31,-1.37,3.555
14223,11.03.2012 13:00:00,-4.37,-3.5,-2.87,-2.31,-1.37
14224,11.03.2012 14:00:00,-4.37,-3.5,-2.87,-2.31,-1.37
14225,11.03.2012 15:00:00,-4.37,-3.5,-2.87,-2.31,-1.37
14226,11.03.2012 16:00:00,-4.37,-3.5,-2.87,-2.31,-1.37
14227,11.03.2012 17:00:00,-4.37,-3.5,-2.87,-2.31,-1.37
14228,11.03.2012 18:00:00,-4.37,-3.5,-2.87,-2.31,-1.37,3.556
14229,11.03.2012 19:00:00,-4.37,-3.5,-2.87,-2.31,-1.37
14230,11.03.2012 20:00:00,-4.43,-3.5,-2.87,-2.31,-1.37
14231,11.03.2012 21:00:00,-4.37,-3.5,-2.87,-2.31,-1.37
14232,11.03.2012 22:00:00,-4.37,-3.5,-2.93,-2.31,-1.37
14233,11.03.2012 23:00:00,-4.37,-3.5,-2.87,-2.31,-1.37
14234,12.03.2012 00:00:00,-4.37,-3.5,-2.87,-2.31,-1.37,3.553
14235,12.03.2012 01:00:00,-4.37,-3.5,-2.87,-2.31,-1.37
14236,12.03.2012 02:00:00,-4.43,-3.5,-2.87,-2.31,-1.37
14237,12.03.2012 03:00:00,-4.43,-3.5,-2.93,-2.25,-1.37
14238,12.03.2012 04:00:00,-4.43,-3.5,-2.87,-2.31,-1.37
14239,12.03.2012 05:00:00,-4.43,-3.5,-2.87,-2.31,-1.37
14240,12.03.2012 06:00:00,-4.43,-3.5,-2.87,-2.31,-1.37,3.554
14241,12.03.2012 07:00:00,-4.43,-3.5,-2.87,-2.31,-1.37
14242,12.03.2012 08:00:00,-4.43,-3.5,-2.87,-2.31,-1.37
14243,12.03.2012 09:00:00,-4.43,-3.5,-2.87,-2.31,-1.37
14244,12.03.2012 10:00:00,-4.43,-3.5,-2.87,-2.31,-1.37
14245,12.03.2012 11:00:00,-4.43,-3.5,-2.93,-2.31,-1.37
14246,12.03.2012 12:00:00,-4.43,-3.5,-2.93,-2.31,-1.37,3.549
14247,12.03.2012 13:00:00,-4.43,-3.56,-2.93,-2.31,-1.37
14248,12.03.2012 14:00:00,-4.43,-3.5,-2.93,-2.31,-1.37
14249,12.03.2012 15:00:00,-4.43,-3.5,-2.93,-2.31,-1.37
14250,12.03.2012 16:00:00,-4.43,-3.56,-2.93,-2.31,-1.37
14251,12.03.2012 17:00:00,-4.37,-3.56,-2.93,-2.31,-1.37
14252,12.03.2012 18:00:00,-4.43,-3.56,-2.93,-2.31,-1.37,3.551
14253,12.03.2012 19:00:00,-4.43,-3.5,-2.93,-2.31,-1.37
14254,12.03.2012 20:00:00,-4.43,-3.56,-2.93,-2.31,-1.37
14255,12.03.2012 21:00:00,-4.43,-3.56,-2.93,-2.31,-1.37
14256,12.03.2012 22:00:00,-4.37,-3.56,-2.87,-2.31,-1.37
14257,12.03.2012 23:00:00,-4.37,-3.56,-2.93,-2.31,-1.43
14258,13.03.2012 00:00:00,-4.43,-3.56,-2.87,-2.31,-1.37,3.554
14259,13.03.2012 01:00:00,-4.37,-3.56,-2.93,-2.37,-1.43
14260,13.03.2012 02:00:00,-4.37,-3.56,-2.93,-2.31,-1.37
14261,13.03.2012 03:00:00,-4.37,-3.56,-2.93,-2.31,-1.37
14262,13.03.2012 04:00:00,-4.37,-3.56,-2.93,-2.31,-1.37
14263,13.03.2012 05:00:00,-4.43,-3.56,-2.93,-2.31,-1.43
14264,13.03.2012 06:00:00,-4.37,-3.56,-2.93,-2.31,-1.37,3.552
14265,13.03.2012 07:00:00,-4.37,-3.56,-2.93,-2.37,-1.37
14266,13.03.2012 08:00:00,-4.37,-3.56,-2.93,-2.31,-1.43
14267,13.03.2012 09:00:00,-4.37,-3.56,-2.93,-2.37,-1.43
14268,13.03.2012 10:00:00,-4.37,-3.56,-2.93,-2.31,-1.43
14269,13.03.2012 11:00:00,-4.37,-3.56,-2.93,-2.31,-1.43
14270,13.03.2012 12:00:00,-4.37,-3.56,-2.93,-2.37,-1.43,3.551
14271,13.03.2012 13:00:00,-4.37,-3.5,-2.93,-2.37,-1.43
14272,13.03.2012 14:00:00,-4.37,-3.56,-2.93,-2.37,-1.43
14273,13.03.2012 15:00:00,-4.37,-3.56,-2.93,-2.37,-1.43
14274,13.03.2012 16:00:00,-4.37,-3.5,-2.93,-2.37,-1.43
14275,13.03.2012 17:00:00,-4.37,-3.5,-2.93,-2.37,-1.43
14276,13.03.2012 18:00:00,-4.37,-3.5,-2.93,-2.37,-1.43,3.558
14277,13.03.2012 19:00:00,-4.37,-3.5,-2.93,-2.37,-1.37
14278,13.03.2012 20:00:00,-4.37,-3.5,-2.93,-2.37,-1.43
14279,13.03.2012 21:00:00,-4.37,-3.5,-2.93,-2.37,-1.43
14280,13.03.2012 22:00:00,-4.31,-3.5,-2.93,-2.37,-1.43
14281,13.03.2012 23:00:00,-4.31,-3.56,-2.93,-2.31,-1.43
14282,14.03.2012 00:00:00,-4.37,-3.5,-2.93,-2.37,-1.43,3.555
14283,14.03.2012 01:00:00,-4.31,-3.5,-2.93,-2.37,-1.43
14284,14.03.2012 02:00:00,-4.37,-3.5,-2.93,-2.37,-1.43
14285,14.03.2012 03:00:00,-4.37,-3.5,-2.93,-2.37,-1.43
14286,14.03.2012 04:00:00,-4.37,-3.5,-2.93,-2.37,-1.43
14287,14.03.2012 05:00:00,-4.31,-3.5,-2.93,-2.37,-1.43
14288,14.03.2012 06:00:00,-4.31,-3.5,-2.93,-2.37,-1.43,3.552
14289,14.03.2012 07:00:00,-4.31,-3.5,-2.93,-2.37,-1.43
14290,14.03.2012 08:00:00,-4.31,-3.5,-2.93,-2.37,-1.43
14291,14.03.2012 09:00:00,-4.31,-3.5,-2.93,-2.37,-1.43
14292,14.03.2012 10:00:00,-4.31,-3.5,-2.93,-2.37,-1.43
14293,14.03.2012 11:00:00,-4.31,-3.5,-2.93,-2.37,-1.43
14294,14.03.2012 12:00:00,-4.31,-3.5,-2.93,-2.37,-1.43,3.552
14295,14.03.2012 13:00:00,-4.31,-3.5,-2.93,-2.31,-1.43
14296,14.03.2012 14:00:00,-4.31,-3.5,-2.93,-2.37,-1.43
14297,14.03.2012 15:00:00,-4.31,-3.5,-2.93,-2.37,-1.43
14298,14.03.2012 16:00:00,-4.31,-3.5,-2.93,-2.37,-1.43
14299,14.03.2012 17:00:00,-4.31,-3.5,-2.93,-2.37,-1.43
14300,14.03.2012 18:00:00,-4.31,-3.5,-2.93,-2.37,-1.43,3.553
14301,14.03.2012 19:00:00,-4.31,-3.5,-2.93,-2.37,-1.43
14302,14.03.2012 20:00:00,-4.31,-3.5,-2.93,-2.37,-1.43
14303,14.03.2012 21:00:00,-4.31,-3.5,-2.93,-2.37,-1.5
14304,14.03.2012 22:00:00,-4.31,-3.5,-2.93,-2.37,-1.43
14305,14.03.2012 23:00:00,-4.31,-3.5,-2.93,-2.37,-1.43
14306,15.03.2012 00:00:00,-4.31,-3.5,-2.93,-2.37,-1.43,3.552
14307,15.03.2012 01:00:00,-4.31,-3.5,-2.93,-2.37,-1.43
14308,15.03.2012 02:00:00,-4.31,-3.5,-2.93,-2.37,-1.43
14309,15.03.2012 03:00:00,-4.31,-3.5,-2.93,-2.37,-1.43
14310,15.03.2012 04:00:00,-4.31,-3.5,-2.93,-2.37,-1.43
14311,15.03.2012 05:00:00,-4.31,-3.5,-2.93,-2.37,-1.43
14312,15.03.2012 06:00:00,-4.31,-3.5,-2.93,-2.37,-1.43,3.558
14313,15.03.2012 07:00:00,-4.31,-3.5,-2.93,-2.37,-1.43
14314,15.03.2012 08:00:00,-4.25,-3.5,-2.93,-2.37,-1.43
14315,15.03.2012 09:00:00,-4.31,-3.5,-2.93,-2.37,-1.43
14316,15.03.2012 10:00:00,-4.25,-3.5,-2.93,-2.37,-1.5
14317,15.03.2012 11:00:00,-4.25,-3.5,-2.93,-2.37,-1.43
14318,15.03.2012 12:00:00,-4.25,-3.5,-2.93,-2.37,-1.43,3.554
14319,15.03.2012 13:00:00,-4.25,-3.5,-2.93,-2.37,-1.43
14320,15.03.2012 14:00:00,-4.25,-3.5,-2.93,-2.37,-1.5
14321,15.03.2012 15:00:00,-4.25,-3.43,-2.93,-2.37,-1.43
14322,15.03.2012 16:00:00,-4.25,-3.5,-2.93,-2.37,-1.5
14323,15.03.2012 17:00:00,-4.25,-3.5,-2.93,-2.37,-1.43
14324,15.03.2012 18:00:00,-4.25,-3.43,-2.93,-2.37,-1.5,3.559
14325,15.03.2012 19:00:00,-4.25,-3.43,-2.93,-2.37,-1.43
14326,15.03.2012 20:00:00,-4.25,-3.5,-2.93,-2.37,-1.5
14327,15.03.2012 21:00:00,-4.25,-3.5,-2.93,-2.37,-1.43
14328,15.03.2012 22:00:00,-4.25,-3.43,-2.93,-2.37,-1.5
14329,15.03.2012 23:00:00,-4.25,-3.43,-2.93,-2.37,-1.5
14330,16.03.2012 00:00:00,-4.25,-3.43,-2.87,-2.37,-1.5,3.559
14331,16.03.2012 01:00:00,-4.18,-3.43,-2.87,-2.37,-1.43
14332,16.03.2012 02:00:00,-4.25,-3.43,-2.93,-2.37,-1.5
14333,16.03.2012 03:00:00,-4.18,-3.43,-2.93,-2.37,-1.5
14334,16.03.2012 04:00:00,-4.25,-3.43,-2.93,-2.37,-1.5
14335,16.03.2012 05:00:00,-4.18,-3.43,-2.87,-2.37,-1.5
14336,16.03.2012 06:00:00,-4.18,-3.43,-2.87,-2.37,-1.5,3.554
14337,16.03.2012 07:00:00,-4.18,-3.43,-2.93,-2.37,-1.5
14338,16.03.2012 08:00:00,-4.18,-3.43,-2.87,-2.37,-1.5
14339,16.03.2012 09:00:00,-4.18,-3.43,-2.87,-2.37,-1.5
14340,16.03.2012 10:00:00,-4.18,-3.43,-2.93,-2.37,-1.5
14341,16.03.2012 11:00:00,-4.18,-3.43,-2.87,-2.37,-1.5
14342,16.03.2012 12:00:00,-4.18,-3.43,-2.87,-2.37,-1.5,3.559
14343,16.03.2012 13:00:00,-4.18,-3.43,-2.87,-2.37,-1.5
14344,16.03.2012 14:00:00,-4.18,-3.43,-2.87,-2.37,-1.5
14345,16.03.2012 15:00:00,-4.18,-3.43,-2.87,-2.37,-1.5
14346,16.03.2012 16:00:00,-4.18,-3.43,-2.87,-2.37,-1.5
14347,16.03.2012 17:00:00,-4.18,-3.43,-2.87,-2.37,-1.5
14348,16.03.2012 18:00:00,-4.18,-3.43,-2.87,-2.37,-1.5,3.554
14349,16.03.2012 19:00:00,-4.18,-3.37,-2.87,-2.37,-1.5
14350,16.03.2012 20:00:00,-4.12,-3.43,-2.87,-2.37,-1.5
14351,16.03.2012 21:00:00,-4.12,-3.37,-2.87,-2.37,-1.5
14352,16.03.2012 22:00:00,-4.12,-3.37,-2.87,-2.37,-1.5
14353,16.03.2012 23:00:00,-4.12,-3.37,-2.87,-2.37,-1.5
14354,17.03.2012 00:00:00,-4.12,-3.43,-2.87,-2.37,-1.5,3.559
14355,17.03.2012 01:00:00,-4.12,-3.37,-2.87,-2.37,-1.5
14356,17.03.2012 02:00:00,-4.12,-3.37,-2.87,-2.37,-1.5
14357,17.03.2012 03:00:00,-4.12,-3.37,-2.87,-2.37,-1.5
14358,17.03.2012 04:00:00,-4.12,-3.37,-2.87,-2.37,-1.5
14359,17.03.2012 05:00:00,-4.12,-3.37,-2.87,-2.37,-1.5
14360,17.03.2012 06:00:00,-4.12,-3.37,-2.87,-2.37,-1.5,3.555
14361,17.03.2012 07:00:00,-4.12,-3.37,-2.87,-2.37,-1.5
14362,17.03.2012 08:00:00,-4.12,-3.37,-2.87,-2.37,-1.5
14363,17.03.2012 09:00:00,-4.12,-3.37,-2.87,-2.37,-1.5
14364,17.03.2012 10:00:00,-4.12,-3.37,-2.87,-2.37,-1.5
14365,17.03.2012 11:00:00,-4.06,-3.37,-2.87,-2.37,-1.5
14366,17.03.2012 12:00:00,-4.06,-3.37,-2.81,-2.37,-1.5,3.555
14367,17.03.2012 13:00:00,-4.12,-3.37,-2.87,-2.37,-1.5
14368,17.03.2012 14:00:00,-4.06,-3.37,-2.87,-2.37,-1.5
14369,17.03.2012 15:00:00,-4.06,-3.37,-2.87,-2.37,-1.5
14370,17.03.2012 16:00:00,-4.06,-3.37,-2.87,-2.37,-1.5
14371,17.03.2012 17:00:00,-4.06,-3.37,-2.87,-2.37,-1.5
14372,17.03.2012 18:00:00,-4.06,-3.37,-2.87,-2.37,-1.5,3.555
14373,17.03.2012 19:00:00,-4.06,-3.31,-2.87,-2.37,-1.5
14374,17.03.2012 20:00:00,-4.06,-3.31,-2.87,-2.37,-1.5
14375,17.03.2012 21:00:00,-4,-3.31,-2.81,-2.37,-1.5
14376,17.03.2012 22:00:00,-4.06,-3.31,-2.81,-2.37,-1.5
14377,17.03.2012 23:00:00,-4,-3.31,-2.81,-2.37,-1.5
14378,18.03.2012 00:00:00,-4,-3.31,-2.81,-2.37,-1.5,3.561
14379,18.03.2012 01:00:00,-4,-3.31,-2.81,-2.37,-1.5
14380,18.03.2012 02:00:00,-4,-3.31,-2.81,-2.37,-1.5
14381,18.03.2012 03:00:00,-4,-3.31,-2.81,-2.37,-1.5
14382,18.03.2012 04:00:00,-4,-3.31,-2.81,-2.37,-1.5
14383,18.03.2012 05:00:00,-4,-3.31,-2.81,-2.37,-1.5
14384,18.03.2012 06:00:00,-4,-3.31,-2.81,-2.37,-1.5,3.559
14385,18.03.2012 07:00:00,-4,-3.31,-2.81,-2.37,-1.5
14386,18.03.2012 08:00:00,-4,-3.31,-2.81,-2.37,-1.5
14387,18.03.2012 09:00:00,-4,-3.31,-2.81,-2.37,-1.5
14388,18.03.2012 10:00:00,-3.93,-3.31,-2.81,-2.37,-1.5
14389,18.03.2012 11:00:00,-3.93,-3.25,-2.81,-2.37,-1.5
14390,18.03.2012 12:00:00,-3.93,-3.25,-2.81,-2.37,-1.5,3.560
14391,18.03.2012 13:00:00,-3.93,-3.25,-2.81,-2.37,-1.5
14392,18.03.2012 14:00:00,-3.93,-3.25,-2.81,-2.37,-1.5
14393,18.03.2012 15:00:00,-3.93,-3.25,-2.81,-2.37,-1.5
14394,18.03.2012 16:00:00,-3.93,-3.25,-2.81,-2.37,-1.5
14395,18.03.2012 17:00:00,-3.93,-3.25,-2.81,-2.31,-1.5
14396,18.03.2012 18:00:00,-3.93,-3.25,-2.81,-2.37,-1.5,3.556
14397,18.03.2012 19:00:00,-3.93,-3.25,-2.81,-2.37,-1.5
14398,18.03.2012 20:00:00,-3.93,-3.25,-2.81,-2.37,-1.5
14399,18.03.2012 21:00:00,-3.93,-3.25,-2.81,-2.37,-1.5
14400,18.03.2012 22:00:00,-3.87,-3.25,-2.81,-2.37,-1.5
14401,18.03.2012 23:00:00,-3.87,-3.25,-2.75,-2.37,-1.5
14402,19.03.2012 00:00:00,-3.87,-3.25,-2.81,-2.31,-1.5,3.561
14403,19.03.2012 01:00:00,-3.87,-3.25,-2.81,-2.37,-1.5
14404,19.03.2012 02:00:00,-3.87,-3.25,-2.75,-2.37,-1.5
14405,19.03.2012 03:00:00,-3.87,-3.25,-2.81,-2.37,-1.5
14406,19.03.2012 04:00:00,-3.87,-3.25,-2.81,-2.37,-1.5
14407,19.03.2012 05:00:00,-3.87,-3.18,-2.75,-2.37,-1.5
14408,19.03.2012 06:00:00,-3.87,-3.18,-2.81,-2.31,-1.5,3.559
14409,19.03.2012 07:00:00,-3.87,-3.18,-2.75,-2.37,-1.5
14410,19.03.2012 08:00:00,-3.87,-3.18,-2.75,-2.31,-1.5
14411,19.03.2012 09:00:00,-3.87,-3.18,-2.75,-2.37,-1.5
14412,19.03.2012 10:00:00,-3.87,-3.18,-2.75,-2.31,-1.5
14413,19.03.2012 11:00:00,-3.87,-3.18,-2.75,-2.31,-1.5
14414,19.03.2012 12:00:00,-3.81,-3.18,-2.81,-2.37,-1.56,3.561
14415,19.03.2012 13:00:00,-3.87,-3.18,-2.75,-2.37,-1.5
14416,19.03.2012 14:00:00,-3.81,-3.18,-2.75,-2.31,-1.5
14417,19.03.2012 15:00:00,-3.81,-3.18,-2.75,-2.31,-1.5
14418,19.03.2012 16:00:00,-3.81,-3.18,-2.75,-2.31,-1.5
14419,19.03.2012 17:00:00,-3.81,-3.18,-2.75,-2.31,-1.5
14420,19.03.2012 18:00:00,-3.81,-3.18,-2.75,-2.37,-1.56,3.560
14421,19.03.2012 19:00:00,-3.81,-3.18,-2.75,-2.31,-1.5
14422,19.03.2012 20:00:00,-3.81,-3.18,-2.75,-2.31,-1.5
14423,19.03.2012 21:00:00,-3.81,-3.12,-2.75,-2.31,-1.5
14424,19.03.2012 22:00:00,-3.81,-3.18,-2.75,-2.31,-1.5
14425,19.03.2012 23:00:00,-3.81,-3.18,-2.75,-2.31,-1.5
14426,20.03.2012 00:00:00,-3.81,-3.12,-2.75,-2.31,-1.5,3.561
14427,20.03.2012 01:00:00,-3.81,-3.12,-2.75,-2.31,-1.5
14428,20.03.2012 02:00:00,-3.81,-3.12,-2.75,-2.31,-1.56
14429,20.03.2012 03:00:00,-3.81,-3.12,-2.75,-2.31,-1.5
14430,20.03.2012 04:00:00,-3.75,-3.12,-2.75,-2.31,-1.5
14431,20.03.2012 05:00:00,-3.75,-3.12,-2.75,-2.31,-1.5
14432,20.03.2012 06:00:00,-3.81,-3.12,-2.68,-2.31,-1.56,3.557
14433,20.03.2012 07:00:00,-3.75,-3.12,-2.68,-2.31,-1.5
14434,20.03.2012 08:00:00,-3.75,-3.12,-2.75,-2.31,-1.56
14435,20.03.2012 09:00:00,-3.75,-3.12,-2.68,-2.31,-1.5
14436,20.03.2012 10:00:00,-3.75,-3.12,-2.68,-2.31,-1.5
14437,20.03.2012 11:00:00,-3.75,-3.12,-2.68,-2.31,-1.5
14438,20.03.2012 12:00:00,-3.75,-3.12,-2.75,-2.31,-1.5,3.558
14439,20.03.2012 13:00:00,-3.75,-3.12,-2.68,-2.31,-1.5
14440,20.03.2012 14:00:00,-3.75,-3.12,-2.68,-2.31,-1.5
14441,20.03.2012 15:00:00,-3.75,-3.12,-2.68,-2.31,-1.5
14442,20.03.2012 16:00:00,-3.75,-3.12,-2.68,-2.31,-1.5
14443,20.03.2012 17:00:00,-3.75,-3.12,-2.68,-2.31,-1.56
14444,20.03.2012 18:00:00,-3.75,-3.06,-2.68,-2.31,-1.5,3.560
14445,20.03.2012 19:00:00,-3.75,-3.06,-2.68,-2.31,-1.56
14446,20.03.2012 20:00:00,-3.75,-3.06,-2.68,-2.31,-1.56
14447,20.03.2012 21:00:00,-3.75,-3.06,-2.68,-2.31,-1.5
14448,20.03.2012 22:00:00,-3.75,-3.12,-2.68,-2.31,-1.56
14449,20.03.2012 23:00:00,-3.75,-3.06,-2.68,-2.31,-1.5
14450,21.03.2012 00:00:00,-3.68,-3.06,-2.68,-2.31,-1.5,3.562
14451,21.03.2012 01:00:00,-3.68,-3.06,-2.68,-2.31,-1.5
14452,21.03.2012 02:00:00,-3.68,-3.06,-2.68,-2.25,-1.5
14453,21.03.2012 03:00:00,-3.68,-3.06,-2.68,-2.31,-1.5
14454,21.03.2012 04:00:00,-3.68,-3.06,-2.68,-2.31,-1.5
14455,21.03.2012 05:00:00,-3.68,-3.06,-2.68,-2.25,-1.5
14456,21.03.2012 06:00:00,-3.68,-3.06,-2.68,-2.31,-1.56,3.558
14457,21.03.2012 07:00:00,-3.68,-3.06,-2.68,-2.31,-1.5
14458,21.03.2012 08:00:00,-3.68,-3.06,-2.68,-2.31,-1.5
14459,21.03.2012 09:00:00,-3.68,-3.06,-2.62,-2.31,-1.5
14460,21.03.2012 10:00:00,-3.68,-3.06,-2.62,-2.31,-1.56
14461,21.03.2012 11:00:00,-3.68,-3.06,-2.68,-2.25,-1.5
14462,21.03.2012 12:00:00,-3.68,-3.06,-2.68,-2.25,-1.5,3.565
14463,21.03.2012 13:00:00,-3.68,-3.06,-2.62,-2.25,-1.5
14464,21.03.2012 14:00:00,-3.68,-3,-2.62,-2.31,-1.5
14465,21.03.2012 15:00:00,-3.68,-3,-2.62,-2.31,-1.56
14466,21.03.2012 16:00:00,-3.68,-3.06,-2.62,-2.25,-1.5
14467,21.03.2012 17:00:00,-3.68,-3.06,-2.62,-2.25,-1.5
14468,21.03.2012 18:00:00,-3.68,-3,-2.62,-2.25,-1.5,3.563
14469,21.03.2012 19:00:00,-3.68,-3.06,-2.62,-2.25,-1.5
14470,21.03.2012 20:00:00,-3.68,-3,-2.62,-2.25,-1.5
14471,21.03.2012 21:00:00,-3.68,-3.06,-2.68,-2.25,-1.5
14472,21.03.2012 22:00:00,-3.62,-3,-2.62,-2.31,-1.5
14473,21.03.2012 23:00:00,-3.62,-3,-2.62,-2.25,-1.5
14474,22.03.2012 00:00:00,-3.68,-3,-2.62,-2.25,-1.5,3.559
14475,22.03.2012 01:00:00,-3.62,-3,-2.62,-2.25,-1.5
14476,22.03.2012 02:00:00,-3.68,-3,-2.62,-2.25,-1.5
14477,22.03.2012 03:00:00,-3.68,-3,-2.62,-2.25,-1.5
14478,22.03.2012 04:00:00,-3.62,-3,-2.62,-2.25,-1.5
14479,22.03.2012 05:00:00,-3.62,-3,-2.62,-2.25,-1.5
14480,22.03.2012 06:00:00,-3.68,-3,-2.62,-2.25,-1.5,3.559
14481,22.03.2012 07:00:00,-3.68,-3,-2.62,-2.25,-1.5
14482,22.03.2012 08:00:00,-3.62,-3,-2.62,-2.25,-1.5
14483,22.03.2012 09:00:00,-3.68,-3,-2.62,-2.25,-1.5
14484,22.03.2012 10:00:00,-3.62,-3,-2.62,-2.25,-1.56
14485,22.03.2012 11:00:00,-3.62,-3,-2.62,-2.25,-1.56
14486,22.03.2012 12:00:00,-3.62,-3,-2.62,-2.25,-1.5,3.560
14487,22.03.2012 13:00:00,-3.62,-3,-2.62,-2.25,-1.5
14488,22.03.2012 14:00:00,-3.62,-3,-2.62,-2.25,-1.5
14489,22.03.2012 15:00:00,-3.62,-3,-2.56,-2.25,-1.5
14490,22.03.2012 16:00:00,-3.62,-3,-2.62,-2.25,-1.56
14491,22.03.2012 17:00:00,-3.62,-3,-2.56,-2.25,-1.5
14492,22.03.2012 18:00:00,-3.62,-3,-2.62,-2.25,-1.5,3.559
14493,22.03.2012 19:00:00,-3.62,-3,-2.62,-2.25,-1.56
14494,22.03.2012 20:00:00,-3.62,-3,-2.56,-2.25,-1.5
14495,22.03.2012 21:00:00,-3.62,-3,-2.62,-2.25,-1.5
14496,22.03.2012 22:00:00,-3.62,-3,-2.56,-2.25,-1.5
14497,22.03.2012 23:00:00,-3.62,-3,-2.62,-2.25,-1.5
14498,23.03.2012 00:00:00,-3.62,-3,-2.56,-2.25,-1.5,3.565
14499,23.03.2012 01:00:00,-3.62,-3,-2.56,-2.25,-1.5
14500,23.03.2012 02:00:00,-3.62,-3,-2.56,-2.25,-1.5
14501,23.03.2012 03:00:00,-3.62,-3,-2.56,-2.25,-1.5
14502,23.03.2012 04:00:00,-3.62,-3,-2.56,-2.25,-1.5
14503,23.03.2012 05:00:00,-3.62,-2.93,-2.56,-2.25,-1.5
14504,23.03.2012 06:00:00,-3.62,-2.93,-2.62,-2.25,-1.56,3.560
14505,23.03.2012 07:00:00,-3.62,-3,-2.56,-2.25,-1.5
14506,23.03.2012 08:00:00,-3.62,-2.93,-2.62,-2.25,-1.5
14507,23.03.2012 09:00:00,-3.62,-2.93,-2.56,-2.25,-1.5
14508,23.03.2012 10:00:00,-3.62,-2.93,-2.56,-2.25,-1.5
14509,23.03.2012 11:00:00,-3.62,-3,-2.56,-2.25,-1.5
14510,23.03.2012 12:00:00,-3.62,-2.93,-2.56,-2.18,-1.5,3.565
14511,23.03.2012 13:00:00,-3.62,-3,-2.56,-2.25,-1.5
14512,23.03.2012 14:00:00,-3.62,-2.93,-2.56,-2.25,-1.5
14513,23.03.2012 15:00:00,-3.62,-3,-2.56,-2.25,-1.5
14514,23.03.2012 16:00:00,-3.62,-2.93,-2.56,-2.25,-1.5
14515,23.03.2012 17:00:00,-3.62,-2.93,-2.56,-2.25,-1.5
14516,23.03.2012 18:00:00,-3.62,-2.93,-2.56,-2.18,-1.5,3.565
14517,23.03.2012 19:00:00,-3.62,-2.93,-2.56,-2.18,-1.5
14518,23.03.2012 20:00:00,-3.62,-3,-2.56,-2.18,-1.5
14519,23.03.2012 21:00:00,-3.62,-2.93,-2.56,-2.18,-1.5
14520,23.03.2012 22:00:00,-3.62,-2.93,-2.56,-2.18,-1.5
14521,23.03.2012 23:00:00,-3.62,-3,-2.56,-2.25,-1.5
14522,24.03.2012 00:00:00,-3.62,-2.93,-2.56,-2.25,-1.5,3.559
14523,24.03.2012 01:00:00,-3.62,-2.93,-2.56,-2.18,-1.5
14524,24.03.2012 02:00:00,-3.62,-2.93,-2.56,-2.18,-1.5
14525,24.03.2012 03:00:00,-3.62,-2.93,-2.56,-2.18,-1.5
14526,24.03.2012 04:00:00,-3.62,-2.93,-2.56,-2.18,-1.5
14527,24.03.2012 05:00:00,-3.62,-2.93,-2.56,-2.18,-1.5
14528,24.03.2012 06:00:00,-3.62,-2.93,-2.56,-2.18,-1.5,3.565
14529,24.03.2012 07:00:00,-3.62,-2.93,-2.56,-2.25,-1.5
14530,24.03.2012 08:00:00,-3.62,-2.93,-2.56,-2.18,-1.5
14531,24.03.2012 09:00:00,-3.62,-2.93,-2.56,-2.18,-1.5
14532,24.03.2012 10:00:00,-3.62,-2.93,-2.56,-2.18,-1.5
14533,24.03.2012 11:00:00,-3.62,-2.93,-2.56,-2.18,-1.5
14534,24.03.2012 12:00:00,-3.62,-2.93,-2.56,-2.18,-1.5,3.559
14535,24.03.2012 13:00:00,-3.62,-2.93,-2.56,-2.18,-1.5
14536,24.03.2012 14:00:00,-3.62,-2.93,-2.56,-2.18,-1.5
14537,24.03.2012 15:00:00,-3.62,-2.93,-2.56,-2.18,-1.5
14538,24.03.2012 16:00:00,-3.62,-2.93,-2.56,-2.18,-1.5
14539,24.03.2012 17:00:00,-3.62,-2.93,-2.56,-2.18,-1.5
14540,24.03.2012 18:00:00,-3.62,-2.93,-2.56,-2.18,-1.5,3.564
14541,24.03.2012 19:00:00,-3.62,-2.93,-2.56,-2.18,-1.5
14542,24.03.2012 20:00:00,-3.62,-2.93,-2.56,-2.18,-1.5
14543,24.03.2012 21:00:00,-3.62,-2.93,-2.56,-2.18,-1.5
14544,24.03.2012 22:00:00,-3.68,-2.93,-2.56,-2.18,-1.5
14545,24.03.2012 23:00:00,-3.62,-2.93,-2.56,-2.18,-1.5
14546,25.03.2012 00:00:00,-3.62,-2.93,-2.56,-2.18,-1.5,3.559
14547,25.03.2012 01:00:00,-3.62,-2.93,-2.56,-2.18,-1.5
14548,25.03.2012 02:00:00,-3.62,-2.93,-2.56,-2.18,-1.5
14549,25.03.2012 03:00:00,-3.62,-2.93,-2.56,-2.18,-1.5
14550,25.03.2012 04:00:00,-3.62,-2.93,-2.56,-2.18,-1.5
14551,25.03.2012 05:00:00,-3.68,-2.93,-2.56,-2.18,-1.5
14552,25.03.2012 06:00:00,-3.68,-2.93,-2.56,-2.18,-1.5,3.560
14553,25.03.2012 07:00:00,-3.68,-2.93,-2.56,-2.18,-1.5
14554,25.03.2012 08:00:00,-3.62,-2.93,-2.56,-2.18,-1.5
14555,25.03.2012 09:00:00,-3.68,-2.93,-2.56,-2.18,-1.5
14556,25.03.2012 10:00:00,-3.68,-2.93,-2.56,-2.18,-1.5
14557,25.03.2012 11:00:00,-3.68,-2.93,-2.56,-2.18,-1.5
14558,25.03.2012 12:00:00,-3.68,-2.93,-2.56,-2.18,-1.5,3.558
14559,25.03.2012 13:00:00,-3.68,-2.93,-2.56,-2.18,-1.5
14560,25.03.2012 14:00:00,-3.68,-2.93,-2.56,-2.18,-1.5
14561,25.03.2012 15:00:00,-3.62,-3,-2.56,-2.18,-1.5
14562,25.03.2012 16:00:00,-3.68,-2.93,-2.56,-2.18,-1.5
14563,25.03.2012 17:00:00,-3.68,-3,-2.56,-2.18,-1.5
14564,25.03.2012 18:00:00,-3.68,-2.93,-2.56,-2.18,-1.5,3.564
14565,25.03.2012 19:00:00,-3.68,-2.93,-2.56,-2.18,-1.5
14566,25.03.2012 20:00:00,-3.68,-3,-2.56,-2.18,-1.5
14567,25.03.2012 21:00:00,-3.68,-2.93,-2.56,-2.18,-1.5
14568,25.03.2012 22:00:00,-3.68,-2.93,-2.56,-2.18,-1.5
14569,25.03.2012 23:00:00,-3.68,-2.93,-2.56,-2.18,-1.5
14570,26.03.2012 00:00:00,-3.68,-3,-2.56,-2.18,-1.5,3.563
14571,26.03.2012 01:00:00,-3.68,-2.93,-2.56,-2.18,-1.5
14572,26.03.2012 02:00:00,-3.68,-3,-2.56,-2.18,-1.5
14573,26.03.2012 03:00:00,-3.68,-2.93,-2.56,-2.18,-1.5
14574,26.03.2012 04:00:00,-3.68,-3,-2.56,-2.18,-1.5
14575,26.03.2012 05:00:00,-3.68,-3,-2.56,-2.18,-1.5
14576,26.03.2012 06:00:00,-3.68,-2.93,-2.56,-2.18,-1.5,3.564
14577,26.03.2012 07:00:00,-3.68,-3,-2.56,-2.18,-1.5
14578,26.03.2012 08:00:00,-3.68,-2.93,-2.56,-2.18,-1.5
14579,26.03.2012 09:00:00,-3.68,-3,-2.56,-2.18,-1.5
14580,26.03.2012 10:00:00,-3.68,-3,-2.56,-2.18,-1.5
14581,26.03.2012 11:00:00,-3.68,-3,-2.56,-2.18,-1.5
14582,26.03.2012 12:00:00,-3.68,-2.93,-2.56,-2.18,-1.5,3.558
14583,26.03.2012 13:00:00,-3.68,-3,-2.56,-2.18,-1.5
14584,26.03.2012 14:00:00,-3.68,-3,-2.56,-2.18,-1.5
14585,26.03.2012 15:00:00,-3.68,-2.93,-2.56,-2.18,-1.5
14586,26.03.2012 16:00:00,-3.68,-3,-2.56,-2.18,-1.5
14587,26.03.2012 17:00:00,-3.68,-2.93,-2.56,-2.18,-1.5
14588,26.03.2012 18:00:00,-3.68,-3,-2.56,-2.18,-1.5,3.564
14589,26.03.2012 19:00:00,-3.68,-2.93,-2.56,-2.18,-1.5
14590,26.03.2012 20:00:00,-3.68,-2.93,-2.56,-2.18,-1.5
14591,26.03.2012 21:00:00,-3.62,-3,-2.56,-2.18,-1.5
14592,26.03.2012 22:00:00,-3.62,-2.93,-2.56,-2.18,-1.5
14593,26.03.2012 23:00:00,-3.62,-2.93,-2.56,-2.18,-1.5
14594,27.03.2012 00:00:00,-3.68,-3,-2.56,-2.18,-1.5,3.562
14595,27.03.2012 01:00:00,-3.68,-2.93,-2.56,-2.18,-1.5
14596,27.03.2012 02:00:00,-3.68,-2.93,-2.56,-2.18,-1.5
14597,27.03.2012 03:00:00,-3.68,-2.93,-2.56,-2.18,-1.5
14598,27.03.2012 04:00:00,-3.68,-2.93,-2.56,-2.18,-1.5
14599,27.03.2012 05:00:00,-3.68,-3,-2.56,-2.18,-1.5
14600,27.03.2012 06:00:00,-3.68,-2.93,-2.56,-2.18,-1.5,3.564
14601,27.03.2012 07:00:00,-3.68,-3,-2.56,-2.18,-1.5
14602,27.03.2012 08:00:00,-3.62,-2.93,-2.56,-2.18,-1.5
14603,27.03.2012 09:00:00,-3.62,-3,-2.56,-2.18,-1.5
14604,27.03.2012 10:00:00,-3.62,-2.93,-2.56,-2.18,-1.5
14605,27.03.2012 11:00:00,-3.62,-2.93,-2.56,-2.18,-1.5
14606,27.03.2012 12:00:00,-3.62,-2.93,-2.56,-2.18,-1.5,3.561
14607,27.03.2012 13:00:00,-3.62,-2.93,-2.56,-2.18,-1.5
14608,27.03.2012 14:00:00,-3.62,-2.93,-2.56,-2.18,-1.5
14609,27.03.2012 15:00:00,-3.62,-2.93,-2.56,-2.18,-1.5
14610,27.03.2012 16:00:00,-3.62,-2.93,-2.56,-2.18,-1.5
14611,27.03.2012 17:00:00,-3.62,-2.93,-2.56,-2.18,-1.5
14612,27.03.2012 18:00:00,-3.62,-2.93,-2.56,-2.18,-1.5,3.564
14613,27.03.2012 19:00:00,-3.62,-3,-2.56,-2.18,-1.5
14614,27.03.2012 20:00:00,-3.62,-3,-2.56,-2.18,-1.5
14615,27.03.2012 21:00:00,-3.62,-2.93,-2.56,-2.18,-1.5
14616,27.03.2012 22:00:00,-3.62,-2.93,-2.56,-2.18,-1.5
14617,27.03.2012 23:00:00,-3.68,-2.93,-2.56,-2.18,-1.5
14618,28.03.2012 00:00:00,-3.62,-2.93,-2.56,-2.18,-1.5,3.559
14619,28.03.2012 01:00:00,-3.62,-2.93,-2.56,-2.18,-1.5
14620,28.03.2012 02:00:00,-3.62,-2.93,-2.56,-2.18,-1.5
14621,28.03.2012 03:00:00,-3.62,-2.93,-2.56,-2.18,-1.5
14622,28.03.2012 04:00:00,-3.62,-2.93,-2.56,-2.18,-1.5
14623,28.03.2012 05:00:00,-3.62,-2.93,-2.56,-2.18,-1.5
14624,28.03.2012 06:00:00,-3.62,-2.93,-2.56,-2.18,-1.5,3.559
14625,28.03.2012 07:00:00,-3.62,-2.93,-2.56,-2.18,-1.5
14626,28.03.2012 08:00:00,-3.62,-2.93,-2.56,-2.18,-1.5
14627,28.03.2012 09:00:00,-3.62,-2.93,-2.56,-2.18,-1.5
14628,28.03.2012 10:00:00,-3.62,-2.93,-2.56,-2.18,-1.5
14629,28.03.2012 11:00:00,-3.62,-2.93,-2.56,-2.18,-1.5
14630,28.03.2012 12:00:00,-3.62,-2.93,-2.56,-2.18,-1.5,3.561
14631,28.03.2012 13:00:00,-3.62,-2.93,-2.56,-2.18,-1.5
14632,28.03.2012 14:00:00,-3.62,-2.93,-2.56,-2.18,-1.5
14633,28.03.2012 15:00:00,-3.62,-2.93,-2.56,-2.18,-1.5
14634,28.03.2012 16:00:00,-3.62,-2.93,-2.5,-2.18,-1.5
14635,28.03.2012 17:00:00,-3.62,-2.93,-2.5,-2.18,-1.5
14636,28.03.2012 18:00:00,-3.62,-2.93,-2.5,-2.18,-1.5,3.559
14637,28.03.2012 19:00:00,-3.62,-2.93,-2.56,-2.18,-1.5
14638,28.03.2012 20:00:00,-3.62,-2.93,-2.56,-2.12,-1.5
14639,28.03.2012 21:00:00,-3.62,-2.93,-2.5,-2.18,-1.5
14640,28.03.2012 22:00:00,-3.62,-2.93,-2.56,-2.18,-1.5
14641,28.03.2012 23:00:00,-3.62,-2.93,-2.56,-2.18,-1.5
14642,29.03.2012 00:00:00,-3.62,-2.93,-2.56,-2.12,-1.5,3.558
14643,29.03.2012 01:00:00,-3.62,-2.93,-2.56,-2.18,-1.5
14644,29.03.2012 02:00:00,-3.62,-2.93,-2.5,-2.18,-1.5
14645,29.03.2012 03:00:00,-3.62,-2.93,-2.56,-2.18,-1.5
14646,29.03.2012 04:00:00,-3.62,-2.93,-2.5,-2.18,-1.5
14647,29.03.2012 05:00:00,-3.62,-2.93,-2.56,-2.12,-1.5
14648,29.03.2012 06:00:00,-3.62,-2.93,-2.5,-2.18,-1.5,3.565
14649,29.03.2012 07:00:00,-3.62,-2.93,-2.5,-2.18,-1.5
14650,29.03.2012 08:00:00,-3.62,-2.93,-2.56,-2.18,-1.5
14651,29.03.2012 09:00:00,-3.62,-2.93,-2.5,-2.18,-1.5
14652,29.03.2012 10:00:00,-3.62,-2.93,-2.56,-2.18,-1.5
14653,29.03.2012 11:00:00,-3.62,-2.93,-2.5,-2.18,-1.5
14654,29.03.2012 12:00:00,-3.62,-2.93,-2.5,-2.18,-1.5,3.564
14655,29.03.2012 13:00:00,-3.62,-2.93,-2.56,-2.18,-1.5
14656,29.03.2012 14:00:00,-3.62,-2.93,-2.5,-2.18,-1.5
14657,29.03.2012 15:00:00,-3.62,-2.93,-2.5,-2.18,-1.5
14658,29.03.2012 16:00:00,-3.62,-2.93,-2.56,-2.18,-1.5
14659,29.03.2012 17:00:00,-3.62,-2.93,-2.56,-2.18,-1.5
14660,29.03.2012 18:00:00,-3.62,-2.93,-2.56,-2.18,-1.5,3.560
14661,29.03.2012 19:00:00,-3.62,-2.93,-2.5,-2.18,-1.5
14662,29.03.2012 20:00:00,-3.62,-2.93,-2.5,-2.18,-1.5
14663,29.03.2012 21:00:00,-3.62,-2.93,-2.5,-2.18,-1.5
14664,29.03.2012 22:00:00,-3.62,-2.93,-2.5,-2.18,-1.5
14665,29.03.2012 23:00:00,-3.62,-2.93,-2.5,-2.18,-1.5
14666,30.03.2012 00:00:00,-3.62,-2.93,-2.5,-2.18,-1.5,3.559
14667,30.03.2012 01:00:00,-3.62,-2.93,-2.56,-2.18,-1.5
14668,30.03.2012 02:00:00,-3.62,-2.93,-2.56,-2.18,-1.5
14669,30.03.2012 03:00:00,-3.62,-2.93,-2.5,-2.18,-1.5
14670,30.03.2012 04:00:00,-3.62,-2.93,-2.5,-2.18,-1.5
14671,30.03.2012 05:00:00,-3.62,-2.93,-2.5,-2.18,-1.5
14672,30.03.2012 06:00:00,-3.62,-2.93,-2.56,-2.18,-1.5,3.560
14673,30.03.2012 07:00:00,-3.62,-2.93,-2.5,-2.18,-1.5
14674,30.03.2012 08:00:00,-3.62,-2.93,-2.5,-2.18,-1.5
14675,30.03.2012 09:00:00,-3.62,-2.93,-2.5,-2.18,-1.5
14676,30.03.2012 10:00:00,-3.62,-2.93,-2.5,-2.18,-1.5
14677,30.03.2012 11:00:00,-3.62,-2.93,-2.56,-2.18,-1.5
14678,30.03.2012 12:00:00,-3.62,-2.93,-2.56,-2.18,-1.5,3.559
14679,30.03.2012 13:00:00,-3.62,-2.93,-2.5,-2.12,-1.5
14680,30.03.2012 14:00:00,-3.62,-2.93,-2.56,-2.18,-1.5
14681,30.03.2012 15:00:00,-3.62,-2.93,-2.56,-2.18,-1.5
14682,30.03.2012 16:00:00,-3.62,-2.93,-2.5,-2.18,-1.5
14683,30.03.2012 17:00:00,-3.62,-2.93,-2.56,-2.18,-1.5
14684,30.03.2012 18:00:00,-3.62,-2.93,-2.5,-2.18,-1.5,3.565
14685,30.03.2012 19:00:00,-3.62,-2.93,-2.56,-2.18,-1.5
14686,30.03.2012 20:00:00,-3.62,-2.93,-2.5,-2.12,-1.5
14687,30.03.2012 21:00:00,-3.62,-2.93,-2.56,-2.18,-1.5
14688,30.03.2012 22:00:00,-3.62,-2.93,-2.5,-2.12,-1.5
14689,30.03.2012 23:00:00,-3.62,-2.93,-2.5,-2.18,-1.5
14690,31.03.2012 00:00:00,-3.62,-2.93,-2.5,-2.12,-1.5,3.560
14691,31.03.2012 01:00:00,-3.62,-2.93,-2.5,-2.18,-1.5
14692,31.03.2012 02:00:00,-3.56,-2.93,-2.5,-2.12,-1.5
14693,31.03.2012 03:00:00,-3.56,-2.93,-2.56,-2.12,-1.5
14694,31.03.2012 04:00:00,-3.62,-2.93,-2.5,-2.18,-1.5
14695,31.03.2012 05:00:00,-3.62,-2.93,-2.5,-2.12,-1.5
14696,31.03.2012 06:00:00,-3.56,-2.93,-2.5,-2.18,-1.5,3.566
14697,31.03.2012 07:00:00,-3.62,-2.93,-2.5,-2.18,-1.5
14698,31.03.2012 08:00:00,-3.56,-2.93,-2.5,-2.18,-1.5
14699,31.03.2012 09:00:00,-3.56,-2.93,-2.5,-2.18,-1.5
14700,31.03.2012 10:00:00,-3.56,-2.93,-2.5,-2.18,-1.5
14701,31.03.2012 11:00:00,-3.56,-2.93,-2.5,-2.12,-1.5
14702,31.03.2012 12:00:00,-3.56,-2.93,-2.5,-2.18,-1.5,3.566
14703,31.03.2012 13:00:00,-3.56,-2.93,-2.56,-2.18,-1.5
14704,31.03.2012 14:00:00,-3.56,-2.93,-2.5,-2.18,-1.5
14705,31.03.2012 15:00:00,-3.56,-2.93,-2.5,-2.18,-1.5
14706,31.03.2012 16:00:00,-3.56,-2.93,-2.5,-2.18,-1.5
14707,31.03.2012 17:00:00,-3.56,-2.87,-2.5,-2.18,-1.5
14708,31.03.2012 18:00:00,-3.56,-2.93,-2.5,-2.18,-1.5,3.561
14709,31.03.2012 19:00:00,-3.56,-2.87,-2.5,-2.18,-1.5
14710,31.03.2012 20:00:00,-3.56,-2.93,-2.56,-2.18,-1.5
14711,31.03.2012 21:00:00,-3.56,-2.87,-2.5,-2.12,-1.5
14712,31.03.2012 22:00:00,-3.5,-2.87,-2.5,-2.18,-1.5
14713,31.03.2012 23:00:00,-3.5,-2.87,-2.5,-2.18,-1.5
14714,01.04.2012 00:00:00,-3.5,-2.87,-2.5,-2.18,-1.5,3.565
14715,01.04.2012 01:00:00,-3.5,-2.87,-2.5,-2.18,-1.5
14716,01.04.2012 02:00:00,-3.5,-2.93,-2.5,-2.12,-1.5
14717,01.04.2012 03:00:00,-3.5,-2.87,-2.5,-2.18,-1.5
14718,01.04.2012 04:00:00,-3.5,-2.87,-2.5,-2.18,-1.5
14719,01.04.2012 05:00:00,-3.5,-2.87,-2.5,-2.18,-1.5
14720,01.04.2012 06:00:00,-3.5,-2.87,-2.5,-2.18,-1.5,3.561
14721,01.04.2012 07:00:00,-3.5,-2.87,-2.5,-2.18,-1.5
14722,01.04.2012 08:00:00,-3.43,-2.87,-2.5,-2.12,-1.5
14723,01.04.2012 09:00:00,-3.43,-2.87,-2.5,-2.18,-1.5
14724,01.04.2012 10:00:00,-3.43,-2.87,-2.5,-2.18,-1.5
14725,01.04.2012 11:00:00,-3.43,-2.87,-2.5,-2.18,-1.5
14726,01.04.2012 12:00:00,-3.43,-2.87,-2.5,-2.12,-1.5,3.565
14727,01.04.2012 13:00:00,-3.43,-2.87,-2.5,-2.12,-1.5
14728,01.04.2012 14:00:00,-3.43,-2.87,-2.5,-2.12,-1.5
14729,01.04.2012 15:00:00,-3.43,-2.87,-2.5,-2.18,-1.5
14730,01.04.2012 16:00:00,-3.43,-2.81,-2.5,-2.18,-1.5
14731,01.04.2012 17:00:00,-3.37,-2.81,-2.5,-2.18,-1.5
14732,01.04.2012 18:00:00,-3.37,-2.87,-2.5,-2.12,-1.5,3.563
14733,01.04.2012 19:00:00,-3.37,-2.81,-2.5,-2.12,-1.5
14734,01.04.2012 20:00:00,-3.31,-2.81,-2.43,-2.12,-1.5
14735,01.04.2012 21:00:00,-3.25,-2.81,-2.43,-2.18,-1.5
14736,01.04.2012 22:00:00,-3.18,-2.75,-2.5,-2.12,-1.5
14737,01.04.2012 23:00:00,-3.18,-2.75,-2.5,-2.18,-1.5
14738,02.04.2012 00:00:00,-3.12,-2.75,-2.5,-2.18,-1.5,3.566
14739,02.04.2012 01:00:00,-3.12,-2.75,-2.43,-2.12,-1.5
14740,02.04.2012 02:00:00,-3.06,-2.75,-2.43,-2.12,-1.5
14741,02.04.2012 03:00:00,-3.06,-2.68,-2.43,-2.12,-1.5
14742,02.04.2012 04:00:00,-3,-2.68,-2.43,-2.12,-1.5
14743,02.04.2012 05:00:00,-3,-2.62,-2.43,-2.12,-1.5
14744,02.04.2012 06:00:00,-3,-2.62,-2.37,-2.12,-1.5,3.566
14745,02.04.2012 07:00:00,-3,-2.62,-2.43,-2.12,-1.5
14746,02.04.2012 08:00:00,-3,-2.62,-2.37,-2.18,-1.5
14747,02.04.2012 09:00:00,-3,-2.62,-2.43,-2.12,-1.5
14748,02.04.2012 10:00:00,-3,-2.56,-2.37,-2.12,-1.5
14749,02.04.2012 11:00:00,-2.93,-2.62,-2.37,-2.12,-1.5
14750,02.04.2012 12:00:00,-2.93,-2.56,-2.37,-2.12,-1.5,3.570
14751,02.04.2012 13:00:00,-2.93,-2.56,-2.37,-2.12,-1.5
14752,02.04.2012 14:00:00,-2.93,-2.56,-2.37,-2.12,-1.5
14753,02.04.2012 15:00:00,-2.93,-2.56,-2.37,-2.12,-1.5
14754,02.04.2012 16:00:00,-2.93,-2.56,-2.37,-2.12,-1.5
14755,02.04.2012 17:00:00,-2.93,-2.56,-2.31,-2.12,-1.5
14756,02.04.2012 18:00:00,-2.93,-2.56,-2.31,-2.12,-1.5,3.569
14757,02.04.2012 19:00:00,-2.93,-2.5,-2.31,-2.12,-1.5
14758,02.04.2012 20:00:00,-2.93,-2.5,-2.31,-2.12,-1.5
14759,02.04.2012 21:00:00,-2.93,-2.5,-2.31,-2.12,-1.5
14760,02.04.2012 22:00:00,-2.93,-2.5,-2.31,-2.12,-1.5
14761,02.04.2012 23:00:00,-2.87,-2.5,-2.31,-2.12,-1.5
14762,03.04.2012 00:00:00,-2.87,-2.5,-2.31,-2.06,-1.5,3.571
14763,03.04.2012 01:00:00,-2.87,-2.5,-2.31,-2.12,-1.5
14764,03.04.2012 02:00:00,-2.87,-2.43,-2.31,-2.12,-1.5
14765,03.04.2012 03:00:00,-2.87,-2.43,-2.31,-2.06,-1.5
14766,03.04.2012 04:00:00,-2.87,-2.5,-2.31,-2.06,-1.5
14767,03.04.2012 05:00:00,-2.87,-2.43,-2.25,-2.06,-1.5
14768,03.04.2012 06:00:00,-2.87,-2.43,-2.25,-2.06,-1.5,3.566
14769,03.04.2012 07:00:00,-2.87,-2.43,-2.25,-2.06,-1.5
14770,03.04.2012 08:00:00,-2.87,-2.43,-2.25,-2.06,-1.5
14771,03.04.2012 09:00:00,-2.87,-2.43,-2.25,-2.06,-1.5
14772,03.04.2012 10:00:00,-2.87,-2.43,-2.25,-2.06,-1.5
14773,03.04.2012 11:00:00,-2.87,-2.43,-2.25,-2.06,-1.5
14774,03.04.2012 12:00:00,-2.87,-2.43,-2.25,-2.06,-1.5,3.570
14775,03.04.2012 13:00:00,-2.87,-2.43,-2.25,-2.06,-1.5
14776,03.04.2012 14:00:00,-2.87,-2.43,-2.25,-2.06,-1.5
14777,03.04.2012 15:00:00,-2.87,-2.43,-2.25,-2.06,-1.5
14778,03.04.2012 16:00:00,-2.81,-2.43,-2.25,-2.06,-1.5
14779,03.04.2012 17:00:00,-2.75,-2.43,-2.25,-2.06,-1.5
14780,03.04.2012 18:00:00,-2.68,-2.37,-2.25,-2.06,-1.5,3.570
14781,03.04.2012 19:00:00,-2.68,-2.37,-2.18,-2.06,-1.5
14782,03.04.2012 20:00:00,-2.56,-2.37,-2.18,-2.06,-1.5
14783,03.04.2012 21:00:00,-2.5,-2.37,-2.18,-2.06,-1.5
14784,03.04.2012 22:00:00,-2.5,-2.31,-2.18,-2.06,-1.5
14785,03.04.2012 23:00:00,-2.43,-2.31,-2.18,-2,-1.5
14786,04.04.2012 00:00:00,-2.43,-2.31,-2.18,-2.06,-1.5,3.576
14787,04.04.2012 01:00:00,-2.37,-2.31,-2.18,-2,-1.5
14788,04.04.2012 02:00:00,-2.37,-2.25,-2.18,-2,-1.5
14789,04.04.2012 03:00:00,-2.37,-2.25,-2.18,-2,-1.5
14790,04.04.2012 04:00:00,-2.31,-2.25,-2.18,-2.06,-1.5
14791,04.04.2012 05:00:00,-2.37,-2.25,-2.12,-2.06,-1.5
14792,04.04.2012 06:00:00,-2.31,-2.18,-2.12,-2,-1.5,3.574
14793,04.04.2012 07:00:00,-2.37,-2.18,-2.12,-2,-1.5
14794,04.04.2012 08:00:00,-2.31,-2.18,-2.12,-2,-1.5
14795,04.04.2012 09:00:00,-2.37,-2.18,-2.12,-2,-1.5
14796,04.04.2012 10:00:00,-2.37,-2.18,-2.12,-2,-1.5
14797,04.04.2012 11:00:00,-2.37,-2.18,-2.12,-2,-1.5
14798,04.04.2012 12:00:00,-2.37,-2.18,-2.12,-2,-1.5,3.576
14799,04.04.2012 13:00:00,-2.37,-2.12,-2.12,-2,-1.5
14800,04.04.2012 14:00:00,-2.37,-2.12,-2.06,-2,-1.5
14801,04.04.2012 15:00:00,-2.37,-2.18,-2.06,-2,-1.43
14802,04.04.2012 16:00:00,-2.37,-2.12,-2.06,-2,-1.5
14803,04.04.2012 17:00:00,-2.37,-2.12,-2.06,-1.93,-1.43
14804,04.04.2012 18:00:00,-2.37,-2.12,-2.06,-2,-1.43,3.571
14805,04.04.2012 19:00:00,-2.37,-2.12,-2.06,-1.93,-1.5
14806,04.04.2012 20:00:00,-2.37,-2.12,-2.06,-1.93,-1.5
14807,04.04.2012 21:00:00,-2.37,-2.12,-2.06,-2,-1.5
14808,04.04.2012 22:00:00,-2.31,-2.06,-2.06,-1.93,-1.43
14809,04.04.2012 23:00:00,-2.31,-2.12,-2.06,-1.93,-1.5
14810,05.04.2012 00:00:00,-2.37,-2.12,-2,-1.93,-1.43,3.570
14811,05.04.2012 01:00:00,-2.37,-2.06,-2,-1.93,-1.5
14812,05.04.2012 02:00:00,-2.37,-2.06,-2,-1.93,-1.43
14813,05.04.2012 03:00:00,-2.37,-2.06,-2,-1.93,-1.43
14814,05.04.2012 04:00:00,-2.37,-2.06,-2,-1.93,-1.43
14815,05.04.2012 05:00:00,-2.37,-2.06,-2,-1.93,-1.43
14816,05.04.2012 06:00:00,-2.37,-2.06,-2,-1.93,-1.43,3.574
14817,05.04.2012 07:00:00,-2.37,-2.06,-2,-1.93,-1.43
14818,05.04.2012 08:00:00,-2.37,-2.06,-2,-1.93,-1.43
14819,05.04.2012 09:00:00,-2.37,-2.06,-2,-1.93,-1.43
14820,05.04.2012 10:00:00,-2.37,-2.06,-2,-1.93,-1.43
14821,05.04.2012 11:00:00,-2.37,-2,-1.93,-1.87,-1.43
14822,05.04.2012 12:00:00,-2.37,-2.06,-2,-1.93,-1.43,3.571
14823,05.04.2012 13:00:00,-2.37,-2.06,-1.93,-1.93,-1.43
14824,05.04.2012 14:00:00,-2.37,-2,-1.93,-1.93,-1.43
14825,05.04.2012 15:00:00,-2.37,-2.06,-1.93,-1.87,-1.43
14826,05.04.2012 16:00:00,-2.37,-2.06,-1.93,-1.87,-1.43
14827,05.04.2012 17:00:00,-2.37,-2.06,-1.93,-1.87,-1.43
14828,05.04.2012 18:00:00,-2.31,-2,-1.93,-1.87,-1.43,3.571
14829,05.04.2012 19:00:00,-2.31,-2,-1.93,-1.87,-1.43
14830,05.04.2012 20:00:00,-2.31,-2.06,-1.93,-1.87,-1.43
14831,05.04.2012 21:00:00,-2.31,-2,-1.93,-1.87,-1.43
14832,05.04.2012 22:00:00,-2.31,-2,-1.93,-1.87,-1.43
14833,05.04.2012 23:00:00,-2.31,-2,-1.93,-1.87,-1.43
14834,06.04.2012 00:00:00,-2.31,-2,-1.93,-1.87,-1.43,3.577
14835,06.04.2012 01:00:00,-2.31,-2,-1.93,-1.87,-1.43
14836,06.04.2012 02:00:00,-2.31,-2,-1.93,-1.87,-1.43
14837,06.04.2012 03:00:00,-2.25,-2,-1.93,-1.87,-1.43
14838,06.04.2012 04:00:00,-2.25,-1.93,-1.93,-1.87,-1.43
14839,06.04.2012 05:00:00,-2.25,-2,-1.87,-1.87,-1.43
14840,06.04.2012 06:00:00,-2.31,-1.93,-1.87,-1.87,-1.43,3.576
14841,06.04.2012 07:00:00,-2.25,-1.93,-1.87,-1.81,-1.43
14842,06.04.2012 08:00:00,-2.25,-1.93,-1.87,-1.81,-1.43
14843,06.04.2012 09:00:00,-2.25,-1.93,-1.87,-1.81,-1.43
14844,06.04.2012 10:00:00,-2.25,-1.93,-1.87,-1.81,-1.43
14845,06.04.2012 11:00:00,-2.25,-1.93,-1.87,-1.81,-1.43
14846,06.04.2012 12:00:00,-2.25,-1.93,-1.87,-1.81,-1.43,3.571
14847,06.04.2012 13:00:00,-2.25,-1.93,-1.87,-1.81,-1.43
14848,06.04.2012 14:00:00,-2.25,-1.93,-1.87,-1.81,-1.43
14849,06.04.2012 15:00:00,-2.25,-1.93,-1.87,-1.81,-1.43
14850,06.04.2012 16:00:00,-2.25,-1.93,-1.81,-1.75,-1.43
14851,06.04.2012 17:00:00,-2.25,-1.93,-1.87,-1.81,-1.37
14852,06.04.2012 18:00:00,-2.25,-1.87,-1.87,-1.81,-1.43,3.574
14853,06.04.2012 19:00:00,-2.25,-1.93,-1.81,-1.81,-1.37
14854,06.04.2012 20:00:00,-2.25,-1.93,-1.81,-1.81,-1.37
14855,06.04.2012 21:00:00,-2.25,-1.93,-1.81,-1.81,-1.37
14856,06.04.2012 22:00:00,-2.25,-1.87,-1.81,-1.81,-1.43
14857,06.04.2012 23:00:00,-2.25,-1.87,-1.81,-1.81,-1.37
14858,07.04.2012 00:00:00,-2.25,-1.87,-1.81,-1.81,-1.37,3.573
14859,07.04.2012 01:00:00,-2.25,-1.87,-1.81,-1.81,-1.37
14860,07.04.2012 02:00:00,-2.25,-1.87,-1.81,-1.81,-1.37
14861,07.04.2012 03:00:00,-2.25,-1.87,-1.81,-1.75,-1.37
14862,07.04.2012 04:00:00,-2.25,-1.87,-1.81,-1.81,-1.37
14863,07.04.2012 05:00:00,-2.25,-1.87,-1.81,-1.81,-1.37
14864,07.04.2012 06:00:00,-2.25,-1.87,-1.81,-1.75,-1.37,3.574
14865,07.04.2012 07:00:00,-2.25,-1.87,-1.81,-1.75,-1.37
14866,07.04.2012 08:00:00,-2.25,-1.87,-1.75,-1.75,-1.37
14867,07.04.2012 09:00:00,-2.25,-1.87,-1.81,-1.75,-1.37
14868,07.04.2012 10:00:00,-2.25,-1.87,-1.75,-1.75,-1.37
14869,07.04.2012 11:00:00,-2.25,-1.87,-1.81,-1.75,-1.37
14870,07.04.2012 12:00:00,-2.18,-1.87,-1.81,-1.75,-1.37,3.578
14871,07.04.2012 13:00:00,-2.18,-1.87,-1.81,-1.75,-1.37
14872,07.04.2012 14:00:00,-2.25,-1.87,-1.81,-1.75,-1.37
14873,07.04.2012 15:00:00,-2.18,-1.87,-1.75,-1.75,-1.37
14874,07.04.2012 16:00:00,-2.18,-1.87,-1.75,-1.75,-1.37
14875,07.04.2012 17:00:00,-2.18,-1.81,-1.75,-1.75,-1.37
14876,07.04.2012 18:00:00,-2.18,-1.81,-1.75,-1.75,-1.37,3.574
14877,07.04.2012 19:00:00,-2.18,-1.87,-1.75,-1.75,-1.37
14878,07.04.2012 20:00:00,-2.18,-1.81,-1.75,-1.75,-1.37
14879,07.04.2012 21:00:00,-2.18,-1.81,-1.75,-1.68,-1.37
14880,07.04.2012 22:00:00,-2.18,-1.81,-1.75,-1.68,-1.37
14881,07.04.2012 23:00:00,-2.18,-1.81,-1.75,-1.68,-1.37
14882,08.04.2012 00:00:00,-2.18,-1.81,-1.75,-1.75,-1.37,3.579
14883,08.04.2012 01:00:00,-2.12,-1.81,-1.75,-1.75,-1.37
14884,08.04.2012 02:00:00,-2.12,-1.81,-1.75,-1.68,-1.37
14885,08.04.2012 03:00:00,-2.12,-1.81,-1.75,-1.68,-1.37
14886,08.04.2012 04:00:00,-2.12,-1.81,-1.75,-1.68,-1.37
14887,08.04.2012 05:00:00,-2.12,-1.81,-1.75,-1.68,-1.31
14888,08.04.2012 06:00:00,-2.12,-1.81,-1.75,-1.68,-1.37,3.580
14889,08.04.2012 07:00:00,-2.12,-1.81,-1.75,-1.68,-1.37
14890,08.04.2012 08:00:00,-2.12,-1.81,-1.68,-1.68,-1.37
14891,08.04.2012 09:00:00,-2.12,-1.81,-1.68,-1.68,-1.37
14892,08.04.2012 10:00:00,-2.12,-1.75,-1.68,-1.68,-1.31
14893,08.04.2012 11:00:00,-2.12,-1.75,-1.68,-1.68,-1.31
14894,08.04.2012 12:00:00,-2.12,-1.81,-1.68,-1.68,-1.31,3.575
14895,08.04.2012 13:00:00,-2.12,-1.75,-1.68,-1.68,-1.31
14896,08.04.2012 14:00:00,-2.06,-1.81,-1.68,-1.68,-1.31
14897,08.04.2012 15:00:00,-2.06,-1.75,-1.68,-1.62,-1.37
14898,08.04.2012 16:00:00,-2.06,-1.75,-1.68,-1.68,-1.31
14899,08.04.2012 17:00:00,-2.06,-1.75,-1.68,-1.68,-1.31
14900,08.04.2012 18:00:00,-2.06,-1.75,-1.68,-1.62,-1.31,3.580
14901,08.04.2012 19:00:00,-2.06,-1.75,-1.68,-1.68,-1.31
14902,08.04.2012 20:00:00,-2.06,-1.75,-1.68,-1.68,-1.31
14903,08.04.2012 21:00:00,-2.06,-1.75,-1.68,-1.68,-1.31
14904,08.04.2012 22:00:00,-2.06,-1.75,-1.68,-1.68,-1.31
14905,08.04.2012 23:00:00,-2.06,-1.68,-1.68,-1.62,-1.31
14906,09.04.2012 00:00:00,-2.06,-1.75,-1.68,-1.68,-1.31,3.575
14907,09.04.2012 01:00:00,-2.06,-1.68,-1.68,-1.62,-1.31
14908,09.04.2012 02:00:00,-2.06,-1.68,-1.62,-1.62,-1.31
14909,09.04.2012 03:00:00,-2.06,-1.68,-1.68,-1.62,-1.31
14910,09.04.2012 04:00:00,-2.06,-1.68,-1.62,-1.62,-1.31
14911,09.04.2012 05:00:00,-2,-1.68,-1.62,-1.68,-1.31
14912,09.04.2012 06:00:00,-2,-1.68,-1.68,-1.62,-1.31,3.580
14913,09.04.2012 07:00:00,-2,-1.68,-1.62,-1.62,-1.31
14914,09.04.2012 08:00:00,-2,-1.68,-1.62,-1.62,-1.31
14915,09.04.2012 09:00:00,-2,-1.68,-1.62,-1.62,-1.31
14916,09.04.2012 10:00:00,-2,-1.68,-1.62,-1.62,-1.31
14917,09.04.2012 11:00:00,-2,-1.68,-1.62,-1.62,-1.31
14918,09.04.2012 12:00:00,-2,-1.68,-1.62,-1.62,-1.31,3.574
14919,09.04.2012 13:00:00,-2,-1.68,-1.62,-1.62,-1.31
14920,09.04.2012 14:00:00,-2,-1.68,-1.62,-1.62,-1.31
14921,09.04.2012 15:00:00,-2,-1.68,-1.62,-1.62,-1.31
14922,09.04.2012 16:00:00,-2,-1.68,-1.62,-1.62,-1.31
14923,09.04.2012 17:00:00,-2,-1.68,-1.62,-1.62,-1.31
14924,09.04.2012 18:00:00,-1.93,-1.68,-1.62,-1.62,-1.25,3.574
14925,09.04.2012 19:00:00,-2,-1.62,-1.62,-1.62,-1.25
14926,09.04.2012 20:00:00,-2,-1.68,-1.62,-1.62,-1.25
14927,09.04.2012 21:00:00,-2,-1.68,-1.62,-1.62,-1.25
14928,09.04.2012 22:00:00,-2,-1.68,-1.56,-1.62,-1.31
14929,09.04.2012 23:00:00,-2,-1.62,-1.62,-1.62,-1.31
14930,10.04.2012 00:00:00,-1.93,-1.62,-1.56,-1.62,-1.31,3.576
14931,10.04.2012 01:00:00,-2,-1.62,-1.62,-1.56,-1.31
14932,10.04.2012 02:00:00,-2,-1.62,-1.56,-1.56,-1.25
14933,10.04.2012 03:00:00,-2,-1.62,-1.56,-1.56,-1.25
14934,10.04.2012 04:00:00,-2,-1.62,-1.56,-1.56,-1.25
14935,10.04.2012 05:00:00,-2,-1.68,-1.56,-1.56,-1.25
14936,10.04.2012 06:00:00,-2,-1.62,-1.56,-1.56,-1.25,3.580
14937,10.04.2012 07:00:00,-2,-1.62,-1.56,-1.56,-1.25
14938,10.04.2012 08:00:00,-2,-1.62,-1.56,-1.56,-1.25
14939,10.04.2012 09:00:00,-2,-1.62,-1.56,-1.56,-1.25
14940,10.04.2012 10:00:00,-2,-1.62,-1.56,-1.56,-1.25
14941,10.04.2012 11:00:00,-2,-1.62,-1.56,-1.56,-1.25
14942,10.04.2012 12:00:00,-2,-1.62,-1.56,-1.56,-1.25,3.580
14943,10.04.2012 13:00:00,-2,-1.62,-1.56,-1.56,-1.25
14944,10.04.2012 14:00:00,-2,-1.62,-1.56,-1.56,-1.25
14945,10.04.2012 15:00:00,-1.93,-1.62,-1.56,-1.56,-1.25
14946,10.04.2012 16:00:00,-1.93,-1.62,-1.56,-1.56,-1.25
14947,10.04.2012 17:00:00,-1.93,-1.62,-1.56,-1.56,-1.25
14948,10.04.2012 18:00:00,-2,-1.62,-1.56,-1.5,-1.25,3.581
14949,10.04.2012 19:00:00,-2,-1.62,-1.56,-1.56,-1.25
14950,10.04.2012 20:00:00,-1.93,-1.62,-1.56,-1.5,-1.25
14951,10.04.2012 21:00:00,-1.93,-1.62,-1.56,-1.56,-1.25
14952,10.04.2012 22:00:00,-1.93,-1.62,-1.5,-1.56,-1.25
14953,10.04.2012 23:00:00,-1.93,-1.62,-1.56,-1.56,-1.25
14954,11.04.2012 00:00:00,-1.93,-1.62,-1.56,-1.56,-1.25,3.576
14955,11.04.2012 01:00:00,-1.93,-1.62,-1.56,-1.56,-1.25
14956,11.04.2012 02:00:00,-1.93,-1.62,-1.56,-1.56,-1.25
14957,11.04.2012 03:00:00,-1.93,-1.56,-1.56,-1.5,-1.25
14958,11.04.2012 04:00:00,-1.93,-1.56,-1.5,-1.5,-1.25
14959,11.04.2012 05:00:00,-1.87,-1.62,-1.5,-1.5,-1.25
14960,11.04.2012 06:00:00,-1.93,-1.56,-1.5,-1.5,-1.25,3.581
14961,11.04.2012 07:00:00,-1.93,-1.56,-1.5,-1.5,-1.25
14962,11.04.2012 08:00:00,-1.93,-1.56,-1.5,-1.5,-1.25
14963,11.04.2012 09:00:00,-1.93,-1.56,-1.5,-1.5,-1.25
14964,11.04.2012 10:00:00,-1.93,-1.56,-1.5,-1.5,-1.25
14965,11.04.2012 11:00:00,-1.93,-1.56,-1.5,-1.5,-1.25
14966,11.04.2012 12:00:00,-1.87,-1.56,-1.5,-1.5,-1.25,3.579
14967,11.04.2012 13:00:00,-1.87,-1.56,-1.5,-1.5,-1.25
14968,11.04.2012 14:00:00,-1.87,-1.56,-1.5,-1.5,-1.25
14969,11.04.2012 15:00:00,-1.87,-1.56,-1.5,-1.5,-1.18
14970,11.04.2012 16:00:00,-1.87,-1.56,-1.5,-1.5,-1.25
14971,11.04.2012 17:00:00,-1.87,-1.56,-1.5,-1.5,-1.25
14972,11.04.2012 18:00:00,-1.87,-1.56,-1.5,-1.5,-1.25,3.581
14973,11.04.2012 19:00:00,-1.87,-1.56,-1.43,-1.5,-1.18
14974,11.04.2012 20:00:00,-1.87,-1.56,-1.5,-1.5,-1.25
14975,11.04.2012 21:00:00,-1.87,-1.56,-1.5,-1.5,-1.18
14976,11.04.2012 22:00:00,-1.87,-1.5,-1.5,-1.5,-1.18
14977,11.04.2012 23:00:00,-1.87,-1.56,-1.5,-1.5,-1.18
14978,12.04.2012 00:00:00,-1.81,-1.5,-1.5,-1.5,-1.18,3.579
14979,12.04.2012 01:00:00,-1.87,-1.56,-1.5,-1.5,-1.18
14980,12.04.2012 02:00:00,-1.81,-1.56,-1.5,-1.5,-1.18
14981,12.04.2012 03:00:00,-1.81,-1.5,-1.5,-1.5,-1.18
14982,12.04.2012 04:00:00,-1.81,-1.5,-1.43,-1.5,-1.18
14983,12.04.2012 05:00:00,-1.81,-1.56,-1.5,-1.5,-1.18
14984,12.04.2012 06:00:00,-1.81,-1.5,-1.43,-1.5,-1.18,3.584
14985,12.04.2012 07:00:00,-1.81,-1.5,-1.43,-1.5,-1.18
14986,12.04.2012 08:00:00,-1.81,-1.5,-1.43,-1.5,-1.18
14987,12.04.2012 09:00:00,-1.81,-1.5,-1.43,-1.43,-1.18
14988,12.04.2012 10:00:00,-1.81,-1.5,-1.43,-1.5,-1.18
14989,12.04.2012 11:00:00,-1.81,-1.5,-1.43,-1.5,-1.18
14990,12.04.2012 12:00:00,-1.81,-1.5,-1.43,-1.5,-1.18,3.576
14991,12.04.2012 13:00:00,-1.81,-1.5,-1.43,-1.43,-1.18
14992,12.04.2012 14:00:00,-1.81,-1.5,-1.43,-1.43,-1.18
14993,12.04.2012 15:00:00,-1.81,-1.5,-1.43,-1.43,-1.18
14994,12.04.2012 16:00:00,-1.81,-1.5,-1.43,-1.43,-1.18
14995,12.04.2012 17:00:00,-1.81,-1.5,-1.43,-1.43,-1.18
14996,12.04.2012 18:00:00,-1.81,-1.5,-1.43,-1.43,-1.18,3.578
14997,12.04.2012 19:00:00,-1.81,-1.5,-1.43,-1.43,-1.18
14998,12.04.2012 20:00:00,-1.81,-1.5,-1.43,-1.43,-1.18
14999,12.04.2012 21:00:00,-1.81,-1.5,-1.43,-1.43,-1.18
15000,12.04.2012 22:00:00,-1.81,-1.43,-1.43,-1.43,-1.18
15001,12.04.2012 23:00:00,-1.81,-1.5,-1.43,-1.43,-1.18
15002,13.04.2012 00:00:00,-1.81,-1.43,-1.43,-1.43,-1.18,3.579
15003,13.04.2012 01:00:00,-1.75,-1.5,-1.43,-1.43,-1.18
15004,13.04.2012 02:00:00,-1.75,-1.43,-1.43,-1.43,-1.18
15005,13.04.2012 03:00:00,-1.81,-1.43,-1.43,-1.43,-1.18
15006,13.04.2012 04:00:00,-1.75,-1.43,-1.43,-1.43,-1.18
15007,13.04.2012 05:00:00,-1.75,-1.43,-1.43,-1.43,-1.18
15008,13.04.2012 06:00:00,-1.75,-1.43,-1.37,-1.43,-1.18,3.579
15009,13.04.2012 07:00:00,-1.81,-1.43,-1.37,-1.43,-1.18
15010,13.04.2012 08:00:00,-1.75,-1.43,-1.43,-1.43,-1.18
15011,13.04.2012 09:00:00,-1.75,-1.43,-1.37,-1.43,-1.18
15012,13.04.2012 10:00:00,-1.75,-1.43,-1.37,-1.43,-1.18
15013,13.04.2012 11:00:00,-1.75,-1.43,-1.37,-1.43,-1.12
15014,13.04.2012 12:00:00,-1.75,-1.43,-1.37,-1.37,-1.12,3.577
15015,13.04.2012 13:00:00,-1.75,-1.43,-1.37,-1.43,-1.18
15016,13.04.2012 14:00:00,-1.75,-1.43,-1.37,-1.37,-1.12
15017,13.04.2012 15:00:00,-1.75,-1.43,-1.37,-1.37,-1.18
15018,13.04.2012 16:00:00,-1.75,-1.43,-1.37,-1.43,-1.18
15019,13.04.2012 17:00:00,-1.75,-1.43,-1.37,-1.37,-1.18
15020,13.04.2012 18:00:00,-1.75,-1.43,-1.37,-1.37,-1.12,3.584
15021,13.04.2012 19:00:00,-1.75,-1.43,-1.37,-1.37,-1.18
15022,13.04.2012 20:00:00,-1.75,-1.37,-1.37,-1.43,-1.12
15023,13.04.2012 21:00:00,-1.75,-1.43,-1.37,-1.37,-1.12
15024,13.04.2012 22:00:00,-1.75,-1.43,-1.37,-1.37,-1.12
15025,13.04.2012 23:00:00,-1.75,-1.43,-1.37,-1.43,-1.12
15026,14.04.2012 00:00:00,-1.68,-1.43,-1.37,-1.37,-1.12,3.582
15027,14.04.2012 01:00:00,-1.68,-1.37,-1.37,-1.37,-1.12
15028,14.04.2012 02:00:00,-1.75,-1.37,-1.31,-1.37,-1.12
15029,14.04.2012 03:00:00,-1.68,-1.37,-1.37,-1.37,-1.12
15030,14.04.2012 04:00:00,-1.75,-1.37,-1.37,-1.37,-1.12
15031,14.04.2012 05:00:00,-1.75,-1.37,-1.31,-1.37,-1.12
15032,14.04.2012 06:00:00,-1.75,-1.37,-1.37,-1.37,-1.12,3.579
15033,14.04.2012 07:00:00,-1.68,-1.37,-1.31,-1.37,-1.12
15034,14.04.2012 08:00:00,-1.75,-1.37,-1.37,-1.37,-1.12
15035,14.04.2012 09:00:00,-1.75,-1.37,-1.31,-1.37,-1.12
15036,14.04.2012 10:00:00,-1.75,-1.37,-1.31,-1.37,-1.12
15037,14.04.2012 11:00:00,-1.75,-1.37,-1.37,-1.37,-1.12
15038,14.04.2012 12:00:00,-1.75,-1.37,-1.31,-1.37,-1.12,3.578
15039,14.04.2012 13:00:00,-1.75,-1.37,-1.31,-1.37,-1.12
15040,14.04.2012 14:00:00,-1.68,-1.37,-1.37,-1.37,-1.12
15041,14.04.2012 15:00:00,-1.75,-1.37,-1.31,-1.37,-1.12
15042,14.04.2012 16:00:00,-1.75,-1.37,-1.37,-1.31,-1.12
15043,14.04.2012 17:00:00,-1.75,-1.37,-1.31,-1.37,-1.12
15044,14.04.2012 18:00:00,-1.75,-1.37,-1.31,-1.37,-1.12,3.578
15045,14.04.2012 19:00:00,-1.68,-1.37,-1.31,-1.31,-1.12
15046,14.04.2012 20:00:00,-1.75,-1.37,-1.31,-1.37,-1.12
15047,14.04.2012 21:00:00,-1.68,-1.37,-1.31,-1.37,-1.12
15048,14.04.2012 22:00:00,-1.75,-1.37,-1.31,-1.37,-1.12
15049,14.04.2012 23:00:00,-1.68,-1.37,-1.31,-1.37,-1.12
15050,15.04.2012 00:00:00,-1.75,-1.37,-1.31,-1.31,-1.12,3.578
15051,15.04.2012 01:00:00,-1.75,-1.37,-1.31,-1.31,-1.12
15052,15.04.2012 02:00:00,-1.75,-1.37,-1.31,-1.37,-1.12
15053,15.04.2012 03:00:00,-1.68,-1.37,-1.31,-1.31,-1.12
15054,15.04.2012 04:00:00,-1.75,-1.31,-1.31,-1.37,-1.12
15055,15.04.2012 05:00:00,-1.75,-1.31,-1.31,-1.31,-1.12
15056,15.04.2012 06:00:00,-1.75,-1.37,-1.31,-1.31,-1.12,3.584
15057,15.04.2012 07:00:00,-1.75,-1.37,-1.31,-1.31,-1.12
15058,15.04.2012 08:00:00,-1.68,-1.37,-1.31,-1.31,-1.12
15059,15.04.2012 09:00:00,-1.75,-1.37,-1.25,-1.31,-1.12
15060,15.04.2012 10:00:00,-1.75,-1.31,-1.31,-1.31,-1.06
15061,15.04.2012 11:00:00,-1.75,-1.37,-1.31,-1.31,-1.12
15062,15.04.2012 12:00:00,-1.75,-1.37,-1.31,-1.31,-1.12,3.579
15063,15.04.2012 13:00:00,-1.75,-1.37,-1.31,-1.31,-1.06
15064,15.04.2012 14:00:00,-1.75,-1.37,-1.31,-1.31,-1.12
15065,15.04.2012 15:00:00,-1.75,-1.37,-1.31,-1.31,-1.12
15066,15.04.2012 16:00:00,-1.75,-1.37,-1.31,-1.31,-1.12
15067,15.04.2012 17:00:00,-1.68,-1.37,-1.31,-1.31,-1.06
15068,15.04.2012 18:00:00,-1.75,-1.37,-1.31,-1.31,-1.06,3.584
15069,15.04.2012 19:00:00,-1.68,-1.31,-1.25,-1.31,-1.06
15070,15.04.2012 20:00:00,-1.75,-1.37,-1.25,-1.31,-1.06
15071,15.04.2012 21:00:00,-1.75,-1.31,-1.25,-1.31,-1.06
15072,15.04.2012 22:00:00,-1.75,-1.31,-1.31,-1.31,-1.06
15073,15.04.2012 23:00:00,-1.75,-1.31,-1.31,-1.31,-1.06
15074,16.04.2012 00:00:00,-1.75,-1.31,-1.31,-1.31,-1.06,3.585
15075,16.04.2012 01:00:00,-1.75,-1.31,-1.25,-1.31,-1.06
15076,16.04.2012 02:00:00,-1.75,-1.31,-1.31,-1.31,-1.06
15077,16.04.2012 03:00:00,-1.75,-1.37,-1.31,-1.31,-1.06
15078,16.04.2012 04:00:00,-1.75,-1.31,-1.25,-1.31,-1.06
15079,16.04.2012 05:00:00,-1.75,-1.31,-1.25,-1.31,-1.06
15080,16.04.2012 06:00:00,-1.75,-1.31,-1.25,-1.31,-1.06,3.578
15081,16.04.2012 07:00:00,-1.75,-1.37,-1.25,-1.31,-1.06
15082,16.04.2012 08:00:00,-1.75,-1.37,-1.25,-1.31,-1.06
15083,16.04.2012 09:00:00,-1.75,-1.31,-1.25,-1.25,-1.06
15084,16.04.2012 10:00:00,-1.75,-1.37,-1.25,-1.31,-1.06
15085,16.04.2012 11:00:00,-1.75,-1.37,-1.25,-1.31,-1.06
15086,16.04.2012 12:00:00,-1.75,-1.31,-1.25,-1.31,-1.06,3.583
15087,16.04.2012 13:00:00,-1.75,-1.31,-1.25,-1.31,-1.06
15088,16.04.2012 14:00:00,-1.75,-1.31,-1.25,-1.31,-1.06
15089,16.04.2012 15:00:00,-1.75,-1.37,-1.25,-1.25,-1.06
15090,16.04.2012 16:00:00,-1.75,-1.37,-1.25,-1.31,-1.06
15091,16.04.2012 17:00:00,-1.75,-1.31,-1.25,-1.31,-1.06
15092,16.04.2012 18:00:00,-1.75,-1.31,-1.25,-1.31,-1.06,3.578
15093,16.04.2012 19:00:00,-1.75,-1.31,-1.25,-1.25,-1.06
15094,16.04.2012 20:00:00,-1.75,-1.31,-1.25,-1.25,-1.06
15095,16.04.2012 21:00:00,-1.75,-1.31,-1.25,-1.25,-1.06
15096,16.04.2012 22:00:00,-1.75,-1.31,-1.25,-1.25,-1.06
15097,16.04.2012 23:00:00,-1.75,-1.31,-1.25,-1.25,-1.06
15098,17.04.2012 00:00:00,-1.75,-1.37,-1.25,-1.25,-1.06,3.584
15099,17.04.2012 01:00:00,-1.75,-1.37,-1.25,-1.25,-1.06
15100,17.04.2012 02:00:00,-1.75,-1.37,-1.25,-1.25,-1.06
15101,17.04.2012 03:00:00,-1.75,-1.37,-1.25,-1.25,-1.06
15102,17.04.2012 04:00:00,-1.75,-1.37,-1.25,-1.25,-1.06
15103,17.04.2012 05:00:00,-1.75,-1.31,-1.25,-1.25,-1.06
15104,17.04.2012 06:00:00,-1.75,-1.31,-1.25,-1.25,-1.06,3.579
15105,17.04.2012 07:00:00,-1.75,-1.31,-1.25,-1.25,-1.06
15106,17.04.2012 08:00:00,-1.75,-1.31,-1.25,-1.25,-1.06
15107,17.04.2012 09:00:00,-1.75,-1.31,-1.25,-1.25,-1.06
15108,17.04.2012 10:00:00,-1.75,-1.31,-1.25,-1.25,-1.06
15109,17.04.2012 11:00:00,-1.75,-1.31,-1.25,-1.25,-1
15110,17.04.2012 12:00:00,-1.75,-1.37,-1.25,-1.25,-1,3.578
15111,17.04.2012 13:00:00,-1.75,-1.31,-1.25,-1.25,-1
15112,17.04.2012 14:00:00,-1.75,-1.31,-1.25,-1.25,-1.06
15113,17.04.2012 15:00:00,-1.75,-1.31,-1.25,-1.25,-1.06
15114,17.04.2012 16:00:00,-1.75,-1.31,-1.25,-1.25,-1
15115,17.04.2012 17:00:00,-1.75,-1.31,-1.25,-1.25,-1.06
15116,17.04.2012 18:00:00,-1.75,-1.31,-1.25,-1.25,-1.06,3.577
15117,17.04.2012 19:00:00,-1.75,-1.37,-1.25,-1.25,-1.06
15118,17.04.2012 20:00:00,-1.75,-1.31,-1.25,-1.25,-1
15119,17.04.2012 21:00:00,-1.75,-1.31,-1.25,-1.25,-1.06
15120,17.04.2012 22:00:00,-1.75,-1.31,-1.25,-1.25,-1.06
15121,17.04.2012 23:00:00,-1.75,-1.37,-1.18,-1.25,-1
15122,18.04.2012 00:00:00,-1.75,-1.37,-1.18,-1.25,-1,3.585
15123,18.04.2012 01:00:00,-1.75,-1.37,-1.25,-1.25,-1
15124,18.04.2012 02:00:00,-1.75,-1.31,-1.25,-1.25,-1
15125,18.04.2012 03:00:00,-1.75,-1.31,-1.25,-1.25,-1
15126,18.04.2012 04:00:00,-1.75,-1.31,-1.18,-1.25,-1
15127,18.04.2012 05:00:00,-1.75,-1.37,-1.25,-1.18,-1
15128,18.04.2012 06:00:00,-1.75,-1.31,-1.25,-1.25,-1,3.582
15129,18.04.2012 07:00:00,-1.81,-1.31,-1.25,-1.25,-1
15130,18.04.2012 08:00:00,-1.75,-1.31,-1.25,-1.25,-1.06
15131,18.04.2012 09:00:00,-1.75,-1.31,-1.25,-1.25,-1
15132,18.04.2012 10:00:00,-1.75,-1.31,-1.25,-1.25,-1
15133,18.04.2012 11:00:00,-1.75,-1.31,-1.25,-1.25,-1
15134,18.04.2012 12:00:00,-1.75,-1.31,-1.25,-1.25,-1,3.583
15135,18.04.2012 13:00:00,-1.75,-1.31,-1.25,-1.25,-1
15136,18.04.2012 14:00:00,-1.75,-1.31,-1.25,-1.18,-1
15137,18.04.2012 15:00:00,-1.75,-1.31,-1.25,-1.18,-1
15138,18.04.2012 16:00:00,-1.75,-1.31,-1.25,-1.25,-1
15139,18.04.2012 17:00:00,-1.75,-1.37,-1.18,-1.25,-1
15140,18.04.2012 18:00:00,-1.75,-1.31,-1.25,-1.25,-1,3.577
15141,18.04.2012 19:00:00,-1.75,-1.31,-1.25,-1.18,-1
15142,18.04.2012 20:00:00,-1.75,-1.31,-1.25,-1.25,-1
15143,18.04.2012 21:00:00,-1.75,-1.31,-1.25,-1.18,-1
15144,18.04.2012 22:00:00,-1.75,-1.37,-1.25,-1.25,-1
15145,18.04.2012 23:00:00,-1.75,-1.31,-1.18,-1.18,-1
15146,19.04.2012 00:00:00,-1.75,-1.31,-1.25,-1.25,-1,3.584
15147,19.04.2012 01:00:00,-1.75,-1.31,-1.18,-1.18,-1
15148,19.04.2012 02:00:00,-1.75,-1.31,-1.25,-1.18,-1
15149,19.04.2012 03:00:00,-1.75,-1.31,-1.18,-1.25,-1
15150,19.04.2012 04:00:00,-1.75,-1.31,-1.18,-1.25,-1
15151,19.04.2012 05:00:00,-1.75,-1.37,-1.18,-1.18,-1
15152,19.04.2012 06:00:00,-1.75,-1.31,-1.18,-1.18,-1,3.582
15153,19.04.2012 07:00:00,-1.75,-1.31,-1.18,-1.18,-1
15154,19.04.2012 08:00:00,-1.75,-1.31,-1.18,-1.25,-1
15155,19.04.2012 09:00:00,-1.75,-1.31,-1.18,-1.18,-1
15156,19.04.2012 10:00:00,-1.75,-1.31,-1.25,-1.18,-1
15157,19.04.2012 11:00:00,-1.75,-1.31,-1.25,-1.18,-1
15158,19.04.2012 12:00:00,-1.75,-1.31,-1.18,-1.18,-1,3.582
15159,19.04.2012 13:00:00,-1.68,-1.31,-1.18,-1.18,-1
15160,19.04.2012 14:00:00,-1.68,-1.31,-1.18,-1.18,-1
15161,19.04.2012 15:00:00,-1.75,-1.31,-1.18,-1.18,-1
15162,19.04.2012 16:00:00,-1.68,-1.31,-1.18,-1.18,-1
15163,19.04.2012 17:00:00,-1.68,-1.31,-1.18,-1.18,-1
15164,19.04.2012 18:00:00,-1.68,-1.31,-1.18,-1.18,-1,3.582
15165,19.04.2012 19:00:00,-1.62,-1.31,-1.18,-1.25,-1
15166,19.04.2012 20:00:00,-1.62,-1.31,-1.18,-1.25,-1
15167,19.04.2012 21:00:00,-1.62,-1.31,-1.25,-1.18,-1
15168,19.04.2012 22:00:00,-1.56,-1.31,-1.18,-1.18,-1
15169,19.04.2012 23:00:00,-1.56,-1.31,-1.18,-1.18,-1
15170,20.04.2012 00:00:00,-1.56,-1.31,-1.18,-1.18,-1,3.587
15171,20.04.2012 01:00:00,-1.56,-1.31,-1.18,-1.18,-1
15172,20.04.2012 02:00:00,-1.5,-1.25,-1.18,-1.18,-1
15173,20.04.2012 03:00:00,-1.5,-1.25,-1.18,-1.18,-1
15174,20.04.2012 04:00:00,-1.5,-1.25,-1.18,-1.18,-1
15175,20.04.2012 05:00:00,-1.5,-1.25,-1.18,-1.18,-1
15176,20.04.2012 06:00:00,-1.43,-1.25,-1.18,-1.18,-0.93,3.581
15177,20.04.2012 07:00:00,-1.5,-1.25,-1.18,-1.18,-1
15178,20.04.2012 08:00:00,-1.43,-1.25,-1.18,-1.18,-1
15179,20.04.2012 09:00:00,-1.43,-1.25,-1.18,-1.18,-1
15180,20.04.2012 10:00:00,-1.43,-1.25,-1.18,-1.18,-1
15181,20.04.2012 11:00:00,-1.43,-1.18,-1.18,-1.18,-1
15182,20.04.2012 12:00:00,-1.43,-1.25,-1.18,-1.18,-0.93,3.581
15183,20.04.2012 13:00:00,-1.43,-1.18,-1.18,-1.18,-1
15184,20.04.2012 14:00:00,-1.43,-1.18,-1.18,-1.18,-0.93
15185,20.04.2012 15:00:00,-1.43,-1.18,-1.18,-1.18,-0.93
15186,20.04.2012 16:00:00,-1.43,-1.18,-1.18,-1.18,-1
15187,20.04.2012 17:00:00,-1.37,-1.18,-1.18,-1.18,-1
15188,20.04.2012 18:00:00,-1.37,-1.18,-1.12,-1.18,-0.93,3.584
15189,20.04.2012 19:00:00,-1.37,-1.18,-1.18,-1.18,-0.93
15190,20.04.2012 20:00:00,-1.31,-1.18,-1.12,-1.18,-1
15191,20.04.2012 21:00:00,-1.31,-1.18,-1.12,-1.18,-1
15192,20.04.2012 22:00:00,-1.31,-1.18,-1.12,-1.18,-1
15193,20.04.2012 23:00:00,-1.25,-1.18,-1.12,-1.18,-1
15194,21.04.2012 00:00:00,-1.25,-1.18,-1.12,-1.18,-0.93,3.583
15195,21.04.2012 01:00:00,-1.25,-1.18,-1.12,-1.18,-0.93
15196,21.04.2012 02:00:00,-1.18,-1.12,-1.12,-1.12,-0.93
15197,21.04.2012 03:00:00,-1.18,-1.12,-1.12,-1.18,-1
15198,21.04.2012 04:00:00,-1.18,-1.12,-1.12,-1.18,-0.93
15199,21.04.2012 05:00:00,-1.18,-1.12,-1.12,-1.18,-0.93
15200,21.04.2012 06:00:00,-1.18,-1.12,-1.12,-1.18,-1,3.583
15201,21.04.2012 07:00:00,-1.18,-1.06,-1.12,-1.18,-0.93
15202,21.04.2012 08:00:00,-1.18,-1.12,-1.12,-1.12,-0.93
15203,21.04.2012 09:00:00,-1.12,-1.12,-1.12,-1.18,-0.93
15204,21.04.2012 10:00:00,-1.12,-1.06,-1.12,-1.18,-0.93
15205,21.04.2012 11:00:00,-1.12,-1.06,-1.12,-1.12,-1
15206,21.04.2012 12:00:00,-1.12,-1.06,-1.12,-1.18,-0.93,3.591
15207,21.04.2012 13:00:00,-1.06,-1.06,-1.12,-1.18,-0.93
15208,21.04.2012 14:00:00,-1.06,-1.06,-1.12,-1.18,-0.93
15209,21.04.2012 15:00:00,-1.06,-1.06,-1.06,-1.12,-0.93
15210,21.04.2012 16:00:00,-1.06,-1.06,-1.12,-1.12,-0.93
15211,21.04.2012 17:00:00,-1.06,-1,-1.12,-1.12,-0.93
15212,21.04.2012 18:00:00,-1.06,-1,-1.06,-1.12,-0.93,3.589
15213,21.04.2012 19:00:00,-1.06,-1,-1.06,-1.12,-0.93
15214,21.04.2012 20:00:00,-1.06,-1,-1.06,-1.18,-0.93
15215,21.04.2012 21:00:00,-1.06,-1,-1.06,-1.12,-0.93
15216,21.04.2012 22:00:00,-1.06,-1,-1.06,-1.12,-0.93
15217,21.04.2012 23:00:00,-1.06,-1,-1.06,-1.12,-0.93
15218,22.04.2012 00:00:00,-1,-1,-1.06,-1.12,-0.93,3.586
15219,22.04.2012 01:00:00,-1,-1,-1.06,-1.12,-0.93
15220,22.04.2012 02:00:00,-1,-1,-1,-1.12,-0.93
15221,22.04.2012 03:00:00,-1,-0.93,-1.06,-1.12,-0.93
15222,22.04.2012 04:00:00,-1,-0.93,-1.06,-1.12,-0.93
15223,22.04.2012 05:00:00,-1,-0.93,-1,-1.12,-0.93
15224,22.04.2012 06:00:00,-1,-0.93,-1,-1.12,-0.93,3.587
15225,22.04.2012 07:00:00,-1,-0.93,-1.06,-1.12,-0.93
15226,22.04.2012 08:00:00,-1,-0.93,-1.06,-1.12,-0.93
15227,22.04.2012 09:00:00,-1,-0.93,-1,-1.12,-0.93
15228,22.04.2012 10:00:00,-0.93,-0.93,-1,-1.12,-0.93
15229,22.04.2012 11:00:00,-0.93,-0.93,-1,-1.12,-0.93
15230,22.04.2012 12:00:00,-0.93,-0.93,-1,-1.12,-0.93,3.587
15231,22.04.2012 13:00:00,-0.93,-0.93,-1,-1.12,-0.93
15232,22.04.2012 14:00:00,-0.93,-0.93,-1,-1.12,-0.93
15233,22.04.2012 15:00:00,-0.93,-0.93,-1,-1.12,-0.93
15234,22.04.2012 16:00:00,-0.93,-0.87,-1,-1.06,-0.93
15235,22.04.2012 17:00:00,-0.93,-0.87,-1,-1.12,-0.93
15236,22.04.2012 18:00:00,-0.93,-0.87,-1,-1.12,-0.93,3.587
15237,22.04.2012 19:00:00,-0.93,-0.87,-1,-1.12,-0.93
15238,22.04.2012 20:00:00,-0.93,-0.87,-1,-1.06,-0.93
15239,22.04.2012 21:00:00,-0.87,-0.87,-0.93,-1.12,-0.93
15240,22.04.2012 22:00:00,-0.93,-0.87,-1,-1.12,-0.93
15241,22.04.2012 23:00:00,-0.87,-0.87,-0.93,-1.06,-0.93
15242,23.04.2012 00:00:00,-0.93,-0.87,-0.93,-1.06,-0.93,3.593
15243,23.04.2012 01:00:00,-0.93,-0.87,-0.93,-1.06,-0.93
15244,23.04.2012 02:00:00,-0.87,-0.81,-0.93,-1.06,-0.93
15245,23.04.2012 03:00:00,-0.87,-0.87,-0.93,-1.06,-0.93
15246,23.04.2012 04:00:00,-0.87,-0.81,-0.93,-1.06,-0.93
15247,23.04.2012 05:00:00,-0.87,-0.81,-0.93,-1.06,-0.93
15248,23.04.2012 06:00:00,-0.87,-0.81,-0.93,-1.06,-0.93,3.588
15249,23.04.2012 07:00:00,-0.87,-0.81,-0.93,-1.06,-0.93
15250,23.04.2012 08:00:00,-0.87,-0.81,-0.93,-1.06,-0.93
15251,23.04.2012 09:00:00,-0.87,-0.81,-0.93,-1.06,-0.93
15252,23.04.2012 10:00:00,-0.87,-0.81,-0.93,-1.06,-0.93
15253,23.04.2012 11:00:00,-0.87,-0.81,-0.93,-1.06,-0.87
15254,23.04.2012 12:00:00,-0.87,-0.81,-0.93,-1.06,-0.87,3.592
15255,23.04.2012 13:00:00,-0.87,-0.81,-0.93,-1.06,-0.93
15256,23.04.2012 14:00:00,-0.81,-0.81,-0.93,-1.06,-0.93
15257,23.04.2012 15:00:00,-0.81,-0.81,-0.87,-1.06,-0.93
15258,23.04.2012 16:00:00,-0.87,-0.75,-0.93,-1.06,-0.87
15259,23.04.2012 17:00:00,-0.87,-0.81,-0.87,-1.06,-0.87
15260,23.04.2012 18:00:00,-0.87,-0.81,-0.87,-1.06,-0.93,3.595
15261,23.04.2012 19:00:00,-0.87,-0.75,-0.87,-1,-0.87
15262,23.04.2012 20:00:00,-0.87,-0.75,-0.87,-1.06,-0.87
15263,23.04.2012 21:00:00,-0.81,-0.75,-0.87,-1.06,-0.93
15264,23.04.2012 22:00:00,-0.81,-0.75,-0.87,-1.06,-0.93
15265,23.04.2012 23:00:00,-0.81,-0.75,-0.87,-1,-0.87
15266,24.04.2012 00:00:00,-0.81,-0.75,-0.87,-1,-0.87,3.588
15267,24.04.2012 01:00:00,-0.81,-0.75,-0.87,-1.06,-0.87
15268,24.04.2012 02:00:00,-0.81,-0.75,-0.87,-1,-0.87
15269,24.04.2012 03:00:00,-0.81,-0.75,-0.87,-1,-0.93
15270,24.04.2012 04:00:00,-0.81,-0.75,-0.87,-1,-0.87
15271,24.04.2012 05:00:00,-0.81,-0.75,-0.87,-1.06,-0.87
15272,24.04.2012 06:00:00,-0.81,-0.75,-0.87,-1,-0.87,3.594
15273,24.04.2012 07:00:00,-0.81,-0.75,-0.87,-1,-0.87
15274,24.04.2012 08:00:00,-0.81,-0.75,-0.87,-1,-0.87
15275,24.04.2012 09:00:00,-0.81,-0.75,-0.87,-1,-0.87
15276,24.04.2012 10:00:00,-0.81,-0.75,-0.87,-1,-0.87
15277,24.04.2012 11:00:00,-0.81,-0.75,-0.87,-1,-0.87
15278,24.04.2012 12:00:00,-0.81,-0.75,-0.87,-1,-0.87,3.589
15279,24.04.2012 13:00:00,-0.81,-0.68,-0.87,-1,-0.87
15280,24.04.2012 14:00:00,-0.75,-0.68,-0.87,-1,-0.87
15281,24.04.2012 15:00:00,-0.81,-0.75,-0.81,-1,-0.87
15282,24.04.2012 16:00:00,-0.81,-0.75,-0.81,-1,-0.87
15283,24.04.2012 17:00:00,-0.81,-0.75,-0.81,-1,-0.87
15284,24.04.2012 18:00:00,-0.81,-0.68,-0.81,-1,-0.87,3.592
15285,24.04.2012 19:00:00,-0.75,-0.68,-0.81,-1,-0.87
15286,24.04.2012 20:00:00,-0.75,-0.68,-0.81,-1,-0.87
15287,24.04.2012 21:00:00,-0.81,-0.68,-0.81,-1,-0.87
15288,24.04.2012 22:00:00,-0.75,-0.68,-0.81,-1,-0.87
15289,24.04.2012 23:00:00,-0.81,-0.68,-0.81,-1,-0.87
15290,25.04.2012 00:00:00,-0.81,-0.68,-0.81,-1,-0.87,3.588
15291,25.04.2012 01:00:00,-0.75,-0.68,-0.81,-1,-0.87
15292,25.04.2012 02:00:00,-0.75,-0.68,-0.81,-1,-0.87
15293,25.04.2012 03:00:00,-0.75,-0.68,-0.87,-1,-0.87
15294,25.04.2012 04:00:00,-0.75,-0.68,-0.81,-1,-0.87
15295,25.04.2012 05:00:00,-0.75,-0.68,-0.81,-1,-0.87
15296,25.04.2012 06:00:00,-0.75,-0.68,-0.81,-1,-0.87,3.589
15297,25.04.2012 07:00:00,-0.75,-0.68,-0.81,-0.93,-0.87
15298,25.04.2012 08:00:00,-0.75,-0.68,-0.81,-1,-0.87
15299,25.04.2012 09:00:00,-0.75,-0.68,-0.81,-0.93,-0.87
15300,25.04.2012 10:00:00,-0.75,-0.68,-0.81,-0.93,-0.87
15301,25.04.2012 11:00:00,-0.75,-0.68,-0.81,-1,-0.87
15302,25.04.2012 12:00:00,-0.75,-0.62,-0.81,-0.93,-0.87,3.588
15303,25.04.2012 13:00:00,-0.75,-0.68,-0.81,-0.93,-0.87
15304,25.04.2012 14:00:00,-0.75,-0.62,-0.75,-0.93,-0.87
15305,25.04.2012 15:00:00,-0.75,-0.62,-0.81,-0.93,-0.87
15306,25.04.2012 16:00:00,-0.75,-0.68,-0.81,-0.93,-0.87
15307,25.04.2012 17:00:00,-0.75,-0.68,-0.75,-0.93,-0.87
15308,25.04.2012 18:00:00,-0.75,-0.62,-0.81,-0.93,-0.87,3.594
15309,25.04.2012 19:00:00,-0.75,-0.62,-0.75,-0.93,-0.87
15310,25.04.2012 20:00:00,-0.75,-0.62,-0.75,-0.93,-0.87
15311,25.04.2012 21:00:00,-0.75,-0.62,-0.75,-0.93,-0.81
15312,25.04.2012 22:00:00,-0.75,-0.62,-0.75,-0.93,-0.87
15313,25.04.2012 23:00:00,-0.75,-0.62,-0.75,-0.93,-0.81
15314,26.04.2012 00:00:00,-0.75,-0.62,-0.75,-0.93,-0.81,3.592
15315,26.04.2012 01:00:00,-0.68,-0.62,-0.75,-0.93,-0.87
15316,26.04.2012 02:00:00,-0.75,-0.62,-0.75,-0.93,-0.87
15317,26.04.2012 03:00:00,-0.75,-0.62,-0.75,-0.93,-0.81
15318,26.04.2012 04:00:00,-0.68,-0.62,-0.75,-0.93,-0.81
15319,26.04.2012 05:00:00,-0.75,-0.62,-0.75,-0.93,-0.87
15320,26.04.2012 06:00:00,-0.75,-0.62,-0.75,-0.93,-0.87,3.595
15321,26.04.2012 07:00:00,-0.75,-0.62,-0.75,-0.93,-0.81
15322,26.04.2012 08:00:00,-0.68,-0.62,-0.75,-0.93,-0.81
15323,26.04.2012 09:00:00,-0.75,-0.62,-0.75,-0.93,-0.81
15324,26.04.2012 10:00:00,-0.75,-0.62,-0.75,-0.87,-0.81
15325,26.04.2012 11:00:00,-0.68,-0.62,-0.75,-0.93,-0.81
15326,26.04.2012 12:00:00,-0.68,-0.62,-0.75,-0.93,-0.81,3.588
15327,26.04.2012 13:00:00,-0.75,-0.62,-0.75,-0.93,-0.81
15328,26.04.2012 14:00:00,-0.68,-0.62,-0.68,-0.87,-0.81
15329,26.04.2012 15:00:00,-0.68,-0.62,-0.68,-0.87,-0.81
15330,26.04.2012 16:00:00,-0.68,-0.62,-0.68,-0.93,-0.81
15331,26.04.2012 17:00:00,-0.68,-0.62,-0.75,-0.87,-0.81
15332,26.04.2012 18:00:00,-0.68,-0.62,-0.75,-0.87,-0.81,3.593
15333,26.04.2012 19:00:00,-0.75,-0.62,-0.75,-0.93,-0.81
15334,26.04.2012 20:00:00,-0.75,-0.56,-0.75,-0.87,-0.81
15335,26.04.2012 21:00:00,-0.68,-0.56,-0.75,-0.93,-0.81
15336,26.04.2012 22:00:00,-0.68,-0.56,-0.75,-0.87,-0.81
15337,26.04.2012 23:00:00,-0.68,-0.56,-0.68,-0.87,-0.81
15338,27.04.2012 00:00:00,-0.68,-0.56,-0.68,-0.87,-0.81,3.592
15339,27.04.2012 01:00:00,-0.68,-0.56,-0.68,-0.87,-0.81
15340,27.04.2012 02:00:00,-0.68,-0.56,-0.68,-0.87,-0.81
15341,27.04.2012 03:00:00,-0.68,-0.56,-0.68,-0.87,-0.81
15342,27.04.2012 04:00:00,-0.68,-0.56,-0.68,-0.87,-0.81
15343,27.04.2012 05:00:00,-0.68,-0.56,-0.68,-0.87,-0.81
15344,27.04.2012 06:00:00,-0.68,-0.56,-0.68,-0.87,-0.81,3.594
15345,27.04.2012 07:00:00,-0.68,-0.56,-0.68,-0.87,-0.81
15346,27.04.2012 08:00:00,-0.68,-0.56,-0.68,-0.87,-0.81
15347,27.04.2012 09:00:00,-0.68,-0.56,-0.68,-0.87,-0.81
15348,27.04.2012 10:00:00,-0.68,-0.56,-0.68,-0.87,-0.81
15349,27.04.2012 11:00:00,-0.68,-0.56,-0.68,-0.87,-0.81
15350,27.04.2012 12:00:00,-0.68,-0.56,-0.68,-0.87,-0.81,3.590
15351,27.04.2012 13:00:00,-0.68,-0.56,-0.68,-0.87,-0.81
15352,27.04.2012 14:00:00,-0.68,-0.56,-0.68,-0.87,-0.81
15353,27.04.2012 15:00:00,-0.68,-0.56,-0.68,-0.87,-0.81
15354,27.04.2012 16:00:00,-0.68,-0.56,-0.68,-0.87,-0.81
15355,27.04.2012 17:00:00,-0.68,-0.56,-0.68,-0.87,-0.81
15356,27.04.2012 18:00:00,-0.68,-0.56,-0.68,-0.87,-0.81,3.593
15357,27.04.2012 19:00:00,-0.68,-0.56,-0.62,-0.87,-0.81
15358,27.04.2012 20:00:00,-0.68,-0.56,-0.68,-0.81,-0.81
15359,27.04.2012 21:00:00,-0.68,-0.56,-0.68,-0.87,-0.81
15360,27.04.2012 22:00:00,-0.68,-0.56,-0.68,-0.87,-0.81
15361,27.04.2012 23:00:00,-0.68,-0.56,-0.68,-0.87,-0.81
15362,28.04.2012 00:00:00,-0.68,-0.5,-0.62,-0.87,-0.81,3.589
15363,28.04.2012 01:00:00,-0.68,-0.56,-0.62,-0.87,-0.81
15364,28.04.2012 02:00:00,-0.68,-0.5,-0.68,-0.81,-0.81
15365,28.04.2012 03:00:00,-0.68,-0.5,-0.68,-0.87,-0.75
15366,28.04.2012 04:00:00,-0.68,-0.56,-0.62,-0.87,-0.81
15367,28.04.2012 05:00:00,-0.68,-0.56,-0.68,-0.87,-0.81
15368,28.04.2012 06:00:00,-0.68,-0.56,-0.62,-0.87,-0.81,3.589
15369,28.04.2012 07:00:00,-0.68,-0.56,-0.62,-0.87,-0.81
15370,28.04.2012 08:00:00,-0.68,-0.5,-0.62,-0.81,-0.81
15371,28.04.2012 09:00:00,-0.68,-0.56,-0.62,-0.87,-0.75
15372,28.04.2012 10:00:00,-0.62,-0.56,-0.62,-0.87,-0.81
15373,28.04.2012 11:00:00,-0.68,-0.5,-0.62,-0.81,-0.81
15374,28.04.2012 12:00:00,-0.68,-0.5,-0.68,-0.81,-0.75,3.592
15375,28.04.2012 13:00:00,-0.62,-0.5,-0.62,-0.81,-0.75
15376,28.04.2012 14:00:00,-0.68,-0.56,-0.62,-0.81,-0.75
15377,28.04.2012 15:00:00,-0.68,-0.5,-0.62,-0.81,-0.75
15378,28.04.2012 16:00:00,-0.62,-0.5,-0.62,-0.81,-0.81
15379,28.04.2012 17:00:00,-0.62,-0.5,-0.62,-0.81,-0.75
15380,28.04.2012 18:00:00,-0.68,-0.5,-0.62,-0.81,-0.75,3.589
15381,28.04.2012 19:00:00,-0.68,-0.5,-0.62,-0.81,-0.75
15382,28.04.2012 20:00:00,-0.62,-0.5,-0.62,-0.81,-0.75
15383,28.04.2012 21:00:00,-0.68,-0.5,-0.62,-0.81,-0.75
15384,28.04.2012 22:00:00,-0.68,-0.5,-0.62,-0.81,-0.75
15385,28.04.2012 23:00:00,-0.68,-0.5,-0.62,-0.81,-0.75
15386,29.04.2012 00:00:00,-0.62,-0.5,-0.62,-0.81,-0.75,3.590
15387,29.04.2012 01:00:00,-0.62,-0.5,-0.62,-0.81,-0.75
15388,29.04.2012 02:00:00,-0.62,-0.5,-0.62,-0.81,-0.75
15389,29.04.2012 03:00:00,-0.68,-0.5,-0.62,-0.81,-0.75
15390,29.04.2012 04:00:00,-0.68,-0.5,-0.62,-0.81,-0.75
15391,29.04.2012 05:00:00,-0.62,-0.5,-0.62,-0.81,-0.75
15392,29.04.2012 06:00:00,-0.62,-0.5,-0.62,-0.81,-0.75,3.596
15393,29.04.2012 07:00:00,-0.62,-0.5,-0.62,-0.81,-0.75
15394,29.04.2012 08:00:00,-0.62,-0.5,-0.62,-0.81,-0.75
15395,29.04.2012 09:00:00,-0.68,-0.5,-0.62,-0.81,-0.75
15396,29.04.2012 10:00:00,-0.62,-0.5,-0.62,-0.81,-0.75
15397,29.04.2012 11:00:00,-0.62,-0.5,-0.62,-0.81,-0.75
15398,29.04.2012 12:00:00,-0.62,-0.5,-0.62,-0.81,-0.75,3.593
15399,29.04.2012 13:00:00,-0.62,-0.5,-0.56,-0.81,-0.75
15400,29.04.2012 14:00:00,-0.62,-0.5,-0.62,-0.81,-0.75
15401,29.04.2012 15:00:00,-0.62,-0.5,-0.62,-0.81,-0.75
15402,29.04.2012 16:00:00,-0.62,-0.5,-0.62,-0.81,-0.75
15403,29.04.2012 17:00:00,-0.62,-0.5,-0.62,-0.81,-0.75
15404,29.04.2012 18:00:00,-0.62,-0.5,-0.56,-0.81,-0.75,3.591
15405,29.04.2012 19:00:00,-0.62,-0.5,-0.62,-0.75,-0.75
15406,29.04.2012 20:00:00,-0.62,-0.5,-0.56,-0.75,-0.75
15407,29.04.2012 21:00:00,-0.62,-0.5,-0.62,-0.81,-0.75
15408,29.04.2012 22:00:00,-0.62,-0.5,-0.56,-0.75,-0.75
15409,29.04.2012 23:00:00,-0.62,-0.5,-0.56,-0.81,-0.75
15410,30.04.2012 00:00:00,-0.62,-0.5,-0.56,-0.81,-0.75,3.589
15411,30.04.2012 01:00:00,-0.62,-0.43,-0.56,-0.75,-0.75
15412,30.04.2012 02:00:00,-0.62,-0.5,-0.56,-0.75,-0.75
15413,30.04.2012 03:00:00,-0.62,-0.5,-0.56,-0.81,-0.75
15414,30.04.2012 04:00:00,-0.62,-0.5,-0.56,-0.81,-0.75
15415,30.04.2012 05:00:00,-0.62,-0.5,-0.56,-0.81,-0.75
15416,30.04.2012 06:00:00,-0.62,-0.43,-0.56,-0.75,-0.75,3.591
15417,30.04.2012 07:00:00,-0.62,-0.5,-0.56,-0.81,-0.75
15418,30.04.2012 08:00:00,-0.62,-0.5,-0.56,-0.75,-0.75
15419,30.04.2012 09:00:00,-0.62,-0.5,-0.56,-0.75,-0.75
15420,30.04.2012 10:00:00,-0.62,-0.43,-0.56,-0.75,-0.75
15421,30.04.2012 11:00:00,-0.62,-0.43,-0.62,-0.75,-0.75
15422,30.04.2012 12:00:00,-0.62,-0.5,-0.62,-0.75,-0.75,3.592
15423,30.04.2012 13:00:00,-0.62,-0.43,-0.56,-0.75,-0.75
15424,30.04.2012 14:00:00,-0.62,-0.43,-0.56,-0.75,-0.75
15425,30.04.2012 15:00:00,-0.62,-0.43,-0.56,-0.75,-0.75
15426,30.04.2012 16:00:00,-0.62,-0.5,-0.56,-0.75,-0.75
15427,30.04.2012 17:00:00,-0.62,-0.43,-0.56,-0.75,-0.75
15428,30.04.2012 18:00:00,-0.62,-0.5,-0.56,-0.75,-0.75,3.595
15429,30.04.2012 19:00:00,-0.62,-0.43,-0.56,-0.75,-0.75
15430,30.04.2012 20:00:00,-0.62,-0.43,-0.56,-0.75,-0.75
15431,30.04.2012 21:00:00,-0.62,-0.43,-0.56,-0.75,-0.75
15432,30.04.2012 22:00:00,-0.62,-0.43,-0.56,-0.75,-0.75
15433,30.04.2012 23:00:00,-0.62,-0.43,-0.56,-0.75,-0.75
15434,01.05.2012 00:00:00,-0.62,-0.43,-0.56,-0.75,-0.68,3.591
15435,01.05.2012 01:00:00,-0.62,-0.43,-0.56,-0.75,-0.68
15436,01.05.2012 02:00:00,-0.62,-0.43,-0.56,-0.75,-0.75
15437,01.05.2012 03:00:00,-0.62,-0.43,-0.56,-0.75,-0.75
15438,01.05.2012 04:00:00,-0.62,-0.43,-0.56,-0.75,-0.68
15439,01.05.2012 05:00:00,-0.62,-0.43,-0.56,-0.75,-0.68
15440,01.05.2012 06:00:00,-0.56,-0.43,-0.56,-0.75,-0.75,3.597
15441,01.05.2012 07:00:00,-0.62,-0.43,-0.56,-0.75,-0.68
15442,01.05.2012 08:00:00,-0.62,-0.43,-0.56,-0.75,-0.68
15443,01.05.2012 09:00:00,-0.62,-0.43,-0.56,-0.75,-0.75
15444,01.05.2012 10:00:00,-0.62,-0.43,-0.56,-0.75,-0.68
15445,01.05.2012 11:00:00,-0.62,-0.43,-0.56,-0.75,-0.68
15446,01.05.2012 12:00:00,-0.62,-0.43,-0.56,-0.75,-0.75,3.597
15447,01.05.2012 13:00:00,-0.62,-0.43,-0.56,-0.75,-0.68
15448,01.05.2012 14:00:00,-0.62,-0.43,-0.56,-0.75,-0.68
15449,01.05.2012 15:00:00,-0.56,-0.43,-0.56,-0.75,-0.68
15450,01.05.2012 16:00:00,-0.62,-0.43,-0.56,-0.75,-0.68
15451,01.05.2012 17:00:00,-0.56,-0.43,-0.56,-0.68,-0.68
15452,01.05.2012 18:00:00,-0.62,-0.43,-0.56,-0.75,-0.68,3.592
15453,01.05.2012 19:00:00,-0.62,-0.43,-0.56,-0.75,-0.68
15454,01.05.2012 20:00:00,-0.62,-0.43,-0.56,-0.75,-0.68
15455,01.05.2012 21:00:00,-0.56,-0.43,-0.56,-0.75,-0.68
15456,01.05.2012 22:00:00,-0.62,-0.43,-0.56,-0.75,-0.68
15457,01.05.2012 23:00:00,-0.62,-0.43,-0.56,-0.68,-0.68
15458,02.05.2012 00:00:00,-0.62,-0.43,-0.56,-0.75,-0.68,3.597
15459,02.05.2012 01:00:00,-0.62,-0.43,-0.56,-0.68,-0.68
15460,02.05.2012 02:00:00,-0.56,-0.43,-0.56,-0.75,-0.68
15461,02.05.2012 03:00:00,-0.62,-0.43,-0.56,-0.75,-0.68
15462,02.05.2012 04:00:00,-0.62,-0.43,-0.56,-0.68,-0.68
15463,02.05.2012 05:00:00,-0.62,-0.43,-0.56,-0.75,-0.68
15464,02.05.2012 06:00:00,-0.62,-0.43,-0.56,-0.68,-0.68,3.591
15465,02.05.2012 07:00:00,-0.56,-0.43,-0.5,-0.68,-0.68
15466,02.05.2012 08:00:00,-0.56,-0.43,-0.56,-0.68,-0.68
15467,02.05.2012 09:00:00,-0.62,-0.43,-0.56,-0.75,-0.68
15468,02.05.2012 10:00:00,-0.56,-0.43,-0.5,-0.68,-0.68
15469,02.05.2012 11:00:00,-0.56,-0.43,-0.5,-0.68,-0.68
15470,02.05.2012 12:00:00,-0.62,-0.43,-0.56,-0.68,-0.68,3.597
15471,02.05.2012 13:00:00,-0.62,-0.43,-0.5,-0.68,-0.68
15472,02.05.2012 14:00:00,-0.56,-0.43,-0.5,-0.68,-0.68
15473,02.05.2012 15:00:00,-0.56,-0.43,-0.5,-0.68,-0.68
15474,02.05.2012 16:00:00,-0.62,-0.43,-0.5,-0.68,-0.68
15475,02.05.2012 17:00:00,-0.56,-0.43,-0.5,-0.68,-0.68
15476,02.05.2012 18:00:00,-0.62,-0.43,-0.5,-0.68,-0.68,3.592
15477,02.05.2012 19:00:00,-0.62,-0.43,-0.5,-0.68,-0.68
15478,02.05.2012 20:00:00,-0.56,-0.43,-0.5,-0.68,-0.68
15479,02.05.2012 21:00:00,-0.56,-0.43,-0.5,-0.68,-0.68
15480,02.05.2012 22:00:00,-0.56,-0.43,-0.5,-0.68,-0.68
15481,02.05.2012 23:00:00,-0.62,-0.43,-0.5,-0.68,-0.68
15482,03.05.2012 00:00:00,-0.56,-0.43,-0.5,-0.68,-0.68,3.591
15483,03.05.2012 01:00:00,-0.56,-0.43,-0.5,-0.68,-0.68
15484,03.05.2012 02:00:00,-0.56,-0.43,-0.5,-0.68,-0.68
15485,03.05.2012 03:00:00,-0.56,-0.43,-0.5,-0.68,-0.68
15486,03.05.2012 04:00:00,-0.56,-0.37,-0.5,-0.68,-0.68
15487,03.05.2012 05:00:00,-0.56,-0.43,-0.5,-0.68,-0.68
15488,03.05.2012 06:00:00,-0.62,-0.37,-0.5,-0.68,-0.68,3.591
15489,03.05.2012 07:00:00,-0.56,-0.43,-0.5,-0.68,-0.68
15490,03.05.2012 08:00:00,-0.56,-0.37,-0.5,-0.68,-0.68
15491,03.05.2012 09:00:00,-0.56,-0.37,-0.5,-0.68,-0.68
15492,03.05.2012 10:00:00,-0.56,-0.43,-0.5,-0.68,-0.68
15493,03.05.2012 11:00:00,-0.56,-0.37,-0.5,-0.68,-0.68
15494,03.05.2012 12:00:00,-0.56,-0.43,-0.5,-0.68,-0.68,3.596
15495,03.05.2012 13:00:00,-0.62,-0.43,-0.5,-0.68,-0.68
15496,03.05.2012 14:00:00,-0.56,-0.43,-0.5,-0.68,-0.62
15497,03.05.2012 15:00:00,-0.56,-0.37,-0.5,-0.68,-0.68
15498,03.05.2012 16:00:00,-0.56,-0.37,-0.5,-0.68,-0.68
15499,03.05.2012 17:00:00,-0.56,-0.37,-0.5,-0.68,-0.68
15500,03.05.2012 18:00:00,-0.62,-0.37,-0.5,-0.68,-0.68,3.595
15501,03.05.2012 19:00:00,-0.56,-0.37,-0.5,-0.68,-0.68
15502,03.05.2012 20:00:00,-0.56,-0.43,-0.5,-0.68,-0.68
15503,03.05.2012 21:00:00,-0.56,-0.43,-0.5,-0.68,-0.68
15504,03.05.2012 22:00:00,-0.56,-0.37,-0.5,-0.68,-0.68
15505,03.05.2012 23:00:00,-0.56,-0.37,-0.5,-0.68,-0.62
15506,04.05.2012 00:00:00,-0.56,-0.37,-0.5,-0.68,-0.68,3.596
15507,04.05.2012 01:00:00,-0.56,-0.37,-0.5,-0.68,-0.68
15508,04.05.2012 02:00:00,-0.56,-0.37,-0.5,-0.68,-0.68
15509,04.05.2012 03:00:00,-0.56,-0.37,-0.5,-0.68,-0.68
15510,04.05.2012 04:00:00,-0.56,-0.37,-0.43,-0.68,-0.62
15511,04.05.2012 05:00:00,-0.56,-0.37,-0.5,-0.68,-0.62
15512,04.05.2012 06:00:00,-0.56,-0.37,-0.5,-0.68,-0.62,3.591
15513,04.05.2012 07:00:00,-0.56,-0.37,-0.5,-0.68,-0.68
15514,04.05.2012 08:00:00,-0.56,-0.37,-0.5,-0.68,-0.62
15515,04.05.2012 09:00:00,-0.56,-0.37,-0.5,-0.68,-0.62
15516,04.05.2012 10:00:00,-0.56,-0.37,-0.5,-0.68,-0.62
15517,04.05.2012 11:00:00,-0.56,-0.37,-0.5,-0.68,-0.62
15518,04.05.2012 12:00:00,-0.56,-0.37,-0.5,-0.68,-0.62,3.596
15519,04.05.2012 13:00:00,-0.56,-0.37,-0.43,-0.68,-0.62
15520,04.05.2012 14:00:00,-0.56,-0.37,-0.5,-0.62,-0.62
15521,04.05.2012 15:00:00,-0.56,-0.37,-0.5,-0.62,-0.62
15522,04.05.2012 16:00:00,-0.56,-0.37,-0.5,-0.68,-0.62
15523,04.05.2012 17:00:00,-0.56,-0.37,-0.5,-0.68,-0.62
15524,04.05.2012 18:00:00,-0.56,-0.37,-0.5,-0.62,-0.62,3.593
15525,04.05.2012 19:00:00,-0.56,-0.37,-0.43,-0.68,-0.62
15526,04.05.2012 20:00:00,-0.56,-0.37,-0.5,-0.68,-0.62
15527,04.05.2012 21:00:00,-0.56,-0.37,-0.5,-0.68,-0.62
15528,04.05.2012 22:00:00,-0.56,-0.37,-0.43,-0.62,-0.62
15529,04.05.2012 23:00:00,-0.56,-0.37,-0.43,-0.62,-0.62
15530,05.05.2012 00:00:00,-0.56,-0.37,-0.5,-0.62,-0.62,3.596
15531,05.05.2012 01:00:00,-0.56,-0.37,-0.5,-0.62,-0.62
15532,05.05.2012 02:00:00,-0.56,-0.37,-0.5,-0.62,-0.62
15533,05.05.2012 03:00:00,-0.56,-0.37,-0.5,-0.62,-0.62
15534,05.05.2012 04:00:00,-0.56,-0.37,-0.43,-0.62,-0.62
15535,05.05.2012 05:00:00,-0.56,-0.37,-0.43,-0.62,-0.62
15536,05.05.2012 06:00:00,-0.56,-0.37,-0.43,-0.62,-0.62,3.593
15537,05.05.2012 07:00:00,-0.56,-0.37,-0.43,-0.62,-0.62
15538,05.05.2012 08:00:00,-0.56,-0.37,-0.5,-0.62,-0.62
15539,05.05.2012 09:00:00,-0.56,-0.37,-0.43,-0.62,-0.62
15540,05.05.2012 10:00:00,-0.56,-0.37,-0.43,-0.62,-0.62
15541,05.05.2012 11:00:00,-0.56,-0.37,-0.43,-0.62,-0.62
15542,05.05.2012 12:00:00,-0.56,-0.37,-0.43,-0.62,-0.62,3.595
15543,05.05.2012 13:00:00,-0.56,-0.37,-0.43,-0.62,-0.62
15544,05.05.2012 14:00:00,-0.56,-0.37,-0.5,-0.62,-0.62
15545,05.05.2012 15:00:00,-0.56,-0.37,-0.43,-0.62,-0.62
15546,05.05.2012 16:00:00,-0.56,-0.37,-0.43,-0.62,-0.62
15547,05.05.2012 17:00:00,-0.56,-0.37,-0.43,-0.62,-0.62
15548,05.05.2012 18:00:00,-0.56,-0.37,-0.5,-0.62,-0.62,3.591
15549,05.05.2012 19:00:00,-0.56,-0.37,-0.43,-0.62,-0.62
15550,05.05.2012 20:00:00,-0.56,-0.37,-0.43,-0.62,-0.62
15551,05.05.2012 21:00:00,-0.56,-0.37,-0.43,-0.62,-0.62
15552,05.05.2012 22:00:00,-0.56,-0.37,-0.43,-0.62,-0.62
15553,05.05.2012 23:00:00,-0.56,-0.37,-0.43,-0.62,-0.62
15554,06.05.2012 00:00:00,-0.56,-0.37,-0.43,-0.62,-0.62,3.592
15555,06.05.2012 01:00:00,-0.56,-0.37,-0.43,-0.62,-0.62
15556,06.05.2012 02:00:00,-0.56,-0.37,-0.43,-0.62,-0.62
15557,06.05.2012 03:00:00,-0.56,-0.37,-0.43,-0.62,-0.62
15558,06.05.2012 04:00:00,-0.56,-0.31,-0.43,-0.62,-0.62
15559,06.05.2012 05:00:00,-0.56,-0.37,-0.43,-0.62,-0.62
15560,06.05.2012 06:00:00,-0.56,-0.37,-0.43,-0.62,-0.62,3.593
15561,06.05.2012 07:00:00,-0.56,-0.37,-0.43,-0.62,-0.62
15562,06.05.2012 08:00:00,-0.56,-0.37,-0.43,-0.62,-0.62
15563,06.05.2012 09:00:00,-0.56,-0.37,-0.43,-0.62,-0.62
15564,06.05.2012 10:00:00,-0.56,-0.37,-0.43,-0.62,-0.62
15565,06.05.2012 11:00:00,-0.56,-0.31,-0.43,-0.62,-0.62
15566,06.05.2012 12:00:00,-0.56,-0.37,-0.43,-0.62,-0.62,3.591
15567,06.05.2012 13:00:00,-0.56,-0.37,-0.43,-0.62,-0.62
15568,06.05.2012 14:00:00,-0.56,-0.37,-0.43,-0.62,-0.62
15569,06.05.2012 15:00:00,-0.56,-0.31,-0.43,-0.62,-0.62
15570,06.05.2012 16:00:00,-0.56,-0.37,-0.43,-0.62,-0.62
15571,06.05.2012 17:00:00,-0.56,-0.37,-0.43,-0.62,-0.62
15572,06.05.2012 18:00:00,-0.56,-0.31,-0.43,-0.62,-0.62,3.591
15573,06.05.2012 19:00:00,-0.56,-0.37,-0.43,-0.62,-0.62
15574,06.05.2012 20:00:00,-0.56,-0.37,-0.43,-0.62,-0.62
15575,06.05.2012 21:00:00,-0.56,-0.37,-0.43,-0.62,-0.56
15576,06.05.2012 22:00:00,-0.56,-0.31,-0.43,-0.62,-0.62
15577,06.05.2012 23:00:00,-0.56,-0.31,-0.43,-0.62,-0.62
15578,07.05.2012 00:00:00,-0.56,-0.37,-0.43,-0.62,-0.56,3.596
15579,07.05.2012 01:00:00,-0.56,-0.31,-0.43,-0.62,-0.56
15580,07.05.2012 02:00:00,-0.56,-0.37,-0.43,-0.62,-0.62
15581,07.05.2012 03:00:00,-0.56,-0.37,-0.43,-0.62,-0.62
15582,07.05.2012 04:00:00,-0.56,-0.31,-0.43,-0.62,-0.62
15583,07.05.2012 05:00:00,-0.56,-0.31,-0.43,-0.62,-0.62
15584,07.05.2012 06:00:00,-0.56,-0.37,-0.43,-0.62,-0.62,3.595
15585,07.05.2012 07:00:00,-0.56,-0.31,-0.43,-0.62,-0.62
15586,07.05.2012 08:00:00,-0.56,-0.37,-0.43,-0.62,-0.62
15587,07.05.2012 09:00:00,-0.56,-0.37,-0.43,-0.62,-0.62
15588,07.05.2012 10:00:00,-0.56,-0.31,-0.43,-0.62,-0.62
15589,07.05.2012 11:00:00,-0.56,-0.31,-0.43,-0.56,-0.62
15590,07.05.2012 12:00:00,-0.56,-0.37,-0.43,-0.56,-0.62,3.591
15591,07.05.2012 13:00:00,-0.5,-0.31,-0.43,-0.62,-0.56
15592,07.05.2012 14:00:00,-0.56,-0.37,-0.43,-0.62,-0.62
15593,07.05.2012 15:00:00,-0.56,-0.37,-0.43,-0.62,-0.62
15594,07.05.2012 16:00:00,-0.56,-0.31,-0.43,-0.62,-0.56
15595,07.05.2012 17:00:00,-0.56,-0.31,-0.43,-0.62,-0.62
15596,07.05.2012 18:00:00,-0.5,-0.31,-0.43,-0.56,-0.62,3.592
15597,07.05.2012 19:00:00,-0.56,-0.31,-0.43,-0.62,-0.56
15598,07.05.2012 20:00:00,-0.56,-0.31,-0.43,-0.62,-0.62
15599,07.05.2012 21:00:00,-0.56,-0.37,-0.37,-0.56,-0.62
15600,07.05.2012 22:00:00,-0.56,-0.31,-0.43,-0.62,-0.56
15601,07.05.2012 23:00:00,-0.5,-0.31,-0.43,-0.62,-0.62
15602,08.05.2012 00:00:00,-0.5,-0.31,-0.43,-0.62,-0.62,3.592
15603,08.05.2012 01:00:00,-0.56,-0.31,-0.43,-0.56,-0.56
15604,08.05.2012 02:00:00,-0.56,-0.31,-0.43,-0.56,-0.56
15605,08.05.2012 03:00:00,-0.56,-0.31,-0.43,-0.56,-0.62
15606,08.05.2012 04:00:00,-0.56,-0.31,-0.43,-0.56,-0.56
15607,08.05.2012 05:00:00,-0.56,-0.31,-0.43,-0.62,-0.56
15608,08.05.2012 06:00:00,-0.56,-0.37,-0.43,-0.56,-0.56,3.592
15609,08.05.2012 07:00:00,-0.56,-0.31,-0.43,-0.56,-0.56
15610,08.05.2012 08:00:00,-0.5,-0.31,-0.43,-0.56,-0.56
15611,08.05.2012 09:00:00,-0.5,-0.31,-0.37,-0.62,-0.56
15612,08.05.2012 10:00:00,-0.56,-0.31,-0.43,-0.62,-0.56
15613,08.05.2012 11:00:00,-0.56,-0.31,-0.43,-0.56,-0.56
15614,08.05.2012 12:00:00,-0.5,-0.31,-0.43,-0.56,-0.56,3.596
15615,08.05.2012 13:00:00,-0.56,-0.31,-0.37,-0.56,-0.62
15616,08.05.2012 14:00:00,-0.56,-0.31,-0.43,-0.62,-0.56
15617,08.05.2012 15:00:00,-0.5,-0.31,-0.37,-0.56,-0.62
15618,08.05.2012 16:00:00,-0.56,-0.31,-0.37,-0.56,-0.56
15619,08.05.2012 17:00:00,-0.5,-0.31,-0.37,-0.56,-0.56
15620,08.05.2012 18:00:00,-0.56,-0.31,-0.43,-0.56,-0.56,3.592
15621,08.05.2012 19:00:00,-0.56,-0.31,-0.43,-0.56,-0.56
15622,08.05.2012 20:00:00,-0.5,-0.31,-0.43,-0.56,-0.56
15623,08.05.2012 21:00:00,-0.5,-0.31,-0.43,-0.56,-0.56
15624,08.05.2012 22:00:00,-0.5,-0.31,-0.43,-0.56,-0.56
15625,08.05.2012 23:00:00,-0.5,-0.31,-0.37,-0.56,-0.56
15626,09.05.2012 00:00:00,-0.56,-0.31,-0.37,-0.56,-0.56,3.597
15627,09.05.2012 01:00:00,-0.56,-0.31,-0.43,-0.56,-0.56
15628,09.05.2012 02:00:00,-0.5,-0.31,-0.43,-0.56,-0.56
15629,09.05.2012 03:00:00,-0.5,-0.31,-0.37,-0.56,-0.56
15630,09.05.2012 04:00:00,-0.5,-0.31,-0.37,-0.56,-0.56
15631,09.05.2012 05:00:00,-0.5,-0.31,-0.37,-0.56,-0.56
15632,09.05.2012 06:00:00,-0.56,-0.31,-0.43,-0.56,-0.56,3.598
15633,09.05.2012 07:00:00,-0.56,-0.31,-0.37,-0.56,-0.56
15634,09.05.2012 08:00:00,-0.5,-0.31,-0.37,-0.56,-0.56
15635,09.05.2012 09:00:00,-0.5,-0.31,-0.37,-0.56,-0.56
15636,09.05.2012 10:00:00,-0.5,-0.31,-0.37,-0.56,-0.56
15637,09.05.2012 11:00:00,-0.56,-0.31,-0.37,-0.56,-0.56
15638,09.05.2012 12:00:00,-0.5,-0.31,-0.37,-0.56,-0.56,3.592
15639,09.05.2012 13:00:00,-0.56,-0.31,-0.37,-0.56,-0.56
15640,09.05.2012 14:00:00,-0.5,-0.31,-0.37,-0.56,-0.56
15641,09.05.2012 15:00:00,-0.5,-0.31,-0.37,-0.56,-0.56
15642,09.05.2012 16:00:00,-0.56,-0.31,-0.43,-0.56,-0.56
15643,09.05.2012 17:00:00,-0.5,-0.31,-0.37,-0.56,-0.56
15644,09.05.2012 18:00:00,-0.5,-0.31,-0.37,-0.56,-0.56,3.598
15645,09.05.2012 19:00:00,-0.5,-0.31,-0.37,-0.56,-0.56
15646,09.05.2012 20:00:00,-0.5,-0.31,-0.37,-0.56,-0.56
15647,09.05.2012 21:00:00,-0.56,-0.31,-0.37,-0.56,-0.56
15648,09.05.2012 22:00:00,-0.5,-0.31,-0.37,-0.56,-0.56
15649,09.05.2012 23:00:00,-0.5,-0.31,-0.37,-0.56,-0.56
15650,10.05.2012 00:00:00,-0.5,-0.31,-0.43,-0.56,-0.56,3.593
15651,10.05.2012 01:00:00,-0.5,-0.31,-0.43,-0.56,-0.56
15652,10.05.2012 02:00:00,-0.5,-0.31,-0.37,-0.56,-0.56
15653,10.05.2012 03:00:00,-0.5,-0.31,-0.37,-0.56,-0.56
15654,10.05.2012 04:00:00,-0.5,-0.31,-0.43,-0.56,-0.56
15655,10.05.2012 05:00:00,-0.5,-0.31,-0.37,-0.56,-0.56
15656,10.05.2012 06:00:00,-0.5,-0.31,-0.37,-0.56,-0.56,3.597
15657,10.05.2012 07:00:00,-0.5,-0.31,-0.37,-0.56,-0.56
15658,10.05.2012 08:00:00,-0.5,-0.31,-0.43,-0.56,-0.56
15659,10.05.2012 09:00:00,-0.5,-0.31,-0.37,-0.56,-0.56
15660,10.05.2012 10:00:00,-0.5,-0.31,-0.37,-0.56,-0.56
15661,10.05.2012 11:00:00,-0.5,-0.31,-0.37,-0.56,-0.56
15662,10.05.2012 12:00:00,-0.5,-0.31,-0.37,-0.56,-0.56,3.592
15663,10.05.2012 13:00:00,-0.5,-0.31,-0.37,-0.56,-0.56
15664,10.05.2012 14:00:00,-0.5,-0.31,-0.37,-0.56,-0.56
15665,10.05.2012 15:00:00,-0.5,-0.31,-0.37,-0.56,-0.56
15666,10.05.2012 16:00:00,-0.5,-0.31,-0.37,-0.56,-0.56
15667,10.05.2012 17:00:00,-0.5,-0.31,-0.37,-0.56,-0.56
15668,10.05.2012 18:00:00,-0.5,-0.31,-0.37,-0.56,-0.56,3.592
15669,10.05.2012 19:00:00,-0.5,-0.31,-0.37,-0.56,-0.56
15670,10.05.2012 20:00:00,-0.5,-0.31,-0.37,-0.56,-0.56
15671,10.05.2012 21:00:00,-0.56,-0.31,-0.37,-0.56,-0.56
15672,10.05.2012 22:00:00,-0.5,-0.31,-0.37,-0.56,-0.56
15673,10.05.2012 23:00:00,-0.5,-0.31,-0.37,-0.56,-0.56
15674,11.05.2012 00:00:00,-0.5,-0.31,-0.37,-0.56,-0.56,3.592
15675,11.05.2012 01:00:00,-0.5,-0.31,-0.37,-0.56,-0.56
15676,11.05.2012 02:00:00,-0.5,-0.31,-0.37,-0.56,-0.56
15677,11.05.2012 03:00:00,-0.5,-0.31,-0.37,-0.56,-0.56
15678,11.05.2012 04:00:00,-0.5,-0.31,-0.37,-0.56,-0.56
15679,11.05.2012 05:00:00,-0.5,-0.31,-0.37,-0.56,-0.56
15680,11.05.2012 06:00:00,-0.5,-0.31,-0.37,-0.56,-0.56,3.597
15681,11.05.2012 07:00:00,-0.5,-0.31,-0.37,-0.56,-0.56
15682,11.05.2012 08:00:00,-0.5,-0.31,-0.37,-0.56,-0.56
15683,11.05.2012 09:00:00,-0.5,-0.31,-0.37,-0.56,-0.56
15684,11.05.2012 10:00:00,-0.5,-0.31,-0.37,-0.56,-0.56
15685,11.05.2012 11:00:00,-0.5,-0.31,-0.37,-0.56,-0.56
15686,11.05.2012 12:00:00,-0.5,-0.31,-0.37,-0.56,-0.5,3.596
15687,11.05.2012 13:00:00,-0.5,-0.31,-0.37,-0.56,-0.56
15688,11.05.2012 14:00:00,-0.5,-0.31,-0.37,-0.56,-0.56
15689,11.05.2012 15:00:00,-0.5,-0.31,-0.37,-0.56,-0.56
15690,11.05.2012 16:00:00,-0.5,-0.31,-0.37,-0.5,-0.56
15691,11.05.2012 17:00:00,-0.5,-0.31,-0.37,-0.56,-0.5
15692,11.05.2012 18:00:00,-0.5,-0.31,-0.37,-0.56,-0.56,3.598
15693,11.05.2012 19:00:00,-0.5,-0.31,-0.37,-0.56,-0.56
15694,11.05.2012 20:00:00,-0.5,-0.31,-0.37,-0.56,-0.56
15695,11.05.2012 21:00:00,-0.56,-0.31,-0.37,-0.56,-0.56
15696,11.05.2012 22:00:00,-0.5,-0.31,-0.37,-0.56,-0.56
15697,11.05.2012 23:00:00,-0.5,-0.31,-0.37,-0.5,-0.5
15698,12.05.2012 00:00:00,-0.5,-0.31,-0.37,-0.56,-0.5,3.592
15699,12.05.2012 01:00:00,-0.5,-0.31,-0.37,-0.5,-0.56
15700,12.05.2012 02:00:00,-0.5,-0.31,-0.37,-0.56,-0.56
15701,12.05.2012 03:00:00,-0.5,-0.31,-0.37,-0.56,-0.56
15702,12.05.2012 04:00:00,-0.5,-0.31,-0.37,-0.56,-0.56
15703,12.05.2012 05:00:00,-0.5,-0.31,-0.37,-0.56,-0.5
15704,12.05.2012 06:00:00,-0.5,-0.31,-0.37,-0.56,-0.5,3.597
15705,12.05.2012 07:00:00,-0.5,-0.31,-0.37,-0.5,-0.5
15706,12.05.2012 08:00:00,-0.5,-0.31,-0.37,-0.5,-0.56
15707,12.05.2012 09:00:00,-0.5,-0.31,-0.37,-0.5,-0.5
15708,12.05.2012 10:00:00,-0.5,-0.31,-0.37,-0.56,-0.56
15709,12.05.2012 11:00:00,-0.5,-0.31,-0.31,-0.56,-0.5
15710,12.05.2012 12:00:00,-0.5,-0.31,-0.37,-0.5,-0.5,3.595
15711,12.05.2012 13:00:00,-0.5,-0.31,-0.37,-0.56,-0.5
15712,12.05.2012 14:00:00,-0.5,-0.25,-0.37,-0.56,-0.5
15713,12.05.2012 15:00:00,-0.5,-0.31,-0.37,-0.56,-0.5
15714,12.05.2012 16:00:00,-0.5,-0.31,-0.37,-0.56,-0.56
15715,12.05.2012 17:00:00,-0.5,-0.25,-0.37,-0.56,-0.5
15716,12.05.2012 18:00:00,-0.5,-0.31,-0.37,-0.5,-0.5,3.597
15717,12.05.2012 19:00:00,-0.5,-0.31,-0.31,-0.5,-0.5
15718,12.05.2012 20:00:00,-0.5,-0.31,-0.37,-0.56,-0.5
15719,12.05.2012 21:00:00,-0.5,-0.25,-0.37,-0.56,-0.56
15720,12.05.2012 22:00:00,-0.5,-0.31,-0.37,-0.56,-0.5
15721,12.05.2012 23:00:00,-0.5,-0.25,-0.37,-0.5,-0.5
15722,13.05.2012 00:00:00,-0.5,-0.25,-0.37,-0.5,-0.56,3.595
15723,13.05.2012 01:00:00,-0.5,-0.31,-0.37,-0.5,-0.5
15724,13.05.2012 02:00:00,-0.5,-0.31,-0.37,-0.56,-0.5
15725,13.05.2012 03:00:00,-0.5,-0.31,-0.37,-0.56,-0.5
15726,13.05.2012 04:00:00,-0.5,-0.25,-0.37,-0.5,-0.5
15727,13.05.2012 05:00:00,-0.5,-0.31,-0.37,-0.56,-0.5
15728,13.05.2012 06:00:00,-0.5,-0.25,-0.37,-0.56,-0.5,3.597
15729,13.05.2012 07:00:00,-0.5,-0.31,-0.37,-0.56,-0.5
15730,13.05.2012 08:00:00,-0.5,-0.25,-0.31,-0.5,-0.5
15731,13.05.2012 09:00:00,-0.5,-0.25,-0.31,-0.56,-0.5
15732,13.05.2012 10:00:00,-0.5,-0.31,-0.37,-0.56,-0.5
15733,13.05.2012 11:00:00,-0.5,-0.25,-0.37,-0.56,-0.5
15734,13.05.2012 12:00:00,-0.5,-0.25,-0.31,-0.56,-0.5,3.591
15735,13.05.2012 13:00:00,-0.5,-0.31,-0.37,-0.5,-0.5
15736,13.05.2012 14:00:00,-0.5,-0.25,-0.31,-0.5,-0.5
15737,13.05.2012 15:00:00,-0.5,-0.31,-0.37,-0.5,-0.5
15738,13.05.2012 16:00:00,-0.5,-0.25,-0.37,-0.5,-0.5
15739,13.05.2012 17:00:00,-0.5,-0.31,-0.37,-0.5,-0.5
15740,13.05.2012 18:00:00,-0.5,-0.25,-0.37,-0.5,-0.56,3.592
15741,13.05.2012 19:00:00,-0.5,-0.25,-0.37,-0.5,-0.56
15742,13.05.2012 20:00:00,-0.5,-0.25,-0.31,-0.5,-0.5
15743,13.05.2012 21:00:00,-0.5,-0.25,-0.37,-0.5,-0.5
15744,13.05.2012 22:00:00,-0.5,-0.31,-0.31,-0.5,-0.5
15745,13.05.2012 23:00:00,-0.5,-0.25,-0.37,-0.5,-0.5
15746,14.05.2012 00:00:00,-0.5,-0.25,-0.31,-0.5,-0.5,3.595
15747,14.05.2012 01:00:00,-0.5,-0.25,-0.37,-0.5,-0.5
15748,14.05.2012 02:00:00,-0.5,-0.25,-0.31,-0.5,-0.5
15749,14.05.2012 03:00:00,-0.5,-0.25,-0.31,-0.5,-0.5
15750,14.05.2012 04:00:00,-0.5,-0.31,-0.31,-0.5,-0.5
15751,14.05.2012 05:00:00,-0.5,-0.25,-0.37,-0.5,-0.5
15752,14.05.2012 06:00:00,-0.5,-0.25,-0.31,-0.5,-0.5,3.592
15753,14.05.2012 07:00:00,-0.5,-0.25,-0.31,-0.5,-0.5
15754,14.05.2012 08:00:00,-0.5,-0.31,-0.31,-0.5,-0.5
15755,14.05.2012 09:00:00,-0.5,-0.25,-0.37,-0.5,-0.5
15756,14.05.2012 10:00:00,-0.5,-0.31,-0.31,-0.5,-0.5
15757,14.05.2012 11:00:00,-0.5,-0.25,-0.31,-0.5,-0.5
15758,14.05.2012 12:00:00,-0.5,-0.25,-0.31,-0.5,-0.5,3.592
15759,14.05.2012 13:00:00,-0.5,-0.25,-0.37,-0.5,-0.5
15760,14.05.2012 14:00:00,-0.5,-0.25,-0.31,-0.5,-0.5
15761,14.05.2012 15:00:00,-0.5,-0.25,-0.31,-0.5,-0.5
15762,14.05.2012 16:00:00,-0.5,-0.25,-0.31,-0.5,-0.5
15763,14.05.2012 17:00:00,-0.5,-0.25,-0.31,-0.5,-0.5
15764,14.05.2012 18:00:00,-0.5,-0.25,-0.37,-0.5,-0.5,3.599
15765,14.05.2012 19:00:00,-0.5,-0.25,-0.31,-0.5,-0.5
15766,14.05.2012 20:00:00,-0.5,-0.25,-0.31,-0.5,-0.5
15767,14.05.2012 21:00:00,-0.5,-0.31,-0.31,-0.5,-0.5
15768,14.05.2012 22:00:00,-0.5,-0.25,-0.31,-0.5,-0.5
15769,14.05.2012 23:00:00,-0.5,-0.25,-0.31,-0.5,-0.5
15770,15.05.2012 00:00:00,-0.5,-0.25,-0.31,-0.5,-0.5,3.597
15771,15.05.2012 01:00:00,-0.5,-0.25,-0.31,-0.5,-0.5
15772,15.05.2012 02:00:00,-0.5,-0.25,-0.31,-0.5,-0.5
15773,15.05.2012 03:00:00,-0.5,-0.25,-0.31,-0.5,-0.5
15774,15.05.2012 04:00:00,-0.5,-0.25,-0.31,-0.5,-0.5
15775,15.05.2012 05:00:00,-0.5,-0.25,-0.31,-0.5,-0.5
15776,15.05.2012 06:00:00,-0.43,-0.25,-0.31,-0.5,-0.5,3.593
15777,15.05.2012 07:00:00,-0.5,-0.25,-0.37,-0.5,-0.5
15778,15.05.2012 08:00:00,-0.5,-0.25,-0.31,-0.5,-0.5
15779,15.05.2012 09:00:00,-0.5,-0.25,-0.31,-0.5,-0.5
15780,15.05.2012 10:00:00,-0.5,-0.25,-0.31,-0.5,-0.5
15781,15.05.2012 11:00:00,-0.5,-0.25,-0.31,-0.5,-0.5
15782,15.05.2012 12:00:00,-0.5,-0.25,-0.31,-0.5,-0.5,3.594
15783,15.05.2012 13:00:00,-0.5,-0.25,-0.31,-0.5,-0.5
15784,15.05.2012 14:00:00,-0.5,-0.25,-0.31,-0.5,-0.5
15785,15.05.2012 15:00:00,-0.5,-0.25,-0.31,-0.5,-0.5
15786,15.05.2012 16:00:00,-0.5,-0.25,-0.31,-0.5,-0.5
15787,15.05.2012 17:00:00,-0.5,-0.25,-0.31,-0.5,-0.5
15788,15.05.2012 18:00:00,-0.5,-0.25,-0.31,-0.5,-0.5,3.593
15789,15.05.2012 19:00:00,-0.5,-0.25,-0.31,-0.5,-0.5
15790,15.05.2012 20:00:00,-0.5,-0.25,-0.37,-0.5,-0.5
15791,15.05.2012 21:00:00,-0.5,-0.25,-0.37,-0.5,-0.5
15792,15.05.2012 22:00:00,-0.5,-0.25,-0.31,-0.5,-0.5
15793,15.05.2012 23:00:00,-0.5,-0.25,-0.31,-0.5,-0.5
15794,16.05.2012 00:00:00,-0.5,-0.25,-0.31,-0.5,-0.5,3.593
15795,16.05.2012 01:00:00,-0.5,-0.25,-0.31,-0.5,-0.5
15796,16.05.2012 02:00:00,-0.5,-0.25,-0.31,-0.5,-0.5
15797,16.05.2012 03:00:00,-0.5,-0.25,-0.31,-0.5,-0.5
15798,16.05.2012 04:00:00,-0.5,-0.25,-0.31,-0.5,-0.5
15799,16.05.2012 05:00:00,-0.5,-0.25,-0.31,-0.5,-0.5
15800,16.05.2012 06:00:00,-0.5,-0.25,-0.31,-0.5,-0.5,3.598
15801,16.05.2012 07:00:00,-0.5,-0.25,-0.31,-0.5,-0.5
15802,16.05.2012 08:00:00,-0.5,-0.25,-0.31,-0.5,-0.5
15803,16.05.2012 09:00:00,-0.5,-0.25,-0.31,-0.5,-0.5
15804,16.05.2012 10:00:00,-0.5,-0.25,-0.31,-0.5,-0.5
15805,16.05.2012 11:00:00,-0.5,-0.25,-0.31,-0.5,-0.5
15806,16.05.2012 12:00:00,-0.5,-0.25,-0.31,-0.5,-0.5,3.593
15807,16.05.2012 13:00:00,-0.5,-0.25,-0.31,-0.5,-0.5
15808,16.05.2012 14:00:00,-0.5,-0.25,-0.31,-0.5,-0.5
15809,16.05.2012 15:00:00,-0.5,-0.25,-0.31,-0.5,-0.5
15810,16.05.2012 16:00:00,-0.5,-0.25,-0.31,-0.5,-0.5
15811,16.05.2012 17:00:00,-0.31,-0.25,-0.31,-0.5,-0.5
15812,16.05.2012 18:00:00,-0.25,0.06,-0.31,-0.5,-0.5,3.600
15813,16.05.2012 19:00:00,-0.31,0.12,0.06,-0.5,-0.5
15814,16.05.2012 20:00:00,-0.31,0.06,0.12,-0.12,-0.5
15815,16.05.2012 21:00:00,-0.31,0.06,0.06,0,-0.5
15816,16.05.2012 22:00:00,-0.31,0.06,0.12,0,-0.5
15817,16.05.2012 23:00:00,-0.25,0.06,0.12,0,-0.5
15818,17.05.2012 00:00:00,-0.25,0,0.12,0,-0.5,3.600
15819,17.05.2012 01:00:00,-0.31,0,0.06,0,-0.5
15820,17.05.2012 02:00:00,-0.31,0,0.12,0,-0.5
15821,17.05.2012 03:00:00,-0.31,0,0.06,0,-0.5
15822,17.05.2012 04:00:00,-0.31,-0.06,0.06,-0.06,-0.5
15823,17.05.2012 05:00:00,-0.31,-0.06,0.06,-0.06,-0.5
15824,17.05.2012 06:00:00,-0.25,-0.12,0.06,-0.12,-0.5,3.595
15825,17.05.2012 07:00:00,-0.31,-0.12,0.06,-0.18,-0.5
15826,17.05.2012 08:00:00,-0.25,-0.18,0.06,-0.25,-0.5
15827,17.05.2012 09:00:00,-0.31,-0.18,0.06,-0.31,-0.5
15828,17.05.2012 10:00:00,-0.31,-0.18,0,-0.31,-0.5
15829,17.05.2012 11:00:00,-0.25,-0.18,0,-0.37,-0.5
15830,17.05.2012 12:00:00,-0.31,-0.18,0,-0.37,-0.5,3.601
15831,17.05.2012 13:00:00,-0.31,-0.18,-0.06,-0.37,-0.5
15832,17.05.2012 14:00:00,-0.31,-0.18,-0.06,-0.37,-0.5
15833,17.05.2012 15:00:00,-0.31,-0.18,-0.06,-0.43,-0.5
15834,17.05.2012 16:00:00,-0.25,-0.18,-0.12,-0.43,-0.5
15835,17.05.2012 17:00:00,-0.25,-0.18,-0.12,-0.43,-0.5
15836,17.05.2012 18:00:00,-0.25,-0.18,-0.12,-0.43,-0.5,3.601
15837,17.05.2012 19:00:00,-0.25,-0.18,-0.18,-0.43,-0.5
15838,17.05.2012 20:00:00,-0.25,-0.18,-0.18,-0.43,-0.43
15839,17.05.2012 21:00:00,-0.25,-0.18,-0.18,-0.43,-0.5
15840,17.05.2012 22:00:00,-0.25,-0.18,-0.18,-0.43,-0.43
15841,17.05.2012 23:00:00,-0.31,-0.18,-0.18,-0.43,-0.43
15842,18.05.2012 00:00:00,-0.31,-0.18,-0.18,-0.43,-0.5,3.601
15843,18.05.2012 01:00:00,-0.31,-0.18,-0.18,-0.43,-0.43
15844,18.05.2012 02:00:00,-0.31,-0.18,-0.25,-0.43,-0.5
15845,18.05.2012 03:00:00,-0.31,-0.18,-0.25,-0.43,-0.43
15846,18.05.2012 04:00:00,-0.31,-0.18,-0.25,-0.43,-0.5
15847,18.05.2012 05:00:00,-0.31,-0.18,-0.25,-0.43,-0.43
15848,18.05.2012 06:00:00,-0.31,-0.18,-0.25,-0.43,-0.5,3.594
15849,18.05.2012 07:00:00,-0.31,-0.18,-0.25,-0.43,-0.43
15850,18.05.2012 08:00:00,-0.31,-0.18,-0.25,-0.43,-0.5
15851,18.05.2012 09:00:00,-0.31,-0.18,-0.25,-0.43,-0.5
15852,18.05.2012 10:00:00,-0.31,-0.18,-0.25,-0.43,-0.5
15853,18.05.2012 11:00:00,-0.31,-0.18,-0.25,-0.43,-0.5
15854,18.05.2012 12:00:00,-0.25,-0.18,-0.25,-0.43,-0.5,3.601
15855,18.05.2012 13:00:00,-0.18,-0.18,-0.31,-0.43,-0.43
15856,18.05.2012 14:00:00,-0.12,-0.18,-0.25,-0.43,-0.5
15857,18.05.2012 15:00:00,-0.06,-0.18,-0.25,-0.43,-0.5
15858,18.05.2012 16:00:00,0,-0.18,-0.25,-0.43,-0.43
15859,18.05.2012 17:00:00,0.06,-0.18,-0.25,-0.43,-0.43
15860,18.05.2012 18:00:00,0.06,-0.18,-0.25,-0.43,-0.43,3.613
15861,18.05.2012 19:00:00,0,-0.18,-0.25,-0.43,-0.5
15862,18.05.2012 20:00:00,-0.06,-0.18,-0.31,-0.43,-0.43
15863,18.05.2012 21:00:00,-0.12,-0.18,-0.25,-0.43,-0.43
15864,18.05.2012 22:00:00,-0.18,-0.18,-0.25,-0.43,-0.5
15865,18.05.2012 23:00:00,-0.25,-0.18,-0.25,-0.43,-0.43
15866,19.05.2012 00:00:00,-0.25,-0.18,-0.25,-0.43,-0.43,3.602
15867,19.05.2012 01:00:00,-0.25,-0.18,-0.25,-0.43,-0.43
15868,19.05.2012 02:00:00,-0.31,-0.18,-0.31,-0.43,-0.43
15869,19.05.2012 03:00:00,-0.25,-0.18,-0.25,-0.43,-0.43
15870,19.05.2012 04:00:00,-0.31,-0.18,-0.25,-0.43,-0.5
15871,19.05.2012 05:00:00,-0.31,-0.18,-0.25,-0.43,-0.43
15872,19.05.2012 06:00:00,-0.31,-0.18,-0.31,-0.43,-0.43,3.600
15873,19.05.2012 07:00:00,-0.31,-0.18,-0.25,-0.43,-0.43
15874,19.05.2012 08:00:00,-0.31,-0.18,-0.25,-0.43,-0.43
15875,19.05.2012 09:00:00,-0.31,-0.18,-0.25,-0.43,-0.5
15876,19.05.2012 10:00:00,-0.31,-0.18,-0.25,-0.43,-0.5
15877,19.05.2012 11:00:00,-0.31,-0.18,-0.25,-0.43,-0.5
15878,19.05.2012 12:00:00,-0.31,-0.18,-0.31,-0.43,-0.43,3.599
15879,19.05.2012 13:00:00,-0.31,-0.18,-0.25,-0.43,-0.43
15880,19.05.2012 14:00:00,-0.31,-0.18,-0.25,-0.43,-0.43
15881,19.05.2012 15:00:00,-0.25,-0.18,-0.25,-0.43,-0.43
15882,19.05.2012 16:00:00,-0.31,-0.25,-0.25,-0.43,-0.43
15883,19.05.2012 17:00:00,-0.25,-0.18,-0.31,-0.43,-0.43
15884,19.05.2012 18:00:00,-0.31,-0.18,-0.25,-0.43,-0.43,3.594
15885,19.05.2012 19:00:00,-0.31,-0.18,-0.25,-0.43,-0.43
15886,19.05.2012 20:00:00,-0.31,-0.18,-0.25,-0.43,-0.43
15887,19.05.2012 21:00:00,-0.31,-0.18,-0.31,-0.43,-0.43
15888,19.05.2012 22:00:00,-0.31,-0.18,-0.25,-0.43,-0.43
15889,19.05.2012 23:00:00,-0.31,-0.18,-0.25,-0.43,-0.43
15890,20.05.2012 00:00:00,-0.31,-0.18,-0.25,-0.43,-0.43,3.599
15891,20.05.2012 01:00:00,-0.31,-0.18,-0.31,-0.43,-0.43
15892,20.05.2012 02:00:00,-0.31,-0.18,-0.25,-0.43,-0.43
15893,20.05.2012 03:00:00,-0.31,-0.18,-0.25,-0.43,-0.43
15894,20.05.2012 04:00:00,-0.31,-0.18,-0.25,-0.43,-0.43
15895,20.05.2012 05:00:00,-0.31,-0.18,-0.25,-0.43,-0.43
15896,20.05.2012 06:00:00,-0.31,-0.18,-0.25,-0.43,-0.43,3.598
15897,20.05.2012 07:00:00,-0.31,-0.18,-0.25,-0.43,-0.43
15898,20.05.2012 08:00:00,-0.31,-0.18,-0.31,-0.43,-0.43
15899,20.05.2012 09:00:00,-0.31,-0.18,-0.25,-0.43,-0.43
15900,20.05.2012 10:00:00,-0.31,-0.18,-0.25,-0.43,-0.43
15901,20.05.2012 11:00:00,-0.31,-0.18,-0.25,-0.43,-0.43
15902,20.05.2012 12:00:00,-0.31,-0.18,-0.25,-0.43,-0.43,3.598
15903,20.05.2012 13:00:00,-0.31,-0.18,-0.25,-0.43,-0.43
15904,20.05.2012 14:00:00,-0.31,-0.18,-0.25,-0.43,-0.43
15905,20.05.2012 15:00:00,-0.31,-0.18,-0.25,-0.43,-0.43
15906,20.05.2012 16:00:00,-0.31,-0.18,-0.25,-0.43,-0.43
15907,20.05.2012 17:00:00,-0.25,-0.18,-0.25,-0.43,-0.43
15908,20.05.2012 18:00:00,-0.31,-0.18,-0.25,-0.43,-0.43,3.599
15909,20.05.2012 19:00:00,-0.31,-0.18,-0.25,-0.43,-0.43
15910,20.05.2012 20:00:00,-0.25,-0.18,-0.25,-0.43,-0.43
15911,20.05.2012 21:00:00,-0.31,-0.18,-0.31,-0.43,-0.43
15912,20.05.2012 22:00:00,-0.25,-0.18,-0.25,-0.43,-0.43
15913,20.05.2012 23:00:00,-0.31,-0.18,-0.25,-0.43,-0.43
15914,21.05.2012 00:00:00,-0.31,-0.18,-0.25,-0.43,-0.43,3.599
15915,21.05.2012 01:00:00,-0.31,-0.18,-0.25,-0.43,-0.43
15916,21.05.2012 02:00:00,-0.31,-0.18,-0.31,-0.43,-0.43
15917,21.05.2012 03:00:00,-0.31,-0.18,-0.25,-0.43,-0.43
15918,21.05.2012 04:00:00,-0.31,-0.18,-0.25,-0.43,-0.43
15919,21.05.2012 05:00:00,-0.31,-0.18,-0.25,-0.43,-0.43
15920,21.05.2012 06:00:00,-0.31,-0.18,-0.31,-0.43,-0.43,3.594
15921,21.05.2012 07:00:00,-0.31,-0.18,-0.25,-0.43,-0.43
15922,21.05.2012 08:00:00,-0.25,-0.18,-0.25,-0.43,-0.43
15923,21.05.2012 09:00:00,-0.31,-0.18,-0.31,-0.43,-0.43
15924,21.05.2012 10:00:00,-0.31,-0.18,-0.25,-0.43,-0.43
15925,21.05.2012 11:00:00,-0.31,-0.18,-0.25,-0.43,-0.43
15926,21.05.2012 12:00:00,-0.31,-0.18,-0.25,-0.43,-0.43,3.594
15927,21.05.2012 13:00:00,-0.25,-0.18,-0.25,-0.43,-0.43
15928,21.05.2012 14:00:00,-0.31,-0.18,-0.25,-0.43,-0.43
15929,21.05.2012 15:00:00,-0.31,-0.18,-0.25,-0.43,-0.43
15930,21.05.2012 16:00:00,-0.31,-0.18,-0.25,-0.43,-0.43
15931,21.05.2012 17:00:00,-0.31,-0.18,-0.25,-0.43,-0.43
15932,21.05.2012 18:00:00,-0.31,-0.18,-0.25,-0.43,-0.43,3.597
15933,21.05.2012 19:00:00,-0.31,-0.18,-0.25,-0.43,-0.43
15934,21.05.2012 20:00:00,-0.31,-0.18,-0.25,-0.43,-0.43
15935,21.05.2012 21:00:00,-0.31,-0.18,-0.25,-0.43,-0.43
15936,21.05.2012 22:00:00,-0.31,-0.18,-0.25,-0.43,-0.43
15937,21.05.2012 23:00:00,-0.31,-0.18,-0.25,-0.43,-0.43
15938,22.05.2012 00:00:00,-0.31,-0.18,-0.25,-0.43,-0.43,3.594
15939,22.05.2012 01:00:00,-0.31,-0.18,-0.25,-0.43,-0.43
15940,22.05.2012 02:00:00,-0.31,-0.18,-0.25,-0.43,-0.43
15941,22.05.2012 03:00:00,-0.31,-0.18,-0.25,-0.43,-0.43
15942,22.05.2012 04:00:00,-0.31,-0.18,-0.25,-0.43,-0.43
15943,22.05.2012 05:00:00,-0.31,-0.18,-0.25,-0.43,-0.43
15944,22.05.2012 06:00:00,-0.31,-0.12,-0.25,-0.43,-0.43,3.594
15945,22.05.2012 07:00:00,-0.25,-0.18,-0.25,-0.43,-0.43
15946,22.05.2012 08:00:00,-0.31,-0.18,-0.25,-0.43,-0.43
15947,22.05.2012 09:00:00,-0.31,-0.18,-0.25,-0.43,-0.43
15948,22.05.2012 10:00:00,-0.31,-0.18,-0.25,-0.43,-0.43
15949,22.05.2012 11:00:00,-0.31,-0.12,-0.25,-0.43,-0.43
15950,22.05.2012 12:00:00,-0.31,-0.18,-0.25,-0.43,-0.43,3.600
15951,22.05.2012 13:00:00,-0.31,-0.18,-0.25,-0.43,-0.43
15952,22.05.2012 14:00:00,-0.31,-0.18,-0.25,-0.43,-0.43
15953,22.05.2012 15:00:00,-0.31,-0.18,-0.25,-0.43,-0.43
15954,22.05.2012 16:00:00,-0.25,-0.18,-0.25,-0.43,-0.43
15955,22.05.2012 17:00:00,-0.18,-0.18,-0.25,-0.43,-0.43
15956,22.05.2012 18:00:00,-0.18,-0.18,-0.25,-0.43,-0.43,3.609
15957,22.05.2012 19:00:00,-0.18,-0.18,-0.25,-0.43,-0.43
15958,22.05.2012 20:00:00,-0.18,-0.18,-0.25,-0.37,-0.43
15959,22.05.2012 21:00:00,-0.25,-0.18,-0.25,-0.43,-0.43
15960,22.05.2012 22:00:00,-0.25,-0.18,-0.25,-0.43,-0.43
15961,22.05.2012 23:00:00,-0.25,-0.18,-0.25,-0.43,-0.43
15962,23.05.2012 00:00:00,-0.25,-0.12,-0.25,-0.43,-0.43,3.597
15963,23.05.2012 01:00:00,-0.25,-0.12,-0.25,-0.43,-0.43
15964,23.05.2012 02:00:00,-0.31,-0.18,-0.25,-0.37,-0.43
15965,23.05.2012 03:00:00,-0.31,-0.18,-0.25,-0.43,-0.43
15966,23.05.2012 04:00:00,-0.31,-0.18,-0.25,-0.43,-0.43
15967,23.05.2012 05:00:00,-0.31,-0.18,-0.25,-0.43,-0.43
15968,23.05.2012 06:00:00,-0.31,-0.18,-0.25,-0.43,-0.43,3.595
15969,23.05.2012 07:00:00,-0.31,-0.18,-0.25,-0.43,-0.43
15970,23.05.2012 08:00:00,-0.31,-0.18,-0.25,-0.43,-0.43
15971,23.05.2012 09:00:00,-0.31,-0.18,-0.25,-0.43,-0.43
15972,23.05.2012 10:00:00,-0.31,-0.12,-0.25,-0.37,-0.43
15973,23.05.2012 11:00:00,-0.25,-0.18,-0.25,-0.43,-0.43
15974,23.05.2012 12:00:00,-0.25,-0.12,-0.25,-0.43,-0.43,3.603
15975,23.05.2012 13:00:00,-0.12,-0.12,-0.25,-0.43,-0.43
15976,23.05.2012 14:00:00,0,-0.12,-0.25,-0.37,-0.43
15977,23.05.2012 15:00:00,0.18,-0.18,-0.25,-0.43,-0.43
15978,23.05.2012 16:00:00,0.25,-0.12,-0.25,-0.43,-0.43
15979,23.05.2012 17:00:00,0.25,-0.12,-0.25,-0.43,-0.43
15980,23.05.2012 18:00:00,0.18,-0.12,-0.25,-0.43,-0.43,3.614
15981,23.05.2012 19:00:00,0.18,-0.12,-0.25,-0.43,-0.43
15982,23.05.2012 20:00:00,0.12,-0.18,-0.25,-0.43,-0.43
15983,23.05.2012 21:00:00,0.06,-0.18,-0.25,-0.43,-0.43
15984,23.05.2012 22:00:00,0,-0.12,-0.18,-0.37,-0.43
15985,23.05.2012 23:00:00,-0.06,-0.18,-0.25,-0.37,-0.43
15986,24.05.2012 00:00:00,-0.12,-0.12,-0.25,-0.43,-0.43,3.604
15987,24.05.2012 01:00:00,-0.18,-0.12,-0.25,-0.37,-0.43
15988,24.05.2012 02:00:00,-0.18,-0.12,-0.25,-0.43,-0.43
15989,24.05.2012 03:00:00,-0.25,-0.12,-0.25,-0.37,-0.43
15990,24.05.2012 04:00:00,-0.25,-0.12,-0.25,-0.37,-0.43
15991,24.05.2012 05:00:00,-0.25,-0.12,-0.25,-0.43,-0.43
15992,24.05.2012 06:00:00,-0.25,-0.18,-0.25,-0.37,-0.43,3.596
15993,24.05.2012 07:00:00,-0.25,-0.12,-0.25,-0.37,-0.43
15994,24.05.2012 08:00:00,-0.31,-0.18,-0.25,-0.37,-0.43
15995,24.05.2012 09:00:00,-0.31,-0.12,-0.25,-0.43,-0.43
15996,24.05.2012 10:00:00,-0.25,-0.18,-0.25,-0.37,-0.43
15997,24.05.2012 11:00:00,-0.12,-0.18,-0.18,-0.37,-0.37
15998,24.05.2012 12:00:00,0.18,-0.12,-0.25,-0.37,-0.37,3.615
15999,24.05.2012 13:00:00,0.5,-0.12,-0.25,-0.43,-0.43
16000,24.05.2012 14:00:00,0.81,-0.12,-0.25,-0.37,-0.43
16001,24.05.2012 15:00:00,1.06,-0.12,-0.18,-0.37,-0.43
16002,24.05.2012 16:00:00,1.25,-0.12,-0.18,-0.37,-0.37
16003,24.05.2012 17:00:00,1.31,-0.12,-0.25,-0.37,-0.43
16004,24.05.2012 18:00:00,1.25,-0.12,-0.25,-0.43,-0.43,3.633
16005,24.05.2012 19:00:00,1.12,-0.12,-0.18,-0.37,-0.43
16006,24.05.2012 20:00:00,1,-0.12,-0.18,-0.37,-0.43
16007,24.05.2012 21:00:00,0.81,-0.12,-0.25,-0.37,-0.43
16008,24.05.2012 22:00:00,0.56,-0.12,-0.18,-0.37,-0.43
16009,24.05.2012 23:00:00,0.37,-0.12,-0.18,-0.37,-0.43
16010,25.05.2012 00:00:00,0.25,-0.12,-0.25,-0.37,-0.43,3.607
16011,25.05.2012 01:00:00,0.12,-0.12,-0.25,-0.37,-0.43
16012,25.05.2012 02:00:00,0,-0.18,-0.25,-0.37,-0.37
16013,25.05.2012 03:00:00,-0.06,-0.12,-0.25,-0.37,-0.37
16014,25.05.2012 04:00:00,-0.12,-0.12,-0.25,-0.37,-0.43
16015,25.05.2012 05:00:00,-0.18,-0.12,-0.25,-0.37,-0.43
16016,25.05.2012 06:00:00,-0.18,-0.12,-0.25,-0.37,-0.43,3.604
16017,25.05.2012 07:00:00,-0.25,-0.12,-0.25,-0.37,-0.37
16018,25.05.2012 08:00:00,-0.25,-0.12,-0.18,-0.37,-0.43
16019,25.05.2012 09:00:00,-0.25,-0.12,-0.25,-0.37,-0.43
16020,25.05.2012 10:00:00,-0.25,-0.12,-0.18,-0.37,-0.37
16021,25.05.2012 11:00:00,0.06,-0.12,-0.18,-0.37,-0.43
16022,25.05.2012 12:00:00,0.56,-0.12,-0.25,-0.37,-0.43,3.613
16023,25.05.2012 13:00:00,1.18,-0.12,-0.18,-0.37,-0.37
16024,25.05.2012 14:00:00,1.81,-0.12,-0.18,-0.37,-0.43
16025,25.05.2012 15:00:00,2.37,-0.12,-0.18,-0.37,-0.37
16026,25.05.2012 16:00:00,2.75,-0.12,-0.25,-0.37,-0.37
16027,25.05.2012 17:00:00,2.93,-0.12,-0.25,-0.37,-0.37
16028,25.05.2012 18:00:00,3,-0.12,-0.18,-0.37,-0.37,3.646
16029,25.05.2012 19:00:00,2.93,-0.12,-0.18,-0.37,-0.37
16030,25.05.2012 20:00:00,2.68,-0.12,-0.18,-0.37,-0.37
16031,25.05.2012 21:00:00,2.31,-0.12,-0.18,-0.37,-0.43
16032,25.05.2012 22:00:00,1.93,-0.12,-0.18,-0.37,-0.37
16033,25.05.2012 23:00:00,1.5,-0.12,-0.18,-0.37,-0.43
16034,26.05.2012 00:00:00,1.18,-0.12,-0.18,-0.37,-0.37,3.615
16035,26.05.2012 01:00:00,0.87,-0.12,-0.18,-0.37,-0.37
16036,26.05.2012 02:00:00,0.62,-0.12,-0.18,-0.37,-0.37
16037,26.05.2012 03:00:00,0.37,-0.12,-0.18,-0.37,-0.43
16038,26.05.2012 04:00:00,0.25,-0.12,-0.18,-0.37,-0.37
16039,26.05.2012 05:00:00,0.12,-0.12,-0.18,-0.37,-0.37
16040,26.05.2012 06:00:00,0,-0.12,-0.18,-0.37,-0.37,3.602
16041,26.05.2012 07:00:00,-0.06,-0.12,-0.18,-0.37,-0.37
16042,26.05.2012 08:00:00,-0.12,-0.12,-0.18,-0.37,-0.43
16043,26.05.2012 09:00:00,-0.12,-0.12,-0.18,-0.37,-0.43
16044,26.05.2012 10:00:00,-0.12,-0.12,-0.18,-0.37,-0.37
16045,26.05.2012 11:00:00,0.12,-0.12,-0.25,-0.37,-0.37
16046,26.05.2012 12:00:00,0.75,-0.12,-0.18,-0.37,-0.37,3.614
16047,26.05.2012 13:00:00,1.43,-0.12,-0.18,-0.37,-0.37
16048,26.05.2012 14:00:00,2.18,-0.12,-0.25,-0.37,-0.37
16049,26.05.2012 15:00:00,2.75,-0.12,-0.18,-0.37,-0.37
16050,26.05.2012 16:00:00,3.18,-0.12,-0.18,-0.37,-0.37
16051,26.05.2012 17:00:00,3.43,-0.12,-0.18,-0.31,-0.37
16052,26.05.2012 18:00:00,3.43,-0.12,-0.18,-0.37,-0.37,3.645
16053,26.05.2012 19:00:00,3.43,-0.12,-0.18,-0.37,-0.37
16054,26.05.2012 20:00:00,3.18,-0.12,-0.18,-0.37,-0.37
16055,26.05.2012 21:00:00,2.81,-0.12,-0.18,-0.37,-0.37
16056,26.05.2012 22:00:00,2.37,-0.12,-0.18,-0.37,-0.37
16057,26.05.2012 23:00:00,1.93,-0.12,-0.18,-0.37,-0.37
16058,27.05.2012 00:00:00,1.56,-0.12,-0.18,-0.37,-0.37,3.622
16059,27.05.2012 01:00:00,1.25,-0.12,-0.18,-0.37,-0.37
16060,27.05.2012 02:00:00,1,-0.12,-0.18,-0.37,-0.37
16061,27.05.2012 03:00:00,0.75,-0.12,-0.18,-0.37,-0.37
16062,27.05.2012 04:00:00,0.56,-0.12,-0.18,-0.37,-0.37
16063,27.05.2012 05:00:00,0.37,-0.12,-0.18,-0.37,-0.37
16064,27.05.2012 06:00:00,0.25,-0.12,-0.18,-0.37,-0.37,3.608
16065,27.05.2012 07:00:00,0.18,-0.12,-0.18,-0.37,-0.37
16066,27.05.2012 08:00:00,0.06,-0.12,-0.18,-0.37,-0.37
16067,27.05.2012 09:00:00,0,-0.12,-0.18,-0.37,-0.37
16068,27.05.2012 10:00:00,0.06,-0.12,-0.18,-0.37,-0.37
16069,27.05.2012 11:00:00,0.37,-0.12,-0.18,-0.37,-0.37
16070,27.05.2012 12:00:00,1.12,-0.12,-0.18,-0.37,-0.37,3.619
16071,27.05.2012 13:00:00,2.06,-0.12,-0.18,-0.37,-0.37
16072,27.05.2012 14:00:00,2.87,-0.12,-0.18,-0.37,-0.37
16073,27.05.2012 15:00:00,3.5,-0.12,-0.18,-0.37,-0.37
16074,27.05.2012 16:00:00,4,-0.12,-0.18,-0.37,-0.37
16075,27.05.2012 17:00:00,4.25,-0.12,-0.18,-0.37,-0.37
16076,27.05.2012 18:00:00,4.37,-0.12,-0.18,-0.37,-0.37,3.648
16077,27.05.2012 19:00:00,4.25,-0.06,-0.18,-0.37,-0.37
16078,27.05.2012 20:00:00,4.06,-0.06,-0.18,-0.31,-0.37
16079,27.05.2012 21:00:00,3.62,-0.12,-0.18,-0.37,-0.37
16080,27.05.2012 22:00:00,3.18,-0.06,-0.18,-0.31,-0.37
16081,27.05.2012 23:00:00,2.75,-0.12,-0.18,-0.37,-0.37
16082,28.05.2012 00:00:00,2.31,-0.06,-0.18,-0.37,-0.37,3.624
16083,28.05.2012 01:00:00,1.93,-0.06,-0.18,-0.37,-0.37
16084,28.05.2012 02:00:00,1.56,-0.06,-0.18,-0.37,-0.37
16085,28.05.2012 03:00:00,1.31,-0.12,-0.18,-0.37,-0.37
16086,28.05.2012 04:00:00,1.06,-0.12,-0.18,-0.37,-0.37
16087,28.05.2012 05:00:00,0.81,-0.06,-0.18,-0.31,-0.37
16088,28.05.2012 06:00:00,0.68,-0.06,-0.18,-0.37,-0.37,3.612
16089,28.05.2012 07:00:00,0.5,-0.06,-0.18,-0.37,-0.37
16090,28.05.2012 08:00:00,0.37,-0.12,-0.18,-0.37,-0.37
16091,28.05.2012 09:00:00,0.25,-0.06,-0.18,-0.37,-0.37
16092,28.05.2012 10:00:00,0.25,-0.06,-0.18,-0.31,-0.37
16093,28.05.2012 11:00:00,0.56,-0.06,-0.18,-0.31,-0.37
16094,28.05.2012 12:00:00,1.25,-0.06,-0.18,-0.37,-0.37,3.622
16095,28.05.2012 13:00:00,2.12,-0.06,-0.18,-0.37,-0.37
16096,28.05.2012 14:00:00,2.81,-0.06,-0.18,-0.31,-0.37
16097,28.05.2012 15:00:00,3.25,-0.06,-0.18,-0.31,-0.37
16098,28.05.2012 16:00:00,3.37,-0.06,-0.18,-0.37,-0.37
16099,28.05.2012 17:00:00,3.5,-0.06,-0.18,-0.37,-0.37
16100,28.05.2012 18:00:00,3.68,-0.06,-0.18,-0.37,-0.37,3.643
16101,28.05.2012 19:00:00,3.81,-0.06,-0.18,-0.31,-0.37
16102,28.05.2012 20:00:00,3.81,-0.06,-0.18,-0.31,-0.37
16103,28.05.2012 21:00:00,3.68,-0.06,-0.18,-0.31,-0.37
16104,28.05.2012 22:00:00,3.37,-0.06,-0.18,-0.37,-0.37
16105,28.05.2012 23:00:00,3,-0.06,-0.18,-0.37,-0.37
16106,29.05.2012 00:00:00,2.68,-0.06,-0.18,-0.31,-0.37,3.624
16107,29.05.2012 01:00:00,2.37,-0.06,-0.18,-0.31,-0.37
16108,29.05.2012 02:00:00,2.06,-0.06,-0.12,-0.31,-0.37
16109,29.05.2012 03:00:00,1.81,-0.06,-0.18,-0.31,-0.37
16110,29.05.2012 04:00:00,1.68,-0.06,-0.18,-0.31,-0.37
16111,29.05.2012 05:00:00,1.5,-0.06,-0.18,-0.31,-0.37
16112,29.05.2012 06:00:00,1.31,-0.06,-0.18,-0.31,-0.37,3.613
16113,29.05.2012 07:00:00,1.18,-0.06,-0.18,-0.31,-0.37
16114,29.05.2012 08:00:00,1.06,-0.06,-0.18,-0.31,-0.37
16115,29.05.2012 09:00:00,0.93,-0.06,-0.12,-0.31,-0.37
16116,29.05.2012 10:00:00,0.81,-0.06,-0.18,-0.31,-0.37
16117,29.05.2012 11:00:00,0.75,-0.06,-0.12,-0.37,-0.37
16118,29.05.2012 12:00:00,0.68,-0.06,-0.18,-0.37,-0.37,3.609
16119,29.05.2012 13:00:00,0.68,-0.06,-0.18,-0.31,-0.37
16120,29.05.2012 14:00:00,0.68,-0.06,-0.18,-0.37,-0.37
16121,29.05.2012 15:00:00,0.75,0.06,-0.18,-0.31,-0.37
16122,29.05.2012 16:00:00,0.93,0.06,-0.18,-0.31,-0.37
16123,29.05.2012 17:00:00,1.31,0,-0.18,-0.31,-0.37
16124,29.05.2012 18:00:00,1.81,0,-0.18,-0.31,-0.37,3.623
16125,29.05.2012 19:00:00,2.12,0,-0.12,-0.37,-0.37
16126,29.05.2012 20:00:00,2.25,0,-0.12,-0.31,-0.37
16127,29.05.2012 21:00:00,2.25,0,-0.12,-0.31,-0.37
16128,29.05.2012 22:00:00,2.12,0,-0.18,-0.31,-0.37
16129,29.05.2012 23:00:00,1.93,0,-0.18,-0.31,-0.37
16130,30.05.2012 00:00:00,1.68,0,-0.18,-0.31,-0.37,3.615
16131,30.05.2012 01:00:00,1.5,0,-0.18,-0.31,-0.37
16132,30.05.2012 02:00:00,1.31,0,-0.12,-0.31,-0.37
16133,30.05.2012 03:00:00,1.12,0,-0.12,-0.31,-0.37
16134,30.05.2012 04:00:00,1,0,-0.18,-0.31,-0.37
16135,30.05.2012 05:00:00,0.81,0,-0.12,-0.31,-0.37
16136,30.05.2012 06:00:00,0.68,0,-0.12,-0.31,-0.37,3.612
16137,30.05.2012 07:00:00,0.56,0,-0.18,-0.31,-0.37
16138,30.05.2012 08:00:00,0.43,0,-0.12,-0.31,-0.37
16139,30.05.2012 09:00:00,0.37,0,-0.12,-0.31,-0.37
16140,30.05.2012 10:00:00,0.43,0,-0.12,-0.31,-0.37
16141,30.05.2012 11:00:00,0.81,0,-0.12,-0.31,-0.37
16142,30.05.2012 12:00:00,1.37,0,-0.12,-0.31,-0.37,3.624
16143,30.05.2012 13:00:00,2,0,-0.12,-0.31,-0.37
16144,30.05.2012 14:00:00,2.62,0,-0.12,-0.31,-0.37
16145,30.05.2012 15:00:00,3.12,0,-0.18,-0.31,-0.37
16146,30.05.2012 16:00:00,3.68,0.06,-0.12,-0.31,-0.37
16147,30.05.2012 17:00:00,4.12,0,-0.12,-0.31,-0.37
16148,30.05.2012 18:00:00,4.31,0.06,-0.12,-0.31,-0.37,3.644
16149,30.05.2012 19:00:00,4.37,0,-0.12,-0.31,-0.37
16150,30.05.2012 20:00:00,4.25,0,-0.18,-0.31,-0.37
16151,30.05.2012 21:00:00,4,0,-0.12,-0.31,-0.37
16152,30.05.2012 22:00:00,3.68,0.06,-0.12,-0.31,-0.37
16153,30.05.2012 23:00:00,3.37,0,-0.12,-0.31,-0.31
16154,31.05.2012 00:00:00,3.06,0,-0.12,-0.31,-0.37,3.627
16155,31.05.2012 01:00:00,2.75,0.06,-0.12,-0.31,-0.37
16156,31.05.2012 02:00:00,2.43,0.06,-0.12,-0.31,-0.37
16157,31.05.2012 03:00:00,2.12,0,-0.12,-0.31,-0.37
16158,31.05.2012 04:00:00,1.87,0.06,-0.18,-0.31,-0.31
16159,31.05.2012 05:00:00,1.62,0.06,-0.12,-0.31,-0.37
16160,31.05.2012 06:00:00,1.43,0.06,-0.12,-0.31,-0.37,3.612
16161,31.05.2012 07:00:00,1.25,0,-0.12,-0.31,-0.37
16162,31.05.2012 08:00:00,1.06,0.06,-0.12,-0.31,-0.37
16163,31.05.2012 09:00:00,1,0.06,-0.12,-0.31,-0.37
16164,31.05.2012 10:00:00,1.18,0.06,-0.12,-0.31,-0.31
16165,31.05.2012 11:00:00,1.75,0.06,-0.12,-0.31,-0.31
16166,31.05.2012 12:00:00,2.43,0.06,-0.12,-0.31,-0.37,3.631
16167,31.05.2012 13:00:00,3.06,0.06,-0.12,-0.31,-0.37
16168,31.05.2012 14:00:00,3.68,0.06,-0.12,-0.31,-0.37
16169,31.05.2012 15:00:00,4.37,0.06,-0.12,-0.31,-0.37
16170,31.05.2012 16:00:00,4.93,0.06,-0.12,-0.31,-0.37
16171,31.05.2012 17:00:00,5.37,0.06,-0.12,-0.31,-0.31
16172,31.05.2012 18:00:00,5.62,0.06,-0.12,-0.31,-0.37,3.657
16173,31.05.2012 19:00:00,5.62,0.06,-0.12,-0.31,-0.37
16174,31.05.2012 20:00:00,5.43,0.06,-0.12,-0.31,-0.31
16175,31.05.2012 21:00:00,5.12,0.06,-0.12,-0.31,-0.37
16176,31.05.2012 22:00:00,4.75,0.06,-0.12,-0.31,-0.31
16177,31.05.2012 23:00:00,4.37,0.12,-0.12,-0.31,-0.31
16178,01.06.2012 00:00:00,3.93,0.12,-0.12,-0.31,-0.37,3.632
16179,01.06.2012 01:00:00,3.56,0.06,-0.12,-0.31,-0.31
16180,01.06.2012 02:00:00,3.18,0.12,-0.12,-0.31,-0.31
16181,01.06.2012 03:00:00,2.87,0.12,-0.12,-0.31,-0.31
16182,01.06.2012 04:00:00,2.62,0.06,-0.12,-0.31,-0.31
16183,01.06.2012 05:00:00,2.31,0.12,-0.12,-0.31,-0.31
16184,01.06.2012 06:00:00,2.12,0.12,-0.12,-0.31,-0.37,3.623
16185,01.06.2012 07:00:00,1.87,0.12,-0.12,-0.31,-0.37
16186,01.06.2012 08:00:00,1.68,0.12,-0.12,-0.31,-0.31
16187,01.06.2012 09:00:00,1.56,0.12,-0.12,-0.31,-0.31
16188,01.06.2012 10:00:00,1.62,0.12,-0.12,-0.31,-0.31
16189,01.06.2012 11:00:00,1.81,0.12,-0.12,-0.31,-0.37
16190,01.06.2012 12:00:00,2.12,0.12,-0.12,-0.31,-0.31,3.628
16191,01.06.2012 13:00:00,2.5,0.12,-0.12,-0.31,-0.31
16192,01.06.2012 14:00:00,2.81,0.12,-0.12,-0.31,-0.31
16193,01.06.2012 15:00:00,3.06,0.12,-0.12,-0.31,-0.31
16194,01.06.2012 16:00:00,3.43,0.12,-0.12,-0.31,-0.37
16195,01.06.2012 17:00:00,3.87,0.12,-0.12,-0.31,-0.31
16196,01.06.2012 18:00:00,4.25,0.12,-0.12,-0.31,-0.31,3.641
16197,01.06.2012 19:00:00,4.37,0.12,-0.12,-0.31,-0.31
16198,01.06.2012 20:00:00,4.37,0.12,-0.12,-0.31,-0.31
16199,01.06.2012 21:00:00,4.18,0.18,-0.12,-0.31,-0.31
16200,01.06.2012 22:00:00,3.93,0.18,-0.12,-0.31,-0.31
16201,01.06.2012 23:00:00,3.62,0.18,-0.12,-0.31,-0.31
16202,02.06.2012 00:00:00,3.25,0.18,-0.12,-0.31,-0.31,3.631
16203,02.06.2012 01:00:00,2.93,0.18,-0.12,-0.31,-0.31
16204,02.06.2012 02:00:00,2.62,0.25,-0.12,-0.31,-0.31
16205,02.06.2012 03:00:00,2.37,0.25,-0.12,-0.31,-0.31
16206,02.06.2012 04:00:00,2.12,0.25,-0.12,-0.31,-0.37
16207,02.06.2012 05:00:00,1.87,0.25,-0.12,-0.31,-0.31
16208,02.06.2012 06:00:00,1.68,0.25,-0.12,-0.31,-0.37,3.614
16209,02.06.2012 07:00:00,1.5,0.25,-0.12,-0.25,-0.31
16210,02.06.2012 08:00:00,1.31,0.25,-0.12,-0.31,-0.31
16211,02.06.2012 09:00:00,1.18,0.25,-0.12,-0.31,-0.31
16212,02.06.2012 10:00:00,1.06,0.25,-0.12,-0.31,-0.31
16213,02.06.2012 11:00:00,0.93,0.25,-0.12,-0.25,-0.31
16214,02.06.2012 12:00:00,1.12,0.25,-0.12,-0.25,-0.31,3.617
16215,02.06.2012 13:00:00,1.56,0.25,-0.12,-0.31,-0.31
16216,02.06.2012 14:00:00,1.93,0.25,-0.12,-0.31,-0.31
16217,02.06.2012 15:00:00,2.25,0.25,-0.12,-0.31,-0.31
16218,02.06.2012 16:00:00,2.62,0.25,-0.12,-0.25,-0.31
16219,02.06.2012 17:00:00,3,0.25,-0.12,-0.25,-0.31
16220,02.06.2012 18:00:00,3.18,0.25,-0.12,-0.31,-0.31,3.631
16221,02.06.2012 19:00:00,3.25,0.31,-0.12,-0.25,-0.31
16222,02.06.2012 20:00:00,3.25,0.31,-0.12,-0.25,-0.31
16223,02.06.2012 21:00:00,3.12,0.37,-0.12,-0.25,-0.31
16224,02.06.2012 22:00:00,2.87,0.37,-0.12,-0.25,-0.31
16225,02.06.2012 23:00:00,2.68,0.37,-0.12,-0.25,-0.31
16226,03.06.2012 00:00:00,2.43,0.37,-0.12,-0.25,-0.31,3.621
16227,03.06.2012 01:00:00,2.18,0.37,-0.06,-0.31,-0.31
16228,03.06.2012 02:00:00,2,0.43,-0.12,-0.25,-0.31
16229,03.06.2012 03:00:00,1.81,0.43,-0.12,-0.25,-0.31
16230,03.06.2012 04:00:00,1.62,0.43,-0.06,-0.25,-0.31
16231,03.06.2012 05:00:00,1.5,0.37,-0.12,-0.25,-0.31
16232,03.06.2012 06:00:00,1.31,0.43,-0.06,-0.25,-0.31,3.611
16233,03.06.2012 07:00:00,1.25,0.37,-0.12,-0.25,-0.31
16234,03.06.2012 08:00:00,1.06,0.37,-0.06,-0.25,-0.31
16235,03.06.2012 09:00:00,1,0.37,-0.06,-0.25,-0.31
16236,03.06.2012 10:00:00,0.93,0.37,-0.06,-0.25,-0.31
16237,03.06.2012 11:00:00,0.81,0.31,-0.06,-0.25,-0.31
16238,03.06.2012 12:00:00,0.75,0.31,-0.06,-0.25,-0.31,3.613
16239,03.06.2012 13:00:00,0.68,0.31,-0.06,-0.25,-0.31
16240,03.06.2012 14:00:00,0.87,0.31,-0.06,-0.25,-0.31
16241,03.06.2012 15:00:00,1.31,0.31,-0.06,-0.25,-0.31
16242,03.06.2012 16:00:00,1.75,0.31,-0.06,-0.25,-0.31
16243,03.06.2012 17:00:00,2.12,0.31,-0.06,-0.25,-0.31
16244,03.06.2012 18:00:00,2.37,0.31,-0.06,-0.25,-0.31,3.629
16245,03.06.2012 19:00:00,2.43,0.31,-0.06,-0.25,-0.31
16246,03.06.2012 20:00:00,2.43,0.37,-0.06,-0.25,-0.31
16247,03.06.2012 21:00:00,2.31,0.37,-0.06,-0.25,-0.31
16248,03.06.2012 22:00:00,2.12,0.43,-0.06,-0.25,-0.31
16249,03.06.2012 23:00:00,2,0.43,-0.06,-0.25,-0.31
16250,04.06.2012 00:00:00,1.87,0.43,-0.06,-0.25,-0.31,3.622
16251,04.06.2012 01:00:00,1.75,0.43,-0.06,-0.25,-0.31
16252,04.06.2012 02:00:00,1.62,0.43,-0.06,-0.25,-0.31
16253,04.06.2012 03:00:00,1.56,0.43,-0.06,-0.25,-0.31
16254,04.06.2012 04:00:00,1.43,0.5,-0.06,-0.25,-0.31
16255,04.06.2012 05:00:00,1.37,0.5,-0.06,-0.25,-0.31
16256,04.06.2012 06:00:00,1.25,0.43,-0.06,-0.25,-0.31,3.611
16257,04.06.2012 07:00:00,1.18,0.43,-0.06,-0.25,-0.31
16258,04.06.2012 08:00:00,1.12,0.43,-0.06,-0.25,-0.31
16259,04.06.2012 09:00:00,1.06,0.43,-0.06,-0.25,-0.31
16260,04.06.2012 10:00:00,1,0.37,-0.06,-0.25,-0.31
16261,04.06.2012 11:00:00,0.93,0.43,-0.06,-0.25,-0.31
16262,04.06.2012 12:00:00,0.87,0.37,-0.06,-0.25,-0.31,3.613
16263,04.06.2012 13:00:00,0.81,0.37,-0.06,-0.25,-0.31
16264,04.06.2012 14:00:00,0.81,0.37,-0.06,-0.25,-0.31
16265,04.06.2012 15:00:00,0.75,0.37,-0.06,-0.25,-0.31
16266,04.06.2012 16:00:00,0.75,0.37,-0.06,-0.25,-0.31
16267,04.06.2012 17:00:00,0.87,0.37,-0.06,-0.25,-0.31
16268,04.06.2012 18:00:00,1.12,0.31,-0.06,-0.25,-0.31,3.616
16269,04.06.2012 19:00:00,1.31,0.31,-0.06,-0.25,-0.31
16270,04.06.2012 20:00:00,1.37,0.31,-0.06,-0.25,-0.31
16271,04.06.2012 21:00:00,1.37,0.37,-0.06,-0.25,-0.31
16272,04.06.2012 22:00:00,1.31,0.37,-0.06,-0.25,-0.31
16273,04.06.2012 23:00:00,1.18,0.37,-0.06,-0.25,-0.31
16274,05.06.2012 00:00:00,1,0.37,-0.06,-0.25,-0.31,3.615
16275,05.06.2012 01:00:00,0.93,0.37,-0.06,-0.25,-0.25
16276,05.06.2012 02:00:00,0.81,0.37,-0.06,-0.25,-0.31
16277,05.06.2012 03:00:00,0.68,0.37,-0.06,-0.25,-0.31
16278,05.06.2012 04:00:00,0.62,0.37,-0.06,-0.25,-0.31
16279,05.06.2012 05:00:00,0.56,0.37,-0.06,-0.25,-0.31
16280,05.06.2012 06:00:00,0.43,0.31,-0.06,-0.25,-0.31,3.607
16281,05.06.2012 07:00:00,0.43,0.31,-0.06,-0.25,-0.31
16282,05.06.2012 08:00:00,0.31,0.31,-0.06,-0.25,-0.31
16283,05.06.2012 09:00:00,0.31,0.31,-0.06,-0.25,-0.31
16284,05.06.2012 10:00:00,0.25,0.25,-0.06,-0.18,-0.31
16285,05.06.2012 11:00:00,0.25,0.25,-0.06,-0.25,-0.31
16286,05.06.2012 12:00:00,0.5,0.25,-0.06,-0.25,-0.31,3.614
16287,05.06.2012 13:00:00,0.87,0.25,-0.06,-0.25,-0.31
16288,05.06.2012 14:00:00,1.31,0.25,-0.06,-0.25,-0.31
16289,05.06.2012 15:00:00,1.87,0.25,0,-0.25,-0.25
16290,05.06.2012 16:00:00,2.31,0.25,-0.06,-0.25,-0.31
16291,05.06.2012 17:00:00,2.68,0.31,-0.06,-0.25,-0.31
16292,05.06.2012 18:00:00,3.06,0.37,-0.06,-0.25,-0.31,3.632
16293,05.06.2012 19:00:00,3.43,0.43,-0.06,-0.25,-0.25
16294,05.06.2012 20:00:00,3.62,0.43,-0.06,-0.25,-0.25
16295,05.06.2012 21:00:00,3.62,0.56,-0.06,-0.25,-0.25
16296,05.06.2012 22:00:00,3.43,0.56,0,-0.25,-0.31
16297,05.06.2012 23:00:00,3.12,0.62,-0.06,-0.25,-0.25
16298,06.06.2012 00:00:00,2.81,0.68,-0.06,-0.25,-0.31,3.624
16299,06.06.2012 01:00:00,2.56,0.75,-0.06,-0.25,-0.31
16300,06.06.2012 02:00:00,2.31,0.75,-0.06,-0.25,-0.31
16301,06.06.2012 03:00:00,2.12,0.75,-0.06,-0.25,-0.25
16302,06.06.2012 04:00:00,1.93,0.75,-0.06,-0.25,-0.31
16303,06.06.2012 05:00:00,1.75,0.75,0,-0.18,-0.31
16304,06.06.2012 06:00:00,1.56,0.68,0,-0.25,-0.31,3.614
16305,06.06.2012 07:00:00,1.43,0.68,0,-0.25,-0.31
16306,06.06.2012 08:00:00,1.31,0.68,0,-0.25,-0.25
16307,06.06.2012 09:00:00,1.18,0.62,0,-0.25,-0.25
16308,06.06.2012 10:00:00,1.18,0.62,0,-0.25,-0.25
16309,06.06.2012 11:00:00,1.5,0.62,-0.06,-0.25,-0.25
16310,06.06.2012 12:00:00,2.06,0.56,0,-0.25,-0.25,3.623
16311,06.06.2012 13:00:00,2.56,0.56,0,-0.18,-0.25
16312,06.06.2012 14:00:00,3.12,0.56,0,-0.18,-0.31
16313,06.06.2012 15:00:00,3.56,0.56,0,-0.25,-0.25
16314,06.06.2012 16:00:00,3.81,0.62,0,-0.18,-0.31
16315,06.06.2012 17:00:00,3.93,0.68,0,-0.25,-0.31
16316,06.06.2012 18:00:00,3.81,0.75,0,-0.25,-0.25,3.635
16317,06.06.2012 19:00:00,3.68,0.81,0,-0.25,-0.25
16318,06.06.2012 20:00:00,3.5,0.87,0,-0.25,-0.25
16319,06.06.2012 21:00:00,3.25,0.87,-0.06,-0.25,-0.25
16320,06.06.2012 22:00:00,3.06,0.93,0,-0.25,-0.25
16321,06.06.2012 23:00:00,2.87,0.93,0,-0.18,-0.25
16322,07.06.2012 00:00:00,2.75,0.93,0,-0.25,-0.31,3.629
16323,07.06.2012 01:00:00,2.56,1,0,-0.25,-0.25
16324,07.06.2012 02:00:00,2.37,0.93,0,-0.25,-0.25
16325,07.06.2012 03:00:00,2.25,0.93,0,-0.18,-0.25
16326,07.06.2012 04:00:00,2.06,0.93,0,-0.18,-0.25
16327,07.06.2012 05:00:00,1.93,0.93,0,-0.18,-0.25
16328,07.06.2012 06:00:00,1.81,0.87,0,-0.25,-0.25,3.618
16329,07.06.2012 07:00:00,1.62,0.87,0,-0.25,-0.25
16330,07.06.2012 08:00:00,1.5,0.87,0,-0.18,-0.25
16331,07.06.2012 09:00:00,1.43,0.81,0,-0.25,-0.31
16332,07.06.2012 10:00:00,1.43,0.81,0,-0.18,-0.25
16333,07.06.2012 11:00:00,1.93,0.81,0,-0.25,-0.25
16334,07.06.2012 12:00:00,2.68,0.75,0,-0.18,-0.25,3.632
16335,07.06.2012 13:00:00,3.56,0.75,0,-0.25,-0.31
16336,07.06.2012 14:00:00,4.43,0.75,0,-0.18,-0.25
16337,07.06.2012 15:00:00,5.18,0.81,0,-0.18,-0.25
16338,07.06.2012 16:00:00,5.81,0.87,0,-0.18,-0.25
16339,07.06.2012 17:00:00,6.37,1,0,-0.18,-0.25
16340,07.06.2012 18:00:00,6.62,1.06,0.06,-0.18,-0.25,3.660
16341,07.06.2012 19:00:00,6.68,1.18,0,-0.18,-0.25
16342,07.06.2012 20:00:00,6.5,1.31,0,-0.18,-0.25
16343,07.06.2012 21:00:00,6.25,1.43,0.06,-0.18,-0.25
16344,07.06.2012 22:00:00,5.93,1.56,0,-0.25,-0.25
16345,07.06.2012 23:00:00,5.56,1.62,0,-0.18,-0.25
16346,08.06.2012 00:00:00,5.18,1.68,0.06,-0.18,-0.25,3.641
16347,08.06.2012 01:00:00,4.81,1.75,0.06,-0.18,-0.25
16348,08.06.2012 02:00:00,4.43,1.75,0.06,-0.18,-0.25
16349,08.06.2012 03:00:00,4.06,1.81,0.06,-0.18,-0.25
16350,08.06.2012 04:00:00,3.81,1.81,0.06,-0.18,-0.25
16351,08.06.2012 05:00:00,3.5,1.75,0.06,-0.18,-0.25
16352,08.06.2012 06:00:00,3.25,1.68,0,-0.18,-0.25,3.626
16353,08.06.2012 07:00:00,3,1.68,0,-0.18,-0.25
16354,08.06.2012 08:00:00,2.81,1.62,0.06,-0.18,-0.25
16355,08.06.2012 09:00:00,2.62,1.56,0.06,-0.25,-0.25
16356,08.06.2012 10:00:00,2.75,1.56,0.06,-0.18,-0.25
16357,08.06.2012 11:00:00,3,1.5,0.06,-0.18,-0.25
16358,08.06.2012 12:00:00,3.37,1.43,0.06,-0.18,-0.25,3.636
16359,08.06.2012 13:00:00,3.68,1.43,0.06,-0.18,-0.25
16360,08.06.2012 14:00:00,4,1.37,0.06,-0.25,-0.25
16361,08.06.2012 15:00:00,4.37,1.37,0.06,-0.18,-0.25
16362,08.06.2012 16:00:00,4.68,1.37,0.06,-0.18,-0.25
16363,08.06.2012 17:00:00,4.75,1.43,0.06,-0.25,-0.25
16364,08.06.2012 18:00:00,4.56,1.43,0.06,-0.18,-0.25,3.641
16365,08.06.2012 19:00:00,4.31,1.5,0.06,-0.18,-0.25
16366,08.06.2012 20:00:00,4.06,1.5,0.06,-0.18,-0.25
16367,08.06.2012 21:00:00,3.81,1.56,0.06,-0.18,-0.31
16368,08.06.2012 22:00:00,3.62,1.56,0.06,-0.18,-0.25
16369,08.06.2012 23:00:00,3.43,1.62,0.06,-0.18,-0.25
16370,09.06.2012 00:00:00,3.25,1.62,0.06,-0.18,-0.25,3.633
16371,09.06.2012 01:00:00,3.06,1.62,0.06,-0.18,-0.25
16372,09.06.2012 02:00:00,2.93,1.56,0.06,-0.18,-0.25
16373,09.06.2012 03:00:00,2.75,1.56,0.06,-0.18,-0.25
16374,09.06.2012 04:00:00,2.62,1.56,0.06,-0.18,-0.25
16375,09.06.2012 05:00:00,2.5,1.5,0.06,-0.18,-0.25
16376,09.06.2012 06:00:00,2.37,1.5,0.06,-0.18,-0.25,3.626
16377,09.06.2012 07:00:00,2.25,1.43,0.06,-0.18,-0.25
16378,09.06.2012 08:00:00,2.18,1.37,0.06,-0.18,-0.25
16379,09.06.2012 09:00:00,2.06,1.37,0.06,-0.18,-0.25
16380,09.06.2012 10:00:00,2,1.31,0.06,-0.18,-0.31
16381,09.06.2012 11:00:00,2,1.31,0.06,-0.18,-0.25
16382,09.06.2012 12:00:00,2.12,1.31,0.06,-0.18,-0.25,3.622
16383,09.06.2012 13:00:00,2.5,1.25,0.06,-0.18,-0.25
16384,09.06.2012 14:00:00,3.06,1.18,0.06,-0.18,-0.25
16385,09.06.2012 15:00:00,3.43,1.18,0.12,-0.18,-0.25
16386,09.06.2012 16:00:00,3.56,1.18,0.06,-0.18,-0.25
16387,09.06.2012 17:00:00,3.56,1.25,0.06,-0.18,-0.25
16388,09.06.2012 18:00:00,3.56,1.25,0.06,-0.18,-0.25,3.640
16389,09.06.2012 19:00:00,3.62,1.31,0.06,-0.18,-0.25
16390,09.06.2012 20:00:00,3.68,1.37,0.06,-0.18,-0.25
16391,09.06.2012 21:00:00,3.62,1.37,0.06,-0.18,-0.25
16392,09.06.2012 22:00:00,3.43,1.43,0.06,-0.18,-0.25
16393,09.06.2012 23:00:00,3.25,1.43,0.06,-0.18,-0.25
16394,10.06.2012 00:00:00,3.06,1.43,0.06,-0.18,-0.25,3.626
16395,10.06.2012 01:00:00,2.87,1.5,0.06,-0.18,-0.25
16396,10.06.2012 02:00:00,2.68,1.5,0.06,-0.18,-0.25
16397,10.06.2012 03:00:00,2.56,1.5,0.06,-0.18,-0.25
16398,10.06.2012 04:00:00,2.37,1.43,0.06,-0.18,-0.25
16399,10.06.2012 05:00:00,2.25,1.43,0.06,-0.18,-0.25
16400,10.06.2012 06:00:00,2.12,1.43,0.12,-0.18,-0.25,3.623
16401,10.06.2012 07:00:00,2,1.37,0.06,-0.18,-0.25
16402,10.06.2012 08:00:00,1.87,1.37,0.06,-0.18,-0.25
16403,10.06.2012 09:00:00,1.81,1.31,0.06,-0.18,-0.25
16404,10.06.2012 10:00:00,1.75,1.31,0.06,-0.18,-0.25
16405,10.06.2012 11:00:00,1.75,1.31,0.06,-0.18,-0.25
16406,10.06.2012 12:00:00,2.25,1.25,0.06,-0.18,-0.25,3.625
16407,10.06.2012 13:00:00,2.87,1.25,0.06,-0.18,-0.25
16408,10.06.2012 14:00:00,3.56,1.18,0.06,-0.18,-0.25
16409,10.06.2012 15:00:00,4.18,1.18,0.12,-0.18,-0.25
16410,10.06.2012 16:00:00,4.75,1.25,0.06,-0.18,-0.25
16411,10.06.2012 17:00:00,5.18,1.31,0.06,-0.18,-0.25
16412,10.06.2012 18:00:00,5.37,1.37,0.06,-0.18,-0.25,3.652
16413,10.06.2012 19:00:00,5.43,1.43,0.12,-0.18,-0.25
16414,10.06.2012 20:00:00,5.31,1.56,0.06,-0.18,-0.25
16415,10.06.2012 21:00:00,5.12,1.62,0.06,-0.18,-0.25
16416,10.06.2012 22:00:00,4.81,1.75,0.06,-0.18,-0.25
16417,10.06.2012 23:00:00,4.5,1.81,0.06,-0.18,-0.25
16418,11.06.2012 00:00:00,4.18,1.87,0.06,-0.18,-0.25,3.636
16419,11.06.2012 01:00:00,3.93,1.93,0.06,-0.18,-0.25
16420,11.06.2012 02:00:00,3.68,1.93,0.06,-0.18,-0.25
16421,11.06.2012 03:00:00,3.5,1.93,0.06,-0.18,-0.25
16422,11.06.2012 04:00:00,3.31,1.93,0.06,-0.18,-0.25
16423,11.06.2012 05:00:00,3.18,1.93,0.06,-0.18,-0.25
16424,11.06.2012 06:00:00,3,1.93,0.06,-0.18,-0.25,3.630
16425,11.06.2012 07:00:00,2.87,1.87,0.06,-0.18,-0.25
16426,11.06.2012 08:00:00,2.75,1.87,0.06,-0.18,-0.25
16427,11.06.2012 09:00:00,2.62,1.81,0.06,-0.18,-0.25
16428,11.06.2012 10:00:00,2.56,1.81,0.12,-0.18,-0.25
16429,11.06.2012 11:00:00,2.68,1.81,0.06,-0.18,-0.25
16430,11.06.2012 12:00:00,3.18,1.75,0.06,-0.18,-0.25,3.636
16431,11.06.2012 13:00:00,3.87,1.75,0.06,-0.18,-0.25
16432,11.06.2012 14:00:00,4.68,1.68,0.06,-0.18,-0.25
16433,11.06.2012 15:00:00,5.43,1.68,0.06,-0.18,-0.25
16434,11.06.2012 16:00:00,6.18,1.75,0.06,-0.18,-0.25
16435,11.06.2012 17:00:00,6.75,1.81,0.06,-0.18,-0.25
16436,11.06.2012 18:00:00,7.12,1.93,0.12,-0.18,-0.25,3.668
16437,11.06.2012 19:00:00,7.25,2,0.12,-0.18,-0.25
16438,11.06.2012 20:00:00,7.12,2.12,0.06,-0.18,-0.25
16439,11.06.2012 21:00:00,6.87,2.25,0.12,-0.18,-0.25
16440,11.06.2012 22:00:00,6.56,2.37,0.12,-0.18,-0.25
16441,11.06.2012 23:00:00,6.12,2.5,0.12,-0.18,-0.25
16442,12.06.2012 00:00:00,5.68,2.56,0.12,-0.18,-0.25,3.645
16443,12.06.2012 01:00:00,5.31,2.62,0.12,-0.18,-0.25
16444,12.06.2012 02:00:00,4.93,2.62,0.12,-0.18,-0.25
16445,12.06.2012 03:00:00,4.56,2.68,0.12,-0.18,-0.25
16446,12.06.2012 04:00:00,4.25,2.68,0.12,-0.18,-0.25
16447,12.06.2012 05:00:00,3.93,2.68,0.12,-0.18,-0.25
16448,12.06.2012 06:00:00,3.68,2.62,0.12,-0.18,-0.25,3.633
16449,12.06.2012 07:00:00,3.43,2.56,0.12,-0.18,-0.25
16450,12.06.2012 08:00:00,3.18,2.56,0.12,-0.18,-0.25
16451,12.06.2012 09:00:00,3.06,2.5,0.12,-0.18,-0.25
16452,12.06.2012 10:00:00,3.12,2.43,0.12,-0.18,-0.25
16453,12.06.2012 11:00:00,3.5,2.37,0.12,-0.12,-0.25
16454,12.06.2012 12:00:00,4.18,2.31,0.12,-0.18,-0.25,3.645
16455,12.06.2012 13:00:00,5,2.31,0.12,-0.18,-0.25
16456,12.06.2012 14:00:00,5.81,2.25,0.12,-0.18,-0.25
16457,12.06.2012 15:00:00,6.43,2.25,0.06,-0.18,-0.25
16458,12.06.2012 16:00:00,6.75,2.31,0.12,-0.18,-0.25
16459,12.06.2012 17:00:00,6.68,2.37,0.12,-0.18,-0.25
16460,12.06.2012 18:00:00,6.56,2.43,0.12,-0.18,-0.25,3.660
16461,12.06.2012 19:00:00,6.43,2.56,0.12,-0.18,-0.25
16462,12.06.2012 20:00:00,6.31,2.62,0.12,-0.12,-0.25
16463,12.06.2012 21:00:00,6.12,2.68,0.12,-0.18,-0.25
16464,12.06.2012 22:00:00,5.93,2.75,0.12,-0.18,-0.25
16465,12.06.2012 23:00:00,5.62,2.81,0.12,-0.18,-0.25
16466,13.06.2012 00:00:00,5.37,2.81,0.12,-0.18,-0.25,3.646
16467,13.06.2012 01:00:00,5.12,2.81,0.12,-0.18,-0.25
16468,13.06.2012 02:00:00,4.81,2.87,0.12,-0.18,-0.25
16469,13.06.2012 03:00:00,4.5,2.87,0.12,-0.12,-0.25
16470,13.06.2012 04:00:00,4.25,2.87,0.12,-0.18,-0.25
16471,13.06.2012 05:00:00,3.93,2.87,0.12,-0.12,-0.25
16472,13.06.2012 06:00:00,3.68,2.81,0.12,-0.18,-0.25,3.635
16473,13.06.2012 07:00:00,3.43,2.75,0.12,-0.18,-0.25
16474,13.06.2012 08:00:00,3.18,2.75,0.12,-0.12,-0.25
16475,13.06.2012 09:00:00,3.06,2.68,0.12,-0.18,-0.25
16476,13.06.2012 10:00:00,3.06,2.62,0.12,-0.12,-0.25
16477,13.06.2012 11:00:00,3.18,2.56,0.12,-0.18,-0.25
16478,13.06.2012 12:00:00,3.5,2.5,0.12,-0.12,-0.25,3.632
16479,13.06.2012 13:00:00,3.87,2.43,0.12,-0.12,-0.25
16480,13.06.2012 14:00:00,4.25,2.37,0.18,-0.18,-0.25
16481,13.06.2012 15:00:00,4.68,2.37,0.12,-0.12,-0.25
16482,13.06.2012 16:00:00,5.12,2.37,0.12,-0.18,-0.25
16483,13.06.2012 17:00:00,5.43,2.37,0.12,-0.12,-0.25
16484,13.06.2012 18:00:00,5.5,2.43,0.12,-0.12,-0.25,3.650
16485,13.06.2012 19:00:00,5.43,2.43,0.12,-0.12,-0.25
16486,13.06.2012 20:00:00,5.31,2.43,0.12,-0.18,-0.25
16487,13.06.2012 21:00:00,5.12,2.56,0.12,-0.12,-0.25
16488,13.06.2012 22:00:00,4.87,2.56,0.12,-0.12,-0.25
16489,13.06.2012 23:00:00,4.56,2.62,0.12,-0.12,-0.25
16490,14.06.2012 00:00:00,4.31,2.62,0.18,-0.12,-0.25,3.637
16491,14.06.2012 01:00:00,4.06,2.62,0.18,-0.12,-0.25
16492,14.06.2012 02:00:00,3.81,2.62,0.18,-0.12,-0.25
16493,14.06.2012 03:00:00,3.62,2.62,0.12,-0.12,-0.25
16494,14.06.2012 04:00:00,3.37,2.62,0.12,-0.12,-0.25
16495,14.06.2012 05:00:00,3.18,2.56,0.18,-0.12,-0.25
16496,14.06.2012 06:00:00,3.06,2.56,0.18,-0.12,-0.25,3.629
16497,14.06.2012 07:00:00,2.87,2.5,0.18,-0.18,-0.25
16498,14.06.2012 08:00:00,2.75,2.43,0.18,-0.12,-0.25
16499,14.06.2012 09:00:00,2.62,2.43,0.18,-0.12,-0.25
16500,14.06.2012 10:00:00,2.75,2.31,0.18,-0.12,-0.25
16501,14.06.2012 11:00:00,3.12,2.31,0.18,-0.12,-0.25
16502,14.06.2012 12:00:00,3.75,2.25,0.18,-0.12,-0.25,3.639
16503,14.06.2012 13:00:00,4.56,2.25,0.18,-0.12,-0.25
16504,14.06.2012 14:00:00,5.43,2.25,0.25,-0.12,-0.25
16505,14.06.2012 15:00:00,6.31,2.25,0.25,-0.12,-0.25
16506,14.06.2012 16:00:00,6.93,2.25,0.25,-0.12,-0.25
16507,14.06.2012 17:00:00,7.31,2.37,0.25,-0.12,-0.25
16508,14.06.2012 18:00:00,7.25,2.43,0.31,-0.12,-0.25,3.667
16509,14.06.2012 19:00:00,7.06,2.56,0.31,-0.12,-0.25
16510,14.06.2012 20:00:00,6.81,2.68,0.31,-0.12,-0.25
16511,14.06.2012 21:00:00,6.5,2.75,0.37,-0.12,-0.25
16512,14.06.2012 22:00:00,6.18,2.87,0.37,-0.12,-0.25
16513,14.06.2012 23:00:00,5.81,2.93,0.37,-0.12,-0.25
16514,15.06.2012 00:00:00,5.5,3,0.43,-0.12,-0.25,3.647
16515,15.06.2012 01:00:00,5.12,3.06,0.43,-0.12,-0.25
16516,15.06.2012 02:00:00,4.87,3.06,0.5,-0.12,-0.25
16517,15.06.2012 03:00:00,4.56,3.06,0.5,-0.12,-0.25
16518,15.06.2012 04:00:00,4.31,3.06,0.56,-0.12,-0.25
16519,15.06.2012 05:00:00,4.06,3.06,0.56,-0.12,-0.25
16520,15.06.2012 06:00:00,3.81,3.06,0.62,-0.12,-0.25,3.632
16521,15.06.2012 07:00:00,3.62,3,0.62,-0.12,-0.25
16522,15.06.2012 08:00:00,3.43,3,0.62,-0.12,-0.25
16523,15.06.2012 09:00:00,3.31,2.93,0.68,-0.12,-0.25
16524,15.06.2012 10:00:00,3.5,2.87,0.68,-0.12,-0.25
16525,15.06.2012 11:00:00,3.87,2.81,0.68,-0.12,-0.25
16526,15.06.2012 12:00:00,4.37,2.75,0.75,-0.12,-0.25,3.642
16527,15.06.2012 13:00:00,5.06,2.75,0.75,-0.12,-0.25
16528,15.06.2012 14:00:00,5.68,2.75,0.75,-0.12,-0.25
16529,15.06.2012 15:00:00,6,2.75,0.75,-0.12,-0.25
16530,15.06.2012 16:00:00,6.43,2.75,0.75,-0.12,-0.25
16531,15.06.2012 17:00:00,6.87,2.81,0.81,-0.12,-0.25
16532,15.06.2012 18:00:00,7.18,2.87,0.81,-0.12,-0.25,3.662
16533,15.06.2012 19:00:00,7.25,2.93,0.81,-0.12,-0.25
16534,15.06.2012 20:00:00,7,3,0.81,-0.12,-0.25
16535,15.06.2012 21:00:00,6.68,3.12,0.81,-0.12,-0.25
16536,15.06.2012 22:00:00,6.37,3.18,0.81,-0.12,-0.25
16537,15.06.2012 23:00:00,5.93,3.25,0.81,-0.12,-0.25
16538,16.06.2012 00:00:00,5.56,3.31,0.87,-0.12,-0.25,3.646
16539,16.06.2012 01:00:00,5.18,3.31,0.87,-0.12,-0.25
16540,16.06.2012 02:00:00,4.87,3.31,0.93,-0.06,-0.25
16541,16.06.2012 03:00:00,4.56,3.31,0.93,-0.12,-0.25
16542,16.06.2012 04:00:00,4.25,3.31,0.93,-0.12,-0.25
16543,16.06.2012 05:00:00,3.93,3.31,0.93,-0.12,-0.25
16544,16.06.2012 06:00:00,3.68,3.25,1,-0.12,-0.25,3.636
16545,16.06.2012 07:00:00,3.5,3.18,1,-0.12,-0.25
16546,16.06.2012 08:00:00,3.25,3.12,1,-0.12,-0.25
16547,16.06.2012 09:00:00,3.12,3.12,1,-0.12,-0.25
16548,16.06.2012 10:00:00,3.12,3,1,-0.12,-0.25
16549,16.06.2012 11:00:00,3.31,2.93,1,-0.12,-0.25
16550,16.06.2012 12:00:00,3.56,2.87,1,-0.12,-0.25,3.635
16551,16.06.2012 13:00:00,3.87,2.87,1,-0.12,-0.25
16552,16.06.2012 14:00:00,4.12,2.81,1,-0.12,-0.25
16553,16.06.2012 15:00:00,4.18,2.75,1,-0.12,-0.25
16554,16.06.2012 16:00:00,4.18,2.75,1,-0.12,-0.25
16555,16.06.2012 17:00:00,4,2.75,1,-0.12,-0.25
16556,16.06.2012 18:00:00,3.87,2.75,1,-0.12,-0.25,3.640
16557,16.06.2012 19:00:00,3.68,2.75,0.93,-0.12,-0.25
16558,16.06.2012 20:00:00,3.5,2.68,1,-0.12,-0.25
16559,16.06.2012 21:00:00,3.37,2.68,1,-0.12,-0.25
16560,16.06.2012 22:00:00,3.25,2.68,0.93,-0.12,-0.25
16561,16.06.2012 23:00:00,3.12,2.62,0.93,-0.12,-0.25
16562,17.06.2012 00:00:00,3,2.62,0.93,-0.06,-0.25,3.633
16563,17.06.2012 01:00:00,2.93,2.56,0.93,-0.06,-0.25
16564,17.06.2012 02:00:00,2.75,2.56,1,-0.12,-0.25
16565,17.06.2012 03:00:00,2.68,2.5,1,-0.06,-0.25
16566,17.06.2012 04:00:00,2.56,2.5,0.93,-0.06,-0.25
16567,17.06.2012 05:00:00,2.5,2.43,0.93,-0.06,-0.25
16568,17.06.2012 06:00:00,2.43,2.37,0.93,-0.06,-0.25,3.623
16569,17.06.2012 07:00:00,2.31,2.31,0.93,-0.06,-0.25
16570,17.06.2012 08:00:00,2.25,2.31,0.93,-0.12,-0.25
16571,17.06.2012 09:00:00,2.25,2.25,0.93,-0.12,-0.25
16572,17.06.2012 10:00:00,2.12,2.25,0.93,-0.06,-0.25
16573,17.06.2012 11:00:00,2.12,2.18,0.93,-0.06,-0.18
16574,17.06.2012 12:00:00,2,2.12,0.93,-0.06,-0.25,3.625
16575,17.06.2012 13:00:00,2,2.12,0.93,-0.06,-0.25
16576,17.06.2012 14:00:00,2.18,2.06,0.87,-0.12,-0.25
16577,17.06.2012 15:00:00,2.5,2,0.87,-0.12,-0.25
16578,17.06.2012 16:00:00,2.93,2,0.87,-0.12,-0.25
16579,17.06.2012 17:00:00,3.31,2,0.87,-0.12,-0.25
16580,17.06.2012 18:00:00,3.68,2,0.87,-0.06,-0.25,3.640
16581,17.06.2012 19:00:00,4,2,0.87,-0.12,-0.25
16582,17.06.2012 20:00:00,4.12,2.06,0.81,-0.06,-0.25
16583,17.06.2012 21:00:00,4.06,2.06,0.81,-0.12,-0.25
16584,17.06.2012 22:00:00,3.93,2.12,0.81,-0.12,-0.25
16585,17.06.2012 23:00:00,3.75,2.12,0.81,-0.12,-0.25
16586,18.06.2012 00:00:00,3.56,2.18,0.81,-0.06,-0.25,3.637
16587,18.06.2012 01:00:00,3.31,2.18,0.81,-0.06,-0.25
16588,18.06.2012 02:00:00,3.12,2.25,0.81,-0.06,-0.25
16589,18.06.2012 03:00:00,2.93,2.25,0.87,-0.06,-0.18
16590,18.06.2012 04:00:00,2.75,2.25,0.81,-0.06,-0.25
16591,18.06.2012 05:00:00,2.56,2.18,0.87,-0.06,-0.25
16592,18.06.2012 06:00:00,2.37,2.18,0.87,-0.06,-0.25,3.623
16593,18.06.2012 07:00:00,2.25,2.18,0.87,-0.06,-0.25
16594,18.06.2012 08:00:00,2.12,2.18,0.87,-0.06,-0.18
16595,18.06.2012 09:00:00,2.06,2.12,0.87,-0.06,-0.25
16596,18.06.2012 10:00:00,2.18,2.06,0.87,-0.06,-0.25
16597,18.06.2012 11:00:00,2.5,2.06,0.87,-0.06,-0.25
16598,18.06.2012 12:00:00,3.06,2,0.87,-0.06,-0.18,3.636
16599,18.06.2012 13:00:00,3.81,2,0.87,-0.06,-0.25
16600,18.06.2012 14:00:00,4.31,2,0.87,-0.06,-0.25
16601,18.06.2012 15:00:00,4.87,2,0.87,-0.06,-0.18
16602,18.06.2012 16:00:00,5.5,2.06,0.81,-0.06,-0.25
16603,18.06.2012 17:00:00,6,2.12,0.87,-0.06,-0.25
16604,18.06.2012 18:00:00,6.37,2.18,0.87,-0.06,-0.18,3.659
16605,18.06.2012 19:00:00,6.68,2.31,0.87,-0.06,-0.25
16606,18.06.2012 20:00:00,6.81,2.37,0.87,-0.06,-0.25
16607,18.06.2012 21:00:00,6.68,2.56,0.87,-0.06,-0.18
16608,18.06.2012 22:00:00,6.43,2.62,0.87,-0.06,-0.25
16609,18.06.2012 23:00:00,6.12,2.75,0.87,-0.06,-0.25
16610,19.06.2012 00:00:00,5.75,2.81,0.93,-0.06,-0.25,3.652
16611,19.06.2012 01:00:00,5.37,2.93,0.93,-0.06,-0.25
16612,19.06.2012 02:00:00,5.06,3,0.93,-0.06,-0.25
16613,19.06.2012 03:00:00,4.68,3,1,-0.06,-0.25
16614,19.06.2012 04:00:00,4.43,3.06,1,-0.06,-0.25
16615,19.06.2012 05:00:00,4.12,3.06,1.06,-0.06,-0.25
16616,19.06.2012 06:00:00,3.87,3.06,1.06,-0.06,-0.18,3.636
16617,19.06.2012 07:00:00,3.56,3,1.12,-0.06,-0.18
16618,19.06.2012 08:00:00,3.37,3,1.12,-0.06,-0.18
16619,19.06.2012 09:00:00,3.31,2.93,1.12,-0.06,-0.25
16620,19.06.2012 10:00:00,3.56,2.93,1.12,-0.06,-0.25
16621,19.06.2012 11:00:00,4.06,2.87,1.18,-0.06,-0.18
16622,19.06.2012 12:00:00,4.62,2.87,1.18,-0.06,-0.25,3.652
16623,19.06.2012 13:00:00,5.18,2.81,1.18,-0.06,-0.25
16624,19.06.2012 14:00:00,5.62,2.81,1.18,-0.06,-0.25
16625,19.06.2012 15:00:00,6,2.87,1.18,-0.06,-0.18
16626,19.06.2012 16:00:00,6.18,2.87,1.18,-0.06,-0.18
16627,19.06.2012 17:00:00,6.31,2.93,1.18,-0.06,-0.25
16628,19.06.2012 18:00:00,6.31,3,1.18,-0.06,-0.25,3.654
16629,19.06.2012 19:00:00,6.18,3.06,1.18,-0.06,-0.25
16630,19.06.2012 20:00:00,6.06,3.12,1.18,-0.06,-0.18
16631,19.06.2012 21:00:00,5.87,3.18,1.18,-0.06,-0.25
16632,19.06.2012 22:00:00,5.62,3.25,1.25,-0.06,-0.25
16633,19.06.2012 23:00:00,5.37,3.31,1.25,-0.06,-0.25
16634,20.06.2012 00:00:00,5.06,3.31,1.25,-0.06,-0.25,3.647
16635,20.06.2012 01:00:00,4.81,3.31,1.25,-0.06,-0.25
16636,20.06.2012 02:00:00,4.5,3.37,1.31,-0.06,-0.25
16637,20.06.2012 03:00:00,4.25,3.37,1.31,-0.06,-0.18
16638,20.06.2012 04:00:00,4,3.31,1.31,-0.06,-0.25
16639,20.06.2012 05:00:00,3.75,3.31,1.31,-0.06,-0.25
16640,20.06.2012 06:00:00,3.56,3.25,1.37,-0.06,-0.18,3.632
16641,20.06.2012 07:00:00,3.37,3.25,1.37,-0.06,-0.25
16642,20.06.2012 08:00:00,3.18,3.18,1.37,-0.06,-0.18
16643,20.06.2012 09:00:00,3.06,3.12,1.37,-0.06,-0.25
16644,20.06.2012 10:00:00,3.12,3.06,1.37,-0.06,-0.18
16645,20.06.2012 11:00:00,3.5,3,1.37,-0.06,-0.18
16646,20.06.2012 12:00:00,4.18,3,1.37,-0.06,-0.25,3.647
16647,20.06.2012 13:00:00,4.81,2.93,1.37,-0.06,-0.18
16648,20.06.2012 14:00:00,5.56,2.93,1.37,-0.06,-0.25
16649,20.06.2012 15:00:00,6.25,2.93,1.37,-0.06,-0.25
16650,20.06.2012 16:00:00,6.81,2.93,1.37,-0.06,-0.18
16651,20.06.2012 17:00:00,7.18,3,1.37,-0.06,-0.25
16652,20.06.2012 18:00:00,7.43,3.06,1.37,-0.06,-0.18,3.666
16653,20.06.2012 19:00:00,7.5,3.18,1.31,-0.06,-0.18
16654,20.06.2012 20:00:00,7.5,3.25,1.31,-0.06,-0.18
16655,20.06.2012 21:00:00,7.37,3.37,1.37,-0.06,-0.25
16656,20.06.2012 22:00:00,7.06,3.43,1.37,-0.06,-0.25
16657,20.06.2012 23:00:00,6.68,3.56,1.37,-0.06,-0.25
16658,21.06.2012 00:00:00,6.31,3.62,1.37,-0.06,-0.18,3.656
16659,21.06.2012 01:00:00,5.93,3.68,1.37,-0.06,-0.18
16660,21.06.2012 02:00:00,5.56,3.68,1.43,-0.06,-0.25
16661,21.06.2012 03:00:00,5.25,3.68,1.43,-0.06,-0.25
16662,21.06.2012 04:00:00,4.93,3.75,1.43,-0.06,-0.25
16663,21.06.2012 05:00:00,4.56,3.75,1.5,-0.06,-0.18
16664,21.06.2012 06:00:00,4.31,3.68,1.5,-0.06,-0.18,3.635
16665,21.06.2012 07:00:00,4.06,3.68,1.5,-0.06,-0.18
16666,21.06.2012 08:00:00,3.87,3.62,1.56,-0.06,-0.25
16667,21.06.2012 09:00:00,3.75,3.56,1.56,-0.06,-0.18
16668,21.06.2012 10:00:00,4,3.5,1.56,-0.06,-0.18
16669,21.06.2012 11:00:00,4.37,3.43,1.62,-0.06,-0.18
16670,21.06.2012 12:00:00,4.87,3.43,1.62,-0.06,-0.18,3.646
16671,21.06.2012 13:00:00,5.68,3.37,1.62,0,-0.18
16672,21.06.2012 14:00:00,6.5,3.37,1.62,-0.06,-0.18
16673,21.06.2012 15:00:00,7.18,3.37,1.56,-0.06,-0.18
16674,21.06.2012 16:00:00,7.81,3.43,1.62,-0.06,-0.18
16675,21.06.2012 17:00:00,8.25,3.5,1.62,-0.06,-0.18
16676,21.06.2012 18:00:00,8.31,3.56,1.56,-0.06,-0.18,3.671
16677,21.06.2012 19:00:00,8.31,3.62,1.56,-0.06,-0.18
16678,21.06.2012 20:00:00,8.18,3.75,1.56,-0.06,-0.25
16679,21.06.2012 21:00:00,7.93,3.87,1.62,-0.06,-0.25
16680,21.06.2012 22:00:00,7.62,3.93,1.62,-0.06,-0.18
16681,21.06.2012 23:00:00,7.31,4,1.62,-0.06,-0.18
16682,22.06.2012 00:00:00,6.87,4.12,1.62,-0.06,-0.18,3.655
16683,22.06.2012 01:00:00,6.5,4.12,1.68,-0.06,-0.18
16684,22.06.2012 02:00:00,6.12,4.12,1.68,-0.06,-0.18
16685,22.06.2012 03:00:00,5.75,4.18,1.68,-0.06,-0.18
16686,22.06.2012 04:00:00,5.37,4.18,1.75,-0.06,-0.18
16687,22.06.2012 05:00:00,5.06,4.12,1.75,-0.06,-0.25
16688,22.06.2012 06:00:00,4.75,4.12,1.81,-0.06,-0.18,3.639
16689,22.06.2012 07:00:00,4.5,4.06,1.81,-0.06,-0.25
16690,22.06.2012 08:00:00,4.31,4.06,1.81,-0.06,-0.18
16691,22.06.2012 09:00:00,4.31,4,1.81,-0.06,-0.18
16692,22.06.2012 10:00:00,4.62,3.93,1.81,-0.06,-0.25
16693,22.06.2012 11:00:00,5.18,3.87,1.87,-0.06,-0.18
16694,22.06.2012 12:00:00,5.75,3.81,1.87,-0.06,-0.18,3.659
16695,22.06.2012 13:00:00,6.31,3.81,1.87,-0.06,-0.18
16696,22.06.2012 14:00:00,7,3.75,1.87,-0.06,-0.18
16697,22.06.2012 15:00:00,7.62,3.75,1.87,-0.06,-0.18
16698,22.06.2012 16:00:00,8.12,3.81,1.87,-0.06,-0.25
16699,22.06.2012 17:00:00,8.56,3.87,1.87,-0.06,-0.18
16700,22.06.2012 18:00:00,8.81,3.93,1.87,-0.06,-0.18,3.676
16701,22.06.2012 19:00:00,8.87,4,1.87,-0.06,-0.18
16702,22.06.2012 20:00:00,8.75,4.12,1.87,-0.06,-0.18
16703,22.06.2012 21:00:00,8.43,4.25,1.87,-0.06,-0.18
16704,22.06.2012 22:00:00,8.06,4.31,1.87,0,-0.18
16705,22.06.2012 23:00:00,7.68,4.37,1.87,-0.06,-0.18
16706,23.06.2012 00:00:00,7.31,4.43,1.87,-0.06,-0.18,3.658
16707,23.06.2012 01:00:00,6.93,4.5,1.93,0,-0.18
16708,23.06.2012 02:00:00,6.56,4.5,1.93,-0.06,-0.18
16709,23.06.2012 03:00:00,6.31,4.5,1.93,0,-0.18
16710,23.06.2012 04:00:00,6,4.5,2,0,-0.18
16711,23.06.2012 05:00:00,5.68,4.5,2,0,-0.18
16712,23.06.2012 06:00:00,5.43,4.5,2.06,-0.06,-0.18,3.645
16713,23.06.2012 07:00:00,5.18,4.43,2,0,-0.18
16714,23.06.2012 08:00:00,4.93,4.37,2.06,-0.06,-0.18
16715,23.06.2012 09:00:00,4.93,4.31,2.12,0,-0.18
16716,23.06.2012 10:00:00,5,4.25,2.12,-0.06,-0.18
16717,23.06.2012 11:00:00,5.25,4.25,2.06,0,-0.18
16718,23.06.2012 12:00:00,5.5,4.18,2.12,-0.06,-0.18,3.650
16719,23.06.2012 13:00:00,5.93,4.12,2.12,-0.06,-0.18
16720,23.06.2012 14:00:00,6.37,4.12,2.12,0,-0.18
16721,23.06.2012 15:00:00,6.68,4.06,2.06,0,-0.18
16722,23.06.2012 16:00:00,6.87,4.06,2.12,0,-0.18
16723,23.06.2012 17:00:00,7.12,4.12,2.06,0,-0.18
16724,23.06.2012 18:00:00,7.31,4.12,2.06,0,-0.18,3.662
16725,23.06.2012 19:00:00,7.25,4.12,2.06,0,-0.18
16726,23.06.2012 20:00:00,7.18,4.18,2.12,-0.06,-0.18
16727,23.06.2012 21:00:00,6.93,4.18,2.06,0,-0.18
16728,23.06.2012 22:00:00,6.75,4.25,2.06,0,-0.18
16729,23.06.2012 23:00:00,6.43,4.31,2.12,0,-0.18
16730,24.06.2012 00:00:00,6.18,4.31,2.06,0,-0.18,3.657
16731,24.06.2012 01:00:00,5.87,4.31,2.12,0,-0.18
16732,24.06.2012 02:00:00,5.68,4.31,2.12,0,-0.18
16733,24.06.2012 03:00:00,5.43,4.25,2.12,0,-0.18
16734,24.06.2012 04:00:00,5.25,4.31,2.12,0,-0.18
16735,24.06.2012 05:00:00,5,4.25,2.12,0,-0.18
16736,24.06.2012 06:00:00,4.75,4.18,2.12,0,-0.18,3.641
16737,24.06.2012 07:00:00,4.56,4.18,2.12,0,-0.18
16738,24.06.2012 08:00:00,4.43,4.12,2.12,0,-0.18
16739,24.06.2012 09:00:00,4.43,4.06,2.12,-0.06,-0.18
16740,24.06.2012 10:00:00,4.56,4,2.12,0,-0.18
16741,24.06.2012 11:00:00,4.81,3.93,2.12,0,-0.18
16742,24.06.2012 12:00:00,5.12,3.93,2.12,0,-0.18,3.653
16743,24.06.2012 13:00:00,5.37,3.87,2.12,0,-0.18
16744,24.06.2012 14:00:00,5.5,3.87,2.12,0,-0.18
16745,24.06.2012 15:00:00,5.56,3.87,2.12,0,-0.18
16746,24.06.2012 16:00:00,5.56,3.81,2.12,0,-0.18
16747,24.06.2012 17:00:00,5.68,3.81,2.12,0,-0.18
16748,24.06.2012 18:00:00,5.87,3.81,2.12,0,-0.18,3.660
16749,24.06.2012 19:00:00,6,3.81,2.06,0,-0.18
16750,24.06.2012 20:00:00,6,3.87,2.06,-0.06,-0.18
16751,24.06.2012 21:00:00,5.93,3.87,2.06,0,-0.18
16752,24.06.2012 22:00:00,5.87,3.87,2.06,0,-0.18
16753,24.06.2012 23:00:00,5.68,3.87,2.06,0,-0.18
16754,25.06.2012 00:00:00,5.5,3.87,2.06,0,-0.18,3.649
16755,25.06.2012 01:00:00,5.25,3.93,2.06,0,-0.18
16756,25.06.2012 02:00:00,5.06,3.93,2.06,0,-0.18
16757,25.06.2012 03:00:00,4.87,3.93,2.06,0,-0.18
16758,25.06.2012 04:00:00,4.75,3.87,2.06,0,-0.18
16759,25.06.2012 05:00:00,4.56,3.87,2.06,0,-0.18
16760,25.06.2012 06:00:00,4.43,3.81,2.06,0,-0.18,3.646
16761,25.06.2012 07:00:00,4.25,3.81,2.06,0,-0.18
16762,25.06.2012 08:00:00,4.12,3.81,2.06,0,-0.18
16763,25.06.2012 09:00:00,4.12,3.75,2.06,0,-0.18
16764,25.06.2012 10:00:00,4.25,3.75,2.06,0,-0.18
16765,25.06.2012 11:00:00,4.43,3.68,2.06,0,-0.18
16766,25.06.2012 12:00:00,4.68,3.62,2.06,0,-0.18,3.646
16767,25.06.2012 13:00:00,5,3.62,2.06,0,-0.18
16768,25.06.2012 14:00:00,5.31,3.56,2,0,-0.18
16769,25.06.2012 15:00:00,5.56,3.56,2.06,0,-0.18
16770,25.06.2012 16:00:00,6,3.56,2.06,0,-0.18
16771,25.06.2012 17:00:00,6.25,3.62,2,0,-0.18
16772,25.06.2012 18:00:00,6.43,3.62,2,0,-0.18,3.662
16773,25.06.2012 19:00:00,6.43,3.62,2,0,-0.18
16774,25.06.2012 20:00:00,6.43,3.68,2,0,-0.18
16775,25.06.2012 21:00:00,6.31,3.75,2,0,-0.18
16776,25.06.2012 22:00:00,6.12,3.75,2,0,-0.18
16777,25.06.2012 23:00:00,5.87,3.81,2,0,-0.18
16778,26.06.2012 00:00:00,5.62,3.87,2,0,-0.18,3.647
16779,26.06.2012 01:00:00,5.31,3.87,2,0,-0.18
16780,26.06.2012 02:00:00,5.06,3.87,2,0,-0.18
16781,26.06.2012 03:00:00,4.81,3.87,2.06,0,-0.18
16782,26.06.2012 04:00:00,4.5,3.87,2.06,0,-0.18
16783,26.06.2012 05:00:00,4.25,3.87,2.06,0,-0.18
16784,26.06.2012 06:00:00,4,3.81,2.06,0,-0.18,3.636
16785,26.06.2012 07:00:00,3.75,3.81,2.06,0,-0.18
16786,26.06.2012 08:00:00,3.62,3.75,2.06,0,-0.18
16787,26.06.2012 09:00:00,3.62,3.68,2.06,0,-0.18
16788,26.06.2012 10:00:00,3.75,3.62,2.06,0,-0.18
16789,26.06.2012 11:00:00,4.18,3.62,2.06,0,-0.18
16790,26.06.2012 12:00:00,4.62,3.5,2.06,0,-0.18,3.647
16791,26.06.2012 13:00:00,5.25,3.5,2.06,0,-0.18
16792,26.06.2012 14:00:00,5.87,3.5,2.06,0,-0.18
16793,26.06.2012 15:00:00,6.18,3.5,2.06,0,-0.18
16794,26.06.2012 16:00:00,6.43,3.5,2.06,0.06,-0.18
16795,26.06.2012 17:00:00,6.56,3.56,2.06,0,-0.18
16796,26.06.2012 18:00:00,6.62,3.62,2.06,0,-0.18,3.664
16797,26.06.2012 19:00:00,6.62,3.62,2.06,0,-0.18
16798,26.06.2012 20:00:00,6.5,3.68,2.06,0,-0.18
16799,26.06.2012 21:00:00,6.31,3.81,2,0.06,-0.18
16800,26.06.2012 22:00:00,6.06,3.81,2,0.06,-0.18
16801,26.06.2012 23:00:00,5.93,3.87,2,0.06,-0.18
16802,27.06.2012 00:00:00,5.68,3.87,2.06,0,-0.18,3.652
16803,27.06.2012 01:00:00,5.43,3.87,2.06,0.06,-0.18
16804,27.06.2012 02:00:00,5.25,3.93,2.06,0.06,-0.18
16805,27.06.2012 03:00:00,5,3.93,2.06,0,-0.18
16806,27.06.2012 04:00:00,4.81,3.87,2.06,0.06,-0.18
16807,27.06.2012 05:00:00,4.62,3.87,2.06,0.06,-0.18
16808,27.06.2012 06:00:00,4.5,3.87,2.06,0.06,-0.18,3.646
16809,27.06.2012 07:00:00,4.37,3.81,2.12,0.06,-0.18
16810,27.06.2012 08:00:00,4.25,3.81,2.12,0.06,-0.18
16811,27.06.2012 09:00:00,4.25,3.81,2.12,0.06,-0.18
16812,27.06.2012 10:00:00,4.37,3.75,2.12,0.06,-0.18
16813,27.06.2012 11:00:00,4.62,3.68,2.12,0.06,-0.18
16814,27.06.2012 12:00:00,5.12,3.68,2.12,0.06,-0.18,3.650
16815,27.06.2012 13:00:00,5.5,3.62,2.12,0.06,-0.18
16816,27.06.2012 14:00:00,5.68,3.68,2.12,0.12,-0.18
16817,27.06.2012 15:00:00,6.06,3.62,2.12,0.06,-0.18
16818,27.06.2012 16:00:00,6.5,3.68,2.12,0.12,-0.18
16819,27.06.2012 17:00:00,6.56,3.68,2.12,0.12,-0.18
16820,27.06.2012 18:00:00,6.5,3.75,2.12,0.12,-0.18,3.661
16821,27.06.2012 19:00:00,6.31,3.81,2.12,0.12,-0.18
16822,27.06.2012 20:00:00,6.12,3.81,2.12,0.12,-0.18
16823,27.06.2012 21:00:00,5.87,3.87,2.12,0.12,-0.18
16824,27.06.2012 22:00:00,5.68,3.93,2.12,0.12,-0.18
16825,27.06.2012 23:00:00,5.43,3.93,2.12,0.12,-0.18
16826,28.06.2012 00:00:00,5.25,3.93,2.12,0.12,-0.18,3.649
16827,28.06.2012 01:00:00,5,3.93,2.12,0.18,-0.18
16828,28.06.2012 02:00:00,4.75,3.93,2.12,0.18,-0.18
16829,28.06.2012 03:00:00,4.5,3.93,2.18,0.18,-0.18
16830,28.06.2012 04:00:00,4.25,3.87,2.18,0.18,-0.18
16831,28.06.2012 05:00:00,4.06,3.87,2.18,0.18,-0.18
16832,28.06.2012 06:00:00,3.87,3.81,2.18,0.18,-0.18,3.637
16833,28.06.2012 07:00:00,3.68,3.75,2.18,0.18,-0.18
16834,28.06.2012 08:00:00,3.56,3.75,2.18,0.18,-0.18
16835,28.06.2012 09:00:00,3.56,3.68,2.18,0.18,-0.18
16836,28.06.2012 10:00:00,3.87,3.62,2.18,0.18,-0.18
16837,28.06.2012 11:00:00,4.37,3.56,2.18,0.18,-0.18
16838,28.06.2012 12:00:00,5.12,3.56,2.18,0.25,-0.18,3.655
16839,28.06.2012 13:00:00,5.87,3.5,2.18,0.18,-0.18
16840,28.06.2012 14:00:00,6.68,3.5,2.18,0.25,-0.18
16841,28.06.2012 15:00:00,7.43,3.56,2.18,0.25,-0.18
16842,28.06.2012 16:00:00,7.93,3.62,2.12,0.25,-0.18
16843,28.06.2012 17:00:00,8.43,3.68,2.18,0.25,-0.18
16844,28.06.2012 18:00:00,8.75,3.81,2.12,0.25,-0.18,3.677
16845,28.06.2012 19:00:00,8.87,3.93,2.12,0.25,-0.18
16846,28.06.2012 20:00:00,8.75,4.06,2.12,0.25,-0.18
16847,28.06.2012 21:00:00,8.56,4.18,2.18,0.25,-0.18
16848,28.06.2012 22:00:00,8.18,4.31,2.18,0.25,-0.18
16849,28.06.2012 23:00:00,7.81,4.37,2.18,0.25,-0.18
16850,29.06.2012 00:00:00,7.43,4.43,2.18,0.31,-0.18,3.659
16851,29.06.2012 01:00:00,7.06,4.56,2.25,0.31,-0.18
16852,29.06.2012 02:00:00,6.68,4.62,2.25,0.31,-0.18
16853,29.06.2012 03:00:00,6.25,4.62,2.31,0.31,-0.18
16854,29.06.2012 04:00:00,5.93,4.62,2.31,0.31,-0.18
16855,29.06.2012 05:00:00,5.56,4.62,2.31,0.31,-0.18
16856,29.06.2012 06:00:00,5.25,4.62,2.37,0.31,-0.18,3.644
16857,29.06.2012 07:00:00,5,4.56,2.37,0.31,-0.18
16858,29.06.2012 08:00:00,4.75,4.56,2.43,0.31,-0.18
16859,29.06.2012 09:00:00,4.68,4.5,2.43,0.37,-0.18
16860,29.06.2012 10:00:00,4.93,4.43,2.43,0.37,-0.18
16861,29.06.2012 11:00:00,5.5,4.37,2.43,0.37,-0.18
16862,29.06.2012 12:00:00,6.25,4.31,2.5,0.37,-0.18,3.662
16863,29.06.2012 13:00:00,7.18,4.31,2.5,0.37,-0.18
16864,29.06.2012 14:00:00,7.93,4.31,2.5,0.37,-0.18
16865,29.06.2012 15:00:00,8.25,4.31,2.5,0.37,-0.18
16866,29.06.2012 16:00:00,8.12,4.37,2.5,0.37,-0.18
16867,29.06.2012 17:00:00,8,4.43,2.5,0.43,-0.12
16868,29.06.2012 18:00:00,7.81,4.5,2.5,0.43,-0.18,3.668
16869,29.06.2012 19:00:00,7.68,4.56,2.5,0.43,-0.18
16870,29.06.2012 20:00:00,7.62,4.62,2.56,0.43,-0.18
16871,29.06.2012 21:00:00,7.31,4.68,2.56,0.43,-0.18
16872,29.06.2012 22:00:00,7.06,4.75,2.56,0.43,-0.18
16873,29.06.2012 23:00:00,6.81,4.75,2.56,0.43,-0.18
16874,30.06.2012 00:00:00,6.5,4.81,2.56,0.5,-0.18,3.652
16875,30.06.2012 01:00:00,6.12,4.81,2.62,0.43,-0.18
16876,30.06.2012 02:00:00,5.81,4.81,2.62,0.5,-0.18
16877,30.06.2012 03:00:00,5.56,4.75,2.62,0.43,-0.18
16878,30.06.2012 04:00:00,5.25,4.75,2.68,0.5,-0.12
16879,30.06.2012 05:00:00,5,4.68,2.62,0.5,-0.18
16880,30.06.2012 06:00:00,4.75,4.68,2.68,0.5,-0.18,3.646
16881,30.06.2012 07:00:00,4.56,4.62,2.68,0.5,-0.18
16882,30.06.2012 08:00:00,4.31,4.56,2.68,0.5,-0.18
16883,30.06.2012 09:00:00,4.25,4.5,2.68,0.5,-0.18
16884,30.06.2012 10:00:00,4.43,4.43,2.68,0.56,-0.18
16885,30.06.2012 11:00:00,4.87,4.37,2.68,0.56,-0.12
16886,30.06.2012 12:00:00,5.31,4.31,2.68,0.5,-0.12,3.655
16887,30.06.2012 13:00:00,5.93,4.25,2.68,0.56,-0.18
16888,30.06.2012 14:00:00,6.56,4.25,2.68,0.56,-0.12
16889,30.06.2012 15:00:00,7.06,4.25,2.68,0.56,-0.18
16890,30.06.2012 16:00:00,7.5,4.25,2.68,0.56,-0.18
16891,30.06.2012 17:00:00,8.12,4.31,2.68,0.62,-0.18
16892,30.06.2012 18:00:00,8.5,4.37,2.68,0.62,-0.18,3.672
16893,30.06.2012 19:00:00,8.56,4.43,2.62,0.62,-0.18
16894,30.06.2012 20:00:00,8.5,4.56,2.68,0.62,-0.18
16895,30.06.2012 21:00:00,8.31,4.62,2.68,0.62,-0.18
16896,30.06.2012 22:00:00,7.93,4.68,2.68,0.62,-0.12
16897,30.06.2012 23:00:00,7.56,4.75,2.68,0.62,-0.12
16898,01.07.2012 00:00:00,7.18,4.87,2.68,0.62,-0.18,3.657
16899,01.07.2012 01:00:00,6.75,4.87,2.68,0.62,-0.18
16900,01.07.2012 02:00:00,6.37,4.87,2.68,0.62,-0.18
16901,01.07.2012 03:00:00,6,4.93,2.68,0.62,-0.18
16902,01.07.2012 04:00:00,5.68,4.93,2.75,0.62,-0.18
16903,01.07.2012 05:00:00,5.37,4.87,2.75,0.68,-0.18
16904,01.07.2012 06:00:00,5.12,4.87,2.81,0.62,-0.12,3.644
16905,01.07.2012 07:00:00,4.81,4.81,2.81,0.62,-0.18
16906,01.07.2012 08:00:00,4.56,4.75,2.81,0.62,-0.12
16907,01.07.2012 09:00:00,4.43,4.68,2.81,0.68,-0.18
16908,01.07.2012 10:00:00,4.62,4.62,2.81,0.68,-0.18
16909,01.07.2012 11:00:00,5.12,4.56,2.81,0.68,-0.18
16910,01.07.2012 12:00:00,5.81,4.56,2.81,0.68,-0.18,3.658
16911,01.07.2012 13:00:00,6.62,4.5,2.81,0.68,-0.12
16912,01.07.2012 14:00:00,7.43,4.43,2.81,0.68,-0.18
16913,01.07.2012 15:00:00,8.18,4.5,2.81,0.68,-0.12
16914,01.07.2012 16:00:00,8.81,4.5,2.81,0.75,-0.18
16915,01.07.2012 17:00:00,9.25,4.56,2.81,0.68,-0.18
16916,01.07.2012 18:00:00,9.62,4.68,2.81,0.75,-0.18,3.684
16917,01.07.2012 19:00:00,9.68,4.75,2.81,0.75,-0.12
16918,01.07.2012 20:00:00,9.62,4.87,2.81,0.75,-0.18
16919,01.07.2012 21:00:00,9.37,5,2.81,0.75,-0.18
16920,01.07.2012 22:00:00,9,5.12,2.81,0.75,-0.18
16921,01.07.2012 23:00:00,8.62,5.18,2.81,0.75,-0.18
16922,02.07.2012 00:00:00,8.18,5.31,2.87,0.75,-0.18,3.666
16923,02.07.2012 01:00:00,7.75,5.31,2.87,0.81,-0.18
16924,02.07.2012 02:00:00,7.37,5.37,2.87,0.75,-0.18
16925,02.07.2012 03:00:00,6.93,5.37,2.93,0.81,-0.18
16926,02.07.2012 04:00:00,6.56,5.43,3,0.81,-0.12
16927,02.07.2012 05:00:00,6.18,5.37,3,0.81,-0.12
16928,02.07.2012 06:00:00,5.87,5.31,3.06,0.81,-0.12,3.653
16929,02.07.2012 07:00:00,5.5,5.31,3.06,0.81,-0.12
16930,02.07.2012 08:00:00,5.25,5.25,3.06,0.81,-0.12
16931,02.07.2012 09:00:00,5.12,5.18,3.06,0.81,-0.18
16932,02.07.2012 10:00:00,5.31,5.12,3.06,0.87,-0.12
16933,02.07.2012 11:00:00,5.75,5.06,3.06,0.87,-0.18
16934,02.07.2012 12:00:00,6.37,5,3.12,0.87,-0.12,3.668
16935,02.07.2012 13:00:00,7,4.93,3.12,0.87,-0.12
16936,02.07.2012 14:00:00,7.62,4.93,3.12,0.87,-0.12
16937,02.07.2012 15:00:00,8.25,4.93,3.06,0.93,-0.12
16938,02.07.2012 16:00:00,8.87,4.93,3.12,0.93,-0.12
16939,02.07.2012 17:00:00,9.31,5,3.06,0.93,-0.12
16940,02.07.2012 18:00:00,9.62,5.06,3.12,0.93,-0.12,3.680
16941,02.07.2012 19:00:00,9.75,5.12,3.06,0.93,-0.12
16942,02.07.2012 20:00:00,9.62,5.25,3.06,0.93,-0.12
16943,02.07.2012 21:00:00,9.37,5.31,3.12,0.93,-0.12
16944,02.07.2012 22:00:00,9,5.37,3.12,0.93,-0.12
16945,02.07.2012 23:00:00,8.62,5.5,3.12,1,-0.12
16946,03.07.2012 00:00:00,8.25,5.5,3.12,0.93,-0.12,3.673
16947,03.07.2012 01:00:00,7.87,5.56,3.12,0.93,-0.12
16948,03.07.2012 02:00:00,7.43,5.62,3.18,0.93,-0.12
16949,03.07.2012 03:00:00,7.06,5.62,3.18,1,-0.12
16950,03.07.2012 04:00:00,6.68,5.62,3.18,1,-0.12
16951,03.07.2012 05:00:00,6.31,5.56,3.25,1,-0.12
16952,03.07.2012 06:00:00,6,5.56,3.25,1,-0.12,3.650
16953,03.07.2012 07:00:00,5.68,5.5,3.25,1,-0.12
16954,03.07.2012 08:00:00,5.37,5.43,3.25,1.06,-0.12
16955,03.07.2012 09:00:00,5.25,5.37,3.25,1.06,-0.12
16956,03.07.2012 10:00:00,5.37,5.31,3.31,1.06,-0.12
16957,03.07.2012 11:00:00,5.75,5.25,3.25,1.06,-0.12
16958,03.07.2012 12:00:00,6.12,5.18,3.31,1.06,-0.12,3.662
16959,03.07.2012 13:00:00,6.68,5.12,3.31,1.06,-0.12
16960,03.07.2012 14:00:00,7.43,5.06,3.31,1.06,-0.12
16961,03.07.2012 15:00:00,8.31,5.06,3.31,1.06,-0.12
16962,03.07.2012 16:00:00,9,5.06,3.25,1.06,-0.12
16963,03.07.2012 17:00:00,9.37,5.12,3.31,1.12,-0.12
16964,03.07.2012 18:00:00,9.5,5.12,3.25,1.12,-0.12,3.677
16965,03.07.2012 19:00:00,9.37,5.25,3.25,1.12,-0.12
16966,03.07.2012 20:00:00,9.12,5.31,3.25,1.12,-0.12
16967,03.07.2012 21:00:00,8.81,5.37,3.25,1.12,-0.12
16968,03.07.2012 22:00:00,8.43,5.43,3.25,1.12,-0.12
16969,03.07.2012 23:00:00,8.06,5.5,3.31,1.12,-0.12
16970,04.07.2012 00:00:00,7.75,5.56,3.25,1.12,-0.12,3.663
16971,04.07.2012 01:00:00,7.43,5.56,3.31,1.12,-0.12
16972,04.07.2012 02:00:00,7.06,5.56,3.31,1.12,-0.12
16973,04.07.2012 03:00:00,6.75,5.56,3.31,1.12,-0.12
16974,04.07.2012 04:00:00,6.5,5.56,3.31,1.18,-0.12
16975,04.07.2012 05:00:00,6.18,5.5,3.37,1.18,-0.12
16976,04.07.2012 06:00:00,5.93,5.5,3.37,1.18,-0.12,3.651
16977,04.07.2012 07:00:00,5.68,5.43,3.37,1.18,-0.12
16978,04.07.2012 08:00:00,5.43,5.37,3.37,1.18,-0.12
16979,04.07.2012 09:00:00,5.37,5.37,3.37,1.18,-0.12
16980,04.07.2012 10:00:00,5.56,5.25,3.37,1.18,-0.12
16981,04.07.2012 11:00:00,5.87,5.18,3.37,1.18,-0.12
16982,04.07.2012 12:00:00,6.18,5.18,3.37,1.18,-0.12,3.664
16983,04.07.2012 13:00:00,6.87,5.12,3.37,1.18,-0.12
16984,04.07.2012 14:00:00,7.81,5.06,3.37,1.18,-0.12
16985,04.07.2012 15:00:00,8.75,5.06,3.37,1.18,-0.12
16986,04.07.2012 16:00:00,9.56,5.06,3.31,1.25,-0.12
16987,04.07.2012 17:00:00,10.12,5.12,3.37,1.25,-0.12
16988,04.07.2012 18:00:00,10.43,5.18,3.37,1.25,-0.12,3.688
16989,04.07.2012 19:00:00,10.56,5.31,3.37,1.25,-0.12
16990,04.07.2012 20:00:00,10.5,5.43,3.31,1.25,-0.12
16991,04.07.2012 21:00:00,10.18,5.5,3.31,1.25,-0.12
16992,04.07.2012 22:00:00,9.87,5.62,3.31,1.25,-0.12
16993,04.07.2012 23:00:00,9.43,5.75,3.37,1.25,-0.12
16994,05.07.2012 00:00:00,9,5.81,3.37,1.25,-0.12,3.675
16995,05.07.2012 01:00:00,8.62,5.87,3.37,1.25,-0.12
16996,05.07.2012 02:00:00,8.18,5.87,3.37,1.25,-0.12
16997,05.07.2012 03:00:00,7.81,5.93,3.43,1.25,-0.12
16998,05.07.2012 04:00:00,7.43,5.93,3.5,1.25,-0.12
16999,05.07.2012 05:00:00,7.12,5.93,3.5,1.31,-0.12
17000,05.07.2012 06:00:00,6.81,5.87,3.5,1.25,-0.12,3.656
17001,05.07.2012 07:00:00,6.56,5.81,3.5,1.31,-0.12
17002,05.07.2012 08:00:00,6.31,5.81,3.56,1.31,-0.12
17003,05.07.2012 09:00:00,6.06,5.75,3.56,1.31,-0.12
17004,05.07.2012 10:00:00,5.87,5.68,3.56,1.31,-0.12
17005,05.07.2012 11:00:00,5.68,5.62,3.56,1.31,-0.12
17006,05.07.2012 12:00:00,5.5,5.56,3.56,1.31,-0.12,3.653
17007,05.07.2012 13:00:00,5.31,5.5,3.56,1.31,-0.12
17008,05.07.2012 14:00:00,5.12,5.43,3.56,1.31,-0.12
17009,05.07.2012 15:00:00,5,5.37,3.56,1.31,-0.12
17010,05.07.2012 16:00:00,4.68,5.31,3.56,1.37,-0.12
17011,05.07.2012 17:00:00,4.5,5.25,3.56,1.37,-0.12
17012,05.07.2012 18:00:00,4.62,5.18,3.56,1.37,-0.12,3.649
17013,05.07.2012 19:00:00,4.81,5.06,3.56,1.37,-0.12
17014,05.07.2012 20:00:00,4.93,5,3.56,1.37,-0.12
17015,05.07.2012 21:00:00,4.87,4.93,3.5,1.43,-0.12
17016,05.07.2012 22:00:00,4.81,4.87,3.5,1.43,-0.12
17017,05.07.2012 23:00:00,4.68,4.87,3.5,1.43,-0.12
17018,06.07.2012 00:00:00,4.5,4.81,3.5,1.43,-0.12,3.648
17019,06.07.2012 01:00:00,4.37,4.75,3.43,1.37,-0.12
17020,06.07.2012 02:00:00,4.25,4.68,3.43,1.43,-0.12
17021,06.07.2012 03:00:00,4.12,4.62,3.43,1.43,-0.12
17022,06.07.2012 04:00:00,4,4.62,3.37,1.43,-0.12
17023,06.07.2012 05:00:00,3.93,4.56,3.37,1.43,-0.12
17024,06.07.2012 06:00:00,3.87,4.5,3.37,1.43,-0.12,3.641
17025,06.07.2012 07:00:00,3.75,4.43,3.31,1.43,-0.12
17026,06.07.2012 08:00:00,3.68,4.37,3.31,1.43,-0.12
17027,06.07.2012 09:00:00,3.62,4.31,3.31,1.43,-0.06
17028,06.07.2012 10:00:00,3.56,4.31,3.31,1.43,-0.12
17029,06.07.2012 11:00:00,3.5,4.18,3.25,1.43,-0.12
17030,06.07.2012 12:00:00,3.68,4.18,3.25,1.43,-0.06,3.647
17031,06.07.2012 13:00:00,4.18,4.12,3.18,1.43,-0.12
17032,06.07.2012 14:00:00,5,4.12,3.18,1.43,-0.12
17033,06.07.2012 15:00:00,5.87,4.06,3.18,1.43,-0.12
17034,06.07.2012 16:00:00,6.68,4.06,3.12,1.43,-0.12
17035,06.07.2012 17:00:00,7.37,4.12,3.12,1.43,-0.06
17036,06.07.2012 18:00:00,7.81,4.12,3.12,1.43,-0.06,3.670
17037,06.07.2012 19:00:00,8.12,4.25,3.06,1.37,-0.12
17038,06.07.2012 20:00:00,8.12,4.37,3.06,1.43,-0.12
17039,06.07.2012 21:00:00,8.06,4.43,3.06,1.43,-0.12
17040,06.07.2012 22:00:00,7.75,4.56,3.06,1.43,-0.06
17041,06.07.2012 23:00:00,7.37,4.68,3.06,1.43,-0.12
17042,07.07.2012 00:00:00,7,4.75,3.06,1.37,-0.06,3.659
17043,07.07.2012 01:00:00,6.62,4.81,3.06,1.37,-0.06
17044,07.07.2012 02:00:00,6.25,4.87,3.12,1.37,-0.06
17045,07.07.2012 03:00:00,5.87,4.93,3.12,1.37,-0.06
17046,07.07.2012 04:00:00,5.56,4.93,3.12,1.37,-0.12
17047,07.07.2012 05:00:00,5.31,4.93,3.12,1.37,-0.06
17048,07.07.2012 06:00:00,5,4.87,3.18,1.37,-0.12,3.648
17049,07.07.2012 07:00:00,4.75,4.87,3.18,1.37,-0.06
17050,07.07.2012 08:00:00,4.5,4.81,3.18,1.37,-0.06
17051,07.07.2012 09:00:00,4.31,4.81,3.18,1.37,-0.12
17052,07.07.2012 10:00:00,4.43,4.75,3.18,1.43,-0.12
17053,07.07.2012 11:00:00,4.75,4.68,3.18,1.37,-0.06
17054,07.07.2012 12:00:00,5.43,4.62,3.18,1.37,-0.12,3.656
17055,07.07.2012 13:00:00,6.31,4.56,3.25,1.43,-0.06
17056,07.07.2012 14:00:00,7.12,4.56,3.18,1.43,-0.06
17057,07.07.2012 15:00:00,7.43,4.56,3.18,1.37,-0.12
17058,07.07.2012 16:00:00,7.68,4.62,3.18,1.43,-0.06
17059,07.07.2012 17:00:00,7.81,4.68,3.18,1.43,-0.06
17060,07.07.2012 18:00:00,7.93,4.68,3.18,1.43,-0.06,3.668
17061,07.07.2012 19:00:00,7.87,4.81,3.18,1.43,-0.12
17062,07.07.2012 20:00:00,7.68,4.87,3.18,1.43,-0.12
17063,07.07.2012 21:00:00,7.43,4.93,3.18,1.43,-0.06
17064,07.07.2012 22:00:00,7.12,5,3.18,1.43,-0.06
17065,07.07.2012 23:00:00,6.81,5.06,3.25,1.43,-0.12
17066,08.07.2012 00:00:00,6.43,5.12,3.18,1.43,-0.06,3.661
17067,08.07.2012 01:00:00,6.12,5.12,3.25,1.43,-0.06
17068,08.07.2012 02:00:00,5.81,5.12,3.25,1.43,-0.06
17069,08.07.2012 03:00:00,5.5,5.12,3.25,1.43,-0.06
17070,08.07.2012 04:00:00,5.18,5.06,3.31,1.43,-0.06
17071,08.07.2012 05:00:00,4.93,5.06,3.25,1.43,-0.06
17072,08.07.2012 06:00:00,4.62,5,3.31,1.43,-0.12,3.646
17073,08.07.2012 07:00:00,4.43,4.93,3.31,1.43,-0.06
17074,08.07.2012 08:00:00,4.18,4.93,3.31,1.5,-0.06
17075,08.07.2012 09:00:00,4,4.81,3.31,1.5,-0.06
17076,08.07.2012 10:00:00,4.06,4.75,3.31,1.5,-0.06
17077,08.07.2012 11:00:00,4.43,4.68,3.31,1.43,-0.06
17078,08.07.2012 12:00:00,5.12,4.62,3.31,1.5,-0.06,3.654
17079,08.07.2012 13:00:00,6,4.56,3.31,1.5,-0.06
17080,08.07.2012 14:00:00,6.81,4.56,3.31,1.5,-0.06
17081,08.07.2012 15:00:00,7.37,4.56,3.31,1.5,-0.06
17082,08.07.2012 16:00:00,7.93,4.56,3.31,1.5,-0.06
17083,08.07.2012 17:00:00,8.37,4.62,3.25,1.5,-0.06
17084,08.07.2012 18:00:00,8.62,4.75,3.25,1.5,-0.06,3.674
17085,08.07.2012 19:00:00,8.75,4.75,3.25,1.5,-0.06
17086,08.07.2012 20:00:00,8.75,4.87,3.25,1.5,-0.06
17087,08.07.2012 21:00:00,8.5,5,3.25,1.56,-0.06
17088,08.07.2012 22:00:00,8.25,5.12,3.25,1.5,-0.06
17089,08.07.2012 23:00:00,7.81,5.18,3.25,1.5,-0.06
17090,09.07.2012 00:00:00,7.43,5.25,3.31,1.56,-0.12,3.662
17091,09.07.2012 01:00:00,7.06,5.31,3.31,1.56,-0.06
17092,09.07.2012 02:00:00,6.68,5.31,3.31,1.5,-0.06
17093,09.07.2012 03:00:00,6.31,5.31,3.31,1.56,-0.06
17094,09.07.2012 04:00:00,6,5.37,3.37,1.56,-0.06
17095,09.07.2012 05:00:00,5.62,5.31,3.37,1.56,-0.06
17096,09.07.2012 06:00:00,5.37,5.31,3.37,1.56,-0.06,3.648
17097,09.07.2012 07:00:00,5.12,5.25,3.43,1.5,-0.06
17098,09.07.2012 08:00:00,4.87,5.18,3.43,1.56,-0.06
17099,09.07.2012 09:00:00,4.75,5.12,3.43,1.56,-0.06
17100,09.07.2012 10:00:00,4.87,5.06,3.43,1.56,-0.06
17101,09.07.2012 11:00:00,5.25,5,3.43,1.56,-0.06
17102,09.07.2012 12:00:00,5.68,5,3.43,1.56,-0.06,3.661
17103,09.07.2012 13:00:00,6.12,4.93,3.43,1.56,-0.06
17104,09.07.2012 14:00:00,6.62,4.87,3.43,1.56,-0.06
17105,09.07.2012 15:00:00,7,4.87,3.43,1.62,-0.06
17106,09.07.2012 16:00:00,7.31,4.93,3.43,1.62,-0.06
17107,09.07.2012 17:00:00,7.37,4.93,3.43,1.62,-0.06
17108,09.07.2012 18:00:00,7.31,4.93,3.43,1.62,-0.06,3.665
17109,09.07.2012 19:00:00,7.25,5,3.43,1.62,-0.06
17110,09.07.2012 20:00:00,7.25,5.06,3.43,1.62,-0.06
17111,09.07.2012 21:00:00,7.12,5.06,3.43,1.62,-0.06
17112,09.07.2012 22:00:00,6.87,5.12,3.43,1.62,-0.06
17113,09.07.2012 23:00:00,6.62,5.12,3.43,1.62,-0.06
17114,10.07.2012 00:00:00,6.31,5.18,3.43,1.62,-0.06,3.660
17115,10.07.2012 01:00:00,6,5.18,3.43,1.62,-0.06
17116,10.07.2012 02:00:00,5.68,5.18,3.43,1.62,-0.06
17117,10.07.2012 03:00:00,5.43,5.12,3.43,1.62,-0.06
17118,10.07.2012 04:00:00,5.12,5.12,3.43,1.68,-0.06
17119,10.07.2012 05:00:00,4.87,5.12,3.43,1.62,-0.06
17120,10.07.2012 06:00:00,4.62,5.06,3.5,1.62,-0.06,3.649
17121,10.07.2012 07:00:00,4.43,5,3.43,1.68,-0.06
17122,10.07.2012 08:00:00,4.18,4.93,3.5,1.68,-0.06
17123,10.07.2012 09:00:00,4.06,4.87,3.5,1.68,-0.06
17124,10.07.2012 10:00:00,4.18,4.81,3.5,1.68,-0.06
17125,10.07.2012 11:00:00,4.62,4.75,3.43,1.68,-0.06
17126,10.07.2012 12:00:00,5.31,4.68,3.43,1.68,-0.06,3.657
17127,10.07.2012 13:00:00,6.18,4.62,3.43,1.68,-0.06
17128,10.07.2012 14:00:00,7.06,4.62,3.43,1.68,-0.06
17129,10.07.2012 15:00:00,7.93,4.62,3.43,1.68,-0.06
17130,10.07.2012 16:00:00,8.56,4.68,3.37,1.68,-0.06
17131,10.07.2012 17:00:00,8.93,4.75,3.43,1.68,-0.06
17132,10.07.2012 18:00:00,9.18,4.81,3.43,1.68,-0.06,3.684
17133,10.07.2012 19:00:00,9.12,4.93,3.37,1.68,-0.06
17134,10.07.2012 20:00:00,9,5.06,3.37,1.68,-0.06
17135,10.07.2012 21:00:00,8.81,5.12,3.37,1.68,-0.06
17136,10.07.2012 22:00:00,8.5,5.25,3.37,1.68,-0.06
17137,10.07.2012 23:00:00,8.18,5.31,3.43,1.68,-0.06
17138,11.07.2012 00:00:00,7.81,5.37,3.43,1.68,-0.06,3.666
17139,11.07.2012 01:00:00,7.5,5.43,3.43,1.68,-0.06
17140,11.07.2012 02:00:00,7.18,5.5,3.43,1.68,-0.06
17141,11.07.2012 03:00:00,6.93,5.5,3.43,1.68,-0.06
17142,11.07.2012 04:00:00,6.75,5.5,3.5,1.68,-0.06
17143,11.07.2012 05:00:00,6.5,5.5,3.5,1.68,-0.06
17144,11.07.2012 06:00:00,6.31,5.5,3.56,1.68,-0.06,3.658
17145,11.07.2012 07:00:00,6.12,5.5,3.56,1.68,-0.06
17146,11.07.2012 08:00:00,5.93,5.43,3.56,1.68,-0.06
17147,11.07.2012 09:00:00,5.81,5.37,3.56,1.75,-0.06
17148,11.07.2012 10:00:00,5.93,5.37,3.56,1.75,-0.06
17149,11.07.2012 11:00:00,6.12,5.31,3.62,1.75,-0.06
17150,11.07.2012 12:00:00,6.31,5.31,3.62,1.75,-0.06,3.658
17151,11.07.2012 13:00:00,6.5,5.25,3.56,1.75,-0.06
17152,11.07.2012 14:00:00,6.81,5.25,3.62,1.75,-0.06
17153,11.07.2012 15:00:00,7,5.25,3.62,1.75,-0.06
17154,11.07.2012 16:00:00,7.18,5.18,3.62,1.75,-0.06
17155,11.07.2012 17:00:00,7.25,5.25,3.56,1.75,-0.06
17156,11.07.2012 18:00:00,7.06,5.25,3.62,1.75,-0.06,3.661
17157,11.07.2012 19:00:00,6.68,5.25,3.62,1.81,-0.06
17158,11.07.2012 20:00:00,6.37,5.25,3.62,1.75,-0.06
17159,11.07.2012 21:00:00,6.12,5.25,3.62,1.81,-0.06
17160,11.07.2012 22:00:00,5.87,5.25,3.62,1.81,-0.06
17161,11.07.2012 23:00:00,5.68,5.25,3.62,1.81,-0.06
17162,12.07.2012 00:00:00,5.5,5.25,3.62,1.81,-0.06,3.650
17163,12.07.2012 01:00:00,5.37,5.25,3.62,1.81,-0.06
17164,12.07.2012 02:00:00,5.18,5.18,3.62,1.81,-0.06
17165,12.07.2012 03:00:00,5.06,5.12,3.62,1.81,-0.06
17166,12.07.2012 04:00:00,4.93,5.12,3.62,1.81,-0.06
17167,12.07.2012 05:00:00,4.81,5.06,3.62,1.81,-0.06
17168,12.07.2012 06:00:00,4.68,5,3.62,1.81,-0.06,3.648
17169,12.07.2012 07:00:00,4.62,4.93,3.62,1.81,-0.06
17170,12.07.2012 08:00:00,4.5,4.93,3.62,1.81,-0.06
17171,12.07.2012 09:00:00,4.43,4.87,3.62,1.81,-0.06
17172,12.07.2012 10:00:00,4.31,4.81,3.56,1.81,-0.06
17173,12.07.2012 11:00:00,4.43,4.75,3.56,1.81,-0.06
17174,12.07.2012 12:00:00,4.87,4.68,3.56,1.81,-0.06,3.654
17175,12.07.2012 13:00:00,5.62,4.68,3.56,1.87,-0.06
17176,12.07.2012 14:00:00,6.25,4.62,3.56,1.87,-0.06
17177,12.07.2012 15:00:00,6.5,4.62,3.5,1.87,-0.06
17178,12.07.2012 16:00:00,6.68,4.62,3.56,1.87,-0.06
17179,12.07.2012 17:00:00,6.87,4.68,3.5,1.87,-0.06
17180,12.07.2012 18:00:00,7,4.75,3.5,1.87,0,3.669
17181,12.07.2012 19:00:00,7,4.75,3.5,1.87,-0.06
17182,12.07.2012 20:00:00,7,4.81,3.5,1.81,-0.06
17183,12.07.2012 21:00:00,6.81,4.87,3.5,1.87,0
17184,12.07.2012 22:00:00,6.56,4.93,3.5,1.87,0
17185,12.07.2012 23:00:00,6.37,4.93,3.5,1.87,0
17186,13.07.2012 00:00:00,6.12,5,3.5,1.81,-0.06,3.653
17187,13.07.2012 01:00:00,5.81,5,3.5,1.81,0
17188,13.07.2012 02:00:00,5.56,5.06,3.5,1.87,-0.06
17189,13.07.2012 03:00:00,5.31,5,3.5,1.81,-0.06
17190,13.07.2012 04:00:00,5.12,5,3.5,1.87,-0.06
17191,13.07.2012 05:00:00,5,5,3.5,1.81,0
17192,13.07.2012 06:00:00,4.87,4.93,3.5,1.81,-0.06,3.650
17193,13.07.2012 07:00:00,4.68,4.93,3.5,1.87,0
17194,13.07.2012 08:00:00,4.56,4.87,3.5,1.87,-0.06
17195,13.07.2012 09:00:00,4.43,4.81,3.5,1.87,-0.06
17196,13.07.2012 10:00:00,4.43,4.81,3.5,1.87,-0.06
17197,13.07.2012 11:00:00,4.5,4.75,3.5,1.87,-0.06
17198,13.07.2012 12:00:00,4.81,4.68,3.5,1.87,-0.06,3.652
17199,13.07.2012 13:00:00,5.18,4.62,3.5,1.87,0
17200,13.07.2012 14:00:00,5.62,4.62,3.5,1.87,-0.06
17201,13.07.2012 15:00:00,6.06,4.62,3.43,1.87,-0.06
17202,13.07.2012 16:00:00,6.62,4.62,3.5,1.87,0
17203,13.07.2012 17:00:00,7.18,4.62,3.43,1.87,0
17204,13.07.2012 18:00:00,7.56,4.68,3.43,1.87,0,3.673
17205,13.07.2012 19:00:00,7.75,4.68,3.43,1.87,-0.06
17206,13.07.2012 20:00:00,7.68,4.81,3.43,1.87,0
17207,13.07.2012 21:00:00,7.5,4.87,3.43,1.87,-0.06
17208,13.07.2012 22:00:00,7.18,4.93,3.43,1.87,0
17209,13.07.2012 23:00:00,6.81,5,3.43,1.87,-0.06
17210,14.07.2012 00:00:00,6.43,5.06,3.43,1.87,0,3.657
17211,14.07.2012 01:00:00,6.12,5.06,3.43,1.87,-0.06
17212,14.07.2012 02:00:00,5.81,5.06,3.5,1.87,-0.06
17213,14.07.2012 03:00:00,5.5,5.12,3.5,1.87,-0.06
17214,14.07.2012 04:00:00,5.18,5.06,3.5,1.87,-0.06
17215,14.07.2012 05:00:00,4.93,5.06,3.5,1.87,0
17216,14.07.2012 06:00:00,4.75,5,3.5,1.87,0,3.648
17217,14.07.2012 07:00:00,4.5,5,3.5,1.87,0
17218,14.07.2012 08:00:00,4.31,4.93,3.5,1.87,0
17219,14.07.2012 09:00:00,4.18,4.87,3.56,1.87,0
17220,14.07.2012 10:00:00,4.25,4.81,3.56,1.87,-0.06
17221,14.07.2012 11:00:00,4.68,4.75,3.56,1.87,-0.06
17222,14.07.2012 12:00:00,5.31,4.68,3.5,1.87,0,3.654
17223,14.07.2012 13:00:00,6.06,4.68,3.5,1.87,-0.06
17224,14.07.2012 14:00:00,6.81,4.62,3.5,1.87,-0.06
17225,14.07.2012 15:00:00,7.43,4.62,3.5,1.87,-0.06
17226,14.07.2012 16:00:00,7.75,4.68,3.5,1.87,0
17227,14.07.2012 17:00:00,7.87,4.75,3.5,1.87,-0.06
17228,14.07.2012 18:00:00,7.87,4.81,3.5,1.87,0,3.668
17229,14.07.2012 19:00:00,7.68,4.93,3.43,1.93,0
17230,14.07.2012 20:00:00,7.5,5,3.5,1.87,-0.06
17231,14.07.2012 21:00:00,7.31,5.06,3.5,1.93,0
17232,14.07.2012 22:00:00,7.06,5.12,3.5,1.93,-0.06
17233,14.07.2012 23:00:00,6.75,5.18,3.5,1.93,0
17234,15.07.2012 00:00:00,6.5,5.18,3.5,1.87,-0.06,3.658
17235,15.07.2012 01:00:00,6.18,5.18,3.5,1.93,-0.06
17236,15.07.2012 02:00:00,5.87,5.18,3.5,1.93,0
17237,15.07.2012 03:00:00,5.56,5.18,3.56,1.93,0
17238,15.07.2012 04:00:00,5.31,5.18,3.56,1.93,0
17239,15.07.2012 05:00:00,5.06,5.12,3.56,1.87,0
17240,15.07.2012 06:00:00,4.87,5.12,3.56,1.93,0,3.645
17241,15.07.2012 07:00:00,4.62,5.06,3.62,1.93,0
17242,15.07.2012 08:00:00,4.5,5.06,3.62,1.93,0
17243,15.07.2012 09:00:00,4.37,5,3.62,1.93,0
17244,15.07.2012 10:00:00,4.56,4.93,3.62,1.93,0
17245,15.07.2012 11:00:00,5,4.87,3.62,1.93,0
17246,15.07.2012 12:00:00,5.62,4.81,3.62,1.93,0,3.657
17247,15.07.2012 13:00:00,6.31,4.75,3.56,1.93,0
17248,15.07.2012 14:00:00,6.81,4.81,3.62,1.93,0
17249,15.07.2012 15:00:00,7.18,4.75,3.56,1.93,0
17250,15.07.2012 16:00:00,7.5,4.81,3.56,1.93,0
17251,15.07.2012 17:00:00,7.81,4.81,3.56,1.93,0
17252,15.07.2012 18:00:00,8.18,4.93,3.56,1.93,0,3.677
17253,15.07.2012 19:00:00,8.43,5,3.56,1.93,0
17254,15.07.2012 20:00:00,8.43,5.06,3.56,1.93,0
17255,15.07.2012 21:00:00,8.25,5.12,3.56,1.93,0
17256,15.07.2012 22:00:00,8,5.18,3.56,1.93,0
17257,15.07.2012 23:00:00,7.62,5.31,3.56,2,0
17258,16.07.2012 00:00:00,7.25,5.37,3.56,2,0,3.665
17259,16.07.2012 01:00:00,6.93,5.37,3.56,1.93,0
17260,16.07.2012 02:00:00,6.56,5.43,3.62,2,0
17261,16.07.2012 03:00:00,6.25,5.43,3.62,2,0
17262,16.07.2012 04:00:00,5.93,5.43,3.62,2,0
17263,16.07.2012 05:00:00,5.62,5.37,3.62,2,0
17264,16.07.2012 06:00:00,5.37,5.37,3.68,2,0,3.647
17265,16.07.2012 07:00:00,5.12,5.37,3.68,2,0
17266,16.07.2012 08:00:00,4.87,5.31,3.68,2,0
17267,16.07.2012 09:00:00,4.75,5.25,3.68,2,0
17268,16.07.2012 10:00:00,4.87,5.18,3.68,2,0
17269,16.07.2012 11:00:00,5.37,5.12,3.68,2,0
17270,16.07.2012 12:00:00,5.87,5.06,3.68,2,0,3.657
17271,16.07.2012 13:00:00,6.37,5.06,3.68,2,0
17272,16.07.2012 14:00:00,6.87,5,3.68,2,0
17273,16.07.2012 15:00:00,7.25,5,3.75,2.06,0
17274,16.07.2012 16:00:00,7.56,5,3.68,2,0
17275,16.07.2012 17:00:00,7.56,5.06,3.68,2.06,0
17276,16.07.2012 18:00:00,7.5,5.12,3.68,2.06,0.06,3.665
17277,16.07.2012 19:00:00,7.43,5.12,3.68,2.06,0
17278,16.07.2012 20:00:00,7.37,5.18,3.68,2.06,0
17279,16.07.2012 21:00:00,7.25,5.25,3.68,2.06,0.06
17280,16.07.2012 22:00:00,7.06,5.31,3.68,2.06,0.06
17281,16.07.2012 23:00:00,6.81,5.31,3.68,2.06,0.06
17282,17.07.2012 00:00:00,6.56,5.31,3.68,2.06,0.06,3.657
17283,17.07.2012 01:00:00,6.37,5.37,3.68,2.06,0.06
17284,17.07.2012 02:00:00,6.12,5.31,3.75,2.06,0.06
17285,17.07.2012 03:00:00,5.87,5.37,3.75,2.06,0.06
17286,17.07.2012 04:00:00,5.68,5.31,3.75,2.06,0.06
17287,17.07.2012 05:00:00,5.5,5.31,3.75,2.06,0.06
17288,17.07.2012 06:00:00,5.25,5.25,3.75,2.06,0.06,3.651
17289,17.07.2012 07:00:00,5.06,5.25,3.75,2.06,0.06
17290,17.07.2012 08:00:00,4.87,5.18,3.81,2.06,0.06
17291,17.07.2012 09:00:00,4.87,5.12,3.75,2.06,0.06
17292,17.07.2012 10:00:00,5,5.12,3.75,2.06,0.06
17293,17.07.2012 11:00:00,5.25,5.06,3.75,2.12,0.06
17294,17.07.2012 12:00:00,5.68,5,3.75,2.06,0.06,3.657
17295,17.07.2012 13:00:00,6.25,5,3.75,2.12,0.06
17296,17.07.2012 14:00:00,6.87,5,3.75,2.12,0.06
17297,17.07.2012 15:00:00,7.5,4.93,3.75,2.12,0.12
17298,17.07.2012 16:00:00,7.75,5,3.75,2.12,0.06
17299,17.07.2012 17:00:00,7.87,5,3.75,2.12,0.12
17300,17.07.2012 18:00:00,8,5.06,3.68,2.12,0.12,3.676
17301,17.07.2012 19:00:00,8.12,5.12,3.75,2.12,0.12
17302,17.07.2012 20:00:00,8.06,5.18,3.75,2.12,0.12
17303,17.07.2012 21:00:00,7.87,5.25,3.68,2.12,0.12
17304,17.07.2012 22:00:00,7.62,5.37,3.68,2.12,0.12
17305,17.07.2012 23:00:00,7.25,5.43,3.75,2.12,0.12
17306,18.07.2012 00:00:00,6.93,5.43,3.75,2.12,0.12,3.666
17307,18.07.2012 01:00:00,6.56,5.5,3.75,2.12,0.12
17308,18.07.2012 02:00:00,6.25,5.5,3.75,2.12,0.12
17309,18.07.2012 03:00:00,5.93,5.5,3.75,2.12,0.12
17310,18.07.2012 04:00:00,5.62,5.5,3.75,2.12,0.12
17311,18.07.2012 05:00:00,5.31,5.43,3.81,2.12,0.12
17312,18.07.2012 06:00:00,5.06,5.37,3.81,2.12,0.12,3.646
17313,18.07.2012 07:00:00,4.81,5.37,3.81,2.12,0.12
17314,18.07.2012 08:00:00,4.62,5.31,3.81,2.12,0.12
17315,18.07.2012 09:00:00,4.5,5.25,3.81,2.18,0.18
17316,18.07.2012 10:00:00,4.68,5.18,3.81,2.18,0.18
17317,18.07.2012 11:00:00,5.12,5.12,3.81,2.18,0.12
17318,18.07.2012 12:00:00,5.62,5.06,3.81,2.18,0.12,3.662
17319,18.07.2012 13:00:00,6.25,5,3.81,2.18,0.18
17320,18.07.2012 14:00:00,6.87,5,3.81,2.18,0.12
17321,18.07.2012 15:00:00,7.31,4.93,3.81,2.18,0.18
17322,18.07.2012 16:00:00,7.62,5,3.81,2.18,0.18
17323,18.07.2012 17:00:00,7.81,5.06,3.81,2.18,0.18
17324,18.07.2012 18:00:00,7.93,5.12,3.81,2.18,0.18,3.670
17325,18.07.2012 19:00:00,8.12,5.18,3.81,2.18,0.18
17326,18.07.2012 20:00:00,8.12,5.25,3.75,2.18,0.18
17327,18.07.2012 21:00:00,7.93,5.31,3.81,2.18,0.18
17328,18.07.2012 22:00:00,7.68,5.31,3.75,2.18,0.18
17329,18.07.2012 23:00:00,7.31,5.43,3.81,2.18,0.18
17330,19.07.2012 00:00:00,6.93,5.43,3.75,2.18,0.18,3.663
17331,19.07.2012 01:00:00,6.62,5.5,3.81,2.18,0.18
17332,19.07.2012 02:00:00,6.31,5.5,3.81,2.18,0.18
17333,19.07.2012 03:00:00,6,5.5,3.81,2.18,0.18
17334,19.07.2012 04:00:00,5.68,5.5,3.81,2.25,0.18
17335,19.07.2012 05:00:00,5.37,5.43,3.81,2.18,0.18
17336,19.07.2012 06:00:00,5.12,5.37,3.81,2.18,0.18,3.646
17337,19.07.2012 07:00:00,4.81,5.37,3.87,2.18,0.18
17338,19.07.2012 08:00:00,4.62,5.31,3.87,2.25,0.18
17339,19.07.2012 09:00:00,4.5,5.25,3.87,2.25,0.18
17340,19.07.2012 10:00:00,4.56,5.18,3.87,2.25,0.18
17341,19.07.2012 11:00:00,4.81,5.12,3.87,2.25,0.25
17342,19.07.2012 12:00:00,5.37,5.06,3.87,2.18,0.18,3.654
17343,19.07.2012 13:00:00,5.81,5,3.87,2.25,0.25
17344,19.07.2012 14:00:00,6.37,5,3.87,2.25,0.25
17345,19.07.2012 15:00:00,6.81,5,3.87,2.25,0.25
17346,19.07.2012 16:00:00,7.25,4.93,3.87,2.25,0.25
17347,19.07.2012 17:00:00,7.62,5,3.81,2.25,0.25
17348,19.07.2012 18:00:00,7.87,5,3.81,2.25,0.25,3.669
17349,19.07.2012 19:00:00,7.75,5.06,3.81,2.25,0.25
17350,19.07.2012 20:00:00,7.62,5.12,3.81,2.25,0.25
17351,19.07.2012 21:00:00,7.37,5.18,3.81,2.25,0.25
17352,19.07.2012 22:00:00,7.12,5.25,3.81,2.25,0.25
17353,19.07.2012 23:00:00,6.81,5.25,3.81,2.25,0.25
17354,20.07.2012 00:00:00,6.43,5.31,3.81,2.25,0.31,3.661
17355,20.07.2012 01:00:00,6.12,5.31,3.81,2.25,0.25
17356,20.07.2012 02:00:00,5.81,5.31,3.81,2.25,0.25
17357,20.07.2012 03:00:00,5.56,5.31,3.81,2.25,0.25
17358,20.07.2012 04:00:00,5.25,5.31,3.81,2.25,0.31
17359,20.07.2012 05:00:00,5.06,5.25,3.81,2.25,0.31
17360,20.07.2012 06:00:00,4.87,5.25,3.81,2.25,0.31,3.650
17361,20.07.2012 07:00:00,4.75,5.18,3.87,2.25,0.31
17362,20.07.2012 08:00:00,4.62,5.12,3.87,2.25,0.31
17363,20.07.2012 09:00:00,4.68,5.06,3.81,2.25,0.31
17364,20.07.2012 10:00:00,4.87,5.06,3.81,2.25,0.31
17365,20.07.2012 11:00:00,5.18,5,3.81,2.31,0.31
17366,20.07.2012 12:00:00,5.43,4.93,3.87,2.25,0.31,3.658
17367,20.07.2012 13:00:00,5.75,4.93,3.81,2.25,0.31
17368,20.07.2012 14:00:00,6.25,4.87,3.81,2.25,0.31
17369,20.07.2012 15:00:00,6.93,4.87,3.81,2.25,0.31
17370,20.07.2012 16:00:00,7.62,4.87,3.81,2.25,0.31
17371,20.07.2012 17:00:00,8,4.93,3.81,2.31,0.31
17372,20.07.2012 18:00:00,8.25,5,3.75,2.31,0.31,3.671
17373,20.07.2012 19:00:00,8.31,5.06,3.75,2.25,0.31
17374,20.07.2012 20:00:00,8.31,5.12,3.75,2.31,0.31
17375,20.07.2012 21:00:00,8.06,5.18,3.75,2.31,0.31
17376,20.07.2012 22:00:00,7.81,5.25,3.75,2.31,0.31
17377,20.07.2012 23:00:00,7.43,5.31,3.81,2.25,0.37
17378,21.07.2012 00:00:00,7.06,5.37,3.81,2.31,0.31,3.663
17379,21.07.2012 01:00:00,6.68,5.43,3.81,2.25,0.31
17380,21.07.2012 02:00:00,6.25,5.43,3.81,2.31,0.31
17381,21.07.2012 03:00:00,5.93,5.43,3.81,2.31,0.31
17382,21.07.2012 04:00:00,5.62,5.43,3.81,2.31,0.37
17383,21.07.2012 05:00:00,5.31,5.37,3.81,2.31,0.37
17384,21.07.2012 06:00:00,5,5.37,3.87,2.31,0.37,3.647
17385,21.07.2012 07:00:00,4.75,5.31,3.87,2.25,0.37
17386,21.07.2012 08:00:00,4.5,5.25,3.87,2.31,0.37
17387,21.07.2012 09:00:00,4.31,5.18,3.87,2.31,0.37
17388,21.07.2012 10:00:00,4.43,5.12,3.87,2.31,0.37
17389,21.07.2012 11:00:00,5,5.06,3.87,2.31,0.37
17390,21.07.2012 12:00:00,5.87,5,3.87,2.31,0.37,3.665
17391,21.07.2012 13:00:00,6.68,4.93,3.87,2.31,0.37
17392,21.07.2012 14:00:00,7.62,4.93,3.87,2.31,0.37
17393,21.07.2012 15:00:00,8.5,4.93,3.87,2.31,0.37
17394,21.07.2012 16:00:00,9.12,5,3.81,2.31,0.37
17395,21.07.2012 17:00:00,9.62,5.12,3.81,2.31,0.37
17396,21.07.2012 18:00:00,9.93,5.18,3.81,2.31,0.37,3.684
17397,21.07.2012 19:00:00,9.93,5.31,3.81,2.31,0.43
17398,21.07.2012 20:00:00,9.81,5.37,3.81,2.31,0.37
17399,21.07.2012 21:00:00,9.5,5.5,3.81,2.31,0.37
17400,21.07.2012 22:00:00,9.12,5.62,3.81,2.31,0.37
17401,21.07.2012 23:00:00,8.68,5.68,3.87,2.31,0.43
17402,22.07.2012 00:00:00,8.25,5.81,3.87,2.31,0.43,3.672
17403,22.07.2012 01:00:00,7.87,5.87,3.87,2.31,0.43
17404,22.07.2012 02:00:00,7.43,5.87,3.87,2.31,0.43
17405,22.07.2012 03:00:00,7,5.87,3.93,2.31,0.43
17406,22.07.2012 04:00:00,6.68,5.87,3.93,2.31,0.43
17407,22.07.2012 05:00:00,6.31,5.87,4,2.37,0.43
17408,22.07.2012 06:00:00,5.93,5.87,4,2.37,0.43,3.650
17409,22.07.2012 07:00:00,5.56,5.81,4,2.37,0.43
17410,22.07.2012 08:00:00,5.31,5.75,4.06,2.37,0.43
17411,22.07.2012 09:00:00,5.12,5.68,4.06,2.37,0.43
17412,22.07.2012 10:00:00,5.31,5.62,4.06,2.37,0.43
17413,22.07.2012 11:00:00,5.87,5.56,4.06,2.37,0.43
17414,22.07.2012 12:00:00,6.68,5.5,4.06,2.37,0.43,3.665
17415,22.07.2012 13:00:00,7.68,5.5,4.06,2.37,0.43
17416,22.07.2012 14:00:00,8.81,5.43,4.12,2.37,0.43
17417,22.07.2012 15:00:00,9.75,5.5,4.12,2.37,0.43
17418,22.07.2012 16:00:00,10.5,5.5,4.06,2.43,0.43
17419,22.07.2012 17:00:00,10.93,5.62,4.06,2.43,0.5
17420,22.07.2012 18:00:00,11.12,5.68,4.06,2.43,0.43,3.689
17421,22.07.2012 19:00:00,11.12,5.81,4.06,2.43,0.43
17422,22.07.2012 20:00:00,10.87,5.93,4.06,2.43,0.5
17423,22.07.2012 21:00:00,10.56,6.06,4.12,2.43,0.5
17424,22.07.2012 22:00:00,10.12,6.18,4.12,2.43,0.5
17425,22.07.2012 23:00:00,9.75,6.31,4.12,2.43,0.5
17426,23.07.2012 00:00:00,9.31,6.37,4.12,2.43,0.5,3.673
17427,23.07.2012 01:00:00,8.93,6.43,4.12,2.43,0.5
17428,23.07.2012 02:00:00,8.5,6.43,4.25,2.43,0.5
17429,23.07.2012 03:00:00,8.12,6.5,4.25,2.43,0.5
17430,23.07.2012 04:00:00,7.75,6.5,4.25,2.43,0.5
17431,23.07.2012 05:00:00,7.43,6.5,4.25,2.5,0.5
17432,23.07.2012 06:00:00,7.06,6.5,4.31,2.5,0.5,3.659
17433,23.07.2012 07:00:00,6.81,6.43,4.31,2.5,0.5
17434,23.07.2012 08:00:00,6.56,6.37,4.37,2.5,0.5
17435,23.07.2012 09:00:00,6.5,6.31,4.37,2.5,0.5
17436,23.07.2012 10:00:00,6.62,6.31,4.37,2.5,0.5
17437,23.07.2012 11:00:00,6.81,6.25,4.37,2.5,0.5
17438,23.07.2012 12:00:00,7.12,6.12,4.37,2.56,0.5,3.670
17439,23.07.2012 13:00:00,7.43,6.12,4.43,2.56,0.5
17440,23.07.2012 14:00:00,7.87,6.12,4.43,2.56,0.5
17441,23.07.2012 15:00:00,8.37,6.06,4.43,2.56,0.56
17442,23.07.2012 16:00:00,8.81,6.06,4.43,2.56,0.56
17443,23.07.2012 17:00:00,9,6.06,4.43,2.56,0.56
17444,23.07.2012 18:00:00,9.12,6.12,4.43,2.56,0.56,3.678
17445,23.07.2012 19:00:00,9.18,6.12,4.43,2.62,0.56
17446,23.07.2012 20:00:00,9.06,6.18,4.43,2.56,0.56
17447,23.07.2012 21:00:00,8.93,6.25,4.43,2.62,0.56
17448,23.07.2012 22:00:00,8.68,6.25,4.43,2.62,0.56
17449,23.07.2012 23:00:00,8.37,6.31,4.43,2.62,0.56
17450,24.07.2012 00:00:00,8.06,6.31,4.43,2.62,0.56,3.667
17451,24.07.2012 01:00:00,7.68,6.31,4.43,2.62,0.56
17452,24.07.2012 02:00:00,7.31,6.31,4.43,2.62,0.56
17453,24.07.2012 03:00:00,7,6.37,4.43,2.62,0.56
17454,24.07.2012 04:00:00,6.62,6.31,4.5,2.62,0.56
17455,24.07.2012 05:00:00,6.31,6.25,4.5,2.68,0.62
17456,24.07.2012 06:00:00,5.93,6.25,4.5,2.68,0.62,3.651
17457,24.07.2012 07:00:00,5.62,6.18,4.5,2.68,0.62
17458,24.07.2012 08:00:00,5.37,6.12,4.5,2.68,0.56
17459,24.07.2012 09:00:00,5.25,6.06,4.5,2.68,0.62
17460,24.07.2012 10:00:00,5.5,5.93,4.5,2.68,0.62
17461,24.07.2012 11:00:00,6,5.87,4.5,2.68,0.62
17462,24.07.2012 12:00:00,6.81,5.81,4.5,2.68,0.62,3.665
17463,24.07.2012 13:00:00,7.62,5.81,4.5,2.68,0.62
17464,24.07.2012 14:00:00,8.18,5.75,4.5,2.75,0.62
17465,24.07.2012 15:00:00,8.62,5.75,4.5,2.75,0.62
17466,24.07.2012 16:00:00,9.06,5.81,4.43,2.68,0.62
17467,24.07.2012 17:00:00,9.37,5.81,4.43,2.75,0.62
17468,24.07.2012 18:00:00,9.56,5.87,4.43,2.75,0.68,3.679
17469,24.07.2012 19:00:00,9.5,5.93,4.43,2.75,0.62
17470,24.07.2012 20:00:00,9.18,6.06,4.43,2.75,0.62
17471,24.07.2012 21:00:00,8.87,6.06,4.43,2.75,0.68
17472,24.07.2012 22:00:00,8.56,6.12,4.43,2.75,0.68
17473,24.07.2012 23:00:00,8.18,6.18,4.43,2.75,0.68
17474,25.07.2012 00:00:00,7.81,6.25,4.43,2.75,0.68,3.668
17475,25.07.2012 01:00:00,7.37,6.25,4.43,2.75,0.68
17476,25.07.2012 02:00:00,7.06,6.25,4.5,2.75,0.68
17477,25.07.2012 03:00:00,6.68,6.25,4.5,2.75,0.68
17478,25.07.2012 04:00:00,6.43,6.25,4.5,2.75,0.68
17479,25.07.2012 05:00:00,6.12,6.18,4.5,2.75,0.68
17480,25.07.2012 06:00:00,5.93,6.12,4.5,2.75,0.68,3.652
17481,25.07.2012 07:00:00,5.68,6.12,4.5,2.75,0.68
17482,25.07.2012 08:00:00,5.56,6,4.5,2.75,0.75
17483,25.07.2012 09:00:00,5.5,6,4.5,2.81,0.68
17484,25.07.2012 10:00:00,5.62,5.93,4.5,2.75,0.68
17485,25.07.2012 11:00:00,5.81,5.87,4.56,2.81,0.75
17486,25.07.2012 12:00:00,6.06,5.81,4.5,2.81,0.75,3.662
17487,25.07.2012 13:00:00,6.5,5.75,4.5,2.81,0.68
17488,25.07.2012 14:00:00,7.06,5.68,4.5,2.81,0.75
17489,25.07.2012 15:00:00,7.5,5.68,4.5,2.81,0.75
17490,25.07.2012 16:00:00,7.75,5.68,4.5,2.81,0.75
17491,25.07.2012 17:00:00,7.93,5.68,4.43,2.81,0.75
17492,25.07.2012 18:00:00,7.93,5.75,4.43,2.81,0.75,3.675
17493,25.07.2012 19:00:00,7.93,5.75,4.43,2.81,0.75
17494,25.07.2012 20:00:00,7.87,5.81,4.43,2.81,0.75
17495,25.07.2012 21:00:00,7.75,5.81,4.43,2.81,0.75
17496,25.07.2012 22:00:00,7.56,5.87,4.43,2.81,0.75
17497,25.07.2012 23:00:00,7.31,5.87,4.43,2.81,0.75
17498,26.07.2012 00:00:00,7.06,5.93,4.43,2.81,0.75,3.660
17499,26.07.2012 01:00:00,6.87,5.93,4.43,2.81,0.81
17500,26.07.2012 02:00:00,6.62,5.93,4.43,2.87,0.81
17501,26.07.2012 03:00:00,6.43,5.93,4.43,2.81,0.75
17502,26.07.2012 04:00:00,6.25,5.93,4.43,2.81,0.81
17503,26.07.2012 05:00:00,6.06,5.87,4.43,2.81,0.81
17504,26.07.2012 06:00:00,5.87,5.87,4.43,2.87,0.81,3.659
17505,26.07.2012 07:00:00,5.68,5.81,4.43,2.81,0.81
17506,26.07.2012 08:00:00,5.56,5.81,4.43,2.81,0.81
17507,26.07.2012 09:00:00,5.5,5.75,4.43,2.81,0.81
17508,26.07.2012 10:00:00,5.56,5.68,4.43,2.81,0.81
17509,26.07.2012 11:00:00,5.93,5.62,4.43,2.87,0.81
17510,26.07.2012 12:00:00,6.5,5.62,4.43,2.87,0.81,3.663
17511,26.07.2012 13:00:00,7.18,5.62,4.43,2.87,0.87
17512,26.07.2012 14:00:00,7.81,5.56,4.43,2.87,0.81
17513,26.07.2012 15:00:00,8.43,5.56,4.43,2.81,0.81
17514,26.07.2012 16:00:00,8.87,5.62,4.37,2.87,0.81
17515,26.07.2012 17:00:00,9.37,5.62,4.37,2.87,0.87
17516,26.07.2012 18:00:00,9.62,5.75,4.37,2.87,0.87,3.684
17517,26.07.2012 19:00:00,9.5,5.81,4.37,2.87,0.87
17518,26.07.2012 20:00:00,9.31,5.93,4.37,2.87,0.87
17519,26.07.2012 21:00:00,9.06,6,4.37,2.87,0.87
17520,26.07.2012 22:00:00,8.75,6.06,4.37,2.87,0.87
17521,26.07.2012 23:00:00,8.37,6.12,4.43,2.87,0.87
17522,27.07.2012 00:00:00,8.06,6.18,4.43,2.87,0.87,3.665
17523,27.07.2012 01:00:00,7.62,6.25,4.43,2.87,0.87
17524,27.07.2012 02:00:00,7.31,6.25,4.43,2.87,0.87
17525,27.07.2012 03:00:00,7,6.25,4.5,2.87,0.87
17526,27.07.2012 04:00:00,6.68,6.25,4.5,2.87,0.87
17527,27.07.2012 05:00:00,6.37,6.18,4.5,2.87,0.87
17528,27.07.2012 06:00:00,6.06,6.18,4.5,2.87,0.87,3.654
17529,27.07.2012 07:00:00,5.81,6.12,4.5,2.87,0.87
17530,27.07.2012 08:00:00,5.56,6.06,4.56,2.87,0.93
17531,27.07.2012 09:00:00,5.43,6.06,4.5,2.87,0.93
17532,27.07.2012 10:00:00,5.5,6,4.5,2.87,0.93
17533,27.07.2012 11:00:00,5.68,5.93,4.56,2.87,0.93
17534,27.07.2012 12:00:00,6.25,5.87,4.56,2.93,0.93,3.661
17535,27.07.2012 13:00:00,6.93,5.81,4.56,2.93,0.93
17536,27.07.2012 14:00:00,7.62,5.75,4.56,2.87,0.93
17537,27.07.2012 15:00:00,8.37,5.75,4.56,2.93,0.93
17538,27.07.2012 16:00:00,9.12,5.75,4.5,2.93,0.93
17539,27.07.2012 17:00:00,9.62,5.81,4.56,2.93,0.93
17540,27.07.2012 18:00:00,9.93,5.87,4.5,2.93,0.93,3.688
17541,27.07.2012 19:00:00,10,5.93,4.5,2.93,0.93
17542,27.07.2012 20:00:00,9.87,6.06,4.5,2.93,0.93
17543,27.07.2012 21:00:00,9.62,6.18,4.5,2.93,0.93
17544,27.07.2012 22:00:00,9.31,6.18,4.5,2.93,1
17545,27.07.2012 23:00:00,8.87,6.31,4.5,2.93,0.93
17546,28.07.2012 00:00:00,8.43,6.37,4.56,2.93,1,3.671
17547,28.07.2012 01:00:00,8,6.43,4.56,2.93,1
17548,28.07.2012 02:00:00,7.56,6.43,4.56,2.93,0.93
17549,28.07.2012 03:00:00,7.18,6.43,4.56,2.93,1
17550,28.07.2012 04:00:00,6.81,6.43,4.56,2.93,1
17551,28.07.2012 05:00:00,6.43,6.37,4.62,2.93,1
17552,28.07.2012 06:00:00,6.06,6.37,4.62,3,1,3.658
17553,28.07.2012 07:00:00,5.75,6.31,4.62,2.93,1
17554,28.07.2012 08:00:00,5.43,6.25,4.62,2.93,1
17555,28.07.2012 09:00:00,5.31,6.18,4.62,3,1
17556,28.07.2012 10:00:00,5.43,6.12,4.68,2.93,1
17557,28.07.2012 11:00:00,5.87,6.06,4.68,3,1
17558,28.07.2012 12:00:00,6.56,5.93,4.62,3,1,3.664
17559,28.07.2012 13:00:00,7.31,5.93,4.68,3,1
17560,28.07.2012 14:00:00,8.12,5.87,4.62,3,1
17561,28.07.2012 15:00:00,8.93,5.87,4.68,3,1.06
17562,28.07.2012 16:00:00,9.62,5.93,4.62,3,1.06
17563,28.07.2012 17:00:00,10.12,5.93,4.62,3,1.06
17564,28.07.2012 18:00:00,10.37,6,4.62,3,1.06,3.689
17565,28.07.2012 19:00:00,10.43,6.12,4.62,3,1.06
17566,28.07.2012 20:00:00,10.25,6.18,4.62,3.06,1.06
17567,28.07.2012 21:00:00,9.93,6.31,4.62,3.06,1.06
17568,28.07.2012 22:00:00,9.56,6.37,4.62,3,1.06
17569,28.07.2012 23:00:00,9.12,6.43,4.62,3,1.06
17570,29.07.2012 00:00:00,8.62,6.56,4.62,3,1.06,3.673
17571,29.07.2012 01:00:00,8.18,6.56,4.68,3.06,1.06
17572,29.07.2012 02:00:00,7.75,6.56,4.68,3.06,1.06
17573,29.07.2012 03:00:00,7.37,6.56,4.68,3.06,1.06
17574,29.07.2012 04:00:00,6.93,6.56,4.68,3.06,1.06
17575,29.07.2012 05:00:00,6.56,6.56,4.75,3.06,1.06
17576,29.07.2012 06:00:00,6.18,6.5,4.75,3.06,1.12,3.658
17577,29.07.2012 07:00:00,5.87,6.43,4.75,3.06,1.06
17578,29.07.2012 08:00:00,5.56,6.37,4.75,3.06,1.12
17579,29.07.2012 09:00:00,5.43,6.31,4.75,3.06,1.12
17580,29.07.2012 10:00:00,5.56,6.25,4.81,3.06,1.12
17581,29.07.2012 11:00:00,6.06,6.18,4.75,3.06,1.12
17582,29.07.2012 12:00:00,6.81,6.12,4.81,3.06,1.12,3.668
17583,29.07.2012 13:00:00,7.68,6.06,4.75,3.06,1.12
17584,29.07.2012 14:00:00,8.56,6,4.75,3.12,1.12
17585,29.07.2012 15:00:00,9.37,6,4.75,3.12,1.12
17586,29.07.2012 16:00:00,10.06,6,4.75,3.12,1.18
17587,29.07.2012 17:00:00,10.5,6.12,4.75,3.12,1.12
17588,29.07.2012 18:00:00,10.93,6.18,4.75,3.12,1.12,3.692
17589,29.07.2012 19:00:00,11.06,6.25,4.75,3.12,1.18
17590,29.07.2012 20:00:00,11,6.37,4.68,3.12,1.18
17591,29.07.2012 21:00:00,10.68,6.43,4.75,3.12,1.18
17592,29.07.2012 22:00:00,10.31,6.56,4.75,3.12,1.18
17593,29.07.2012 23:00:00,9.87,6.68,4.75,3.12,1.18
17594,30.07.2012 00:00:00,9.37,6.75,4.75,3.12,1.18,3.673
17595,30.07.2012 01:00:00,8.93,6.75,4.75,3.12,1.18
17596,30.07.2012 02:00:00,8.5,6.81,4.81,3.12,1.18
17597,30.07.2012 03:00:00,8.06,6.81,4.81,3.12,1.18
17598,30.07.2012 04:00:00,7.62,6.81,4.81,3.12,1.18
17599,30.07.2012 05:00:00,7.18,6.81,4.81,3.12,1.25
17600,30.07.2012 06:00:00,6.81,6.75,4.87,3.12,1.18,3.657
17601,30.07.2012 07:00:00,6.43,6.75,4.87,3.18,1.18
17602,30.07.2012 08:00:00,6.06,6.68,4.87,3.18,1.18
17603,30.07.2012 09:00:00,6,6.62,4.87,3.18,1.25
17604,30.07.2012 10:00:00,6.06,6.56,4.93,3.18,1.18
17605,30.07.2012 11:00:00,6.5,6.43,4.93,3.18,1.25
17606,30.07.2012 12:00:00,7.06,6.37,4.93,3.18,1.25,3.668
17607,30.07.2012 13:00:00,7.62,6.31,4.93,3.18,1.25
17608,30.07.2012 14:00:00,8.31,6.31,4.93,3.18,1.25
17609,30.07.2012 15:00:00,9.12,6.31,4.93,3.18,1.25
17610,30.07.2012 16:00:00,9.93,6.31,4.93,3.18,1.25
17611,30.07.2012 17:00:00,10.62,6.31,4.87,3.25,1.25
17612,30.07.2012 18:00:00,11,6.37,4.87,3.18,1.31,3.688
17613,30.07.2012 19:00:00,11,6.43,4.87,3.25,1.25
17614,30.07.2012 20:00:00,10.87,6.56,4.87,3.25,1.25
17615,30.07.2012 21:00:00,10.62,6.62,4.87,3.25,1.25
17616,30.07.2012 22:00:00,10.25,6.75,4.87,3.25,1.31
17617,30.07.2012 23:00:00,9.87,6.81,4.87,3.25,1.31
17618,31.07.2012 00:00:00,9.43,6.87,4.93,3.25,1.31,3.673
17619,31.07.2012 01:00:00,9,6.93,4.93,3.25,1.31
17620,31.07.2012 02:00:00,8.56,6.93,4.93,3.25,1.31
17621,31.07.2012 03:00:00,8.18,7,5,3.25,1.31
17622,31.07.2012 04:00:00,7.81,6.93,5,3.25,1.31
17623,31.07.2012 05:00:00,7.5,6.93,5,3.25,1.31
17624,31.07.2012 06:00:00,7.25,6.93,5,3.31,1.37,3.668
17625,31.07.2012 07:00:00,7,6.87,5,3.25,1.31
17626,31.07.2012 08:00:00,6.87,6.81,5,3.31,1.31
17627,31.07.2012 09:00:00,6.81,6.81,5.06,3.31,1.37
17628,31.07.2012 10:00:00,6.81,6.68,5.06,3.25,1.37
17629,31.07.2012 11:00:00,7.18,6.62,5.06,3.31,1.37
17630,31.07.2012 12:00:00,7.62,6.62,5.06,3.31,1.37,3.672
17631,31.07.2012 13:00:00,8.12,6.56,5.06,3.31,1.37
17632,31.07.2012 14:00:00,8.68,6.56,5.06,3.31,1.37
17633,31.07.2012 15:00:00,9,6.5,5.06,3.31,1.37
17634,31.07.2012 16:00:00,9.25,6.56,5.06,3.37,1.37
17635,31.07.2012 17:00:00,9.37,6.56,5.06,3.37,1.37
17636,31.07.2012 18:00:00,9.37,6.56,5.06,3.37,1.37,3.677
17637,31.07.2012 19:00:00,9.12,6.62,5.06,3.37,1.43
17638,31.07.2012 20:00:00,8.93,6.68,5.06,3.37,1.43
17639,31.07.2012 21:00:00,8.68,6.68,5.06,3.37,1.43
17640,31.07.2012 22:00:00,8.43,6.75,5.06,3.37,1.43
17641,31.07.2012 23:00:00,8.25,6.75,5.06,3.37,1.43
17642,01.08.2012 00:00:00,8,6.75,5.06,3.37,1.43,3.667
17643,01.08.2012 01:00:00,7.68,6.75,5.06,3.37,1.43
17644,01.08.2012 02:00:00,7.37,6.75,5.06,3.37,1.43
17645,01.08.2012 03:00:00,7.06,6.75,5.06,3.43,1.43
17646,01.08.2012 04:00:00,6.68,6.68,5.06,3.43,1.43
17647,01.08.2012 05:00:00,6.43,6.68,5.06,3.43,1.43
17648,01.08.2012 06:00:00,6.12,6.62,5.12,3.43,1.43,3.654
17649,01.08.2012 07:00:00,5.87,6.56,5.06,3.43,1.5
17650,01.08.2012 08:00:00,5.56,6.5,5.12,3.43,1.43
17651,01.08.2012 09:00:00,5.43,6.43,5.12,3.43,1.5
17652,01.08.2012 10:00:00,5.56,6.37,5.12,3.43,1.5
17653,01.08.2012 11:00:00,6,6.31,5.06,3.43,1.5
17654,01.08.2012 12:00:00,6.68,6.25,5.06,3.43,1.5,3.665
17655,01.08.2012 13:00:00,7.56,6.18,5.06,3.43,1.5
17656,01.08.2012 14:00:00,8.5,6.18,5.06,3.43,1.5
17657,01.08.2012 15:00:00,9.5,6.18,5.06,3.43,1.5
17658,01.08.2012 16:00:00,10.25,6.18,5.06,3.43,1.5
17659,01.08.2012 17:00:00,10.81,6.25,5,3.5,1.5
17660,01.08.2012 18:00:00,11.06,6.31,5,3.43,1.5,3.693
17661,01.08.2012 19:00:00,11.12,6.43,5,3.43,1.5
17662,01.08.2012 20:00:00,10.93,6.56,5,3.5,1.56
17663,01.08.2012 21:00:00,10.62,6.68,5,3.5,1.56
17664,01.08.2012 22:00:00,10.25,6.81,5,3.5,1.56
17665,01.08.2012 23:00:00,9.81,6.87,5,3.5,1.56
17666,02.08.2012 00:00:00,9.37,6.93,5.06,3.43,1.56,3.673
17667,02.08.2012 01:00:00,8.93,7,5.06,3.43,1.56
17668,02.08.2012 02:00:00,8.43,7.06,5.12,3.5,1.56
17669,02.08.2012 03:00:00,8.06,7.06,5.12,3.5,1.56
17670,02.08.2012 04:00:00,7.62,7.06,5.12,3.5,1.56
17671,02.08.2012 05:00:00,7.25,7,5.12,3.5,1.56
17672,02.08.2012 06:00:00,6.93,7,5.12,3.5,1.62,3.664
17673,02.08.2012 07:00:00,6.62,6.93,5.18,3.5,1.62
17674,02.08.2012 08:00:00,6.43,6.93,5.18,3.5,1.62
17675,02.08.2012 09:00:00,6.31,6.87,5.18,3.5,1.62
17676,02.08.2012 10:00:00,6.5,6.75,5.25,3.5,1.62
17677,02.08.2012 11:00:00,6.75,6.68,5.25,3.5,1.62
17678,02.08.2012 12:00:00,7.06,6.62,5.18,3.5,1.62,3.670
17679,02.08.2012 13:00:00,7.25,6.62,5.25,3.56,1.62
17680,02.08.2012 14:00:00,7.31,6.56,5.25,3.56,1.62
17681,02.08.2012 15:00:00,7.43,6.5,5.25,3.56,1.62
17682,02.08.2012 16:00:00,7.68,6.5,5.18,3.56,1.62
17683,02.08.2012 17:00:00,8.06,6.5,5.18,3.56,1.62
17684,02.08.2012 18:00:00,8.37,6.5,5.18,3.56,1.68,3.673
17685,02.08.2012 19:00:00,8.43,6.5,5.18,3.56,1.62
17686,02.08.2012 20:00:00,8.31,6.5,5.18,3.56,1.68
17687,02.08.2012 21:00:00,8.12,6.56,5.18,3.56,1.62
17688,02.08.2012 22:00:00,7.87,6.56,5.12,3.56,1.68
17689,02.08.2012 23:00:00,7.56,6.56,5.18,3.56,1.68
17690,03.08.2012 00:00:00,7.25,6.56,5.18,3.56,1.68,3.668
17691,03.08.2012 01:00:00,6.87,6.56,5.18,3.56,1.68
17692,03.08.2012 02:00:00,6.56,6.56,5.12,3.56,1.68
17693,03.08.2012 03:00:00,6.25,6.5,5.12,3.56,1.68
17694,03.08.2012 04:00:00,5.87,6.5,5.18,3.62,1.68
17695,03.08.2012 05:00:00,5.56,6.43,5.18,3.56,1.68
17696,03.08.2012 06:00:00,5.31,6.37,5.18,3.62,1.68,3.649
17697,03.08.2012 07:00:00,5.06,6.31,5.18,3.62,1.68
17698,03.08.2012 08:00:00,4.81,6.25,5.12,3.62,1.75
17699,03.08.2012 09:00:00,4.62,6.18,5.12,3.62,1.75
17700,03.08.2012 10:00:00,4.68,6.12,5.12,3.62,1.75
17701,03.08.2012 11:00:00,5.06,6,5.12,3.62,1.75
17702,03.08.2012 12:00:00,5.62,5.93,5.12,3.62,1.75,3.662
17703,03.08.2012 13:00:00,6.37,5.87,5.06,3.62,1.75
17704,03.08.2012 14:00:00,7.06,5.81,5.06,3.62,1.75
17705,03.08.2012 15:00:00,7.87,5.81,5.06,3.62,1.75
17706,03.08.2012 16:00:00,8.56,5.81,5,3.62,1.75
17707,03.08.2012 17:00:00,9.12,5.87,5,3.62,1.75
17708,03.08.2012 18:00:00,9.37,5.93,5,3.62,1.75,3.679
17709,03.08.2012 19:00:00,9.43,6,5,3.62,1.75
17710,03.08.2012 20:00:00,9.31,6.06,5,3.62,1.75
17711,03.08.2012 21:00:00,9,6.12,4.93,3.62,1.81
17712,03.08.2012 22:00:00,8.68,6.25,4.93,3.62,1.81
17713,03.08.2012 23:00:00,8.37,6.25,5,3.62,1.81
17714,04.08.2012 00:00:00,8,6.31,4.93,3.62,1.81,3.666
17715,04.08.2012 01:00:00,7.68,6.37,4.93,3.62,1.81
17716,04.08.2012 02:00:00,7.37,6.37,4.93,3.62,1.81
17717,04.08.2012 03:00:00,7,6.43,5,3.62,1.81
17718,04.08.2012 04:00:00,6.68,6.43,5,3.62,1.81
17719,04.08.2012 05:00:00,6.43,6.37,5,3.62,1.81
17720,04.08.2012 06:00:00,6.18,6.37,5,3.62,1.81,3.654
17721,04.08.2012 07:00:00,5.93,6.31,5,3.62,1.81
17722,04.08.2012 08:00:00,5.75,6.25,5,3.62,1.81
17723,04.08.2012 09:00:00,5.62,6.25,5,3.62,1.81
17724,04.08.2012 10:00:00,5.68,6.18,5,3.62,1.81
17725,04.08.2012 11:00:00,5.93,6.12,5.06,3.62,1.87
17726,04.08.2012 12:00:00,6.5,6.06,5,3.62,1.87,3.668
17727,04.08.2012 13:00:00,7.37,6.06,5,3.62,1.87
17728,04.08.2012 14:00:00,8.31,6,5,3.62,1.81
17729,04.08.2012 15:00:00,9.18,6,5,3.62,1.87
17730,04.08.2012 16:00:00,9.93,6,5,3.62,1.87
17731,04.08.2012 17:00:00,10.43,6.06,4.93,3.62,1.87
17732,04.08.2012 18:00:00,10.68,6.18,5,3.62,1.87,3.689
17733,04.08.2012 19:00:00,10.68,6.25,4.93,3.62,1.87
17734,04.08.2012 20:00:00,10.43,6.37,4.93,3.62,1.87
17735,04.08.2012 21:00:00,10.06,6.43,4.93,3.62,1.87
17736,04.08.2012 22:00:00,9.62,6.56,5,3.62,1.87
17737,04.08.2012 23:00:00,9.12,6.68,5,3.62,1.87
17738,05.08.2012 00:00:00,8.62,6.68,5,3.62,1.87,3.674
17739,05.08.2012 01:00:00,8.18,6.75,5,3.62,1.87
17740,05.08.2012 02:00:00,7.75,6.75,5,3.62,1.87
17741,05.08.2012 03:00:00,7.25,6.75,5.06,3.62,1.87
17742,05.08.2012 04:00:00,6.87,6.75,5.06,3.62,1.87
17743,05.08.2012 05:00:00,6.43,6.75,5.06,3.62,1.87
17744,05.08.2012 06:00:00,6.06,6.68,5.12,3.62,1.93,3.652
17745,05.08.2012 07:00:00,5.68,6.62,5.12,3.62,1.93
17746,05.08.2012 08:00:00,5.37,6.56,5.12,3.62,1.93
17747,05.08.2012 09:00:00,5.18,6.5,5.12,3.62,1.93
17748,05.08.2012 10:00:00,5.31,6.43,5.12,3.62,1.93
17749,05.08.2012 11:00:00,5.81,6.31,5.12,3.62,1.93
17750,05.08.2012 12:00:00,6.62,6.25,5.12,3.68,1.93,3.668
17751,05.08.2012 13:00:00,7.62,6.18,5.12,3.68,1.93
17752,05.08.2012 14:00:00,8.75,6.12,5.12,3.68,1.93
17753,05.08.2012 15:00:00,9.81,6.18,5.12,3.68,1.93
17754,05.08.2012 16:00:00,10.68,6.18,5.12,3.68,1.93
17755,05.08.2012 17:00:00,11.25,6.25,5.06,3.68,1.93
17756,05.08.2012 18:00:00,11.5,6.37,5.06,3.68,1.93,3.692
17757,05.08.2012 19:00:00,11.5,6.43,5.06,3.68,1.93
17758,05.08.2012 20:00:00,11.25,6.62,5.06,3.68,1.93
17759,05.08.2012 21:00:00,10.93,6.68,5.06,3.68,1.93
17760,05.08.2012 22:00:00,10.5,6.81,5.06,3.68,1.93
17761,05.08.2012 23:00:00,10,6.93,5.12,3.68,2
17762,06.08.2012 00:00:00,9.56,7,5.12,3.68,2,3.680
17763,06.08.2012 01:00:00,9.12,7.06,5.12,3.68,2
17764,06.08.2012 02:00:00,8.68,7.12,5.18,3.68,2
17765,06.08.2012 03:00:00,8.25,7.12,5.18,3.68,1.93
17766,06.08.2012 04:00:00,7.87,7.12,5.18,3.68,2
17767,06.08.2012 05:00:00,7.43,7.12,5.25,3.68,2
17768,06.08.2012 06:00:00,7.12,7.06,5.25,3.68,2,3.661
17769,06.08.2012 07:00:00,6.75,7.06,5.25,3.68,2
17770,06.08.2012 08:00:00,6.43,7,5.31,3.75,2
17771,06.08.2012 09:00:00,6.31,6.93,5.31,3.68,2
17772,06.08.2012 10:00:00,6.43,6.81,5.31,3.75,2
17773,06.08.2012 11:00:00,6.93,6.81,5.31,3.75,2
17774,06.08.2012 12:00:00,7.56,6.75,5.31,3.75,2,3.673
17775,06.08.2012 13:00:00,8,6.68,5.31,3.75,2
17776,06.08.2012 14:00:00,8.5,6.62,5.31,3.75,2
17777,06.08.2012 15:00:00,9,6.62,5.31,3.75,2
17778,06.08.2012 16:00:00,9.06,6.62,5.31,3.75,2
17779,06.08.2012 17:00:00,9,6.62,5.31,3.75,2
17780,06.08.2012 18:00:00,9,6.68,5.31,3.75,2,3.673
17781,06.08.2012 19:00:00,8.93,6.75,5.31,3.75,2
17782,06.08.2012 20:00:00,8.93,6.75,5.31,3.81,2.06
17783,06.08.2012 21:00:00,8.75,6.81,5.31,3.81,2.06
17784,06.08.2012 22:00:00,8.5,6.81,5.31,3.81,2.06
17785,06.08.2012 23:00:00,8.25,6.87,5.31,3.81,2.06
17786,07.08.2012 00:00:00,8,6.87,5.31,3.81,2.06,3.666
17787,07.08.2012 01:00:00,7.75,6.87,5.31,3.81,2.06
17788,07.08.2012 02:00:00,7.5,6.87,5.31,3.81,2.06
17789,07.08.2012 03:00:00,7.31,6.87,5.31,3.81,2.06
17790,07.08.2012 04:00:00,7.12,6.87,5.31,3.81,2.06
17791,07.08.2012 05:00:00,6.93,6.81,5.37,3.81,2.06
17792,07.08.2012 06:00:00,6.68,6.75,5.37,3.81,2.06,3.659
17793,07.08.2012 07:00:00,6.43,6.75,5.37,3.81,2.06
17794,07.08.2012 08:00:00,6.18,6.68,5.37,3.81,2.06
17795,07.08.2012 09:00:00,6.06,6.62,5.37,3.81,2.06
17796,07.08.2012 10:00:00,6.25,6.56,5.37,3.87,2.06
17797,07.08.2012 11:00:00,6.62,6.56,5.37,3.87,2.12
17798,07.08.2012 12:00:00,7.31,6.5,5.37,3.87,2.12,3.667
17799,07.08.2012 13:00:00,8.06,6.5,5.37,3.87,2.12
17800,07.08.2012 14:00:00,8.56,6.43,5.37,3.87,2.12
17801,07.08.2012 15:00:00,9.06,6.43,5.31,3.87,2.12
17802,07.08.2012 16:00:00,9.31,6.5,5.31,3.87,2.12
17803,07.08.2012 17:00:00,9.31,6.5,5.31,3.87,2.12
17804,07.08.2012 18:00:00,9.25,6.56,5.31,3.87,2.12,3.675
17805,07.08.2012 19:00:00,9.12,6.62,5.31,3.87,2.12
17806,07.08.2012 20:00:00,8.87,6.68,5.31,3.87,2.12
17807,07.08.2012 21:00:00,8.56,6.68,5.31,3.87,2.12
17808,07.08.2012 22:00:00,8.25,6.81,5.31,3.87,2.12
17809,07.08.2012 23:00:00,7.93,6.81,5.31,3.87,2.12
17810,08.08.2012 00:00:00,7.56,6.81,5.31,3.87,2.12,3.668
17811,08.08.2012 01:00:00,7.25,6.81,5.31,3.87,2.12
17812,08.08.2012 02:00:00,6.93,6.81,5.31,3.87,2.12
17813,08.08.2012 03:00:00,6.62,6.81,5.37,3.87,2.18
17814,08.08.2012 04:00:00,6.37,6.75,5.37,3.87,2.18
17815,08.08.2012 05:00:00,6.12,6.75,5.37,3.87,2.12
17816,08.08.2012 06:00:00,5.87,6.68,5.37,3.87,2.12,3.655
17817,08.08.2012 07:00:00,5.62,6.62,5.37,3.93,2.18
17818,08.08.2012 08:00:00,5.37,6.56,5.37,3.87,2.18
17819,08.08.2012 09:00:00,5.31,6.5,5.37,3.87,2.18
17820,08.08.2012 10:00:00,5.37,6.43,5.31,3.93,2.12
17821,08.08.2012 11:00:00,5.81,6.37,5.37,3.87,2.18
17822,08.08.2012 12:00:00,6.37,6.31,5.37,3.93,2.18,3.662
17823,08.08.2012 13:00:00,6.93,6.25,5.37,3.93,2.18
17824,08.08.2012 14:00:00,7.43,6.18,5.31,3.93,2.18
17825,08.08.2012 15:00:00,7.93,6.18,5.31,3.93,2.18
17826,08.08.2012 16:00:00,8.43,6.18,5.31,3.93,2.18
17827,08.08.2012 17:00:00,8.56,6.25,5.31,3.93,2.18
17828,08.08.2012 18:00:00,8.5,6.31,5.31,3.93,2.25,3.672
17829,08.08.2012 19:00:00,8.43,6.37,5.25,3.93,2.18
17830,08.08.2012 20:00:00,8.37,6.37,5.25,3.93,2.25
17831,08.08.2012 21:00:00,8.25,6.43,5.25,3.93,2.18
17832,08.08.2012 22:00:00,7.93,6.5,5.25,3.93,2.18
17833,08.08.2012 23:00:00,7.56,6.5,5.25,3.93,2.25
17834,09.08.2012 00:00:00,7.25,6.56,5.25,3.93,2.18,3.661
17835,09.08.2012 01:00:00,6.87,6.56,5.25,3.93,2.18
17836,09.08.2012 02:00:00,6.56,6.56,5.31,3.93,2.25
17837,09.08.2012 03:00:00,6.25,6.56,5.25,3.93,2.25
17838,09.08.2012 04:00:00,6,6.5,5.25,3.93,2.25
17839,09.08.2012 05:00:00,5.68,6.5,5.31,3.93,2.25
17840,09.08.2012 06:00:00,5.43,6.43,5.31,3.93,2.25,3.650
17841,09.08.2012 07:00:00,5.18,6.37,5.31,3.93,2.25
17842,09.08.2012 08:00:00,5,6.37,5.31,3.93,2.25
17843,09.08.2012 09:00:00,4.81,6.25,5.31,3.93,2.25
17844,09.08.2012 10:00:00,4.75,6.18,5.31,3.93,2.25
17845,09.08.2012 11:00:00,5.18,6.12,5.25,3.93,2.25
17846,09.08.2012 12:00:00,5.93,6.06,5.25,3.93,2.25,3.663
17847,09.08.2012 13:00:00,6.93,6,5.25,3.93,2.25
17848,09.08.2012 14:00:00,8,5.93,5.25,3.93,2.25
17849,09.08.2012 15:00:00,8.81,6,5.25,3.93,2.25
17850,09.08.2012 16:00:00,9.43,6,5.25,3.93,2.25
17851,09.08.2012 17:00:00,9.87,6.06,5.18,3.93,2.25
17852,09.08.2012 18:00:00,10.06,6.12,5.18,3.93,2.25,3.681
17853,09.08.2012 19:00:00,10.06,6.25,5.18,3.93,2.31
17854,09.08.2012 20:00:00,9.87,6.37,5.18,3.93,2.31
17855,09.08.2012 21:00:00,9.5,6.5,5.18,3.93,2.25
17856,09.08.2012 22:00:00,9.12,6.56,5.18,3.93,2.31
17857,09.08.2012 23:00:00,8.68,6.62,5.18,3.93,2.31
17858,10.08.2012 00:00:00,8.25,6.68,5.18,3.93,2.31,3.671
17859,10.08.2012 01:00:00,7.81,6.75,5.25,3.93,2.31
17860,10.08.2012 02:00:00,7.37,6.81,5.18,3.93,2.31
17861,10.08.2012 03:00:00,7,6.75,5.25,3.93,2.31
17862,10.08.2012 04:00:00,6.62,6.75,5.25,3.93,2.31
17863,10.08.2012 05:00:00,6.25,6.75,5.31,3.93,2.31
17864,10.08.2012 06:00:00,5.93,6.68,5.31,3.93,2.31,3.657
17865,10.08.2012 07:00:00,5.62,6.62,5.31,3.93,2.31
17866,10.08.2012 08:00:00,5.37,6.62,5.31,4,2.31
17867,10.08.2012 09:00:00,5.18,6.5,5.31,3.93,2.31
17868,10.08.2012 10:00:00,5.18,6.43,5.31,3.93,2.31
17869,10.08.2012 11:00:00,5.68,6.37,5.31,3.93,2.31
17870,10.08.2012 12:00:00,6.5,6.31,5.31,3.93,2.31,3.664
17871,10.08.2012 13:00:00,7.5,6.25,5.31,3.93,2.31
17872,10.08.2012 14:00:00,8.68,6.25,5.31,3.93,2.31
17873,10.08.2012 15:00:00,9.62,6.25,5.31,3.93,2.31
17874,10.08.2012 16:00:00,10.43,6.25,5.31,3.93,2.31
17875,10.08.2012 17:00:00,11,6.31,5.31,4,2.31
17876,10.08.2012 18:00:00,11.25,6.43,5.25,4,2.31,3.692
17877,10.08.2012 19:00:00,11.25,6.56,5.25,3.93,2.31
17878,10.08.2012 20:00:00,11,6.68,5.25,3.93,2.37
17879,10.08.2012 21:00:00,10.68,6.81,5.31,3.93,2.37
17880,10.08.2012 22:00:00,10.25,6.87,5.31,3.93,2.37
17881,10.08.2012 23:00:00,9.75,7,5.31,3.93,2.37
17882,11.08.2012 00:00:00,9.31,7.06,5.31,3.93,2.37,3.673
17883,11.08.2012 01:00:00,8.81,7.12,5.31,4,2.37
17884,11.08.2012 02:00:00,8.37,7.18,5.37,4,2.37
17885,11.08.2012 03:00:00,7.93,7.18,5.37,4,2.37
17886,11.08.2012 04:00:00,7.56,7.18,5.37,4,2.37
17887,11.08.2012 05:00:00,7.12,7.12,5.43,4,2.37
17888,11.08.2012 06:00:00,6.75,7.12,5.43,4,2.37,3.660
17889,11.08.2012 07:00:00,6.43,7.06,5.43,4,2.37
17890,11.08.2012 08:00:00,6.06,7,5.43,4,2.37
17891,11.08.2012 09:00:00,5.93,6.93,5.5,4,2.37
17892,11.08.2012 10:00:00,6.06,6.87,5.5,4,2.37
17893,11.08.2012 11:00:00,6.5,6.81,5.5,4,2.37
17894,11.08.2012 12:00:00,7.25,6.68,5.5,4,2.37,3.667
17895,11.08.2012 13:00:00,8.18,6.68,5.5,4.06,2.37
17896,11.08.2012 14:00:00,9.25,6.62,5.5,4.06,2.37
17897,11.08.2012 15:00:00,10.18,6.62,5.5,4,2.37
17898,11.08.2012 16:00:00,11,6.68,5.5,4.06,2.37
17899,11.08.2012 17:00:00,11.56,6.75,5.5,4.06,2.37
17900,11.08.2012 18:00:00,11.87,6.81,5.5,4.06,2.37,3.690
17901,11.08.2012 19:00:00,11.87,6.93,5.5,4.06,2.37
17902,11.08.2012 20:00:00,11.62,7.06,5.43,4.06,2.43
17903,11.08.2012 21:00:00,11.18,7.18,5.43,4.06,2.43
17904,11.08.2012 22:00:00,10.68,7.31,5.5,4.06,2.43
17905,11.08.2012 23:00:00,10.18,7.37,5.5,4.06,2.43
17906,12.08.2012 00:00:00,9.62,7.43,5.5,4.06,2.37,3.674
17907,12.08.2012 01:00:00,9.12,7.5,5.5,4.06,2.37
17908,12.08.2012 02:00:00,8.56,7.5,5.56,4.06,2.43
17909,12.08.2012 03:00:00,8.12,7.5,5.56,4.06,2.43
17910,12.08.2012 04:00:00,7.68,7.5,5.62,4.06,2.43
17911,12.08.2012 05:00:00,7.25,7.5,5.62,4.06,2.43
17912,12.08.2012 06:00:00,6.87,7.43,5.62,4.06,2.43,3.662
17913,12.08.2012 07:00:00,6.5,7.37,5.68,4.12,2.43
17914,12.08.2012 08:00:00,6.18,7.31,5.68,4.12,2.43
17915,12.08.2012 09:00:00,6,7.18,5.68,4.12,2.43
17916,12.08.2012 10:00:00,6.12,7.12,5.68,4.12,2.43
17917,12.08.2012 11:00:00,6.56,7.06,5.68,4.12,2.43
17918,12.08.2012 12:00:00,7.18,6.93,5.68,4.12,2.43,3.670
17919,12.08.2012 13:00:00,8,6.87,5.68,4.12,2.43
17920,12.08.2012 14:00:00,8.81,6.81,5.68,4.12,2.43
17921,12.08.2012 15:00:00,9.56,6.81,5.68,4.18,2.43
17922,12.08.2012 16:00:00,10.25,6.81,5.68,4.12,2.5
17923,12.08.2012 17:00:00,10.68,6.87,5.68,4.18,2.43
17924,12.08.2012 18:00:00,10.87,6.93,5.68,4.18,2.43,3.690
17925,12.08.2012 19:00:00,10.87,7,5.62,4.18,2.43
17926,12.08.2012 20:00:00,10.68,7.12,5.62,4.18,2.5
17927,12.08.2012 21:00:00,10.5,7.18,5.68,4.18,2.5
17928,12.08.2012 22:00:00,10.18,7.25,5.62,4.18,2.43
17929,12.08.2012 23:00:00,9.75,7.31,5.62,4.18,2.5
17930,13.08.2012 00:00:00,9.37,7.37,5.62,4.18,2.5,3.673
17931,13.08.2012 01:00:00,9,7.37,5.68,4.18,2.5
17932,13.08.2012 02:00:00,8.56,7.43,5.68,4.18,2.5
17933,13.08.2012 03:00:00,8.18,7.43,5.68,4.18,2.5
17934,13.08.2012 04:00:00,7.81,7.43,5.68,4.18,2.5
17935,13.08.2012 05:00:00,7.43,7.43,5.75,4.18,2.5
17936,13.08.2012 06:00:00,7.12,7.37,5.75,4.18,2.5,3.664
17937,13.08.2012 07:00:00,6.81,7.31,5.75,4.18,2.5
17938,13.08.2012 08:00:00,6.5,7.25,5.75,4.18,2.5
17939,13.08.2012 09:00:00,6.37,7.18,5.75,4.25,2.5
17940,13.08.2012 10:00:00,6.37,7.12,5.75,4.25,2.5
17941,13.08.2012 11:00:00,6.56,7.06,5.75,4.25,2.5
17942,13.08.2012 12:00:00,6.81,7,5.75,4.25,2.5,3.667
17943,13.08.2012 13:00:00,7.18,6.93,5.75,4.25,2.5
17944,13.08.2012 14:00:00,7.31,6.87,5.75,4.25,2.5
17945,13.08.2012 15:00:00,7.37,6.87,5.75,4.25,2.56
17946,13.08.2012 16:00:00,7.43,6.81,5.75,4.25,2.5
17947,13.08.2012 17:00:00,7.31,6.81,5.75,4.25,2.56
17948,13.08.2012 18:00:00,7.31,6.81,5.68,4.25,2.56,3.670
17949,13.08.2012 19:00:00,7.37,6.75,5.68,4.25,2.56
17950,13.08.2012 20:00:00,7.37,6.75,5.68,4.25,2.56
17951,13.08.2012 21:00:00,7.25,6.75,5.68,4.25,2.56
17952,13.08.2012 22:00:00,7.12,6.75,5.68,4.31,2.56
17953,13.08.2012 23:00:00,7,6.68,5.68,4.25,2.56
17954,14.08.2012 00:00:00,6.87,6.75,5.62,4.31,2.56,3.663
17955,14.08.2012 01:00:00,6.75,6.68,5.68,4.31,2.56
17956,14.08.2012 02:00:00,6.56,6.68,5.62,4.31,2.56
17957,14.08.2012 03:00:00,6.43,6.62,5.62,4.31,2.56
17958,14.08.2012 04:00:00,6.31,6.62,5.62,4.31,2.56
17959,14.08.2012 05:00:00,6.18,6.56,5.62,4.31,2.56
17960,14.08.2012 06:00:00,6.06,6.56,5.62,4.31,2.56,3.659
17961,14.08.2012 07:00:00,5.87,6.5,5.62,4.31,2.56
17962,14.08.2012 08:00:00,5.81,6.5,5.62,4.31,2.56
17963,14.08.2012 09:00:00,5.75,6.43,5.62,4.31,2.56
17964,14.08.2012 10:00:00,5.87,6.37,5.62,4.31,2.56
17965,14.08.2012 11:00:00,6,6.31,5.56,4.25,2.62
17966,14.08.2012 12:00:00,6.31,6.31,5.56,4.25,2.62,3.659
17967,14.08.2012 13:00:00,6.75,6.25,5.56,4.25,2.62
17968,14.08.2012 14:00:00,7.31,6.25,5.5,4.25,2.56
17969,14.08.2012 15:00:00,8,6.25,5.5,4.25,2.62
17970,14.08.2012 16:00:00,8.37,6.25,5.5,4.31,2.62
17971,14.08.2012 17:00:00,8.62,6.31,5.5,4.25,2.62
17972,14.08.2012 18:00:00,8.81,6.31,5.5,4.25,2.62,3.674
17973,14.08.2012 19:00:00,8.75,6.37,5.5,4.25,2.62
17974,14.08.2012 20:00:00,8.5,6.43,5.43,4.25,2.62
17975,14.08.2012 21:00:00,8.25,6.5,5.43,4.25,2.62
17976,14.08.2012 22:00:00,7.93,6.56,5.43,4.25,2.62
17977,14.08.2012 23:00:00,7.68,6.62,5.43,4.25,2.62
17978,15.08.2012 00:00:00,7.37,6.62,5.43,4.25,2.62,3.664
17979,15.08.2012 01:00:00,7.12,6.68,5.43,4.25,2.62
17980,15.08.2012 02:00:00,6.81,6.68,5.43,4.25,2.62
17981,15.08.2012 03:00:00,6.56,6.68,5.5,4.25,2.62
17982,15.08.2012 04:00:00,6.25,6.68,5.5,4.25,2.62
17983,15.08.2012 05:00:00,6,6.62,5.43,4.25,2.62
17984,15.08.2012 06:00:00,5.75,6.56,5.5,4.25,2.62,3.650
17985,15.08.2012 07:00:00,5.43,6.56,5.5,4.25,2.62
17986,15.08.2012 08:00:00,5.25,6.5,5.5,4.25,2.62
17987,15.08.2012 09:00:00,5.06,6.43,5.5,4.25,2.68
17988,15.08.2012 10:00:00,5,6.37,5.5,4.25,2.62
17989,15.08.2012 11:00:00,5.43,6.31,5.5,4.25,2.62
17990,15.08.2012 12:00:00,6.25,6.25,5.5,4.25,2.68,3.662
17991,15.08.2012 13:00:00,7.25,6.18,5.43,4.25,2.62
17992,15.08.2012 14:00:00,8.18,6.18,5.43,4.25,2.68
17993,15.08.2012 15:00:00,9,6.18,5.43,4.25,2.62
17994,15.08.2012 16:00:00,9.68,6.18,5.43,4.25,2.68
17995,15.08.2012 17:00:00,10.12,6.25,5.43,4.25,2.68
17996,15.08.2012 18:00:00,10.43,6.37,5.43,4.25,2.68,3.689
17997,15.08.2012 19:00:00,10.43,6.5,5.43,4.25,2.68
17998,15.08.2012 20:00:00,10.25,6.56,5.37,4.25,2.68
17999,15.08.2012 21:00:00,9.87,6.68,5.43,4.25,2.68
18000,15.08.2012 22:00:00,9.5,6.81,5.43,4.25,2.68
18001,15.08.2012 23:00:00,9.06,6.87,5.43,4.25,2.68
18002,16.08.2012 00:00:00,8.62,6.93,5.43,4.25,2.68,3.672
18003,16.08.2012 01:00:00,8.18,7,5.43,4.25,2.68
18004,16.08.2012 02:00:00,7.81,7.06,5.43,4.25,2.68
18005,16.08.2012 03:00:00,7.37,7.06,5.5,4.25,2.68
18006,16.08.2012 04:00:00,7,7.06,5.5,4.25,2.68
18007,16.08.2012 05:00:00,6.62,7.06,5.56,4.25,2.68
18008,16.08.2012 06:00:00,6.25,7,5.56,4.25,2.68,3.653
18009,16.08.2012 07:00:00,6,6.93,5.56,4.25,2.68
18010,16.08.2012 08:00:00,5.68,6.87,5.56,4.25,2.68
18011,16.08.2012 09:00:00,5.43,6.81,5.56,4.25,2.68
18012,16.08.2012 10:00:00,5.43,6.75,5.62,4.25,2.68
18013,16.08.2012 11:00:00,5.87,6.68,5.62,4.25,2.68
18014,16.08.2012 12:00:00,6.62,6.62,5.62,4.25,2.68,3.664
18015,16.08.2012 13:00:00,7.68,6.56,5.56,4.25,2.68
18016,16.08.2012 14:00:00,8.62,6.5,5.56,4.25,2.68
18017,16.08.2012 15:00:00,9.56,6.5,5.56,4.25,2.68
18018,16.08.2012 16:00:00,10.25,6.5,5.56,4.25,2.68
18019,16.08.2012 17:00:00,10.75,6.56,5.56,4.31,2.75
18020,16.08.2012 18:00:00,11,6.68,5.56,4.31,2.68,3.685
18021,16.08.2012 19:00:00,11,6.81,5.56,4.31,2.68
18022,16.08.2012 20:00:00,10.81,6.87,5.56,4.31,2.68
18023,16.08.2012 21:00:00,10.43,7,5.56,4.31,2.75
18024,16.08.2012 22:00:00,10,7.12,5.56,4.31,2.75
18025,16.08.2012 23:00:00,9.5,7.18,5.56,4.31,2.68
18026,17.08.2012 00:00:00,9.06,7.25,5.56,4.31,2.75,3.671
18027,17.08.2012 01:00:00,8.56,7.31,5.62,4.25,2.75
18028,17.08.2012 02:00:00,8.12,7.31,5.62,4.31,2.68
18029,17.08.2012 03:00:00,7.68,7.31,5.62,4.31,2.75
18030,17.08.2012 04:00:00,7.25,7.31,5.68,4.31,2.75
18031,17.08.2012 05:00:00,6.87,7.31,5.68,4.31,2.75
18032,17.08.2012 06:00:00,6.5,7.25,5.68,4.31,2.75,3.660
18033,17.08.2012 07:00:00,6.12,7.18,5.68,4.31,2.75
18034,17.08.2012 08:00:00,5.87,7.12,5.75,4.31,2.75
18035,17.08.2012 09:00:00,5.62,7.06,5.75,4.31,2.75
18036,17.08.2012 10:00:00,5.68,6.93,5.75,4.31,2.75
18037,17.08.2012 11:00:00,6.12,6.87,5.75,4.31,2.75
18038,17.08.2012 12:00:00,6.87,6.81,5.75,4.31,2.75,3.666
18039,17.08.2012 13:00:00,7.81,6.75,5.75,4.31,2.75
18040,17.08.2012 14:00:00,8.87,6.68,5.68,4.31,2.75
18041,17.08.2012 15:00:00,9.81,6.68,5.68,4.37,2.75
18042,17.08.2012 16:00:00,10.68,6.68,5.75,4.31,2.75
18043,17.08.2012 17:00:00,11.37,6.75,5.68,4.37,2.75
18044,17.08.2012 18:00:00,11.81,6.87,5.68,4.37,2.75,3.696
18045,17.08.2012 19:00:00,11.93,7,5.68,4.37,2.75
18046,17.08.2012 20:00:00,11.81,7.06,5.68,4.37,2.75
18047,17.08.2012 21:00:00,11.5,7.25,5.68,4.37,2.75
18048,17.08.2012 22:00:00,11.06,7.31,5.68,4.37,2.75
18049,17.08.2012 23:00:00,10.62,7.43,5.68,4.37,2.75
18050,18.08.2012 00:00:00,10.12,7.56,5.68,4.37,2.75,3.684
18051,18.08.2012 01:00:00,9.68,7.62,5.75,4.37,2.75
18052,18.08.2012 02:00:00,9.25,7.62,5.75,4.37,2.75
18053,18.08.2012 03:00:00,8.81,7.62,5.75,4.37,2.81
18054,18.08.2012 04:00:00,8.43,7.62,5.81,4.37,2.75
18055,18.08.2012 05:00:00,8.06,7.62,5.81,4.37,2.81
18056,18.08.2012 06:00:00,7.75,7.62,5.87,4.37,2.81,3.663
18057,18.08.2012 07:00:00,7.5,7.56,5.87,4.37,2.75
18058,18.08.2012 08:00:00,7.25,7.56,5.87,4.37,2.81
18059,18.08.2012 09:00:00,7.12,7.5,5.87,4.37,2.81
18060,18.08.2012 10:00:00,7.18,7.37,5.93,4.43,2.81
18061,18.08.2012 11:00:00,7.68,7.31,5.93,4.43,2.81
18062,18.08.2012 12:00:00,8.43,7.31,5.93,4.43,2.81,3.679
18063,18.08.2012 13:00:00,9.43,7.25,5.93,4.43,2.81
18064,18.08.2012 14:00:00,10.43,7.25,5.93,4.43,2.81
18065,18.08.2012 15:00:00,11.37,7.25,5.93,4.43,2.81
18066,18.08.2012 16:00:00,11.87,7.31,5.93,4.43,2.81
18067,18.08.2012 17:00:00,12.18,7.37,5.93,4.43,2.81
18068,18.08.2012 18:00:00,12.25,7.43,5.93,4.43,2.81,3.691
18069,18.08.2012 19:00:00,12.25,7.56,5.93,4.43,2.81
18070,18.08.2012 20:00:00,12.12,7.68,5.93,4.43,2.81
18071,18.08.2012 21:00:00,11.93,7.81,5.93,4.5,2.81
18072,18.08.2012 22:00:00,11.62,7.87,5.93,4.5,2.81
18073,18.08.2012 23:00:00,11.31,8,5.93,4.43,2.81
18074,19.08.2012 00:00:00,10.93,8.06,6,4.5,2.81,3.685
18075,19.08.2012 01:00:00,10.62,8.12,6,4.5,2.81
18076,19.08.2012 02:00:00,10.25,8.12,6.06,4.5,2.81
18077,19.08.2012 03:00:00,9.93,8.12,6.06,4.5,2.81
18078,19.08.2012 04:00:00,9.56,8.18,6.06,4.5,2.87
18079,19.08.2012 05:00:00,9.25,8.18,6.12,4.5,2.87
18080,19.08.2012 06:00:00,8.93,8.18,6.12,4.5,2.87,3.670
18081,19.08.2012 07:00:00,8.68,8.12,6.18,4.56,2.87
18082,19.08.2012 08:00:00,8.43,8.06,6.18,4.56,2.87
18083,19.08.2012 09:00:00,8.18,8.06,6.18,4.5,2.81
18084,19.08.2012 10:00:00,8.18,8,6.18,4.56,2.87
18085,19.08.2012 11:00:00,8.43,7.93,6.25,4.56,2.87
18086,19.08.2012 12:00:00,8.93,7.87,6.25,4.56,2.87,3.676
18087,19.08.2012 13:00:00,9.68,7.87,6.25,4.56,2.87
18088,19.08.2012 14:00:00,9.93,7.81,6.25,4.56,2.87
18089,19.08.2012 15:00:00,9.75,7.81,6.25,4.56,2.87
18090,19.08.2012 16:00:00,9.68,7.81,6.25,4.62,2.87
18091,19.08.2012 17:00:00,9.68,7.87,6.25,4.62,2.87
18092,19.08.2012 18:00:00,9.68,7.87,6.25,4.62,2.87,3.677
18093,19.08.2012 19:00:00,9.68,7.87,6.25,4.62,2.87
18094,19.08.2012 20:00:00,9.68,7.87,6.25,4.62,2.87
18095,19.08.2012 21:00:00,9.62,7.87,6.25,4.62,2.87
18096,19.08.2012 22:00:00,9.37,7.87,6.25,4.62,2.87
18097,19.08.2012 23:00:00,9.06,7.93,6.25,4.62,2.87
18098,20.08.2012 00:00:00,8.68,7.87,6.25,4.68,2.87,3.674
18099,20.08.2012 01:00:00,8.43,7.87,6.31,4.62,2.87
18100,20.08.2012 02:00:00,8.12,7.87,6.31,4.68,2.93
18101,20.08.2012 03:00:00,7.81,7.87,6.31,4.68,2.93
18102,20.08.2012 04:00:00,7.56,7.81,6.25,4.68,2.93
18103,20.08.2012 05:00:00,7.31,7.75,6.31,4.68,2.93
18104,20.08.2012 06:00:00,7.06,7.68,6.31,4.68,2.93,3.664
18105,20.08.2012 07:00:00,6.87,7.68,6.31,4.68,2.93
18106,20.08.2012 08:00:00,6.68,7.62,6.31,4.68,2.93
18107,20.08.2012 09:00:00,6.62,7.56,6.31,4.68,2.93
18108,20.08.2012 10:00:00,6.75,7.43,6.31,4.68,2.93
18109,20.08.2012 11:00:00,7.12,7.37,6.31,4.68,2.93
18110,20.08.2012 12:00:00,7.56,7.31,6.25,4.75,2.93,3.672
18111,20.08.2012 13:00:00,8.06,7.31,6.25,4.75,2.93
18112,20.08.2012 14:00:00,8.37,7.25,6.25,4.75,2.93
18113,20.08.2012 15:00:00,9.06,7.25,6.25,4.75,2.93
18114,20.08.2012 16:00:00,9.56,7.25,6.25,4.75,2.93
18115,20.08.2012 17:00:00,9.68,7.31,6.25,4.75,2.93
18116,20.08.2012 18:00:00,9.81,7.31,6.18,4.75,3,3.679
18117,20.08.2012 19:00:00,9.87,7.37,6.18,4.75,2.93
18118,20.08.2012 20:00:00,9.81,7.43,6.18,4.75,2.93
18119,20.08.2012 21:00:00,9.56,7.5,6.18,4.75,3
18120,20.08.2012 22:00:00,9.18,7.56,6.18,4.75,3
18121,20.08.2012 23:00:00,8.81,7.56,6.18,4.75,3
18122,21.08.2012 00:00:00,8.37,7.62,6.18,4.75,3,3.671
18123,21.08.2012 01:00:00,8,7.62,6.18,4.75,3
18124,21.08.2012 02:00:00,7.62,7.62,6.18,4.75,3
18125,21.08.2012 03:00:00,7.18,7.62,6.18,4.75,3
18126,21.08.2012 04:00:00,6.87,7.56,6.18,4.75,3
18127,21.08.2012 05:00:00,6.56,7.5,6.25,4.75,3
18128,21.08.2012 06:00:00,6.31,7.5,6.25,4.75,3,3.657
18129,21.08.2012 07:00:00,6,7.43,6.25,4.75,3
18130,21.08.2012 08:00:00,5.75,7.37,6.25,4.75,3
18131,21.08.2012 09:00:00,5.5,7.25,6.25,4.75,3
18132,21.08.2012 10:00:00,5.43,7.18,6.25,4.81,3
18133,21.08.2012 11:00:00,5.81,7.06,6.25,4.75,3.06
18134,21.08.2012 12:00:00,6.62,7,6.18,4.81,3.06,3.668
18135,21.08.2012 13:00:00,7.68,7,6.18,4.81,3.06
18136,21.08.2012 14:00:00,8.68,6.93,6.18,4.81,3.06
18137,21.08.2012 15:00:00,9.56,6.87,6.12,4.75,3.06
18138,21.08.2012 16:00:00,10.25,6.93,6.12,4.81,3.06
18139,21.08.2012 17:00:00,10.68,6.93,6.12,4.81,3.06
18140,21.08.2012 18:00:00,10.93,7.06,6.12,4.81,3.06,3.688
18141,21.08.2012 19:00:00,11,7.18,6.12,4.81,3.06
18142,21.08.2012 20:00:00,10.81,7.25,6.06,4.81,3.06
18143,21.08.2012 21:00:00,10.5,7.37,6.06,4.81,3.06
18144,21.08.2012 22:00:00,10.06,7.5,6.06,4.81,3.06
18145,21.08.2012 23:00:00,9.68,7.56,6.06,4.81,3.06
18146,22.08.2012 00:00:00,9.37,7.62,6.12,4.81,3.06,3.678
18147,22.08.2012 01:00:00,9.06,7.68,6.12,4.81,3.06
18148,22.08.2012 02:00:00,8.75,7.68,6.12,4.81,3.06
18149,22.08.2012 03:00:00,8.43,7.68,6.12,4.81,3.06
18150,22.08.2012 04:00:00,8.18,7.75,6.18,4.81,3.06
18151,22.08.2012 05:00:00,7.93,7.68,6.18,4.81,3.12
18152,22.08.2012 06:00:00,7.68,7.68,6.18,4.81,3.06,3.661
18153,22.08.2012 07:00:00,7.5,7.68,6.18,4.81,3.12
18154,22.08.2012 08:00:00,7.37,7.62,6.18,4.81,3.12
18155,22.08.2012 09:00:00,7.31,7.62,6.18,4.81,3.06
18156,22.08.2012 10:00:00,7.43,7.56,6.25,4.81,3.12
18157,22.08.2012 11:00:00,7.62,7.5,6.25,4.81,3.12
18158,22.08.2012 12:00:00,7.93,7.43,6.25,4.81,3.12,3.668
18159,22.08.2012 13:00:00,8.43,7.43,6.25,4.81,3.12
18160,22.08.2012 14:00:00,8.81,7.37,6.25,4.81,3.12
18161,22.08.2012 15:00:00,9.12,7.37,6.25,4.81,3.12
18162,22.08.2012 16:00:00,9.31,7.43,6.25,4.81,3.12
18163,22.08.2012 17:00:00,9.62,7.43,6.18,4.81,3.12
18164,22.08.2012 18:00:00,9.81,7.43,6.25,4.87,3.12,3.679
18165,22.08.2012 19:00:00,9.68,7.5,6.25,4.81,3.12
18166,22.08.2012 20:00:00,9.62,7.56,6.18,4.81,3.12
18167,22.08.2012 21:00:00,9.43,7.56,6.25,4.81,3.12
18168,22.08.2012 22:00:00,9.25,7.62,6.25,4.87,3.12
18169,22.08.2012 23:00:00,9,7.62,6.25,4.87,3.12
18170,23.08.2012 00:00:00,8.75,7.68,6.25,4.87,3.12,3.670
18171,23.08.2012 01:00:00,8.56,7.68,6.25,4.87,3.18
18172,23.08.2012 02:00:00,8.31,7.68,6.25,4.87,3.12
18173,23.08.2012 03:00:00,8.12,7.68,6.25,4.87,3.12
18174,23.08.2012 04:00:00,7.93,7.68,6.31,4.81,3.18
18175,23.08.2012 05:00:00,7.75,7.62,6.31,4.87,3.18
18176,23.08.2012 06:00:00,7.5,7.62,6.31,4.87,3.12,3.661
18177,23.08.2012 07:00:00,7.37,7.56,6.31,4.87,3.18
18178,23.08.2012 08:00:00,7.12,7.56,6.31,4.87,3.18
18179,23.08.2012 09:00:00,7,7.5,6.31,4.87,3.18
18180,23.08.2012 10:00:00,7.12,7.43,6.31,4.87,3.18
18181,23.08.2012 11:00:00,7.5,7.37,6.25,4.87,3.18
18182,23.08.2012 12:00:00,8.12,7.37,6.31,4.87,3.18,3.677
18183,23.08.2012 13:00:00,8.81,7.31,6.31,4.87,3.18
18184,23.08.2012 14:00:00,9.56,7.31,6.25,4.87,3.18
18185,23.08.2012 15:00:00,10.31,7.37,6.25,4.87,3.18
18186,23.08.2012 16:00:00,10.75,7.37,6.25,4.87,3.18
18187,23.08.2012 17:00:00,10.87,7.43,6.25,4.87,3.18
18188,23.08.2012 18:00:00,10.75,7.5,6.25,4.87,3.18,3.685
18189,23.08.2012 19:00:00,10.56,7.62,6.25,4.87,3.18
18190,23.08.2012 20:00:00,10.31,7.68,6.25,4.87,3.18
18191,23.08.2012 21:00:00,9.93,7.75,6.25,4.93,3.18
18192,23.08.2012 22:00:00,9.56,7.81,6.25,4.87,3.18
18193,23.08.2012 23:00:00,9.18,7.87,6.31,4.93,3.18
18194,24.08.2012 00:00:00,8.75,7.87,6.31,4.87,3.18,3.669
18195,24.08.2012 01:00:00,8.43,7.87,6.31,4.93,3.18
18196,24.08.2012 02:00:00,8.06,7.93,6.31,4.93,3.25
18197,24.08.2012 03:00:00,7.75,7.87,6.31,4.93,3.25
18198,24.08.2012 04:00:00,7.37,7.87,6.31,4.93,3.18
18199,24.08.2012 05:00:00,7.06,7.81,6.37,4.93,3.18
18200,24.08.2012 06:00:00,6.81,7.75,6.37,4.93,3.25,3.657
18201,24.08.2012 07:00:00,6.5,7.68,6.37,4.93,3.25
18202,24.08.2012 08:00:00,6.25,7.62,6.37,4.93,3.25
18203,24.08.2012 09:00:00,6.06,7.56,6.37,4.93,3.25
18204,24.08.2012 10:00:00,6,7.5,6.37,4.93,3.25
18205,24.08.2012 11:00:00,6.25,7.37,6.37,4.93,3.25
18206,24.08.2012 12:00:00,6.87,7.31,6.43,4.93,3.25,3.663
18207,24.08.2012 13:00:00,7.43,7.25,6.37,4.93,3.25
18208,24.08.2012 14:00:00,8,7.25,6.37,4.93,3.25
18209,24.08.2012 15:00:00,8.43,7.18,6.31,4.93,3.25
18210,24.08.2012 16:00:00,8.56,7.18,6.37,4.93,3.25
18211,24.08.2012 17:00:00,8.68,7.18,6.31,4.93,3.25
18212,24.08.2012 18:00:00,8.81,7.18,6.31,5,3.25,3.674
18213,24.08.2012 19:00:00,8.87,7.25,6.31,4.93,3.25
18214,24.08.2012 20:00:00,8.75,7.31,6.31,4.93,3.25
18215,24.08.2012 21:00:00,8.62,7.31,6.25,4.93,3.25
18216,24.08.2012 22:00:00,8.37,7.37,6.25,5,3.25
18217,24.08.2012 23:00:00,8.06,7.37,6.25,5,3.25
18218,25.08.2012 00:00:00,7.81,7.37,6.25,5,3.25,3.669
18219,25.08.2012 01:00:00,7.56,7.37,6.25,5,3.31
18220,25.08.2012 02:00:00,7.31,7.37,6.25,4.93,3.31
18221,25.08.2012 03:00:00,7.06,7.37,6.25,4.93,3.31
18222,25.08.2012 04:00:00,6.87,7.31,6.25,5,3.31
18223,25.08.2012 05:00:00,6.68,7.31,6.25,5,3.31
18224,25.08.2012 06:00:00,6.43,7.31,6.25,5,3.31,3.655
18225,25.08.2012 07:00:00,6.18,7.25,6.25,4.93,3.31
18226,25.08.2012 08:00:00,5.93,7.18,6.25,4.93,3.31
18227,25.08.2012 09:00:00,5.75,7.12,6.25,4.93,3.31
18228,25.08.2012 10:00:00,5.75,7.06,6.25,4.93,3.31
18229,25.08.2012 11:00:00,6.06,7,6.25,4.93,3.31
18230,25.08.2012 12:00:00,6.62,6.93,6.18,4.93,3.31,3.668
18231,25.08.2012 13:00:00,7.31,6.87,6.25,4.93,3.31
18232,25.08.2012 14:00:00,8.12,6.87,6.18,5,3.31
18233,25.08.2012 15:00:00,9,6.87,6.18,5,3.31
18234,25.08.2012 16:00:00,9.75,6.87,6.18,5,3.31
18235,25.08.2012 17:00:00,10.31,6.93,6.12,5,3.31
18236,25.08.2012 18:00:00,10.5,7,6.12,5,3.31,3.690
18237,25.08.2012 19:00:00,10.56,7.06,6.12,4.93,3.31
18238,25.08.2012 20:00:00,10.43,7.18,6.12,5,3.31
18239,25.08.2012 21:00:00,10,7.25,6.12,5,3.31
18240,25.08.2012 22:00:00,9.62,7.37,6.12,4.93,3.31
18241,25.08.2012 23:00:00,9.12,7.43,6.12,4.93,3.31
18242,26.08.2012 00:00:00,8.68,7.5,6.12,4.93,3.31,3.669
18243,26.08.2012 01:00:00,8.18,7.56,6.12,4.93,3.31
18244,26.08.2012 02:00:00,7.75,7.56,6.12,4.93,3.31
18245,26.08.2012 03:00:00,7.37,7.56,6.18,4.93,3.31
18246,26.08.2012 04:00:00,7,7.5,6.18,4.93,3.31
18247,26.08.2012 05:00:00,6.62,7.5,6.18,4.93,3.37
18248,26.08.2012 06:00:00,6.31,7.43,6.25,4.93,3.37,3.660
18249,26.08.2012 07:00:00,6,7.37,6.25,4.93,3.37
18250,26.08.2012 08:00:00,5.75,7.31,6.18,4.93,3.37
18251,26.08.2012 09:00:00,5.5,7.25,6.25,4.93,3.37
18252,26.08.2012 10:00:00,5.5,7.18,6.25,4.93,3.37
18253,26.08.2012 11:00:00,5.81,7.12,6.25,4.93,3.37
18254,26.08.2012 12:00:00,6.31,7,6.25,4.93,3.37,3.661
18255,26.08.2012 13:00:00,7,6.93,6.18,4.93,3.37
18256,26.08.2012 14:00:00,7.56,6.87,6.18,5,3.37
18257,26.08.2012 15:00:00,8.06,6.87,6.18,4.93,3.37
18258,26.08.2012 16:00:00,8.75,6.87,6.18,4.93,3.37
18259,26.08.2012 17:00:00,9.31,6.87,6.18,4.93,3.37
18260,26.08.2012 18:00:00,9.56,6.93,6.12,4.93,3.37,3.685
18261,26.08.2012 19:00:00,9.56,6.93,6.12,4.93,3.37
18262,26.08.2012 20:00:00,9.5,7.06,6.12,4.93,3.37
18263,26.08.2012 21:00:00,9.25,7.06,6.12,5,3.37
18264,26.08.2012 22:00:00,9,7.18,6.12,4.93,3.37
18265,26.08.2012 23:00:00,8.68,7.25,6.12,4.93,3.37
18266,27.08.2012 00:00:00,8.31,7.25,6.12,4.93,3.37,3.667
18267,27.08.2012 01:00:00,7.93,7.31,6.12,4.93,3.37
18268,27.08.2012 02:00:00,7.56,7.31,6.12,4.93,3.37
18269,27.08.2012 03:00:00,7.18,7.31,6.12,5,3.37
18270,27.08.2012 04:00:00,6.81,7.31,6.12,4.93,3.37
18271,27.08.2012 05:00:00,6.43,7.25,6.12,4.93,3.37
18272,27.08.2012 06:00:00,6.12,7.18,6.12,4.93,3.37,3.652
18273,27.08.2012 07:00:00,5.81,7.18,6.18,4.93,3.37
18274,27.08.2012 08:00:00,5.56,7.12,6.12,4.93,3.37
18275,27.08.2012 09:00:00,5.31,7.06,6.18,4.93,3.37
18276,27.08.2012 10:00:00,5.31,6.93,6.12,4.93,3.37
18277,27.08.2012 11:00:00,5.62,6.87,6.12,4.93,3.37
18278,27.08.2012 12:00:00,6.31,6.81,6.12,4.93,3.43,3.661
18279,27.08.2012 13:00:00,7.12,6.75,6.12,4.93,3.43
18280,27.08.2012 14:00:00,7.81,6.68,6.12,4.93,3.43
18281,27.08.2012 15:00:00,8.37,6.68,6.06,5,3.43
18282,27.08.2012 16:00:00,8.87,6.68,6.06,4.93,3.43
18283,27.08.2012 17:00:00,9.31,6.75,6.06,4.93,3.43
18284,27.08.2012 18:00:00,9.5,6.81,6.06,4.93,3.43,3.684
18285,27.08.2012 19:00:00,9.62,6.81,6,4.93,3.37
18286,27.08.2012 20:00:00,9.5,6.93,6.06,4.93,3.43
18287,27.08.2012 21:00:00,9.25,7,6,4.93,3.43
18288,27.08.2012 22:00:00,8.93,7.06,6,4.93,3.43
18289,27.08.2012 23:00:00,8.62,7.12,6,4.93,3.37
18290,28.08.2012 00:00:00,8.25,7.12,6,4.93,3.43,3.671
18291,28.08.2012 01:00:00,7.87,7.18,6,4.93,3.43
18292,28.08.2012 02:00:00,7.43,7.18,6.06,4.93,3.37
18293,28.08.2012 03:00:00,7.06,7.25,6.06,4.93,3.43
18294,28.08.2012 04:00:00,6.75,7.18,6.06,4.93,3.43
18295,28.08.2012 05:00:00,6.37,7.18,6.06,4.93,3.43
18296,28.08.2012 06:00:00,6,7.12,6.06,4.93,3.37,3.656
18297,28.08.2012 07:00:00,5.68,7.06,6.06,4.93,3.43
18298,28.08.2012 08:00:00,5.43,7,6.06,4.93,3.43
18299,28.08.2012 09:00:00,5.25,6.93,6.06,4.93,3.43
18300,28.08.2012 10:00:00,5.31,6.87,6.06,4.93,3.43
18301,28.08.2012 11:00:00,5.62,6.81,6.06,4.93,3.43
18302,28.08.2012 12:00:00,6.18,6.68,6.06,4.93,3.43,3.659
18303,28.08.2012 13:00:00,6.93,6.68,6,4.93,3.43
18304,28.08.2012 14:00:00,7.68,6.62,6,4.93,3.43
18305,28.08.2012 15:00:00,8.43,6.56,6,4.93,3.43
18306,28.08.2012 16:00:00,9,6.56,6,4.93,3.43
18307,28.08.2012 17:00:00,9.25,6.62,6,4.93,3.43
18308,28.08.2012 18:00:00,9.43,6.68,5.93,4.87,3.43,3.684
18309,28.08.2012 19:00:00,9.43,6.75,5.93,4.93,3.43
18310,28.08.2012 20:00:00,9.25,6.81,5.93,4.93,3.43
18311,28.08.2012 21:00:00,8.93,6.87,5.93,4.87,3.43
18312,28.08.2012 22:00:00,8.56,6.93,5.93,4.87,3.43
18313,28.08.2012 23:00:00,8.18,7,5.93,4.87,3.43
18314,29.08.2012 00:00:00,7.81,7,5.93,4.93,3.43,3.668
18315,29.08.2012 01:00:00,7.37,7.06,5.93,4.93,3.43
18316,29.08.2012 02:00:00,7,7.06,5.93,4.87,3.43
18317,29.08.2012 03:00:00,6.62,7.06,5.93,4.87,3.43
18318,29.08.2012 04:00:00,6.25,7,5.93,4.87,3.43
18319,29.08.2012 05:00:00,5.93,6.93,6,4.87,3.43
18320,29.08.2012 06:00:00,5.62,6.87,6,4.87,3.43,3.653
18321,29.08.2012 07:00:00,5.31,6.81,5.93,4.87,3.43
18322,29.08.2012 08:00:00,5.06,6.75,6,4.87,3.43
18323,29.08.2012 09:00:00,4.87,6.68,6,4.87,3.43
18324,29.08.2012 10:00:00,4.87,6.62,5.93,4.87,3.43
18325,29.08.2012 11:00:00,5.25,6.56,5.93,4.87,3.43
18326,29.08.2012 12:00:00,5.93,6.5,5.93,4.87,3.43,3.662
18327,29.08.2012 13:00:00,6.93,6.43,5.93,4.87,3.43
18328,29.08.2012 14:00:00,8,6.37,5.93,4.87,3.43
18329,29.08.2012 15:00:00,8.93,6.37,5.87,4.87,3.43
18330,29.08.2012 16:00:00,9.75,6.37,5.87,4.87,3.43
18331,29.08.2012 17:00:00,10.31,6.43,5.87,4.87,3.43
18332,29.08.2012 18:00:00,10.5,6.5,5.81,4.87,3.43,3.689
18333,29.08.2012 19:00:00,10.5,6.62,5.81,4.87,3.43
18334,29.08.2012 20:00:00,10.31,6.75,5.81,4.87,3.43
18335,29.08.2012 21:00:00,9.87,6.87,5.81,4.87,3.43
18336,29.08.2012 22:00:00,9.43,6.93,5.81,4.87,3.43
18337,29.08.2012 23:00:00,9,7,5.81,4.87,3.43
18338,30.08.2012 00:00:00,8.56,7.12,5.81,4.87,3.43,3.667
18339,30.08.2012 01:00:00,8.06,7.12,5.81,4.81,3.43
18340,30.08.2012 02:00:00,7.68,7.12,5.87,4.87,3.43
18341,30.08.2012 03:00:00,7.25,7.18,5.87,4.81,3.43
18342,30.08.2012 04:00:00,6.87,7.12,5.87,4.81,3.43
18343,30.08.2012 05:00:00,6.5,7.12,5.87,4.81,3.43
18344,30.08.2012 06:00:00,6.12,7.06,5.87,4.81,3.43,3.651
18345,30.08.2012 07:00:00,5.81,7,5.93,4.81,3.43
18346,30.08.2012 08:00:00,5.5,7,5.93,4.81,3.43
18347,30.08.2012 09:00:00,5.25,6.87,5.93,4.81,3.43
18348,30.08.2012 10:00:00,5.31,6.81,5.93,4.81,3.43
18349,30.08.2012 11:00:00,5.75,6.75,5.93,4.81,3.43
18350,30.08.2012 12:00:00,6.43,6.68,5.93,4.87,3.43,3.664
18351,30.08.2012 13:00:00,7.43,6.62,5.93,4.87,3.43
18352,30.08.2012 14:00:00,8.5,6.56,5.93,4.81,3.43
18353,30.08.2012 15:00:00,9.5,6.56,5.87,4.81,3.43
18354,30.08.2012 16:00:00,10.31,6.56,5.87,4.81,3.43
18355,30.08.2012 17:00:00,10.81,6.62,5.93,4.87,3.43
18356,30.08.2012 18:00:00,11,6.75,5.87,4.81,3.43,3.685
18357,30.08.2012 19:00:00,11,6.87,5.87,4.81,3.43
18358,30.08.2012 20:00:00,10.75,6.93,5.87,4.81,3.43
18359,30.08.2012 21:00:00,10.31,7.06,5.87,4.87,3.43
18360,30.08.2012 22:00:00,9.81,7.18,5.87,4.81,3.43
18361,30.08.2012 23:00:00,9.25,7.25,5.87,4.81,3.43
18362,31.08.2012 00:00:00,8.75,7.31,5.87,4.81,3.43,3.668
18363,31.08.2012 01:00:00,8.18,7.37,5.93,4.81,3.43
18364,31.08.2012 02:00:00,7.68,7.37,5.93,4.87,3.43
18365,31.08.2012 03:00:00,7.18,7.37,5.93,4.87,3.43
18366,31.08.2012 04:00:00,6.75,7.31,5.93,4.81,3.43
18367,31.08.2012 05:00:00,6.31,7.31,6,4.81,3.43
18368,31.08.2012 06:00:00,5.93,7.25,6,4.81,3.43,3.656
18369,31.08.2012 07:00:00,5.56,7.18,6,4.81,3.43
18370,31.08.2012 08:00:00,5.31,7.12,6,4.81,3.43
18371,31.08.2012 09:00:00,5,7,6,4.87,3.43
18372,31.08.2012 10:00:00,4.87,6.93,6,4.87,3.43
18373,31.08.2012 11:00:00,5.18,6.81,6.06,4.87,3.43
18374,31.08.2012 12:00:00,5.93,6.75,6,4.87,3.43,3.661
18375,31.08.2012 13:00:00,6.87,6.68,6,4.87,3.43
18376,31.08.2012 14:00:00,8,6.62,6,4.87,3.43
18377,31.08.2012 15:00:00,9.06,6.56,6,4.87,3.43
18378,31.08.2012 16:00:00,10,6.62,6,4.87,3.43
18379,31.08.2012 17:00:00,10.62,6.62,5.93,4.87,3.43
18380,31.08.2012 18:00:00,11,6.75,5.93,4.87,3.43,3.688
18381,31.08.2012 19:00:00,11.06,6.81,5.93,4.87,3.43
18382,31.08.2012 20:00:00,10.87,6.93,5.93,4.81,3.43
18383,31.08.2012 21:00:00,10.5,7.06,5.93,4.87,3.43
18384,31.08.2012 22:00:00,10.06,7.12,5.87,4.87,3.43
18385,31.08.2012 23:00:00,9.56,7.25,5.93,4.87,3.43
18386,01.09.2012 00:00:00,9.06,7.31,5.93,4.87,3.43,3.671
18387,01.09.2012 01:00:00,8.56,7.37,5.93,4.87,3.43
18388,01.09.2012 02:00:00,8.12,7.37,6,4.81,3.5
18389,01.09.2012 03:00:00,7.68,7.37,5.93,4.87,3.43
18390,01.09.2012 04:00:00,7.25,7.37,6,4.87,3.5
18391,01.09.2012 05:00:00,6.87,7.37,6,4.87,3.43
18392,01.09.2012 06:00:00,6.56,7.31,6,4.87,3.43,3.655
18393,01.09.2012 07:00:00,6.31,7.25,6,4.87,3.43
18394,01.09.2012 08:00:00,6,7.25,6.06,4.87,3.43
18395,01.09.2012 09:00:00,5.87,7.18,6.06,4.81,3.43
18396,01.09.2012 10:00:00,5.93,7.06,6.06,4.87,3.43
18397,01.09.2012 11:00:00,6.37,7,6.06,4.87,3.43
18398,01.09.2012 12:00:00,7,6.93,6.06,4.87,3.43,3.666
18399,01.09.2012 13:00:00,7.87,6.87,6.06,4.87,3.43
18400,01.09.2012 14:00:00,8.75,6.81,6.06,4.87,3.43
18401,01.09.2012 15:00:00,9.62,6.87,6.06,4.87,3.43
18402,01.09.2012 16:00:00,10.43,6.87,6.06,4.87,3.43
18403,01.09.2012 17:00:00,11,6.93,6.06,4.87,3.5
18404,01.09.2012 18:00:00,11.25,7,6,4.93,3.5,3.691
18405,01.09.2012 19:00:00,11.31,7.12,6,4.87,3.43
18406,01.09.2012 20:00:00,11.12,7.18,6,4.87,3.43
18407,01.09.2012 21:00:00,10.75,7.31,6,4.87,3.43
18408,01.09.2012 22:00:00,10.37,7.43,6,4.87,3.5
18409,01.09.2012 23:00:00,9.93,7.5,6,4.87,3.5
18410,02.09.2012 00:00:00,9.5,7.56,6,4.87,3.5,3.673
18411,02.09.2012 01:00:00,9.06,7.62,6.06,4.87,3.5
18412,02.09.2012 02:00:00,8.62,7.62,6.06,4.93,3.43
18413,02.09.2012 03:00:00,8.25,7.62,6.06,4.87,3.5
18414,02.09.2012 04:00:00,7.87,7.62,6.12,4.87,3.5
18415,02.09.2012 05:00:00,7.5,7.62,6.12,4.93,3.5
18416,02.09.2012 06:00:00,7.12,7.56,6.12,4.93,3.5,3.664
18417,02.09.2012 07:00:00,6.81,7.56,6.12,4.93,3.5
18418,02.09.2012 08:00:00,6.5,7.5,6.18,4.87,3.5
18419,02.09.2012 09:00:00,6.31,7.43,6.18,4.87,3.5
18420,02.09.2012 10:00:00,6.31,7.37,6.18,4.87,3.5
18421,02.09.2012 11:00:00,6.68,7.31,6.18,4.93,3.5
18422,02.09.2012 12:00:00,7.37,7.25,6.18,4.93,3.43,3.671
18423,02.09.2012 13:00:00,8.18,7.12,6.18,4.87,3.5
18424,02.09.2012 14:00:00,9.06,7.12,6.18,4.93,3.5
18425,02.09.2012 15:00:00,9.68,7.12,6.18,4.93,3.5
18426,02.09.2012 16:00:00,10.12,7.12,6.18,4.93,3.5
18427,02.09.2012 17:00:00,10.37,7.18,6.18,4.93,3.5
18428,02.09.2012 18:00:00,10.43,7.25,6.18,4.93,3.5,3.682
18429,02.09.2012 19:00:00,10.37,7.31,6.12,4.93,3.5
18430,02.09.2012 20:00:00,10.25,7.37,6.12,4.93,3.5
18431,02.09.2012 21:00:00,10,7.43,6.12,4.93,3.43
18432,02.09.2012 22:00:00,9.75,7.5,6.18,4.93,3.5
18433,02.09.2012 23:00:00,9.5,7.56,6.12,4.93,3.5
18434,03.09.2012 00:00:00,9.18,7.62,6.18,4.93,3.5,3.679
18435,03.09.2012 01:00:00,8.93,7.62,6.18,4.93,3.5
18436,03.09.2012 02:00:00,8.68,7.68,6.18,4.93,3.5
18437,03.09.2012 03:00:00,8.43,7.68,6.18,4.93,3.5
18438,03.09.2012 04:00:00,8.18,7.68,6.18,4.93,3.5
18439,03.09.2012 05:00:00,7.87,7.62,6.25,5,3.5
18440,03.09.2012 06:00:00,7.62,7.62,6.25,4.93,3.5,3.662
18441,03.09.2012 07:00:00,7.25,7.56,6.25,5,3.5
18442,03.09.2012 08:00:00,6.93,7.56,6.25,5,3.5
18443,03.09.2012 09:00:00,6.75,7.5,6.25,4.93,3.5
18444,03.09.2012 10:00:00,6.68,7.43,6.25,5,3.5
18445,03.09.2012 11:00:00,6.93,7.37,6.25,5,3.5
18446,03.09.2012 12:00:00,7.37,7.31,6.25,5,3.5,3.670
18447,03.09.2012 13:00:00,7.81,7.31,6.25,5,3.5
18448,03.09.2012 14:00:00,8.43,7.25,6.25,5,3.5
18449,03.09.2012 15:00:00,9,7.25,6.25,5,3.5
18450,03.09.2012 16:00:00,9.5,7.25,6.25,5,3.5
18451,03.09.2012 17:00:00,10,7.25,6.25,5,3.5
18452,03.09.2012 18:00:00,10.12,7.31,6.25,5,3.5,3.681
18453,03.09.2012 19:00:00,10.06,7.31,6.25,5,3.5
18454,03.09.2012 20:00:00,9.93,7.37,6.25,5,3.5
18455,03.09.2012 21:00:00,9.62,7.43,6.25,5,3.5
18456,03.09.2012 22:00:00,9.25,7.5,6.25,5,3.5
18457,03.09.2012 23:00:00,8.87,7.56,6.25,5,3.5
18458,04.09.2012 00:00:00,8.5,7.56,6.25,5.06,3.5,3.667
18459,04.09.2012 01:00:00,8.06,7.62,6.25,5,3.5
18460,04.09.2012 02:00:00,7.62,7.62,6.25,5.06,3.5
18461,04.09.2012 03:00:00,7.25,7.56,6.25,5,3.56
18462,04.09.2012 04:00:00,6.93,7.56,6.25,5,3.5
18463,04.09.2012 05:00:00,6.56,7.5,6.31,5,3.56
18464,04.09.2012 06:00:00,6.25,7.43,6.31,5,3.5,3.652
18465,04.09.2012 07:00:00,5.93,7.37,6.31,5.06,3.56
18466,04.09.2012 08:00:00,5.68,7.31,6.31,5.06,3.56
18467,04.09.2012 09:00:00,5.5,7.25,6.31,5.06,3.56
18468,04.09.2012 10:00:00,5.5,7.18,6.31,5,3.56
18469,04.09.2012 11:00:00,5.81,7.12,6.31,5.06,3.56
18470,04.09.2012 12:00:00,6.37,7,6.31,5.06,3.56,3.664
18471,04.09.2012 13:00:00,7.12,6.93,6.25,5.06,3.56
18472,04.09.2012 14:00:00,7.93,6.87,6.25,5.06,3.56
18473,04.09.2012 15:00:00,8.68,6.87,6.25,5.06,3.56
18474,04.09.2012 16:00:00,9.25,6.87,6.25,5.06,3.56
18475,04.09.2012 17:00:00,9.68,6.87,6.18,5.06,3.56
18476,04.09.2012 18:00:00,9.93,6.93,6.18,5.06,3.56,3.684
18477,04.09.2012 19:00:00,10,7,6.18,5.06,3.56
18478,04.09.2012 20:00:00,9.87,7.06,6.18,5.06,3.56
18479,04.09.2012 21:00:00,9.68,7.18,6.18,5.06,3.56
18480,04.09.2012 22:00:00,9.31,7.25,6.18,5.06,3.56
18481,04.09.2012 23:00:00,9,7.31,6.12,5.06,3.56
18482,05.09.2012 00:00:00,8.68,7.37,6.12,5.06,3.56,3.674
18483,05.09.2012 01:00:00,8.43,7.43,6.18,5.06,3.56
18484,05.09.2012 02:00:00,8.18,7.43,6.18,5.06,3.56
18485,05.09.2012 03:00:00,8,7.43,6.18,5.06,3.56
18486,05.09.2012 04:00:00,7.81,7.43,6.18,5.06,3.56
18487,05.09.2012 05:00:00,7.56,7.43,6.18,5.06,3.56
18488,05.09.2012 06:00:00,7.37,7.37,6.18,5.06,3.56,3.661
18489,05.09.2012 07:00:00,7.18,7.37,6.18,5.06,3.56
18490,05.09.2012 08:00:00,7,7.31,6.25,5.06,3.56
18491,05.09.2012 09:00:00,6.93,7.31,6.25,5.06,3.62
18492,05.09.2012 10:00:00,6.93,7.25,6.25,5.06,3.56
18493,05.09.2012 11:00:00,7.12,7.25,6.25,5.06,3.56
18494,05.09.2012 12:00:00,7.43,7.18,6.25,5.06,3.56,3.669
18495,05.09.2012 13:00:00,7.68,7.12,6.25,5.06,3.62
18496,05.09.2012 14:00:00,7.81,7.12,6.25,5.06,3.56
18497,05.09.2012 15:00:00,7.87,7.12,6.25,5.06,3.62
18498,05.09.2012 16:00:00,7.93,7.06,6.25,5.06,3.56
18499,05.09.2012 17:00:00,7.81,7.12,6.18,5.06,3.62
18500,05.09.2012 18:00:00,7.68,7.06,6.18,5.06,3.62,3.667
18501,05.09.2012 19:00:00,7.62,7.12,6.18,5.06,3.56
18502,05.09.2012 20:00:00,7.5,7.12,6.18,5.06,3.56
18503,05.09.2012 21:00:00,7.37,7.12,6.18,5.06,3.62
18504,05.09.2012 22:00:00,7.12,7.06,6.18,5.06,3.62
18505,05.09.2012 23:00:00,6.93,7.06,6.18,5.06,3.62
18506,06.09.2012 00:00:00,6.68,7.06,6.18,5.06,3.62,3.662
18507,06.09.2012 01:00:00,6.43,7.06,6.18,5.06,3.56
18508,06.09.2012 02:00:00,6.25,7,6.18,5.06,3.62
18509,06.09.2012 03:00:00,6.06,7,6.18,5.06,3.62
18510,06.09.2012 04:00:00,5.87,6.93,6.18,5.06,3.62
18511,06.09.2012 05:00:00,5.62,6.87,6.18,5.06,3.56
18512,06.09.2012 06:00:00,5.43,6.81,6.18,5.06,3.62,3.650
18513,06.09.2012 07:00:00,5.25,6.81,6.12,5.06,3.62
18514,06.09.2012 08:00:00,5,6.75,6.12,5.06,3.62
18515,06.09.2012 09:00:00,4.81,6.68,6.12,5.06,3.62
18516,06.09.2012 10:00:00,4.81,6.62,6.12,5.06,3.62
18517,06.09.2012 11:00:00,5.18,6.56,6.06,5.06,3.62
18518,06.09.2012 12:00:00,5.81,6.43,6.06,5.06,3.62,3.660
18519,06.09.2012 13:00:00,6.62,6.43,6.06,5.06,3.62
18520,06.09.2012 14:00:00,7.56,6.37,6.06,5.06,3.62
18521,06.09.2012 15:00:00,8.31,6.37,6,5.06,3.62
18522,06.09.2012 16:00:00,8.81,6.37,6,5.06,3.62
18523,06.09.2012 17:00:00,9.25,6.43,6,5.06,3.62
18524,06.09.2012 18:00:00,9.43,6.5,6,5.06,3.62,3.678
18525,06.09.2012 19:00:00,9.5,6.56,5.93,5.06,3.62
18526,06.09.2012 20:00:00,9.31,6.68,5.93,5.06,3.62
18527,06.09.2012 21:00:00,8.93,6.75,5.93,5.06,3.62
18528,06.09.2012 22:00:00,8.5,6.81,5.93,5,3.62
18529,06.09.2012 23:00:00,8.06,6.93,5.93,5.06,3.62
18530,07.09.2012 00:00:00,7.62,6.93,5.93,5,3.62,3.662
18531,07.09.2012 01:00:00,7.18,7,5.93,5,3.62
18532,07.09.2012 02:00:00,6.75,7,5.93,5.06,3.62
18533,07.09.2012 03:00:00,6.37,6.93,6,5,3.62
18534,07.09.2012 04:00:00,6,6.93,6,5,3.62
18535,07.09.2012 05:00:00,5.68,6.93,6,5,3.62
18536,07.09.2012 06:00:00,5.31,6.87,6,5,3.62,3.648
18537,07.09.2012 07:00:00,5.06,6.81,6,5,3.62
18538,07.09.2012 08:00:00,4.87,6.75,6,5,3.62
18539,07.09.2012 09:00:00,4.75,6.62,6,5,3.62
18540,07.09.2012 10:00:00,4.87,6.62,5.93,5,3.62
18541,07.09.2012 11:00:00,5.25,6.5,6,5,3.62
18542,07.09.2012 12:00:00,5.81,6.43,6,5,3.62,3.657
18543,07.09.2012 13:00:00,6.56,6.37,5.93,5,3.62
18544,07.09.2012 14:00:00,7.18,6.37,5.93,5,3.62
18545,07.09.2012 15:00:00,7.56,6.31,5.93,5,3.62
18546,07.09.2012 16:00:00,7.75,6.31,5.93,5,3.62
18547,07.09.2012 17:00:00,7.75,6.37,5.87,5,3.62
18548,07.09.2012 18:00:00,7.75,6.37,5.87,5,3.62,3.666
18549,07.09.2012 19:00:00,7.62,6.43,5.87,5,3.62
18550,07.09.2012 20:00:00,7.43,6.43,5.87,5,3.62
18551,07.09.2012 21:00:00,7.12,6.5,5.87,5,3.62
18552,07.09.2012 22:00:00,6.81,6.5,5.87,5,3.62
18553,07.09.2012 23:00:00,6.56,6.56,5.81,4.93,3.62
18554,08.09.2012 00:00:00,6.31,6.5,5.81,4.93,3.62,3.660
18555,08.09.2012 01:00:00,6,6.56,5.81,4.93,3.62
18556,08.09.2012 02:00:00,5.81,6.5,5.81,4.93,3.62
18557,08.09.2012 03:00:00,5.62,6.5,5.81,4.93,3.62
18558,08.09.2012 04:00:00,5.43,6.5,5.81,4.93,3.62
18559,08.09.2012 05:00:00,5.31,6.43,5.81,4.93,3.62
18560,08.09.2012 06:00:00,5.12,6.37,5.81,4.93,3.62,3.649
18561,08.09.2012 07:00:00,5,6.37,5.81,4.93,3.62
18562,08.09.2012 08:00:00,4.87,6.31,5.81,4.93,3.62
18563,08.09.2012 09:00:00,4.81,6.25,5.81,4.93,3.62
18564,08.09.2012 10:00:00,4.81,6.18,5.81,4.93,3.62
18565,08.09.2012 11:00:00,4.93,6.12,5.81,4.93,3.62
18566,08.09.2012 12:00:00,5.37,6.06,5.75,4.93,3.62,3.652
18567,08.09.2012 13:00:00,5.81,6,5.75,4.93,3.62
18568,08.09.2012 14:00:00,6.25,6,5.75,4.93,3.62
18569,08.09.2012 15:00:00,6.81,6,5.75,4.87,3.62
18570,08.09.2012 16:00:00,7.25,6,5.68,4.93,3.62
18571,08.09.2012 17:00:00,7.56,6,5.68,4.87,3.62
18572,08.09.2012 18:00:00,7.68,6.06,5.68,4.87,3.62,3.668
18573,08.09.2012 19:00:00,7.68,6.06,5.68,4.93,3.62
18574,08.09.2012 20:00:00,7.56,6.12,5.62,4.87,3.62
18575,08.09.2012 21:00:00,7.31,6.18,5.62,4.87,3.62
18576,08.09.2012 22:00:00,7,6.25,5.62,4.87,3.62
18577,08.09.2012 23:00:00,6.68,6.25,5.62,4.87,3.62
18578,09.09.2012 00:00:00,6.31,6.31,5.62,4.87,3.62,3.653
18579,09.09.2012 01:00:00,6,6.31,5.62,4.87,3.62
18580,09.09.2012 02:00:00,5.68,6.31,5.62,4.87,3.62
18581,09.09.2012 03:00:00,5.37,6.31,5.62,4.87,3.62
18582,09.09.2012 04:00:00,5.12,6.31,5.62,4.87,3.62
18583,09.09.2012 05:00:00,4.87,6.25,5.62,4.81,3.62
18584,09.09.2012 06:00:00,4.62,6.18,5.62,4.87,3.62,3.641
18585,09.09.2012 07:00:00,4.43,6.12,5.62,4.87,3.62
18586,09.09.2012 08:00:00,4.25,6.12,5.62,4.81,3.62
18587,09.09.2012 09:00:00,4,6.06,5.62,4.81,3.62
18588,09.09.2012 10:00:00,3.87,6,5.62,4.81,3.62
18589,09.09.2012 11:00:00,4,5.93,5.62,4.81,3.62
18590,09.09.2012 12:00:00,4.56,5.81,5.62,4.81,3.62,3.652
18591,09.09.2012 13:00:00,5.43,5.81,5.56,4.81,3.62
18592,09.09.2012 14:00:00,6.43,5.75,5.56,4.81,3.62
18593,09.09.2012 15:00:00,7.43,5.68,5.56,4.81,3.62
18594,09.09.2012 16:00:00,8.31,5.75,5.56,4.81,3.62
18595,09.09.2012 17:00:00,8.87,5.75,5.56,4.81,3.62
18596,09.09.2012 18:00:00,9.18,5.81,5.5,4.81,3.62,3.678
18597,09.09.2012 19:00:00,9.25,5.93,5.5,4.81,3.62
18598,09.09.2012 20:00:00,9.06,6,5.5,4.81,3.62
