Logger: #A10201 'TEMPSTRING' - USP_EXP2 (V2.10, Jan 22 2010)
No,Time,#1:oC,#2:oC,#3:oC,#4:oC,#5:oC,#HK-Bat:V
1,27.07.2010 19:34:05,24.5,24.56,24.5,24.5,24.68,3.587
2,28.07.2010 00:00:04,24.56,24.68,24.62,24.56,24.75,3.582
3,28.07.2010 01:00:00,24.68,24.75,24.75,24.68,24.87,3.589
4,28.07.2010 02:00:00,24.62,24.62,24.62,24.62,24.75
5,28.07.2010 03:00:00,24.56,24.62,24.62,24.56,24.68
6,28.07.2010 04:00:00,24.56,24.62,24.62,24.56,24.68
7,28.07.2010 05:00:00,24.5,24.56,24.56,24.5,24.68
8,28.07.2010 06:00:00,24.43,24.5,24.43,24.43,24.56
9,28.07.2010 07:00:00,24.37,24.43,24.43,24.37,24.56,3.588
10,28.07.2010 08:00:00,24.43,24.43,24.43,24.43,24.56
11,28.07.2010 09:00:00,24.37,24.43,24.43,24.37,24.5
12,28.07.2010 10:00:00,25.31,25.43,25.37,25.25,25.25
13,28.07.2010 11:00:00,26.5,26.62,28.18,29.25,27.31
14,28.07.2010 12:00:00,28.5,28.81,30.37,31.18,29
15,28.07.2010 13:00:00,29.62,30.06,31.37,31.81,30.06,3.598
16,28.07.2010 14:00:00,30,30.31,31,31.31,30.31
17,28.07.2010 15:00:00,30.5,30.81,31.87,32.25,30.93
18,28.07.2010 16:00:00,30.56,30.68,30.12,29.62,30.68
19,28.07.2010 17:00:00,30.06,30,29.18,28.5,30
20,28.07.2010 18:00:00,29.37,29.18,28.18,27.37,29.12
21,28.07.2010 19:00:00,28.62,28.43,27.56,26.75,28.37,3.599
22,28.07.2010 20:00:00,26.75,26.56,25.87,25.12,26.12
23,28.07.2010 21:00:00,24.06,23.87,24.06,23.68,24.12,3.595
24,28.07.2010 22:00:00,23.68,23.68,24,23.81,23.56
25,28.07.2010 23:00:00,23.5,23.56,23.68,23.31,23.31
26,29.07.2010 00:00:00,23.43,23.56,23.62,23.25,23.18
27,29.07.2010 01:00:00,23.56,23.62,23.81,23.43,23.25
28,29.07.2010 02:00:00,23.62,23.75,24,23.62,23.43
29,29.07.2010 03:00:00,23.5,23.56,23.5,23.12,23.25,3.582
30,29.07.2010 04:00:00,23.37,23.5,23.43,23,23.12
31,29.07.2010 05:00:00,23.31,23.43,23.31,22.87,23.06
32,29.07.2010 06:00:00,23.25,23.31,23.25,22.87,23
33,29.07.2010 07:00:00,22.5,22.56,22.68,22.56,22.43
34,29.07.2010 08:00:00,23.56,23.31,23.68,23.12,22.93
35,29.07.2010 09:00:00,24.5,24.37,24.37,23.87,23.87,3.586
36,29.07.2010 10:00:00,24.12,24.18,23.93,23.68,24
37,29.07.2010 11:00:00,22.37,22.37,20.31,19.62,20.68
38,29.07.2010 12:00:00,21.12,21,21,20.93,21.12
39,29.07.2010 13:00:00,20.87,20.87,20.87,20.87,20.93
40,29.07.2010 14:00:00,20.87,20.93,21.06,21.12,21.12
41,29.07.2010 15:00:00,21.06,21.12,21.31,21.43,21.43,3.581
42,29.07.2010 16:00:00,20.75,20.87,21.12,21.06,20.75
43,29.07.2010 17:00:00,19.43,19.56,20,19.81,19.18
44,29.07.2010 18:00:00,18.25,18.31,18.87,18.68,18.06
45,29.07.2010 19:00:00,17.18,17.25,17.81,17.62,16.87
46,29.07.2010 20:00:00,16.18,16.25,16.81,16.62,16
47,29.07.2010 21:00:00,15.18,15.18,15.75,15.56,14.93,3.565
48,29.07.2010 22:00:00,14.31,14.37,14.87,14.68,14.12
49,29.07.2010 23:00:00,13.62,13.68,14.12,14,13.5
50,30.07.2010 00:00:00,13.12,13.18,13.56,13.43,13.06
51,30.07.2010 01:00:00,12.68,12.75,13.06,13,12.62
52,30.07.2010 02:00:00,12.25,12.37,12.62,12.56,12.18
53,30.07.2010 03:00:00,11.87,11.93,12.18,12.12,11.81,3.557
54,30.07.2010 04:00:00,11.43,11.43,11.68,11.62,11.31
55,30.07.2010 05:00:00,10.93,10.93,11.18,11.12,10.81
56,30.07.2010 06:00:00,10.5,10.5,10.75,10.62,10.37
57,30.07.2010 07:00:00,10.12,10.18,10.37,10.31,10.12
58,30.07.2010 08:00:00,10.06,10.12,10.31,10.25,10.25
59,30.07.2010 09:00:00,10.81,10.93,10.93,11,11.37,3.562
60,30.07.2010 10:00:00,11.62,11.87,11.81,11.81,12.25
61,30.07.2010 11:00:00,12.5,12.62,12.68,12.75,13.25
62,30.07.2010 12:00:00,13.56,13.62,13.81,13.93,14.56
63,30.07.2010 13:00:00,14.93,15.06,15.31,15.37,15.81
64,30.07.2010 14:00:00,15.43,15.62,15.87,15.93,15.93
65,30.07.2010 15:00:00,16.12,16.31,16.62,16.68,16.68,3.575
66,30.07.2010 16:00:00,16.5,16.68,16.93,17,16.93
67,30.07.2010 17:00:00,16.75,16.93,17.18,17.25,17.06
68,30.07.2010 18:00:00,16.81,17,17.25,17.31,16.87
69,30.07.2010 19:00:00,16.43,16.75,16.93,16.93,16.37
70,30.07.2010 20:00:00,15.68,16.06,16.25,16.25,15.37
71,30.07.2010 21:00:00,14.75,15.06,15.31,15.31,14.37,3.567
72,30.07.2010 22:00:00,13.87,14.25,14.43,14.43,13.62
73,30.07.2010 23:00:00,13.25,13.56,13.68,13.68,13
74,31.07.2010 00:00:00,12.68,13,13.06,13.12,12.56
75,31.07.2010 01:00:00,12.18,12.5,12.56,12.56,12.12
76,31.07.2010 02:00:00,11.87,12.06,12.18,12.18,11.81
77,31.07.2010 03:00:00,11.56,11.75,11.81,11.81,11.43,3.558
78,31.07.2010 04:00:00,11.25,11.43,11.5,11.5,11.25
79,31.07.2010 05:00:00,11,11.18,11.18,11.25,11
80,31.07.2010 06:00:00,10.75,10.93,11,10.93,10.75
81,31.07.2010 07:00:00,10.56,10.75,10.75,10.75,10.56
82,31.07.2010 08:00:00,10.43,10.56,10.56,10.62,10.56
83,31.07.2010 09:00:00,10.43,10.5,10.56,10.56,10.5,3.557
84,31.07.2010 10:00:00,10.56,10.68,10.68,10.68,10.81
85,31.07.2010 11:00:00,10.87,11,11,11,11.31
86,31.07.2010 12:00:00,11.56,11.68,11.75,11.81,12.31
87,31.07.2010 13:00:00,12.31,12.43,12.43,12.5,12.81
88,31.07.2010 14:00:00,13.18,13.25,13.37,13.37,13.87
89,31.07.2010 15:00:00,13.62,13.75,13.87,13.87,13.93,3.565
90,31.07.2010 16:00:00,14.06,14.18,14.31,14.31,14.62
91,31.07.2010 17:00:00,14.68,14.75,14.87,14.93,15.18
92,31.07.2010 18:00:00,14.62,14.81,14.93,15,14.75
93,31.07.2010 19:00:00,14.5,14.56,14.75,14.81,15.87
94,31.07.2010 20:00:00,15.87,16.06,16.18,16.25,17.12
95,31.07.2010 21:00:00,16.31,16.68,16.62,16.62,16.56,3.577
96,31.07.2010 22:00:00,16.06,16.18,16.25,16.25,15.93
97,31.07.2010 23:00:00,15.43,15.43,15.56,15.62,15.06
98,01.08.2010 00:00:00,14.87,14.87,14.93,14.93,14.68
99,01.08.2010 01:00:00,14.25,14.18,14.31,14.31,14.06
100,01.08.2010 02:00:00,13.75,13.62,13.68,13.75,13.5
101,01.08.2010 03:00:00,13.25,13.12,13.25,13.25,13.06,3.567
102,01.08.2010 04:00:00,12.81,12.68,12.75,12.75,12.62
103,01.08.2010 05:00:00,12.31,12.18,12.31,12.31,12.12
104,01.08.2010 06:00:00,11.81,11.68,11.81,11.81,11.62
105,01.08.2010 07:00:00,11.5,11.37,11.43,11.43,11.43
106,01.08.2010 08:00:00,11.75,11.75,11.68,11.68,12
107,01.08.2010 09:00:00,14.37,15.37,15.37,15.62,16.5,3.568
108,01.08.2010 10:00:00,16.18,17.06,16.81,16.56,17.18
109,01.08.2010 11:00:00,17.12,17.56,17.37,17.18,17.75
110,01.08.2010 12:00:00,17.75,17.81,17.81,17.68,18.68
111,01.08.2010 13:00:00,19.31,19.18,19.25,19.06,20.62
112,01.08.2010 14:00:00,20.81,20.68,20.81,20.75,22
113,01.08.2010 15:00:00,22.68,22.56,22.87,22.87,23.31,3.591
114,01.08.2010 16:00:00,23,22.87,23.06,23.18,23.87
115,01.08.2010 17:00:00,27.12,28.75,27.5,27.31,29.12
116,01.08.2010 18:00:00,30.37,32.25,31.18,30.87,30.68
117,01.08.2010 19:00:00,31,32.68,31.68,31.56,31.18
118,01.08.2010 20:00:00,29.31,29.81,29.81,29.93,27.68
119,01.08.2010 21:00:00,26.12,26.18,26.43,26.5,24.43,3.598
120,01.08.2010 22:00:00,24.12,24,24.18,24.25,23.12
121,01.08.2010 23:00:00,22.87,22.87,22.87,22.93,22.12
122,02.08.2010 00:00:00,21.93,21.87,21.93,21.93,21.37
123,02.08.2010 01:00:00,21.12,21.06,21.12,21.12,20.68
124,02.08.2010 02:00:00,20.43,20.43,20.43,20.5,20.12
125,02.08.2010 03:00:00,19.87,19.81,19.87,19.87,19.68,3.590
126,02.08.2010 04:00:00,19.43,19.37,19.43,19.37,19.25
127,02.08.2010 05:00:00,18.93,18.93,19,19,18.87
128,02.08.2010 06:00:00,18.62,18.56,18.62,18.62,18.56
129,02.08.2010 07:00:00,18.37,18.37,18.37,18.31,18.37
130,02.08.2010 08:00:00,18.43,18.37,18.43,18.37,18.56
131,02.08.2010 09:00:00,18.43,18.43,18.43,18.43,18.56,3.579
132,02.08.2010 10:00:00,18.56,18.56,18.62,18.56,18.75
133,02.08.2010 11:00:00,18.62,18.75,18.75,18.75,18.75
134,02.08.2010 12:00:00,18.62,18.75,18.75,18.68,18.68
135,02.08.2010 13:00:00,18.56,18.68,18.68,18.68,18.62
136,02.08.2010 14:00:00,18.5,18.68,18.62,18.62,18.56
137,02.08.2010 15:00:00,18.56,18.81,18.68,18.75,18.68,3.584
138,02.08.2010 16:00:00,18.68,18.87,18.87,18.81,18.81
139,02.08.2010 17:00:00,18.81,19,18.93,18.93,19
140,02.08.2010 18:00:00,18.87,19.12,19.06,19.12,19.12
141,02.08.2010 19:00:00,19.06,19.18,19.25,19.25,19.25
142,02.08.2010 20:00:00,19.18,19.37,19.37,19.37,19.31
143,02.08.2010 21:00:00,18.93,19.12,19.18,19.18,18.93,3.579
144,02.08.2010 22:00:00,18.75,18.87,18.93,18.93,18.81
145,02.08.2010 23:00:00,18.68,18.75,18.75,18.75,18.75
146,03.08.2010 00:00:00,18.56,18.62,18.62,18.62,18.68
147,03.08.2010 01:00:00,18.43,18.5,18.56,18.5,18.56
148,03.08.2010 02:00:00,18.37,18.37,18.43,18.37,18.43
149,03.08.2010 03:00:00,18.25,18.25,18.31,18.31,18.37,3.576
150,03.08.2010 04:00:00,18.18,18.18,18.18,18.18,18.25
151,03.08.2010 05:00:00,18.06,18.06,18.12,18.12,18.18
152,03.08.2010 06:00:00,18,18,18,18,18.06
153,03.08.2010 07:00:00,17.87,17.87,17.93,17.87,18
154,03.08.2010 08:00:00,17.87,17.81,17.93,17.87,18.06
155,03.08.2010 09:00:00,18.37,18.18,18.56,19.12,20.43,3.576
156,03.08.2010 10:00:00,23,22.5,22.37,22.31,26.06
157,03.08.2010 11:00:00,32.43,32.87,30.5,29.68,36.31
158,03.08.2010 12:00:00,36.56,37.12,35.93,35.31,36.81
159,03.08.2010 13:00:00,34.75,34.81,34.68,34.43,34.62
160,03.08.2010 14:00:00,38.62,38.87,37.68,37.12,39.37
161,03.08.2010 15:00:00,36.43,36.43,37.06,36.75,34,3.626
162,03.08.2010 16:00:00,31.56,31.5,32.37,32.37,29.62
163,03.08.2010 17:00:00,28.81,28.81,29.5,29.62,27.43
164,03.08.2010 18:00:00,26.81,26.87,27.43,27.5,25.81
165,03.08.2010 19:00:00,25.37,25.37,25.87,25.93,24.62
166,03.08.2010 20:00:00,24.25,24.31,24.62,24.68,23.68
167,03.08.2010 21:00:00,23.25,23.31,23.62,23.68,22.75,3.589
168,03.08.2010 22:00:00,22.43,22.43,22.75,22.75,22.06
169,03.08.2010 23:00:00,21.87,21.93,22.12,22.12,21.68
170,04.08.2010 00:00:00,21.43,21.5,21.68,21.68,21.31
171,04.08.2010 01:00:00,21.06,21.18,21.25,21.31,21
172,04.08.2010 02:00:00,20.81,20.87,21,21,20.75
173,04.08.2010 03:00:00,20.62,20.68,20.75,20.75,20.56,3.585
174,04.08.2010 04:00:00,20.43,20.5,20.56,20.56,20.43
175,04.08.2010 05:00:00,20.25,20.31,20.37,20.37,20.25
176,04.08.2010 06:00:00,20.12,20.18,20.25,20.25,20.12
177,04.08.2010 07:00:00,20,20.06,20.12,20.12,20.06
178,04.08.2010 08:00:00,19.87,20,20.06,20.06,19.93
179,04.08.2010 09:00:00,19.81,19.93,19.93,19.93,19.87,3.576
180,04.08.2010 10:00:00,19.75,19.87,19.87,19.87,19.87
181,04.08.2010 11:00:00,19.75,19.93,19.87,19.87,19.87
182,04.08.2010 12:00:00,19.81,19.87,19.87,19.87,19.87
183,04.08.2010 13:00:00,19.81,19.93,19.87,19.93,19.87
184,04.08.2010 14:00:00,19.75,19.93,19.93,19.93,19.87
185,04.08.2010 15:00:00,19.81,20,19.93,19.93,19.93,3.580
186,04.08.2010 16:00:00,19.87,20.06,20,20,20
187,04.08.2010 17:00:00,20,20.25,20.12,20.31,20.25
188,04.08.2010 18:00:00,20.18,20.18,20.31,20.37,20.43
189,04.08.2010 19:00:00,20.18,20.18,20.37,20.37,20.5
190,04.08.2010 20:00:00,20.18,20.18,20.37,20.37,20.5
191,04.08.2010 21:00:00,20.18,20.18,20.31,20.31,20.43,3.578
192,04.08.2010 22:00:00,20.18,20.12,20.25,20.25,20.43
193,04.08.2010 23:00:00,20.06,20.06,20.18,20.18,20.37
194,05.08.2010 00:00:00,20.06,20,20.12,20.18,20.31
195,05.08.2010 01:00:00,20,19.93,20.12,20.06,20.25
196,05.08.2010 02:00:00,19.93,19.87,20.06,20.06,20.18
197,05.08.2010 03:00:00,19.87,19.81,20,19.93,20.12,3.580
198,05.08.2010 04:00:00,19.81,19.75,19.93,19.87,20.06
199,05.08.2010 05:00:00,19.75,19.75,19.87,19.87,20
200,05.08.2010 06:00:00,19.68,19.68,19.81,19.81,19.93
201,05.08.2010 07:00:00,19.62,19.62,19.68,19.68,19.87
202,05.08.2010 08:00:00,19.56,19.56,19.68,19.62,19.81
203,05.08.2010 09:00:00,19.56,19.5,19.62,19.62,19.81,3.578
204,05.08.2010 10:00:00,19.56,19.56,19.62,19.68,19.87
205,05.08.2010 11:00:00,19.62,19.62,19.75,19.68,19.93
206,05.08.2010 12:00:00,19.68,19.68,19.81,19.81,20.06
207,05.08.2010 13:00:00,19.81,19.75,19.87,19.87,20.25
208,05.08.2010 14:00:00,20,19.93,20.06,20.06,20.5
209,05.08.2010 15:00:00,20.18,20.12,20.25,20.25,20.68,3.581
210,05.08.2010 16:00:00,20.37,20.37,20.5,20.5,20.87
211,05.08.2010 17:00:00,20.62,20.62,20.75,20.81,21.06
212,05.08.2010 18:00:00,20.87,20.87,21,21.06,21.25
213,05.08.2010 19:00:00,21.06,21.06,21.18,21.25,21.37
214,05.08.2010 20:00:00,21.18,21.18,21.31,21.37,21.5
215,05.08.2010 21:00:00,21.25,21.25,21.37,21.43,21.56,3.578
216,05.08.2010 22:00:00,21.31,21.31,21.43,21.5,21.62
217,05.08.2010 23:00:00,21.31,21.25,21.43,21.43,21.62
218,06.08.2010 00:00:00,21.31,21.18,21.43,21.43,21.56
219,06.08.2010 01:00:00,21.25,21.18,21.37,21.37,21.5
220,06.08.2010 02:00:00,21.18,21.12,21.31,21.31,21.5
221,06.08.2010 03:00:00,21.12,21.06,21.25,21.25,21.43,3.577
222,06.08.2010 04:00:00,21.06,21,21.18,21.18,21.37
223,06.08.2010 05:00:00,21,20.93,21.12,21.12,21.31
224,06.08.2010 06:00:00,20.93,20.87,21.06,21.06,21.25
225,06.08.2010 07:00:00,20.87,20.75,21,20.93,21.18
226,06.08.2010 08:00:00,20.75,20.68,20.87,20.87,21.06
227,06.08.2010 09:00:00,20.75,20.68,20.81,20.81,21,3.580
228,06.08.2010 10:00:00,20.68,20.62,20.81,20.81,21
229,06.08.2010 11:00:00,20.62,20.62,20.75,20.75,21
230,06.08.2010 12:00:00,20.68,20.62,20.75,20.81,21
231,06.08.2010 13:00:00,20.68,20.62,20.81,20.81,21
232,06.08.2010 14:00:00,20.68,20.68,20.81,20.87,21.06
233,06.08.2010 15:00:00,20.75,20.75,20.87,20.87,21.06,3.581
234,06.08.2010 16:00:00,20.75,20.75,20.93,20.93,21.06
235,06.08.2010 17:00:00,20.81,20.81,20.93,20.93,21.06
236,06.08.2010 18:00:00,20.81,20.81,20.93,20.93,21.12
237,06.08.2010 19:00:00,20.81,20.81,20.93,20.93,21.12
238,06.08.2010 20:00:00,20.81,20.75,20.93,20.93,21.06
239,06.08.2010 21:00:00,20.75,20.75,20.87,20.93,21.06,3.576
240,06.08.2010 22:00:00,20.75,20.75,20.87,20.87,21.06
241,06.08.2010 23:00:00,20.75,20.75,20.87,20.87,21.06
242,07.08.2010 00:00:00,20.68,20.68,20.81,20.87,21
243,07.08.2010 01:00:00,20.68,20.62,20.81,20.81,21
244,07.08.2010 02:00:00,20.62,20.56,20.75,20.75,20.93
245,07.08.2010 03:00:00,20.62,20.56,20.75,20.68,20.87,3.581
246,07.08.2010 04:00:00,20.56,20.5,20.68,20.68,20.87
247,07.08.2010 05:00:00,20.5,20.43,20.62,20.62,20.81
248,07.08.2010 06:00:00,20.43,20.43,20.56,20.56,20.75
249,07.08.2010 07:00:00,20.43,20.37,20.5,20.5,20.68
250,07.08.2010 08:00:00,20.37,20.31,20.5,20.5,20.68
251,07.08.2010 09:00:00,20.37,20.31,20.43,20.43,20.62,3.580
252,07.08.2010 10:00:00,20.43,20.37,20.5,20.56,20.87
253,07.08.2010 11:00:00,20.62,20.5,20.68,20.68,21.06
254,07.08.2010 12:00:00,20.75,20.56,20.75,20.75,21.06
255,07.08.2010 13:00:00,20.75,20.56,20.81,20.81,21.06
256,07.08.2010 14:00:00,20.68,20.56,20.81,20.75,21
257,07.08.2010 15:00:00,20.62,20.5,20.75,20.75,20.93,3.576
258,07.08.2010 16:00:00,20.62,20.5,20.68,20.68,20.93
259,07.08.2010 17:00:00,20.56,20.5,20.68,20.68,20.87
260,07.08.2010 18:00:00,20.56,20.43,20.62,20.62,20.81
261,07.08.2010 19:00:00,20.56,20.5,20.62,20.62,20.81
262,07.08.2010 20:00:00,20.56,20.43,20.62,20.68,20.81
263,07.08.2010 21:00:00,20.5,20.43,20.62,20.62,20.81,3.576
264,07.08.2010 22:00:00,20.5,20.43,20.62,20.62,20.75
265,07.08.2010 23:00:00,20.43,20.37,20.56,20.56,20.68
266,08.08.2010 00:00:00,20.37,20.31,20.43,20.43,20.62
267,08.08.2010 01:00:00,20.31,20.25,20.37,20.37,20.5
268,08.08.2010 02:00:00,20.25,20.12,20.31,20.31,20.43
269,08.08.2010 03:00:00,20.12,20.06,20.18,20.18,20.37,3.574
270,08.08.2010 04:00:00,20,19.93,20.12,20.06,20.25
271,08.08.2010 05:00:00,19.93,19.87,20,20,20.18
272,08.08.2010 06:00:00,19.87,19.81,19.93,19.93,20.06
273,08.08.2010 07:00:00,19.75,19.68,19.81,19.81,19.93
274,08.08.2010 08:00:00,19.68,19.62,19.75,19.75,19.93
275,08.08.2010 09:00:00,19.62,19.62,19.68,19.68,19.87,3.575
276,08.08.2010 10:00:00,19.56,19.43,19.62,19.56,19.75
277,08.08.2010 11:00:00,19.5,19.43,19.56,19.56,19.68
278,08.08.2010 12:00:00,19.37,19.31,19.5,19.43,19.62
279,08.08.2010 13:00:00,19.43,19.37,19.5,19.5,19.68
280,08.08.2010 14:00:00,19.43,19.43,19.5,19.5,19.68
281,08.08.2010 15:00:00,19.5,19.43,19.56,19.56,19.68,3.579
282,08.08.2010 16:00:00,19.56,19.5,19.56,19.62,19.75
283,08.08.2010 17:00:00,19.56,19.56,19.62,19.62,19.75
284,08.08.2010 18:00:00,19.56,19.56,19.68,19.62,19.81
285,08.08.2010 19:00:00,19.56,19.56,19.68,19.62,19.81
286,08.08.2010 20:00:00,19.56,19.56,19.68,19.62,19.81
287,08.08.2010 21:00:00,19.56,19.56,19.68,19.62,19.81,3.574
288,08.08.2010 22:00:00,19.5,19.5,19.62,19.62,19.75
289,08.08.2010 23:00:00,19.5,19.5,19.56,19.56,19.75
290,09.08.2010 00:00:00,19.5,19.43,19.62,19.56,19.75
291,09.08.2010 01:00:00,19.5,19.43,19.56,19.56,19.68
292,09.08.2010 02:00:00,19.37,19.37,19.5,19.43,19.62
293,09.08.2010 03:00:00,19.37,19.31,19.43,19.43,19.56,3.578
294,09.08.2010 04:00:00,19.31,19.25,19.37,19.31,19.5
295,09.08.2010 05:00:00,19.18,19.18,19.31,19.25,19.37
296,09.08.2010 06:00:00,18.93,18.81,19.06,19,19.06
297,09.08.2010 07:00:00,18.93,18.93,19,19,19.18
298,09.08.2010 08:00:00,19,19,19.06,19.06,19.18
299,09.08.2010 09:00:00,18.93,18.93,19,19,19.18,3.579
300,09.08.2010 10:00:00,18.93,18.93,19,19,19.18
301,09.08.2010 11:00:00,18.93,18.93,19,19,19.18
302,09.08.2010 12:00:00,19,19,19.06,19.06,19.18
303,09.08.2010 13:00:00,19,19.06,19.12,19.12,19.25
304,09.08.2010 14:00:00,19.12,19.12,19.18,19.18,19.37
305,09.08.2010 15:00:00,19.18,19.25,19.31,19.31,19.43,3.572
306,09.08.2010 16:00:00,19.25,19.31,19.37,19.37,19.56
307,09.08.2010 17:00:00,20.43,20.75,20.56,20.68,20.62
308,09.08.2010 18:00:00,20.75,20.93,21,21.06,20.93
309,09.08.2010 19:00:00,20.87,20.62,21,21.06,21.06
310,09.08.2010 20:00:00,20.68,20.12,20.75,20.75,20.93
311,09.08.2010 21:00:00,20.25,19.56,20.25,20.25,20.56,3.580
312,09.08.2010 22:00:00,19.68,18.87,19.62,19.62,20.06
313,09.08.2010 23:00:00,19.18,18.37,19.12,19.12,19.56
314,10.08.2010 00:00:00,18.68,17.81,18.56,18.56,19.06
315,10.08.2010 01:00:00,18.18,17.31,18,18,18.56
316,10.08.2010 02:00:00,17.68,16.87,17.56,17.56,18
317,10.08.2010 03:00:00,17.25,16.5,17.12,17.12,17.56,3.569
318,10.08.2010 04:00:00,16.81,16.06,16.68,16.68,17.12
319,10.08.2010 05:00:00,16.37,15.68,16.25,16.25,16.68
320,10.08.2010 06:00:00,15.93,15.25,15.81,15.81,16.25
321,10.08.2010 07:00:00,15.56,15,15.5,15.5,15.87
322,10.08.2010 08:00:00,15.62,16,15.62,15.68,15.93
323,10.08.2010 09:00:00,17,17.75,17,17.06,17.37,3.571
324,10.08.2010 10:00:00,18.25,19.18,18.18,18.18,18.75
325,10.08.2010 11:00:00,20.81,22.31,20.62,20.62,21.5
326,10.08.2010 12:00:00,22.75,23.5,22.68,22.5,23.18
327,10.08.2010 13:00:00,23.5,24.37,23.37,23.31,23.75
328,10.08.2010 14:00:00,25.06,26.43,24.93,24.81,25.31
329,10.08.2010 15:00:00,26.56,28.25,26.43,26.31,26.62,3.583
330,10.08.2010 16:00:00,28.12,30.06,28,27.93,28
331,10.08.2010 17:00:00,29.31,31.18,29.25,29.12,29
332,10.08.2010 18:00:00,29.25,29.5,29.12,28.93,28.87
333,10.08.2010 19:00:00,28.18,27.62,28,27.75,28.06
334,10.08.2010 20:00:00,26.93,25.68,26.68,26.5,27
335,10.08.2010 21:00:00,25.43,23.81,25.06,25,25.68,3.587
336,10.08.2010 22:00:00,24,22.06,23.68,23.62,24.25
337,10.08.2010 23:00:00,22,21.93,22.25,22.25,20.43
338,11.08.2010 00:00:00,21.06,20.93,21.18,21.18,20.18
339,11.08.2010 01:00:00,20.06,19.87,20.18,20.12,19.18
340,11.08.2010 02:00:00,19.06,18.81,19.06,19,18.25
341,11.08.2010 03:00:00,17.93,17.62,17.93,17.87,17.12,3.571
342,11.08.2010 04:00:00,16.81,16.56,16.87,16.75,15.93
343,11.08.2010 05:00:00,15.62,15.37,15.68,15.62,14.75
344,11.08.2010 06:00:00,14.5,14.31,14.62,14.56,13.62
345,11.08.2010 07:00:00,13.5,13.31,13.56,13.56,12.93
346,11.08.2010 08:00:00,12.31,12,12.5,12.37,11.31
347,11.08.2010 09:00:00,11.31,11.06,11.43,11.43,10.62,3.559
348,11.08.2010 09:59:37,11.25,11.25,11.5,11.81,12.18,3.563
349,11.08.2010 11:00:01,21.75,24.06,25.18,24.5,21.37,3.578
350,11.08.2010 12:00:01,30.25,33,33.56,32.56,30.43
351,11.08.2010 13:00:01,39.12,40.5,40.18,38.43,36.68
352,11.08.2010 14:00:01,45.06,46.31,45.93,44.25,42.56
353,11.08.2010 15:00:01,15.68,16.5,15.18,12.12,11.06
354,11.08.2010 16:00:00,12.68,13.75,9.5,8.06,5.81,3.572
355,11.08.2010 17:00:00,12.87,13.87,9.43,7.93,5.68
356,11.08.2010 18:00:00,13.06,13.93,9.5,7.93,5.68
357,11.08.2010 19:00:00,13.06,13.75,9.62,7.87,5.68
358,11.08.2010 20:00:00,12.93,13.37,9.68,7.87,5.62
359,11.08.2010 21:00:00,12.68,12.93,9.75,7.87,5.62
360,11.08.2010 22:00:00,12.37,12.5,9.81,7.87,5.56,3.563
361,11.08.2010 23:00:00,12.06,12,9.87,7.81,5.56
362,12.08.2010 00:00:00,11.68,11.56,9.87,7.81,5.56
363,12.08.2010 01:00:00,11.31,11.12,9.87,7.81,5.56
364,12.08.2010 02:00:00,11,10.75,9.87,7.81,5.56
365,12.08.2010 03:00:00,10.68,10.37,9.87,7.81,5.56
366,12.08.2010 04:00:00,10.37,10,9.81,7.81,5.56,3.556
367,12.08.2010 05:00:00,10.06,9.75,9.81,7.81,5.56
368,12.08.2010 06:00:00,9.75,9.43,9.68,7.81,5.56
369,12.08.2010 07:00:00,9.5,9.12,9.68,7.81,5.56
370,12.08.2010 08:00:00,9.25,8.87,9.56,7.81,5.56
371,12.08.2010 09:00:00,9.06,8.75,9.5,7.81,5.56
372,12.08.2010 10:00:00,9,8.87,9.43,7.81,5.5,3.554
373,12.08.2010 11:00:00,9.25,9.37,9.37,7.81,5.56
374,12.08.2010 12:00:00,9.75,10.31,9.37,7.87,5.5
375,12.08.2010 13:00:00,10.5,11.37,9.31,7.81,5.5
376,12.08.2010 14:00:00,11.25,12.31,9.31,7.87,5.56
377,12.08.2010 15:00:00,11.93,13.18,9.37,7.87,5.56
378,12.08.2010 16:00:00,12.5,13.75,9.43,7.81,5.56,3.560
379,12.08.2010 17:00:00,12.75,13.81,9.5,7.81,5.56
380,12.08.2010 18:00:00,12.81,13.68,9.62,7.81,5.56
381,12.08.2010 19:00:00,12.75,13.37,9.75,7.81,5.56
382,12.08.2010 20:00:00,12.62,13.06,9.81,7.81,5.56
383,12.08.2010 21:00:00,12.43,12.68,9.87,7.81,5.56
384,12.08.2010 22:00:00,12.12,12.37,9.93,7.81,5.56,3.563
385,12.08.2010 23:00:00,11.93,12,10,7.81,5.5
386,13.08.2010 00:00:00,11.68,11.75,10,7.81,5.56
387,13.08.2010 01:00:00,11.5,11.43,10,7.81,5.56
388,13.08.2010 02:00:00,11.31,11.25,10,7.81,5.56
389,13.08.2010 03:00:00,11.12,11.06,10,7.81,5.56
390,13.08.2010 04:00:00,10.93,10.81,9.93,7.81,5.5,3.554
391,13.08.2010 05:00:00,10.75,10.62,9.93,7.81,5.56
392,13.08.2010 06:00:00,10.56,10.5,9.87,7.81,5.5
393,13.08.2010 07:00:00,10.43,10.31,9.87,7.81,5.56
394,13.08.2010 08:00:00,10.25,10.12,9.81,7.87,5.56
395,13.08.2010 09:00:00,10.18,10,9.75,7.81,5.56
396,13.08.2010 10:00:00,10.12,10.06,9.75,7.87,5.56,3.554
397,13.08.2010 11:00:00,10.18,10.12,9.68,7.81,5.56
398,13.08.2010 12:00:00,10.37,10.5,9.62,7.87,5.5
399,13.08.2010 13:00:00,10.56,10.81,9.62,7.87,5.56
400,13.08.2010 14:00:00,10.75,11,9.62,7.87,5.56
401,13.08.2010 15:00:00,11,11.5,9.62,7.87,5.56
402,13.08.2010 16:00:00,11.56,12.25,9.62,7.87,5.56,3.560
403,13.08.2010 17:00:00,11.93,12.56,9.68,7.87,5.56
404,13.08.2010 18:00:00,12.06,12.56,9.68,7.87,5.56
405,13.08.2010 19:00:00,12.12,12.5,9.75,7.87,5.56
406,13.08.2010 20:00:00,12.06,12.37,9.81,7.87,5.56
407,13.08.2010 21:00:00,12,12.18,9.87,7.87,5.56
408,13.08.2010 22:00:00,11.75,11.87,9.93,7.87,5.56,3.557
409,13.08.2010 23:00:00,11.56,11.5,9.93,7.87,5.56
410,14.08.2010 00:00:00,11.31,11.25,9.93,7.87,5.56
411,14.08.2010 01:00:00,11.12,11,9.93,7.87,5.56
412,14.08.2010 02:00:00,10.93,10.81,9.93,7.87,5.56
413,14.08.2010 03:00:00,10.75,10.62,9.93,7.87,5.56
414,14.08.2010 04:00:00,10.56,10.43,9.87,7.87,5.56,3.554
415,14.08.2010 05:00:00,10.43,10.25,9.87,7.87,5.56
416,14.08.2010 06:00:00,10.31,10.12,9.81,7.87,5.56
417,14.08.2010 07:00:00,10.12,10,9.81,7.87,5.56
418,14.08.2010 08:00:00,10,9.75,9.75,7.87,5.56
419,14.08.2010 09:00:00,9.87,9.68,9.68,7.87,5.56
420,14.08.2010 10:00:00,9.87,9.75,9.62,7.93,5.56,3.559
421,14.08.2010 11:00:00,9.87,9.81,9.62,7.87,5.56
422,14.08.2010 12:00:00,9.87,9.93,9.56,7.87,5.56
423,14.08.2010 13:00:00,9.93,9.93,9.56,7.93,5.56
424,14.08.2010 14:00:00,10,10.06,9.5,7.93,5.56
425,14.08.2010 15:00:00,10.12,10.31,9.5,7.87,5.56
426,14.08.2010 16:00:00,10.25,10.5,9.5,7.87,5.56,3.558
427,14.08.2010 17:00:00,10.37,10.68,9.5,7.93,5.56
428,14.08.2010 18:00:00,10.5,10.81,9.5,7.87,5.56
429,14.08.2010 19:00:00,10.56,10.87,9.5,7.93,5.56
430,14.08.2010 20:00:00,10.56,10.81,9.5,7.87,5.56
431,14.08.2010 21:00:00,10.5,10.68,9.56,7.93,5.62
432,14.08.2010 22:00:00,10.43,10.56,9.56,7.93,5.56,3.555
433,14.08.2010 23:00:00,10.25,10.31,9.5,7.87,5.56
434,15.08.2010 00:00:00,10.12,10.12,9.56,7.87,5.62
435,15.08.2010 01:00:00,10,10,9.56,7.87,5.56
436,15.08.2010 02:00:00,9.87,9.81,9.5,7.87,5.56
437,15.08.2010 03:00:00,9.81,9.68,9.5,7.87,5.56
438,15.08.2010 04:00:00,9.62,9.56,9.43,7.87,5.62,3.554
439,15.08.2010 05:00:00,9.56,9.43,9.43,7.87,5.62
440,15.08.2010 06:00:00,9.43,9.25,9.37,7.87,5.62
441,15.08.2010 07:00:00,9.25,9.06,9.31,7.87,5.62
442,15.08.2010 08:00:00,9.12,8.87,9.31,7.87,5.56
443,15.08.2010 09:00:00,9,8.81,9.25,7.87,5.62
444,15.08.2010 10:00:00,9,8.81,9.25,7.87,5.62,3.551
445,15.08.2010 11:00:00,9,9,9.18,7.87,5.62
446,15.08.2010 12:00:00,9.25,9.5,9.12,7.87,5.62
447,15.08.2010 13:00:00,9.81,10.37,9.12,7.87,5.62
448,15.08.2010 14:00:00,10.31,11.06,9.12,7.87,5.62
449,15.08.2010 15:00:00,10.75,11.5,9.12,7.87,5.62
450,15.08.2010 16:00:00,11,11.75,9.18,7.87,5.62,3.556
451,15.08.2010 17:00:00,11.18,11.93,9.25,7.87,5.62
452,15.08.2010 18:00:00,11.43,12.06,9.25,7.87,5.62
453,15.08.2010 19:00:00,11.5,12.06,9.37,7.81,5.56
454,15.08.2010 20:00:00,11.5,11.93,9.43,7.81,5.62
455,15.08.2010 21:00:00,11.37,11.68,9.5,7.81,5.62
456,15.08.2010 22:00:00,11.25,11.43,9.5,7.81,5.62,3.563
457,15.08.2010 23:00:00,11.06,11.12,9.56,7.81,5.62
458,16.08.2010 00:00:00,10.87,10.87,9.56,7.81,5.62
459,16.08.2010 01:00:00,10.68,10.62,9.56,7.81,5.62
460,16.08.2010 02:00:00,10.5,10.43,9.56,7.81,5.62
461,16.08.2010 03:00:00,10.37,10.25,9.56,7.81,5.62
462,16.08.2010 04:00:00,10.18,10.06,9.56,7.81,5.62,3.556
463,16.08.2010 05:00:00,10.06,9.87,9.5,7.81,5.62
464,16.08.2010 06:00:00,9.81,9.62,9.5,7.81,5.62
465,16.08.2010 07:00:00,9.56,9.37,9.43,7.81,5.62
466,16.08.2010 08:00:00,9.37,9.12,9.43,7.81,5.62
467,16.08.2010 09:00:00,9.18,8.93,9.37,7.81,5.62
468,16.08.2010 10:00:00,9.18,9.06,9.31,7.81,5.62,3.559
469,16.08.2010 11:00:00,9.37,9.56,9.31,7.81,5.62
470,16.08.2010 12:00:00,9.75,10.31,9.25,7.81,5.68
471,16.08.2010 13:00:00,10.31,11.12,9.25,7.81,5.62
472,16.08.2010 14:00:00,10.87,11.93,9.25,7.81,5.62
473,16.08.2010 15:00:00,11.5,12.68,9.25,7.81,5.62
474,16.08.2010 16:00:00,12.06,13.25,9.37,7.81,5.62,3.566
475,16.08.2010 17:00:00,12.37,13.43,9.43,7.81,5.62
476,16.08.2010 18:00:00,12.5,13.31,9.5,7.81,5.62
477,16.08.2010 19:00:00,12.43,13.06,9.62,7.81,5.62
478,16.08.2010 20:00:00,12.25,12.75,9.75,7.81,5.62
479,16.08.2010 21:00:00,12,12.31,9.81,7.81,5.62
480,16.08.2010 22:00:00,11.75,11.93,9.81,7.81,5.62,3.560
481,16.08.2010 23:00:00,11.43,11.56,9.87,7.81,5.62
482,17.08.2010 00:00:00,11.18,11.18,9.87,7.81,5.62
483,17.08.2010 01:00:00,10.93,10.81,9.87,7.81,5.62
484,17.08.2010 02:00:00,10.62,10.5,9.87,7.81,5.62
485,17.08.2010 03:00:00,10.37,10.18,9.81,7.81,5.62
486,17.08.2010 04:00:00,10.12,9.87,9.75,7.81,5.62,3.562
487,17.08.2010 05:00:00,9.87,9.56,9.75,7.81,5.62
488,17.08.2010 06:00:00,9.62,9.31,9.68,7.81,5.62
489,17.08.2010 07:00:00,9.37,9.06,9.62,7.81,5.62
490,17.08.2010 08:00:00,9.18,8.87,9.56,7.81,5.68
491,17.08.2010 09:00:00,9,8.75,9.5,7.81,5.62
492,17.08.2010 10:00:00,9,8.93,9.37,7.87,5.62,3.553
493,17.08.2010 11:00:00,9.25,9.43,9.37,7.87,5.62
494,17.08.2010 12:00:00,9.68,10.25,9.31,7.87,5.62
495,17.08.2010 13:00:00,10.37,11.18,9.31,7.87,5.68
496,17.08.2010 14:00:00,11.06,12.12,9.31,7.81,5.68
497,17.08.2010 15:00:00,11.68,12.93,9.31,7.81,5.68
498,17.08.2010 16:00:00,12.18,13.37,9.37,7.87,5.62,3.565
499,17.08.2010 17:00:00,12.56,13.62,9.5,7.87,5.68
500,17.08.2010 18:00:00,12.68,13.56,9.56,7.87,5.68
501,17.08.2010 19:00:00,12.62,13.31,9.68,7.87,5.68
502,17.08.2010 20:00:00,12.43,12.93,9.75,7.81,5.68
503,17.08.2010 21:00:00,12.18,12.5,9.87,7.87,5.68
504,17.08.2010 22:00:00,11.87,12,9.87,7.81,5.68,3.560
505,17.08.2010 23:00:00,11.5,11.56,9.93,7.81,5.68
506,18.08.2010 00:00:00,11.18,11.12,9.93,7.87,5.68
507,18.08.2010 01:00:00,10.93,10.81,9.93,7.81,5.68
508,18.08.2010 02:00:00,10.62,10.37,9.87,7.87,5.68
509,18.08.2010 03:00:00,10.37,10.12,9.87,7.87,5.68
510,18.08.2010 04:00:00,10.06,9.81,9.81,7.87,5.68,3.556
511,18.08.2010 05:00:00,9.75,9.5,9.75,7.87,5.68
512,18.08.2010 06:00:00,9.56,9.25,9.68,7.87,5.68
513,18.08.2010 07:00:00,9.31,9,9.62,7.87,5.68
514,18.08.2010 08:00:00,9.12,8.81,9.56,7.87,5.68
515,18.08.2010 09:00:00,9,8.68,9.5,7.87,5.68
516,18.08.2010 10:00:00,8.93,8.87,9.43,7.87,5.68,3.553
517,18.08.2010 11:00:00,9.12,9.31,9.37,7.87,5.68
518,18.08.2010 12:00:00,9.43,9.75,9.31,7.87,5.68
519,18.08.2010 13:00:00,9.75,10.25,9.31,7.87,5.68
520,18.08.2010 14:00:00,10.12,10.68,9.25,7.87,5.68
521,18.08.2010 15:00:00,10.5,11.25,9.25,7.87,5.68
522,18.08.2010 16:00:00,10.93,11.68,9.25,7.87,5.68,3.564
523,18.08.2010 17:00:00,11.18,11.87,9.31,7.87,5.68
524,18.08.2010 18:00:00,11.25,11.75,9.37,7.87,5.68
525,18.08.2010 19:00:00,11.12,11.56,9.43,7.87,5.68
526,18.08.2010 20:00:00,11,11.25,9.5,7.87,5.68
527,18.08.2010 21:00:00,10.81,11,9.5,7.87,5.68
528,18.08.2010 22:00:00,10.62,10.68,9.5,7.87,5.68,3.561
529,18.08.2010 23:00:00,10.43,10.37,9.5,7.87,5.68
530,19.08.2010 00:00:00,10.18,10.06,9.5,7.87,5.68
531,19.08.2010 01:00:00,9.93,9.75,9.5,7.87,5.68
532,19.08.2010 02:00:00,9.68,9.5,9.43,7.87,5.68
533,19.08.2010 03:00:00,9.5,9.25,9.43,7.87,5.68
534,19.08.2010 04:00:00,9.25,9.12,9.37,7.87,5.68,3.560
535,19.08.2010 05:00:00,9.06,8.87,9.31,7.87,5.68
536,19.08.2010 06:00:00,8.93,8.68,9.25,7.87,5.68
537,19.08.2010 07:00:00,8.75,8.5,9.18,7.81,5.68
538,19.08.2010 08:00:00,8.62,8.37,9.18,7.87,5.68
539,19.08.2010 09:00:00,8.5,8.31,9.12,7.81,5.68
540,19.08.2010 10:00:00,8.5,8.5,9,7.81,5.68,3.551
541,19.08.2010 11:00:00,8.81,9.18,9,7.87,5.68
542,19.08.2010 12:00:00,9.43,10.18,9,7.87,5.62
543,19.08.2010 13:00:00,10.25,11.43,9,7.81,5.68
544,19.08.2010 14:00:00,11.18,12.56,9,7.81,5.68
545,19.08.2010 15:00:00,12,13.5,9.06,7.81,5.68
546,19.08.2010 16:00:00,12.62,13.93,9.18,7.81,5.68,3.566
547,19.08.2010 17:00:00,12.93,14.06,9.31,7.81,5.75
548,19.08.2010 18:00:00,13,13.87,9.43,7.81,5.68
549,19.08.2010 19:00:00,12.87,13.5,9.56,7.81,5.75
550,19.08.2010 20:00:00,12.68,13.06,9.62,7.81,5.68
551,19.08.2010 21:00:00,12.43,12.68,9.68,7.81,5.75
552,19.08.2010 22:00:00,12.12,12.25,9.75,7.81,5.75,3.564
553,19.08.2010 23:00:00,11.81,11.87,9.81,7.75,5.75
554,20.08.2010 00:00:00,11.5,11.43,9.81,7.75,5.68
555,20.08.2010 01:00:00,11.18,11.06,9.87,7.75,5.75
556,20.08.2010 02:00:00,10.87,10.68,9.81,7.81,5.68
557,20.08.2010 03:00:00,10.62,10.37,9.81,7.75,5.75
558,20.08.2010 04:00:00,10.31,10.06,9.75,7.81,5.75,3.563
559,20.08.2010 05:00:00,10.06,9.75,9.75,7.81,5.75
560,20.08.2010 06:00:00,9.81,9.5,9.68,7.81,5.68
561,20.08.2010 07:00:00,9.56,9.25,9.62,7.81,5.75
562,20.08.2010 08:00:00,9.37,9,9.56,7.81,5.75
563,20.08.2010 09:00:00,9.18,8.87,9.5,7.81,5.68
564,20.08.2010 10:00:00,9.18,9.12,9.43,7.81,5.75,3.555
565,20.08.2010 11:00:00,9.5,9.75,9.37,7.81,5.75
566,20.08.2010 12:00:00,10.06,10.81,9.31,7.81,5.75
567,20.08.2010 13:00:00,10.87,11.93,9.31,7.81,5.68
568,20.08.2010 14:00:00,11.68,13,9.37,7.81,5.75
569,20.08.2010 15:00:00,12.37,13.81,9.43,7.81,5.75
570,20.08.2010 16:00:00,12.93,14.25,9.56,7.87,5.75,3.567
571,20.08.2010 17:00:00,13.12,14.25,9.62,7.81,5.75
572,20.08.2010 18:00:00,13.18,14.06,9.75,7.81,5.75
573,20.08.2010 19:00:00,13.06,13.68,9.87,7.81,5.75
574,20.08.2010 20:00:00,12.87,13.25,9.87,7.81,5.75
575,20.08.2010 21:00:00,12.56,12.87,10,7.81,5.75
576,20.08.2010 22:00:00,12.31,12.37,10.06,7.87,5.75,3.561
577,20.08.2010 23:00:00,12,12,10.06,7.87,5.75
578,21.08.2010 00:00:00,11.68,11.62,10.06,7.81,5.75
579,21.08.2010 01:00:00,11.37,11.18,10.06,7.81,5.75
580,21.08.2010 02:00:00,11.06,10.87,10.06,7.87,5.75
581,21.08.2010 03:00:00,10.81,10.62,10,7.87,5.75
582,21.08.2010 04:00:00,10.56,10.31,9.93,7.87,5.75,3.556
583,21.08.2010 05:00:00,10.31,10,9.93,7.87,5.75
584,21.08.2010 06:00:00,10.06,9.81,9.87,7.87,5.75
585,21.08.2010 07:00:00,9.81,9.5,9.81,7.87,5.75
586,21.08.2010 08:00:00,9.62,9.31,9.75,7.87,5.75
587,21.08.2010 09:00:00,9.5,9.18,9.68,7.87,5.75
588,21.08.2010 10:00:00,9.5,9.43,9.62,7.93,5.75,3.557
589,21.08.2010 11:00:00,9.81,10,9.56,7.93,5.75
590,21.08.2010 12:00:00,10.25,10.75,9.56,7.93,5.75
591,21.08.2010 13:00:00,10.68,11.31,9.5,7.93,5.75
592,21.08.2010 14:00:00,11.06,11.75,9.5,7.93,5.75
593,21.08.2010 15:00:00,11.37,12.06,9.56,7.93,5.75
594,21.08.2010 16:00:00,11.5,12.06,9.56,7.93,5.75,3.560
595,21.08.2010 17:00:00,11.5,11.81,9.62,7.93,5.75
596,21.08.2010 18:00:00,11.31,11.56,9.68,7.93,5.75
597,21.08.2010 19:00:00,11.18,11.37,9.68,7.93,5.75
598,21.08.2010 20:00:00,11.06,11.12,9.68,7.93,5.75
599,21.08.2010 21:00:00,10.87,10.87,9.68,7.93,5.75
600,21.08.2010 22:00:00,10.68,10.62,9.68,7.87,5.75,3.556
601,21.08.2010 23:00:00,10.43,10.31,9.68,7.93,5.75
602,22.08.2010 00:00:00,10.18,10,9.62,7.93,5.75
603,22.08.2010 01:00:00,9.93,9.68,9.62,7.93,5.81
604,22.08.2010 02:00:00,9.68,9.43,9.62,7.93,5.75
605,22.08.2010 03:00:00,9.43,9.18,9.56,7.93,5.75
606,22.08.2010 04:00:00,9.25,8.93,9.5,7.87,5.75,3.559
607,22.08.2010 05:00:00,9.06,8.75,9.43,7.93,5.75
608,22.08.2010 06:00:00,8.87,8.5,9.37,7.93,5.75
609,22.08.2010 07:00:00,8.68,8.31,9.31,7.93,5.75
610,22.08.2010 08:00:00,8.43,8.12,9.25,7.93,5.81
611,22.08.2010 09:00:00,8.37,8,9.18,7.93,5.81
612,22.08.2010 10:00:00,8.37,8.25,9.12,7.93,5.75,3.556
613,22.08.2010 11:00:00,8.68,8.93,9.06,7.93,5.81
614,22.08.2010 12:00:00,9.31,10,9,7.87,5.75
615,22.08.2010 13:00:00,10.18,11.31,9,7.93,5.75
616,22.08.2010 14:00:00,11.18,12.62,9,7.93,5.81
617,22.08.2010 15:00:00,12.12,13.68,9.06,7.93,5.81
618,22.08.2010 16:00:00,12.81,14.31,9.25,7.87,5.75,3.561
619,22.08.2010 17:00:00,13.18,14.43,9.31,7.87,5.81
620,22.08.2010 18:00:00,13.25,14.12,9.5,7.87,5.81
621,22.08.2010 19:00:00,13.06,13.68,9.62,7.87,5.81
622,22.08.2010 20:00:00,12.81,13.18,9.68,7.87,5.75
623,22.08.2010 21:00:00,12.43,12.62,9.81,7.87,5.81
624,22.08.2010 22:00:00,12.06,12.12,9.87,7.87,5.81,3.562
625,22.08.2010 23:00:00,11.75,11.62,9.87,7.87,5.81
626,23.08.2010 00:00:00,11.31,11.12,9.93,7.87,5.81
627,23.08.2010 01:00:00,11,10.75,9.93,7.87,5.81
628,23.08.2010 02:00:00,10.62,10.37,9.87,7.87,5.81
629,23.08.2010 03:00:00,10.37,10.06,9.81,7.87,5.81
630,23.08.2010 04:00:00,10.06,9.75,9.81,7.87,5.81,3.555
631,23.08.2010 05:00:00,9.87,9.5,9.75,7.87,5.81
632,23.08.2010 06:00:00,9.56,9.18,9.68,7.87,5.81
633,23.08.2010 07:00:00,9.31,8.93,9.62,7.87,5.81
634,23.08.2010 08:00:00,9.12,8.81,9.56,7.87,5.81
635,23.08.2010 09:00:00,9,8.68,9.5,7.87,5.81
636,23.08.2010 10:00:00,9,8.87,9.37,7.87,5.81,3.553
637,23.08.2010 11:00:00,9.18,9.31,9.31,7.93,5.81
638,23.08.2010 12:00:00,9.68,10.12,9.31,7.93,5.81
639,23.08.2010 13:00:00,10.37,11,9.31,7.87,5.81
640,23.08.2010 14:00:00,10.81,11.5,9.25,7.93,5.81
641,23.08.2010 15:00:00,11.12,11.93,9.31,7.87,5.81
642,23.08.2010 16:00:00,11.37,12,9.37,7.93,5.81,3.564
643,23.08.2010 17:00:00,11.25,11.62,9.37,7.87,5.81
644,23.08.2010 18:00:00,11.06,11.25,9.43,7.87,5.81
645,23.08.2010 19:00:00,10.81,10.93,9.43,7.87,5.81
646,23.08.2010 20:00:00,10.62,10.68,9.43,7.87,5.81
647,23.08.2010 21:00:00,10.43,10.43,9.5,7.87,5.81
648,23.08.2010 22:00:00,10.25,10.18,9.5,7.87,5.81,3.556
649,23.08.2010 23:00:00,10.06,10,9.5,7.87,5.81
650,24.08.2010 00:00:00,9.93,9.75,9.43,7.87,5.81
651,24.08.2010 01:00:00,9.75,9.62,9.43,7.87,5.81
652,24.08.2010 02:00:00,9.56,9.43,9.37,7.87,5.81
653,24.08.2010 03:00:00,9.43,9.25,9.37,7.87,5.81
654,24.08.2010 04:00:00,9.31,9.06,9.31,7.87,5.81,3.559
655,24.08.2010 05:00:00,9.12,8.93,9.31,7.87,5.81
656,24.08.2010 06:00:00,9,8.81,9.25,7.87,5.81
657,24.08.2010 07:00:00,8.87,8.62,9.18,7.87,5.81
658,24.08.2010 08:00:00,8.75,8.5,9.12,7.87,5.81
659,24.08.2010 09:00:00,8.62,8.43,9.06,7.87,5.87
660,24.08.2010 10:00:00,8.68,8.56,9.06,7.87,5.81,3.558
661,24.08.2010 11:00:00,8.87,9,9,7.87,5.81
662,24.08.2010 12:00:00,9.25,9.56,8.93,7.87,5.81
663,24.08.2010 13:00:00,9.62,10.12,8.93,7.87,5.81
664,24.08.2010 14:00:00,10.06,10.75,8.93,7.87,5.81
665,24.08.2010 15:00:00,10.68,11.56,8.93,7.87,5.87
666,24.08.2010 16:00:00,11.06,11.93,9,7.87,5.81,3.558
667,24.08.2010 17:00:00,11.25,11.81,9.06,7.87,5.81
668,24.08.2010 18:00:00,11.25,11.62,9.12,7.81,5.87
669,24.08.2010 19:00:00,11.12,11.31,9.18,7.81,5.87
670,24.08.2010 20:00:00,11,11.06,9.25,7.81,5.87
671,24.08.2010 21:00:00,10.81,10.81,9.25,7.81,5.81
672,24.08.2010 22:00:00,10.62,10.5,9.31,7.81,5.87,3.562
673,24.08.2010 23:00:00,10.37,10.25,9.31,7.81,5.81
674,25.08.2010 00:00:00,10.18,10,9.31,7.81,5.87
675,25.08.2010 01:00:00,9.93,9.75,9.25,7.81,5.87
676,25.08.2010 02:00:00,9.75,9.5,9.25,7.81,5.87
677,25.08.2010 03:00:00,9.56,9.31,9.25,7.81,5.87
678,25.08.2010 04:00:00,9.37,9.12,9.18,7.81,5.87,3.555
679,25.08.2010 05:00:00,9.25,8.93,9.18,7.81,5.87
680,25.08.2010 06:00:00,9,8.75,9.12,7.81,5.87
681,25.08.2010 07:00:00,8.87,8.5,9.06,7.81,5.81
682,25.08.2010 08:00:00,8.62,8.37,9,7.81,5.81
683,25.08.2010 09:00:00,8.5,8.18,8.93,7.81,5.87
684,25.08.2010 10:00:00,8.37,8.06,8.93,7.81,5.87,3.555
685,25.08.2010 11:00:00,8.25,7.93,8.87,7.81,5.81
686,25.08.2010 12:00:00,8.06,7.81,8.81,7.81,5.87
687,25.08.2010 13:00:00,8.06,7.87,8.75,7.81,5.87
688,25.08.2010 14:00:00,8.12,8.06,8.68,7.81,5.87
689,25.08.2010 15:00:00,8.25,8.31,8.62,7.75,5.87
690,25.08.2010 16:00:00,8.43,8.5,8.62,7.81,5.87,3.550
691,25.08.2010 17:00:00,8.56,8.68,8.62,7.75,5.87
692,25.08.2010 18:00:00,8.68,8.75,8.56,7.75,5.87
693,25.08.2010 19:00:00,8.68,8.75,8.56,7.75,5.87
694,25.08.2010 20:00:00,8.62,8.68,8.56,7.75,5.87
695,25.08.2010 21:00:00,8.62,8.62,8.56,7.75,5.87
696,25.08.2010 22:00:00,8.56,8.5,8.5,7.75,5.87,3.550
697,25.08.2010 23:00:00,8.43,8.31,8.5,7.75,5.87
698,26.08.2010 00:00:00,8.31,8.12,8.5,7.75,5.87
699,26.08.2010 01:00:00,8.18,8,8.5,7.68,5.87
700,26.08.2010 02:00:00,8,7.81,8.43,7.68,5.87
701,26.08.2010 03:00:00,7.87,7.68,8.43,7.68,5.87
702,26.08.2010 04:00:00,7.75,7.56,8.37,7.68,5.87,3.549
703,26.08.2010 05:00:00,7.68,7.43,8.31,7.68,5.87
704,26.08.2010 06:00:00,7.62,7.37,8.31,7.68,5.87
705,26.08.2010 07:00:00,7.5,7.31,8.25,7.68,5.87
706,26.08.2010 08:00:00,7.43,7.25,8.25,7.68,5.87
707,26.08.2010 09:00:00,7.37,7.18,8.18,7.68,5.87
708,26.08.2010 10:00:00,7.43,7.37,8.12,7.62,5.87,3.552
709,26.08.2010 11:00:00,7.68,7.81,8.06,7.62,5.87
710,26.08.2010 12:00:00,8.06,8.43,8.06,7.62,5.87
711,26.08.2010 13:00:00,8.68,9.31,8.06,7.62,5.87
712,26.08.2010 14:00:00,9.43,10.31,8.06,7.56,5.87
713,26.08.2010 15:00:00,10,10.93,8.12,7.62,5.87
714,26.08.2010 16:00:00,10.43,11.31,8.18,7.62,5.87,3.559
715,26.08.2010 17:00:00,10.62,11.37,8.31,7.56,5.87
716,26.08.2010 18:00:00,10.68,11.18,8.37,7.56,5.87
717,26.08.2010 19:00:00,10.62,11,8.43,7.56,5.87
718,26.08.2010 20:00:00,10.56,10.75,8.56,7.56,5.87
719,26.08.2010 21:00:00,10.37,10.43,8.56,7.56,5.87
720,26.08.2010 22:00:00,10.18,10.12,8.62,7.5,5.87,3.559
721,26.08.2010 23:00:00,9.93,9.81,8.68,7.56,5.87
722,27.08.2010 00:00:00,9.75,9.56,8.68,7.5,5.87
723,27.08.2010 01:00:00,9.5,9.31,8.68,7.5,5.87
724,27.08.2010 02:00:00,9.31,9.12,8.68,7.5,5.87
725,27.08.2010 03:00:00,9.12,8.87,8.68,7.5,5.87
726,27.08.2010 04:00:00,8.93,8.68,8.62,7.5,5.87,3.550
727,27.08.2010 05:00:00,8.81,8.56,8.62,7.5,5.87
728,27.08.2010 06:00:00,8.68,8.43,8.62,7.5,5.87
729,27.08.2010 07:00:00,8.56,8.37,8.56,7.5,5.87
730,27.08.2010 08:00:00,8.43,8.25,8.5,7.5,5.87
731,27.08.2010 09:00:00,8.37,8.18,8.5,7.5,5.87
732,27.08.2010 10:00:00,8.37,8.18,8.43,7.5,5.87,3.554
733,27.08.2010 11:00:00,8.43,8.31,8.43,7.5,5.87
734,27.08.2010 12:00:00,8.56,8.62,8.37,7.5,5.87
735,27.08.2010 13:00:00,8.81,9,8.37,7.5,5.87
736,27.08.2010 14:00:00,9,9.31,8.37,7.5,5.87
737,27.08.2010 15:00:00,9.31,9.75,8.37,7.5,5.87
738,27.08.2010 16:00:00,9.75,10.25,8.43,7.5,5.87,3.555
739,27.08.2010 17:00:00,10,10.43,8.43,7.5,5.81
740,27.08.2010 18:00:00,10.12,10.43,8.43,7.5,5.81
741,27.08.2010 19:00:00,10.12,10.31,8.5,7.5,5.87
742,27.08.2010 20:00:00,10,10.12,8.56,7.5,5.81
743,27.08.2010 21:00:00,9.87,9.87,8.56,7.43,5.87
744,27.08.2010 22:00:00,9.68,9.56,8.62,7.5,5.87,3.557
745,27.08.2010 23:00:00,9.5,9.31,8.62,7.5,5.87
746,28.08.2010 00:00:00,9.25,9.06,8.62,7.5,5.87
747,28.08.2010 01:00:00,9,8.75,8.56,7.43,5.87
748,28.08.2010 02:00:00,8.81,8.5,8.62,7.5,5.87
749,28.08.2010 03:00:00,8.56,8.25,8.56,7.5,5.87
750,28.08.2010 04:00:00,8.37,8.06,8.5,7.43,5.87,3.549
751,28.08.2010 05:00:00,8.18,7.81,8.5,7.43,5.87
752,28.08.2010 06:00:00,7.93,7.56,8.43,7.43,5.87
753,28.08.2010 07:00:00,7.75,7.37,8.37,7.43,5.87
754,28.08.2010 08:00:00,7.56,7.18,8.31,7.43,5.87
755,28.08.2010 09:00:00,7.43,7.06,8.25,7.43,5.87
756,28.08.2010 10:00:00,7.37,7.18,8.18,7.43,5.87,3.551
757,28.08.2010 11:00:00,7.68,7.81,8.18,7.43,5.87
758,28.08.2010 12:00:00,8.25,8.75,8.12,7.43,5.87
759,28.08.2010 13:00:00,9,9.87,8.12,7.43,5.87
760,28.08.2010 14:00:00,9.81,11,8.18,7.43,5.87
761,28.08.2010 15:00:00,10.56,11.93,8.25,7.43,5.87
762,28.08.2010 16:00:00,11.18,12.43,8.31,7.43,5.87,3.556
763,28.08.2010 17:00:00,11.43,12.5,8.43,7.43,5.87
764,28.08.2010 18:00:00,11.56,12.31,8.5,7.43,5.87
765,28.08.2010 19:00:00,11.5,12.06,8.62,7.43,5.87
766,28.08.2010 20:00:00,11.37,11.68,8.68,7.43,5.81
767,28.08.2010 21:00:00,11.06,11.25,8.75,7.43,5.87
768,28.08.2010 22:00:00,10.81,10.75,8.81,7.37,5.87,3.554
769,28.08.2010 23:00:00,10.43,10.31,8.87,7.37,5.81
770,29.08.2010 00:00:00,10.12,9.93,8.87,7.37,5.87
771,29.08.2010 01:00:00,9.81,9.56,8.87,7.37,5.87
772,29.08.2010 02:00:00,9.5,9.18,8.87,7.37,5.87
773,29.08.2010 03:00:00,9.25,8.87,8.81,7.37,5.87
774,29.08.2010 04:00:00,8.93,8.56,8.81,7.37,5.81,3.552
775,29.08.2010 05:00:00,8.68,8.31,8.75,7.37,5.87
776,29.08.2010 06:00:00,8.37,8,8.68,7.43,5.87
777,29.08.2010 07:00:00,8.18,7.75,8.62,7.43,5.87
778,29.08.2010 08:00:00,7.93,7.5,8.56,7.43,5.87
779,29.08.2010 09:00:00,7.75,7.37,8.5,7.43,5.87
780,29.08.2010 10:00:00,7.75,7.56,8.43,7.43,5.87,3.547
781,29.08.2010 11:00:00,8,8.18,8.37,7.43,5.87
782,29.08.2010 12:00:00,8.62,9.18,8.31,7.43,5.87
783,29.08.2010 13:00:00,9.37,10.31,8.31,7.43,5.81
784,29.08.2010 14:00:00,10.25,11.37,8.37,7.37,5.87
785,29.08.2010 15:00:00,10.93,12.18,8.37,7.43,5.87
786,29.08.2010 16:00:00,11.43,12.68,8.5,7.43,5.87,3.555
787,29.08.2010 17:00:00,11.62,12.62,8.62,7.43,5.87
788,29.08.2010 18:00:00,11.68,12.37,8.68,7.43,5.87
789,29.08.2010 19:00:00,11.56,12,8.81,7.37,5.87
790,29.08.2010 20:00:00,11.37,11.62,8.87,7.37,5.87
791,29.08.2010 21:00:00,11.12,11.25,8.93,7.43,5.87
792,29.08.2010 22:00:00,10.81,10.81,9,7.37,5.87,3.560
793,29.08.2010 23:00:00,10.56,10.43,9,7.37,5.87
794,30.08.2010 00:00:00,10.25,10.06,9,7.37,5.87
795,30.08.2010 01:00:00,9.93,9.75,9,7.37,5.87
796,30.08.2010 02:00:00,9.68,9.43,9,7.37,5.87
797,30.08.2010 03:00:00,9.43,9.12,8.93,7.37,5.81
798,30.08.2010 04:00:00,9.12,8.81,8.93,7.43,5.87,3.555
799,30.08.2010 05:00:00,8.93,8.56,8.87,7.43,5.81
800,30.08.2010 06:00:00,8.68,8.37,8.81,7.43,5.87
801,30.08.2010 07:00:00,8.56,8.25,8.75,7.43,5.81
802,30.08.2010 08:00:00,8.31,8.06,8.68,7.43,5.81
803,30.08.2010 09:00:00,8.25,7.93,8.62,7.43,5.81
804,30.08.2010 10:00:00,8.18,8.06,8.62,7.43,5.81,3.547
805,30.08.2010 11:00:00,8.25,8.18,8.5,7.43,5.81
806,30.08.2010 12:00:00,8.37,8.37,8.5,7.43,5.87
807,30.08.2010 13:00:00,8.5,8.62,8.43,7.43,5.81
808,30.08.2010 14:00:00,8.68,8.81,8.43,7.43,5.81
809,30.08.2010 15:00:00,8.93,9.25,8.43,7.43,5.81
810,30.08.2010 16:00:00,9.18,9.5,8.43,7.43,5.81,3.549
811,30.08.2010 17:00:00,9.31,9.56,8.43,7.43,5.81
812,30.08.2010 18:00:00,9.43,9.75,8.43,7.43,5.81
813,30.08.2010 19:00:00,9.56,9.75,8.43,7.43,5.81
814,30.08.2010 20:00:00,9.56,9.68,8.43,7.43,5.81
815,30.08.2010 21:00:00,9.43,9.5,8.5,7.43,5.81
816,30.08.2010 22:00:00,9.31,9.37,8.5,7.43,5.81,3.550
817,30.08.2010 23:00:00,9.18,9.12,8.5,7.43,5.81
818,31.08.2010 00:00:00,9,8.93,8.5,7.43,5.87
819,31.08.2010 01:00:00,8.87,8.81,8.5,7.43,5.87
820,31.08.2010 02:00:00,8.75,8.62,8.5,7.43,5.87
821,31.08.2010 03:00:00,8.56,8.43,8.5,7.37,5.87
822,31.08.2010 04:00:00,8.43,8.25,8.43,7.43,5.87,3.548
823,31.08.2010 05:00:00,8.25,8.06,8.43,7.43,5.81
824,31.08.2010 06:00:00,8.12,7.87,8.37,7.37,5.81
825,31.08.2010 07:00:00,7.93,7.62,8.31,7.37,5.87
826,31.08.2010 08:00:00,7.81,7.5,8.31,7.37,5.87
827,31.08.2010 09:00:00,7.62,7.43,8.25,7.37,5.81
828,31.08.2010 10:00:00,7.68,7.62,8.18,7.37,5.81,3.549
829,31.08.2010 11:00:00,8.06,8.25,8.18,7.37,5.81
830,31.08.2010 12:00:00,8.62,9.25,8.12,7.37,5.81
831,31.08.2010 13:00:00,9.43,10.43,8.18,7.37,5.87
832,31.08.2010 14:00:00,10.18,11.43,8.18,7.37,5.87
833,31.08.2010 15:00:00,10.75,11.93,8.25,7.37,5.87
834,31.08.2010 16:00:00,11.06,12.06,8.37,7.37,5.81,3.556
835,31.08.2010 17:00:00,11.12,11.93,8.43,7.37,5.87
836,31.08.2010 18:00:00,11.18,11.75,8.5,7.37,5.87
837,31.08.2010 19:00:00,11.06,11.5,8.62,7.37,5.87
838,31.08.2010 20:00:00,10.93,11.18,8.68,7.37,5.87
839,31.08.2010 21:00:00,10.75,10.87,8.75,7.37,5.81
840,31.08.2010 22:00:00,10.5,10.5,8.75,7.31,5.81,3.560
841,31.08.2010 23:00:00,10.25,10.18,8.81,7.37,5.87
842,01.09.2010 00:00:00,10,9.87,8.81,7.37,5.81
843,01.09.2010 01:00:00,9.75,9.62,8.81,7.37,5.87
844,01.09.2010 02:00:00,9.56,9.37,8.81,7.37,5.87
845,01.09.2010 03:00:00,9.31,9.12,8.81,7.37,5.81
846,01.09.2010 04:00:00,9.12,8.87,8.75,7.37,5.81,3.557
847,01.09.2010 05:00:00,8.93,8.62,8.68,7.37,5.81
848,01.09.2010 06:00:00,8.68,8.43,8.68,7.37,5.87
849,01.09.2010 07:00:00,8.5,8.18,8.62,7.37,5.81
850,01.09.2010 08:00:00,8.31,8,8.56,7.37,5.81
851,01.09.2010 09:00:00,8.18,7.87,8.56,7.37,5.87
852,01.09.2010 10:00:00,8.18,8.06,8.5,7.37,5.87,3.548
853,01.09.2010 11:00:00,8.43,8.68,8.43,7.37,5.87
854,01.09.2010 12:00:00,9,9.62,8.43,7.37,5.87
855,01.09.2010 13:00:00,9.75,10.62,8.43,7.37,5.81
856,01.09.2010 14:00:00,10.5,11.62,8.43,7.37,5.87
857,01.09.2010 15:00:00,11.12,12.37,8.5,7.37,5.87
858,01.09.2010 16:00:00,11.75,12.93,8.62,7.37,5.87,3.563
859,01.09.2010 17:00:00,12.06,13.12,8.68,7.37,5.81
860,01.09.2010 18:00:00,12.18,13.06,8.81,7.37,5.87
861,01.09.2010 19:00:00,12.12,12.75,8.93,7.37,5.81
862,01.09.2010 20:00:00,11.93,12.37,9.06,7.37,5.81
863,01.09.2010 21:00:00,11.68,12,9.12,7.37,5.81
864,01.09.2010 22:00:00,11.43,11.62,9.18,7.37,5.87,3.557
865,01.09.2010 23:00:00,11.18,11.25,9.25,7.37,5.87
866,02.09.2010 00:00:00,10.93,10.93,9.25,7.43,5.81
867,02.09.2010 01:00:00,10.75,10.62,9.25,7.37,5.81
868,02.09.2010 02:00:00,10.5,10.37,9.25,7.37,5.87
869,02.09.2010 03:00:00,10.25,10.12,9.25,7.37,5.87
870,02.09.2010 04:00:00,10.06,9.87,9.25,7.43,5.81,3.556
871,02.09.2010 05:00:00,9.81,9.62,9.18,7.43,5.81
872,02.09.2010 06:00:00,9.62,9.37,9.12,7.43,5.87
873,02.09.2010 07:00:00,9.43,9.25,9.12,7.43,5.87
874,02.09.2010 08:00:00,9.31,9.06,9.06,7.43,5.87
875,02.09.2010 09:00:00,9.18,9,9.06,7.43,5.81
876,02.09.2010 10:00:00,9.18,9.12,9,7.43,5.87,3.548
877,02.09.2010 11:00:00,9.37,9.5,8.93,7.43,5.81
878,02.09.2010 12:00:00,9.62,9.87,8.93,7.43,5.87
879,02.09.2010 13:00:00,9.93,10.43,8.93,7.43,5.87
880,02.09.2010 14:00:00,10.37,11,8.93,7.5,5.81
881,02.09.2010 15:00:00,10.62,11.18,8.93,7.43,5.81
882,02.09.2010 16:00:00,10.68,11.12,8.93,7.5,5.87,3.553
883,02.09.2010 17:00:00,10.68,11.18,9,7.5,5.81
884,02.09.2010 18:00:00,10.75,11.18,9.06,7.5,5.87
885,02.09.2010 19:00:00,10.68,11.12,9.06,7.5,5.87
886,02.09.2010 20:00:00,10.68,10.93,9.12,7.5,5.87
887,02.09.2010 21:00:00,10.5,10.68,9.12,7.5,5.87
888,02.09.2010 22:00:00,10.37,10.43,9.12,7.5,5.87,3.552
889,02.09.2010 23:00:00,10.12,10.12,9.12,7.5,5.81
890,03.09.2010 00:00:00,9.93,9.87,9.12,7.5,5.81
891,03.09.2010 01:00:00,9.75,9.62,9.12,7.5,5.87
892,03.09.2010 02:00:00,9.56,9.37,9.12,7.5,5.87
893,03.09.2010 03:00:00,9.37,9.25,9.06,7.5,5.87
894,03.09.2010 04:00:00,9.25,9.12,9.06,7.5,5.81,3.555
895,03.09.2010 05:00:00,9.12,9,9,7.5,5.87
896,03.09.2010 06:00:00,9,8.87,9,7.5,5.87
897,03.09.2010 07:00:00,8.93,8.75,8.93,7.56,5.87
898,03.09.2010 08:00:00,8.81,8.62,8.87,7.5,5.87
899,03.09.2010 09:00:00,8.75,8.56,8.81,7.5,5.87
900,03.09.2010 10:00:00,8.75,8.75,8.81,7.56,5.87,3.552
901,03.09.2010 11:00:00,8.93,9.18,8.75,7.56,5.87
902,03.09.2010 12:00:00,9.31,9.62,8.75,7.56,5.87
903,03.09.2010 13:00:00,9.5,9.93,8.75,7.56,5.87
904,03.09.2010 14:00:00,9.87,10.43,8.75,7.56,5.87
905,03.09.2010 15:00:00,10.5,11.31,8.75,7.56,5.87
906,03.09.2010 16:00:00,11.18,12.12,8.81,7.56,5.87,3.559
907,03.09.2010 17:00:00,11.75,12.5,8.87,7.56,5.87
908,03.09.2010 18:00:00,12,12.56,8.93,7.56,5.87
909,03.09.2010 19:00:00,12,12.31,9.06,7.56,5.87
910,03.09.2010 20:00:00,11.81,11.87,9.12,7.56,5.87
911,03.09.2010 21:00:00,11.5,11.43,9.18,7.56,5.87
912,03.09.2010 22:00:00,11.18,11,9.25,7.56,5.87,3.554
913,03.09.2010 23:00:00,10.81,10.62,9.25,7.56,5.87
914,04.09.2010 00:00:00,10.5,10.25,9.25,7.56,5.87
915,04.09.2010 01:00:00,10.18,9.87,9.25,7.56,5.87
916,04.09.2010 02:00:00,9.93,9.5,9.25,7.56,5.87
917,04.09.2010 03:00:00,9.62,9.18,9.18,7.56,5.87
918,04.09.2010 04:00:00,9.31,8.93,9.18,7.56,5.87,3.554
919,04.09.2010 05:00:00,9.06,8.62,9.12,7.56,5.87
920,04.09.2010 06:00:00,8.81,8.37,9.06,7.56,5.87
921,04.09.2010 07:00:00,8.56,8.12,9,7.56,5.87
922,04.09.2010 08:00:00,8.31,7.87,8.93,7.56,5.87
923,04.09.2010 09:00:00,8.12,7.68,8.87,7.56,5.87
924,04.09.2010 10:00:00,8.12,7.87,8.81,7.56,5.87,3.549
925,04.09.2010 11:00:00,8.37,8.43,8.75,7.56,5.87
926,04.09.2010 12:00:00,8.93,9.5,8.68,7.56,5.87
927,04.09.2010 13:00:00,9.75,10.62,8.68,7.62,5.87
928,04.09.2010 14:00:00,10.62,11.81,8.68,7.62,5.87
929,04.09.2010 15:00:00,11.5,12.81,8.68,7.62,5.87
930,04.09.2010 16:00:00,12.18,13.37,8.81,7.62,5.87,3.561
931,04.09.2010 17:00:00,12.62,13.62,8.93,7.56,5.87
932,04.09.2010 18:00:00,12.81,13.5,9.06,7.56,5.87
933,04.09.2010 19:00:00,12.75,13.12,9.18,7.56,5.87
934,04.09.2010 20:00:00,12.5,12.62,9.25,7.56,5.87
935,04.09.2010 21:00:00,12.12,12.12,9.37,7.56,5.87
936,04.09.2010 22:00:00,11.75,11.56,9.37,7.56,5.87,3.559
937,04.09.2010 23:00:00,11.37,11.12,9.43,7.56,5.87
938,05.09.2010 00:00:00,11,10.62,9.5,7.56,5.87
939,05.09.2010 01:00:00,10.62,10.25,9.43,7.56,5.87
940,05.09.2010 02:00:00,10.31,9.87,9.43,7.62,5.93
941,05.09.2010 03:00:00,9.93,9.5,9.43,7.56,5.87
942,05.09.2010 04:00:00,9.62,9.12,9.37,7.56,5.87,3.554
943,05.09.2010 05:00:00,9.31,8.81,9.31,7.62,5.93
944,05.09.2010 06:00:00,9,8.5,9.25,7.62,5.87
945,05.09.2010 07:00:00,8.75,8.18,9.18,7.62,5.87
946,05.09.2010 08:00:00,8.5,7.93,9.06,7.62,5.87
947,05.09.2010 09:00:00,8.25,7.75,9,7.62,5.93
948,05.09.2010 10:00:00,8.18,7.93,8.93,7.62,5.93,3.544
949,05.09.2010 11:00:00,8.43,8.5,8.87,7.62,5.93
950,05.09.2010 12:00:00,9,9.56,8.81,7.62,5.93
951,05.09.2010 13:00:00,9.81,10.75,8.75,7.62,5.93
952,05.09.2010 14:00:00,10.62,11.75,8.81,7.62,5.87
953,05.09.2010 15:00:00,11.31,12.5,8.87,7.62,5.93
954,05.09.2010 16:00:00,11.81,13.12,8.93,7.62,5.87,3.555
955,05.09.2010 17:00:00,12.12,13.25,9,7.62,5.93
956,05.09.2010 18:00:00,12.31,13.06,9.12,7.62,5.87
957,05.09.2010 19:00:00,12.18,12.68,9.25,7.62,5.93
958,05.09.2010 20:00:00,11.93,12.18,9.31,7.62,5.93
959,05.09.2010 21:00:00,11.62,11.68,9.37,7.62,5.93
960,05.09.2010 22:00:00,11.25,11.12,9.43,7.62,5.93,3.555
961,05.09.2010 23:00:00,10.87,10.68,9.43,7.62,5.93
962,06.09.2010 00:00:00,10.56,10.31,9.43,7.62,5.87
963,06.09.2010 01:00:00,10.25,9.87,9.37,7.62,5.93
964,06.09.2010 02:00:00,9.87,9.5,9.37,7.62,5.93
965,06.09.2010 03:00:00,9.56,9.18,9.31,7.62,5.93
966,06.09.2010 04:00:00,9.31,8.87,9.25,7.62,5.93,3.549
967,06.09.2010 05:00:00,9.06,8.56,9.18,7.62,5.93
968,06.09.2010 06:00:00,8.75,8.31,9.12,7.62,5.93
969,06.09.2010 07:00:00,8.5,8.06,9.06,7.62,5.93
970,06.09.2010 08:00:00,8.31,7.81,9,7.68,5.93
971,06.09.2010 09:00:00,8.06,7.68,8.93,7.68,5.93
972,06.09.2010 10:00:00,8.12,7.87,8.81,7.68,5.93,3.544
973,06.09.2010 11:00:00,8.37,8.56,8.81,7.68,5.93
974,06.09.2010 12:00:00,9,9.62,8.75,7.68,5.93
975,06.09.2010 13:00:00,9.81,10.81,8.68,7.68,5.93
976,06.09.2010 14:00:00,10.75,12,8.75,7.68,5.93
977,06.09.2010 15:00:00,11.5,13.06,8.75,7.68,5.93
978,06.09.2010 16:00:00,12.18,13.56,8.87,7.62,5.93,3.562
979,06.09.2010 17:00:00,12.5,13.56,9,7.68,5.93
980,06.09.2010 18:00:00,12.62,13.31,9.12,7.62,5.93
981,06.09.2010 19:00:00,12.56,12.93,9.18,7.68,5.93
982,06.09.2010 20:00:00,12.25,12.43,9.31,7.68,5.93
983,06.09.2010 21:00:00,12,11.93,9.37,7.62,5.93
984,06.09.2010 22:00:00,11.62,11.5,9.43,7.62,5.93,3.559
985,06.09.2010 23:00:00,11.31,11.12,9.43,7.62,5.93
986,07.09.2010 00:00:00,11,10.75,9.5,7.62,5.93
987,07.09.2010 01:00:00,10.68,10.37,9.43,7.62,5.93
988,07.09.2010 02:00:00,10.37,10.06,9.43,7.62,5.93
989,07.09.2010 03:00:00,10.12,9.75,9.43,7.62,5.93
990,07.09.2010 04:00:00,9.87,9.5,9.37,7.62,5.93,3.550
991,07.09.2010 05:00:00,9.56,9.25,9.37,7.68,5.93
992,07.09.2010 06:00:00,9.37,9,9.31,7.62,5.93
993,07.09.2010 07:00:00,9.18,8.81,9.25,7.62,5.93
994,07.09.2010 08:00:00,9,8.68,9.18,7.68,5.93
995,07.09.2010 09:00:00,8.87,8.62,9.12,7.68,5.93
996,07.09.2010 10:00:00,8.87,8.81,9.06,7.68,5.93,3.548
997,07.09.2010 11:00:00,9.12,9.25,9,7.68,5.93
998,07.09.2010 12:00:00,9.56,10,9,7.68,5.93
999,07.09.2010 13:00:00,10.18,11.06,9,7.68,5.93
1000,07.09.2010 14:00:00,11,12.12,9,7.68,5.93
1001,07.09.2010 15:00:00,11.81,13.18,9,7.68,5.93
1002,07.09.2010 16:00:00,12.43,13.62,9.12,7.68,5.93,3.558
1003,07.09.2010 17:00:00,12.68,13.68,9.25,7.68,5.93
1004,07.09.2010 18:00:00,12.68,13.37,9.31,7.68,5.93
1005,07.09.2010 19:00:00,12.5,12.93,9.43,7.68,5.93
1006,07.09.2010 20:00:00,12.25,12.5,9.5,7.68,5.93
1007,07.09.2010 21:00:00,11.93,12.06,9.62,7.68,5.93
1008,07.09.2010 22:00:00,11.68,11.68,9.62,7.68,5.93,3.555
1009,07.09.2010 23:00:00,11.37,11.31,9.68,7.68,5.93
1010,08.09.2010 00:00:00,11.12,10.93,9.68,7.68,5.93
1011,08.09.2010 01:00:00,10.81,10.56,9.68,7.68,5.93
1012,08.09.2010 02:00:00,10.5,10.25,9.62,7.68,5.93
1013,08.09.2010 03:00:00,10.25,9.93,9.62,7.68,5.93
1014,08.09.2010 04:00:00,9.93,9.68,9.56,7.68,6,3.554
1015,08.09.2010 05:00:00,9.75,9.37,9.56,7.75,5.93
1016,08.09.2010 06:00:00,9.5,9.18,9.43,7.75,6
1017,08.09.2010 07:00:00,9.25,8.87,9.43,7.75,5.93
1018,08.09.2010 08:00:00,9.06,8.68,9.31,7.75,5.93
1019,08.09.2010 09:00:00,8.87,8.56,9.25,7.75,6
1020,08.09.2010 10:00:00,8.87,8.68,9.18,7.75,5.93,3.547
1021,08.09.2010 11:00:00,9.12,9.25,9.12,7.75,5.93
1022,08.09.2010 12:00:00,9.62,10.12,9.12,7.75,5.93
1023,08.09.2010 13:00:00,10.12,10.81,9.06,7.75,5.93
1024,08.09.2010 14:00:00,10.68,11.43,9.06,7.75,6
1025,08.09.2010 15:00:00,11.12,12.12,9.12,7.75,6
1026,08.09.2010 16:00:00,11.62,12.62,9.18,7.75,6,3.559
1027,08.09.2010 17:00:00,11.87,12.62,9.25,7.75,6
1028,08.09.2010 18:00:00,11.87,12.43,9.31,7.75,6
1029,08.09.2010 19:00:00,11.68,11.93,9.37,7.75,6
1030,08.09.2010 20:00:00,11.43,11.5,9.43,7.75,6
1031,08.09.2010 21:00:00,11.18,11.12,9.5,7.75,6
1032,08.09.2010 22:00:00,10.87,10.81,9.5,7.75,6,3.559
1033,08.09.2010 23:00:00,10.62,10.5,9.5,7.75,6
1034,09.09.2010 00:00:00,10.37,10.25,9.5,7.75,6
1035,09.09.2010 01:00:00,10.12,10,9.5,7.75,6
1036,09.09.2010 02:00:00,9.93,9.75,9.5,7.75,6
1037,09.09.2010 03:00:00,9.75,9.56,9.43,7.75,6
1038,09.09.2010 04:00:00,9.56,9.37,9.37,7.81,6,3.549
1039,09.09.2010 05:00:00,9.43,9.18,9.31,7.75,6
1040,09.09.2010 06:00:00,9.25,9.06,9.31,7.75,6
1041,09.09.2010 07:00:00,9.12,8.93,9.25,7.75,6
1042,09.09.2010 08:00:00,9,8.81,9.18,7.75,6
1043,09.09.2010 09:00:00,8.93,8.68,9.12,7.81,6
1044,09.09.2010 10:00:00,8.93,8.75,9.06,7.81,6,3.553
1045,09.09.2010 11:00:00,9.12,9.31,9.06,7.75,6
1046,09.09.2010 12:00:00,9.62,10.18,9,7.81,6
1047,09.09.2010 13:00:00,10.25,11,9,7.81,6
1048,09.09.2010 14:00:00,10.75,11.62,9.06,7.81,6
1049,09.09.2010 15:00:00,11.12,12.06,9.06,7.81,6
1050,09.09.2010 16:00:00,11.43,12.25,9.12,7.75,6,3.554
1051,09.09.2010 17:00:00,11.62,12.37,9.18,7.81,6
1052,09.09.2010 18:00:00,11.68,12.31,9.25,7.81,6
1053,09.09.2010 19:00:00,11.56,12,9.37,7.81,6
1054,09.09.2010 20:00:00,11.37,11.62,9.43,7.81,6
1055,09.09.2010 21:00:00,11.12,11.25,9.43,7.75,6
1056,09.09.2010 22:00:00,10.87,10.81,9.5,7.81,6,3.557
1057,09.09.2010 23:00:00,10.56,10.43,9.5,7.75,6
1058,10.09.2010 00:00:00,10.31,10.12,9.5,7.81,6
1059,10.09.2010 01:00:00,10,9.75,9.43,7.75,6
1060,10.09.2010 02:00:00,9.75,9.43,9.43,7.81,6
1061,10.09.2010 03:00:00,9.43,9.12,9.37,7.81,6
1062,10.09.2010 04:00:00,9.18,8.87,9.31,7.81,6,3.546
1063,10.09.2010 05:00:00,8.93,8.62,9.25,7.81,6
1064,10.09.2010 06:00:00,8.75,8.37,9.18,7.81,6
1065,10.09.2010 07:00:00,8.56,8.12,9.12,7.81,6
1066,10.09.2010 08:00:00,8.31,8,9.06,7.81,6.06
1067,10.09.2010 09:00:00,8.25,7.87,9,7.81,6
1068,10.09.2010 10:00:00,8.18,8,8.93,7.81,6,3.543
1069,10.09.2010 11:00:00,8.37,8.43,8.87,7.81,6
1070,10.09.2010 12:00:00,8.75,9.06,8.81,7.81,6
1071,10.09.2010 13:00:00,9.06,9.37,8.75,7.81,6
1072,10.09.2010 14:00:00,9.31,9.68,8.75,7.81,6
1073,10.09.2010 15:00:00,9.56,10,8.81,7.81,6
1074,10.09.2010 16:00:00,9.75,10.12,8.75,7.81,6,3.548
1075,10.09.2010 17:00:00,9.81,10.25,8.81,7.81,6
1076,10.09.2010 18:00:00,9.87,10.25,8.81,7.75,6
1077,10.09.2010 19:00:00,9.87,10.06,8.87,7.75,6.06
1078,10.09.2010 20:00:00,9.75,9.81,8.87,7.81,6.06
1079,10.09.2010 21:00:00,9.5,9.5,8.87,7.75,6.06
1080,10.09.2010 22:00:00,9.25,9.18,8.87,7.75,6.06,3.552
1081,10.09.2010 23:00:00,9.06,8.81,8.87,7.75,6.06
1082,11.09.2010 00:00:00,8.81,8.5,8.87,7.75,6
1083,11.09.2010 01:00:00,8.5,8.18,8.81,7.75,6.06
1084,11.09.2010 02:00:00,8.25,7.93,8.75,7.75,6.06
1085,11.09.2010 03:00:00,8,7.68,8.75,7.75,6.06
1086,11.09.2010 04:00:00,7.81,7.43,8.68,7.75,6.06,3.546
1087,11.09.2010 05:00:00,7.56,7.18,8.62,7.75,6.06
1088,11.09.2010 06:00:00,7.37,7,8.56,7.68,6.06
1089,11.09.2010 07:00:00,7.18,6.81,8.43,7.75,6
1090,11.09.2010 08:00:00,7.06,6.62,8.37,7.68,6.06
1091,11.09.2010 09:00:00,6.93,6.56,8.31,7.68,6.06
1092,11.09.2010 10:00:00,6.93,6.75,8.25,7.68,6,3.544
1093,11.09.2010 11:00:00,7.25,7.37,8.18,7.68,6
1094,11.09.2010 12:00:00,7.81,8.37,8.12,7.68,6.06
1095,11.09.2010 13:00:00,8.62,9.56,8.12,7.68,6.06
1096,11.09.2010 14:00:00,9.5,10.68,8.12,7.68,6
1097,11.09.2010 15:00:00,10.25,11.43,8.18,7.68,6.06
1098,11.09.2010 16:00:00,10.75,11.93,8.25,7.62,6.06,3.549
1099,11.09.2010 17:00:00,11,11.93,8.37,7.62,6.06
1100,11.09.2010 18:00:00,11.06,11.75,8.43,7.62,6.06
1101,11.09.2010 19:00:00,10.87,11.37,8.56,7.62,6.06
1102,11.09.2010 20:00:00,10.62,10.93,8.62,7.62,6.06
1103,11.09.2010 21:00:00,10.37,10.43,8.68,7.62,6.06
1104,11.09.2010 22:00:00,10,10,8.75,7.62,6.06,3.554
1105,11.09.2010 23:00:00,9.68,9.56,8.75,7.56,6.06
1106,12.09.2010 00:00:00,9.37,9.18,8.75,7.56,6.06
1107,12.09.2010 01:00:00,9,8.75,8.75,7.56,6.06
1108,12.09.2010 02:00:00,8.75,8.43,8.75,7.56,6.06
1109,12.09.2010 03:00:00,8.43,8.12,8.68,7.56,6.06
1110,12.09.2010 04:00:00,8.18,7.81,8.62,7.56,6.06,3.546
1111,12.09.2010 05:00:00,7.93,7.5,8.56,7.56,6.06
1112,12.09.2010 06:00:00,7.68,7.25,8.5,7.56,6.06
1113,12.09.2010 07:00:00,7.43,7.06,8.43,7.56,6.06
1114,12.09.2010 08:00:00,7.25,6.87,8.37,7.56,6.06
1115,12.09.2010 09:00:00,7.12,6.75,8.31,7.56,6.06
1116,12.09.2010 10:00:00,7.12,6.93,8.25,7.56,6.06,3.543
1117,12.09.2010 11:00:00,7.37,7.5,8.12,7.56,6.06
1118,12.09.2010 12:00:00,7.93,8.43,8.12,7.56,6.06
1119,12.09.2010 13:00:00,8.56,9.31,8.06,7.56,6.06
1120,12.09.2010 14:00:00,9.18,10.12,8.06,7.56,6.06
1121,12.09.2010 15:00:00,9.75,10.75,8.12,7.56,6.06
1122,12.09.2010 16:00:00,10.12,11,8.18,7.56,6.06,3.550
1123,12.09.2010 17:00:00,10.18,10.87,8.25,7.5,6.06
1124,12.09.2010 18:00:00,10.06,10.56,8.31,7.5,6.06
1125,12.09.2010 19:00:00,9.87,10.18,8.37,7.5,6.06
1126,12.09.2010 20:00:00,9.62,9.81,8.43,7.5,6.06
1127,12.09.2010 21:00:00,9.31,9.43,8.43,7.5,6.06
1128,12.09.2010 22:00:00,9.06,9.12,8.43,7.5,6.06,3.550
1129,12.09.2010 23:00:00,8.87,8.81,8.43,7.5,6.06
1130,13.09.2010 00:00:00,8.62,8.5,8.43,7.5,6.06
1131,13.09.2010 01:00:00,8.37,8.25,8.43,7.43,6.06
1132,13.09.2010 02:00:00,8.18,8.06,8.37,7.5,6.06
1133,13.09.2010 03:00:00,8,7.87,8.31,7.43,6.06
1134,13.09.2010 04:00:00,7.87,7.68,8.31,7.5,6.06,3.541
1135,13.09.2010 05:00:00,7.68,7.5,8.25,7.43,6.06
1136,13.09.2010 06:00:00,7.56,7.37,8.18,7.43,6.06
1137,13.09.2010 07:00:00,7.5,7.25,8.12,7.43,6.06
1138,13.09.2010 08:00:00,7.31,7.12,8.12,7.43,6.06
1139,13.09.2010 09:00:00,7.18,7,8.06,7.43,6.06
1140,13.09.2010 10:00:00,7.12,6.93,8,7.43,6.06,3.538
1141,13.09.2010 11:00:00,7.12,7,7.93,7.43,6.06
1142,13.09.2010 12:00:00,7.25,7.31,7.87,7.43,6.06
1143,13.09.2010 13:00:00,7.37,7.56,7.87,7.43,6.06
1144,13.09.2010 14:00:00,7.56,7.75,7.81,7.43,6.06
1145,13.09.2010 15:00:00,7.68,7.93,7.81,7.43,6.06
1146,13.09.2010 16:00:00,7.87,8.06,7.81,7.43,6.06,3.543
1147,13.09.2010 17:00:00,7.87,8.12,7.81,7.37,6.06
1148,13.09.2010 18:00:00,7.87,8,7.81,7.37,6.06
1149,13.09.2010 19:00:00,7.75,7.81,7.81,7.37,6.06
1150,13.09.2010 20:00:00,7.56,7.5,7.81,7.37,6.06
1151,13.09.2010 21:00:00,7.37,7.31,7.75,7.37,6.06
1152,13.09.2010 22:00:00,7.25,7,7.75,7.37,6.06,3.538
1153,13.09.2010 23:00:00,7,6.75,7.68,7.37,6.06
1154,14.09.2010 00:00:00,6.75,6.5,7.68,7.37,6.06
1155,14.09.2010 01:00:00,6.56,6.25,7.62,7.31,6.06
1156,14.09.2010 02:00:00,6.37,6,7.56,7.31,6
1157,14.09.2010 03:00:00,6.12,5.75,7.5,7.31,6.06
1158,14.09.2010 04:00:00,5.93,5.56,7.43,7.31,6,3.533
1159,14.09.2010 05:00:00,5.75,5.37,7.37,7.31,6.06
1160,14.09.2010 06:00:00,5.56,5.18,7.31,7.31,6.06
1161,14.09.2010 07:00:00,5.43,5,7.25,7.25,6.06
1162,14.09.2010 08:00:00,5.25,4.81,7.18,7.25,6
1163,14.09.2010 09:00:00,5.12,4.68,7.12,7.25,6.06
1164,14.09.2010 10:00:00,5.06,4.75,7,7.25,6,3.538
1165,14.09.2010 11:00:00,5.25,5.25,7,7.18,6.06
1166,14.09.2010 12:00:00,5.81,6.25,6.87,7.25,6.06
1167,14.09.2010 13:00:00,6.62,7.56,6.87,7.18,6.06
1168,14.09.2010 14:00:00,7.62,8.81,6.87,7.18,6.06
1169,14.09.2010 15:00:00,8.5,9.81,6.93,7.18,6
1170,14.09.2010 16:00:00,9.12,10.37,7,7.18,6.06,3.547
1171,14.09.2010 17:00:00,9.5,10.5,7.12,7.18,6
1172,14.09.2010 18:00:00,9.56,10.31,7.18,7.12,6
1173,14.09.2010 19:00:00,9.43,9.93,7.31,7.12,6.06
1174,14.09.2010 20:00:00,9.18,9.5,7.37,7.12,6
1175,14.09.2010 21:00:00,8.87,8.93,7.5,7.06,6
1176,14.09.2010 22:00:00,8.5,8.43,7.5,7.06,6.06,3.542
1177,14.09.2010 23:00:00,8.18,8,7.56,7.06,6
1178,15.09.2010 00:00:00,7.81,7.56,7.56,7.06,6
1179,15.09.2010 01:00:00,7.5,7.25,7.56,7.06,6
1180,15.09.2010 02:00:00,7.25,6.93,7.5,7.06,6
1181,15.09.2010 03:00:00,7,6.62,7.5,7.06,6
1182,15.09.2010 04:00:00,6.68,6.31,7.43,7.06,6,3.538
1183,15.09.2010 05:00:00,6.5,6.06,7.43,7,6
1184,15.09.2010 06:00:00,6.25,5.81,7.37,7,6
1185,15.09.2010 07:00:00,6.06,5.62,7.31,7,6
1186,15.09.2010 08:00:00,5.87,5.37,7.18,7,6
1187,15.09.2010 09:00:00,5.75,5.31,7.12,7,6
1188,15.09.2010 10:00:00,5.68,5.5,7.06,7,6,3.532
1189,15.09.2010 11:00:00,6,6.18,7,7,6
1190,15.09.2010 12:00:00,6.62,7.25,7,7,6
1191,15.09.2010 13:00:00,7.43,8.43,6.93,7,6
1192,15.09.2010 14:00:00,8.31,9.5,7,7,6
1193,15.09.2010 15:00:00,9.06,10.31,7.06,7,6
1194,15.09.2010 16:00:00,9.5,10.68,7.12,6.93,6,3.543
1195,15.09.2010 17:00:00,9.75,10.56,7.25,6.93,6
1196,15.09.2010 18:00:00,9.68,10.37,7.31,6.93,6
1197,15.09.2010 19:00:00,9.56,10,7.37,6.93,6
1198,15.09.2010 20:00:00,9.25,9.56,7.5,6.93,6
1199,15.09.2010 21:00:00,9,9.12,7.56,6.93,6
1200,15.09.2010 22:00:00,8.68,8.68,7.62,6.87,6,3.548
1201,15.09.2010 23:00:00,8.37,8.25,7.62,6.87,6
1202,16.09.2010 00:00:00,8.06,7.81,7.62,6.87,6
1203,16.09.2010 01:00:00,7.75,7.43,7.62,6.93,6
1204,16.09.2010 02:00:00,7.43,7.12,7.56,6.87,6
1205,16.09.2010 03:00:00,7.18,6.81,7.56,6.87,6
1206,16.09.2010 04:00:00,6.93,6.56,7.5,6.87,6,3.538
1207,16.09.2010 05:00:00,6.68,6.25,7.43,6.87,6
1208,16.09.2010 06:00:00,6.43,6,7.37,6.87,6
1209,16.09.2010 07:00:00,6.25,5.87,7.31,6.87,6
1210,16.09.2010 08:00:00,6.06,5.62,7.25,6.87,6
1211,16.09.2010 09:00:00,5.93,5.56,7.18,6.87,6
1212,16.09.2010 10:00:00,5.93,5.75,7.12,6.87,5.93,3.539
1213,16.09.2010 11:00:00,6.12,6.25,7.06,6.87,6
1214,16.09.2010 12:00:00,6.56,6.87,7,6.87,5.93
1215,16.09.2010 13:00:00,7.06,7.62,7,6.87,6
1216,16.09.2010 14:00:00,7.5,8.12,7,6.87,6
1217,16.09.2010 15:00:00,7.87,8.43,7,6.87,6
1218,16.09.2010 16:00:00,8.12,8.75,7,6.87,5.93,3.547
1219,16.09.2010 17:00:00,8.31,8.87,7.06,6.87,5.93
1220,16.09.2010 18:00:00,8.31,8.68,7.12,6.81,5.93
1221,16.09.2010 19:00:00,8.25,8.5,7.18,6.81,5.93
1222,16.09.2010 20:00:00,8.12,8.31,7.18,6.81,5.93
1223,16.09.2010 21:00:00,8,8.06,7.25,6.81,5.93
1224,16.09.2010 22:00:00,7.81,7.81,7.25,6.81,5.93,3.539
1225,16.09.2010 23:00:00,7.62,7.56,7.25,6.81,5.93
1226,17.09.2010 00:00:00,7.43,7.37,7.25,6.81,5.93
1227,17.09.2010 01:00:00,7.31,7.18,7.25,6.81,5.93
1228,17.09.2010 02:00:00,7.12,7,7.25,6.81,5.93
1229,17.09.2010 03:00:00,7.06,6.87,7.25,6.81,5.93
1230,17.09.2010 04:00:00,6.87,6.75,7.18,6.75,5.93,3.542
1231,17.09.2010 05:00:00,6.81,6.62,7.18,6.81,5.93
1232,17.09.2010 06:00:00,6.68,6.56,7.18,6.75,5.93
1233,17.09.2010 07:00:00,6.62,6.43,7.12,6.81,5.93
1234,17.09.2010 08:00:00,6.56,6.31,7.06,6.81,5.93
1235,17.09.2010 09:00:00,6.5,6.25,7.06,6.81,5.93
1236,17.09.2010 10:00:00,6.37,6.18,7,6.75,5.93,3.535
1237,17.09.2010 11:00:00,6.31,6.12,7,6.75,5.93
1238,17.09.2010 12:00:00,6.18,6.12,6.93,6.81,5.93
1239,17.09.2010 13:00:00,5.93,6,6.87,6.75,5.93
1240,17.09.2010 14:00:00,6.12,6.12,6.87,6.75,5.93
1241,17.09.2010 15:00:00,6.31,6.31,6.87,6.75,5.93
1242,17.09.2010 16:00:00,6.43,6.5,6.81,6.75,5.93,3.540
1243,17.09.2010 17:00:00,6.56,6.62,6.81,6.75,5.93
1244,17.09.2010 18:00:00,6.68,6.81,6.81,6.75,5.93
1245,17.09.2010 19:00:00,6.81,6.87,6.81,6.75,5.93
1246,17.09.2010 20:00:00,6.81,6.75,6.81,6.68,5.93
1247,17.09.2010 21:00:00,6.68,6.62,6.75,6.68,5.93
1248,17.09.2010 22:00:00,6.62,6.5,6.81,6.68,5.93,3.535
1249,17.09.2010 23:00:00,6.56,6.37,6.81,6.68,5.93
1250,18.09.2010 00:00:00,6.43,6.25,6.75,6.68,5.87
1251,18.09.2010 01:00:00,6.37,6.12,6.75,6.68,5.93
1252,18.09.2010 02:00:00,6.25,6.06,6.75,6.68,5.93
1253,18.09.2010 03:00:00,6.18,5.93,6.68,6.68,5.87
1254,18.09.2010 04:00:00,6.06,5.87,6.68,6.68,5.87,3.533
1255,18.09.2010 05:00:00,6,5.75,6.68,6.68,5.93
1256,18.09.2010 06:00:00,5.93,5.68,6.62,6.62,5.87
1257,18.09.2010 07:00:00,5.81,5.62,6.62,6.62,5.87
1258,18.09.2010 08:00:00,5.75,5.56,6.56,6.62,5.87
1259,18.09.2010 09:00:00,5.68,5.5,6.56,6.62,5.87
1260,18.09.2010 10:00:00,5.62,5.43,6.5,6.62,5.87,3.532
1261,18.09.2010 11:00:00,5.56,5.37,6.5,6.62,5.87
1262,18.09.2010 12:00:00,5.5,5.31,6.43,6.62,5.87
1263,18.09.2010 13:00:00,5.43,5.31,6.43,6.56,5.87
1264,18.09.2010 14:00:00,5.43,5.25,6.37,6.56,5.87
1265,18.09.2010 15:00:00,5.43,5.25,6.37,6.56,5.87
1266,18.09.2010 16:00:00,5.37,5.18,6.31,6.56,5.87,3.536
1267,18.09.2010 17:00:00,5.37,5.12,6.25,6.56,5.87
1268,18.09.2010 18:00:00,5.25,5,6.25,6.56,5.87
1269,18.09.2010 19:00:00,5.18,4.87,6.18,6.56,5.87
1270,18.09.2010 20:00:00,5.12,4.75,6.12,6.56,5.87
1271,18.09.2010 21:00:00,5.06,4.68,6.06,6.5,5.87
1272,18.09.2010 22:00:00,5,4.62,6.06,6.5,5.87,3.532
1273,18.09.2010 23:00:00,4.93,4.56,6,6.5,5.87
1274,19.09.2010 00:00:00,4.87,4.5,5.93,6.5,5.87
1275,19.09.2010 01:00:00,4.81,4.5,5.93,6.5,5.87
1276,19.09.2010 02:00:00,4.75,4.43,5.87,6.43,5.87
1277,19.09.2010 03:00:00,4.68,4.43,5.87,6.43,5.87
1278,19.09.2010 04:00:00,4.62,4.37,5.81,6.43,5.87,3.532
1279,19.09.2010 05:00:00,4.62,4.31,5.81,6.43,5.87
1280,19.09.2010 06:00:00,4.56,4.31,5.75,6.43,5.87
1281,19.09.2010 07:00:00,4.56,4.31,5.75,6.37,5.87
1282,19.09.2010 08:00:00,4.5,4.25,5.68,6.43,5.87
1283,19.09.2010 09:00:00,4.5,4.25,5.68,6.37,5.87
1284,19.09.2010 10:00:00,4.43,4.25,5.68,6.37,5.87,3.525
1285,19.09.2010 11:00:00,4.43,4.18,5.62,6.37,5.87
1286,19.09.2010 12:00:00,4.43,4.25,5.62,6.37,5.87
1287,19.09.2010 13:00:00,4.43,4.25,5.62,6.31,5.87
1288,19.09.2010 14:00:00,4.43,4.18,5.56,6.31,5.81
1289,19.09.2010 15:00:00,4.37,4.12,5.5,6.31,5.81
1290,19.09.2010 16:00:00,4.31,4.06,5.37,6.31,5.87,3.531
1291,19.09.2010 17:00:00,4.31,4.06,5.25,6.31,5.87
1292,19.09.2010 18:00:00,4.31,3.93,5.12,6.25,5.87
1293,19.09.2010 19:00:00,4.25,3.93,5.12,6.18,5.87
1294,19.09.2010 20:00:00,4.18,3.93,5.06,6.18,5.81
1295,19.09.2010 21:00:00,4.18,3.87,5.06,6.18,5.81
1296,19.09.2010 22:00:00,4.12,3.87,5.06,6.18,5.81,3.528
1297,19.09.2010 23:00:00,4.12,3.81,5,6.12,5.87
1298,20.09.2010 00:00:00,4.06,3.81,5.06,6.12,5.81
1299,20.09.2010 01:00:00,4,3.75,5.06,6.12,5.81
1300,20.09.2010 02:00:00,3.93,3.68,5.06,6.06,5.81
1301,20.09.2010 03:00:00,3.87,3.62,5.06,6.06,5.81
1302,20.09.2010 04:00:00,3.81,3.56,5.06,6.06,5.81,3.530
1303,20.09.2010 05:00:00,3.81,3.5,5.06,6.06,5.81
1304,20.09.2010 06:00:00,3.75,3.43,5,6,5.81
1305,20.09.2010 07:00:00,3.68,3.37,5,6,5.81
1306,20.09.2010 08:00:00,3.62,3.37,5,6,5.81
1307,20.09.2010 09:00:00,3.56,3.25,4.93,6,5.81
1308,20.09.2010 10:00:00,3.5,3.25,4.93,6,5.81,3.526
1309,20.09.2010 11:00:00,3.43,3.37,4.93,5.93,5.81
1310,20.09.2010 12:00:00,3.62,3.81,4.87,5.93,5.81
1311,20.09.2010 13:00:00,4.25,4.81,4.87,5.93,5.81
1312,20.09.2010 14:00:00,5.06,5.93,4.93,5.93,5.81
1313,20.09.2010 15:00:00,5.93,7,4.93,5.93,5.81
1314,20.09.2010 16:00:00,6.68,7.68,5,5.87,5.81,3.536
1315,20.09.2010 17:00:00,7.06,8,5.12,5.87,5.75
1316,20.09.2010 18:00:00,7.31,8,5.25,5.87,5.75
1317,20.09.2010 19:00:00,7.31,7.81,5.31,5.87,5.75
1318,20.09.2010 20:00:00,7.12,7.43,5.43,5.81,5.81
1319,20.09.2010 21:00:00,6.87,7,5.56,5.87,5.75
1320,20.09.2010 22:00:00,6.56,6.56,5.62,5.81,5.75,3.532
1321,20.09.2010 23:00:00,6.25,6.18,5.62,5.81,5.75
1322,21.09.2010 00:00:00,6,5.81,5.68,5.81,5.75
1323,21.09.2010 01:00:00,5.75,5.43,5.68,5.81,5.75
1324,21.09.2010 02:00:00,5.43,5.12,5.68,5.81,5.75
1325,21.09.2010 03:00:00,5.25,4.87,5.68,5.81,5.75
1326,21.09.2010 04:00:00,5,4.68,5.62,5.75,5.75,3.528
1327,21.09.2010 05:00:00,4.81,4.5,5.62,5.75,5.75
1328,21.09.2010 06:00:00,4.68,4.31,5.56,5.75,5.75
1329,21.09.2010 07:00:00,4.5,4.12,5.56,5.75,5.75
1330,21.09.2010 08:00:00,4.37,4,5.5,5.75,5.75
1331,21.09.2010 09:00:00,4.25,3.87,5.43,5.75,5.75
1332,21.09.2010 10:00:00,4.12,3.81,5.37,5.75,5.75,3.528
1333,21.09.2010 11:00:00,4.25,4.12,5.37,5.81,5.75
1334,21.09.2010 12:00:00,4.68,4.93,5.31,5.75,5.75
1335,21.09.2010 13:00:00,5.31,5.93,5.31,5.75,5.75
1336,21.09.2010 14:00:00,6,6.81,5.31,5.75,5.68
1337,21.09.2010 15:00:00,6.5,7.37,5.37,5.75,5.68
1338,21.09.2010 16:00:00,6.87,7.62,5.37,5.75,5.68,3.533
1339,21.09.2010 17:00:00,7.18,7.75,5.5,5.75,5.68
1340,21.09.2010 18:00:00,7.25,7.81,5.56,5.75,5.68
1341,21.09.2010 19:00:00,7.31,7.75,5.62,5.75,5.68
1342,21.09.2010 20:00:00,7.25,7.56,5.68,5.75,5.68
1343,21.09.2010 21:00:00,7.12,7.31,5.81,5.68,5.68
1344,21.09.2010 22:00:00,6.93,7,5.81,5.75,5.68,3.533
1345,21.09.2010 23:00:00,6.68,6.68,5.87,5.75,5.68
1346,22.09.2010 00:00:00,6.43,6.37,5.87,5.75,5.68
1347,22.09.2010 01:00:00,6.18,6.06,5.93,5.68,5.68
1348,22.09.2010 02:00:00,5.93,5.75,5.87,5.68,5.68
1349,22.09.2010 03:00:00,5.75,5.5,5.93,5.75,5.68
1350,22.09.2010 04:00:00,5.5,5.25,5.87,5.75,5.68,3.536
1351,22.09.2010 05:00:00,5.31,5.06,5.87,5.68,5.68
1352,22.09.2010 06:00:00,5.18,4.81,5.81,5.75,5.68
1353,22.09.2010 07:00:00,5,4.68,5.75,5.68,5.68
1354,22.09.2010 08:00:00,4.81,4.5,5.75,5.75,5.68
1355,22.09.2010 09:00:00,4.68,4.37,5.68,5.75,5.62
1356,22.09.2010 10:00:00,4.68,4.5,5.68,5.68,5.62,3.531
1357,22.09.2010 11:00:00,4.93,5.06,5.62,5.75,5.62
1358,22.09.2010 12:00:00,5.5,6.06,5.56,5.68,5.62
1359,22.09.2010 13:00:00,6.25,7.12,5.56,5.75,5.62
1360,22.09.2010 14:00:00,7,7.93,5.62,5.75,5.62
1361,22.09.2010 15:00:00,7.43,8.31,5.68,5.75,5.62
1362,22.09.2010 16:00:00,7.68,8.5,5.75,5.75,5.62,3.536
1363,22.09.2010 17:00:00,7.81,8.56,5.81,5.68,5.62
1364,22.09.2010 18:00:00,7.87,8.43,5.93,5.68,5.62
1365,22.09.2010 19:00:00,7.81,8.25,6,5.75,5.62
1366,22.09.2010 20:00:00,7.68,7.93,6.06,5.68,5.62
1367,22.09.2010 21:00:00,7.5,7.56,6.12,5.68,5.62
1368,22.09.2010 22:00:00,7.25,7.25,6.18,5.68,5.62,3.535
1369,22.09.2010 23:00:00,7,7,6.18,5.68,5.62
1370,23.09.2010 00:00:00,6.81,6.68,6.18,5.68,5.62
1371,23.09.2010 01:00:00,6.56,6.43,6.18,5.75,5.62
1372,23.09.2010 02:00:00,6.37,6.25,6.18,5.75,5.62
1373,23.09.2010 03:00:00,6.18,6,6.18,5.75,5.62
1374,23.09.2010 04:00:00,6,5.75,6.18,5.75,5.62,3.531
1375,23.09.2010 05:00:00,5.81,5.56,6.12,5.75,5.62
1376,23.09.2010 06:00:00,5.62,5.37,6.06,5.75,5.62
1377,23.09.2010 07:00:00,5.5,5.25,6.06,5.75,5.56
1378,23.09.2010 08:00:00,5.37,5.12,6,5.75,5.56
1379,23.09.2010 09:00:00,5.25,5,6,5.75,5.56
1380,23.09.2010 10:00:00,5.18,5,5.93,5.75,5.56,3.527
1381,23.09.2010 11:00:00,5.31,5.31,5.87,5.75,5.56
1382,23.09.2010 12:00:00,5.68,5.93,5.87,5.75,5.56
1383,23.09.2010 13:00:00,6.18,6.68,5.87,5.75,5.56
1384,23.09.2010 14:00:00,6.87,7.56,5.87,5.75,5.56
1385,23.09.2010 15:00:00,7.31,8,5.87,5.75,5.56
1386,23.09.2010 16:00:00,7.62,8.12,5.93,5.75,5.56,3.541
1387,23.09.2010 17:00:00,7.62,7.93,6,5.75,5.56
1388,23.09.2010 18:00:00,7.5,7.62,6.06,5.75,5.56
1389,23.09.2010 19:00:00,7.31,7.37,6.12,5.75,5.56
1390,23.09.2010 20:00:00,7.12,7.12,6.12,5.75,5.56
1391,23.09.2010 21:00:00,6.93,6.87,6.18,5.75,5.56
1392,23.09.2010 22:00:00,6.75,6.68,6.18,5.75,5.56,3.534
1393,23.09.2010 23:00:00,6.62,6.5,6.18,5.75,5.56
1394,24.09.2010 00:00:00,6.43,6.25,6.18,5.75,5.56
1395,24.09.2010 01:00:00,6.31,6.06,6.18,5.75,5.56
1396,24.09.2010 02:00:00,6.12,5.93,6.18,5.75,5.56
1397,24.09.2010 03:00:00,6,5.81,6.12,5.75,5.56
1398,24.09.2010 04:00:00,5.87,5.62,6.12,5.75,5.56,3.536
1399,24.09.2010 05:00:00,5.75,5.5,6.12,5.75,5.56
1400,24.09.2010 06:00:00,5.62,5.37,6.06,5.75,5.56
1401,24.09.2010 07:00:00,5.5,5.31,6.06,5.75,5.5
1402,24.09.2010 08:00:00,5.43,5.12,6,5.75,5.5
1403,24.09.2010 09:00:00,5.31,4.93,5.93,5.75,5.5
1404,24.09.2010 10:00:00,5.12,4.87,5.93,5.81,5.56,3.533
1405,24.09.2010 11:00:00,5.12,4.93,5.93,5.75,5.5
1406,24.09.2010 12:00:00,5.25,5.18,5.87,5.75,5.5
1407,24.09.2010 13:00:00,5.5,5.68,5.81,5.75,5.5
1408,24.09.2010 14:00:00,5.93,6.31,5.81,5.75,5.56
1409,24.09.2010 15:00:00,6.25,6.68,5.81,5.75,5.5
1410,24.09.2010 16:00:00,6.5,6.87,5.81,5.75,5.5,3.532
1411,24.09.2010 17:00:00,6.62,6.93,5.87,5.75,5.5
1412,24.09.2010 18:00:00,6.75,6.93,5.87,5.75,5.5
1413,24.09.2010 19:00:00,6.68,6.87,5.87,5.75,5.5
1414,24.09.2010 20:00:00,6.62,6.75,5.93,5.75,5.56
1415,24.09.2010 21:00:00,6.56,6.56,5.93,5.75,5.5
1416,24.09.2010 22:00:00,6.43,6.43,6,5.75,5.56,3.538
1417,24.09.2010 23:00:00,6.31,6.18,6,5.75,5.56
1418,25.09.2010 00:00:00,6.12,6.06,6,5.75,5.5
1419,25.09.2010 01:00:00,6,5.87,6,5.75,5.5
1420,25.09.2010 02:00:00,5.87,5.75,6,5.75,5.5
1421,25.09.2010 03:00:00,5.75,5.62,5.93,5.75,5.5
1422,25.09.2010 04:00:00,5.68,5.5,5.93,5.75,5.5,3.529
1423,25.09.2010 05:00:00,5.56,5.43,5.93,5.75,5.5
1424,25.09.2010 06:00:00,5.5,5.31,5.87,5.75,5.5
1425,25.09.2010 07:00:00,5.37,5.25,5.87,5.75,5.5
1426,25.09.2010 08:00:00,5.37,5.18,5.87,5.75,5.5
1427,25.09.2010 09:00:00,5.25,5.12,5.81,5.75,5.5
1428,25.09.2010 10:00:00,5.18,5.06,5.81,5.75,5.5,3.532
1429,25.09.2010 11:00:00,5.12,5,5.81,5.75,5.5
1430,25.09.2010 12:00:00,5.06,4.93,5.75,5.75,5.5
1431,25.09.2010 13:00:00,5.12,5.06,5.75,5.75,5.5
1432,25.09.2010 14:00:00,5.25,5.37,5.68,5.75,5.5
1433,25.09.2010 15:00:00,5.43,5.68,5.62,5.75,5.5
1434,25.09.2010 16:00:00,5.68,5.93,5.68,5.68,5.5,3.527
1435,25.09.2010 17:00:00,5.93,6.18,5.68,5.75,5.5
1436,25.09.2010 18:00:00,6.06,6.37,5.68,5.68,5.5
1437,25.09.2010 19:00:00,6.12,6.31,5.68,5.75,5.5
1438,25.09.2010 20:00:00,6.06,6.12,5.75,5.75,5.5
1439,25.09.2010 21:00:00,5.93,5.93,5.75,5.68,5.5
1440,25.09.2010 22:00:00,5.75,5.62,5.75,5.68,5.5,3.530
1441,25.09.2010 23:00:00,5.5,5.37,5.75,5.68,5.5
1442,26.09.2010 00:00:00,5.37,5.18,5.75,5.68,5.5
1443,26.09.2010 01:00:00,5.18,5,5.75,5.68,5.5
1444,26.09.2010 02:00:00,5.06,4.81,5.68,5.68,5.5
1445,26.09.2010 03:00:00,4.87,4.62,5.68,5.68,5.5
1446,26.09.2010 04:00:00,4.75,4.5,5.62,5.68,5.5,3.524
1447,26.09.2010 05:00:00,4.62,4.31,5.62,5.68,5.5
1448,26.09.2010 06:00:00,4.43,4.18,5.56,5.68,5.43
1449,26.09.2010 07:00:00,4.31,4,5.5,5.68,5.5
1450,26.09.2010 08:00:00,4.18,3.87,5.43,5.68,5.5
1451,26.09.2010 09:00:00,4.06,3.75,5.43,5.68,5.5
1452,26.09.2010 10:00:00,4,3.68,5.37,5.68,5.5,3.527
1453,26.09.2010 11:00:00,4.06,3.93,5.31,5.68,5.43
1454,26.09.2010 12:00:00,4.37,4.62,5.25,5.62,5.5
1455,26.09.2010 13:00:00,4.93,5.43,5.25,5.62,5.43
1456,26.09.2010 14:00:00,5.56,6.31,5.25,5.62,5.43
1457,26.09.2010 15:00:00,6.12,6.87,5.25,5.62,5.43
1458,26.09.2010 16:00:00,6.37,7.06,5.31,5.62,5.5,3.535
1459,26.09.2010 17:00:00,6.5,7.06,5.37,5.62,5.43
1460,26.09.2010 18:00:00,6.56,7,5.43,5.62,5.43
1461,26.09.2010 19:00:00,6.5,6.81,5.5,5.62,5.43
1462,26.09.2010 20:00:00,6.43,6.62,5.5,5.62,5.43
1463,26.09.2010 21:00:00,6.25,6.37,5.56,5.56,5.43
1464,26.09.2010 22:00:00,6.12,6.18,5.62,5.56,5.43,3.535
1465,26.09.2010 23:00:00,5.93,5.93,5.62,5.56,5.43
1466,27.09.2010 00:00:00,5.75,5.68,5.62,5.56,5.43
1467,27.09.2010 01:00:00,5.56,5.43,5.62,5.56,5.43
1468,27.09.2010 02:00:00,5.37,5.18,5.62,5.56,5.43
1469,27.09.2010 03:00:00,5.18,5,5.62,5.56,5.43
1470,27.09.2010 04:00:00,5,4.75,5.56,5.56,5.43,3.526
1471,27.09.2010 05:00:00,4.81,4.56,5.56,5.56,5.43
1472,27.09.2010 06:00:00,4.62,4.37,5.5,5.56,5.43
1473,27.09.2010 07:00:00,4.5,4.18,5.5,5.56,5.43
1474,27.09.2010 08:00:00,4.31,4.06,5.43,5.56,5.43
1475,27.09.2010 09:00:00,4.18,3.87,5.37,5.56,5.43
1476,27.09.2010 10:00:00,4.12,3.81,5.31,5.56,5.43,3.527
1477,27.09.2010 11:00:00,4.12,4.06,5.31,5.56,5.43
1478,27.09.2010 12:00:00,4.5,4.68,5.25,5.56,5.43
1479,27.09.2010 13:00:00,5.06,5.56,5.25,5.56,5.43
1480,27.09.2010 14:00:00,5.62,6.31,5.18,5.5,5.37
1481,27.09.2010 15:00:00,6.12,6.87,5.25,5.5,5.43
1482,27.09.2010 16:00:00,6.56,7.37,5.31,5.5,5.43,3.532
1483,27.09.2010 17:00:00,6.87,7.56,5.37,5.5,5.43
1484,27.09.2010 18:00:00,6.93,7.5,5.43,5.5,5.43
1485,27.09.2010 19:00:00,6.87,7.25,5.5,5.5,5.43
1486,27.09.2010 20:00:00,6.75,6.93,5.5,5.5,5.43
1487,27.09.2010 21:00:00,6.5,6.56,5.56,5.5,5.43
1488,27.09.2010 22:00:00,6.25,6.18,5.62,5.5,5.43,3.534
1489,27.09.2010 23:00:00,5.93,5.93,5.62,5.5,5.43
1490,28.09.2010 00:00:00,5.75,5.56,5.62,5.5,5.43
1491,28.09.2010 01:00:00,5.5,5.31,5.62,5.43,5.43
1492,28.09.2010 02:00:00,5.25,5,5.62,5.43,5.43
1493,28.09.2010 03:00:00,5.06,4.81,5.56,5.5,5.43
1494,28.09.2010 04:00:00,4.87,4.62,5.56,5.5,5.37,3.528
1495,28.09.2010 05:00:00,4.68,4.5,5.5,5.5,5.43
1496,28.09.2010 06:00:00,4.62,4.31,5.5,5.43,5.43
1497,28.09.2010 07:00:00,4.43,4.18,5.43,5.5,5.37
1498,28.09.2010 08:00:00,4.31,4,5.37,5.43,5.37
1499,28.09.2010 09:00:00,4.18,3.87,5.37,5.43,5.37
1500,28.09.2010 10:00:00,4.12,3.93,5.31,5.5,5.37,3.528
1501,28.09.2010 11:00:00,4.25,4.31,5.25,5.5,5.37
1502,28.09.2010 12:00:00,4.68,4.93,5.18,5.43,5.37
1503,28.09.2010 13:00:00,5.18,5.75,5.18,5.43,5.37
1504,28.09.2010 14:00:00,5.81,6.5,5.18,5.43,5.37
1505,28.09.2010 15:00:00,6.31,7.06,5.25,5.43,5.37
1506,28.09.2010 16:00:00,6.62,7.37,5.31,5.43,5.37,3.529
1507,28.09.2010 17:00:00,6.81,7.5,5.31,5.43,5.37
1508,28.09.2010 18:00:00,6.87,7.43,5.37,5.43,5.37
1509,28.09.2010 19:00:00,6.81,7.18,5.5,5.43,5.37
1510,28.09.2010 20:00:00,6.62,6.87,5.56,5.43,5.37
1511,28.09.2010 21:00:00,6.43,6.56,5.56,5.43,5.37
1512,28.09.2010 22:00:00,6.25,6.25,5.62,5.43,5.37,3.530
1513,28.09.2010 23:00:00,6,6,5.62,5.43,5.37
1514,29.09.2010 00:00:00,5.81,5.62,5.62,5.37,5.37
1515,29.09.2010 01:00:00,5.56,5.31,5.62,5.43,5.37
1516,29.09.2010 02:00:00,5.31,5.06,5.62,5.43,5.37
1517,29.09.2010 03:00:00,5.06,4.81,5.56,5.43,5.37
1518,29.09.2010 04:00:00,4.87,4.56,5.5,5.37,5.37,3.528
1519,29.09.2010 05:00:00,4.68,4.37,5.5,5.43,5.37
1520,29.09.2010 06:00:00,4.5,4.18,5.43,5.37,5.37
1521,29.09.2010 07:00:00,4.31,4,5.37,5.43,5.37
1522,29.09.2010 08:00:00,4.18,3.87,5.31,5.37,5.37
1523,29.09.2010 09:00:00,4.06,3.68,5.31,5.43,5.37
1524,29.09.2010 10:00:00,4,3.68,5.25,5.37,5.37,3.522
1525,29.09.2010 11:00:00,4,3.93,5.18,5.37,5.37
1526,29.09.2010 12:00:00,4.43,4.68,5.12,5.43,5.37
1527,29.09.2010 13:00:00,5.06,5.68,5.12,5.43,5.37
1528,29.09.2010 14:00:00,5.87,6.81,5.12,5.37,5.37
1529,29.09.2010 15:00:00,6.68,7.62,5.18,5.37,5.37
1530,29.09.2010 16:00:00,7.25,8.25,5.25,5.37,5.37,3.530
1531,29.09.2010 17:00:00,7.62,8.43,5.31,5.37,5.31
1532,29.09.2010 18:00:00,7.75,8.25,5.37,5.37,5.31
1533,29.09.2010 19:00:00,7.68,7.93,5.5,5.37,5.37
1534,29.09.2010 20:00:00,7.5,7.56,5.56,5.37,5.37
1535,29.09.2010 21:00:00,7.25,7.18,5.62,5.37,5.31
1536,29.09.2010 22:00:00,6.93,6.81,5.68,5.37,5.31,3.539
1537,29.09.2010 23:00:00,6.62,6.37,5.68,5.37,5.31
1538,30.09.2010 00:00:00,6.31,6.06,5.75,5.37,5.31
1539,30.09.2010 01:00:00,6.06,5.68,5.75,5.37,5.31
1540,30.09.2010 02:00:00,5.75,5.37,5.75,5.37,5.31
1541,30.09.2010 03:00:00,5.5,5.06,5.68,5.37,5.31
1542,30.09.2010 04:00:00,5.25,4.81,5.68,5.37,5.31,3.529
1543,30.09.2010 05:00:00,5,4.62,5.62,5.37,5.31
1544,30.09.2010 06:00:00,4.81,4.37,5.56,5.37,5.31
1545,30.09.2010 07:00:00,4.56,4.18,5.56,5.37,5.31
1546,30.09.2010 08:00:00,4.43,4.06,5.5,5.37,5.31
1547,30.09.2010 09:00:00,4.25,3.87,5.43,5.37,5.31
1548,30.09.2010 10:00:00,4.12,3.81,5.37,5.31,5.31,3.522
1549,30.09.2010 11:00:00,4.25,4.12,5.31,5.37,5.31
1550,30.09.2010 12:00:00,4.68,4.93,5.31,5.37,5.31
1551,30.09.2010 13:00:00,5.37,6,5.25,5.37,5.31
1552,30.09.2010 14:00:00,6.25,7.12,5.31,5.37,5.31
1553,30.09.2010 15:00:00,7,8.06,5.31,5.37,5.31
1554,30.09.2010 16:00:00,7.56,8.56,5.37,5.37,5.31,3.532
1555,30.09.2010 17:00:00,7.93,8.81,5.43,5.37,5.31
1556,30.09.2010 18:00:00,8.12,8.75,5.5,5.37,5.31
1557,30.09.2010 19:00:00,8.06,8.43,5.62,5.37,5.31
1558,30.09.2010 20:00:00,7.87,8.06,5.75,5.37,5.31
1559,30.09.2010 21:00:00,7.62,7.68,5.81,5.37,5.31
1560,30.09.2010 22:00:00,7.37,7.31,5.87,5.37,5.31,3.534
1561,30.09.2010 23:00:00,7.06,6.93,5.93,5.37,5.31
1562,01.10.2010 00:00:00,6.75,6.56,5.93,5.37,5.31
1563,01.10.2010 01:00:00,6.5,6.25,5.93,5.37,5.31
1564,01.10.2010 02:00:00,6.18,5.93,5.93,5.37,5.31
1565,01.10.2010 03:00:00,6,5.68,5.93,5.37,5.31
1566,01.10.2010 04:00:00,5.75,5.43,5.87,5.37,5.31,3.527
1567,01.10.2010 05:00:00,5.56,5.25,5.87,5.37,5.31
1568,01.10.2010 06:00:00,5.37,5.12,5.81,5.37,5.31
1569,01.10.2010 07:00:00,5.25,4.93,5.81,5.37,5.31
1570,01.10.2010 08:00:00,5.12,4.81,5.75,5.37,5.31
1571,01.10.2010 09:00:00,5.06,4.75,5.68,5.37,5.31
1572,01.10.2010 10:00:00,5,4.75,5.68,5.37,5.25,3.530
1573,01.10.2010 11:00:00,5.06,4.93,5.62,5.37,5.31
1574,01.10.2010 12:00:00,5.12,5.12,5.56,5.43,5.31
1575,01.10.2010 13:00:00,5.25,5.31,5.56,5.37,5.31
1576,01.10.2010 14:00:00,5.37,5.43,5.56,5.37,5.25
1577,01.10.2010 15:00:00,5.43,5.5,5.56,5.43,5.31
1578,01.10.2010 16:00:00,5.56,5.62,5.5,5.43,5.31,3.527
1579,01.10.2010 17:00:00,5.62,5.81,5.5,5.37,5.25
1580,01.10.2010 18:00:00,5.75,5.93,5.5,5.37,5.25
1581,01.10.2010 19:00:00,5.81,5.93,5.5,5.37,5.25
1582,01.10.2010 20:00:00,5.81,5.87,5.56,5.37,5.31
1583,01.10.2010 21:00:00,5.75,5.68,5.56,5.43,5.31
1584,01.10.2010 22:00:00,5.62,5.5,5.56,5.37,5.25,3.532
1585,01.10.2010 23:00:00,5.5,5.37,5.56,5.43,5.25
1586,02.10.2010 00:00:00,5.31,5.18,5.5,5.43,5.31
1587,02.10.2010 01:00:00,5.18,4.93,5.5,5.43,5.31
1588,02.10.2010 02:00:00,5,4.81,5.5,5.37,5.25
1589,02.10.2010 03:00:00,4.81,4.56,5.43,5.43,5.25
1590,02.10.2010 04:00:00,4.68,4.37,5.43,5.37,5.25,3.531
1591,02.10.2010 05:00:00,4.5,4.18,5.37,5.43,5.25
1592,02.10.2010 06:00:00,4.31,4,5.37,5.37,5.25
1593,02.10.2010 07:00:00,4.25,3.87,5.31,5.37,5.25
1594,02.10.2010 08:00:00,4.06,3.75,5.25,5.37,5.25
1595,02.10.2010 09:00:00,4,3.68,5.18,5.37,5.25
1596,02.10.2010 10:00:00,3.93,3.62,5.18,5.37,5.25,3.521
1597,02.10.2010 11:00:00,4.06,4,5.12,5.37,5.25
1598,02.10.2010 12:00:00,4.5,4.68,5.06,5.37,5.25
1599,02.10.2010 13:00:00,5.06,5.68,5.06,5.37,5.25
1600,02.10.2010 14:00:00,5.81,6.62,5.06,5.37,5.25
1601,02.10.2010 15:00:00,6.43,7.31,5.12,5.37,5.25
1602,02.10.2010 16:00:00,6.87,7.68,5.18,5.37,5.25,3.538
1603,02.10.2010 17:00:00,7.12,7.75,5.25,5.37,5.25
1604,02.10.2010 18:00:00,7.18,7.68,5.31,5.31,5.25
1605,02.10.2010 19:00:00,7.18,7.5,5.43,5.37,5.25
1606,02.10.2010 20:00:00,7.06,7.25,5.5,5.31,5.25
1607,02.10.2010 21:00:00,6.81,6.93,5.56,5.31,5.25
1608,02.10.2010 22:00:00,6.56,6.5,5.56,5.31,5.25,3.530
1609,02.10.2010 23:00:00,6.25,6.12,5.62,5.31,5.25
1610,03.10.2010 00:00:00,6,5.75,5.62,5.31,5.25
1611,03.10.2010 01:00:00,5.68,5.43,5.62,5.31,5.25
1612,03.10.2010 02:00:00,5.43,5.12,5.62,5.31,5.25
1613,03.10.2010 03:00:00,5.18,4.81,5.62,5.31,5.25
1614,03.10.2010 04:00:00,4.93,4.56,5.56,5.31,5.25,3.529
1615,03.10.2010 05:00:00,4.75,4.37,5.5,5.31,5.25
1616,03.10.2010 06:00:00,4.56,4.12,5.43,5.31,5.25
1617,03.10.2010 07:00:00,4.31,3.93,5.43,5.31,5.25
1618,03.10.2010 08:00:00,4.18,3.81,5.31,5.31,5.25
1619,03.10.2010 09:00:00,4.06,3.62,5.31,5.31,5.25
1620,03.10.2010 10:00:00,3.93,3.62,5.25,5.31,5.25,3.520
1621,03.10.2010 11:00:00,4.06,4,5.18,5.31,5.25
1622,03.10.2010 12:00:00,4.5,4.81,5.12,5.31,5.25
1623,03.10.2010 13:00:00,5.25,5.93,5.12,5.31,5.25
1624,03.10.2010 14:00:00,6.06,7.06,5.12,5.31,5.25
1625,03.10.2010 15:00:00,6.75,7.87,5.18,5.31,5.25
1626,03.10.2010 16:00:00,7.31,8.37,5.25,5.31,5.25,3.531
1627,03.10.2010 17:00:00,7.68,8.5,5.31,5.31,5.25
1628,03.10.2010 18:00:00,7.75,8.37,5.43,5.31,5.25
1629,03.10.2010 19:00:00,7.62,8,5.5,5.31,5.25
1630,03.10.2010 20:00:00,7.43,7.62,5.56,5.31,5.25
1631,03.10.2010 21:00:00,7.18,7.18,5.68,5.31,5.25
1632,03.10.2010 22:00:00,6.87,6.75,5.68,5.25,5.25,3.531
1633,03.10.2010 23:00:00,6.56,6.31,5.75,5.31,5.25
1634,04.10.2010 00:00:00,6.18,5.93,5.75,5.31,5.25
1635,04.10.2010 01:00:00,5.87,5.56,5.75,5.25,5.25
1636,04.10.2010 02:00:00,5.62,5.25,5.68,5.25,5.25
1637,04.10.2010 03:00:00,5.31,4.93,5.68,5.31,5.25
1638,04.10.2010 04:00:00,5.06,4.68,5.62,5.31,5.25,3.530
1639,04.10.2010 05:00:00,4.87,4.43,5.62,5.31,5.25
1640,04.10.2010 06:00:00,4.62,4.25,5.56,5.31,5.25
1641,04.10.2010 07:00:00,4.5,4.06,5.5,5.31,5.18
1642,04.10.2010 08:00:00,4.25,3.87,5.43,5.31,5.25
1643,04.10.2010 09:00:00,4.12,3.68,5.37,5.31,5.18
1644,04.10.2010 10:00:00,4,3.75,5.31,5.31,5.25,3.523
1645,04.10.2010 11:00:00,4.25,4.18,5.25,5.31,5.25
1646,04.10.2010 12:00:00,4.68,5.06,5.25,5.31,5.25
1647,04.10.2010 13:00:00,5.43,6.12,5.18,5.31,5.18
1648,04.10.2010 14:00:00,6.25,7.31,5.18,5.31,5.18
1649,04.10.2010 15:00:00,7.06,8.18,5.25,5.31,5.25
1650,04.10.2010 16:00:00,7.68,8.75,5.31,5.31,5.18,3.538
1651,04.10.2010 17:00:00,8.06,8.93,5.43,5.31,5.18
1652,04.10.2010 18:00:00,8.18,8.75,5.5,5.31,5.18
1653,04.10.2010 19:00:00,8.06,8.43,5.62,5.31,5.18
1654,04.10.2010 20:00:00,7.81,7.93,5.68,5.31,5.18
1655,04.10.2010 21:00:00,7.5,7.43,5.75,5.31,5.18
1656,04.10.2010 22:00:00,7.18,7,5.81,5.31,5.18,3.530
1657,04.10.2010 23:00:00,6.81,6.56,5.87,5.31,5.18
1658,05.10.2010 00:00:00,6.43,6.18,5.87,5.31,5.18
1659,05.10.2010 01:00:00,6.12,5.81,5.87,5.31,5.18
1660,05.10.2010 02:00:00,5.87,5.43,5.87,5.31,5.18
1661,05.10.2010 03:00:00,5.56,5.18,5.81,5.31,5.18
1662,05.10.2010 04:00:00,5.25,4.87,5.81,5.31,5.18,3.530
1663,05.10.2010 05:00:00,5,4.56,5.75,5.31,5.18
1664,05.10.2010 06:00:00,4.81,4.37,5.68,5.31,5.18
1665,05.10.2010 07:00:00,4.56,4.12,5.62,5.31,5.18
1666,05.10.2010 08:00:00,4.37,3.93,5.56,5.31,5.18
1667,05.10.2010 09:00:00,4.25,3.81,5.5,5.31,5.18
1668,05.10.2010 10:00:00,4.12,3.87,5.43,5.31,5.18,3.523
1669,05.10.2010 11:00:00,4.37,4.37,5.37,5.31,5.18
1670,05.10.2010 12:00:00,4.87,5.18,5.31,5.31,5.18
1671,05.10.2010 13:00:00,5.5,6.12,5.31,5.31,5.18
1672,05.10.2010 14:00:00,6.18,7,5.31,5.31,5.18
1673,05.10.2010 15:00:00,6.81,7.75,5.37,5.31,5.18
1674,05.10.2010 16:00:00,7.31,8.25,5.43,5.31,5.18,3.536
1675,05.10.2010 17:00:00,7.56,8.31,5.5,5.31,5.18
1676,05.10.2010 18:00:00,7.56,8.12,5.56,5.31,5.18
1677,05.10.2010 19:00:00,7.43,7.81,5.62,5.31,5.18
1678,05.10.2010 20:00:00,7.31,7.5,5.68,5.31,5.18
1679,05.10.2010 21:00:00,7.06,7.12,5.75,5.31,5.18
1680,05.10.2010 22:00:00,6.81,6.75,5.81,5.31,5.18,3.532
1681,05.10.2010 23:00:00,6.56,6.43,5.81,5.31,5.18
1682,06.10.2010 00:00:00,6.31,6.18,5.81,5.31,5.18
1683,06.10.2010 01:00:00,6.18,6,5.87,5.31,5.18
1684,06.10.2010 02:00:00,6,5.81,5.87,5.31,5.18
1685,06.10.2010 03:00:00,5.81,5.62,5.81,5.31,5.18
1686,06.10.2010 04:00:00,5.62,5.37,5.81,5.31,5.18,3.529
1687,06.10.2010 05:00:00,5.43,5.25,5.75,5.31,5.18
1688,06.10.2010 06:00:00,5.31,5.06,5.75,5.31,5.18
1689,06.10.2010 07:00:00,5.18,4.93,5.68,5.31,5.18
1690,06.10.2010 08:00:00,5.06,4.81,5.62,5.31,5.18
1691,06.10.2010 09:00:00,5,4.75,5.62,5.31,5.18
1692,06.10.2010 10:00:00,4.93,4.87,5.56,5.31,5.18,3.523
1693,06.10.2010 11:00:00,5.18,5.31,5.56,5.31,5.18
1694,06.10.2010 12:00:00,5.62,6.12,5.5,5.37,5.18
1695,06.10.2010 13:00:00,6.31,7,5.5,5.31,5.18
1696,06.10.2010 14:00:00,6.87,7.75,5.56,5.37,5.18
1697,06.10.2010 15:00:00,7.37,8.31,5.62,5.37,5.18
1698,06.10.2010 16:00:00,7.68,8.5,5.62,5.37,5.18,3.532
1699,06.10.2010 17:00:00,7.87,8.5,5.75,5.31,5.18
1700,06.10.2010 18:00:00,7.87,8.43,5.81,5.31,5.18
1701,06.10.2010 19:00:00,7.75,8.18,5.87,5.37,5.18
1702,06.10.2010 20:00:00,7.62,7.87,5.93,5.31,5.18
1703,06.10.2010 21:00:00,7.37,7.5,6,5.37,5.18
1704,06.10.2010 22:00:00,7.12,7.12,6.06,5.37,5.18,3.533
1705,06.10.2010 23:00:00,6.87,6.75,6.06,5.37,5.18
1706,07.10.2010 00:00:00,6.62,6.43,6.06,5.31,5.18
1707,07.10.2010 01:00:00,6.37,6.18,6.06,5.31,5.18
1708,07.10.2010 02:00:00,6.12,5.93,6,5.37,5.18
1709,07.10.2010 03:00:00,5.93,5.68,6,5.37,5.18
1710,07.10.2010 04:00:00,5.75,5.56,6,5.37,5.18,3.529
1711,07.10.2010 05:00:00,5.56,5.37,5.93,5.37,5.12
1712,07.10.2010 06:00:00,5.43,5.18,5.87,5.37,5.18
1713,07.10.2010 07:00:00,5.25,5.06,5.87,5.37,5.18
1714,07.10.2010 08:00:00,5.12,4.87,5.81,5.37,5.18
1715,07.10.2010 09:00:00,5.06,4.81,5.75,5.37,5.18
1716,07.10.2010 10:00:00,5,4.81,5.68,5.37,5.18,3.521
1717,07.10.2010 11:00:00,5.06,5,5.68,5.37,5.18
1718,07.10.2010 12:00:00,5.25,5.37,5.62,5.37,5.18
1719,07.10.2010 13:00:00,5.56,5.75,5.62,5.37,5.18
1720,07.10.2010 14:00:00,5.81,6.12,5.62,5.43,5.18
1721,07.10.2010 15:00:00,6.06,6.43,5.62,5.37,5.18
1722,07.10.2010 16:00:00,6.18,6.5,5.62,5.43,5.18,3.531
1723,07.10.2010 17:00:00,6.25,6.43,5.68,5.37,5.18
1724,07.10.2010 18:00:00,6.18,6.37,5.68,5.43,5.18
1725,07.10.2010 19:00:00,6.12,6.18,5.68,5.37,5.18
1726,07.10.2010 20:00:00,6,6.06,5.68,5.37,5.18
1727,07.10.2010 21:00:00,5.87,5.87,5.68,5.37,5.18
1728,07.10.2010 22:00:00,5.75,5.75,5.68,5.37,5.18,3.528
1729,07.10.2010 23:00:00,5.68,5.56,5.68,5.37,5.18
1730,08.10.2010 00:00:00,5.56,5.5,5.68,5.37,5.18
1731,08.10.2010 01:00:00,5.43,5.37,5.68,5.37,5.18
1732,08.10.2010 02:00:00,5.37,5.31,5.62,5.37,5.18
1733,08.10.2010 03:00:00,5.31,5.18,5.62,5.37,5.18
1734,08.10.2010 04:00:00,5.25,5.12,5.62,5.37,5.18,3.523
1735,08.10.2010 05:00:00,5.18,5.06,5.56,5.37,5.18
1736,08.10.2010 06:00:00,5.12,5,5.56,5.43,5.18
1737,08.10.2010 07:00:00,5,4.93,5.5,5.37,5.12
1738,08.10.2010 08:00:00,5,4.87,5.5,5.37,5.18
1739,08.10.2010 09:00:00,4.93,4.81,5.43,5.37,5.12
1740,08.10.2010 10:00:00,4.87,4.75,5.43,5.37,5.12,3.522
1741,08.10.2010 11:00:00,4.87,4.75,5.37,5.37,5.18
1742,08.10.2010 12:00:00,4.81,4.75,5.37,5.37,5.12
1743,08.10.2010 13:00:00,4.75,4.68,5.37,5.37,5.12
1744,08.10.2010 14:00:00,4.31,4.5,5.31,5.37,5.12
1745,08.10.2010 15:00:00,4.37,4.56,5.31,5.37,5.18
1746,08.10.2010 16:00:00,4.56,4.62,5.25,5.37,5.12,3.520
1747,08.10.2010 17:00:00,4.62,4.68,5.25,5.37,5.18
1748,08.10.2010 18:00:00,4.62,4.68,5.18,5.37,5.18
1749,08.10.2010 19:00:00,4.68,4.62,5.18,5.37,5.12
1750,08.10.2010 20:00:00,4.62,4.56,5.18,5.37,5.12
1751,08.10.2010 21:00:00,4.62,4.5,5.18,5.37,5.18
1752,08.10.2010 22:00:00,4.5,4.43,5.18,5.37,5.18,3.520
1753,08.10.2010 23:00:00,4.5,4.37,5.18,5.31,5.12
1754,09.10.2010 00:00:00,4.43,4.37,5.12,5.31,5.12
1755,09.10.2010 01:00:00,4.43,4.31,5.12,5.31,5.12
1756,09.10.2010 02:00:00,4.37,4.25,5.06,5.31,5.18
1757,09.10.2010 03:00:00,4.31,4.18,5.06,5.31,5.12
1758,09.10.2010 04:00:00,4.25,4.18,5.06,5.31,5.12,3.525
1759,09.10.2010 05:00:00,4.25,4.12,5.06,5.31,5.12
1760,09.10.2010 06:00:00,4.25,4.06,5,5.31,5.12
1761,09.10.2010 07:00:00,4.18,4.06,5,5.31,5.18
1762,09.10.2010 08:00:00,4.12,4.06,5,5.31,5.18
1763,09.10.2010 09:00:00,4.12,4,4.93,5.25,5.12
1764,09.10.2010 10:00:00,4.06,3.93,4.93,5.25,5.18,3.519
1765,09.10.2010 11:00:00,4.06,3.93,4.93,5.25,5.12
1766,09.10.2010 12:00:00,4.06,3.93,4.87,5.25,5.12
1767,09.10.2010 13:00:00,4,3.93,4.87,5.25,5.12
1768,09.10.2010 14:00:00,4,3.93,4.81,5.25,5.12
1769,09.10.2010 15:00:00,3.81,3.93,4.81,5.25,5.18
1770,09.10.2010 16:00:00,3.75,3.87,4.81,5.25,5.12,3.522
1771,09.10.2010 17:00:00,3.87,4,4.75,5.25,5.18
1772,09.10.2010 18:00:00,4,4.12,4.75,5.25,5.12
1773,09.10.2010 19:00:00,4.06,4.18,4.75,5.18,5.12
1774,09.10.2010 20:00:00,4.06,4.12,4.75,5.18,5.18
1775,09.10.2010 21:00:00,4.06,4,4.75,5.18,5.12
1776,09.10.2010 22:00:00,4,3.87,4.75,5.18,5.12,3.524
1777,09.10.2010 23:00:00,3.87,3.81,4.75,5.18,5.12
1778,10.10.2010 00:00:00,3.81,3.68,4.68,5.18,5.12
1779,10.10.2010 01:00:00,3.75,3.56,4.68,5.18,5.12
1780,10.10.2010 02:00:00,3.68,3.5,4.62,5.18,5.12
1781,10.10.2010 03:00:00,3.62,3.37,4.62,5.12,5.12
1782,10.10.2010 04:00:00,3.5,3.25,4.62,5.12,5.12,3.516
1783,10.10.2010 05:00:00,3.37,3.18,4.56,5.12,5.12
1784,10.10.2010 06:00:00,3.31,3.06,4.56,5.12,5.12
1785,10.10.2010 07:00:00,3.25,3,4.56,5.12,5.12
1786,10.10.2010 08:00:00,3.18,2.93,4.5,5.12,5.12
1787,10.10.2010 09:00:00,3.12,2.81,4.43,5.12,5.18
1788,10.10.2010 10:00:00,3.06,2.75,4.43,5.12,5.12,3.521
1789,10.10.2010 11:00:00,3.06,2.87,4.37,5.12,5.12
1790,10.10.2010 12:00:00,3.25,3.31,4.31,5.12,5.12
1791,10.10.2010 13:00:00,3.75,4.06,4.31,5.06,5.12
1792,10.10.2010 14:00:00,4.31,4.75,4.31,5.06,5.12
1793,10.10.2010 15:00:00,4.93,5.5,4.31,5.06,5.12
1794,10.10.2010 16:00:00,5.37,5.93,4.37,5.06,5.12,3.522
1795,10.10.2010 17:00:00,5.62,6.12,4.43,5.06,5.12
1796,10.10.2010 18:00:00,5.75,6.06,4.43,5,5.12
1797,10.10.2010 19:00:00,5.68,5.87,4.5,5,5.12
1798,10.10.2010 20:00:00,5.5,5.56,4.56,5,5.12
1799,10.10.2010 21:00:00,5.31,5.31,4.68,5,5.12
1800,10.10.2010 22:00:00,5.12,4.93,4.68,5,5.12,3.527
1801,10.10.2010 23:00:00,4.87,4.62,4.68,5,5.12
1802,11.10.2010 00:00:00,4.62,4.37,4.68,4.93,5.12
1803,11.10.2010 01:00:00,4.43,4.12,4.68,4.93,5.12
1804,11.10.2010 02:00:00,4.18,3.87,4.68,5,5.12
1805,11.10.2010 03:00:00,4,3.68,4.68,4.93,5.12
1806,11.10.2010 04:00:00,3.87,3.56,4.62,4.93,5.12,3.518
1807,11.10.2010 05:00:00,3.75,3.37,4.62,4.93,5.12
1808,11.10.2010 06:00:00,3.62,3.25,4.56,4.93,5.12
1809,11.10.2010 07:00:00,3.5,3.12,4.56,4.93,5.12
1810,11.10.2010 08:00:00,3.37,3.06,4.5,4.93,5.12
1811,11.10.2010 09:00:00,3.25,2.93,4.43,4.93,5.06
1812,11.10.2010 10:00:00,3.12,2.87,4.43,4.93,5.12,3.514
1813,11.10.2010 11:00:00,3.12,2.87,4.37,4.93,5.12
1814,11.10.2010 12:00:00,3.18,3.06,4.31,4.93,5.06
1815,11.10.2010 13:00:00,3.5,3.62,4.31,4.93,5.06
1816,11.10.2010 14:00:00,4,4.25,4.31,4.93,5.06
1817,11.10.2010 15:00:00,4.43,4.81,4.25,4.87,5.12
1818,11.10.2010 16:00:00,4.81,5.25,4.31,4.87,5.12,3.520
1819,11.10.2010 17:00:00,5.06,5.43,4.31,4.87,5.06
1820,11.10.2010 18:00:00,5.12,5.37,4.37,4.87,5.12
1821,11.10.2010 19:00:00,5.06,5.25,4.43,4.87,5.12
1822,11.10.2010 20:00:00,4.93,5.06,4.43,4.87,5.06
1823,11.10.2010 21:00:00,4.87,4.81,4.5,4.87,5.06
1824,11.10.2010 22:00:00,4.68,4.62,4.5,4.87,5.06,3.525
1825,11.10.2010 23:00:00,4.56,4.43,4.5,4.87,5.06
1826,12.10.2010 00:00:00,4.37,4.25,4.56,4.87,5.06
1827,12.10.2010 01:00:00,4.18,4.06,4.5,4.81,5.06
1828,12.10.2010 02:00:00,4.06,3.93,4.5,4.81,5.06
1829,12.10.2010 03:00:00,4,3.81,4.5,4.81,5.06
1830,12.10.2010 04:00:00,3.87,3.68,4.5,4.81,5.06,3.522
1831,12.10.2010 05:00:00,3.75,3.62,4.5,4.81,5.06
1832,12.10.2010 06:00:00,3.68,3.5,4.43,4.81,5.06
1833,12.10.2010 07:00:00,3.62,3.43,4.43,4.81,5.06
1834,12.10.2010 08:00:00,3.5,3.31,4.37,4.81,5.06
1835,12.10.2010 09:00:00,3.43,3.25,4.37,4.81,5.06
1836,12.10.2010 10:00:00,3.43,3.25,4.31,4.81,5.06,3.521
1837,12.10.2010 11:00:00,3.5,3.5,4.31,4.81,5.06
1838,12.10.2010 12:00:00,3.81,4.06,4.25,4.81,5.06
1839,12.10.2010 13:00:00,4.43,4.93,4.31,4.75,5.06
1840,12.10.2010 14:00:00,5.12,5.87,4.31,4.81,5.06
1841,12.10.2010 15:00:00,5.68,6.5,4.31,4.81,5.06
1842,12.10.2010 16:00:00,6.12,6.81,4.43,4.75,5.06,3.524
1843,12.10.2010 17:00:00,6.31,6.87,4.5,4.75,5.06
1844,12.10.2010 18:00:00,6.25,6.68,4.56,4.75,5.06
1845,12.10.2010 19:00:00,6.12,6.43,4.62,4.75,5.06
1846,12.10.2010 20:00:00,5.93,6.06,4.68,4.75,5.06
1847,12.10.2010 21:00:00,5.75,5.75,4.75,4.75,5.06
1848,12.10.2010 22:00:00,5.5,5.43,4.75,4.75,5,3.527
1849,12.10.2010 23:00:00,5.25,5.12,4.81,4.75,5
1850,13.10.2010 00:00:00,5,4.81,4.81,4.75,5.06
1851,13.10.2010 01:00:00,4.75,4.56,4.81,4.75,5
1852,13.10.2010 02:00:00,4.5,4.31,4.81,4.75,5
1853,13.10.2010 03:00:00,4.31,4.06,4.81,4.75,5
1854,13.10.2010 04:00:00,4.18,3.81,4.75,4.75,5,3.520
1855,13.10.2010 05:00:00,3.93,3.68,4.68,4.75,5
1856,13.10.2010 06:00:00,3.81,3.56,4.68,4.75,5
1857,13.10.2010 07:00:00,3.68,3.37,4.62,4.75,5
1858,13.10.2010 08:00:00,3.5,3.25,4.56,4.75,5
1859,13.10.2010 09:00:00,3.43,3.12,4.56,4.75,5
1860,13.10.2010 10:00:00,3.25,3.06,4.5,4.75,5,3.519
1861,13.10.2010 11:00:00,3.18,3,4.43,4.75,5
1862,13.10.2010 12:00:00,3.31,3.18,4.37,4.75,5
1863,13.10.2010 13:00:00,3.5,3.56,4.31,4.75,5
1864,13.10.2010 14:00:00,3.81,4.06,4.31,4.75,5
1865,13.10.2010 15:00:00,4.12,4.5,4.31,4.75,5
1866,13.10.2010 16:00:00,4.43,4.81,4.31,4.75,5,3.520
1867,13.10.2010 17:00:00,4.56,4.93,4.31,4.75,5
1868,13.10.2010 18:00:00,4.68,5,4.31,4.75,5
1869,13.10.2010 19:00:00,4.75,4.93,4.37,4.75,5
1870,13.10.2010 20:00:00,4.68,4.81,4.37,4.75,5
1871,13.10.2010 21:00:00,4.62,4.62,4.43,4.75,5
1872,13.10.2010 22:00:00,4.5,4.43,4.43,4.75,5,3.524
1873,13.10.2010 23:00:00,4.31,4.25,4.43,4.68,5
1874,14.10.2010 00:00:00,4.18,4.12,4.43,4.68,5
1875,14.10.2010 01:00:00,4.06,4,4.43,4.68,5
1876,14.10.2010 02:00:00,4,3.87,4.43,4.68,5
1877,14.10.2010 03:00:00,3.93,3.81,4.43,4.68,5
1878,14.10.2010 04:00:00,3.81,3.68,4.37,4.68,5,3.516
1879,14.10.2010 05:00:00,3.75,3.5,4.37,4.68,4.93
1880,14.10.2010 06:00:00,3.56,3.37,4.37,4.68,5
1881,14.10.2010 07:00:00,3.5,3.25,4.31,4.68,5
1882,14.10.2010 08:00:00,3.37,3.18,4.31,4.68,4.93
1883,14.10.2010 09:00:00,3.31,3.06,4.25,4.68,5
1884,14.10.2010 10:00:00,3.25,3,4.25,4.68,5,3.513
1885,14.10.2010 11:00:00,3.31,3.25,4.18,4.68,4.93
1886,14.10.2010 12:00:00,3.68,3.87,4.18,4.68,5
1887,14.10.2010 13:00:00,4.25,4.75,4.18,4.68,4.93
1888,14.10.2010 14:00:00,4.87,5.56,4.18,4.68,4.93
1889,14.10.2010 15:00:00,5.37,6.06,4.25,4.68,4.93
1890,14.10.2010 16:00:00,5.68,6.31,4.25,4.68,4.93,3.524
1891,14.10.2010 17:00:00,5.87,6.37,4.31,4.62,4.93
1892,14.10.2010 18:00:00,5.87,6.25,4.43,4.62,4.93
1893,14.10.2010 19:00:00,5.87,6.06,4.5,4.62,4.93
1894,14.10.2010 20:00:00,5.75,5.87,4.56,4.62,4.93
1895,14.10.2010 21:00:00,5.56,5.62,4.56,4.62,4.93
1896,14.10.2010 22:00:00,5.37,5.37,4.62,4.62,4.93,3.522
1897,14.10.2010 23:00:00,5.25,5.12,4.68,4.62,4.93
1898,15.10.2010 00:00:00,5,4.87,4.68,4.62,4.93
1899,15.10.2010 01:00:00,4.81,4.62,4.68,4.62,4.93
1900,15.10.2010 02:00:00,4.62,4.43,4.68,4.62,4.93
1901,15.10.2010 03:00:00,4.5,4.25,4.68,4.62,4.93
1902,15.10.2010 04:00:00,4.31,4.12,4.62,4.62,4.93,3.517
1903,15.10.2010 05:00:00,4.25,4,4.62,4.62,4.93
1904,15.10.2010 06:00:00,4.12,3.93,4.56,4.62,4.93
1905,15.10.2010 07:00:00,4.06,3.81,4.56,4.62,4.93
1906,15.10.2010 08:00:00,3.93,3.75,4.56,4.62,4.93
1907,15.10.2010 09:00:00,3.93,3.68,4.5,4.62,4.93
1908,15.10.2010 10:00:00,3.87,3.68,4.5,4.62,4.93,3.521
1909,15.10.2010 11:00:00,3.81,3.62,4.43,4.62,4.93
1910,15.10.2010 12:00:00,3.87,3.87,4.43,4.62,4.93
1911,15.10.2010 13:00:00,4.25,4.5,4.43,4.62,4.93
1912,15.10.2010 14:00:00,4.75,5.31,4.43,4.62,4.93
1913,15.10.2010 15:00:00,5.25,5.87,4.43,4.62,4.93
1914,15.10.2010 16:00:00,5.56,6,4.43,4.62,4.87,3.523
1915,15.10.2010 17:00:00,5.56,5.93,4.5,4.62,4.93
1916,15.10.2010 18:00:00,5.56,5.81,4.56,4.62,4.93
1917,15.10.2010 19:00:00,5.5,5.68,4.62,4.62,4.93
1918,15.10.2010 20:00:00,5.31,5.43,4.62,4.62,4.93
1919,15.10.2010 21:00:00,5.18,5.25,4.68,4.62,4.87
1920,15.10.2010 22:00:00,5,5,4.68,4.62,4.93,3.519
1921,15.10.2010 23:00:00,4.87,4.81,4.68,4.62,4.87
1922,16.10.2010 00:00:00,4.68,4.62,4.68,4.62,4.87
1923,16.10.2010 01:00:00,4.56,4.43,4.68,4.62,4.93
1924,16.10.2010 02:00:00,4.43,4.25,4.62,4.62,4.87
1925,16.10.2010 03:00:00,4.25,4.12,4.62,4.62,4.87
1926,16.10.2010 04:00:00,4.12,3.93,4.62,4.62,4.87,3.516
1927,16.10.2010 05:00:00,4,3.81,4.62,4.62,4.87
1928,16.10.2010 06:00:00,3.93,3.75,4.56,4.62,4.87
1929,16.10.2010 07:00:00,3.81,3.62,4.56,4.62,4.87
1930,16.10.2010 08:00:00,3.75,3.56,4.5,4.62,4.87
1931,16.10.2010 09:00:00,3.68,3.5,4.5,4.62,4.87
1932,16.10.2010 10:00:00,3.62,3.43,4.43,4.62,4.87,3.514
1933,16.10.2010 11:00:00,3.62,3.5,4.43,4.62,4.87
1934,16.10.2010 12:00:00,3.81,3.81,4.37,4.62,4.87
1935,16.10.2010 13:00:00,4.06,4.31,4.37,4.62,4.87
1936,16.10.2010 14:00:00,4.43,4.81,4.37,4.62,4.87
1937,16.10.2010 15:00:00,4.75,5.18,4.37,4.62,4.87
1938,16.10.2010 16:00:00,5,5.43,4.37,4.62,4.87,3.519
1939,16.10.2010 17:00:00,5.12,5.5,4.43,4.62,4.87
1940,16.10.2010 18:00:00,5.18,5.5,4.5,4.62,4.87
1941,16.10.2010 19:00:00,5.12,5.31,4.5,4.62,4.87
1942,16.10.2010 20:00:00,5.06,5.12,4.56,4.62,4.87
1943,16.10.2010 21:00:00,4.93,4.93,4.56,4.62,4.87
1944,16.10.2010 22:00:00,4.81,4.75,4.56,4.62,4.87,3.524
1945,16.10.2010 23:00:00,4.68,4.62,4.56,4.62,4.87
1946,17.10.2010 00:00:00,4.56,4.56,4.56,4.62,4.87
1947,17.10.2010 01:00:00,4.43,4.43,4.56,4.62,4.87
1948,17.10.2010 02:00:00,4.43,4.31,4.56,4.62,4.87
1949,17.10.2010 03:00:00,4.31,4.25,4.56,4.62,4.87
1950,17.10.2010 04:00:00,4.25,4.18,4.56,4.62,4.87,3.517
1951,17.10.2010 05:00:00,4.18,4.06,4.5,4.62,4.87
1952,17.10.2010 06:00:00,4.12,4,4.5,4.62,4.87
1953,17.10.2010 07:00:00,4.06,3.93,4.5,4.62,4.87
1954,17.10.2010 08:00:00,4,3.87,4.5,4.62,4.87
1955,17.10.2010 09:00:00,4,3.81,4.5,4.62,4.87
1956,17.10.2010 10:00:00,3.93,3.81,4.43,4.62,4.87,3.521
1957,17.10.2010 11:00:00,3.93,3.93,4.43,4.62,4.87
1958,17.10.2010 12:00:00,4.06,4.06,4.43,4.62,4.87
1959,17.10.2010 13:00:00,4.18,4.37,4.37,4.62,4.87
1960,17.10.2010 14:00:00,4.43,4.62,4.37,4.62,4.87
1961,17.10.2010 15:00:00,4.68,4.93,4.43,4.62,4.81
1962,17.10.2010 16:00:00,4.87,5.18,4.43,4.62,4.81,3.523
1963,17.10.2010 17:00:00,5,5.31,4.43,4.62,4.87
1964,17.10.2010 18:00:00,5.06,5.31,4.43,4.62,4.81
1965,17.10.2010 19:00:00,5.06,5.25,4.5,4.62,4.81
1966,17.10.2010 20:00:00,5,5.12,4.5,4.56,4.81
1967,17.10.2010 21:00:00,4.87,4.87,4.56,4.62,4.81
1968,17.10.2010 22:00:00,4.75,4.75,4.56,4.56,4.81,3.517
1969,17.10.2010 23:00:00,4.62,4.56,4.56,4.62,4.81
1970,18.10.2010 00:00:00,4.43,4.37,4.56,4.56,4.87
1971,18.10.2010 01:00:00,4.31,4.18,4.56,4.56,4.87
1972,18.10.2010 02:00:00,4.12,4,4.56,4.62,4.87
1973,18.10.2010 03:00:00,4,3.75,4.56,4.56,4.81
1974,18.10.2010 04:00:00,3.81,3.62,4.5,4.62,4.81,3.521
1975,18.10.2010 05:00:00,3.75,3.5,4.5,4.56,4.81
1976,18.10.2010 06:00:00,3.62,3.31,4.43,4.62,4.81
1977,18.10.2010 07:00:00,3.5,3.18,4.43,4.62,4.81
1978,18.10.2010 08:00:00,3.37,3.12,4.37,4.56,4.81
1979,18.10.2010 09:00:00,3.25,3,4.37,4.56,4.81
1980,18.10.2010 10:00:00,3.18,2.93,4.25,4.62,4.81,3.513
1981,18.10.2010 11:00:00,3.25,3.12,4.25,4.56,4.81
1982,18.10.2010 12:00:00,3.56,3.75,4.25,4.56,4.81
1983,18.10.2010 13:00:00,4.12,4.68,4.18,4.56,4.81
1984,18.10.2010 14:00:00,4.81,5.56,4.18,4.56,4.81
1985,18.10.2010 15:00:00,5.43,6.25,4.25,4.56,4.81
1986,18.10.2010 16:00:00,5.93,6.68,4.31,4.56,4.81,3.526
1987,18.10.2010 17:00:00,6.18,6.81,4.37,4.56,4.81
1988,18.10.2010 18:00:00,6.31,6.75,4.43,4.56,4.81
1989,18.10.2010 19:00:00,6.18,6.5,4.5,4.56,4.81
1990,18.10.2010 20:00:00,6,6.12,4.62,4.56,4.81
1991,18.10.2010 21:00:00,5.81,5.75,4.62,4.56,4.81
1992,18.10.2010 22:00:00,5.5,5.43,4.68,4.56,4.81,3.522
1993,18.10.2010 23:00:00,5.25,5.06,4.75,4.56,4.81
1994,19.10.2010 00:00:00,5,4.75,4.75,4.56,4.81
1995,19.10.2010 01:00:00,4.75,4.5,4.75,4.56,4.81
1996,19.10.2010 02:00:00,4.56,4.25,4.68,4.56,4.81
1997,19.10.2010 03:00:00,4.37,4.06,4.68,4.56,4.81
1998,19.10.2010 04:00:00,4.18,3.87,4.68,4.56,4.81,3.516
1999,19.10.2010 05:00:00,4,3.68,4.62,4.56,4.81
2000,19.10.2010 06:00:00,3.87,3.56,4.62,4.56,4.81
2001,19.10.2010 07:00:00,3.75,3.43,4.56,4.56,4.81
2002,19.10.2010 08:00:00,3.56,3.25,4.5,4.56,4.81
2003,19.10.2010 09:00:00,3.5,3.18,4.5,4.56,4.81
2004,19.10.2010 10:00:00,3.37,3.12,4.43,4.56,4.81,3.512
2005,19.10.2010 11:00:00,3.43,3.31,4.37,4.56,4.81
2006,19.10.2010 12:00:00,3.75,4,4.31,4.56,4.81
2007,19.10.2010 13:00:00,4.37,4.87,4.31,4.56,4.81
2008,19.10.2010 14:00:00,5.06,5.81,4.31,4.56,4.81
2009,19.10.2010 15:00:00,5.68,6.5,4.37,4.56,4.81
2010,19.10.2010 16:00:00,6.06,6.75,4.43,4.56,4.81,3.529
2011,19.10.2010 17:00:00,6.25,6.81,4.5,4.56,4.81
2012,19.10.2010 18:00:00,6.31,6.68,4.56,4.56,4.81
2013,19.10.2010 19:00:00,6.25,6.5,4.62,4.56,4.81
2014,19.10.2010 20:00:00,6.12,6.25,4.68,4.56,4.81
2015,19.10.2010 21:00:00,5.93,6,4.75,4.56,4.81
2016,19.10.2010 22:00:00,5.68,5.68,4.75,4.56,4.81,3.527
2017,19.10.2010 23:00:00,5.5,5.37,4.81,4.56,4.81
2018,20.10.2010 00:00:00,5.25,5.18,4.87,4.56,4.81
2019,20.10.2010 01:00:00,5.12,4.93,4.81,4.56,4.81
2020,20.10.2010 02:00:00,4.93,4.75,4.81,4.56,4.81
2021,20.10.2010 03:00:00,4.75,4.56,4.81,4.56,4.81
2022,20.10.2010 04:00:00,4.56,4.37,4.81,4.56,4.81,3.521
2023,20.10.2010 05:00:00,4.43,4.18,4.75,4.56,4.81
2024,20.10.2010 06:00:00,4.25,4,4.75,4.56,4.81
2025,20.10.2010 07:00:00,4.12,3.87,4.68,4.56,4.81
2026,20.10.2010 08:00:00,4,3.75,4.68,4.56,4.81
2027,20.10.2010 09:00:00,3.87,3.62,4.68,4.56,4.81
2028,20.10.2010 10:00:00,3.81,3.56,4.56,4.56,4.81,3.512
2029,20.10.2010 11:00:00,3.75,3.56,4.56,4.56,4.81
2030,20.10.2010 12:00:00,3.87,3.81,4.5,4.56,4.81
2031,20.10.2010 13:00:00,4.06,4.18,4.5,4.62,4.81
2032,20.10.2010 14:00:00,4.25,4.43,4.5,4.56,4.81
2033,20.10.2010 15:00:00,4.5,4.81,4.5,4.56,4.81
2034,20.10.2010 16:00:00,4.75,5.06,4.5,4.62,4.81,3.522
2035,20.10.2010 17:00:00,4.87,5.12,4.5,4.62,4.81
2036,20.10.2010 18:00:00,4.87,5.06,4.5,4.62,4.81
2037,20.10.2010 19:00:00,4.87,5,4.5,4.62,4.75
2038,20.10.2010 20:00:00,4.75,4.81,4.5,4.62,4.81
2039,20.10.2010 21:00:00,4.62,4.68,4.56,4.56,4.75
2040,20.10.2010 22:00:00,4.5,4.5,4.5,4.56,4.75,3.519
2041,20.10.2010 23:00:00,4.43,4.37,4.56,4.56,4.75
2042,21.10.2010 00:00:00,4.31,4.25,4.56,4.56,4.75
2043,21.10.2010 01:00:00,4.18,4.12,4.56,4.56,4.75
2044,21.10.2010 02:00:00,4.12,4,4.56,4.56,4.75
2045,21.10.2010 03:00:00,4,3.93,4.5,4.56,4.75
2046,21.10.2010 04:00:00,3.93,3.87,4.5,4.56,4.75,3.518
2047,21.10.2010 05:00:00,3.87,3.75,4.43,4.62,4.75
2048,21.10.2010 06:00:00,3.81,3.68,4.43,4.56,4.75
2049,21.10.2010 07:00:00,3.75,3.62,4.43,4.62,4.75
2050,21.10.2010 08:00:00,3.68,3.5,4.37,4.62,4.75
2051,21.10.2010 09:00:00,3.62,3.43,4.37,4.56,4.75
2052,21.10.2010 10:00:00,3.5,3.37,4.37,4.56,4.81,3.512
2053,21.10.2010 11:00:00,3.43,3.31,4.31,4.56,4.75
2054,21.10.2010 12:00:00,3.37,3.25,4.25,4.56,4.75
2055,21.10.2010 13:00:00,3.37,3.25,4.25,4.56,4.75
2056,21.10.2010 14:00:00,3.37,3.25,4.25,4.56,4.75
2057,21.10.2010 15:00:00,3.43,3.43,4.18,4.56,4.75
2058,21.10.2010 16:00:00,3.56,3.62,4.18,4.56,4.75,3.516
2059,21.10.2010 17:00:00,3.62,3.68,4.12,4.56,4.75
2060,21.10.2010 18:00:00,3.62,3.68,4.12,4.56,4.75
2061,21.10.2010 19:00:00,3.5,3.56,4.12,4.56,4.75
2062,21.10.2010 20:00:00,3.5,3.43,4.12,4.56,4.75
2063,21.10.2010 21:00:00,3.37,3.31,4.12,4.56,4.81
2064,21.10.2010 22:00:00,3.31,3.18,4.12,4.56,4.75,3.510
2065,21.10.2010 23:00:00,3.18,3.06,4.06,4.56,4.75
2066,22.10.2010 00:00:00,3.12,2.93,4.06,4.5,4.75
2067,22.10.2010 01:00:00,3,2.81,4.06,4.56,4.75
2068,22.10.2010 02:00:00,2.93,2.75,4,4.5,4.75
2069,22.10.2010 03:00:00,2.87,2.68,4,4.5,4.75
2070,22.10.2010 04:00:00,2.75,2.62,3.93,4.5,4.75,3.507
2071,22.10.2010 05:00:00,2.68,2.56,3.93,4.5,4.75
2072,22.10.2010 06:00:00,2.68,2.5,3.87,4.5,4.75
2073,22.10.2010 07:00:00,2.62,2.43,3.87,4.5,4.75
2074,22.10.2010 08:00:00,2.56,2.37,3.81,4.5,4.75
2075,22.10.2010 09:00:00,2.5,2.31,3.81,4.5,4.75
2076,22.10.2010 10:00:00,2.43,2.25,3.75,4.5,4.75,3.509
2077,22.10.2010 11:00:00,2.37,2.18,3.75,4.5,4.75
2078,22.10.2010 12:00:00,2.37,2.12,3.68,4.43,4.75
2079,22.10.2010 13:00:00,2.31,2.12,3.62,4.43,4.75
2080,22.10.2010 14:00:00,2.25,2.06,3.62,4.43,4.75
2081,22.10.2010 15:00:00,2.18,2,3.56,4.43,4.75
2082,22.10.2010 16:00:00,2.18,2,3.56,4.43,4.75,3.506
2083,22.10.2010 17:00:00,2.12,1.93,3.5,4.43,4.75
2084,22.10.2010 18:00:00,2.12,1.93,3.5,4.43,4.75
2085,22.10.2010 19:00:00,2.06,1.87,3.43,4.37,4.75
2086,22.10.2010 20:00:00,2,1.87,3.43,4.37,4.75
2087,22.10.2010 21:00:00,2,1.87,3.37,4.37,4.75
2088,22.10.2010 22:00:00,2,1.81,3.37,4.37,4.75,3.504
2089,22.10.2010 23:00:00,1.93,1.81,3.37,4.37,4.75
2090,23.10.2010 00:00:00,1.93,1.75,3.31,4.37,4.75
2091,23.10.2010 01:00:00,1.87,1.68,3.31,4.31,4.75
2092,23.10.2010 02:00:00,1.81,1.68,3.25,4.31,4.75
2093,23.10.2010 03:00:00,1.81,1.62,3.25,4.31,4.75
2094,23.10.2010 04:00:00,1.75,1.62,3.18,4.31,4.75,3.510
2095,23.10.2010 05:00:00,1.75,1.62,3.18,4.31,4.75
2096,23.10.2010 06:00:00,1.75,1.56,3.12,4.31,4.75
2097,23.10.2010 07:00:00,1.75,1.56,3.12,4.25,4.75
2098,23.10.2010 08:00:00,1.68,1.5,3.12,4.25,4.75
2099,23.10.2010 09:00:00,1.68,1.5,3.06,4.25,4.75
2100,23.10.2010 10:00:00,1.62,1.5,3.06,4.25,4.75,3.506
2101,23.10.2010 11:00:00,1.62,1.5,3.06,4.25,4.75
2102,23.10.2010 12:00:00,1.62,1.43,3,4.25,4.75
2103,23.10.2010 13:00:00,1.56,1.43,3,4.18,4.75
2104,23.10.2010 14:00:00,1.56,1.43,3,4.18,4.75
2105,23.10.2010 15:00:00,1.56,1.37,2.93,4.18,4.75
2106,23.10.2010 16:00:00,1.56,1.37,2.93,4.18,4.68,3.502
2107,23.10.2010 17:00:00,1.5,1.37,2.87,4.12,4.68
2108,23.10.2010 18:00:00,1.5,1.37,2.93,4.18,4.75
2109,23.10.2010 19:00:00,1.43,1.37,2.87,4.12,4.68
2110,23.10.2010 20:00:00,1.43,1.37,2.87,4.12,4.68
2111,23.10.2010 21:00:00,1.5,1.37,2.81,4.12,4.68
2112,23.10.2010 22:00:00,1.5,1.31,2.81,4.12,4.75,3.502
2113,23.10.2010 23:00:00,1.43,1.31,2.75,4.06,4.68
2114,24.10.2010 00:00:00,1.43,1.31,2.75,4.06,4.68
2115,24.10.2010 01:00:00,1.43,1.25,2.75,4.06,4.68
2116,24.10.2010 02:00:00,1.43,1.25,2.75,4.06,4.68
2117,24.10.2010 03:00:00,1.37,1.25,2.68,4.06,4.68
2118,24.10.2010 04:00:00,1.37,1.18,2.68,4.06,4.68,3.502
2119,24.10.2010 05:00:00,1.37,1.12,2.68,4,4.68
2120,24.10.2010 06:00:00,1.37,1.12,2.62,4,4.68
2121,24.10.2010 07:00:00,1.31,1.12,2.62,4,4.68
2122,24.10.2010 08:00:00,1.25,1.06,2.62,4,4.68
2123,24.10.2010 09:00:00,1.25,1.06,2.62,3.93,4.68
2124,24.10.2010 10:00:00,1.18,1,2.56,3.93,4.68,3.502
2125,24.10.2010 11:00:00,1.18,1,2.56,3.93,4.68
2126,24.10.2010 12:00:00,1.18,1,2.5,3.93,4.68
2127,24.10.2010 13:00:00,1.12,0.93,2.5,3.93,4.68
2128,24.10.2010 14:00:00,1.18,0.93,2.5,3.93,4.68
2129,24.10.2010 15:00:00,1.12,1,2.5,3.87,4.68
2130,24.10.2010 16:00:00,1.12,0.93,2.43,3.87,4.68,3.506
2131,24.10.2010 17:00:00,1.12,0.93,2.43,3.87,4.68
2132,24.10.2010 18:00:00,1.12,1,2.43,3.87,4.68
2133,24.10.2010 19:00:00,1.12,0.93,2.43,3.87,4.62
2134,24.10.2010 20:00:00,1.12,0.93,2.37,3.81,4.68
2135,24.10.2010 21:00:00,1.12,0.93,2.37,3.81,4.68
2136,24.10.2010 22:00:00,1.12,0.93,2.37,3.81,4.62,3.501
2137,24.10.2010 23:00:00,1.06,0.93,2.37,3.81,4.62
2138,25.10.2010 00:00:00,1.12,0.93,2.31,3.81,4.62
2139,25.10.2010 01:00:00,1.12,0.93,2.31,3.75,4.62
2140,25.10.2010 02:00:00,1.12,0.93,2.31,3.75,4.62
2141,25.10.2010 03:00:00,1.06,0.87,2.25,3.75,4.62
2142,25.10.2010 04:00:00,1.06,0.87,2.31,3.75,4.62,3.505
2143,25.10.2010 05:00:00,1.06,0.87,2.25,3.75,4.62
2144,25.10.2010 06:00:00,1.06,0.87,2.25,3.68,4.62
2145,25.10.2010 07:00:00,1.06,0.87,2.25,3.68,4.62
2146,25.10.2010 08:00:00,1,0.81,2.25,3.68,4.62
2147,25.10.2010 09:00:00,1,0.81,2.18,3.68,4.62
2148,25.10.2010 10:00:00,1,0.75,2.18,3.68,4.62,3.506
2149,25.10.2010 11:00:00,1,0.75,2.18,3.62,4.62
2150,25.10.2010 12:00:00,0.93,0.75,2.18,3.62,4.62
2151,25.10.2010 13:00:00,0.93,0.75,2.18,3.62,4.62
2152,25.10.2010 14:00:00,0.93,0.75,2.18,3.62,4.62
2153,25.10.2010 15:00:00,0.93,0.75,2.12,3.62,4.62
2154,25.10.2010 16:00:00,1,0.75,2.12,3.62,4.62,3.500
2155,25.10.2010 17:00:00,1,0.81,2.12,3.56,4.62
2156,25.10.2010 18:00:00,1,0.81,2.12,3.62,4.62
2157,25.10.2010 19:00:00,1,0.81,2.12,3.56,4.62
2158,25.10.2010 20:00:00,1,0.81,2.06,3.56,4.56
2159,25.10.2010 21:00:00,1,0.75,2.06,3.56,4.56
2160,25.10.2010 22:00:00,0.93,0.75,2.06,3.56,4.56,3.505
2161,25.10.2010 23:00:00,0.93,0.75,2.06,3.5,4.56
2162,26.10.2010 00:00:00,0.93,0.75,2.06,3.5,4.56
2163,26.10.2010 01:00:00,0.93,0.75,2.06,3.5,4.56
2164,26.10.2010 02:00:00,0.93,0.75,2.06,3.5,4.56
2165,26.10.2010 03:00:00,0.93,0.75,2,3.5,4.56
2166,26.10.2010 04:00:00,0.93,0.75,2.06,3.5,4.56,3.500
2167,26.10.2010 05:00:00,0.93,0.75,2,3.5,4.56
2168,26.10.2010 06:00:00,0.93,0.68,2,3.43,4.56
2169,26.10.2010 07:00:00,0.87,0.75,2,3.43,4.56
2170,26.10.2010 08:00:00,0.87,0.68,2,3.43,4.56
2171,26.10.2010 09:00:00,0.87,0.62,1.93,3.43,4.56
2172,26.10.2010 10:00:00,0.87,0.62,1.93,3.43,4.56,3.503
2173,26.10.2010 11:00:00,0.81,0.62,1.93,3.43,4.56
2174,26.10.2010 12:00:00,0.81,0.62,1.93,3.37,4.56
2175,26.10.2010 13:00:00,0.81,0.62,1.93,3.37,4.5
2176,26.10.2010 14:00:00,0.81,0.62,1.93,3.37,4.5
2177,26.10.2010 15:00:00,0.81,0.62,1.93,3.37,4.5
2178,26.10.2010 16:00:00,0.81,0.62,1.87,3.37,4.5,3.499
2179,26.10.2010 17:00:00,0.87,0.62,1.87,3.37,4.5
2180,26.10.2010 18:00:00,0.87,0.68,1.87,3.37,4.5
2181,26.10.2010 19:00:00,0.87,0.68,1.87,3.31,4.5
2182,26.10.2010 20:00:00,0.87,0.68,1.87,3.31,4.5
2183,26.10.2010 21:00:00,0.87,0.68,1.87,3.31,4.5
2184,26.10.2010 22:00:00,0.87,0.62,1.81,3.31,4.5,3.499
2185,26.10.2010 23:00:00,0.81,0.62,1.81,3.31,4.5
2186,27.10.2010 00:00:00,0.81,0.62,1.87,3.25,4.5
2187,27.10.2010 01:00:00,0.81,0.68,1.81,3.31,4.5
2188,27.10.2010 02:00:00,0.81,0.68,1.81,3.31,4.5
2189,27.10.2010 03:00:00,0.81,0.62,1.81,3.25,4.5
2190,27.10.2010 04:00:00,0.81,0.62,1.81,3.25,4.43,3.498
2191,27.10.2010 05:00:00,0.81,0.62,1.81,3.25,4.5
2192,27.10.2010 06:00:00,0.81,0.62,1.81,3.25,4.5
2193,27.10.2010 07:00:00,0.75,0.62,1.75,3.25,4.43
2194,27.10.2010 08:00:00,0.81,0.62,1.75,3.25,4.5
2195,27.10.2010 09:00:00,0.75,0.56,1.75,3.25,4.43
2196,27.10.2010 10:00:00,0.75,0.56,1.75,3.18,4.43,3.502
2197,27.10.2010 11:00:00,0.75,0.56,1.75,3.18,4.43
2198,27.10.2010 12:00:00,0.75,0.56,1.75,3.18,4.43
2199,27.10.2010 13:00:00,0.75,0.56,1.75,3.18,4.43
2200,27.10.2010 14:00:00,0.75,0.56,1.75,3.18,4.43
2201,27.10.2010 15:00:00,0.75,0.56,1.75,3.18,4.43
2202,27.10.2010 16:00:00,0.81,0.56,1.68,3.18,4.43,3.503
2203,27.10.2010 17:00:00,0.87,0.62,1.68,3.12,4.43
2204,27.10.2010 18:00:00,0.87,0.68,1.68,3.12,4.43
2205,27.10.2010 19:00:00,0.93,0.68,1.68,3.12,4.43
2206,27.10.2010 20:00:00,0.87,0.62,1.68,3.12,4.43
2207,27.10.2010 21:00:00,0.81,0.62,1.68,3.12,4.37
2208,27.10.2010 22:00:00,0.81,0.62,1.68,3.12,4.37,3.502
2209,27.10.2010 23:00:00,0.81,0.62,1.68,3.12,4.37
2210,28.10.2010 00:00:00,0.75,0.56,1.68,3.12,4.37
2211,28.10.2010 01:00:00,0.81,0.56,1.68,3.06,4.37
2212,28.10.2010 02:00:00,0.75,0.56,1.68,3.06,4.37
2213,28.10.2010 03:00:00,0.75,0.56,1.68,3.06,4.37
2214,28.10.2010 04:00:00,0.75,0.56,1.68,3.06,4.37,3.498
2215,28.10.2010 05:00:00,0.75,0.56,1.62,3.06,4.37
2216,28.10.2010 06:00:00,0.75,0.56,1.62,3,4.37
2217,28.10.2010 07:00:00,0.75,0.56,1.62,3.06,4.37
2218,28.10.2010 08:00:00,0.75,0.56,1.62,3.06,4.37
2219,28.10.2010 09:00:00,0.75,0.56,1.62,3.06,4.37
2220,28.10.2010 10:00:00,0.68,0.56,1.62,3,4.37,3.501
2221,28.10.2010 11:00:00,0.68,0.5,1.62,3,4.37
2222,28.10.2010 12:00:00,0.68,0.5,1.62,3,4.37
2223,28.10.2010 13:00:00,0.68,0.56,1.62,3,4.37
2224,28.10.2010 14:00:00,0.68,0.56,1.62,3,4.37
2225,28.10.2010 15:00:00,0.75,0.62,1.56,3,4.37
2226,28.10.2010 16:00:00,0.87,0.75,1.62,3,4.37,3.501
2227,28.10.2010 17:00:00,1.06,0.87,1.62,2.93,4.31
2228,28.10.2010 18:00:00,1.12,0.87,1.62,3,4.31
2229,28.10.2010 19:00:00,1.06,0.81,1.62,2.93,4.31
2230,28.10.2010 20:00:00,1,0.75,1.62,2.93,4.31
2231,28.10.2010 21:00:00,0.93,0.68,1.62,2.93,4.31
2232,28.10.2010 22:00:00,0.87,0.68,1.62,2.93,4.31,3.504
2233,28.10.2010 23:00:00,0.87,0.62,1.62,2.93,4.31
2234,29.10.2010 00:00:00,0.81,0.62,1.62,2.93,4.31
2235,29.10.2010 01:00:00,0.81,0.62,1.56,2.93,4.31
2236,29.10.2010 02:00:00,0.81,0.62,1.56,2.93,4.31
2237,29.10.2010 03:00:00,0.75,0.62,1.62,2.87,4.31
2238,29.10.2010 04:00:00,0.75,0.62,1.62,2.93,4.31,3.499
2239,29.10.2010 05:00:00,0.75,0.62,1.56,2.87,4.31
2240,29.10.2010 06:00:00,0.75,0.56,1.56,2.93,4.31
2241,29.10.2010 07:00:00,0.75,0.62,1.56,2.87,4.31
2242,29.10.2010 08:00:00,0.75,0.56,1.56,2.87,4.31
2243,29.10.2010 09:00:00,0.68,0.56,1.56,2.87,4.25
2244,29.10.2010 10:00:00,0.75,0.56,1.56,2.87,4.25,3.501
2245,29.10.2010 11:00:00,0.75,0.56,1.56,2.87,4.25
2246,29.10.2010 12:00:00,0.75,0.56,1.56,2.87,4.25
2247,29.10.2010 13:00:00,0.75,0.62,1.56,2.87,4.25
2248,29.10.2010 14:00:00,0.75,0.56,1.56,2.87,4.25
2249,29.10.2010 15:00:00,0.75,0.56,1.5,2.87,4.25
2250,29.10.2010 16:00:00,0.75,0.56,1.5,2.81,4.25,3.496
2251,29.10.2010 17:00:00,0.75,0.56,1.5,2.81,4.25
2252,29.10.2010 18:00:00,0.75,0.56,1.56,2.87,4.25
2253,29.10.2010 19:00:00,0.68,0.56,1.5,2.87,4.25
2254,29.10.2010 20:00:00,0.68,0.56,1.5,2.81,4.25
2255,29.10.2010 21:00:00,0.68,0.56,1.5,2.81,4.25
2256,29.10.2010 22:00:00,0.75,0.56,1.5,2.81,4.25,3.496
2257,29.10.2010 23:00:00,0.68,0.56,1.5,2.81,4.25
2258,30.10.2010 00:00:00,0.68,0.56,1.5,2.81,4.18
2259,30.10.2010 01:00:00,0.68,0.56,1.56,2.81,4.18
2260,30.10.2010 02:00:00,0.68,0.56,1.5,2.81,4.18
2261,30.10.2010 03:00:00,0.68,0.56,1.5,2.81,4.18
2262,30.10.2010 04:00:00,0.75,0.56,1.5,2.75,4.18,3.498
2263,30.10.2010 05:00:00,0.68,0.56,1.5,2.81,4.18
2264,30.10.2010 06:00:00,0.68,0.56,1.5,2.75,4.18
2265,30.10.2010 07:00:00,0.68,0.56,1.5,2.75,4.18
2266,30.10.2010 08:00:00,0.68,0.56,1.43,2.75,4.18
2267,30.10.2010 09:00:00,0.68,0.56,1.5,2.75,4.18
2268,30.10.2010 10:00:00,0.68,0.56,1.5,2.75,4.18,3.496
2269,30.10.2010 11:00:00,0.68,0.56,1.43,2.75,4.18
2270,30.10.2010 12:00:00,0.68,0.56,1.5,2.75,4.18
2271,30.10.2010 13:00:00,0.81,0.68,1.43,2.75,4.18
2272,30.10.2010 14:00:00,1.06,1.06,1.5,2.75,4.18
2273,30.10.2010 15:00:00,1.37,1.43,1.5,2.75,4.18
2274,30.10.2010 16:00:00,1.68,1.75,1.5,2.75,4.12,3.498
2275,30.10.2010 17:00:00,1.81,1.81,1.5,2.75,4.12
2276,30.10.2010 18:00:00,1.87,1.75,1.56,2.75,4.18
2277,30.10.2010 19:00:00,1.81,1.56,1.56,2.68,4.12
2278,30.10.2010 20:00:00,1.68,1.37,1.56,2.68,4.12
2279,30.10.2010 21:00:00,1.56,1.25,1.62,2.68,4.18
2280,30.10.2010 22:00:00,1.43,1.12,1.56,2.68,4.12,3.505
2281,30.10.2010 23:00:00,1.31,1,1.62,2.68,4.12
2282,31.10.2010 00:00:00,1.25,1,1.56,2.68,4.12
2283,31.10.2010 01:00:00,1.12,0.93,1.62,2.68,4.12
2284,31.10.2010 02:00:00,1.12,0.87,1.62,2.68,4.12
2285,31.10.2010 03:00:00,1.06,0.81,1.62,2.68,4.12
2286,31.10.2010 04:00:00,1.06,0.81,1.56,2.68,4.12,3.500
2287,31.10.2010 05:00:00,1,0.81,1.62,2.68,4.12
2288,31.10.2010 06:00:00,1,0.81,1.56,2.68,4.12
2289,31.10.2010 07:00:00,1,0.75,1.56,2.68,4.12
2290,31.10.2010 08:00:00,0.93,0.75,1.56,2.68,4.12
2291,31.10.2010 09:00:00,0.87,0.75,1.56,2.68,4.12
2292,31.10.2010 10:00:00,0.87,0.68,1.56,2.68,4.12,3.497
2293,31.10.2010 11:00:00,0.87,0.68,1.56,2.68,4.12
2294,31.10.2010 12:00:00,0.87,0.75,1.56,2.68,4.12
2295,31.10.2010 13:00:00,0.87,0.75,1.56,2.68,4.12
2296,31.10.2010 14:00:00,0.87,0.75,1.56,2.62,4.12
2297,31.10.2010 15:00:00,0.93,0.75,1.56,2.68,4.12
2298,31.10.2010 16:00:00,1.06,1,1.56,2.68,4.06,3.497
2299,31.10.2010 17:00:00,1.25,1.25,1.56,2.68,4.06
2300,31.10.2010 18:00:00,1.43,1.43,1.56,2.62,4.12
2301,31.10.2010 19:00:00,1.43,1.31,1.56,2.62,4.06
2302,31.10.2010 20:00:00,1.43,1.18,1.56,2.62,4.06
2303,31.10.2010 21:00:00,1.31,1.12,1.56,2.62,4.06
2304,31.10.2010 22:00:00,1.25,1,1.56,2.62,4.06,3.497
2305,31.10.2010 23:00:00,1.18,0.93,1.62,2.62,4.06
2306,01.11.2010 00:00:00,1.12,0.93,1.56,2.62,4.06
2307,01.11.2010 01:00:00,1.06,0.87,1.62,2.62,4.06
2308,01.11.2010 02:00:00,1,0.81,1.62,2.62,4.06
2309,01.11.2010 03:00:00,1,0.81,1.56,2.62,4.06
2310,01.11.2010 04:00:00,1,0.75,1.56,2.62,4.06,3.496
2311,01.11.2010 05:00:00,0.93,0.75,1.56,2.62,4.06
2312,01.11.2010 06:00:00,0.87,0.75,1.56,2.62,4.06
2313,01.11.2010 07:00:00,0.87,0.68,1.56,2.62,4.06
2314,01.11.2010 08:00:00,0.87,0.68,1.56,2.62,4.06
2315,01.11.2010 09:00:00,0.87,0.68,1.56,2.62,4.06
2316,01.11.2010 10:00:00,0.81,0.62,1.56,2.62,4.06,3.501
2317,01.11.2010 11:00:00,0.81,0.62,1.56,2.62,4.06
2318,01.11.2010 12:00:00,0.81,0.62,1.56,2.62,4.06
2319,01.11.2010 13:00:00,0.81,0.68,1.56,2.62,4
2320,01.11.2010 14:00:00,0.87,0.81,1.56,2.62,4
2321,01.11.2010 15:00:00,1.18,1.12,1.5,2.62,4.06
2322,01.11.2010 16:00:00,1.43,1.5,1.5,2.62,4,3.498
2323,01.11.2010 17:00:00,1.62,1.62,1.56,2.62,4
2324,01.11.2010 18:00:00,1.62,1.56,1.56,2.62,4
2325,01.11.2010 19:00:00,1.62,1.43,1.56,2.62,4
2326,01.11.2010 20:00:00,1.5,1.25,1.56,2.56,4
2327,01.11.2010 21:00:00,1.37,1.12,1.56,2.56,4
2328,01.11.2010 22:00:00,1.31,1.06,1.56,2.56,4,3.503
2329,01.11.2010 23:00:00,1.25,1,1.62,2.56,4
2330,02.11.2010 00:00:00,1.18,0.93,1.62,2.56,4
2331,02.11.2010 01:00:00,1.12,0.87,1.62,2.56,4
2332,02.11.2010 02:00:00,1.06,0.87,1.62,2.62,4
2333,02.11.2010 03:00:00,1.06,0.81,1.56,2.56,4
2334,02.11.2010 04:00:00,1,0.81,1.56,2.56,4,3.500
2335,02.11.2010 05:00:00,1,0.81,1.56,2.56,4
2336,02.11.2010 06:00:00,0.93,0.75,1.56,2.56,4
2337,02.11.2010 07:00:00,0.87,0.75,1.56,2.56,4
2338,02.11.2010 08:00:00,0.87,0.68,1.56,2.56,4
2339,02.11.2010 09:00:00,0.87,0.68,1.56,2.56,4
2340,02.11.2010 10:00:00,0.81,0.68,1.56,2.56,3.93,3.496
2341,02.11.2010 11:00:00,0.81,0.62,1.56,2.56,4
2342,02.11.2010 12:00:00,0.81,0.62,1.56,2.56,3.93
2343,02.11.2010 13:00:00,0.75,0.62,1.5,2.56,3.93
2344,02.11.2010 14:00:00,0.87,0.75,1.5,2.56,3.93
2345,02.11.2010 15:00:00,1.12,1.12,1.5,2.56,3.93
2346,02.11.2010 16:00:00,1.43,1.5,1.5,2.56,3.93,3.504
2347,02.11.2010 17:00:00,1.68,1.62,1.5,2.56,3.93
2348,02.11.2010 18:00:00,1.75,1.68,1.5,2.56,3.93
2349,02.11.2010 19:00:00,1.75,1.5,1.56,2.56,3.93
2350,02.11.2010 20:00:00,1.62,1.31,1.56,2.56,3.93
2351,02.11.2010 21:00:00,1.5,1.18,1.56,2.56,3.93
2352,02.11.2010 22:00:00,1.37,1.12,1.56,2.56,3.93,3.498
2353,02.11.2010 23:00:00,1.31,1.06,1.56,2.5,3.93
2354,03.11.2010 00:00:00,1.25,0.93,1.62,2.5,3.93
2355,03.11.2010 01:00:00,1.18,0.93,1.56,2.56,3.93
2356,03.11.2010 02:00:00,1.12,0.87,1.62,2.5,3.93
2357,03.11.2010 03:00:00,1.06,0.87,1.56,2.56,3.93
2358,03.11.2010 04:00:00,1.06,0.81,1.62,2.5,3.93,3.501
2359,03.11.2010 05:00:00,0.93,0.81,1.56,2.5,3.93
2360,03.11.2010 06:00:00,1,0.75,1.62,2.5,3.93
2361,03.11.2010 07:00:00,0.93,0.75,1.56,2.5,3.93
2362,03.11.2010 08:00:00,0.87,0.75,1.56,2.56,3.93
2363,03.11.2010 09:00:00,0.87,0.68,1.56,2.5,3.93
2364,03.11.2010 10:00:00,0.87,0.68,1.56,2.56,3.93,3.496
2365,03.11.2010 11:00:00,0.87,0.68,1.56,2.5,3.87
2366,03.11.2010 12:00:00,0.81,0.68,1.5,2.5,3.87
2367,03.11.2010 13:00:00,0.81,0.68,1.56,2.5,3.93
2368,03.11.2010 14:00:00,0.93,0.81,1.5,2.5,3.93
2369,03.11.2010 15:00:00,1.25,1.25,1.5,2.5,3.93
2370,03.11.2010 16:00:00,1.5,1.56,1.5,2.5,3.93,3.496
2371,03.11.2010 17:00:00,1.68,1.68,1.56,2.5,3.87
2372,03.11.2010 18:00:00,1.81,1.75,1.56,2.5,3.87
2373,03.11.2010 19:00:00,1.81,1.68,1.56,2.5,3.87
2374,03.11.2010 20:00:00,1.75,1.56,1.56,2.5,3.87
2375,03.11.2010 21:00:00,1.62,1.37,1.62,2.5,3.87
2376,03.11.2010 22:00:00,1.5,1.25,1.62,2.5,3.87,3.499
2377,03.11.2010 23:00:00,1.43,1.18,1.62,2.5,3.87
2378,04.11.2010 00:00:00,1.31,1.06,1.62,2.5,3.87
2379,04.11.2010 01:00:00,1.25,1.06,1.62,2.5,3.87
2380,04.11.2010 02:00:00,1.18,1,1.62,2.5,3.87
2381,04.11.2010 03:00:00,1.18,0.93,1.62,2.5,3.87
2382,04.11.2010 04:00:00,1.12,0.93,1.62,2.5,3.87,3.501
2383,04.11.2010 05:00:00,1.06,0.87,1.62,2.5,3.87
2384,04.11.2010 06:00:00,1,0.87,1.62,2.5,3.87
2385,04.11.2010 07:00:00,1,0.81,1.56,2.5,3.87
2386,04.11.2010 08:00:00,1,0.81,1.56,2.5,3.81
2387,04.11.2010 09:00:00,1,0.81,1.56,2.5,3.87
2388,04.11.2010 10:00:00,0.93,0.75,1.56,2.5,3.87,3.499
2389,04.11.2010 11:00:00,0.87,0.75,1.56,2.5,3.87
2390,04.11.2010 12:00:00,0.87,0.75,1.56,2.5,3.81
2391,04.11.2010 13:00:00,0.87,0.68,1.56,2.5,3.87
2392,04.11.2010 14:00:00,0.81,0.68,1.5,2.5,3.87
2393,04.11.2010 15:00:00,0.81,0.68,1.5,2.5,3.81
2394,04.11.2010 16:00:00,0.81,0.68,1.5,2.5,3.87,3.499
2395,04.11.2010 17:00:00,0.81,0.68,1.5,2.5,3.81
2396,04.11.2010 18:00:00,0.81,0.68,1.5,2.5,3.87
2397,04.11.2010 19:00:00,0.81,0.62,1.5,2.5,3.81
2398,04.11.2010 20:00:00,0.75,0.62,1.5,2.5,3.81
2399,04.11.2010 21:00:00,0.75,0.62,1.5,2.5,3.87
2400,04.11.2010 22:00:00,0.75,0.62,1.5,2.5,3.81,3.494
2401,04.11.2010 23:00:00,0.75,0.56,1.5,2.43,3.81
2402,05.11.2010 00:00:00,0.75,0.56,1.5,2.5,3.81
2403,05.11.2010 01:00:00,0.68,0.56,1.43,2.43,3.81
2404,05.11.2010 02:00:00,0.68,0.56,1.43,2.43,3.81
2405,05.11.2010 03:00:00,0.68,0.56,1.43,2.43,3.81
2406,05.11.2010 04:00:00,0.68,0.56,1.43,2.43,3.81,3.498
2407,05.11.2010 05:00:00,0.68,0.5,1.43,2.43,3.81
2408,05.11.2010 06:00:00,0.62,0.5,1.43,2.43,3.81
2409,05.11.2010 07:00:00,0.62,0.5,1.43,2.43,3.81
2410,05.11.2010 08:00:00,0.62,0.5,1.37,2.43,3.81
2411,05.11.2010 09:00:00,0.56,0.43,1.37,2.43,3.81
2412,05.11.2010 10:00:00,0.56,0.43,1.37,2.43,3.81,3.496
2413,05.11.2010 11:00:00,0.56,0.37,1.37,2.43,3.81
2414,05.11.2010 12:00:00,0.56,0.37,1.37,2.43,3.81
2415,05.11.2010 13:00:00,0.56,0.43,1.37,2.43,3.81
2416,05.11.2010 14:00:00,0.56,0.43,1.37,2.43,3.81
2417,05.11.2010 15:00:00,0.56,0.37,1.37,2.43,3.81
2418,05.11.2010 16:00:00,0.56,0.37,1.37,2.43,3.81,3.497
2419,05.11.2010 17:00:00,0.56,0.37,1.37,2.43,3.81
2420,05.11.2010 18:00:00,0.56,0.43,1.31,2.43,3.81
2421,05.11.2010 19:00:00,0.62,0.43,1.31,2.43,3.81
2422,05.11.2010 20:00:00,0.62,0.43,1.31,2.43,3.81
2423,05.11.2010 21:00:00,0.62,0.43,1.31,2.43,3.75
2424,05.11.2010 22:00:00,0.62,0.43,1.31,2.43,3.75,3.494
2425,05.11.2010 23:00:00,0.62,0.43,1.31,2.43,3.75
2426,06.11.2010 00:00:00,0.56,0.43,1.31,2.43,3.75
2427,06.11.2010 01:00:00,0.56,0.43,1.31,2.37,3.75
2428,06.11.2010 02:00:00,0.56,0.43,1.31,2.37,3.81
2429,06.11.2010 03:00:00,0.56,0.43,1.31,2.43,3.75
2430,06.11.2010 04:00:00,0.56,0.43,1.31,2.37,3.75,3.498
2431,06.11.2010 05:00:00,0.56,0.43,1.31,2.37,3.75
2432,06.11.2010 06:00:00,0.56,0.43,1.31,2.37,3.75
2433,06.11.2010 07:00:00,0.56,0.37,1.25,2.37,3.75
2434,06.11.2010 08:00:00,0.56,0.37,1.25,2.37,3.75
2435,06.11.2010 09:00:00,0.56,0.43,1.25,2.37,3.75
2436,06.11.2010 10:00:00,0.5,0.37,1.25,2.37,3.75,3.492
2437,06.11.2010 11:00:00,0.5,0.37,1.25,2.37,3.75
2438,06.11.2010 12:00:00,0.56,0.37,1.25,2.37,3.75
2439,06.11.2010 13:00:00,0.56,0.37,1.25,2.37,3.75
2440,06.11.2010 14:00:00,0.56,0.37,1.25,2.37,3.75
2441,06.11.2010 15:00:00,0.62,0.43,1.25,2.37,3.75
2442,06.11.2010 16:00:00,0.62,0.43,1.25,2.37,3.75,3.493
2443,06.11.2010 17:00:00,0.68,0.43,1.25,2.37,3.75
2444,06.11.2010 18:00:00,0.68,0.43,1.25,2.37,3.75
2445,06.11.2010 19:00:00,0.62,0.5,1.25,2.37,3.75
2446,06.11.2010 20:00:00,0.62,0.43,1.25,2.31,3.75
2447,06.11.2010 21:00:00,0.62,0.43,1.25,2.31,3.75
2448,06.11.2010 22:00:00,0.62,0.43,1.18,2.31,3.75,3.494
2449,06.11.2010 23:00:00,0.56,0.43,1.25,2.31,3.75
2450,07.11.2010 00:00:00,0.56,0.43,1.18,2.31,3.75
2451,07.11.2010 01:00:00,0.56,0.43,1.25,2.31,3.75
2452,07.11.2010 02:00:00,0.56,0.43,1.25,2.31,3.75
2453,07.11.2010 03:00:00,0.56,0.43,1.25,2.31,3.75
2454,07.11.2010 04:00:00,0.56,0.43,1.18,2.31,3.75,3.492
2455,07.11.2010 05:00:00,0.56,0.43,1.25,2.31,3.75
2456,07.11.2010 06:00:00,0.56,0.37,1.25,2.31,3.68
2457,07.11.2010 07:00:00,0.5,0.43,1.18,2.31,3.75
2458,07.11.2010 08:00:00,0.56,0.43,1.18,2.31,3.68
2459,07.11.2010 09:00:00,0.56,0.37,1.18,2.31,3.68
2460,07.11.2010 10:00:00,0.5,0.43,1.18,2.31,3.68,3.491
2461,07.11.2010 11:00:00,0.56,0.43,1.18,2.31,3.68
2462,07.11.2010 12:00:00,0.56,0.43,1.25,2.25,3.68
2463,07.11.2010 13:00:00,0.56,0.43,1.18,2.31,3.68
2464,07.11.2010 14:00:00,0.56,0.43,1.18,2.25,3.68
2465,07.11.2010 15:00:00,0.68,0.56,1.18,2.25,3.68
2466,07.11.2010 16:00:00,0.81,0.68,1.18,2.25,3.68,3.498
2467,07.11.2010 17:00:00,0.87,0.81,1.18,2.25,3.68
2468,07.11.2010 18:00:00,0.87,0.75,1.18,2.25,3.68
2469,07.11.2010 19:00:00,0.81,0.62,1.18,2.25,3.68
2470,07.11.2010 20:00:00,0.75,0.56,1.18,2.25,3.68
2471,07.11.2010 21:00:00,0.68,0.56,1.18,2.25,3.68
2472,07.11.2010 22:00:00,0.68,0.5,1.18,2.25,3.68,3.496
2473,07.11.2010 23:00:00,0.62,0.5,1.18,2.25,3.68
2474,08.11.2010 00:00:00,0.62,0.5,1.18,2.25,3.68
2475,08.11.2010 01:00:00,0.56,0.43,1.18,2.25,3.68
2476,08.11.2010 02:00:00,0.56,0.43,1.25,2.25,3.68
2477,08.11.2010 03:00:00,0.56,0.43,1.18,2.25,3.68
2478,08.11.2010 04:00:00,0.62,0.43,1.18,2.25,3.68,3.492
2479,08.11.2010 05:00:00,0.56,0.43,1.18,2.25,3.68
2480,08.11.2010 06:00:00,0.56,0.43,1.18,2.25,3.68
2481,08.11.2010 07:00:00,0.56,0.43,1.18,2.25,3.62
2482,08.11.2010 08:00:00,0.5,0.43,1.18,2.25,3.68
2483,08.11.2010 09:00:00,0.56,0.37,1.18,2.18,3.68
2484,08.11.2010 10:00:00,0.5,0.37,1.18,2.25,3.68,3.491
2485,08.11.2010 11:00:00,0.5,0.37,1.12,2.18,3.62
2486,08.11.2010 12:00:00,0.5,0.37,1.18,2.18,3.62
2487,08.11.2010 13:00:00,0.5,0.37,1.18,2.25,3.62
2488,08.11.2010 14:00:00,0.56,0.43,1.18,2.25,3.62
2489,08.11.2010 15:00:00,0.62,0.5,1.12,2.18,3.68
2490,08.11.2010 16:00:00,0.81,0.75,1.12,2.18,3.62,3.492
2491,08.11.2010 17:00:00,1,0.87,1.18,2.18,3.68
2492,08.11.2010 18:00:00,1,0.81,1.18,2.18,3.62
2493,08.11.2010 19:00:00,0.87,0.68,1.18,2.18,3.62
2494,08.11.2010 20:00:00,0.81,0.62,1.18,2.18,3.62
2495,08.11.2010 21:00:00,0.75,0.56,1.12,2.18,3.62
2496,08.11.2010 22:00:00,0.68,0.5,1.18,2.18,3.62,3.492
2497,08.11.2010 23:00:00,0.68,0.5,1.18,2.18,3.62
2498,09.11.2010 00:00:00,0.62,0.5,1.18,2.18,3.62
2499,09.11.2010 01:00:00,0.62,0.43,1.18,2.18,3.62
2500,09.11.2010 02:00:00,0.56,0.43,1.12,2.18,3.62
2501,09.11.2010 03:00:00,0.56,0.43,1.12,2.18,3.62
2502,09.11.2010 04:00:00,0.56,0.43,1.18,2.18,3.62,3.497
2503,09.11.2010 05:00:00,0.56,0.43,1.12,2.12,3.62
2504,09.11.2010 06:00:00,0.56,0.37,1.12,2.18,3.62
2505,09.11.2010 07:00:00,0.5,0.43,1.12,2.18,3.62
2506,09.11.2010 08:00:00,0.5,0.37,1.12,2.18,3.62
2507,09.11.2010 09:00:00,0.5,0.37,1.12,2.18,3.62
2508,09.11.2010 10:00:00,0.5,0.37,1.12,2.18,3.62,3.492
2509,09.11.2010 11:00:00,0.5,0.37,1.12,2.18,3.62
2510,09.11.2010 12:00:00,0.5,0.37,1.12,2.18,3.62
2511,09.11.2010 13:00:00,0.5,0.37,1.12,2.18,3.62
2512,09.11.2010 14:00:00,0.5,0.37,1.12,2.18,3.62
2513,09.11.2010 15:00:00,0.62,0.5,1.12,2.18,3.62
2514,09.11.2010 16:00:00,0.81,0.75,1.12,2.18,3.62,3.497
2515,09.11.2010 17:00:00,1,0.87,1.12,2.12,3.62
2516,09.11.2010 18:00:00,1.06,0.81,1.12,2.18,3.62
2517,09.11.2010 19:00:00,1,0.75,1.12,2.18,3.56
2518,09.11.2010 20:00:00,0.87,0.62,1.12,2.12,3.56
2519,09.11.2010 21:00:00,0.81,0.56,1.12,2.18,3.62
2520,09.11.2010 22:00:00,0.68,0.5,1.12,2.12,3.56,3.498
2521,09.11.2010 23:00:00,0.68,0.5,1.12,2.12,3.56
2522,10.11.2010 00:00:00,0.62,0.5,1.12,2.12,3.56
2523,10.11.2010 01:00:00,0.62,0.5,1.12,2.12,3.56
2524,10.11.2010 02:00:00,0.56,0.43,1.12,2.12,3.56
2525,10.11.2010 03:00:00,0.56,0.43,1.12,2.12,3.56
2526,10.11.2010 04:00:00,0.56,0.43,1.12,2.12,3.56,3.491
2527,10.11.2010 05:00:00,0.56,0.43,1.12,2.12,3.56
2528,10.11.2010 06:00:00,0.5,0.37,1.12,2.12,3.56
2529,10.11.2010 07:00:00,0.5,0.37,1.12,2.12,3.56
2530,10.11.2010 08:00:00,0.5,0.37,1.12,2.12,3.56
2531,10.11.2010 09:00:00,0.5,0.31,1.12,2.12,3.56
2532,10.11.2010 10:00:00,0.5,0.37,1.12,2.12,3.56,3.496
2533,10.11.2010 11:00:00,0.5,0.37,1.12,2.12,3.56
2534,10.11.2010 12:00:00,0.5,0.31,1.12,2.12,3.56
2535,10.11.2010 13:00:00,0.5,0.37,1.12,2.12,3.56
2536,10.11.2010 14:00:00,0.5,0.31,1.12,2.12,3.56
2537,10.11.2010 15:00:00,0.5,0.37,1.12,2.12,3.56
2538,10.11.2010 16:00:00,0.68,0.5,1.06,2.12,3.5,3.492
2539,10.11.2010 17:00:00,0.81,0.62,1.12,2.12,3.56
2540,10.11.2010 18:00:00,0.87,0.62,1.12,2.12,3.56
2541,10.11.2010 19:00:00,0.81,0.62,1.12,2.12,3.56
2542,10.11.2010 20:00:00,0.75,0.56,1.12,2.12,3.56
2543,10.11.2010 21:00:00,0.75,0.5,1.12,2.12,3.56
2544,10.11.2010 22:00:00,0.68,0.5,1.12,2.12,3.56,3.497
2545,10.11.2010 23:00:00,0.68,0.43,1.12,2.12,3.5
2546,11.11.2010 00:00:00,0.62,0.43,1.06,2.12,3.56
2547,11.11.2010 01:00:00,0.62,0.37,1.12,2.12,3.56
2548,11.11.2010 02:00:00,0.62,0.37,1.12,2.06,3.56
2549,11.11.2010 03:00:00,0.56,0.43,1.12,2.06,3.56
2550,11.11.2010 04:00:00,0.56,0.37,1.12,2.06,3.56,3.492
2551,11.11.2010 05:00:00,0.56,0.37,1.12,2.12,3.56
2552,11.11.2010 06:00:00,0.5,0.37,1.06,2.12,3.5
2553,11.11.2010 07:00:00,0.5,0.31,1.06,2.06,3.5
2554,11.11.2010 08:00:00,0.5,0.31,1.06,2.12,3.56
2555,11.11.2010 09:00:00,0.5,0.31,1.06,2.12,3.5
2556,11.11.2010 10:00:00,0.43,0.31,1.06,2.12,3.5,3.490
2557,11.11.2010 11:00:00,0.43,0.31,1.06,2.06,3.5
2558,11.11.2010 12:00:00,0.43,0.31,1.06,2.06,3.5
2559,11.11.2010 13:00:00,0.43,0.31,1.06,2.06,3.5
2560,11.11.2010 14:00:00,0.43,0.31,1.06,2.06,3.5
2561,11.11.2010 15:00:00,0.5,0.31,1.06,2.06,3.5
2562,11.11.2010 16:00:00,0.56,0.37,1.06,2.06,3.5,3.491
2563,11.11.2010 17:00:00,0.75,0.5,1.06,2.06,3.5
2564,11.11.2010 18:00:00,0.81,0.56,1.06,2.06,3.5
2565,11.11.2010 19:00:00,0.75,0.5,1.06,2.06,3.5
2566,11.11.2010 20:00:00,0.68,0.43,1.06,2.06,3.5
2567,11.11.2010 21:00:00,0.68,0.43,1.06,2.06,3.5
2568,11.11.2010 22:00:00,0.62,0.43,1.06,2.06,3.5,3.496
2569,11.11.2010 23:00:00,0.56,0.37,1.06,2.06,3.5
2570,12.11.2010 00:00:00,0.56,0.37,1.06,2.06,3.5
2571,12.11.2010 01:00:00,0.56,0.37,1.06,2.06,3.5
2572,12.11.2010 02:00:00,0.5,0.37,1.06,2.06,3.5
2573,12.11.2010 03:00:00,0.5,0.31,1.06,2.06,3.5
2574,12.11.2010 04:00:00,0.5,0.31,1.06,2.06,3.5,3.494
2575,12.11.2010 05:00:00,0.5,0.31,1.06,2.06,3.5
2576,12.11.2010 06:00:00,0.43,0.31,1.06,2.06,3.43
2577,12.11.2010 07:00:00,0.43,0.31,1.06,2.06,3.5
2578,12.11.2010 08:00:00,0.43,0.25,1.06,2.06,3.5
2579,12.11.2010 09:00:00,0.43,0.25,1.06,2.06,3.5
2580,12.11.2010 10:00:00,0.43,0.25,1,2.06,3.5,3.494
2581,12.11.2010 11:00:00,0.43,0.25,1.06,2.06,3.43
2582,12.11.2010 12:00:00,0.37,0.25,1,2.06,3.5
2583,12.11.2010 13:00:00,0.37,0.25,1,2.06,3.43
2584,12.11.2010 14:00:00,0.43,0.25,1,2,3.43
2585,12.11.2010 15:00:00,0.43,0.25,1,2.06,3.5
2586,12.11.2010 16:00:00,0.43,0.25,1,2.06,3.43,3.489
2587,12.11.2010 17:00:00,0.43,0.25,1,2.06,3.43
2588,12.11.2010 18:00:00,0.5,0.25,1,2.06,3.43
2589,12.11.2010 19:00:00,0.5,0.25,1,2.06,3.43
2590,12.11.2010 20:00:00,0.5,0.31,1,2,3.43
2591,12.11.2010 21:00:00,0.43,0.31,1,2,3.43
2592,12.11.2010 22:00:00,0.43,0.25,1,2,3.43,3.494
2593,12.11.2010 23:00:00,0.43,0.25,1,2.06,3.43
2594,13.11.2010 00:00:00,0.43,0.25,1,2,3.43
2595,13.11.2010 01:00:00,0.43,0.25,0.93,2,3.43
2596,13.11.2010 02:00:00,0.43,0.25,1,2,3.43
2597,13.11.2010 03:00:00,0.37,0.25,1,2,3.43
2598,13.11.2010 04:00:00,0.43,0.25,1,2,3.43,3.491
2599,13.11.2010 05:00:00,0.37,0.25,1,2,3.43
2600,13.11.2010 06:00:00,0.37,0.25,1,2,3.43
2601,13.11.2010 07:00:00,0.37,0.18,1,2,3.43
2602,13.11.2010 08:00:00,0.37,0.18,1,2,3.43
2603,13.11.2010 09:00:00,0.31,0.18,1,2,3.43
2604,13.11.2010 10:00:00,0.37,0.18,0.93,2,3.43,3.493
2605,13.11.2010 11:00:00,0.31,0.18,0.93,2,3.43
2606,13.11.2010 12:00:00,0.31,0.18,0.93,2,3.43
2607,13.11.2010 13:00:00,0.31,0.18,0.93,2,3.43
2608,13.11.2010 14:00:00,0.31,0.18,0.93,2,3.43
2609,13.11.2010 15:00:00,0.37,0.18,0.93,2,3.43
2610,13.11.2010 16:00:00,0.31,0.18,0.93,2,3.43,3.490
2611,13.11.2010 17:00:00,0.37,0.18,0.93,2,3.43
2612,13.11.2010 18:00:00,0.43,0.18,0.93,2,3.43
2613,13.11.2010 19:00:00,0.43,0.18,0.93,2,3.43
2614,13.11.2010 20:00:00,0.43,0.25,0.93,2,3.43
2615,13.11.2010 21:00:00,0.37,0.18,0.93,2,3.37
2616,13.11.2010 22:00:00,0.37,0.18,0.93,1.93,3.43,3.493
2617,13.11.2010 23:00:00,0.37,0.18,0.93,2,3.37
2618,14.11.2010 00:00:00,0.37,0.18,0.93,2,3.43
2619,14.11.2010 01:00:00,0.37,0.18,0.93,1.93,3.37
2620,14.11.2010 02:00:00,0.37,0.18,0.93,1.93,3.37
2621,14.11.2010 03:00:00,0.31,0.18,0.93,1.93,3.37
2622,14.11.2010 04:00:00,0.37,0.18,0.93,1.93,3.37,3.488
2623,14.11.2010 05:00:00,0.31,0.18,0.87,1.93,3.37
2624,14.11.2010 06:00:00,0.31,0.18,0.93,1.93,3.37
2625,14.11.2010 07:00:00,0.31,0.12,0.93,1.93,3.37
2626,14.11.2010 08:00:00,0.31,0.12,0.93,1.93,3.37
2627,14.11.2010 09:00:00,0.31,0.12,0.93,1.93,3.37
2628,14.11.2010 10:00:00,0.31,0.06,0.93,1.93,3.37,3.489
2629,14.11.2010 11:00:00,0.25,0.06,0.87,1.93,3.37
2630,14.11.2010 12:00:00,0.31,0.06,0.87,1.93,3.37
2631,14.11.2010 13:00:00,0.25,0.06,0.87,1.93,3.37
2632,14.11.2010 14:00:00,0.31,0.12,0.87,1.93,3.37
2633,14.11.2010 15:00:00,0.25,0.12,0.87,1.93,3.37
2634,14.11.2010 16:00:00,0.31,0.12,0.87,1.93,3.37,3.489
2635,14.11.2010 17:00:00,0.31,0.12,0.87,1.93,3.37
2636,14.11.2010 18:00:00,0.31,0.12,0.87,1.93,3.37
2637,14.11.2010 19:00:00,0.37,0.12,0.87,1.93,3.37
2638,14.11.2010 20:00:00,0.31,0.12,0.87,1.93,3.37
2639,14.11.2010 21:00:00,0.31,0.12,0.87,1.93,3.37
2640,14.11.2010 22:00:00,0.31,0.12,0.87,1.93,3.37,3.488
2641,14.11.2010 23:00:00,0.31,0.18,0.87,1.93,3.37
2642,15.11.2010 00:00:00,0.31,0.18,0.87,1.93,3.37
2643,15.11.2010 01:00:00,0.31,0.12,0.87,1.93,3.37
2644,15.11.2010 02:00:00,0.31,0.12,0.87,1.93,3.37
2645,15.11.2010 03:00:00,0.31,0.12,0.87,1.87,3.37
2646,15.11.2010 04:00:00,0.31,0.12,0.81,1.87,3.37,3.487
2647,15.11.2010 05:00:00,0.31,0.12,0.87,1.87,3.37
2648,15.11.2010 06:00:00,0.31,0.12,0.87,1.93,3.37
2649,15.11.2010 07:00:00,0.31,0.06,0.87,1.87,3.37
2650,15.11.2010 08:00:00,0.25,0.06,0.87,1.93,3.37
2651,15.11.2010 09:00:00,0.25,0.06,0.87,1.87,3.37
2652,15.11.2010 10:00:00,0.25,0.06,0.81,1.87,3.37,3.493
2653,15.11.2010 11:00:00,0.25,0.06,0.87,1.87,3.37
2654,15.11.2010 12:00:00,0.25,0.06,0.87,1.87,3.37
2655,15.11.2010 13:00:00,0.25,0.06,0.87,1.87,3.37
2656,15.11.2010 14:00:00,0.25,0.06,0.81,1.87,3.31
2657,15.11.2010 15:00:00,0.25,0.06,0.81,1.87,3.31
2658,15.11.2010 16:00:00,0.25,0.06,0.81,1.87,3.31,3.491
2659,15.11.2010 17:00:00,0.25,0.06,0.81,1.87,3.31
2660,15.11.2010 18:00:00,0.25,0.06,0.81,1.87,3.37
2661,15.11.2010 19:00:00,0.25,0.06,0.81,1.87,3.31
2662,15.11.2010 20:00:00,0.25,0.12,0.81,1.87,3.31
2663,15.11.2010 21:00:00,0.25,0.12,0.81,1.87,3.31
2664,15.11.2010 22:00:00,0.25,0.12,0.81,1.87,3.31,3.487
2665,15.11.2010 23:00:00,0.25,0.06,0.81,1.87,3.31
2666,16.11.2010 00:00:00,0.25,0.12,0.81,1.87,3.31
2667,16.11.2010 01:00:00,0.25,0.12,0.81,1.87,3.31
2668,16.11.2010 02:00:00,0.25,0.12,0.81,1.87,3.31
2669,16.11.2010 03:00:00,0.31,0.12,0.81,1.87,3.31
2670,16.11.2010 04:00:00,0.25,0.06,0.81,1.87,3.31,3.488
2671,16.11.2010 05:00:00,0.25,0.06,0.81,1.87,3.31
2672,16.11.2010 06:00:00,0.25,0.06,0.81,1.81,3.31
2673,16.11.2010 07:00:00,0.25,0.06,0.81,1.87,3.31
2674,16.11.2010 08:00:00,0.25,0,0.81,1.87,3.31
2675,16.11.2010 09:00:00,0.25,0,0.81,1.81,3.31
2676,16.11.2010 10:00:00,0.18,0,0.81,1.87,3.31,3.487
2677,16.11.2010 11:00:00,0.18,0,0.81,1.81,3.31
2678,16.11.2010 12:00:00,0.18,0,0.81,1.81,3.31
2679,16.11.2010 13:00:00,0.18,0,0.81,1.87,3.31
2680,16.11.2010 14:00:00,0.18,0,0.81,1.81,3.31
2681,16.11.2010 15:00:00,0.18,0,0.81,1.81,3.31
2682,16.11.2010 16:00:00,0.18,0,0.81,1.81,3.31,3.487
2683,16.11.2010 17:00:00,0.18,0,0.81,1.81,3.31
2684,16.11.2010 18:00:00,0.18,0,0.81,1.81,3.31
2685,16.11.2010 19:00:00,0.18,0.06,0.81,1.81,3.31
2686,16.11.2010 20:00:00,0.18,0,0.75,1.81,3.25
2687,16.11.2010 21:00:00,0.18,0,0.75,1.81,3.31
2688,16.11.2010 22:00:00,0.18,0.06,0.81,1.81,3.25,3.491
2689,16.11.2010 23:00:00,0.18,0.06,0.81,1.81,3.25
2690,17.11.2010 00:00:00,0.18,0.06,0.81,1.81,3.31
2691,17.11.2010 01:00:00,0.18,0,0.75,1.81,3.31
2692,17.11.2010 02:00:00,0.18,0.06,0.75,1.81,3.25
2693,17.11.2010 03:00:00,0.18,0.06,0.75,1.81,3.25
2694,17.11.2010 04:00:00,0.18,0,0.75,1.81,3.25,3.487
2695,17.11.2010 05:00:00,0.18,0,0.75,1.81,3.25
2696,17.11.2010 06:00:00,0.12,0,0.75,1.81,3.31
2697,17.11.2010 07:00:00,0.12,-0.06,0.75,1.81,3.25
2698,17.11.2010 08:00:00,0.12,-0.06,0.75,1.81,3.25
2699,17.11.2010 09:00:00,0.12,-0.06,0.75,1.81,3.25
2700,17.11.2010 10:00:00,0.12,-0.06,0.75,1.81,3.25,3.491
2701,17.11.2010 11:00:00,0.12,-0.06,0.75,1.81,3.25
2702,17.11.2010 12:00:00,0.12,-0.06,0.75,1.81,3.25
2703,17.11.2010 13:00:00,0.12,-0.06,0.75,1.81,3.25
2704,17.11.2010 14:00:00,0.12,-0.06,0.75,1.81,3.25
2705,17.11.2010 15:00:00,0.12,-0.06,0.75,1.81,3.25
2706,17.11.2010 16:00:00,0.12,-0.06,0.75,1.81,3.25,3.493
2707,17.11.2010 17:00:00,0.12,-0.06,0.75,1.81,3.25
2708,17.11.2010 18:00:00,0.12,0,0.75,1.75,3.25
2709,17.11.2010 19:00:00,0.12,0,0.68,1.81,3.25
2710,17.11.2010 20:00:00,0.12,0,0.75,1.81,3.25
2711,17.11.2010 21:00:00,0.06,0,0.75,1.81,3.25
2712,17.11.2010 22:00:00,0.12,-0.06,0.75,1.75,3.25,3.488
2713,17.11.2010 23:00:00,0.12,0,0.75,1.75,3.25
2714,18.11.2010 00:00:00,0.12,0,0.75,1.75,3.25
2715,18.11.2010 01:00:00,0.12,0,0.68,1.75,3.25
2716,18.11.2010 02:00:00,0.12,0,0.68,1.75,3.25
2717,18.11.2010 03:00:00,0.12,0,0.68,1.75,3.25
2718,18.11.2010 04:00:00,0.12,0,0.75,1.75,3.25,3.492
2719,18.11.2010 05:00:00,0.12,0,0.68,1.75,3.25
2720,18.11.2010 06:00:00,0.12,-0.06,0.68,1.75,3.25
2721,18.11.2010 07:00:00,0.12,-0.06,0.68,1.75,3.25
2722,18.11.2010 08:00:00,0.12,-0.06,0.68,1.75,3.25
2723,18.11.2010 09:00:00,0.12,-0.12,0.68,1.75,3.18
2724,18.11.2010 10:00:00,0.12,-0.12,0.68,1.75,3.25,3.487
2725,18.11.2010 11:00:00,0.06,-0.12,0.68,1.75,3.25
2726,18.11.2010 12:00:00,0.06,-0.12,0.68,1.75,3.25
2727,18.11.2010 13:00:00,0.06,-0.12,0.68,1.75,3.18
2728,18.11.2010 14:00:00,0.06,-0.12,0.68,1.75,3.18
2729,18.11.2010 15:00:00,0.06,-0.12,0.68,1.75,3.25
2730,18.11.2010 16:00:00,0.06,-0.12,0.68,1.75,3.18,3.491
2731,18.11.2010 17:00:00,0.06,-0.06,0.68,1.75,3.18
2732,18.11.2010 18:00:00,0.06,-0.06,0.68,1.75,3.25
2733,18.11.2010 19:00:00,0.06,-0.06,0.68,1.75,3.18
2734,18.11.2010 20:00:00,0.06,-0.06,0.68,1.75,3.18
2735,18.11.2010 21:00:00,0.06,-0.06,0.68,1.75,3.18
2736,18.11.2010 22:00:00,0.06,0,0.68,1.75,3.18,3.485
2737,18.11.2010 23:00:00,0.06,-0.06,0.68,1.75,3.18
2738,19.11.2010 00:00:00,0.06,-0.06,0.68,1.75,3.18
2739,19.11.2010 01:00:00,0.06,-0.06,0.68,1.68,3.18
2740,19.11.2010 02:00:00,0.12,-0.06,0.68,1.68,3.18
2741,19.11.2010 03:00:00,0.12,-0.06,0.68,1.75,3.18
2742,19.11.2010 04:00:00,0.12,-0.06,0.68,1.68,3.18,3.485
2743,19.11.2010 05:00:00,0.12,-0.06,0.68,1.68,3.18
2744,19.11.2010 06:00:00,0.06,-0.06,0.68,1.68,3.18
2745,19.11.2010 07:00:00,0.06,-0.12,0.68,1.75,3.18
2746,19.11.2010 08:00:00,0.06,-0.12,0.68,1.68,3.18
2747,19.11.2010 09:00:00,0.06,-0.18,0.68,1.68,3.18
2748,19.11.2010 10:00:00,0.06,-0.18,0.68,1.68,3.18,3.486
2749,19.11.2010 11:00:00,0.06,-0.18,0.68,1.68,3.18
2750,19.11.2010 12:00:00,0,-0.18,0.68,1.68,3.18
2751,19.11.2010 13:00:00,0.06,-0.18,0.68,1.68,3.18
2752,19.11.2010 14:00:00,0,-0.12,0.68,1.68,3.18
2753,19.11.2010 15:00:00,0.06,-0.12,0.68,1.68,3.18
2754,19.11.2010 16:00:00,0.06,-0.12,0.62,1.68,3.18,3.490
2755,19.11.2010 17:00:00,0.06,-0.12,0.62,1.68,3.18
2756,19.11.2010 18:00:00,0.06,-0.12,0.68,1.68,3.18
2757,19.11.2010 19:00:00,0.06,-0.12,0.62,1.68,3.18
2758,19.11.2010 20:00:00,0.06,-0.06,0.62,1.68,3.18
2759,19.11.2010 21:00:00,0.06,-0.06,0.62,1.68,3.18
2760,19.11.2010 22:00:00,0.06,-0.06,0.62,1.68,3.18,3.489
2761,19.11.2010 23:00:00,0.06,-0.06,0.62,1.68,3.18
2762,20.11.2010 00:00:00,0.06,-0.06,0.62,1.68,3.18
2763,20.11.2010 01:00:00,0.06,-0.06,0.62,1.68,3.12
2764,20.11.2010 02:00:00,0.06,-0.12,0.62,1.68,3.12
2765,20.11.2010 03:00:00,0.06,-0.06,0.62,1.68,3.12
2766,20.11.2010 04:00:00,0.06,-0.06,0.62,1.68,3.18,3.490
2767,20.11.2010 05:00:00,0.06,-0.12,0.62,1.68,3.18
2768,20.11.2010 06:00:00,0.06,-0.12,0.62,1.68,3.18
2769,20.11.2010 07:00:00,0.06,-0.12,0.62,1.68,3.12
2770,20.11.2010 08:00:00,0,-0.18,0.62,1.68,3.12
2771,20.11.2010 09:00:00,0,-0.18,0.62,1.68,3.12
2772,20.11.2010 10:00:00,0,-0.18,0.62,1.62,3.18,3.484
2773,20.11.2010 11:00:00,0,-0.18,0.62,1.68,3.12
2774,20.11.2010 12:00:00,0,-0.18,0.62,1.68,3.12
2775,20.11.2010 13:00:00,0,-0.18,0.62,1.68,3.12
2776,20.11.2010 14:00:00,0,-0.18,0.62,1.68,3.12
2777,20.11.2010 15:00:00,0,-0.12,0.62,1.62,3.12
2778,20.11.2010 16:00:00,0,-0.18,0.62,1.62,3.12,3.489
2779,20.11.2010 17:00:00,0,-0.12,0.62,1.62,3.12
2780,20.11.2010 18:00:00,0,-0.12,0.62,1.68,3.12
2781,20.11.2010 19:00:00,0,-0.12,0.62,1.68,3.12
2782,20.11.2010 20:00:00,0.06,-0.06,0.62,1.62,3.12
2783,20.11.2010 21:00:00,0.06,-0.12,0.62,1.62,3.12
2784,20.11.2010 22:00:00,0,-0.12,0.62,1.62,3.12,3.487
2785,20.11.2010 23:00:00,0.06,-0.06,0.62,1.62,3.12
2786,21.11.2010 00:00:00,0,-0.06,0.62,1.62,3.12
2787,21.11.2010 01:00:00,0,-0.06,0.62,1.62,3.12
2788,21.11.2010 02:00:00,0.06,-0.12,0.62,1.62,3.12
2789,21.11.2010 03:00:00,0,-0.06,0.62,1.62,3.12
2790,21.11.2010 04:00:00,0.06,-0.12,0.62,1.62,3.12,3.489
2791,21.11.2010 05:00:00,0.06,-0.12,0.62,1.62,3.12
2792,21.11.2010 06:00:00,0.06,-0.12,0.62,1.62,3.12
2793,21.11.2010 07:00:00,0,-0.18,0.62,1.62,3.12
2794,21.11.2010 08:00:00,0,-0.18,0.62,1.62,3.12
2795,21.11.2010 09:00:00,0,-0.25,0.56,1.62,3.12
2796,21.11.2010 10:00:00,0,-0.18,0.62,1.62,3.12,3.486
2797,21.11.2010 11:00:00,0,-0.25,0.56,1.62,3.12
2798,21.11.2010 12:00:00,0,-0.25,0.62,1.62,3.12
2799,21.11.2010 13:00:00,0,-0.18,0.56,1.62,3.12
2800,21.11.2010 14:00:00,0,-0.18,0.56,1.62,3.12
2801,21.11.2010 15:00:00,0,-0.18,0.56,1.62,3.12
2802,21.11.2010 16:00:00,0,-0.18,0.56,1.62,3.12,3.489
2803,21.11.2010 17:00:00,0,-0.12,0.56,1.62,3.12
2804,21.11.2010 18:00:00,0,-0.18,0.56,1.62,3.06
2805,21.11.2010 19:00:00,0,-0.12,0.56,1.62,3.06
2806,21.11.2010 20:00:00,0,-0.12,0.56,1.62,3.06
2807,21.11.2010 21:00:00,0,-0.12,0.56,1.62,3.12
2808,21.11.2010 22:00:00,0,-0.12,0.56,1.62,3.06,3.484
2809,21.11.2010 23:00:00,-0.06,-0.12,0.56,1.62,3.12
2810,22.11.2010 00:00:00,-0.06,-0.12,0.56,1.62,3.06
2811,22.11.2010 01:00:00,0,-0.12,0.56,1.56,3.06
2812,22.11.2010 02:00:00,0,-0.12,0.56,1.56,3.06
2813,22.11.2010 03:00:00,-0.06,-0.12,0.56,1.62,3.06
2814,22.11.2010 04:00:00,-0.06,-0.12,0.56,1.62,3.06,3.484
2815,22.11.2010 05:00:00,0,-0.12,0.56,1.56,3.06
2816,22.11.2010 06:00:00,-0.06,-0.18,0.56,1.62,3.06
2817,22.11.2010 07:00:00,-0.06,-0.18,0.56,1.56,3.06
2818,22.11.2010 08:00:00,-0.06,-0.18,0.56,1.62,3.06
2819,22.11.2010 09:00:00,-0.06,-0.18,0.56,1.56,3.06
2820,22.11.2010 10:00:00,-0.06,-0.25,0.56,1.56,3.06,3.485
2821,22.11.2010 11:00:00,-0.06,-0.25,0.56,1.56,3.06
2822,22.11.2010 12:00:00,-0.06,-0.25,0.56,1.56,3.06
2823,22.11.2010 13:00:00,-0.06,-0.25,0.56,1.56,3.06
2824,22.11.2010 14:00:00,-0.06,-0.25,0.56,1.56,3.06
2825,22.11.2010 15:00:00,-0.06,-0.18,0.56,1.56,3.06
2826,22.11.2010 16:00:00,-0.06,-0.18,0.56,1.56,3.06,3.484
2827,22.11.2010 17:00:00,0,-0.18,0.5,1.56,3.06
2828,22.11.2010 18:00:00,-0.06,-0.18,0.56,1.56,3.06
2829,22.11.2010 19:00:00,-0.06,-0.18,0.56,1.56,3.06
2830,22.11.2010 20:00:00,-0.06,-0.18,0.56,1.56,3.06
2831,22.11.2010 21:00:00,-0.06,-0.18,0.5,1.56,3.06
2832,22.11.2010 22:00:00,-0.06,-0.18,0.5,1.56,3,3.484
2833,22.11.2010 23:00:00,-0.06,-0.18,0.56,1.56,3.06
2834,23.11.2010 00:00:00,-0.06,-0.25,0.56,1.56,3.06
2835,23.11.2010 01:00:00,-0.06,-0.31,0.56,1.56,3.06
2836,23.11.2010 02:00:00,-0.06,-0.31,0.56,1.56,3.06
2837,23.11.2010 03:00:00,-0.06,-0.31,0.5,1.56,3.06
2838,23.11.2010 04:00:00,-0.06,-0.31,0.56,1.56,3.06,3.489
2839,23.11.2010 05:00:00,-0.06,-0.37,0.5,1.56,3.06
2840,23.11.2010 06:00:00,-0.12,-0.37,0.56,1.56,3.06
2841,23.11.2010 07:00:00,-0.12,-0.43,0.5,1.56,3.06
2842,23.11.2010 08:00:00,-0.12,-0.43,0.56,1.56,3.06
2843,23.11.2010 09:00:00,-0.12,-0.5,0.5,1.56,3.06
2844,23.11.2010 10:00:00,-0.12,-0.5,0.5,1.56,3,3.486
2845,23.11.2010 11:00:00,-0.18,-0.5,0.5,1.56,3.06
2846,23.11.2010 12:00:00,-0.18,-0.43,0.5,1.56,3
2847,23.11.2010 13:00:00,-0.12,-0.43,0.5,1.56,3.06
2848,23.11.2010 14:00:00,-0.12,-0.37,0.5,1.56,3
2849,23.11.2010 15:00:00,-0.12,-0.31,0.5,1.56,3
2850,23.11.2010 16:00:00,-0.12,-0.31,0.5,1.56,3,3.485
2851,23.11.2010 17:00:00,-0.12,-0.25,0.5,1.5,3
2852,23.11.2010 18:00:00,-0.12,-0.25,0.5,1.56,3
2853,23.11.2010 19:00:00,-0.12,-0.25,0.5,1.56,3
2854,23.11.2010 20:00:00,-0.12,-0.25,0.5,1.56,3
2855,23.11.2010 21:00:00,-0.06,-0.18,0.5,1.5,3
2856,23.11.2010 22:00:00,-0.06,-0.25,0.5,1.56,3,3.483
2857,23.11.2010 23:00:00,-0.06,-0.25,0.5,1.56,3
2858,24.11.2010 00:00:00,-0.06,-0.25,0.5,1.56,3
2859,24.11.2010 01:00:00,-0.06,-0.31,0.5,1.5,3
2860,24.11.2010 02:00:00,-0.12,-0.37,0.5,1.5,3
2861,24.11.2010 03:00:00,-0.12,-0.43,0.5,1.5,3
2862,24.11.2010 04:00:00,-0.12,-0.5,0.5,1.5,3,3.483
2863,24.11.2010 05:00:00,-0.12,-0.56,0.5,1.5,3
2864,24.11.2010 06:00:00,-0.18,-0.62,0.5,1.5,3
2865,24.11.2010 07:00:00,-0.25,-0.62,0.5,1.5,3
2866,24.11.2010 08:00:00,-0.25,-0.68,0.5,1.5,3
2867,24.11.2010 09:00:00,-0.25,-0.75,0.5,1.5,3
2868,24.11.2010 10:00:00,-0.25,-0.81,0.5,1.5,3,3.483
2869,24.11.2010 11:00:00,-0.31,-0.75,0.5,1.5,3
2870,24.11.2010 12:00:00,-0.31,-0.68,0.43,1.5,3
2871,24.11.2010 13:00:00,-0.25,-0.62,0.5,1.5,3
2872,24.11.2010 14:00:00,-0.25,-0.5,0.43,1.5,3
2873,24.11.2010 15:00:00,-0.25,-0.5,0.43,1.5,3
2874,24.11.2010 16:00:00,-0.25,-0.43,0.5,1.5,3,3.488
2875,24.11.2010 17:00:00,-0.18,-0.37,0.43,1.5,3
2876,24.11.2010 18:00:00,-0.18,-0.37,0.43,1.5,3
2877,24.11.2010 19:00:00,-0.18,-0.31,0.43,1.43,3
2878,24.11.2010 20:00:00,-0.18,-0.31,0.43,1.5,2.93
2879,24.11.2010 21:00:00,-0.18,-0.31,0.43,1.5,3
2880,24.11.2010 22:00:00,-0.12,-0.31,0.43,1.5,3,3.484
2881,24.11.2010 23:00:00,-0.18,-0.31,0.43,1.5,3
2882,25.11.2010 00:00:00,-0.12,-0.31,0.43,1.5,2.93
2883,25.11.2010 01:00:00,-0.12,-0.37,0.43,1.5,3
2884,25.11.2010 02:00:00,-0.12,-0.43,0.43,1.5,3
2885,25.11.2010 03:00:00,-0.12,-0.5,0.43,1.5,3
2886,25.11.2010 04:00:00,-0.18,-0.56,0.43,1.5,2.93,3.489
2887,25.11.2010 05:00:00,-0.25,-0.62,0.43,1.43,2.93
2888,25.11.2010 06:00:00,-0.25,-0.68,0.43,1.43,2.93
2889,25.11.2010 07:00:00,-0.31,-0.75,0.43,1.5,3
2890,25.11.2010 08:00:00,-0.31,-0.75,0.43,1.5,2.93
2891,25.11.2010 09:00:00,-0.31,-0.81,0.43,1.5,2.93
2892,25.11.2010 10:00:00,-0.37,-0.87,0.43,1.5,2.93,3.486
2893,25.11.2010 11:00:00,-0.37,-0.87,0.37,1.43,2.93
2894,25.11.2010 12:00:00,-0.37,-0.75,0.43,1.5,2.93
2895,25.11.2010 13:00:00,-0.37,-0.68,0.43,1.43,2.93
2896,25.11.2010 14:00:00,-0.31,-0.62,0.43,1.43,2.93
2897,25.11.2010 15:00:00,-0.31,-0.5,0.43,1.43,2.93
2898,25.11.2010 16:00:00,-0.25,-0.43,0.37,1.43,2.93,3.483
2899,25.11.2010 17:00:00,-0.25,-0.43,0.37,1.43,2.93
2900,25.11.2010 18:00:00,-0.25,-0.37,0.37,1.43,2.93
2901,25.11.2010 19:00:00,-0.25,-0.37,0.37,1.43,2.93
2902,25.11.2010 20:00:00,-0.18,-0.31,0.37,1.43,2.93
2903,25.11.2010 21:00:00,-0.18,-0.31,0.43,1.43,2.93
2904,25.11.2010 22:00:00,-0.18,-0.31,0.43,1.43,2.93,3.489
2905,25.11.2010 23:00:00,-0.18,-0.37,0.37,1.43,2.93
2906,26.11.2010 00:00:00,-0.18,-0.31,0.37,1.43,2.93
2907,26.11.2010 01:00:00,-0.18,-0.37,0.37,1.43,2.93
2908,26.11.2010 02:00:00,-0.18,-0.37,0.37,1.43,2.93
2909,26.11.2010 03:00:00,-0.18,-0.43,0.43,1.43,2.93
2910,26.11.2010 04:00:00,-0.18,-0.43,0.37,1.43,2.93,3.483
2911,26.11.2010 05:00:00,-0.18,-0.5,0.37,1.43,2.93
2912,26.11.2010 06:00:00,-0.25,-0.5,0.37,1.43,2.93
2913,26.11.2010 07:00:00,-0.25,-0.56,0.37,1.43,2.93
2914,26.11.2010 08:00:00,-0.25,-0.56,0.37,1.43,2.93
2915,26.11.2010 09:00:00,-0.25,-0.62,0.37,1.43,2.93
2916,26.11.2010 10:00:00,-0.31,-0.62,0.37,1.43,2.93,3.488
2917,26.11.2010 11:00:00,-0.31,-0.62,0.37,1.43,2.93
2918,26.11.2010 12:00:00,-0.31,-0.62,0.37,1.43,2.93
2919,26.11.2010 13:00:00,-0.31,-0.56,0.37,1.43,2.93
2920,26.11.2010 14:00:00,-0.31,-0.5,0.37,1.43,2.93
2921,26.11.2010 15:00:00,-0.31,-0.43,0.37,1.37,2.93
2922,26.11.2010 16:00:00,-0.25,-0.43,0.37,1.43,2.93,3.484
2923,26.11.2010 17:00:00,-0.25,-0.37,0.37,1.43,2.87
2924,26.11.2010 18:00:00,-0.25,-0.37,0.37,1.43,2.87
2925,26.11.2010 19:00:00,-0.18,-0.31,0.37,1.43,2.87
2926,26.11.2010 20:00:00,-0.25,-0.31,0.37,1.43,2.93
2927,26.11.2010 21:00:00,-0.18,-0.31,0.37,1.37,2.93
2928,26.11.2010 22:00:00,-0.18,-0.31,0.37,1.43,2.93,3.482
2929,26.11.2010 23:00:00,-0.18,-0.31,0.37,1.37,2.93
2930,27.11.2010 00:00:00,-0.18,-0.37,0.37,1.43,2.87
2931,27.11.2010 01:00:00,-0.18,-0.37,0.37,1.37,2.93
2932,27.11.2010 02:00:00,-0.18,-0.43,0.37,1.43,2.87
2933,27.11.2010 03:00:00,-0.18,-0.43,0.31,1.37,2.93
2934,27.11.2010 04:00:00,-0.25,-0.5,0.37,1.37,2.87,3.483
2935,27.11.2010 05:00:00,-0.25,-0.56,0.37,1.43,2.87
2936,27.11.2010 06:00:00,-0.31,-0.62,0.37,1.37,2.87
2937,27.11.2010 07:00:00,-0.31,-0.68,0.37,1.37,2.87
2938,27.11.2010 08:00:00,-0.37,-0.75,0.37,1.37,2.87
2939,27.11.2010 09:00:00,-0.37,-0.81,0.37,1.37,2.87
2940,27.11.2010 10:00:00,-0.43,-0.87,0.37,1.37,2.87,3.485
2941,27.11.2010 11:00:00,-0.43,-0.87,0.31,1.37,2.93
2942,27.11.2010 12:00:00,-0.43,-0.81,0.31,1.37,2.87
2943,27.11.2010 13:00:00,-0.43,-0.68,0.37,1.37,2.87
2944,27.11.2010 14:00:00,-0.37,-0.62,0.31,1.37,2.87
2945,27.11.2010 15:00:00,-0.37,-0.56,0.37,1.37,2.87
2946,27.11.2010 16:00:00,-0.31,-0.5,0.37,1.37,2.87,3.484
2947,27.11.2010 17:00:00,-0.31,-0.43,0.31,1.37,2.87
2948,27.11.2010 18:00:00,-0.25,-0.43,0.31,1.37,2.87
2949,27.11.2010 19:00:00,-0.25,-0.37,0.37,1.37,2.87
2950,27.11.2010 20:00:00,-0.25,-0.37,0.31,1.37,2.87
2951,27.11.2010 21:00:00,-0.25,-0.37,0.31,1.37,2.87
2952,27.11.2010 22:00:00,-0.18,-0.37,0.31,1.37,2.87,3.487
2953,27.11.2010 23:00:00,-0.25,-0.37,0.31,1.37,2.87
2954,28.11.2010 00:00:00,-0.25,-0.43,0.31,1.37,2.87
2955,28.11.2010 01:00:00,-0.25,-0.5,0.31,1.37,2.87
2956,28.11.2010 02:00:00,-0.25,-0.56,0.37,1.37,2.87
2957,28.11.2010 03:00:00,-0.31,-0.68,0.31,1.37,2.81
2958,28.11.2010 04:00:00,-0.31,-0.75,0.31,1.37,2.87,3.481
2959,28.11.2010 05:00:00,-0.37,-0.81,0.31,1.37,2.87
2960,28.11.2010 06:00:00,-0.43,-0.87,0.31,1.37,2.87
2961,28.11.2010 07:00:00,-0.5,-0.93,0.31,1.37,2.87
2962,28.11.2010 08:00:00,-0.5,-1,0.31,1.37,2.87
2963,28.11.2010 09:00:00,-0.56,-1.12,0.31,1.37,2.87
2964,28.11.2010 10:00:00,-0.56,-1.12,0.31,1.37,2.87,3.484
2965,28.11.2010 11:00:00,-0.62,-1.12,0.31,1.37,2.87
2966,28.11.2010 12:00:00,-0.62,-1,0.31,1.37,2.87
2967,28.11.2010 13:00:00,-0.56,-0.87,0.31,1.37,2.87
2968,28.11.2010 14:00:00,-0.5,-0.75,0.31,1.37,2.87
2969,28.11.2010 15:00:00,-0.43,-0.68,0.31,1.31,2.81
2970,28.11.2010 16:00:00,-0.43,-0.56,0.31,1.37,2.87,3.483
2971,28.11.2010 17:00:00,-0.43,-0.5,0.31,1.37,2.87
2972,28.11.2010 18:00:00,-0.37,-0.5,0.31,1.37,2.81
2973,28.11.2010 19:00:00,-0.31,-0.5,0.31,1.37,2.81
2974,28.11.2010 20:00:00,-0.31,-0.43,0.31,1.31,2.87
2975,28.11.2010 21:00:00,-0.31,-0.43,0.31,1.31,2.81
2976,28.11.2010 22:00:00,-0.31,-0.43,0.31,1.31,2.81,3.485
2977,28.11.2010 23:00:00,-0.31,-0.5,0.25,1.31,2.87
2978,29.11.2010 00:00:00,-0.31,-0.56,0.31,1.37,2.81
2979,29.11.2010 01:00:00,-0.31,-0.62,0.25,1.31,2.81
2980,29.11.2010 02:00:00,-0.37,-0.68,0.25,1.31,2.81
2981,29.11.2010 03:00:00,-0.37,-0.81,0.31,1.31,2.81
2982,29.11.2010 04:00:00,-0.43,-0.87,0.31,1.31,2.81,3.482
2983,29.11.2010 05:00:00,-0.5,-0.93,0.25,1.31,2.81
2984,29.11.2010 06:00:00,-0.56,-1,0.31,1.31,2.81
2985,29.11.2010 07:00:00,-0.62,-1.12,0.25,1.31,2.81
2986,29.11.2010 08:00:00,-0.68,-1.18,0.31,1.31,2.81
2987,29.11.2010 09:00:00,-0.68,-1.25,0.25,1.31,2.81
2988,29.11.2010 10:00:00,-0.75,-1.31,0.25,1.31,2.81,3.484
2989,29.11.2010 11:00:00,-0.81,-1.25,0.25,1.31,2.81
2990,29.11.2010 12:00:00,-0.75,-1.12,0.25,1.31,2.81
2991,29.11.2010 13:00:00,-0.68,-1,0.25,1.31,2.81
2992,29.11.2010 14:00:00,-0.62,-0.87,0.25,1.31,2.81
2993,29.11.2010 15:00:00,-0.56,-0.75,0.25,1.31,2.81
2994,29.11.2010 16:00:00,-0.5,-0.68,0.25,1.31,2.81,3.478
2995,29.11.2010 17:00:00,-0.43,-0.62,0.25,1.31,2.81
2996,29.11.2010 18:00:00,-0.43,-0.56,0.25,1.31,2.81
2997,29.11.2010 19:00:00,-0.43,-0.5,0.25,1.31,2.81
2998,29.11.2010 20:00:00,-0.37,-0.5,0.25,1.31,2.81
2999,29.11.2010 21:00:00,-0.37,-0.5,0.25,1.31,2.81
3000,29.11.2010 22:00:00,-0.37,-0.56,0.25,1.31,2.81,3.480
3001,29.11.2010 23:00:00,-0.37,-0.56,0.25,1.31,2.81
3002,30.11.2010 00:00:00,-0.37,-0.62,0.25,1.31,2.81
3003,30.11.2010 01:00:00,-0.37,-0.68,0.25,1.25,2.81
3004,30.11.2010 02:00:00,-0.43,-0.81,0.25,1.31,2.81
3005,30.11.2010 03:00:00,-0.5,-0.87,0.25,1.31,2.81
3006,30.11.2010 04:00:00,-0.5,-1,0.25,1.31,2.81,3.481
3007,30.11.2010 05:00:00,-0.62,-1.06,0.25,1.31,2.81
3008,30.11.2010 06:00:00,-0.68,-1.12,0.25,1.25,2.81
3009,30.11.2010 07:00:00,-0.75,-1.25,0.25,1.25,2.81
3010,30.11.2010 08:00:00,-0.75,-1.31,0.25,1.25,2.81
3011,30.11.2010 09:00:00,-0.81,-1.37,0.18,1.31,2.81
3012,30.11.2010 10:00:00,-0.87,-1.43,0.18,1.31,2.81,3.477
3013,30.11.2010 11:00:00,-0.93,-1.37,0.25,1.31,2.81
3014,30.11.2010 12:00:00,-0.87,-1.25,0.18,1.25,2.81
3015,30.11.2010 13:00:00,-0.81,-1.06,0.18,1.31,2.75
3016,30.11.2010 14:00:00,-0.68,-0.93,0.25,1.25,2.75
3017,30.11.2010 15:00:00,-0.68,-0.81,0.18,1.25,2.81
3018,30.11.2010 16:00:00,-0.56,-0.75,0.18,1.25,2.81,3.479
3019,30.11.2010 17:00:00,-0.56,-0.68,0.18,1.31,2.75
3020,30.11.2010 18:00:00,-0.5,-0.62,0.18,1.25,2.81
3021,30.11.2010 19:00:00,-0.5,-0.62,0.18,1.25,2.81
3022,30.11.2010 20:00:00,-0.43,-0.56,0.18,1.25,2.81
3023,30.11.2010 21:00:00,-0.37,-0.56,0.18,1.25,2.75
3024,30.11.2010 22:00:00,-0.5,-0.62,0.18,1.25,2.75,3.484
3025,30.11.2010 23:00:00,-0.43,-0.68,0.18,1.25,2.75
3026,01.12.2010 00:00:00,-0.5,-0.75,0.18,1.25,2.81
3027,01.12.2010 01:00:00,-0.5,-0.81,0.18,1.25,2.75
3028,01.12.2010 02:00:00,-0.56,-0.93,0.18,1.25,2.75
3029,01.12.2010 03:00:00,-0.62,-1.06,0.18,1.25,2.75
3030,01.12.2010 04:00:00,-0.68,-1.12,0.18,1.25,2.75,3.483
3031,01.12.2010 05:00:00,-0.81,-1.25,0.18,1.25,2.75
3032,01.12.2010 06:00:00,-0.87,-1.31,0.18,1.25,2.75
3033,01.12.2010 07:00:00,-0.93,-1.37,0.18,1.25,2.75
3034,01.12.2010 08:00:00,-0.93,-1.43,0.18,1.25,2.75
3035,01.12.2010 09:00:00,-1,-1.56,0.18,1.25,2.75
3036,01.12.2010 10:00:00,-1.06,-1.62,0.12,1.25,2.75,3.476
3037,01.12.2010 11:00:00,-1.12,-1.56,0.12,1.25,2.75
3038,01.12.2010 12:00:00,-1.06,-1.37,0.12,1.25,2.75
3039,01.12.2010 13:00:00,-0.93,-1.18,0.12,1.25,2.75
3040,01.12.2010 14:00:00,-0.81,-1.06,0.18,1.25,2.75
3041,01.12.2010 15:00:00,-0.75,-0.93,0.12,1.25,2.75
3042,01.12.2010 16:00:00,-0.68,-0.81,0.12,1.25,2.75,3.478
3043,01.12.2010 17:00:00,-0.62,-0.75,0.18,1.25,2.75
3044,01.12.2010 18:00:00,-0.56,-0.68,0.12,1.25,2.75
3045,01.12.2010 19:00:00,-0.56,-0.68,0.12,1.25,2.75
3046,01.12.2010 20:00:00,-0.5,-0.68,0.12,1.18,2.75
3047,01.12.2010 21:00:00,-0.5,-0.68,0.18,1.25,2.75
3048,01.12.2010 22:00:00,-0.5,-0.68,0.18,1.25,2.75,3.478
3049,01.12.2010 23:00:00,-0.5,-0.75,0.12,1.25,2.75
3050,02.12.2010 00:00:00,-0.5,-0.81,0.12,1.25,2.75
3051,02.12.2010 01:00:00,-0.56,-0.87,0.12,1.18,2.75
3052,02.12.2010 02:00:00,-0.62,-0.93,0.18,1.18,2.75
3053,02.12.2010 03:00:00,-0.68,-1.06,0.12,1.25,2.68
3054,02.12.2010 04:00:00,-0.75,-1.12,0.12,1.18,2.75,3.478
3055,02.12.2010 05:00:00,-0.75,-1.25,0.12,1.25,2.68
3056,02.12.2010 06:00:00,-0.87,-1.31,0.12,1.18,2.75
3057,02.12.2010 07:00:00,-0.93,-1.37,0.12,1.18,2.75
3058,02.12.2010 08:00:00,-1,-1.5,0.12,1.25,2.68
3059,02.12.2010 09:00:00,-1.06,-1.56,0.12,1.18,2.68
3060,02.12.2010 10:00:00,-1.12,-1.62,0.12,1.18,2.75,3.482
3061,02.12.2010 11:00:00,-1.12,-1.62,0.12,1.18,2.68
3062,02.12.2010 12:00:00,-1.12,-1.43,0.12,1.18,2.68
3063,02.12.2010 13:00:00,-0.93,-1.18,0.12,1.18,2.68
3064,02.12.2010 14:00:00,-0.87,-1.06,0.12,1.18,2.68
3065,02.12.2010 15:00:00,-0.81,-0.93,0.06,1.18,2.68
3066,02.12.2010 16:00:00,-0.75,-0.87,0.12,1.18,2.68,3.479
3067,02.12.2010 17:00:00,-0.68,-0.81,0.12,1.18,2.75
3068,02.12.2010 18:00:00,-0.62,-0.68,0.12,1.18,2.75
3069,02.12.2010 19:00:00,-0.62,-0.68,0.12,1.18,2.68
3070,02.12.2010 20:00:00,-0.56,-0.68,0.12,1.18,2.75
3071,02.12.2010 21:00:00,-0.62,-0.68,0.12,1.18,2.68
3072,02.12.2010 22:00:00,-0.56,-0.68,0.12,1.18,2.68,3.484
3073,02.12.2010 23:00:00,-0.62,-0.75,0.12,1.18,2.68
3074,03.12.2010 00:00:00,-0.62,-0.81,0.12,1.18,2.68
3075,03.12.2010 01:00:00,-0.68,-0.87,0.12,1.18,2.68
3076,03.12.2010 02:00:00,-0.75,-0.93,0.12,1.18,2.68
3077,03.12.2010 03:00:00,-0.75,-1,0.12,1.18,2.68
3078,03.12.2010 04:00:00,-0.81,-1.12,0.12,1.18,2.68,3.484
3079,03.12.2010 05:00:00,-0.87,-1.12,0.06,1.18,2.68
3080,03.12.2010 06:00:00,-0.93,-1.18,0.12,1.18,2.68
3081,03.12.2010 07:00:00,-0.93,-1.25,0.06,1.18,2.68
3082,03.12.2010 08:00:00,-1,-1.31,0.06,1.18,2.68
3083,03.12.2010 09:00:00,-1.06,-1.37,0.06,1.18,2.68
3084,03.12.2010 10:00:00,-1.06,-1.31,0.06,1.18,2.68,3.477
3085,03.12.2010 11:00:00,-1.06,-1.31,0.06,1.18,2.68
3086,03.12.2010 12:00:00,-1,-1.25,0.06,1.18,2.68
3087,03.12.2010 13:00:00,-0.93,-1.12,0.06,1.18,2.68
3088,03.12.2010 14:00:00,-0.93,-1.06,0.06,1.18,2.68
3089,03.12.2010 15:00:00,-0.87,-1,0.06,1.12,2.68
3090,03.12.2010 16:00:00,-0.87,-0.93,0.06,1.18,2.68,3.481
3091,03.12.2010 17:00:00,-0.81,-0.93,0.06,1.12,2.68
3092,03.12.2010 18:00:00,-0.75,-0.93,0.06,1.18,2.68
3093,03.12.2010 19:00:00,-0.81,-0.93,0.06,1.12,2.68
3094,03.12.2010 20:00:00,-0.81,-0.93,0.06,1.18,2.68
3095,03.12.2010 21:00:00,-0.87,-1,0.06,1.12,2.68
3096,03.12.2010 22:00:00,-0.81,-1,0.06,1.12,2.68,3.477
3097,03.12.2010 23:00:00,-0.87,-1.06,0.06,1.12,2.68
3098,04.12.2010 00:00:00,-0.87,-1.06,0.06,1.12,2.68
3099,04.12.2010 01:00:00,-0.87,-1.06,0.06,1.12,2.68
3100,04.12.2010 02:00:00,-0.93,-1.12,0.06,1.12,2.68
3101,04.12.2010 03:00:00,-0.93,-1.12,0.06,1.12,2.68
3102,04.12.2010 04:00:00,-0.93,-1.12,0,1.12,2.68,3.482
3103,04.12.2010 05:00:00,-0.93,-1.12,0,1.12,2.68
3104,04.12.2010 06:00:00,-0.93,-1.12,0.06,1.12,2.68
3105,04.12.2010 07:00:00,-0.93,-1.12,0.06,1.12,2.68
3106,04.12.2010 08:00:00,-0.93,-1.12,0.06,1.12,2.62
3107,04.12.2010 09:00:00,-0.93,-1.12,0.06,1.12,2.68
3108,04.12.2010 10:00:00,-0.93,-1.12,0,1.12,2.62,3.475
3109,04.12.2010 11:00:00,-0.93,-1.18,0.06,1.12,2.68
3110,04.12.2010 12:00:00,-0.93,-1.12,0.06,1.12,2.62
3111,04.12.2010 13:00:00,-0.93,-1.12,0.06,1.12,2.62
3112,04.12.2010 14:00:00,-0.87,-1.12,0.06,1.12,2.62
3113,04.12.2010 15:00:00,-0.87,-1.06,0,1.12,2.62
3114,04.12.2010 16:00:00,-0.87,-1.06,0,1.12,2.62,3.475
3115,04.12.2010 17:00:00,-0.93,-1.06,0,1.12,2.62
3116,04.12.2010 18:00:00,-0.93,-1.12,0,1.12,2.68
3117,04.12.2010 19:00:00,-0.93,-1.18,0,1.12,2.62
3118,04.12.2010 20:00:00,-0.93,-1.18,0,1.12,2.62
3119,04.12.2010 21:00:00,-1,-1.25,0,1.12,2.62
3120,04.12.2010 22:00:00,-1,-1.31,0,1.12,2.62,3.477
3121,04.12.2010 23:00:00,-1.06,-1.31,0,1.12,2.62
3122,05.12.2010 00:00:00,-1.12,-1.37,0,1.12,2.62
3123,05.12.2010 01:00:00,-1.12,-1.43,0,1.12,2.62
3124,05.12.2010 02:00:00,-1.18,-1.5,0,1.12,2.62
3125,05.12.2010 03:00:00,-1.12,-1.5,0,1.06,2.62
3126,05.12.2010 04:00:00,-1.18,-1.62,0,1.12,2.62,3.480
3127,05.12.2010 05:00:00,-1.25,-1.62,0,1.06,2.62
3128,05.12.2010 06:00:00,-1.31,-1.68,0,1.06,2.62
3129,05.12.2010 07:00:00,-1.31,-1.68,-0.06,1.12,2.62
3130,05.12.2010 08:00:00,-1.31,-1.75,0,1.12,2.62
3131,05.12.2010 09:00:00,-1.37,-1.81,-0.06,1.06,2.62
3132,05.12.2010 10:00:00,-1.43,-1.87,0,1.12,2.62,3.477
3133,05.12.2010 11:00:00,-1.43,-1.87,-0.06,1.06,2.62
3134,05.12.2010 12:00:00,-1.5,-1.87,-0.06,1.12,2.62
3135,05.12.2010 13:00:00,-1.43,-1.75,-0.06,1.12,2.62
3136,05.12.2010 14:00:00,-1.31,-1.68,0,1.06,2.62
3137,05.12.2010 15:00:00,-1.31,-1.56,-0.06,1.12,2.62
3138,05.12.2010 16:00:00,-1.18,-1.5,-0.06,1.06,2.62,3.479
3139,05.12.2010 17:00:00,-1.18,-1.43,-0.06,1.06,2.62
3140,05.12.2010 18:00:00,-1.18,-1.5,-0.06,1.06,2.62
3141,05.12.2010 19:00:00,-1.18,-1.5,-0.06,1.06,2.62
3142,05.12.2010 20:00:00,-1.18,-1.56,-0.06,1.06,2.62
3143,05.12.2010 21:00:00,-1.25,-1.68,-0.06,1.06,2.62
3144,05.12.2010 22:00:00,-1.31,-1.75,-0.06,1.06,2.62,3.473
3145,05.12.2010 23:00:00,-1.37,-1.81,-0.06,1.06,2.62
3146,06.12.2010 00:00:00,-1.43,-1.81,-0.06,1.06,2.56
3147,06.12.2010 01:00:00,-1.43,-1.93,-0.06,1.06,2.62
3148,06.12.2010 02:00:00,-1.5,-2,-0.06,1.06,2.62
3149,06.12.2010 03:00:00,-1.56,-2,-0.06,1.06,2.56
3150,06.12.2010 04:00:00,-1.56,-2.06,-0.06,1.06,2.62,3.478
3151,06.12.2010 05:00:00,-1.62,-2.06,-0.06,1.06,2.56
3152,06.12.2010 06:00:00,-1.62,-2.12,-0.06,1.06,2.62
3153,06.12.2010 07:00:00,-1.68,-2.12,-0.12,1.06,2.62
3154,06.12.2010 08:00:00,-1.68,-2.18,-0.12,1.06,2.56
3155,06.12.2010 09:00:00,-1.75,-2.25,-0.12,1.06,2.56
3156,06.12.2010 10:00:00,-1.75,-2.25,-0.12,1.06,2.56,3.475
3157,06.12.2010 11:00:00,-1.81,-2.25,-0.12,1.06,2.56
3158,06.12.2010 12:00:00,-1.75,-2.12,-0.12,1.06,2.56
3159,06.12.2010 13:00:00,-1.68,-2,-0.12,1.06,2.56
3160,06.12.2010 14:00:00,-1.62,-1.87,-0.12,1.06,2.56
3161,06.12.2010 15:00:00,-1.56,-1.75,-0.12,1.06,2.56
3162,06.12.2010 16:00:00,-1.43,-1.62,-0.12,1.06,2.56,3.478
3163,06.12.2010 17:00:00,-1.31,-1.56,-0.12,1,2.56
3164,06.12.2010 18:00:00,-1.31,-1.56,-0.12,1,2.56
3165,06.12.2010 19:00:00,-1.25,-1.56,-0.12,1.06,2.56
3166,06.12.2010 20:00:00,-1.25,-1.62,-0.12,1.06,2.56
3167,06.12.2010 21:00:00,-1.31,-1.62,-0.12,1.06,2.56
3168,06.12.2010 22:00:00,-1.31,-1.75,-0.12,1,2.56,3.476
3169,06.12.2010 23:00:00,-1.37,-1.81,-0.18,1,2.56
3170,07.12.2010 00:00:00,-1.43,-1.87,-0.12,1,2.56
3171,07.12.2010 01:00:00,-1.56,-1.93,-0.12,1.06,2.56
3172,07.12.2010 02:00:00,-1.62,-2,-0.12,1.06,2.56
3173,07.12.2010 03:00:00,-1.62,-2.06,-0.12,1.06,2.56
3174,07.12.2010 04:00:00,-1.75,-2.12,-0.18,1,2.56,3.477
3175,07.12.2010 05:00:00,-1.75,-2.18,-0.18,1,2.56
3176,07.12.2010 06:00:00,-1.81,-2.18,-0.18,1,2.56
3177,07.12.2010 07:00:00,-1.81,-2.25,-0.18,1,2.56
3178,07.12.2010 08:00:00,-1.87,-2.25,-0.18,1,2.56
3179,07.12.2010 09:00:00,-1.93,-2.31,-0.18,1,2.56
3180,07.12.2010 10:00:00,-1.93,-2.37,-0.18,1,2.56,3.469
3181,07.12.2010 11:00:00,-1.93,-2.37,-0.18,1,2.56
3182,07.12.2010 12:00:00,-1.93,-2.25,-0.25,1,2.56
3183,07.12.2010 13:00:00,-1.81,-1.81,-0.25,1,2.56
3184,07.12.2010 14:00:00,-1.68,-1.62,-0.25,1,2.56
3185,07.12.2010 15:00:00,-1.56,-1.62,-0.25,1,2.56
3186,07.12.2010 16:00:00,-1.37,-1.5,-0.25,1,2.56,3.473
3187,07.12.2010 17:00:00,-1.31,-1.43,-0.18,1,2.56
3188,07.12.2010 18:00:00,-1.25,-1.31,-0.18,1,2.56
3189,07.12.2010 19:00:00,-1.12,-1.31,-0.18,1,2.56
3190,07.12.2010 20:00:00,-1.12,-1.31,-0.18,1,2.56
3191,07.12.2010 21:00:00,-1.12,-1.37,-0.18,1,2.56
3192,07.12.2010 22:00:00,-1.06,-1.37,-0.18,1,2.56,3.477
3193,07.12.2010 23:00:00,-1.12,-1.5,-0.18,1,2.56
3194,08.12.2010 00:00:00,-1.18,-1.56,-0.18,1,2.56
3195,08.12.2010 01:00:00,-1.25,-1.62,-0.18,1,2.56
3196,08.12.2010 02:00:00,-1.31,-1.68,-0.18,0.93,2.56
3197,08.12.2010 03:00:00,-1.37,-1.75,-0.25,1,2.56
3198,08.12.2010 04:00:00,-1.43,-1.87,-0.18,1,2.56,3.473
3199,08.12.2010 05:00:00,-1.56,-1.93,-0.25,1,2.5
3200,08.12.2010 06:00:00,-1.62,-2,-0.25,1,2.5
3201,08.12.2010 07:00:00,-1.68,-2.12,-0.25,1,2.56
3202,08.12.2010 08:00:00,-1.81,-2.18,-0.25,0.93,2.5
3203,08.12.2010 09:00:00,-1.87,-2.25,-0.25,0.93,2.5
3204,08.12.2010 10:00:00,-1.93,-2.31,-0.25,1,2.5,3.470
3205,08.12.2010 11:00:00,-2,-2.37,-0.25,0.93,2.5
3206,08.12.2010 12:00:00,-1.93,-2.25,-0.25,0.93,2.5
3207,08.12.2010 13:00:00,-1.81,-2.06,-0.25,1,2.5
3208,08.12.2010 14:00:00,-1.68,-1.87,-0.25,0.93,2.5
3209,08.12.2010 15:00:00,-1.56,-1.68,-0.25,0.93,2.5
3210,08.12.2010 16:00:00,-1.43,-1.56,-0.25,0.93,2.5,3.479
3211,08.12.2010 17:00:00,-1.31,-1.43,-0.25,0.93,2.5
3212,08.12.2010 18:00:00,-1.25,-1.31,-0.25,0.93,2.5
3213,08.12.2010 19:00:00,-1.18,-1.31,-0.25,0.93,2.5
3214,08.12.2010 20:00:00,-1.18,-1.37,-0.25,0.93,2.5
3215,08.12.2010 21:00:00,-1.18,-1.43,-0.25,0.93,2.5
3216,08.12.2010 22:00:00,-1.18,-1.5,-0.25,0.93,2.5,3.478
3217,08.12.2010 23:00:00,-1.25,-1.62,-0.25,0.93,2.56
3218,09.12.2010 00:00:00,-1.37,-1.75,-0.25,0.93,2.5
3219,09.12.2010 01:00:00,-1.5,-1.87,-0.25,0.93,2.5
3220,09.12.2010 02:00:00,-1.62,-2,-0.25,0.93,2.5
3221,09.12.2010 03:00:00,-1.75,-2.12,-0.25,0.93,2.5
3222,09.12.2010 04:00:00,-1.81,-2.25,-0.25,0.93,2.5,3.471
3223,09.12.2010 05:00:00,-1.93,-2.37,-0.25,0.93,2.5
3224,09.12.2010 06:00:00,-2.06,-2.43,-0.31,0.93,2.5
3225,09.12.2010 07:00:00,-2.12,-2.56,-0.31,0.93,2.5
3226,09.12.2010 08:00:00,-2.18,-2.62,-0.31,0.93,2.5
3227,09.12.2010 09:00:00,-2.25,-2.68,-0.31,0.87,2.5
3228,09.12.2010 10:00:00,-2.37,-2.75,-0.31,0.93,2.5,3.469
3229,09.12.2010 11:00:00,-2.43,-2.81,-0.31,0.87,2.5
3230,09.12.2010 12:00:00,-2.31,-2.62,-0.37,0.93,2.5
3231,09.12.2010 13:00:00,-2.18,-2.31,-0.37,0.93,2.5
3232,09.12.2010 14:00:00,-1.93,-2.06,-0.37,0.93,2.5
3233,09.12.2010 15:00:00,-1.75,-1.81,-0.37,0.93,2.5
3234,09.12.2010 16:00:00,-1.56,-1.62,-0.31,0.93,2.5,3.471
3235,09.12.2010 17:00:00,-1.43,-1.5,-0.31,0.93,2.5
3236,09.12.2010 18:00:00,-1.37,-1.43,-0.31,0.93,2.5
3237,09.12.2010 19:00:00,-1.31,-1.37,-0.31,0.93,2.5
3238,09.12.2010 20:00:00,-1.25,-1.37,-0.31,0.87,2.5
3239,09.12.2010 21:00:00,-1.25,-1.5,-0.31,0.87,2.5
3240,09.12.2010 22:00:00,-1.31,-1.62,-0.31,0.87,2.5,3.473
3241,09.12.2010 23:00:00,-1.37,-1.75,-0.31,0.87,2.5
3242,10.12.2010 00:00:00,-1.5,-1.87,-0.31,0.93,2.5
3243,10.12.2010 01:00:00,-1.62,-2.06,-0.31,0.87,2.43
3244,10.12.2010 02:00:00,-1.75,-2.18,-0.37,0.87,2.5
3245,10.12.2010 03:00:00,-1.87,-2.37,-0.37,0.87,2.43
3246,10.12.2010 04:00:00,-2,-2.5,-0.37,0.87,2.43,3.475
3247,10.12.2010 05:00:00,-2.12,-2.62,-0.37,0.87,2.43
3248,10.12.2010 06:00:00,-2.31,-2.75,-0.37,0.87,2.43
3249,10.12.2010 07:00:00,-2.37,-2.87,-0.37,0.87,2.43
3250,10.12.2010 08:00:00,-2.5,-2.93,-0.43,0.87,2.5
3251,10.12.2010 09:00:00,-2.56,-3.06,-0.37,0.87,2.43
3252,10.12.2010 10:00:00,-2.68,-3.12,-0.37,0.87,2.43,3.467
3253,10.12.2010 11:00:00,-2.68,-3.18,-0.43,0.87,2.43
3254,10.12.2010 12:00:00,-2.56,-2.87,-0.43,0.87,2.43
3255,10.12.2010 13:00:00,-2.37,-2.56,-0.43,0.87,2.43
3256,10.12.2010 14:00:00,-2.12,-2.25,-0.43,0.87,2.43
3257,10.12.2010 15:00:00,-1.93,-2,-0.43,0.87,2.43
3258,10.12.2010 16:00:00,-1.75,-1.81,-0.43,0.87,2.43,3.476
3259,10.12.2010 17:00:00,-1.56,-1.62,-0.43,0.87,2.43
3260,10.12.2010 18:00:00,-1.43,-1.56,-0.43,0.87,2.43
3261,10.12.2010 19:00:00,-1.43,-1.56,-0.37,0.87,2.43
3262,10.12.2010 20:00:00,-1.37,-1.62,-0.43,0.87,2.43
3263,10.12.2010 21:00:00,-1.37,-1.68,-0.37,0.87,2.43
3264,10.12.2010 22:00:00,-1.43,-1.81,-0.43,0.87,2.43,3.477
3265,10.12.2010 23:00:00,-1.5,-1.93,-0.43,0.87,2.43
3266,11.12.2010 00:00:00,-1.62,-2.06,-0.43,0.87,2.43
3267,11.12.2010 01:00:00,-1.75,-2.25,-0.37,0.87,2.43
3268,11.12.2010 02:00:00,-1.87,-2.37,-0.43,0.87,2.43
3269,11.12.2010 03:00:00,-2.06,-2.5,-0.43,0.87,2.43
3270,11.12.2010 04:00:00,-2.12,-2.62,-0.43,0.81,2.43,3.468
3271,11.12.2010 05:00:00,-2.31,-2.75,-0.43,0.81,2.43
3272,11.12.2010 06:00:00,-2.37,-2.87,-0.43,0.81,2.43
3273,11.12.2010 07:00:00,-2.5,-2.93,-0.5,0.87,2.43
3274,11.12.2010 08:00:00,-2.62,-3.06,-0.5,0.81,2.43
3275,11.12.2010 09:00:00,-2.68,-3.12,-0.5,0.87,2.43
3276,11.12.2010 10:00:00,-2.75,-3.18,-0.5,0.87,2.43,3.472
3277,11.12.2010 11:00:00,-2.75,-3.18,-0.56,0.81,2.43
3278,11.12.2010 12:00:00,-2.68,-2.93,-0.56,0.81,2.43
3279,11.12.2010 13:00:00,-2.43,-2.56,-0.56,0.81,2.43
3280,11.12.2010 14:00:00,-2.18,-2.25,-0.56,0.81,2.43
3281,11.12.2010 15:00:00,-1.93,-2,-0.56,0.81,2.43
3282,11.12.2010 16:00:00,-1.75,-1.81,-0.56,0.81,2.43,3.470
3283,11.12.2010 17:00:00,-1.62,-1.62,-0.5,0.81,2.43
3284,11.12.2010 18:00:00,-1.5,-1.56,-0.5,0.81,2.43
3285,11.12.2010 19:00:00,-1.43,-1.56,-0.5,0.81,2.43
3286,11.12.2010 20:00:00,-1.43,-1.62,-0.5,0.81,2.43
3287,11.12.2010 21:00:00,-1.43,-1.68,-0.5,0.81,2.43
3288,11.12.2010 22:00:00,-1.5,-1.87,-0.43,0.81,2.37,3.476
3289,11.12.2010 23:00:00,-1.62,-2,-0.5,0.81,2.43
3290,12.12.2010 00:00:00,-1.75,-2.12,-0.5,0.81,2.43
3291,12.12.2010 01:00:00,-1.87,-2.31,-0.5,0.81,2.43
3292,12.12.2010 02:00:00,-2,-2.43,-0.5,0.81,2.43
3293,12.12.2010 03:00:00,-2.18,-2.62,-0.5,0.81,2.43
3294,12.12.2010 04:00:00,-2.31,-2.75,-0.56,0.81,2.43,3.467
3295,12.12.2010 05:00:00,-2.43,-2.87,-0.56,0.81,2.43
3296,12.12.2010 06:00:00,-2.56,-3,-0.56,0.81,2.37
3297,12.12.2010 07:00:00,-2.68,-3.18,-0.56,0.81,2.37
3298,12.12.2010 08:00:00,-2.81,-3.25,-0.56,0.81,2.37
3299,12.12.2010 09:00:00,-2.87,-3.37,-0.62,0.81,2.37
3300,12.12.2010 10:00:00,-2.93,-3.43,-0.62,0.81,2.37,3.463
3301,12.12.2010 11:00:00,-3,-3.43,-0.62,0.81,2.37
3302,12.12.2010 12:00:00,-2.87,-3.12,-0.68,0.75,2.37
3303,12.12.2010 13:00:00,-2.62,-2.81,-0.62,0.75,2.37
3304,12.12.2010 14:00:00,-2.37,-2.43,-0.62,0.81,2.37
3305,12.12.2010 15:00:00,-2.06,-2.12,-0.62,0.81,2.37
3306,12.12.2010 16:00:00,-1.87,-1.93,-0.62,0.75,2.37,3.470
3307,12.12.2010 17:00:00,-1.75,-1.75,-0.62,0.81,2.37
3308,12.12.2010 18:00:00,-1.62,-1.68,-0.62,0.81,2.37
3309,12.12.2010 19:00:00,-1.5,-1.68,-0.62,0.75,2.37
3310,12.12.2010 20:00:00,-1.5,-1.75,-0.56,0.75,2.37
3311,12.12.2010 21:00:00,-1.5,-1.87,-0.56,0.75,2.37
3312,12.12.2010 22:00:00,-1.62,-1.93,-0.56,0.75,2.37,3.475
3313,12.12.2010 23:00:00,-1.68,-2.12,-0.56,0.75,2.37
3314,13.12.2010 00:00:00,-1.81,-2.31,-0.56,0.75,2.37
3315,13.12.2010 01:00:00,-2,-2.43,-0.56,0.75,2.37
3316,13.12.2010 02:00:00,-2.12,-2.56,-0.56,0.75,2.37
3317,13.12.2010 03:00:00,-2.25,-2.75,-0.62,0.75,2.37
3318,13.12.2010 04:00:00,-2.37,-2.87,-0.62,0.75,2.37,3.471
3319,13.12.2010 05:00:00,-2.5,-3,-0.62,0.75,2.37
3320,13.12.2010 06:00:00,-2.62,-3.12,-0.62,0.75,2.37
3321,13.12.2010 07:00:00,-2.75,-3.25,-0.68,0.75,2.37
3322,13.12.2010 08:00:00,-2.87,-3.31,-0.68,0.75,2.37
3323,13.12.2010 09:00:00,-2.93,-3.43,-0.68,0.75,2.37
3324,13.12.2010 10:00:00,-3,-3.5,-0.75,0.75,2.37,3.469
3325,13.12.2010 11:00:00,-3.06,-3.5,-0.75,0.75,2.37
3326,13.12.2010 12:00:00,-2.93,-3.25,-0.75,0.75,2.37
3327,13.12.2010 13:00:00,-2.68,-2.81,-0.75,0.75,2.37
3328,13.12.2010 14:00:00,-2.37,-2.43,-0.75,0.75,2.37
3329,13.12.2010 15:00:00,-2.18,-2.18,-0.75,0.75,2.37
3330,13.12.2010 16:00:00,-1.93,-1.93,-0.75,0.75,2.31,3.468
3331,13.12.2010 17:00:00,-1.75,-1.75,-0.68,0.75,2.37
3332,13.12.2010 18:00:00,-1.62,-1.68,-0.68,0.75,2.31
3333,13.12.2010 19:00:00,-1.56,-1.68,-0.68,0.75,2.37
3334,13.12.2010 20:00:00,-1.56,-1.75,-0.62,0.75,2.37
3335,13.12.2010 21:00:00,-1.56,-1.87,-0.62,0.75,2.31
3336,13.12.2010 22:00:00,-1.68,-2.06,-0.62,0.75,2.37,3.474
3337,13.12.2010 23:00:00,-1.81,-2.25,-0.62,0.75,2.37
3338,14.12.2010 00:00:00,-1.93,-2.37,-0.62,0.75,2.31
3339,14.12.2010 01:00:00,-2.06,-2.56,-0.62,0.68,2.31
3340,14.12.2010 02:00:00,-2.25,-2.75,-0.68,0.68,2.31
3341,14.12.2010 03:00:00,-2.37,-2.87,-0.68,0.75,2.31
3342,14.12.2010 04:00:00,-2.5,-3.06,-0.68,0.68,2.31,3.468
3343,14.12.2010 05:00:00,-2.68,-3.18,-0.75,0.75,2.31
3344,14.12.2010 06:00:00,-2.81,-3.31,-0.75,0.75,2.31
3345,14.12.2010 07:00:00,-2.93,-3.43,-0.75,0.68,2.31
3346,14.12.2010 08:00:00,-3.06,-3.56,-0.81,0.75,2.31
3347,14.12.2010 09:00:00,-3.12,-3.62,-0.81,0.75,2.31
3348,14.12.2010 10:00:00,-3.25,-3.75,-0.81,0.68,2.31,3.466
3349,14.12.2010 11:00:00,-3.31,-3.75,-0.87,0.68,2.31
3350,14.12.2010 12:00:00,-3.12,-3.43,-0.87,0.68,2.31
3351,14.12.2010 13:00:00,-2.87,-3.06,-0.87,0.68,2.31
3352,14.12.2010 14:00:00,-2.56,-2.68,-0.87,0.68,2.31
3353,14.12.2010 15:00:00,-2.37,-2.43,-0.87,0.68,2.31
3354,14.12.2010 16:00:00,-2.12,-2.18,-0.81,0.68,2.31,3.469
3355,14.12.2010 17:00:00,-1.93,-2.06,-0.81,0.68,2.31
3356,14.12.2010 18:00:00,-1.81,-2,-0.81,0.68,2.31
3357,14.12.2010 19:00:00,-1.81,-2,-0.75,0.68,2.31
3358,14.12.2010 20:00:00,-1.81,-2.12,-0.75,0.68,2.31
3359,14.12.2010 21:00:00,-1.87,-2.25,-0.75,0.68,2.31
3360,14.12.2010 22:00:00,-2,-2.37,-0.81,0.68,2.31,3.473
3361,14.12.2010 23:00:00,-2.12,-2.56,-0.75,0.68,2.31
3362,15.12.2010 00:00:00,-2.25,-2.75,-0.75,0.68,2.31
3363,15.12.2010 01:00:00,-2.37,-2.87,-0.75,0.68,2.31
3364,15.12.2010 02:00:00,-2.5,-3,-0.81,0.68,2.31
3365,15.12.2010 03:00:00,-2.62,-3.12,-0.81,0.68,2.31
3366,15.12.2010 04:00:00,-2.75,-3.25,-0.81,0.68,2.31,3.464
3367,15.12.2010 05:00:00,-2.81,-3.31,-0.87,0.68,2.31
3368,15.12.2010 06:00:00,-2.93,-3.43,-0.87,0.68,2.31
3369,15.12.2010 07:00:00,-3,-3.5,-0.87,0.68,2.31
3370,15.12.2010 08:00:00,-3.12,-3.56,-0.87,0.68,2.31
3371,15.12.2010 09:00:00,-3.18,-3.62,-0.93,0.68,2.31
3372,15.12.2010 10:00:00,-3.25,-3.75,-0.93,0.68,2.31,3.461
3373,15.12.2010 11:00:00,-3.31,-3.68,-0.93,0.68,2.31
3374,15.12.2010 12:00:00,-3.12,-3.37,-0.93,0.68,2.31
3375,15.12.2010 13:00:00,-2.81,-2.93,-0.93,0.62,2.31
3376,15.12.2010 14:00:00,-2.56,-2.56,-0.93,0.68,2.31
3377,15.12.2010 15:00:00,-2.25,-2.25,-0.93,0.68,2.31
3378,15.12.2010 16:00:00,-2.06,-2.06,-0.93,0.68,2.31,3.468
3379,15.12.2010 17:00:00,-1.87,-1.87,-0.87,0.68,2.31
3380,15.12.2010 18:00:00,-1.75,-1.87,-0.87,0.68,2.31
3381,15.12.2010 19:00:00,-1.68,-1.87,-0.81,0.62,2.31
3382,15.12.2010 20:00:00,-1.62,-1.93,-0.81,0.68,2.31
3383,15.12.2010 21:00:00,-1.75,-2.06,-0.81,0.68,2.25
3384,15.12.2010 22:00:00,-1.81,-2.18,-0.81,0.62,2.25,3.469
3385,15.12.2010 23:00:00,-1.93,-2.37,-0.81,0.62,2.25
3386,16.12.2010 00:00:00,-2.06,-2.56,-0.81,0.62,2.25
3387,16.12.2010 01:00:00,-2.18,-2.75,-0.81,0.62,2.31
3388,16.12.2010 02:00:00,-2.37,-2.87,-0.81,0.62,2.25
3389,16.12.2010 03:00:00,-2.5,-3,-0.87,0.62,2.31
3390,16.12.2010 04:00:00,-2.62,-3.12,-0.87,0.62,2.31,3.464
3391,16.12.2010 05:00:00,-2.75,-3.25,-0.87,0.62,2.25
3392,16.12.2010 06:00:00,-2.81,-3.31,-0.93,0.62,2.31
3393,16.12.2010 07:00:00,-3,-3.43,-0.93,0.62,2.25
3394,16.12.2010 08:00:00,-3.06,-3.5,-1,0.62,2.25
3395,16.12.2010 09:00:00,-3.18,-3.62,-1,0.62,2.25
3396,16.12.2010 10:00:00,-3.31,-3.75,-1,0.62,2.25,3.467
3397,16.12.2010 11:00:00,-3.37,-3.81,-1,0.62,2.25
3398,16.12.2010 12:00:00,-3.25,-3.56,-1,0.62,2.25
3399,16.12.2010 13:00:00,-3,-3.18,-1,0.62,2.25
3400,16.12.2010 14:00:00,-2.75,-2.81,-1,0.62,2.25
3401,16.12.2010 15:00:00,-2.5,-2.5,-1.06,0.62,2.25
3402,16.12.2010 16:00:00,-2.25,-2.31,-1.06,0.62,2.25,3.468
3403,16.12.2010 17:00:00,-2.12,-2.12,-1,0.62,2.25
3404,16.12.2010 18:00:00,-2,-2.06,-0.93,0.62,2.25
3405,16.12.2010 19:00:00,-1.93,-2.06,-0.93,0.62,2.25
3406,16.12.2010 20:00:00,-2,-2.18,-0.93,0.62,2.25
3407,16.12.2010 21:00:00,-2.06,-2.37,-0.93,0.62,2.25
3408,16.12.2010 22:00:00,-2.18,-2.56,-0.93,0.62,2.25,3.467
3409,16.12.2010 23:00:00,-2.37,-2.68,-0.87,0.62,2.25
3410,17.12.2010 00:00:00,-2.5,-2.87,-0.93,0.62,2.25
3411,17.12.2010 01:00:00,-2.62,-3.06,-0.93,0.62,2.25
3412,17.12.2010 02:00:00,-2.75,-3.12,-0.93,0.62,2.25
3413,17.12.2010 03:00:00,-2.81,-3.18,-1,0.62,2.25
3414,17.12.2010 04:00:00,-2.93,-3.31,-1,0.62,2.25,3.464
3415,17.12.2010 05:00:00,-3,-3.43,-1.06,0.56,2.25
3416,17.12.2010 06:00:00,-3.12,-3.5,-1,0.56,2.25
3417,17.12.2010 07:00:00,-3.25,-3.68,-1.06,0.62,2.25
3418,17.12.2010 08:00:00,-3.31,-3.75,-1.06,0.56,2.25
3419,17.12.2010 09:00:00,-3.5,-3.93,-1.12,0.56,2.25
3420,17.12.2010 10:00:00,-3.56,-4,-1.12,0.56,2.25,3.459
3421,17.12.2010 11:00:00,-3.62,-4,-1.12,0.62,2.25
3422,17.12.2010 12:00:00,-3.43,-3.75,-1.12,0.62,2.25
3423,17.12.2010 13:00:00,-3.18,-3.31,-1.12,0.56,2.25
3424,17.12.2010 14:00:00,-2.87,-2.93,-1.18,0.56,2.25
3425,17.12.2010 15:00:00,-2.56,-2.56,-1.18,0.56,2.25
3426,17.12.2010 16:00:00,-2.37,-2.31,-1.12,0.56,2.25,3.465
3427,17.12.2010 17:00:00,-2.18,-2.18,-1.12,0.56,2.18
3428,17.12.2010 18:00:00,-2.06,-2.12,-1.06,0.56,2.25
3429,17.12.2010 19:00:00,-2.06,-2.25,-1.06,0.56,2.18
3430,17.12.2010 20:00:00,-2.12,-2.37,-1.06,0.56,2.18
3431,17.12.2010 21:00:00,-2.18,-2.56,-1,0.56,2.25
3432,17.12.2010 22:00:00,-2.37,-2.75,-1,0.56,2.18,3.470
3433,17.12.2010 23:00:00,-2.5,-2.93,-1,0.56,2.25
3434,18.12.2010 00:00:00,-2.68,-3.12,-1.06,0.56,2.25
3435,18.12.2010 01:00:00,-2.81,-3.31,-1.06,0.56,2.25
3436,18.12.2010 02:00:00,-3,-3.5,-1.06,0.56,2.18
3437,18.12.2010 03:00:00,-3.12,-3.62,-1.12,0.56,2.25
3438,18.12.2010 04:00:00,-3.31,-3.75,-1.12,0.56,2.18,3.462
3439,18.12.2010 05:00:00,-3.43,-3.87,-1.12,0.56,2.18
3440,18.12.2010 06:00:00,-3.56,-4,-1.18,0.56,2.18
3441,18.12.2010 07:00:00,-3.62,-4.12,-1.18,0.56,2.18
3442,18.12.2010 08:00:00,-3.75,-4.25,-1.25,0.56,2.18
3443,18.12.2010 09:00:00,-3.87,-4.31,-1.25,0.56,2.18
3444,18.12.2010 10:00:00,-3.93,-4.43,-1.25,0.56,2.18,3.462
3445,18.12.2010 11:00:00,-3.93,-4.43,-1.31,0.56,2.18
3446,18.12.2010 12:00:00,-3.81,-4.12,-1.31,0.56,2.18
3447,18.12.2010 13:00:00,-3.5,-3.62,-1.31,0.56,2.18
3448,18.12.2010 14:00:00,-3.12,-3.18,-1.31,0.56,2.18
3449,18.12.2010 15:00:00,-2.87,-2.87,-1.31,0.5,2.18
3450,18.12.2010 16:00:00,-2.56,-2.62,-1.31,0.56,2.18,3.469
3451,18.12.2010 17:00:00,-2.37,-2.43,-1.25,0.5,2.18
3452,18.12.2010 18:00:00,-2.25,-2.37,-1.25,0.56,2.18
3453,18.12.2010 19:00:00,-2.31,-2.5,-1.18,0.5,2.18
3454,18.12.2010 20:00:00,-2.37,-2.75,-1.18,0.5,2.18
3455,18.12.2010 21:00:00,-2.5,-2.93,-1.18,0.5,2.18
3456,18.12.2010 22:00:00,-2.68,-3.12,-1.12,0.5,2.18,3.464
3457,18.12.2010 23:00:00,-2.87,-3.31,-1.18,0.56,2.18
3458,19.12.2010 00:00:00,-3,-3.5,-1.18,0.5,2.18
3459,19.12.2010 01:00:00,-3.18,-3.75,-1.25,0.5,2.18
3460,19.12.2010 02:00:00,-3.37,-3.87,-1.25,0.5,2.18
3461,19.12.2010 03:00:00,-3.5,-4,-1.25,0.5,2.18
3462,19.12.2010 04:00:00,-3.62,-4.18,-1.31,0.5,2.18,3.464
3463,19.12.2010 05:00:00,-3.81,-4.31,-1.37,0.5,2.18
3464,19.12.2010 06:00:00,-3.93,-4.43,-1.37,0.5,2.18
3465,19.12.2010 07:00:00,-4.06,-4.56,-1.37,0.5,2.18
3466,19.12.2010 08:00:00,-4.12,-4.68,-1.43,0.5,2.18
3467,19.12.2010 09:00:00,-4.25,-4.75,-1.43,0.5,2.18
3468,19.12.2010 10:00:00,-4.31,-4.87,-1.5,0.5,2.18,3.456
3469,19.12.2010 11:00:00,-4.37,-4.87,-1.5,0.5,2.18
3470,19.12.2010 12:00:00,-4.18,-4.5,-1.56,0.5,2.18
3471,19.12.2010 13:00:00,-3.87,-4,-1.56,0.5,2.18
3472,19.12.2010 14:00:00,-3.5,-3.56,-1.56,0.5,2.12
3473,19.12.2010 15:00:00,-3.12,-3.18,-1.5,0.5,2.18
3474,19.12.2010 16:00:00,-2.87,-2.87,-1.5,0.5,2.18,3.466
3475,19.12.2010 17:00:00,-2.62,-2.75,-1.43,0.5,2.18
3476,19.12.2010 18:00:00,-2.56,-2.62,-1.43,0.5,2.18
3477,19.12.2010 19:00:00,-2.56,-2.68,-1.37,0.5,2.18
3478,19.12.2010 20:00:00,-2.56,-2.75,-1.37,0.5,2.12
3479,19.12.2010 21:00:00,-2.62,-2.81,-1.31,0.5,2.12
3480,19.12.2010 22:00:00,-2.62,-2.81,-1.31,0.5,2.18,3.464
3481,19.12.2010 23:00:00,-2.68,-2.87,-1.31,0.5,2.12
3482,20.12.2010 00:00:00,-2.75,-2.93,-1.25,0.43,2.12
3483,20.12.2010 01:00:00,-2.75,-2.93,-1.25,0.43,2.12
3484,20.12.2010 02:00:00,-2.75,-2.93,-1.25,0.5,2.18
3485,20.12.2010 03:00:00,-2.75,-2.93,-1.31,0.43,2.12
3486,20.12.2010 04:00:00,-2.75,-2.93,-1.25,0.43,2.18,3.462
3487,20.12.2010 05:00:00,-2.75,-2.93,-1.25,0.43,2.12
3488,20.12.2010 06:00:00,-2.75,-2.93,-1.25,0.43,2.12
3489,20.12.2010 07:00:00,-2.75,-2.93,-1.25,0.43,2.12
3490,20.12.2010 08:00:00,-2.75,-2.93,-1.25,0.43,2.12
3491,20.12.2010 09:00:00,-2.75,-2.87,-1.25,0.43,2.12
3492,20.12.2010 10:00:00,-2.75,-2.87,-1.31,0.43,2.12,3.463
3493,20.12.2010 11:00:00,-2.75,-2.87,-1.25,0.43,2.12
3494,20.12.2010 12:00:00,-2.68,-2.81,-1.25,0.43,2.12
3495,20.12.2010 13:00:00,-2.62,-2.68,-1.25,0.43,2.12
3496,20.12.2010 14:00:00,-2.56,-2.62,-1.25,0.43,2.12
3497,20.12.2010 15:00:00,-2.56,-2.56,-1.25,0.43,2.12
3498,20.12.2010 16:00:00,-2.5,-2.56,-1.25,0.43,2.12,3.469
3499,20.12.2010 17:00:00,-2.43,-2.5,-1.18,0.43,2.12
3500,20.12.2010 18:00:00,-2.37,-2.43,-1.18,0.43,2.12
3501,20.12.2010 19:00:00,-2.37,-2.43,-1.18,0.43,2.12
3502,20.12.2010 20:00:00,-2.37,-2.5,-1.18,0.43,2.12
3503,20.12.2010 21:00:00,-2.37,-2.5,-1.18,0.43,2.12
3504,20.12.2010 22:00:00,-2.37,-2.5,-1.12,0.43,2.12,3.468
3505,20.12.2010 23:00:00,-2.43,-2.5,-1.18,0.43,2.12
3506,21.12.2010 00:00:00,-2.37,-2.5,-1.12,0.43,2.12
3507,21.12.2010 01:00:00,-2.37,-2.43,-1.12,0.43,2.12
3508,21.12.2010 02:00:00,-2.37,-2.43,-1.18,0.43,2.12
3509,21.12.2010 03:00:00,-2.37,-2.5,-1.12,0.43,2.12
3510,21.12.2010 04:00:00,-2.37,-2.43,-1.12,0.43,2.12,3.471
3511,21.12.2010 05:00:00,-2.37,-2.5,-1.12,0.43,2.12
3512,21.12.2010 06:00:00,-2.37,-2.5,-1.12,0.37,2.12
3513,21.12.2010 07:00:00,-2.37,-2.5,-1.12,0.43,2.12
3514,21.12.2010 08:00:00,-2.37,-2.5,-1.12,0.43,2.12
3515,21.12.2010 09:00:00,-2.43,-2.5,-1.12,0.43,2.12
3516,21.12.2010 10:00:00,-2.37,-2.5,-1.12,0.43,2.12,3.465
3517,21.12.2010 11:00:00,-2.37,-2.5,-1.12,0.43,2.12
3518,21.12.2010 12:00:00,-2.37,-2.5,-1.12,0.43,2.12
3519,21.12.2010 13:00:00,-2.31,-2.43,-1.12,0.43,2.12
3520,21.12.2010 14:00:00,-2.25,-2.37,-1.12,0.43,2.12
3521,21.12.2010 15:00:00,-2.18,-2.25,-1.12,0.43,2.12
3522,21.12.2010 16:00:00,-2.12,-2.25,-1.12,0.43,2.12,3.471
3523,21.12.2010 17:00:00,-2.12,-2.18,-1.12,0.37,2.12
3524,21.12.2010 18:00:00,-2.06,-2.12,-1.06,0.43,2.12
3525,21.12.2010 19:00:00,-2.06,-2.12,-1.12,0.37,2.12
3526,21.12.2010 20:00:00,-2.06,-2.18,-1.06,0.37,2.12
3527,21.12.2010 21:00:00,-2.06,-2.18,-1.06,0.37,2.06
3528,21.12.2010 22:00:00,-2.06,-2.18,-1.06,0.37,2.12,3.467
3529,21.12.2010 23:00:00,-2.06,-2.25,-1.06,0.37,2.06
3530,22.12.2010 00:00:00,-2.12,-2.25,-1.06,0.37,2.12
3531,22.12.2010 01:00:00,-2.12,-2.25,-1.06,0.37,2.12
3532,22.12.2010 02:00:00,-2.12,-2.25,-1.06,0.37,2.06
3533,22.12.2010 03:00:00,-2.12,-2.25,-1.06,0.37,2.06
3534,22.12.2010 04:00:00,-2.12,-2.25,-1.06,0.37,2.06,3.471
3535,22.12.2010 05:00:00,-2.12,-2.31,-1.06,0.37,2.06
3536,22.12.2010 06:00:00,-2.12,-2.31,-1.06,0.37,2.12
3537,22.12.2010 07:00:00,-2.12,-2.31,-1.06,0.37,2.06
3538,22.12.2010 08:00:00,-2.12,-2.31,-1.06,0.37,2.06
3539,22.12.2010 09:00:00,-2.12,-2.25,-1.06,0.37,2.06
3540,22.12.2010 10:00:00,-2.12,-2.25,-1.06,0.37,2.06,3.469
3541,22.12.2010 11:00:00,-2.12,-2.25,-1.06,0.37,2.06
3542,22.12.2010 12:00:00,-2.12,-2.25,-1.06,0.37,2.06
3543,22.12.2010 13:00:00,-2.12,-2.25,-1.06,0.37,2.06
3544,22.12.2010 14:00:00,-2.12,-2.25,-1.06,0.37,2.06
3545,22.12.2010 15:00:00,-2.06,-2.18,-1.06,0.37,2.06
3546,22.12.2010 16:00:00,-2.06,-2.18,-1.06,0.37,2.06,3.471
3547,22.12.2010 17:00:00,-2.06,-2.12,-1.06,0.37,2.06
3548,22.12.2010 18:00:00,-2,-2.12,-1.06,0.37,2.06
3549,22.12.2010 19:00:00,-2.06,-2.18,-1.06,0.37,2.06
3550,22.12.2010 20:00:00,-2.06,-2.18,-1.06,0.37,2.06
3551,22.12.2010 21:00:00,-2.12,-2.25,-1.06,0.37,2.06
3552,22.12.2010 22:00:00,-2.12,-2.31,-1.06,0.37,2.06,3.465
3553,22.12.2010 23:00:00,-2.18,-2.31,-1,0.37,2.06
3554,23.12.2010 00:00:00,-2.18,-2.31,-1.06,0.37,2.06
3555,23.12.2010 01:00:00,-2.18,-2.37,-1.06,0.37,2.06
3556,23.12.2010 02:00:00,-2.25,-2.37,-1.06,0.37,2.06
3557,23.12.2010 03:00:00,-2.25,-2.43,-1.06,0.37,2.06
3558,23.12.2010 04:00:00,-2.31,-2.43,-1.06,0.37,2.06,3.463
3559,23.12.2010 05:00:00,-2.31,-2.43,-1.06,0.37,2.06
3560,23.12.2010 06:00:00,-2.31,-2.5,-1.06,0.37,2.06
3561,23.12.2010 07:00:00,-2.37,-2.5,-1.06,0.37,2.06
3562,23.12.2010 08:00:00,-2.37,-2.56,-1.06,0.37,2.06
3563,23.12.2010 09:00:00,-2.43,-2.62,-1.06,0.37,2.06
3564,23.12.2010 10:00:00,-2.43,-2.68,-1.12,0.37,2.06,3.465
3565,23.12.2010 11:00:00,-2.5,-2.75,-1.12,0.37,2.06
3566,23.12.2010 12:00:00,-2.56,-2.75,-1.12,0.37,2.06
3567,23.12.2010 13:00:00,-2.56,-2.81,-1.12,0.31,2
3568,23.12.2010 14:00:00,-2.56,-2.75,-1.12,0.37,2.06
3569,23.12.2010 15:00:00,-2.5,-2.68,-1.18,0.37,2.06
3570,23.12.2010 16:00:00,-2.5,-2.56,-1.12,0.37,2.06,3.464
3571,23.12.2010 17:00:00,-2.37,-2.56,-1.12,0.37,2.06
3572,23.12.2010 18:00:00,-2.37,-2.5,-1.18,0.37,2.06
3573,23.12.2010 19:00:00,-2.37,-2.56,-1.12,0.37,2
3574,23.12.2010 20:00:00,-2.37,-2.62,-1.12,0.37,2.06
3575,23.12.2010 21:00:00,-2.43,-2.68,-1.18,0.37,2.06
3576,23.12.2010 22:00:00,-2.5,-2.81,-1.18,0.31,2,3.462
3577,23.12.2010 23:00:00,-2.56,-2.87,-1.18,0.37,2.06
3578,24.12.2010 00:00:00,-2.62,-2.93,-1.18,0.37,2
3579,24.12.2010 01:00:00,-2.68,-3,-1.18,0.31,2
3580,24.12.2010 02:00:00,-2.75,-3,-1.25,0.37,2.06
3581,24.12.2010 03:00:00,-2.81,-3.12,-1.25,0.31,2.06
3582,24.12.2010 04:00:00,-2.81,-3.12,-1.25,0.31,2,3.467
3583,24.12.2010 05:00:00,-2.93,-3.18,-1.25,0.37,2
3584,24.12.2010 06:00:00,-2.93,-3.25,-1.25,0.31,2
3585,24.12.2010 07:00:00,-3,-3.25,-1.31,0.37,2
3586,24.12.2010 08:00:00,-3,-3.31,-1.31,0.31,2
3587,24.12.2010 09:00:00,-3.06,-3.31,-1.31,0.31,2
3588,24.12.2010 10:00:00,-3.06,-3.37,-1.31,0.31,2.06,3.464
3589,24.12.2010 11:00:00,-3.06,-3.37,-1.37,0.31,2
3590,24.12.2010 12:00:00,-3.12,-3.37,-1.37,0.31,2
3591,24.12.2010 13:00:00,-3.06,-3.31,-1.37,0.31,2
3592,24.12.2010 14:00:00,-3,-3.25,-1.37,0.31,2
3593,24.12.2010 15:00:00,-2.93,-3.12,-1.37,0.31,2
3594,24.12.2010 16:00:00,-2.81,-2.93,-1.37,0.31,2.06,3.461
3595,24.12.2010 17:00:00,-2.75,-2.87,-1.37,0.31,2
3596,24.12.2010 18:00:00,-2.62,-2.81,-1.37,0.31,2
3597,24.12.2010 19:00:00,-2.62,-2.81,-1.37,0.31,2
3598,24.12.2010 20:00:00,-2.62,-2.81,-1.31,0.31,2
3599,24.12.2010 21:00:00,-2.62,-2.87,-1.31,0.31,2
3600,24.12.2010 22:00:00,-2.68,-2.93,-1.31,0.31,2,3.462
3601,24.12.2010 23:00:00,-2.68,-2.93,-1.31,0.31,2
3602,25.12.2010 00:00:00,-2.75,-3,-1.31,0.31,2
3603,25.12.2010 01:00:00,-2.81,-3.06,-1.37,0.31,2
3604,25.12.2010 02:00:00,-2.81,-3.12,-1.31,0.31,2
3605,25.12.2010 03:00:00,-2.87,-3.12,-1.37,0.31,2
3606,25.12.2010 04:00:00,-2.93,-3.12,-1.37,0.31,2,3.460
3607,25.12.2010 05:00:00,-2.93,-3.25,-1.37,0.31,2
3608,25.12.2010 06:00:00,-3,-3.25,-1.37,0.31,2
3609,25.12.2010 07:00:00,-3,-3.31,-1.37,0.31,2
3610,25.12.2010 08:00:00,-3,-3.31,-1.37,0.31,2
3611,25.12.2010 09:00:00,-3.06,-3.31,-1.37,0.31,2
3612,25.12.2010 10:00:00,-3.12,-3.37,-1.37,0.31,2,3.458
3613,25.12.2010 11:00:00,-3.12,-3.37,-1.43,0.31,2
3614,25.12.2010 12:00:00,-3.12,-3.37,-1.43,0.31,2
3615,25.12.2010 13:00:00,-3.06,-3.25,-1.43,0.31,2
3616,25.12.2010 14:00:00,-3,-3.12,-1.43,0.31,2
3617,25.12.2010 15:00:00,-2.87,-3,-1.43,0.25,2
3618,25.12.2010 16:00:00,-2.81,-2.93,-1.43,0.31,2,3.467
3619,25.12.2010 17:00:00,-2.68,-2.81,-1.43,0.31,2
3620,25.12.2010 18:00:00,-2.62,-2.75,-1.43,0.31,2
3621,25.12.2010 19:00:00,-2.56,-2.75,-1.37,0.31,2
3622,25.12.2010 20:00:00,-2.56,-2.75,-1.37,0.31,2
3623,25.12.2010 21:00:00,-2.62,-2.81,-1.37,0.31,2
3624,25.12.2010 22:00:00,-2.62,-2.87,-1.37,0.31,2,3.462
3625,25.12.2010 23:00:00,-2.68,-2.93,-1.37,0.31,2
3626,26.12.2010 00:00:00,-2.75,-3,-1.37,0.31,2
3627,26.12.2010 01:00:00,-2.81,-3.06,-1.37,0.25,2
3628,26.12.2010 02:00:00,-2.81,-3.12,-1.37,0.25,2
3629,26.12.2010 03:00:00,-2.93,-3.12,-1.37,0.25,2
3630,26.12.2010 04:00:00,-2.93,-3.18,-1.37,0.31,1.93,3.465
3631,26.12.2010 05:00:00,-3,-3.25,-1.37,0.25,2
3632,26.12.2010 06:00:00,-3,-3.31,-1.43,0.31,1.93
3633,26.12.2010 07:00:00,-3.06,-3.31,-1.43,0.25,1.93
3634,26.12.2010 08:00:00,-3.06,-3.37,-1.43,0.25,1.93
3635,26.12.2010 09:00:00,-3.12,-3.37,-1.43,0.25,2
3636,26.12.2010 10:00:00,-3.18,-3.43,-1.43,0.25,1.93,3.463
3637,26.12.2010 11:00:00,-3.18,-3.43,-1.5,0.25,1.93
3638,26.12.2010 12:00:00,-3.18,-3.43,-1.5,0.25,1.93
3639,26.12.2010 13:00:00,-3.12,-3.31,-1.5,0.25,1.93
3640,26.12.2010 14:00:00,-3.06,-3.18,-1.5,0.25,1.93
3641,26.12.2010 15:00:00,-2.93,-3,-1.5,0.25,2
3642,26.12.2010 16:00:00,-2.81,-2.87,-1.5,0.25,2,3.461
3643,26.12.2010 17:00:00,-2.68,-2.75,-1.43,0.25,1.93
3644,26.12.2010 18:00:00,-2.62,-2.68,-1.43,0.25,1.93
3645,26.12.2010 19:00:00,-2.56,-2.68,-1.43,0.25,1.93
3646,26.12.2010 20:00:00,-2.56,-2.75,-1.43,0.25,1.93
3647,26.12.2010 21:00:00,-2.56,-2.75,-1.43,0.25,1.93
3648,26.12.2010 22:00:00,-2.62,-2.81,-1.37,0.25,1.93,3.467
3649,26.12.2010 23:00:00,-2.68,-2.93,-1.43,0.25,1.93
3650,27.12.2010 00:00:00,-2.75,-3,-1.37,0.25,1.93
3651,27.12.2010 01:00:00,-2.81,-3.06,-1.37,0.25,1.93
3652,27.12.2010 02:00:00,-2.87,-3.12,-1.43,0.25,1.93
3653,27.12.2010 03:00:00,-2.93,-3.18,-1.43,0.25,1.93
3654,27.12.2010 04:00:00,-2.93,-3.25,-1.43,0.25,1.93,3.461
3655,27.12.2010 05:00:00,-3.06,-3.31,-1.43,0.25,1.93
3656,27.12.2010 06:00:00,-3.06,-3.31,-1.43,0.25,1.93
3657,27.12.2010 07:00:00,-3.12,-3.37,-1.5,0.25,1.93
3658,27.12.2010 08:00:00,-3.18,-3.43,-1.5,0.25,1.93
3659,27.12.2010 09:00:00,-3.18,-3.43,-1.5,0.25,1.93
3660,27.12.2010 10:00:00,-3.25,-3.5,-1.5,0.25,1.93,3.462
3661,27.12.2010 11:00:00,-3.31,-3.56,-1.5,0.25,1.93
3662,27.12.2010 12:00:00,-3.31,-3.5,-1.56,0.25,1.93
3663,27.12.2010 13:00:00,-3.25,-3.43,-1.56,0.18,1.93
3664,27.12.2010 14:00:00,-3.12,-3.25,-1.56,0.25,1.93
3665,27.12.2010 15:00:00,-3,-3.12,-1.56,0.25,1.93
3666,27.12.2010 16:00:00,-2.93,-2.93,-1.56,0.18,1.93,3.459
3667,27.12.2010 17:00:00,-2.81,-2.87,-1.5,0.25,1.93
3668,27.12.2010 18:00:00,-2.68,-2.81,-1.5,0.25,1.93
3669,27.12.2010 19:00:00,-2.68,-2.75,-1.5,0.18,1.93
3670,27.12.2010 20:00:00,-2.68,-2.81,-1.5,0.18,1.93
3671,27.12.2010 21:00:00,-2.68,-2.87,-1.5,0.18,1.93
3672,27.12.2010 22:00:00,-2.75,-2.93,-1.43,0.25,1.93,3.459
3673,27.12.2010 23:00:00,-2.81,-3.06,-1.43,0.18,1.93
3674,28.12.2010 00:00:00,-2.87,-3.12,-1.5,0.18,1.93
3675,28.12.2010 01:00:00,-2.93,-3.18,-1.43,0.25,1.93
3676,28.12.2010 02:00:00,-3,-3.25,-1.5,0.18,1.93
3677,28.12.2010 03:00:00,-3.06,-3.31,-1.5,0.25,1.87
3678,28.12.2010 04:00:00,-3.12,-3.37,-1.5,0.18,1.93,3.458
3679,28.12.2010 05:00:00,-3.18,-3.43,-1.5,0.18,1.87
3680,28.12.2010 06:00:00,-3.18,-3.5,-1.56,0.18,1.93
3681,28.12.2010 07:00:00,-3.25,-3.5,-1.56,0.18,1.93
3682,28.12.2010 08:00:00,-3.31,-3.56,-1.56,0.18,1.93
3683,28.12.2010 09:00:00,-3.31,-3.62,-1.56,0.18,1.93
3684,28.12.2010 10:00:00,-3.37,-3.68,-1.56,0.18,1.87,3.461
3685,28.12.2010 11:00:00,-3.43,-3.68,-1.56,0.18,1.93
3686,28.12.2010 12:00:00,-3.43,-3.68,-1.62,0.18,1.93
3687,28.12.2010 13:00:00,-3.37,-3.56,-1.62,0.18,1.87
3688,28.12.2010 14:00:00,-3.25,-3.37,-1.62,0.18,1.93
3689,28.12.2010 15:00:00,-3.18,-3.25,-1.62,0.18,1.87
3690,28.12.2010 16:00:00,-3,-3.06,-1.62,0.18,1.87,3.463
3691,28.12.2010 17:00:00,-2.87,-2.93,-1.62,0.18,1.93
3692,28.12.2010 18:00:00,-2.81,-2.87,-1.62,0.18,1.93
3693,28.12.2010 19:00:00,-2.75,-2.81,-1.56,0.18,1.93
3694,28.12.2010 20:00:00,-2.75,-2.87,-1.56,0.18,1.87
3695,28.12.2010 21:00:00,-2.81,-2.93,-1.56,0.18,1.87
3696,28.12.2010 22:00:00,-2.81,-3,-1.5,0.18,1.87,3.464
3697,28.12.2010 23:00:00,-2.87,-3.06,-1.56,0.18,1.87
3698,29.12.2010 00:00:00,-2.93,-3.18,-1.5,0.18,1.87
3699,29.12.2010 01:00:00,-3,-3.25,-1.5,0.18,1.87
3700,29.12.2010 02:00:00,-3.06,-3.31,-1.56,0.18,1.87
3701,29.12.2010 03:00:00,-3.12,-3.37,-1.56,0.18,1.87
3702,29.12.2010 04:00:00,-3.18,-3.43,-1.56,0.18,1.87,3.458
3703,29.12.2010 05:00:00,-3.18,-3.5,-1.56,0.18,1.87
3704,29.12.2010 06:00:00,-3.31,-3.56,-1.56,0.18,1.87
3705,29.12.2010 07:00:00,-3.37,-3.62,-1.62,0.18,1.93
3706,29.12.2010 08:00:00,-3.37,-3.62,-1.62,0.12,1.87
3707,29.12.2010 09:00:00,-3.43,-3.68,-1.62,0.18,1.87
3708,29.12.2010 10:00:00,-3.5,-3.68,-1.62,0.18,1.87,3.461
3709,29.12.2010 11:00:00,-3.5,-3.75,-1.68,0.12,1.87
3710,29.12.2010 12:00:00,-3.5,-3.68,-1.68,0.18,1.87
3711,29.12.2010 13:00:00,-3.43,-3.56,-1.68,0.18,1.87
3712,29.12.2010 14:00:00,-3.31,-3.43,-1.68,0.18,1.87
3713,29.12.2010 15:00:00,-3.18,-3.25,-1.68,0.12,1.87
3714,29.12.2010 16:00:00,-3,-3.06,-1.68,0.18,1.87,3.460
3715,29.12.2010 17:00:00,-2.87,-2.93,-1.68,0.12,1.87
3716,29.12.2010 18:00:00,-2.75,-2.81,-1.62,0.12,1.87
3717,29.12.2010 19:00:00,-2.68,-2.81,-1.62,0.12,1.87
3718,29.12.2010 20:00:00,-2.68,-2.81,-1.56,0.18,1.87
3719,29.12.2010 21:00:00,-2.75,-2.93,-1.56,0.12,1.87
3720,29.12.2010 22:00:00,-2.81,-3,-1.56,0.18,1.87,3.464
3721,29.12.2010 23:00:00,-2.81,-3.06,-1.56,0.12,1.87
3722,30.12.2010 00:00:00,-2.87,-3.12,-1.56,0.12,1.87
3723,30.12.2010 01:00:00,-2.93,-3.18,-1.56,0.12,1.87
3724,30.12.2010 02:00:00,-3,-3.25,-1.56,0.12,1.87
3725,30.12.2010 03:00:00,-3.12,-3.31,-1.56,0.12,1.87
3726,30.12.2010 04:00:00,-3.18,-3.37,-1.62,0.12,1.87,3.460
3727,30.12.2010 05:00:00,-3.25,-3.5,-1.62,0.12,1.87
3728,30.12.2010 06:00:00,-3.31,-3.56,-1.62,0.12,1.87
3729,30.12.2010 07:00:00,-3.37,-3.56,-1.62,0.12,1.87
3730,30.12.2010 08:00:00,-3.43,-3.62,-1.68,0.12,1.87
3731,30.12.2010 09:00:00,-3.43,-3.68,-1.68,0.12,1.87
3732,30.12.2010 10:00:00,-3.5,-3.75,-1.68,0.12,1.87,3.460
3733,30.12.2010 11:00:00,-3.5,-3.75,-1.68,0.12,1.81
3734,30.12.2010 12:00:00,-3.56,-3.75,-1.68,0.12,1.87
3735,30.12.2010 13:00:00,-3.43,-3.62,-1.75,0.12,1.87
3736,30.12.2010 14:00:00,-3.37,-3.43,-1.75,0.12,1.87
3737,30.12.2010 15:00:00,-3.25,-3.25,-1.68,0.12,1.87
3738,30.12.2010 16:00:00,-3.06,-3.12,-1.68,0.12,1.81,3.456
3739,30.12.2010 17:00:00,-2.93,-3,-1.68,0.12,1.87
3740,30.12.2010 18:00:00,-2.87,-2.93,-1.68,0.12,1.81
3741,30.12.2010 19:00:00,-2.81,-2.87,-1.62,0.12,1.81
3742,30.12.2010 20:00:00,-2.81,-2.93,-1.62,0.12,1.81
3743,30.12.2010 21:00:00,-2.87,-3,-1.62,0.12,1.81
3744,30.12.2010 22:00:00,-2.93,-3.12,-1.62,0.12,1.81,3.459
3745,30.12.2010 23:00:00,-2.93,-3.18,-1.62,0.12,1.81
3746,31.12.2010 00:00:00,-3.06,-3.25,-1.62,0.12,1.81
3747,31.12.2010 01:00:00,-3.12,-3.37,-1.62,0.12,1.81
3748,31.12.2010 02:00:00,-3.18,-3.43,-1.62,0.12,1.87
3749,31.12.2010 03:00:00,-3.25,-3.5,-1.62,0.12,1.81
3750,31.12.2010 04:00:00,-3.31,-3.56,-1.68,0.12,1.81,3.458
3751,31.12.2010 05:00:00,-3.37,-3.62,-1.68,0.12,1.81
3752,31.12.2010 06:00:00,-3.43,-3.68,-1.68,0.06,1.81
3753,31.12.2010 07:00:00,-3.5,-3.68,-1.75,0.12,1.81
3754,31.12.2010 08:00:00,-3.5,-3.75,-1.75,0.12,1.81
3755,31.12.2010 09:00:00,-3.56,-3.81,-1.75,0.12,1.81
3756,31.12.2010 10:00:00,-3.56,-3.81,-1.75,0.06,1.81,3.455
3757,31.12.2010 11:00:00,-3.62,-3.81,-1.81,0.06,1.81
3758,31.12.2010 12:00:00,-3.62,-3.81,-1.81,0.06,1.81
3759,31.12.2010 13:00:00,-3.62,-3.81,-1.81,0.06,1.81
3760,31.12.2010 14:00:00,-3.56,-3.68,-1.81,0.06,1.81
3761,31.12.2010 15:00:00,-3.5,-3.56,-1.81,0.06,1.81
3762,31.12.2010 16:00:00,-3.31,-3.43,-1.81,0.06,1.81,3.454
3763,31.12.2010 17:00:00,-3.25,-3.31,-1.81,0.06,1.81
3764,31.12.2010 18:00:00,-3.25,-3.31,-1.81,0.06,1.81
3765,31.12.2010 19:00:00,-3.18,-3.31,-1.81,0.06,1.81
3766,31.12.2010 20:00:00,-3.25,-3.37,-1.75,0.06,1.81
3767,31.12.2010 21:00:00,-3.25,-3.43,-1.75,0.12,1.81
3768,31.12.2010 22:00:00,-3.31,-3.56,-1.75,0.12,1.81,3.462
3769,31.12.2010 23:00:00,-3.43,-3.62,-1.81,0.06,1.81
3770,01.01.2011 00:00:00,-3.5,-3.75,-1.75,0.06,1.81
3771,01.01.2011 01:00:00,-3.62,-3.81,-1.81,0.06,1.81
3772,01.01.2011 02:00:00,-3.68,-3.87,-1.81,0.06,1.81
3773,01.01.2011 03:00:00,-3.75,-4,-1.81,0.06,1.81
3774,01.01.2011 04:00:00,-3.87,-4.06,-1.81,0.06,1.81,3.458
3775,01.01.2011 05:00:00,-3.93,-4.12,-1.87,0.06,1.81
3776,01.01.2011 06:00:00,-4,-4.18,-1.87,0.06,1.81
3777,01.01.2011 07:00:00,-4.06,-4.31,-1.87,0.06,1.81
3778,01.01.2011 08:00:00,-4.06,-4.37,-1.93,0.06,1.81
3779,01.01.2011 09:00:00,-4.18,-4.43,-1.93,0.06,1.81
3780,01.01.2011 10:00:00,-4.18,-4.5,-1.93,0.06,1.81,3.451
3781,01.01.2011 11:00:00,-4.25,-4.5,-2,0.06,1.81
3782,01.01.2011 12:00:00,-4.31,-4.56,-2,0.06,1.81
3783,01.01.2011 13:00:00,-4.25,-4.43,-2,0.06,1.81
3784,01.01.2011 14:00:00,-4.18,-4.31,-2.06,0.06,1.81
3785,01.01.2011 15:00:00,-4.12,-4.18,-2.06,0,1.75
3786,01.01.2011 16:00:00,-4.06,-4.12,-2.06,0.06,1.81,3.452
3787,01.01.2011 17:00:00,-4,-4.12,-2.06,0.06,1.81
3788,01.01.2011 18:00:00,-4,-4.12,-2.06,0.06,1.81
3789,01.01.2011 19:00:00,-4,-4.12,-2.06,0.06,1.81
3790,01.01.2011 20:00:00,-4,-4.18,-2.06,0.06,1.75
3791,01.01.2011 21:00:00,-4.12,-4.18,-2.06,0.06,1.81
3792,01.01.2011 22:00:00,-4.12,-4.25,-2.06,0.06,1.81,3.451
3793,01.01.2011 23:00:00,-4.18,-4.31,-2.06,0.06,1.81
3794,02.01.2011 00:00:00,-4.25,-4.37,-2.06,0,1.81
3795,02.01.2011 01:00:00,-4.25,-4.43,-2.12,0.06,1.75
3796,02.01.2011 02:00:00,-4.31,-4.5,-2.12,0.06,1.75
3797,02.01.2011 03:00:00,-4.37,-4.56,-2.12,0,1.75
3798,02.01.2011 04:00:00,-4.43,-4.62,-2.12,0,1.75,3.449
3799,02.01.2011 05:00:00,-4.5,-4.68,-2.12,0,1.75
3800,02.01.2011 06:00:00,-4.56,-4.75,-2.18,0.06,1.75
3801,02.01.2011 07:00:00,-4.56,-4.81,-2.18,0,1.75
3802,02.01.2011 08:00:00,-4.62,-4.87,-2.18,0,1.75
3803,02.01.2011 09:00:00,-4.68,-4.87,-2.25,0.06,1.81
3804,02.01.2011 10:00:00,-4.68,-4.93,-2.25,0,1.75,3.452
3805,02.01.2011 11:00:00,-4.75,-5,-2.25,0,1.75
3806,02.01.2011 12:00:00,-4.75,-4.93,-2.25,0,1.75
3807,02.01.2011 13:00:00,-4.62,-4.81,-2.31,0,1.75
3808,02.01.2011 14:00:00,-4.43,-4.56,-2.31,0,1.75
3809,02.01.2011 15:00:00,-4.25,-4.31,-2.31,0,1.75
3810,02.01.2011 16:00:00,-4.06,-4.12,-2.31,0,1.75,3.452
3811,02.01.2011 17:00:00,-3.87,-3.93,-2.25,0,1.75
3812,02.01.2011 18:00:00,-3.81,-3.81,-2.25,0,1.75
3813,02.01.2011 19:00:00,-3.75,-3.81,-2.18,0,1.75
3814,02.01.2011 20:00:00,-3.75,-3.87,-2.18,0,1.75
3815,02.01.2011 21:00:00,-3.81,-3.93,-2.18,0,1.75
3816,02.01.2011 22:00:00,-3.87,-4,-2.12,0,1.75,3.457
3817,02.01.2011 23:00:00,-3.93,-4.12,-2.18,0,1.75
3818,03.01.2011 00:00:00,-4,-4.18,-2.12,0,1.75
3819,03.01.2011 01:00:00,-4.06,-4.25,-2.18,0,1.75
3820,03.01.2011 02:00:00,-4.12,-4.31,-2.18,0,1.75
3821,03.01.2011 03:00:00,-4.12,-4.31,-2.18,0,1.75
3822,03.01.2011 04:00:00,-4.12,-4.25,-2.18,0,1.75,3.456
3823,03.01.2011 05:00:00,-4.12,-4.25,-2.18,0,1.75
3824,03.01.2011 06:00:00,-4.12,-4.25,-2.18,0,1.75
3825,03.01.2011 07:00:00,-4.12,-4.25,-2.25,0,1.75
3826,03.01.2011 08:00:00,-4.12,-4.25,-2.18,0,1.75
3827,03.01.2011 09:00:00,-4.12,-4.25,-2.25,0,1.75
3828,03.01.2011 10:00:00,-4.06,-4.25,-2.18,0,1.75,3.450
3829,03.01.2011 11:00:00,-4.06,-4.25,-2.25,0,1.75
3830,03.01.2011 12:00:00,-4.06,-4.18,-2.18,0,1.75
3831,03.01.2011 13:00:00,-3.93,-4.06,-2.18,0,1.75
3832,03.01.2011 14:00:00,-3.81,-3.81,-2.18,-0.06,1.75
3833,03.01.2011 15:00:00,-3.62,-3.68,-2.18,0,1.75
3834,03.01.2011 16:00:00,-3.5,-3.5,-2.18,0,1.75,3.459
3835,03.01.2011 17:00:00,-3.31,-3.31,-2.12,-0.06,1.75
3836,03.01.2011 18:00:00,-3.25,-3.25,-2.12,-0.06,1.75
3837,03.01.2011 19:00:00,-3.18,-3.18,-2.06,-0.06,1.75
3838,03.01.2011 20:00:00,-3.12,-3.18,-2.06,-0.06,1.75
3839,03.01.2011 21:00:00,-3.18,-3.18,-2,-0.06,1.75
3840,03.01.2011 22:00:00,-3.18,-3.25,-2,-0.06,1.75,3.457
3841,03.01.2011 23:00:00,-3.18,-3.25,-2,-0.06,1.75
3842,04.01.2011 00:00:00,-3.25,-3.37,-2,-0.06,1.75
3843,04.01.2011 01:00:00,-3.31,-3.43,-1.93,-0.06,1.75
3844,04.01.2011 02:00:00,-3.37,-3.5,-1.93,-0.06,1.75
3845,04.01.2011 03:00:00,-3.43,-3.56,-2,-0.06,1.75
3846,04.01.2011 04:00:00,-3.43,-3.62,-1.93,-0.06,1.75,3.459
3847,04.01.2011 05:00:00,-3.5,-3.68,-2,-0.06,1.68
3848,04.01.2011 06:00:00,-3.56,-3.75,-2,-0.06,1.75
3849,04.01.2011 07:00:00,-3.56,-3.75,-2,-0.06,1.75
3850,04.01.2011 08:00:00,-3.62,-3.81,-2,-0.06,1.68
3851,04.01.2011 09:00:00,-3.62,-3.81,-2,-0.06,1.75
3852,04.01.2011 10:00:00,-3.68,-3.81,-2.06,-0.06,1.75,3.453
3853,04.01.2011 11:00:00,-3.68,-3.87,-2.06,-0.06,1.75
3854,04.01.2011 12:00:00,-3.68,-3.81,-2.06,-0.06,1.75
3855,04.01.2011 13:00:00,-3.68,-3.75,-2.06,-0.06,1.68
3856,04.01.2011 14:00:00,-3.56,-3.68,-2.06,-0.06,1.75
3857,04.01.2011 15:00:00,-3.5,-3.5,-2.06,-0.06,1.75
3858,04.01.2011 16:00:00,-3.31,-3.37,-2.06,-0.06,1.68,3.455
3859,04.01.2011 17:00:00,-3.25,-3.31,-2,-0.06,1.75
3860,04.01.2011 18:00:00,-3.18,-3.18,-2,-0.06,1.68
3861,04.01.2011 19:00:00,-3.12,-3.18,-2,-0.06,1.68
3862,04.01.2011 20:00:00,-3.12,-3.18,-2,-0.06,1.68
3863,04.01.2011 21:00:00,-3.12,-3.18,-1.93,-0.06,1.68
3864,04.01.2011 22:00:00,-3.12,-3.18,-1.93,-0.06,1.68,3.457
3865,04.01.2011 23:00:00,-3.12,-3.18,-1.93,-0.06,1.68
3866,05.01.2011 00:00:00,-3.12,-3.18,-1.93,-0.12,1.68
3867,05.01.2011 01:00:00,-3.18,-3.25,-1.93,-0.06,1.68
3868,05.01.2011 02:00:00,-3.18,-3.25,-1.93,-0.06,1.68
3869,05.01.2011 03:00:00,-3.18,-3.25,-1.93,-0.06,1.68
3870,05.01.2011 04:00:00,-3.25,-3.31,-1.87,-0.12,1.68,3.461
3871,05.01.2011 05:00:00,-3.25,-3.31,-1.87,-0.06,1.68
3872,05.01.2011 06:00:00,-3.25,-3.31,-1.87,-0.06,1.68
3873,05.01.2011 07:00:00,-3.25,-3.31,-1.87,-0.06,1.68
3874,05.01.2011 08:00:00,-3.31,-3.31,-1.87,-0.06,1.68
3875,05.01.2011 09:00:00,-3.31,-3.37,-1.87,-0.12,1.68
3876,05.01.2011 10:00:00,-3.31,-3.31,-1.87,-0.06,1.68,3.459
3877,05.01.2011 11:00:00,-3.25,-3.37,-1.87,-0.12,1.68
3878,05.01.2011 12:00:00,-3.31,-3.31,-1.87,-0.12,1.68
3879,05.01.2011 13:00:00,-3.25,-3.31,-1.87,-0.06,1.68
3880,05.01.2011 14:00:00,-3.18,-3.31,-1.87,-0.12,1.68
3881,05.01.2011 15:00:00,-3.18,-3.18,-1.87,-0.06,1.68
3882,05.01.2011 16:00:00,-3.18,-3.18,-1.87,-0.12,1.68,3.462
3883,05.01.2011 17:00:00,-3.12,-3.12,-1.87,-0.12,1.68
3884,05.01.2011 18:00:00,-3.12,-3.12,-1.87,-0.12,1.68
3885,05.01.2011 19:00:00,-3.06,-3.12,-1.87,-0.12,1.68
3886,05.01.2011 20:00:00,-3.06,-3.12,-1.87,-0.12,1.68
3887,05.01.2011 21:00:00,-3.12,-3.12,-1.87,-0.12,1.68
3888,05.01.2011 22:00:00,-3.12,-3.18,-1.87,-0.12,1.68,3.456
3889,05.01.2011 23:00:00,-3.12,-3.18,-1.87,-0.12,1.68
3890,06.01.2011 00:00:00,-3.12,-3.18,-1.87,-0.12,1.68
3891,06.01.2011 01:00:00,-3.12,-3.25,-1.87,-0.12,1.68
3892,06.01.2011 02:00:00,-3.18,-3.31,-1.87,-0.12,1.68
3893,06.01.2011 03:00:00,-3.25,-3.37,-1.87,-0.12,1.68
3894,06.01.2011 04:00:00,-3.25,-3.43,-1.87,-0.12,1.68,3.460
3895,06.01.2011 05:00:00,-3.31,-3.56,-1.87,-0.12,1.68
3896,06.01.2011 06:00:00,-3.31,-3.56,-1.93,-0.12,1.68
3897,06.01.2011 07:00:00,-3.43,-3.68,-1.87,-0.12,1.68
3898,06.01.2011 08:00:00,-3.5,-3.75,-1.93,-0.12,1.68
3899,06.01.2011 09:00:00,-3.56,-3.81,-1.93,-0.12,1.68
3900,06.01.2011 10:00:00,-3.56,-3.87,-2,-0.12,1.62,3.456
3901,06.01.2011 11:00:00,-3.62,-3.87,-2,-0.12,1.62
3902,06.01.2011 12:00:00,-3.62,-3.87,-2,-0.12,1.62
3903,06.01.2011 13:00:00,-3.62,-3.81,-2,-0.12,1.68
3904,06.01.2011 14:00:00,-3.56,-3.68,-2,-0.12,1.68
3905,06.01.2011 15:00:00,-3.43,-3.56,-2,-0.12,1.68
3906,06.01.2011 16:00:00,-3.37,-3.43,-2,-0.12,1.68,3.458
3907,06.01.2011 17:00:00,-3.25,-3.37,-2,-0.12,1.62
3908,06.01.2011 18:00:00,-3.18,-3.31,-2,-0.12,1.62
3909,06.01.2011 19:00:00,-3.18,-3.31,-2,-0.12,1.62
3910,06.01.2011 20:00:00,-3.18,-3.37,-2,-0.12,1.62
3911,06.01.2011 21:00:00,-3.25,-3.43,-2,-0.12,1.62
3912,06.01.2011 22:00:00,-3.25,-3.56,-2,-0.18,1.62,3.457
3913,06.01.2011 23:00:00,-3.37,-3.62,-2,-0.12,1.62
3914,07.01.2011 00:00:00,-3.37,-3.68,-2,-0.12,1.62
3915,07.01.2011 01:00:00,-3.5,-3.75,-2,-0.18,1.62
3916,07.01.2011 02:00:00,-3.5,-3.81,-2.06,-0.12,1.62
3917,07.01.2011 03:00:00,-3.56,-3.87,-2,-0.12,1.62
3918,07.01.2011 04:00:00,-3.62,-3.93,-2.06,-0.18,1.62,3.458
3919,07.01.2011 05:00:00,-3.62,-3.93,-2.06,-0.12,1.68
3920,07.01.2011 06:00:00,-3.68,-3.93,-2.06,-0.12,1.62
3921,07.01.2011 07:00:00,-3.68,-3.93,-2.12,-0.18,1.62
3922,07.01.2011 08:00:00,-3.68,-3.93,-2.12,-0.12,1.62
3923,07.01.2011 09:00:00,-3.75,-3.93,-2.12,-0.12,1.62
3924,07.01.2011 10:00:00,-3.75,-4,-2.06,-0.18,1.62,3.451
3925,07.01.2011 11:00:00,-3.75,-4,-2.12,-0.12,1.62
3926,07.01.2011 12:00:00,-3.75,-4,-2.12,-0.12,1.62
3927,07.01.2011 13:00:00,-3.75,-4,-2.12,-0.12,1.62
3928,07.01.2011 14:00:00,-3.75,-3.93,-2.18,-0.18,1.62
3929,07.01.2011 15:00:00,-3.68,-3.81,-2.12,-0.18,1.62
3930,07.01.2011 16:00:00,-3.62,-3.75,-2.18,-0.18,1.62,3.453
3931,07.01.2011 17:00:00,-3.5,-3.62,-2.12,-0.18,1.62
3932,07.01.2011 18:00:00,-3.43,-3.62,-2.12,-0.18,1.62
3933,07.01.2011 19:00:00,-3.43,-3.62,-2.12,-0.18,1.62
3934,07.01.2011 20:00:00,-3.43,-3.62,-2.06,-0.18,1.62
3935,07.01.2011 21:00:00,-3.5,-3.68,-2.12,-0.18,1.62
3936,07.01.2011 22:00:00,-3.56,-3.87,-2.12,-0.18,1.62,3.456
3937,07.01.2011 23:00:00,-3.68,-4,-2.12,-0.18,1.62
3938,08.01.2011 00:00:00,-3.75,-4.12,-2.12,-0.18,1.62
3939,08.01.2011 01:00:00,-3.87,-4.25,-2.18,-0.18,1.62
3940,08.01.2011 02:00:00,-3.93,-4.31,-2.18,-0.18,1.62
3941,08.01.2011 03:00:00,-4,-4.37,-2.18,-0.18,1.62
3942,08.01.2011 04:00:00,-4.06,-4.5,-2.25,-0.18,1.62,3.451
3943,08.01.2011 05:00:00,-4.12,-4.56,-2.25,-0.18,1.62
3944,08.01.2011 06:00:00,-4.18,-4.56,-2.25,-0.18,1.62
3945,08.01.2011 07:00:00,-4.25,-4.68,-2.31,-0.18,1.62
3946,08.01.2011 08:00:00,-4.31,-4.75,-2.31,-0.18,1.62
3947,08.01.2011 09:00:00,-4.37,-4.75,-2.31,-0.18,1.62
3948,08.01.2011 10:00:00,-4.37,-4.81,-2.37,-0.18,1.62,3.446
3949,08.01.2011 11:00:00,-4.43,-4.81,-2.37,-0.18,1.62
3950,08.01.2011 12:00:00,-4.43,-4.81,-2.37,-0.18,1.62
3951,08.01.2011 13:00:00,-4.43,-4.75,-2.37,-0.18,1.62
3952,08.01.2011 14:00:00,-4.31,-4.56,-2.43,-0.18,1.62
3953,08.01.2011 15:00:00,-4.25,-4.43,-2.43,-0.18,1.62
3954,08.01.2011 16:00:00,-4.06,-4.25,-2.43,-0.18,1.62,3.454
3955,08.01.2011 17:00:00,-4,-4.18,-2.37,-0.18,1.62
3956,08.01.2011 18:00:00,-3.87,-4.12,-2.37,-0.18,1.62
3957,08.01.2011 19:00:00,-3.87,-4.12,-2.37,-0.18,1.62
3958,08.01.2011 20:00:00,-3.93,-4.18,-2.37,-0.18,1.62
3959,08.01.2011 21:00:00,-3.93,-4.25,-2.37,-0.18,1.56
3960,08.01.2011 22:00:00,-4,-4.37,-2.37,-0.18,1.56,3.453
3961,08.01.2011 23:00:00,-4.12,-4.43,-2.37,-0.18,1.56
3962,09.01.2011 00:00:00,-4.18,-4.56,-2.37,-0.25,1.62
3963,09.01.2011 01:00:00,-4.25,-4.62,-2.37,-0.18,1.62
3964,09.01.2011 02:00:00,-4.31,-4.75,-2.43,-0.18,1.62
3965,09.01.2011 03:00:00,-4.37,-4.81,-2.43,-0.25,1.62
3966,09.01.2011 04:00:00,-4.43,-4.81,-2.43,-0.25,1.56,3.447
3967,09.01.2011 05:00:00,-4.5,-4.93,-2.5,-0.18,1.56
3968,09.01.2011 06:00:00,-4.56,-4.93,-2.5,-0.25,1.56
3969,09.01.2011 07:00:00,-4.56,-5,-2.5,-0.25,1.56
3970,09.01.2011 08:00:00,-4.62,-5.06,-2.5,-0.25,1.56
3971,09.01.2011 09:00:00,-4.68,-5.12,-2.56,-0.25,1.56
3972,09.01.2011 10:00:00,-4.75,-5.06,-2.62,-0.25,1.56,3.447
3973,09.01.2011 11:00:00,-4.75,-5.12,-2.56,-0.25,1.56
3974,09.01.2011 12:00:00,-4.75,-5.06,-2.62,-0.25,1.56
3975,09.01.2011 13:00:00,-4.68,-4.93,-2.62,-0.25,1.56
3976,09.01.2011 14:00:00,-4.56,-4.75,-2.62,-0.25,1.56
3977,09.01.2011 15:00:00,-4.43,-4.56,-2.62,-0.25,1.56
3978,09.01.2011 16:00:00,-4.25,-4.37,-2.62,-0.25,1.56,3.446
3979,09.01.2011 17:00:00,-4.12,-4.25,-2.56,-0.25,1.56
3980,09.01.2011 18:00:00,-4,-4.12,-2.56,-0.25,1.56
3981,09.01.2011 19:00:00,-3.93,-4.12,-2.56,-0.25,1.56
3982,09.01.2011 20:00:00,-3.93,-4.18,-2.56,-0.25,1.56
3983,09.01.2011 21:00:00,-4,-4.18,-2.5,-0.25,1.56
3984,09.01.2011 22:00:00,-4,-4.25,-2.5,-0.25,1.56,3.450
3985,09.01.2011 23:00:00,-4.06,-4.31,-2.5,-0.25,1.56
3986,10.01.2011 00:00:00,-4.12,-4.37,-2.5,-0.25,1.56
3987,10.01.2011 01:00:00,-4.12,-4.43,-2.5,-0.25,1.56
3988,10.01.2011 02:00:00,-4.18,-4.5,-2.5,-0.25,1.56
3989,10.01.2011 03:00:00,-4.18,-4.5,-2.5,-0.25,1.56
3990,10.01.2011 04:00:00,-4.25,-4.5,-2.56,-0.25,1.56,3.454
3991,10.01.2011 05:00:00,-4.25,-4.56,-2.5,-0.25,1.56
3992,10.01.2011 06:00:00,-4.31,-4.62,-2.56,-0.25,1.56
3993,10.01.2011 07:00:00,-4.37,-4.68,-2.56,-0.25,1.56
3994,10.01.2011 08:00:00,-4.37,-4.75,-2.56,-0.25,1.56
3995,10.01.2011 09:00:00,-4.43,-4.75,-2.56,-0.25,1.56
3996,10.01.2011 10:00:00,-4.43,-4.81,-2.56,-0.25,1.56,3.448
3997,10.01.2011 11:00:00,-4.5,-4.81,-2.62,-0.25,1.56
3998,10.01.2011 12:00:00,-4.5,-4.75,-2.62,-0.25,1.56
3999,10.01.2011 13:00:00,-4.43,-4.68,-2.62,-0.25,1.56
4000,10.01.2011 14:00:00,-4.31,-4.5,-2.62,-0.31,1.56
4001,10.01.2011 15:00:00,-4.18,-4.25,-2.62,-0.25,1.56
4002,10.01.2011 16:00:00,-4,-4.12,-2.62,-0.25,1.56,3.454
4003,10.01.2011 17:00:00,-3.87,-4,-2.56,-0.25,1.56
4004,10.01.2011 18:00:00,-3.81,-3.93,-2.56,-0.31,1.56
4005,10.01.2011 19:00:00,-3.75,-3.93,-2.5,-0.31,1.56
4006,10.01.2011 20:00:00,-3.75,-4,-2.5,-0.31,1.56
4007,10.01.2011 21:00:00,-3.81,-4,-2.43,-0.25,1.56
4008,10.01.2011 22:00:00,-3.81,-4.12,-2.43,-0.31,1.56,3.455
4009,10.01.2011 23:00:00,-3.87,-4.18,-2.5,-0.31,1.56
4010,11.01.2011 00:00:00,-4,-4.25,-2.43,-0.31,1.56
4011,11.01.2011 01:00:00,-4.06,-4.31,-2.5,-0.31,1.56
4012,11.01.2011 02:00:00,-4.06,-4.37,-2.5,-0.31,1.56
4013,11.01.2011 03:00:00,-4.12,-4.43,-2.5,-0.31,1.5
4014,11.01.2011 04:00:00,-4.18,-4.5,-2.5,-0.31,1.56,3.449
4015,11.01.2011 05:00:00,-4.25,-4.5,-2.5,-0.31,1.56
4016,11.01.2011 06:00:00,-4.25,-4.56,-2.56,-0.31,1.56
4017,11.01.2011 07:00:00,-4.31,-4.62,-2.56,-0.31,1.56
4018,11.01.2011 08:00:00,-4.37,-4.68,-2.56,-0.31,1.56
4019,11.01.2011 09:00:00,-4.37,-4.68,-2.56,-0.31,1.56
4020,11.01.2011 10:00:00,-4.43,-4.75,-2.56,-0.31,1.5,3.452
4021,11.01.2011 11:00:00,-4.5,-4.81,-2.62,-0.31,1.5
4022,11.01.2011 12:00:00,-4.5,-4.75,-2.62,-0.31,1.56
4023,11.01.2011 13:00:00,-4.43,-4.62,-2.62,-0.31,1.5
4024,11.01.2011 14:00:00,-4.37,-4.5,-2.62,-0.31,1.5
4025,11.01.2011 15:00:00,-4.18,-4.25,-2.62,-0.31,1.5
4026,11.01.2011 16:00:00,-4,-4.12,-2.62,-0.31,1.5,3.448
4027,11.01.2011 17:00:00,-3.87,-3.93,-2.56,-0.31,1.56
4028,11.01.2011 18:00:00,-3.75,-3.81,-2.56,-0.31,1.56
4029,11.01.2011 19:00:00,-3.75,-3.87,-2.5,-0.31,1.5
4030,11.01.2011 20:00:00,-3.75,-4,-2.5,-0.31,1.5
4031,11.01.2011 21:00:00,-3.87,-4.12,-2.5,-0.31,1.5
4032,11.01.2011 22:00:00,-3.93,-4.25,-2.5,-0.37,1.5,3.456
4033,11.01.2011 23:00:00,-4,-4.37,-2.5,-0.31,1.5
4034,12.01.2011 00:00:00,-4.12,-4.43,-2.5,-0.37,1.5
4035,12.01.2011 01:00:00,-4.18,-4.56,-2.56,-0.31,1.5
4036,12.01.2011 02:00:00,-4.25,-4.62,-2.56,-0.37,1.5
4037,12.01.2011 03:00:00,-4.37,-4.75,-2.56,-0.31,1.5
4038,12.01.2011 04:00:00,-4.43,-4.81,-2.56,-0.37,1.5,3.446
4039,12.01.2011 05:00:00,-4.5,-4.87,-2.62,-0.31,1.5
4040,12.01.2011 06:00:00,-4.56,-4.93,-2.62,-0.31,1.5
4041,12.01.2011 07:00:00,-4.62,-5.06,-2.68,-0.37,1.5
4042,12.01.2011 08:00:00,-4.68,-5.12,-2.68,-0.37,1.5
4043,12.01.2011 09:00:00,-4.75,-5.18,-2.68,-0.37,1.5
4044,12.01.2011 10:00:00,-4.81,-5.18,-2.75,-0.37,1.5,3.444
4045,12.01.2011 11:00:00,-4.87,-5.25,-2.75,-0.37,1.5
4046,12.01.2011 12:00:00,-4.87,-5.18,-2.75,-0.37,1.5
4047,12.01.2011 13:00:00,-4.81,-5.06,-2.81,-0.37,1.5
4048,12.01.2011 14:00:00,-4.62,-4.81,-2.81,-0.37,1.5
4049,12.01.2011 15:00:00,-4.5,-4.62,-2.81,-0.37,1.5
4050,12.01.2011 16:00:00,-4.31,-4.37,-2.75,-0.37,1.5,3.446
4051,12.01.2011 17:00:00,-4.18,-4.25,-2.75,-0.37,1.5
4052,12.01.2011 18:00:00,-4.06,-4.18,-2.75,-0.37,1.5
4053,12.01.2011 19:00:00,-4.06,-4.18,-2.68,-0.37,1.5
4054,12.01.2011 20:00:00,-4.06,-4.31,-2.68,-0.37,1.5
4055,12.01.2011 21:00:00,-4.12,-4.43,-2.68,-0.37,1.5
4056,12.01.2011 22:00:00,-4.25,-4.5,-2.62,-0.37,1.5,3.452
4057,12.01.2011 23:00:00,-4.31,-4.62,-2.68,-0.37,1.5
4058,13.01.2011 00:00:00,-4.37,-4.75,-2.68,-0.37,1.5
4059,13.01.2011 01:00:00,-4.5,-4.81,-2.68,-0.37,1.5
4060,13.01.2011 02:00:00,-4.56,-4.93,-2.68,-0.37,1.5
4061,13.01.2011 03:00:00,-4.68,-5.06,-2.75,-0.37,1.5
4062,13.01.2011 04:00:00,-4.75,-5.12,-2.75,-0.37,1.5,3.449
4063,13.01.2011 05:00:00,-4.81,-5.18,-2.81,-0.37,1.5
4064,13.01.2011 06:00:00,-4.93,-5.25,-2.81,-0.37,1.5
4065,13.01.2011 07:00:00,-4.93,-5.37,-2.81,-0.37,1.5
4066,13.01.2011 08:00:00,-5,-5.43,-2.87,-0.43,1.5
4067,13.01.2011 09:00:00,-5.06,-5.43,-2.87,-0.43,1.5
4068,13.01.2011 10:00:00,-5.12,-5.5,-2.87,-0.37,1.5,3.447
4069,13.01.2011 11:00:00,-5.18,-5.56,-2.93,-0.37,1.5
4070,13.01.2011 12:00:00,-5.18,-5.5,-2.93,-0.43,1.5
4071,13.01.2011 13:00:00,-5.06,-5.31,-3,-0.43,1.5
4072,13.01.2011 14:00:00,-4.93,-5.06,-2.93,-0.43,1.5
4073,13.01.2011 15:00:00,-4.75,-4.87,-2.93,-0.43,1.43
4074,13.01.2011 16:00:00,-4.56,-4.62,-2.93,-0.43,1.43,3.445
4075,13.01.2011 17:00:00,-4.43,-4.5,-2.93,-0.43,1.43
4076,13.01.2011 18:00:00,-4.25,-4.43,-2.87,-0.43,1.5
4077,13.01.2011 19:00:00,-4.25,-4.5,-2.87,-0.43,1.43
4078,13.01.2011 20:00:00,-4.31,-4.56,-2.87,-0.43,1.5
4079,13.01.2011 21:00:00,-4.37,-4.62,-2.81,-0.43,1.5
4080,13.01.2011 22:00:00,-4.43,-4.75,-2.81,-0.43,1.43,3.449
4081,13.01.2011 23:00:00,-4.43,-4.81,-2.81,-0.43,1.43
4082,14.01.2011 00:00:00,-4.56,-4.87,-2.81,-0.43,1.43
4083,14.01.2011 01:00:00,-4.62,-5,-2.81,-0.43,1.5
4084,14.01.2011 02:00:00,-4.68,-5,-2.87,-0.43,1.43
4085,14.01.2011 03:00:00,-4.75,-5.06,-2.87,-0.43,1.43
4086,14.01.2011 04:00:00,-4.81,-5.12,-2.87,-0.43,1.43,3.446
4087,14.01.2011 05:00:00,-4.87,-5.18,-2.87,-0.43,1.43
4088,14.01.2011 06:00:00,-4.87,-5.18,-2.93,-0.43,1.5
4089,14.01.2011 07:00:00,-4.87,-5.18,-2.87,-0.43,1.43
4090,14.01.2011 08:00:00,-4.93,-5.18,-2.93,-0.43,1.43
4091,14.01.2011 09:00:00,-4.93,-5.18,-2.93,-0.43,1.43
4092,14.01.2011 10:00:00,-4.93,-5.18,-3,-0.43,1.43,3.448
4093,14.01.2011 11:00:00,-4.93,-5.12,-3,-0.43,1.43
4094,14.01.2011 12:00:00,-4.87,-5,-2.93,-0.5,1.43
4095,14.01.2011 13:00:00,-4.75,-4.87,-2.93,-0.43,1.43
4096,14.01.2011 14:00:00,-4.56,-4.62,-2.93,-0.43,1.43
4097,14.01.2011 15:00:00,-4.31,-4.37,-2.93,-0.5,1.43
4098,14.01.2011 16:00:00,-4.12,-4.12,-2.87,-0.43,1.43,3.450
4099,14.01.2011 17:00:00,-4,-4,-2.87,-0.5,1.43
4100,14.01.2011 18:00:00,-3.87,-3.93,-2.81,-0.5,1.43
4101,14.01.2011 19:00:00,-3.81,-3.93,-2.75,-0.5,1.43
4102,14.01.2011 20:00:00,-3.81,-3.93,-2.75,-0.5,1.43
4103,14.01.2011 21:00:00,-3.87,-4,-2.68,-0.5,1.43
4104,14.01.2011 22:00:00,-3.87,-4.06,-2.68,-0.5,1.43,3.454
4105,14.01.2011 23:00:00,-3.93,-4.12,-2.68,-0.5,1.43
4106,15.01.2011 00:00:00,-3.93,-4.18,-2.62,-0.5,1.43
4107,15.01.2011 01:00:00,-4,-4.25,-2.68,-0.5,1.43
4108,15.01.2011 02:00:00,-4.06,-4.31,-2.62,-0.5,1.43
4109,15.01.2011 03:00:00,-4.12,-4.31,-2.68,-0.5,1.43
4110,15.01.2011 04:00:00,-4.18,-4.37,-2.62,-0.5,1.43,3.447
4111,15.01.2011 05:00:00,-4.18,-4.43,-2.68,-0.5,1.43
4112,15.01.2011 06:00:00,-4.25,-4.5,-2.68,-0.5,1.43
4113,15.01.2011 07:00:00,-4.31,-4.56,-2.68,-0.5,1.43
4114,15.01.2011 08:00:00,-4.37,-4.62,-2.68,-0.5,1.43
4115,15.01.2011 09:00:00,-4.43,-4.68,-2.68,-0.5,1.43
4116,15.01.2011 10:00:00,-4.43,-4.68,-2.75,-0.5,1.43,3.446
4117,15.01.2011 11:00:00,-4.43,-4.68,-2.75,-0.5,1.43
4118,15.01.2011 12:00:00,-4.43,-4.68,-2.75,-0.5,1.43
4119,15.01.2011 13:00:00,-4.37,-4.5,-2.75,-0.5,1.43
4120,15.01.2011 14:00:00,-4.25,-4.37,-2.75,-0.5,1.37
4121,15.01.2011 15:00:00,-4.06,-4.12,-2.75,-0.5,1.43
4122,15.01.2011 16:00:00,-3.93,-3.93,-2.75,-0.5,1.43,3.450
4123,15.01.2011 17:00:00,-3.81,-3.87,-2.68,-0.5,1.43
4124,15.01.2011 18:00:00,-3.75,-3.81,-2.68,-0.5,1.43
4125,15.01.2011 19:00:00,-3.68,-3.81,-2.62,-0.5,1.43
4126,15.01.2011 20:00:00,-3.68,-3.87,-2.62,-0.5,1.43
4127,15.01.2011 21:00:00,-3.75,-3.93,-2.62,-0.56,1.37
4128,15.01.2011 22:00:00,-3.81,-3.93,-2.62,-0.56,1.43,3.451
4129,15.01.2011 23:00:00,-3.87,-4.06,-2.56,-0.56,1.43
4130,16.01.2011 00:00:00,-3.93,-4.18,-2.56,-0.56,1.43
4131,16.01.2011 01:00:00,-4,-4.25,-2.62,-0.56,1.43
4132,16.01.2011 02:00:00,-4.06,-4.37,-2.56,-0.5,1.37
4133,16.01.2011 03:00:00,-4.12,-4.43,-2.62,-0.56,1.43
4134,16.01.2011 04:00:00,-4.25,-4.56,-2.62,-0.5,1.43,3.446
4135,16.01.2011 05:00:00,-4.31,-4.62,-2.62,-0.56,1.43
4136,16.01.2011 06:00:00,-4.37,-4.68,-2.68,-0.56,1.37
4137,16.01.2011 07:00:00,-4.43,-4.75,-2.68,-0.56,1.43
4138,16.01.2011 08:00:00,-4.5,-4.81,-2.68,-0.56,1.37
4139,16.01.2011 09:00:00,-4.56,-4.87,-2.75,-0.56,1.37
4140,16.01.2011 10:00:00,-4.62,-5,-2.75,-0.56,1.37,3.450
4141,16.01.2011 11:00:00,-4.68,-5,-2.81,-0.56,1.37
4142,16.01.2011 12:00:00,-4.68,-4.93,-2.81,-0.56,1.37
4143,16.01.2011 13:00:00,-4.56,-4.75,-2.81,-0.56,1.37
4144,16.01.2011 14:00:00,-4.43,-4.5,-2.81,-0.56,1.37
4145,16.01.2011 15:00:00,-4.25,-4.25,-2.81,-0.56,1.37
4146,16.01.2011 16:00:00,-4,-4,-2.81,-0.56,1.37,3.452
4147,16.01.2011 17:00:00,-3.81,-3.81,-2.75,-0.56,1.43
4148,16.01.2011 18:00:00,-3.68,-3.68,-2.75,-0.56,1.37
4149,16.01.2011 19:00:00,-3.68,-3.75,-2.68,-0.56,1.37
4150,16.01.2011 20:00:00,-3.68,-3.87,-2.68,-0.56,1.37
4151,16.01.2011 21:00:00,-3.81,-4,-2.68,-0.56,1.37
4152,16.01.2011 22:00:00,-3.87,-4.12,-2.62,-0.56,1.37,3.449
4153,16.01.2011 23:00:00,-4,-4.31,-2.62,-0.56,1.37
4154,17.01.2011 00:00:00,-4.06,-4.37,-2.62,-0.56,1.37
4155,17.01.2011 01:00:00,-4.18,-4.5,-2.62,-0.56,1.37
4156,17.01.2011 02:00:00,-4.25,-4.56,-2.68,-0.56,1.37
4157,17.01.2011 03:00:00,-4.31,-4.62,-2.68,-0.56,1.37
4158,17.01.2011 04:00:00,-4.43,-4.68,-2.75,-0.56,1.37,3.445
4159,17.01.2011 05:00:00,-4.43,-4.75,-2.75,-0.56,1.37
4160,17.01.2011 06:00:00,-4.5,-4.75,-2.75,-0.62,1.37
4161,17.01.2011 07:00:00,-4.5,-4.75,-2.75,-0.56,1.37
4162,17.01.2011 08:00:00,-4.56,-4.75,-2.81,-0.62,1.37
4163,17.01.2011 09:00:00,-4.56,-4.75,-2.81,-0.62,1.37
4164,17.01.2011 10:00:00,-4.5,-4.75,-2.81,-0.56,1.37,3.445
4165,17.01.2011 11:00:00,-4.5,-4.68,-2.81,-0.56,1.37
4166,17.01.2011 12:00:00,-4.43,-4.62,-2.81,-0.62,1.37
4167,17.01.2011 13:00:00,-4.37,-4.5,-2.81,-0.62,1.37
4168,17.01.2011 14:00:00,-4.25,-4.37,-2.81,-0.62,1.37
4169,17.01.2011 15:00:00,-4.12,-4.18,-2.81,-0.62,1.37
4170,17.01.2011 16:00:00,-4,-4,-2.75,-0.62,1.37,3.448
4171,17.01.2011 17:00:00,-3.87,-3.87,-2.75,-0.62,1.37
4172,17.01.2011 18:00:00,-3.75,-3.75,-2.75,-0.62,1.37
4173,17.01.2011 19:00:00,-3.68,-3.75,-2.68,-0.62,1.37
4174,17.01.2011 20:00:00,-3.68,-3.81,-2.62,-0.62,1.37
4175,17.01.2011 21:00:00,-3.68,-3.81,-2.62,-0.62,1.37
4176,17.01.2011 22:00:00,-3.75,-3.81,-2.62,-0.62,1.37,3.456
4177,17.01.2011 23:00:00,-3.75,-3.87,-2.62,-0.62,1.37
4178,18.01.2011 00:00:00,-3.81,-3.87,-2.56,-0.62,1.37
4179,18.01.2011 01:00:00,-3.75,-3.87,-2.56,-0.62,1.37
4180,18.01.2011 02:00:00,-3.75,-3.87,-2.56,-0.62,1.37
4181,18.01.2011 03:00:00,-3.81,-3.93,-2.56,-0.62,1.31
4182,18.01.2011 04:00:00,-3.81,-3.93,-2.56,-0.62,1.31,3.451
4183,18.01.2011 05:00:00,-3.81,-3.93,-2.56,-0.62,1.37
4184,18.01.2011 06:00:00,-3.87,-4,-2.56,-0.62,1.31
4185,18.01.2011 07:00:00,-3.87,-4.06,-2.56,-0.62,1.37
4186,18.01.2011 08:00:00,-3.93,-4.12,-2.56,-0.62,1.37
4187,18.01.2011 09:00:00,-4,-4.25,-2.56,-0.62,1.37
4188,18.01.2011 10:00:00,-4.06,-4.31,-2.56,-0.62,1.37,3.453
4189,18.01.2011 11:00:00,-4.12,-4.37,-2.62,-0.62,1.31
4190,18.01.2011 12:00:00,-4.18,-4.43,-2.62,-0.62,1.31
4191,18.01.2011 13:00:00,-4.18,-4.37,-2.62,-0.62,1.31
4192,18.01.2011 14:00:00,-4.06,-4.25,-2.62,-0.62,1.37
4193,18.01.2011 15:00:00,-4,-4.12,-2.62,-0.62,1.31
4194,18.01.2011 16:00:00,-3.93,-4.06,-2.62,-0.62,1.31,3.456
4195,18.01.2011 17:00:00,-3.93,-4,-2.62,-0.68,1.31
4196,18.01.2011 18:00:00,-3.87,-4,-2.62,-0.62,1.31
4197,18.01.2011 19:00:00,-3.87,-4,-2.62,-0.62,1.31
4198,18.01.2011 20:00:00,-3.87,-4,-2.62,-0.62,1.31
4199,18.01.2011 21:00:00,-3.87,-4.06,-2.56,-0.62,1.31
4200,18.01.2011 22:00:00,-3.93,-4.06,-2.62,-0.62,1.31,3.449
4201,18.01.2011 23:00:00,-3.93,-4.12,-2.56,-0.62,1.31
4202,19.01.2011 00:00:00,-4,-4.18,-2.56,-0.62,1.31
4203,19.01.2011 01:00:00,-4.06,-4.25,-2.62,-0.62,1.31
4204,19.01.2011 02:00:00,-4.06,-4.31,-2.62,-0.68,1.31
4205,19.01.2011 03:00:00,-4.12,-4.37,-2.62,-0.62,1.31
4206,19.01.2011 04:00:00,-4.25,-4.43,-2.62,-0.62,1.31,3.451
4207,19.01.2011 05:00:00,-4.25,-4.5,-2.62,-0.62,1.31
4208,19.01.2011 06:00:00,-4.31,-4.56,-2.68,-0.68,1.31
4209,19.01.2011 07:00:00,-4.37,-4.62,-2.68,-0.68,1.31
4210,19.01.2011 08:00:00,-4.43,-4.68,-2.68,-0.62,1.31
4211,19.01.2011 09:00:00,-4.43,-4.75,-2.68,-0.62,1.31
4212,19.01.2011 10:00:00,-4.5,-4.75,-2.75,-0.68,1.31,3.446
4213,19.01.2011 11:00:00,-4.56,-4.75,-2.75,-0.68,1.31
4214,19.01.2011 12:00:00,-4.5,-4.68,-2.75,-0.68,1.31
4215,19.01.2011 13:00:00,-4.43,-4.62,-2.81,-0.68,1.31
4216,19.01.2011 14:00:00,-4.37,-4.43,-2.81,-0.68,1.31
4217,19.01.2011 15:00:00,-4.25,-4.31,-2.81,-0.68,1.31
4218,19.01.2011 16:00:00,-4.12,-4.18,-2.75,-0.68,1.31,3.451
4219,19.01.2011 17:00:00,-4.06,-4.12,-2.75,-0.68,1.31
4220,19.01.2011 18:00:00,-4,-4.06,-2.75,-0.68,1.31
4221,19.01.2011 19:00:00,-4,-4.12,-2.75,-0.62,1.31
4222,19.01.2011 20:00:00,-4.06,-4.18,-2.68,-0.68,1.31
4223,19.01.2011 21:00:00,-4.12,-4.31,-2.68,-0.68,1.31
4224,19.01.2011 22:00:00,-4.18,-4.37,-2.68,-0.68,1.31,3.446
4225,19.01.2011 23:00:00,-4.25,-4.5,-2.68,-0.68,1.31
4226,20.01.2011 00:00:00,-4.31,-4.56,-2.68,-0.68,1.31
4227,20.01.2011 01:00:00,-4.43,-4.68,-2.75,-0.68,1.31
4228,20.01.2011 02:00:00,-4.43,-4.75,-2.75,-0.68,1.31
4229,20.01.2011 03:00:00,-4.56,-4.81,-2.75,-0.68,1.31
4230,20.01.2011 04:00:00,-4.56,-4.87,-2.81,-0.68,1.31,3.445
4231,20.01.2011 05:00:00,-4.68,-4.93,-2.81,-0.68,1.31
4232,20.01.2011 06:00:00,-4.75,-4.93,-2.81,-0.68,1.31
4233,20.01.2011 07:00:00,-4.75,-5,-2.81,-0.68,1.31
4234,20.01.2011 08:00:00,-4.81,-5.06,-2.87,-0.68,1.31
4235,20.01.2011 09:00:00,-4.87,-5.12,-2.87,-0.68,1.31
4236,20.01.2011 10:00:00,-4.87,-5.18,-2.87,-0.68,1.31,3.442
4237,20.01.2011 11:00:00,-4.93,-5.18,-2.93,-0.68,1.31
4238,20.01.2011 12:00:00,-4.93,-5.06,-2.93,-0.68,1.31
4239,20.01.2011 13:00:00,-4.81,-4.93,-2.93,-0.68,1.25
4240,20.01.2011 14:00:00,-4.68,-4.75,-2.93,-0.68,1.31
4241,20.01.2011 15:00:00,-4.5,-4.5,-2.93,-0.68,1.31
4242,20.01.2011 16:00:00,-4.31,-4.31,-2.93,-0.68,1.31,3.450
4243,20.01.2011 17:00:00,-4.18,-4.18,-2.87,-0.68,1.25
4244,20.01.2011 18:00:00,-4.12,-4.12,-2.87,-0.68,1.25
4245,20.01.2011 19:00:00,-4.06,-4.12,-2.81,-0.75,1.31
4246,20.01.2011 20:00:00,-4.12,-4.25,-2.81,-0.68,1.31
4247,20.01.2011 21:00:00,-4.12,-4.31,-2.81,-0.68,1.31
4248,20.01.2011 22:00:00,-4.25,-4.43,-2.81,-0.68,1.25,3.450
4249,20.01.2011 23:00:00,-4.25,-4.5,-2.81,-0.75,1.31
4250,21.01.2011 00:00:00,-4.37,-4.56,-2.81,-0.75,1.25
4251,21.01.2011 01:00:00,-4.43,-4.68,-2.81,-0.75,1.25
4252,21.01.2011 02:00:00,-4.5,-4.75,-2.81,-0.68,1.31
4253,21.01.2011 03:00:00,-4.56,-4.81,-2.81,-0.75,1.25
4254,21.01.2011 04:00:00,-4.62,-4.87,-2.87,-0.75,1.25,3.448
4255,21.01.2011 05:00:00,-4.75,-4.93,-2.87,-0.75,1.25
4256,21.01.2011 06:00:00,-4.75,-5.06,-2.87,-0.75,1.25
4257,21.01.2011 07:00:00,-4.81,-5.06,-2.87,-0.75,1.25
4258,21.01.2011 08:00:00,-4.87,-5.18,-2.93,-0.75,1.25
4259,21.01.2011 09:00:00,-4.93,-5.18,-2.93,-0.75,1.31
4260,21.01.2011 10:00:00,-4.93,-5.25,-2.93,-0.75,1.25,3.441
4261,21.01.2011 11:00:00,-5.06,-5.31,-3,-0.75,1.25
4262,21.01.2011 12:00:00,-5,-5.18,-3,-0.75,1.25
4263,21.01.2011 13:00:00,-4.87,-5,-3,-0.75,1.25
4264,21.01.2011 14:00:00,-4.75,-4.81,-3,-0.75,1.25
4265,21.01.2011 15:00:00,-4.56,-4.62,-3,-0.75,1.25
4266,21.01.2011 16:00:00,-4.43,-4.43,-3,-0.75,1.25,3.448
4267,21.01.2011 17:00:00,-4.31,-4.31,-2.93,-0.75,1.25
4268,21.01.2011 18:00:00,-4.25,-4.25,-2.93,-0.75,1.25
4269,21.01.2011 19:00:00,-4.18,-4.31,-2.93,-0.75,1.25
4270,21.01.2011 20:00:00,-4.18,-4.31,-2.87,-0.75,1.25
4271,21.01.2011 21:00:00,-4.18,-4.37,-2.87,-0.75,1.25
4272,21.01.2011 22:00:00,-4.25,-4.5,-2.87,-0.75,1.25,3.448
4273,21.01.2011 23:00:00,-4.31,-4.56,-2.87,-0.81,1.25
4274,22.01.2011 00:00:00,-4.37,-4.62,-2.87,-0.75,1.25
4275,22.01.2011 01:00:00,-4.43,-4.68,-2.87,-0.75,1.25
4276,22.01.2011 02:00:00,-4.5,-4.75,-2.87,-0.75,1.25
4277,22.01.2011 03:00:00,-4.56,-4.81,-2.87,-0.75,1.25
4278,22.01.2011 04:00:00,-4.56,-4.81,-2.87,-0.81,1.25,3.449
4279,22.01.2011 05:00:00,-4.62,-4.81,-2.93,-0.81,1.25
4280,22.01.2011 06:00:00,-4.68,-4.81,-2.93,-0.81,1.25
4281,22.01.2011 07:00:00,-4.62,-4.81,-2.93,-0.81,1.25
4282,22.01.2011 08:00:00,-4.62,-4.81,-2.93,-0.81,1.25
4283,22.01.2011 09:00:00,-4.62,-4.81,-2.93,-0.81,1.25
4284,22.01.2011 10:00:00,-4.62,-4.81,-2.93,-0.81,1.25,3.446
4285,22.01.2011 11:00:00,-4.62,-4.75,-2.93,-0.81,1.25
4286,22.01.2011 12:00:00,-4.56,-4.68,-2.93,-0.75,1.25
4287,22.01.2011 13:00:00,-4.5,-4.62,-3,-0.81,1.25
4288,22.01.2011 14:00:00,-4.43,-4.5,-3,-0.81,1.25
4289,22.01.2011 15:00:00,-4.37,-4.43,-2.93,-0.81,1.25
4290,22.01.2011 16:00:00,-4.31,-4.37,-2.93,-0.81,1.25,3.450
4291,22.01.2011 17:00:00,-4.25,-4.37,-2.93,-0.81,1.25
4292,22.01.2011 18:00:00,-4.18,-4.31,-2.87,-0.81,1.25
4293,22.01.2011 19:00:00,-4.18,-4.31,-2.87,-0.81,1.25
4294,22.01.2011 20:00:00,-4.18,-4.25,-2.87,-0.81,1.25
4295,22.01.2011 21:00:00,-4.18,-4.31,-2.87,-0.81,1.18
4296,22.01.2011 22:00:00,-4.18,-4.31,-2.81,-0.81,1.25,3.445
4297,22.01.2011 23:00:00,-4.25,-4.43,-2.81,-0.81,1.25
4298,23.01.2011 00:00:00,-4.25,-4.5,-2.87,-0.81,1.18
4299,23.01.2011 01:00:00,-4.31,-4.56,-2.81,-0.81,1.25
4300,23.01.2011 02:00:00,-4.43,-4.62,-2.81,-0.81,1.25
4301,23.01.2011 03:00:00,-4.5,-4.68,-2.87,-0.81,1.25
4302,23.01.2011 04:00:00,-4.56,-4.75,-2.87,-0.81,1.18,3.444
4303,23.01.2011 05:00:00,-4.62,-4.81,-2.87,-0.81,1.18
4304,23.01.2011 06:00:00,-4.68,-4.87,-2.93,-0.81,1.18
4305,23.01.2011 07:00:00,-4.68,-4.93,-2.93,-0.81,1.25
4306,23.01.2011 08:00:00,-4.81,-5,-2.93,-0.87,1.18
4307,23.01.2011 09:00:00,-4.81,-5.06,-2.93,-0.81,1.25
4308,23.01.2011 10:00:00,-4.87,-5.06,-3,-0.81,1.18,3.445
4309,23.01.2011 11:00:00,-4.81,-5.06,-3,-0.81,1.18
4310,23.01.2011 12:00:00,-4.87,-5,-3,-0.81,1.18
4311,23.01.2011 13:00:00,-4.87,-4.93,-3,-0.81,1.25
4312,23.01.2011 14:00:00,-4.81,-4.87,-3.06,-0.81,1.18
4313,23.01.2011 15:00:00,-4.68,-4.75,-3,-0.87,1.18
4314,23.01.2011 16:00:00,-4.56,-4.62,-3,-0.81,1.18,3.444
4315,23.01.2011 17:00:00,-4.5,-4.56,-3,-0.87,1.18
4316,23.01.2011 18:00:00,-4.43,-4.43,-3,-0.81,1.18
4317,23.01.2011 19:00:00,-4.37,-4.5,-3,-0.87,1.18
4318,23.01.2011 20:00:00,-4.37,-4.43,-2.93,-0.87,1.18
4319,23.01.2011 21:00:00,-4.31,-4.43,-2.93,-0.87,1.18
4320,23.01.2011 22:00:00,-4.31,-4.43,-2.93,-0.87,1.18,3.444
4321,23.01.2011 23:00:00,-4.31,-4.43,-2.93,-0.87,1.18
4322,24.01.2011 00:00:00,-4.31,-4.43,-2.87,-0.87,1.18
4323,24.01.2011 01:00:00,-4.31,-4.43,-2.93,-0.87,1.18
4324,24.01.2011 02:00:00,-4.31,-4.43,-2.87,-0.81,1.18
4325,24.01.2011 03:00:00,-4.31,-4.43,-2.87,-0.87,1.18
4326,24.01.2011 04:00:00,-4.37,-4.5,-2.87,-0.87,1.18,3.449
4327,24.01.2011 05:00:00,-4.43,-4.5,-2.87,-0.87,1.18
4328,24.01.2011 06:00:00,-4.43,-4.62,-2.87,-0.87,1.18
4329,24.01.2011 07:00:00,-4.5,-4.68,-2.87,-0.87,1.18
4330,24.01.2011 08:00:00,-4.56,-4.75,-2.87,-0.87,1.18
4331,24.01.2011 09:00:00,-4.56,-4.75,-2.87,-0.87,1.18
4332,24.01.2011 10:00:00,-4.62,-4.81,-2.93,-0.87,1.18,3.446
4333,24.01.2011 11:00:00,-4.62,-4.81,-2.93,-0.87,1.18
4334,24.01.2011 12:00:00,-4.62,-4.81,-2.93,-0.87,1.18
4335,24.01.2011 13:00:00,-4.62,-4.81,-2.93,-0.87,1.18
4336,24.01.2011 14:00:00,-4.62,-4.81,-2.93,-0.87,1.18
4337,24.01.2011 15:00:00,-4.62,-4.81,-2.93,-0.87,1.18
4338,24.01.2011 16:00:00,-4.62,-4.81,-2.93,-0.87,1.18,3.444
4339,24.01.2011 17:00:00,-4.62,-4.81,-2.93,-0.87,1.18
4340,24.01.2011 18:00:00,-4.62,-4.81,-3,-0.87,1.18
4341,24.01.2011 19:00:00,-4.62,-4.81,-2.93,-0.87,1.18
4342,24.01.2011 20:00:00,-4.62,-4.81,-2.93,-0.87,1.18
4343,24.01.2011 21:00:00,-4.62,-4.75,-3,-0.87,1.18
4344,24.01.2011 22:00:00,-4.56,-4.75,-3,-0.87,1.18,3.443
4345,24.01.2011 23:00:00,-4.62,-4.75,-2.93,-0.87,1.18
4346,25.01.2011 00:00:00,-4.56,-4.75,-2.93,-0.87,1.18
4347,25.01.2011 01:00:00,-4.62,-4.75,-3,-0.93,1.18
4348,25.01.2011 02:00:00,-4.62,-4.75,-3,-0.87,1.18
4349,25.01.2011 03:00:00,-4.62,-4.75,-2.93,-0.87,1.18
4350,25.01.2011 04:00:00,-4.56,-4.75,-3,-0.93,1.18,3.444
4351,25.01.2011 05:00:00,-4.56,-4.68,-3,-0.87,1.18
4352,25.01.2011 06:00:00,-4.56,-4.68,-3,-0.93,1.18
4353,25.01.2011 07:00:00,-4.56,-4.68,-3,-0.93,1.18
4354,25.01.2011 08:00:00,-4.56,-4.75,-2.93,-0.93,1.18
4355,25.01.2011 09:00:00,-4.56,-4.75,-2.93,-0.93,1.18
4356,25.01.2011 10:00:00,-4.62,-4.81,-2.93,-0.87,1.18,3.443
4357,25.01.2011 11:00:00,-4.62,-4.81,-3,-0.87,1.18
4358,25.01.2011 12:00:00,-4.62,-4.75,-3,-0.93,1.18
4359,25.01.2011 13:00:00,-4.62,-4.75,-3,-0.87,1.12
4360,25.01.2011 14:00:00,-4.5,-4.62,-3,-0.93,1.12
4361,25.01.2011 15:00:00,-4.43,-4.56,-3,-0.93,1.18
4362,25.01.2011 16:00:00,-4.37,-4.43,-2.93,-0.93,1.18,3.449
4363,25.01.2011 17:00:00,-4.31,-4.37,-3,-0.93,1.12
4364,25.01.2011 18:00:00,-4.25,-4.37,-2.93,-0.87,1.12
4365,25.01.2011 19:00:00,-4.25,-4.31,-2.93,-0.93,1.18
4366,25.01.2011 20:00:00,-4.18,-4.31,-2.93,-0.93,1.18
4367,25.01.2011 21:00:00,-4.25,-4.37,-2.87,-0.93,1.12
4368,25.01.2011 22:00:00,-4.25,-4.37,-2.87,-0.93,1.18,3.446
4369,25.01.2011 23:00:00,-4.31,-4.43,-2.87,-0.93,1.12
4370,26.01.2011 00:00:00,-4.37,-4.5,-2.87,-0.93,1.12
4371,26.01.2011 01:00:00,-4.43,-4.56,-2.87,-0.93,1.12
4372,26.01.2011 02:00:00,-4.43,-4.68,-2.93,-0.93,1.18
4373,26.01.2011 03:00:00,-4.56,-4.75,-2.93,-0.93,1.12
4374,26.01.2011 04:00:00,-4.56,-4.81,-2.93,-0.93,1.12,3.447
4375,26.01.2011 05:00:00,-4.68,-4.93,-2.93,-0.93,1.12
4376,26.01.2011 06:00:00,-4.75,-5,-3,-0.93,1.12
4377,26.01.2011 07:00:00,-4.87,-5.06,-3,-0.93,1.12
4378,26.01.2011 08:00:00,-4.87,-5.12,-3,-0.93,1.12
4379,26.01.2011 09:00:00,-5,-5.25,-3.06,-0.93,1.12
4380,26.01.2011 10:00:00,-5.06,-5.31,-3.06,-0.93,1.12,3.447
4381,26.01.2011 11:00:00,-5.12,-5.37,-3.12,-0.93,1.12
4382,26.01.2011 12:00:00,-5.12,-5.31,-3.12,-0.93,1.12
4383,26.01.2011 13:00:00,-5.06,-5.25,-3.12,-0.93,1.12
4384,26.01.2011 14:00:00,-5,-5.12,-3.12,-0.93,1.12
4385,26.01.2011 15:00:00,-4.93,-5,-3.12,-0.93,1.12
4386,26.01.2011 16:00:00,-4.75,-4.81,-3.18,-0.93,1.12,3.441
4387,26.01.2011 17:00:00,-4.62,-4.68,-3.12,-0.93,1.12
4388,26.01.2011 18:00:00,-4.5,-4.56,-3.12,-0.93,1.12
4389,26.01.2011 19:00:00,-4.43,-4.56,-3.12,-0.93,1.12
4390,26.01.2011 20:00:00,-4.43,-4.56,-3.12,-0.93,1.12
4391,26.01.2011 21:00:00,-4.5,-4.62,-3.06,-0.93,1.12
4392,26.01.2011 22:00:00,-4.5,-4.62,-3.06,-0.93,1.12,3.449
4393,26.01.2011 23:00:00,-4.56,-4.68,-3.06,-0.93,1.12
4394,27.01.2011 00:00:00,-4.62,-4.75,-3.06,-1,1.12
4395,27.01.2011 01:00:00,-4.68,-4.87,-3.06,-1,1.12
4396,27.01.2011 02:00:00,-4.68,-4.87,-3.06,-1,1.12
4397,27.01.2011 03:00:00,-4.75,-4.93,-3.06,-1,1.12
4398,27.01.2011 04:00:00,-4.81,-5.06,-3.12,-1,1.12,3.442
4399,27.01.2011 05:00:00,-4.87,-5.12,-3.12,-1,1.12
4400,27.01.2011 06:00:00,-5,-5.18,-3.12,-1,1.12
4401,27.01.2011 07:00:00,-5.06,-5.25,-3.12,-0.93,1.12
4402,27.01.2011 08:00:00,-5.06,-5.31,-3.18,-1,1.12
4403,27.01.2011 09:00:00,-5.12,-5.37,-3.18,-1,1.12
4404,27.01.2011 10:00:00,-5.18,-5.43,-3.18,-1,1.12,3.444
4405,27.01.2011 11:00:00,-5.18,-5.37,-3.25,-1,1.12
4406,27.01.2011 12:00:00,-5.18,-5.37,-3.25,-1,1.12
4407,27.01.2011 13:00:00,-5.12,-5.25,-3.25,-1,1.12
4408,27.01.2011 14:00:00,-5,-5.12,-3.25,-1,1.12
4409,27.01.2011 15:00:00,-4.87,-4.93,-3.25,-1,1.12
4410,27.01.2011 16:00:00,-4.75,-4.81,-3.25,-1,1.12,3.440
4411,27.01.2011 17:00:00,-4.62,-4.68,-3.18,-1,1.12
4412,27.01.2011 18:00:00,-4.56,-4.62,-3.18,-1,1.06
4413,27.01.2011 19:00:00,-4.5,-4.62,-3.18,-1,1.12
4414,27.01.2011 20:00:00,-4.56,-4.68,-3.18,-1,1.12
4415,27.01.2011 21:00:00,-4.62,-4.75,-3.18,-1,1.12
4416,27.01.2011 22:00:00,-4.68,-4.81,-3.12,-1,1.12,3.443
4417,27.01.2011 23:00:00,-4.75,-4.93,-3.12,-1,1.12
4418,28.01.2011 00:00:00,-4.81,-5,-3.12,-1,1.12
4419,28.01.2011 01:00:00,-4.87,-5.06,-3.18,-1.06,1.06
4420,28.01.2011 02:00:00,-4.93,-5.12,-3.18,-1,1.06
4421,28.01.2011 03:00:00,-5,-5.18,-3.18,-1.06,1.06
4422,28.01.2011 04:00:00,-5,-5.25,-3.18,-1.06,1.06,3.440
4423,28.01.2011 05:00:00,-5.06,-5.25,-3.25,-1,1.06
4424,28.01.2011 06:00:00,-5.06,-5.31,-3.25,-1.06,1.06
4425,28.01.2011 07:00:00,-5.12,-5.37,-3.25,-1.06,1.06
4426,28.01.2011 08:00:00,-5.12,-5.37,-3.25,-1.06,1.06
4427,28.01.2011 09:00:00,-5.18,-5.37,-3.31,-1.06,1.06
4428,28.01.2011 10:00:00,-5.18,-5.43,-3.31,-1.06,1.12,3.443
4429,28.01.2011 11:00:00,-5.18,-5.37,-3.31,-1.06,1.06
4430,28.01.2011 12:00:00,-5.12,-5.31,-3.31,-1.06,1.06
4431,28.01.2011 13:00:00,-5.06,-5.18,-3.31,-1.06,1.06
4432,28.01.2011 14:00:00,-4.93,-5.06,-3.31,-1.06,1.06
4433,28.01.2011 15:00:00,-4.81,-4.87,-3.31,-1.06,1.06
4434,28.01.2011 16:00:00,-4.62,-4.68,-3.31,-1.06,1.06,3.445
4435,28.01.2011 17:00:00,-4.5,-4.56,-3.25,-1.06,1.06
4436,28.01.2011 18:00:00,-4.37,-4.43,-3.25,-1.06,1.06
4437,28.01.2011 19:00:00,-4.31,-4.43,-3.18,-1.06,1.06
4438,28.01.2011 20:00:00,-4.31,-4.5,-3.18,-1.06,1.06
4439,28.01.2011 21:00:00,-4.37,-4.5,-3.12,-1.06,1.06
4440,28.01.2011 22:00:00,-4.43,-4.62,-3.12,-1.06,1.06,3.449
4441,28.01.2011 23:00:00,-4.43,-4.68,-3.12,-1.06,1.06
4442,29.01.2011 00:00:00,-4.56,-4.75,-3.12,-1.12,1.06
4443,29.01.2011 01:00:00,-4.56,-4.81,-3.12,-1.06,1.06
4444,29.01.2011 02:00:00,-4.68,-4.87,-3.12,-1.12,1.06
4445,29.01.2011 03:00:00,-4.68,-4.93,-3.12,-1.06,1.06
4446,29.01.2011 04:00:00,-4.75,-5,-3.18,-1.06,1.06,3.441
4447,29.01.2011 05:00:00,-4.81,-5.06,-3.18,-1.12,1.06
4448,29.01.2011 06:00:00,-4.87,-5.06,-3.18,-1.12,1.06
4449,29.01.2011 07:00:00,-4.93,-5.12,-3.18,-1.06,1.06
4450,29.01.2011 08:00:00,-4.93,-5.12,-3.18,-1.06,1.06
4451,29.01.2011 09:00:00,-4.93,-5.12,-3.18,-1.12,1.06
4452,29.01.2011 10:00:00,-4.93,-5.12,-3.25,-1.12,1.06,3.444
4453,29.01.2011 11:00:00,-4.93,-5.06,-3.25,-1.12,1.06
4454,29.01.2011 12:00:00,-4.87,-5,-3.25,-1.12,1.06
4455,29.01.2011 13:00:00,-4.75,-4.87,-3.25,-1.12,1.06
4456,29.01.2011 14:00:00,-4.62,-4.68,-3.25,-1.12,1.06
4457,29.01.2011 15:00:00,-4.5,-4.5,-3.18,-1.12,1.06
4458,29.01.2011 16:00:00,-4.31,-4.31,-3.18,-1.12,1.06,3.446
4459,29.01.2011 17:00:00,-4.18,-4.18,-3.18,-1.12,1.06
4460,29.01.2011 18:00:00,-4.06,-4.12,-3.12,-1.12,1.06
4461,29.01.2011 19:00:00,-4.06,-4.12,-3.12,-1.12,1.06
4462,29.01.2011 20:00:00,-4,-4.12,-3.06,-1.12,1.06
4463,29.01.2011 21:00:00,-4.06,-4.18,-3.06,-1.12,1.06
4464,29.01.2011 22:00:00,-4.12,-4.31,-3,-1.12,1.06,3.451
4465,29.01.2011 23:00:00,-4.18,-4.37,-3,-1.12,1.06
4466,30.01.2011 00:00:00,-4.25,-4.43,-3,-1.12,1.06
4467,30.01.2011 01:00:00,-4.31,-4.5,-3,-1.12,1.06
4468,30.01.2011 02:00:00,-4.31,-4.56,-3,-1.12,1.06
4469,30.01.2011 03:00:00,-4.37,-4.62,-3,-1.12,1.06
4470,30.01.2011 04:00:00,-4.43,-4.62,-3.06,-1.12,1,3.445
4471,30.01.2011 05:00:00,-4.43,-4.62,-3.06,-1.12,1.06
4472,30.01.2011 06:00:00,-4.5,-4.68,-3.06,-1.12,1.06
4473,30.01.2011 07:00:00,-4.56,-4.68,-3.06,-1.12,1.06
4474,30.01.2011 08:00:00,-4.5,-4.68,-3.06,-1.12,1.06
4475,30.01.2011 09:00:00,-4.56,-4.75,-3.06,-1.12,1.06
4476,30.01.2011 10:00:00,-4.56,-4.75,-3.06,-1.12,1,3.448
4477,30.01.2011 11:00:00,-4.56,-4.75,-3.06,-1.12,1.06
4478,30.01.2011 12:00:00,-4.56,-4.68,-3.12,-1.12,1.06
4479,30.01.2011 13:00:00,-4.43,-4.5,-3.06,-1.12,1
4480,30.01.2011 14:00:00,-4.31,-4.37,-3.06,-1.12,1
4481,30.01.2011 15:00:00,-4.12,-4.12,-3.06,-1.12,1.06
4482,30.01.2011 16:00:00,-4,-4,-3.06,-1.12,1.06,3.445
4483,30.01.2011 17:00:00,-3.87,-3.87,-3,-1.12,1
4484,30.01.2011 18:00:00,-3.75,-3.75,-3,-1.12,1.06
4485,30.01.2011 19:00:00,-3.68,-3.75,-2.93,-1.12,1
4486,30.01.2011 20:00:00,-3.62,-3.68,-2.93,-1.12,1
4487,30.01.2011 21:00:00,-3.62,-3.75,-2.87,-1.12,1
4488,30.01.2011 22:00:00,-3.68,-3.75,-2.87,-1.18,1,3.448
4489,30.01.2011 23:00:00,-3.68,-3.81,-2.81,-1.12,1.06
4490,31.01.2011 00:00:00,-3.68,-3.87,-2.81,-1.12,1
4491,31.01.2011 01:00:00,-3.81,-3.93,-2.81,-1.12,1
4492,31.01.2011 02:00:00,-3.87,-4.06,-2.81,-1.12,1
4493,31.01.2011 03:00:00,-3.93,-4.12,-2.81,-1.18,1
4494,31.01.2011 04:00:00,-4,-4.18,-2.81,-1.12,1,3.449
4495,31.01.2011 05:00:00,-4.06,-4.25,-2.81,-1.12,1
4496,31.01.2011 06:00:00,-4.06,-4.31,-2.81,-1.12,1
4497,31.01.2011 07:00:00,-4.12,-4.31,-2.81,-1.18,1
4498,31.01.2011 08:00:00,-4.12,-4.31,-2.87,-1.12,1
4499,31.01.2011 09:00:00,-4.12,-4.25,-2.87,-1.12,1
4500,31.01.2011 10:00:00,-4.12,-4.25,-2.87,-1.12,1,3.446
4501,31.01.2011 11:00:00,-4.12,-4.18,-2.87,-1.12,1
4502,31.01.2011 12:00:00,-4.06,-4.12,-2.87,-1.12,1
4503,31.01.2011 13:00:00,-3.93,-4,-2.87,-1.12,1
4504,31.01.2011 14:00:00,-3.87,-3.93,-2.87,-1.12,1
4505,31.01.2011 15:00:00,-3.75,-3.81,-2.81,-1.12,1
4506,31.01.2011 16:00:00,-3.62,-3.68,-2.81,-1.12,1,3.448
4507,31.01.2011 17:00:00,-3.56,-3.56,-2.81,-1.12,1
4508,31.01.2011 18:00:00,-3.5,-3.5,-2.75,-1.12,1
4509,31.01.2011 19:00:00,-3.43,-3.43,-2.75,-1.12,1
4510,31.01.2011 20:00:00,-3.37,-3.43,-2.68,-1.12,1
4511,31.01.2011 21:00:00,-3.37,-3.37,-2.68,-1.12,1
4512,31.01.2011 22:00:00,-3.31,-3.37,-2.68,-1.12,1,3.457
4513,31.01.2011 23:00:00,-3.31,-3.37,-2.62,-1.12,1
4514,01.02.2011 00:00:00,-3.31,-3.37,-2.62,-1.12,1
4515,01.02.2011 01:00:00,-3.31,-3.43,-2.62,-1.12,1
4516,01.02.2011 02:00:00,-3.31,-3.43,-2.56,-1.12,1
4517,01.02.2011 03:00:00,-3.37,-3.43,-2.56,-1.12,1
4518,01.02.2011 04:00:00,-3.37,-3.5,-2.56,-1.12,1,3.455
4519,01.02.2011 05:00:00,-3.43,-3.5,-2.56,-1.12,1
4520,01.02.2011 06:00:00,-3.43,-3.56,-2.56,-1.12,1
4521,01.02.2011 07:00:00,-3.5,-3.56,-2.56,-1.12,1
4522,01.02.2011 08:00:00,-3.5,-3.56,-2.56,-1.12,1
4523,01.02.2011 09:00:00,-3.5,-3.62,-2.56,-1.12,1
4524,01.02.2011 10:00:00,-3.56,-3.62,-2.56,-1.12,1,3.451
4525,01.02.2011 11:00:00,-3.56,-3.62,-2.56,-1.12,1
4526,01.02.2011 12:00:00,-3.5,-3.62,-2.56,-1.12,1
4527,01.02.2011 13:00:00,-3.43,-3.5,-2.56,-1.12,1
4528,01.02.2011 14:00:00,-3.31,-3.43,-2.56,-1.12,1
4529,01.02.2011 15:00:00,-3.25,-3.25,-2.56,-1.12,1
4530,01.02.2011 16:00:00,-3.12,-3.18,-2.5,-1.12,1,3.454
4531,01.02.2011 17:00:00,-3.06,-3.12,-2.5,-1.12,1
4532,01.02.2011 18:00:00,-3.06,-3.06,-2.5,-1.12,0.93
4533,01.02.2011 19:00:00,-3,-3.06,-2.43,-1.12,1
4534,01.02.2011 20:00:00,-3,-3,-2.43,-1.12,1
4535,01.02.2011 21:00:00,-2.93,-3,-2.43,-1.12,0.93
4536,01.02.2011 22:00:00,-2.93,-3,-2.37,-1.06,1,3.454
4537,01.02.2011 23:00:00,-3,-3,-2.37,-1.12,1
4538,02.02.2011 00:00:00,-2.93,-3,-2.37,-1.06,0.93
4539,02.02.2011 01:00:00,-2.93,-3.06,-2.37,-1.12,1
4540,02.02.2011 02:00:00,-2.93,-3,-2.37,-1.06,1
4541,02.02.2011 03:00:00,-2.93,-3,-2.37,-1.06,1
4542,02.02.2011 04:00:00,-3,-3,-2.31,-1.06,0.93,3.455
4543,02.02.2011 05:00:00,-3,-3.06,-2.31,-1.12,0.93
4544,02.02.2011 06:00:00,-3,-3.06,-2.31,-1.06,0.93
4545,02.02.2011 07:00:00,-2.93,-3,-2.31,-1.06,0.93
4546,02.02.2011 08:00:00,-2.93,-3.06,-2.31,-1.12,1
4547,02.02.2011 09:00:00,-2.93,-3.06,-2.31,-1.06,0.93
4548,02.02.2011 10:00:00,-3,-3.06,-2.31,-1.06,0.93,3.459
4549,02.02.2011 11:00:00,-3,-3.06,-2.25,-1.06,0.93
4550,02.02.2011 12:00:00,-3,-3,-2.31,-1.06,0.93
4551,02.02.2011 13:00:00,-2.87,-2.93,-2.25,-1.06,0.93
4552,02.02.2011 14:00:00,-2.81,-2.81,-2.31,-1.06,0.93
4553,02.02.2011 15:00:00,-2.75,-2.75,-2.25,-1.06,0.93
4554,02.02.2011 16:00:00,-2.68,-2.68,-2.25,-1.06,0.93,3.457
4555,02.02.2011 17:00:00,-2.62,-2.62,-2.18,-1.06,0.93
4556,02.02.2011 18:00:00,-2.56,-2.5,-2.18,-1.06,0.93
4557,02.02.2011 19:00:00,-2.5,-2.5,-2.18,-1.06,0.93
4558,02.02.2011 20:00:00,-2.43,-2.43,-2.18,-1.06,0.93
4559,02.02.2011 21:00:00,-2.43,-2.43,-2.12,-1.06,0.93
4560,02.02.2011 22:00:00,-2.37,-2.43,-2.12,-1.06,0.93,3.464
4561,02.02.2011 23:00:00,-2.37,-2.43,-2.12,-1.06,0.93
4562,03.02.2011 00:00:00,-2.37,-2.43,-2.06,-1.06,0.93
4563,03.02.2011 01:00:00,-2.43,-2.5,-2.06,-1.06,0.93
4564,03.02.2011 02:00:00,-2.43,-2.5,-2.06,-1.06,0.93
4565,03.02.2011 03:00:00,-2.5,-2.56,-2.06,-1.06,0.93
4566,03.02.2011 04:00:00,-2.5,-2.56,-2.06,-1.06,0.93,3.465
4567,03.02.2011 05:00:00,-2.5,-2.56,-2.06,-1,0.93
4568,03.02.2011 06:00:00,-2.56,-2.62,-2.06,-1.06,0.93
4569,03.02.2011 07:00:00,-2.56,-2.68,-2.06,-1.06,0.93
4570,03.02.2011 08:00:00,-2.62,-2.75,-2.06,-1.06,0.93
4571,03.02.2011 09:00:00,-2.62,-2.75,-2.06,-1.06,0.93
4572,03.02.2011 10:00:00,-2.68,-2.81,-2.06,-1.06,0.93,3.458
4573,03.02.2011 11:00:00,-2.75,-2.81,-2.06,-1,0.93
4574,03.02.2011 12:00:00,-2.75,-2.81,-2.06,-1,0.93
4575,03.02.2011 13:00:00,-2.75,-2.75,-2.06,-1,0.93
4576,03.02.2011 14:00:00,-2.75,-2.75,-2.06,-1,0.93
4577,03.02.2011 15:00:00,-2.68,-2.68,-2.06,-1,0.93
4578,03.02.2011 16:00:00,-2.62,-2.62,-2.06,-1,0.93,3.463
4579,03.02.2011 17:00:00,-2.56,-2.56,-2.06,-1,0.93
4580,03.02.2011 18:00:00,-2.5,-2.5,-2.06,-1,0.93
4581,03.02.2011 19:00:00,-2.43,-2.43,-2,-1,0.93
4582,03.02.2011 20:00:00,-2.43,-2.43,-2.06,-1,0.93
4583,03.02.2011 21:00:00,-2.43,-2.43,-2,-1,0.93
4584,03.02.2011 22:00:00,-2.37,-2.43,-2,-1,0.93,3.459
4585,03.02.2011 23:00:00,-2.43,-2.43,-2,-1,0.93
4586,04.02.2011 00:00:00,-2.43,-2.5,-2,-1,0.93
4587,04.02.2011 01:00:00,-2.43,-2.5,-2,-1,0.93
4588,04.02.2011 02:00:00,-2.43,-2.56,-2,-1,0.93
4589,04.02.2011 03:00:00,-2.5,-2.62,-2,-1,0.93
4590,04.02.2011 04:00:00,-2.56,-2.68,-2,-1,0.93,3.463
4591,04.02.2011 05:00:00,-2.56,-2.68,-2,-1,0.93
4592,04.02.2011 06:00:00,-2.62,-2.75,-2,-1,0.87
4593,04.02.2011 07:00:00,-2.68,-2.81,-2,-1,0.93
4594,04.02.2011 08:00:00,-2.75,-2.87,-2,-1,0.93
4595,04.02.2011 09:00:00,-2.75,-2.87,-2,-1,0.93
4596,04.02.2011 10:00:00,-2.81,-2.93,-2.06,-1,0.87,3.457
4597,04.02.2011 11:00:00,-2.81,-2.93,-2,-1,0.93
4598,04.02.2011 12:00:00,-2.81,-2.93,-2.06,-1,0.87
4599,04.02.2011 13:00:00,-2.81,-2.87,-2.06,-1,0.87
4600,04.02.2011 14:00:00,-2.75,-2.81,-2.06,-1,0.87
4601,04.02.2011 15:00:00,-2.68,-2.68,-2.06,-1,0.87
4602,04.02.2011 16:00:00,-2.62,-2.62,-2.06,-0.93,0.93,3.457
4603,04.02.2011 17:00:00,-2.5,-2.5,-2.06,-1,0.93
4604,04.02.2011 18:00:00,-2.43,-2.43,-2,-0.93,0.87
4605,04.02.2011 19:00:00,-2.37,-2.43,-2,-1,0.87
4606,04.02.2011 20:00:00,-2.31,-2.37,-2,-0.93,0.93
4607,04.02.2011 21:00:00,-2.31,-2.37,-2,-0.93,0.87
4608,04.02.2011 22:00:00,-2.31,-2.37,-1.93,-0.93,0.87,3.460
4609,04.02.2011 23:00:00,-2.31,-2.37,-1.93,-0.93,0.87
4610,05.02.2011 00:00:00,-2.37,-2.43,-1.93,-0.93,0.87
4611,05.02.2011 01:00:00,-2.37,-2.43,-1.93,-1,0.87
4612,05.02.2011 02:00:00,-2.43,-2.43,-1.93,-1,0.87
4613,05.02.2011 03:00:00,-2.43,-2.5,-1.93,-1,0.87
4614,05.02.2011 04:00:00,-2.43,-2.5,-1.93,-1,0.87,3.463
4615,05.02.2011 05:00:00,-2.43,-2.5,-1.93,-1,0.87
4616,05.02.2011 06:00:00,-2.43,-2.5,-1.93,-1,0.87
4617,05.02.2011 07:00:00,-2.43,-2.5,-1.93,-0.93,0.87
4618,05.02.2011 08:00:00,-2.43,-2.5,-1.93,-1,0.87
4619,05.02.2011 09:00:00,-2.43,-2.5,-1.87,-1,0.87
4620,05.02.2011 10:00:00,-2.43,-2.5,-1.93,-0.93,0.87,3.462
4621,05.02.2011 11:00:00,-2.43,-2.5,-1.93,-0.93,0.87
4622,05.02.2011 12:00:00,-2.43,-2.5,-1.87,-0.93,0.87
4623,05.02.2011 13:00:00,-2.43,-2.43,-1.93,-1,0.87
4624,05.02.2011 14:00:00,-2.37,-2.43,-1.93,-0.93,0.87
4625,05.02.2011 15:00:00,-2.37,-2.37,-1.87,-1,0.87
4626,05.02.2011 16:00:00,-2.31,-2.37,-1.87,-0.93,0.93,3.463
4627,05.02.2011 17:00:00,-2.31,-2.31,-1.87,-1,0.87
4628,05.02.2011 18:00:00,-2.31,-2.31,-1.87,-0.93,0.87
4629,05.02.2011 19:00:00,-2.25,-2.25,-1.87,-0.93,0.87
4630,05.02.2011 20:00:00,-2.18,-2.25,-1.87,-0.93,0.87
4631,05.02.2011 21:00:00,-2.18,-2.18,-1.81,-0.93,0.87
4632,05.02.2011 22:00:00,-2.18,-2.25,-1.81,-0.93,0.87,3.460
4633,05.02.2011 23:00:00,-2.18,-2.25,-1.81,-0.93,0.87
4634,06.02.2011 00:00:00,-2.18,-2.25,-1.81,-0.93,0.87
4635,06.02.2011 01:00:00,-2.18,-2.25,-1.81,-0.93,0.87
4636,06.02.2011 02:00:00,-2.25,-2.25,-1.81,-0.93,0.87
4637,06.02.2011 03:00:00,-2.25,-2.31,-1.81,-0.93,0.87
4638,06.02.2011 04:00:00,-2.25,-2.31,-1.81,-0.93,0.87,3.465
4639,06.02.2011 05:00:00,-2.25,-2.31,-1.81,-0.93,0.87
4640,06.02.2011 06:00:00,-2.31,-2.31,-1.81,-0.93,0.87
4641,06.02.2011 07:00:00,-2.31,-2.37,-1.81,-0.93,0.87
4642,06.02.2011 08:00:00,-2.37,-2.43,-1.81,-0.93,0.87
4643,06.02.2011 09:00:00,-2.37,-2.43,-1.81,-0.93,0.87
4644,06.02.2011 10:00:00,-2.43,-2.43,-1.81,-0.93,0.87,3.463
4645,06.02.2011 11:00:00,-2.43,-2.5,-1.81,-0.93,0.87
4646,06.02.2011 12:00:00,-2.43,-2.5,-1.81,-0.93,0.87
4647,06.02.2011 13:00:00,-2.43,-2.5,-1.81,-0.93,0.87
4648,06.02.2011 14:00:00,-2.43,-2.5,-1.81,-0.93,0.87
4649,06.02.2011 15:00:00,-2.37,-2.43,-1.81,-0.93,0.87
4650,06.02.2011 16:00:00,-2.37,-2.37,-1.81,-0.93,0.87,3.464
4651,06.02.2011 17:00:00,-2.31,-2.31,-1.81,-0.93,0.87
4652,06.02.2011 18:00:00,-2.25,-2.31,-1.81,-0.93,0.87
4653,06.02.2011 19:00:00,-2.18,-2.25,-1.81,-0.93,0.87
4654,06.02.2011 20:00:00,-2.18,-2.18,-1.81,-0.93,0.87
4655,06.02.2011 21:00:00,-2.18,-2.18,-1.81,-0.93,0.87
4656,06.02.2011 22:00:00,-2.12,-2.18,-1.75,-0.93,0.87,3.464
4657,06.02.2011 23:00:00,-2.12,-2.18,-1.75,-0.93,0.87
4658,07.02.2011 00:00:00,-2.12,-2.18,-1.75,-0.93,0.87
4659,07.02.2011 01:00:00,-2.12,-2.18,-1.75,-0.93,0.87
4660,07.02.2011 02:00:00,-2.18,-2.18,-1.75,-0.93,0.81
4661,07.02.2011 03:00:00,-2.18,-2.18,-1.75,-0.93,0.87
4662,07.02.2011 04:00:00,-2.18,-2.25,-1.75,-0.93,0.87,3.467
4663,07.02.2011 05:00:00,-2.18,-2.25,-1.75,-0.93,0.87
4664,07.02.2011 06:00:00,-2.18,-2.25,-1.75,-0.93,0.81
4665,07.02.2011 07:00:00,-2.18,-2.25,-1.75,-0.93,0.87
4666,07.02.2011 08:00:00,-2.18,-2.25,-1.75,-0.93,0.81
4667,07.02.2011 09:00:00,-2.18,-2.25,-1.75,-0.87,0.87
4668,07.02.2011 10:00:00,-2.18,-2.25,-1.75,-0.93,0.87,3.460
4669,07.02.2011 11:00:00,-2.25,-2.25,-1.75,-0.93,0.87
4670,07.02.2011 12:00:00,-2.18,-2.25,-1.75,-0.93,0.87
4671,07.02.2011 13:00:00,-2.18,-2.25,-1.75,-0.93,0.87
4672,07.02.2011 14:00:00,-2.18,-2.25,-1.68,-0.93,0.81
4673,07.02.2011 15:00:00,-2.18,-2.25,-1.75,-0.87,0.87
4674,07.02.2011 16:00:00,-2.18,-2.18,-1.75,-0.87,0.87,3.462
4675,07.02.2011 17:00:00,-2.12,-2.18,-1.68,-0.87,0.87
4676,07.02.2011 18:00:00,-2.12,-2.12,-1.75,-0.87,0.87
4677,07.02.2011 19:00:00,-2.12,-2.12,-1.68,-0.87,0.87
4678,07.02.2011 20:00:00,-2.06,-2.12,-1.68,-0.93,0.81
4679,07.02.2011 21:00:00,-2.12,-2.12,-1.68,-0.87,0.81
4680,07.02.2011 22:00:00,-2.12,-2.12,-1.68,-0.93,0.81,3.462
4681,07.02.2011 23:00:00,-2.06,-2.12,-1.68,-0.87,0.81
4682,08.02.2011 00:00:00,-2.06,-2.12,-1.68,-0.87,0.81
4683,08.02.2011 01:00:00,-2.12,-2.12,-1.68,-0.87,0.87
4684,08.02.2011 02:00:00,-2.12,-2.12,-1.68,-0.87,0.81
4685,08.02.2011 03:00:00,-2.12,-2.12,-1.68,-0.87,0.81
4686,08.02.2011 04:00:00,-2.12,-2.12,-1.68,-0.87,0.87,3.465
4687,08.02.2011 05:00:00,-2.12,-2.18,-1.68,-0.87,0.81
4688,08.02.2011 06:00:00,-2.12,-2.18,-1.62,-0.87,0.81
4689,08.02.2011 07:00:00,-2.12,-2.18,-1.68,-0.93,0.81
4690,08.02.2011 08:00:00,-2.18,-2.18,-1.68,-0.87,0.81
4691,08.02.2011 09:00:00,-2.18,-2.25,-1.68,-0.87,0.81
4692,08.02.2011 10:00:00,-2.18,-2.25,-1.68,-0.87,0.81,3.460
4693,08.02.2011 11:00:00,-2.25,-2.31,-1.68,-0.87,0.81
4694,08.02.2011 12:00:00,-2.25,-2.31,-1.68,-0.87,0.81
4695,08.02.2011 13:00:00,-2.25,-2.31,-1.68,-0.87,0.81
4696,08.02.2011 14:00:00,-2.25,-2.31,-1.68,-0.87,0.81
4697,08.02.2011 15:00:00,-2.25,-2.31,-1.68,-0.87,0.81
4698,08.02.2011 16:00:00,-2.25,-2.25,-1.68,-0.87,0.81,3.466
4699,08.02.2011 17:00:00,-2.18,-2.25,-1.68,-0.87,0.81
4700,08.02.2011 18:00:00,-2.18,-2.18,-1.68,-0.87,0.81
4701,08.02.2011 19:00:00,-2.18,-2.18,-1.68,-0.87,0.81
4702,08.02.2011 20:00:00,-2.12,-2.12,-1.68,-0.87,0.81
4703,08.02.2011 21:00:00,-2.12,-2.12,-1.68,-0.87,0.81
4704,08.02.2011 22:00:00,-2.12,-2.12,-1.68,-0.87,0.81,3.464
4705,08.02.2011 23:00:00,-2.12,-2.12,-1.68,-0.87,0.81
4706,09.02.2011 00:00:00,-2.12,-2.12,-1.68,-0.87,0.81
4707,09.02.2011 01:00:00,-2.12,-2.18,-1.68,-0.87,0.81
4708,09.02.2011 02:00:00,-2.12,-2.18,-1.68,-0.87,0.81
4709,09.02.2011 03:00:00,-2.12,-2.18,-1.68,-0.87,0.81
4710,09.02.2011 04:00:00,-2.12,-2.18,-1.68,-0.87,0.81,3.462
4711,09.02.2011 05:00:00,-2.18,-2.25,-1.62,-0.87,0.81
4712,09.02.2011 06:00:00,-2.18,-2.25,-1.68,-0.87,0.81
4713,09.02.2011 07:00:00,-2.18,-2.25,-1.68,-0.87,0.81
4714,09.02.2011 08:00:00,-2.18,-2.25,-1.68,-0.87,0.81
4715,09.02.2011 09:00:00,-2.25,-2.31,-1.68,-0.87,0.81
4716,09.02.2011 10:00:00,-2.25,-2.31,-1.68,-0.87,0.81,3.462
4717,09.02.2011 11:00:00,-2.25,-2.31,-1.68,-0.87,0.81
4718,09.02.2011 12:00:00,-2.25,-2.31,-1.68,-0.87,0.81
4719,09.02.2011 13:00:00,-2.25,-2.31,-1.68,-0.87,0.81
4720,09.02.2011 14:00:00,-2.25,-2.31,-1.68,-0.87,0.81
4721,09.02.2011 15:00:00,-2.25,-2.25,-1.68,-0.87,0.81
4722,09.02.2011 16:00:00,-2.18,-2.25,-1.68,-0.87,0.81,3.460
4723,09.02.2011 17:00:00,-2.18,-2.18,-1.68,-0.87,0.81
4724,09.02.2011 18:00:00,-2.18,-2.18,-1.68,-0.87,0.81
4725,09.02.2011 19:00:00,-2.12,-2.18,-1.68,-0.87,0.81
4726,09.02.2011 20:00:00,-2.12,-2.12,-1.68,-0.87,0.81
4727,09.02.2011 21:00:00,-2.06,-2.12,-1.68,-0.87,0.81
4728,09.02.2011 22:00:00,-2.12,-2.12,-1.62,-0.87,0.81,3.461
4729,09.02.2011 23:00:00,-2.12,-2.12,-1.68,-0.87,0.81
4730,10.02.2011 00:00:00,-2.06,-2.12,-1.68,-0.87,0.81
4731,10.02.2011 01:00:00,-2.06,-2.12,-1.62,-0.87,0.81
4732,10.02.2011 02:00:00,-2.12,-2.18,-1.62,-0.87,0.81
4733,10.02.2011 03:00:00,-2.18,-2.25,-1.62,-0.87,0.81
4734,10.02.2011 04:00:00,-2.25,-2.25,-1.62,-0.87,0.81,3.467
4735,10.02.2011 05:00:00,-2.25,-2.31,-1.62,-0.87,0.81
4736,10.02.2011 06:00:00,-2.31,-2.37,-1.68,-0.87,0.81
4737,10.02.2011 07:00:00,-2.31,-2.37,-1.68,-0.87,0.81
4738,10.02.2011 08:00:00,-2.37,-2.43,-1.68,-0.87,0.81
4739,10.02.2011 09:00:00,-2.37,-2.43,-1.68,-0.87,0.81
4740,10.02.2011 10:00:00,-2.37,-2.5,-1.68,-0.87,0.81,3.461
4741,10.02.2011 11:00:00,-2.43,-2.5,-1.68,-0.87,0.81
4742,10.02.2011 12:00:00,-2.5,-2.5,-1.68,-0.87,0.81
4743,10.02.2011 13:00:00,-2.43,-2.5,-1.68,-0.87,0.81
4744,10.02.2011 14:00:00,-2.43,-2.5,-1.75,-0.87,0.81
4745,10.02.2011 15:00:00,-2.43,-2.5,-1.75,-0.87,0.81
4746,10.02.2011 16:00:00,-2.43,-2.43,-1.75,-0.87,0.81,3.464
4747,10.02.2011 17:00:00,-2.37,-2.43,-1.75,-0.87,0.81
4748,10.02.2011 18:00:00,-2.37,-2.37,-1.75,-0.87,0.81
4749,10.02.2011 19:00:00,-2.31,-2.37,-1.68,-0.87,0.81
4750,10.02.2011 20:00:00,-2.31,-2.31,-1.75,-0.87,0.81
4751,10.02.2011 21:00:00,-2.31,-2.37,-1.68,-0.87,0.81
4752,10.02.2011 22:00:00,-2.31,-2.37,-1.75,-0.87,0.81,3.467
4753,10.02.2011 23:00:00,-2.37,-2.43,-1.68,-0.87,0.81
4754,11.02.2011 00:00:00,-2.43,-2.5,-1.75,-0.87,0.81
4755,11.02.2011 01:00:00,-2.5,-2.56,-1.75,-0.87,0.81
4756,11.02.2011 02:00:00,-2.56,-2.62,-1.75,-0.87,0.81
4757,11.02.2011 03:00:00,-2.62,-2.68,-1.75,-0.87,0.81
4758,11.02.2011 04:00:00,-2.68,-2.81,-1.75,-0.87,0.81,3.459
4759,11.02.2011 05:00:00,-2.75,-2.87,-1.75,-0.87,0.75
4760,11.02.2011 06:00:00,-2.81,-2.93,-1.81,-0.87,0.75
4761,11.02.2011 07:00:00,-2.87,-3,-1.81,-0.87,0.81
4762,11.02.2011 08:00:00,-3,-3.06,-1.81,-0.87,0.75
4763,11.02.2011 09:00:00,-3,-3.12,-1.87,-0.87,0.75
4764,11.02.2011 10:00:00,-3.06,-3.18,-1.87,-0.87,0.81,3.460
4765,11.02.2011 11:00:00,-3.12,-3.25,-1.87,-0.87,0.75
4766,11.02.2011 12:00:00,-3.12,-3.25,-1.93,-0.87,0.81
4767,11.02.2011 13:00:00,-3.12,-3.25,-1.93,-0.87,0.75
4768,11.02.2011 14:00:00,-3.12,-3.25,-1.93,-0.87,0.81
4769,11.02.2011 15:00:00,-3.12,-3.18,-1.93,-0.87,0.81
4770,11.02.2011 16:00:00,-3.06,-3.12,-2,-0.87,0.75,3.454
4771,11.02.2011 17:00:00,-2.93,-3.06,-2,-0.87,0.81
4772,11.02.2011 18:00:00,-2.87,-3,-2,-0.87,0.81
4773,11.02.2011 19:00:00,-2.81,-2.87,-2,-0.87,0.81
4774,11.02.2011 20:00:00,-2.81,-2.87,-2,-0.87,0.81
4775,11.02.2011 21:00:00,-2.81,-2.81,-2,-0.87,0.81
4776,11.02.2011 22:00:00,-2.75,-2.81,-2,-0.87,0.75,3.462
4777,11.02.2011 23:00:00,-2.75,-2.81,-1.93,-0.87,0.75
4778,12.02.2011 00:00:00,-2.75,-2.81,-1.93,-0.87,0.75
4779,12.02.2011 01:00:00,-2.75,-2.87,-1.93,-0.87,0.75
4780,12.02.2011 02:00:00,-2.81,-2.87,-1.93,-0.87,0.81
4781,12.02.2011 03:00:00,-2.81,-2.93,-1.93,-0.93,0.75
4782,12.02.2011 04:00:00,-2.87,-2.93,-1.93,-0.87,0.75,3.455
4783,12.02.2011 05:00:00,-2.87,-2.93,-2,-0.87,0.75
4784,12.02.2011 06:00:00,-2.87,-2.93,-1.93,-0.87,0.75
4785,12.02.2011 07:00:00,-2.87,-3,-1.93,-0.87,0.75
4786,12.02.2011 08:00:00,-2.93,-3,-1.93,-0.87,0.75
4787,12.02.2011 09:00:00,-2.93,-3,-2,-0.87,0.75
4788,12.02.2011 10:00:00,-2.93,-3.06,-2,-0.87,0.75,3.456
4789,12.02.2011 11:00:00,-3,-3.06,-2,-0.87,0.75
4790,12.02.2011 12:00:00,-3,-3.06,-2,-0.87,0.75
4791,12.02.2011 13:00:00,-2.93,-3,-2,-0.87,0.75
4792,12.02.2011 14:00:00,-2.93,-2.93,-2,-0.87,0.75
4793,12.02.2011 15:00:00,-2.87,-2.87,-2,-0.87,0.75
4794,12.02.2011 16:00:00,-2.81,-2.81,-2,-0.93,0.75,3.455
4795,12.02.2011 17:00:00,-2.68,-2.75,-2,-0.87,0.75
4796,12.02.2011 18:00:00,-2.62,-2.62,-2,-0.93,0.75
4797,12.02.2011 19:00:00,-2.56,-2.56,-1.93,-0.93,0.75
4798,12.02.2011 20:00:00,-2.5,-2.5,-1.93,-0.93,0.75
4799,12.02.2011 21:00:00,-2.5,-2.5,-1.93,-0.93,0.75
4800,12.02.2011 22:00:00,-2.43,-2.5,-1.93,-0.93,0.75,3.462
4801,12.02.2011 23:00:00,-2.43,-2.43,-1.93,-0.93,0.75
4802,13.02.2011 00:00:00,-2.43,-2.43,-1.87,-0.93,0.75
4803,13.02.2011 01:00:00,-2.43,-2.5,-1.87,-0.87,0.75
4804,13.02.2011 02:00:00,-2.43,-2.5,-1.87,-0.93,0.75
4805,13.02.2011 03:00:00,-2.43,-2.5,-1.87,-0.93,0.81
4806,13.02.2011 04:00:00,-2.5,-2.5,-1.87,-0.93,0.75,3.463
4807,13.02.2011 05:00:00,-2.5,-2.56,-1.87,-0.93,0.75
4808,13.02.2011 06:00:00,-2.5,-2.56,-1.87,-0.93,0.75
4809,13.02.2011 07:00:00,-2.56,-2.56,-1.81,-0.93,0.75
4810,13.02.2011 08:00:00,-2.5,-2.56,-1.87,-0.87,0.75
4811,13.02.2011 09:00:00,-2.56,-2.56,-1.87,-0.93,0.75
4812,13.02.2011 10:00:00,-2.56,-2.56,-1.87,-0.93,0.75,3.462
4813,13.02.2011 11:00:00,-2.56,-2.56,-1.87,-0.87,0.75
4814,13.02.2011 12:00:00,-2.56,-2.56,-1.87,-0.87,0.75
4815,13.02.2011 13:00:00,-2.5,-2.56,-1.87,-0.93,0.75
4816,13.02.2011 14:00:00,-2.5,-2.5,-1.87,-0.93,0.75
4817,13.02.2011 15:00:00,-2.43,-2.43,-1.87,-0.93,0.75
4818,13.02.2011 16:00:00,-2.37,-2.31,-1.87,-0.93,0.75,3.459
4819,13.02.2011 17:00:00,-2.31,-2.31,-1.81,-0.93,0.75
4820,13.02.2011 18:00:00,-2.25,-2.25,-1.81,-0.93,0.75
4821,13.02.2011 19:00:00,-2.18,-2.18,-1.81,-0.93,0.75
4822,13.02.2011 20:00:00,-2.12,-2.12,-1.81,-0.93,0.75
4823,13.02.2011 21:00:00,-2.12,-2.12,-1.75,-0.93,0.75
4824,13.02.2011 22:00:00,-2.06,-2.12,-1.75,-0.93,0.75,3.465
4825,13.02.2011 23:00:00,-2.12,-2.12,-1.75,-0.93,0.75
4826,14.02.2011 00:00:00,-2.06,-2.12,-1.75,-0.93,0.75
4827,14.02.2011 01:00:00,-2.12,-2.12,-1.75,-0.93,0.75
4828,14.02.2011 02:00:00,-2.12,-2.12,-1.75,-0.93,0.75
4829,14.02.2011 03:00:00,-2.12,-2.12,-1.75,-0.93,0.75
4830,14.02.2011 04:00:00,-2.12,-2.18,-1.68,-0.93,0.75,3.464
4831,14.02.2011 05:00:00,-2.18,-2.18,-1.68,-0.93,0.75
4832,14.02.2011 06:00:00,-2.12,-2.18,-1.68,-0.93,0.75
4833,14.02.2011 07:00:00,-2.18,-2.18,-1.68,-0.87,0.75
4834,14.02.2011 08:00:00,-2.18,-2.18,-1.68,-0.93,0.75
4835,14.02.2011 09:00:00,-2.18,-2.18,-1.68,-0.87,0.75
4836,14.02.2011 10:00:00,-2.18,-2.18,-1.68,-0.93,0.75,3.466
4837,14.02.2011 11:00:00,-2.18,-2.25,-1.68,-0.93,0.75
4838,14.02.2011 12:00:00,-2.18,-2.18,-1.68,-0.93,0.75
4839,14.02.2011 13:00:00,-2.18,-2.25,-1.68,-0.87,0.75
4840,14.02.2011 14:00:00,-2.18,-2.18,-1.68,-0.93,0.75
4841,14.02.2011 15:00:00,-2.12,-2.18,-1.68,-0.87,0.75
4842,14.02.2011 16:00:00,-2.12,-2.18,-1.68,-0.93,0.75,3.464
4843,14.02.2011 17:00:00,-2.06,-2.12,-1.68,-0.87,0.75
4844,14.02.2011 18:00:00,-2.06,-2.06,-1.68,-0.87,0.75
4845,14.02.2011 19:00:00,-2,-2.06,-1.68,-0.87,0.75
4846,14.02.2011 20:00:00,-2,-2,-1.68,-0.87,0.75
4847,14.02.2011 21:00:00,-2,-2,-1.62,-0.87,0.75
4848,14.02.2011 22:00:00,-2,-2,-1.62,-0.87,0.75,3.467
4849,14.02.2011 23:00:00,-2,-2,-1.62,-0.87,0.75
4850,15.02.2011 00:00:00,-2,-2,-1.62,-0.93,0.75
4851,15.02.2011 01:00:00,-2,-2.06,-1.62,-0.87,0.75
4852,15.02.2011 02:00:00,-2.06,-2.06,-1.62,-0.87,0.75
4853,15.02.2011 03:00:00,-2.12,-2.12,-1.62,-0.93,0.75
4854,15.02.2011 04:00:00,-2.12,-2.12,-1.62,-0.87,0.75,3.461
4855,15.02.2011 05:00:00,-2.18,-2.18,-1.62,-0.87,0.75
4856,15.02.2011 06:00:00,-2.18,-2.25,-1.62,-0.87,0.75
4857,15.02.2011 07:00:00,-2.25,-2.31,-1.62,-0.87,0.75
4858,15.02.2011 08:00:00,-2.31,-2.31,-1.62,-0.87,0.75
4859,15.02.2011 09:00:00,-2.31,-2.37,-1.62,-0.87,0.75
4860,15.02.2011 10:00:00,-2.37,-2.43,-1.62,-0.87,0.75,3.461
4861,15.02.2011 11:00:00,-2.43,-2.5,-1.68,-0.87,0.75
4862,15.02.2011 12:00:00,-2.43,-2.5,-1.68,-0.87,0.75
4863,15.02.2011 13:00:00,-2.5,-2.5,-1.68,-0.87,0.68
4864,15.02.2011 14:00:00,-2.5,-2.5,-1.68,-0.87,0.68
4865,15.02.2011 15:00:00,-2.5,-2.5,-1.68,-0.87,0.75
4866,15.02.2011 16:00:00,-2.43,-2.43,-1.68,-0.87,0.68,3.462
4867,15.02.2011 17:00:00,-2.43,-2.43,-1.68,-0.87,0.68
4868,15.02.2011 18:00:00,-2.37,-2.37,-1.68,-0.87,0.68
4869,15.02.2011 19:00:00,-2.31,-2.31,-1.68,-0.87,0.68
4870,15.02.2011 20:00:00,-2.31,-2.31,-1.68,-0.87,0.68
4871,15.02.2011 21:00:00,-2.31,-2.31,-1.68,-0.87,0.68
4872,15.02.2011 22:00:00,-2.25,-2.31,-1.68,-0.87,0.68,3.460
4873,15.02.2011 23:00:00,-2.31,-2.31,-1.68,-0.87,0.68
4874,16.02.2011 00:00:00,-2.31,-2.31,-1.68,-0.87,0.68
4875,16.02.2011 01:00:00,-2.31,-2.31,-1.68,-0.87,0.68
4876,16.02.2011 02:00:00,-2.37,-2.37,-1.68,-0.87,0.68
4877,16.02.2011 03:00:00,-2.43,-2.43,-1.68,-0.87,0.68
4878,16.02.2011 04:00:00,-2.43,-2.43,-1.68,-0.87,0.68,3.458
4879,16.02.2011 05:00:00,-2.5,-2.5,-1.75,-0.87,0.68
4880,16.02.2011 06:00:00,-2.5,-2.56,-1.68,-0.87,0.68
4881,16.02.2011 07:00:00,-2.62,-2.56,-1.75,-0.87,0.75
4882,16.02.2011 08:00:00,-2.62,-2.62,-1.75,-0.87,0.68
4883,16.02.2011 09:00:00,-2.68,-2.68,-1.75,-0.87,0.68
4884,16.02.2011 10:00:00,-2.75,-2.75,-1.75,-0.87,0.68,3.463
4885,16.02.2011 11:00:00,-2.75,-2.75,-1.75,-0.87,0.75
4886,16.02.2011 12:00:00,-2.75,-2.75,-1.75,-0.87,0.68
4887,16.02.2011 13:00:00,-2.75,-2.75,-1.81,-0.87,0.68
4888,16.02.2011 14:00:00,-2.75,-2.75,-1.81,-0.87,0.68
4889,16.02.2011 15:00:00,-2.75,-2.68,-1.81,-0.87,0.68
4890,16.02.2011 16:00:00,-2.68,-2.68,-1.81,-0.87,0.68,3.460
4891,16.02.2011 17:00:00,-2.62,-2.56,-1.81,-0.87,0.68
4892,16.02.2011 18:00:00,-2.56,-2.56,-1.81,-0.87,0.68
4893,16.02.2011 19:00:00,-2.5,-2.43,-1.81,-0.87,0.68
4894,16.02.2011 20:00:00,-2.5,-2.43,-1.81,-0.87,0.68
4895,16.02.2011 21:00:00,-2.43,-2.37,-1.81,-0.87,0.68
4896,16.02.2011 22:00:00,-2.43,-2.37,-1.75,-0.87,0.68,3.461
4897,16.02.2011 23:00:00,-2.43,-2.37,-1.81,-0.87,0.68
4898,17.02.2011 00:00:00,-2.43,-2.37,-1.81,-0.87,0.68
4899,17.02.2011 01:00:00,-2.43,-2.43,-1.75,-0.87,0.68
4900,17.02.2011 02:00:00,-2.5,-2.5,-1.75,-0.87,0.68
4901,17.02.2011 03:00:00,-2.5,-2.5,-1.75,-0.87,0.68
4902,17.02.2011 04:00:00,-2.56,-2.56,-1.75,-0.87,0.68,3.459
4903,17.02.2011 05:00:00,-2.62,-2.62,-1.75,-0.87,0.68
4904,17.02.2011 06:00:00,-2.68,-2.68,-1.81,-0.87,0.68
4905,17.02.2011 07:00:00,-2.75,-2.75,-1.81,-0.87,0.68
4906,17.02.2011 08:00:00,-2.81,-2.81,-1.81,-0.87,0.68
4907,17.02.2011 09:00:00,-2.81,-2.87,-1.81,-0.87,0.68
4908,17.02.2011 10:00:00,-2.87,-2.87,-1.81,-0.87,0.68,3.456
4909,17.02.2011 11:00:00,-2.93,-2.93,-1.87,-0.87,0.68
4910,17.02.2011 12:00:00,-2.93,-2.93,-1.87,-0.87,0.68
4911,17.02.2011 13:00:00,-2.93,-2.93,-1.87,-0.87,0.68
4912,17.02.2011 14:00:00,-2.93,-2.93,-1.87,-0.87,0.68
4913,17.02.2011 15:00:00,-2.93,-2.87,-1.87,-0.87,0.68
4914,17.02.2011 16:00:00,-2.87,-2.81,-1.87,-0.87,0.68,3.456
4915,17.02.2011 17:00:00,-2.81,-2.68,-1.93,-0.87,0.68
4916,17.02.2011 18:00:00,-2.68,-2.68,-1.87,-0.93,0.68
4917,17.02.2011 19:00:00,-2.68,-2.62,-1.93,-0.93,0.68
4918,17.02.2011 20:00:00,-2.62,-2.56,-1.87,-0.87,0.68
4919,17.02.2011 21:00:00,-2.56,-2.56,-1.87,-0.87,0.68
4920,17.02.2011 22:00:00,-2.56,-2.5,-1.87,-0.87,0.68,3.463
4921,17.02.2011 23:00:00,-2.56,-2.56,-1.87,-0.93,0.68
4922,18.02.2011 00:00:00,-2.62,-2.56,-1.87,-0.93,0.68
4923,18.02.2011 01:00:00,-2.62,-2.62,-1.87,-0.87,0.68
4924,18.02.2011 02:00:00,-2.68,-2.68,-1.87,-0.93,0.68
4925,18.02.2011 03:00:00,-2.75,-2.75,-1.87,-0.93,0.68
4926,18.02.2011 04:00:00,-2.81,-2.81,-1.87,-0.93,0.68,3.457
4927,18.02.2011 05:00:00,-2.87,-2.87,-1.87,-0.93,0.68
4928,18.02.2011 06:00:00,-2.93,-2.93,-1.87,-0.87,0.68
4929,18.02.2011 07:00:00,-3,-3,-1.87,-0.87,0.68
4930,18.02.2011 08:00:00,-3.06,-3.06,-1.93,-0.87,0.68
4931,18.02.2011 09:00:00,-3.06,-3.12,-1.93,-0.93,0.68
4932,18.02.2011 10:00:00,-3.18,-3.18,-1.93,-0.87,0.68,3.459
4933,18.02.2011 11:00:00,-3.25,-3.25,-1.93,-0.93,0.68
4934,18.02.2011 12:00:00,-3.25,-3.25,-1.93,-0.93,0.68
4935,18.02.2011 13:00:00,-3.25,-3.25,-2,-0.93,0.68
4936,18.02.2011 14:00:00,-3.18,-3.18,-2,-0.93,0.68
4937,18.02.2011 15:00:00,-3.18,-3.18,-2,-0.93,0.68
4938,18.02.2011 16:00:00,-3.12,-3.06,-2,-0.87,0.68,3.459
4939,18.02.2011 17:00:00,-3,-3,-2,-0.93,0.68
4940,18.02.2011 18:00:00,-2.93,-2.87,-2,-0.93,0.68
4941,18.02.2011 19:00:00,-2.87,-2.81,-2,-0.93,0.68
4942,18.02.2011 20:00:00,-2.81,-2.75,-2,-0.93,0.68
4943,18.02.2011 21:00:00,-2.81,-2.68,-2,-0.93,0.68
4944,18.02.2011 22:00:00,-2.75,-2.75,-2,-0.93,0.68,3.457
4945,18.02.2011 23:00:00,-2.81,-2.68,-2,-0.93,0.68
4946,19.02.2011 00:00:00,-2.75,-2.75,-1.93,-0.93,0.68
4947,19.02.2011 01:00:00,-2.75,-2.75,-2,-0.93,0.68
4948,19.02.2011 02:00:00,-2.87,-2.81,-2,-0.93,0.68
4949,19.02.2011 03:00:00,-2.87,-2.87,-2,-0.93,0.68
4950,19.02.2011 04:00:00,-2.93,-2.87,-2,-0.93,0.68,3.462
4951,19.02.2011 05:00:00,-3,-2.93,-1.93,-0.93,0.68
4952,19.02.2011 06:00:00,-3,-3,-2,-0.93,0.68
4953,19.02.2011 07:00:00,-3.06,-3.06,-1.93,-0.93,0.68
4954,19.02.2011 08:00:00,-3.06,-3.06,-2,-0.93,0.68
4955,19.02.2011 09:00:00,-3.12,-3.12,-2,-0.93,0.68
4956,19.02.2011 10:00:00,-3.12,-3.12,-2,-0.93,0.62,3.454
4957,19.02.2011 11:00:00,-3.18,-3.12,-2,-0.93,0.68
4958,19.02.2011 12:00:00,-3.18,-3.12,-2,-0.93,0.68
4959,19.02.2011 13:00:00,-3.12,-3.12,-2.06,-0.93,0.68
4960,19.02.2011 14:00:00,-3.12,-3.06,-2.06,-0.93,0.68
4961,19.02.2011 15:00:00,-3.06,-3,-2.06,-0.93,0.62
4962,19.02.2011 16:00:00,-3,-2.93,-2,-0.93,0.68,3.459
4963,19.02.2011 17:00:00,-2.93,-2.81,-2.06,-0.93,0.68
4964,19.02.2011 18:00:00,-2.81,-2.75,-2,-1,0.68
4965,19.02.2011 19:00:00,-2.75,-2.68,-2,-1,0.68
4966,19.02.2011 20:00:00,-2.68,-2.62,-2,-0.93,0.68
4967,19.02.2011 21:00:00,-2.62,-2.62,-2,-0.93,0.68
4968,19.02.2011 22:00:00,-2.62,-2.56,-2,-0.93,0.68,3.457
4969,19.02.2011 23:00:00,-2.62,-2.62,-2,-1,0.68
4970,20.02.2011 00:00:00,-2.68,-2.62,-1.93,-0.93,0.62
4971,20.02.2011 01:00:00,-2.68,-2.62,-1.93,-0.93,0.68
4972,20.02.2011 02:00:00,-2.68,-2.68,-1.93,-0.93,0.62
4973,20.02.2011 03:00:00,-2.75,-2.68,-1.93,-0.93,0.68
4974,20.02.2011 04:00:00,-2.75,-2.68,-1.93,-0.93,0.62,3.457
4975,20.02.2011 05:00:00,-2.75,-2.75,-1.93,-0.93,0.68
4976,20.02.2011 06:00:00,-2.75,-2.75,-1.93,-0.93,0.68
4977,20.02.2011 07:00:00,-2.81,-2.75,-1.93,-0.93,0.62
4978,20.02.2011 08:00:00,-2.81,-2.75,-1.93,-1,0.68
4979,20.02.2011 09:00:00,-2.81,-2.75,-1.93,-1,0.62
4980,20.02.2011 10:00:00,-2.81,-2.75,-1.93,-0.93,0.62,3.456
4981,20.02.2011 11:00:00,-2.81,-2.81,-1.93,-0.93,0.62
4982,20.02.2011 12:00:00,-2.81,-2.75,-1.93,-0.93,0.68
4983,20.02.2011 13:00:00,-2.75,-2.75,-1.93,-0.93,0.62
4984,20.02.2011 14:00:00,-2.75,-2.75,-2,-1,0.62
4985,20.02.2011 15:00:00,-2.75,-2.75,-1.93,-0.93,0.62
4986,20.02.2011 16:00:00,-2.68,-2.68,-1.93,-1,0.62,3.460
4987,20.02.2011 17:00:00,-2.68,-2.68,-1.93,-1,0.62
4988,20.02.2011 18:00:00,-2.62,-2.62,-1.93,-0.93,0.68
4989,20.02.2011 19:00:00,-2.62,-2.62,-1.93,-0.93,0.62
4990,20.02.2011 20:00:00,-2.62,-2.56,-1.93,-1,0.62
4991,20.02.2011 21:00:00,-2.62,-2.56,-1.93,-0.93,0.68
4992,20.02.2011 22:00:00,-2.62,-2.56,-1.87,-1,0.62,3.462
4993,20.02.2011 23:00:00,-2.56,-2.56,-1.93,-1,0.62
4994,21.02.2011 00:00:00,-2.56,-2.56,-1.93,-0.93,0.62
4995,21.02.2011 01:00:00,-2.56,-2.56,-1.93,-0.93,0.62
4996,21.02.2011 02:00:00,-2.62,-2.56,-1.93,-1,0.62
4997,21.02.2011 03:00:00,-2.62,-2.56,-1.87,-1,0.62
4998,21.02.2011 04:00:00,-2.62,-2.56,-1.87,-1,0.62,3.461
4999,21.02.2011 05:00:00,-2.62,-2.62,-1.87,-1,0.62
5000,21.02.2011 06:00:00,-2.68,-2.62,-1.87,-1,0.62
5001,21.02.2011 07:00:00,-2.68,-2.62,-1.93,-1,0.62
5002,21.02.2011 08:00:00,-2.68,-2.62,-1.87,-1,0.62
5003,21.02.2011 09:00:00,-2.68,-2.62,-1.93,-0.93,0.68
5004,21.02.2011 10:00:00,-2.68,-2.68,-1.93,-0.93,0.62,3.457
5005,21.02.2011 11:00:00,-2.68,-2.62,-1.93,-0.93,0.62
5006,21.02.2011 12:00:00,-2.68,-2.62,-1.93,-0.93,0.62
5007,21.02.2011 13:00:00,-2.68,-2.62,-1.93,-1,0.62
5008,21.02.2011 14:00:00,-2.68,-2.62,-1.93,-0.93,0.62
5009,21.02.2011 15:00:00,-2.62,-2.62,-1.93,-1,0.62
5010,21.02.2011 16:00:00,-2.62,-2.56,-1.93,-1,0.62,3.461
5011,21.02.2011 17:00:00,-2.62,-2.56,-1.93,-0.93,0.62
5012,21.02.2011 18:00:00,-2.56,-2.56,-1.93,-1,0.62
5013,21.02.2011 19:00:00,-2.56,-2.56,-1.87,-0.93,0.62
5014,21.02.2011 20:00:00,-2.5,-2.5,-1.93,-1,0.62
5015,21.02.2011 21:00:00,-2.5,-2.5,-1.93,-1,0.62
5016,21.02.2011 22:00:00,-2.43,-2.5,-1.93,-1,0.62,3.460
5017,21.02.2011 23:00:00,-2.5,-2.43,-1.87,-1,0.62
5018,22.02.2011 00:00:00,-2.43,-2.43,-1.93,-0.93,0.62
5019,22.02.2011 01:00:00,-2.43,-2.43,-1.93,-1,0.62
5020,22.02.2011 02:00:00,-2.43,-2.43,-1.87,-0.93,0.62
5021,22.02.2011 03:00:00,-2.43,-2.43,-1.87,-1,0.62
5022,22.02.2011 04:00:00,-2.43,-2.43,-1.87,-1,0.62,3.464
5023,22.02.2011 05:00:00,-2.43,-2.37,-1.87,-1,0.62
5024,22.02.2011 06:00:00,-2.43,-2.43,-1.87,-1,0.62
5025,22.02.2011 07:00:00,-2.37,-2.43,-1.87,-1,0.62
5026,22.02.2011 08:00:00,-2.37,-2.37,-1.87,-1,0.62
5027,22.02.2011 09:00:00,-2.37,-2.37,-1.87,-1,0.62
5028,22.02.2011 10:00:00,-2.37,-2.37,-1.81,-1,0.62,3.462
5029,22.02.2011 11:00:00,-2.37,-2.37,-1.87,-1,0.62
5030,22.02.2011 12:00:00,-2.37,-2.37,-1.87,-1,0.62
5031,22.02.2011 13:00:00,-2.37,-2.37,-1.81,-1,0.62
5032,22.02.2011 14:00:00,-2.31,-2.37,-1.87,-1,0.62
5033,22.02.2011 15:00:00,-2.31,-2.31,-1.81,-1,0.62
5034,22.02.2011 16:00:00,-2.31,-2.31,-1.81,-1,0.62,3.465
5035,22.02.2011 17:00:00,-2.25,-2.31,-1.81,-1,0.62
5036,22.02.2011 18:00:00,-2.25,-2.25,-1.81,-1,0.62
5037,22.02.2011 19:00:00,-2.25,-2.25,-1.81,-1,0.62
5038,22.02.2011 20:00:00,-2.18,-2.18,-1.81,-1,0.62
5039,22.02.2011 21:00:00,-2.18,-2.18,-1.81,-1,0.62
5040,22.02.2011 22:00:00,-2.18,-2.18,-1.81,-1,0.62,3.460
5041,22.02.2011 23:00:00,-2.18,-2.12,-1.81,-1,0.62
5042,23.02.2011 00:00:00,-2.12,-2.12,-1.75,-1,0.62
5043,23.02.2011 01:00:00,-2.12,-2.12,-1.75,-1,0.62
5044,23.02.2011 02:00:00,-2.12,-2.12,-1.75,-1,0.62
5045,23.02.2011 03:00:00,-2.12,-2.12,-1.75,-1,0.62
5046,23.02.2011 04:00:00,-2.12,-2.12,-1.75,-1,0.62,3.461
5047,23.02.2011 05:00:00,-2.12,-2.12,-1.75,-1,0.62
5048,23.02.2011 06:00:00,-2.12,-2.12,-1.75,-1,0.62
5049,23.02.2011 07:00:00,-2.06,-2.12,-1.75,-1,0.62
5050,23.02.2011 08:00:00,-2.06,-2.12,-1.75,-1,0.62
5051,23.02.2011 09:00:00,-2.12,-2.12,-1.75,-0.93,0.62
5052,23.02.2011 10:00:00,-2.12,-2.12,-1.75,-1,0.62,3.463
5053,23.02.2011 11:00:00,-2.12,-2.12,-1.75,-1,0.62
5054,23.02.2011 12:00:00,-2.06,-2.12,-1.68,-1,0.62
5055,23.02.2011 13:00:00,-2.12,-2.12,-1.68,-1,0.62
5056,23.02.2011 14:00:00,-2.12,-2.12,-1.68,-1,0.62
5057,23.02.2011 15:00:00,-2.12,-2.12,-1.68,-1,0.62
5058,23.02.2011 16:00:00,-2.12,-2.12,-1.68,-1,0.62,3.462
5059,23.02.2011 17:00:00,-2.06,-2.06,-1.68,-1,0.62
5060,23.02.2011 18:00:00,-2.06,-2.06,-1.68,-1,0.62
5061,23.02.2011 19:00:00,-2.06,-2.06,-1.68,-0.93,0.62
5062,23.02.2011 20:00:00,-2.06,-2.06,-1.68,-1,0.62
5063,23.02.2011 21:00:00,-2,-2,-1.68,-1,0.62
5064,23.02.2011 22:00:00,-2,-2,-1.68,-1,0.56,3.462
5065,23.02.2011 23:00:00,-2,-2,-1.68,-1,0.56
5066,24.02.2011 00:00:00,-2,-2,-1.68,-0.93,0.62
5067,24.02.2011 01:00:00,-2,-2,-1.62,-1,0.56
5068,24.02.2011 02:00:00,-2,-2,-1.68,-1,0.56
5069,24.02.2011 03:00:00,-1.93,-2,-1.62,-1,0.62
5070,24.02.2011 04:00:00,-2,-2,-1.62,-0.93,0.62,3.468
5071,24.02.2011 05:00:00,-2,-2,-1.62,-0.93,0.56
5072,24.02.2011 06:00:00,-2,-2,-1.62,-0.93,0.62
5073,24.02.2011 07:00:00,-2,-2,-1.62,-0.93,0.56
5074,24.02.2011 08:00:00,-2,-2.06,-1.62,-0.93,0.62
5075,24.02.2011 09:00:00,-2,-2,-1.62,-0.93,0.56
5076,24.02.2011 10:00:00,-2.06,-2.06,-1.62,-0.93,0.56,3.467
5077,24.02.2011 11:00:00,-2,-2.06,-1.62,-1,0.56
5078,24.02.2011 12:00:00,-2.06,-2.06,-1.62,-1,0.62
5079,24.02.2011 13:00:00,-2,-2.06,-1.62,-0.93,0.62
5080,24.02.2011 14:00:00,-2.06,-2.06,-1.62,-0.93,0.56
5081,24.02.2011 15:00:00,-2.06,-2.06,-1.62,-0.93,0.56
5082,24.02.2011 16:00:00,-2.06,-2.06,-1.62,-1,0.62,3.463
5083,24.02.2011 17:00:00,-2,-2.06,-1.62,-0.93,0.56
5084,24.02.2011 18:00:00,-2,-2,-1.62,-0.93,0.56
5085,24.02.2011 19:00:00,-2,-2,-1.62,-0.93,0.56
5086,24.02.2011 20:00:00,-2,-2,-1.62,-0.93,0.56
5087,24.02.2011 21:00:00,-2,-1.93,-1.62,-0.93,0.56
5088,24.02.2011 22:00:00,-2,-2,-1.62,-0.93,0.62,3.463
5089,24.02.2011 23:00:00,-1.93,-2,-1.62,-0.93,0.56
5090,25.02.2011 00:00:00,-1.93,-2,-1.62,-0.93,0.56
5091,25.02.2011 01:00:00,-1.93,-2,-1.62,-0.93,0.56
5092,25.02.2011 02:00:00,-1.93,-2,-1.62,-0.93,0.56
5093,25.02.2011 03:00:00,-2,-2,-1.62,-0.93,0.56
5094,25.02.2011 04:00:00,-2,-2,-1.62,-0.93,0.56,3.463
5095,25.02.2011 05:00:00,-2,-2.06,-1.62,-0.93,0.56
5096,25.02.2011 06:00:00,-2,-2.06,-1.56,-0.93,0.56
5097,25.02.2011 07:00:00,-2,-2.06,-1.62,-0.93,0.56
5098,25.02.2011 08:00:00,-2.06,-2.12,-1.62,-0.93,0.56
5099,25.02.2011 09:00:00,-2.06,-2.12,-1.62,-0.93,0.56
5100,25.02.2011 10:00:00,-2.12,-2.12,-1.62,-0.93,0.56,3.462
5101,25.02.2011 11:00:00,-2.12,-2.18,-1.62,-0.93,0.56
5102,25.02.2011 12:00:00,-2.12,-2.18,-1.62,-0.93,0.56
5103,25.02.2011 13:00:00,-2.12,-2.18,-1.62,-0.93,0.56
5104,25.02.2011 14:00:00,-2.12,-2.18,-1.62,-0.93,0.56
5105,25.02.2011 15:00:00,-2.12,-2.18,-1.62,-0.93,0.56
5106,25.02.2011 16:00:00,-2.12,-2.18,-1.62,-0.93,0.56,3.466
5107,25.02.2011 17:00:00,-2.12,-2.18,-1.62,-0.93,0.56
5108,25.02.2011 18:00:00,-2.12,-2.18,-1.62,-0.93,0.56
5109,25.02.2011 19:00:00,-2.12,-2.18,-1.62,-0.93,0.56
5110,25.02.2011 20:00:00,-2.06,-2.12,-1.62,-0.93,0.56
5111,25.02.2011 21:00:00,-2.12,-2.12,-1.62,-0.93,0.56
5112,25.02.2011 22:00:00,-2.06,-2.12,-1.62,-0.93,0.56,3.463
5113,25.02.2011 23:00:00,-2.12,-2.12,-1.62,-0.93,0.56
5114,26.02.2011 00:00:00,-2.06,-2.12,-1.62,-0.93,0.56
5115,26.02.2011 01:00:00,-2.12,-2.12,-1.62,-0.93,0.56
5116,26.02.2011 02:00:00,-2.12,-2.12,-1.62,-0.93,0.56
5117,26.02.2011 03:00:00,-2.12,-2.12,-1.62,-0.93,0.56
5118,26.02.2011 04:00:00,-2.12,-2.18,-1.62,-0.93,0.56,3.467
5119,26.02.2011 05:00:00,-2.12,-2.18,-1.62,-0.93,0.56
5120,26.02.2011 06:00:00,-2.12,-2.18,-1.62,-0.93,0.56
5121,26.02.2011 07:00:00,-2.12,-2.18,-1.62,-0.93,0.56
5122,26.02.2011 08:00:00,-2.12,-2.25,-1.62,-0.93,0.56
5123,26.02.2011 09:00:00,-2.12,-2.25,-1.68,-0.93,0.56
5124,26.02.2011 10:00:00,-2.18,-2.25,-1.62,-0.93,0.56,3.468
5125,26.02.2011 11:00:00,-2.25,-2.25,-1.68,-0.93,0.56
5126,26.02.2011 12:00:00,-2.18,-2.25,-1.62,-0.93,0.56
5127,26.02.2011 13:00:00,-2.18,-2.25,-1.62,-0.93,0.56
5128,26.02.2011 14:00:00,-2.25,-2.25,-1.68,-0.93,0.56
5129,26.02.2011 15:00:00,-2.18,-2.25,-1.68,-0.93,0.56
5130,26.02.2011 16:00:00,-2.18,-2.25,-1.68,-0.93,0.56,3.461
5131,26.02.2011 17:00:00,-2.18,-2.25,-1.68,-0.93,0.56
5132,26.02.2011 18:00:00,-2.18,-2.25,-1.68,-0.93,0.56
5133,26.02.2011 19:00:00,-2.18,-2.25,-1.68,-0.93,0.56
5134,26.02.2011 20:00:00,-2.18,-2.25,-1.68,-0.93,0.56
5135,26.02.2011 21:00:00,-2.18,-2.18,-1.68,-0.93,0.56
5136,26.02.2011 22:00:00,-2.18,-2.25,-1.68,-0.93,0.56,3.467
5137,26.02.2011 23:00:00,-2.12,-2.18,-1.68,-0.93,0.56
5138,27.02.2011 00:00:00,-2.18,-2.18,-1.68,-0.93,0.56
5139,27.02.2011 01:00:00,-2.18,-2.18,-1.68,-0.93,0.56
5140,27.02.2011 02:00:00,-2.18,-2.18,-1.68,-0.93,0.56
5141,27.02.2011 03:00:00,-2.18,-2.18,-1.68,-0.93,0.56
5142,27.02.2011 04:00:00,-2.18,-2.18,-1.68,-0.93,0.56,3.462
5143,27.02.2011 05:00:00,-2.18,-2.18,-1.68,-0.93,0.56
5144,27.02.2011 06:00:00,-2.18,-2.25,-1.68,-0.93,0.56
5145,27.02.2011 07:00:00,-2.18,-2.18,-1.68,-0.93,0.56
5146,27.02.2011 08:00:00,-2.18,-2.25,-1.68,-0.93,0.56
5147,27.02.2011 09:00:00,-2.18,-2.25,-1.68,-0.93,0.56
5148,27.02.2011 10:00:00,-2.18,-2.25,-1.68,-0.93,0.56,3.467
5149,27.02.2011 11:00:00,-2.18,-2.25,-1.68,-0.93,0.56
5150,27.02.2011 12:00:00,-2.25,-2.25,-1.68,-0.93,0.56
5151,27.02.2011 13:00:00,-2.25,-2.31,-1.68,-0.93,0.56
5152,27.02.2011 14:00:00,-2.25,-2.25,-1.68,-0.93,0.56
5153,27.02.2011 15:00:00,-2.18,-2.25,-1.68,-0.93,0.56
5154,27.02.2011 16:00:00,-2.18,-2.25,-1.68,-0.93,0.56,3.461
5155,27.02.2011 17:00:00,-2.18,-2.25,-1.68,-0.93,0.56
5156,27.02.2011 18:00:00,-2.18,-2.25,-1.68,-0.93,0.56
5157,27.02.2011 19:00:00,-2.18,-2.25,-1.68,-0.93,0.56
5158,27.02.2011 20:00:00,-2.18,-2.25,-1.68,-0.93,0.56
5159,27.02.2011 21:00:00,-2.18,-2.25,-1.68,-0.93,0.56
5160,27.02.2011 22:00:00,-2.18,-2.18,-1.68,-0.93,0.56,3.462
5161,27.02.2011 23:00:00,-2.18,-2.18,-1.68,-0.93,0.56
5162,28.02.2011 00:00:00,-2.12,-2.18,-1.68,-0.93,0.5
5163,28.02.2011 01:00:00,-2.18,-2.18,-1.68,-0.93,0.56
5164,28.02.2011 02:00:00,-2.18,-2.18,-1.68,-0.93,0.56
5165,28.02.2011 03:00:00,-2.18,-2.25,-1.68,-0.93,0.56
5166,28.02.2011 04:00:00,-2.18,-2.25,-1.68,-0.93,0.56,3.463
5167,28.02.2011 05:00:00,-2.18,-2.25,-1.68,-0.93,0.56
5168,28.02.2011 06:00:00,-2.25,-2.31,-1.68,-0.93,0.56
5169,28.02.2011 07:00:00,-2.25,-2.31,-1.68,-0.93,0.56
5170,28.02.2011 08:00:00,-2.25,-2.31,-1.68,-0.93,0.5
5171,28.02.2011 09:00:00,-2.25,-2.37,-1.68,-0.93,0.5
5172,28.02.2011 10:00:00,-2.31,-2.37,-1.75,-0.93,0.56,3.466
5173,28.02.2011 11:00:00,-2.31,-2.37,-1.75,-0.93,0.56
5174,28.02.2011 12:00:00,-2.37,-2.43,-1.75,-0.93,0.5
5175,28.02.2011 13:00:00,-2.31,-2.43,-1.75,-1,0.5
5176,28.02.2011 14:00:00,-2.37,-2.43,-1.75,-0.93,0.56
5177,28.02.2011 15:00:00,-2.37,-2.43,-1.75,-0.93,0.5
5178,28.02.2011 16:00:00,-2.37,-2.43,-1.75,-0.93,0.56,3.464
5179,28.02.2011 17:00:00,-2.37,-2.43,-1.75,-0.93,0.5
5180,28.02.2011 18:00:00,-2.37,-2.43,-1.75,-0.93,0.5
5181,28.02.2011 19:00:00,-2.37,-2.43,-1.75,-0.93,0.5
5182,28.02.2011 20:00:00,-2.37,-2.43,-1.75,-0.93,0.5
5183,28.02.2011 21:00:00,-2.31,-2.37,-1.75,-0.93,0.56
5184,28.02.2011 22:00:00,-2.37,-2.37,-1.75,-0.93,0.5,3.465
5185,28.02.2011 23:00:00,-2.31,-2.37,-1.75,-0.93,0.5
5186,01.03.2011 00:00:00,-2.37,-2.37,-1.75,-0.93,0.5
5187,01.03.2011 01:00:00,-2.31,-2.37,-1.75,-0.93,0.5
5188,01.03.2011 02:00:00,-2.37,-2.37,-1.75,-0.93,0.56
5189,01.03.2011 03:00:00,-2.31,-2.43,-1.75,-0.93,0.5
5190,01.03.2011 04:00:00,-2.37,-2.43,-1.81,-0.93,0.56,3.460
5191,01.03.2011 05:00:00,-2.37,-2.43,-1.75,-1,0.56
5192,01.03.2011 06:00:00,-2.37,-2.43,-1.75,-0.93,0.5
5193,01.03.2011 07:00:00,-2.37,-2.43,-1.75,-0.93,0.5
5194,01.03.2011 08:00:00,-2.37,-2.43,-1.75,-0.93,0.5
5195,01.03.2011 09:00:00,-2.43,-2.5,-1.81,-0.93,0.56
5196,01.03.2011 10:00:00,-2.43,-2.5,-1.81,-0.93,0.5,3.462
5197,01.03.2011 11:00:00,-2.43,-2.5,-1.75,-0.93,0.5
5198,01.03.2011 12:00:00,-2.43,-2.56,-1.75,-0.93,0.5
5199,01.03.2011 13:00:00,-2.5,-2.5,-1.75,-1,0.56
5200,01.03.2011 14:00:00,-2.5,-2.5,-1.81,-1,0.56
5201,01.03.2011 15:00:00,-2.5,-2.56,-1.81,-0.93,0.5
5202,01.03.2011 16:00:00,-2.43,-2.5,-1.81,-1,0.5,3.462
5203,01.03.2011 17:00:00,-2.43,-2.5,-1.81,-1,0.5
5204,01.03.2011 18:00:00,-2.43,-2.5,-1.81,-1,0.5
5205,01.03.2011 19:00:00,-2.43,-2.5,-1.81,-1,0.5
5206,01.03.2011 20:00:00,-2.43,-2.5,-1.81,-0.93,0.56
5207,01.03.2011 21:00:00,-2.43,-2.43,-1.81,-1,0.56
5208,01.03.2011 22:00:00,-2.43,-2.43,-1.81,-0.93,0.5,3.465
5209,01.03.2011 23:00:00,-2.37,-2.43,-1.81,-1,0.5
5210,02.03.2011 00:00:00,-2.37,-2.43,-1.81,-1,0.5
5211,02.03.2011 01:00:00,-2.37,-2.43,-1.81,-1,0.5
5212,02.03.2011 02:00:00,-2.37,-2.43,-1.81,-1,0.5
5213,02.03.2011 03:00:00,-2.37,-2.43,-1.81,-1,0.5
5214,02.03.2011 04:00:00,-2.37,-2.43,-1.81,-1,0.5,3.462
5215,02.03.2011 05:00:00,-2.37,-2.43,-1.81,-1,0.5
5216,02.03.2011 06:00:00,-2.43,-2.43,-1.81,-0.93,0.5
5217,02.03.2011 07:00:00,-2.43,-2.5,-1.81,-1,0.5
5218,02.03.2011 08:00:00,-2.37,-2.5,-1.81,-1,0.5
5219,02.03.2011 09:00:00,-2.43,-2.5,-1.81,-1,0.5
5220,02.03.2011 10:00:00,-2.43,-2.5,-1.81,-1,0.5,3.463
5221,02.03.2011 11:00:00,-2.43,-2.56,-1.81,-1,0.5
5222,02.03.2011 12:00:00,-2.5,-2.56,-1.81,-0.93,0.5
5223,02.03.2011 13:00:00,-2.5,-2.56,-1.81,-1,0.5
5224,02.03.2011 14:00:00,-2.43,-2.5,-1.81,-1,0.5
5225,02.03.2011 15:00:00,-2.5,-2.5,-1.81,-1,0.5
5226,02.03.2011 16:00:00,-2.5,-2.5,-1.87,-1,0.5,3.458
5227,02.03.2011 17:00:00,-2.43,-2.43,-1.81,-1,0.5
5228,02.03.2011 18:00:00,-2.43,-2.5,-1.81,-1,0.5
5229,02.03.2011 19:00:00,-2.37,-2.43,-1.81,-1,0.5
5230,02.03.2011 20:00:00,-2.37,-2.43,-1.81,-1,0.5
5231,02.03.2011 21:00:00,-2.37,-2.43,-1.81,-1,0.5
5232,02.03.2011 22:00:00,-2.31,-2.37,-1.81,-1,0.5,3.459
5233,02.03.2011 23:00:00,-2.31,-2.37,-1.81,-1,0.5
5234,03.03.2011 00:00:00,-2.31,-2.37,-1.81,-1,0.5
5235,03.03.2011 01:00:00,-2.31,-2.31,-1.81,-1,0.5
5236,03.03.2011 02:00:00,-2.31,-2.31,-1.81,-1,0.5
5237,03.03.2011 03:00:00,-2.31,-2.31,-1.81,-1,0.5
5238,03.03.2011 04:00:00,-2.31,-2.31,-1.81,-1,0.5,3.463
5239,03.03.2011 05:00:00,-2.25,-2.31,-1.81,-1,0.5
5240,03.03.2011 06:00:00,-2.25,-2.31,-1.81,-1,0.5
5241,03.03.2011 07:00:00,-2.25,-2.31,-1.81,-1,0.5
5242,03.03.2011 08:00:00,-2.31,-2.31,-1.75,-1,0.5
5243,03.03.2011 09:00:00,-2.25,-2.31,-1.75,-1,0.5
5244,03.03.2011 10:00:00,-2.25,-2.31,-1.81,-1,0.5,3.460
5245,03.03.2011 11:00:00,-2.25,-2.31,-1.75,-1,0.5
5246,03.03.2011 12:00:00,-2.25,-2.31,-1.75,-1,0.5
5247,03.03.2011 13:00:00,-2.25,-2.31,-1.81,-1,0.5
5248,03.03.2011 14:00:00,-2.25,-2.31,-1.75,-1,0.5
5249,03.03.2011 15:00:00,-2.25,-2.31,-1.75,-1,0.5
5250,03.03.2011 16:00:00,-2.25,-2.25,-1.75,-1,0.5,3.459
5251,03.03.2011 17:00:00,-2.25,-2.25,-1.75,-1,0.5
5252,03.03.2011 18:00:00,-2.18,-2.25,-1.75,-1,0.5
5253,03.03.2011 19:00:00,-2.18,-2.18,-1.81,-1,0.5
5254,03.03.2011 20:00:00,-2.18,-2.18,-1.75,-1,0.5
5255,03.03.2011 21:00:00,-2.18,-2.18,-1.75,-1,0.5
5256,03.03.2011 22:00:00,-2.12,-2.12,-1.75,-1,0.5,3.466
5257,03.03.2011 23:00:00,-2.12,-2.12,-1.75,-1,0.5
5258,04.03.2011 00:00:00,-2.06,-2.12,-1.75,-1,0.5
5259,04.03.2011 01:00:00,-2.12,-2.12,-1.68,-1,0.43
5260,04.03.2011 02:00:00,-2.06,-2.12,-1.75,-1,0.5
5261,04.03.2011 03:00:00,-2.12,-2.12,-1.68,-1,0.5
5262,04.03.2011 04:00:00,-2.12,-2.12,-1.68,-1,0.5,3.467
5263,04.03.2011 05:00:00,-2.12,-2.12,-1.68,-1,0.5
5264,04.03.2011 06:00:00,-2.12,-2.18,-1.68,-1,0.5
5265,04.03.2011 07:00:00,-2.12,-2.18,-1.68,-1,0.5
5266,04.03.2011 08:00:00,-2.18,-2.25,-1.68,-1,0.5
5267,04.03.2011 09:00:00,-2.18,-2.25,-1.68,-1,0.5
5268,04.03.2011 10:00:00,-2.25,-2.25,-1.75,-1,0.5,3.462
5269,04.03.2011 11:00:00,-2.25,-2.25,-1.75,-1,0.5
5270,04.03.2011 12:00:00,-2.25,-2.31,-1.75,-1,0.5
5271,04.03.2011 13:00:00,-2.31,-2.31,-1.68,-1,0.43
5272,04.03.2011 14:00:00,-2.25,-2.31,-1.75,-1,0.5
5273,04.03.2011 15:00:00,-2.31,-2.31,-1.75,-1,0.5
5274,04.03.2011 16:00:00,-2.25,-2.31,-1.75,-1,0.5,3.462
5275,04.03.2011 17:00:00,-2.25,-2.31,-1.75,-1,0.43
5276,04.03.2011 18:00:00,-2.25,-2.25,-1.75,-1,0.43
5277,04.03.2011 19:00:00,-2.25,-2.25,-1.75,-1,0.5
5278,04.03.2011 20:00:00,-2.18,-2.18,-1.75,-1,0.43
5279,04.03.2011 21:00:00,-2.12,-2.18,-1.75,-1,0.5
5280,04.03.2011 22:00:00,-2.18,-2.18,-1.68,-1,0.5,3.461
5281,04.03.2011 23:00:00,-2.12,-2.12,-1.75,-1,0.5
5282,05.03.2011 00:00:00,-2.12,-2.12,-1.68,-1,0.5
5283,05.03.2011 01:00:00,-2.12,-2.12,-1.68,-1,0.5
5284,05.03.2011 02:00:00,-2.06,-2.12,-1.68,-1,0.43
5285,05.03.2011 03:00:00,-2.12,-2.12,-1.75,-1,0.43
5286,05.03.2011 04:00:00,-2.06,-2.12,-1.68,-1,0.5,3.462
5287,05.03.2011 05:00:00,-2.12,-2.12,-1.68,-1,0.43
5288,05.03.2011 06:00:00,-2.12,-2.12,-1.68,-1,0.5
5289,05.03.2011 07:00:00,-2.12,-2.12,-1.68,-1,0.43
5290,05.03.2011 08:00:00,-2.12,-2.12,-1.68,-1,0.43
5291,05.03.2011 09:00:00,-2.12,-2.18,-1.68,-1,0.5
5292,05.03.2011 10:00:00,-2.12,-2.18,-1.68,-1,0.5,3.467
5293,05.03.2011 11:00:00,-2.12,-2.18,-1.68,-1,0.5
5294,05.03.2011 12:00:00,-2.18,-2.18,-1.68,-1,0.43
5295,05.03.2011 13:00:00,-2.18,-2.18,-1.68,-1,0.5
5296,05.03.2011 14:00:00,-2.12,-2.18,-1.68,-1,0.5
5297,05.03.2011 15:00:00,-2.18,-2.12,-1.68,-1,0.5
5298,05.03.2011 16:00:00,-2.12,-2.12,-1.68,-1,0.43,3.463
5299,05.03.2011 17:00:00,-2.06,-2.12,-1.68,-1,0.5
5300,05.03.2011 18:00:00,-2.06,-2.12,-1.68,-1,0.43
5301,05.03.2011 19:00:00,-2.12,-2.06,-1.68,-1,0.43
5302,05.03.2011 20:00:00,-2.06,-2.06,-1.68,-1,0.43
5303,05.03.2011 21:00:00,-2.06,-2,-1.62,-1,0.43
5304,05.03.2011 22:00:00,-2,-2,-1.68,-1,0.5,3.469
5305,05.03.2011 23:00:00,-2,-2,-1.62,-1,0.43
5306,06.03.2011 00:00:00,-2,-2,-1.68,-1,0.43
5307,06.03.2011 01:00:00,-2,-2,-1.62,-1,0.43
5308,06.03.2011 02:00:00,-2,-2,-1.62,-1,0.43
5309,06.03.2011 03:00:00,-2,-2,-1.62,-0.93,0.5
5310,06.03.2011 04:00:00,-2,-2.06,-1.62,-1,0.43,3.470
5311,06.03.2011 05:00:00,-2.06,-2.06,-1.62,-1,0.43
5312,06.03.2011 06:00:00,-2.06,-2.06,-1.62,-1,0.43
5313,06.03.2011 07:00:00,-2.06,-2.12,-1.62,-1,0.5
5314,06.03.2011 08:00:00,-2.12,-2.12,-1.62,-1,0.43
5315,06.03.2011 09:00:00,-2.12,-2.12,-1.62,-1,0.43
5316,06.03.2011 10:00:00,-2.12,-2.18,-1.62,-1,0.43,3.462
5317,06.03.2011 11:00:00,-2.18,-2.18,-1.62,-1,0.43
5318,06.03.2011 12:00:00,-2.18,-2.18,-1.62,-1,0.5
5319,06.03.2011 13:00:00,-2.18,-2.18,-1.62,-1,0.43
5320,06.03.2011 14:00:00,-2.18,-2.25,-1.62,-1,0.5
5321,06.03.2011 15:00:00,-2.25,-2.25,-1.62,-1,0.43
5322,06.03.2011 16:00:00,-2.18,-2.25,-1.62,-1,0.43,3.467
5323,06.03.2011 17:00:00,-2.18,-2.18,-1.62,-1,0.43
5324,06.03.2011 18:00:00,-2.18,-2.18,-1.62,-1,0.43
5325,06.03.2011 19:00:00,-2.18,-2.18,-1.62,-1,0.43
5326,06.03.2011 20:00:00,-2.18,-2.18,-1.68,-1,0.43
5327,06.03.2011 21:00:00,-2.12,-2.12,-1.62,-1,0.43
5328,06.03.2011 22:00:00,-2.12,-2.12,-1.62,-1,0.43,3.462
5329,06.03.2011 23:00:00,-2.12,-2.06,-1.62,-1,0.43
5330,07.03.2011 00:00:00,-2.06,-2.06,-1.62,-1,0.43
5331,07.03.2011 01:00:00,-2.06,-2.06,-1.62,-0.93,0.43
5332,07.03.2011 02:00:00,-2.06,-2.06,-1.62,-1,0.43
5333,07.03.2011 03:00:00,-2.06,-2.06,-1.62,-1,0.5
5334,07.03.2011 04:00:00,-2.06,-2.06,-1.62,-1,0.43,3.468
5335,07.03.2011 05:00:00,-2.12,-2.06,-1.62,-1,0.43
5336,07.03.2011 06:00:00,-2.12,-2.06,-1.62,-1,0.43
5337,07.03.2011 07:00:00,-2.06,-2.12,-1.68,-1,0.43
5338,07.03.2011 08:00:00,-2.12,-2.12,-1.62,-1,0.43
5339,07.03.2011 09:00:00,-2.12,-2.18,-1.62,-0.93,0.43
5340,07.03.2011 10:00:00,-2.12,-2.12,-1.62,-1,0.43,3.462
5341,07.03.2011 11:00:00,-2.12,-2.18,-1.62,-1,0.43
5342,07.03.2011 12:00:00,-2.18,-2.12,-1.62,-1,0.43
5343,07.03.2011 13:00:00,-2.12,-2.12,-1.62,-0.93,0.43
5344,07.03.2011 14:00:00,-2.12,-2.12,-1.62,-1,0.43
5345,07.03.2011 15:00:00,-2.12,-2.12,-1.62,-1,0.43
5346,07.03.2011 16:00:00,-2.12,-2.12,-1.62,-1,0.43,3.463
5347,07.03.2011 17:00:00,-2.06,-2.06,-1.62,-0.93,0.43
5348,07.03.2011 18:00:00,-2.06,-2.06,-1.62,-1,0.43
5349,07.03.2011 19:00:00,-2,-2,-1.62,-1,0.43
5350,07.03.2011 20:00:00,-2,-2,-1.62,-1,0.43
5351,07.03.2011 21:00:00,-1.93,-1.93,-1.62,-1,0.43
5352,07.03.2011 22:00:00,-1.93,-1.93,-1.62,-0.93,0.43,3.463
5353,07.03.2011 23:00:00,-1.93,-1.93,-1.56,-1,0.43
5354,08.03.2011 00:00:00,-1.87,-1.87,-1.62,-1,0.43
5355,08.03.2011 01:00:00,-1.93,-1.87,-1.62,-1,0.43
5356,08.03.2011 02:00:00,-1.87,-1.87,-1.62,-1,0.43
5357,08.03.2011 03:00:00,-1.87,-1.87,-1.56,-1,0.43
5358,08.03.2011 04:00:00,-1.87,-1.87,-1.56,-1,0.43,3.470
5359,08.03.2011 05:00:00,-1.87,-1.87,-1.56,-1,0.43
5360,08.03.2011 06:00:00,-1.87,-1.93,-1.56,-1,0.43
5361,08.03.2011 07:00:00,-1.93,-1.93,-1.56,-0.93,0.43
5362,08.03.2011 08:00:00,-1.93,-1.93,-1.56,-0.93,0.43
5363,08.03.2011 09:00:00,-1.87,-1.93,-1.56,-0.93,0.43
5364,08.03.2011 10:00:00,-1.93,-1.93,-1.56,-1,0.43,3.468
5365,08.03.2011 11:00:00,-1.93,-2,-1.56,-1,0.43
5366,08.03.2011 12:00:00,-1.93,-2,-1.56,-0.93,0.43
5367,08.03.2011 13:00:00,-1.93,-1.93,-1.56,-1,0.43
5368,08.03.2011 14:00:00,-2,-1.93,-1.56,-0.93,0.43
5369,08.03.2011 15:00:00,-1.93,-1.93,-1.56,-0.93,0.43
5370,08.03.2011 16:00:00,-1.93,-1.93,-1.56,-1,0.43,3.470
5371,08.03.2011 17:00:00,-1.87,-1.87,-1.56,-0.93,0.43
5372,08.03.2011 18:00:00,-1.87,-1.87,-1.56,-1,0.43
5373,08.03.2011 19:00:00,-1.87,-1.81,-1.56,-0.93,0.43
5374,08.03.2011 20:00:00,-1.81,-1.81,-1.56,-0.93,0.43
5375,08.03.2011 21:00:00,-1.81,-1.81,-1.56,-0.93,0.43
5376,08.03.2011 22:00:00,-1.81,-1.75,-1.56,-0.93,0.43,3.465
5377,08.03.2011 23:00:00,-1.75,-1.75,-1.5,-1,0.43
5378,09.03.2011 00:00:00,-1.75,-1.75,-1.5,-1,0.43
5379,09.03.2011 01:00:00,-1.75,-1.75,-1.5,-0.93,0.43
5380,09.03.2011 02:00:00,-1.75,-1.75,-1.5,-1,0.43
5381,09.03.2011 03:00:00,-1.75,-1.75,-1.5,-0.93,0.43
5382,09.03.2011 04:00:00,-1.75,-1.81,-1.5,-0.93,0.43,3.470
5383,09.03.2011 05:00:00,-1.81,-1.81,-1.5,-0.93,0.43
5384,09.03.2011 06:00:00,-1.81,-1.81,-1.5,-1,0.43
5385,09.03.2011 07:00:00,-1.81,-1.87,-1.5,-0.93,0.43
5386,09.03.2011 08:00:00,-1.87,-1.87,-1.5,-0.93,0.43
5387,09.03.2011 09:00:00,-1.87,-1.93,-1.5,-1,0.43
5388,09.03.2011 10:00:00,-1.93,-1.93,-1.5,-0.93,0.43,3.466
5389,09.03.2011 11:00:00,-1.93,-2,-1.5,-0.93,0.43
5390,09.03.2011 12:00:00,-2,-2,-1.5,-0.93,0.43
5391,09.03.2011 13:00:00,-2,-2,-1.56,-0.93,0.43
5392,09.03.2011 14:00:00,-2,-2.06,-1.5,-1,0.43
5393,09.03.2011 15:00:00,-2,-2,-1.56,-0.93,0.43
5394,09.03.2011 16:00:00,-2,-2,-1.56,-0.93,0.43,3.469
5395,09.03.2011 17:00:00,-1.93,-1.93,-1.5,-0.93,0.43
5396,09.03.2011 18:00:00,-1.93,-1.93,-1.56,-0.93,0.43
5397,09.03.2011 19:00:00,-1.87,-1.87,-1.56,-0.93,0.43
5398,09.03.2011 20:00:00,-1.87,-1.87,-1.56,-0.93,0.43
5399,09.03.2011 21:00:00,-1.87,-1.87,-1.5,-1,0.43
5400,09.03.2011 22:00:00,-1.81,-1.81,-1.5,-0.93,0.37,3.466
5401,09.03.2011 23:00:00,-1.81,-1.81,-1.5,-0.93,0.43
5402,10.03.2011 00:00:00,-1.75,-1.75,-1.5,-0.93,0.37
5403,10.03.2011 01:00:00,-1.81,-1.81,-1.5,-0.93,0.43
5404,10.03.2011 02:00:00,-1.75,-1.81,-1.5,-0.93,0.43
5405,10.03.2011 03:00:00,-1.75,-1.81,-1.5,-0.93,0.37
5406,10.03.2011 04:00:00,-1.81,-1.81,-1.5,-0.93,0.43,3.471
5407,10.03.2011 05:00:00,-1.81,-1.81,-1.5,-0.93,0.43
5408,10.03.2011 06:00:00,-1.81,-1.87,-1.5,-0.93,0.43
5409,10.03.2011 07:00:00,-1.87,-1.87,-1.5,-0.93,0.43
5410,10.03.2011 08:00:00,-1.87,-1.87,-1.5,-0.93,0.37
5411,10.03.2011 09:00:00,-1.93,-1.93,-1.5,-0.93,0.43
5412,10.03.2011 10:00:00,-1.93,-1.93,-1.5,-0.93,0.37,3.463
5413,10.03.2011 11:00:00,-1.93,-2,-1.5,-0.93,0.43
5414,10.03.2011 12:00:00,-1.93,-2,-1.5,-0.93,0.43
5415,10.03.2011 13:00:00,-2,-2,-1.56,-0.93,0.43
5416,10.03.2011 14:00:00,-2,-2,-1.5,-0.93,0.37
5417,10.03.2011 15:00:00,-1.93,-2,-1.5,-0.93,0.43
5418,10.03.2011 16:00:00,-1.93,-1.93,-1.5,-0.93,0.37,3.464
5419,10.03.2011 17:00:00,-1.93,-1.93,-1.5,-0.93,0.37
5420,10.03.2011 18:00:00,-1.87,-1.87,-1.5,-0.93,0.37
5421,10.03.2011 19:00:00,-1.87,-1.87,-1.5,-0.93,0.37
5422,10.03.2011 20:00:00,-1.81,-1.81,-1.5,-0.93,0.37
5423,10.03.2011 21:00:00,-1.81,-1.75,-1.5,-0.93,0.37
5424,10.03.2011 22:00:00,-1.75,-1.75,-1.5,-0.93,0.37,3.466
5425,10.03.2011 23:00:00,-1.75,-1.75,-1.5,-0.93,0.37
5426,11.03.2011 00:00:00,-1.68,-1.75,-1.5,-0.93,0.37
5427,11.03.2011 01:00:00,-1.68,-1.68,-1.5,-0.93,0.37
5428,11.03.2011 02:00:00,-1.68,-1.68,-1.5,-0.93,0.43
5429,11.03.2011 03:00:00,-1.68,-1.68,-1.43,-0.93,0.37
5430,11.03.2011 04:00:00,-1.68,-1.68,-1.43,-0.93,0.37,3.468
5431,11.03.2011 05:00:00,-1.68,-1.68,-1.43,-0.93,0.43
5432,11.03.2011 06:00:00,-1.68,-1.68,-1.43,-0.93,0.43
5433,11.03.2011 07:00:00,-1.68,-1.68,-1.43,-0.93,0.37
5434,11.03.2011 08:00:00,-1.68,-1.75,-1.43,-0.93,0.37
5435,11.03.2011 09:00:00,-1.68,-1.75,-1.43,-0.93,0.37
5436,11.03.2011 10:00:00,-1.68,-1.75,-1.43,-0.93,0.37,3.465
5437,11.03.2011 11:00:00,-1.68,-1.75,-1.43,-0.93,0.37
5438,11.03.2011 12:00:00,-1.68,-1.75,-1.43,-1,0.37
5439,11.03.2011 13:00:00,-1.75,-1.75,-1.43,-0.93,0.37
5440,11.03.2011 14:00:00,-1.75,-1.75,-1.43,-0.93,0.37
5441,11.03.2011 15:00:00,-1.68,-1.68,-1.43,-0.93,0.37
5442,11.03.2011 16:00:00,-1.68,-1.68,-1.43,-0.93,0.37,3.471
5443,11.03.2011 17:00:00,-1.68,-1.68,-1.43,-0.93,0.37
5444,11.03.2011 18:00:00,-1.68,-1.62,-1.43,-0.93,0.37
5445,11.03.2011 19:00:00,-1.62,-1.62,-1.43,-0.93,0.37
5446,11.03.2011 20:00:00,-1.62,-1.56,-1.43,-0.93,0.37
5447,11.03.2011 21:00:00,-1.62,-1.56,-1.37,-0.93,0.37
5448,11.03.2011 22:00:00,-1.56,-1.62,-1.43,-0.93,0.37,3.471
5449,11.03.2011 23:00:00,-1.56,-1.56,-1.37,-0.93,0.37
5450,12.03.2011 00:00:00,-1.56,-1.56,-1.43,-0.93,0.37
5451,12.03.2011 01:00:00,-1.56,-1.56,-1.37,-0.93,0.43
5452,12.03.2011 02:00:00,-1.56,-1.56,-1.37,-0.93,0.37
5453,12.03.2011 03:00:00,-1.56,-1.56,-1.37,-0.93,0.37
5454,12.03.2011 04:00:00,-1.56,-1.56,-1.37,-0.93,0.37,3.468
5455,12.03.2011 05:00:00,-1.56,-1.56,-1.37,-0.93,0.37
5456,12.03.2011 06:00:00,-1.56,-1.56,-1.37,-0.93,0.37
5457,12.03.2011 07:00:00,-1.62,-1.56,-1.37,-0.93,0.37
5458,12.03.2011 08:00:00,-1.56,-1.62,-1.37,-0.93,0.37
5459,12.03.2011 09:00:00,-1.62,-1.56,-1.37,-0.93,0.37
5460,12.03.2011 10:00:00,-1.62,-1.62,-1.37,-0.93,0.37,3.469
5461,12.03.2011 11:00:00,-1.56,-1.62,-1.37,-0.93,0.37
5462,12.03.2011 12:00:00,-1.56,-1.62,-1.37,-0.93,0.37
5463,12.03.2011 13:00:00,-1.62,-1.62,-1.37,-0.93,0.37
5464,12.03.2011 14:00:00,-1.56,-1.62,-1.37,-0.93,0.37
5465,12.03.2011 15:00:00,-1.56,-1.56,-1.37,-0.93,0.37
5466,12.03.2011 16:00:00,-1.62,-1.56,-1.37,-0.93,0.37,3.468
5467,12.03.2011 17:00:00,-1.56,-1.56,-1.37,-0.93,0.37
5468,12.03.2011 18:00:00,-1.56,-1.56,-1.37,-0.93,0.37
5469,12.03.2011 19:00:00,-1.5,-1.5,-1.37,-0.93,0.37
5470,12.03.2011 20:00:00,-1.5,-1.5,-1.37,-0.93,0.37
5471,12.03.2011 21:00:00,-1.5,-1.5,-1.37,-0.93,0.37
5472,12.03.2011 22:00:00,-1.5,-1.5,-1.37,-0.93,0.37,3.467
5473,12.03.2011 23:00:00,-1.5,-1.5,-1.37,-0.93,0.37
5474,13.03.2011 00:00:00,-1.5,-1.5,-1.31,-0.93,0.37
5475,13.03.2011 01:00:00,-1.5,-1.5,-1.31,-0.93,0.37
5476,13.03.2011 02:00:00,-1.5,-1.5,-1.31,-0.93,0.37
5477,13.03.2011 03:00:00,-1.5,-1.5,-1.31,-0.93,0.37
5478,13.03.2011 04:00:00,-1.5,-1.56,-1.31,-0.93,0.37,3.473
5479,13.03.2011 05:00:00,-1.56,-1.56,-1.31,-0.93,0.37
5480,13.03.2011 06:00:00,-1.56,-1.56,-1.31,-0.93,0.37
5481,13.03.2011 07:00:00,-1.56,-1.62,-1.31,-0.93,0.37
5482,13.03.2011 08:00:00,-1.62,-1.62,-1.37,-0.87,0.37
5483,13.03.2011 09:00:00,-1.62,-1.68,-1.37,-0.93,0.37
5484,13.03.2011 10:00:00,-1.62,-1.68,-1.31,-0.93,0.37,3.468
5485,13.03.2011 11:00:00,-1.62,-1.68,-1.31,-0.93,0.37
5486,13.03.2011 12:00:00,-1.68,-1.75,-1.31,-0.87,0.37
5487,13.03.2011 13:00:00,-1.68,-1.75,-1.31,-0.93,0.37
5488,13.03.2011 14:00:00,-1.68,-1.75,-1.37,-0.93,0.37
5489,13.03.2011 15:00:00,-1.75,-1.75,-1.37,-0.93,0.37
5490,13.03.2011 16:00:00,-1.75,-1.75,-1.37,-0.87,0.37,3.471
5491,13.03.2011 17:00:00,-1.75,-1.75,-1.37,-0.93,0.37
5492,13.03.2011 18:00:00,-1.75,-1.75,-1.37,-0.93,0.37
5493,13.03.2011 19:00:00,-1.68,-1.68,-1.37,-0.87,0.37
5494,13.03.2011 20:00:00,-1.62,-1.68,-1.37,-0.93,0.37
5495,13.03.2011 21:00:00,-1.68,-1.68,-1.37,-0.87,0.37
5496,13.03.2011 22:00:00,-1.68,-1.68,-1.37,-0.87,0.37,3.474
5497,13.03.2011 23:00:00,-1.68,-1.68,-1.37,-0.87,0.37
5498,14.03.2011 00:00:00,-1.68,-1.68,-1.37,-0.93,0.37
5499,14.03.2011 01:00:00,-1.62,-1.68,-1.37,-0.87,0.37
5500,14.03.2011 02:00:00,-1.62,-1.62,-1.37,-0.93,0.37
5501,14.03.2011 03:00:00,-1.62,-1.62,-1.37,-0.87,0.37
5502,14.03.2011 04:00:00,-1.62,-1.62,-1.37,-0.87,0.37,3.467
5503,14.03.2011 05:00:00,-1.62,-1.62,-1.37,-0.87,0.37
5504,14.03.2011 06:00:00,-1.68,-1.62,-1.37,-0.93,0.37
5505,14.03.2011 07:00:00,-1.62,-1.68,-1.37,-0.93,0.31
5506,14.03.2011 08:00:00,-1.62,-1.68,-1.37,-0.87,0.37
5507,14.03.2011 09:00:00,-1.68,-1.68,-1.37,-0.87,0.37
5508,14.03.2011 10:00:00,-1.68,-1.68,-1.37,-0.87,0.37,3.473
5509,14.03.2011 11:00:00,-1.68,-1.68,-1.37,-0.87,0.37
5510,14.03.2011 12:00:00,-1.68,-1.75,-1.37,-0.87,0.37
5511,14.03.2011 13:00:00,-1.68,-1.68,-1.37,-0.93,0.37
5512,14.03.2011 14:00:00,-1.68,-1.68,-1.31,-0.87,0.37
5513,14.03.2011 15:00:00,-1.68,-1.68,-1.37,-0.93,0.37
5514,14.03.2011 16:00:00,-1.62,-1.68,-1.37,-0.93,0.37,3.467
5515,14.03.2011 17:00:00,-1.62,-1.62,-1.37,-0.87,0.37
5516,14.03.2011 18:00:00,-1.56,-1.62,-1.37,-0.93,0.37
5517,14.03.2011 19:00:00,-1.56,-1.56,-1.37,-0.87,0.37
5518,14.03.2011 20:00:00,-1.5,-1.56,-1.31,-0.93,0.37
5519,14.03.2011 21:00:00,-1.5,-1.5,-1.37,-0.87,0.37
5520,14.03.2011 22:00:00,-1.5,-1.5,-1.31,-0.87,0.37,3.473
5521,14.03.2011 23:00:00,-1.43,-1.43,-1.31,-0.93,0.37
5522,15.03.2011 00:00:00,-1.43,-1.43,-1.31,-0.87,0.37
5523,15.03.2011 01:00:00,-1.37,-1.43,-1.31,-0.87,0.37
5524,15.03.2011 02:00:00,-1.43,-1.43,-1.31,-0.87,0.37
5525,15.03.2011 03:00:00,-1.37,-1.43,-1.31,-0.93,0.31
5526,15.03.2011 04:00:00,-1.37,-1.43,-1.31,-0.87,0.37,3.469
5527,15.03.2011 05:00:00,-1.37,-1.37,-1.31,-0.93,0.37
5528,15.03.2011 06:00:00,-1.37,-1.43,-1.31,-0.87,0.37
5529,15.03.2011 07:00:00,-1.43,-1.43,-1.31,-0.87,0.31
5530,15.03.2011 08:00:00,-1.37,-1.43,-1.31,-0.87,0.37
5531,15.03.2011 09:00:00,-1.43,-1.43,-1.31,-0.87,0.31
5532,15.03.2011 10:00:00,-1.43,-1.43,-1.25,-0.87,0.37,3.468
5533,15.03.2011 11:00:00,-1.37,-1.43,-1.31,-0.93,0.37
5534,15.03.2011 12:00:00,-1.43,-1.43,-1.31,-0.87,0.37
5535,15.03.2011 13:00:00,-1.43,-1.43,-1.25,-0.87,0.37
5536,15.03.2011 14:00:00,-1.43,-1.37,-1.25,-0.87,0.31
5537,15.03.2011 15:00:00,-1.37,-1.37,-1.25,-0.87,0.37
5538,15.03.2011 16:00:00,-1.37,-1.31,-1.25,-0.87,0.37,3.471
5539,15.03.2011 17:00:00,-1.37,-1.31,-1.25,-0.87,0.37
5540,15.03.2011 18:00:00,-1.31,-1.25,-1.31,-0.87,0.37
5541,15.03.2011 19:00:00,-1.25,-1.18,-1.25,-0.93,0.37
5542,15.03.2011 20:00:00,-1.18,-1.18,-1.25,-0.87,0.37
5543,15.03.2011 21:00:00,-1.18,-1.12,-1.25,-0.87,0.37
5544,15.03.2011 22:00:00,-1.12,-1.06,-1.25,-0.87,0.37,3.477
5545,15.03.2011 23:00:00,-1.12,-1.06,-1.18,-0.87,0.37
5546,16.03.2011 00:00:00,-1.06,-1.06,-1.18,-0.87,0.37
5547,16.03.2011 01:00:00,-1.06,-1,-1.18,-0.87,0.37
5548,16.03.2011 02:00:00,-1,-1,-1.18,-0.87,0.37
5549,16.03.2011 03:00:00,-1,-1,-1.18,-0.87,0.37
5550,16.03.2011 04:00:00,-1,-0.93,-1.18,-0.87,0.37,3.477
5551,16.03.2011 05:00:00,-1,-0.93,-1.18,-0.87,0.37
5552,16.03.2011 06:00:00,-0.93,-0.93,-1.18,-0.87,0.37
5553,16.03.2011 07:00:00,-0.93,-0.93,-1.18,-0.87,0.37
5554,16.03.2011 08:00:00,-0.93,-0.93,-1.12,-0.87,0.31
5555,16.03.2011 09:00:00,-0.93,-0.87,-1.12,-0.87,0.31
5556,16.03.2011 10:00:00,-0.87,-0.87,-1.12,-0.87,0.37,3.478
5557,16.03.2011 11:00:00,-0.93,-0.87,-1.12,-0.87,0.37
5558,16.03.2011 12:00:00,-0.87,-0.87,-1.12,-0.87,0.37
5559,16.03.2011 13:00:00,-0.87,-0.87,-1.12,-0.87,0.31
5560,16.03.2011 14:00:00,-0.87,-0.87,-1.12,-0.87,0.37
5561,16.03.2011 15:00:00,-0.87,-0.87,-1.06,-0.87,0.37
5562,16.03.2011 16:00:00,-0.87,-0.87,-1.12,-0.87,0.31,3.473
5563,16.03.2011 17:00:00,-0.87,-0.81,-1.06,-0.87,0.31
5564,16.03.2011 18:00:00,-0.87,-0.81,-1.06,-0.87,0.31
5565,16.03.2011 19:00:00,-0.81,-0.81,-1.06,-0.87,0.31
5566,16.03.2011 20:00:00,-0.87,-0.81,-1.06,-0.87,0.31
5567,16.03.2011 21:00:00,-0.81,-0.81,-1.06,-0.87,0.31
5568,16.03.2011 22:00:00,-0.81,-0.81,-1.06,-0.87,0.37,3.479
5569,16.03.2011 23:00:00,-0.81,-0.81,-1.06,-0.87,0.31
5570,17.03.2011 00:00:00,-0.81,-0.81,-1,-0.87,0.37
5571,17.03.2011 01:00:00,-0.81,-0.81,-1,-0.87,0.37
5572,17.03.2011 02:00:00,-0.81,-0.81,-1,-0.87,0.31
5573,17.03.2011 03:00:00,-0.87,-0.87,-1.06,-0.87,0.31
5574,17.03.2011 04:00:00,-0.87,-0.93,-1,-0.87,0.31,3.478
5575,17.03.2011 05:00:00,-0.87,-1,-1,-0.87,0.37
5576,17.03.2011 06:00:00,-0.93,-1.06,-1,-0.87,0.31
5577,17.03.2011 07:00:00,-1,-1.12,-1.06,-0.87,0.37
5578,17.03.2011 08:00:00,-1,-1.18,-1.06,-0.81,0.31
5579,17.03.2011 09:00:00,-1.06,-1.25,-1.06,-0.87,0.37
5580,17.03.2011 10:00:00,-1.18,-1.31,-1.06,-0.87,0.31,3.477
5581,17.03.2011 11:00:00,-1.25,-1.43,-1.06,-0.87,0.31
5582,17.03.2011 12:00:00,-1.31,-1.5,-1.06,-0.87,0.31
5583,17.03.2011 13:00:00,-1.37,-1.56,-1.06,-0.87,0.31
5584,17.03.2011 14:00:00,-1.43,-1.56,-1.06,-0.87,0.31
5585,17.03.2011 15:00:00,-1.43,-1.56,-1.12,-0.81,0.31
5586,17.03.2011 16:00:00,-1.5,-1.62,-1.12,-0.81,0.37,3.473
5587,17.03.2011 17:00:00,-1.5,-1.56,-1.12,-0.81,0.31
5588,17.03.2011 18:00:00,-1.5,-1.56,-1.12,-0.81,0.31
5589,17.03.2011 19:00:00,-1.43,-1.56,-1.12,-0.81,0.31
5590,17.03.2011 20:00:00,-1.43,-1.5,-1.18,-0.87,0.31
5591,17.03.2011 21:00:00,-1.43,-1.5,-1.18,-0.87,0.31
5592,17.03.2011 22:00:00,-1.5,-1.5,-1.18,-0.81,0.31,3.474
5593,17.03.2011 23:00:00,-1.43,-1.56,-1.18,-0.81,0.31
5594,18.03.2011 00:00:00,-1.5,-1.56,-1.18,-0.87,0.37
5595,18.03.2011 01:00:00,-1.5,-1.56,-1.18,-0.81,0.31
5596,18.03.2011 02:00:00,-1.56,-1.62,-1.18,-0.81,0.31
5597,18.03.2011 03:00:00,-1.56,-1.68,-1.18,-0.87,0.31
5598,18.03.2011 04:00:00,-1.62,-1.75,-1.18,-0.81,0.31,3.467
5599,18.03.2011 05:00:00,-1.68,-1.75,-1.18,-0.81,0.37
5600,18.03.2011 06:00:00,-1.68,-1.81,-1.25,-0.81,0.31
5601,18.03.2011 07:00:00,-1.75,-1.87,-1.25,-0.87,0.31
5602,18.03.2011 08:00:00,-1.81,-1.93,-1.25,-0.81,0.31
5603,18.03.2011 09:00:00,-1.87,-2,-1.25,-0.81,0.31
5604,18.03.2011 10:00:00,-1.93,-2.06,-1.25,-0.81,0.31,3.466
5605,18.03.2011 11:00:00,-2,-2.12,-1.25,-0.81,0.31
5606,18.03.2011 12:00:00,-2.06,-2.12,-1.31,-0.81,0.31
5607,18.03.2011 13:00:00,-2.06,-2.18,-1.31,-0.81,0.31
5608,18.03.2011 14:00:00,-2.12,-2.18,-1.31,-0.81,0.31
5609,18.03.2011 15:00:00,-2.06,-2.18,-1.37,-0.81,0.31
5610,18.03.2011 16:00:00,-2.06,-2.12,-1.37,-0.81,0.37,3.466
5611,18.03.2011 17:00:00,-2,-2.06,-1.37,-0.81,0.31
5612,18.03.2011 18:00:00,-1.93,-1.93,-1.37,-0.81,0.31
5613,18.03.2011 19:00:00,-1.87,-1.87,-1.37,-0.81,0.31
5614,18.03.2011 20:00:00,-1.87,-1.87,-1.37,-0.81,0.31
5615,18.03.2011 21:00:00,-1.81,-1.81,-1.37,-0.81,0.31
5616,18.03.2011 22:00:00,-1.81,-1.81,-1.37,-0.81,0.31,3.466
5617,18.03.2011 23:00:00,-1.81,-1.87,-1.37,-0.87,0.31
5618,19.03.2011 00:00:00,-1.81,-1.87,-1.37,-0.81,0.31
5619,19.03.2011 01:00:00,-1.87,-1.93,-1.37,-0.81,0.31
5620,19.03.2011 02:00:00,-1.93,-2,-1.37,-0.81,0.31
5621,19.03.2011 03:00:00,-2,-2.06,-1.37,-0.81,0.31
5622,19.03.2011 04:00:00,-2.06,-2.12,-1.37,-0.87,0.31,3.463
5623,19.03.2011 05:00:00,-2.12,-2.18,-1.43,-0.81,0.31
5624,19.03.2011 06:00:00,-2.18,-2.31,-1.43,-0.81,0.31
5625,19.03.2011 07:00:00,-2.25,-2.37,-1.43,-0.81,0.31
5626,19.03.2011 08:00:00,-2.31,-2.43,-1.43,-0.81,0.31
5627,19.03.2011 09:00:00,-2.43,-2.56,-1.43,-0.81,0.31
5628,19.03.2011 10:00:00,-2.5,-2.56,-1.43,-0.87,0.31,3.466
5629,19.03.2011 11:00:00,-2.56,-2.62,-1.5,-0.81,0.31
5630,19.03.2011 12:00:00,-2.62,-2.68,-1.5,-0.87,0.31
5631,19.03.2011 13:00:00,-2.62,-2.68,-1.56,-0.81,0.37
5632,19.03.2011 14:00:00,-2.62,-2.62,-1.56,-0.87,0.31
5633,19.03.2011 15:00:00,-2.56,-2.62,-1.56,-0.87,0.31
5634,19.03.2011 16:00:00,-2.5,-2.5,-1.62,-0.87,0.31,3.463
5635,19.03.2011 17:00:00,-2.43,-2.43,-1.56,-0.87,0.31
5636,19.03.2011 18:00:00,-2.31,-2.31,-1.62,-0.87,0.31
5637,19.03.2011 19:00:00,-2.25,-2.25,-1.56,-0.87,0.31
5638,19.03.2011 20:00:00,-2.18,-2.18,-1.56,-0.87,0.31
5639,19.03.2011 21:00:00,-2.12,-2.12,-1.56,-0.87,0.31
5640,19.03.2011 22:00:00,-2.12,-2.12,-1.56,-0.87,0.31,3.464
5641,19.03.2011 23:00:00,-2.06,-2.06,-1.56,-0.87,0.31
5642,20.03.2011 00:00:00,-2.06,-2.06,-1.56,-0.87,0.31
5643,20.03.2011 01:00:00,-2.06,-2.12,-1.56,-0.87,0.31
5644,20.03.2011 02:00:00,-2.06,-2.12,-1.56,-0.87,0.31
5645,20.03.2011 03:00:00,-2.18,-2.18,-1.56,-0.87,0.31
5646,20.03.2011 04:00:00,-2.18,-2.25,-1.56,-0.87,0.31,3.465
5647,20.03.2011 05:00:00,-2.25,-2.31,-1.56,-0.87,0.31
5648,20.03.2011 06:00:00,-2.31,-2.37,-1.56,-0.87,0.31
5649,20.03.2011 07:00:00,-2.37,-2.43,-1.56,-0.87,0.31
5650,20.03.2011 08:00:00,-2.5,-2.56,-1.56,-0.87,0.31
5651,20.03.2011 09:00:00,-2.5,-2.68,-1.62,-0.87,0.31
5652,20.03.2011 10:00:00,-2.62,-2.75,-1.62,-0.87,0.31,3.460
5653,20.03.2011 11:00:00,-2.75,-2.81,-1.68,-0.87,0.31
5654,20.03.2011 12:00:00,-2.81,-2.81,-1.62,-0.87,0.31
5655,20.03.2011 13:00:00,-2.81,-2.87,-1.68,-0.87,0.31
5656,20.03.2011 14:00:00,-2.81,-2.81,-1.68,-0.87,0.31
5657,20.03.2011 15:00:00,-2.75,-2.75,-1.75,-0.87,0.31
5658,20.03.2011 16:00:00,-2.62,-2.68,-1.75,-0.87,0.31,3.458
5659,20.03.2011 17:00:00,-2.62,-2.56,-1.75,-0.87,0.31
5660,20.03.2011 18:00:00,-2.5,-2.5,-1.75,-0.87,0.31
5661,20.03.2011 19:00:00,-2.43,-2.43,-1.75,-0.87,0.31
5662,20.03.2011 20:00:00,-2.43,-2.43,-1.75,-0.87,0.31
5663,20.03.2011 21:00:00,-2.37,-2.37,-1.75,-0.87,0.31
5664,20.03.2011 22:00:00,-2.37,-2.37,-1.75,-0.87,0.31,3.467
5665,20.03.2011 23:00:00,-2.37,-2.43,-1.68,-0.93,0.31
5666,21.03.2011 00:00:00,-2.43,-2.43,-1.68,-0.93,0.31
5667,21.03.2011 01:00:00,-2.43,-2.5,-1.68,-0.93,0.31
5668,21.03.2011 02:00:00,-2.5,-2.5,-1.68,-0.93,0.31
5669,21.03.2011 03:00:00,-2.56,-2.62,-1.75,-0.93,0.31
5670,21.03.2011 04:00:00,-2.62,-2.68,-1.75,-0.93,0.31,3.461
5671,21.03.2011 05:00:00,-2.68,-2.75,-1.75,-0.93,0.31
5672,21.03.2011 06:00:00,-2.75,-2.81,-1.75,-0.93,0.31
5673,21.03.2011 07:00:00,-2.81,-2.81,-1.75,-0.93,0.31
5674,21.03.2011 08:00:00,-2.87,-2.93,-1.81,-0.93,0.31
5675,21.03.2011 09:00:00,-2.93,-3,-1.81,-0.93,0.31
5676,21.03.2011 10:00:00,-3,-3,-1.81,-0.93,0.31,3.461
5677,21.03.2011 11:00:00,-3,-3.06,-1.87,-0.93,0.31
5678,21.03.2011 12:00:00,-3,-3.06,-1.87,-0.93,0.31
5679,21.03.2011 13:00:00,-3,-3.06,-1.87,-0.93,0.31
5680,21.03.2011 14:00:00,-3,-3,-1.87,-0.93,0.31
5681,21.03.2011 15:00:00,-2.93,-2.93,-1.87,-0.93,0.31
5682,21.03.2011 16:00:00,-2.81,-2.87,-1.87,-0.93,0.31,3.463
5683,21.03.2011 17:00:00,-2.75,-2.75,-1.87,-0.93,0.31
5684,21.03.2011 18:00:00,-2.68,-2.68,-1.87,-0.93,0.31
5685,21.03.2011 19:00:00,-2.62,-2.62,-1.87,-0.93,0.31
5686,21.03.2011 20:00:00,-2.56,-2.56,-1.87,-0.93,0.31
5687,21.03.2011 21:00:00,-2.56,-2.56,-1.87,-1,0.31
5688,21.03.2011 22:00:00,-2.5,-2.5,-1.87,-0.93,0.31,3.460
5689,21.03.2011 23:00:00,-2.5,-2.56,-1.87,-0.93,0.31
5690,22.03.2011 00:00:00,-2.56,-2.56,-1.87,-0.93,0.31
5691,22.03.2011 01:00:00,-2.62,-2.62,-1.87,-1,0.31
5692,22.03.2011 02:00:00,-2.62,-2.68,-1.87,-1,0.31
5693,22.03.2011 03:00:00,-2.68,-2.81,-1.87,-1,0.31
5694,22.03.2011 04:00:00,-2.81,-2.87,-1.81,-1,0.31,3.463
5695,22.03.2011 05:00:00,-2.87,-2.93,-1.87,-1,0.31
5696,22.03.2011 06:00:00,-2.93,-3.06,-1.87,-1,0.31
5697,22.03.2011 07:00:00,-3.06,-3.18,-1.93,-1,0.31
5698,22.03.2011 08:00:00,-3.12,-3.25,-1.93,-1,0.31
5699,22.03.2011 09:00:00,-3.18,-3.31,-1.93,-1,0.31
5700,22.03.2011 10:00:00,-3.25,-3.31,-2,-1,0.31,3.455
5701,22.03.2011 11:00:00,-3.31,-3.37,-2,-1,0.31
5702,22.03.2011 12:00:00,-3.37,-3.37,-2,-1,0.31
5703,22.03.2011 13:00:00,-3.31,-3.37,-2.06,-1,0.31
5704,22.03.2011 14:00:00,-3.25,-3.31,-2.06,-1,0.31
5705,22.03.2011 15:00:00,-3.25,-3.18,-2.06,-1,0.31
5706,22.03.2011 16:00:00,-3.12,-3.12,-2.06,-1,0.31,3.459
5707,22.03.2011 17:00:00,-3,-2.93,-2.06,-1,0.31
5708,22.03.2011 18:00:00,-2.93,-2.87,-2.06,-1,0.31
5709,22.03.2011 19:00:00,-2.81,-2.81,-2.06,-1,0.31
5710,22.03.2011 20:00:00,-2.75,-2.75,-2.06,-1,0.25
5711,22.03.2011 21:00:00,-2.68,-2.68,-2.06,-1,0.31
5712,22.03.2011 22:00:00,-2.68,-2.68,-2,-1,0.31,3.457
5713,22.03.2011 23:00:00,-2.68,-2.68,-2,-1,0.31
5714,23.03.2011 00:00:00,-2.75,-2.75,-2,-1,0.31
5715,23.03.2011 01:00:00,-2.75,-2.75,-2,-1.06,0.31
5716,23.03.2011 02:00:00,-2.75,-2.81,-2,-1,0.31
5717,23.03.2011 03:00:00,-2.81,-2.87,-2,-1,0.31
5718,23.03.2011 04:00:00,-2.93,-2.93,-2,-1.06,0.31,3.457
5719,23.03.2011 05:00:00,-2.93,-3,-2,-1.06,0.31
5720,23.03.2011 06:00:00,-3,-3.06,-2.06,-1,0.31
5721,23.03.2011 07:00:00,-3.06,-3.12,-2,-1.06,0.31
5722,23.03.2011 08:00:00,-3.12,-3.18,-2.06,-1.06,0.31
5723,23.03.2011 09:00:00,-3.18,-3.25,-2.06,-1.06,0.31
5724,23.03.2011 10:00:00,-3.25,-3.25,-2.06,-1.06,0.31,3.454
5725,23.03.2011 11:00:00,-3.25,-3.25,-2.06,-1.06,0.31
5726,23.03.2011 12:00:00,-3.18,-3.25,-2.12,-1.06,0.31
5727,23.03.2011 13:00:00,-3.18,-3.18,-2.12,-1.06,0.25
5728,23.03.2011 14:00:00,-3.12,-3.12,-2.12,-1.06,0.31
5729,23.03.2011 15:00:00,-3.06,-3,-2.12,-1.06,0.31
5730,23.03.2011 16:00:00,-2.93,-2.93,-2.12,-1.06,0.31,3.460
5731,23.03.2011 17:00:00,-2.81,-2.81,-2.12,-1.06,0.31
5732,23.03.2011 18:00:00,-2.75,-2.68,-2.12,-1.06,0.31
5733,23.03.2011 19:00:00,-2.62,-2.56,-2.06,-1.06,0.31
5734,23.03.2011 20:00:00,-2.56,-2.5,-2.06,-1.06,0.31
5735,23.03.2011 21:00:00,-2.5,-2.43,-2.06,-1.06,0.31
5736,23.03.2011 22:00:00,-2.43,-2.43,-2,-1.06,0.31,3.463
5737,23.03.2011 23:00:00,-2.43,-2.43,-2.06,-1.06,0.25
5738,24.03.2011 00:00:00,-2.37,-2.43,-2,-1.06,0.31
5739,24.03.2011 01:00:00,-2.37,-2.43,-2,-1.06,0.31
5740,24.03.2011 02:00:00,-2.43,-2.43,-1.93,-1.06,0.31
5741,24.03.2011 03:00:00,-2.43,-2.5,-1.93,-1.06,0.31
5742,24.03.2011 04:00:00,-2.5,-2.56,-1.93,-1.06,0.31,3.464
5743,24.03.2011 05:00:00,-2.56,-2.62,-1.93,-1.06,0.31
5744,24.03.2011 06:00:00,-2.68,-2.68,-1.93,-1.06,0.31
5745,24.03.2011 07:00:00,-2.75,-2.75,-1.93,-1.06,0.31
5746,24.03.2011 08:00:00,-2.81,-2.87,-2,-1.12,0.25
5747,24.03.2011 09:00:00,-2.87,-2.93,-2,-1.06,0.31
5748,24.03.2011 10:00:00,-2.93,-3,-2,-1.06,0.25,3.457
5749,24.03.2011 11:00:00,-3,-3,-2,-1.06,0.25
5750,24.03.2011 12:00:00,-3,-3.06,-2,-1.12,0.31
5751,24.03.2011 13:00:00,-3,-3.06,-2.06,-1.06,0.31
5752,24.03.2011 14:00:00,-3,-3,-2.06,-1.06,0.31
5753,24.03.2011 15:00:00,-2.87,-2.87,-2.06,-1.06,0.25
5754,24.03.2011 16:00:00,-2.75,-2.75,-2.06,-1.12,0.31,3.461
5755,24.03.2011 17:00:00,-2.68,-2.62,-2.06,-1.12,0.25
5756,24.03.2011 18:00:00,-2.56,-2.5,-2.06,-1.12,0.25
5757,24.03.2011 19:00:00,-2.43,-2.43,-2,-1.12,0.25
5758,24.03.2011 20:00:00,-2.31,-2.25,-2,-1.06,0.25
5759,24.03.2011 21:00:00,-2.18,-2.18,-2,-1.12,0.25
5760,24.03.2011 22:00:00,-2.12,-2.12,-1.93,-1.12,0.25,3.465
5761,24.03.2011 23:00:00,-2.06,-2,-1.93,-1.12,0.25
5762,25.03.2011 00:00:00,-1.93,-1.93,-1.93,-1.12,0.25
5763,25.03.2011 01:00:00,-1.93,-1.87,-1.87,-1.12,0.31
5764,25.03.2011 02:00:00,-1.87,-1.81,-1.87,-1.06,0.25
5765,25.03.2011 03:00:00,-1.81,-1.81,-1.87,-1.12,0.31
5766,25.03.2011 04:00:00,-1.75,-1.75,-1.81,-1.06,0.25,3.470
5767,25.03.2011 05:00:00,-1.75,-1.75,-1.75,-1.12,0.31
5768,25.03.2011 06:00:00,-1.75,-1.75,-1.81,-1.12,0.25
5769,25.03.2011 07:00:00,-1.75,-1.81,-1.75,-1.12,0.25
5770,25.03.2011 08:00:00,-1.81,-1.81,-1.75,-1.12,0.31
5771,25.03.2011 09:00:00,-1.87,-1.87,-1.75,-1.12,0.25
5772,25.03.2011 10:00:00,-1.87,-1.93,-1.75,-1.12,0.25,3.467
5773,25.03.2011 11:00:00,-1.93,-1.93,-1.75,-1.12,0.31
5774,25.03.2011 12:00:00,-2,-2,-1.68,-1.12,0.25
5775,25.03.2011 13:00:00,-1.93,-1.93,-1.75,-1.12,0.25
5776,25.03.2011 14:00:00,-1.87,-0.31,-1.68,-1.12,0.25
5777,25.03.2011 15:00:00,-1.5,0,-1.56,-1.12,0.31
5778,25.03.2011 16:00:00,-1.12,0,-1.06,-1.06,0.25,3.479
5779,25.03.2011 17:00:00,-0.87,0,-0.81,-1.06,0.25
5780,25.03.2011 18:00:00,-0.81,0,-1.31,-1.12,0.25
5781,25.03.2011 19:00:00,-0.68,0.06,-1.37,-1.06,0.31
5782,25.03.2011 20:00:00,-0.68,0,-1.31,-1.06,0.31
5783,25.03.2011 21:00:00,-0.68,0,-1.31,-1.06,0.25
5784,25.03.2011 22:00:00,-0.62,0,-1.31,-1.06,0.25,3.476
5785,25.03.2011 23:00:00,-0.62,-0.06,-1.31,-1.06,0.25
5786,26.03.2011 00:00:00,-0.68,-0.06,-1.25,-1.06,0.25
5787,26.03.2011 01:00:00,-0.68,-0.12,-1.25,-1.06,0.25
5788,26.03.2011 02:00:00,-0.62,-0.18,-1.25,-1.06,0.25
5789,26.03.2011 03:00:00,-0.62,-0.25,-1.18,-1.06,0.25
5790,26.03.2011 04:00:00,-0.68,-0.31,-1.18,-1.06,0.25,3.476
5791,26.03.2011 05:00:00,-0.62,-0.37,-1.18,-1.06,0.25
5792,26.03.2011 06:00:00,-0.62,-0.37,-1.18,-1.06,0.25
5793,26.03.2011 07:00:00,-0.62,-0.37,-1.18,-1.06,0.25
5794,26.03.2011 08:00:00,-0.62,-0.43,-1.18,-1.06,0.25
5795,26.03.2011 09:00:00,-0.62,-0.37,-1.12,-1.06,0.25
5796,26.03.2011 10:00:00,-0.62,-0.43,-1.12,-1.06,0.25,3.478
5797,26.03.2011 11:00:00,-0.62,-0.43,-1.12,-1.06,0.25
5798,26.03.2011 12:00:00,-0.62,-0.43,-1.12,-1.06,0.25
5799,26.03.2011 13:00:00,-0.62,-0.43,-1.12,-1,0.25
5800,26.03.2011 14:00:00,-0.62,-0.43,-1.12,-1.06,0.25
5801,26.03.2011 15:00:00,-0.62,-0.43,-1.06,-1,0.25
5802,26.03.2011 16:00:00,-0.62,-0.43,-1.06,-1,0.25,3.478
5803,26.03.2011 17:00:00,-0.62,-0.43,-1.06,-1,0.25
5804,26.03.2011 18:00:00,-0.62,-0.43,-1.06,-1,0.25
5805,26.03.2011 19:00:00,-0.62,-0.43,-1.06,-1,0.25
5806,26.03.2011 20:00:00,-0.62,-0.43,-1,-1,0.25
5807,26.03.2011 21:00:00,-0.56,-0.43,-1.06,-1,0.25
5808,26.03.2011 22:00:00,-0.56,-0.43,-1,-1,0.25,3.477
5809,26.03.2011 23:00:00,-0.56,-0.43,-1,-1,0.25
5810,27.03.2011 00:00:00,-0.56,-0.43,-1,-1,0.25
5811,27.03.2011 01:00:00,-0.56,-0.43,-1,-1,0.25
5812,27.03.2011 02:00:00,-0.56,-0.43,-1,-1,0.25
5813,27.03.2011 03:00:00,-0.56,-0.43,-1,-1,0.25
5814,27.03.2011 04:00:00,-0.56,-0.43,-1,-1,0.25,3.483
5815,27.03.2011 05:00:00,-0.5,-0.43,-0.93,-0.93,0.25
5816,27.03.2011 06:00:00,-0.56,-0.43,-1,-1,0.25
5817,27.03.2011 07:00:00,-0.56,-0.43,-0.93,-1,0.25
5818,27.03.2011 08:00:00,-0.56,-0.43,-0.93,-0.93,0.25
5819,27.03.2011 09:00:00,-0.56,-0.43,-0.93,-0.93,0.25
5820,27.03.2011 10:00:00,-0.56,-0.43,-0.93,-0.93,0.25,3.482
5821,27.03.2011 11:00:00,-0.56,-0.43,-0.93,-0.93,0.25
5822,27.03.2011 12:00:00,-0.56,-0.43,-0.93,-0.93,0.25
5823,27.03.2011 13:00:00,-0.12,0.06,-0.93,-1,0.25
5824,27.03.2011 14:00:00,0.06,0.06,-0.06,-0.18,0.25
5825,27.03.2011 15:00:00,0.06,0.06,-0.18,-0.18,0.25
5826,27.03.2011 16:00:00,0.06,0,-0.12,-0.81,0.25,3.482
5827,27.03.2011 17:00:00,0,0,-0.25,-0.87,0.25
5828,27.03.2011 18:00:00,0,0,-0.43,-0.93,0.25
5829,27.03.2011 19:00:00,0,0,-0.5,-0.87,0.25
5830,27.03.2011 20:00:00,0,0,-0.5,-0.93,0.25
5831,27.03.2011 21:00:00,0,0,-0.5,-0.87,0.25
5832,27.03.2011 22:00:00,0,0,-0.5,-0.87,0.25,3.481
5833,27.03.2011 23:00:00,-0.06,0,-0.5,-0.87,0.25
5834,28.03.2011 00:00:00,-0.06,0,-0.5,-0.87,0.25
5835,28.03.2011 01:00:00,0,0,-0.43,-0.87,0.25
5836,28.03.2011 02:00:00,-0.06,-0.06,-0.43,-0.87,0.25
5837,28.03.2011 03:00:00,-0.06,-0.06,-0.43,-0.81,0.25
5838,28.03.2011 04:00:00,-0.06,-0.06,-0.43,-0.87,0.25,3.481
5839,28.03.2011 05:00:00,-0.06,-0.06,-0.43,-0.87,0.25
5840,28.03.2011 06:00:00,-0.06,-0.06,-0.43,-0.81,0.25
5841,28.03.2011 07:00:00,-0.06,-0.06,-0.43,-0.81,0.25
5842,28.03.2011 08:00:00,-0.06,-0.06,-0.43,-0.81,0.25
5843,28.03.2011 09:00:00,-0.06,-0.06,-0.43,-0.81,0.25
5844,28.03.2011 10:00:00,-0.06,-0.06,-0.43,-0.81,0.25,3.481
5845,28.03.2011 11:00:00,-0.06,-0.06,-0.43,-0.81,0.25
5846,28.03.2011 12:00:00,-0.06,-0.06,-0.43,-0.81,0.25
5847,28.03.2011 13:00:00,0,0,-0.43,-0.81,0.25
5848,28.03.2011 14:00:00,-0.06,0,-0.43,-0.81,0.25
5849,28.03.2011 15:00:00,-0.06,0,-0.43,-0.81,0.25
5850,28.03.2011 16:00:00,-0.06,0,-0.43,-0.81,0.25,3.487
5851,28.03.2011 17:00:00,-0.06,0,-0.43,-0.81,0.25
5852,28.03.2011 18:00:00,-0.06,0,-0.43,-0.81,0.25
5853,28.03.2011 19:00:00,-0.06,0,-0.43,-0.81,0.25
5854,28.03.2011 20:00:00,-0.06,0,-0.43,-0.81,0.25
5855,28.03.2011 21:00:00,-0.06,0,-0.43,-0.81,0.25
5856,28.03.2011 22:00:00,-0.06,0,-0.43,-0.81,0.25,3.482
5857,28.03.2011 23:00:00,-0.06,0,-0.43,-0.81,0.25
5858,29.03.2011 00:00:00,-0.06,0,-0.43,-0.75,0.18
5859,29.03.2011 01:00:00,-0.06,0,-0.43,-0.81,0.25
5860,29.03.2011 02:00:00,-0.06,0,-0.43,-0.75,0.25
5861,29.03.2011 03:00:00,-0.12,0,-0.43,-0.75,0.25
5862,29.03.2011 04:00:00,-0.06,0,-0.43,-0.81,0.25,3.487
5863,29.03.2011 05:00:00,-0.06,-0.06,-0.5,-0.75,0.25
5864,29.03.2011 06:00:00,-0.12,-0.06,-0.43,-0.75,0.25
5865,29.03.2011 07:00:00,-0.06,-0.06,-0.5,-0.75,0.25
5866,29.03.2011 08:00:00,-0.06,-0.06,-0.5,-0.75,0.25
5867,29.03.2011 09:00:00,-0.06,-0.06,-0.43,-0.75,0.25
5868,29.03.2011 10:00:00,-0.06,-0.06,-0.5,-0.75,0.25,3.488
5869,29.03.2011 11:00:00,-0.06,-0.06,-0.5,-0.75,0.25
5870,29.03.2011 12:00:00,-0.06,-0.06,-0.5,-0.75,0.25
5871,29.03.2011 13:00:00,-0.12,0,-0.5,-0.75,0.25
5872,29.03.2011 14:00:00,-0.06,0,-0.5,-0.75,0.25
5873,29.03.2011 15:00:00,-0.12,0,-0.43,-0.75,0.25
5874,29.03.2011 16:00:00,-0.06,0,-0.5,-0.75,0.25,3.484
5875,29.03.2011 17:00:00,-0.06,0,-0.5,-0.75,0.25
5876,29.03.2011 18:00:00,-0.06,0,-0.5,-0.75,0.25
5877,29.03.2011 19:00:00,-0.12,0,-0.5,-0.75,0.25
5878,29.03.2011 20:00:00,-0.06,0,-0.43,-0.75,0.25
5879,29.03.2011 21:00:00,-0.06,0,-0.5,-0.75,0.25
5880,29.03.2011 22:00:00,-0.06,0,-0.43,-0.75,0.25,3.488
5881,29.03.2011 23:00:00,-0.06,0,-0.5,-0.75,0.25
5882,30.03.2011 00:00:00,-0.06,-0.06,-0.5,-0.75,0.25
5883,30.03.2011 01:00:00,-0.06,0,-0.5,-0.75,0.25
5884,30.03.2011 02:00:00,-0.06,0,-0.43,-0.75,0.25
5885,30.03.2011 03:00:00,-0.06,0,-0.5,-0.75,0.25
5886,30.03.2011 04:00:00,-0.12,0,-0.5,-0.68,0.25,3.483
5887,30.03.2011 05:00:00,-0.06,0,-0.5,-0.75,0.25
5888,30.03.2011 06:00:00,-0.12,0,-0.5,-0.75,0.25
5889,30.03.2011 07:00:00,-0.06,-0.06,-0.5,-0.68,0.25
5890,30.03.2011 08:00:00,-0.12,-0.06,-0.5,-0.75,0.25
5891,30.03.2011 09:00:00,-0.06,-0.06,-0.43,-0.68,0.25
5892,30.03.2011 10:00:00,-0.12,0,-0.5,-0.68,0.25,3.488
5893,30.03.2011 11:00:00,-0.06,-0.06,-0.5,-0.75,0.25
5894,30.03.2011 12:00:00,-0.12,-0.06,-0.43,-0.68,0.25
5895,30.03.2011 13:00:00,-0.06,-0.06,-0.5,-0.68,0.25
5896,30.03.2011 14:00:00,-0.12,-0.06,-0.5,-0.68,0.25
5897,30.03.2011 15:00:00,-0.12,-0.06,-0.43,-0.68,0.18
5898,30.03.2011 16:00:00,-0.06,0,-0.5,-0.68,0.25,3.483
5899,30.03.2011 17:00:00,-0.12,-0.06,-0.43,-0.68,0.25
5900,30.03.2011 18:00:00,-0.06,-0.06,-0.43,-0.68,0.25
5901,30.03.2011 19:00:00,-0.06,-0.06,-0.43,-0.68,0.25
5902,30.03.2011 20:00:00,-0.06,-0.06,-0.5,-0.68,0.25
5903,30.03.2011 21:00:00,-0.06,-0.06,-0.43,-0.68,0.25
5904,30.03.2011 22:00:00,-0.12,0,-0.5,-0.68,0.25,3.482
5905,30.03.2011 23:00:00,-0.12,0,-0.43,-0.68,0.25
5906,31.03.2011 00:00:00,-0.06,-0.06,-0.43,-0.68,0.25
5907,31.03.2011 01:00:00,-0.06,-0.06,-0.43,-0.68,0.25
5908,31.03.2011 02:00:00,-0.12,-0.06,-0.43,-0.68,0.25
5909,31.03.2011 03:00:00,-0.12,-0.06,-0.5,-0.68,0.25
5910,31.03.2011 04:00:00,-0.06,-0.06,-0.5,-0.68,0.25,3.483
5911,31.03.2011 05:00:00,-0.12,-0.06,-0.5,-0.68,0.25
5912,31.03.2011 06:00:00,-0.12,-0.06,-0.43,-0.68,0.25
5913,31.03.2011 07:00:00,-0.12,-0.06,-0.43,-0.68,0.25
5914,31.03.2011 08:00:00,-0.12,-0.06,-0.5,-0.68,0.25
5915,31.03.2011 09:00:00,-0.06,-0.06,-0.5,-0.68,0.25
5916,31.03.2011 10:00:00,-0.06,-0.06,-0.5,-0.68,0.25,3.488
5917,31.03.2011 11:00:00,-0.12,-0.06,-0.43,-0.68,0.25
5918,31.03.2011 12:00:00,-0.06,-0.06,-0.43,-0.68,0.25
5919,31.03.2011 13:00:00,-0.12,-0.06,-0.43,-0.68,0.25
5920,31.03.2011 14:00:00,-0.06,-0.06,-0.43,-0.68,0.25
5921,31.03.2011 15:00:00,-0.12,-0.06,-0.43,-0.68,0.25
5922,31.03.2011 16:00:00,-0.12,-0.06,-0.5,-0.68,0.25,3.488
5923,31.03.2011 17:00:00,-0.12,-0.06,-0.5,-0.68,0.25
5924,31.03.2011 18:00:00,-0.12,-0.06,-0.5,-0.68,0.25
5925,31.03.2011 19:00:00,-0.06,-0.06,-0.43,-0.68,0.25
5926,31.03.2011 20:00:00,-0.06,-0.06,-0.43,-0.68,0.25
5927,31.03.2011 21:00:00,-0.06,-0.06,-0.43,-0.68,0.25
5928,31.03.2011 22:00:00,-0.12,-0.06,-0.43,-0.68,0.25,3.488
5929,31.03.2011 23:00:00,-0.06,-0.06,-0.43,-0.68,0.25
5930,01.04.2011 00:00:00,-0.12,-0.06,-0.5,-0.68,0.25
5931,01.04.2011 01:00:00,-0.06,-0.06,-0.43,-0.68,0.25
5932,01.04.2011 02:00:00,-0.06,-0.06,-0.43,-0.68,0.25
5933,01.04.2011 03:00:00,-0.12,-0.06,-0.43,-0.68,0.25
5934,01.04.2011 04:00:00,-0.12,-0.06,-0.43,-0.68,0.25,3.482
5935,01.04.2011 05:00:00,-0.06,-0.06,-0.43,-0.68,0.25
5936,01.04.2011 06:00:00,-0.06,-0.06,-0.43,-0.62,0.25
5937,01.04.2011 07:00:00,-0.12,-0.06,-0.43,-0.68,0.25
5938,01.04.2011 08:00:00,-0.12,-0.06,-0.43,-0.68,0.25
5939,01.04.2011 09:00:00,-0.06,-0.06,-0.43,-0.62,0.18
5940,01.04.2011 10:00:00,-0.12,-0.06,-0.43,-0.62,0.18,3.487
5941,01.04.2011 11:00:00,-0.06,-0.06,-0.43,-0.62,0.25
5942,01.04.2011 12:00:00,-0.12,-0.06,-0.43,-0.62,0.25
5943,01.04.2011 13:00:00,-0.12,-0.06,-0.43,-0.62,0.25
5944,01.04.2011 14:00:00,-0.12,-0.06,-0.43,-0.62,0.25
5945,01.04.2011 15:00:00,-0.12,-0.06,-0.43,-0.62,0.18
5946,01.04.2011 16:00:00,-0.12,-0.06,-0.43,-0.68,0.25,3.484
5947,01.04.2011 17:00:00,-0.12,-0.06,-0.43,-0.62,0.25
5948,01.04.2011 18:00:00,-0.12,-0.06,-0.43,-0.62,0.25
5949,01.04.2011 19:00:00,-0.12,-0.06,-0.43,-0.68,0.25
5950,01.04.2011 20:00:00,-0.12,-0.06,-0.43,-0.62,0.25
5951,01.04.2011 21:00:00,-0.12,-0.06,-0.43,-0.62,0.25
5952,01.04.2011 22:00:00,-0.12,-0.06,-0.43,-0.68,0.25,3.488
5953,01.04.2011 23:00:00,-0.06,-0.06,-0.43,-0.62,0.25
5954,02.04.2011 00:00:00,-0.06,-0.06,-0.43,-0.68,0.25
5955,02.04.2011 01:00:00,-0.12,-0.06,-0.43,-0.62,0.25
5956,02.04.2011 02:00:00,-0.12,-0.06,-0.43,-0.62,0.25
5957,02.04.2011 03:00:00,-0.12,-0.06,-0.43,-0.62,0.25
5958,02.04.2011 04:00:00,-0.12,-0.06,-0.43,-0.62,0.25,3.485
5959,02.04.2011 05:00:00,-0.12,-0.06,-0.43,-0.62,0.25
5960,02.04.2011 06:00:00,-0.12,-0.06,-0.43,-0.62,0.25
5961,02.04.2011 07:00:00,-0.12,-0.06,-0.43,-0.62,0.25
5962,02.04.2011 08:00:00,-0.12,-0.06,-0.43,-0.62,0.25
5963,02.04.2011 09:00:00,-0.12,-0.06,-0.43,-0.62,0.25
5964,02.04.2011 10:00:00,-0.12,-0.06,-0.43,-0.62,0.25,3.488
5965,02.04.2011 11:00:00,-0.12,-0.06,-0.43,-0.62,0.25
5966,02.04.2011 12:00:00,-0.12,-0.06,-0.43,-0.62,0.25
5967,02.04.2011 13:00:00,-0.12,-0.06,-0.43,-0.62,0.25
5968,02.04.2011 14:00:00,-0.06,-0.06,-0.43,-0.62,0.25
5969,02.04.2011 15:00:00,-0.06,-0.06,-0.43,-0.62,0.25
5970,02.04.2011 16:00:00,-0.12,-0.06,-0.43,-0.62,0.25,3.483
5971,02.04.2011 17:00:00,-0.12,-0.06,-0.43,-0.62,0.25
5972,02.04.2011 18:00:00,-0.12,-0.06,-0.43,-0.62,0.25
5973,02.04.2011 19:00:00,-0.06,-0.06,-0.43,-0.62,0.25
5974,02.04.2011 20:00:00,-0.06,-0.06,-0.43,-0.62,0.25
5975,02.04.2011 21:00:00,-0.12,-0.06,-0.43,-0.62,0.25
5976,02.04.2011 22:00:00,-0.12,-0.06,-0.43,-0.62,0.25,3.483
5977,02.04.2011 23:00:00,-0.06,-0.06,-0.43,-0.62,0.25
5978,03.04.2011 00:00:00,-0.06,-0.06,-0.43,-0.62,0.25
5979,03.04.2011 01:00:00,-0.12,-0.06,-0.43,-0.62,0.25
5980,03.04.2011 02:00:00,-0.12,-0.06,-0.43,-0.62,0.25
5981,03.04.2011 03:00:00,-0.12,-0.06,-0.37,-0.62,0.25
5982,03.04.2011 04:00:00,-0.12,-0.06,-0.37,-0.62,0.25,3.486
5983,03.04.2011 05:00:00,-0.12,-0.06,-0.43,-0.62,0.25
5984,03.04.2011 06:00:00,-0.12,-0.06,-0.43,-0.62,0.25
5985,03.04.2011 07:00:00,-0.12,-0.06,-0.43,-0.62,0.25
5986,03.04.2011 08:00:00,-0.06,-0.06,-0.43,-0.62,0.25
5987,03.04.2011 09:00:00,-0.12,-0.06,-0.37,-0.62,0.25
5988,03.04.2011 10:00:00,-0.12,-0.06,-0.43,-0.62,0.25,3.483
5989,03.04.2011 11:00:00,-0.12,-0.06,-0.43,-0.62,0.25
5990,03.04.2011 12:00:00,-0.06,-0.06,-0.43,-0.62,0.25
5991,03.04.2011 13:00:00,-0.06,-0.06,-0.43,-0.62,0.25
5992,03.04.2011 14:00:00,-0.12,-0.06,-0.43,-0.62,0.25
5993,03.04.2011 15:00:00,-0.06,-0.06,-0.37,-0.62,0.25
5994,03.04.2011 16:00:00,-0.12,-0.06,-0.37,-0.62,0.18,3.481
5995,03.04.2011 17:00:00,-0.06,-0.06,-0.37,-0.62,0.25
5996,03.04.2011 18:00:00,-0.12,-0.06,-0.37,-0.62,0.25
5997,03.04.2011 19:00:00,-0.06,-0.06,-0.37,-0.62,0.25
5998,03.04.2011 20:00:00,-0.06,-0.06,-0.37,-0.62,0.25
5999,03.04.2011 21:00:00,-0.06,-0.06,-0.37,-0.56,0.25
6000,03.04.2011 22:00:00,-0.06,-0.06,-0.37,-0.56,0.25,3.489
6001,03.04.2011 23:00:00,-0.06,-0.06,-0.43,-0.62,0.25
6002,04.04.2011 00:00:00,-0.12,-0.06,-0.37,-0.56,0.25
6003,04.04.2011 01:00:00,-0.06,0,-0.37,-0.56,0.25
6004,04.04.2011 02:00:00,-0.06,-0.06,-0.37,-0.62,0.25
6005,04.04.2011 03:00:00,-0.06,-0.06,-0.37,-0.62,0.25
6006,04.04.2011 04:00:00,-0.06,-0.06,-0.37,-0.62,0.18,3.487
6007,04.04.2011 05:00:00,-0.06,-0.06,-0.37,-0.56,0.25
6008,04.04.2011 06:00:00,-0.06,-0.06,-0.37,-0.62,0.25
6009,04.04.2011 07:00:00,-0.06,-0.06,-0.37,-0.62,0.25
6010,04.04.2011 08:00:00,-0.06,-0.06,-0.37,-0.56,0.25
6011,04.04.2011 09:00:00,-0.06,-0.06,-0.37,-0.56,0.25
6012,04.04.2011 10:00:00,-0.06,-0.06,-0.37,-0.56,0.25,3.484
6013,04.04.2011 11:00:00,-0.06,-0.06,-0.37,-0.56,0.25
6014,04.04.2011 12:00:00,-0.12,-0.06,-0.37,-0.56,0.25
6015,04.04.2011 13:00:00,-0.12,-0.06,-0.37,-0.56,0.25
6016,04.04.2011 14:00:00,-0.06,-0.06,-0.37,-0.56,0.25
6017,04.04.2011 15:00:00,-0.06,-0.06,-0.37,-0.56,0.25
6018,04.04.2011 16:00:00,-0.06,-0.06,-0.37,-0.62,0.25,3.484
6019,04.04.2011 17:00:00,-0.06,-0.06,-0.37,-0.56,0.25
6020,04.04.2011 18:00:00,-0.06,-0.06,-0.37,-0.56,0.25
6021,04.04.2011 19:00:00,-0.06,-0.06,-0.37,-0.56,0.25
6022,04.04.2011 20:00:00,-0.06,-0.06,-0.37,-0.56,0.25
6023,04.04.2011 21:00:00,-0.06,-0.06,-0.37,-0.56,0.25
6024,04.04.2011 22:00:00,-0.06,-0.06,-0.37,-0.62,0.25,3.484
6025,04.04.2011 23:00:00,-0.06,-0.06,-0.37,-0.56,0.25
6026,05.04.2011 00:00:00,-0.06,-0.06,-0.37,-0.62,0.25
6027,05.04.2011 01:00:00,-0.06,-0.06,-0.37,-0.56,0.25
6028,05.04.2011 02:00:00,-0.12,-0.06,-0.37,-0.56,0.25
6029,05.04.2011 03:00:00,-0.12,-0.06,-0.37,-0.56,0.25
6030,05.04.2011 04:00:00,-0.06,-0.06,-0.37,-0.56,0.25,3.484
6031,05.04.2011 05:00:00,-0.06,-0.06,-0.37,-0.56,0.25
6032,05.04.2011 06:00:00,-0.06,-0.06,-0.37,-0.56,0.25
6033,05.04.2011 07:00:00,-0.06,-0.06,-0.37,-0.56,0.25
6034,05.04.2011 08:00:00,-0.06,-0.06,-0.37,-0.56,0.25
6035,05.04.2011 09:00:00,-0.06,-0.06,-0.37,-0.56,0.25
6036,05.04.2011 10:00:00,-0.06,-0.06,-0.37,-0.56,0.25,3.489
6037,05.04.2011 11:00:00,-0.12,-0.06,-0.37,-0.56,0.25
6038,05.04.2011 12:00:00,-0.06,-0.06,-0.37,-0.56,0.25
6039,05.04.2011 13:00:00,-0.06,-0.06,-0.37,-0.56,0.25
6040,05.04.2011 14:00:00,-0.06,-0.06,-0.37,-0.56,0.25
6041,05.04.2011 15:00:00,-0.06,-0.06,-0.37,-0.56,0.25
6042,05.04.2011 16:00:00,-0.06,-0.06,-0.37,-0.56,0.25,3.484
6043,05.04.2011 17:00:00,-0.06,-0.06,-0.37,-0.56,0.25
6044,05.04.2011 18:00:00,-0.06,-0.06,-0.37,-0.56,0.25
6045,05.04.2011 19:00:00,-0.06,0,-0.37,-0.56,0.25
6046,05.04.2011 20:00:00,-0.06,-0.06,-0.37,-0.56,0.25
6047,05.04.2011 21:00:00,-0.06,-0.06,-0.37,-0.56,0.25
6048,05.04.2011 22:00:00,-0.06,-0.06,-0.37,-0.56,0.25,3.489
6049,05.04.2011 23:00:00,-0.06,-0.06,-0.37,-0.56,0.25
6050,06.04.2011 00:00:00,-0.06,0,-0.37,-0.56,0.25
6051,06.04.2011 01:00:00,-0.06,-0.06,-0.37,-0.56,0.25
6052,06.04.2011 02:00:00,-0.06,-0.06,-0.37,-0.56,0.25
6053,06.04.2011 03:00:00,-0.06,-0.06,-0.37,-0.56,0.25
6054,06.04.2011 04:00:00,-0.12,0,-0.37,-0.56,0.25,3.490
6055,06.04.2011 05:00:00,-0.06,-0.06,-0.37,-0.56,0.25
6056,06.04.2011 06:00:00,-0.06,-0.06,-0.37,-0.56,0.25
6057,06.04.2011 07:00:00,-0.06,-0.06,-0.37,-0.56,0.25
6058,06.04.2011 08:00:00,-0.06,-0.06,-0.37,-0.56,0.25
6059,06.04.2011 09:00:00,-0.06,-0.06,-0.37,-0.56,0.25
6060,06.04.2011 10:00:00,-0.06,-0.06,-0.37,-0.56,0.25,3.484
6061,06.04.2011 11:00:00,-0.06,-0.06,-0.37,-0.56,0.25
6062,06.04.2011 12:00:00,-0.12,-0.06,-0.37,-0.56,0.25
6063,06.04.2011 13:00:00,-0.06,-0.06,-0.37,-0.56,0.25
6064,06.04.2011 14:00:00,-0.06,-0.06,-0.37,-0.56,0.25
6065,06.04.2011 15:00:00,-0.06,-0.06,-0.37,-0.56,0.25
6066,06.04.2011 16:00:00,-0.06,-0.06,-0.37,-0.56,0.25,3.491
6067,06.04.2011 17:00:00,-0.06,-0.06,-0.37,-0.56,0.25
6068,06.04.2011 18:00:00,-0.06,-0.06,-0.37,-0.56,0.25
6069,06.04.2011 19:00:00,-0.06,-0.06,-0.37,-0.56,0.25
6070,06.04.2011 20:00:00,-0.06,-0.06,-0.37,-0.56,0.25
6071,06.04.2011 21:00:00,-0.06,-0.06,-0.37,-0.56,0.25
6072,06.04.2011 22:00:00,-0.06,-0.06,-0.37,-0.56,0.25,3.485
6073,06.04.2011 23:00:00,-0.06,-0.06,-0.31,-0.56,0.25
6074,07.04.2011 00:00:00,-0.06,-0.06,-0.37,-0.56,0.25
6075,07.04.2011 01:00:00,-0.06,0,-0.37,-0.56,0.25
6076,07.04.2011 02:00:00,-0.06,-0.06,-0.37,-0.56,0.25
6077,07.04.2011 03:00:00,-0.06,-0.06,-0.37,-0.56,0.25
6078,07.04.2011 04:00:00,-0.06,-0.06,-0.37,-0.56,0.25,3.489
6079,07.04.2011 05:00:00,-0.06,-0.06,-0.37,-0.56,0.25
6080,07.04.2011 06:00:00,-0.06,-0.06,-0.31,-0.56,0.25
6081,07.04.2011 07:00:00,-0.06,-0.06,-0.37,-0.5,0.25
6082,07.04.2011 08:00:00,-0.06,-0.06,-0.37,-0.56,0.25
6083,07.04.2011 09:00:00,-0.06,-0.06,-0.37,-0.56,0.25
6084,07.04.2011 10:00:00,-0.06,-0.06,-0.31,-0.56,0.25,3.485
6085,07.04.2011 11:00:00,-0.06,-0.06,-0.37,-0.56,0.25
6086,07.04.2011 12:00:00,-0.06,0,-0.37,-0.56,0.25
6087,07.04.2011 13:00:00,-0.06,-0.06,-0.37,-0.56,0.25
6088,07.04.2011 14:00:00,-0.06,-0.06,-0.37,-0.56,0.25
6089,07.04.2011 15:00:00,-0.06,-0.06,-0.37,-0.56,0.25
6090,07.04.2011 16:00:00,-0.06,0,-0.37,-0.56,0.25,3.484
6091,07.04.2011 17:00:00,-0.06,-0.06,-0.37,-0.56,0.25
6092,07.04.2011 18:00:00,-0.06,-0.06,-0.37,-0.56,0.25
6093,07.04.2011 19:00:00,-0.06,0,-0.37,-0.56,0.25
6094,07.04.2011 20:00:00,-0.06,-0.06,-0.37,-0.5,0.25
6095,07.04.2011 21:00:00,-0.06,-0.06,-0.31,-0.5,0.25
6096,07.04.2011 22:00:00,-0.06,-0.06,-0.31,-0.5,0.25,3.484
6097,07.04.2011 23:00:00,-0.06,-0.06,-0.37,-0.56,0.25
6098,08.04.2011 00:00:00,-0.06,-0.06,-0.37,-0.5,0.25
6099,08.04.2011 01:00:00,-0.06,-0.06,-0.37,-0.56,0.25
6100,08.04.2011 02:00:00,-0.06,-0.06,-0.31,-0.56,0.25
6101,08.04.2011 03:00:00,-0.06,0,-0.37,-0.5,0.25
6102,08.04.2011 04:00:00,-0.06,0,-0.31,-0.5,0.25,3.489
6103,08.04.2011 05:00:00,-0.06,0,-0.37,-0.5,0.25
6104,08.04.2011 06:00:00,-0.06,0,-0.31,-0.5,0.25
6105,08.04.2011 07:00:00,-0.06,-0.06,-0.31,-0.5,0.25
6106,08.04.2011 08:00:00,-0.06,-0.06,-0.37,-0.56,0.25
6107,08.04.2011 09:00:00,-0.06,-0.06,-0.37,-0.5,0.25
6108,08.04.2011 10:00:00,-0.06,-0.06,-0.37,-0.56,0.25,3.489
6109,08.04.2011 11:00:00,-0.06,0,-0.31,-0.56,0.25
6110,08.04.2011 12:00:00,-0.06,-0.06,-0.37,-0.56,0.25
6111,08.04.2011 13:00:00,-0.06,-0.06,-0.37,-0.5,0.25
6112,08.04.2011 14:00:00,-0.06,-0.06,-0.31,-0.5,0.25
6113,08.04.2011 15:00:00,-0.06,-0.06,-0.37,-0.56,0.25
6114,08.04.2011 16:00:00,-0.06,0,-0.37,-0.5,0.25,3.489
6115,08.04.2011 17:00:00,-0.06,-0.06,-0.31,-0.56,0.25
6116,08.04.2011 18:00:00,-0.06,0,-0.31,-0.5,0.25
6117,08.04.2011 19:00:00,-0.06,-0.06,-0.31,-0.56,0.25
6118,08.04.2011 20:00:00,-0.06,-0.06,-0.31,-0.5,0.25
6119,08.04.2011 21:00:00,-0.06,-0.06,-0.31,-0.5,0.25
6120,08.04.2011 22:00:00,-0.06,0,-0.31,-0.56,0.25,3.484
6121,08.04.2011 23:00:00,-0.06,0,-0.31,-0.5,0.25
6122,09.04.2011 00:00:00,-0.06,-0.06,-0.37,-0.5,0.25
6123,09.04.2011 01:00:00,-0.06,0,-0.37,-0.5,0.25
6124,09.04.2011 02:00:00,-0.06,0,-0.37,-0.56,0.25
6125,09.04.2011 03:00:00,-0.06,0,-0.37,-0.5,0.25
6126,09.04.2011 04:00:00,-0.06,0,-0.31,-0.5,0.25,3.487
6127,09.04.2011 05:00:00,-0.06,-0.06,-0.31,-0.5,0.25
6128,09.04.2011 06:00:00,-0.06,0,-0.31,-0.5,0.25
6129,09.04.2011 07:00:00,-0.06,0,-0.37,-0.5,0.25
6130,09.04.2011 08:00:00,-0.06,0,-0.37,-0.56,0.25
6131,09.04.2011 09:00:00,-0.06,0,-0.31,-0.5,0.25
6132,09.04.2011 10:00:00,-0.06,0,-0.31,-0.5,0.25,3.488
6133,09.04.2011 11:00:00,-0.06,-0.06,-0.31,-0.56,0.25
6134,09.04.2011 12:00:00,-0.06,0,-0.31,-0.5,0.25
6135,09.04.2011 13:00:00,-0.06,0,-0.37,-0.5,0.25
6136,09.04.2011 14:00:00,-0.06,0,-0.31,-0.5,0.25
6137,09.04.2011 15:00:00,-0.06,0,-0.31,-0.5,0.25
6138,09.04.2011 16:00:00,0,0,-0.31,-0.5,0.25,3.489
6139,09.04.2011 17:00:00,-0.06,0,-0.31,-0.5,0.25
6140,09.04.2011 18:00:00,-0.06,0,-0.31,-0.5,0.25
6141,09.04.2011 19:00:00,-0.06,0,-0.31,-0.5,0.25
6142,09.04.2011 20:00:00,-0.06,0,-0.37,-0.5,0.25
6143,09.04.2011 21:00:00,-0.06,0,-0.37,-0.5,0.25
6144,09.04.2011 22:00:00,0,0,-0.31,-0.5,0.25,3.486
6145,09.04.2011 23:00:00,-0.06,0,-0.31,-0.5,0.25
6146,10.04.2011 00:00:00,-0.06,0,-0.31,-0.5,0.25
6147,10.04.2011 01:00:00,0,0,-0.31,-0.5,0.25
6148,10.04.2011 02:00:00,-0.06,0,-0.37,-0.5,0.25
6149,10.04.2011 03:00:00,-0.06,0,-0.31,-0.5,0.25
6150,10.04.2011 04:00:00,-0.06,0,-0.31,-0.5,0.25,3.490
6151,10.04.2011 05:00:00,0,0,-0.31,-0.5,0.25
6152,10.04.2011 06:00:00,0,0,-0.31,-0.5,0.25
6153,10.04.2011 07:00:00,-0.06,0,-0.31,-0.5,0.25
6154,10.04.2011 08:00:00,0,0,-0.31,-0.5,0.25
6155,10.04.2011 09:00:00,-0.06,0,-0.31,-0.5,0.25
6156,10.04.2011 10:00:00,-0.06,0,-0.31,-0.5,0.25,3.484
6157,10.04.2011 11:00:00,-0.06,0,-0.31,-0.5,0.25
6158,10.04.2011 12:00:00,0,0,-0.31,-0.5,0.25
6159,10.04.2011 13:00:00,0,0,-0.31,-0.5,0.25
6160,10.04.2011 14:00:00,0,0,-0.31,-0.5,0.25
6161,10.04.2011 15:00:00,-0.06,0,-0.31,-0.5,0.25
6162,10.04.2011 16:00:00,0,0.06,-0.31,-0.5,0.25,3.484
6163,10.04.2011 17:00:00,0,0,-0.31,-0.5,0.25
6164,10.04.2011 18:00:00,0,0,-0.31,-0.5,0.25
6165,10.04.2011 19:00:00,0,0.06,-0.31,-0.5,0.25
6166,10.04.2011 20:00:00,0,0,-0.31,-0.5,0.25
6167,10.04.2011 21:00:00,0,0.06,-0.31,-0.5,0.25
6168,10.04.2011 22:00:00,0,0.06,-0.31,-0.5,0.25,3.487
6169,10.04.2011 23:00:00,0,0.06,-0.31,-0.5,0.25
6170,11.04.2011 00:00:00,0,0.06,-0.31,-0.5,0.25
6171,11.04.2011 01:00:00,0,0.06,-0.31,-0.5,0.25
6172,11.04.2011 02:00:00,0,0.06,-0.31,-0.5,0.25
6173,11.04.2011 03:00:00,0,0.06,-0.31,-0.5,0.25
6174,11.04.2011 04:00:00,0,0.06,-0.31,-0.5,0.25,3.484
6175,11.04.2011 05:00:00,0,0,-0.31,-0.5,0.25
6176,11.04.2011 06:00:00,-0.06,0,-0.31,-0.5,0.25
6177,11.04.2011 07:00:00,0,0,-0.31,-0.5,0.25
6178,11.04.2011 08:00:00,0,0.06,-0.31,-0.5,0.25
6179,11.04.2011 09:00:00,0,0,-0.31,-0.5,0.25
6180,11.04.2011 10:00:00,0,0,-0.31,-0.5,0.25,3.485
6181,11.04.2011 11:00:00,0,0,-0.31,-0.5,0.25
6182,11.04.2011 12:00:00,0,0.06,-0.31,-0.5,0.25
6183,11.04.2011 13:00:00,0,0.06,-0.31,-0.5,0.25
6184,11.04.2011 14:00:00,0,0.06,-0.31,-0.5,0.25
6185,11.04.2011 15:00:00,0,0.06,-0.31,-0.5,0.25
6186,11.04.2011 16:00:00,0,0.06,-0.31,-0.5,0.25,3.492
6187,11.04.2011 17:00:00,0,0.12,-0.31,-0.5,0.25
6188,11.04.2011 18:00:00,0.06,0.06,-0.31,-0.5,0.25
6189,11.04.2011 19:00:00,0,0.06,-0.31,-0.5,0.25
6190,11.04.2011 20:00:00,0,0.12,-0.31,-0.5,0.25
6191,11.04.2011 21:00:00,0.06,0.12,-0.31,-0.5,0.25
6192,11.04.2011 22:00:00,0.06,0.06,-0.31,-0.5,0.25,3.489
6193,11.04.2011 23:00:00,0,0.06,-0.31,-0.5,0.25
6194,12.04.2011 00:00:00,0,0.06,-0.31,-0.5,0.25
6195,12.04.2011 01:00:00,0.06,0.06,-0.31,-0.5,0.25
6196,12.04.2011 02:00:00,0,0.06,-0.31,-0.5,0.25
6197,12.04.2011 03:00:00,0,0.06,-0.31,-0.5,0.25
6198,12.04.2011 04:00:00,0.06,0.06,-0.31,-0.5,0.25,3.486
6199,12.04.2011 05:00:00,0.06,0.06,-0.31,-0.5,0.25
6200,12.04.2011 06:00:00,0,0.06,-0.31,-0.5,0.25
6201,12.04.2011 07:00:00,0.06,0.06,-0.31,-0.5,0.25
6202,12.04.2011 08:00:00,0.06,0,-0.31,-0.5,0.25
6203,12.04.2011 09:00:00,0,0.06,-0.31,-0.5,0.25
6204,12.04.2011 10:00:00,0.06,0,-0.31,-0.5,0.25,3.487
6205,12.04.2011 11:00:00,0.06,0.06,-0.31,-0.5,0.25
6206,12.04.2011 12:00:00,0.06,0.06,-0.31,-0.5,0.25
6207,12.04.2011 13:00:00,0.06,0.12,-0.31,-0.5,0.25
6208,12.04.2011 14:00:00,0.06,0.18,-0.31,-0.5,0.25
6209,12.04.2011 15:00:00,0.06,0.37,-0.31,-0.5,0.25
6210,12.04.2011 16:00:00,0.12,0.5,-0.31,-0.5,0.25,3.487
6211,12.04.2011 17:00:00,0.12,0.5,-0.31,-0.5,0.25
6212,12.04.2011 18:00:00,0.12,0.5,-0.31,-0.5,0.25
6213,12.04.2011 19:00:00,0.18,0.5,-0.25,-0.5,0.25
6214,12.04.2011 20:00:00,0.12,0.43,-0.31,-0.5,0.25
6215,12.04.2011 21:00:00,0.12,0.31,-0.31,-0.5,0.25
6216,12.04.2011 22:00:00,0.12,0.25,-0.31,-0.5,0.25,3.489
6217,12.04.2011 23:00:00,0.12,0.18,-0.31,-0.43,0.25
6218,13.04.2011 00:00:00,0.06,0.12,-0.31,-0.5,0.25
6219,13.04.2011 01:00:00,0.06,0.12,-0.25,-0.5,0.25
6220,13.04.2011 02:00:00,0.06,0.06,-0.31,-0.5,0.25
6221,13.04.2011 03:00:00,0.06,0.06,-0.31,-0.5,0.25
6222,13.04.2011 04:00:00,0.06,0.06,-0.31,-0.5,0.25,3.490
6223,13.04.2011 05:00:00,0.06,0.06,-0.31,-0.5,0.25
6224,13.04.2011 06:00:00,0.06,0.06,-0.31,-0.5,0.25
6225,13.04.2011 07:00:00,0.06,0.06,-0.31,-0.5,0.25
6226,13.04.2011 08:00:00,0.06,0.06,-0.25,-0.5,0.25
6227,13.04.2011 09:00:00,0.06,0.06,-0.31,-0.5,0.25
6228,13.04.2011 10:00:00,0.06,0.06,-0.31,-0.5,0.25,3.487
6229,13.04.2011 11:00:00,0.06,0.12,-0.31,-0.5,0.25
6230,13.04.2011 12:00:00,0.12,0.31,-0.25,-0.5,0.25
6231,13.04.2011 13:00:00,0.25,0.68,-0.25,-0.5,0.25
6232,13.04.2011 14:00:00,0.43,1,-0.31,-0.5,0.25
6233,13.04.2011 15:00:00,0.62,1.37,-0.31,-0.5,0.25
6234,13.04.2011 16:00:00,0.75,1.62,-0.31,-0.5,0.25,3.497
6235,13.04.2011 17:00:00,0.87,1.75,-0.31,-0.43,0.25
6236,13.04.2011 18:00:00,0.93,1.75,-0.31,-0.5,0.25
6237,13.04.2011 19:00:00,0.93,1.62,-0.31,-0.5,0.25
6238,13.04.2011 20:00:00,0.87,1.37,-0.25,-0.43,0.25
6239,13.04.2011 21:00:00,0.68,1.06,-0.31,-0.5,0.25
6240,13.04.2011 22:00:00,0.56,0.81,-0.25,-0.5,0.25,3.497
6241,13.04.2011 23:00:00,0.43,0.5,-0.25,-0.43,0.25
6242,14.04.2011 00:00:00,0.31,0.37,-0.31,-0.5,0.25
6243,14.04.2011 01:00:00,0.18,0.25,-0.31,-0.5,0.25
6244,14.04.2011 02:00:00,0.18,0.18,-0.25,-0.5,0.25
6245,14.04.2011 03:00:00,0.12,0.12,-0.25,-0.5,0.25
6246,14.04.2011 04:00:00,0.06,0.06,-0.25,-0.43,0.25,3.487
6247,14.04.2011 05:00:00,0.06,0.06,-0.31,-0.43,0.25
6248,14.04.2011 06:00:00,0.06,0.06,-0.25,-0.43,0.25
6249,14.04.2011 07:00:00,0.06,0.06,-0.25,-0.43,0.25
6250,14.04.2011 08:00:00,0.06,0.06,-0.25,-0.43,0.25
6251,14.04.2011 09:00:00,0.06,0.06,-0.31,-0.43,0.25
6252,14.04.2011 10:00:00,0.06,0.06,-0.25,-0.5,0.25,3.492
6253,14.04.2011 11:00:00,0.06,0.06,-0.25,-0.5,0.25
6254,14.04.2011 12:00:00,0.18,0.31,-0.25,-0.43,0.25
6255,14.04.2011 13:00:00,0.43,0.75,-0.25,-0.43,0.25
6256,14.04.2011 14:00:00,0.68,1.06,-0.25,-0.5,0.25
6257,14.04.2011 15:00:00,0.81,1.31,-0.25,-0.43,0.25
6258,14.04.2011 16:00:00,1,1.5,-0.31,-0.43,0.25,3.493
6259,14.04.2011 17:00:00,1,1.5,-0.31,-0.43,0.25
6260,14.04.2011 18:00:00,1,1.5,-0.25,-0.43,0.25
6261,14.04.2011 19:00:00,1.06,1.43,-0.25,-0.43,0.25
6262,14.04.2011 20:00:00,1,1.31,-0.31,-0.5,0.25
6263,14.04.2011 21:00:00,0.81,1.06,-0.25,-0.43,0.25
6264,14.04.2011 22:00:00,0.62,0.75,-0.25,-0.43,0.25,3.497
6265,14.04.2011 23:00:00,0.5,0.56,-0.25,-0.43,0.25
6266,15.04.2011 00:00:00,0.37,0.37,-0.25,-0.5,0.25
6267,15.04.2011 01:00:00,0.31,0.25,-0.25,-0.43,0.25
6268,15.04.2011 02:00:00,0.18,0.18,-0.25,-0.43,0.25
6269,15.04.2011 03:00:00,0.12,0.12,-0.25,-0.43,0.25
6270,15.04.2011 04:00:00,0.06,0.06,-0.25,-0.43,0.25,3.487
6271,15.04.2011 05:00:00,0.12,0.06,-0.25,-0.5,0.25
6272,15.04.2011 06:00:00,0.12,0.06,-0.25,-0.43,0.25
6273,15.04.2011 07:00:00,0.06,0.06,-0.25,-0.43,0.25
6274,15.04.2011 08:00:00,0.06,0.06,-0.25,-0.43,0.25
6275,15.04.2011 09:00:00,0.06,0.06,-0.25,-0.43,0.25
6276,15.04.2011 10:00:00,0.06,0.06,-0.25,-0.43,0.25,3.487
6277,15.04.2011 11:00:00,0.12,0.06,-0.25,-0.43,0.25
6278,15.04.2011 12:00:00,0.25,0.43,-0.25,-0.43,0.25
6279,15.04.2011 13:00:00,0.68,1.06,-0.25,-0.43,0.25
6280,15.04.2011 14:00:00,1.25,1.81,-0.25,-0.43,0.25
6281,15.04.2011 15:00:00,1.68,2.56,-0.25,-0.43,0.25
6282,15.04.2011 16:00:00,2.12,3.06,-0.25,-0.43,0.25,3.500
6283,15.04.2011 17:00:00,2.37,3.31,-0.25,-0.43,0.25
6284,15.04.2011 18:00:00,2.5,3.25,-0.25,-0.43,0.25
6285,15.04.2011 19:00:00,2.37,3.12,-0.25,-0.43,0.25
6286,15.04.2011 20:00:00,2.25,2.81,-0.25,-0.43,0.25
6287,15.04.2011 21:00:00,2.06,2.43,-0.25,-0.43,0.25
6288,15.04.2011 22:00:00,1.75,2,-0.25,-0.43,0.25,3.505
6289,15.04.2011 23:00:00,1.43,1.62,-0.25,-0.43,0.31
6290,16.04.2011 00:00:00,1.18,1.25,-0.18,-0.43,0.25
6291,16.04.2011 01:00:00,0.93,0.93,-0.25,-0.43,0.25
6292,16.04.2011 02:00:00,0.75,0.68,-0.25,-0.43,0.25
6293,16.04.2011 03:00:00,0.56,0.5,-0.25,-0.43,0.25
6294,16.04.2011 04:00:00,0.43,0.37,-0.25,-0.43,0.25,3.493
6295,16.04.2011 05:00:00,0.31,0.25,-0.25,-0.43,0.25
6296,16.04.2011 06:00:00,0.25,0.18,-0.25,-0.43,0.25
6297,16.04.2011 07:00:00,0.18,0.12,-0.25,-0.43,0.25
6298,16.04.2011 08:00:00,0.12,0.12,-0.25,-0.43,0.25
6299,16.04.2011 09:00:00,0.12,0.06,-0.25,-0.43,0.25
6300,16.04.2011 10:00:00,0.12,0.06,-0.25,-0.43,0.25,3.492
6301,16.04.2011 11:00:00,0.12,0.12,-0.25,-0.43,0.25
6302,16.04.2011 12:00:00,0.25,0.43,-0.25,-0.43,0.25
6303,16.04.2011 13:00:00,0.62,1.06,-0.25,-0.43,0.25
6304,16.04.2011 14:00:00,1.06,1.62,-0.25,-0.43,0.25
6305,16.04.2011 15:00:00,1.56,2.25,-0.25,-0.43,0.25
6306,16.04.2011 16:00:00,2,2.68,-0.25,-0.43,0.25,3.500
6307,16.04.2011 17:00:00,2.25,3,-0.25,-0.43,0.25
6308,16.04.2011 18:00:00,2.31,3,-0.25,-0.43,0.25
6309,16.04.2011 19:00:00,2.25,2.93,-0.18,-0.43,0.25
6310,16.04.2011 20:00:00,2.18,2.68,-0.25,-0.43,0.31
6311,16.04.2011 21:00:00,2.06,2.43,-0.25,-0.43,0.25
6312,16.04.2011 22:00:00,1.81,2.12,-0.25,-0.43,0.25,3.505
6313,16.04.2011 23:00:00,1.62,1.75,-0.25,-0.43,0.25
6314,17.04.2011 00:00:00,1.37,1.43,-0.25,-0.43,0.25
6315,17.04.2011 01:00:00,1.12,1.12,-0.18,-0.43,0.25
6316,17.04.2011 02:00:00,0.93,0.87,-0.25,-0.43,0.25
6317,17.04.2011 03:00:00,0.68,0.68,-0.25,-0.43,0.25
6318,17.04.2011 04:00:00,0.56,0.5,-0.25,-0.43,0.25,3.494
6319,17.04.2011 05:00:00,0.43,0.37,-0.18,-0.43,0.25
6320,17.04.2011 06:00:00,0.31,0.25,-0.25,-0.43,0.25
6321,17.04.2011 07:00:00,0.25,0.25,-0.18,-0.43,0.25
6322,17.04.2011 08:00:00,0.18,0.18,-0.18,-0.43,0.25
6323,17.04.2011 09:00:00,0.18,0.12,-0.25,-0.43,0.25
6324,17.04.2011 10:00:00,0.18,0.12,-0.25,-0.43,0.25,3.493
6325,17.04.2011 11:00:00,0.12,0.12,-0.25,-0.43,0.25
6326,17.04.2011 12:00:00,0.18,0.18,-0.25,-0.43,0.25
6327,17.04.2011 13:00:00,0.31,0.43,-0.25,-0.43,0.31
6328,17.04.2011 14:00:00,0.56,0.75,-0.25,-0.43,0.25
6329,17.04.2011 15:00:00,0.75,1.12,-0.25,-0.43,0.25
6330,17.04.2011 16:00:00,1,1.43,-0.18,-0.43,0.25,3.496
6331,17.04.2011 17:00:00,1.18,1.68,-0.18,-0.43,0.25
6332,17.04.2011 18:00:00,1.43,1.93,-0.18,-0.43,0.25
6333,17.04.2011 19:00:00,1.5,1.93,-0.18,-0.43,0.31
6334,17.04.2011 20:00:00,1.5,1.81,-0.18,-0.43,0.25
6335,17.04.2011 21:00:00,1.37,1.62,-0.18,-0.43,0.25
6336,17.04.2011 22:00:00,1.25,1.43,-0.18,-0.43,0.25,3.501
6337,17.04.2011 23:00:00,1.18,1.25,-0.18,-0.43,0.25
6338,18.04.2011 00:00:00,1,1.12,-0.18,-0.43,0.25
6339,18.04.2011 01:00:00,0.87,0.93,-0.18,-0.43,0.25
6340,18.04.2011 02:00:00,0.81,0.81,-0.18,-0.43,0.25
6341,18.04.2011 03:00:00,0.68,0.75,-0.18,-0.43,0.25
6342,18.04.2011 04:00:00,0.56,0.62,-0.18,-0.43,0.25,3.491
6343,18.04.2011 05:00:00,0.5,0.5,-0.18,-0.43,0.25
6344,18.04.2011 06:00:00,0.43,0.43,-0.18,-0.43,0.25
6345,18.04.2011 07:00:00,0.37,0.37,-0.18,-0.43,0.25
6346,18.04.2011 08:00:00,0.31,0.31,-0.18,-0.43,0.25
6347,18.04.2011 09:00:00,0.25,0.25,-0.18,-0.43,0.31
6348,18.04.2011 10:00:00,0.25,0.18,-0.18,-0.43,0.31,3.489
6349,18.04.2011 11:00:00,0.25,0.18,-0.18,-0.43,0.25
6350,18.04.2011 12:00:00,0.31,0.31,-0.18,-0.43,0.25
6351,18.04.2011 13:00:00,0.56,0.87,-0.18,-0.43,0.25
6352,18.04.2011 14:00:00,1,1.56,-0.18,-0.43,0.25
6353,18.04.2011 15:00:00,1.43,2.18,-0.18,-0.43,0.25
6354,18.04.2011 16:00:00,1.81,2.43,-0.18,-0.43,0.31,3.502
6355,18.04.2011 17:00:00,2,2.56,-0.18,-0.43,0.25
6356,18.04.2011 18:00:00,2.06,2.5,-0.18,-0.43,0.31
6357,18.04.2011 19:00:00,2,2.37,-0.18,-0.43,0.25
6358,18.04.2011 20:00:00,1.93,2.18,-0.18,-0.43,0.25
6359,18.04.2011 21:00:00,1.75,1.93,-0.18,-0.43,0.25
6360,18.04.2011 22:00:00,1.56,1.75,-0.18,-0.43,0.25,3.499
6361,18.04.2011 23:00:00,1.43,1.5,-0.18,-0.43,0.25
6362,19.04.2011 00:00:00,1.31,1.31,-0.18,-0.43,0.25
6363,19.04.2011 01:00:00,1.12,1.18,-0.18,-0.43,0.25
6364,19.04.2011 02:00:00,1,1,-0.18,-0.43,0.25
6365,19.04.2011 03:00:00,0.93,0.93,-0.18,-0.43,0.31
6366,19.04.2011 04:00:00,0.81,0.81,-0.18,-0.43,0.31,3.492
6367,19.04.2011 05:00:00,0.68,0.68,-0.18,-0.43,0.25
6368,19.04.2011 06:00:00,0.62,0.62,-0.18,-0.43,0.31
6369,19.04.2011 07:00:00,0.56,0.56,-0.18,-0.43,0.31
6370,19.04.2011 08:00:00,0.5,0.5,-0.18,-0.43,0.25
6371,19.04.2011 09:00:00,0.43,0.43,-0.18,-0.43,0.25
6372,19.04.2011 10:00:00,0.43,0.43,-0.18,-0.43,0.31,3.496
6373,19.04.2011 11:00:00,0.37,0.37,-0.18,-0.43,0.25
6374,19.04.2011 12:00:00,0.37,0.37,-0.18,-0.43,0.25
6375,19.04.2011 13:00:00,0.31,0.31,-0.18,-0.43,0.31
6376,19.04.2011 14:00:00,0.31,0.31,-0.18,-0.43,0.25
6377,19.04.2011 15:00:00,0.31,0.31,-0.18,-0.43,0.25
6378,19.04.2011 16:00:00,0.31,0.37,-0.18,-0.43,0.25,3.494
6379,19.04.2011 17:00:00,0.37,0.43,-0.18,-0.43,0.25
6380,19.04.2011 18:00:00,0.5,0.56,-0.18,-0.43,0.25
6381,19.04.2011 19:00:00,0.5,0.62,-0.18,-0.43,0.25
6382,19.04.2011 20:00:00,0.56,0.62,-0.18,-0.43,0.25
6383,19.04.2011 21:00:00,0.56,0.62,-0.18,-0.43,0.31
6384,19.04.2011 22:00:00,0.5,0.56,-0.12,-0.43,0.25,3.491
6385,19.04.2011 23:00:00,0.43,0.43,-0.12,-0.43,0.25
6386,20.04.2011 00:00:00,0.37,0.31,-0.12,-0.43,0.25
6387,20.04.2011 01:00:00,0.31,0.31,-0.12,-0.43,0.25
6388,20.04.2011 02:00:00,0.25,0.25,-0.18,-0.43,0.25
6389,20.04.2011 03:00:00,0.25,0.18,-0.12,-0.43,0.25
6390,20.04.2011 04:00:00,0.18,0.18,-0.12,-0.43,0.25,3.490
6391,20.04.2011 05:00:00,0.12,0.12,-0.18,-0.43,0.31
6392,20.04.2011 06:00:00,0.12,0.12,-0.12,-0.43,0.25
6393,20.04.2011 07:00:00,0.12,0.06,-0.18,-0.43,0.25
6394,20.04.2011 08:00:00,0.12,0.06,-0.18,-0.43,0.31
6395,20.04.2011 09:00:00,0.06,0.06,-0.18,-0.43,0.31
6396,20.04.2011 10:00:00,0.12,0.06,-0.18,-0.43,0.25,3.487
6397,20.04.2011 11:00:00,0.12,0.06,-0.12,-0.43,0.25
6398,20.04.2011 12:00:00,0.25,0.37,-0.12,-0.43,0.25
6399,20.04.2011 13:00:00,0.56,0.87,-0.12,-0.43,0.31
6400,20.04.2011 14:00:00,1,1.5,-0.12,-0.43,0.25
6401,20.04.2011 15:00:00,1.5,2.25,-0.12,-0.43,0.25
6402,20.04.2011 16:00:00,2,2.81,-0.12,-0.43,0.25,3.500
6403,20.04.2011 17:00:00,2.37,3.18,-0.12,-0.43,0.25
6404,20.04.2011 18:00:00,2.5,3.25,-0.12,-0.43,0.25
6405,20.04.2011 19:00:00,2.56,3.18,-0.12,-0.43,0.31
6406,20.04.2011 20:00:00,2.43,2.93,-0.12,-0.43,0.31
6407,20.04.2011 21:00:00,2.31,2.62,-0.12,-0.43,0.25
6408,20.04.2011 22:00:00,2.06,2.25,-0.12,-0.43,0.25,3.509
6409,20.04.2011 23:00:00,1.75,1.81,-0.12,-0.37,0.25
6410,21.04.2011 00:00:00,1.5,1.5,-0.12,-0.43,0.25
6411,21.04.2011 01:00:00,1.18,1.18,-0.12,-0.37,0.25
6412,21.04.2011 02:00:00,1,0.87,-0.12,-0.43,0.31
6413,21.04.2011 03:00:00,0.81,0.68,-0.12,-0.43,0.25
6414,21.04.2011 04:00:00,0.62,0.5,-0.12,-0.43,0.31,3.494
6415,21.04.2011 05:00:00,0.56,0.43,-0.12,-0.43,0.25
6416,21.04.2011 06:00:00,0.43,0.31,-0.12,-0.43,0.31
6417,21.04.2011 07:00:00,0.37,0.25,-0.12,-0.43,0.25
6418,21.04.2011 08:00:00,0.31,0.18,-0.12,-0.43,0.25
6419,21.04.2011 09:00:00,0.25,0.18,-0.12,-0.37,0.25
6420,21.04.2011 10:00:00,0.18,0.12,-0.12,-0.43,0.25,3.494
6421,21.04.2011 11:00:00,0.18,0.18,-0.12,-0.43,0.25
6422,21.04.2011 12:00:00,0.31,0.37,-0.12,-0.43,0.31
6423,21.04.2011 13:00:00,0.62,0.93,-0.12,-0.43,0.31
6424,21.04.2011 14:00:00,1.12,1.68,-0.12,-0.43,0.25
6425,21.04.2011 15:00:00,1.62,2.43,-0.12,-0.43,0.25
6426,21.04.2011 16:00:00,2.18,3.12,-0.12,-0.43,0.25,3.508
6427,21.04.2011 17:00:00,2.56,3.5,-0.12,-0.43,0.31
6428,21.04.2011 18:00:00,2.75,3.62,-0.06,-0.43,0.25
6429,21.04.2011 19:00:00,2.87,3.5,-0.12,-0.43,0.31
6430,21.04.2011 20:00:00,2.75,3.25,-0.12,-0.43,0.31
6431,21.04.2011 21:00:00,2.56,2.87,-0.12,-0.43,0.25
6432,21.04.2011 22:00:00,2.25,2.43,-0.12,-0.43,0.25,3.506
6433,21.04.2011 23:00:00,1.93,1.93,-0.12,-0.37,0.31
6434,22.04.2011 00:00:00,1.62,1.56,-0.12,-0.43,0.31
6435,22.04.2011 01:00:00,1.37,1.25,-0.12,-0.43,0.25
6436,22.04.2011 02:00:00,1.12,1,-0.12,-0.37,0.31
6437,22.04.2011 03:00:00,0.93,0.81,-0.06,-0.43,0.25
6438,22.04.2011 04:00:00,0.75,0.62,-0.12,-0.43,0.25,3.499
6439,22.04.2011 05:00:00,0.62,0.5,-0.12,-0.43,0.25
6440,22.04.2011 06:00:00,0.5,0.43,-0.12,-0.43,0.25
6441,22.04.2011 07:00:00,0.43,0.31,-0.12,-0.37,0.25
6442,22.04.2011 08:00:00,0.37,0.31,-0.12,-0.43,0.25
6443,22.04.2011 09:00:00,0.31,0.25,-0.12,-0.43,0.25
6444,22.04.2011 10:00:00,0.25,0.18,-0.12,-0.43,0.25,3.489
6445,22.04.2011 11:00:00,0.25,0.18,-0.12,-0.37,0.25
6446,22.04.2011 12:00:00,0.37,0.43,-0.12,-0.37,0.31
6447,22.04.2011 13:00:00,0.75,1.06,-0.12,-0.43,0.31
6448,22.04.2011 14:00:00,1.25,1.81,-0.12,-0.43,0.31
6449,22.04.2011 15:00:00,1.87,2.68,-0.12,-0.43,0.25
6450,22.04.2011 16:00:00,2.5,3.43,-0.06,-0.43,0.25,3.509
6451,22.04.2011 17:00:00,3,4,-0.06,-0.37,0.25
6452,22.04.2011 18:00:00,3.31,4.31,-0.06,-0.37,0.25
6453,22.04.2011 19:00:00,3.43,4.25,-0.06,-0.43,0.31
6454,22.04.2011 20:00:00,3.37,4,-0.06,-0.37,0.25
6455,22.04.2011 21:00:00,3.18,3.62,-0.06,-0.43,0.25
6456,22.04.2011 22:00:00,2.93,3.18,-0.06,-0.37,0.31,3.511
6457,22.04.2011 23:00:00,2.62,2.75,-0.06,-0.43,0.25
6458,23.04.2011 00:00:00,2.31,2.37,-0.06,-0.43,0.25
6459,23.04.2011 01:00:00,2,1.93,-0.06,-0.37,0.25
6460,23.04.2011 02:00:00,1.68,1.62,-0.06,-0.37,0.25
6461,23.04.2011 03:00:00,1.43,1.31,-0.12,-0.37,0.25
6462,23.04.2011 04:00:00,1.25,1.06,-0.06,-0.43,0.31,3.497
6463,23.04.2011 05:00:00,1,0.87,-0.06,-0.37,0.31
6464,23.04.2011 06:00:00,0.87,0.75,-0.06,-0.43,0.25
6465,23.04.2011 07:00:00,0.75,0.62,-0.06,-0.37,0.31
6466,23.04.2011 08:00:00,0.62,0.5,-0.06,-0.37,0.25
6467,23.04.2011 09:00:00,0.5,0.43,-0.06,-0.43,0.25
6468,23.04.2011 10:00:00,0.43,0.37,-0.06,-0.37,0.25,3.490
6469,23.04.2011 11:00:00,0.5,0.5,-0.06,-0.43,0.25
6470,23.04.2011 12:00:00,0.75,1.06,-0.06,-0.37,0.25
6471,23.04.2011 13:00:00,1.25,1.93,-0.06,-0.37,0.25
6472,23.04.2011 14:00:00,2,2.87,-0.06,-0.37,0.31
6473,23.04.2011 15:00:00,2.75,3.87,-0.06,-0.37,0.31
6474,23.04.2011 16:00:00,3.43,4.5,-0.06,-0.43,0.25,3.517
6475,23.04.2011 17:00:00,4,5.06,-0.06,-0.37,0.31
6476,23.04.2011 18:00:00,4.31,5.31,-0.06,-0.37,0.25
6477,23.04.2011 19:00:00,4.37,5.25,-0.06,-0.37,0.31
6478,23.04.2011 20:00:00,4.31,5,-0.06,-0.43,0.31
6479,23.04.2011 21:00:00,4.12,4.62,-0.06,-0.37,0.25
6480,23.04.2011 22:00:00,3.87,4.12,0,-0.37,0.31,3.522
6481,23.04.2011 23:00:00,3.5,3.62,-0.06,-0.43,0.25
6482,24.04.2011 00:00:00,3.18,3.12,-0.06,-0.37,0.31
6483,24.04.2011 01:00:00,2.81,2.75,-0.06,-0.37,0.25
6484,24.04.2011 02:00:00,2.43,2.31,-0.06,-0.37,0.25
6485,24.04.2011 03:00:00,2.18,2,-0.06,-0.37,0.31
6486,24.04.2011 04:00:00,1.87,1.68,-0.06,-0.43,0.31,3.509
6487,24.04.2011 05:00:00,1.62,1.43,-0.06,-0.37,0.25
6488,24.04.2011 06:00:00,1.37,1.25,-0.06,-0.37,0.31
6489,24.04.2011 07:00:00,1.18,1,-0.06,-0.37,0.25
6490,24.04.2011 08:00:00,1.06,0.87,-0.06,-0.37,0.25
6491,24.04.2011 09:00:00,0.93,0.75,-0.06,-0.37,0.25
6492,24.04.2011 10:00:00,0.81,0.68,-0.06,-0.37,0.25,3.495
6493,24.04.2011 11:00:00,0.87,1,-0.06,-0.37,0.25
6494,24.04.2011 12:00:00,1.31,1.68,-0.06,-0.37,0.31
6495,24.04.2011 13:00:00,2,2.62,-0.06,-0.37,0.31
6496,24.04.2011 14:00:00,2.75,3.68,-0.06,-0.37,0.31
6497,24.04.2011 15:00:00,3.43,4.56,0,-0.37,0.25
6498,24.04.2011 16:00:00,4.06,5.25,-0.06,-0.37,0.31,3.522
6499,24.04.2011 17:00:00,4.5,5.68,0,-0.37,0.31
6500,24.04.2011 18:00:00,4.75,5.81,0,-0.37,0.25
6501,24.04.2011 19:00:00,4.81,5.68,0,-0.37,0.31
6502,24.04.2011 20:00:00,4.75,5.43,0,-0.37,0.25
6503,24.04.2011 21:00:00,4.56,5.06,0,-0.37,0.25
6504,24.04.2011 22:00:00,4.25,4.56,0,-0.43,0.31,3.524
6505,24.04.2011 23:00:00,3.93,4.12,0,-0.37,0.31
6506,25.04.2011 00:00:00,3.56,3.68,0,-0.37,0.25
6507,25.04.2011 01:00:00,3.25,3.25,0,-0.37,0.31
6508,25.04.2011 02:00:00,2.93,2.81,0,-0.37,0.25
6509,25.04.2011 03:00:00,2.56,2.43,0,-0.37,0.31
6510,25.04.2011 04:00:00,2.31,2.12,0,-0.37,0.31,3.512
6511,25.04.2011 05:00:00,2.06,1.87,0,-0.37,0.25
6512,25.04.2011 06:00:00,1.75,1.56,0,-0.37,0.31
6513,25.04.2011 07:00:00,1.56,1.31,0,-0.37,0.25
6514,25.04.2011 08:00:00,1.37,1.18,0,-0.43,0.31
6515,25.04.2011 09:00:00,1.25,1.06,0,-0.37,0.31
6516,25.04.2011 10:00:00,1.18,1.12,0,-0.37,0.31,3.500
6517,25.04.2011 11:00:00,1.43,1.56,0,-0.37,0.31
6518,25.04.2011 12:00:00,1.87,2.31,0,-0.37,0.31
6519,25.04.2011 13:00:00,2.43,3.18,0,-0.37,0.31
6520,25.04.2011 14:00:00,3.06,4.06,0,-0.37,0.31
6521,25.04.2011 15:00:00,3.68,4.81,0,-0.37,0.31
6522,25.04.2011 16:00:00,4.25,5.43,0,-0.37,0.31,3.524
6523,25.04.2011 17:00:00,4.62,5.81,0,-0.37,0.25
6524,25.04.2011 18:00:00,4.81,5.81,0,-0.37,0.31
6525,25.04.2011 19:00:00,4.81,5.68,0,-0.37,0.31
6526,25.04.2011 20:00:00,4.68,5.37,0.06,-0.37,0.25
6527,25.04.2011 21:00:00,4.5,5.06,0,-0.37,0.31
6528,25.04.2011 22:00:00,4.25,4.62,0.06,-0.37,0.25,3.521
6529,25.04.2011 23:00:00,3.93,4.18,0.06,-0.37,0.31
6530,26.04.2011 00:00:00,3.62,3.75,0.06,-0.37,0.31
6531,26.04.2011 01:00:00,3.31,3.31,0,-0.37,0.25
6532,26.04.2011 02:00:00,3,2.93,0.06,-0.37,0.31
6533,26.04.2011 03:00:00,2.68,2.62,0.06,-0.37,0.25
6534,26.04.2011 04:00:00,2.43,2.31,0.06,-0.37,0.31,3.510
6535,26.04.2011 05:00:00,2.12,2.06,0,-0.37,0.31
6536,26.04.2011 06:00:00,1.93,1.75,0,-0.37,0.25
6537,26.04.2011 07:00:00,1.68,1.56,0,-0.37,0.25
6538,26.04.2011 08:00:00,1.5,1.37,0,-0.37,0.25
6539,26.04.2011 09:00:00,1.31,1.18,0,-0.37,0.25
6540,26.04.2011 10:00:00,1.31,1.25,0,-0.37,0.31,3.501
6541,26.04.2011 11:00:00,1.56,1.75,0,-0.37,0.31
6542,26.04.2011 12:00:00,2,2.5,0,-0.37,0.31
6543,26.04.2011 13:00:00,2.56,3.31,0,-0.37,0.31
6544,26.04.2011 14:00:00,3.12,4,0.06,-0.37,0.31
6545,26.04.2011 15:00:00,3.62,4.62,0.06,-0.37,0.31
6546,26.04.2011 16:00:00,4.06,5.06,0.06,-0.37,0.25,3.518
6547,26.04.2011 17:00:00,4.31,5.31,0.06,-0.37,0.31
6548,26.04.2011 18:00:00,4.5,5.43,0.06,-0.37,0.31
6549,26.04.2011 19:00:00,4.56,5.37,0.12,-0.37,0.31
6550,26.04.2011 20:00:00,4.56,5.18,0.12,-0.37,0.31
6551,26.04.2011 21:00:00,4.37,4.87,0.12,-0.37,0.25
6552,26.04.2011 22:00:00,4.18,4.56,0.12,-0.37,0.25,3.521
6553,26.04.2011 23:00:00,3.87,4.12,0.12,-0.37,0.25
6554,27.04.2011 00:00:00,3.56,3.75,0.12,-0.37,0.31
6555,27.04.2011 01:00:00,3.31,3.37,0.12,-0.37,0.31
6556,27.04.2011 02:00:00,3,3.06,0.12,-0.37,0.31
6557,27.04.2011 03:00:00,2.75,2.68,0.12,-0.37,0.31
6558,27.04.2011 04:00:00,2.5,2.37,0.12,-0.37,0.31,3.515
6559,27.04.2011 05:00:00,2.25,2.12,0.06,-0.37,0.25
6560,27.04.2011 06:00:00,2,1.81,0.06,-0.37,0.25
6561,27.04.2011 07:00:00,1.81,1.62,0.06,-0.37,0.31
6562,27.04.2011 08:00:00,1.62,1.43,0.06,-0.37,0.31
6563,27.04.2011 09:00:00,1.43,1.31,0.06,-0.37,0.31
6564,27.04.2011 10:00:00,1.43,1.43,0.06,-0.37,0.31,3.505
6565,27.04.2011 11:00:00,1.68,1.87,0.06,-0.37,0.25
6566,27.04.2011 12:00:00,2.12,2.62,0.06,-0.37,0.31
6567,27.04.2011 13:00:00,2.68,3.43,0.06,-0.37,0.31
6568,27.04.2011 14:00:00,3.31,4.25,0.06,-0.37,0.25
6569,27.04.2011 15:00:00,3.81,4.87,0.12,-0.37,0.25
6570,27.04.2011 16:00:00,4.18,5.37,0.12,-0.37,0.31,3.522
6571,27.04.2011 17:00:00,4.5,5.62,0.18,-0.37,0.25
6572,27.04.2011 18:00:00,4.68,5.62,0.18,-0.37,0.31
6573,27.04.2011 19:00:00,4.75,5.56,0.25,-0.37,0.31
6574,27.04.2011 20:00:00,4.68,5.31,0.25,-0.37,0.25
6575,27.04.2011 21:00:00,4.56,5.06,0.25,-0.37,0.31
6576,27.04.2011 22:00:00,4.37,4.68,0.25,-0.37,0.31,3.524
6577,27.04.2011 23:00:00,4.06,4.37,0.31,-0.37,0.31
6578,28.04.2011 00:00:00,3.81,3.93,0.31,-0.37,0.31
6579,28.04.2011 01:00:00,3.56,3.62,0.31,-0.37,0.31
6580,28.04.2011 02:00:00,3.25,3.25,0.31,-0.37,0.31
6581,28.04.2011 03:00:00,2.93,2.93,0.25,-0.37,0.25
6582,28.04.2011 04:00:00,2.75,2.62,0.25,-0.37,0.31,3.512
6583,28.04.2011 05:00:00,2.5,2.43,0.25,-0.37,0.25
6584,28.04.2011 06:00:00,2.25,2.18,0.25,-0.37,0.25
6585,28.04.2011 07:00:00,2.06,1.93,0.18,-0.37,0.25
6586,28.04.2011 08:00:00,1.87,1.75,0.18,-0.37,0.31
6587,28.04.2011 09:00:00,1.75,1.62,0.18,-0.37,0.25
6588,28.04.2011 10:00:00,1.62,1.5,0.18,-0.37,0.31,3.503
6589,28.04.2011 11:00:00,1.5,1.43,0.18,-0.37,0.31
6590,28.04.2011 12:00:00,1.43,1.37,0.12,-0.37,0.31
6591,28.04.2011 13:00:00,1.37,1.37,0.12,-0.37,0.31
6592,28.04.2011 14:00:00,1.5,1.75,0.12,-0.37,0.31
6593,28.04.2011 15:00:00,1.81,2.18,0.12,-0.37,0.31
6594,28.04.2011 16:00:00,2.12,2.56,0.18,-0.37,0.31,3.511
6595,28.04.2011 17:00:00,2.43,2.87,0.18,-0.37,0.31
6596,28.04.2011 18:00:00,2.56,3,0.18,-0.37,0.31
6597,28.04.2011 19:00:00,2.68,3.06,0.18,-0.37,0.31
6598,28.04.2011 20:00:00,2.68,3,0.25,-0.37,0.31
6599,28.04.2011 21:00:00,2.62,2.87,0.25,-0.37,0.31
6600,28.04.2011 22:00:00,2.56,2.75,0.25,-0.37,0.31,3.511
6601,28.04.2011 23:00:00,2.43,2.56,0.18,-0.37,0.31
6602,29.04.2011 00:00:00,2.31,2.37,0.25,-0.37,0.31
6603,29.04.2011 01:00:00,2.18,2.25,0.25,-0.37,0.31
6604,29.04.2011 02:00:00,2.06,2.06,0.25,-0.37,0.31
6605,29.04.2011 03:00:00,1.87,1.87,0.25,-0.37,0.31
6606,29.04.2011 04:00:00,1.75,1.68,0.18,-0.37,0.31,3.511
6607,29.04.2011 05:00:00,1.62,1.5,0.18,-0.37,0.31
6608,29.04.2011 06:00:00,1.5,1.37,0.18,-0.37,0.31
6609,29.04.2011 07:00:00,1.31,1.25,0.18,-0.37,0.25
6610,29.04.2011 08:00:00,1.18,1.12,0.12,-0.37,0.31
6611,29.04.2011 09:00:00,1.06,1,0.12,-0.37,0.31
6612,29.04.2011 10:00:00,1.06,1.06,0.12,-0.37,0.25,3.505
6613,29.04.2011 11:00:00,1.12,1.12,0.12,-0.37,0.25
6614,29.04.2011 12:00:00,1.06,1.12,0.12,-0.37,0.25
6615,29.04.2011 13:00:00,1.12,1.18,0.12,-0.37,0.31
6616,29.04.2011 14:00:00,1.12,1.12,0.12,-0.37,0.25
6617,29.04.2011 15:00:00,1.12,1.12,0.12,-0.37,0.31
6618,29.04.2011 16:00:00,1.06,1.12,0.12,-0.37,0.31,3.499
6619,29.04.2011 17:00:00,1.06,1.06,0.12,-0.37,0.25
6620,29.04.2011 18:00:00,1.06,1.06,0.12,-0.37,0.31
6621,29.04.2011 19:00:00,1,1,0.12,-0.37,0.25
6622,29.04.2011 20:00:00,0.93,1,0.12,-0.31,0.31
6623,29.04.2011 21:00:00,0.93,0.93,0.12,-0.37,0.25
6624,29.04.2011 22:00:00,0.87,0.87,0.06,-0.31,0.31,3.502
6625,29.04.2011 23:00:00,0.87,0.81,0.06,-0.37,0.25
6626,30.04.2011 00:00:00,0.81,0.81,0.12,-0.37,0.31
6627,30.04.2011 01:00:00,0.75,0.75,0.06,-0.37,0.31
6628,30.04.2011 02:00:00,0.75,0.68,0.06,-0.37,0.31
6629,30.04.2011 03:00:00,0.68,0.68,0.06,-0.37,0.31
6630,30.04.2011 04:00:00,0.62,0.62,0.12,-0.37,0.31,3.496
6631,30.04.2011 05:00:00,0.62,0.56,0.06,-0.37,0.31
6632,30.04.2011 06:00:00,0.56,0.56,0.06,-0.37,0.31
6633,30.04.2011 07:00:00,0.56,0.5,0.06,-0.31,0.31
6634,30.04.2011 08:00:00,0.5,0.43,0.06,-0.31,0.31
6635,30.04.2011 09:00:00,0.43,0.43,0.06,-0.37,0.31
6636,30.04.2011 10:00:00,0.43,0.43,0.06,-0.37,0.31,3.499
6637,30.04.2011 11:00:00,0.43,0.37,0.06,-0.37,0.31
6638,30.04.2011 12:00:00,0.5,0.56,0.06,-0.37,0.31
6639,30.04.2011 13:00:00,0.68,0.87,0.06,-0.37,0.31
6640,30.04.2011 14:00:00,1,1.31,0.06,-0.37,0.31
6641,30.04.2011 15:00:00,1.25,1.68,0.06,-0.31,0.31
6642,30.04.2011 16:00:00,1.56,2.06,0.12,-0.37,0.31,3.501
6643,30.04.2011 17:00:00,1.81,2.25,0.12,-0.37,0.31
6644,30.04.2011 18:00:00,1.93,2.37,0.18,-0.37,0.31
6645,30.04.2011 19:00:00,2,2.43,0.18,-0.37,0.31
6646,30.04.2011 20:00:00,2,2.37,0.18,-0.37,0.31
6647,30.04.2011 21:00:00,2,2.31,0.18,-0.37,0.31
6648,30.04.2011 22:00:00,1.93,2.12,0.18,-0.37,0.31,3.504
6649,30.04.2011 23:00:00,1.81,2,0.25,-0.37,0.25
6650,01.05.2011 00:00:00,1.68,1.81,0.25,-0.37,0.31
6651,01.05.2011 01:00:00,1.56,1.62,0.18,-0.37,0.25
6652,01.05.2011 02:00:00,1.43,1.43,0.18,-0.37,0.31
6653,01.05.2011 03:00:00,1.31,1.25,0.18,-0.37,0.31
6654,01.05.2011 04:00:00,1.12,1.12,0.18,-0.37,0.31,3.501
6655,01.05.2011 05:00:00,1.06,1,0.18,-0.37,0.31
6656,01.05.2011 06:00:00,0.93,0.87,0.12,-0.37,0.31
6657,01.05.2011 07:00:00,0.81,0.75,0.12,-0.37,0.31
6658,01.05.2011 08:00:00,0.75,0.68,0.12,-0.37,0.31
6659,01.05.2011 09:00:00,0.68,0.62,0.12,-0.37,0.31
6660,01.05.2011 10:00:00,0.62,0.56,0.12,-0.37,0.31,3.500
6661,01.05.2011 11:00:00,0.68,0.75,0.12,-0.37,0.31
6662,01.05.2011 12:00:00,1,1.25,0.12,-0.37,0.31
6663,01.05.2011 13:00:00,1.43,2,0.06,-0.31,0.31
6664,01.05.2011 14:00:00,2.06,2.87,0.12,-0.37,0.31
6665,01.05.2011 15:00:00,2.68,3.68,0.18,-0.31,0.25
6666,01.05.2011 16:00:00,3.31,4.43,0.25,-0.31,0.31,3.517
6667,01.05.2011 17:00:00,3.81,4.93,0.31,-0.31,0.31
6668,01.05.2011 18:00:00,4.12,5.18,0.37,-0.37,0.31
6669,01.05.2011 19:00:00,4.31,5.18,0.43,-0.37,0.31
6670,01.05.2011 20:00:00,4.31,4.93,0.43,-0.31,0.25
6671,01.05.2011 21:00:00,4.12,4.62,0.5,-0.31,0.25
6672,01.05.2011 22:00:00,3.93,4.25,0.5,-0.37,0.31,3.527
6673,01.05.2011 23:00:00,3.68,3.81,0.56,-0.31,0.31
6674,02.05.2011 00:00:00,3.37,3.43,0.5,-0.37,0.31
6675,02.05.2011 01:00:00,3.06,3.06,0.56,-0.37,0.31
6676,02.05.2011 02:00:00,2.81,2.75,0.5,-0.37,0.31
6677,02.05.2011 03:00:00,2.56,2.43,0.5,-0.31,0.31
6678,02.05.2011 04:00:00,2.31,2.12,0.43,-0.31,0.31,3.510
6679,02.05.2011 05:00:00,2.06,1.87,0.37,-0.37,0.31
6680,02.05.2011 06:00:00,1.87,1.68,0.37,-0.31,0.31
6681,02.05.2011 07:00:00,1.68,1.56,0.37,-0.31,0.31
6682,02.05.2011 08:00:00,1.5,1.37,0.31,-0.31,0.31
6683,02.05.2011 09:00:00,1.37,1.25,0.31,-0.37,0.31
6684,02.05.2011 10:00:00,1.31,1.18,0.25,-0.31,0.31,3.504
6685,02.05.2011 11:00:00,1.43,1.56,0.25,-0.37,0.31
6686,02.05.2011 12:00:00,1.87,2.31,0.25,-0.37,0.31
6687,02.05.2011 13:00:00,2.5,3.18,0.25,-0.31,0.31
6688,02.05.2011 14:00:00,3.18,4.18,0.31,-0.31,0.31
6689,02.05.2011 15:00:00,3.87,5.06,0.37,-0.31,0.31
6690,02.05.2011 16:00:00,4.56,5.81,0.43,-0.31,0.31,3.525
6691,02.05.2011 17:00:00,5.06,6.25,0.5,-0.31,0.31
6692,02.05.2011 18:00:00,5.37,6.5,0.62,-0.31,0.31
6693,02.05.2011 19:00:00,5.43,6.5,0.68,-0.31,0.31
6694,02.05.2011 20:00:00,5.5,6.25,0.75,-0.31,0.31
6695,02.05.2011 21:00:00,5.31,5.93,0.81,-0.37,0.31
6696,02.05.2011 22:00:00,5.12,5.56,0.81,-0.31,0.31,3.535
6697,02.05.2011 23:00:00,4.81,5.06,0.87,-0.31,0.31
6698,03.05.2011 00:00:00,4.5,4.62,0.87,-0.31,0.31
6699,03.05.2011 01:00:00,4.18,4.25,0.81,-0.37,0.31
6700,03.05.2011 02:00:00,3.87,3.87,0.81,-0.31,0.31
6701,03.05.2011 03:00:00,3.56,3.5,0.81,-0.31,0.31
6702,03.05.2011 04:00:00,3.25,3.18,0.75,-0.31,0.31,3.520
6703,03.05.2011 05:00:00,3,2.87,0.68,-0.31,0.31
6704,03.05.2011 06:00:00,2.75,2.56,0.68,-0.31,0.31
6705,03.05.2011 07:00:00,2.5,2.31,0.62,-0.31,0.31
6706,03.05.2011 08:00:00,2.25,2.12,0.62,-0.31,0.31
6707,03.05.2011 09:00:00,2.12,1.93,0.56,-0.31,0.31
6708,03.05.2011 10:00:00,2.06,2.06,0.5,-0.31,0.31,3.512
6709,03.05.2011 11:00:00,2.31,2.56,0.5,-0.31,0.31
6710,03.05.2011 12:00:00,2.81,3.37,0.5,-0.31,0.31
6711,03.05.2011 13:00:00,3.43,4.37,0.5,-0.31,0.31
6712,03.05.2011 14:00:00,4.18,5.37,0.56,-0.31,0.31
6713,03.05.2011 15:00:00,5,6.37,0.62,-0.31,0.31
6714,03.05.2011 16:00:00,5.68,7,0.68,-0.31,0.31,3.531
6715,03.05.2011 17:00:00,6.18,7.56,0.81,-0.31,0.31
6716,03.05.2011 18:00:00,6.43,7.75,0.93,-0.31,0.31
6717,03.05.2011 19:00:00,6.56,7.62,1,-0.37,0.31
6718,03.05.2011 20:00:00,6.5,7.31,1.06,-0.31,0.31
6719,03.05.2011 21:00:00,6.31,6.93,1.12,-0.31,0.31
6720,03.05.2011 22:00:00,6.06,6.43,1.18,-0.31,0.31,3.537
6721,03.05.2011 23:00:00,5.68,6,1.18,-0.31,0.31
6722,04.05.2011 00:00:00,5.37,5.5,1.18,-0.31,0.31
6723,04.05.2011 01:00:00,5.06,5.06,1.18,-0.31,0.31
6724,04.05.2011 02:00:00,4.68,4.68,1.18,-0.31,0.25
6725,04.05.2011 03:00:00,4.37,4.31,1.12,-0.37,0.31
6726,04.05.2011 04:00:00,4.06,3.93,1.12,-0.31,0.31,3.526
6727,04.05.2011 05:00:00,3.81,3.62,1.06,-0.31,0.31
6728,04.05.2011 06:00:00,3.5,3.31,1,-0.31,0.31
6729,04.05.2011 07:00:00,3.18,3.06,0.93,-0.31,0.31
6730,04.05.2011 08:00:00,2.93,2.81,0.87,-0.31,0.31
6731,04.05.2011 09:00:00,2.81,2.62,0.87,-0.31,0.31
6732,04.05.2011 10:00:00,2.75,2.81,0.81,-0.31,0.31,3.514
6733,04.05.2011 11:00:00,3.06,3.31,0.81,-0.31,0.31
6734,04.05.2011 12:00:00,3.5,4.12,0.75,-0.31,0.31
6735,04.05.2011 13:00:00,4.12,5,0.75,-0.31,0.31
6736,04.05.2011 14:00:00,4.81,5.93,0.81,-0.31,0.31
6737,04.05.2011 15:00:00,5.43,6.62,0.87,-0.31,0.31
6738,04.05.2011 16:00:00,5.93,7.18,0.93,-0.31,0.31,3.534
6739,04.05.2011 17:00:00,6.25,7.43,1.06,-0.31,0.31
6740,04.05.2011 18:00:00,6.43,7.56,1.12,-0.31,0.31
6741,04.05.2011 19:00:00,6.5,7.43,1.25,-0.31,0.31
6742,04.05.2011 20:00:00,6.43,7.18,1.31,-0.31,0.25
6743,04.05.2011 21:00:00,6.18,6.81,1.37,-0.31,0.31
6744,04.05.2011 22:00:00,5.93,6.37,1.37,-0.31,0.31,3.543
6745,04.05.2011 23:00:00,5.62,5.87,1.37,-0.31,0.31
6746,05.05.2011 00:00:00,5.31,5.5,1.43,-0.31,0.31
6747,05.05.2011 01:00:00,5,5,1.37,-0.31,0.31
6748,05.05.2011 02:00:00,4.68,4.68,1.37,-0.31,0.25
6749,05.05.2011 03:00:00,4.31,4.31,1.31,-0.31,0.31
6750,05.05.2011 04:00:00,4.06,3.93,1.31,-0.31,0.31,3.528
6751,05.05.2011 05:00:00,3.75,3.56,1.25,-0.31,0.31
6752,05.05.2011 06:00:00,3.5,3.31,1.18,-0.31,0.31
6753,05.05.2011 07:00:00,3.25,3,1.12,-0.31,0.31
6754,05.05.2011 08:00:00,2.93,2.75,1.06,-0.31,0.31
6755,05.05.2011 09:00:00,2.75,2.62,1,-0.31,0.31
6756,05.05.2011 10:00:00,2.75,2.81,1,-0.31,0.31,3.514
6757,05.05.2011 11:00:00,3,3.31,0.93,-0.31,0.31
6758,05.05.2011 12:00:00,3.5,4.12,0.87,-0.31,0.31
6759,05.05.2011 13:00:00,4.06,4.87,0.87,-0.31,0.31
6760,05.05.2011 14:00:00,4.68,5.68,0.93,-0.31,0.31
6761,05.05.2011 15:00:00,5.25,6.37,1,-0.31,0.31
6762,05.05.2011 16:00:00,5.75,6.93,1.06,-0.31,0.31,3.535
6763,05.05.2011 17:00:00,6.06,7.18,1.18,-0.31,0.31
6764,05.05.2011 18:00:00,6.25,7.25,1.25,-0.31,0.31
6765,05.05.2011 19:00:00,6.31,7.18,1.31,-0.31,0.31
6766,05.05.2011 20:00:00,6.25,7.06,1.43,-0.31,0.31
6767,05.05.2011 21:00:00,6.12,6.75,1.5,-0.31,0.31
6768,05.05.2011 22:00:00,5.87,6.37,1.56,-0.31,0.31,3.538
6769,05.05.2011 23:00:00,5.68,6,1.56,-0.31,0.31
6770,06.05.2011 00:00:00,5.43,5.68,1.56,-0.31,0.31
6771,06.05.2011 01:00:00,5.12,5.37,1.56,-0.31,0.31
6772,06.05.2011 02:00:00,4.93,5.06,1.5,-0.31,0.31
6773,06.05.2011 03:00:00,4.68,4.75,1.5,-0.31,0.31
6774,06.05.2011 04:00:00,4.43,4.5,1.5,-0.31,0.31,3.527
6775,06.05.2011 05:00:00,4.18,4.25,1.43,-0.31,0.31
6776,06.05.2011 06:00:00,4,4,1.43,-0.31,0.31
6777,06.05.2011 07:00:00,3.81,3.81,1.37,-0.31,0.31
6778,06.05.2011 08:00:00,3.62,3.62,1.31,-0.31,0.31
6779,06.05.2011 09:00:00,3.5,3.5,1.25,-0.31,0.31
6780,06.05.2011 10:00:00,3.5,3.62,1.25,-0.31,0.31,3.525
6781,06.05.2011 11:00:00,3.62,3.93,1.25,-0.31,0.31
6782,06.05.2011 12:00:00,3.81,4.18,1.18,-0.31,0.31
6783,06.05.2011 13:00:00,3.87,4.25,1.18,-0.31,0.31
6784,06.05.2011 14:00:00,4,4.37,1.18,-0.31,0.31
6785,06.05.2011 15:00:00,4.18,4.68,1.18,-0.31,0.25
6786,06.05.2011 16:00:00,4.43,5.06,1.18,-0.31,0.31,3.527
6787,06.05.2011 17:00:00,4.56,5.18,1.25,-0.31,0.31
6788,06.05.2011 18:00:00,4.62,5.18,1.25,-0.31,0.31
6789,06.05.2011 19:00:00,4.68,5.18,1.25,-0.31,0.31
6790,06.05.2011 20:00:00,4.62,5.06,1.31,-0.31,0.31
6791,06.05.2011 21:00:00,4.5,4.75,1.31,-0.31,0.31
6792,06.05.2011 22:00:00,4.31,4.5,1.31,-0.31,0.31,3.532
6793,06.05.2011 23:00:00,4.12,4.25,1.31,-0.31,0.31
6794,07.05.2011 00:00:00,3.93,4.06,1.31,-0.31,0.31
6795,07.05.2011 01:00:00,3.75,3.81,1.31,-0.31,0.31
6796,07.05.2011 02:00:00,3.56,3.62,1.31,-0.31,0.31
6797,07.05.2011 03:00:00,3.37,3.43,1.31,-0.31,0.31
6798,07.05.2011 04:00:00,3.25,3.25,1.25,-0.31,0.31,3.524
6799,07.05.2011 05:00:00,3.06,3.12,1.18,-0.31,0.31
6800,07.05.2011 06:00:00,2.93,3,1.18,-0.31,0.31
6801,07.05.2011 07:00:00,2.81,2.81,1.12,-0.31,0.31
6802,07.05.2011 08:00:00,2.75,2.75,1.06,-0.31,0.31
6803,07.05.2011 09:00:00,2.62,2.62,1.06,-0.31,0.31
6804,07.05.2011 10:00:00,2.5,2.5,1,-0.31,0.31,3.512
6805,07.05.2011 11:00:00,2.43,2.37,1,-0.31,0.31
6806,07.05.2011 12:00:00,2.31,2.25,0.93,-0.31,0.31
6807,07.05.2011 13:00:00,2.18,2.18,0.87,-0.31,0.31
6808,07.05.2011 14:00:00,2,2.06,0.93,-0.31,0.31
6809,07.05.2011 15:00:00,2.25,2.5,0.93,-0.31,0.31
6810,07.05.2011 16:00:00,2.68,3.12,0.87,-0.31,0.31,3.518
6811,07.05.2011 17:00:00,3.06,3.62,0.93,-0.31,0.31
6812,07.05.2011 18:00:00,3.37,4,0.93,-0.31,0.31
6813,07.05.2011 19:00:00,3.68,4.18,0.93,-0.31,0.31
6814,07.05.2011 20:00:00,3.68,4.12,1,-0.31,0.31
6815,07.05.2011 21:00:00,3.62,4,1,-0.31,0.31
6816,07.05.2011 22:00:00,3.5,3.75,1,-0.31,0.31,3.520
6817,07.05.2011 23:00:00,3.37,3.5,1.06,-0.25,0.31
6818,08.05.2011 00:00:00,3.18,3.31,1.06,-0.31,0.31
6819,08.05.2011 01:00:00,3,3.06,1.06,-0.31,0.31
6820,08.05.2011 02:00:00,2.81,2.87,1,-0.31,0.31
6821,08.05.2011 03:00:00,2.68,2.68,1,-0.31,0.31
6822,08.05.2011 04:00:00,2.5,2.5,1,-0.31,0.31,3.520
6823,08.05.2011 05:00:00,2.37,2.37,0.93,-0.31,0.31
6824,08.05.2011 06:00:00,2.25,2.25,0.93,-0.31,0.31
6825,08.05.2011 07:00:00,2.12,2.12,0.87,-0.31,0.31
6826,08.05.2011 08:00:00,2,2,0.87,-0.31,0.31
6827,08.05.2011 09:00:00,1.87,1.87,0.87,-0.31,0.31
6828,08.05.2011 10:00:00,1.87,1.87,0.81,-0.31,0.31,3.508
6829,08.05.2011 11:00:00,1.81,1.87,0.81,-0.31,0.31
6830,08.05.2011 12:00:00,1.87,1.93,0.75,-0.31,0.31
6831,08.05.2011 13:00:00,2,2.12,0.75,-0.31,0.31
6832,08.05.2011 14:00:00,2.12,2.43,0.75,-0.31,0.31
6833,08.05.2011 15:00:00,2.37,2.75,0.75,-0.31,0.31
6834,08.05.2011 16:00:00,2.68,3.12,0.75,-0.31,0.31,3.512
6835,08.05.2011 17:00:00,2.93,3.43,0.75,-0.31,0.31
6836,08.05.2011 18:00:00,3.06,3.56,0.81,-0.31,0.31
6837,08.05.2011 19:00:00,3.12,3.56,0.81,-0.31,0.31
6838,08.05.2011 20:00:00,3.12,3.43,0.87,-0.31,0.31
6839,08.05.2011 21:00:00,3,3.31,0.87,-0.25,0.31
6840,08.05.2011 22:00:00,2.93,3.12,0.87,-0.31,0.31,3.516
6841,08.05.2011 23:00:00,2.75,2.93,0.93,-0.25,0.31
6842,09.05.2011 00:00:00,2.56,2.68,0.93,-0.25,0.31
6843,09.05.2011 01:00:00,2.43,2.56,0.93,-0.31,0.31
6844,09.05.2011 02:00:00,2.31,2.37,0.87,-0.31,0.31
6845,09.05.2011 03:00:00,2.18,2.25,0.87,-0.31,0.25
6846,09.05.2011 04:00:00,2.06,2.12,0.87,-0.31,0.31,3.516
6847,09.05.2011 05:00:00,1.93,2,0.81,-0.31,0.31
6848,09.05.2011 06:00:00,1.87,1.93,0.81,-0.31,0.31
6849,09.05.2011 07:00:00,1.81,1.81,0.75,-0.31,0.31
6850,09.05.2011 08:00:00,1.75,1.75,0.75,-0.31,0.31
6851,09.05.2011 09:00:00,1.62,1.68,0.75,-0.31,0.31
6852,09.05.2011 10:00:00,1.56,1.56,0.68,-0.31,0.31,3.509
6853,09.05.2011 11:00:00,1.5,1.5,0.68,-0.31,0.31
6854,09.05.2011 12:00:00,1.31,1.5,0.68,-0.31,0.31
6855,09.05.2011 13:00:00,1.37,1.62,0.68,-0.31,0.31
6856,09.05.2011 14:00:00,1.62,1.93,0.62,-0.31,0.31
6857,09.05.2011 15:00:00,2,2.43,0.68,-0.31,0.31
6858,09.05.2011 16:00:00,2.37,2.93,0.62,-0.31,0.31,3.514
6859,09.05.2011 17:00:00,2.75,3.37,0.68,-0.25,0.31
6860,09.05.2011 18:00:00,3,3.62,0.68,-0.25,0.31
6861,09.05.2011 19:00:00,3.18,3.68,0.75,-0.31,0.31
6862,09.05.2011 20:00:00,3.25,3.62,0.81,-0.31,0.31
6863,09.05.2011 21:00:00,3.18,3.5,0.87,-0.25,0.31
6864,09.05.2011 22:00:00,3.12,3.31,0.87,-0.31,0.31,3.516
6865,09.05.2011 23:00:00,2.93,3.12,0.93,-0.25,0.31
6866,10.05.2011 00:00:00,2.87,2.93,0.93,-0.25,0.31
6867,10.05.2011 01:00:00,2.75,2.81,0.93,-0.25,0.31
6868,10.05.2011 02:00:00,2.62,2.68,0.93,-0.31,0.31
6869,10.05.2011 03:00:00,2.43,2.5,0.93,-0.31,0.31
6870,10.05.2011 04:00:00,2.37,2.37,0.93,-0.25,0.31,3.516
6871,10.05.2011 05:00:00,2.25,2.31,0.87,-0.25,0.31
6872,10.05.2011 06:00:00,2.18,2.18,0.87,-0.25,0.31
6873,10.05.2011 07:00:00,2.06,2.06,0.87,-0.31,0.31
6874,10.05.2011 08:00:00,2,2,0.87,-0.25,0.31
6875,10.05.2011 09:00:00,1.93,1.93,0.81,-0.31,0.31
6876,10.05.2011 10:00:00,1.81,1.81,0.81,-0.25,0.31,3.509
6877,10.05.2011 11:00:00,1.75,1.75,0.81,-0.25,0.31
6878,10.05.2011 12:00:00,1.62,1.43,0.75,-0.31,0.31
6879,10.05.2011 13:00:00,1.5,1.56,0.81,-0.25,0.31
6880,10.05.2011 14:00:00,1.62,1.75,0.75,-0.25,0.31
6881,10.05.2011 15:00:00,1.87,2.06,0.68,-0.31,0.31
6882,10.05.2011 16:00:00,2.12,2.43,0.75,-0.25,0.31,3.513
6883,10.05.2011 17:00:00,2.43,2.87,0.68,-0.31,0.31
6884,10.05.2011 18:00:00,2.75,3.18,0.75,-0.25,0.31
6885,10.05.2011 19:00:00,2.93,3.37,0.75,-0.25,0.31
6886,10.05.2011 20:00:00,3,3.43,0.81,-0.25,0.31
6887,10.05.2011 21:00:00,3.06,3.31,0.87,-0.25,0.31
6888,10.05.2011 22:00:00,3,3.18,0.87,-0.25,0.31,3.519
6889,10.05.2011 23:00:00,2.87,3,0.87,-0.25,0.31
6890,11.05.2011 00:00:00,2.68,2.75,0.93,-0.25,0.31
6891,11.05.2011 01:00:00,2.5,2.56,0.93,-0.31,0.31
6892,11.05.2011 02:00:00,2.31,2.37,0.87,-0.25,0.31
6893,11.05.2011 03:00:00,2.25,2.18,0.87,-0.25,0.31
6894,11.05.2011 04:00:00,2.06,2.06,0.87,-0.25,0.31,3.514
6895,11.05.2011 05:00:00,1.93,1.93,0.87,-0.25,0.31
6896,11.05.2011 06:00:00,1.87,1.81,0.87,-0.25,0.31
6897,11.05.2011 07:00:00,1.75,1.75,0.81,-0.25,0.31
6898,11.05.2011 08:00:00,1.62,1.62,0.75,-0.25,0.31
6899,11.05.2011 09:00:00,1.56,1.56,0.75,-0.25,0.31
6900,11.05.2011 10:00:00,1.5,1.5,0.75,-0.25,0.31,3.504
6901,11.05.2011 11:00:00,1.5,1.5,0.68,-0.25,0.31
6902,11.05.2011 12:00:00,1.56,1.62,0.68,-0.25,0.31
6903,11.05.2011 13:00:00,1.75,1.93,0.62,-0.25,0.31
6904,11.05.2011 14:00:00,2.06,2.37,0.62,-0.25,0.31
6905,11.05.2011 15:00:00,2.5,2.93,0.68,-0.25,0.31
6906,11.05.2011 16:00:00,2.87,3.43,0.68,-0.31,0.31,3.513
6907,11.05.2011 17:00:00,3.18,3.68,0.75,-0.25,0.31
6908,11.05.2011 18:00:00,3.37,3.87,0.75,-0.25,0.31
6909,11.05.2011 19:00:00,3.37,3.81,0.81,-0.25,0.31
6910,11.05.2011 20:00:00,3.37,3.68,0.87,-0.25,0.31
6911,11.05.2011 21:00:00,3.25,3.56,0.93,-0.25,0.31
6912,11.05.2011 22:00:00,3.12,3.37,0.93,-0.25,0.31,3.520
6913,11.05.2011 23:00:00,3.06,3.18,1,-0.25,0.31
6914,12.05.2011 00:00:00,2.87,3,1,-0.25,0.31
6915,12.05.2011 01:00:00,2.75,2.87,1,-0.25,0.31
6916,12.05.2011 02:00:00,2.62,2.68,1,-0.25,0.31
6917,12.05.2011 03:00:00,2.5,2.56,1,-0.25,0.31
6918,12.05.2011 04:00:00,2.43,2.37,1,-0.25,0.31,3.512
6919,12.05.2011 05:00:00,2.25,2.31,1,-0.25,0.31
6920,12.05.2011 06:00:00,2.18,2.18,0.93,-0.25,0.31
6921,12.05.2011 07:00:00,2.12,2.06,0.93,-0.25,0.31
6922,12.05.2011 08:00:00,2,2,0.87,-0.25,0.31
6923,12.05.2011 09:00:00,1.93,1.93,0.87,-0.25,0.31
6924,12.05.2011 10:00:00,1.87,1.81,0.87,-0.25,0.31,3.507
6925,12.05.2011 11:00:00,1.81,1.75,0.81,-0.25,0.31
6926,12.05.2011 12:00:00,1.75,1.75,0.81,-0.25,0.31
6927,12.05.2011 13:00:00,1.62,1.68,0.81,-0.25,0.31
6928,12.05.2011 14:00:00,1.68,1.87,0.81,-0.25,0.31
6929,12.05.2011 15:00:00,1.87,2.12,0.81,-0.25,0.31
6930,12.05.2011 16:00:00,2.12,2.37,0.75,-0.25,0.31,3.513
6931,12.05.2011 17:00:00,2.37,2.62,0.81,-0.25,0.31
6932,12.05.2011 18:00:00,2.5,2.87,0.81,-0.25,0.31
6933,12.05.2011 19:00:00,2.62,3,0.81,-0.25,0.31
6934,12.05.2011 20:00:00,2.68,3,0.81,-0.25,0.31
6935,12.05.2011 21:00:00,2.68,2.87,0.87,-0.25,0.31
6936,12.05.2011 22:00:00,2.56,2.75,0.87,-0.25,0.31,3.515
6937,12.05.2011 23:00:00,2.5,2.62,0.87,-0.25,0.31
6938,13.05.2011 00:00:00,2.37,2.5,0.87,-0.25,0.31
6939,13.05.2011 01:00:00,2.31,2.37,0.87,-0.25,0.31
6940,13.05.2011 02:00:00,2.18,2.25,0.87,-0.25,0.31
6941,13.05.2011 03:00:00,2.12,2.12,0.87,-0.25,0.31
6942,13.05.2011 04:00:00,2,2,0.87,-0.25,0.31,3.509
6943,13.05.2011 05:00:00,1.87,1.87,0.81,-0.25,0.31
6944,13.05.2011 06:00:00,1.75,1.68,0.81,-0.25,0.31
6945,13.05.2011 07:00:00,1.62,1.56,0.81,-0.25,0.31
6946,13.05.2011 08:00:00,1.56,1.43,0.75,-0.25,0.31
6947,13.05.2011 09:00:00,1.43,1.37,0.75,-0.25,0.31
6948,13.05.2011 10:00:00,1.43,1.43,0.75,-0.25,0.31,3.504
6949,13.05.2011 11:00:00,1.68,1.87,0.75,-0.25,0.31
6950,13.05.2011 12:00:00,2.18,2.68,0.68,-0.25,0.31
6951,13.05.2011 13:00:00,2.93,3.68,0.68,-0.25,0.31
6952,13.05.2011 14:00:00,3.62,4.56,0.75,-0.25,0.31
6953,13.05.2011 15:00:00,4.25,5.25,0.81,-0.25,0.31
6954,13.05.2011 16:00:00,4.81,5.87,0.93,-0.25,0.31,3.527
6955,13.05.2011 17:00:00,5.25,6.31,1.06,-0.25,0.31
6956,13.05.2011 18:00:00,5.56,6.5,1.12,-0.25,0.31
6957,13.05.2011 19:00:00,5.68,6.5,1.25,-0.25,0.31
6958,13.05.2011 20:00:00,5.62,6.31,1.37,-0.25,0.31
6959,13.05.2011 21:00:00,5.5,6,1.5,-0.25,0.31
6960,13.05.2011 22:00:00,5.25,5.56,1.56,-0.25,0.31,3.533
6961,13.05.2011 23:00:00,4.93,5.12,1.56,-0.25,0.31
6962,14.05.2011 00:00:00,4.62,4.75,1.62,-0.25,0.25
6963,14.05.2011 01:00:00,4.25,4.31,1.62,-0.25,0.31
6964,14.05.2011 02:00:00,3.93,3.93,1.68,-0.18,0.31
6965,14.05.2011 03:00:00,3.62,3.56,1.68,-0.25,0.31
6966,14.05.2011 04:00:00,3.37,3.25,1.62,-0.25,0.31,3.525
6967,14.05.2011 05:00:00,3.06,2.93,1.56,-0.25,0.31
6968,14.05.2011 06:00:00,2.81,2.68,1.56,-0.25,0.31
6969,14.05.2011 07:00:00,2.62,2.5,1.5,-0.25,0.31
6970,14.05.2011 08:00:00,2.43,2.25,1.43,-0.25,0.31
6971,14.05.2011 09:00:00,2.25,2.12,1.37,-0.25,0.31
6972,14.05.2011 10:00:00,2.18,2.06,1.31,-0.25,0.31,3.511
6973,14.05.2011 11:00:00,2.31,2.43,1.25,-0.25,0.31
6974,14.05.2011 12:00:00,2.68,3.12,1.18,-0.25,0.31
6975,14.05.2011 13:00:00,3.31,4,1.18,-0.25,0.31
6976,14.05.2011 14:00:00,4.12,5,1.18,-0.25,0.25
6977,14.05.2011 15:00:00,4.81,5.87,1.25,-0.25,0.31
6978,14.05.2011 16:00:00,5.43,6.56,1.31,-0.25,0.31,3.537
6979,14.05.2011 17:00:00,5.93,7,1.37,-0.18,0.31
6980,14.05.2011 18:00:00,6.18,7.12,1.5,-0.25,0.31
6981,14.05.2011 19:00:00,6.31,7.06,1.62,-0.25,0.31
6982,14.05.2011 20:00:00,6.25,6.87,1.75,-0.25,0.31
6983,14.05.2011 21:00:00,6.06,6.56,1.81,-0.25,0.31
6984,14.05.2011 22:00:00,5.81,6.12,1.87,-0.25,0.31,3.544
6985,14.05.2011 23:00:00,5.5,5.75,1.93,-0.25,0.31
6986,15.05.2011 00:00:00,5.18,5.25,2,-0.18,0.31
6987,15.05.2011 01:00:00,4.81,4.87,2,-0.25,0.31
6988,15.05.2011 02:00:00,4.56,4.5,2,-0.18,0.31
6989,15.05.2011 03:00:00,4.18,4.12,2,-0.25,0.31
6990,15.05.2011 04:00:00,3.93,3.81,1.93,-0.25,0.31,3.526
6991,15.05.2011 05:00:00,3.68,3.56,1.93,-0.18,0.31
6992,15.05.2011 06:00:00,3.43,3.31,1.87,-0.25,0.31
6993,15.05.2011 07:00:00,3.25,3.06,1.81,-0.25,0.31
6994,15.05.2011 08:00:00,3,2.87,1.75,-0.18,0.31
6995,15.05.2011 09:00:00,2.87,2.81,1.68,-0.25,0.31
6996,15.05.2011 10:00:00,2.93,2.93,1.62,-0.25,0.31,3.522
6997,15.05.2011 11:00:00,3.12,3.43,1.56,-0.25,0.31
6998,15.05.2011 12:00:00,3.56,4.06,1.56,-0.25,0.31
6999,15.05.2011 13:00:00,4.12,4.81,1.56,-0.18,0.31
7000,15.05.2011 14:00:00,4.75,5.68,1.56,-0.18,0.31
7001,15.05.2011 15:00:00,5.43,6.5,1.56,-0.25,0.31
7002,15.05.2011 16:00:00,6,7.12,1.68,-0.25,0.31,3.538
7003,15.05.2011 17:00:00,6.43,7.5,1.75,-0.18,0.31
7004,15.05.2011 18:00:00,6.68,7.62,1.87,-0.25,0.31
7005,15.05.2011 19:00:00,6.75,7.5,2,-0.18,0.31
7006,15.05.2011 20:00:00,6.68,7.31,2.06,-0.25,0.31
7007,15.05.2011 21:00:00,6.5,7,2.12,-0.25,0.31
7008,15.05.2011 22:00:00,6.25,6.68,2.18,-0.25,0.31,3.546
7009,15.05.2011 23:00:00,6,6.31,2.25,-0.25,0.31
7010,16.05.2011 00:00:00,5.68,5.93,2.25,-0.18,0.31
7011,16.05.2011 01:00:00,5.43,5.5,2.31,-0.25,0.31
7012,16.05.2011 02:00:00,5.12,5.12,2.31,-0.18,0.31
7013,16.05.2011 03:00:00,4.87,4.87,2.31,-0.25,0.31
7014,16.05.2011 04:00:00,4.62,4.56,2.25,-0.18,0.31,3.531
7015,16.05.2011 05:00:00,4.31,4.25,2.18,-0.25,0.31
7016,16.05.2011 06:00:00,4.12,4,2.18,-0.25,0.31
7017,16.05.2011 07:00:00,3.87,3.75,2.12,-0.25,0.31
7018,16.05.2011 08:00:00,3.68,3.56,2.06,-0.25,0.31
7019,16.05.2011 09:00:00,3.5,3.5,2,-0.18,0.31
7020,16.05.2011 10:00:00,3.56,3.68,2,-0.18,0.31,3.523
7021,16.05.2011 11:00:00,3.87,4.18,1.93,-0.25,0.31
7022,16.05.2011 12:00:00,4.25,4.87,1.87,-0.25,0.31
7023,16.05.2011 13:00:00,4.81,5.56,1.87,-0.18,0.31
7024,16.05.2011 14:00:00,5.31,6.25,1.87,-0.18,0.31
7025,16.05.2011 15:00:00,5.87,6.75,1.93,-0.25,0.31
7026,16.05.2011 16:00:00,6.25,7.18,2,-0.18,0.31,3.538
7027,16.05.2011 17:00:00,6.56,7.5,2.06,-0.18,0.31
7028,16.05.2011 18:00:00,6.75,7.56,2.18,-0.18,0.31
7029,16.05.2011 19:00:00,6.81,7.56,2.25,-0.18,0.31
7030,16.05.2011 20:00:00,6.75,7.37,2.31,-0.18,0.31
7031,16.05.2011 21:00:00,6.62,7.06,2.37,-0.18,0.31
7032,16.05.2011 22:00:00,6.37,6.68,2.43,-0.18,0.31,3.548
7033,16.05.2011 23:00:00,6.12,6.31,2.5,-0.18,0.31
7034,17.05.2011 00:00:00,5.81,5.93,2.5,-0.18,0.31
7035,17.05.2011 01:00:00,5.56,5.62,2.5,-0.25,0.31
7036,17.05.2011 02:00:00,5.25,5.25,2.5,-0.18,0.31
7037,17.05.2011 03:00:00,5,5,2.5,-0.18,0.31
7038,17.05.2011 04:00:00,4.75,4.75,2.43,-0.18,0.31,3.536
7039,17.05.2011 05:00:00,4.56,4.56,2.43,-0.18,0.31
7040,17.05.2011 06:00:00,4.37,4.31,2.37,-0.18,0.31
7041,17.05.2011 07:00:00,4.18,4.25,2.31,-0.18,0.31
7042,17.05.2011 08:00:00,4.06,4.06,2.31,-0.18,0.31
7043,17.05.2011 09:00:00,3.93,3.81,2.25,-0.18,0.31
7044,17.05.2011 10:00:00,3.75,3.68,2.25,-0.18,0.31,3.530
7045,17.05.2011 11:00:00,3.68,3.62,2.18,-0.25,0.31
7046,17.05.2011 12:00:00,3.68,3.75,2.18,-0.18,0.31
7047,17.05.2011 13:00:00,4,4.31,2.12,-0.18,0.31
7048,17.05.2011 14:00:00,4.56,5.12,2.12,-0.18,0.31
7049,17.05.2011 15:00:00,5,5.62,2.12,-0.25,0.31
7050,17.05.2011 16:00:00,5.43,6.06,2.12,-0.18,0.31,3.533
7051,17.05.2011 17:00:00,5.75,6.5,2.18,-0.18,0.31
7052,17.05.2011 18:00:00,6,6.68,2.25,-0.18,0.31
7053,17.05.2011 19:00:00,6.12,6.68,2.25,-0.18,0.31
7054,17.05.2011 20:00:00,6.06,6.5,2.31,-0.18,0.31
7055,17.05.2011 21:00:00,5.93,6.25,2.37,-0.18,0.31
7056,17.05.2011 22:00:00,5.68,5.93,2.43,-0.18,0.37,3.543
7057,17.05.2011 23:00:00,5.43,5.56,2.43,-0.18,0.31
7058,18.05.2011 00:00:00,5.18,5.31,2.43,-0.18,0.31
7059,18.05.2011 01:00:00,4.93,5,2.43,-0.18,0.31
7060,18.05.2011 02:00:00,4.75,4.68,2.43,-0.18,0.31
7061,18.05.2011 03:00:00,4.5,4.43,2.37,-0.18,0.31
7062,18.05.2011 04:00:00,4.25,4.25,2.37,-0.18,0.31,3.531
7063,18.05.2011 05:00:00,4.06,4,2.31,-0.18,0.31
7064,18.05.2011 06:00:00,3.87,3.81,2.31,-0.18,0.31
7065,18.05.2011 07:00:00,3.68,3.62,2.25,-0.25,0.31
7066,18.05.2011 08:00:00,3.56,3.5,2.18,-0.18,0.31
7067,18.05.2011 09:00:00,3.5,3.43,2.12,-0.18,0.31
7068,18.05.2011 10:00:00,3.5,3.5,2.12,-0.18,0.31,3.527
7069,18.05.2011 11:00:00,3.5,3.62,2.06,-0.18,0.31
7070,18.05.2011 12:00:00,3.5,3.62,2,-0.18,0.31
7071,18.05.2011 13:00:00,3.5,3.56,2,-0.18,0.31
7072,18.05.2011 14:00:00,3.43,3.5,2,-0.18,0.31
7073,18.05.2011 15:00:00,3.5,3.62,1.93,-0.18,0.31
7074,18.05.2011 16:00:00,3.68,3.93,1.93,-0.18,0.31,3.525
7075,18.05.2011 17:00:00,3.93,4.25,1.93,-0.18,0.31
7076,18.05.2011 18:00:00,4.06,4.37,1.93,-0.18,0.31
7077,18.05.2011 19:00:00,4.12,4.37,1.93,-0.18,0.31
7078,18.05.2011 20:00:00,4.12,4.31,1.93,-0.18,0.31
7079,18.05.2011 21:00:00,4,4.18,1.93,-0.18,0.31
7080,18.05.2011 22:00:00,3.93,4,1.93,-0.18,0.31,3.530
7081,18.05.2011 23:00:00,3.81,3.87,1.93,-0.18,0.31
7082,19.05.2011 00:00:00,3.62,3.68,1.93,-0.18,0.31
7083,19.05.2011 01:00:00,3.5,3.56,1.93,-0.18,0.31
7084,19.05.2011 02:00:00,3.37,3.37,1.87,-0.18,0.31
7085,19.05.2011 03:00:00,3.25,3.31,1.87,-0.18,0.37
7086,19.05.2011 04:00:00,3.18,3.12,1.81,-0.18,0.31,3.519
7087,19.05.2011 05:00:00,3.06,3,1.81,-0.18,0.31
7088,19.05.2011 06:00:00,2.93,2.93,1.75,-0.18,0.31
7089,19.05.2011 07:00:00,2.87,2.81,1.75,-0.18,0.31
7090,19.05.2011 08:00:00,2.81,2.75,1.68,-0.18,0.37
7091,19.05.2011 09:00:00,2.68,2.68,1.68,-0.18,0.31
7092,19.05.2011 10:00:00,2.62,2.62,1.62,-0.18,0.37,3.516
7093,19.05.2011 11:00:00,2.56,2.56,1.62,-0.18,0.31
7094,19.05.2011 12:00:00,2.62,2.68,1.56,-0.18,0.31
7095,19.05.2011 13:00:00,2.81,3,1.56,-0.18,0.31
7096,19.05.2011 14:00:00,3.18,3.56,1.56,-0.18,0.31
7097,19.05.2011 15:00:00,3.62,4.18,1.56,-0.18,0.31
7098,19.05.2011 16:00:00,4,4.56,1.56,-0.18,0.31,3.526
7099,19.05.2011 17:00:00,4.12,4.62,1.62,-0.18,0.31
7100,19.05.2011 18:00:00,4.18,4.56,1.62,-0.18,0.31
7101,19.05.2011 19:00:00,4.12,4.5,1.68,-0.18,0.31
7102,19.05.2011 20:00:00,4.06,4.31,1.75,-0.18,0.31
7103,19.05.2011 21:00:00,3.93,4.12,1.75,-0.18,0.37
7104,19.05.2011 22:00:00,3.75,3.87,1.75,-0.18,0.31,3.524
7105,19.05.2011 23:00:00,3.56,3.68,1.75,-0.18,0.37
7106,20.05.2011 00:00:00,3.43,3.5,1.75,-0.18,0.31
7107,20.05.2011 01:00:00,3.31,3.37,1.75,-0.18,0.31
7108,20.05.2011 02:00:00,3.12,3.18,1.75,-0.18,0.31
7109,20.05.2011 03:00:00,3.06,3,1.75,-0.18,0.31
7110,20.05.2011 04:00:00,2.87,2.87,1.68,-0.18,0.31,3.517
7111,20.05.2011 05:00:00,2.81,2.75,1.68,-0.18,0.31
7112,20.05.2011 06:00:00,2.62,2.62,1.62,-0.18,0.31
7113,20.05.2011 07:00:00,2.56,2.5,1.62,-0.18,0.31
7114,20.05.2011 08:00:00,2.43,2.43,1.56,-0.18,0.37
7115,20.05.2011 09:00:00,2.37,2.31,1.56,-0.18,0.31
7116,20.05.2011 10:00:00,2.31,2.25,1.5,-0.18,0.37,3.519
7117,20.05.2011 11:00:00,2.25,2.18,1.5,-0.18,0.31
7118,20.05.2011 12:00:00,1.93,2.12,1.5,-0.18,0.31
7119,20.05.2011 13:00:00,1.93,2.18,1.5,-0.18,0.37
7120,20.05.2011 14:00:00,2.18,2.5,1.43,-0.18,0.31
7121,20.05.2011 15:00:00,2.56,2.93,1.43,-0.18,0.31
7122,20.05.2011 16:00:00,2.87,3.37,1.37,-0.18,0.31,3.521
7123,20.05.2011 17:00:00,3.12,3.62,1.43,-0.18,0.37
7124,20.05.2011 18:00:00,3.31,3.81,1.43,-0.18,0.31
7125,20.05.2011 19:00:00,3.5,3.87,1.5,-0.18,0.37
7126,20.05.2011 20:00:00,3.43,3.81,1.5,-0.18,0.31
7127,20.05.2011 21:00:00,3.37,3.68,1.5,-0.18,0.37
7128,20.05.2011 22:00:00,3.25,3.5,1.56,-0.18,0.37,3.521
7129,20.05.2011 23:00:00,3.18,3.31,1.56,-0.18,0.31
7130,21.05.2011 00:00:00,3.06,3.18,1.56,-0.18,0.31
7131,21.05.2011 01:00:00,2.93,3,1.56,-0.18,0.37
7132,21.05.2011 02:00:00,2.81,2.87,1.56,-0.18,0.37
7133,21.05.2011 03:00:00,2.68,2.68,1.56,-0.18,0.37
7134,21.05.2011 04:00:00,2.5,2.5,1.5,-0.18,0.31,3.515
7135,21.05.2011 05:00:00,2.37,2.37,1.5,-0.18,0.31
7136,21.05.2011 06:00:00,2.25,2.18,1.5,-0.18,0.31
7137,21.05.2011 07:00:00,2.12,2.06,1.43,-0.18,0.31
7138,21.05.2011 08:00:00,2,1.93,1.43,-0.18,0.31
7139,21.05.2011 09:00:00,1.87,1.75,1.37,-0.12,0.31
7140,21.05.2011 10:00:00,1.75,1.68,1.37,-0.18,0.37,3.509
7141,21.05.2011 11:00:00,1.62,1.62,1.31,-0.18,0.31
7142,21.05.2011 12:00:00,1.75,1.93,1.25,-0.12,0.37
7143,21.05.2011 13:00:00,2.37,2.75,1.25,-0.18,0.31
7144,21.05.2011 14:00:00,3.06,3.75,1.25,-0.18,0.31
7145,21.05.2011 15:00:00,3.75,4.62,1.25,-0.18,0.37
7146,21.05.2011 16:00:00,4.37,5.31,1.31,-0.18,0.31,3.525
7147,21.05.2011 17:00:00,4.81,5.68,1.43,-0.18,0.37
7148,21.05.2011 18:00:00,5.06,5.81,1.5,-0.18,0.37
7149,21.05.2011 19:00:00,5.18,5.81,1.56,-0.18,0.37
7150,21.05.2011 20:00:00,5.18,5.68,1.68,-0.18,0.37
7151,21.05.2011 21:00:00,5.06,5.43,1.75,-0.18,0.31
7152,21.05.2011 22:00:00,4.87,5.12,1.81,-0.18,0.31,3.537
7153,21.05.2011 23:00:00,4.62,4.81,1.87,-0.18,0.37
7154,22.05.2011 00:00:00,4.37,4.5,1.93,-0.18,0.37
7155,22.05.2011 01:00:00,4.18,4.25,1.93,-0.18,0.37
7156,22.05.2011 02:00:00,3.93,4,1.93,-0.18,0.31
7157,22.05.2011 03:00:00,3.75,3.75,1.93,-0.18,0.37
7158,22.05.2011 04:00:00,3.56,3.56,1.93,-0.18,0.37,3.524
7159,22.05.2011 05:00:00,3.37,3.37,1.93,-0.12,0.31
7160,22.05.2011 06:00:00,3.25,3.18,1.93,-0.18,0.37
7161,22.05.2011 07:00:00,3.06,3,1.87,-0.18,0.31
7162,22.05.2011 08:00:00,2.93,2.87,1.81,-0.18,0.31
7163,22.05.2011 09:00:00,2.81,2.75,1.81,-0.18,0.37
7164,22.05.2011 10:00:00,2.75,2.75,1.81,-0.18,0.31,3.522
7165,22.05.2011 11:00:00,2.81,2.93,1.75,-0.18,0.37
7166,22.05.2011 12:00:00,3.06,3.31,1.75,-0.12,0.37
7167,22.05.2011 13:00:00,3.37,3.81,1.75,-0.18,0.37
7168,22.05.2011 14:00:00,3.81,4.31,1.68,-0.18,0.37
7169,22.05.2011 15:00:00,4.31,5,1.75,-0.18,0.31
7170,22.05.2011 16:00:00,4.81,5.62,1.75,-0.18,0.37,3.537
7171,22.05.2011 17:00:00,5.12,5.93,1.81,-0.18,0.37
7172,22.05.2011 18:00:00,5.31,6.06,1.93,-0.18,0.37
7173,22.05.2011 19:00:00,5.37,6,2,-0.18,0.31
7174,22.05.2011 20:00:00,5.37,5.87,2.06,-0.18,0.37
7175,22.05.2011 21:00:00,5.25,5.62,2.12,-0.18,0.37
7176,22.05.2011 22:00:00,5.06,5.31,2.18,-0.18,0.37,3.533
7177,22.05.2011 23:00:00,4.75,4.93,2.18,-0.12,0.31
7178,23.05.2011 00:00:00,4.5,4.56,2.25,-0.12,0.31
7179,23.05.2011 01:00:00,4.18,4.18,2.25,-0.12,0.31
7180,23.05.2011 02:00:00,3.93,3.87,2.25,-0.12,0.31
7181,23.05.2011 03:00:00,3.68,3.56,2.18,-0.12,0.31
7182,23.05.2011 04:00:00,3.43,3.25,2.18,-0.12,0.37,3.528
7183,23.05.2011 05:00:00,3.18,3.06,2.12,-0.12,0.37
7184,23.05.2011 06:00:00,3,2.81,2.06,-0.12,0.37
7185,23.05.2011 07:00:00,2.75,2.62,2,-0.12,0.37
7186,23.05.2011 08:00:00,2.62,2.5,2,-0.12,0.31
7187,23.05.2011 09:00:00,2.5,2.37,1.93,-0.12,0.31
7188,23.05.2011 10:00:00,2.43,2.43,1.87,-0.18,0.31,3.516
7189,23.05.2011 11:00:00,2.75,2.93,1.81,-0.12,0.31
7190,23.05.2011 12:00:00,3.12,3.62,1.81,-0.12,0.31
7191,23.05.2011 13:00:00,3.75,4.56,1.81,-0.12,0.37
7192,23.05.2011 14:00:00,4.5,5.5,1.81,-0.18,0.37
7193,23.05.2011 15:00:00,5.25,6.37,1.87,-0.12,0.37
7194,23.05.2011 16:00:00,5.87,7.06,1.93,-0.12,0.37,3.542
7195,23.05.2011 17:00:00,6.37,7.43,2,-0.12,0.37
7196,23.05.2011 18:00:00,6.62,7.56,2.12,-0.12,0.31
7197,23.05.2011 19:00:00,6.68,7.5,2.25,-0.12,0.37
7198,23.05.2011 20:00:00,6.62,7.31,2.37,-0.12,0.37
7199,23.05.2011 21:00:00,6.5,7,2.43,-0.12,0.31
7200,23.05.2011 22:00:00,6.25,6.62,2.5,-0.12,0.37,3.543
7201,23.05.2011 23:00:00,6,6.31,2.56,-0.12,0.37
7202,24.05.2011 00:00:00,5.75,5.93,2.62,-0.12,0.31
7203,24.05.2011 01:00:00,5.43,5.62,2.68,-0.12,0.37
7204,24.05.2011 02:00:00,5.25,5.31,2.68,-0.12,0.37
7205,24.05.2011 03:00:00,5,5.06,2.62,-0.12,0.31
7206,24.05.2011 04:00:00,4.81,4.87,2.62,-0.12,0.31,3.532
7207,24.05.2011 05:00:00,4.62,4.62,2.62,-0.12,0.37
7208,24.05.2011 06:00:00,4.43,4.43,2.62,-0.12,0.37
7209,24.05.2011 07:00:00,4.25,4.25,2.56,-0.12,0.37
7210,24.05.2011 08:00:00,4.12,4.06,2.56,-0.12,0.37
7211,24.05.2011 09:00:00,3.93,3.93,2.56,-0.12,0.31
7212,24.05.2011 10:00:00,3.87,3.87,2.5,-0.12,0.31,3.526
7213,24.05.2011 11:00:00,3.93,4.06,2.43,-0.12,0.31
7214,24.05.2011 12:00:00,4.12,4.43,2.43,-0.12,0.37
7215,24.05.2011 13:00:00,4.5,5,2.43,-0.12,0.37
7216,24.05.2011 14:00:00,4.87,5.5,2.43,-0.12,0.37
7217,24.05.2011 15:00:00,5.31,6.06,2.43,-0.12,0.37
7218,24.05.2011 16:00:00,5.68,6.5,2.5,-0.12,0.37,3.541
7219,24.05.2011 17:00:00,6.06,6.81,2.56,-0.12,0.37
7220,24.05.2011 18:00:00,6.18,6.93,2.62,-0.12,0.37
7221,24.05.2011 19:00:00,6.25,6.87,2.68,-0.12,0.37
7222,24.05.2011 20:00:00,6.25,6.68,2.68,-0.12,0.37
7223,24.05.2011 21:00:00,6.06,6.43,2.75,-0.12,0.37
7224,24.05.2011 22:00:00,5.81,6.06,2.81,-0.12,0.37,3.543
7225,24.05.2011 23:00:00,5.56,5.68,2.81,-0.12,0.37
7226,25.05.2011 00:00:00,5.31,5.31,2.87,-0.12,0.31
7227,25.05.2011 01:00:00,5,5,2.87,-0.12,0.37
7228,25.05.2011 02:00:00,4.68,4.68,2.81,-0.12,0.31
7229,25.05.2011 03:00:00,4.43,4.37,2.81,-0.12,0.37
7230,25.05.2011 04:00:00,4.25,4.12,2.75,-0.12,0.31,3.533
7231,25.05.2011 05:00:00,4.06,3.93,2.75,-0.12,0.37
7232,25.05.2011 06:00:00,3.87,3.81,2.68,-0.12,0.37
7233,25.05.2011 07:00:00,3.68,3.68,2.62,-0.12,0.37
7234,25.05.2011 08:00:00,3.56,3.5,2.62,-0.06,0.31
7235,25.05.2011 09:00:00,3.5,3.43,2.56,-0.12,0.37
7236,25.05.2011 10:00:00,3.37,3.31,2.5,-0.12,0.37,3.522
7237,25.05.2011 11:00:00,3.31,3.25,2.43,-0.06,0.31
7238,25.05.2011 12:00:00,3,3.12,2.43,-0.12,0.37
7239,25.05.2011 13:00:00,3,3.12,2.37,-0.06,0.37
7240,25.05.2011 14:00:00,3.25,3.43,2.37,-0.06,0.37
7241,25.05.2011 15:00:00,3.56,3.87,2.31,-0.06,0.31
7242,25.05.2011 16:00:00,3.87,4.25,2.31,-0.06,0.37,3.529
7243,25.05.2011 17:00:00,4.06,4.43,2.25,-0.06,0.31
7244,25.05.2011 18:00:00,4.25,4.56,2.31,-0.12,0.37
7245,25.05.2011 19:00:00,4.31,4.62,2.31,-0.12,0.37
7246,25.05.2011 20:00:00,4.37,4.68,2.31,-0.12,0.31
7247,25.05.2011 21:00:00,4.37,4.56,2.31,-0.06,0.37
7248,25.05.2011 22:00:00,4.25,4.43,2.37,-0.06,0.37,3.531
7249,25.05.2011 23:00:00,4.18,4.31,2.37,-0.06,0.31
7250,26.05.2011 00:00:00,4.06,4.18,2.37,-0.06,0.31
7251,26.05.2011 01:00:00,3.93,4,2.31,-0.06,0.31
7252,26.05.2011 02:00:00,3.81,3.81,2.37,-0.06,0.37
7253,26.05.2011 03:00:00,3.68,3.68,2.31,-0.06,0.37
7254,26.05.2011 04:00:00,3.5,3.5,2.31,-0.06,0.37,3.529
7255,26.05.2011 05:00:00,3.37,3.31,2.25,-0.06,0.31
7256,26.05.2011 06:00:00,3.25,3.18,2.25,-0.06,0.37
7257,26.05.2011 07:00:00,3.06,3,2.18,-0.06,0.31
7258,26.05.2011 08:00:00,2.93,2.93,2.18,-0.06,0.37
7259,26.05.2011 09:00:00,2.93,2.87,2.12,-0.06,0.31
7260,26.05.2011 10:00:00,2.93,3,2.12,-0.06,0.31,3.521
7261,26.05.2011 11:00:00,3.06,3.12,2.06,-0.06,0.31
7262,26.05.2011 12:00:00,3.18,3.43,2.06,-0.06,0.37
7263,26.05.2011 13:00:00,3.5,3.81,2.06,-0.06,0.37
7264,26.05.2011 14:00:00,3.75,4.25,2.06,-0.06,0.31
7265,26.05.2011 15:00:00,4.06,4.62,2.06,-0.06,0.31
7266,26.05.2011 16:00:00,4.43,5.06,2.06,-0.06,0.37,3.533
7267,26.05.2011 17:00:00,4.75,5.37,2.12,-0.06,0.37
7268,26.05.2011 18:00:00,4.93,5.5,2.12,-0.06,0.37
7269,26.05.2011 19:00:00,5,5.5,2.18,-0.06,0.31
7270,26.05.2011 20:00:00,5,5.43,2.25,-0.06,0.31
7271,26.05.2011 21:00:00,4.93,5.18,2.31,-0.06,0.37
7272,26.05.2011 22:00:00,4.81,5,2.31,-0.06,0.37,3.532
7273,26.05.2011 23:00:00,4.62,4.81,2.37,-0.06,0.31
7274,27.05.2011 00:00:00,4.43,4.56,2.37,-0.06,0.37
7275,27.05.2011 01:00:00,4.31,4.37,2.37,-0.06,0.31
7276,27.05.2011 02:00:00,4.12,4.18,2.37,-0.06,0.31
7277,27.05.2011 03:00:00,3.93,3.93,2.37,-0.06,0.37
7278,27.05.2011 04:00:00,3.81,3.75,2.37,-0.06,0.37,3.525
7279,27.05.2011 05:00:00,3.62,3.56,2.31,-0.06,0.31
7280,27.05.2011 06:00:00,3.43,3.37,2.31,-0.06,0.31
7281,27.05.2011 07:00:00,3.31,3.18,2.31,-0.06,0.37
7282,27.05.2011 08:00:00,3.12,3,2.25,-0.06,0.37
7283,27.05.2011 09:00:00,2.93,2.81,2.25,-0.06,0.37
7284,27.05.2011 10:00:00,2.87,2.81,2.18,-0.06,0.37,3.521
7285,27.05.2011 11:00:00,3,3.18,2.12,-0.06,0.37
7286,27.05.2011 12:00:00,3.31,3.56,2.12,-0.06,0.37
7287,27.05.2011 13:00:00,3.62,4,2.06,-0.06,0.31
7288,27.05.2011 14:00:00,3.93,4.37,2.06,-0.06,0.37
7289,27.05.2011 15:00:00,4.31,4.87,2.12,-0.06,0.31
7290,27.05.2011 16:00:00,4.68,5.37,2.12,-0.06,0.37,3.530
7291,27.05.2011 17:00:00,4.93,5.56,2.12,-0.06,0.37
7292,27.05.2011 18:00:00,5.06,5.56,2.25,-0.06,0.37
7293,27.05.2011 19:00:00,5.12,5.56,2.31,-0.06,0.37
7294,27.05.2011 20:00:00,5,5.37,2.31,-0.06,0.31
7295,27.05.2011 21:00:00,4.87,5.12,2.37,-0.06,0.31
7296,27.05.2011 22:00:00,4.75,4.87,2.37,-0.06,0.25,3.532
7297,27.05.2011 23:00:00,4.56,4.62,2.43,0,0.37
7298,28.05.2011 00:00:00,4.31,4.37,2.43,-0.06,0.31
7299,28.05.2011 01:00:00,4.12,4.06,2.43,-0.06,0.31
7300,28.05.2011 02:00:00,3.87,3.75,2.37,-0.06,0.37
7301,28.05.2011 03:00:00,3.62,3.43,2.43,-0.06,0.31
7302,28.05.2011 04:00:00,3.37,3.18,2.37,0,0.31,3.529
7303,28.05.2011 05:00:00,3.12,2.93,2.31,0,0.31
7304,28.05.2011 06:00:00,2.93,2.75,2.31,-0.06,0.37
7305,28.05.2011 07:00:00,2.75,2.56,2.25,-0.06,0.37
7306,28.05.2011 08:00:00,2.62,2.43,2.18,-0.06,0.31
7307,28.05.2011 09:00:00,2.43,2.25,2.12,0,0.37
7308,28.05.2011 10:00:00,2.37,2.25,2.06,0,0.31,3.518
7309,28.05.2011 11:00:00,2.5,2.56,2.06,0,0.37
7310,28.05.2011 12:00:00,2.93,3.25,2,0,0.31
7311,28.05.2011 13:00:00,3.62,4.31,1.93,0,0.31
7312,28.05.2011 14:00:00,4.43,5.43,2,0,0.31
7313,28.05.2011 15:00:00,5.25,6.5,2,0,0.37
7314,28.05.2011 16:00:00,5.93,7.18,2.12,0,0.31,3.538
7315,28.05.2011 17:00:00,6.43,7.62,2.18,0,0.37
7316,28.05.2011 18:00:00,6.68,7.62,2.31,0,0.37
7317,28.05.2011 19:00:00,6.75,7.5,2.43,0,0.31
7318,28.05.2011 20:00:00,6.68,7.25,2.56,0,0.31
7319,28.05.2011 21:00:00,6.5,6.93,2.62,0,0.31
7320,28.05.2011 22:00:00,6.31,6.62,2.68,-0.06,0.37,3.543
7321,28.05.2011 23:00:00,6.06,6.25,2.81,0,0.31
7322,29.05.2011 00:00:00,5.75,5.87,2.81,0,0.31
7323,29.05.2011 01:00:00,5.5,5.56,2.87,0,0.37
7324,29.05.2011 02:00:00,5.25,5.25,2.87,0,0.31
7325,29.05.2011 03:00:00,5,4.93,2.87,0,0.37
7326,29.05.2011 04:00:00,4.68,4.62,2.87,0,0.37,3.532
7327,29.05.2011 05:00:00,4.43,4.31,2.87,0,0.31
7328,29.05.2011 06:00:00,4.12,4,2.81,0,0.37
7329,29.05.2011 07:00:00,3.87,3.75,2.75,0,0.31
7330,29.05.2011 08:00:00,3.68,3.5,2.75,0,0.37
7331,29.05.2011 09:00:00,3.5,3.37,2.68,0,0.37
7332,29.05.2011 10:00:00,3.5,3.5,2.62,0,0.31,3.524
7333,29.05.2011 11:00:00,3.75,4.06,2.62,0,0.31
7334,29.05.2011 12:00:00,4.25,4.81,2.56,0,0.31
7335,29.05.2011 13:00:00,4.87,5.62,2.56,0,0.37
7336,29.05.2011 14:00:00,5.43,6.43,2.56,0,0.37
7337,29.05.2011 15:00:00,5.93,7,2.62,0,0.31
7338,29.05.2011 16:00:00,6.31,7.25,2.68,0,0.37,3.548
7339,29.05.2011 17:00:00,6.43,7.18,2.75,0,0.31
7340,29.05.2011 18:00:00,6.5,7.06,2.87,0,0.37
7341,29.05.2011 19:00:00,6.43,7.06,2.93,0.06,0.31
7342,29.05.2011 20:00:00,6.43,6.87,3,0,0.31
7343,29.05.2011 21:00:00,6.25,6.68,3,0,0.31
7344,29.05.2011 22:00:00,6.12,6.43,3.06,0,0.37,3.543
7345,29.05.2011 23:00:00,5.93,6.12,3.12,0,0.37
7346,30.05.2011 00:00:00,5.75,5.87,3.12,0,0.31
7347,30.05.2011 01:00:00,5.5,5.62,3.12,0.06,0.37
7348,30.05.2011 02:00:00,5.37,5.37,3.12,0,0.37
7349,30.05.2011 03:00:00,5.12,5.18,3.12,0.06,0.37
7350,30.05.2011 04:00:00,5,5,3.12,0.06,0.37,3.541
7351,30.05.2011 05:00:00,4.81,4.87,3.12,0.06,0.31
7352,30.05.2011 06:00:00,4.68,4.68,3.06,0.06,0.37
7353,30.05.2011 07:00:00,4.56,4.56,3.06,0.06,0.31
7354,30.05.2011 08:00:00,4.43,4.43,3,0.06,0.31
7355,30.05.2011 09:00:00,4.31,4.31,3,0.06,0.37
7356,30.05.2011 10:00:00,4.31,4.37,3,0.06,0.31,3.536
7357,30.05.2011 11:00:00,4.43,4.62,2.93,0.06,0.31
7358,30.05.2011 12:00:00,4.62,4.93,2.93,0.06,0.31
7359,30.05.2011 13:00:00,4.87,5.31,2.87,0.12,0.31
7360,30.05.2011 14:00:00,5.12,5.62,2.93,0.06,0.31
7361,30.05.2011 15:00:00,5.43,6,2.93,0.06,0.37
7362,30.05.2011 16:00:00,5.68,6.31,2.93,0.12,0.37,3.538
7363,30.05.2011 17:00:00,6,6.68,3,0.12,0.37
7364,30.05.2011 18:00:00,6.25,6.93,3.06,0.12,0.37
7365,30.05.2011 19:00:00,6.43,7.06,3.06,0.12,0.31
7366,30.05.2011 20:00:00,6.43,7,3.12,0.12,0.31
7367,30.05.2011 21:00:00,6.37,6.81,3.18,0.12,0.37
7368,30.05.2011 22:00:00,6.18,6.5,3.25,0.12,0.37,3.549
7369,30.05.2011 23:00:00,6,6.18,3.31,0.12,0.37
7370,31.05.2011 00:00:00,5.75,5.93,3.31,0.12,0.31
7371,31.05.2011 01:00:00,5.5,5.62,3.31,0.12,0.37
7372,31.05.2011 02:00:00,5.25,5.25,3.31,0.12,0.31
7373,31.05.2011 03:00:00,5,4.93,3.31,0.12,0.31
7374,31.05.2011 04:00:00,4.81,4.75,3.25,0.12,0.37,3.535
7375,31.05.2011 05:00:00,4.56,4.43,3.25,0.12,0.37
7376,31.05.2011 06:00:00,4.31,4.25,3.18,0.12,0.31
7377,31.05.2011 07:00:00,4.12,4,3.18,0.18,0.31
7378,31.05.2011 08:00:00,3.93,3.81,3.12,0.18,0.37
7379,31.05.2011 09:00:00,3.81,3.75,3.06,0.18,0.37
7380,31.05.2011 10:00:00,3.81,3.81,3,0.18,0.31,3.533
7381,31.05.2011 11:00:00,3.93,4.18,2.93,0.18,0.31
7382,31.05.2011 12:00:00,4.25,4.62,2.93,0.18,0.31
7383,31.05.2011 13:00:00,4.56,5.06,2.87,0.18,0.31
7384,31.05.2011 14:00:00,4.87,5.5,2.93,0.18,0.31
7385,31.05.2011 15:00:00,5.18,5.81,2.87,0.18,0.37
7386,31.05.2011 16:00:00,5.37,5.87,2.93,0.18,0.37,3.536
7387,31.05.2011 17:00:00,5.43,6,2.93,0.18,0.31
7388,31.05.2011 18:00:00,5.56,6.06,3,0.18,0.37
7389,31.05.2011 19:00:00,5.62,6.06,3,0.18,0.31
7390,31.05.2011 20:00:00,5.62,6,3.06,0.18,0.31
7391,31.05.2011 21:00:00,5.5,5.81,3.06,0.18,0.37
7392,31.05.2011 22:00:00,5.37,5.56,3.06,0.18,0.37,3.540
7393,31.05.2011 23:00:00,5.18,5.31,3.12,0.18,0.31
7394,01.06.2011 00:00:00,5,5.12,3.12,0.18,0.37
7395,01.06.2011 01:00:00,4.81,4.87,3.12,0.18,0.31
7396,01.06.2011 02:00:00,4.68,4.68,3.12,0.18,0.37
7397,01.06.2011 03:00:00,4.5,4.5,3.06,0.25,0.31
7398,01.06.2011 04:00:00,4.31,4.37,3,0.18,0.37,3.531
7399,01.06.2011 05:00:00,4.18,4.18,3,0.25,0.37
7400,01.06.2011 06:00:00,4.06,4,3,0.25,0.31
7401,01.06.2011 07:00:00,3.87,3.87,2.93,0.25,0.37
7402,01.06.2011 08:00:00,3.75,3.75,2.87,0.25,0.37
7403,01.06.2011 09:00:00,3.62,3.62,2.87,0.25,0.37
7404,01.06.2011 10:00:00,3.56,3.5,2.81,0.25,0.37,3.530
7405,01.06.2011 11:00:00,3.5,3.56,2.75,0.25,0.31
7406,01.06.2011 12:00:00,3.75,4,2.75,0.25,0.37
7407,01.06.2011 13:00:00,4.06,4.56,2.75,0.25,0.37
7408,01.06.2011 14:00:00,4.56,5.25,2.68,0.25,0.37
7409,01.06.2011 15:00:00,5.06,5.93,2.75,0.25,0.37
7410,01.06.2011 16:00:00,5.37,6.18,2.75,0.25,0.37,3.541
7411,01.06.2011 17:00:00,5.56,6.31,2.81,0.25,0.37
7412,01.06.2011 18:00:00,5.75,6.43,2.87,0.25,0.37
7413,01.06.2011 19:00:00,5.87,6.37,2.87,0.25,0.37
7414,01.06.2011 20:00:00,5.81,6.18,2.93,0.25,0.37
7415,01.06.2011 21:00:00,5.68,5.93,3,0.25,0.37
7416,01.06.2011 22:00:00,5.5,5.56,3,0.25,0.37,3.544
7417,01.06.2011 23:00:00,5.25,5.18,3.06,0.25,0.37
7418,02.06.2011 00:00:00,4.93,4.87,3,0.25,0.37
7419,02.06.2011 01:00:00,4.68,4.5,3.06,0.25,0.37
7420,02.06.2011 02:00:00,4.37,4.18,3,0.25,0.37
7421,02.06.2011 03:00:00,4.12,3.87,3,0.25,0.31
7422,02.06.2011 04:00:00,3.87,3.62,2.93,0.25,0.37,3.527
7423,02.06.2011 05:00:00,3.62,3.37,2.87,0.25,0.37
7424,02.06.2011 06:00:00,3.43,3.18,2.81,0.31,0.37
7425,02.06.2011 07:00:00,3.18,3,2.81,0.25,0.37
7426,02.06.2011 08:00:00,3.06,2.81,2.75,0.25,0.37
7427,02.06.2011 09:00:00,2.87,2.68,2.68,0.31,0.37
7428,02.06.2011 10:00:00,2.87,2.75,2.62,0.31,0.31,3.523
7429,02.06.2011 11:00:00,3,3.18,2.56,0.31,0.37
7430,02.06.2011 12:00:00,3.56,4.06,2.5,0.31,0.37
7431,02.06.2011 13:00:00,4.25,5.12,2.5,0.31,0.31
7432,02.06.2011 14:00:00,5.06,6.18,2.5,0.25,0.37
7433,02.06.2011 15:00:00,5.81,7.12,2.56,0.31,0.31
7434,02.06.2011 16:00:00,6.5,7.68,2.62,0.31,0.37,3.546
7435,02.06.2011 17:00:00,6.87,8,2.75,0.31,0.31
7436,02.06.2011 18:00:00,7.06,8.06,2.87,0.31,0.37
7437,02.06.2011 19:00:00,7.18,7.93,2.93,0.31,0.37
7438,02.06.2011 20:00:00,7.12,7.68,3.06,0.31,0.37
7439,02.06.2011 21:00:00,6.93,7.31,3.18,0.31,0.31
7440,02.06.2011 22:00:00,6.62,6.93,3.25,0.31,0.31,3.551
7441,02.06.2011 23:00:00,6.31,6.5,3.25,0.31,0.37
7442,03.06.2011 00:00:00,6,6.06,3.31,0.31,0.37
7443,03.06.2011 01:00:00,5.68,5.68,3.31,0.31,0.37
7444,03.06.2011 02:00:00,5.31,5.25,3.31,0.31,0.37
7445,03.06.2011 03:00:00,5,5,3.31,0.31,0.31
7446,03.06.2011 04:00:00,4.75,4.62,3.31,0.31,0.37,3.537
7447,03.06.2011 05:00:00,4.43,4.31,3.25,0.31,0.31
7448,03.06.2011 06:00:00,4.18,4,3.25,0.37,0.37
7449,03.06.2011 07:00:00,3.93,3.75,3.18,0.31,0.37
7450,03.06.2011 08:00:00,3.68,3.5,3.12,0.37,0.37
7451,03.06.2011 09:00:00,3.56,3.37,3.06,0.37,0.31
7452,03.06.2011 10:00:00,3.5,3.5,3,0.37,0.37,3.531
7453,03.06.2011 11:00:00,3.68,3.87,2.93,0.37,0.31
7454,03.06.2011 12:00:00,4.06,4.56,2.87,0.37,0.37
7455,03.06.2011 13:00:00,4.68,5.5,2.87,0.37,0.37
7456,03.06.2011 14:00:00,5.43,6.5,2.87,0.37,0.37
7457,03.06.2011 15:00:00,6.12,7.43,2.93,0.37,0.31
7458,03.06.2011 16:00:00,6.81,8.06,3,0.37,0.37,3.544
7459,03.06.2011 17:00:00,7.25,8.37,3.06,0.37,0.37
7460,03.06.2011 18:00:00,7.43,8.43,3.18,0.37,0.37
7461,03.06.2011 19:00:00,7.43,8.25,3.31,0.37,0.31
7462,03.06.2011 20:00:00,7.31,7.93,3.37,0.37,0.37
7463,03.06.2011 21:00:00,7.12,7.5,3.43,0.37,0.37
7464,03.06.2011 22:00:00,6.81,7.06,3.5,0.37,0.37,3.548
7465,03.06.2011 23:00:00,6.43,6.62,3.56,0.37,0.31
7466,04.06.2011 00:00:00,6.18,6.18,3.62,0.43,0.37
7467,04.06.2011 01:00:00,5.81,5.81,3.62,0.43,0.37
7468,04.06.2011 02:00:00,5.5,5.5,3.62,0.43,0.37
7469,04.06.2011 03:00:00,5.25,5.18,3.56,0.43,0.37
7470,04.06.2011 04:00:00,5,4.87,3.56,0.43,0.37,3.539
7471,04.06.2011 05:00:00,4.75,4.62,3.5,0.43,0.37
7472,04.06.2011 06:00:00,4.5,4.37,3.43,0.43,0.37
7473,04.06.2011 07:00:00,4.31,4.12,3.43,0.43,0.37
7474,04.06.2011 08:00:00,4.12,4,3.37,0.43,0.37
7475,04.06.2011 09:00:00,4,3.93,3.31,0.43,0.37
7476,04.06.2011 10:00:00,4.06,4.06,3.25,0.43,0.37,3.529
7477,04.06.2011 11:00:00,4.18,4.43,3.18,0.5,0.37
7478,04.06.2011 12:00:00,4.56,5,3.18,0.43,0.31
7479,04.06.2011 13:00:00,5,5.62,3.12,0.5,0.31
7480,04.06.2011 14:00:00,5.5,6.31,3.18,0.43,0.37
7481,04.06.2011 15:00:00,6,6.93,3.18,0.43,0.37
7482,04.06.2011 16:00:00,6.5,7.43,3.25,0.5,0.37,3.544
7483,04.06.2011 17:00:00,6.81,7.75,3.31,0.5,0.37
7484,04.06.2011 18:00:00,7,7.87,3.37,0.43,0.37
7485,04.06.2011 19:00:00,7.06,7.81,3.43,0.5,0.37
7486,04.06.2011 20:00:00,7.06,7.62,3.5,0.5,0.37
7487,04.06.2011 21:00:00,6.93,7.37,3.56,0.5,0.37
7488,04.06.2011 22:00:00,6.75,7.06,3.62,0.5,0.37,3.554
7489,04.06.2011 23:00:00,6.56,6.75,3.68,0.5,0.37
7490,05.06.2011 00:00:00,6.31,6.43,3.68,0.5,0.37
7491,05.06.2011 01:00:00,6.06,6.18,3.68,0.5,0.31
7492,05.06.2011 02:00:00,5.87,5.93,3.68,0.5,0.37
7493,05.06.2011 03:00:00,5.68,5.68,3.68,0.5,0.37
7494,05.06.2011 04:00:00,5.43,5.43,3.68,0.5,0.31,3.543
7495,05.06.2011 05:00:00,5.25,5.18,3.68,0.5,0.37
7496,05.06.2011 06:00:00,5.06,5.06,3.62,0.56,0.37
7497,05.06.2011 07:00:00,4.93,4.81,3.56,0.5,0.37
7498,05.06.2011 08:00:00,4.75,4.68,3.56,0.56,0.37
7499,05.06.2011 09:00:00,4.62,4.56,3.5,0.56,0.37
7500,05.06.2011 10:00:00,4.5,4.43,3.5,0.56,0.31,3.533
7501,05.06.2011 11:00:00,4.37,4.37,3.43,0.56,0.37
7502,05.06.2011 12:00:00,4.37,4.37,3.37,0.56,0.37
7503,05.06.2011 13:00:00,4.43,4.56,3.37,0.56,0.37
7504,05.06.2011 14:00:00,4.68,5,3.31,0.56,0.31
7505,05.06.2011 15:00:00,5.06,5.56,3.31,0.56,0.37
7506,05.06.2011 16:00:00,5.56,6.31,3.31,0.56,0.37,3.540
7507,05.06.2011 17:00:00,6.06,6.81,3.31,0.56,0.37
7508,05.06.2011 18:00:00,6.31,7.06,3.37,0.56,0.37
7509,05.06.2011 19:00:00,6.43,7.12,3.43,0.56,0.37
7510,05.06.2011 20:00:00,6.5,6.93,3.5,0.56,0.37
7511,05.06.2011 21:00:00,6.37,6.75,3.56,0.56,0.37
7512,05.06.2011 22:00:00,6.18,6.43,3.56,0.56,0.37,3.545
7513,05.06.2011 23:00:00,5.93,6.12,3.62,0.56,0.37
7514,06.06.2011 00:00:00,5.75,5.75,3.62,0.56,0.37
7515,06.06.2011 01:00:00,5.5,5.43,3.62,0.56,0.37
7516,06.06.2011 02:00:00,5.18,5.12,3.56,0.62,0.37
7517,06.06.2011 03:00:00,4.93,4.81,3.56,0.56,0.37
7518,06.06.2011 04:00:00,4.68,4.56,3.56,0.56,0.37,3.535
7519,06.06.2011 05:00:00,4.43,4.25,3.5,0.56,0.37
7520,06.06.2011 06:00:00,4.25,4,3.43,0.62,0.31
7521,06.06.2011 07:00:00,4,3.75,3.37,0.62,0.31
7522,06.06.2011 08:00:00,3.81,3.56,3.31,0.62,0.37
7523,06.06.2011 09:00:00,3.62,3.43,3.31,0.62,0.37
7524,06.06.2011 10:00:00,3.62,3.56,3.18,0.62,0.31,3.532
7525,06.06.2011 11:00:00,3.81,4.06,3.18,0.62,0.37
7526,06.06.2011 12:00:00,4.31,4.81,3.12,0.56,0.31
7527,06.06.2011 13:00:00,4.93,5.75,3.12,0.62,0.37
7528,06.06.2011 14:00:00,5.62,6.62,3.12,0.62,0.37
7529,06.06.2011 15:00:00,6.25,7.37,3.18,0.62,0.37
7530,06.06.2011 16:00:00,6.68,7.81,3.25,0.56,0.37,3.547
7531,06.06.2011 17:00:00,7,7.93,3.31,0.62,0.37
7532,06.06.2011 18:00:00,7.12,7.81,3.37,0.62,0.37
7533,06.06.2011 19:00:00,7.06,7.68,3.43,0.62,0.37
7534,06.06.2011 20:00:00,6.93,7.43,3.56,0.62,0.31
7535,06.06.2011 21:00:00,6.81,7.18,3.62,0.62,0.37
7536,06.06.2011 22:00:00,6.62,6.87,3.68,0.62,0.37,3.552
7537,06.06.2011 23:00:00,6.31,6.5,3.68,0.62,0.37
7538,07.06.2011 00:00:00,6.12,6.18,3.75,0.62,0.37
7539,07.06.2011 01:00:00,5.87,5.87,3.68,0.62,0.37
7540,07.06.2011 02:00:00,5.56,5.56,3.75,0.62,0.37
7541,07.06.2011 03:00:00,5.37,5.31,3.68,0.62,0.37
7542,07.06.2011 04:00:00,5.12,5.06,3.68,0.62,0.37,3.544
7543,07.06.2011 05:00:00,4.93,4.87,3.62,0.62,0.37
7544,07.06.2011 06:00:00,4.81,4.75,3.62,0.62,0.37
7545,07.06.2011 07:00:00,4.62,4.56,3.56,0.62,0.37
7546,07.06.2011 08:00:00,4.5,4.43,3.56,0.62,0.37
7547,07.06.2011 09:00:00,4.5,4.37,3.5,0.68,0.37
7548,07.06.2011 10:00:00,4.43,4.5,3.5,0.68,0.37,3.533
7549,07.06.2011 11:00:00,4.62,4.81,3.37,0.68,0.37
7550,07.06.2011 12:00:00,4.87,5.25,3.37,0.68,0.31
7551,07.06.2011 13:00:00,5.25,5.81,3.37,0.68,0.37
7552,07.06.2011 14:00:00,5.62,6.31,3.37,0.68,0.37
7553,07.06.2011 15:00:00,6,6.68,3.37,0.68,0.37
7554,07.06.2011 16:00:00,6.25,6.93,3.43,0.68,0.37,3.549
7555,07.06.2011 17:00:00,6.43,7.06,3.5,0.68,0.37
7556,07.06.2011 18:00:00,6.62,7.18,3.5,0.68,0.37
7557,07.06.2011 19:00:00,6.68,7.25,3.56,0.68,0.37
7558,07.06.2011 20:00:00,6.68,7.12,3.62,0.68,0.37
7559,07.06.2011 21:00:00,6.62,6.93,3.68,0.68,0.37
7560,07.06.2011 22:00:00,6.5,6.68,3.75,0.68,0.37,3.547
7561,07.06.2011 23:00:00,6.25,6.37,3.75,0.68,0.37
7562,08.06.2011 00:00:00,6,6.06,3.75,0.68,0.37
7563,08.06.2011 01:00:00,5.75,5.75,3.75,0.68,0.37
7564,08.06.2011 02:00:00,5.56,5.5,3.81,0.68,0.37
7565,08.06.2011 03:00:00,5.37,5.31,3.75,0.68,0.37
7566,08.06.2011 04:00:00,5.18,5.12,3.75,0.68,0.37,3.545
7567,08.06.2011 05:00:00,5,4.93,3.68,0.75,0.37
7568,08.06.2011 06:00:00,4.75,4.62,3.62,0.75,0.37
7569,08.06.2011 07:00:00,4.56,4.43,3.62,0.75,0.37
7570,08.06.2011 08:00:00,4.37,4.25,3.56,0.75,0.37
7571,08.06.2011 09:00:00,4.25,4.18,3.5,0.75,0.37
7572,08.06.2011 10:00:00,4.25,4.25,3.5,0.75,0.37,3.531
7573,08.06.2011 11:00:00,4.31,4.5,3.43,0.75,0.37
7574,08.06.2011 12:00:00,4.43,4.62,3.37,0.75,0.37
7575,08.06.2011 13:00:00,4.62,4.87,3.37,0.75,0.37
7576,08.06.2011 14:00:00,4.87,5.31,3.31,0.75,0.37
7577,08.06.2011 15:00:00,5.25,5.87,3.37,0.75,0.37
7578,08.06.2011 16:00:00,5.68,6.31,3.37,0.75,0.37,3.540
7579,08.06.2011 17:00:00,6.06,6.75,3.37,0.75,0.37
7580,08.06.2011 18:00:00,6.25,6.93,3.43,0.75,0.37
7581,08.06.2011 19:00:00,6.31,6.93,3.5,0.75,0.37
7582,08.06.2011 20:00:00,6.37,6.81,3.5,0.75,0.37
7583,08.06.2011 21:00:00,6.31,6.62,3.62,0.75,0.37
7584,08.06.2011 22:00:00,6.18,6.43,3.62,0.75,0.37,3.543
7585,08.06.2011 23:00:00,6,6.18,3.62,0.75,0.37
7586,09.06.2011 00:00:00,5.81,5.93,3.68,0.75,0.37
7587,09.06.2011 01:00:00,5.62,5.75,3.68,0.75,0.37
7588,09.06.2011 02:00:00,5.43,5.5,3.62,0.75,0.37
7589,09.06.2011 03:00:00,5.31,5.31,3.68,0.75,0.37
7590,09.06.2011 04:00:00,5.12,5.06,3.68,0.75,0.37,3.544
7591,09.06.2011 05:00:00,5,5,3.62,0.75,0.37
7592,09.06.2011 06:00:00,4.81,4.81,3.62,0.75,0.37
7593,09.06.2011 07:00:00,4.68,4.62,3.56,0.75,0.37
7594,09.06.2011 08:00:00,4.5,4.43,3.5,0.75,0.37
7595,09.06.2011 09:00:00,4.43,4.43,3.5,0.81,0.37
7596,09.06.2011 10:00:00,4.43,4.5,3.43,0.81,0.37,3.537
7597,09.06.2011 11:00:00,4.5,4.62,3.43,0.81,0.37
7598,09.06.2011 12:00:00,4.68,4.93,3.37,0.81,0.37
7599,09.06.2011 13:00:00,4.93,5.31,3.37,0.81,0.37
7600,09.06.2011 14:00:00,5.31,5.87,3.37,0.81,0.37
7601,09.06.2011 15:00:00,5.62,6.25,3.37,0.81,0.37
7602,09.06.2011 16:00:00,6,6.62,3.43,0.81,0.37,3.547
7603,09.06.2011 17:00:00,6.25,7,3.43,0.81,0.37
7604,09.06.2011 18:00:00,6.5,7.12,3.5,0.81,0.37
7605,09.06.2011 19:00:00,6.56,7.18,3.56,0.81,0.37
7606,09.06.2011 20:00:00,6.56,7.06,3.62,0.81,0.37
7607,09.06.2011 21:00:00,6.5,6.87,3.68,0.81,0.37
7608,09.06.2011 22:00:00,6.37,6.62,3.68,0.81,0.37,3.546
7609,09.06.2011 23:00:00,6.18,6.43,3.75,0.81,0.37
7610,10.06.2011 00:00:00,6,6.12,3.75,0.81,0.37
7611,10.06.2011 01:00:00,5.81,5.87,3.81,0.81,0.37
7612,10.06.2011 02:00:00,5.56,5.62,3.75,0.81,0.37
7613,10.06.2011 03:00:00,5.43,5.43,3.75,0.81,0.37
7614,10.06.2011 04:00:00,5.25,5.18,3.75,0.81,0.37,3.544
7615,10.06.2011 05:00:00,5.06,5,3.68,0.81,0.37
7616,10.06.2011 06:00:00,4.87,4.81,3.68,0.81,0.37
7617,10.06.2011 07:00:00,4.75,4.68,3.62,0.81,0.37
7618,10.06.2011 08:00:00,4.56,4.5,3.62,0.81,0.37
7619,10.06.2011 09:00:00,4.43,4.43,3.56,0.87,0.37
7620,10.06.2011 10:00:00,4.5,4.68,3.5,0.81,0.37,3.538
7621,10.06.2011 11:00:00,4.75,5.06,3.5,0.87,0.43
7622,10.06.2011 12:00:00,5.12,5.68,3.5,0.87,0.37
7623,10.06.2011 13:00:00,5.75,6.62,3.5,0.87,0.37
7624,10.06.2011 14:00:00,6.5,7.68,3.5,0.87,0.37
7625,10.06.2011 15:00:00,7.31,8.68,3.56,0.87,0.37
7626,10.06.2011 16:00:00,7.93,9.37,3.68,0.87,0.37,3.560
7627,10.06.2011 17:00:00,8.43,9.75,3.75,0.87,0.37
7628,10.06.2011 18:00:00,8.68,9.81,3.93,0.87,0.37
7629,10.06.2011 19:00:00,8.75,9.62,4,0.87,0.37
7630,10.06.2011 20:00:00,8.68,9.37,4.12,0.87,0.37
7631,10.06.2011 21:00:00,8.56,9.06,4.25,0.87,0.37
7632,10.06.2011 22:00:00,8.31,8.68,4.31,0.87,0.37,3.561
7633,10.06.2011 23:00:00,8,8.25,4.37,0.87,0.37
7634,11.06.2011 00:00:00,7.68,7.81,4.43,0.87,0.37
7635,11.06.2011 01:00:00,7.37,7.43,4.43,0.93,0.37
7636,11.06.2011 02:00:00,7.06,7.12,4.43,0.87,0.37
7637,11.06.2011 03:00:00,6.81,6.87,4.43,0.87,0.37
7638,11.06.2011 04:00:00,6.62,6.62,4.43,0.93,0.37,3.555
7639,11.06.2011 05:00:00,6.43,6.43,4.43,0.93,0.37
7640,11.06.2011 06:00:00,6.18,6.12,4.43,0.93,0.37
7641,11.06.2011 07:00:00,5.93,5.87,4.37,0.93,0.37
7642,11.06.2011 08:00:00,5.75,5.68,4.31,0.93,0.37
7643,11.06.2011 09:00:00,5.56,5.56,4.31,1,0.37
7644,11.06.2011 10:00:00,5.56,5.75,4.25,1,0.37,3.541
7645,11.06.2011 11:00:00,5.81,6.25,4.18,1,0.37
7646,11.06.2011 12:00:00,6.37,7.12,4.18,1,0.37
7647,11.06.2011 13:00:00,7,8.06,4.18,1,0.37
7648,11.06.2011 14:00:00,7.75,9,4.25,1,0.37
7649,11.06.2011 15:00:00,8.5,9.81,4.31,1.06,0.37
7650,11.06.2011 16:00:00,8.87,10,4.37,1.06,0.37,3.562
7651,11.06.2011 17:00:00,9,9.93,4.43,1.06,0.37
7652,11.06.2011 18:00:00,9,9.68,4.56,1.06,0.37
7653,11.06.2011 19:00:00,8.87,9.43,4.62,1.06,0.37
7654,11.06.2011 20:00:00,8.68,9.18,4.75,1.06,0.37
7655,11.06.2011 21:00:00,8.56,8.93,4.81,1.06,0.37
7656,11.06.2011 22:00:00,8.31,8.56,4.81,1.06,0.37,3.562
7657,11.06.2011 23:00:00,8,8.25,4.87,1.06,0.37
7658,12.06.2011 00:00:00,7.75,7.81,4.87,1.12,0.37
7659,12.06.2011 01:00:00,7.43,7.5,4.87,1.12,0.37
7660,12.06.2011 02:00:00,7.12,7.12,4.87,1.12,0.37
7661,12.06.2011 03:00:00,6.87,6.81,4.87,1.12,0.37
7662,12.06.2011 04:00:00,6.62,6.56,4.87,1.12,0.37,3.554
7663,12.06.2011 05:00:00,6.37,6.25,4.81,1.12,0.37
7664,12.06.2011 06:00:00,6.12,6,4.75,1.12,0.37
7665,12.06.2011 07:00:00,5.93,5.81,4.68,1.12,0.37
7666,12.06.2011 08:00:00,5.75,5.68,4.62,1.12,0.37
7667,12.06.2011 09:00:00,5.62,5.56,4.56,1.18,0.37
7668,12.06.2011 10:00:00,5.56,5.56,4.5,1.18,0.37,3.542
7669,12.06.2011 11:00:00,5.56,5.5,4.5,1.18,0.37
7670,12.06.2011 12:00:00,5.5,5.43,4.43,1.25,0.37
7671,12.06.2011 13:00:00,5.75,6.06,4.43,1.18,0.37
7672,12.06.2011 14:00:00,6.43,7.12,4.37,1.25,0.37
7673,12.06.2011 15:00:00,7.18,8,4.37,1.25,0.37
7674,12.06.2011 16:00:00,7.81,8.68,4.43,1.25,0.37,3.561
7675,12.06.2011 17:00:00,8.37,9.25,4.43,1.25,0.37
7676,12.06.2011 18:00:00,8.68,9.37,4.56,1.25,0.37
7677,12.06.2011 19:00:00,8.81,9.37,4.62,1.25,0.37
7678,12.06.2011 20:00:00,8.75,9.18,4.75,1.25,0.37
7679,12.06.2011 21:00:00,8.68,9,4.81,1.25,0.37
7680,12.06.2011 22:00:00,8.5,8.75,4.87,1.25,0.37,3.565
7681,12.06.2011 23:00:00,8.31,8.5,4.93,1.25,0.37
7682,13.06.2011 00:00:00,8.12,8.25,4.93,1.25,0.43
7683,13.06.2011 01:00:00,7.93,8,5,1.25,0.37
7684,13.06.2011 02:00:00,7.75,7.75,5,1.25,0.37
7685,13.06.2011 03:00:00,7.5,7.56,5,1.25,0.43
7686,13.06.2011 04:00:00,7.37,7.31,5,1.31,0.37,3.554
7687,13.06.2011 05:00:00,7.12,7.18,5,1.31,0.37
7688,13.06.2011 06:00:00,7,6.93,5,1.31,0.37
7689,13.06.2011 07:00:00,6.81,6.81,4.93,1.31,0.43
7690,13.06.2011 08:00:00,6.68,6.62,4.93,1.31,0.37
7691,13.06.2011 09:00:00,6.56,6.62,4.93,1.31,0.43
7692,13.06.2011 10:00:00,6.56,6.75,4.87,1.31,0.37,3.549
7693,13.06.2011 11:00:00,6.75,7.06,4.87,1.31,0.37
7694,13.06.2011 12:00:00,7.06,7.62,4.87,1.37,0.37
7695,13.06.2011 13:00:00,7.5,8.18,4.81,1.37,0.37
7696,13.06.2011 14:00:00,7.81,8.56,4.87,1.37,0.37
7697,13.06.2011 15:00:00,8.18,8.93,4.87,1.37,0.43
7698,13.06.2011 16:00:00,8.43,9.18,4.93,1.37,0.37,3.560
7699,13.06.2011 17:00:00,8.62,9.37,5,1.37,0.37
7700,13.06.2011 18:00:00,8.75,9.37,5.06,1.37,0.37
7701,13.06.2011 19:00:00,8.68,9.25,5.12,1.37,0.37
7702,13.06.2011 20:00:00,8.62,9,5.18,1.43,0.37
7703,13.06.2011 21:00:00,8.43,8.81,5.25,1.43,0.43
7704,13.06.2011 22:00:00,8.31,8.56,5.25,1.43,0.37,3.563
7705,13.06.2011 23:00:00,8.06,8.25,5.25,1.43,0.43
7706,14.06.2011 00:00:00,7.81,8,5.25,1.43,0.43
7707,14.06.2011 01:00:00,7.62,7.75,5.31,1.43,0.37
7708,14.06.2011 02:00:00,7.43,7.5,5.25,1.43,0.37
7709,14.06.2011 03:00:00,7.18,7.25,5.25,1.43,0.43
7710,14.06.2011 04:00:00,7,7,5.25,1.5,0.43,3.559
7711,14.06.2011 05:00:00,6.81,6.75,5.18,1.5,0.43
7712,14.06.2011 06:00:00,6.56,6.5,5.12,1.5,0.43
7713,14.06.2011 07:00:00,6.37,6.31,5.06,1.5,0.43
7714,14.06.2011 08:00:00,6.25,6.12,5.06,1.5,0.37
7715,14.06.2011 09:00:00,6.12,6.12,5,1.5,0.43
7716,14.06.2011 10:00:00,6.12,6.25,4.93,1.5,0.43,3.549
7717,14.06.2011 11:00:00,6.31,6.56,4.93,1.56,0.43
7718,14.06.2011 12:00:00,6.62,7.06,4.87,1.56,0.43
7719,14.06.2011 13:00:00,7,7.56,4.87,1.56,0.43
7720,14.06.2011 14:00:00,7.31,8.06,4.87,1.56,0.43
7721,14.06.2011 15:00:00,7.81,8.62,4.87,1.56,0.43
7722,14.06.2011 16:00:00,8.06,8.93,4.93,1.56,0.43,3.563
7723,14.06.2011 17:00:00,8.31,9.06,5,1.56,0.43
7724,14.06.2011 18:00:00,8.43,9.18,5.06,1.56,0.43
7725,14.06.2011 19:00:00,8.56,9.18,5.06,1.56,0.43
7726,14.06.2011 20:00:00,8.56,9.06,5.18,1.56,0.37
7727,14.06.2011 21:00:00,8.5,8.81,5.18,1.56,0.43
7728,14.06.2011 22:00:00,8.25,8.56,5.25,1.56,0.43,3.567
7729,14.06.2011 23:00:00,8.06,8.31,5.25,1.62,0.43
7730,15.06.2011 00:00:00,7.87,8.06,5.31,1.56,0.43
7731,15.06.2011 01:00:00,7.68,7.81,5.31,1.62,0.43
7732,15.06.2011 02:00:00,7.5,7.56,5.25,1.56,0.43
7733,15.06.2011 03:00:00,7.31,7.37,5.31,1.62,0.43
7734,15.06.2011 04:00:00,7.12,7.12,5.25,1.62,0.43,3.555
7735,15.06.2011 05:00:00,6.93,6.93,5.25,1.62,0.43
7736,15.06.2011 06:00:00,6.75,6.75,5.18,1.62,0.43
7737,15.06.2011 07:00:00,6.62,6.56,5.18,1.62,0.43
7738,15.06.2011 08:00:00,6.43,6.43,5.12,1.62,0.43
7739,15.06.2011 09:00:00,6.37,6.37,5.06,1.62,0.43
7740,15.06.2011 10:00:00,6.31,6.31,5.06,1.62,0.43,3.555
7741,15.06.2011 11:00:00,6.37,6.5,5,1.68,0.43
7742,15.06.2011 12:00:00,6.5,6.75,5,1.68,0.43
7743,15.06.2011 13:00:00,6.75,7.25,4.93,1.68,0.43
7744,15.06.2011 14:00:00,7.25,7.87,4.93,1.68,0.43
7745,15.06.2011 15:00:00,7.62,8.31,4.93,1.68,0.43
7746,15.06.2011 16:00:00,8,8.68,5,1.68,0.43,3.558
7747,15.06.2011 17:00:00,8.25,8.87,5,1.68,0.43
7748,15.06.2011 18:00:00,8.37,9,5.06,1.75,0.43
7749,15.06.2011 19:00:00,8.5,8.93,5.12,1.68,0.43
7750,15.06.2011 20:00:00,8.43,8.75,5.18,1.68,0.43
7751,15.06.2011 21:00:00,8.31,8.56,5.18,1.75,0.43
7752,15.06.2011 22:00:00,8.12,8.25,5.25,1.75,0.43,3.560
7753,15.06.2011 23:00:00,7.87,7.93,5.25,1.75,0.43
7754,16.06.2011 00:00:00,7.62,7.62,5.31,1.75,0.43
7755,16.06.2011 01:00:00,7.37,7.31,5.25,1.75,0.5
7756,16.06.2011 02:00:00,7.18,7.06,5.25,1.75,0.5
7757,16.06.2011 03:00:00,6.93,6.81,5.25,1.75,0.43
7758,16.06.2011 04:00:00,6.68,6.56,5.25,1.81,0.5,3.552
7759,16.06.2011 05:00:00,6.43,6.37,5.18,1.81,0.5
7760,16.06.2011 06:00:00,6.31,6.18,5.12,1.81,0.5
7761,16.06.2011 07:00:00,6.12,6,5.12,1.81,0.5
7762,16.06.2011 08:00:00,6,5.81,5.06,1.81,0.5
7763,16.06.2011 09:00:00,5.87,5.81,5,1.81,0.5
7764,16.06.2011 10:00:00,5.93,6,4.93,1.81,0.5,3.546
7765,16.06.2011 11:00:00,6.18,6.56,4.87,1.81,0.5
7766,16.06.2011 12:00:00,6.62,7.12,4.87,1.87,0.5
7767,16.06.2011 13:00:00,7.06,7.75,4.87,1.87,0.5
7768,16.06.2011 14:00:00,7.5,8.31,4.87,1.87,0.5
7769,16.06.2011 15:00:00,7.87,8.68,4.93,1.87,0.5
7770,16.06.2011 16:00:00,8.06,8.75,5,1.87,0.5,3.558
7771,16.06.2011 17:00:00,8.12,8.75,5,1.87,0.5
7772,16.06.2011 18:00:00,8.18,8.75,5.06,1.87,0.5
7773,16.06.2011 19:00:00,8.25,8.75,5.12,1.87,0.5
7774,16.06.2011 20:00:00,8.18,8.62,5.18,1.87,0.5
7775,16.06.2011 21:00:00,8.06,8.37,5.18,1.87,0.56
7776,16.06.2011 22:00:00,7.87,8.12,5.25,1.87,0.5,3.565
7777,16.06.2011 23:00:00,7.68,7.87,5.31,1.93,0.5
7778,17.06.2011 00:00:00,7.5,7.62,5.25,1.87,0.56
7779,17.06.2011 01:00:00,7.37,7.37,5.31,1.93,0.56
7780,17.06.2011 02:00:00,7.12,7.18,5.25,1.93,0.56
7781,17.06.2011 03:00:00,7,7,5.25,1.93,0.56
7782,17.06.2011 04:00:00,6.81,6.81,5.25,1.93,0.56,3.557
7783,17.06.2011 05:00:00,6.62,6.68,5.18,1.93,0.56
7784,17.06.2011 06:00:00,6.5,6.5,5.18,1.93,0.56
7785,17.06.2011 07:00:00,6.37,6.31,5.12,2,0.56
7786,17.06.2011 08:00:00,6.25,6.18,5.12,2,0.56
7787,17.06.2011 09:00:00,6.18,6.18,5.06,2,0.56
7788,17.06.2011 10:00:00,6.12,6.25,5,2,0.56,3.555
7789,17.06.2011 11:00:00,6.25,6.43,5,2,0.56
7790,17.06.2011 12:00:00,6.43,6.68,4.93,2,0.56
7791,17.06.2011 13:00:00,6.56,6.87,4.93,2,0.56
7792,17.06.2011 14:00:00,6.93,7.5,4.93,2,0.56
7793,17.06.2011 15:00:00,7.43,8.18,4.93,2.06,0.56
7794,17.06.2011 16:00:00,7.87,8.75,4.93,2.06,0.56,3.558
7795,17.06.2011 17:00:00,8.18,8.93,5,2.06,0.62
7796,17.06.2011 18:00:00,8.31,9,5.06,2.06,0.62
7797,17.06.2011 19:00:00,8.37,8.93,5.12,2.06,0.62
7798,17.06.2011 20:00:00,8.31,8.81,5.18,2.06,0.56
7799,17.06.2011 21:00:00,8.25,8.56,5.25,2.06,0.62
7800,17.06.2011 22:00:00,8,8.31,5.31,2.12,0.62,3.564
7801,17.06.2011 23:00:00,7.81,8,5.31,2.12,0.62
7802,18.06.2011 00:00:00,7.56,7.68,5.31,2.06,0.62
7803,18.06.2011 01:00:00,7.37,7.43,5.37,2.12,0.62
7804,18.06.2011 02:00:00,7.18,7.25,5.37,2.12,0.62
7805,18.06.2011 03:00:00,7,7,5.31,2.12,0.62
7806,18.06.2011 04:00:00,6.81,6.87,5.31,2.12,0.62,3.556
7807,18.06.2011 05:00:00,6.68,6.68,5.31,2.12,0.62
7808,18.06.2011 06:00:00,6.5,6.5,5.25,2.12,0.68
7809,18.06.2011 07:00:00,6.37,6.31,5.18,2.12,0.62
7810,18.06.2011 08:00:00,6.18,6.18,5.18,2.18,0.62
7811,18.06.2011 09:00:00,6.06,6.06,5.12,2.18,0.68
7812,18.06.2011 10:00:00,6.06,6.06,5.12,2.18,0.68,3.554
7813,18.06.2011 11:00:00,6,6.06,5.06,2.18,0.68
7814,18.06.2011 12:00:00,6.12,6.31,5.06,2.18,0.68
7815,18.06.2011 13:00:00,6.25,6.5,5,2.18,0.68
7816,18.06.2011 14:00:00,6.5,6.87,5,2.18,0.68
7817,18.06.2011 15:00:00,6.87,7.31,5,2.25,0.68
7818,18.06.2011 16:00:00,7.18,7.75,5,2.25,0.68,3.556
7819,18.06.2011 17:00:00,7.5,8,5,2.25,0.68
7820,18.06.2011 18:00:00,7.68,8.12,5.06,2.25,0.75
7821,18.06.2011 19:00:00,7.68,8.12,5.06,2.25,0.68
7822,18.06.2011 20:00:00,7.68,8,5.12,2.25,0.75
7823,18.06.2011 21:00:00,7.56,7.87,5.18,2.31,0.68
7824,18.06.2011 22:00:00,7.5,7.68,5.18,2.31,0.68,3.562
7825,18.06.2011 23:00:00,7.31,7.43,5.18,2.31,0.75
7826,19.06.2011 00:00:00,7.18,7.25,5.25,2.31,0.75
7827,19.06.2011 01:00:00,7,7.06,5.25,2.31,0.75
7828,19.06.2011 02:00:00,6.81,6.87,5.25,2.31,0.75
7829,19.06.2011 03:00:00,6.68,6.68,5.25,2.31,0.75
7830,19.06.2011 04:00:00,6.5,6.5,5.18,2.37,0.75,3.550
7831,19.06.2011 05:00:00,6.31,6.31,5.18,2.37,0.75
7832,19.06.2011 06:00:00,6.12,6.12,5.12,2.37,0.75
7833,19.06.2011 07:00:00,6,5.93,5.12,2.37,0.75
7834,19.06.2011 08:00:00,5.87,5.81,5.06,2.37,0.75
7835,19.06.2011 09:00:00,5.81,5.75,5,2.43,0.81
7836,19.06.2011 10:00:00,5.75,5.75,5,2.43,0.81,3.546
7837,19.06.2011 11:00:00,5.81,5.93,4.93,2.43,0.81
7838,19.06.2011 12:00:00,6.06,6.43,4.93,2.43,0.81
7839,19.06.2011 13:00:00,6.43,6.87,4.93,2.43,0.81
7840,19.06.2011 14:00:00,6.87,7.56,4.93,2.5,0.87
7841,19.06.2011 15:00:00,7.43,8.37,4.93,2.5,0.87
7842,19.06.2011 16:00:00,7.87,8.75,5,2.5,0.87,3.560
7843,19.06.2011 17:00:00,8.18,9,5,2.5,0.87
7844,19.06.2011 18:00:00,8.37,9.06,5.12,2.5,0.87
7845,19.06.2011 19:00:00,8.43,9,5.18,2.5,0.87
7846,19.06.2011 20:00:00,8.31,8.75,5.25,2.56,0.93
7847,19.06.2011 21:00:00,8.18,8.5,5.31,2.56,0.93
7848,19.06.2011 22:00:00,7.93,8.18,5.37,2.56,0.87,3.559
7849,19.06.2011 23:00:00,7.75,7.87,5.37,2.56,0.87
7850,20.06.2011 00:00:00,7.43,7.56,5.43,2.56,0.93
7851,20.06.2011 01:00:00,7.25,7.31,5.43,2.56,0.93
7852,20.06.2011 02:00:00,7.06,7,5.43,2.56,0.93
7853,20.06.2011 03:00:00,6.87,6.75,5.37,2.62,0.93
7854,20.06.2011 04:00:00,6.62,6.56,5.37,2.62,0.93,3.552
7855,20.06.2011 05:00:00,6.5,6.37,5.37,2.62,1
7856,20.06.2011 06:00:00,6.31,6.18,5.31,2.62,0.93
7857,20.06.2011 07:00:00,6.12,6,5.25,2.62,1
7858,20.06.2011 08:00:00,5.93,5.87,5.18,2.68,1
7859,20.06.2011 09:00:00,5.81,5.75,5.18,2.68,1
7860,20.06.2011 10:00:00,5.75,5.68,5.12,2.68,1,3.552
7861,20.06.2011 11:00:00,5.75,5.87,5.06,2.68,1
7862,20.06.2011 12:00:00,6.06,6.43,5.06,2.68,1
7863,20.06.2011 13:00:00,6.62,7.37,5.06,2.75,1
7864,20.06.2011 14:00:00,7.31,8.25,5.06,2.75,1
7865,20.06.2011 15:00:00,7.87,8.93,5.06,2.75,1.06
7866,20.06.2011 16:00:00,8.37,9.5,5.18,2.75,1,3.565
7867,20.06.2011 17:00:00,8.81,9.87,5.25,2.75,1
7868,20.06.2011 18:00:00,9.06,10,5.37,2.75,1.06
7869,20.06.2011 19:00:00,9.18,10,5.43,2.81,1.06
7870,20.06.2011 20:00:00,9.18,9.75,5.5,2.75,1.06
7871,20.06.2011 21:00:00,9,9.43,5.62,2.81,1.06
7872,20.06.2011 22:00:00,8.75,9.06,5.68,2.81,1.06,3.565
7873,20.06.2011 23:00:00,8.5,8.68,5.75,2.81,1.06
7874,21.06.2011 00:00:00,8.12,8.25,5.75,2.81,1.06
7875,21.06.2011 01:00:00,7.81,7.81,5.75,2.87,1.06
7876,21.06.2011 02:00:00,7.5,7.43,5.75,2.87,1.06
7877,21.06.2011 03:00:00,7.18,7.12,5.75,2.87,1.12
7878,21.06.2011 04:00:00,6.93,6.81,5.75,2.87,1.12,3.557
7879,21.06.2011 05:00:00,6.62,6.5,5.68,2.87,1.12
7880,21.06.2011 06:00:00,6.37,6.18,5.62,2.87,1.12
7881,21.06.2011 07:00:00,6.12,5.93,5.56,2.93,1.12
7882,21.06.2011 08:00:00,5.87,5.68,5.5,2.93,1.12
7883,21.06.2011 09:00:00,5.81,5.62,5.43,2.93,1.12
7884,21.06.2011 10:00:00,5.75,5.75,5.37,2.93,1.12,3.546
7885,21.06.2011 11:00:00,5.81,5.93,5.31,2.93,1.18
7886,21.06.2011 12:00:00,6,6.18,5.25,3,1.12
7887,21.06.2011 13:00:00,6.43,6.93,5.25,3,1.12
7888,21.06.2011 14:00:00,7.06,7.87,5.25,3,1.18
7889,21.06.2011 15:00:00,7.75,8.75,5.25,3,1.18
7890,21.06.2011 16:00:00,8.25,9.25,5.31,3,1.18,3.560
7891,21.06.2011 17:00:00,8.62,9.62,5.37,3,1.18
7892,21.06.2011 18:00:00,8.93,9.81,5.43,3.06,1.18
7893,21.06.2011 19:00:00,9.06,9.81,5.56,3.06,1.18
7894,21.06.2011 20:00:00,9.06,9.62,5.62,3.06,1.18
7895,21.06.2011 21:00:00,8.87,9.37,5.68,3.06,1.18
7896,21.06.2011 22:00:00,8.68,9,5.75,3.06,1.25,3.571
7897,21.06.2011 23:00:00,8.5,8.68,5.81,3.06,1.25
7898,22.06.2011 00:00:00,8.18,8.37,5.87,3.06,1.18
7899,22.06.2011 01:00:00,7.93,8,5.87,3.06,1.25
7900,22.06.2011 02:00:00,7.68,7.68,5.87,3.06,1.25
7901,22.06.2011 03:00:00,7.37,7.31,5.87,3.12,1.25
7902,22.06.2011 04:00:00,7.12,7.06,5.81,3.12,1.25,3.556
7903,22.06.2011 05:00:00,6.87,6.75,5.81,3.12,1.25
7904,22.06.2011 06:00:00,6.62,6.56,5.75,3.12,1.18
7905,22.06.2011 07:00:00,6.43,6.31,5.68,3.12,1.25
7906,22.06.2011 08:00:00,6.31,6.18,5.68,3.18,1.25
7907,22.06.2011 09:00:00,6.25,6.18,5.62,3.18,1.25
7908,22.06.2011 10:00:00,6.25,6.37,5.56,3.18,1.25,3.556
7909,22.06.2011 11:00:00,6.43,6.68,5.56,3.18,1.25
7910,22.06.2011 12:00:00,6.68,7.06,5.5,3.18,1.31
7911,22.06.2011 13:00:00,7,7.5,5.5,3.18,1.31
7912,22.06.2011 14:00:00,7.31,8,5.5,3.25,1.31
7913,22.06.2011 15:00:00,7.81,8.62,5.5,3.25,1.31
7914,22.06.2011 16:00:00,8.18,9.06,5.56,3.25,1.31,3.568
7915,22.06.2011 17:00:00,8.43,9.18,5.62,3.25,1.31
7916,22.06.2011 18:00:00,8.56,9.18,5.68,3.25,1.31
7917,22.06.2011 19:00:00,8.56,9.06,5.68,3.25,1.31
7918,22.06.2011 20:00:00,8.56,9,5.75,3.25,1.31
7919,22.06.2011 21:00:00,8.43,8.81,5.81,3.25,1.31
7920,22.06.2011 22:00:00,8.31,8.56,5.81,3.31,1.31,3.563
7921,22.06.2011 23:00:00,8.12,8.31,5.87,3.25,1.31
7922,23.06.2011 00:00:00,7.93,8.06,5.87,3.31,1.37
7923,23.06.2011 01:00:00,7.75,7.81,5.87,3.31,1.37
7924,23.06.2011 02:00:00,7.56,7.56,5.87,3.31,1.37
7925,23.06.2011 03:00:00,7.37,7.37,5.87,3.31,1.37
7926,23.06.2011 04:00:00,7.25,7.18,5.87,3.31,1.37,3.563
7927,23.06.2011 05:00:00,7.06,7.06,5.81,3.31,1.37
7928,23.06.2011 06:00:00,6.93,6.87,5.81,3.31,1.37
7929,23.06.2011 07:00:00,6.75,6.68,5.81,3.31,1.37
7930,23.06.2011 08:00:00,6.68,6.62,5.75,3.31,1.37
7931,23.06.2011 09:00:00,6.56,6.5,5.75,3.37,1.37
7932,23.06.2011 10:00:00,6.62,6.62,5.68,3.37,1.37,3.554
7933,23.06.2011 11:00:00,6.68,6.93,5.68,3.37,1.43
7934,23.06.2011 12:00:00,7,7.5,5.62,3.37,1.43
7935,23.06.2011 13:00:00,7.68,8.56,5.62,3.37,1.43
7936,23.06.2011 14:00:00,8.43,9.62,5.68,3.43,1.43
7937,23.06.2011 15:00:00,9.18,10.5,5.75,3.43,1.43
7938,23.06.2011 16:00:00,9.75,11,5.81,3.37,1.43,3.576
7939,23.06.2011 17:00:00,10,11.06,5.93,3.43,1.43
7940,23.06.2011 18:00:00,10.18,11,6.06,3.43,1.43
7941,23.06.2011 19:00:00,10.18,10.81,6.12,3.43,1.43
7942,23.06.2011 20:00:00,10.06,10.56,6.25,3.43,1.43
7943,23.06.2011 21:00:00,9.93,10.25,6.31,3.43,1.43
7944,23.06.2011 22:00:00,9.68,9.93,6.37,3.43,1.43,3.571
7945,23.06.2011 23:00:00,9.37,9.5,6.43,3.43,1.5
7946,24.06.2011 00:00:00,9.06,9.12,6.43,3.5,1.43
7947,24.06.2011 01:00:00,8.75,8.75,6.43,3.5,1.5
7948,24.06.2011 02:00:00,8.5,8.37,6.43,3.5,1.5
7949,24.06.2011 03:00:00,8.18,8.06,6.43,3.5,1.5
7950,24.06.2011 04:00:00,7.93,7.75,6.43,3.5,1.5,3.561
7951,24.06.2011 05:00:00,7.68,7.5,6.37,3.5,1.5
7952,24.06.2011 06:00:00,7.43,7.31,6.37,3.56,1.5
7953,24.06.2011 07:00:00,7.25,7.12,6.31,3.56,1.5
7954,24.06.2011 08:00:00,7.06,6.87,6.25,3.56,1.43
7955,24.06.2011 09:00:00,6.87,6.81,6.25,3.56,1.5
7956,24.06.2011 10:00:00,6.93,6.93,6.18,3.56,1.5,3.555
7957,24.06.2011 11:00:00,7.18,7.5,6.12,3.62,1.5
7958,24.06.2011 12:00:00,7.68,8.37,6.12,3.56,1.5
7959,24.06.2011 13:00:00,8.43,9.5,6.12,3.62,1.56
7960,24.06.2011 14:00:00,9.25,10.62,6.12,3.62,1.56
7961,24.06.2011 15:00:00,10.06,11.5,6.18,3.68,1.56
7962,24.06.2011 16:00:00,10.56,11.93,6.31,3.62,1.56,3.581
7963,24.06.2011 17:00:00,10.87,12.06,6.43,3.62,1.56
7964,24.06.2011 18:00:00,11,12,6.5,3.68,1.56
7965,24.06.2011 19:00:00,11,11.75,6.62,3.68,1.56
7966,24.06.2011 20:00:00,10.87,11.43,6.75,3.68,1.56
7967,24.06.2011 21:00:00,10.68,11.06,6.81,3.68,1.56
7968,24.06.2011 22:00:00,10.37,10.62,6.87,3.68,1.56,3.580
7969,24.06.2011 23:00:00,10.06,10.25,6.93,3.75,1.56
7970,25.06.2011 00:00:00,9.68,9.81,7,3.75,1.56
7971,25.06.2011 01:00:00,9.37,9.43,7,3.75,1.62
7972,25.06.2011 02:00:00,9.06,9.06,7,3.75,1.56
7973,25.06.2011 03:00:00,8.75,8.68,7,3.75,1.62
7974,25.06.2011 04:00:00,8.5,8.43,6.93,3.75,1.56,3.570
7975,25.06.2011 05:00:00,8.25,8.12,6.93,3.81,1.62
7976,25.06.2011 06:00:00,8,7.87,6.87,3.81,1.62
7977,25.06.2011 07:00:00,7.81,7.62,6.81,3.81,1.62
7978,25.06.2011 08:00:00,7.56,7.37,6.75,3.81,1.62
7979,25.06.2011 09:00:00,7.43,7.31,6.68,3.87,1.62
7980,25.06.2011 10:00:00,7.43,7.5,6.68,3.87,1.62,3.559
7981,25.06.2011 11:00:00,7.75,8.12,6.62,3.87,1.62
7982,25.06.2011 12:00:00,8.31,9,6.56,3.93,1.62
7983,25.06.2011 13:00:00,8.93,10,6.56,3.87,1.62
7984,25.06.2011 14:00:00,9.56,10.75,6.62,3.93,1.62
7985,25.06.2011 15:00:00,10.25,11.56,6.68,3.93,1.62
7986,25.06.2011 16:00:00,10.81,12,6.75,3.93,1.68,3.581
7987,25.06.2011 17:00:00,11.12,12.25,6.81,3.93,1.68
7988,25.06.2011 18:00:00,11.37,12.31,6.93,3.93,1.68
7989,25.06.2011 19:00:00,11.37,12.18,7.06,3.93,1.68
7990,25.06.2011 20:00:00,11.37,12,7.12,3.93,1.68
7991,25.06.2011 21:00:00,11.18,11.68,7.25,4,1.68
7992,25.06.2011 22:00:00,10.93,11.25,7.31,4,1.68,3.582
7993,25.06.2011 23:00:00,10.68,10.87,7.37,4,1.68
7994,26.06.2011 00:00:00,10.37,10.5,7.37,4,1.68
7995,26.06.2011 01:00:00,10.12,10.18,7.43,4,1.68
7996,26.06.2011 02:00:00,9.93,9.93,7.43,4,1.68
7997,26.06.2011 03:00:00,9.68,9.68,7.43,4.06,1.68
7998,26.06.2011 04:00:00,9.43,9.43,7.37,4.06,1.75,3.577
7999,26.06.2011 05:00:00,9.25,9.18,7.37,4.06,1.68
8000,26.06.2011 06:00:00,9,8.87,7.37,4.12,1.75
8001,26.06.2011 07:00:00,8.68,8.56,7.31,4.12,1.75
8002,26.06.2011 08:00:00,8.43,8.31,7.31,4.12,1.75
8003,26.06.2011 09:00:00,8.18,8.06,7.25,4.12,1.75
8004,26.06.2011 10:00:00,8,7.81,7.18,4.12,1.75,3.567
8005,26.06.2011 11:00:00,7.81,7.68,7.12,4.12,1.75
8006,26.06.2011 12:00:00,7.62,7.5,7.06,4.18,1.75
8007,26.06.2011 13:00:00,7.31,7.18,7,4.18,1.75
8008,26.06.2011 14:00:00,7.18,7.12,6.93,4.18,1.75
8009,26.06.2011 15:00:00,7.37,7.5,6.87,4.25,1.75
8010,26.06.2011 16:00:00,7.68,8,6.87,4.25,1.75,3.565
8011,26.06.2011 17:00:00,8.12,8.5,6.81,4.25,1.81
8012,26.06.2011 18:00:00,8.5,8.93,6.81,4.25,1.81
8013,26.06.2011 19:00:00,8.75,9.18,6.81,4.25,1.81
8014,26.06.2011 20:00:00,8.93,9.25,6.81,4.25,1.81
8015,26.06.2011 21:00:00,8.93,9.18,6.87,4.25,1.81
8016,26.06.2011 22:00:00,8.87,9,6.93,4.31,1.81,3.567
8017,26.06.2011 23:00:00,8.68,8.81,6.93,4.31,1.81
8018,27.06.2011 00:00:00,8.5,8.5,6.93,4.31,1.81
8019,27.06.2011 01:00:00,8.31,8.25,6.93,4.31,1.81
8020,27.06.2011 02:00:00,8.06,8,6.93,4.31,1.81
8021,27.06.2011 03:00:00,7.81,7.68,6.87,4.31,1.81
8022,27.06.2011 04:00:00,7.62,7.43,6.87,4.37,1.87,3.561
8023,27.06.2011 05:00:00,7.37,7.25,6.81,4.31,1.87
8024,27.06.2011 06:00:00,7.18,7,6.81,4.37,1.81
8025,27.06.2011 07:00:00,7,6.81,6.75,4.37,1.87
8026,27.06.2011 08:00:00,6.81,6.62,6.68,4.37,1.87
8027,27.06.2011 09:00:00,6.68,6.5,6.62,4.37,1.87
8028,27.06.2011 10:00:00,6.68,6.62,6.56,4.37,1.87,3.558
8029,27.06.2011 11:00:00,6.87,7.06,6.5,4.37,1.81
8030,27.06.2011 12:00:00,7.31,7.81,6.5,4.37,1.87
8031,27.06.2011 13:00:00,7.87,8.68,6.43,4.37,1.93
8032,27.06.2011 14:00:00,8.56,9.68,6.5,4.37,1.87
8033,27.06.2011 15:00:00,9.31,10.62,6.56,4.37,1.93
8034,27.06.2011 16:00:00,9.93,11.06,6.62,4.37,1.93,3.573
8035,27.06.2011 17:00:00,10.25,11.25,6.68,4.37,1.93
8036,27.06.2011 18:00:00,10.43,11.25,6.81,4.37,1.93
8037,27.06.2011 19:00:00,10.43,11.12,6.87,4.37,1.93
8038,27.06.2011 20:00:00,10.37,10.87,6.93,4.37,1.93
8039,27.06.2011 21:00:00,10.18,10.56,7.06,4.37,1.93
8040,27.06.2011 22:00:00,9.93,10.25,7.12,4.37,1.93,3.574
8041,27.06.2011 23:00:00,9.75,9.93,7.12,4.43,1.93
8042,28.06.2011 00:00:00,9.43,9.56,7.18,4.37,1.93
8043,28.06.2011 01:00:00,9.18,9.18,7.18,4.37,1.93
8044,28.06.2011 02:00:00,8.93,8.87,7.18,4.43,2
8045,28.06.2011 03:00:00,8.62,8.56,7.18,4.43,2
8046,28.06.2011 04:00:00,8.43,8.25,7.12,4.43,2,3.573
8047,28.06.2011 05:00:00,8.18,8.06,7.12,4.43,2
8048,28.06.2011 06:00:00,7.93,7.75,7.06,4.43,2
8049,28.06.2011 07:00:00,7.75,7.56,7.06,4.43,2
8050,28.06.2011 08:00:00,7.56,7.37,7,4.43,2
8051,28.06.2011 09:00:00,7.43,7.31,6.93,4.5,2
8052,28.06.2011 10:00:00,7.43,7.43,6.87,4.5,2,3.564
8053,28.06.2011 11:00:00,7.5,7.56,6.87,4.5,2
8054,28.06.2011 12:00:00,7.68,8,6.81,4.5,2
8055,28.06.2011 13:00:00,7.93,8.37,6.75,4.5,2
8056,28.06.2011 14:00:00,8.18,8.68,6.75,4.5,2.06
8057,28.06.2011 15:00:00,8.5,9.06,6.75,4.5,2
8058,28.06.2011 16:00:00,8.93,9.56,6.75,4.5,2.06,3.566
8059,28.06.2011 17:00:00,9.18,9.81,6.81,4.5,2.06
8060,28.06.2011 18:00:00,9.31,9.93,6.87,4.5,2.06
8061,28.06.2011 19:00:00,9.37,9.87,6.93,4.5,2.06
8062,28.06.2011 20:00:00,9.37,9.75,6.93,4.5,2.06
8063,28.06.2011 21:00:00,9.25,9.62,7,4.5,2.06
8064,28.06.2011 22:00:00,9.12,9.37,7,4.5,2.06,3.570
8065,28.06.2011 23:00:00,8.87,9.06,7.06,4.56,2.06
8066,29.06.2011 00:00:00,8.62,8.75,7.06,4.56,2.06
8067,29.06.2011 01:00:00,8.43,8.5,7.06,4.56,2.06
8068,29.06.2011 02:00:00,8.25,8.25,7.06,4.56,2.06
8069,29.06.2011 03:00:00,8.06,8.06,7,4.56,2.12
8070,29.06.2011 04:00:00,7.87,7.87,7,4.56,2.12,3.564
8071,29.06.2011 05:00:00,7.68,7.62,6.93,4.56,2.12
8072,29.06.2011 06:00:00,7.5,7.43,6.93,4.56,2.12
8073,29.06.2011 07:00:00,7.37,7.18,6.87,4.56,2.12
8074,29.06.2011 08:00:00,7.12,7.06,6.81,4.56,2.12
8075,29.06.2011 09:00:00,7,6.87,6.81,4.56,2.12
8076,29.06.2011 10:00:00,6.87,6.87,6.75,4.56,2.12,3.558
8077,29.06.2011 11:00:00,7,7.06,6.68,4.56,2.12
8078,29.06.2011 12:00:00,7.18,7.43,6.62,4.62,2.06
8079,29.06.2011 13:00:00,7.5,7.87,6.62,4.56,2.12
8080,29.06.2011 14:00:00,7.81,8.25,6.62,4.56,2.12
8081,29.06.2011 15:00:00,8,8.43,6.62,4.62,2.12
8082,29.06.2011 16:00:00,8.18,8.68,6.62,4.56,2.18,3.570
8083,29.06.2011 17:00:00,8.37,8.93,6.62,4.56,2.12
8084,29.06.2011 18:00:00,8.5,9,6.68,4.56,2.18
8085,29.06.2011 19:00:00,8.56,8.93,6.68,4.62,2.18
8086,29.06.2011 20:00:00,8.5,8.81,6.75,4.62,2.12
8087,29.06.2011 21:00:00,8.43,8.68,6.75,4.62,2.18
8088,29.06.2011 22:00:00,8.31,8.5,6.75,4.62,2.18,3.566
8089,29.06.2011 23:00:00,8.12,8.25,6.75,4.62,2.18
8090,30.06.2011 00:00:00,8,8.06,6.81,4.62,2.18
8091,30.06.2011 01:00:00,7.87,7.87,6.75,4.62,2.18
8092,30.06.2011 02:00:00,7.68,7.68,6.75,4.56,2.18
8093,30.06.2011 03:00:00,7.56,7.56,6.75,4.62,2.18
8094,30.06.2011 04:00:00,7.43,7.37,6.68,4.62,2.18,3.566
8095,30.06.2011 05:00:00,7.31,7.25,6.68,4.62,2.18
8096,30.06.2011 06:00:00,7.18,7.06,6.62,4.62,2.25
8097,30.06.2011 07:00:00,7,6.93,6.62,4.62,2.25
8098,30.06.2011 08:00:00,6.93,6.81,6.56,4.62,2.25
8099,30.06.2011 09:00:00,6.87,6.81,6.56,4.62,2.25
8100,30.06.2011 10:00:00,6.87,6.87,6.5,4.62,2.25,3.563
8101,30.06.2011 11:00:00,7,7.18,6.5,4.62,2.25
8102,30.06.2011 12:00:00,7.31,7.62,6.43,4.62,2.25
8103,30.06.2011 13:00:00,7.75,8.43,6.43,4.62,2.25
8104,30.06.2011 14:00:00,8.31,9.18,6.43,4.62,2.25
8105,30.06.2011 15:00:00,8.93,9.87,6.5,4.62,2.25
8106,30.06.2011 16:00:00,9.31,10.25,6.56,4.62,2.25,3.570
8107,30.06.2011 17:00:00,9.56,10.31,6.62,4.62,2.25
8108,30.06.2011 18:00:00,9.62,10.31,6.68,4.62,2.25
8109,30.06.2011 19:00:00,9.62,10.18,6.81,4.62,2.25
8110,30.06.2011 20:00:00,9.56,10,6.87,4.62,2.25
8111,30.06.2011 21:00:00,9.37,9.75,6.93,4.62,2.25
8112,30.06.2011 22:00:00,9.18,9.43,6.93,4.62,2.31,3.577
8113,30.06.2011 23:00:00,8.93,9.18,7,4.62,2.31
8114,01.07.2011 00:00:00,8.81,8.93,7,4.62,2.31
8115,01.07.2011 01:00:00,8.56,8.68,7,4.62,2.31
8116,01.07.2011 02:00:00,8.37,8.43,7,4.62,2.31
8117,01.07.2011 03:00:00,8.12,8.18,7,4.62,2.31
8118,01.07.2011 04:00:00,7.93,7.93,7,4.62,2.31,3.565
8119,01.07.2011 05:00:00,7.75,7.75,7,4.62,2.31
8120,01.07.2011 06:00:00,7.56,7.56,6.93,4.62,2.31
8121,01.07.2011 07:00:00,7.43,7.31,6.87,4.68,2.37
8122,01.07.2011 08:00:00,7.31,7.18,6.81,4.68,2.31
8123,01.07.2011 09:00:00,7.18,7.12,6.81,4.68,2.31
8124,01.07.2011 10:00:00,7.06,7.06,6.75,4.68,2.31,3.558
8125,01.07.2011 11:00:00,7.06,7.06,6.68,4.68,2.31
8126,01.07.2011 12:00:00,7.12,7.25,6.68,4.68,2.37
8127,01.07.2011 13:00:00,7.18,7.37,6.62,4.68,2.37
8128,01.07.2011 14:00:00,7.31,7.5,6.62,4.68,2.31
8129,01.07.2011 15:00:00,7.56,7.93,6.62,4.68,2.37
8130,01.07.2011 16:00:00,7.93,8.43,6.56,4.68,2.37,3.564
8131,01.07.2011 17:00:00,8.18,8.81,6.56,4.68,2.37
8132,01.07.2011 18:00:00,8.37,8.87,6.62,4.68,2.37
8133,01.07.2011 19:00:00,8.43,8.81,6.62,4.68,2.37
8134,01.07.2011 20:00:00,8.37,8.62,6.68,4.68,2.37
8135,01.07.2011 21:00:00,8.25,8.37,6.68,4.68,2.37
8136,01.07.2011 22:00:00,8.06,8.18,6.68,4.68,2.37,3.564
8137,01.07.2011 23:00:00,7.87,7.87,6.68,4.75,2.37
8138,02.07.2011 00:00:00,7.75,7.68,6.68,4.68,2.37
8139,02.07.2011 01:00:00,7.56,7.5,6.68,4.68,2.37
8140,02.07.2011 02:00:00,7.37,7.31,6.68,4.68,2.37
8141,02.07.2011 03:00:00,7.18,7.12,6.62,4.75,2.37
8142,02.07.2011 04:00:00,7.06,6.93,6.62,4.68,2.43,3.557
8143,02.07.2011 05:00:00,6.87,6.75,6.62,4.75,2.37
8144,02.07.2011 06:00:00,6.75,6.62,6.56,4.75,2.37
8145,02.07.2011 07:00:00,6.62,6.5,6.5,4.68,2.43
8146,02.07.2011 08:00:00,6.5,6.37,6.43,4.75,2.43
8147,02.07.2011 09:00:00,6.37,6.31,6.43,4.75,2.43
8148,02.07.2011 10:00:00,6.37,6.37,6.37,4.75,2.43,3.559
8149,02.07.2011 11:00:00,6.43,6.56,6.31,4.75,2.43
8150,02.07.2011 12:00:00,6.56,6.81,6.25,4.75,2.43
8151,02.07.2011 13:00:00,6.93,7.37,6.25,4.68,2.43
8152,02.07.2011 14:00:00,7.37,7.93,6.25,4.75,2.43
8153,02.07.2011 15:00:00,7.75,8.37,6.25,4.75,2.43
8154,02.07.2011 16:00:00,7.93,8.5,6.31,4.68,2.43,3.566
8155,02.07.2011 17:00:00,8,8.43,6.31,4.68,2.43
8156,02.07.2011 18:00:00,7.93,8.25,6.37,4.68,2.5
8157,02.07.2011 19:00:00,7.81,8,6.37,4.68,2.43
8158,02.07.2011 20:00:00,7.62,7.75,6.37,4.68,2.43
8159,02.07.2011 21:00:00,7.5,7.56,6.43,4.68,2.5
8160,02.07.2011 22:00:00,7.31,7.37,6.43,4.68,2.5,3.565
8161,02.07.2011 23:00:00,7.12,7.12,6.43,4.68,2.5
8162,03.07.2011 00:00:00,7,7,6.37,4.68,2.5
8163,03.07.2011 01:00:00,6.81,6.81,6.37,4.68,2.5
8164,03.07.2011 02:00:00,6.75,6.68,6.37,4.68,2.5
8165,03.07.2011 03:00:00,6.62,6.56,6.31,4.68,2.5
8166,03.07.2011 04:00:00,6.5,6.43,6.25,4.68,2.5,3.554
8167,03.07.2011 05:00:00,6.37,6.31,6.25,4.68,2.5
8168,03.07.2011 06:00:00,6.31,6.25,6.18,4.68,2.5
8169,03.07.2011 07:00:00,6.18,6.12,6.18,4.68,2.5
8170,03.07.2011 08:00:00,6.12,6,6.12,4.68,2.5
8171,03.07.2011 09:00:00,6,5.93,6.12,4.68,2.56
8172,03.07.2011 10:00:00,5.93,5.87,6.06,4.68,2.5,3.556
8173,03.07.2011 11:00:00,5.93,5.87,6,4.68,2.56
8174,03.07.2011 12:00:00,6.12,6.31,5.93,4.68,2.56
8175,03.07.2011 13:00:00,6.62,7.18,6,4.68,2.5
8176,03.07.2011 14:00:00,7.37,8.25,6,4.68,2.56
8177,03.07.2011 15:00:00,8.18,9.37,6,4.62,2.56
8178,03.07.2011 16:00:00,9,10.18,6.06,4.68,2.56,3.570
8179,03.07.2011 17:00:00,9.56,10.75,6.18,4.68,2.56
8180,03.07.2011 18:00:00,10,11,6.25,4.68,2.56
8181,03.07.2011 19:00:00,10.12,10.87,6.37,4.62,2.56
8182,03.07.2011 20:00:00,10.12,10.62,6.5,4.62,2.56
8183,03.07.2011 21:00:00,9.93,10.25,6.62,4.62,2.56
8184,03.07.2011 22:00:00,9.68,9.81,6.68,4.62,2.56,3.578
8185,03.07.2011 23:00:00,9.43,9.43,6.75,4.62,2.56
8186,04.07.2011 00:00:00,9.12,9.06,6.81,4.68,2.56
8187,04.07.2011 01:00:00,8.81,8.68,6.81,4.68,2.56
8188,04.07.2011 02:00:00,8.5,8.37,6.81,4.62,2.56
8189,04.07.2011 03:00:00,8.25,8,6.87,4.62,2.56
8190,04.07.2011 04:00:00,7.93,7.68,6.81,4.62,2.62,3.567
8191,04.07.2011 05:00:00,7.68,7.43,6.81,4.68,2.56
8192,04.07.2011 06:00:00,7.43,7.12,6.75,4.62,2.62
8193,04.07.2011 07:00:00,7.18,6.87,6.75,4.68,2.62
8194,04.07.2011 08:00:00,6.93,6.62,6.68,4.68,2.56
8195,04.07.2011 09:00:00,6.75,6.5,6.62,4.68,2.56
8196,04.07.2011 10:00:00,6.75,6.62,6.56,4.68,2.62,3.561
8197,04.07.2011 11:00:00,6.87,7.06,6.5,4.68,2.62
8198,04.07.2011 12:00:00,7.37,7.87,6.5,4.68,2.62
8199,04.07.2011 13:00:00,8.06,8.93,6.5,4.68,2.62
8200,04.07.2011 14:00:00,8.93,10.12,6.5,4.68,2.62
8201,04.07.2011 15:00:00,9.81,11.18,6.56,4.75,2.62
8202,04.07.2011 16:00:00,10.56,12,6.68,4.75,2.62,3.576
8203,04.07.2011 17:00:00,11.12,12.31,6.81,4.75,2.62
8204,04.07.2011 18:00:00,11.31,12.37,6.93,4.75,2.62
8205,04.07.2011 19:00:00,11.37,12.06,7.06,4.75,2.62
8206,04.07.2011 20:00:00,11.25,11.68,7.18,4.75,2.62
8207,04.07.2011 21:00:00,11,11.25,7.25,4.75,2.62
8208,04.07.2011 22:00:00,10.75,10.87,7.37,4.75,2.62,3.578
8209,04.07.2011 23:00:00,10.43,10.5,7.43,4.75,2.62
8210,05.07.2011 00:00:00,10.12,10.12,7.43,4.75,2.62
8211,05.07.2011 01:00:00,9.81,9.75,7.5,4.75,2.62
8212,05.07.2011 02:00:00,9.5,9.43,7.5,4.75,2.62
8213,05.07.2011 03:00:00,9.25,9.06,7.5,4.81,2.68
8214,05.07.2011 04:00:00,9,8.87,7.5,4.81,2.68,3.573
8215,05.07.2011 05:00:00,8.81,8.62,7.43,4.81,2.68
8216,05.07.2011 06:00:00,8.56,8.37,7.43,4.81,2.68
8217,05.07.2011 07:00:00,8.37,8.12,7.37,4.81,2.68
8218,05.07.2011 08:00:00,8.12,7.93,7.37,4.81,2.68
8219,05.07.2011 09:00:00,7.93,7.81,7.31,4.87,2.68
8220,05.07.2011 10:00:00,7.87,7.87,7.25,4.87,2.68,3.565
8221,05.07.2011 11:00:00,8.06,8.31,7.18,4.87,2.68
8222,05.07.2011 12:00:00,8.5,9.06,7.18,4.87,2.68
8223,05.07.2011 13:00:00,9.06,9.87,7.18,4.87,2.68
8224,05.07.2011 14:00:00,9.68,10.68,7.18,4.93,2.68
8225,05.07.2011 15:00:00,10.31,11.5,7.25,4.93,2.68
8226,05.07.2011 16:00:00,10.93,12.18,7.31,4.93,2.68,3.578
8227,05.07.2011 17:00:00,11.31,12.43,7.43,4.93,2.68
8228,05.07.2011 18:00:00,11.56,12.37,7.5,4.93,2.68
8229,05.07.2011 19:00:00,11.56,12.18,7.62,4.93,2.68
8230,05.07.2011 20:00:00,11.5,11.87,7.68,4.93,2.68
8231,05.07.2011 21:00:00,11.31,11.5,7.81,5,2.68
8232,05.07.2011 22:00:00,11,11.18,7.81,5,2.75,3.587
8233,05.07.2011 23:00:00,10.75,10.81,7.87,5,2.75
8234,06.07.2011 00:00:00,10.43,10.43,7.87,5,2.68
8235,06.07.2011 01:00:00,10.12,10.06,7.93,5,2.75
8236,06.07.2011 02:00:00,9.81,9.68,7.93,5,2.75
8237,06.07.2011 03:00:00,9.5,9.37,7.93,5,2.75
8238,06.07.2011 04:00:00,9.25,9.06,7.87,5.06,2.75,3.576
8239,06.07.2011 05:00:00,8.93,8.75,7.87,5.06,2.75
8240,06.07.2011 06:00:00,8.68,8.43,7.81,5.06,2.75
8241,06.07.2011 07:00:00,8.43,8.18,7.75,5.06,2.75
8242,06.07.2011 08:00:00,8.18,7.93,7.75,5.06,2.75
8243,06.07.2011 09:00:00,8.06,7.87,7.62,5.12,2.75
8244,06.07.2011 10:00:00,8,8,7.56,5.12,2.75,3.566
8245,06.07.2011 11:00:00,8.25,8.37,7.56,5.12,2.75
8246,06.07.2011 12:00:00,8.5,8.87,7.5,5.12,2.75
8247,06.07.2011 13:00:00,8.87,9.37,7.43,5.12,2.75
8248,06.07.2011 14:00:00,9.31,10,7.5,5.18,2.75
8249,06.07.2011 15:00:00,9.68,10.5,7.5,5.18,2.81
8250,06.07.2011 16:00:00,9.93,10.62,7.56,5.18,2.75,3.575
8251,06.07.2011 17:00:00,10,10.56,7.56,5.18,2.81
8252,06.07.2011 18:00:00,10.06,10.5,7.56,5.18,2.81
8253,06.07.2011 19:00:00,10.06,10.43,7.62,5.18,2.81
8254,06.07.2011 20:00:00,10,10.31,7.68,5.18,2.81
8255,06.07.2011 21:00:00,9.87,10.06,7.68,5.18,2.81
8256,06.07.2011 22:00:00,9.62,9.81,7.75,5.18,2.81,3.574
8257,06.07.2011 23:00:00,9.5,9.56,7.75,5.18,2.81
8258,07.07.2011 00:00:00,9.25,9.31,7.75,5.18,2.81
8259,07.07.2011 01:00:00,9.06,9,7.75,5.25,2.81
8260,07.07.2011 02:00:00,8.81,8.68,7.75,5.25,2.81
8261,07.07.2011 03:00:00,8.56,8.43,7.68,5.25,2.81
8262,07.07.2011 04:00:00,8.37,8.25,7.68,5.25,2.81,3.567
8263,07.07.2011 05:00:00,8.12,7.93,7.62,5.25,2.81
8264,07.07.2011 06:00:00,7.93,7.75,7.56,5.25,2.81
8265,07.07.2011 07:00:00,7.75,7.56,7.5,5.25,2.87
8266,07.07.2011 08:00:00,7.56,7.31,7.5,5.25,2.81
8267,07.07.2011 09:00:00,7.37,7.25,7.37,5.31,2.87
8268,07.07.2011 10:00:00,7.37,7.37,7.31,5.25,2.87,3.567
8269,07.07.2011 11:00:00,7.56,7.81,7.31,5.25,2.87
8270,07.07.2011 12:00:00,7.93,8.37,7.25,5.31,2.87
8271,07.07.2011 13:00:00,8.37,8.93,7.25,5.31,2.87
8272,07.07.2011 14:00:00,8.75,9.43,7.25,5.31,2.87
8273,07.07.2011 15:00:00,9.06,9.75,7.25,5.31,2.87
8274,07.07.2011 16:00:00,9.31,9.87,7.25,5.31,2.87,3.572
8275,07.07.2011 17:00:00,9.56,10.12,7.31,5.31,2.93
8276,07.07.2011 18:00:00,9.75,10.18,7.37,5.31,2.87
8277,07.07.2011 19:00:00,9.81,10.18,7.43,5.31,2.87
8278,07.07.2011 20:00:00,9.81,10.06,7.43,5.31,2.87
8279,07.07.2011 21:00:00,9.75,9.87,7.5,5.31,2.87
8280,07.07.2011 22:00:00,9.62,9.62,7.56,5.31,2.93,3.578
8281,07.07.2011 23:00:00,9.37,9.37,7.56,5.31,2.93
8282,08.07.2011 00:00:00,9.18,9.06,7.56,5.31,2.93
8283,08.07.2011 01:00:00,8.93,8.81,7.56,5.31,2.93
8284,08.07.2011 02:00:00,8.68,8.5,7.56,5.31,2.93
8285,08.07.2011 03:00:00,8.43,8.25,7.56,5.31,2.93
8286,08.07.2011 04:00:00,8.25,8,7.5,5.31,2.93,3.574
8287,08.07.2011 05:00:00,8,7.75,7.5,5.31,2.93
8288,08.07.2011 06:00:00,7.81,7.56,7.43,5.31,2.93
8289,08.07.2011 07:00:00,7.56,7.31,7.37,5.31,2.93
8290,08.07.2011 08:00:00,7.37,7.12,7.37,5.31,2.93
8291,08.07.2011 09:00:00,7.18,7,7.25,5.37,2.93
8292,08.07.2011 10:00:00,7.12,7,7.25,5.37,2.93,3.560
8293,08.07.2011 11:00:00,7.25,7.31,7.18,5.31,2.93
8294,08.07.2011 12:00:00,7.68,8.12,7.12,5.37,2.93
8295,08.07.2011 13:00:00,8.43,9.25,7.12,5.31,2.93
8296,08.07.2011 14:00:00,9.37,10.43,7.12,5.37,3
8297,08.07.2011 15:00:00,10.25,11.5,7.18,5.31,3
8298,08.07.2011 16:00:00,10.93,11.93,7.25,5.37,3,3.585
8299,08.07.2011 17:00:00,11.18,11.93,7.37,5.37,3
8300,08.07.2011 18:00:00,11.31,11.81,7.5,5.31,3
8301,08.07.2011 19:00:00,11.31,11.62,7.56,5.31,3
8302,08.07.2011 20:00:00,11.18,11.43,7.68,5.31,3
8303,08.07.2011 21:00:00,11,11.12,7.75,5.31,3
8304,08.07.2011 22:00:00,10.81,10.81,7.81,5.37,3,3.581
8305,08.07.2011 23:00:00,10.56,10.5,7.87,5.37,3
8306,09.07.2011 00:00:00,10.31,10.18,7.93,5.37,3
8307,09.07.2011 01:00:00,10,9.87,7.93,5.37,3
8308,09.07.2011 02:00:00,9.81,9.62,7.93,5.37,3.06
8309,09.07.2011 03:00:00,9.56,9.43,7.93,5.37,3
8310,09.07.2011 04:00:00,9.37,9.18,7.93,5.37,3.06,3.574
8311,09.07.2011 05:00:00,9.18,8.93,7.87,5.37,3.06
8312,09.07.2011 06:00:00,9,8.75,7.87,5.37,3
8313,09.07.2011 07:00:00,8.75,8.56,7.81,5.37,3.06
8314,09.07.2011 08:00:00,8.62,8.43,7.81,5.37,3
8315,09.07.2011 09:00:00,8.56,8.37,7.75,5.37,3.06
8316,09.07.2011 10:00:00,8.56,8.5,7.75,5.43,3.06,3.567
8317,09.07.2011 11:00:00,8.68,8.75,7.75,5.43,3.06
8318,09.07.2011 12:00:00,8.93,9.25,7.68,5.43,3.06
8319,09.07.2011 13:00:00,9.25,9.68,7.68,5.43,3.06
8320,09.07.2011 14:00:00,9.5,9.93,7.68,5.43,3.06
8321,09.07.2011 15:00:00,9.62,9.87,7.68,5.43,3.06
8322,09.07.2011 16:00:00,9.5,9.75,7.68,5.43,3.06,3.574
8323,09.07.2011 17:00:00,9.43,9.62,7.75,5.5,3.06
8324,09.07.2011 18:00:00,9.37,9.56,7.75,5.5,3.06
8325,09.07.2011 19:00:00,9.37,9.56,7.75,5.5,3.12
8326,09.07.2011 20:00:00,9.37,9.56,7.75,5.5,3.12
8327,09.07.2011 21:00:00,9.31,9.5,7.75,5.5,3.06
8328,09.07.2011 22:00:00,9.25,9.31,7.75,5.5,3.12,3.571
8329,09.07.2011 23:00:00,9.12,9.12,7.81,5.5,3.12
8330,10.07.2011 00:00:00,8.93,8.93,7.75,5.5,3.12
8331,10.07.2011 01:00:00,8.81,8.75,7.75,5.5,3.12
8332,10.07.2011 02:00:00,8.68,8.62,7.75,5.5,3.12
8333,10.07.2011 03:00:00,8.5,8.37,7.68,5.5,3.12
8334,10.07.2011 04:00:00,8.37,8.25,7.68,5.5,3.12,3.573
8335,10.07.2011 05:00:00,8.18,8.12,7.68,5.56,3.12
8336,10.07.2011 06:00:00,8.06,8,7.62,5.5,3.12
8337,10.07.2011 07:00:00,8,7.87,7.56,5.5,3.12
8338,10.07.2011 08:00:00,7.81,7.68,7.56,5.5,3.12
8339,10.07.2011 09:00:00,7.75,7.62,7.5,5.56,3.12
8340,10.07.2011 10:00:00,7.75,7.75,7.43,5.56,3.12,3.568
8341,10.07.2011 11:00:00,7.93,8.18,7.43,5.5,3.18
8342,10.07.2011 12:00:00,8.31,8.68,7.37,5.56,3.12
8343,10.07.2011 13:00:00,8.68,9.25,7.37,5.56,3.18
8344,10.07.2011 14:00:00,9.06,9.68,7.37,5.56,3.18
8345,10.07.2011 15:00:00,9.43,10.12,7.43,5.56,3.18
8346,10.07.2011 16:00:00,9.87,10.68,7.43,5.56,3.18,3.582
8347,10.07.2011 17:00:00,10.25,11.06,7.5,5.56,3.18
8348,10.07.2011 18:00:00,10.5,11.12,7.56,5.56,3.18
8349,10.07.2011 19:00:00,10.56,11.06,7.62,5.56,3.18
8350,10.07.2011 20:00:00,10.56,10.93,7.68,5.56,3.18
8351,10.07.2011 21:00:00,10.5,10.68,7.75,5.56,3.18
8352,10.07.2011 22:00:00,10.31,10.43,7.81,5.56,3.18,3.577
8353,10.07.2011 23:00:00,10.12,10.18,7.87,5.56,3.18
8354,11.07.2011 00:00:00,9.87,9.87,7.87,5.56,3.18
8355,11.07.2011 01:00:00,9.62,9.56,7.87,5.56,3.18
8356,11.07.2011 02:00:00,9.37,9.31,7.93,5.56,3.18
8357,11.07.2011 03:00:00,9.12,9,7.87,5.56,3.25
8358,11.07.2011 04:00:00,8.93,8.68,7.87,5.56,3.18,3.576
8359,11.07.2011 05:00:00,8.62,8.43,7.87,5.56,3.18
8360,11.07.2011 06:00:00,8.43,8.18,7.81,5.56,3.18
8361,11.07.2011 07:00:00,8.18,8,7.81,5.56,3.25
8362,11.07.2011 08:00:00,8.06,7.81,7.75,5.56,3.25
8363,11.07.2011 09:00:00,7.87,7.62,7.68,5.56,3.25
8364,11.07.2011 10:00:00,7.81,7.75,7.62,5.56,3.25,3.568
8365,11.07.2011 11:00:00,8.06,8.25,7.56,5.62,3.25
8366,11.07.2011 12:00:00,8.56,9.06,7.56,5.62,3.25
8367,11.07.2011 13:00:00,9.25,10.18,7.56,5.62,3.25
8368,11.07.2011 14:00:00,10.18,11.37,7.56,5.62,3.25
8369,11.07.2011 15:00:00,11.06,12.43,7.62,5.62,3.25
8370,11.07.2011 16:00:00,11.68,12.87,7.68,5.62,3.25,3.589
8371,11.07.2011 17:00:00,12.06,13.06,7.81,5.62,3.25
8372,11.07.2011 18:00:00,12.18,12.93,7.93,5.62,3.25
8373,11.07.2011 19:00:00,12.18,12.75,8.12,5.62,3.25
8374,11.07.2011 20:00:00,12.06,12.43,8.18,5.62,3.25
8375,11.07.2011 21:00:00,11.87,12.06,8.25,5.62,3.31
8376,11.07.2011 22:00:00,11.62,11.68,8.37,5.62,3.25,3.588
8377,11.07.2011 23:00:00,11.31,11.25,8.37,5.62,3.31
8378,12.07.2011 00:00:00,11,10.87,8.43,5.62,3.31
8379,12.07.2011 01:00:00,10.68,10.5,8.43,5.62,3.31
8380,12.07.2011 02:00:00,10.37,10.18,8.43,5.62,3.31
8381,12.07.2011 03:00:00,10.06,9.81,8.43,5.68,3.31
8382,12.07.2011 04:00:00,9.81,9.56,8.43,5.68,3.31,3.583
8383,12.07.2011 05:00:00,9.5,9.31,8.43,5.68,3.31
8384,12.07.2011 06:00:00,9.31,9.06,8.37,5.68,3.25
8385,12.07.2011 07:00:00,9.06,8.81,8.31,5.68,3.31
8386,12.07.2011 08:00:00,8.81,8.56,8.25,5.75,3.31
8387,12.07.2011 09:00:00,8.68,8.5,8.18,5.75,3.31
8388,12.07.2011 10:00:00,8.68,8.62,8.12,5.75,3.31,3.570
8389,12.07.2011 11:00:00,8.87,9.12,8.12,5.75,3.31
8390,12.07.2011 12:00:00,9.37,10,8.12,5.75,3.31
8391,12.07.2011 13:00:00,10.12,11.12,8.12,5.75,3.31
8392,12.07.2011 14:00:00,10.93,12.31,8.12,5.75,3.31
8393,12.07.2011 15:00:00,11.87,13.25,8.18,5.81,3.31
8394,12.07.2011 16:00:00,12.56,13.93,8.31,5.81,3.31,3.588
8395,12.07.2011 17:00:00,13,14.06,8.37,5.81,3.37
8396,12.07.2011 18:00:00,13.06,13.93,8.5,5.81,3.37
8397,12.07.2011 19:00:00,13,13.62,8.62,5.81,3.37
8398,12.07.2011 20:00:00,12.81,13.18,8.75,5.81,3.37
8399,12.07.2011 21:00:00,12.5,12.81,8.81,5.81,3.37
8400,12.07.2011 22:00:00,12.18,12.31,8.87,5.81,3.37,3.590
8401,12.07.2011 23:00:00,11.81,11.87,8.93,5.81,3.37
8402,13.07.2011 00:00:00,11.5,11.5,8.93,5.81,3.37
8403,13.07.2011 01:00:00,11.18,11.06,9,5.81,3.37
8404,13.07.2011 02:00:00,10.87,10.75,9,5.87,3.37
8405,13.07.2011 03:00:00,10.56,10.43,8.93,5.87,3.37
8406,13.07.2011 04:00:00,10.31,10.18,8.93,5.87,3.37,3.581
8407,13.07.2011 05:00:00,10.06,9.87,8.87,5.93,3.37
8408,13.07.2011 06:00:00,9.81,9.62,8.87,5.93,3.37
8409,13.07.2011 07:00:00,9.62,9.43,8.81,5.93,3.43
8410,13.07.2011 08:00:00,9.43,9.25,8.75,5.93,3.37
8411,13.07.2011 09:00:00,9.25,9.12,8.68,5.93,3.37
8412,13.07.2011 10:00:00,9.31,9.31,8.62,6,3.37,3.573
8413,13.07.2011 11:00:00,9.56,9.87,8.62,6,3.43
8414,13.07.2011 12:00:00,10.06,10.75,8.56,6,3.43
8415,13.07.2011 13:00:00,10.87,11.93,8.56,6,3.43
8416,13.07.2011 14:00:00,11.75,13.12,8.56,6,3.43
8417,13.07.2011 15:00:00,12.5,13.93,8.68,6,3.43
8418,13.07.2011 16:00:00,12.87,14,8.75,6,3.43,3.597
8419,13.07.2011 17:00:00,12.93,13.68,8.87,6.06,3.43
8420,13.07.2011 18:00:00,12.81,13.43,8.93,6.06,3.43
8421,13.07.2011 19:00:00,12.75,13.18,9.06,6.06,3.43
8422,13.07.2011 20:00:00,12.56,12.93,9.12,6.06,3.43
8423,13.07.2011 21:00:00,12.31,12.56,9.18,6.06,3.43
8424,13.07.2011 22:00:00,12.06,12.18,9.18,6.06,3.43,3.592
8425,13.07.2011 23:00:00,11.75,11.81,9.25,6.12,3.43
8426,14.07.2011 00:00:00,11.5,11.5,9.25,6.12,3.5
8427,14.07.2011 01:00:00,11.25,11.25,9.25,6.12,3.5
8428,14.07.2011 02:00:00,11.06,11,9.25,6.12,3.5
8429,14.07.2011 03:00:00,10.81,10.68,9.18,6.12,3.5
8430,14.07.2011 04:00:00,10.56,10.43,9.18,6.12,3.5,3.584
8431,14.07.2011 05:00:00,10.31,10.12,9.18,6.12,3.5
8432,14.07.2011 06:00:00,10.06,9.93,9.12,6.18,3.5
8433,14.07.2011 07:00:00,9.87,9.68,9.06,6.18,3.5
8434,14.07.2011 08:00:00,9.68,9.5,9,6.18,3.5
8435,14.07.2011 09:00:00,9.56,9.43,9,6.18,3.43
8436,14.07.2011 10:00:00,9.62,9.62,8.93,6.25,3.5,3.576
8437,14.07.2011 11:00:00,9.81,10.12,8.87,6.18,3.5
8438,14.07.2011 12:00:00,10.31,10.87,8.81,6.25,3.5
8439,14.07.2011 13:00:00,10.87,11.75,8.81,6.25,3.5
8440,14.07.2011 14:00:00,11.43,12.37,8.87,6.25,3.56
8441,14.07.2011 15:00:00,11.93,12.93,8.87,6.25,3.5
8442,14.07.2011 16:00:00,12.31,13.18,8.93,6.25,3.56,3.588
8443,14.07.2011 17:00:00,12.43,13.18,9.06,6.25,3.56
8444,14.07.2011 18:00:00,12.43,12.93,9.06,6.25,3.56
8445,14.07.2011 19:00:00,12.25,12.62,9.18,6.31,3.56
8446,14.07.2011 20:00:00,12.06,12.31,9.18,6.31,3.56
8447,14.07.2011 21:00:00,11.87,12.06,9.25,6.31,3.56
8448,14.07.2011 22:00:00,11.62,11.75,9.31,6.31,3.56,3.586
8449,14.07.2011 23:00:00,11.43,11.43,9.31,6.31,3.62
8450,15.07.2011 00:00:00,11.18,11.18,9.31,6.31,3.56
8451,15.07.2011 01:00:00,10.93,10.87,9.31,6.31,3.56
8452,15.07.2011 02:00:00,10.68,10.62,9.25,6.31,3.56
8453,15.07.2011 03:00:00,10.5,10.43,9.25,6.31,3.62
8454,15.07.2011 04:00:00,10.37,10.25,9.25,6.37,3.62,3.587
8455,15.07.2011 05:00:00,10.12,10.06,9.18,6.37,3.56
8456,15.07.2011 06:00:00,10,9.87,9.12,6.37,3.62
8457,15.07.2011 07:00:00,9.81,9.68,9.12,6.37,3.56
8458,15.07.2011 08:00:00,9.68,9.56,9.06,6.37,3.62
8459,15.07.2011 09:00:00,9.62,9.5,9,6.37,3.62
8460,15.07.2011 10:00:00,9.56,9.62,9,6.37,3.62,3.578
8461,15.07.2011 11:00:00,9.75,10,8.93,6.37,3.62
8462,15.07.2011 12:00:00,10,10.5,8.87,6.43,3.62
8463,15.07.2011 13:00:00,10.37,10.93,8.87,6.43,3.62
8464,15.07.2011 14:00:00,10.68,11.37,8.87,6.43,3.62
8465,15.07.2011 15:00:00,11,11.68,8.87,6.43,3.62
8466,15.07.2011 16:00:00,11.12,11.68,8.93,6.43,3.62,3.590
8467,15.07.2011 17:00:00,11.25,11.75,8.93,6.43,3.68
8468,15.07.2011 18:00:00,11.31,11.68,9,6.43,3.68
8469,15.07.2011 19:00:00,11.31,11.62,9,6.43,3.68
8470,15.07.2011 20:00:00,11.25,11.37,9.06,6.43,3.68
8471,15.07.2011 21:00:00,11.06,11.12,9.06,6.43,3.68
8472,15.07.2011 22:00:00,10.81,10.81,9.06,6.43,3.68,3.590
8473,15.07.2011 23:00:00,10.56,10.43,9.06,6.43,3.68
8474,16.07.2011 00:00:00,10.31,10.06,9.06,6.43,3.68
8475,16.07.2011 01:00:00,9.93,9.75,9.06,6.5,3.68
8476,16.07.2011 02:00:00,9.68,9.43,9,6.43,3.68
8477,16.07.2011 03:00:00,9.43,9.12,8.93,6.43,3.68
8478,16.07.2011 04:00:00,9.18,8.87,8.87,6.5,3.68,3.576
8479,16.07.2011 05:00:00,8.87,8.62,8.81,6.5,3.75
8480,16.07.2011 06:00:00,8.68,8.37,8.75,6.5,3.68
8481,16.07.2011 07:00:00,8.43,8.12,8.68,6.5,3.75
8482,16.07.2011 08:00:00,8.25,7.87,8.62,6.5,3.75
8483,16.07.2011 09:00:00,8.06,7.75,8.56,6.5,3.75
8484,16.07.2011 10:00:00,8,7.87,8.5,6.5,3.75,3.574
8485,16.07.2011 11:00:00,8.25,8.37,8.43,6.5,3.75
8486,16.07.2011 12:00:00,8.75,9.25,8.37,6.5,3.75
8487,16.07.2011 13:00:00,9.5,10.37,8.31,6.5,3.75
8488,16.07.2011 14:00:00,10.43,11.56,8.37,6.5,3.75
8489,16.07.2011 15:00:00,11.31,12.56,8.37,6.5,3.75
8490,16.07.2011 16:00:00,12,13.18,8.43,6.5,3.75,3.587
8491,16.07.2011 17:00:00,12.43,13.43,8.56,6.5,3.75
8492,16.07.2011 18:00:00,12.56,13.25,8.68,6.5,3.81
8493,16.07.2011 19:00:00,12.43,12.93,8.75,6.5,3.75
8494,16.07.2011 20:00:00,12.25,12.56,8.87,6.5,3.81
8495,16.07.2011 21:00:00,12,12.12,8.93,6.5,3.81
8496,16.07.2011 22:00:00,11.62,11.68,9.06,6.5,3.75,3.593
8497,16.07.2011 23:00:00,11.31,11.25,9.06,6.5,3.81
8498,17.07.2011 00:00:00,11,10.87,9.12,6.5,3.81
8499,17.07.2011 01:00:00,10.62,10.5,9.06,6.5,3.81
8500,17.07.2011 02:00:00,10.37,10.18,9.06,6.5,3.81
8501,17.07.2011 03:00:00,10.06,9.81,9.06,6.5,3.81
8502,17.07.2011 04:00:00,9.75,9.5,9,6.5,3.81,3.579
8503,17.07.2011 05:00:00,9.56,9.31,9,6.5,3.81
8504,17.07.2011 06:00:00,9.25,9,8.93,6.5,3.81
8505,17.07.2011 07:00:00,9.06,8.75,8.87,6.5,3.81
8506,17.07.2011 08:00:00,8.81,8.5,8.81,6.5,3.81
8507,17.07.2011 09:00:00,8.62,8.37,8.68,6.5,3.81
8508,17.07.2011 10:00:00,8.62,8.56,8.62,6.5,3.81,3.573
8509,17.07.2011 11:00:00,8.87,9.06,8.62,6.5,3.87
8510,17.07.2011 12:00:00,9.43,10,8.56,6.5,3.87
8511,17.07.2011 13:00:00,10.18,11.06,8.56,6.5,3.87
8512,17.07.2011 14:00:00,10.93,11.81,8.56,6.5,3.87
8513,17.07.2011 15:00:00,11.37,12.18,8.56,6.5,3.87
8514,17.07.2011 16:00:00,11.62,12.31,8.62,6.5,3.87,3.587
8515,17.07.2011 17:00:00,11.62,12.18,8.68,6.56,3.87
8516,17.07.2011 18:00:00,11.56,12.06,8.81,6.56,3.87
8517,17.07.2011 19:00:00,11.43,11.75,8.87,6.56,3.87
8518,17.07.2011 20:00:00,11.31,11.56,8.87,6.56,3.87
8519,17.07.2011 21:00:00,11.12,11.25,8.93,6.5,3.87
8520,17.07.2011 22:00:00,10.87,10.93,9,6.56,3.87,3.589
8521,17.07.2011 23:00:00,10.62,10.56,9,6.56,3.87
8522,18.07.2011 00:00:00,10.37,10.31,9,6.56,3.87
8523,18.07.2011 01:00:00,10.12,9.93,8.93,6.56,3.93
8524,18.07.2011 02:00:00,9.81,9.68,8.93,6.56,3.87
8525,18.07.2011 03:00:00,9.56,9.43,8.93,6.56,3.87
8526,18.07.2011 04:00:00,9.37,9.18,8.87,6.56,3.87,3.582
8527,18.07.2011 05:00:00,9.18,9,8.81,6.56,3.93
8528,18.07.2011 06:00:00,9,8.81,8.75,6.56,3.93
8529,18.07.2011 07:00:00,8.81,8.62,8.75,6.56,3.93
8530,18.07.2011 08:00:00,8.68,8.43,8.68,6.56,3.93
8531,18.07.2011 09:00:00,8.56,8.43,8.62,6.56,3.93
8532,18.07.2011 10:00:00,8.62,8.56,8.56,6.56,3.93,3.577
8533,18.07.2011 11:00:00,8.93,9.12,8.5,6.56,3.93
8534,18.07.2011 12:00:00,9.37,9.87,8.5,6.56,3.93
8535,18.07.2011 13:00:00,9.87,10.5,8.43,6.56,3.93
8536,18.07.2011 14:00:00,10.5,11.31,8.43,6.62,3.93
8537,18.07.2011 15:00:00,11.12,11.93,8.5,6.56,3.93
8538,18.07.2011 16:00:00,11.5,12.18,8.56,6.56,4,3.585
8539,18.07.2011 17:00:00,11.62,12.18,8.62,6.56,3.93
8540,18.07.2011 18:00:00,11.68,12.18,8.68,6.56,3.93
8541,18.07.2011 19:00:00,11.62,12.06,8.75,6.56,4
8542,18.07.2011 20:00:00,11.56,11.81,8.87,6.56,3.93
8543,18.07.2011 21:00:00,11.43,11.56,8.93,6.56,4
8544,18.07.2011 22:00:00,11.18,11.31,8.93,6.56,4,3.591
8545,18.07.2011 23:00:00,11,11.06,8.93,6.56,4
8546,19.07.2011 00:00:00,10.81,10.75,8.93,6.56,4
8547,19.07.2011 01:00:00,10.62,10.5,9,6.56,4
8548,19.07.2011 02:00:00,10.37,10.25,9,6.56,4
8549,19.07.2011 03:00:00,10.18,10.06,9,6.56,4
8550,19.07.2011 04:00:00,10,9.87,8.93,6.56,4,3.584
8551,19.07.2011 05:00:00,9.87,9.68,8.93,6.56,4
8552,19.07.2011 06:00:00,9.68,9.5,8.93,6.56,4
8553,19.07.2011 07:00:00,9.5,9.37,8.87,6.56,4
8554,19.07.2011 08:00:00,9.37,9.25,8.81,6.56,4
8555,19.07.2011 09:00:00,9.31,9.18,8.75,6.62,4
8556,19.07.2011 10:00:00,9.25,9.12,8.75,6.62,4,3.581
8557,19.07.2011 11:00:00,9.12,9,8.68,6.62,4
8558,19.07.2011 12:00:00,9.06,8.93,8.68,6.62,4
8559,19.07.2011 13:00:00,9,8.87,8.62,6.62,4.06
8560,19.07.2011 14:00:00,8.93,8.87,8.56,6.62,4.06
8561,19.07.2011 15:00:00,8.93,8.87,8.56,6.62,4.06
8562,19.07.2011 16:00:00,8.93,8.93,8.5,6.62,4.06,3.575
8563,19.07.2011 17:00:00,9,9,8.5,6.62,4
8564,19.07.2011 18:00:00,9,9.06,8.43,6.62,4.06
8565,19.07.2011 19:00:00,9.12,9.25,8.43,6.62,4
8566,19.07.2011 20:00:00,9.18,9.25,8.43,6.62,4.06
8567,19.07.2011 21:00:00,9.18,9.18,8.43,6.62,4.06
8568,19.07.2011 22:00:00,9.06,9.06,8.37,6.62,4.06,3.579
8569,19.07.2011 23:00:00,9,8.93,8.37,6.62,4.06
8570,20.07.2011 00:00:00,8.81,8.75,8.37,6.62,4.06
8571,20.07.2011 01:00:00,8.68,8.56,8.37,6.62,4.06
8572,20.07.2011 02:00:00,8.5,8.31,8.31,6.62,4.06
8573,20.07.2011 03:00:00,8.31,8.12,8.25,6.56,4.06
8574,20.07.2011 04:00:00,8.12,7.87,8.25,6.62,4.06,3.569
8575,20.07.2011 05:00:00,7.93,7.68,8.18,6.62,4.06
8576,20.07.2011 06:00:00,7.75,7.5,8.12,6.62,4.12
8577,20.07.2011 07:00:00,7.56,7.25,8.12,6.62,4.06
8578,20.07.2011 08:00:00,7.37,7.06,8.06,6.62,4.06
8579,20.07.2011 09:00:00,7.18,6.93,7.93,6.56,4.06
8580,20.07.2011 10:00:00,7.18,7.06,7.93,6.56,4.06,3.562
8581,20.07.2011 11:00:00,7.43,7.5,7.87,6.56,4.12
8582,20.07.2011 12:00:00,7.81,8.06,7.81,6.56,4.12
8583,20.07.2011 13:00:00,8.25,8.75,7.75,6.56,4.12
8584,20.07.2011 14:00:00,8.81,9.43,7.75,6.56,4.12
8585,20.07.2011 15:00:00,9.25,9.87,7.81,6.56,4.12
8586,20.07.2011 16:00:00,9.56,10.18,7.81,6.56,4.12,3.577
8587,20.07.2011 17:00:00,9.75,10.31,7.87,6.56,4.12
8588,20.07.2011 18:00:00,9.87,10.31,7.93,6.56,4.12
8589,20.07.2011 19:00:00,9.87,10.18,8,6.5,4.12
8590,20.07.2011 20:00:00,9.87,10.06,8,6.5,4.12
8591,20.07.2011 21:00:00,9.75,9.81,8.06,6.5,4.12
8592,20.07.2011 22:00:00,9.56,9.56,8.12,6.5,4.12,3.578
8593,20.07.2011 23:00:00,9.37,9.31,8.12,6.5,4.12
8594,21.07.2011 00:00:00,9.12,9,8.12,6.5,4.12
8595,21.07.2011 01:00:00,8.87,8.68,8.06,6.5,4.12
8596,21.07.2011 02:00:00,8.62,8.43,8.06,6.5,4.12
8597,21.07.2011 03:00:00,8.37,8.18,8.06,6.43,4.12
8598,21.07.2011 04:00:00,8.12,7.93,8.06,6.5,4.12,3.570
8599,21.07.2011 05:00:00,7.93,7.68,8,6.43,4.18
8600,21.07.2011 06:00:00,7.75,7.43,7.93,6.43,4.12
8601,21.07.2011 07:00:00,7.56,7.25,7.87,6.43,4.12
8602,21.07.2011 08:00:00,7.31,7.06,7.87,6.43,4.18
8603,21.07.2011 09:00:00,7.18,6.87,7.81,6.43,4.12
8604,21.07.2011 10:00:00,7.06,6.93,7.75,6.43,4.18,3.570
8605,21.07.2011 11:00:00,7.25,7.43,7.68,6.43,4.18
8606,21.07.2011 12:00:00,7.75,8.25,7.62,6.43,4.18
8607,21.07.2011 13:00:00,8.5,9.31,7.62,6.43,4.18
8608,21.07.2011 14:00:00,9.31,10.37,7.62,6.43,4.18
8609,21.07.2011 15:00:00,10,11.12,7.68,6.43,4.18
8610,21.07.2011 16:00:00,10.56,11.62,7.75,6.43,4.18,3.583
8611,21.07.2011 17:00:00,10.93,11.87,7.81,6.43,4.18
8612,21.07.2011 18:00:00,11.12,11.93,7.93,6.43,4.18
8613,21.07.2011 19:00:00,11.18,11.81,8.06,6.43,4.18
8614,21.07.2011 20:00:00,11.06,11.5,8.12,6.37,4.18
8615,21.07.2011 21:00:00,10.87,11.12,8.25,6.37,4.18
8616,21.07.2011 22:00:00,10.56,10.75,8.31,6.37,4.18,3.583
8617,21.07.2011 23:00:00,10.18,10.25,8.31,6.37,4.18
8618,22.07.2011 00:00:00,9.87,9.87,8.31,6.37,4.18
8619,22.07.2011 01:00:00,9.56,9.5,8.37,6.37,4.18
8620,22.07.2011 02:00:00,9.25,9.18,8.31,6.37,4.18
8621,22.07.2011 03:00:00,9,8.87,8.31,6.37,4.18
8622,22.07.2011 04:00:00,8.75,8.56,8.25,6.37,4.18,3.573
8623,22.07.2011 05:00:00,8.5,8.25,8.25,6.37,4.18
8624,22.07.2011 06:00:00,8.25,8,8.18,6.37,4.18
8625,22.07.2011 07:00:00,8,7.75,8.12,6.37,4.18
8626,22.07.2011 08:00:00,7.81,7.56,8.06,6.37,4.18
8627,22.07.2011 09:00:00,7.62,7.37,8,6.37,4.18
8628,22.07.2011 10:00:00,7.62,7.5,7.93,6.37,4.18,3.568
8629,22.07.2011 11:00:00,7.87,8,7.87,6.43,4.18
8630,22.07.2011 12:00:00,8.31,8.87,7.87,6.37,4.18
8631,22.07.2011 13:00:00,9,9.81,7.81,6.37,4.18
8632,22.07.2011 14:00:00,9.75,10.68,7.87,6.43,4.25
8633,22.07.2011 15:00:00,10.37,11.31,7.87,6.37,4.18
8634,22.07.2011 16:00:00,10.75,11.56,7.93,6.43,4.18,3.581
8635,22.07.2011 17:00:00,10.87,11.5,8.06,6.37,4.25
8636,22.07.2011 18:00:00,10.81,11.31,8.12,6.37,4.25
8637,22.07.2011 19:00:00,10.75,11.12,8.18,6.37,4.25
8638,22.07.2011 20:00:00,10.68,10.93,8.25,6.37,4.18
8639,22.07.2011 21:00:00,10.56,10.75,8.31,6.43,4.25
8640,22.07.2011 22:00:00,10.31,10.5,8.37,6.37,4.25,3.587
8641,22.07.2011 23:00:00,10.18,10.25,8.37,6.37,4.25
8642,23.07.2011 00:00:00,9.93,9.93,8.37,6.37,4.25
8643,23.07.2011 01:00:00,9.68,9.68,8.37,6.37,4.25
8644,23.07.2011 02:00:00,9.43,9.37,8.37,6.37,4.25
8645,23.07.2011 03:00:00,9.18,9.12,8.37,6.37,4.25
8646,23.07.2011 04:00:00,9,8.87,8.37,6.37,4.25,3.576
8647,23.07.2011 05:00:00,8.81,8.62,8.31,6.37,4.25
8648,23.07.2011 06:00:00,8.62,8.5,8.31,6.37,4.25
8649,23.07.2011 07:00:00,8.5,8.31,8.25,6.37,4.25
8650,23.07.2011 08:00:00,8.37,8.18,8.18,6.37,4.25
8651,23.07.2011 09:00:00,8.31,8.18,8.18,6.37,4.25
8652,23.07.2011 10:00:00,8.31,8.31,8.12,6.37,4.25,3.574
8653,23.07.2011 11:00:00,8.56,8.81,8.06,6.43,4.25
8654,23.07.2011 12:00:00,9.06,9.62,8.06,6.43,4.25
8655,23.07.2011 13:00:00,9.75,10.5,8.06,6.43,4.25
8656,23.07.2011 14:00:00,10.25,10.93,8.06,6.43,4.25
8657,23.07.2011 15:00:00,10.62,11.37,8.12,6.43,4.25
8658,23.07.2011 16:00:00,11.06,11.81,8.18,6.43,4.25,3.589
8659,23.07.2011 17:00:00,11.31,11.93,8.25,6.43,4.25
8660,23.07.2011 18:00:00,11.43,12,8.31,6.43,4.25
8661,23.07.2011 19:00:00,11.5,11.87,8.43,6.43,4.25
8662,23.07.2011 20:00:00,11.43,11.68,8.5,6.43,4.25
8663,23.07.2011 21:00:00,11.25,11.37,8.56,6.43,4.31
8664,23.07.2011 22:00:00,11.06,11.06,8.62,6.43,4.25,3.586
8665,23.07.2011 23:00:00,10.81,10.75,8.62,6.43,4.25
8666,24.07.2011 00:00:00,10.56,10.43,8.68,6.43,4.25
8667,24.07.2011 01:00:00,10.25,10.12,8.68,6.43,4.25
8668,24.07.2011 02:00:00,10,9.81,8.68,6.43,4.25
8669,24.07.2011 03:00:00,9.75,9.5,8.68,6.43,4.25
8670,24.07.2011 04:00:00,9.5,9.25,8.62,6.43,4.25,3.584
8671,24.07.2011 05:00:00,9.25,9,8.62,6.43,4.25
8672,24.07.2011 06:00:00,9.06,8.75,8.56,6.5,4.31
8673,24.07.2011 07:00:00,8.81,8.56,8.56,6.5,4.31
8674,24.07.2011 08:00:00,8.62,8.37,8.5,6.5,4.31
8675,24.07.2011 09:00:00,8.5,8.25,8.43,6.5,4.25
8676,24.07.2011 10:00:00,8.43,8.43,8.37,6.5,4.31,3.572
8677,24.07.2011 11:00:00,8.75,8.93,8.31,6.5,4.25
8678,24.07.2011 12:00:00,9.31,9.87,8.31,6.5,4.25
8679,24.07.2011 13:00:00,10.18,11.06,8.31,6.5,4.31
8680,24.07.2011 14:00:00,11.12,12.31,8.31,6.5,4.31
8681,24.07.2011 15:00:00,12,13.25,8.37,6.5,4.31
8682,24.07.2011 16:00:00,12.62,13.81,8.5,6.5,4.31,3.591
8683,24.07.2011 17:00:00,13,14,8.62,6.5,4.31
8684,24.07.2011 18:00:00,13.06,13.81,8.75,6.5,4.31
8685,24.07.2011 19:00:00,13,13.5,8.87,6.56,4.31
8686,24.07.2011 20:00:00,12.87,13.25,9,6.5,4.31
8687,24.07.2011 21:00:00,12.68,12.87,9.06,6.5,4.31
8688,24.07.2011 22:00:00,12.37,12.43,9.18,6.56,4.31,3.591
8689,24.07.2011 23:00:00,12.06,12.06,9.18,6.56,4.31
8690,25.07.2011 00:00:00,11.75,11.62,9.25,6.56,4.31
8691,25.07.2011 01:00:00,11.37,11.25,9.25,6.56,4.31
8692,25.07.2011 02:00:00,11.06,10.93,9.25,6.56,4.31
8693,25.07.2011 03:00:00,10.81,10.62,9.25,6.56,4.31
8694,25.07.2011 04:00:00,10.56,10.31,9.25,6.56,4.31,3.582
8695,25.07.2011 05:00:00,10.25,10.06,9.18,6.56,4.31
8696,25.07.2011 06:00:00,10.06,9.81,9.18,6.56,4.31
8697,25.07.2011 07:00:00,9.81,9.56,9.12,6.62,4.31
8698,25.07.2011 08:00:00,9.62,9.43,9.06,6.62,4.31
8699,25.07.2011 09:00:00,9.56,9.37,9.06,6.62,4.31
8700,25.07.2011 10:00:00,9.56,9.56,9,6.62,4.31,3.578
8701,25.07.2011 11:00:00,9.87,10.12,8.93,6.62,4.31
8702,25.07.2011 12:00:00,10.43,11.06,8.93,6.68,4.31
8703,25.07.2011 13:00:00,11.12,12.06,8.93,6.68,4.31
8704,25.07.2011 14:00:00,11.87,13,8.93,6.68,4.31
8705,25.07.2011 15:00:00,12.62,13.75,9,6.68,4.31
8706,25.07.2011 16:00:00,13,13.93,9.12,6.68,4.37,3.597
8707,25.07.2011 17:00:00,13.12,13.93,9.18,6.68,4.31
8708,25.07.2011 18:00:00,13.18,13.81,9.31,6.68,4.37
8709,25.07.2011 19:00:00,13,13.5,9.37,6.68,4.37
8710,25.07.2011 20:00:00,12.81,13.12,9.5,6.75,4.37
8711,25.07.2011 21:00:00,12.5,12.75,9.56,6.68,4.37
8712,25.07.2011 22:00:00,12.18,12.25,9.62,6.75,4.37,3.596
8713,25.07.2011 23:00:00,11.81,11.81,9.62,6.75,4.37
8714,26.07.2011 00:00:00,11.43,11.37,9.62,6.75,4.37
8715,26.07.2011 01:00:00,11.06,10.93,9.62,6.75,4.37
8716,26.07.2011 02:00:00,10.68,10.5,9.56,6.75,4.37
8717,26.07.2011 03:00:00,10.37,10.18,9.56,6.75,4.31
8718,26.07.2011 04:00:00,10.06,9.81,9.5,6.81,4.37,3.588
8719,26.07.2011 05:00:00,9.75,9.5,9.43,6.81,4.37
8720,26.07.2011 06:00:00,9.5,9.18,9.37,6.81,4.37
8721,26.07.2011 07:00:00,9.18,8.93,9.31,6.81,4.37
8722,26.07.2011 08:00:00,9,8.68,9.25,6.81,4.37
8723,26.07.2011 09:00:00,8.81,8.56,9.12,6.87,4.37
8724,26.07.2011 10:00:00,8.75,8.68,9.06,6.87,4.37,3.576
8725,26.07.2011 11:00:00,9,9.25,9,6.87,4.37
8726,26.07.2011 12:00:00,9.56,10.06,8.93,6.87,4.43
8727,26.07.2011 13:00:00,10.25,11.12,8.93,6.87,4.37
8728,26.07.2011 14:00:00,11,12.12,8.93,6.87,4.43
8729,26.07.2011 15:00:00,11.62,12.75,8.93,6.87,4.37
8730,26.07.2011 16:00:00,12.12,13.06,9,6.87,4.43,3.593
8731,26.07.2011 17:00:00,12.37,13.18,9.12,6.87,4.43
8732,26.07.2011 18:00:00,12.43,13.12,9.18,6.93,4.43
8733,26.07.2011 19:00:00,12.37,12.75,9.25,6.93,4.37
8734,26.07.2011 20:00:00,12.12,12.37,9.31,6.93,4.43
8735,26.07.2011 21:00:00,11.87,11.93,9.37,6.93,4.43
8736,26.07.2011 22:00:00,11.56,11.56,9.43,6.87,4.43,3.592
8737,26.07.2011 23:00:00,11.31,11.25,9.43,6.93,4.43
8738,27.07.2011 00:00:00,11,10.93,9.43,6.93,4.43
8739,27.07.2011 01:00:00,10.75,10.62,9.43,6.93,4.43
8740,27.07.2011 02:00:00,10.43,10.25,9.37,6.93,4.43
8741,27.07.2011 03:00:00,10.18,9.93,9.37,6.93,4.43
8742,27.07.2011 04:00:00,9.87,9.62,9.31,6.93,4.43,3.586
8743,27.07.2011 05:00:00,9.62,9.31,9.25,6.93,4.43
8744,27.07.2011 06:00:00,9.37,9.06,9.25,6.93,4.43
8745,27.07.2011 07:00:00,9.12,8.81,9.12,6.93,4.43
8746,27.07.2011 08:00:00,8.87,8.56,9.06,6.93,4.43
8747,27.07.2011 09:00:00,8.62,8.37,9,6.93,4.5
8748,27.07.2011 10:00:00,8.56,8.43,8.93,7,4.43,3.576
8749,27.07.2011 11:00:00,8.81,8.93,8.87,7,4.43
8750,27.07.2011 12:00:00,9.31,9.75,8.81,7,4.43
8751,27.07.2011 13:00:00,10.06,10.93,8.81,6.93,4.5
8752,27.07.2011 14:00:00,10.93,12.06,8.81,7,4.43
8753,27.07.2011 15:00:00,11.68,12.75,8.81,7,4.5
8754,27.07.2011 16:00:00,12.25,13.18,8.87,7,4.5,3.595
8755,27.07.2011 17:00:00,12.62,13.18,9,7,4.5
8756,27.07.2011 18:00:00,12.68,13.06,9.06,7,4.5
8757,27.07.2011 19:00:00,12.62,12.68,9.18,7,4.5
8758,27.07.2011 20:00:00,12.37,12.31,9.25,7,4.5
8759,27.07.2011 21:00:00,12.06,11.81,9.31,7,4.5
8760,27.07.2011 22:00:00,11.68,11.37,9.37,7,4.5,3.587
8761,27.07.2011 23:00:00,11.31,10.93,9.37,6.93,4.5
8762,28.07.2011 00:00:00,10.93,10.5,9.37,6.93,4.5
8763,28.07.2011 01:00:00,10.56,10.12,9.37,7,4.5
8764,28.07.2011 02:00:00,10.18,9.75,9.31,7,4.5
8765,28.07.2011 03:00:00,9.87,9.37,9.31,7,4.5
8766,28.07.2011 04:00:00,9.56,9.06,9.25,7,4.56,3.578
8767,28.07.2011 05:00:00,9.25,8.81,9.18,7,4.5
8768,28.07.2011 06:00:00,9,8.5,9.12,7,4.56
8769,28.07.2011 07:00:00,8.68,8.25,9.06,7,4.56
8770,28.07.2011 08:00:00,8.5,8,9,7,4.56
8771,28.07.2011 09:00:00,8.31,7.87,8.93,7,4.56
8772,28.07.2011 10:00:00,8.31,8.12,8.87,7,4.5,3.574
8773,28.07.2011 11:00:00,8.62,8.68,8.75,7,4.56
8774,28.07.2011 12:00:00,9.25,9.62,8.75,7,4.56
8775,28.07.2011 13:00:00,10.06,10.81,8.68,7,4.56
8776,28.07.2011 14:00:00,10.93,12,8.68,7,4.56
8777,28.07.2011 15:00:00,11.68,12.81,8.75,7,4.56
8778,28.07.2011 16:00:00,12.18,13.06,8.81,7.06,4.56,3.589
8779,28.07.2011 17:00:00,12.31,13,8.93,7,4.56
8780,28.07.2011 18:00:00,12.31,12.81,9,7.06,4.56
8781,28.07.2011 19:00:00,12.18,12.5,9.06,7,4.56
8782,28.07.2011 20:00:00,12,12.18,9.18,7,4.56
8783,28.07.2011 21:00:00,11.68,11.75,9.25,7,4.56
8784,28.07.2011 22:00:00,11.37,11.31,9.25,7,4.56,3.587
8785,28.07.2011 23:00:00,11.06,10.93,9.31,7,4.56
8786,29.07.2011 00:00:00,10.75,10.5,9.31,7,4.56
8787,29.07.2011 01:00:00,10.37,10.12,9.31,7,4.56
8788,29.07.2011 02:00:00,10.06,9.81,9.25,7,4.56
8789,29.07.2011 03:00:00,9.81,9.5,9.25,7,4.56
8790,29.07.2011 04:00:00,9.5,9.25,9.18,7,4.62,3.583
8791,29.07.2011 05:00:00,9.25,8.93,9.12,7,4.56
8792,29.07.2011 06:00:00,9,8.68,9.06,7,4.62
8793,29.07.2011 07:00:00,8.81,8.5,9,7.06,4.62
8794,29.07.2011 08:00:00,8.62,8.25,8.93,7.06,4.62
8795,29.07.2011 09:00:00,8.5,8.18,8.87,7.06,4.62
8796,29.07.2011 10:00:00,8.5,8.43,8.81,7.06,4.56,3.577
8797,29.07.2011 11:00:00,8.81,9,8.75,7.06,4.62
8798,29.07.2011 12:00:00,9.37,9.93,8.68,7.06,4.62
8799,29.07.2011 13:00:00,9.93,10.68,8.68,7.06,4.56
8800,29.07.2011 14:00:00,10.37,11,8.68,7.06,4.62
8801,29.07.2011 15:00:00,10.87,11.81,8.75,7.06,4.62
8802,29.07.2011 16:00:00,11.43,12.31,8.75,7.06,4.62,3.587
8803,29.07.2011 17:00:00,11.75,12.31,8.87,7.06,4.62
8804,29.07.2011 18:00:00,11.81,12.12,8.93,7.06,4.62
8805,29.07.2011 19:00:00,11.62,11.81,9,7.06,4.62
8806,29.07.2011 20:00:00,11.37,11.5,9.06,7.06,4.62
8807,29.07.2011 21:00:00,11.12,11.12,9.12,7,4.62
8808,29.07.2011 22:00:00,10.87,10.75,9.12,7,4.62,3.586
8809,29.07.2011 23:00:00,10.56,10.43,9.12,7.06,4.62
8810,30.07.2011 00:00:00,10.25,10.12,9.12,7,4.62
8811,30.07.2011 01:00:00,10,9.81,9.12,7.06,4.62
8812,30.07.2011 02:00:00,9.75,9.56,9.12,7.06,4.62
8813,30.07.2011 03:00:00,9.56,9.37,9.06,7.06,4.68
8814,30.07.2011 04:00:00,9.37,9.18,9.06,7.06,4.68,3.579
8815,30.07.2011 05:00:00,9.25,9.06,9,7.06,4.62
8816,30.07.2011 06:00:00,9.12,8.93,8.93,7.06,4.68
8817,30.07.2011 07:00:00,9,8.81,8.87,7.06,4.68
8818,30.07.2011 08:00:00,8.93,8.75,8.81,7.06,4.68
8819,30.07.2011 09:00:00,8.81,8.68,8.81,7.06,4.68
8820,30.07.2011 10:00:00,8.81,8.75,8.75,7.06,4.68,3.575
8821,30.07.2011 11:00:00,9,9.12,8.68,7.06,4.68
8822,30.07.2011 12:00:00,9.31,9.5,8.68,7.06,4.68
8823,30.07.2011 13:00:00,9.75,10.12,8.68,7.06,4.68
8824,30.07.2011 14:00:00,10.37,11.12,8.68,7,4.68
8825,30.07.2011 15:00:00,11,11.75,8.68,7.06,4.68
8826,30.07.2011 16:00:00,11.31,11.87,8.75,7.06,4.68,3.592
8827,30.07.2011 17:00:00,11.37,11.87,8.81,7.06,4.68
8828,30.07.2011 18:00:00,11.43,11.81,8.87,7.06,4.68
8829,30.07.2011 19:00:00,11.37,11.68,8.93,7.06,4.68
8830,30.07.2011 20:00:00,11.25,11.43,9,7.06,4.68
8831,30.07.2011 21:00:00,11.12,11.18,9,7.06,4.68
8832,30.07.2011 22:00:00,10.87,10.87,9.06,7.06,4.68,3.587
8833,30.07.2011 23:00:00,10.62,10.5,9.06,7.06,4.68
8834,31.07.2011 00:00:00,10.31,10.12,9.12,7.06,4.68
8835,31.07.2011 01:00:00,10,9.81,9.06,7.06,4.68
8836,31.07.2011 02:00:00,9.68,9.5,9.06,7.06,4.68
8837,31.07.2011 03:00:00,9.43,9.18,9.06,7.06,4.75
8838,31.07.2011 04:00:00,9.18,8.93,9,7.06,4.68,3.582
8839,31.07.2011 05:00:00,9,8.68,8.93,7.06,4.68
8840,31.07.2011 06:00:00,8.75,8.5,8.87,7.06,4.68
8841,31.07.2011 07:00:00,8.56,8.31,8.81,7.06,4.68
8842,31.07.2011 08:00:00,8.43,8.18,8.75,7.06,4.75
8843,31.07.2011 09:00:00,8.37,8.18,8.75,7.06,4.68
8844,31.07.2011 10:00:00,8.37,8.18,8.62,7.06,4.68,3.577
8845,31.07.2011 11:00:00,8.5,8.43,8.56,7.06,4.68
8846,31.07.2011 12:00:00,8.62,8.75,8.56,7.06,4.75
8847,31.07.2011 13:00:00,8.93,9.12,8.5,7.06,4.75
8848,31.07.2011 14:00:00,9.18,9.37,8.5,7.06,4.75
8849,31.07.2011 15:00:00,9.37,9.56,8.5,7.06,4.68
8850,31.07.2011 16:00:00,9.56,9.75,8.5,7.06,4.75,3.578
8851,31.07.2011 17:00:00,9.68,9.87,8.5,7.06,4.75
8852,31.07.2011 18:00:00,9.75,9.87,8.5,7.06,4.75
8853,31.07.2011 19:00:00,9.81,9.87,8.5,7.06,4.75
8854,31.07.2011 20:00:00,9.81,9.81,8.56,7,4.75
8855,31.07.2011 21:00:00,9.75,9.75,8.56,7,4.75
8856,31.07.2011 22:00:00,9.68,9.56,8.56,7,4.75,3.586
8857,31.07.2011 23:00:00,9.5,9.31,8.56,7,4.75
8858,01.08.2011 00:00:00,9.25,9.06,8.56,7,4.75
8859,01.08.2011 01:00:00,9.06,8.81,8.56,7,4.75
8860,01.08.2011 02:00:00,8.75,8.56,8.56,7,4.75
8861,01.08.2011 03:00:00,8.62,8.31,8.5,7,4.75
8862,01.08.2011 04:00:00,8.37,8.12,8.43,7,4.75,3.574
8863,01.08.2011 05:00:00,8.12,7.87,8.43,7,4.75
8864,01.08.2011 06:00:00,7.93,7.62,8.37,7,4.81
8865,01.08.2011 07:00:00,7.75,7.43,8.31,7,4.75
8866,01.08.2011 08:00:00,7.62,7.31,8.25,7,4.81
8867,01.08.2011 09:00:00,7.5,7.25,8.18,7,4.75
8868,01.08.2011 10:00:00,7.56,7.43,8.18,7,4.75,3.572
8869,01.08.2011 11:00:00,7.87,8.06,8.12,7,4.75
8870,01.08.2011 12:00:00,8.5,9.06,8.06,7,4.81
8871,01.08.2011 13:00:00,9.31,10.25,8.06,7,4.81
8872,01.08.2011 14:00:00,10.25,11.43,8.06,7,4.81
8873,01.08.2011 15:00:00,11.06,12.18,8.12,6.93,4.75
8874,01.08.2011 16:00:00,11.56,12.31,8.25,6.93,4.81,3.586
8875,01.08.2011 17:00:00,11.75,12.31,8.31,6.93,4.81
8876,01.08.2011 18:00:00,11.81,12.12,8.43,6.93,4.81
8877,01.08.2011 19:00:00,11.68,11.87,8.5,6.93,4.81
8878,01.08.2011 20:00:00,11.56,11.56,8.62,6.93,4.81
8879,01.08.2011 21:00:00,11.31,11.18,8.68,6.93,4.81
8880,01.08.2011 22:00:00,10.93,10.75,8.75,6.93,4.75,3.585
8881,01.08.2011 23:00:00,10.62,10.37,8.75,6.93,4.81
8882,02.08.2011 00:00:00,10.31,10,8.81,6.93,4.81
8883,02.08.2011 01:00:00,10,9.68,8.81,6.93,4.81
8884,02.08.2011 02:00:00,9.75,9.43,8.81,6.93,4.81
8885,02.08.2011 03:00:00,9.5,9.12,8.75,6.87,4.81
8886,02.08.2011 04:00:00,9.18,8.87,8.75,6.93,4.81,3.576
8887,02.08.2011 05:00:00,9,8.68,8.68,6.93,4.81
8888,02.08.2011 06:00:00,8.81,8.5,8.62,6.93,4.81
8889,02.08.2011 07:00:00,8.68,8.37,8.62,6.87,4.81
8890,02.08.2011 08:00:00,8.56,8.31,8.56,6.93,4.81
8891,02.08.2011 09:00:00,8.43,8.25,8.5,6.93,4.81
8892,02.08.2011 10:00:00,8.43,8.31,8.43,6.93,4.81,3.577
8893,02.08.2011 11:00:00,8.68,8.81,8.43,6.93,4.81
8894,02.08.2011 12:00:00,9.18,9.68,8.37,6.93,4.81
8895,02.08.2011 13:00:00,9.87,10.56,8.37,6.93,4.81
8896,02.08.2011 14:00:00,10.43,11.12,8.43,6.93,4.81
8897,02.08.2011 15:00:00,11,11.87,8.43,6.93,4.81
8898,02.08.2011 16:00:00,11.56,12.5,8.5,6.93,4.81,3.590
8899,02.08.2011 17:00:00,11.93,12.68,8.56,6.93,4.81
8900,02.08.2011 18:00:00,12.12,12.62,8.68,6.93,4.81
8901,02.08.2011 19:00:00,12.12,12.37,8.75,6.93,4.81
8902,02.08.2011 20:00:00,11.93,12,8.87,6.93,4.81
8903,02.08.2011 21:00:00,11.62,11.56,8.93,6.93,4.81
8904,02.08.2011 22:00:00,11.25,11.12,9,6.93,4.81,3.591
8905,02.08.2011 23:00:00,10.87,10.68,9,6.93,4.81
8906,03.08.2011 00:00:00,10.56,10.31,9.06,6.93,4.81
8907,03.08.2011 01:00:00,10.18,9.93,9,6.93,4.81
8908,03.08.2011 02:00:00,9.93,9.62,9,6.93,4.81
8909,03.08.2011 03:00:00,9.56,9.25,9,6.93,4.81
8910,03.08.2011 04:00:00,9.37,9,8.93,6.93,4.81,3.576
8911,03.08.2011 05:00:00,9.06,8.75,8.87,6.93,4.81
8912,03.08.2011 06:00:00,8.87,8.5,8.81,6.93,4.81
8913,03.08.2011 07:00:00,8.62,8.25,8.81,6.93,4.81
8914,03.08.2011 08:00:00,8.43,8.06,8.68,7,4.87
8915,03.08.2011 09:00:00,8.31,8,8.62,7,4.81
8916,03.08.2011 10:00:00,8.31,8.18,8.62,7,4.87,3.577
8917,03.08.2011 11:00:00,8.62,8.81,8.56,6.93,4.81
8918,03.08.2011 12:00:00,9.25,9.81,8.5,7,4.87
8919,03.08.2011 13:00:00,10.12,11.06,8.5,7,4.81
8920,03.08.2011 14:00:00,11.06,12.25,8.56,7,4.81
8921,03.08.2011 15:00:00,11.87,13.18,8.62,7,4.81
8922,03.08.2011 16:00:00,12.5,13.81,8.68,7,4.87,3.592
8923,03.08.2011 17:00:00,12.87,13.93,8.81,7,4.81
8924,03.08.2011 18:00:00,13,13.68,8.93,7,4.87
8925,03.08.2011 19:00:00,12.93,13.37,9,7,4.87
8926,03.08.2011 20:00:00,12.68,12.87,9.12,7,4.87
8927,03.08.2011 21:00:00,12.37,12.43,9.18,7,4.87
8928,03.08.2011 22:00:00,12,11.93,9.25,7,4.87,3.596
8929,03.08.2011 23:00:00,11.62,11.5,9.31,7,4.87
8930,04.08.2011 00:00:00,11.25,11.06,9.31,7,4.87
8931,04.08.2011 01:00:00,10.87,10.68,9.31,7,4.81
8932,04.08.2011 02:00:00,10.56,10.31,9.31,7,4.87
8933,04.08.2011 03:00:00,10.25,10,9.31,7,4.87
8934,04.08.2011 04:00:00,10,9.68,9.25,7,4.87,3.584
8935,04.08.2011 05:00:00,9.68,9.43,9.18,7,4.87
8936,04.08.2011 06:00:00,9.43,9.12,9.18,7.06,4.87
8937,04.08.2011 07:00:00,9.18,8.87,9.12,7.06,4.87
8938,04.08.2011 08:00:00,9,8.68,9.06,7,4.87
8939,04.08.2011 09:00:00,8.87,8.56,9,7,4.87
8940,04.08.2011 10:00:00,8.87,8.81,8.93,7.06,4.87,3.580
8941,04.08.2011 11:00:00,9.25,9.5,8.87,7.06,4.87
8942,04.08.2011 12:00:00,9.87,10.56,8.87,7.06,4.87
8943,04.08.2011 13:00:00,10.75,11.81,8.87,7.06,4.87
8944,04.08.2011 14:00:00,11.75,13.06,8.87,7.06,4.87
8945,04.08.2011 15:00:00,12.56,13.93,8.93,7.06,4.87
8946,04.08.2011 16:00:00,13.18,14.43,9.06,7.06,4.87,3.593
8947,04.08.2011 17:00:00,13.5,14.68,9.18,7.12,4.87
8948,04.08.2011 18:00:00,13.62,14.43,9.25,7.06,4.87
8949,04.08.2011 19:00:00,13.5,14.06,9.37,7.06,4.87
8950,04.08.2011 20:00:00,13.25,13.56,9.5,7.06,4.87
8951,04.08.2011 21:00:00,12.87,13.06,9.56,7.06,4.87
8952,04.08.2011 22:00:00,12.5,12.5,9.62,7.12,4.87,3.592
8953,04.08.2011 23:00:00,12.12,12.06,9.62,7.06,4.87
8954,05.08.2011 00:00:00,11.75,11.62,9.68,7.06,4.87
8955,05.08.2011 01:00:00,11.37,11.12,9.68,7.12,4.93
8956,05.08.2011 02:00:00,11,10.81,9.68,7.12,4.87
8957,05.08.2011 03:00:00,10.68,10.43,9.62,7.12,4.93
8958,05.08.2011 04:00:00,10.37,10.12,9.56,7.12,4.87,3.586
8959,05.08.2011 05:00:00,10.12,9.81,9.56,7.12,4.93
8960,05.08.2011 06:00:00,9.87,9.56,9.5,7.12,4.93
8961,05.08.2011 07:00:00,9.62,9.31,9.43,7.12,4.93
8962,05.08.2011 08:00:00,9.37,9.06,9.37,7.18,4.93
8963,05.08.2011 09:00:00,9.18,8.93,9.31,7.18,4.87
8964,05.08.2011 10:00:00,9.25,9.25,9.25,7.18,4.93,3.578
8965,05.08.2011 11:00:00,9.68,9.93,9.18,7.18,4.93
8966,05.08.2011 12:00:00,10.25,10.93,9.12,7.18,4.93
8967,05.08.2011 13:00:00,11.06,12.06,9.12,7.18,4.93
8968,05.08.2011 14:00:00,11.93,13.18,9.12,7.18,4.93
8969,05.08.2011 15:00:00,12.68,13.93,9.18,7.25,4.93
8970,05.08.2011 16:00:00,12.93,13.87,9.31,7.18,4.93,3.593
8971,05.08.2011 17:00:00,13.12,13.87,9.37,7.25,4.93
8972,05.08.2011 18:00:00,13.12,13.68,9.43,7.25,4.93
8973,05.08.2011 19:00:00,13.06,13.37,9.56,7.25,4.93
8974,05.08.2011 20:00:00,12.87,13,9.62,7.25,4.93
8975,05.08.2011 21:00:00,12.5,12.56,9.68,7.18,4.93
8976,05.08.2011 22:00:00,12.12,12.06,9.75,7.25,4.93,3.597
8977,05.08.2011 23:00:00,11.75,11.62,9.75,7.25,4.93
8978,06.08.2011 00:00:00,11.37,11.18,9.75,7.25,4.93
8979,06.08.2011 01:00:00,11,10.81,9.68,7.25,4.93
8980,06.08.2011 02:00:00,10.68,10.43,9.68,7.25,4.93
8981,06.08.2011 03:00:00,10.37,10.06,9.68,7.25,4.93
8982,06.08.2011 04:00:00,10.06,9.75,9.62,7.25,4.93,3.587
8983,06.08.2011 05:00:00,9.81,9.5,9.56,7.25,4.93
8984,06.08.2011 06:00:00,9.56,9.25,9.5,7.31,4.93
8985,06.08.2011 07:00:00,9.31,9,9.43,7.31,4.93
8986,06.08.2011 08:00:00,9.06,8.75,9.37,7.31,4.93
8987,06.08.2011 09:00:00,8.93,8.62,9.31,7.31,4.93
8988,06.08.2011 10:00:00,8.93,8.87,9.25,7.31,4.93,3.577
8989,06.08.2011 11:00:00,9.31,9.56,9.18,7.31,4.93
8990,06.08.2011 12:00:00,9.93,10.56,9.12,7.31,4.93
8991,06.08.2011 13:00:00,10.87,11.93,9.12,7.31,4.93
8992,06.08.2011 14:00:00,11.93,13.18,9.12,7.31,4.93
8993,06.08.2011 15:00:00,12.81,14.12,9.18,7.37,4.93
8994,06.08.2011 16:00:00,13.43,14.75,9.31,7.31,4.93,3.597
8995,06.08.2011 17:00:00,13.75,14.68,9.37,7.31,5
8996,06.08.2011 18:00:00,13.75,14.31,9.5,7.31,5
8997,06.08.2011 19:00:00,13.62,13.93,9.62,7.31,4.93
8998,06.08.2011 20:00:00,13.31,13.5,9.68,7.31,5
8999,06.08.2011 21:00:00,13,13,9.75,7.31,5
9000,06.08.2011 22:00:00,12.62,12.5,9.81,7.31,5,3.593
9001,06.08.2011 23:00:00,12.18,12.06,9.87,7.31,5
9002,07.08.2011 00:00:00,11.81,11.56,9.87,7.31,5
9003,07.08.2011 01:00:00,11.43,11.12,9.87,7.31,5
9004,07.08.2011 02:00:00,11.06,10.75,9.81,7.31,5
9005,07.08.2011 03:00:00,10.75,10.37,9.81,7.31,5
9006,07.08.2011 04:00:00,10.43,10.06,9.75,7.37,5,3.584
9007,07.08.2011 05:00:00,10.12,9.75,9.68,7.37,5
9008,07.08.2011 06:00:00,9.87,9.5,9.62,7.37,5
9009,07.08.2011 07:00:00,9.62,9.25,9.56,7.37,5
9010,07.08.2011 08:00:00,9.43,9.06,9.5,7.37,5
9011,07.08.2011 09:00:00,9.31,9.06,9.43,7.37,5
9012,07.08.2011 10:00:00,9.37,9.31,9.37,7.37,5,3.584
9013,07.08.2011 11:00:00,9.56,9.68,9.31,7.37,5.06
9014,07.08.2011 12:00:00,9.93,10.12,9.31,7.43,5
9015,07.08.2011 13:00:00,10.43,10.93,9.25,7.43,5
9016,07.08.2011 14:00:00,11.25,12.12,9.25,7.43,5
9017,07.08.2011 15:00:00,11.93,12.87,9.31,7.43,5.06
9018,07.08.2011 16:00:00,12.37,13.12,9.31,7.43,5,3.592
9019,07.08.2011 17:00:00,12.62,13.37,9.37,7.43,5
9020,07.08.2011 18:00:00,12.75,13.37,9.5,7.43,5.06
9021,07.08.2011 19:00:00,12.75,13.18,9.56,7.43,5.06
9022,07.08.2011 20:00:00,12.56,12.93,9.62,7.43,5.06
9023,07.08.2011 21:00:00,12.37,12.56,9.68,7.43,5.06
9024,07.08.2011 22:00:00,12.12,12.25,9.75,7.43,5.06,3.598
9025,07.08.2011 23:00:00,11.81,11.87,9.75,7.43,5.06
9026,08.08.2011 00:00:00,11.56,11.62,9.75,7.43,5.06
9027,08.08.2011 01:00:00,11.37,11.31,9.75,7.43,5.06
9028,08.08.2011 02:00:00,11.06,10.93,9.75,7.43,5.06
9029,08.08.2011 03:00:00,10.87,10.75,9.75,7.43,5.06
9030,08.08.2011 04:00:00,10.56,10.43,9.68,7.43,5.06,3.592
9031,08.08.2011 05:00:00,10.37,10.18,9.68,7.43,5.06
9032,08.08.2011 06:00:00,10.18,10,9.62,7.43,5.06
9033,08.08.2011 07:00:00,10,9.87,9.56,7.43,5.06
9034,08.08.2011 08:00:00,9.87,9.75,9.56,7.43,5.06
9035,08.08.2011 09:00:00,9.68,9.56,9.5,7.43,5.06
9036,08.08.2011 10:00:00,9.56,9.43,9.43,7.43,5.06,3.581
9037,08.08.2011 11:00:00,9.43,9.37,9.37,7.5,5.06
9038,08.08.2011 12:00:00,9.56,9.56,9.37,7.5,5.06
9039,08.08.2011 13:00:00,9.93,10.18,9.31,7.5,5.06
9040,08.08.2011 14:00:00,10.31,10.62,9.31,7.5,5.06
9041,08.08.2011 15:00:00,10.68,11.12,9.25,7.5,5.06
9042,08.08.2011 16:00:00,11.25,11.68,9.25,7.43,5.06,3.593
9043,08.08.2011 17:00:00,11.56,11.93,9.31,7.5,5.12
9044,08.08.2011 18:00:00,11.62,11.93,9.31,7.5,5.12
9045,08.08.2011 19:00:00,11.62,11.87,9.37,7.5,5.06
9046,08.08.2011 20:00:00,11.5,11.62,9.43,7.5,5.12
9047,08.08.2011 21:00:00,11.25,11.31,9.43,7.5,5.06
9048,08.08.2011 22:00:00,11,10.93,9.5,7.5,5.06,3.588
9049,08.08.2011 23:00:00,10.68,10.56,9.5,7.5,5.12
9050,09.08.2011 00:00:00,10.37,10.25,9.43,7.5,5.12
9051,09.08.2011 01:00:00,10.12,9.93,9.43,7.43,5.12
9052,09.08.2011 02:00:00,9.81,9.62,9.43,7.43,5.12
9053,09.08.2011 03:00:00,9.56,9.37,9.37,7.5,5.12
9054,09.08.2011 04:00:00,9.31,9.06,9.31,7.5,5.12,3.585
9055,09.08.2011 05:00:00,9.06,8.81,9.25,7.5,5.12
9056,09.08.2011 06:00:00,8.81,8.56,9.18,7.5,5.12
9057,09.08.2011 07:00:00,8.62,8.37,9.12,7.5,5.12
9058,09.08.2011 08:00:00,8.43,8.18,9.06,7.5,5.12
9059,09.08.2011 09:00:00,8.25,8.06,9,7.5,5.12
9060,09.08.2011 10:00:00,8.18,8.06,8.93,7.5,5.12,3.573
9061,09.08.2011 11:00:00,8.37,8.43,8.87,7.5,5.12
9062,09.08.2011 12:00:00,8.81,9.06,8.81,7.5,5.12
9063,09.08.2011 13:00:00,9.31,9.87,8.81,7.5,5.12
9064,09.08.2011 14:00:00,10.06,10.81,8.81,7.5,5.12
9065,09.08.2011 15:00:00,10.62,11.37,8.75,7.43,5.12
9066,09.08.2011 16:00:00,10.93,11.56,8.81,7.43,5.12,3.585
9067,09.08.2011 17:00:00,11.18,11.75,8.87,7.5,5.12
9068,09.08.2011 18:00:00,11.31,11.75,8.93,7.43,5.12
9069,09.08.2011 19:00:00,11.31,11.5,9,7.43,5.12
9070,09.08.2011 20:00:00,11.12,11.18,9,7.43,5.12
9071,09.08.2011 21:00:00,10.87,10.81,9.06,7.43,5.12
9072,09.08.2011 22:00:00,10.56,10.37,9.12,7.43,5.18,3.585
9073,09.08.2011 23:00:00,10.25,10.06,9.06,7.43,5.18
9074,10.08.2011 00:00:00,9.93,9.75,9.12,7.43,5.18
9075,10.08.2011 01:00:00,9.68,9.43,9.06,7.43,5.18
9076,10.08.2011 02:00:00,9.43,9.18,9.06,7.43,5.18
9077,10.08.2011 03:00:00,9.18,8.93,9,7.43,5.18
9078,10.08.2011 04:00:00,8.93,8.68,8.93,7.43,5.18,3.584
9079,10.08.2011 05:00:00,8.75,8.43,8.93,7.43,5.18
9080,10.08.2011 06:00:00,8.5,8.18,8.87,7.43,5.18
9081,10.08.2011 07:00:00,8.31,8,8.81,7.43,5.18
9082,10.08.2011 08:00:00,8.12,7.81,8.75,7.43,5.18
9083,10.08.2011 09:00:00,8,7.68,8.68,7.37,5.18
9084,10.08.2011 10:00:00,7.93,7.75,8.62,7.37,5.18,3.576
9085,10.08.2011 11:00:00,8.12,8.18,8.56,7.37,5.18
9086,10.08.2011 12:00:00,8.5,8.75,8.56,7.37,5.18
9087,10.08.2011 13:00:00,9,9.43,8.5,7.37,5.18
9088,10.08.2011 14:00:00,9.5,10.06,8.5,7.37,5.18
9089,10.08.2011 15:00:00,10,10.5,8.5,7.37,5.18
9090,10.08.2011 16:00:00,10.31,10.81,8.5,7.37,5.18,3.587
9091,10.08.2011 17:00:00,10.5,11,8.56,7.37,5.18
9092,10.08.2011 18:00:00,10.62,11,8.62,7.37,5.18
9093,10.08.2011 19:00:00,10.62,10.87,8.68,7.37,5.18
9094,10.08.2011 20:00:00,10.43,10.68,8.68,7.31,5.18
9095,10.08.2011 21:00:00,10.25,10.37,8.75,7.37,5.18
9096,10.08.2011 22:00:00,10,10.06,8.75,7.31,5.18,3.582
9097,10.08.2011 23:00:00,9.68,9.75,8.75,7.31,5.18
9098,11.08.2011 00:00:00,9.43,9.37,8.75,7.31,5.18
9099,11.08.2011 01:00:00,9.18,9.06,8.75,7.31,5.18
9100,11.08.2011 02:00:00,8.93,8.81,8.75,7.31,5.25
9101,11.08.2011 03:00:00,8.68,8.5,8.68,7.31,5.25
9102,11.08.2011 04:00:00,8.43,8.25,8.68,7.25,5.25,3.580
9103,11.08.2011 05:00:00,8.18,8,8.62,7.31,5.18
9104,11.08.2011 06:00:00,7.93,7.75,8.56,7.31,5.18
9105,11.08.2011 07:00:00,7.75,7.56,8.5,7.31,5.18
9106,11.08.2011 08:00:00,7.62,7.43,8.43,7.31,5.18
9107,11.08.2011 09:00:00,7.43,7.25,8.37,7.31,5.18
9108,11.08.2011 10:00:00,7.37,7.18,8.31,7.25,5.25,3.571
9109,11.08.2011 11:00:00,7.25,7.06,8.25,7.25,5.25
9110,11.08.2011 12:00:00,7.18,7,8.18,7.25,5.18
9111,11.08.2011 13:00:00,7.06,6.87,8.12,7.25,5.18
9112,11.08.2011 14:00:00,7.06,7,8.06,7.25,5.25
9113,11.08.2011 15:00:00,7.18,7.25,8,7.25,5.25
9114,11.08.2011 16:00:00,7.37,7.5,8,7.25,5.18,3.572
9115,11.08.2011 17:00:00,7.5,7.56,7.93,7.25,5.25
9116,11.08.2011 18:00:00,7.62,7.62,7.87,7.25,5.25
9117,11.08.2011 19:00:00,7.68,7.68,7.87,7.25,5.18
9118,11.08.2011 20:00:00,7.68,7.62,7.87,7.25,5.18
9119,11.08.2011 21:00:00,7.62,7.56,7.87,7.25,5.25
9120,11.08.2011 22:00:00,7.5,7.37,7.81,7.18,5.25,3.570
9121,11.08.2011 23:00:00,7.37,7.25,7.81,7.18,5.25
9122,12.08.2011 00:00:00,7.25,7.06,7.81,7.18,5.25
9123,12.08.2011 01:00:00,7.12,6.93,7.75,7.12,5.25
9124,12.08.2011 02:00:00,6.93,6.75,7.75,7.12,5.25
9125,12.08.2011 03:00:00,6.81,6.56,7.68,7.12,5.25
9126,12.08.2011 04:00:00,6.62,6.37,7.62,7.12,5.25,3.568
9127,12.08.2011 05:00:00,6.5,6.18,7.62,7.12,5.25
9128,12.08.2011 06:00:00,6.31,6,7.56,7.12,5.25
9129,12.08.2011 07:00:00,6.18,5.81,7.5,7.12,5.25
9130,12.08.2011 08:00:00,6,5.68,7.43,7.12,5.25
9131,12.08.2011 09:00:00,5.87,5.5,7.37,7.06,5.25
9132,12.08.2011 10:00:00,5.75,5.37,7.31,7.06,5.25,3.557
9133,12.08.2011 11:00:00,5.81,5.68,7.25,7.06,5.25
9134,12.08.2011 12:00:00,6.25,6.5,7.25,7.06,5.25
9135,12.08.2011 13:00:00,7.06,7.62,7.18,7.06,5.25
9136,12.08.2011 14:00:00,8.06,8.87,7.18,7,5.25
9137,12.08.2011 15:00:00,8.87,9.56,7.25,7,5.25
9138,12.08.2011 16:00:00,9.25,9.75,7.31,7,5.25,3.575
9139,12.08.2011 17:00:00,9.43,9.75,7.31,7,5.25
9140,12.08.2011 18:00:00,9.43,9.62,7.43,6.93,5.25
9141,12.08.2011 19:00:00,9.37,9.43,7.5,6.93,5.25
9142,12.08.2011 20:00:00,9.18,9.18,7.56,6.93,5.25
9143,12.08.2011 21:00:00,9,8.87,7.62,6.87,5.25
9144,12.08.2011 22:00:00,8.75,8.56,7.62,6.93,5.25,3.576
9145,12.08.2011 23:00:00,8.5,8.25,7.62,6.93,5.25
9146,13.08.2011 00:00:00,8.25,7.87,7.68,6.87,5.25
9147,13.08.2011 01:00:00,8,7.62,7.68,6.87,5.25
9148,13.08.2011 02:00:00,7.68,7.31,7.62,6.87,5.25
9149,13.08.2011 03:00:00,7.43,7.06,7.68,6.87,5.25
9150,13.08.2011 04:00:00,7.12,6.81,7.62,6.87,5.25,3.565
9151,13.08.2011 05:00:00,6.87,6.5,7.56,6.81,5.25
9152,13.08.2011 06:00:00,6.68,6.25,7.5,6.81,5.25
9153,13.08.2011 07:00:00,6.43,6.06,7.5,6.81,5.25
9154,13.08.2011 08:00:00,6.25,5.81,7.37,6.81,5.25
9155,13.08.2011 09:00:00,6.06,5.68,7.31,6.81,5.25
9156,13.08.2011 10:00:00,6,5.68,7.31,6.81,5.25,3.557
9157,13.08.2011 11:00:00,6.18,6.18,7.25,6.81,5.25
9158,13.08.2011 12:00:00,6.75,7.18,7.18,6.81,5.25
9159,13.08.2011 13:00:00,7.68,8.43,7.18,6.81,5.25
9160,13.08.2011 14:00:00,8.75,9.87,7.18,6.81,5.25
9161,13.08.2011 15:00:00,9.75,11,7.25,6.81,5.25
9162,13.08.2011 16:00:00,10.62,11.87,7.31,6.75,5.25,3.586
9163,13.08.2011 17:00:00,11.18,12.12,7.43,6.75,5.25
9164,13.08.2011 18:00:00,11.37,12,7.56,6.75,5.25
9165,13.08.2011 19:00:00,11.31,11.68,7.68,6.75,5.25
9166,13.08.2011 20:00:00,11.12,11.31,7.81,6.75,5.18
9167,13.08.2011 21:00:00,10.81,10.81,7.87,6.75,5.25
9168,13.08.2011 22:00:00,10.5,10.37,7.93,6.68,5.25,3.587
9169,13.08.2011 23:00:00,10.12,9.93,8.06,6.68,5.18
9170,14.08.2011 00:00:00,9.75,9.5,8.06,6.75,5.25
9171,14.08.2011 01:00:00,9.37,9.06,8.12,6.75,5.25
9172,14.08.2011 02:00:00,9,8.68,8.12,6.68,5.25
9173,14.08.2011 03:00:00,8.68,8.25,8.12,6.68,5.25
9174,14.08.2011 04:00:00,8.37,7.93,8.06,6.68,5.25,3.573
9175,14.08.2011 05:00:00,8.06,7.62,8,6.75,5.18
9176,14.08.2011 06:00:00,7.75,7.31,8,6.68,5.25
9177,14.08.2011 07:00:00,7.5,7.06,7.93,6.68,5.25
9178,14.08.2011 08:00:01,7.18,6.75,7.87,6.68,5.25,3.518
9179,14.08.2011 09:00:01,6.93,6.56,7.81,6.68,5.25
9180,14.08.2011 10:00:01,6.87,6.62,7.75,6.75,5.18
9181,14.08.2011 11:00:01,7.12,7.18,7.68,6.75,5.18
9182,14.08.2011 12:00:01,7.75,8.18,7.62,6.75,5.18
9183,14.08.2011 13:00:01,8.62,9.5,7.62,6.75,5.18
9184,14.08.2011 14:00:01,9.75,10.87,7.62,6.75,5.25,3.578
9185,14.08.2011 15:00:01,10.75,12.12,7.68,6.75,5.25
9186,14.08.2011 16:00:01,11.5,12.62,7.75,6.75,5.25
9187,14.08.2011 17:00:01,11.87,12.62,7.87,6.75,5.18
9188,14.08.2011 18:00:01,12,12.43,8,6.75,5.25
9189,14.08.2011 19:00:01,11.87,12.18,8.12,6.75,5.25
9190,14.08.2011 20:00:01,11.68,11.68,8.25,6.68,5.18,3.589
9191,14.08.2011 21:00:01,11.31,11.25,8.31,6.68,5.18
9192,14.08.2011 22:00:01,10.93,10.75,8.37,6.68,5.18
9193,14.08.2011 23:00:01,10.56,10.31,8.43,6.75,5.18
9194,15.08.2011 00:00:01,10.18,9.87,8.5,6.75,5.18
9195,15.08.2011 01:00:01,9.81,9.43,8.5,6.75,5.18
9196,15.08.2011 02:00:01,9.43,9.06,8.43,6.75,5.18,3.586
9197,15.08.2011 03:00:01,9.06,8.68,8.43,6.75,5.18
9198,15.08.2011 04:00:01,8.75,8.37,8.37,6.75,5.18
9199,15.08.2011 05:00:01,8.43,8.06,8.37,6.75,5.25
9200,15.08.2011 06:00:01,8.12,7.75,8.31,6.75,5.18
9201,15.08.2011 07:00:01,7.87,7.43,8.25,6.75,5.25
9202,15.08.2011 08:00:01,7.62,7.18,8.18,6.75,5.18,3.570
9203,15.08.2011 09:00:01,7.37,7,8.12,6.75,5.18
9204,15.08.2011 10:00:01,7.37,7.12,8.06,6.75,5.18
9205,15.08.2011 11:00:01,7.62,7.75,7.93,6.75,5.18
9206,15.08.2011 12:00:01,8.31,8.81,7.93,6.75,5.18
9207,15.08.2011 13:00:01,9.25,10.12,7.93,6.81,5.18
9208,15.08.2011 14:00:01,10.18,11.12,7.93,6.81,5.18,3.585
9209,15.08.2011 15:00:01,10.68,11.62,8,6.81,5.18
9210,15.08.2011 16:00:01,10.93,11.68,8.06,6.81,5.18
9211,15.08.2011 17:00:01,11.06,11.68,8.18,6.81,5.18
9212,15.08.2011 18:00:01,11.18,11.62,8.18,6.81,5.18
9213,15.08.2011 19:00:01,11.18,11.5,8.31,6.81,5.18
9214,15.08.2011 20:00:01,11.12,11.25,8.37,6.81,5.18,3.593
9215,15.08.2011 21:00:01,10.87,10.93,8.43,6.81,5.18
9216,15.08.2011 22:00:01,10.68,10.68,8.5,6.75,5.18
9217,15.08.2011 23:00:01,10.43,10.31,8.56,6.81,5.18
9218,16.08.2011 00:00:01,10.12,10,8.56,6.81,5.18
9219,16.08.2011 01:00:01,9.81,9.62,8.56,6.81,5.18
9220,16.08.2011 02:00:01,9.5,9.25,8.56,6.81,5.18,3.580
9221,16.08.2011 03:00:01,9.25,8.93,8.56,6.81,5.18
9222,16.08.2011 04:00:01,8.93,8.62,8.5,6.81,5.18
9223,16.08.2011 05:00:01,8.68,8.37,8.43,6.81,5.18
9224,16.08.2011 06:00:01,8.37,8.06,8.43,6.81,5.18
9225,16.08.2011 07:00:01,8.12,7.87,8.37,6.81,5.18
9226,16.08.2011 08:00:01,7.93,7.62,8.31,6.81,5.18,3.578
9227,16.08.2011 09:00:01,7.81,7.43,8.25,6.81,5.18
9228,16.08.2011 10:00:01,7.81,7.62,8.18,6.81,5.25
9229,16.08.2011 11:00:01,8.06,8.25,8.18,6.81,5.18
9230,16.08.2011 12:00:01,8.68,9.12,8.12,6.87,5.18
9231,16.08.2011 13:00:01,9.56,10.43,8.06,6.87,5.18
9232,16.08.2011 14:00:01,10.5,11.5,8.12,6.87,5.18,3.583
9233,16.08.2011 15:00:01,11,11.93,8.18,6.87,5.18
9234,16.08.2011 16:00:01,11.37,12,8.25,6.87,5.18
9235,16.08.2011 17:00:01,11.37,11.75,8.37,6.87,5.18
9236,16.08.2011 18:00:01,11.25,11.5,8.43,6.87,5.18
9237,16.08.2011 19:00:01,11.06,11.18,8.5,6.87,5.18
9238,16.08.2011 20:00:01,10.81,10.75,8.56,6.87,5.18,3.591
9239,16.08.2011 21:00:01,10.5,10.37,8.56,6.87,5.25
9240,16.08.2011 22:00:01,10.25,10,8.62,6.87,5.18
9241,16.08.2011 23:00:01,9.87,9.62,8.62,6.87,5.18
9242,17.08.2011 00:00:01,9.56,9.31,8.62,6.87,5.18
9243,17.08.2011 01:00:01,9.31,9,8.62,6.87,5.18
9244,17.08.2011 02:00:01,9,8.68,8.56,6.87,5.18,3.577
9245,17.08.2011 03:00:01,8.75,8.43,8.5,6.87,5.18
9246,17.08.2011 04:00:01,8.43,8.12,8.5,6.87,5.25
9247,17.08.2011 05:00:01,8.25,7.87,8.43,6.87,5.25
9248,17.08.2011 06:00:01,8.06,7.68,8.37,6.87,5.18
9249,17.08.2011 07:00:01,7.81,7.43,8.31,6.87,5.25
9250,17.08.2011 08:00:01,7.62,7.25,8.25,6.87,5.18,3.568
9251,17.08.2011 09:00:01,7.43,7.12,8.18,6.87,5.25
9252,17.08.2011 10:00:01,7.43,7.18,8.12,6.93,5.18
9253,17.08.2011 11:00:01,7.56,7.56,8.06,6.93,5.18
9254,17.08.2011 12:00:01,8.12,8.43,8,6.93,5.25
9255,17.08.2011 13:00:01,8.87,9.43,8,6.87,5.18
9256,17.08.2011 14:00:01,9.62,10.43,8,6.93,5.18,3.576
9257,17.08.2011 15:00:01,10.18,10.87,8,6.93,5.18
9258,17.08.2011 16:00:01,10.5,11.06,8.06,6.93,5.18
9259,17.08.2011 17:00:01,10.75,11.18,8.12,6.93,5.18
9260,17.08.2011 18:00:01,10.87,11.25,8.18,6.93,5.25
9261,17.08.2011 19:00:01,10.93,11.12,8.31,6.87,5.18
9262,17.08.2011 20:00:01,10.81,10.87,8.37,6.87,5.18,3.589
9263,17.08.2011 21:00:01,10.62,10.62,8.43,6.87,5.18
9264,17.08.2011 22:00:01,10.37,10.31,8.43,6.87,5.18
9265,17.08.2011 23:00:01,10.06,9.87,8.5,6.87,5.25
9266,18.08.2011 00:00:01,9.75,9.5,8.5,6.93,5.25
9267,18.08.2011 01:00:01,9.43,9.12,8.5,6.87,5.25
9268,18.08.2011 02:00:01,9.12,8.87,8.5,6.93,5.18,3.581
9269,18.08.2011 03:00:01,8.87,8.56,8.5,6.87,5.25
9270,18.08.2011 04:00:01,8.62,8.31,8.43,6.93,5.25
9271,18.08.2011 05:00:01,8.37,8.06,8.37,6.87,5.25
9272,18.08.2011 06:00:01,8.18,7.81,8.31,6.87,5.25
9273,18.08.2011 07:00:01,7.87,7.56,8.31,6.93,5.25
9274,18.08.2011 08:00:01,7.68,7.37,8.25,6.93,5.25,3.574
9275,18.08.2011 09:00:01,7.56,7.25,8.18,6.93,5.25
9276,18.08.2011 10:00:01,7.56,7.43,8.12,6.93,5.25
9277,18.08.2011 11:00:01,7.81,7.87,8.06,6.93,5.25
9278,18.08.2011 12:00:01,8.12,8.37,8,6.93,5.18
9279,18.08.2011 13:00:01,8.62,9.06,8,6.93,5.25
9280,18.08.2011 14:00:01,9.12,9.62,8,6.93,5.25,3.574
9281,18.08.2011 15:00:01,9.5,10.06,8,6.93,5.25
9282,18.08.2011 16:00:01,10.06,10.68,8.06,6.93,5.25
9283,18.08.2011 17:00:01,10.43,10.93,8.12,6.87,5.18
9284,18.08.2011 18:00:01,10.56,10.93,8.18,6.93,5.25
9285,18.08.2011 19:00:01,10.5,10.81,8.18,6.93,5.25
9286,18.08.2011 20:00:01,10.43,10.56,8.25,6.93,5.25,3.587
9287,18.08.2011 21:00:01,10.12,10.18,8.31,6.93,5.25
9288,18.08.2011 22:00:01,9.87,9.81,8.37,6.87,5.25
9289,18.08.2011 23:00:01,9.56,9.37,8.37,6.93,5.25
9290,19.08.2011 00:00:01,9.25,9,8.37,6.87,5.25
9291,19.08.2011 01:00:01,8.93,8.68,8.37,6.93,5.25
9292,19.08.2011 02:00:01,8.62,8.37,8.37,6.93,5.25,3.577
9293,19.08.2011 03:00:01,8.37,8.06,8.31,6.87,5.25
9294,19.08.2011 04:00:01,8.12,7.81,8.25,6.87,5.25
9295,19.08.2011 05:00:01,7.87,7.56,8.25,6.93,5.25
9296,19.08.2011 06:00:01,7.62,7.31,8.12,6.87,5.25
9297,19.08.2011 07:00:01,7.43,7.12,8.12,6.93,5.25
9298,19.08.2011 08:00:01,7.25,6.93,8.06,6.93,5.25,3.570
9299,19.08.2011 09:00:01,7.12,6.81,8,6.93,5.25
9300,19.08.2011 10:00:01,7.12,7,7.93,6.87,5.25
9301,19.08.2011 11:00:01,7.43,7.68,7.87,6.93,5.25
9302,19.08.2011 12:00:01,8.12,8.75,7.81,6.87,5.25
9303,19.08.2011 13:00:01,9.06,10,7.81,6.87,5.25
9304,19.08.2011 14:00:01,10.06,11.25,7.87,6.87,5.25,3.581
9305,19.08.2011 15:00:01,10.93,12.18,7.93,6.87,5.25
9306,19.08.2011 16:00:01,11.56,12.68,8,6.87,5.25
9307,19.08.2011 17:00:01,11.87,12.75,8.12,6.87,5.25
9308,19.08.2011 18:00:01,11.87,12.56,8.25,6.87,5.25
9309,19.08.2011 19:00:01,11.75,12.12,8.37,6.87,5.25
9310,19.08.2011 20:00:01,11.5,11.81,8.43,6.87,5.25,3.593
9311,19.08.2011 21:00:01,11.25,11.43,8.5,6.87,5.25
9312,19.08.2011 22:00:01,10.93,11,8.56,6.87,5.25
9313,19.08.2011 23:00:01,10.62,10.62,8.62,6.87,5.25
9314,20.08.2011 00:00:01,10.31,10.31,8.62,6.87,5.25
9315,20.08.2011 01:00:01,10.06,9.93,8.62,6.87,5.25
9316,20.08.2011 02:00:01,9.75,9.56,8.68,6.87,5.25,3.580
9317,20.08.2011 03:00:01,9.43,9.18,8.62,6.87,5.25
9318,20.08.2011 04:00:01,9.12,8.87,8.62,6.87,5.25
9319,20.08.2011 05:00:01,8.81,8.56,8.56,6.87,5.25
9320,20.08.2011 06:00:01,8.56,8.25,8.5,6.93,5.25
9321,20.08.2011 07:00:01,8.25,7.93,8.43,6.87,5.25
9322,20.08.2011 08:00:01,8,7.68,8.43,6.93,5.25,3.570
9323,20.08.2011 09:00:01,7.81,7.56,8.31,6.93,5.25
9324,20.08.2011 10:00:01,7.81,7.68,8.31,6.93,5.25
9325,20.08.2011 11:00:01,8.12,8.37,8.25,6.93,5.25
9326,20.08.2011 12:00:01,8.68,9.18,8.18,6.93,5.25
9327,20.08.2011 13:00:01,9.31,10,8.18,6.93,5.25
9328,20.08.2011 14:00:01,9.87,10.68,8.18,6.93,5.25,3.581
9329,20.08.2011 15:00:01,10.5,11.5,8.25,6.93,5.25
9330,20.08.2011 16:00:01,11.06,12,8.31,6.93,5.25
9331,20.08.2011 17:00:01,11.37,12.12,8.37,6.93,5.25
9332,20.08.2011 18:00:01,11.5,12.06,8.43,6.93,5.25
9333,20.08.2011 19:00:01,11.37,11.81,8.56,6.93,5.25
9334,20.08.2011 20:00:01,11.18,11.43,8.62,6.93,5.25,3.585
9335,20.08.2011 21:00:01,10.87,11,8.62,6.93,5.31
9336,20.08.2011 22:00:01,10.56,10.56,8.68,6.93,5.25
9337,20.08.2011 23:00:01,10.18,10.12,8.68,6.93,5.25
9338,21.08.2011 00:00:01,9.87,9.81,8.75,6.93,5.31
9339,21.08.2011 01:00:01,9.62,9.5,8.68,6.93,5.31
9340,21.08.2011 02:00:01,9.31,9.25,8.68,6.93,5.31,3.578
9341,21.08.2011 03:00:01,9.06,8.93,8.68,6.93,5.31
9342,21.08.2011 04:00:01,8.81,8.62,8.62,6.93,5.31
9343,21.08.2011 05:00:01,8.5,8.31,8.56,6.93,5.25
9344,21.08.2011 06:00:01,8.25,8,8.5,7,5.25
9345,21.08.2011 07:00:01,8,7.75,8.5,7,5.25
9346,21.08.2011 08:00:01,7.81,7.56,8.43,6.93,5.25,3.575
9347,21.08.2011 09:00:01,7.75,7.5,8.31,6.93,5.25
9348,21.08.2011 10:00:01,7.81,7.75,8.31,7,5.31
9349,21.08.2011 11:00:01,8.12,8.31,8.25,7,5.25
9350,21.08.2011 12:00:01,8.68,9.12,8.18,7,5.31
9351,21.08.2011 13:00:01,9.25,9.87,8.18,7,5.31
9352,21.08.2011 14:00:01,9.81,10.56,8.18,7,5.31,3.582
9353,21.08.2011 15:00:01,10.31,11.06,8.25,7,5.25
9354,21.08.2011 16:00:01,10.62,11.18,8.31,7,5.25
9355,21.08.2011 17:00:01,10.68,11.18,8.37,7,5.25
9356,21.08.2011 18:00:01,10.68,11.12,8.43,7,5.31
9357,21.08.2011 19:00:01,10.62,11,8.43,7,5.31
9358,21.08.2011 20:00:01,10.43,10.75,8.5,7,5.31,3.583
9359,21.08.2011 21:00:01,10.25,10.43,8.56,7,5.31
9360,21.08.2011 22:00:01,10,10.12,8.56,6.93,5.31
9361,21.08.2011 23:00:01,9.81,9.81,8.62,7,5.25
9362,22.08.2011 00:00:01,9.56,9.56,8.62,7,5.31
9363,22.08.2011 01:00:01,9.37,9.31,8.62,7,5.31
9364,22.08.2011 02:00:01,9.06,9,8.56,7,5.31,3.577
9365,22.08.2011 03:00:01,8.87,8.75,8.56,7,5.31
9366,22.08.2011 04:00:01,8.68,8.56,8.5,7,5.31
9367,22.08.2011 05:00:01,8.5,8.37,8.5,7,5.31
9368,22.08.2011 06:00:01,8.31,8.18,8.43,7,5.31
9369,22.08.2011 07:00:01,8.12,7.93,8.37,7,5.31
9370,22.08.2011 08:00:01,7.93,7.75,8.31,7,5.31,3.570
9371,22.08.2011 09:00:01,7.87,7.68,8.31,7,5.31
9372,22.08.2011 10:00:01,7.93,7.93,8.25,7,5.31
9373,22.08.2011 11:00:01,8.31,8.62,8.18,7,5.31
9374,22.08.2011 12:00:01,8.93,9.68,8.18,7,5.31
9375,22.08.2011 13:00:01,9.87,10.87,8.18,7,5.31
9376,22.08.2011 14:00:01,10.87,12,8.18,7,5.31,3.582
9377,22.08.2011 15:00:01,11.75,12.87,8.31,7,5.31
9378,22.08.2011 16:00:01,12.31,13.37,8.43,7,5.31
9379,22.08.2011 17:00:01,12.62,13.5,8.56,7,5.31
9380,22.08.2011 18:00:01,12.68,13.37,8.62,7,5.31
9381,22.08.2011 19:00:01,12.56,13.06,8.75,7,5.31
9382,22.08.2011 20:00:01,12.31,12.62,8.87,7,5.31,3.595
9383,22.08.2011 21:00:01,11.87,12.06,8.93,7,5.31
9384,22.08.2011 22:00:01,11.43,11.5,9,7,5.31
9385,22.08.2011 23:00:01,11,10.93,9.06,7,5.31
9386,23.08.2011 00:00:01,10.56,10.43,9.06,7,5.31
9387,23.08.2011 01:00:01,10.12,10,9.06,7,5.31
9388,23.08.2011 02:00:01,9.81,9.62,9,7,5.31,3.582
9389,23.08.2011 03:00:01,9.5,9.25,9,7.06,5.31
9390,23.08.2011 04:00:01,9.18,8.93,8.93,7.06,5.31
9391,23.08.2011 05:00:01,8.93,8.68,8.87,7,5.31
9392,23.08.2011 06:00:01,8.75,8.43,8.81,7.06,5.31
9393,23.08.2011 07:00:01,8.5,8.25,8.75,7.06,5.31
9394,23.08.2011 08:00:01,8.31,8.06,8.68,7.06,5.31,3.578
9395,23.08.2011 09:00:01,8.18,7.93,8.62,7.06,5.31
9396,23.08.2011 10:00:01,8.25,8.18,8.56,7.06,5.31
9397,23.08.2011 11:00:01,8.62,8.87,8.5,7.12,5.31
9398,23.08.2011 12:00:01,9.25,9.93,8.5,7.06,5.31
9399,23.08.2011 13:00:01,10.18,11.12,8.5,7.06,5.31
9400,23.08.2011 14:00:01,11.12,12.25,8.5,7.06,5.31,3.592
9401,23.08.2011 15:00:01,11.93,13.12,8.56,7.12,5.31
9402,23.08.2011 16:00:01,12.56,13.68,8.68,7.06,5.31
9403,23.08.2011 17:00:01,12.93,13.87,8.81,7.06,5.31
9404,23.08.2011 18:00:01,13,13.75,8.93,7.12,5.31
9405,23.08.2011 19:00:01,12.87,13.43,9,7.06,5.31
9406,23.08.2011 20:00:01,12.62,12.93,9.12,7.12,5.31,3.593
9407,23.08.2011 21:00:01,12.25,12.37,9.18,7.12,5.31
9408,23.08.2011 22:00:01,11.81,11.87,9.25,7.12,5.31
9409,23.08.2011 23:00:01,11.43,11.37,9.31,7.12,5.31
9410,24.08.2011 00:00:01,11,10.93,9.31,7.12,5.31
9411,24.08.2011 01:00:01,10.68,10.56,9.31,7.12,5.31
9412,24.08.2011 02:00:01,10.31,10.12,9.31,7.12,5.37,3.589
9413,24.08.2011 03:00:01,10,9.81,9.25,7.12,5.31
9414,24.08.2011 04:00:01,9.75,9.5,9.25,7.12,5.37
9415,24.08.2011 05:00:01,9.43,9.18,9.18,7.12,5.31
9416,24.08.2011 06:00:01,9.18,8.93,9.12,7.18,5.37
9417,24.08.2011 07:00:01,8.93,8.68,9.06,7.18,5.37
9418,24.08.2011 08:00:01,8.75,8.5,9,7.18,5.37,3.575
9419,24.08.2011 09:00:01,8.62,8.43,8.93,7.18,5.37
9420,24.08.2011 10:00:01,8.68,8.62,8.87,7.18,5.37
9421,24.08.2011 11:00:01,8.81,8.81,8.81,7.18,5.37
9422,24.08.2011 12:00:01,9,9.12,8.75,7.18,5.37
9423,24.08.2011 13:00:01,9.37,9.75,8.75,7.18,5.37
9424,24.08.2011 14:00:01,9.81,10.18,8.75,7.18,5.37,3.585
9425,24.08.2011 15:00:01,10.18,10.75,8.75,7.18,5.37
9426,24.08.2011 16:00:01,10.75,11.31,8.75,7.18,5.37
9427,24.08.2011 17:00:01,11.12,11.62,8.75,7.25,5.37
9428,24.08.2011 18:00:01,11.37,11.81,8.81,7.25,5.37
9429,24.08.2011 19:00:01,11.5,11.81,8.87,7.25,5.37
9430,24.08.2011 20:00:01,11.43,11.62,8.93,7.25,5.37,3.587
9431,24.08.2011 21:00:01,11.25,11.37,9,7.18,5.31
9432,24.08.2011 22:00:01,11.06,11.18,9,7.18,5.37
9433,24.08.2011 23:00:01,10.93,10.87,9.06,7.25,5.37
9434,25.08.2011 00:00:01,10.68,10.62,9.06,7.18,5.37
9435,25.08.2011 01:00:01,10.5,10.37,9.12,7.25,5.37
9436,25.08.2011 02:00:01,10.31,10.18,9.12,7.25,5.37,3.583
9437,25.08.2011 03:00:01,10.12,10,9.06,7.25,5.37
9438,25.08.2011 04:00:01,9.93,9.81,9.06,7.18,5.37
9439,25.08.2011 05:00:01,9.81,9.68,9.06,7.18,5.37
9440,25.08.2011 06:00:01,9.62,9.5,9,7.25,5.37
9441,25.08.2011 07:00:01,9.5,9.37,9,7.25,5.37
9442,25.08.2011 08:00:01,9.37,9.18,9,7.25,5.37,3.579
9443,25.08.2011 09:00:01,9.25,9.12,8.93,7.25,5.37
9444,25.08.2011 10:00:01,9.25,9.25,8.93,7.25,5.37
9445,25.08.2011 11:00:01,9.37,9.5,8.87,7.31,5.37
9446,25.08.2011 12:00:01,9.62,9.87,8.87,7.25,5.37
9447,25.08.2011 13:00:01,9.87,10.12,8.81,7.31,5.37
9448,25.08.2011 14:00:01,10.06,10.31,8.87,7.25,5.37,3.587
9449,25.08.2011 15:00:01,10.25,10.5,8.81,7.31,5.37
9450,25.08.2011 16:00:01,10.43,10.81,8.87,7.25,5.37
9451,25.08.2011 17:00:01,10.68,11.06,8.87,7.31,5.37
9452,25.08.2011 18:00:01,10.93,11.31,8.93,7.31,5.37
9453,25.08.2011 19:00:01,11.06,11.37,9,7.31,5.37
9454,25.08.2011 20:00:01,11.06,11.31,9,7.31,5.37,3.589
9455,25.08.2011 21:00:01,10.93,11,9.06,7.31,5.43
9456,25.08.2011 22:00:01,10.68,10.68,9.06,7.31,5.43
9457,25.08.2011 23:00:01,10.43,10.31,9.06,7.31,5.43
9458,26.08.2011 00:00:01,10.18,10,9.06,7.31,5.37
9459,26.08.2011 01:00:01,9.87,9.68,9.06,7.31,5.43
9460,26.08.2011 02:00:01,9.62,9.5,9.06,7.31,5.37,3.585
9461,26.08.2011 03:00:01,9.43,9.25,9.06,7.31,5.43
9462,26.08.2011 04:00:01,9.25,9.06,9,7.31,5.43
9463,26.08.2011 05:00:01,9.12,8.87,8.93,7.31,5.37
9464,26.08.2011 06:00:01,8.93,8.75,8.93,7.31,5.43
9465,26.08.2011 07:00:01,8.81,8.62,8.87,7.31,5.43
9466,26.08.2011 08:00:01,8.68,8.5,8.81,7.31,5.43,3.575
9467,26.08.2011 09:00:01,8.56,8.43,8.75,7.31,5.43
9468,26.08.2011 10:00:01,8.62,8.62,8.75,7.37,5.43
9469,26.08.2011 11:00:01,9,9.25,8.68,7.31,5.43
9470,26.08.2011 12:00:01,9.62,10.25,8.68,7.31,5.43
9471,26.08.2011 13:00:01,10.31,11.06,8.68,7.31,5.43
9472,26.08.2011 14:00:01,10.93,11.68,8.68,7.31,5.43,3.589
9473,26.08.2011 15:00:01,11.18,11.81,8.75,7.31,5.43
9474,26.08.2011 16:00:01,11.31,11.81,8.81,7.31,5.43
9475,26.08.2011 17:00:01,11.31,11.75,8.93,7.31,5.43
9476,26.08.2011 18:00:01,11.31,11.68,8.93,7.31,5.43
9477,26.08.2011 19:00:01,11.25,11.62,9,7.31,5.43
9478,26.08.2011 20:00:01,11.18,11.37,9.06,7.31,5.43,3.591
9479,26.08.2011 21:00:01,11,11.18,9.12,7.31,5.43
9480,26.08.2011 22:00:01,10.81,10.87,9.12,7.31,5.43
9481,26.08.2011 23:00:01,10.56,10.62,9.12,7.31,5.43
9482,27.08.2011 00:00:01,10.31,10.31,9.12,7.31,5.43
9483,27.08.2011 01:00:01,10.12,10.06,9.12,7.37,5.43
9484,27.08.2011 02:00:01,9.87,9.87,9.12,7.31,5.43,3.588
9485,27.08.2011 03:00:01,9.75,9.68,9.06,7.31,5.43
9486,27.08.2011 04:00:01,9.62,9.56,9.06,7.37,5.43
9487,27.08.2011 05:00:01,9.43,9.37,9.06,7.37,5.5
9488,27.08.2011 06:00:01,9.31,9.25,9,7.37,5.43
9489,27.08.2011 07:00:01,9.18,9.12,9,7.37,5.43
9490,27.08.2011 08:00:01,9.06,8.93,8.93,7.37,5.43,3.579
9491,27.08.2011 09:00:01,8.93,8.87,8.93,7.37,5.43
9492,27.08.2011 10:00:01,8.93,8.81,8.87,7.37,5.43
9493,27.08.2011 11:00:01,8.93,8.93,8.81,7.37,5.5
9494,27.08.2011 12:00:01,9.12,9.25,8.81,7.37,5.43
9495,27.08.2011 13:00:01,9.56,9.93,8.75,7.37,5.5
9496,27.08.2011 14:00:01,10.06,10.56,8.75,7.37,5.5,3.587
9497,27.08.2011 15:00:01,10.43,11,8.75,7.37,5.5
9498,27.08.2011 16:00:01,10.68,11.18,8.81,7.37,5.5
9499,27.08.2011 17:00:01,10.81,11.31,8.87,7.37,5.5
9500,27.08.2011 18:00:01,10.81,11.18,8.87,7.37,5.5
9501,27.08.2011 19:00:01,10.68,10.93,8.93,7.37,5.43
9502,27.08.2011 20:00:01,10.56,10.68,8.93,7.37,5.43,3.583
9503,27.08.2011 21:00:01,10.31,10.37,9,7.37,5.5
9504,27.08.2011 22:00:01,10.06,10.12,9,7.37,5.5
9505,27.08.2011 23:00:01,9.81,9.81,9,7.37,5.5
9506,28.08.2011 00:00:01,9.62,9.56,9,7.37,5.5
9507,28.08.2011 01:00:01,9.37,9.31,8.93,7.37,5.5
9508,28.08.2011 02:00:01,9.18,9.06,8.93,7.37,5.5,3.578
9509,28.08.2011 03:00:01,9,8.87,8.93,7.37,5.5
9510,28.08.2011 04:00:01,8.81,8.68,8.87,7.37,5.5
9511,28.08.2011 05:00:01,8.62,8.56,8.81,7.37,5.5
9512,28.08.2011 06:00:01,8.43,8.37,8.81,7.37,5.5
9513,28.08.2011 07:00:01,8.31,8.18,8.75,7.37,5.5
9514,28.08.2011 08:00:01,8.18,8,8.68,7.37,5.5,3.575
9515,28.08.2011 09:00:01,8.06,7.93,8.62,7.37,5.5
9516,28.08.2011 10:00:01,8.06,8.06,8.56,7.37,5.5
9517,28.08.2011 11:00:01,8.37,8.68,8.5,7.37,5.5
9518,28.08.2011 12:00:01,9,9.56,8.5,7.37,5.5
9519,28.08.2011 13:00:01,9.68,10.56,8.5,7.37,5.5
9520,28.08.2011 14:00:01,10.37,11.25,8.5,7.37,5.5,3.582
9521,28.08.2011 15:00:01,11.06,11.93,8.56,7.37,5.5
9522,28.08.2011 16:00:01,11.5,12.31,8.62,7.37,5.5
9523,28.08.2011 17:00:01,11.68,12.31,8.68,7.37,5.5
9524,28.08.2011 18:00:01,11.62,12.12,8.81,7.37,5.5
9525,28.08.2011 19:00:01,11.5,11.81,8.87,7.37,5.5
9526,28.08.2011 20:00:01,11.25,11.5,8.93,7.37,5.5,3.586
9527,28.08.2011 21:00:01,10.93,11.06,9,7.31,5.5
9528,28.08.2011 22:00:01,10.62,10.68,9,7.37,5.5
9529,28.08.2011 23:00:01,10.31,10.37,9.06,7.37,5.5
9530,29.08.2011 00:00:01,10.12,10.06,9.06,7.37,5.5
9531,29.08.2011 01:00:01,9.87,9.75,9.06,7.37,5.5
9532,29.08.2011 02:00:01,9.62,9.56,9,7.31,5.5,3.587
9533,29.08.2011 03:00:01,9.37,9.31,9,7.31,5.5
9534,29.08.2011 04:00:01,9.18,9.12,9,7.37,5.5
9535,29.08.2011 05:00:01,9.06,9,8.93,7.31,5.5
9536,29.08.2011 06:00:01,8.93,8.81,8.87,7.37,5.56
9537,29.08.2011 07:00:01,8.75,8.62,8.87,7.37,5.5
9538,29.08.2011 08:00:01,8.62,8.5,8.81,7.37,5.56,3.578
9539,29.08.2011 09:00:01,8.56,8.43,8.75,7.37,5.5
9540,29.08.2011 10:00:01,8.5,8.43,8.68,7.37,5.56
9541,29.08.2011 11:00:01,8.5,8.5,8.68,7.37,5.56
9542,29.08.2011 12:00:01,8.62,8.68,8.62,7.37,5.56
9543,29.08.2011 13:00:01,8.75,8.87,8.62,7.37,5.56
9544,29.08.2011 14:00:01,8.93,9.12,8.56,7.37,5.56,3.577
9545,29.08.2011 15:00:01,9.06,9.31,8.56,7.37,5.5
9546,29.08.2011 16:00:01,9.25,9.43,8.56,7.37,5.56
9547,29.08.2011 17:00:01,9.31,9.56,8.56,7.31,5.56
9548,29.08.2011 18:00:01,9.31,9.5,8.56,7.37,5.56
9549,29.08.2011 19:00:01,9.31,9.43,8.5,7.37,5.56
9550,29.08.2011 20:00:01,9.18,9.31,8.56,7.37,5.56,3.579
9551,29.08.2011 21:00:01,9.06,9.12,8.56,7.37,5.56
9552,29.08.2011 22:00:01,8.87,8.87,8.56,7.37,5.56
9553,29.08.2011 23:00:01,8.75,8.68,8.56,7.37,5.56
9554,30.08.2011 00:00:01,8.56,8.5,8.5,7.37,5.56
9555,30.08.2011 01:00:01,8.37,8.31,8.5,7.37,5.56
9556,30.08.2011 02:00:01,8.18,8.12,8.43,7.37,5.56,3.573
9557,30.08.2011 03:00:01,8.12,8,8.43,7.37,5.56
9558,30.08.2011 04:00:01,7.93,7.81,8.37,7.31,5.56
9559,30.08.2011 05:00:01,7.81,7.68,8.31,7.37,5.56
9560,30.08.2011 06:00:01,7.68,7.56,8.31,7.37,5.56
9561,30.08.2011 07:00:01,7.56,7.43,8.25,7.31,5.56
9562,30.08.2011 08:00:01,7.43,7.31,8.18,7.31,5.56,3.569
9563,30.08.2011 09:00:01,7.37,7.18,8.12,7.31,5.56
9564,30.08.2011 10:00:01,7.31,7.25,8.12,7.31,5.56
9565,30.08.2011 11:00:01,7.43,7.43,8.06,7.31,5.56
9566,30.08.2011 12:00:01,7.62,7.68,8,7.31,5.56
9567,30.08.2011 13:00:01,7.87,8,8,7.31,5.56
9568,30.08.2011 14:00:01,8.06,8.18,8,7.31,5.56,3.576
9569,30.08.2011 15:00:01,8.18,8.31,8,7.25,5.56
9570,30.08.2011 16:00:01,8.43,8.75,7.93,7.31,5.56
9571,30.08.2011 17:00:01,8.75,9.12,7.93,7.25,5.56
9572,30.08.2011 18:00:01,9,9.31,8,7.25,5.56
9573,30.08.2011 19:00:01,9.06,9.31,8,7.25,5.56
9574,30.08.2011 20:00:01,9,9.18,8.06,7.25,5.56,3.576
9575,30.08.2011 21:00:01,8.87,8.93,8.06,7.25,5.56
9576,30.08.2011 22:00:01,8.62,8.62,8.06,7.25,5.56
9577,30.08.2011 23:00:01,8.43,8.31,8.06,7.25,5.56
9578,31.08.2011 00:00:01,8.18,8.06,8.06,7.25,5.56
9579,31.08.2011 01:00:01,7.93,7.81,8.06,7.18,5.56
9580,31.08.2011 02:00:01,7.81,7.68,8.06,7.18,5.56,3.576
9581,31.08.2011 03:00:01,7.68,7.5,8,7.18,5.56
9582,31.08.2011 04:00:01,7.56,7.43,8,7.18,5.56
9583,31.08.2011 05:00:01,7.43,7.31,7.93,7.18,5.56
9584,31.08.2011 06:00:01,7.37,7.18,7.87,7.18,5.56
9585,31.08.2011 07:00:01,7.25,7.12,7.87,7.18,5.56
9586,31.08.2011 08:00:01,7.25,7.06,7.81,7.18,5.56,3.572
9587,31.08.2011 09:00:01,7.12,7.06,7.81,7.12,5.56
9588,31.08.2011 10:00:01,7.06,6.93,7.75,7.18,5.56
9589,31.08.2011 11:00:01,6.93,6.75,7.75,7.12,5.56
9590,31.08.2011 12:00:01,6.81,6.68,7.68,7.12,5.56
9591,31.08.2011 13:00:01,6.87,6.75,7.62,7.12,5.56
9592,31.08.2011 14:00:01,7.12,7.25,7.62,7.12,5.56,3.565
9593,31.08.2011 15:00:01,7.56,7.81,7.56,7.12,5.56
9594,31.08.2011 16:00:01,8.12,8.43,7.56,7.12,5.56
9595,31.08.2011 17:00:01,8.62,8.93,7.56,7.12,5.56
9596,31.08.2011 18:00:01,8.93,9.25,7.62,7.12,5.56
9597,31.08.2011 19:00:01,9.06,9.25,7.62,7.12,5.56
9598,31.08.2011 20:00:01,9.06,9.18,7.68,7.12,5.56,3.581
9599,31.08.2011 21:00:01,8.93,9,7.75,7.06,5.56
9600,31.08.2011 22:00:01,8.75,8.75,7.75,7.06,5.62
9601,31.08.2011 23:00:01,8.5,8.43,7.81,7.06,5.56
9602,01.09.2011 00:00:01,8.25,8.12,7.81,7.06,5.56
9603,01.09.2011 01:00:01,8,7.81,7.81,7.06,5.56
9604,01.09.2011 02:00:01,7.75,7.56,7.81,7.06,5.56,3.570
9605,01.09.2011 03:00:01,7.56,7.37,7.75,7,5.56
9606,01.09.2011 04:00:01,7.37,7.12,7.75,7.06,5.56
9607,01.09.2011 05:00:01,7.18,6.93,7.68,7,5.56
9608,01.09.2011 06:00:01,7,6.68,7.68,7,5.56
9609,01.09.2011 07:00:01,6.81,6.56,7.62,7.06,5.56
9610,01.09.2011 08:00:01,6.68,6.43,7.56,7,5.56,3.569
9611,01.09.2011 09:00:01,6.56,6.37,7.56,7,5.56
9612,01.09.2011 10:00:01,6.56,6.5,7.5,7,5.56
9613,01.09.2011 11:00:01,6.87,7.06,7.43,7,5.56
9614,01.09.2011 12:00:01,7.5,8.06,7.43,7,5.56
9615,01.09.2011 13:00:01,8.37,9.25,7.43,7,5.56
9616,01.09.2011 14:00:01,9.31,10.31,7.5,6.93,5.56,3.576
9617,01.09.2011 15:00:01,10.12,11.18,7.5,6.93,5.56
9618,01.09.2011 16:00:01,10.75,11.75,7.62,6.93,5.56
9619,01.09.2011 17:00:01,11.06,11.93,7.68,6.93,5.56
9620,01.09.2011 18:00:01,11.25,11.87,7.81,6.93,5.56
9621,01.09.2011 19:00:01,11.12,11.5,7.93,6.93,5.56
9622,01.09.2011 20:00:01,10.93,11.12,8.06,6.93,5.56,3.585
9623,01.09.2011 21:00:01,10.62,10.62,8.12,6.93,5.56
9624,01.09.2011 22:00:01,10.25,10.18,8.18,6.93,5.56
9625,01.09.2011 23:00:01,9.93,9.75,8.18,6.93,5.56
9626,02.09.2011 00:00:01,9.56,9.43,8.25,6.93,5.56
9627,02.09.2011 01:00:01,9.25,9.06,8.25,6.93,5.56
9628,02.09.2011 02:00:01,8.93,8.75,8.25,6.93,5.56,3.576
9629,02.09.2011 03:00:01,8.68,8.43,8.18,6.93,5.56
9630,02.09.2011 04:00:01,8.43,8.18,8.18,6.93,5.56
9631,02.09.2011 05:00:01,8.18,8,8.12,6.93,5.56
9632,02.09.2011 06:00:01,8,7.75,8.12,6.93,5.56
9633,02.09.2011 07:00:01,7.87,7.62,8.06,6.93,5.56
9634,02.09.2011 08:00:01,7.68,7.43,8,6.93,5.56,3.575
9635,02.09.2011 09:00:01,7.56,7.37,8,6.93,5.56
9636,02.09.2011 10:00:01,7.56,7.37,7.93,6.93,5.56
9637,02.09.2011 11:00:01,7.56,7.43,7.87,6.93,5.56
9638,02.09.2011 12:00:01,7.68,7.68,7.87,6.93,5.56
9639,02.09.2011 13:00:01,7.93,8.12,7.81,6.93,5.56
9640,02.09.2011 14:00:01,8.43,8.75,7.81,6.93,5.56,3.576
9641,02.09.2011 15:00:01,9.06,9.5,7.81,6.93,5.56
9642,02.09.2011 16:00:01,9.62,10.25,7.81,6.93,5.56
9643,02.09.2011 17:00:01,10.12,10.68,7.87,6.93,5.56
9644,02.09.2011 18:00:01,10.31,10.81,7.93,6.93,5.56
9645,02.09.2011 19:00:01,10.37,10.68,8,6.93,5.56
9646,02.09.2011 20:00:01,10.25,10.43,8.06,6.93,5.56,3.586
9647,02.09.2011 21:00:01,10,10.12,8.12,6.93,5.56
9648,02.09.2011 22:00:01,9.75,9.75,8.18,6.93,5.56
9649,02.09.2011 23:00:01,9.5,9.37,8.18,6.93,5.56
9650,03.09.2011 00:00:01,9.18,9.06,8.18,6.93,5.56
9651,03.09.2011 01:00:01,8.87,8.68,8.18,6.93,5.56
9652,03.09.2011 02:00:01,8.56,8.37,8.18,6.93,5.56,3.574
9653,03.09.2011 03:00:01,8.31,8.06,8.18,6.93,5.56
9654,03.09.2011 04:00:01,8.06,7.81,8.12,6.93,5.56
9655,03.09.2011 05:00:01,7.81,7.5,8.12,6.93,5.56
9656,03.09.2011 06:00:01,7.56,7.25,8.06,6.93,5.56
9657,03.09.2011 07:00:01,7.31,7,8,6.93,5.56
9658,03.09.2011 08:00:01,7.12,6.75,7.93,6.93,5.56,3.572
9659,03.09.2011 09:00:01,6.93,6.68,7.87,6.93,5.56
9660,03.09.2011 10:00:01,6.93,6.75,7.81,6.93,5.56
9661,03.09.2011 11:00:01,7.18,7.31,7.75,6.93,5.56
9662,03.09.2011 12:00:01,7.81,8.31,7.75,6.93,5.56
9663,03.09.2011 13:00:01,8.56,9.25,7.68,6.93,5.56
9664,03.09.2011 14:00:01,9.25,9.93,7.75,6.93,5.56,3.578
9665,03.09.2011 15:00:01,9.68,10.43,7.75,6.93,5.56
9666,03.09.2011 16:00:01,10,10.56,7.81,6.93,5.56
9667,03.09.2011 17:00:01,10.18,10.62,7.87,6.93,5.56
9668,03.09.2011 18:00:01,10.25,10.5,7.93,6.93,5.56
9669,03.09.2011 19:00:01,10.18,10.31,8,6.93,5.56
9670,03.09.2011 20:00:01,10.06,10.06,8.06,6.93,5.56,3.587
9671,03.09.2011 21:00:01,9.75,9.68,8.12,6.93,5.56
9672,03.09.2011 22:00:01,9.43,9.31,8.12,6.93,5.56
9673,03.09.2011 23:00:01,9.12,8.93,8.12,6.93,5.56
9674,04.09.2011 00:00:01,8.81,8.56,8.12,6.93,5.56
9675,04.09.2011 01:00:01,8.5,8.18,8.12,6.93,5.56
9676,04.09.2011 02:00:01,8.18,7.87,8.12,6.93,5.56,3.574
9677,04.09.2011 03:00:01,7.93,7.56,8.12,6.93,5.56
9678,04.09.2011 04:00:01,7.68,7.31,8.06,6.93,5.56
9679,04.09.2011 05:00:01,7.37,7,8,6.93,5.56
9680,04.09.2011 06:00:01,7.12,6.75,7.93,6.93,5.56
9681,04.09.2011 07:00:01,6.93,6.56,7.87,6.93,5.56
9682,04.09.2011 08:00:01,6.68,6.37,7.81,6.93,5.56,3.569
9683,04.09.2011 09:00:01,6.56,6.18,7.75,6.93,5.56
9684,04.09.2011 10:00:01,6.56,6.37,7.62,6.93,5.56
9685,04.09.2011 11:00:01,6.81,6.87,7.62,6.93,5.56
9686,04.09.2011 12:00:01,7.25,7.56,7.56,6.93,5.56
9687,04.09.2011 13:00:01,7.68,8.12,7.5,6.93,5.56
9688,04.09.2011 14:00:01,8.37,8.93,7.5,6.93,5.56,3.569
9689,04.09.2011 15:00:01,9,9.56,7.56,6.93,5.56
9690,04.09.2011 16:00:01,9.43,9.93,7.56,6.93,5.56
9691,04.09.2011 17:00:01,9.68,10,7.62,6.93,5.56
9692,04.09.2011 18:00:01,9.75,9.93,7.68,6.93,5.56
9693,04.09.2011 19:00:01,9.75,9.81,7.75,6.87,5.56
9694,04.09.2011 20:00:01,9.56,9.56,7.81,6.87,5.56,3.578
9695,04.09.2011 21:00:01,9.37,9.25,7.87,6.87,5.56
9696,04.09.2011 22:00:01,9.12,8.87,7.87,6.87,5.56
9697,04.09.2011 23:00:01,8.81,8.56,7.93,6.87,5.56
9698,05.09.2011 00:00:01,8.56,8.18,7.87,6.87,5.56
9699,05.09.2011 01:00:01,8.25,7.93,7.87,6.87,5.56
9700,05.09.2011 02:00:01,8,7.62,7.87,6.87,5.56,3.572
9701,05.09.2011 03:00:01,7.68,7.31,7.81,6.87,5.56
9702,05.09.2011 04:00:01,7.43,7.06,7.81,6.87,5.56
9703,05.09.2011 05:00:01,7.18,6.81,7.75,6.87,5.56
9704,05.09.2011 06:00:01,6.93,6.56,7.68,6.87,5.56
9705,05.09.2011 07:00:01,6.75,6.37,7.68,6.87,5.56
9706,05.09.2011 08:00:01,6.5,6.12,7.56,6.87,5.56,3.562
9707,05.09.2011 09:00:01,6.31,5.93,7.56,6.87,5.56
9708,05.09.2011 10:00:01,6.31,6.06,7.5,6.87,5.56
9709,05.09.2011 11:00:01,6.56,6.68,7.43,6.87,5.56
9710,05.09.2011 12:00:01,7.25,7.68,7.37,6.87,5.56
9711,05.09.2011 13:00:01,8.18,9,7.37,6.87,5.56
9712,05.09.2011 14:00:01,9.25,10.25,7.37,6.87,5.56,3.572
9713,05.09.2011 15:00:01,10.18,11.25,7.43,6.87,5.56
9714,05.09.2011 16:00:01,10.93,11.87,7.56,6.87,5.56
9715,05.09.2011 17:00:01,11.18,11.81,7.62,6.81,5.56
9716,05.09.2011 18:00:01,11.25,11.5,7.75,6.87,5.56
9717,05.09.2011 19:00:01,11.06,11.18,7.87,6.81,5.56
9718,05.09.2011 20:00:01,10.81,10.81,7.93,6.81,5.56,3.589
9719,05.09.2011 21:00:01,10.43,10.31,8.06,6.81,5.56
9720,05.09.2011 22:00:01,10.06,9.87,8.12,6.81,5.56
9721,05.09.2011 23:00:01,9.68,9.43,8.12,6.81,5.56
9722,06.09.2011 00:00:01,9.31,9,8.12,6.81,5.56
9723,06.09.2011 01:00:01,8.93,8.62,8.12,6.81,5.56
9724,06.09.2011 02:00:01,8.62,8.25,8.12,6.81,5.56,3.578
9725,06.09.2011 03:00:01,8.31,7.93,8.06,6.81,5.56
9726,06.09.2011 04:00:01,8,7.62,8.06,6.81,5.56
9727,06.09.2011 05:00:01,7.68,7.37,8,6.81,5.56
9728,06.09.2011 06:00:01,7.43,7.06,7.93,6.81,5.56
9729,06.09.2011 07:00:01,7.18,6.81,7.87,6.81,5.56
9730,06.09.2011 08:00:01,6.93,6.56,7.87,6.81,5.56,3.566
9731,06.09.2011 09:00:01,6.75,6.37,7.81,6.87,5.56
9732,06.09.2011 10:00:01,6.75,6.56,7.75,6.87,5.56
9733,06.09.2011 11:00:01,7.12,7.18,7.68,6.87,5.56
9734,06.09.2011 12:00:01,7.75,8.31,7.62,6.87,5.56
9735,06.09.2011 13:00:01,8.75,9.62,7.62,6.87,5.56
9736,06.09.2011 14:00:01,9.81,11,7.62,6.81,5.56,3.578
9737,06.09.2011 15:00:01,10.75,11.93,7.68,6.87,5.56
9738,06.09.2011 16:00:01,11.43,12.43,7.81,6.87,5.56
9739,06.09.2011 17:00:01,11.75,12.5,7.93,6.87,5.56
9740,06.09.2011 18:00:01,11.68,12.12,8.06,6.87,5.56
9741,06.09.2011 19:00:01,11.56,11.75,8.12,6.87,5.56
9742,06.09.2011 20:00:01,11.25,11.31,8.25,6.87,5.56,3.587
9743,06.09.2011 21:00:01,10.87,10.81,8.31,6.81,5.56
9744,06.09.2011 22:00:01,10.5,10.37,8.37,6.81,5.56
9745,06.09.2011 23:00:01,10.06,9.93,8.37,6.81,5.56
9746,07.09.2011 00:00:01,9.75,9.5,8.37,6.81,5.56
9747,07.09.2011 01:00:01,9.37,9.06,8.37,6.87,5.56
9748,07.09.2011 02:00:01,9.06,8.75,8.37,6.81,5.56,3.577
9749,07.09.2011 03:00:01,8.75,8.37,8.37,6.87,5.56
9750,07.09.2011 04:00:01,8.43,8.06,8.31,6.87,5.56
9751,07.09.2011 05:00:01,8.12,7.75,8.25,6.87,5.56
9752,07.09.2011 06:00:01,7.87,7.5,8.18,6.87,5.56
9753,07.09.2011 07:00:01,7.62,7.25,8.18,6.87,5.56
9754,07.09.2011 08:00:01,7.37,7,8.12,6.87,5.56,3.573
9755,07.09.2011 09:00:01,7.12,6.81,8.06,6.87,5.56
9756,07.09.2011 10:00:01,7.12,6.93,7.93,6.87,5.56
9757,07.09.2011 11:00:01,7.5,7.56,7.87,6.87,5.56
9758,07.09.2011 12:00:01,8.12,8.62,7.87,6.93,5.56
9759,07.09.2011 13:00:01,9,9.81,7.87,6.93,5.56
9760,07.09.2011 14:00:01,10,11.06,7.87,6.93,5.56,3.580
9761,07.09.2011 15:00:01,10.87,12,7.93,6.93,5.56
9762,07.09.2011 16:00:01,11.43,12.43,8,6.93,5.56
9763,07.09.2011 17:00:01,11.81,12.5,8.12,6.87,5.56
9764,07.09.2011 18:00:01,11.81,12.25,8.18,6.93,5.56
9765,07.09.2011 19:00:01,11.68,11.87,8.31,6.93,5.56
9766,07.09.2011 20:00:01,11.37,11.31,8.37,6.93,5.56,3.592
9767,07.09.2011 21:00:01,10.93,10.81,8.43,6.87,5.56
9768,07.09.2011 22:00:01,10.5,10.25,8.5,6.93,5.56
9769,07.09.2011 23:00:01,10.12,9.81,8.5,6.93,5.56
9770,08.09.2011 00:00:01,9.68,9.31,8.56,6.93,5.56
9771,08.09.2011 01:00:01,9.31,8.93,8.56,6.93,5.56
9772,08.09.2011 02:00:01,8.93,8.56,8.5,6.93,5.56,3.583
9773,08.09.2011 03:00:01,8.56,8.18,8.5,6.93,5.56
9774,08.09.2011 04:00:01,8.31,7.87,8.43,6.93,5.56
9775,08.09.2011 05:00:01,8,7.56,8.37,6.93,5.56
9776,08.09.2011 06:00:01,7.68,7.31,8.31,6.93,5.56
9777,08.09.2011 07:00:01,7.43,7.06,8.25,6.93,5.56
9778,08.09.2011 08:00:01,7.25,6.81,8.18,6.93,5.56,3.566
9779,08.09.2011 09:00:01,7.06,6.68,8.06,6.93,5.56
9780,08.09.2011 10:00:01,7.06,6.81,8,6.93,5.56
9781,08.09.2011 11:00:01,7.37,7.43,7.93,7,5.56
9782,08.09.2011 12:00:01,8,8.37,7.87,7,5.56
9783,08.09.2011 13:00:01,8.81,9.5,7.87,7,5.56
9784,08.09.2011 14:00:01,9.62,10.43,7.87,6.93,5.56,3.583
9785,08.09.2011 15:00:01,10.25,11.12,7.93,7,5.56
9786,08.09.2011 16:00:01,10.68,11.62,8,7,5.56
9787,08.09.2011 17:00:01,11,11.68,8.06,7,5.56
9788,08.09.2011 18:00:01,11,11.43,8.18,7,5.56
9789,08.09.2011 19:00:01,10.93,11.18,8.25,6.93,5.56
9790,08.09.2011 20:00:01,10.68,10.87,8.31,7,5.56,3.585
9791,08.09.2011 21:00:01,10.43,10.43,8.37,7,5.56
9792,08.09.2011 22:00:01,10.12,10.06,8.43,7,5.56
9793,08.09.2011 23:00:01,9.81,9.62,8.43,7,5.56
9794,09.09.2011 00:00:01,9.43,9.31,8.43,6.93,5.56
9795,09.09.2011 01:00:01,9.12,8.93,8.43,7,5.56
9796,09.09.2011 02:00:01,8.87,8.62,8.43,6.93,5.56,3.582
9797,09.09.2011 03:00:01,8.62,8.43,8.37,7,5.56
9798,09.09.2011 04:00:01,8.5,8.25,8.31,7,5.56
9799,09.09.2011 05:00:01,8.31,8.12,8.31,7,5.56
9800,09.09.2011 06:00:01,8.18,8,8.25,7,5.56
9801,09.09.2011 07:00:01,8.12,7.93,8.25,7,5.56
9802,09.09.2011 08:00:01,8,7.81,8.18,7,5.56,3.571
9803,09.09.2011 09:00:01,7.87,7.68,8.12,7,5.56
9804,09.09.2011 10:00:01,7.75,7.5,8.06,7,5.56
9805,09.09.2011 11:00:01,7.62,7.43,8,7,5.56
9806,09.09.2011 12:00:01,7.5,7.37,8,7,5.56
9807,09.09.2011 13:00:01,7.56,7.43,7.93,7,5.56
9808,09.09.2011 14:00:01,7.68,7.68,7.93,7,5.56,3.569
9809,09.09.2011 15:00:01,7.87,8,7.87,7,5.56
9810,09.09.2011 16:00:01,8.25,8.43,7.87,7,5.56
9811,09.09.2011 17:00:01,8.5,8.68,7.87,7,5.56
9812,09.09.2011 18:00:01,8.62,8.81,7.81,7,5.56
9813,09.09.2011 19:00:01,8.68,8.81,7.87,7,5.56
9814,09.09.2011 20:00:01,8.62,8.68,7.87,7,5.56,3.573
9815,09.09.2011 21:00:01,8.43,8.43,7.87,7,5.56
9816,09.09.2011 22:00:01,8.25,8.18,7.87,7,5.56
9817,09.09.2011 23:00:01,8,7.93,7.87,7,5.56
9818,10.09.2011 00:00:01,7.87,7.68,7.87,7,5.56
9819,10.09.2011 01:00:01,7.62,7.5,7.87,7,5.56
9820,10.09.2011 02:00:01,7.43,7.25,7.81,7,5.56,3.572
9821,10.09.2011 03:00:01,7.25,7.06,7.75,7,5.56
9822,10.09.2011 04:00:01,7.12,6.87,7.75,6.93,5.56
9823,10.09.2011 05:00:01,6.93,6.68,7.68,6.93,5.56
9824,10.09.2011 06:00:01,6.81,6.56,7.62,6.93,5.56
9825,10.09.2011 07:00:01,6.62,6.37,7.62,6.93,5.56
9826,10.09.2011 08:00:01,6.5,6.25,7.56,6.93,5.56,3.566
9827,10.09.2011 09:00:01,6.37,6.06,7.5,6.93,5.56
9828,10.09.2011 10:00:01,6.25,6,7.43,6.93,5.56
9829,10.09.2011 11:00:01,6.37,6.31,7.37,6.93,5.56
9830,10.09.2011 12:00:01,6.87,7.12,7.31,6.93,5.56
9831,10.09.2011 13:00:01,7.68,8.18,7.31,6.93,5.56
9832,10.09.2011 14:00:01,8.62,9.31,7.31,6.93,5.56,3.576
9833,10.09.2011 15:00:01,9.37,10.12,7.37,6.87,5.56
9834,10.09.2011 16:00:01,10.12,10.87,7.43,6.93,5.56
9835,10.09.2011 17:00:01,10.62,11.25,7.5,6.87,5.56
9836,10.09.2011 18:00:01,10.87,11.37,7.62,6.93,5.56
9837,10.09.2011 19:00:01,10.81,11.18,7.68,6.87,5.62
9838,10.09.2011 20:00:01,10.68,10.87,7.81,6.87,5.56,3.584
9839,10.09.2011 21:00:01,10.43,10.5,7.93,6.87,5.62
9840,10.09.2011 22:00:01,10.18,10.12,8,6.87,5.56
9841,10.09.2011 23:00:01,9.87,9.75,8,6.87,5.56
9842,11.09.2011 00:00:01,9.5,9.31,8.06,6.87,5.56
9843,11.09.2011 01:00:01,9.12,8.93,8.06,6.87,5.62
9844,11.09.2011 02:00:01,8.81,8.62,8.06,6.87,5.56,3.579
9845,11.09.2011 03:00:01,8.56,8.25,8.06,6.87,5.56
9846,11.09.2011 04:00:01,8.25,7.93,8.06,6.87,5.56
9847,11.09.2011 05:00:01,7.93,7.68,8,6.87,5.56
9848,11.09.2011 06:00:01,7.68,7.37,7.93,6.87,5.62
9849,11.09.2011 07:00:01,7.43,7.12,7.93,6.81,5.56
9850,11.09.2011 08:00:01,7.18,6.81,7.87,6.87,5.62,3.570
9851,11.09.2011 09:00:01,6.93,6.62,7.81,6.87,5.56
9852,11.09.2011 10:00:01,6.81,6.56,7.75,6.87,5.56
9853,11.09.2011 11:00:01,6.93,6.93,7.68,6.87,5.62
9854,11.09.2011 12:00:01,7.5,7.81,7.62,6.87,5.62
9855,11.09.2011 13:00:01,8.37,9.06,7.62,6.87,5.56
9856,11.09.2011 14:00:01,9.37,10.31,7.62,6.87,5.62,3.580
9857,11.09.2011 15:00:01,10.31,11.31,7.68,6.87,5.62
9858,11.09.2011 16:00:01,11.06,12,7.75,6.87,5.62
9859,11.09.2011 17:00:01,11.5,12.25,7.87,6.87,5.62
9860,11.09.2011 18:00:01,11.62,12.12,7.93,6.87,5.56
9861,11.09.2011 19:00:01,11.56,11.81,8.06,6.87,5.62
9862,11.09.2011 20:00:01,11.25,11.43,8.18,6.87,5.56,3.589
9863,11.09.2011 21:00:01,10.93,10.93,8.25,6.87,5.56
9864,11.09.2011 22:00:01,10.56,10.5,8.31,6.87,5.56
9865,11.09.2011 23:00:01,10.18,10,8.37,6.87,5.56
9866,12.09.2011 00:00:01,9.81,9.62,8.37,6.81,5.62
9867,12.09.2011 01:00:01,9.43,9.18,8.37,6.81,5.56
9868,12.09.2011 02:00:01,9.06,8.81,8.37,6.87,5.62,3.581
9869,12.09.2011 03:00:01,8.75,8.5,8.31,6.87,5.56
9870,12.09.2011 04:00:01,8.43,8.12,8.31,6.87,5.56
9871,12.09.2011 05:00:01,8.12,7.81,8.25,6.87,5.62
9872,12.09.2011 06:00:01,7.87,7.56,8.18,6.87,5.62
9873,12.09.2011 07:00:01,7.62,7.25,8.12,6.87,5.56
9874,12.09.2011 08:00:01,7.37,7,8.12,6.87,5.56,3.567
9875,12.09.2011 09:00:01,7.12,6.81,8,6.87,5.56
9876,12.09.2011 10:00:01,7.06,6.81,7.93,6.87,5.56
9877,12.09.2011 11:00:01,7.25,7.31,7.87,6.87,5.62
9878,12.09.2011 12:00:01,7.87,8.25,7.81,6.87,5.56
9879,12.09.2011 13:00:01,8.81,9.5,7.81,6.93,5.62
9880,12.09.2011 14:00:01,9.81,10.75,7.81,6.93,5.62,3.577
9881,12.09.2011 15:00:01,10.75,11.75,7.87,6.87,5.56
9882,12.09.2011 16:00:01,11.43,12.31,8,6.93,5.62
9883,12.09.2011 17:00:01,11.75,12.37,8.06,6.93,5.56
9884,12.09.2011 18:00:01,11.75,12.12,8.18,6.93,5.62
9885,12.09.2011 19:00:01,11.62,11.87,8.31,6.93,5.56
9886,12.09.2011 20:00:01,11.37,11.56,8.37,6.93,5.56,3.589
9887,12.09.2011 21:00:01,11.12,11.12,8.43,6.87,5.56
9888,12.09.2011 22:00:01,10.81,10.68,8.5,6.87,5.62
9889,12.09.2011 23:00:01,10.37,10.31,8.5,6.93,5.56
9890,13.09.2011 00:00:01,10.06,9.81,8.56,6.93,5.56
9891,13.09.2011 01:00:01,9.68,9.37,8.56,6.87,5.56
9892,13.09.2011 02:00:01,9.31,9.06,8.56,6.93,5.56,3.579
9893,13.09.2011 03:00:01,8.93,8.62,8.5,6.93,5.62
9894,13.09.2011 04:00:01,8.62,8.31,8.5,6.93,5.62
9895,13.09.2011 05:00:01,8.31,8,8.43,6.93,5.62
9896,13.09.2011 06:00:01,8.06,7.68,8.37,6.93,5.56
9897,13.09.2011 07:00:01,7.75,7.43,8.31,6.93,5.56
9898,13.09.2011 08:00:01,7.5,7.18,8.25,6.93,5.56,3.569
9899,13.09.2011 09:00:01,7.31,7,8.18,6.93,5.62
9900,13.09.2011 10:00:01,7.25,7.06,8.12,7,5.56
9901,13.09.2011 11:00:01,7.43,7.56,8.06,7,5.56
9902,13.09.2011 12:00:01,8.06,8.5,8,7,5.56
9903,13.09.2011 13:00:01,9,9.75,8,7,5.62
9904,13.09.2011 14:00:01,10,10.93,8,6.93,5.62,3.583
9905,13.09.2011 15:00:01,10.93,11.93,8.06,7,5.62
9906,13.09.2011 16:00:01,11.62,12.5,8.12,7,5.62
9907,13.09.2011 17:00:01,11.93,12.68,8.25,7,5.62
9908,13.09.2011 18:00:01,12.06,12.62,8.31,7,5.62
9909,13.09.2011 19:00:01,11.93,12.31,8.43,7,5.56
9910,13.09.2011 20:00:01,11.68,11.87,8.56,7,5.62,3.592
9911,13.09.2011 21:00:01,11.31,11.37,8.62,7,5.56
9912,13.09.2011 22:00:01,10.93,10.87,8.68,7,5.56
9913,13.09.2011 23:00:01,10.56,10.43,8.75,7,5.62
9914,14.09.2011 00:00:01,10.18,10,8.75,7,5.62
9915,14.09.2011 01:00:01,9.81,9.62,8.75,7,5.62
9916,14.09.2011 02:00:01,9.43,9.18,8.75,7,5.62,3.581
9917,14.09.2011 03:00:01,9.12,8.81,8.68,7,5.62
9918,14.09.2011 04:00:01,8.81,8.5,8.62,7,5.62
9919,14.09.2011 05:00:01,8.5,8.18,8.62,7,5.62
9920,14.09.2011 06:00:01,8.18,7.87,8.56,7,5.56
9921,14.09.2011 07:00:01,7.93,7.62,8.5,7.06,5.62
9922,14.09.2011 08:00:01,7.68,7.37,8.37,7.06,5.62,3.571
9923,14.09.2011 09:00:01,7.43,7.18,8.31,7.06,5.62
9924,14.09.2011 10:00:01,7.43,7.18,8.25,7.06,5.62
9925,14.09.2011 11:00:01,7.68,7.68,8.18,7.06,5.62
9926,14.09.2011 12:00:01,8.31,8.68,8.12,7.06,5.62
9927,14.09.2011 13:00:01,9.06,9.75,8.12,7.06,5.62
9928,14.09.2011 14:00:01,9.75,10.5,8.12,7.06,5.62,3.579
9929,14.09.2011 15:00:01,10.06,10.68,8.18,7.06,5.62
9930,14.09.2011 16:00:01,10.25,10.75,8.18,7.06,5.62
9931,14.09.2011 17:00:01,10.37,10.81,8.25,7.06,5.62
9932,14.09.2011 18:00:01,10.43,10.68,8.31,7.06,5.62
9933,14.09.2011 19:00:01,10.37,10.5,8.37,7.06,5.62
9934,14.09.2011 20:00:01,10.18,10.25,8.37,7.06,5.62,3.582
9935,14.09.2011 21:00:01,10,10,8.43,7.06,5.62
9936,14.09.2011 22:00:01,9.68,9.68,8.43,7.06,5.62
9937,14.09.2011 23:00:01,9.43,9.37,8.43,7.06,5.62
9938,15.09.2011 00:00:01,9.25,9.06,8.43,7.06,5.62
9939,15.09.2011 01:00:01,8.93,8.75,8.43,7.06,5.62
9940,15.09.2011 02:00:01,8.62,8.43,8.43,7.06,5.62,3.581
9941,15.09.2011 03:00:01,8.37,8.12,8.37,7.12,5.62
9942,15.09.2011 04:00:01,8.12,7.87,8.37,7.06,5.62
9943,15.09.2011 05:00:01,7.87,7.62,8.31,7.06,5.62
9944,15.09.2011 06:00:01,7.68,7.43,8.25,7.06,5.62
9945,15.09.2011 07:00:01,7.56,7.31,8.18,7.06,5.62
9946,15.09.2011 08:00:01,7.37,7.12,8.12,7.06,5.62,3.569
9947,15.09.2011 09:00:01,7.25,7.06,8.06,7.06,5.62
9948,15.09.2011 10:00:01,7.31,7.12,8,7.06,5.62
9949,15.09.2011 11:00:01,7.5,7.5,7.93,7.06,5.62
9950,15.09.2011 12:00:01,7.81,7.93,7.93,7.06,5.62
9951,15.09.2011 13:00:01,8,8.18,7.87,7.06,5.62
9952,15.09.2011 14:00:01,8.12,8.25,7.87,7.06,5.62,3.576
9953,15.09.2011 15:00:01,8.25,8.37,7.87,7.06,5.62
9954,15.09.2011 16:00:01,8.5,8.81,7.87,7.06,5.62
9955,15.09.2011 17:00:01,8.87,9.12,7.87,7.06,5.62
9956,15.09.2011 18:00:01,9,9.18,7.87,7.06,5.62
9957,15.09.2011 19:00:01,9,9.12,7.87,7.06,5.62
9958,15.09.2011 20:00:01,8.93,8.93,7.93,7.06,5.62,3.581
9959,15.09.2011 21:00:01,8.75,8.68,7.93,7.06,5.62
9960,15.09.2011 22:00:01,8.56,8.43,7.93,7.06,5.62
9961,15.09.2011 23:00:01,8.31,8.18,7.93,7.06,5.62
9962,16.09.2011 00:00:01,8.12,7.93,7.93,7.06,5.62
9963,16.09.2011 01:00:01,7.87,7.68,7.93,7.06,5.62
9964,16.09.2011 02:00:01,7.68,7.43,7.87,7,5.62,3.569
9965,16.09.2011 03:00:01,7.5,7.25,7.87,7,5.62
9966,16.09.2011 04:00:01,7.31,7.06,7.81,7,5.62
9967,16.09.2011 05:00:01,7.12,6.93,7.75,7,5.62
9968,16.09.2011 06:00:01,7,6.75,7.75,7,5.62
9969,16.09.2011 07:00:01,6.87,6.68,7.68,7,5.62
9970,16.09.2011 08:00:01,6.81,6.56,7.62,7,5.62,3.570
9971,16.09.2011 09:00:01,6.68,6.43,7.62,7,5.62
9972,16.09.2011 10:00:01,6.62,6.37,7.56,7,5.62
9973,16.09.2011 11:00:01,6.5,6.31,7.5,7,5.62
9974,16.09.2011 12:00:01,6.43,6.25,7.43,7,5.62
9975,16.09.2011 13:00:01,6.37,6.18,7.37,7,5.62
9976,16.09.2011 14:00:01,6.18,6.12,7.37,7,5.62,3.560
9977,16.09.2011 15:00:01,6.06,6,7.31,6.93,5.62
9978,16.09.2011 16:00:01,6.12,6.12,7.25,7,5.62
9979,16.09.2011 17:00:01,6.31,6.37,7.18,6.93,5.68
9980,16.09.2011 18:00:01,6.5,6.62,7.18,6.93,5.68
9981,16.09.2011 19:00:01,6.68,6.81,7.12,6.93,5.62
9982,16.09.2011 20:00:01,6.81,6.87,7.12,6.93,5.62,3.569
9983,16.09.2011 21:00:01,6.81,6.81,7.12,6.93,5.68
9984,16.09.2011 22:00:01,6.75,6.68,7.12,6.93,5.62
9985,16.09.2011 23:00:01,6.62,6.56,7.12,6.93,5.68
9986,17.09.2011 00:00:01,6.5,6.43,7.12,6.87,5.62
9987,17.09.2011 01:00:01,6.37,6.31,7.12,6.87,5.62
9988,17.09.2011 02:00:01,6.31,6.18,7.06,6.87,5.62,3.562
9989,17.09.2011 03:00:01,6.18,6.06,7,6.87,5.62
9990,17.09.2011 04:00:01,6.06,5.93,7,6.87,5.62
9991,17.09.2011 05:00:01,5.93,5.81,6.93,6.87,5.68
9992,17.09.2011 06:00:01,5.87,5.68,6.93,6.81,5.68
9993,17.09.2011 07:00:01,5.68,5.5,6.93,6.81,5.68
9994,17.09.2011 08:00:01,5.62,5.37,6.87,6.81,5.68,3.556
9995,17.09.2011 09:00:01,5.5,5.25,6.81,6.81,5.68
9996,17.09.2011 10:00:01,5.37,5.18,6.75,6.81,5.68
9997,17.09.2011 11:00:01,5.5,5.43,6.75,6.81,5.62
9998,17.09.2011 12:00:01,5.75,5.87,6.68,6.81,5.62
9999,17.09.2011 13:00:01,6.06,6.25,6.68,6.75,5.62
10000,17.09.2011 14:00:01,6.43,6.75,6.62,6.75,5.68,3.561
10001,17.09.2011 15:00:01,6.75,7.12,6.62,6.75,5.62
10002,17.09.2011 16:00:01,7,7.31,6.68,6.75,5.62
10003,17.09.2011 17:00:01,7.18,7.43,6.68,6.75,5.68
10004,17.09.2011 18:00:01,7.31,7.56,6.75,6.75,5.62
10005,17.09.2011 19:00:01,7.37,7.56,6.75,6.68,5.68
10006,17.09.2011 20:00:01,7.25,7.31,6.75,6.68,5.62,3.569
10007,17.09.2011 21:00:01,7.06,7.06,6.81,6.68,5.62
10008,17.09.2011 22:00:01,6.81,6.68,6.81,6.68,5.62
10009,17.09.2011 23:00:01,6.5,6.37,6.75,6.68,5.68
10010,18.09.2011 00:00:01,6.25,6.06,6.81,6.62,5.62
10011,18.09.2011 01:00:01,6,5.75,6.81,6.62,5.62
10012,18.09.2011 02:00:01,5.75,5.5,6.75,6.62,5.62,3.562
10013,18.09.2011 03:00:01,5.56,5.25,6.68,6.62,5.62
10014,18.09.2011 04:00:01,5.37,5,6.62,6.62,5.62
10015,18.09.2011 05:00:01,5.18,4.81,6.56,6.62,5.62
10016,18.09.2011 06:00:01,5,4.68,6.56,6.56,5.68
10017,18.09.2011 07:00:01,4.81,4.5,6.5,6.56,5.68
10018,18.09.2011 08:00:01,4.68,4.37,6.43,6.56,5.62,3.554
10019,18.09.2011 09:00:01,4.56,4.25,6.37,6.56,5.62
10020,18.09.2011 10:00:01,4.5,4.12,6.31,6.56,5.62
10021,18.09.2011 11:00:01,4.5,4.31,6.25,6.56,5.62
10022,18.09.2011 12:00:01,4.87,5.06,6.18,6.5,5.62
10023,18.09.2011 13:00:01,5.62,6.18,6.12,6.5,5.68
10024,18.09.2011 14:00:01,6.56,7.43,6.18,6.5,5.62,3.558
10025,18.09.2011 15:00:01,7.5,8.5,6.18,6.5,5.62
10026,18.09.2011 16:00:01,8.18,9.18,6.25,6.5,5.62
10027,18.09.2011 17:00:01,8.68,9.5,6.37,6.5,5.62
10028,18.09.2011 18:00:01,8.93,9.56,6.43,6.43,5.68
10029,18.09.2011 19:00:01,8.93,9.43,6.5,6.43,5.62
10030,18.09.2011 20:00:01,8.81,9.06,6.62,6.43,5.62,3.578
10031,18.09.2011 21:00:01,8.56,8.68,6.68,6.43,5.62
10032,18.09.2011 22:00:01,8.25,8.25,6.81,6.43,5.62
10033,18.09.2011 23:00:01,7.93,7.87,6.81,6.43,5.62
10034,19.09.2011 00:00:01,7.62,7.5,6.87,6.37,5.62
10035,19.09.2011 01:00:01,7.37,7.12,6.87,6.37,5.62
10036,19.09.2011 02:00:01,7.06,6.81,6.87,6.37,5.62,3.567
10037,19.09.2011 03:00:01,6.81,6.56,6.87,6.37,5.62
10038,19.09.2011 04:00:01,6.56,6.25,6.87,6.37,5.62
10039,19.09.2011 05:00:01,6.31,6,6.81,6.37,5.62
10040,19.09.2011 06:00:01,6.06,5.75,6.75,6.37,5.62
10041,19.09.2011 07:00:01,5.81,5.5,6.75,6.37,5.62
10042,19.09.2011 08:00:01,5.62,5.31,6.68,6.37,5.62,3.561
10043,19.09.2011 09:00:01,5.5,5.12,6.62,6.37,5.62
10044,19.09.2011 10:00:01,5.37,5.06,6.56,6.37,5.62
10045,19.09.2011 11:00:01,5.31,5.06,6.5,6.37,5.62
10046,19.09.2011 12:00:01,5.31,5.06,6.43,6.37,5.62
10047,19.09.2011 13:00:01,5.37,5.25,6.43,6.37,5.62
10048,19.09.2011 14:00:01,5.5,5.5,6.37,6.37,5.62,3.557
10049,19.09.2011 15:00:01,5.75,5.81,6.31,6.37,5.62
10050,19.09.2011 16:00:01,6,6.18,6.31,6.31,5.62
10051,19.09.2011 17:00:01,6.25,6.43,6.31,6.31,5.62
10052,19.09.2011 18:00:01,6.37,6.56,6.31,6.31,5.62
10053,19.09.2011 19:00:01,6.5,6.62,6.31,6.31,5.56
10054,19.09.2011 20:00:01,6.56,6.62,6.31,6.31,5.56,3.565
10055,19.09.2011 21:00:01,6.5,6.56,6.31,6.31,5.56
10056,19.09.2011 22:00:01,6.43,6.37,6.31,6.31,5.56
10057,19.09.2011 23:00:01,6.31,6.25,6.37,6.31,5.56
10058,20.09.2011 00:00:01,6.18,6.06,6.37,6.31,5.56
10059,20.09.2011 01:00:01,6,5.87,6.37,6.25,5.62
10060,20.09.2011 02:00:01,5.87,5.75,6.31,6.31,5.56,3.556
10061,20.09.2011 03:00:01,5.75,5.56,6.31,6.25,5.56
10062,20.09.2011 04:00:01,5.62,5.43,6.31,6.25,5.56
10063,20.09.2011 05:00:01,5.56,5.37,6.31,6.25,5.56
10064,20.09.2011 06:00:01,5.43,5.25,6.25,6.25,5.56
10065,20.09.2011 07:00:01,5.31,5.12,6.25,6.25,5.56
10066,20.09.2011 08:00:01,5.25,5.06,6.18,6.25,5.56,3.552
10067,20.09.2011 09:00:01,5.18,4.93,6.12,6.18,5.56
10068,20.09.2011 10:00:01,5.12,4.93,6.12,6.18,5.56
10069,20.09.2011 11:00:01,5.25,5.25,6.06,6.18,5.56
10070,20.09.2011 12:00:01,5.68,6.06,6.06,6.25,5.56
10071,20.09.2011 13:00:01,6.56,7.25,6.06,6.18,5.56
10072,20.09.2011 14:00:01,7.5,8.43,6.06,6.18,5.56,3.566
10073,20.09.2011 15:00:01,8.31,9.31,6.18,6.18,5.56
10074,20.09.2011 16:00:01,8.93,9.87,6.25,6.18,5.56
10075,20.09.2011 17:00:01,9.31,10.06,6.37,6.18,5.56
10076,20.09.2011 18:00:01,9.37,10,6.43,6.12,5.56
10077,20.09.2011 19:00:01,9.31,9.75,6.56,6.18,5.56
10078,20.09.2011 20:00:01,9.12,9.43,6.68,6.18,5.56,3.574
10079,20.09.2011 21:00:01,8.87,9,6.75,6.12,5.56
10080,20.09.2011 22:00:01,8.56,8.5,6.81,6.12,5.56
10081,20.09.2011 23:00:01,8.18,8.12,6.87,6.12,5.56
10082,21.09.2011 00:00:01,7.81,7.68,6.93,6.12,5.56
10083,21.09.2011 01:00:01,7.5,7.31,6.87,6.12,5.56
10084,21.09.2011 02:00:01,7.18,7,6.93,6.12,5.56,3.564
10085,21.09.2011 03:00:01,6.93,6.68,6.87,6.12,5.56
10086,21.09.2011 04:00:01,6.68,6.43,6.87,6.12,5.56
10087,21.09.2011 05:00:01,6.43,6.12,6.81,6.12,5.56
10088,21.09.2011 06:00:01,6.18,5.93,6.81,6.12,5.5
10089,21.09.2011 07:00:01,6,5.68,6.75,6.12,5.56
10090,21.09.2011 08:00:01,5.81,5.43,6.68,6.12,5.56,3.563
10091,21.09.2011 09:00:01,5.62,5.31,6.62,6.12,5.56
10092,21.09.2011 10:00:01,5.56,5.37,6.56,6.12,5.56
10093,21.09.2011 11:00:01,5.75,5.81,6.5,6.12,5.5
10094,21.09.2011 12:00:01,6.18,6.56,6.5,6.12,5.5
10095,21.09.2011 13:00:01,6.81,7.43,6.43,6.12,5.56
10096,21.09.2011 14:00:01,7.43,8.25,6.5,6.12,5.5,3.567
10097,21.09.2011 15:00:01,8.06,8.75,6.5,6.18,5.5
10098,21.09.2011 16:00:01,8.37,9,6.56,6.12,5.5
10099,21.09.2011 17:00:01,8.56,9.06,6.62,6.18,5.5
10100,21.09.2011 18:00:01,8.56,9,6.68,6.12,5.5
10101,21.09.2011 19:00:01,8.5,8.81,6.75,6.12,5.5
10102,21.09.2011 20:00:01,8.31,8.56,6.81,6.12,5.5,3.571
10103,21.09.2011 21:00:01,8.06,8.18,6.87,6.12,5.5
10104,21.09.2011 22:00:01,7.81,7.87,6.87,6.12,5.5
10105,21.09.2011 23:00:01,7.62,7.56,6.87,6.12,5.5
10106,22.09.2011 00:00:01,7.37,7.25,6.93,6.18,5.5
10107,22.09.2011 01:00:01,7.12,7,6.87,6.12,5.5
10108,22.09.2011 02:00:01,6.87,6.75,6.87,6.12,5.5,3.565
10109,22.09.2011 03:00:01,6.68,6.56,6.87,6.12,5.5
10110,22.09.2011 04:00:01,6.56,6.43,6.81,6.12,5.5
10111,22.09.2011 05:00:01,6.37,6.25,6.75,6.18,5.5
10112,22.09.2011 06:00:01,6.25,6.06,6.75,6.18,5.5
10113,22.09.2011 07:00:01,6.06,5.87,6.68,6.18,5.5
10114,22.09.2011 08:00:01,5.93,5.75,6.68,6.12,5.5,3.557
10115,22.09.2011 09:00:01,5.81,5.68,6.62,6.18,5.5
10116,22.09.2011 10:00:01,5.75,5.62,6.56,6.12,5.5
10117,22.09.2011 11:00:01,5.87,6,6.56,6.12,5.5
10118,22.09.2011 12:00:01,6.31,6.75,6.5,6.12,5.5
10119,22.09.2011 13:00:01,7,7.68,6.5,6.18,5.5
10120,22.09.2011 14:00:01,7.75,8.62,6.5,6.18,5.5,3.564
10121,22.09.2011 15:00:01,8.5,9.31,6.56,6.18,5.5
10122,22.09.2011 16:00:01,8.93,9.68,6.62,6.18,5.5
10123,22.09.2011 17:00:01,9.18,9.81,6.68,6.12,5.5
10124,22.09.2011 18:00:01,9.25,9.68,6.81,6.12,5.5
10125,22.09.2011 19:00:01,9.12,9.37,6.87,6.12,5.5
10126,22.09.2011 20:00:01,8.81,9,6.93,6.12,5.5,3.579
10127,22.09.2011 21:00:01,8.5,8.5,7,6.12,5.43
10128,22.09.2011 22:00:01,8.12,8.06,7.06,6.12,5.5
10129,22.09.2011 23:00:01,7.75,7.5,7.06,6.12,5.5
10130,23.09.2011 00:00:01,7.31,7.06,7,6.12,5.43
10131,23.09.2011 01:00:01,6.93,6.68,7,6.12,5.5
10132,23.09.2011 02:00:01,6.62,6.37,7,6.12,5.43,3.564
10133,23.09.2011 03:00:01,6.31,6,6.93,6.12,5.43
10134,23.09.2011 04:00:01,6.06,5.68,6.87,6.12,5.5
10135,23.09.2011 05:00:01,5.81,5.43,6.81,6.12,5.5
10136,23.09.2011 06:00:01,5.56,5.25,6.75,6.12,5.5
10137,23.09.2011 07:00:01,5.37,5,6.68,6.18,5.5
10138,23.09.2011 08:00:01,5.18,4.81,6.62,6.18,5.43,3.558
10139,23.09.2011 09:00:01,5,4.68,6.56,6.12,5.5
10140,23.09.2011 10:00:01,4.93,4.62,6.5,6.18,5.5
10141,23.09.2011 11:00:01,5.06,4.93,6.37,6.18,5.43
10142,23.09.2011 12:00:01,5.5,5.75,6.37,6.12,5.5
10143,23.09.2011 13:00:01,6.25,6.81,6.31,6.12,5.5
10144,23.09.2011 14:00:01,7.06,7.81,6.31,6.18,5.5,3.567
10145,23.09.2011 15:00:01,7.68,8.37,6.31,6.12,5.5
10146,23.09.2011 16:00:01,8,8.56,6.37,6.12,5.43
10147,23.09.2011 17:00:01,8.06,8.5,6.43,6.12,5.43
10148,23.09.2011 18:00:01,8.06,8.37,6.5,6.12,5.43
10149,23.09.2011 19:00:01,8,8.18,6.56,6.12,5.5
10150,23.09.2011 20:00:01,7.81,7.93,6.56,6.12,5.43,3.568
10151,23.09.2011 21:00:01,7.62,7.62,6.62,6.12,5.5
10152,23.09.2011 22:00:01,7.43,7.37,6.62,6.12,5.43
10153,23.09.2011 23:00:01,7.25,7.12,6.68,6.12,5.5
10154,24.09.2011 00:00:01,7.06,6.93,6.62,6.12,5.43
10155,24.09.2011 01:00:01,6.87,6.68,6.68,6.12,5.43
10156,24.09.2011 02:00:01,6.68,6.5,6.62,6.12,5.43,3.568
10157,24.09.2011 03:00:01,6.56,6.37,6.62,6.12,5.43
10158,24.09.2011 04:00:01,6.37,6.18,6.62,6.12,5.43
10159,24.09.2011 05:00:01,6.18,5.93,6.56,6.12,5.43
10160,24.09.2011 06:00:01,6,5.75,6.56,6.12,5.43
10161,24.09.2011 07:00:01,5.81,5.56,6.5,6.06,5.43
10162,24.09.2011 08:00:01,5.62,5.37,6.5,6.12,5.43,3.556
10163,24.09.2011 09:00:01,5.5,5.25,6.43,6.12,5.43
10164,24.09.2011 10:00:01,5.43,5.18,6.37,6.06,5.43
10165,24.09.2011 11:00:01,5.62,5.75,6.31,6.12,5.43
10166,24.09.2011 12:00:01,6.25,6.68,6.31,6.06,5.43
10167,24.09.2011 13:00:01,7.06,7.87,6.25,6.06,5.43
10168,24.09.2011 14:00:01,7.93,8.93,6.31,6.12,5.43,3.571
10169,24.09.2011 15:00:01,8.75,9.68,6.37,6.06,5.5
10170,24.09.2011 16:00:01,9.25,10.12,6.5,6.06,5.43
10171,24.09.2011 17:00:01,9.5,10.12,6.56,6.06,5.43
10172,24.09.2011 18:00:01,9.5,10,6.62,6.06,5.43
10173,24.09.2011 19:00:01,9.37,9.75,6.81,6.06,5.43
10174,24.09.2011 20:00:01,9.12,9.31,6.87,6.06,5.43,3.576
10175,24.09.2011 21:00:01,8.81,8.81,6.93,6.06,5.43
10176,24.09.2011 22:00:01,8.37,8.31,7,6.06,5.43
10177,24.09.2011 23:00:01,8,7.81,7,6.06,5.43
10178,25.09.2011 00:00:01,7.56,7.37,7,6.06,5.43
10179,25.09.2011 01:00:01,7.25,6.93,7,6.06,5.43
10180,25.09.2011 02:00:01,6.87,6.56,7,6.06,5.43,3.564
10181,25.09.2011 03:00:01,6.56,6.25,6.93,6.06,5.43
10182,25.09.2011 04:00:01,6.31,5.93,6.87,6.06,5.43
10183,25.09.2011 05:00:01,6,5.62,6.81,6.06,5.43
10184,25.09.2011 06:00:01,5.75,5.37,6.75,6.06,5.43
10185,25.09.2011 07:00:01,5.5,5.12,6.68,6.06,5.43
10186,25.09.2011 08:00:01,5.31,4.93,6.62,6.06,5.43,3.554
10187,25.09.2011 09:00:01,5.12,4.68,6.56,6.12,5.43
10188,25.09.2011 10:00:01,5,4.68,6.5,6.06,5.43
10189,25.09.2011 11:00:01,5.18,5.12,6.37,6.06,5.43
10190,25.09.2011 12:00:01,5.62,5.93,6.37,6.12,5.43
10191,25.09.2011 13:00:01,6.37,6.93,6.31,6.06,5.43
10192,25.09.2011 14:00:01,7.18,7.93,6.31,6.12,5.43,3.565
10193,25.09.2011 15:00:01,7.87,8.68,6.37,6.06,5.43
10194,25.09.2011 16:00:01,8.37,9.18,6.37,6.06,5.43
10195,25.09.2011 17:00:01,8.75,9.37,6.43,6.12,5.43
10196,25.09.2011 18:00:01,8.87,9.37,6.56,6.12,5.43
10197,25.09.2011 19:00:01,8.81,9.06,6.62,6.06,5.43
10198,25.09.2011 20:00:01,8.62,8.75,6.68,6.06,5.43,3.576
10199,25.09.2011 21:00:01,8.31,8.37,6.75,6.06,5.43
10200,25.09.2011 22:00:01,8.12,8,6.81,6.06,5.37
10201,25.09.2011 23:00:01,7.81,7.62,6.81,6.06,5.43
10202,26.09.2011 00:00:01,7.5,7.25,6.81,6.06,5.43
10203,26.09.2011 01:00:01,7.18,6.93,6.81,6.06,5.43
10204,26.09.2011 02:00:01,6.87,6.56,6.81,6.06,5.43,3.569
10205,26.09.2011 03:00:01,6.62,6.25,6.81,6.06,5.43
10206,26.09.2011 04:00:01,6.31,6,6.75,6.06,5.43
10207,26.09.2011 05:00:01,6.06,5.68,6.68,6.06,5.43
10208,26.09.2011 06:00:01,5.75,5.37,6.68,6.06,5.43
10209,26.09.2011 07:00:01,5.5,5.12,6.62,6.06,5.37
10210,26.09.2011 08:00:01,5.25,4.87,6.56,6.06,5.43,3.553
10211,26.09.2011 09:00:01,5.06,4.62,6.5,6.06,5.43
10212,26.09.2011 10:00:01,4.93,4.68,6.37,6.06,5.43
10213,26.09.2011 11:00:01,5.12,5.06,6.31,6.06,5.43
10214,26.09.2011 12:00:01,5.62,5.93,6.31,6.06,5.43
10215,26.09.2011 13:00:01,6.43,7,6.25,6.06,5.43
10216,26.09.2011 14:00:01,7.25,8.12,6.25,6.06,5.37,3.565
10217,26.09.2011 15:00:01,8.06,8.93,6.25,6.06,5.37
10218,26.09.2011 16:00:01,8.56,9.18,6.31,6.06,5.43
10219,26.09.2011 17:00:01,8.68,9.06,6.43,6.06,5.37
10220,26.09.2011 18:00:01,8.68,8.87,6.5,6.06,5.43
10221,26.09.2011 19:00:01,8.56,8.62,6.56,6.06,5.43
10222,26.09.2011 20:00:01,8.31,8.25,6.62,6.06,5.43,3.571
10223,26.09.2011 21:00:01,8,7.81,6.68,6.06,5.37
10224,26.09.2011 22:00:01,7.68,7.43,6.68,6.06,5.43
10225,26.09.2011 23:00:01,7.37,7.06,6.68,6.06,5.43
10226,27.09.2011 00:00:01,7,6.68,6.68,6.06,5.43
10227,27.09.2011 01:00:01,6.68,6.31,6.68,6.06,5.37
10228,27.09.2011 02:00:01,6.37,6,6.68,6,5.37,3.565
10229,27.09.2011 03:00:01,6.06,5.68,6.62,6.06,5.43
10230,27.09.2011 04:00:01,5.81,5.37,6.62,6.06,5.43
10231,27.09.2011 05:00:01,5.56,5.06,6.56,6.06,5.43
10232,27.09.2011 06:00:01,5.31,4.87,6.5,6.06,5.37
10233,27.09.2011 07:00:01,5.06,4.62,6.43,6.06,5.43
10234,27.09.2011 08:00:01,4.87,4.43,6.31,6,5.37,3.552
10235,27.09.2011 09:00:01,4.68,4.31,6.31,6.06,5.37
10236,27.09.2011 10:00:01,4.62,4.31,6.18,6.06,5.43
10237,27.09.2011 11:00:01,4.81,4.81,6.18,6.06,5.37
10238,27.09.2011 12:00:01,5.18,5.37,6.06,6,5.37
10239,27.09.2011 13:00:01,5.62,5.87,6.06,6,5.37
10240,27.09.2011 14:00:01,5.87,6.12,6.06,6,5.37,3.560
10241,27.09.2011 15:00:01,6.06,6.25,6.06,6,5.37
10242,27.09.2011 16:00:01,6.18,6.31,6,6.06,5.37
10243,27.09.2011 17:00:01,6.25,6.37,6.06,6,5.37
10244,27.09.2011 18:00:01,6.31,6.43,6.06,6,5.37
10245,27.09.2011 19:00:01,6.31,6.31,6.06,6,5.37
10246,27.09.2011 20:00:01,6.18,6.18,6.06,6,5.37,3.557
10247,27.09.2011 21:00:01,6.06,6,6.06,6,5.43
10248,27.09.2011 22:00:01,5.93,5.81,6.06,6,5.37
10249,27.09.2011 23:00:01,5.75,5.56,6.06,6,5.43
10250,28.09.2011 00:00:01,5.5,5.25,6.06,6,5.43
10251,28.09.2011 01:00:01,5.31,5.06,6.06,5.93,5.37
10252,28.09.2011 02:00:01,5.12,4.87,6,5.93,5.37,3.551
10253,28.09.2011 03:00:01,4.93,4.68,6,5.93,5.37
10254,28.09.2011 04:00:01,4.75,4.43,5.93,5.93,5.37
10255,28.09.2011 05:00:01,4.56,4.25,5.87,5.93,5.37
10256,28.09.2011 06:00:01,4.43,4.06,5.81,5.93,5.37
10257,28.09.2011 07:00:01,4.25,3.93,5.81,5.93,5.37
10258,28.09.2011 08:00:01,4.12,3.75,5.75,5.93,5.37,3.546
10259,28.09.2011 09:00:01,4,3.62,5.68,5.93,5.37
10260,28.09.2011 10:00:01,3.93,3.68,5.62,5.93,5.37
10261,28.09.2011 11:00:01,4.12,4.12,5.56,5.93,5.37
10262,28.09.2011 12:00:01,4.62,4.93,5.5,5.87,5.37
10263,28.09.2011 13:00:01,5.43,6,5.5,5.87,5.37
10264,28.09.2011 14:00:01,6.12,6.87,5.5,5.87,5.37,3.559
10265,28.09.2011 15:00:01,6.81,7.56,5.56,5.87,5.37
10266,28.09.2011 16:00:01,7.31,8.06,5.62,5.87,5.37
10267,28.09.2011 17:00:01,7.68,8.37,5.68,5.81,5.37
10268,28.09.2011 18:00:01,7.87,8.37,5.75,5.81,5.37
10269,28.09.2011 19:00:01,7.81,8.12,5.87,5.81,5.37
10270,28.09.2011 20:00:01,7.62,7.81,5.93,5.81,5.37,3.565
10271,28.09.2011 21:00:01,7.37,7.43,6,5.81,5.37
10272,28.09.2011 22:00:01,7.06,7.06,6.06,5.81,5.37
10273,28.09.2011 23:00:01,6.75,6.68,6.06,5.81,5.37
10274,29.09.2011 00:00:01,6.43,6.25,6.12,5.75,5.37
10275,29.09.2011 01:00:01,6.12,5.93,6.12,5.75,5.37
10276,29.09.2011 02:00:01,5.87,5.68,6.12,5.81,5.37,3.561
10277,29.09.2011 03:00:01,5.68,5.43,6.06,5.81,5.37
10278,29.09.2011 04:00:01,5.5,5.25,6.06,5.75,5.37
10279,29.09.2011 05:00:01,5.31,5.06,6,5.75,5.37
10280,29.09.2011 06:00:01,5.12,4.81,6,5.75,5.37
10281,29.09.2011 07:00:01,4.87,4.62,5.93,5.75,5.37
10282,29.09.2011 08:00:01,4.68,4.37,5.87,5.75,5.37,3.552
10283,29.09.2011 09:00:01,4.56,4.25,5.81,5.75,5.37
10284,29.09.2011 10:00:01,4.5,4.31,5.75,5.81,5.37
10285,29.09.2011 11:00:01,4.68,4.62,5.75,5.75,5.37
10286,29.09.2011 12:00:01,5,5.06,5.68,5.75,5.37
10287,29.09.2011 13:00:01,5.43,5.81,5.68,5.75,5.37
10288,29.09.2011 14:00:01,5.93,6.37,5.62,5.75,5.37,3.555
10289,29.09.2011 15:00:01,6.31,6.68,5.68,5.75,5.37
10290,29.09.2011 16:00:01,6.5,6.87,5.68,5.75,5.37
10291,29.09.2011 17:00:01,6.68,7,5.75,5.75,5.31
10292,29.09.2011 18:00:01,6.81,7.06,5.81,5.75,5.31
10293,29.09.2011 19:00:01,6.75,6.93,5.81,5.75,5.37
10294,29.09.2011 20:00:01,6.68,6.81,5.87,5.68,5.37,3.561
10295,29.09.2011 21:00:01,6.56,6.62,5.87,5.68,5.37
10296,29.09.2011 22:00:01,6.43,6.43,5.93,5.68,5.37
10297,29.09.2011 23:00:01,6.25,6.18,5.93,5.68,5.37
10298,30.09.2011 00:00:01,6.12,6,5.93,5.68,5.37
10299,30.09.2011 01:00:01,5.93,5.81,5.93,5.68,5.31
10300,30.09.2011 02:00:01,5.81,5.62,5.93,5.68,5.31,3.554
10301,30.09.2011 03:00:01,5.62,5.5,5.93,5.68,5.31
10302,30.09.2011 04:00:01,5.5,5.31,5.87,5.68,5.37
10303,30.09.2011 05:00:01,5.37,5.18,5.87,5.68,5.31
10304,30.09.2011 06:00:01,5.25,5.06,5.87,5.68,5.37
10305,30.09.2011 07:00:01,5.12,4.93,5.81,5.68,5.31
10306,30.09.2011 08:00:01,5.06,4.87,5.81,5.68,5.31,3.549
10307,30.09.2011 09:00:01,4.93,4.81,5.75,5.68,5.31
10308,30.09.2011 10:00:01,4.87,4.75,5.75,5.68,5.31
10309,30.09.2011 11:00:01,4.93,4.93,5.68,5.68,5.31
10310,30.09.2011 12:00:01,5.06,5.06,5.62,5.68,5.31
10311,30.09.2011 13:00:01,5.12,5.12,5.62,5.68,5.31
10312,30.09.2011 14:00:01,5.18,5.25,5.62,5.68,5.31,3.556
10313,30.09.2011 15:00:01,5.43,5.62,5.62,5.68,5.31
10314,30.09.2011 16:00:01,5.81,6.06,5.62,5.68,5.31
10315,30.09.2011 17:00:01,6.06,6.37,5.62,5.68,5.31
10316,30.09.2011 18:00:01,6.25,6.43,5.62,5.68,5.31
10317,30.09.2011 19:00:01,6.31,6.43,5.68,5.68,5.31
10318,30.09.2011 20:00:01,6.18,6.25,5.68,5.62,5.31,3.558
10319,30.09.2011 21:00:01,6.12,6.06,5.68,5.68,5.31
10320,30.09.2011 22:00:01,5.93,5.87,5.75,5.62,5.31
10321,30.09.2011 23:00:01,5.81,5.68,5.75,5.62,5.31
10322,01.10.2011 00:00:01,5.68,5.56,5.75,5.62,5.31
10323,01.10.2011 01:00:01,5.56,5.43,5.75,5.62,5.31
10324,01.10.2011 02:00:01,5.5,5.31,5.75,5.62,5.31,3.557
10325,01.10.2011 03:00:01,5.37,5.25,5.68,5.62,5.31
10326,01.10.2011 04:00:01,5.25,5.12,5.68,5.62,5.31
10327,01.10.2011 05:00:01,5.12,5,5.68,5.62,5.31
10328,01.10.2011 06:00:01,5,4.87,5.62,5.62,5.31
10329,01.10.2011 07:00:01,4.93,4.75,5.62,5.62,5.31
10330,01.10.2011 08:00:01,4.81,4.62,5.62,5.62,5.31,3.554
10331,01.10.2011 09:00:01,4.75,4.5,5.56,5.62,5.31
10332,01.10.2011 10:00:01,4.68,4.43,5.56,5.56,5.31
10333,01.10.2011 11:00:01,4.62,4.43,5.5,5.56,5.31
10334,01.10.2011 12:00:01,4.75,4.68,5.5,5.62,5.31
10335,01.10.2011 13:00:01,5.18,5.37,5.43,5.56,5.31
10336,01.10.2011 14:00:01,5.81,6.18,5.43,5.56,5.31,3.551
10337,01.10.2011 15:00:01,6.12,6.43,5.43,5.56,5.31
10338,01.10.2011 16:00:01,6.31,6.62,5.5,5.56,5.31
10339,01.10.2011 17:00:01,6.5,6.75,5.56,5.56,5.25
10340,01.10.2011 18:00:01,6.5,6.68,5.56,5.56,5.25
10341,01.10.2011 19:00:01,6.43,6.56,5.62,5.56,5.31
10342,01.10.2011 20:00:01,6.37,6.37,5.62,5.56,5.31,3.564
10343,01.10.2011 21:00:01,6.18,6.12,5.68,5.56,5.31
10344,01.10.2011 22:00:01,6,5.87,5.68,5.56,5.31
10345,01.10.2011 23:00:01,5.75,5.56,5.68,5.5,5.31
10346,02.10.2011 00:00:01,5.56,5.31,5.68,5.56,5.31
10347,02.10.2011 01:00:01,5.31,5.06,5.68,5.5,5.25
10348,02.10.2011 02:00:01,5.06,4.81,5.62,5.5,5.25,3.551
10349,02.10.2011 03:00:01,4.87,4.62,5.62,5.5,5.25
10350,02.10.2011 04:00:01,4.75,4.43,5.56,5.5,5.25
10351,02.10.2011 05:00:01,4.56,4.25,5.56,5.5,5.31
10352,02.10.2011 06:00:01,4.43,4.06,5.5,5.5,5.31
10353,02.10.2011 07:00:01,4.25,3.93,5.43,5.5,5.25
10354,02.10.2011 08:00:01,4.12,3.81,5.37,5.56,5.25,3.545
10355,02.10.2011 09:00:01,4,3.68,5.37,5.5,5.31
10356,02.10.2011 10:00:01,3.87,3.56,5.31,5.5,5.25
10357,02.10.2011 11:00:01,3.93,3.75,5.25,5.5,5.25
10358,02.10.2011 12:00:01,4.25,4.31,5.25,5.5,5.25
10359,02.10.2011 13:00:01,4.93,5.31,5.18,5.5,5.25
10360,02.10.2011 14:00:01,5.75,6.43,5.18,5.5,5.25,3.552
10361,02.10.2011 15:00:01,6.56,7.25,5.18,5.5,5.25
10362,02.10.2011 16:00:01,7.12,7.81,5.31,5.5,5.25
10363,02.10.2011 17:00:01,7.5,8.06,5.31,5.5,5.25
10364,02.10.2011 18:00:01,7.62,8,5.43,5.43,5.25
10365,02.10.2011 19:00:01,7.56,7.75,5.5,5.43,5.25
10366,02.10.2011 20:00:01,7.31,7.43,5.56,5.43,5.25,3.562
10367,02.10.2011 21:00:01,7.06,7,5.68,5.5,5.25
10368,02.10.2011 22:00:01,6.75,6.56,5.68,5.43,5.25
10369,02.10.2011 23:00:01,6.43,6.18,5.75,5.43,5.25
10370,03.10.2011 00:00:01,6.18,5.87,5.75,5.43,5.25
10371,03.10.2011 01:00:01,5.87,5.56,5.75,5.43,5.25
10372,03.10.2011 02:00:01,5.62,5.31,5.75,5.43,5.25,3.553
10373,03.10.2011 03:00:01,5.37,5.06,5.68,5.43,5.25
10374,03.10.2011 04:00:01,5.12,4.81,5.68,5.43,5.25
10375,03.10.2011 05:00:01,4.93,4.62,5.68,5.43,5.25
10376,03.10.2011 06:00:01,4.75,4.43,5.62,5.43,5.25
10377,03.10.2011 07:00:01,4.56,4.25,5.56,5.43,5.25
10378,03.10.2011 08:00:01,4.37,4.06,5.5,5.43,5.25,3.550
10379,03.10.2011 09:00:01,4.25,3.93,5.43,5.43,5.25
10380,03.10.2011 10:00:01,4.18,3.87,5.43,5.43,5.25
10381,03.10.2011 11:00:01,4.31,4.25,5.37,5.43,5.25
10382,03.10.2011 12:00:01,4.75,4.87,5.31,5.43,5.25
10383,03.10.2011 13:00:01,5.43,5.87,5.31,5.43,5.25
10384,03.10.2011 14:00:01,6.18,6.87,5.31,5.43,5.25,3.558
10385,03.10.2011 15:00:01,6.87,7.43,5.31,5.43,5.25
10386,03.10.2011 16:00:01,7.25,7.81,5.37,5.43,5.25
10387,03.10.2011 17:00:01,7.5,7.93,5.5,5.43,5.25
10388,03.10.2011 18:00:01,7.56,7.87,5.56,5.43,5.25
10389,03.10.2011 19:00:01,7.56,7.75,5.62,5.43,5.25
10390,03.10.2011 20:00:01,7.37,7.43,5.75,5.43,5.25,3.568
10391,03.10.2011 21:00:01,7.12,7.12,5.75,5.43,5.18
10392,03.10.2011 22:00:01,6.87,6.75,5.81,5.37,5.25
10393,03.10.2011 23:00:01,6.62,6.43,5.87,5.37,5.18
10394,04.10.2011 00:00:01,6.37,6.18,5.81,5.37,5.18
10395,04.10.2011 01:00:01,6.18,6,5.87,5.37,5.18
10396,04.10.2011 02:00:01,6.06,5.87,5.87,5.37,5.18,3.554
10397,04.10.2011 03:00:01,5.87,5.68,5.81,5.37,5.18
10398,04.10.2011 04:00:01,5.68,5.43,5.81,5.37,5.25
10399,04.10.2011 05:00:01,5.5,5.25,5.81,5.37,5.18
10400,04.10.2011 06:00:01,5.31,5.06,5.75,5.37,5.18
10401,04.10.2011 07:00:01,5.12,4.87,5.75,5.37,5.18
10402,04.10.2011 08:00:01,5,4.68,5.68,5.37,5.18,3.554
10403,04.10.2011 09:00:01,4.81,4.56,5.68,5.43,5.18
10404,04.10.2011 10:00:01,4.75,4.56,5.62,5.37,5.18
10405,04.10.2011 11:00:01,4.93,4.87,5.56,5.43,5.18
10406,04.10.2011 12:00:01,5.37,5.62,5.56,5.43,5.18
10407,04.10.2011 13:00:01,6.18,6.75,5.56,5.43,5.18
10408,04.10.2011 14:00:01,7.06,7.81,5.56,5.43,5.18,3.561
10409,04.10.2011 15:00:01,7.81,8.62,5.62,5.43,5.18
10410,04.10.2011 16:00:01,8.37,9.12,5.68,5.37,5.18
10411,04.10.2011 17:00:01,8.81,9.37,5.75,5.43,5.18
10412,04.10.2011 18:00:01,8.81,9.25,5.87,5.43,5.18
10413,04.10.2011 19:00:01,8.75,8.93,6,5.43,5.18
10414,04.10.2011 20:00:01,8.5,8.5,6.06,5.43,5.18,3.576
10415,04.10.2011 21:00:01,8.12,8.06,6.12,5.37,5.18
10416,04.10.2011 22:00:01,7.75,7.56,6.18,5.43,5.18
10417,04.10.2011 23:00:01,7.43,7.18,6.25,5.43,5.18
10418,05.10.2011 00:00:01,7.12,6.87,6.25,5.43,5.18
10419,05.10.2011 01:00:01,6.87,6.56,6.25,5.43,5.18
10420,05.10.2011 02:00:01,6.56,6.25,6.25,5.43,5.18,3.561
10421,05.10.2011 03:00:01,6.31,6,6.25,5.43,5.18
10422,05.10.2011 04:00:01,6,5.75,6.18,5.43,5.18
10423,05.10.2011 05:00:01,5.81,5.43,6.12,5.43,5.18
10424,05.10.2011 06:00:01,5.56,5.18,6.12,5.43,5.18
10425,05.10.2011 07:00:01,5.31,4.93,6.06,5.43,5.18
10426,05.10.2011 08:00:01,5.12,4.81,6.06,5.43,5.18,3.555
10427,05.10.2011 09:00:01,4.93,4.62,5.93,5.5,5.18
10428,05.10.2011 10:00:01,4.87,4.56,5.87,5.5,5.18
10429,05.10.2011 11:00:01,4.93,4.81,5.81,5.5,5.18
10430,05.10.2011 12:00:01,5.18,5.18,5.81,5.5,5.18
10431,05.10.2011 13:00:01,5.5,5.56,5.75,5.5,5.18
10432,05.10.2011 14:00:01,5.75,6,5.75,5.5,5.18,3.552
10433,05.10.2011 15:00:01,6.06,6.31,5.75,5.5,5.18
10434,05.10.2011 16:00:01,6.25,6.56,5.75,5.5,5.18
10435,05.10.2011 17:00:01,6.43,6.75,5.75,5.5,5.12
10436,05.10.2011 18:00:01,6.56,6.81,5.81,5.5,5.18
10437,05.10.2011 19:00:01,6.56,6.75,5.81,5.5,5.12
10438,05.10.2011 20:00:01,6.5,6.56,5.81,5.5,5.18,3.557
10439,05.10.2011 21:00:01,6.31,6.31,5.87,5.5,5.18
10440,05.10.2011 22:00:01,6.12,6.06,5.87,5.5,5.12
10441,05.10.2011 23:00:01,5.87,5.81,5.87,5.5,5.18
10442,06.10.2011 00:00:01,5.68,5.56,5.87,5.5,5.18
10443,06.10.2011 01:00:01,5.5,5.31,5.87,5.5,5.18
10444,06.10.2011 02:00:01,5.25,5.06,5.81,5.5,5.12,3.554
10445,06.10.2011 03:00:01,5.06,4.81,5.75,5.5,5.18
10446,06.10.2011 04:00:01,4.81,4.62,5.75,5.5,5.12
10447,06.10.2011 05:00:01,4.62,4.37,5.68,5.5,5.18
10448,06.10.2011 06:00:01,4.43,4.18,5.68,5.5,5.18
10449,06.10.2011 07:00:01,4.25,3.93,5.62,5.5,5.12
10450,06.10.2011 08:00:01,4.12,3.81,5.56,5.5,5.18,3.543
10451,06.10.2011 09:00:01,4,3.68,5.5,5.5,5.12
10452,06.10.2011 10:00:01,3.93,3.68,5.43,5.5,5.12
10453,06.10.2011 11:00:01,4.06,4.06,5.37,5.5,5.12
10454,06.10.2011 12:00:01,4.62,4.87,5.37,5.43,5.12
10455,06.10.2011 13:00:01,5.37,5.87,5.31,5.5,5.12
10456,06.10.2011 14:00:01,6.12,6.81,5.31,5.43,5.18,3.553
10457,06.10.2011 15:00:01,6.75,7.5,5.37,5.43,5.12
10458,06.10.2011 16:00:01,7.25,7.87,5.37,5.43,5.12
10459,06.10.2011 17:00:01,7.43,8,5.5,5.43,5.12
10460,06.10.2011 18:00:01,7.5,7.87,5.56,5.43,5.18
10461,06.10.2011 19:00:01,7.43,7.68,5.62,5.43,5.12
10462,06.10.2011 20:00:01,7.25,7.37,5.68,5.43,5.12,3.568
10463,06.10.2011 21:00:01,6.93,7,5.75,5.43,5.12
10464,06.10.2011 22:00:01,6.68,6.62,5.81,5.43,5.12
10465,06.10.2011 23:00:01,6.43,6.31,5.81,5.43,5.12
10466,07.10.2011 00:00:01,6.18,6.06,5.81,5.43,5.12
10467,07.10.2011 01:00:01,6,5.87,5.87,5.43,5.12
10468,07.10.2011 02:00:01,5.81,5.68,5.87,5.43,5.12,3.557
10469,07.10.2011 03:00:01,5.68,5.5,5.81,5.43,5.12
10470,07.10.2011 04:00:01,5.56,5.37,5.81,5.43,5.12
10471,07.10.2011 05:00:01,5.43,5.25,5.75,5.43,5.12
10472,07.10.2011 06:00:01,5.31,5.12,5.75,5.43,5.18
10473,07.10.2011 07:00:01,5.12,4.93,5.68,5.43,5.12
10474,07.10.2011 08:00:01,4.93,4.75,5.68,5.43,5.12,3.549
10475,07.10.2011 09:00:01,4.81,4.56,5.62,5.43,5.12
10476,07.10.2011 10:00:01,4.68,4.5,5.62,5.43,5.12
10477,07.10.2011 11:00:01,4.68,4.56,5.56,5.43,5.12
10478,07.10.2011 12:00:01,4.75,4.68,5.56,5.37,5.12
10479,07.10.2011 13:00:01,4.87,4.81,5.5,5.43,5.12
10480,07.10.2011 14:00:01,4.87,4.81,5.43,5.43,5.12,3.548
10481,07.10.2011 15:00:01,4.87,4.81,5.43,5.43,5.12
10482,07.10.2011 16:00:01,4.81,4.81,5.43,5.43,5.12
10483,07.10.2011 17:00:01,4.81,4.75,5.37,5.43,5.12
10484,07.10.2011 18:00:01,4.75,4.68,5.37,5.37,5.12
10485,07.10.2011 19:00:01,4.75,4.68,5.31,5.37,5.12
10486,07.10.2011 20:00:01,4.68,4.62,5.31,5.37,5.12,3.546
10487,07.10.2011 21:00:01,4.62,4.56,5.31,5.37,5.12
10488,07.10.2011 22:00:01,4.62,4.5,5.31,5.37,5.12
10489,07.10.2011 23:00:01,4.5,4.43,5.25,5.37,5.12
10490,08.10.2011 00:00:01,4.5,4.43,5.25,5.37,5.12
10491,08.10.2011 01:00:01,4.43,4.31,5.25,5.37,5.12
10492,08.10.2011 02:00:01,4.37,4.25,5.18,5.37,5.12,3.543
10493,08.10.2011 03:00:01,4.31,4.12,5.18,5.37,5.12
10494,08.10.2011 04:00:01,4.18,4,5.18,5.37,5.12
10495,08.10.2011 05:00:01,4.06,3.81,5.12,5.37,5.12
10496,08.10.2011 06:00:01,3.87,3.68,5.06,5.37,5.12
10497,08.10.2011 07:00:01,3.81,3.5,5.06,5.37,5.12
10498,08.10.2011 08:00:01,3.68,3.37,5,5.37,5.12,3.545
10499,08.10.2011 09:00:01,3.62,3.31,5,5.31,5.12
10500,08.10.2011 10:00:01,3.5,3.18,4.93,5.31,5.12
10501,08.10.2011 11:00:01,3.43,3.25,4.87,5.31,5.12
10502,08.10.2011 12:00:01,3.62,3.56,4.87,5.31,5.12
10503,08.10.2011 13:00:01,4.06,4.31,4.81,5.31,5.12
10504,08.10.2011 14:00:01,4.75,5.25,4.75,5.31,5.12,3.545
10505,08.10.2011 15:00:01,5.43,6,4.81,5.31,5.12
10506,08.10.2011 16:00:01,6.06,6.56,4.87,5.25,5.12
10507,08.10.2011 17:00:01,6.43,6.81,4.87,5.25,5.12
10508,08.10.2011 18:00:01,6.56,6.87,5,5.25,5.12
10509,08.10.2011 19:00:01,6.5,6.68,5.06,5.25,5.12
10510,08.10.2011 20:00:01,6.31,6.37,5.12,5.25,5.12,3.562
10511,08.10.2011 21:00:01,6.12,6.06,5.18,5.25,5.12
10512,08.10.2011 22:00:01,5.87,5.75,5.18,5.25,5.12
10513,08.10.2011 23:00:01,5.68,5.5,5.25,5.25,5.12
10514,09.10.2011 00:00:01,5.5,5.31,5.25,5.18,5.12
10515,09.10.2011 01:00:01,5.37,5.12,5.25,5.18,5.12
10516,09.10.2011 02:00:01,5.18,5,5.31,5.18,5.12,3.556
10517,09.10.2011 03:00:01,5.06,4.81,5.25,5.18,5.12
10518,09.10.2011 04:00:01,4.93,4.68,5.25,5.18,5.12
10519,09.10.2011 05:00:01,4.75,4.56,5.25,5.18,5.12
10520,09.10.2011 06:00:01,4.62,4.37,5.18,5.18,5.12
10521,09.10.2011 07:00:01,4.5,4.18,5.18,5.18,5.06
10522,09.10.2011 08:00:01,4.31,4.06,5.12,5.18,5.12,3.544
10523,09.10.2011 09:00:01,4.18,3.93,5.12,5.18,5.12
10524,09.10.2011 10:00:01,4.12,3.93,5.06,5.18,5.12
10525,09.10.2011 11:00:01,4.18,4.12,5.06,5.18,5.06
10526,09.10.2011 12:00:01,4.31,4.37,5.06,5.18,5.12
10527,09.10.2011 13:00:01,4.56,4.68,5,5.18,5.12
10528,09.10.2011 14:00:01,4.87,5.12,4.93,5.18,5.12,3.553
10529,09.10.2011 15:00:01,5.25,5.62,5,5.18,5.12
10530,09.10.2011 16:00:01,5.56,6,5,5.18,5.12
10531,09.10.2011 17:00:01,5.81,6.18,5,5.18,5.06
10532,09.10.2011 18:00:01,5.87,6.12,5.06,5.18,5.12
10533,09.10.2011 19:00:01,5.81,5.87,5.12,5.18,5.06
10534,09.10.2011 20:00:01,5.62,5.5,5.12,5.12,5.12,3.553
10535,09.10.2011 21:00:01,5.31,5.12,5.12,5.12,5.12
10536,09.10.2011 22:00:01,5,4.81,5.18,5.18,5.06
10537,09.10.2011 23:00:01,4.75,4.43,5.12,5.12,5.06
10538,10.10.2011 00:00:01,4.5,4.12,5.12,5.12,5.06
10539,10.10.2011 01:00:01,4.25,3.87,5.06,5.12,5.12
10540,10.10.2011 02:00:01,4,3.68,5.06,5.12,5.06,3.546
10541,10.10.2011 03:00:01,3.81,3.5,5,5.12,5.06
10542,10.10.2011 04:00:01,3.68,3.31,4.93,5.12,5.06
10543,10.10.2011 05:00:01,3.5,3.12,4.93,5.12,5.06
10544,10.10.2011 06:00:01,3.31,3,4.87,5.12,5.06
10545,10.10.2011 07:00:01,3.18,2.87,4.81,5.12,5.06
10546,10.10.2011 08:00:01,3.12,2.75,4.75,5.12,5.06,3.534
10547,10.10.2011 09:00:01,3,2.62,4.68,5.12,5.06
10548,10.10.2011 10:00:01,2.87,2.5,4.62,5.12,5.06
10549,10.10.2011 11:00:01,2.87,2.56,4.56,5.12,5.06
10550,10.10.2011 12:00:01,3,2.87,4.5,5.06,5.06
10551,10.10.2011 13:00:01,3.43,3.62,4.5,5.06,5.06
10552,10.10.2011 14:00:01,4.12,4.56,4.43,5.06,5.06,3.538
10553,10.10.2011 15:00:01,4.75,5.31,4.43,5.06,5.06
10554,10.10.2011 16:00:01,5.31,5.87,4.5,5.06,5.06
10555,10.10.2011 17:00:01,5.62,6.12,4.5,5.06,5.06
10556,10.10.2011 18:00:01,5.75,6.06,4.56,5.06,5.06
10557,10.10.2011 19:00:01,5.68,5.87,4.62,5.06,5.06
10558,10.10.2011 20:00:01,5.56,5.5,4.68,5.06,5.06,3.551
10559,10.10.2011 21:00:01,5.31,5.18,4.68,5.06,5.06
10560,10.10.2011 22:00:01,5,4.81,4.75,5,5.06
10561,10.10.2011 23:00:01,4.68,4.43,4.75,5,5.06
10562,11.10.2011 00:00:01,4.37,4.12,4.75,5,5.06
10563,11.10.2011 01:00:01,4.12,3.81,4.75,5,5.06
10564,11.10.2011 02:00:01,3.93,3.56,4.75,5,5.06,3.547
10565,11.10.2011 03:00:01,3.75,3.37,4.68,5,5.06
10566,11.10.2011 04:00:01,3.5,3.18,4.68,5,5.06
10567,11.10.2011 05:00:01,3.37,3,4.62,4.93,5.06
10568,11.10.2011 06:00:01,3.18,2.87,4.56,4.93,5.06
10569,11.10.2011 07:00:01,3.06,2.75,4.5,4.93,5
10570,11.10.2011 08:00:01,2.93,2.62,4.5,4.93,5.06,3.538
10571,11.10.2011 09:00:01,2.81,2.43,4.43,4.93,5.06
10572,11.10.2011 10:00:01,2.75,2.37,4.37,4.93,5.06
10573,11.10.2011 11:00:01,2.75,2.43,4.37,4.93,5.06
10574,11.10.2011 12:00:01,2.87,2.81,4.31,4.93,5
10575,11.10.2011 13:00:01,3.37,3.56,4.25,4.93,5
10576,11.10.2011 14:00:01,4.06,4.43,4.25,4.93,5.06,3.543
10577,11.10.2011 15:00:01,4.68,5.18,4.25,4.93,5
10578,11.10.2011 16:00:01,5.25,5.68,4.25,4.93,5.06
10579,11.10.2011 17:00:01,5.56,5.93,4.31,4.93,5
10580,11.10.2011 18:00:01,5.68,5.87,4.37,4.93,5
10581,11.10.2011 19:00:01,5.62,5.56,4.43,4.87,5
10582,11.10.2011 20:00:01,5.37,5.25,4.5,4.87,5,3.549
10583,11.10.2011 21:00:01,5.12,4.87,4.5,4.87,5
10584,11.10.2011 22:00:01,4.87,4.56,4.56,4.87,5
10585,11.10.2011 23:00:01,4.56,4.18,4.56,4.87,5
10586,12.10.2011 00:00:01,4.31,3.87,4.56,4.81,5
10587,12.10.2011 01:00:01,4.06,3.62,4.56,4.87,5
10588,12.10.2011 02:00:01,3.81,3.43,4.56,4.87,5,3.544
10589,12.10.2011 03:00:01,3.62,3.18,4.56,4.81,5
10590,12.10.2011 04:00:01,3.37,3.06,4.5,4.81,5
10591,12.10.2011 05:00:01,3.25,2.87,4.5,4.81,5
10592,12.10.2011 06:00:01,3.12,2.75,4.43,4.81,5
10593,12.10.2011 07:00:01,3,2.62,4.37,4.81,5
10594,12.10.2011 08:00:01,2.87,2.5,4.37,4.81,5,3.536
10595,12.10.2011 09:00:01,2.75,2.37,4.25,4.81,5
10596,12.10.2011 10:00:01,2.68,2.37,4.25,4.81,5
10597,12.10.2011 11:00:01,2.75,2.56,4.18,4.81,5
10598,12.10.2011 12:00:01,3,3,4.12,4.81,5
10599,12.10.2011 13:00:01,3.56,3.75,4.12,4.81,5
10600,12.10.2011 14:00:01,4.25,4.68,4.12,4.81,5,3.544
10601,12.10.2011 15:00:01,4.93,5.56,4.12,4.81,5
10602,12.10.2011 16:00:01,5.56,6.12,4.18,4.75,5
10603,12.10.2011 17:00:01,5.93,6.37,4.25,4.75,5
10604,12.10.2011 18:00:01,6.12,6.43,4.31,4.75,5
10605,12.10.2011 19:00:01,6.12,6.25,4.43,4.75,5
10606,12.10.2011 20:00:01,6,6,4.5,4.75,5,3.555
10607,12.10.2011 21:00:01,5.75,5.68,4.56,4.75,4.93
10608,12.10.2011 22:00:01,5.5,5.31,4.62,4.75,5
10609,12.10.2011 23:00:01,5.25,5.06,4.62,4.75,5
10610,13.10.2011 00:00:01,5.06,4.75,4.68,4.75,4.93
10611,13.10.2011 01:00:01,4.81,4.5,4.68,4.68,4.93
10612,13.10.2011 02:00:01,4.56,4.31,4.68,4.68,4.93,3.550
10613,13.10.2011 03:00:01,4.37,4.06,4.68,4.68,4.93
10614,13.10.2011 04:00:01,4.12,3.81,4.62,4.68,4.93
10615,13.10.2011 05:00:01,3.93,3.62,4.62,4.68,4.93
10616,13.10.2011 06:00:01,3.68,3.37,4.56,4.68,5
10617,13.10.2011 07:00:01,3.56,3.25,4.56,4.68,4.93
10618,13.10.2011 08:00:01,3.37,3.06,4.5,4.68,4.93,3.535
10619,13.10.2011 09:00:01,3.31,2.93,4.5,4.68,4.93
10620,13.10.2011 10:00:01,3.18,3,4.43,4.75,4.93
10621,13.10.2011 11:00:01,3.37,3.31,4.37,4.68,4.93
10622,13.10.2011 12:00:01,3.81,4,4.37,4.68,4.93
10623,13.10.2011 13:00:01,4.43,4.87,4.37,4.75,4.93
10624,13.10.2011 14:00:01,5.18,5.87,4.37,4.68,4.93,3.545
10625,13.10.2011 15:00:01,6,6.68,4.43,4.68,4.93
10626,13.10.2011 16:00:01,6.56,7.18,4.5,4.75,4.93
10627,13.10.2011 17:00:01,6.87,7.43,4.56,4.68,4.93
10628,13.10.2011 18:00:01,7,7.37,4.68,4.68,4.93
10629,13.10.2011 19:00:01,6.93,7.12,4.75,4.68,4.93
10630,13.10.2011 20:00:01,6.68,6.75,4.81,4.68,4.93,3.559
10631,13.10.2011 21:00:01,6.43,6.31,4.87,4.68,4.93
10632,13.10.2011 22:00:01,6.12,6,4.93,4.68,4.93
10633,13.10.2011 23:00:01,5.87,5.62,5,4.68,4.93
10634,14.10.2011 00:00:01,5.56,5.31,5,4.68,4.93
10635,14.10.2011 01:00:01,5.31,5.06,5.06,4.68,4.93
10636,14.10.2011 02:00:01,5.06,4.81,5.06,4.68,4.93,3.548
10637,14.10.2011 03:00:01,4.81,4.56,5,4.68,4.93
10638,14.10.2011 04:00:01,4.62,4.25,5,4.68,4.93
10639,14.10.2011 05:00:01,4.37,4,5,4.68,4.93
10640,14.10.2011 06:00:01,4.12,3.81,4.93,4.68,4.87
10641,14.10.2011 07:00:01,3.93,3.62,4.87,4.68,4.93
10642,14.10.2011 08:00:01,3.75,3.43,4.81,4.75,4.93,3.538
10643,14.10.2011 09:00:01,3.56,3.25,4.81,4.68,4.93
10644,14.10.2011 10:00:01,3.5,3.18,4.75,4.75,4.87
10645,14.10.2011 11:00:01,3.56,3.37,4.68,4.75,4.87
10646,14.10.2011 12:00:01,3.75,3.75,4.62,4.75,4.93
10647,14.10.2011 13:00:01,4.18,4.31,4.62,4.75,4.87
10648,14.10.2011 14:00:01,4.56,4.87,4.62,4.75,4.87,3.547
10649,14.10.2011 15:00:01,5,5.37,4.56,4.75,4.87
10650,14.10.2011 16:00:01,5.37,5.75,4.62,4.75,4.87
10651,14.10.2011 17:00:01,5.62,6.06,4.62,4.75,4.87
10652,14.10.2011 18:00:01,5.81,6.18,4.68,4.75,4.87
10653,14.10.2011 19:00:01,5.87,6.12,4.75,4.75,4.87
10654,14.10.2011 20:00:01,5.75,5.93,4.81,4.75,4.87,3.555
10655,14.10.2011 21:00:01,5.68,5.75,4.81,4.75,4.87
10656,14.10.2011 22:00:01,5.5,5.56,4.87,4.75,4.87
10657,14.10.2011 23:00:01,5.37,5.31,4.87,4.75,4.87
10658,15.10.2011 00:00:01,5.25,5.18,4.87,4.75,4.87
10659,15.10.2011 01:00:01,5.06,4.93,4.93,4.75,4.87
10660,15.10.2011 02:00:01,4.93,4.81,4.93,4.75,4.87,3.547
10661,15.10.2011 03:00:01,4.81,4.68,4.93,4.75,4.87
10662,15.10.2011 04:00:01,4.68,4.5,4.87,4.75,4.87
10663,15.10.2011 05:00:01,4.56,4.43,4.87,4.75,4.87
10664,15.10.2011 06:00:01,4.5,4.31,4.81,4.75,4.87
10665,15.10.2011 07:00:01,4.37,4.25,4.81,4.75,4.87
10666,15.10.2011 08:00:01,4.31,4.18,4.81,4.75,4.87,3.543
10667,15.10.2011 09:00:01,4.25,4.12,4.81,4.75,4.87
10668,15.10.2011 10:00:01,4.18,4.06,4.75,4.75,4.87
10669,15.10.2011 11:00:01,4.18,4.12,4.75,4.75,4.87
10670,15.10.2011 12:00:01,4.31,4.31,4.68,4.75,4.87
10671,15.10.2011 13:00:01,4.5,4.68,4.68,4.75,4.87
10672,15.10.2011 14:00:01,4.75,5,4.68,4.75,4.87,3.544
10673,15.10.2011 15:00:01,5,5.25,4.68,4.75,4.87
10674,15.10.2011 16:00:01,5.12,5.43,4.68,4.75,4.87
10675,15.10.2011 17:00:01,5.31,5.56,4.75,4.75,4.87
10676,15.10.2011 18:00:01,5.37,5.56,4.75,4.75,4.87
10677,15.10.2011 19:00:01,5.37,5.5,4.81,4.75,4.87
10678,15.10.2011 20:00:01,5.25,5.37,4.81,4.75,4.87,3.548
10679,15.10.2011 21:00:01,5.18,5.18,4.81,4.75,4.81
10680,15.10.2011 22:00:01,5,5,4.81,4.75,4.87
10681,15.10.2011 23:00:01,4.87,4.81,4.81,4.75,4.87
10682,16.10.2011 00:00:01,4.75,4.68,4.81,4.75,4.87
10683,16.10.2011 01:00:01,4.62,4.5,4.87,4.75,4.87
10684,16.10.2011 02:00:01,4.5,4.37,4.81,4.75,4.81,3.549
10685,16.10.2011 03:00:01,4.37,4.25,4.81,4.75,4.81
10686,16.10.2011 04:00:01,4.31,4.18,4.81,4.75,4.87
10687,16.10.2011 05:00:01,4.18,4.06,4.75,4.75,4.87
10688,16.10.2011 06:00:01,4.12,3.93,4.75,4.75,4.87
10689,16.10.2011 07:00:01,4,3.87,4.68,4.75,4.87
10690,16.10.2011 08:00:01,3.93,3.81,4.68,4.75,4.87,3.540
10691,16.10.2011 09:00:01,3.87,3.75,4.62,4.75,4.87
10692,16.10.2011 10:00:01,3.87,3.68,4.62,4.75,4.81
10693,16.10.2011 11:00:01,3.87,3.75,4.62,4.75,4.87
10694,16.10.2011 12:00:01,3.87,3.93,4.56,4.75,4.81
10695,16.10.2011 13:00:01,4.12,4.25,4.5,4.75,4.87
10696,16.10.2011 14:00:01,4.31,4.56,4.56,4.75,4.81,3.546
10697,16.10.2011 15:00:01,4.56,4.75,4.56,4.75,4.81
10698,16.10.2011 16:00:01,4.68,4.93,4.56,4.75,4.81
10699,16.10.2011 17:00:01,4.87,5.06,4.56,4.75,4.81
10700,16.10.2011 18:00:01,5,5.12,4.56,4.75,4.81
10701,16.10.2011 19:00:01,4.93,5.06,4.56,4.75,4.87
10702,16.10.2011 20:00:01,4.87,4.87,4.62,4.68,4.81,3.552
10703,16.10.2011 21:00:01,4.75,4.75,4.62,4.68,4.81
10704,16.10.2011 22:00:01,4.62,4.56,4.62,4.68,4.81
10705,16.10.2011 23:00:01,4.5,4.37,4.62,4.68,4.87
10706,17.10.2011 00:00:01,4.37,4.25,4.62,4.68,4.81
10707,17.10.2011 01:00:01,4.25,4.12,4.62,4.68,4.81
10708,17.10.2011 02:00:01,4.12,3.93,4.62,4.68,4.81,3.541
10709,17.10.2011 03:00:01,4,3.81,4.62,4.68,4.81
10710,17.10.2011 04:00:01,3.93,3.68,4.56,4.68,4.81
10711,17.10.2011 05:00:01,3.81,3.56,4.56,4.68,4.81
10712,17.10.2011 06:00:01,3.68,3.5,4.5,4.68,4.87
10713,17.10.2011 07:00:01,3.56,3.37,4.5,4.68,4.81
10714,17.10.2011 08:00:01,3.5,3.31,4.43,4.68,4.81,3.542
10715,17.10.2011 09:00:01,3.43,3.18,4.43,4.68,4.81
10716,17.10.2011 10:00:01,3.37,3.12,4.37,4.68,4.81
10717,17.10.2011 11:00:01,3.43,3.37,4.37,4.68,4.81
10718,17.10.2011 12:00:01,3.75,3.87,4.31,4.68,4.81
10719,17.10.2011 13:00:01,4.31,4.62,4.31,4.68,4.81
10720,17.10.2011 14:00:01,5,5.5,4.31,4.68,4.81,3.543
10721,17.10.2011 15:00:01,5.62,6.12,4.37,4.68,4.81
10722,17.10.2011 16:00:01,6.06,6.5,4.37,4.68,4.81
10723,17.10.2011 17:00:01,6.18,6.56,4.43,4.68,4.81
10724,17.10.2011 18:00:01,6.25,6.5,4.5,4.62,4.81
10725,17.10.2011 19:00:01,6.12,6.25,4.56,4.62,4.81
10726,17.10.2011 20:00:01,5.93,5.93,4.68,4.62,4.81,3.552
10727,17.10.2011 21:00:01,5.68,5.56,4.68,4.68,4.81
10728,17.10.2011 22:00:01,5.37,5.18,4.75,4.62,4.81
10729,17.10.2011 23:00:01,5.12,4.93,4.75,4.62,4.81
10730,18.10.2011 00:00:01,4.87,4.56,4.75,4.62,4.81
10731,18.10.2011 01:00:01,4.62,4.31,4.75,4.62,4.81
10732,18.10.2011 02:00:01,4.37,4.06,4.75,4.62,4.81,3.542
10733,18.10.2011 03:00:01,4.18,3.81,4.75,4.62,4.81
10734,18.10.2011 04:00:01,3.93,3.62,4.68,4.62,4.81
10735,18.10.2011 05:00:01,3.81,3.43,4.62,4.62,4.81
10736,18.10.2011 06:00:01,3.62,3.31,4.56,4.62,4.81
10737,18.10.2011 07:00:01,3.43,3.12,4.56,4.62,4.81
10738,18.10.2011 08:00:01,3.31,3,4.5,4.62,4.81,3.534
10739,18.10.2011 09:00:01,3.18,2.87,4.43,4.62,4.81
10740,18.10.2011 10:00:01,3.12,2.81,4.43,4.62,4.81
10741,18.10.2011 11:00:01,3.12,2.87,4.37,4.62,4.81
10742,18.10.2011 12:00:01,3.25,3.12,4.31,4.62,4.81
10743,18.10.2011 13:00:01,3.37,3.37,4.31,4.62,4.81
10744,18.10.2011 14:00:01,3.56,3.68,4.25,4.62,4.81,3.536
10745,18.10.2011 15:00:01,3.81,3.87,4.25,4.62,4.81
10746,18.10.2011 16:00:01,3.93,4,4.18,4.62,4.81
10747,18.10.2011 17:00:01,4,4.12,4.25,4.62,4.81
10748,18.10.2011 18:00:01,4.06,4.12,4.18,4.62,4.81
10749,18.10.2011 19:00:01,4,4.06,4.25,4.62,4.81
10750,18.10.2011 20:00:01,3.93,3.93,4.25,4.62,4.81,3.544
10751,18.10.2011 21:00:01,3.81,3.75,4.25,4.62,4.81
10752,18.10.2011 22:00:01,3.68,3.62,4.25,4.62,4.75
10753,18.10.2011 23:00:01,3.62,3.43,4.25,4.56,4.75
10754,19.10.2011 00:00:01,3.5,3.31,4.18,4.56,4.81
10755,19.10.2011 01:00:01,3.37,3.18,4.18,4.56,4.81
10756,19.10.2011 02:00:01,3.25,3.06,4.18,4.56,4.75,3.539
10757,19.10.2011 03:00:01,3.12,2.93,4.12,4.56,4.75
10758,19.10.2011 04:00:01,3,2.81,4.12,4.56,4.81
10759,19.10.2011 05:00:01,2.93,2.75,4.12,4.56,4.75
10760,19.10.2011 06:00:01,2.87,2.62,4.06,4.56,4.75
10761,19.10.2011 07:00:01,2.75,2.5,4,4.56,4.81
10762,19.10.2011 08:00:01,2.68,2.43,4,4.56,4.75,3.535
10763,19.10.2011 09:00:01,2.56,2.37,3.93,4.56,4.75
10764,19.10.2011 10:00:01,2.56,2.31,3.93,4.5,4.75
10765,19.10.2011 11:00:01,2.5,2.31,3.87,4.5,4.75
10766,19.10.2011 12:00:01,2.62,2.5,3.87,4.56,4.75
10767,19.10.2011 13:00:01,2.87,2.93,3.81,4.5,4.75
10768,19.10.2011 14:00:01,3.37,3.56,3.81,4.5,4.75,3.532
10769,19.10.2011 15:00:01,3.81,4.18,3.81,4.5,4.75
10770,19.10.2011 16:00:01,4.18,4.56,3.81,4.5,4.75
10771,19.10.2011 17:00:01,4.37,4.68,3.87,4.5,4.75
10772,19.10.2011 18:00:01,4.43,4.62,3.87,4.5,4.75
10773,19.10.2011 19:00:01,4.37,4.5,3.93,4.5,4.75
10774,19.10.2011 20:00:01,4.25,4.37,3.93,4.43,4.75,3.544
10775,19.10.2011 21:00:01,4.18,4.18,4,4.43,4.75
10776,19.10.2011 22:00:01,4.06,4,4,4.43,4.75
10777,19.10.2011 23:00:01,3.93,3.87,4,4.43,4.75
10778,20.10.2011 00:00:01,3.81,3.75,4.06,4.43,4.75
10779,20.10.2011 01:00:01,3.68,3.62,4.06,4.43,4.75
10780,20.10.2011 02:00:01,3.62,3.5,4,4.43,4.75,3.538
10781,20.10.2011 03:00:01,3.56,3.43,4,4.43,4.75
10782,20.10.2011 04:00:01,3.43,3.37,4,4.37,4.75
10783,20.10.2011 05:00:01,3.37,3.25,4,4.43,4.75
10784,20.10.2011 06:00:01,3.31,3.18,4,4.37,4.75
10785,20.10.2011 07:00:01,3.18,3.06,3.93,4.37,4.75
10786,20.10.2011 08:00:01,3.06,2.93,3.93,4.37,4.75,3.538
10787,20.10.2011 09:00:01,3,2.81,3.93,4.37,4.75
10788,20.10.2011 10:00:01,2.93,2.75,3.93,4.37,4.75
10789,20.10.2011 11:00:01,2.87,2.68,3.87,4.37,4.75
10790,20.10.2011 12:00:01,2.87,2.68,3.87,4.37,4.75
10791,20.10.2011 13:00:01,2.87,2.68,3.81,4.37,4.75
10792,20.10.2011 14:00:01,2.81,2.75,3.81,4.37,4.75,3.533
10793,20.10.2011 15:00:01,2.87,2.81,3.81,4.37,4.75
10794,20.10.2011 16:00:01,3,2.93,3.75,4.37,4.75
10795,20.10.2011 17:00:01,3.06,3.12,3.75,4.37,4.75
10796,20.10.2011 18:00:01,3.18,3.25,3.75,4.31,4.75
10797,20.10.2011 19:00:01,3.25,3.18,3.75,4.31,4.68
10798,20.10.2011 20:00:01,3.18,3.18,3.75,4.31,4.68,3.538
10799,20.10.2011 21:00:01,3.18,3.12,3.75,4.31,4.75
10800,20.10.2011 22:00:01,3.12,3,3.75,4.31,4.75
10801,20.10.2011 23:00:01,3.06,2.93,3.75,4.31,4.75
10802,21.10.2011 00:00:01,3,2.87,3.75,4.31,4.68
10803,21.10.2011 01:00:01,2.93,2.81,3.68,4.31,4.68
10804,21.10.2011 02:00:01,2.87,2.68,3.68,4.31,4.75,3.529
10805,21.10.2011 03:00:01,2.75,2.62,3.68,4.31,4.68
10806,21.10.2011 04:00:01,2.75,2.56,3.68,4.31,4.68
10807,21.10.2011 05:00:01,2.68,2.5,3.62,4.25,4.68
10808,21.10.2011 06:00:01,2.62,2.43,3.62,4.31,4.68
10809,21.10.2011 07:00:01,2.56,2.37,3.62,4.25,4.68
10810,21.10.2011 08:00:01,2.5,2.37,3.56,4.31,4.68,3.528
10811,21.10.2011 09:00:01,2.43,2.31,3.56,4.25,4.68
10812,21.10.2011 10:00:01,2.43,2.25,3.56,4.25,4.68
10813,21.10.2011 11:00:01,2.37,2.25,3.5,4.25,4.68
10814,21.10.2011 12:00:01,2.5,2.37,3.5,4.25,4.68
10815,21.10.2011 13:00:01,2.75,2.87,3.43,4.25,4.68
10816,21.10.2011 14:00:01,3.31,3.56,3.43,4.25,4.68,3.532
10817,21.10.2011 15:00:01,3.87,4.18,3.5,4.25,4.68
10818,21.10.2011 16:00:01,4.25,4.56,3.5,4.25,4.68
10819,21.10.2011 17:00:01,4.56,4.75,3.56,4.25,4.68
10820,21.10.2011 18:00:01,4.62,4.68,3.62,4.18,4.68
10821,21.10.2011 19:00:01,4.56,4.5,3.68,4.18,4.68
10822,21.10.2011 20:00:01,4.37,4.18,3.68,4.18,4.68,3.541
10823,21.10.2011 21:00:01,4.12,3.87,3.75,4.18,4.68
10824,21.10.2011 22:00:01,3.87,3.62,3.81,4.18,4.68
10825,21.10.2011 23:00:01,3.68,3.37,3.81,4.18,4.68
10826,22.10.2011 00:00:01,3.43,3.12,3.81,4.18,4.68
10827,22.10.2011 01:00:01,3.31,2.93,3.75,4.18,4.68
10828,22.10.2011 02:00:01,3.12,2.81,3.75,4.18,4.68,3.532
10829,22.10.2011 03:00:01,2.93,2.62,3.75,4.18,4.68
10830,22.10.2011 04:00:01,2.81,2.5,3.75,4.18,4.68
10831,22.10.2011 05:00:01,2.68,2.37,3.68,4.12,4.62
10832,22.10.2011 06:00:01,2.56,2.31,3.68,4.18,4.62
10833,22.10.2011 07:00:01,2.5,2.18,3.62,4.12,4.68
10834,22.10.2011 08:00:01,2.37,2.06,3.62,4.18,4.62,3.532
10835,22.10.2011 09:00:01,2.31,2,3.56,4.12,4.62
10836,22.10.2011 10:00:01,2.18,1.93,3.5,4.18,4.62
10837,22.10.2011 11:00:01,2.18,1.93,3.5,4.12,4.62
10838,22.10.2011 12:00:01,2.18,2,3.43,4.12,4.62
10839,22.10.2011 13:00:01,2.31,2.18,3.37,4.18,4.62
10840,22.10.2011 14:00:01,2.68,2.68,3.37,4.12,4.62,3.532
10841,22.10.2011 15:00:01,3.06,3.18,3.37,4.12,4.62
10842,22.10.2011 16:00:01,3.43,3.62,3.37,4.12,4.62
10843,22.10.2011 17:00:01,3.68,3.87,3.37,4.12,4.62
10844,22.10.2011 18:00:01,3.81,3.93,3.37,4.12,4.62
10845,22.10.2011 19:00:01,3.81,3.87,3.43,4.12,4.62
10846,22.10.2011 20:00:01,3.81,3.75,3.5,4.12,4.62,3.537
10847,22.10.2011 21:00:01,3.68,3.56,3.5,4.12,4.62
10848,22.10.2011 22:00:01,3.5,3.43,3.5,4.12,4.62
10849,22.10.2011 23:00:01,3.37,3.18,3.56,4.06,4.62
10850,23.10.2011 00:00:01,3.25,3.06,3.56,4.06,4.62
10851,23.10.2011 01:00:01,3.06,2.87,3.5,4.06,4.62
10852,23.10.2011 02:00:01,2.93,2.75,3.56,4.06,4.62,3.530
10853,23.10.2011 03:00:01,2.81,2.62,3.56,4.06,4.62
10854,23.10.2011 04:00:01,2.75,2.56,3.5,4.06,4.62
10855,23.10.2011 05:00:01,2.62,2.43,3.5,4.06,4.62
10856,23.10.2011 06:00:01,2.56,2.37,3.43,4.06,4.62
10857,23.10.2011 07:00:01,2.5,2.25,3.43,4.06,4.62
10858,23.10.2011 08:00:01,2.43,2.18,3.43,4.06,4.62,3.526
10859,23.10.2011 09:00:01,2.31,2.06,3.37,4.06,4.62
10860,23.10.2011 10:00:01,2.25,2.06,3.37,4.06,4.62
10861,23.10.2011 11:00:01,2.25,2.06,3.37,4,4.62
10862,23.10.2011 12:00:01,2.31,2.18,3.31,4,4.56
10863,23.10.2011 13:00:01,2.56,2.56,3.31,4,4.62
10864,23.10.2011 14:00:01,3,3.18,3.25,4,4.56,3.528
10865,23.10.2011 15:00:01,3.5,3.81,3.25,4,4.62
10866,23.10.2011 16:00:01,3.87,4.25,3.31,4,4.56
10867,23.10.2011 17:00:01,4.18,4.5,3.31,4,4.62
10868,23.10.2011 18:00:01,4.31,4.56,3.43,4,4.56
10869,23.10.2011 19:00:01,4.31,4.5,3.43,4,4.56
10870,23.10.2011 20:00:01,4.25,4.31,3.5,4,4.56,3.543
10871,23.10.2011 21:00:01,4.12,4.06,3.5,4,4.56
10872,23.10.2011 22:00:01,3.93,3.87,3.56,4,4.56
10873,23.10.2011 23:00:01,3.75,3.56,3.56,4,4.62
10874,24.10.2011 00:00:01,3.56,3.37,3.62,3.93,4.56
10875,24.10.2011 01:00:01,3.37,3.18,3.62,4,4.56
10876,24.10.2011 02:00:01,3.18,3.06,3.62,3.93,4.56,3.533
10877,24.10.2011 03:00:01,3.12,2.87,3.56,4,4.56
10878,24.10.2011 04:00:01,2.93,2.81,3.56,3.93,4.56
10879,24.10.2011 05:00:01,2.87,2.68,3.56,3.93,4.56
10880,24.10.2011 06:00:01,2.81,2.56,3.56,3.93,4.56
10881,24.10.2011 07:00:01,2.75,2.5,3.5,3.93,4.56
10882,24.10.2011 08:00:01,2.68,2.43,3.5,3.93,4.56,3.533
10883,24.10.2011 09:00:01,2.56,2.37,3.5,3.93,4.56
10884,24.10.2011 10:00:01,2.56,2.37,3.43,3.93,4.56
10885,24.10.2011 11:00:01,2.5,2.31,3.43,3.93,4.56
10886,24.10.2011 12:00:01,2.5,2.31,3.37,3.93,4.56
10887,24.10.2011 13:00:01,2.5,2.31,3.37,3.93,4.56
10888,24.10.2011 14:00:01,2.43,2.31,3.37,3.93,4.56,3.531
10889,24.10.2011 15:00:01,2.5,2.43,3.31,3.93,4.56
10890,24.10.2011 16:00:01,2.62,2.68,3.31,3.93,4.56
10891,24.10.2011 17:00:01,2.75,2.81,3.31,3.93,4.56
10892,24.10.2011 18:00:01,2.81,2.87,3.31,3.93,4.56
10893,24.10.2011 19:00:01,2.81,2.81,3.31,3.93,4.56
10894,24.10.2011 20:00:01,2.81,2.81,3.31,3.93,4.56,3.529
10895,24.10.2011 21:00:01,2.81,2.75,3.31,3.93,4.56
10896,24.10.2011 22:00:01,2.68,2.68,3.25,3.87,4.56
10897,24.10.2011 23:00:01,2.62,2.56,3.25,3.93,4.56
10898,25.10.2011 00:00:01,2.56,2.43,3.25,3.93,4.5
10899,25.10.2011 01:00:01,2.5,2.31,3.31,3.93,4.56
10900,25.10.2011 02:00:01,2.43,2.25,3.25,3.93,4.56,3.532
10901,25.10.2011 03:00:01,2.31,2.18,3.25,3.87,4.5
10902,25.10.2011 04:00:01,2.25,2.06,3.18,3.87,4.5
10903,25.10.2011 05:00:01,2.18,2,3.18,3.87,4.5
10904,25.10.2011 06:00:01,2.12,1.93,3.18,3.87,4.5
10905,25.10.2011 07:00:01,2.06,1.87,3.18,3.87,4.5
10906,25.10.2011 08:00:01,2,1.81,3.12,3.87,4.5,3.523
10907,25.10.2011 09:00:01,1.93,1.75,3.12,3.87,4.5
10908,25.10.2011 10:00:01,1.87,1.68,3.06,3.87,4.5
10909,25.10.2011 11:00:01,1.87,1.68,3.06,3.87,4.5
10910,25.10.2011 12:00:01,1.87,1.75,3,3.87,4.5
10911,25.10.2011 13:00:01,2.06,1.93,3,3.87,4.5
10912,25.10.2011 14:00:01,2.43,2.43,3,3.87,4.5,3.529
10913,25.10.2011 15:00:01,2.87,3,3,3.87,4.5
10914,25.10.2011 16:00:01,3.31,3.43,3,3.87,4.5
10915,25.10.2011 17:00:01,3.62,3.68,3,3.81,4.5
10916,25.10.2011 18:00:01,3.68,3.68,3.06,3.81,4.5
10917,25.10.2011 19:00:01,3.68,3.5,3.06,3.81,4.5
10918,25.10.2011 20:00:01,3.5,3.25,3.12,3.81,4.5,3.533
10919,25.10.2011 21:00:01,3.31,3.06,3.12,3.81,4.5
10920,25.10.2011 22:00:01,3.12,2.81,3.18,3.81,4.5
10921,25.10.2011 23:00:01,2.93,2.62,3.18,3.81,4.5
10922,26.10.2011 00:00:01,2.75,2.43,3.18,3.81,4.5
10923,26.10.2011 01:00:01,2.62,2.31,3.12,3.81,4.5
10924,26.10.2011 02:00:01,2.5,2.18,3.12,3.81,4.5,3.526
10925,26.10.2011 03:00:01,2.37,2.06,3.12,3.75,4.5
10926,26.10.2011 04:00:01,2.25,2,3.12,3.75,4.43
10927,26.10.2011 05:00:01,2.18,1.87,3.12,3.75,4.5
10928,26.10.2011 06:00:01,2.06,1.81,3.06,3.75,4.5
10929,26.10.2011 07:00:01,2,1.75,3.06,3.75,4.5
10930,26.10.2011 08:00:01,1.93,1.68,3,3.75,4.43,3.522
10931,26.10.2011 09:00:01,1.87,1.56,3,3.75,4.43
10932,26.10.2011 10:00:01,1.81,1.56,3,3.75,4.5
10933,26.10.2011 11:00:01,1.75,1.5,2.93,3.75,4.5
10934,26.10.2011 12:00:01,1.75,1.56,2.87,3.75,4.5
10935,26.10.2011 13:00:01,1.75,1.62,2.87,3.75,4.43
10936,26.10.2011 14:00:01,1.87,1.75,2.87,3.75,4.43,3.525
10937,26.10.2011 15:00:01,2.12,1.93,2.87,3.75,4.43
10938,26.10.2011 16:00:01,2.31,2.12,2.81,3.68,4.43
10939,26.10.2011 17:00:01,2.37,2.25,2.81,3.75,4.43
10940,26.10.2011 18:00:01,2.43,2.31,2.81,3.75,4.43
10941,26.10.2011 19:00:01,2.43,2.25,2.81,3.68,4.43
10942,26.10.2011 20:00:01,2.37,2.12,2.81,3.68,4.43,3.529
10943,26.10.2011 21:00:01,2.25,2.06,2.81,3.68,4.43
10944,26.10.2011 22:00:01,2.18,1.93,2.81,3.68,4.43
10945,26.10.2011 23:00:01,2.06,1.81,2.81,3.68,4.43
10946,27.10.2011 00:00:01,2,1.75,2.81,3.68,4.43
10947,27.10.2011 01:00:01,1.93,1.68,2.75,3.62,4.43
10948,27.10.2011 02:00:01,1.87,1.68,2.75,3.68,4.43,3.527
10949,27.10.2011 03:00:01,1.81,1.62,2.75,3.68,4.43
10950,27.10.2011 04:00:01,1.75,1.56,2.75,3.62,4.43
10951,27.10.2011 05:00:01,1.68,1.5,2.75,3.62,4.43
10952,27.10.2011 06:00:01,1.68,1.5,2.68,3.62,4.43
10953,27.10.2011 07:00:01,1.62,1.43,2.68,3.62,4.43
10954,27.10.2011 08:00:01,1.56,1.43,2.68,3.62,4.43,3.520
10955,27.10.2011 09:00:01,1.5,1.37,2.62,3.62,4.43
10956,27.10.2011 10:00:01,1.5,1.31,2.62,3.62,4.43
10957,27.10.2011 11:00:01,1.5,1.31,2.62,3.62,4.43
10958,27.10.2011 12:00:01,1.5,1.31,2.56,3.62,4.43
10959,27.10.2011 13:00:01,1.56,1.43,2.56,3.56,4.43
10960,27.10.2011 14:00:01,1.62,1.56,2.56,3.56,4.43,3.524
10961,27.10.2011 15:00:01,1.81,1.81,2.56,3.56,4.43
10962,27.10.2011 16:00:01,2,2,2.56,3.56,4.43
10963,27.10.2011 17:00:01,2.25,2.18,2.56,3.56,4.37
10964,27.10.2011 18:00:01,2.25,2.31,2.56,3.56,4.37
10965,27.10.2011 19:00:01,2.31,2.25,2.56,3.56,4.37
10966,27.10.2011 20:00:01,2.25,2.12,2.56,3.56,4.37,3.527
10967,27.10.2011 21:00:01,2.12,2,2.56,3.5,4.37
10968,27.10.2011 22:00:01,2.06,1.87,2.62,3.56,4.37
10969,27.10.2011 23:00:01,1.93,1.75,2.56,3.5,4.37
10970,28.10.2011 00:00:01,1.87,1.68,2.56,3.5,4.37
10971,28.10.2011 01:00:01,1.81,1.62,2.56,3.5,4.37
10972,28.10.2011 02:00:01,1.75,1.56,2.56,3.5,4.37,3.525
10973,28.10.2011 03:00:01,1.68,1.56,2.56,3.5,4.37
10974,28.10.2011 04:00:01,1.68,1.43,2.56,3.5,4.37
10975,28.10.2011 05:00:01,1.62,1.43,2.56,3.5,4.37
10976,28.10.2011 06:00:01,1.56,1.43,2.56,3.5,4.37
10977,28.10.2011 07:00:01,1.5,1.37,2.5,3.43,4.37
10978,28.10.2011 08:00:01,1.5,1.37,2.5,3.5,4.37,3.520
10979,28.10.2011 09:00:01,1.5,1.37,2.5,3.5,4.37
10980,28.10.2011 10:00:01,1.5,1.31,2.43,3.43,4.37
10981,28.10.2011 11:00:01,1.43,1.31,2.43,3.43,4.37
10982,28.10.2011 12:00:01,1.43,1.31,2.43,3.43,4.37
10983,28.10.2011 13:00:01,1.5,1.37,2.43,3.43,4.37
10984,28.10.2011 14:00:01,1.62,1.56,2.37,3.43,4.31,3.524
10985,28.10.2011 15:00:01,1.81,1.81,2.37,3.43,4.37
10986,28.10.2011 16:00:01,1.93,2,2.43,3.43,4.37
10987,28.10.2011 17:00:01,2,2,2.43,3.43,4.31
10988,28.10.2011 18:00:01,2,2,2.43,3.37,4.37
10989,28.10.2011 19:00:01,2,1.93,2.43,3.37,4.37
10990,28.10.2011 20:00:01,1.93,1.87,2.43,3.37,4.37,3.520
10991,28.10.2011 21:00:01,1.87,1.81,2.43,3.37,4.37
10992,28.10.2011 22:00:01,1.81,1.75,2.43,3.37,4.31
10993,28.10.2011 23:00:01,1.75,1.68,2.43,3.37,4.31
10994,29.10.2011 00:00:01,1.68,1.62,2.43,3.37,4.31
10995,29.10.2011 01:00:01,1.68,1.56,2.43,3.37,4.31
10996,29.10.2011 02:00:01,1.62,1.5,2.43,3.37,4.31,3.519
10997,29.10.2011 03:00:01,1.56,1.5,2.43,3.31,4.31
10998,29.10.2011 04:00:01,1.56,1.43,2.37,3.31,4.31
10999,29.10.2011 05:00:01,1.56,1.43,2.37,3.37,4.31
11000,29.10.2011 06:00:01,1.5,1.43,2.37,3.37,4.31
11001,29.10.2011 07:00:01,1.5,1.37,2.43,3.37,4.31
11002,29.10.2011 08:00:01,1.43,1.37,2.37,3.31,4.31,3.520
11003,29.10.2011 09:00:01,1.43,1.31,2.37,3.31,4.31
11004,29.10.2011 10:00:01,1.43,1.31,2.31,3.31,4.31
11005,29.10.2011 11:00:01,1.43,1.31,2.31,3.31,4.31
11006,29.10.2011 12:00:01,1.37,1.25,2.31,3.31,4.31
11007,29.10.2011 13:00:01,1.37,1.25,2.31,3.31,4.31
11008,29.10.2011 14:00:01,1.37,1.25,2.31,3.31,4.31,3.518
11009,29.10.2011 15:00:01,1.37,1.25,2.31,3.31,4.31
11010,29.10.2011 16:00:01,1.37,1.25,2.25,3.31,4.31
11011,29.10.2011 17:00:01,1.37,1.25,2.25,3.31,4.31
11012,29.10.2011 18:00:01,1.31,1.25,2.25,3.31,4.31
11013,29.10.2011 19:00:01,1.31,1.25,2.25,3.31,4.31
11014,29.10.2011 20:00:01,1.31,1.18,2.25,3.31,4.31,3.516
11015,29.10.2011 21:00:01,1.25,1.18,2.25,3.31,4.31
11016,29.10.2011 22:00:01,1.25,1.18,2.18,3.25,4.31
11017,29.10.2011 23:00:01,1.25,1.12,2.25,3.25,4.25
11018,30.10.2011 00:00:01,1.25,1.12,2.25,3.25,4.25
11019,30.10.2011 01:00:01,1.18,1.06,2.18,3.25,4.25
11020,30.10.2011 02:00:01,1.18,1.12,2.18,3.25,4.31,3.520
11021,30.10.2011 03:00:01,1.12,1.06,2.18,3.25,4.25
11022,30.10.2011 04:00:01,1.12,1.06,2.18,3.18,4.25
11023,30.10.2011 05:00:01,1.12,1.06,2.18,3.25,4.25
11024,30.10.2011 06:00:01,1.12,1,2.18,3.18,4.25
11025,30.10.2011 07:00:01,1.06,1,2.12,3.18,4.25
11026,30.10.2011 08:00:01,1.06,0.93,2.12,3.18,4.25,3.516
11027,30.10.2011 09:00:01,1,0.87,2.12,3.18,4.25
11028,30.10.2011 10:00:01,1,0.87,2.12,3.18,4.25
11029,30.10.2011 11:00:01,1,0.87,2.06,3.18,4.25
11030,30.10.2011 12:00:01,0.93,0.87,2.06,3.18,4.25
11031,30.10.2011 13:00:01,0.93,0.87,2.06,3.18,4.25
11032,30.10.2011 14:00:01,0.93,0.81,2.06,3.18,4.25,3.514
11033,30.10.2011 15:00:01,0.93,0.81,2.06,3.18,4.25
11034,30.10.2011 16:00:01,0.93,0.81,2,3.18,4.25
11035,30.10.2011 17:00:01,0.87,0.81,2,3.18,4.25
11036,30.10.2011 18:00:01,0.87,0.81,2,3.18,4.25
11037,30.10.2011 19:00:01,0.87,0.81,2,3.12,4.25
11038,30.10.2011 20:00:01,0.93,0.81,1.93,3.12,4.25,3.514
11039,30.10.2011 21:00:01,0.87,0.81,1.93,3.12,4.18
11040,30.10.2011 22:00:01,0.87,0.75,1.93,3.12,4.25
11041,30.10.2011 23:00:01,0.87,0.75,1.93,3.12,4.25
11042,31.10.2011 00:00:01,0.81,0.68,1.93,3.12,4.18
11043,31.10.2011 01:00:01,0.81,0.68,1.93,3.12,4.18
11044,31.10.2011 02:00:01,0.81,0.62,1.87,3.12,4.18,3.512
11045,31.10.2011 03:00:01,0.75,0.62,1.87,3.12,4.18
11046,31.10.2011 04:00:01,0.68,0.56,1.87,3.06,4.18
11047,31.10.2011 05:00:01,0.68,0.56,1.87,3.06,4.18
11048,31.10.2011 06:00:01,0.62,0.5,1.87,3.06,4.18
11049,31.10.2011 07:00:01,0.62,0.5,1.87,3.06,4.18
11050,31.10.2011 08:00:01,0.62,0.43,1.81,3.06,4.18,3.511
11051,31.10.2011 09:00:01,0.56,0.43,1.81,3.06,4.18
11052,31.10.2011 10:00:01,0.56,0.31,1.81,3,4.18
11053,31.10.2011 11:00:01,0.5,0.31,1.81,3.06,4.18
11054,31.10.2011 12:00:01,0.5,0.31,1.75,3.06,4.18
11055,31.10.2011 13:00:01,0.5,0.31,1.75,3.06,4.18
11056,31.10.2011 14:00:01,0.5,0.31,1.68,3,4.18,3.514
11057,31.10.2011 15:00:01,0.43,0.31,1.75,3,4.18
11058,31.10.2011 16:00:01,0.43,0.31,1.68,3,4.18
11059,31.10.2011 17:00:01,0.43,0.31,1.68,3,4.18
11060,31.10.2011 18:00:01,0.5,0.31,1.68,3,4.12
11061,31.10.2011 19:00:01,0.43,0.31,1.68,3,4.18
11062,31.10.2011 20:00:01,0.43,0.31,1.62,3,4.18,3.511
11063,31.10.2011 21:00:01,0.5,0.31,1.62,3,4.12
11064,31.10.2011 22:00:01,0.5,0.31,1.62,2.93,4.12
11065,31.10.2011 23:00:01,0.43,0.31,1.62,3,4.12
11066,01.11.2011 00:00:01,0.43,0.31,1.62,2.93,4.12
11067,01.11.2011 01:00:01,0.43,0.31,1.56,2.93,4.12
11068,01.11.2011 02:00:01,0.43,0.37,1.62,2.93,4.18,3.513
11069,01.11.2011 03:00:01,0.5,0.37,1.56,2.93,4.12
11070,01.11.2011 04:00:01,0.5,0.37,1.56,2.93,4.18
11071,01.11.2011 05:00:01,0.43,0.37,1.56,2.87,4.12
11072,01.11.2011 06:00:01,0.5,0.37,1.56,2.87,4.12
11073,01.11.2011 07:00:01,0.43,0.37,1.56,2.87,4.12
11074,01.11.2011 08:00:01,0.43,0.31,1.56,2.87,4.12,3.514
11075,01.11.2011 09:00:01,0.5,0.31,1.56,2.87,4.12
11076,01.11.2011 10:00:01,0.43,0.31,1.56,2.87,4.12
11077,01.11.2011 11:00:01,0.43,0.31,1.5,2.87,4.12
11078,01.11.2011 12:00:01,0.43,0.31,1.56,2.87,4.12
11079,01.11.2011 13:00:01,0.5,0.31,1.5,2.87,4.12
11080,01.11.2011 14:00:01,0.43,0.31,1.5,2.87,4.12,3.510
11081,01.11.2011 15:00:01,0.43,0.31,1.5,2.81,4.12
11082,01.11.2011 16:00:01,0.43,0.31,1.5,2.81,4.12
11083,01.11.2011 17:00:01,0.43,0.31,1.5,2.81,4.12
11084,01.11.2011 18:00:01,0.43,0.31,1.5,2.81,4.12
11085,01.11.2011 19:00:01,0.43,0.31,1.5,2.81,4.12
11086,01.11.2011 20:00:01,0.43,0.31,1.5,2.81,4.06,3.515
11087,01.11.2011 21:00:01,0.43,0.31,1.5,2.81,4.12
11088,01.11.2011 22:00:01,0.43,0.37,1.43,2.81,4.12
11089,01.11.2011 23:00:01,0.43,0.31,1.5,2.81,4.12
11090,02.11.2011 00:00:01,0.43,0.31,1.5,2.75,4.06
11091,02.11.2011 01:00:01,0.43,0.31,1.43,2.75,4.06
11092,02.11.2011 02:00:01,0.43,0.31,1.43,2.75,4.06,3.509
11093,02.11.2011 03:00:01,0.43,0.37,1.43,2.75,4.06
11094,02.11.2011 04:00:01,0.43,0.31,1.43,2.75,4.06
11095,02.11.2011 05:00:01,0.43,0.37,1.43,2.75,4.06
11096,02.11.2011 06:00:01,0.43,0.31,1.43,2.75,4.06
11097,02.11.2011 07:00:01,0.43,0.37,1.43,2.75,4.06
11098,02.11.2011 08:00:01,0.43,0.37,1.43,2.75,4.06,3.513
11099,02.11.2011 09:00:01,0.43,0.37,1.43,2.68,4.06
11100,02.11.2011 10:00:01,0.43,0.37,1.37,2.68,4.06
11101,02.11.2011 11:00:01,0.43,0.37,1.37,2.68,4.06
11102,02.11.2011 12:00:01,0.5,0.37,1.43,2.68,4.06
11103,02.11.2011 13:00:01,0.43,0.37,1.43,2.68,4.06
11104,02.11.2011 14:00:01,0.43,0.37,1.43,2.68,4.06,3.507
11105,02.11.2011 15:00:01,0.43,0.37,1.43,2.68,4.06
11106,02.11.2011 16:00:01,0.43,0.37,1.37,2.68,4.06
11107,02.11.2011 17:00:01,0.43,0.37,1.43,2.62,4.06
11108,02.11.2011 18:00:01,0.43,0.37,1.37,2.68,4
11109,02.11.2011 19:00:01,0.43,0.37,1.37,2.62,4
11110,02.11.2011 20:00:01,0.43,0.37,1.37,2.62,4.06,3.508
11111,02.11.2011 21:00:01,0.43,0.37,1.37,2.62,4
11112,02.11.2011 22:00:01,0.43,0.37,1.37,2.62,4
11113,02.11.2011 23:00:01,0.5,0.37,1.37,2.62,4
11114,03.11.2011 00:00:01,0.43,0.37,1.37,2.62,4.06
11115,03.11.2011 01:00:01,0.5,0.37,1.37,2.62,4
11116,03.11.2011 02:00:01,0.5,0.37,1.37,2.62,4,3.508
11117,03.11.2011 03:00:01,0.43,0.37,1.37,2.62,4
11118,03.11.2011 04:00:01,0.43,0.43,1.37,2.62,4
11119,03.11.2011 05:00:01,0.5,0.43,1.37,2.62,4
11120,03.11.2011 06:00:01,0.5,0.37,1.37,2.62,4
11121,03.11.2011 07:00:01,0.5,0.37,1.37,2.62,4
11122,03.11.2011 08:00:01,0.5,0.43,1.37,2.56,4,3.512
11123,03.11.2011 09:00:01,0.43,0.43,1.31,2.56,4
11124,03.11.2011 10:00:01,0.5,0.43,1.37,2.62,4
11125,03.11.2011 11:00:01,0.5,0.37,1.37,2.56,4
11126,03.11.2011 12:00:01,0.5,0.37,1.37,2.56,4
11127,03.11.2011 13:00:01,0.5,0.43,1.37,2.56,4
11128,03.11.2011 14:00:01,0.5,0.37,1.37,2.56,4,3.511
11129,03.11.2011 15:00:01,0.5,0.37,1.37,2.56,3.93
11130,03.11.2011 16:00:01,0.5,0.43,1.31,2.56,4
11131,03.11.2011 17:00:01,0.43,0.37,1.31,2.56,4
11132,03.11.2011 18:00:01,0.5,0.37,1.37,2.56,3.93
11133,03.11.2011 19:00:01,0.5,0.37,1.31,2.56,3.93
11134,03.11.2011 20:00:01,0.5,0.37,1.31,2.56,3.93,3.512
11135,03.11.2011 21:00:01,0.5,0.43,1.31,2.56,3.93
11136,03.11.2011 22:00:01,0.5,0.37,1.31,2.56,3.93
11137,03.11.2011 23:00:01,0.5,0.43,1.31,2.5,3.93
11138,04.11.2011 00:00:01,0.5,0.37,1.31,2.5,3.93
11139,04.11.2011 01:00:01,0.5,0.37,1.31,2.5,3.93
11140,04.11.2011 02:00:01,0.5,0.43,1.31,2.5,3.93,3.508
11141,04.11.2011 03:00:01,0.5,0.37,1.31,2.5,3.93
11142,04.11.2011 04:00:01,0.5,0.37,1.31,2.5,3.93
11143,04.11.2011 05:00:01,0.5,0.37,1.31,2.5,3.93
11144,04.11.2011 06:00:01,0.5,0.37,1.31,2.5,3.93
11145,04.11.2011 07:00:01,0.5,0.37,1.31,2.5,3.93
11146,04.11.2011 08:00:01,0.5,0.31,1.31,2.5,3.93,3.512
11147,04.11.2011 09:00:01,0.43,0.31,1.31,2.5,3.87
11148,04.11.2011 10:00:01,0.5,0.31,1.31,2.5,3.93
11149,04.11.2011 11:00:01,0.43,0.31,1.31,2.43,3.93
11150,04.11.2011 12:00:01,0.43,0.31,1.25,2.5,3.87
11151,04.11.2011 13:00:01,0.43,0.25,1.25,2.5,3.93
11152,04.11.2011 14:00:01,0.43,0.25,1.25,2.43,3.93,3.510
11153,04.11.2011 15:00:01,0.43,0.31,1.25,2.43,3.87
11154,04.11.2011 16:00:01,0.43,0.31,1.25,2.43,3.87
11155,04.11.2011 17:00:01,0.43,0.25,1.25,2.43,3.87
11156,04.11.2011 18:00:01,0.43,0.31,1.25,2.43,3.87
11157,04.11.2011 19:00:01,0.43,0.31,1.25,2.43,3.93
11158,04.11.2011 20:00:01,0.43,0.31,1.25,2.43,3.87,3.511
11159,04.11.2011 21:00:01,0.43,0.31,1.25,2.43,3.87
11160,04.11.2011 22:00:01,0.43,0.31,1.25,2.43,3.87
11161,04.11.2011 23:00:01,0.43,0.31,1.25,2.43,3.87
11162,05.11.2011 00:00:01,0.43,0.31,1.25,2.43,3.87
11163,05.11.2011 01:00:01,0.43,0.31,1.25,2.43,3.87
11164,05.11.2011 02:00:01,0.43,0.31,1.25,2.43,3.87,3.510
11165,05.11.2011 03:00:01,0.43,0.31,1.25,2.43,3.87
11166,05.11.2011 04:00:01,0.43,0.31,1.25,2.43,3.87
11167,05.11.2011 05:00:01,0.43,0.31,1.25,2.43,3.87
11168,05.11.2011 06:00:01,0.43,0.31,1.18,2.37,3.81
11169,05.11.2011 07:00:01,0.43,0.31,1.25,2.37,3.87
11170,05.11.2011 08:00:01,0.37,0.25,1.25,2.37,3.87,3.512
11171,05.11.2011 09:00:01,0.43,0.25,1.25,2.37,3.87
11172,05.11.2011 10:00:01,0.43,0.25,1.18,2.37,3.81
11173,05.11.2011 11:00:01,0.37,0.25,1.25,2.37,3.81
11174,05.11.2011 12:00:01,0.43,0.25,1.18,2.37,3.87
11175,05.11.2011 13:00:01,0.43,0.25,1.18,2.37,3.81
11176,05.11.2011 14:00:01,0.43,0.25,1.18,2.37,3.87,3.505
11177,05.11.2011 15:00:01,0.43,0.25,1.18,2.37,3.81
11178,05.11.2011 16:00:01,0.43,0.25,1.18,2.37,3.81
11179,05.11.2011 17:00:01,0.37,0.25,1.18,2.37,3.81
11180,05.11.2011 18:00:01,0.43,0.25,1.18,2.37,3.81
11181,05.11.2011 19:00:01,0.37,0.25,1.18,2.37,3.87
11182,05.11.2011 20:00:01,0.37,0.31,1.18,2.37,3.81,3.506
11183,05.11.2011 21:00:01,0.37,0.25,1.18,2.37,3.81
11184,05.11.2011 22:00:01,0.43,0.25,1.18,2.37,3.81
11185,05.11.2011 23:00:01,0.43,0.31,1.18,2.37,3.81
11186,06.11.2011 00:00:01,0.43,0.31,1.18,2.37,3.81
11187,06.11.2011 01:00:01,0.43,0.25,1.18,2.31,3.81
11188,06.11.2011 02:00:01,0.37,0.31,1.18,2.37,3.81,3.508
11189,06.11.2011 03:00:01,0.43,0.31,1.18,2.37,3.81
11190,06.11.2011 04:00:01,0.37,0.31,1.18,2.31,3.81
11191,06.11.2011 05:00:01,0.37,0.25,1.18,2.31,3.81
11192,06.11.2011 06:00:01,0.43,0.25,1.12,2.31,3.81
11193,06.11.2011 07:00:01,0.37,0.25,1.18,2.31,3.81
11194,06.11.2011 08:00:01,0.37,0.25,1.12,2.31,3.81,3.505
11195,06.11.2011 09:00:01,0.37,0.18,1.12,2.31,3.81
11196,06.11.2011 10:00:01,0.37,0.18,1.12,2.31,3.81
11197,06.11.2011 11:00:01,0.37,0.18,1.18,2.31,3.75
11198,06.11.2011 12:00:01,0.37,0.18,1.12,2.31,3.75
11199,06.11.2011 13:00:01,0.37,0.18,1.12,2.31,3.81
11200,06.11.2011 14:00:01,0.37,0.18,1.12,2.31,3.75,3.504
11201,06.11.2011 15:00:01,0.37,0.18,1.12,2.25,3.75
11202,06.11.2011 16:00:01,0.37,0.25,1.12,2.25,3.81
11203,06.11.2011 17:00:01,0.37,0.18,1.12,2.31,3.75
11204,06.11.2011 18:00:01,0.37,0.25,1.12,2.25,3.75
11205,06.11.2011 19:00:01,0.37,0.25,1.12,2.31,3.75
11206,06.11.2011 20:00:01,0.37,0.25,1.12,2.25,3.75,3.511
11207,06.11.2011 21:00:01,0.37,0.25,1.12,2.25,3.75
11208,06.11.2011 22:00:01,0.37,0.25,1.12,2.25,3.75
11209,06.11.2011 23:00:01,0.37,0.25,1.12,2.25,3.75
11210,07.11.2011 00:00:01,0.37,0.25,1.12,2.25,3.75
11211,07.11.2011 01:00:01,0.37,0.25,1.12,2.25,3.75
11212,07.11.2011 02:00:01,0.37,0.25,1.12,2.25,3.75,3.509
11213,07.11.2011 03:00:01,0.31,0.18,1.12,2.25,3.75
11214,07.11.2011 04:00:01,0.37,0.18,1.12,2.25,3.75
11215,07.11.2011 05:00:01,0.37,0.18,1.12,2.25,3.75
11216,07.11.2011 06:00:01,0.31,0.18,1.12,2.25,3.75
11217,07.11.2011 07:00:01,0.37,0.18,1.12,2.25,3.75
11218,07.11.2011 08:00:01,0.37,0.12,1.06,2.25,3.75,3.505
11219,07.11.2011 09:00:01,0.31,0.12,1.06,2.25,3.75
11220,07.11.2011 10:00:01,0.31,0.12,1.06,2.25,3.75
11221,07.11.2011 11:00:01,0.31,0.06,1.12,2.25,3.68
11222,07.11.2011 12:00:01,0.31,0.06,1.06,2.25,3.68
11223,07.11.2011 13:00:01,0.31,0.12,1.06,2.25,3.68
11224,07.11.2011 14:00:01,0.25,0.06,1.06,2.25,3.68,3.505
11225,07.11.2011 15:00:01,0.31,0.06,1.06,2.18,3.68
11226,07.11.2011 16:00:01,0.25,0.12,1.06,2.25,3.68
11227,07.11.2011 17:00:01,0.25,0.12,1.06,2.18,3.68
11228,07.11.2011 18:00:01,0.25,0.12,1.06,2.25,3.68
11229,07.11.2011 19:00:01,0.31,0.12,1.06,2.18,3.68
11230,07.11.2011 20:00:01,0.25,0.12,1.06,2.18,3.68,3.504
11231,07.11.2011 21:00:01,0.25,0.12,1.06,2.18,3.68
11232,07.11.2011 22:00:01,0.25,0.12,1,2.18,3.68
11233,07.11.2011 23:00:01,0.31,0.12,1,2.18,3.68
11234,08.11.2011 00:00:01,0.25,0.12,1.06,2.18,3.68
11235,08.11.2011 01:00:01,0.25,0.12,1,2.18,3.68
11236,08.11.2011 02:00:01,0.25,0.12,1,2.18,3.68,3.505
11237,08.11.2011 03:00:01,0.25,0.12,1,2.18,3.68
11238,08.11.2011 04:00:01,0.25,0.12,1,2.18,3.68
11239,08.11.2011 05:00:01,0.25,0.06,1,2.12,3.68
11240,08.11.2011 06:00:01,0.25,0.06,1,2.18,3.68
11241,08.11.2011 07:00:01,0.25,0.06,1,2.18,3.68
11242,08.11.2011 08:00:01,0.25,0.06,1,2.18,3.68,3.510
11243,08.11.2011 09:00:01,0.25,0.06,1,2.18,3.68
11244,08.11.2011 10:00:01,0.25,0,1,2.18,3.68
11245,08.11.2011 11:00:01,0.18,0,1,2.18,3.68
11246,08.11.2011 12:00:01,0.18,0,1,2.18,3.68
11247,08.11.2011 13:00:01,0.18,0,1,2.12,3.68
11248,08.11.2011 14:00:01,0.25,0.06,0.93,2.18,3.68,3.505
11249,08.11.2011 15:00:01,0.18,0.06,0.93,2.12,3.68
11250,08.11.2011 16:00:01,0.18,0.06,0.93,2.12,3.68
11251,08.11.2011 17:00:01,0.18,0.06,0.93,2.12,3.62
11252,08.11.2011 18:00:01,0.18,0.06,0.93,2.12,3.68
11253,08.11.2011 19:00:01,0.18,0.06,0.93,2.12,3.68
11254,08.11.2011 20:00:01,0.25,0.06,0.93,2.12,3.62,3.509
11255,08.11.2011 21:00:01,0.25,0.06,0.93,2.12,3.62
11256,08.11.2011 22:00:01,0.18,0.06,0.93,2.12,3.62
11257,08.11.2011 23:00:01,0.18,0.06,0.93,2.12,3.62
11258,09.11.2011 00:00:01,0.25,0.06,1,2.12,3.62
11259,09.11.2011 01:00:01,0.25,0.06,0.93,2.12,3.62
11260,09.11.2011 02:00:01,0.25,0.06,0.93,2.12,3.62,3.511
11261,09.11.2011 03:00:01,0.25,0.06,0.93,2.12,3.62
11262,09.11.2011 04:00:01,0.25,0.12,0.93,2.06,3.62
11263,09.11.2011 05:00:01,0.18,0.12,1,2.12,3.62
11264,09.11.2011 06:00:01,0.18,0.12,0.93,2.12,3.62
11265,09.11.2011 07:00:01,0.25,0.12,0.93,2.12,3.62
11266,09.11.2011 08:00:01,0.25,0.12,0.93,2.06,3.62,3.505
11267,09.11.2011 09:00:01,0.25,0.12,1,2.06,3.62
11268,09.11.2011 10:00:01,0.25,0.12,0.93,2.12,3.62
11269,09.11.2011 11:00:01,0.18,0.12,0.93,2.06,3.62
11270,09.11.2011 12:00:01,0.25,0.12,0.93,2.12,3.62
11271,09.11.2011 13:00:01,0.25,0.12,0.93,2.06,3.62
11272,09.11.2011 14:00:01,0.25,0.12,0.93,2.06,3.62,3.511
11273,09.11.2011 15:00:01,0.25,0.12,0.93,2.06,3.62
11274,09.11.2011 16:00:01,0.25,0.12,0.93,2.06,3.62
11275,09.11.2011 17:00:01,0.25,0.12,0.93,2.06,3.62
11276,09.11.2011 18:00:01,0.25,0.12,0.93,2.06,3.62
11277,09.11.2011 19:00:01,0.25,0.12,0.93,2.06,3.62
11278,09.11.2011 20:00:01,0.25,0.12,0.93,2.06,3.62,3.505
11279,09.11.2011 21:00:01,0.25,0.12,0.93,2.06,3.62
11280,09.11.2011 22:00:01,0.25,0.12,0.93,2.06,3.56
11281,09.11.2011 23:00:01,0.25,0.12,0.93,2.06,3.56
11282,10.11.2011 00:00:01,0.25,0.12,0.93,2.06,3.56
11283,10.11.2011 01:00:01,0.25,0.12,0.93,2.06,3.62
11284,10.11.2011 02:00:01,0.25,0.12,0.93,2.06,3.56,3.509
11285,10.11.2011 03:00:01,0.25,0.12,0.93,2.06,3.62
11286,10.11.2011 04:00:01,0.25,0.12,0.93,2.06,3.56
11287,10.11.2011 05:00:01,0.25,0.12,0.93,2.06,3.56
11288,10.11.2011 06:00:01,0.25,0.12,0.93,2.06,3.56
11289,10.11.2011 07:00:01,0.25,0.12,0.93,2.06,3.56
11290,10.11.2011 08:00:01,0.25,0.12,0.93,2.06,3.56,3.505
11291,10.11.2011 09:00:01,0.25,0.18,0.93,2.06,3.56
11292,10.11.2011 10:00:01,0.25,0.18,0.93,2.06,3.56
11293,10.11.2011 11:00:01,0.25,0.12,0.93,2.06,3.56
11294,10.11.2011 12:00:01,0.25,0.12,0.93,2.06,3.56
11295,10.11.2011 13:00:01,0.25,0.12,0.93,2.06,3.56
11296,10.11.2011 14:00:01,0.31,0.12,0.93,2,3.56,3.503
11297,10.11.2011 15:00:01,0.31,0.12,0.93,2,3.56
11298,10.11.2011 16:00:01,0.25,0.12,0.93,2,3.56
11299,10.11.2011 17:00:01,0.31,0.12,0.93,2,3.56
11300,10.11.2011 18:00:01,0.25,0.12,0.93,2,3.56
11301,10.11.2011 19:00:01,0.25,0.12,0.93,2,3.56
11302,10.11.2011 20:00:01,0.31,0.18,0.93,2,3.56,3.503
11303,10.11.2011 21:00:01,0.25,0.12,0.93,2,3.56
11304,10.11.2011 22:00:01,0.31,0.18,0.93,2,3.56
11305,10.11.2011 23:00:01,0.31,0.18,0.93,2,3.56
11306,11.11.2011 00:00:01,0.31,0.18,0.93,2,3.56
11307,11.11.2011 01:00:01,0.31,0.12,0.93,2,3.5
11308,11.11.2011 02:00:01,0.31,0.12,0.93,2,3.56,3.510
11309,11.11.2011 03:00:01,0.31,0.12,0.93,2,3.5
11310,11.11.2011 04:00:01,0.31,0.12,0.93,2,3.5
11311,11.11.2011 05:00:01,0.31,0.12,0.93,2,3.5
11312,11.11.2011 06:00:01,0.25,0.12,0.93,2,3.5
11313,11.11.2011 07:00:01,0.31,0.06,0.93,2,3.5
11314,11.11.2011 08:00:01,0.25,0.06,0.93,2,3.5,3.507
11315,11.11.2011 09:00:01,0.25,0.06,0.87,2,3.5
11316,11.11.2011 10:00:01,0.18,0,0.93,2,3.5
11317,11.11.2011 11:00:01,0.18,0,0.93,2,3.5
11318,11.11.2011 12:00:01,0.18,0,0.93,2,3.5
11319,11.11.2011 13:00:01,0.18,-0.06,0.87,2,3.5
11320,11.11.2011 14:00:01,0.18,0,0.87,2,3.5,3.508
11321,11.11.2011 15:00:01,0.18,0,0.87,2,3.5
11322,11.11.2011 16:00:01,0.18,0,0.87,1.93,3.5
11323,11.11.2011 17:00:01,0.12,0,0.87,1.93,3.5
11324,11.11.2011 18:00:01,0.18,0,0.87,2,3.5
11325,11.11.2011 19:00:01,0.18,0,0.87,2,3.5
11326,11.11.2011 20:00:01,0.18,0,0.87,2,3.5,3.503
11327,11.11.2011 21:00:01,0.18,0,0.87,1.93,3.5
11328,11.11.2011 22:00:01,0.18,0,0.87,1.93,3.5
11329,11.11.2011 23:00:01,0.18,0,0.87,1.93,3.5
11330,12.11.2011 00:00:01,0.18,0,0.87,1.93,3.5
11331,12.11.2011 01:00:01,0.18,0,0.87,1.93,3.5
11332,12.11.2011 02:00:01,0.12,0,0.87,1.93,3.5,3.507
11333,12.11.2011 03:00:01,0.18,-0.06,0.81,1.93,3.5
11334,12.11.2011 04:00:01,0.12,-0.06,0.81,1.93,3.5
11335,12.11.2011 05:00:01,0.12,-0.06,0.81,1.93,3.5
11336,12.11.2011 06:00:01,0.12,-0.12,0.81,1.93,3.5
11337,12.11.2011 07:00:01,0.12,-0.12,0.81,1.93,3.43
11338,12.11.2011 08:00:01,0.06,-0.12,0.81,1.93,3.5,3.505
11339,12.11.2011 09:00:01,0.06,-0.18,0.87,1.93,3.43
11340,12.11.2011 10:00:01,0.06,-0.18,0.81,1.93,3.43
11341,12.11.2011 11:00:01,0.06,-0.18,0.81,1.93,3.43
11342,12.11.2011 12:00:01,0.06,-0.25,0.81,1.93,3.43
11343,12.11.2011 13:00:01,0.06,-0.18,0.81,1.93,3.43
11344,12.11.2011 14:00:01,0.06,-0.18,0.81,1.93,3.43,3.505
11345,12.11.2011 15:00:01,0,-0.18,0.81,1.93,3.43
11346,12.11.2011 16:00:01,0.06,-0.18,0.75,1.93,3.43
11347,12.11.2011 17:00:01,0.06,-0.18,0.75,1.93,3.43
11348,12.11.2011 18:00:01,0.06,-0.12,0.75,1.93,3.43
11349,12.11.2011 19:00:01,0.06,-0.12,0.75,1.93,3.43
11350,12.11.2011 20:00:01,0.06,-0.12,0.75,1.93,3.43,3.504
11351,12.11.2011 21:00:01,0.06,-0.12,0.75,1.93,3.43
11352,12.11.2011 22:00:01,0.06,-0.12,0.75,1.93,3.43
11353,12.11.2011 23:00:01,0.06,-0.12,0.81,1.93,3.43
11354,13.11.2011 00:00:01,0.06,-0.12,0.75,1.87,3.43
11355,13.11.2011 01:00:01,0.06,-0.12,0.75,1.87,3.43
11356,13.11.2011 02:00:01,0.06,-0.12,0.75,1.93,3.43,3.507
11357,13.11.2011 03:00:01,0.06,-0.18,0.75,1.87,3.43
11358,13.11.2011 04:00:01,0,-0.18,0.75,1.87,3.43
11359,13.11.2011 05:00:01,0,-0.18,0.75,1.87,3.43
11360,13.11.2011 06:00:01,0,-0.25,0.75,1.87,3.43
11361,13.11.2011 07:00:01,0,-0.25,0.75,1.87,3.43
11362,13.11.2011 08:00:01,0,-0.31,0.75,1.87,3.43,3.500
11363,13.11.2011 09:00:01,0,-0.31,0.75,1.87,3.43
11364,13.11.2011 10:00:01,-0.06,-0.31,0.75,1.87,3.43
11365,13.11.2011 11:00:01,0,-0.31,0.75,1.87,3.43
11366,13.11.2011 12:00:01,-0.06,-0.31,0.68,1.87,3.43
11367,13.11.2011 13:00:01,-0.06,-0.31,0.68,1.87,3.43
11368,13.11.2011 14:00:01,-0.06,-0.25,0.75,1.87,3.43,3.502
11369,13.11.2011 15:00:01,0,-0.25,0.68,1.87,3.43
11370,13.11.2011 16:00:01,-0.06,-0.25,0.68,1.87,3.43
11371,13.11.2011 17:00:01,0,-0.18,0.68,1.87,3.37
11372,13.11.2011 18:00:01,0,-0.18,0.68,1.87,3.43
11373,13.11.2011 19:00:01,0,-0.18,0.68,1.87,3.37
11374,13.11.2011 20:00:01,0,-0.18,0.68,1.87,3.37,3.504
11375,13.11.2011 21:00:01,0,-0.18,0.68,1.87,3.37
11376,13.11.2011 22:00:01,0,-0.18,0.68,1.81,3.43
11377,13.11.2011 23:00:01,0,-0.12,0.68,1.87,3.37
11378,14.11.2011 00:00:01,0,-0.12,0.68,1.81,3.37
11379,14.11.2011 01:00:01,0,-0.12,0.68,1.81,3.37
11380,14.11.2011 02:00:01,0,-0.12,0.68,1.81,3.37,3.501
11381,14.11.2011 03:00:01,0,-0.12,0.68,1.81,3.37
11382,14.11.2011 04:00:01,0,-0.12,0.68,1.81,3.37
11383,14.11.2011 05:00:01,0,-0.12,0.68,1.81,3.37
11384,14.11.2011 06:00:01,0,-0.12,0.68,1.81,3.37
11385,14.11.2011 07:00:01,0,-0.12,0.68,1.81,3.37
11386,14.11.2011 08:00:01,0,-0.18,0.68,1.81,3.37,3.501
11387,14.11.2011 09:00:01,0,-0.18,0.68,1.81,3.37
11388,14.11.2011 10:00:01,-0.06,-0.18,0.68,1.81,3.37
11389,14.11.2011 11:00:01,0,-0.18,0.68,1.81,3.37
11390,14.11.2011 12:00:01,0,-0.18,0.68,1.81,3.37
11391,14.11.2011 13:00:01,-0.06,-0.18,0.68,1.81,3.37
11392,14.11.2011 14:00:01,-0.06,-0.18,0.68,1.81,3.37,3.506
11393,14.11.2011 15:00:01,0,-0.18,0.68,1.81,3.37
11394,14.11.2011 16:00:01,0,-0.18,0.62,1.81,3.37
11395,14.11.2011 17:00:01,0,-0.18,0.68,1.81,3.37
11396,14.11.2011 18:00:01,-0.06,-0.18,0.68,1.81,3.37
11397,14.11.2011 19:00:01,-0.06,-0.12,0.62,1.75,3.37
11398,14.11.2011 20:00:01,0,-0.12,0.68,1.75,3.37,3.505
11399,14.11.2011 21:00:01,0,-0.12,0.68,1.81,3.37
11400,14.11.2011 22:00:01,0,-0.12,0.68,1.75,3.37
11401,14.11.2011 23:00:01,0,-0.12,0.62,1.75,3.37
11402,15.11.2011 00:00:01,0,-0.12,0.62,1.75,3.31
11403,15.11.2011 01:00:01,0,-0.12,0.62,1.75,3.37
11404,15.11.2011 02:00:01,0,-0.12,0.62,1.75,3.37,3.501
11405,15.11.2011 03:00:01,-0.06,-0.18,0.68,1.75,3.37
11406,15.11.2011 04:00:01,0,-0.18,0.68,1.75,3.31
11407,15.11.2011 05:00:01,-0.06,-0.18,0.62,1.81,3.31
11408,15.11.2011 06:00:01,-0.06,-0.18,0.68,1.75,3.31
11409,15.11.2011 07:00:01,-0.06,-0.18,0.62,1.75,3.31
11410,15.11.2011 08:00:01,-0.06,-0.25,0.62,1.75,3.31,3.501
11411,15.11.2011 09:00:01,-0.06,-0.25,0.68,1.75,3.31
11412,15.11.2011 10:00:01,-0.06,-0.25,0.68,1.75,3.31
11413,15.11.2011 11:00:01,-0.06,-0.25,0.62,1.75,3.31
11414,15.11.2011 12:00:01,-0.06,-0.31,0.62,1.75,3.31
11415,15.11.2011 13:00:01,-0.06,-0.25,0.62,1.75,3.31
11416,15.11.2011 14:00:01,-0.12,-0.25,0.62,1.75,3.31,3.500
11417,15.11.2011 15:00:01,-0.12,-0.25,0.62,1.75,3.31
11418,15.11.2011 16:00:01,-0.06,-0.25,0.62,1.75,3.31
11419,15.11.2011 17:00:01,-0.12,-0.25,0.62,1.75,3.31
11420,15.11.2011 18:00:01,-0.06,-0.18,0.62,1.75,3.31
11421,15.11.2011 19:00:01,-0.06,-0.18,0.62,1.75,3.31
11422,15.11.2011 20:00:01,-0.06,-0.18,0.62,1.75,3.31,3.501
11423,15.11.2011 21:00:01,-0.12,-0.18,0.62,1.75,3.31
11424,15.11.2011 22:00:01,-0.12,-0.25,0.62,1.75,3.31
11425,15.11.2011 23:00:01,-0.12,-0.25,0.62,1.75,3.31
11426,16.11.2011 00:00:01,-0.12,-0.31,0.62,1.75,3.31
11427,16.11.2011 01:00:01,-0.12,-0.31,0.56,1.75,3.31
11428,16.11.2011 02:00:01,-0.12,-0.37,0.62,1.75,3.31,3.505
11429,16.11.2011 03:00:01,-0.06,-0.37,0.62,1.68,3.31
11430,16.11.2011 04:00:01,-0.12,-0.37,0.56,1.68,3.25
11431,16.11.2011 05:00:01,-0.18,-0.43,0.56,1.68,3.31
11432,16.11.2011 06:00:01,-0.12,-0.43,0.56,1.68,3.31
11433,16.11.2011 07:00:01,-0.18,-0.43,0.56,1.68,3.31
11434,16.11.2011 08:00:01,-0.18,-0.5,0.56,1.68,3.31,3.501
11435,16.11.2011 09:00:01,-0.18,-0.5,0.56,1.68,3.31
11436,16.11.2011 10:00:01,-0.18,-0.5,0.56,1.68,3.25
11437,16.11.2011 11:00:01,-0.25,-0.5,0.56,1.68,3.31
11438,16.11.2011 12:00:01,-0.25,-0.56,0.56,1.68,3.25
11439,16.11.2011 13:00:01,-0.25,-0.5,0.56,1.68,3.25
11440,16.11.2011 14:00:01,-0.25,-0.5,0.56,1.68,3.25,3.505
11441,16.11.2011 15:00:01,-0.25,-0.5,0.56,1.68,3.25
11442,16.11.2011 16:00:01,-0.25,-0.5,0.56,1.68,3.25
11443,16.11.2011 17:00:01,-0.25,-0.43,0.56,1.68,3.25
11444,16.11.2011 18:00:01,-0.25,-0.43,0.56,1.68,3.25
11445,16.11.2011 19:00:01,-0.25,-0.43,0.56,1.68,3.25
11446,16.11.2011 20:00:01,-0.25,-0.43,0.56,1.68,3.25,3.506
11447,16.11.2011 21:00:01,-0.25,-0.43,0.5,1.68,3.25
11448,16.11.2011 22:00:01,-0.25,-0.43,0.56,1.68,3.25
11449,16.11.2011 23:00:01,-0.25,-0.43,0.56,1.68,3.25
11450,17.11.2011 00:00:01,-0.25,-0.43,0.56,1.68,3.25
11451,17.11.2011 01:00:01,-0.25,-0.43,0.56,1.68,3.25
11452,17.11.2011 02:00:01,-0.25,-0.43,0.56,1.62,3.25,3.500
11453,17.11.2011 03:00:01,-0.25,-0.43,0.5,1.62,3.25
11454,17.11.2011 04:00:01,-0.31,-0.43,0.5,1.68,3.25
11455,17.11.2011 05:00:01,-0.31,-0.43,0.5,1.62,3.25
11456,17.11.2011 06:00:01,-0.25,-0.43,0.5,1.68,3.25
11457,17.11.2011 07:00:01,-0.31,-0.5,0.5,1.62,3.25
11458,17.11.2011 08:00:01,-0.31,-0.43,0.5,1.62,3.25,3.505
11459,17.11.2011 09:00:01,-0.31,-0.43,0.5,1.62,3.25
11460,17.11.2011 10:00:01,-0.25,-0.43,0.5,1.62,3.25
11461,17.11.2011 11:00:01,-0.25,-0.43,0.5,1.62,3.25
11462,17.11.2011 12:00:01,-0.31,-0.43,0.5,1.62,3.25
11463,17.11.2011 13:00:01,-0.25,-0.43,0.5,1.62,3.25
11464,17.11.2011 14:00:01,-0.31,-0.43,0.5,1.62,3.18,3.499
11465,17.11.2011 15:00:01,-0.31,-0.43,0.5,1.62,3.18
11466,17.11.2011 16:00:01,-0.31,-0.43,0.5,1.62,3.25
11467,17.11.2011 17:00:01,-0.31,-0.43,0.5,1.62,3.25
11468,17.11.2011 18:00:01,-0.25,-0.37,0.5,1.62,3.18
11469,17.11.2011 19:00:01,-0.25,-0.37,0.5,1.62,3.18
11470,17.11.2011 20:00:01,-0.25,-0.37,0.5,1.62,3.18,3.504
11471,17.11.2011 21:00:01,-0.25,-0.37,0.5,1.62,3.25
11472,17.11.2011 22:00:01,-0.25,-0.37,0.5,1.62,3.25
11473,17.11.2011 23:00:01,-0.25,-0.37,0.5,1.62,3.18
11474,18.11.2011 00:00:01,-0.25,-0.37,0.5,1.62,3.18
11475,18.11.2011 01:00:01,-0.25,-0.37,0.5,1.62,3.18
11476,18.11.2011 02:00:01,-0.25,-0.37,0.43,1.62,3.18,3.500
11477,18.11.2011 03:00:01,-0.25,-0.37,0.5,1.62,3.18
11478,18.11.2011 04:00:01,-0.25,-0.37,0.5,1.62,3.18
11479,18.11.2011 05:00:01,-0.25,-0.37,0.5,1.56,3.18
11480,18.11.2011 06:00:01,-0.25,-0.37,0.5,1.56,3.18
11481,18.11.2011 07:00:01,-0.25,-0.37,0.5,1.56,3.18
11482,18.11.2011 08:00:01,-0.25,-0.37,0.5,1.62,3.18,3.499
11483,18.11.2011 09:00:01,-0.25,-0.43,0.43,1.56,3.18
11484,18.11.2011 10:00:01,-0.25,-0.43,0.5,1.56,3.18
11485,18.11.2011 11:00:01,-0.31,-0.43,0.43,1.56,3.18
11486,18.11.2011 12:00:01,-0.25,-0.43,0.43,1.56,3.18
11487,18.11.2011 13:00:01,-0.25,-0.43,0.43,1.56,3.18
11488,18.11.2011 14:00:01,-0.31,-0.43,0.43,1.56,3.18,3.500
11489,18.11.2011 15:00:01,-0.31,-0.43,0.43,1.56,3.18
11490,18.11.2011 16:00:01,-0.25,-0.37,0.43,1.62,3.18
11491,18.11.2011 17:00:01,-0.25,-0.43,0.43,1.56,3.18
11492,18.11.2011 18:00:01,-0.25,-0.37,0.43,1.56,3.18
11493,18.11.2011 19:00:01,-0.25,-0.37,0.43,1.56,3.18
11494,18.11.2011 20:00:01,-0.25,-0.37,0.43,1.56,3.18,3.504
11495,18.11.2011 21:00:01,-0.25,-0.31,0.43,1.56,3.18
11496,18.11.2011 22:00:01,-0.25,-0.37,0.43,1.56,3.18
11497,18.11.2011 23:00:01,-0.25,-0.31,0.43,1.56,3.18
11498,19.11.2011 00:00:01,-0.25,-0.31,0.43,1.56,3.18
11499,19.11.2011 01:00:01,-0.25,-0.31,0.43,1.56,3.18
11500,19.11.2011 02:00:01,-0.25,-0.31,0.43,1.56,3.12,3.503
11501,19.11.2011 03:00:01,-0.25,-0.31,0.43,1.56,3.18
11502,19.11.2011 04:00:01,-0.25,-0.31,0.43,1.56,3.18
11503,19.11.2011 05:00:01,-0.25,-0.31,0.43,1.56,3.18
11504,19.11.2011 06:00:01,-0.25,-0.31,0.43,1.5,3.18
11505,19.11.2011 07:00:01,-0.25,-0.31,0.43,1.56,3.18
11506,19.11.2011 08:00:01,-0.25,-0.37,0.43,1.56,3.12,3.503
11507,19.11.2011 09:00:01,-0.25,-0.37,0.43,1.56,3.12
11508,19.11.2011 10:00:01,-0.25,-0.37,0.43,1.56,3.12
11509,19.11.2011 11:00:01,-0.25,-0.37,0.43,1.5,3.12
11510,19.11.2011 12:00:01,-0.25,-0.37,0.43,1.56,3.12
11511,19.11.2011 13:00:01,-0.25,-0.37,0.43,1.56,3.12
11512,19.11.2011 14:00:01,-0.25,-0.37,0.43,1.5,3.12,3.500
11513,19.11.2011 15:00:01,-0.31,-0.37,0.43,1.5,3.12
11514,19.11.2011 16:00:01,-0.25,-0.31,0.43,1.5,3.12
11515,19.11.2011 17:00:01,-0.25,-0.37,0.43,1.5,3.12
11516,19.11.2011 18:00:01,-0.25,-0.37,0.43,1.5,3.12
11517,19.11.2011 19:00:01,-0.25,-0.37,0.43,1.5,3.12
11518,19.11.2011 20:00:01,-0.25,-0.31,0.43,1.5,3.12,3.503
11519,19.11.2011 21:00:01,-0.25,-0.31,0.43,1.5,3.12
11520,19.11.2011 22:00:01,-0.25,-0.31,0.43,1.5,3.12
11521,19.11.2011 23:00:01,-0.25,-0.31,0.43,1.5,3.12
11522,20.11.2011 00:00:01,-0.25,-0.31,0.43,1.5,3.12
11523,20.11.2011 01:00:01,-0.25,-0.31,0.43,1.5,3.12
11524,20.11.2011 02:00:01,-0.25,-0.31,0.43,1.5,3.12,3.501
11525,20.11.2011 03:00:01,-0.25,-0.31,0.43,1.5,3.12
11526,20.11.2011 04:00:01,-0.25,-0.31,0.43,1.5,3.12
11527,20.11.2011 05:00:01,-0.25,-0.31,0.43,1.5,3.12
11528,20.11.2011 06:00:01,-0.25,-0.31,0.43,1.5,3.12
11529,20.11.2011 07:00:01,-0.25,-0.31,0.43,1.5,3.12
11530,20.11.2011 08:00:01,-0.25,-0.31,0.43,1.5,3.12,3.503
11531,20.11.2011 09:00:01,-0.25,-0.37,0.43,1.5,3.12
11532,20.11.2011 10:00:01,-0.25,-0.37,0.43,1.5,3.06
11533,20.11.2011 11:00:01,-0.25,-0.31,0.43,1.5,3.12
11534,20.11.2011 12:00:01,-0.25,-0.37,0.43,1.5,3.12
11535,20.11.2011 13:00:01,-0.25,-0.37,0.43,1.5,3.06
11536,20.11.2011 14:00:01,-0.25,-0.37,0.43,1.5,3.12,3.500
11537,20.11.2011 15:00:01,-0.25,-0.37,0.37,1.5,3.12
11538,20.11.2011 16:00:01,-0.25,-0.37,0.43,1.5,3.06
11539,20.11.2011 17:00:01,-0.31,-0.31,0.43,1.5,3.12
11540,20.11.2011 18:00:01,-0.25,-0.31,0.37,1.5,3.12
11541,20.11.2011 19:00:01,-0.25,-0.31,0.43,1.5,3.06
11542,20.11.2011 20:00:01,-0.25,-0.31,0.43,1.5,3.06,3.504
11543,20.11.2011 21:00:01,-0.25,-0.31,0.37,1.5,3.06
11544,20.11.2011 22:00:01,-0.25,-0.31,0.37,1.5,3.06
11545,20.11.2011 23:00:01,-0.25,-0.31,0.43,1.5,3.06
11546,21.11.2011 00:00:01,-0.25,-0.31,0.37,1.5,3.06
11547,21.11.2011 01:00:01,-0.25,-0.31,0.43,1.43,3.06
11548,21.11.2011 02:00:01,-0.25,-0.31,0.43,1.43,3.06,3.499
11549,21.11.2011 03:00:01,-0.25,-0.31,0.43,1.43,3.06
11550,21.11.2011 04:00:01,-0.25,-0.31,0.37,1.5,3.06
11551,21.11.2011 05:00:01,-0.25,-0.31,0.43,1.43,3.06
11552,21.11.2011 06:00:01,-0.25,-0.37,0.37,1.43,3.06
11553,21.11.2011 07:00:01,-0.25,-0.31,0.37,1.43,3.06
11554,21.11.2011 08:00:01,-0.25,-0.37,0.43,1.5,3.06,3.499
11555,21.11.2011 09:00:01,-0.31,-0.37,0.37,1.43,3.06
11556,21.11.2011 10:00:01,-0.25,-0.37,0.37,1.43,3.06
11557,21.11.2011 11:00:01,-0.25,-0.37,0.37,1.5,3.06
11558,21.11.2011 12:00:01,-0.31,-0.37,0.37,1.43,3.06
11559,21.11.2011 13:00:01,-0.31,-0.43,0.37,1.43,3.06
11560,21.11.2011 14:00:01,-0.31,-0.37,0.37,1.43,3.06,3.500
11561,21.11.2011 15:00:01,-0.31,-0.37,0.37,1.43,3.06
11562,21.11.2011 16:00:01,-0.31,-0.37,0.43,1.43,3.06
11563,21.11.2011 17:00:01,-0.31,-0.37,0.37,1.43,3.06
11564,21.11.2011 18:00:01,-0.31,-0.37,0.37,1.43,3.06
11565,21.11.2011 19:00:01,-0.31,-0.37,0.37,1.43,3.06
11566,21.11.2011 20:00:01,-0.31,-0.37,0.37,1.43,3.06,3.499
11567,21.11.2011 21:00:01,-0.25,-0.37,0.37,1.43,3.06
11568,21.11.2011 22:00:01,-0.25,-0.31,0.37,1.43,3.06
11569,21.11.2011 23:00:01,-0.25,-0.31,0.37,1.43,3.06
11570,22.11.2011 00:00:01,-0.25,-0.31,0.37,1.43,3.06
11571,22.11.2011 01:00:01,-0.25,-0.31,0.37,1.43,3.06
11572,22.11.2011 02:00:01,-0.25,-0.31,0.37,1.43,3.06,3.498
11573,22.11.2011 03:00:01,-0.25,-0.31,0.37,1.43,3
11574,22.11.2011 04:00:01,-0.25,-0.31,0.37,1.43,3
11575,22.11.2011 05:00:01,-0.25,-0.31,0.37,1.43,3.06
11576,22.11.2011 06:00:01,-0.25,-0.31,0.37,1.43,3
11577,22.11.2011 07:00:01,-0.31,-0.31,0.37,1.43,3
11578,22.11.2011 08:00:01,-0.25,-0.31,0.37,1.43,3.06,3.505
11579,22.11.2011 09:00:01,-0.31,-0.37,0.37,1.43,3
11580,22.11.2011 10:00:01,-0.25,-0.37,0.37,1.43,3
11581,22.11.2011 11:00:01,-0.25,-0.37,0.37,1.43,3
11582,22.11.2011 12:00:01,-0.31,-0.37,0.37,1.43,3
11583,22.11.2011 13:00:01,-0.31,-0.43,0.37,1.43,3
11584,22.11.2011 14:00:01,-0.31,-0.43,0.37,1.43,3.06,3.500
11585,22.11.2011 15:00:01,-0.25,-0.37,0.37,1.43,3
11586,22.11.2011 16:00:01,-0.31,-0.37,0.37,1.43,3
11587,22.11.2011 17:00:01,-0.31,-0.37,0.37,1.37,3
11588,22.11.2011 18:00:01,-0.25,-0.43,0.37,1.37,3
11589,22.11.2011 19:00:01,-0.31,-0.37,0.37,1.43,3
11590,22.11.2011 20:00:01,-0.31,-0.37,0.37,1.37,3,3.499
11591,22.11.2011 21:00:01,-0.31,-0.37,0.37,1.37,3
11592,22.11.2011 22:00:01,-0.25,-0.37,0.37,1.43,3
11593,22.11.2011 23:00:01,-0.25,-0.37,0.37,1.43,3
11594,23.11.2011 00:00:01,-0.25,-0.37,0.37,1.43,3
11595,23.11.2011 01:00:01,-0.31,-0.37,0.37,1.43,3
11596,23.11.2011 02:00:01,-0.25,-0.31,0.31,1.37,3,3.499
11597,23.11.2011 03:00:01,-0.25,-0.37,0.31,1.37,3
11598,23.11.2011 04:00:01,-0.31,-0.37,0.37,1.43,3
11599,23.11.2011 05:00:01,-0.25,-0.31,0.37,1.37,3
11600,23.11.2011 06:00:01,-0.31,-0.37,0.37,1.37,3
11601,23.11.2011 07:00:01,-0.31,-0.37,0.37,1.37,3
11602,23.11.2011 08:00:01,-0.25,-0.37,0.37,1.37,3,3.499
11603,23.11.2011 09:00:01,-0.31,-0.37,0.37,1.37,3
11604,23.11.2011 10:00:01,-0.25,-0.37,0.37,1.37,3
11605,23.11.2011 11:00:01,-0.31,-0.37,0.37,1.43,3
11606,23.11.2011 12:00:01,-0.31,-0.43,0.37,1.37,3
11607,23.11.2011 13:00:01,-0.31,-0.43,0.37,1.37,3
11608,23.11.2011 14:00:01,-0.31,-0.37,0.37,1.37,2.93,3.498
11609,23.11.2011 15:00:01,-0.31,-0.43,0.37,1.37,3
11610,23.11.2011 16:00:01,-0.31,-0.37,0.37,1.37,3
11611,23.11.2011 17:00:01,-0.31,-0.37,0.37,1.37,3
11612,23.11.2011 18:00:01,-0.31,-0.37,0.37,1.37,2.93
11613,23.11.2011 19:00:01,-0.31,-0.37,0.31,1.37,3
11614,23.11.2011 20:00:01,-0.31,-0.37,0.31,1.37,3,3.504
11615,23.11.2011 21:00:01,-0.25,-0.31,0.37,1.37,2.93
11616,23.11.2011 22:00:01,-0.25,-0.31,0.37,1.37,2.93
11617,23.11.2011 23:00:01,-0.25,-0.31,0.37,1.37,2.93
11618,24.11.2011 00:00:01,-0.25,-0.31,0.37,1.37,2.93
11619,24.11.2011 01:00:01,-0.25,-0.31,0.37,1.37,2.93
11620,24.11.2011 02:00:01,-0.25,-0.31,0.37,1.37,3,3.499
11621,24.11.2011 03:00:01,-0.25,-0.31,0.37,1.37,2.93
11622,24.11.2011 04:00:01,-0.18,-0.31,0.37,1.37,2.93
11623,24.11.2011 05:00:01,-0.25,-0.31,0.37,1.37,3
11624,24.11.2011 06:00:01,-0.25,-0.31,0.37,1.37,2.93
11625,24.11.2011 07:00:01,-0.25,-0.31,0.37,1.37,2.93
11626,24.11.2011 08:00:01,-0.25,-0.37,0.37,1.37,2.93,3.503
11627,24.11.2011 09:00:01,-0.25,-0.37,0.37,1.37,2.93
11628,24.11.2011 10:00:01,-0.25,-0.37,0.31,1.37,2.93
11629,24.11.2011 11:00:01,-0.25,-0.37,0.37,1.37,2.93
11630,24.11.2011 12:00:01,-0.25,-0.37,0.31,1.37,2.93
11631,24.11.2011 13:00:01,-0.25,-0.37,0.37,1.31,2.93
11632,24.11.2011 14:00:01,-0.31,-0.37,0.37,1.31,2.93,3.506
11633,24.11.2011 15:00:01,-0.31,-0.37,0.31,1.37,2.93
11634,24.11.2011 16:00:01,-0.25,-0.37,0.37,1.37,2.93
11635,24.11.2011 17:00:01,-0.25,-0.37,0.31,1.37,2.93
11636,24.11.2011 18:00:01,-0.25,-0.37,0.31,1.37,2.93
11637,24.11.2011 19:00:01,-0.25,-0.31,0.37,1.37,2.93
11638,24.11.2011 20:00:01,-0.25,-0.31,0.31,1.37,2.93,3.500
11639,24.11.2011 21:00:01,-0.25,-0.31,0.37,1.37,2.93
11640,24.11.2011 22:00:01,-0.25,-0.31,0.37,1.37,2.93
11641,24.11.2011 23:00:01,-0.25,-0.31,0.37,1.37,2.93
11642,25.11.2011 00:00:01,-0.25,-0.31,0.37,1.31,2.93
11643,25.11.2011 01:00:01,-0.25,-0.31,0.37,1.31,2.93
11644,25.11.2011 02:00:01,-0.25,-0.31,0.31,1.37,2.93,3.505
11645,25.11.2011 03:00:01,-0.25,-0.31,0.37,1.31,2.93
11646,25.11.2011 04:00:01,-0.31,-0.37,0.37,1.37,2.93
11647,25.11.2011 05:00:01,-0.25,-0.31,0.37,1.37,2.93
11648,25.11.2011 06:00:01,-0.25,-0.37,0.37,1.37,2.93
11649,25.11.2011 07:00:01,-0.25,-0.37,0.37,1.37,2.93
11650,25.11.2011 08:00:01,-0.25,-0.37,0.31,1.37,2.93,3.499
11651,25.11.2011 09:00:01,-0.25,-0.37,0.37,1.37,2.87
11652,25.11.2011 10:00:01,-0.31,-0.37,0.37,1.31,2.93
11653,25.11.2011 11:00:01,-0.31,-0.37,0.31,1.31,2.87
11654,25.11.2011 12:00:01,-0.25,-0.37,0.37,1.31,2.93
11655,25.11.2011 13:00:01,-0.31,-0.43,0.31,1.31,2.87
11656,25.11.2011 14:00:01,-0.31,-0.43,0.37,1.31,2.87,3.503
11657,25.11.2011 15:00:01,-0.31,-0.43,0.37,1.31,2.87
11658,25.11.2011 16:00:01,-0.31,-0.43,0.37,1.31,2.87
11659,25.11.2011 17:00:01,-0.31,-0.43,0.37,1.37,2.93
11660,25.11.2011 18:00:01,-0.25,-0.37,0.31,1.31,2.87
11661,25.11.2011 19:00:01,-0.31,-0.37,0.31,1.31,2.93
11662,25.11.2011 20:00:01,-0.31,-0.37,0.37,1.37,2.87,3.500
11663,25.11.2011 21:00:01,-0.31,-0.43,0.31,1.31,2.93
11664,25.11.2011 22:00:01,-0.31,-0.37,0.31,1.31,2.87
11665,25.11.2011 23:00:01,-0.31,-0.37,0.31,1.31,2.87
11666,26.11.2011 00:00:01,-0.31,-0.37,0.31,1.31,2.87
11667,26.11.2011 01:00:01,-0.31,-0.43,0.31,1.31,2.87
11668,26.11.2011 02:00:01,-0.31,-0.43,0.31,1.31,2.87,3.499
11669,26.11.2011 03:00:01,-0.31,-0.43,0.31,1.31,2.87
11670,26.11.2011 04:00:01,-0.31,-0.43,0.31,1.31,2.87
11671,26.11.2011 05:00:01,-0.31,-0.43,0.31,1.31,2.87
11672,26.11.2011 06:00:01,-0.37,-0.43,0.31,1.31,2.87
11673,26.11.2011 07:00:01,-0.31,-0.43,0.31,1.31,2.87
11674,26.11.2011 08:00:01,-0.37,-0.43,0.31,1.31,2.87,3.499
11675,26.11.2011 09:00:01,-0.37,-0.43,0.31,1.31,2.87
11676,26.11.2011 10:00:01,-0.37,-0.5,0.31,1.31,2.87
11677,26.11.2011 11:00:01,-0.37,-0.5,0.31,1.31,2.87
11678,26.11.2011 12:00:01,-0.37,-0.5,0.31,1.31,2.87
11679,26.11.2011 13:00:01,-0.37,-0.5,0.31,1.31,2.87
11680,26.11.2011 14:00:01,-0.37,-0.5,0.31,1.31,2.87,3.502
11681,26.11.2011 15:00:01,-0.37,-0.5,0.31,1.31,2.87
11682,26.11.2011 16:00:01,-0.37,-0.5,0.31,1.31,2.87
11683,26.11.2011 17:00:01,-0.37,-0.5,0.31,1.31,2.87
11684,26.11.2011 18:00:01,-0.37,-0.43,0.31,1.31,2.87
11685,26.11.2011 19:00:01,-0.37,-0.43,0.31,1.31,2.87
11686,26.11.2011 20:00:01,-0.37,-0.43,0.31,1.31,2.87,3.501
11687,26.11.2011 21:00:01,-0.37,-0.43,0.31,1.31,2.87
11688,26.11.2011 22:00:01,-0.37,-0.43,0.31,1.31,2.87
11689,26.11.2011 23:00:01,-0.31,-0.43,0.31,1.31,2.87
11690,27.11.2011 00:00:01,-0.31,-0.43,0.31,1.31,2.87
11691,27.11.2011 01:00:01,-0.37,-0.43,0.31,1.31,2.87
11692,27.11.2011 02:00:01,-0.37,-0.43,0.31,1.31,2.87,3.503
11693,27.11.2011 03:00:01,-0.37,-0.43,0.31,1.31,2.87
11694,27.11.2011 04:00:01,-0.37,-0.5,0.31,1.31,2.87
11695,27.11.2011 05:00:01,-0.37,-0.5,0.31,1.31,2.87
11696,27.11.2011 06:00:01,-0.37,-0.5,0.31,1.31,2.87
11697,27.11.2011 07:00:01,-0.43,-0.56,0.31,1.31,2.87
11698,27.11.2011 08:00:01,-0.43,-0.56,0.31,1.31,2.87,3.497
11699,27.11.2011 09:00:01,-0.43,-0.56,0.31,1.31,2.87
11700,27.11.2011 10:00:01,-0.43,-0.56,0.31,1.31,2.87
11701,27.11.2011 11:00:01,-0.43,-0.62,0.31,1.25,2.87
11702,27.11.2011 12:00:01,-0.43,-0.56,0.31,1.31,2.87
11703,27.11.2011 13:00:01,-0.5,-0.56,0.31,1.31,2.81
11704,27.11.2011 14:00:01,-0.43,-0.62,0.31,1.31,2.81,3.502
11705,27.11.2011 15:00:01,-0.43,-0.56,0.31,1.31,2.81
11706,27.11.2011 16:00:01,-0.43,-0.56,0.31,1.31,2.81
11707,27.11.2011 17:00:01,-0.43,-0.56,0.31,1.31,2.81
11708,27.11.2011 18:00:01,-0.43,-0.56,0.31,1.25,2.81
11709,27.11.2011 19:00:01,-0.43,-0.56,0.31,1.31,2.81
11710,27.11.2011 20:00:01,-0.43,-0.56,0.31,1.25,2.81,3.500
11711,27.11.2011 21:00:01,-0.43,-0.5,0.25,1.31,2.81
11712,27.11.2011 22:00:01,-0.43,-0.56,0.25,1.31,2.81
11713,27.11.2011 23:00:01,-0.43,-0.56,0.31,1.25,2.81
11714,28.11.2011 00:00:01,-0.43,-0.56,0.31,1.25,2.81
11715,28.11.2011 01:00:01,-0.43,-0.56,0.31,1.31,2.81
11716,28.11.2011 02:00:01,-0.5,-0.56,0.31,1.31,2.81,3.501
11717,28.11.2011 03:00:01,-0.5,-0.62,0.31,1.25,2.81
11718,28.11.2011 04:00:01,-0.5,-0.62,0.31,1.25,2.81
11719,28.11.2011 05:00:01,-0.5,-0.62,0.25,1.31,2.81
11720,28.11.2011 06:00:01,-0.5,-0.62,0.25,1.25,2.81
11721,28.11.2011 07:00:01,-0.5,-0.68,0.25,1.25,2.81
11722,28.11.2011 08:00:01,-0.5,-0.62,0.25,1.25,2.81,3.500
11723,28.11.2011 09:00:01,-0.5,-0.68,0.25,1.31,2.81
11724,28.11.2011 10:00:01,-0.56,-0.68,0.25,1.25,2.81
11725,28.11.2011 11:00:01,-0.56,-0.68,0.25,1.25,2.81
11726,28.11.2011 12:00:01,-0.56,-0.68,0.25,1.25,2.81
11727,28.11.2011 13:00:01,-0.56,-0.68,0.25,1.25,2.81
11728,28.11.2011 14:00:01,-0.56,-0.75,0.25,1.25,2.81,3.501
11729,28.11.2011 15:00:01,-0.56,-0.68,0.25,1.25,2.81
11730,28.11.2011 16:00:01,-0.56,-0.68,0.25,1.25,2.81
11731,28.11.2011 17:00:01,-0.56,-0.68,0.25,1.25,2.81
11732,28.11.2011 18:00:01,-0.56,-0.68,0.25,1.25,2.81
11733,28.11.2011 19:00:01,-0.56,-0.62,0.25,1.25,2.81
11734,28.11.2011 20:00:01,-0.5,-0.62,0.25,1.25,2.81,3.495
11735,28.11.2011 21:00:01,-0.56,-0.62,0.25,1.25,2.81
11736,28.11.2011 22:00:01,-0.56,-0.62,0.25,1.25,2.81
11737,28.11.2011 23:00:01,-0.56,-0.62,0.25,1.25,2.81
11738,29.11.2011 00:00:01,-0.5,-0.62,0.25,1.25,2.81
11739,29.11.2011 01:00:01,-0.56,-0.62,0.25,1.25,2.81
11740,29.11.2011 02:00:01,-0.5,-0.62,0.25,1.25,2.81,3.497
11741,29.11.2011 03:00:01,-0.56,-0.68,0.25,1.25,2.75
11742,29.11.2011 04:00:01,-0.56,-0.68,0.25,1.25,2.81
11743,29.11.2011 05:00:01,-0.62,-0.68,0.25,1.25,2.75
11744,29.11.2011 06:00:01,-0.56,-0.75,0.25,1.25,2.81
11745,29.11.2011 07:00:01,-0.56,-0.75,0.25,1.25,2.81
11746,29.11.2011 08:00:01,-0.62,-0.75,0.25,1.25,2.81,3.497
11747,29.11.2011 09:00:01,-0.62,-0.81,0.25,1.25,2.75
11748,29.11.2011 10:00:01,-0.62,-0.81,0.25,1.25,2.81
11749,29.11.2011 11:00:01,-0.68,-0.81,0.25,1.25,2.75
11750,29.11.2011 12:00:01,-0.68,-0.87,0.25,1.25,2.75
11751,29.11.2011 13:00:01,-0.68,-0.81,0.18,1.25,2.75
11752,29.11.2011 14:00:01,-0.68,-0.81,0.25,1.25,2.75,3.496
11753,29.11.2011 15:00:01,-0.68,-0.81,0.18,1.25,2.75
11754,29.11.2011 16:00:01,-0.68,-0.81,0.25,1.25,2.75
11755,29.11.2011 17:00:01,-0.68,-0.81,0.18,1.25,2.81
11756,29.11.2011 18:00:01,-0.62,-0.75,0.25,1.18,2.75
11757,29.11.2011 19:00:01,-0.62,-0.68,0.18,1.25,2.75
11758,29.11.2011 20:00:01,-0.62,-0.68,0.18,1.25,2.75,3.494
11759,29.11.2011 21:00:01,-0.62,-0.68,0.25,1.18,2.75
11760,29.11.2011 22:00:01,-0.62,-0.75,0.18,1.25,2.75
11761,29.11.2011 23:00:01,-0.62,-0.75,0.18,1.25,2.75
11762,30.11.2011 00:00:01,-0.62,-0.75,0.18,1.25,2.75
11763,30.11.2011 01:00:01,-0.68,-0.81,0.18,1.25,2.75
11764,30.11.2011 02:00:01,-0.75,-0.87,0.18,1.18,2.75,3.500
11765,30.11.2011 03:00:01,-0.68,-0.87,0.18,1.25,2.75
11766,30.11.2011 04:00:01,-0.68,-0.87,0.25,1.18,2.81
11767,30.11.2011 05:00:01,-0.75,-0.93,0.18,1.18,2.75
11768,30.11.2011 06:00:01,-0.81,-0.93,0.18,1.18,2.75
11769,30.11.2011 07:00:01,-0.81,-1,0.18,1.18,2.75
11770,30.11.2011 08:00:01,-0.81,-1,0.18,1.18,2.75,3.498
11771,30.11.2011 09:00:01,-0.81,-1.06,0.18,1.18,2.75
11772,30.11.2011 10:00:01,-0.87,-1.06,0.18,1.18,2.75
11773,30.11.2011 11:00:01,-0.87,-1.12,0.18,1.18,2.75
11774,30.11.2011 12:00:01,-0.87,-1.12,0.18,1.18,2.75
11775,30.11.2011 13:00:01,-0.93,-1.12,0.18,1.18,2.75
11776,30.11.2011 14:00:01,-0.93,-1.12,0.18,1.18,2.75,3.493
11777,30.11.2011 15:00:01,-0.93,-1.12,0.18,1.18,2.75
11778,30.11.2011 16:00:01,-0.93,-1.06,0.18,1.18,2.75
11779,30.11.2011 17:00:01,-0.87,-1,0.18,1.18,2.75
11780,30.11.2011 18:00:01,-0.87,-1,0.18,1.18,2.75
11781,30.11.2011 19:00:01,-0.87,-1,0.18,1.18,2.75
11782,30.11.2011 20:00:01,-0.87,-0.93,0.12,1.18,2.75,3.493
11783,30.11.2011 21:00:01,-0.87,-1,0.18,1.18,2.75
11784,30.11.2011 22:00:01,-0.87,-1,0.18,1.18,2.75
11785,30.11.2011 23:00:01,-0.87,-1,0.12,1.18,2.75
11786,01.12.2011 00:00:01,-0.87,-1.06,0.18,1.18,2.75
11787,01.12.2011 01:00:01,-0.93,-1.06,0.12,1.18,2.75
11788,01.12.2011 02:00:01,-0.93,-1.12,0.18,1.18,2.75,3.493
11789,01.12.2011 03:00:01,-0.93,-1.12,0.18,1.18,2.75
11790,01.12.2011 04:00:01,-1,-1.18,0.12,1.18,2.75
11791,01.12.2011 05:00:01,-1,-1.18,0.12,1.18,2.75
11792,01.12.2011 06:00:01,-1.06,-1.18,0.12,1.18,2.75
11793,01.12.2011 07:00:01,-1.06,-1.25,0.12,1.18,2.68
11794,01.12.2011 08:00:01,-1.06,-1.25,0.12,1.18,2.75,3.492
11795,01.12.2011 09:00:01,-1.12,-1.31,0.12,1.18,2.68
11796,01.12.2011 10:00:01,-1.12,-1.31,0.12,1.18,2.68
11797,01.12.2011 11:00:01,-1.12,-1.37,0.12,1.18,2.75
11798,01.12.2011 12:00:01,-1.12,-1.31,0.12,1.18,2.68
11799,01.12.2011 13:00:01,-1.12,-1.31,0.12,1.18,2.68
11800,01.12.2011 14:00:01,-1.12,-1.31,0.12,1.18,2.75,3.496
11801,01.12.2011 15:00:01,-1.06,-1.18,0.12,1.18,2.68
11802,01.12.2011 16:00:01,-1.06,-1.18,0.12,1.18,2.68
11803,01.12.2011 17:00:01,-1,-1.06,0.12,1.12,2.68
11804,01.12.2011 18:00:01,-0.93,-1,0.12,1.12,2.75
11805,01.12.2011 19:00:01,-0.93,-1,0.12,1.12,2.68
11806,01.12.2011 20:00:01,-0.87,-0.93,0.12,1.18,2.68,3.494
11807,01.12.2011 21:00:01,-0.87,-0.93,0.12,1.12,2.68
11808,01.12.2011 22:00:01,-0.81,-0.87,0.12,1.12,2.75
11809,01.12.2011 23:00:01,-0.81,-0.87,0.06,1.12,2.68
11810,02.12.2011 00:00:01,-0.81,-0.87,0.12,1.12,2.68
11811,02.12.2011 01:00:01,-0.81,-0.87,0.12,1.12,2.68
11812,02.12.2011 02:00:01,-0.81,-0.93,0.12,1.12,2.68,3.498
11813,02.12.2011 03:00:01,-0.87,-0.93,0.12,1.18,2.68
11814,02.12.2011 04:00:01,-0.87,-1.06,0.06,1.12,2.68
11815,02.12.2011 05:00:01,-0.93,-1.06,0.12,1.12,2.68
11816,02.12.2011 06:00:01,-0.93,-1.06,0.12,1.12,2.68
11817,02.12.2011 07:00:01,-0.93,-1.12,0.06,1.12,2.68
11818,02.12.2011 08:00:01,-1,-1.18,0.06,1.12,2.68,3.498
11819,02.12.2011 09:00:01,-1,-1.18,0.12,1.12,2.68
11820,02.12.2011 10:00:01,-1.06,-1.25,0.06,1.12,2.68
11821,02.12.2011 11:00:01,-1.12,-1.31,0.06,1.12,2.68
11822,02.12.2011 12:00:01,-1.12,-1.31,0.06,1.12,2.68
11823,02.12.2011 13:00:01,-1.12,-1.31,0.06,1.12,2.68
11824,02.12.2011 14:00:01,-1.12,-1.31,0.06,1.12,2.68,3.491
11825,02.12.2011 15:00:01,-1.12,-1.25,0.06,1.12,2.68
11826,02.12.2011 16:00:01,-1.12,-1.18,0.06,1.12,2.68
11827,02.12.2011 17:00:01,-1.06,-1.18,0.06,1.12,2.68
11828,02.12.2011 18:00:01,-1.06,-1.12,0.06,1.12,2.68
11829,02.12.2011 19:00:01,-1,-1.12,0.06,1.12,2.68
11830,02.12.2011 20:00:01,-1,-1.12,0.06,1.12,2.68,3.497
11831,02.12.2011 21:00:01,-1,-1.12,0.06,1.12,2.68
11832,02.12.2011 22:00:01,-1,-1.12,0.06,1.12,2.68
11833,02.12.2011 23:00:01,-1.06,-1.12,0.06,1.12,2.68
11834,03.12.2011 00:00:01,-1.06,-1.18,0.06,1.12,2.68
11835,03.12.2011 01:00:01,-1.06,-1.18,0,1.12,2.68
11836,03.12.2011 02:00:01,-1.06,-1.25,0.06,1.12,2.68,3.491
11837,03.12.2011 03:00:01,-1.12,-1.25,0.06,1.12,2.68
11838,03.12.2011 04:00:01,-1.12,-1.31,0,1.12,2.68
11839,03.12.2011 05:00:01,-1.12,-1.31,0.06,1.12,2.68
11840,03.12.2011 06:00:01,-1.18,-1.31,0,1.12,2.68
11841,03.12.2011 07:00:01,-1.18,-1.37,0.06,1.12,2.68
11842,03.12.2011 08:00:01,-1.18,-1.37,0,1.12,2.68,3.497
11843,03.12.2011 09:00:01,-1.25,-1.37,0,1.12,2.68
11844,03.12.2011 10:00:01,-1.18,-1.37,0.06,1.06,2.68
11845,03.12.2011 11:00:01,-1.18,-1.43,0,1.12,2.68
11846,03.12.2011 12:00:01,-1.25,-1.37,0.06,1.06,2.62
11847,03.12.2011 13:00:01,-1.25,-1.37,0,1.06,2.68
11848,03.12.2011 14:00:01,-1.18,-1.31,0,1.06,2.62,3.492
11849,03.12.2011 15:00:01,-1.18,-1.31,0,1.06,2.62
11850,03.12.2011 16:00:01,-1.12,-1.25,0,1.06,2.68
11851,03.12.2011 17:00:01,-1.12,-1.18,0,1.12,2.68
11852,03.12.2011 18:00:01,-1.06,-1.12,0,1.06,2.62
11853,03.12.2011 19:00:01,-1,-1.06,0,1.06,2.62
11854,03.12.2011 20:00:01,-1,-1.06,0,1.06,2.62,3.491
11855,03.12.2011 21:00:01,-1,-1.06,0,1.06,2.62
11856,03.12.2011 22:00:01,-1,-1.12,0,1.06,2.62
11857,03.12.2011 23:00:01,-1.06,-1.25,0,1.06,2.62
11858,04.12.2011 00:00:01,-1.12,-1.31,0,1.06,2.62
11859,04.12.2011 01:00:01,-1.18,-1.43,0,1.06,2.62
11860,04.12.2011 02:00:01,-1.25,-1.5,0,1.06,2.62,3.489
11861,04.12.2011 03:00:01,-1.31,-1.62,0,1.06,2.62
11862,04.12.2011 04:00:01,-1.37,-1.68,0,1.06,2.62
11863,04.12.2011 05:00:01,-1.43,-1.81,0,1.06,2.62
11864,04.12.2011 06:00:01,-1.5,-1.87,-0.06,1.06,2.62
11865,04.12.2011 07:00:01,-1.56,-1.93,0,1.06,2.62
11866,04.12.2011 08:00:01,-1.62,-2,-0.06,1.06,2.62,3.491
11867,04.12.2011 09:00:01,-1.68,-2.06,0,1.06,2.62
11868,04.12.2011 10:00:01,-1.68,-2.06,-0.06,1.06,2.62
11869,04.12.2011 11:00:01,-1.75,-2.12,-0.06,1.06,2.62
11870,04.12.2011 12:00:01,-1.81,-2.18,-0.06,1.06,2.62
11871,04.12.2011 13:00:01,-1.81,-2.12,-0.06,1.06,2.62
11872,04.12.2011 14:00:01,-1.81,-2.06,-0.06,1.06,2.62,3.490
11873,04.12.2011 15:00:01,-1.75,-2,-0.06,1.06,2.62
11874,04.12.2011 16:00:01,-1.68,-1.87,-0.06,1.06,2.62
11875,04.12.2011 17:00:01,-1.68,-1.75,-0.06,1.06,2.62
11876,04.12.2011 18:00:01,-1.56,-1.68,-0.06,1,2.62
11877,04.12.2011 19:00:01,-1.56,-1.62,-0.06,1.06,2.62
11878,04.12.2011 20:00:01,-1.5,-1.62,-0.06,1.06,2.62,3.493
11879,04.12.2011 21:00:01,-1.5,-1.68,-0.06,1,2.62
11880,04.12.2011 22:00:01,-1.56,-1.75,-0.06,1,2.56
11881,04.12.2011 23:00:01,-1.62,-1.87,-0.06,1.06,2.62
11882,05.12.2011 00:00:01,-1.68,-1.93,-0.12,1,2.62
11883,05.12.2011 01:00:01,-1.75,-2,-0.12,1.06,2.62
11884,05.12.2011 02:00:01,-1.81,-2.12,-0.12,1,2.62,3.485
11885,05.12.2011 03:00:01,-1.81,-2.12,-0.12,1,2.62
11886,05.12.2011 04:00:01,-1.87,-2.18,-0.12,1,2.56
11887,05.12.2011 05:00:01,-1.87,-2.18,-0.12,1,2.62
11888,05.12.2011 06:00:01,-1.93,-2.25,-0.12,1,2.62
11889,05.12.2011 07:00:01,-1.93,-2.25,-0.12,1,2.62
11890,05.12.2011 08:00:01,-2,-2.25,-0.12,1,2.62,3.487
11891,05.12.2011 09:00:01,-2,-2.31,-0.12,1,2.56
11892,05.12.2011 10:00:01,-2,-2.31,-0.12,1,2.62
11893,05.12.2011 11:00:01,-2.06,-2.31,-0.12,1,2.56
11894,05.12.2011 12:00:01,-2.06,-2.31,-0.12,1,2.56
11895,05.12.2011 13:00:01,-2.06,-2.31,-0.18,1,2.62
11896,05.12.2011 14:00:01,-2.06,-2.25,-0.18,1,2.62,3.484
11897,05.12.2011 15:00:01,-2,-2.18,-0.18,1,2.56
11898,05.12.2011 16:00:01,-1.93,-2.12,-0.18,1,2.56
11899,05.12.2011 17:00:01,-1.93,-2.06,-0.12,1,2.56
11900,05.12.2011 18:00:01,-1.87,-2.06,-0.18,1,2.56
11901,05.12.2011 19:00:01,-1.87,-2,-0.12,1,2.56
11902,05.12.2011 20:00:01,-1.87,-2.06,-0.12,1,2.56,3.489
11903,05.12.2011 21:00:01,-1.87,-2.12,-0.18,1,2.56
11904,05.12.2011 22:00:01,-1.87,-2.12,-0.18,1,2.56
11905,05.12.2011 23:00:01,-1.93,-2.18,-0.18,1,2.56
11906,06.12.2011 00:00:01,-2,-2.18,-0.18,1,2.56
11907,06.12.2011 01:00:01,-2,-2.25,-0.18,1,2.56
11908,06.12.2011 02:00:01,-2.06,-2.31,-0.18,0.93,2.56,3.484
11909,06.12.2011 03:00:01,-2.06,-2.37,-0.18,1,2.56
11910,06.12.2011 04:00:01,-2.12,-2.37,-0.25,0.93,2.56
11911,06.12.2011 05:00:01,-2.12,-2.43,-0.25,0.93,2.56
11912,06.12.2011 06:00:01,-2.18,-2.43,-0.25,1,2.56
11913,06.12.2011 07:00:01,-2.18,-2.5,-0.25,1,2.56
11914,06.12.2011 08:00:01,-2.25,-2.5,-0.25,0.93,2.56,3.485
11915,06.12.2011 09:00:01,-2.25,-2.56,-0.18,1,2.56
11916,06.12.2011 10:00:01,-2.25,-2.56,-0.25,0.93,2.56
11917,06.12.2011 11:00:01,-2.31,-2.56,-0.25,0.93,2.56
11918,06.12.2011 12:00:01,-2.31,-2.56,-0.25,0.93,2.56
11919,06.12.2011 13:00:01,-2.25,-2.5,-0.25,0.93,2.56
11920,06.12.2011 14:00:01,-2.25,-2.43,-0.25,0.93,2.56,3.479
11921,06.12.2011 15:00:01,-2.25,-2.37,-0.25,0.93,2.56
11922,06.12.2011 16:00:01,-2.12,-2.25,-0.25,0.93,2.56
11923,06.12.2011 17:00:01,-2.06,-2.18,-0.25,0.93,2.56
11924,06.12.2011 18:00:01,-2,-2.06,-0.25,0.93,2.56
11925,06.12.2011 19:00:01,-1.93,-2.06,-0.25,0.93,2.56
11926,06.12.2011 20:00:01,-1.93,-2.06,-0.25,0.93,2.56,3.484
11927,06.12.2011 21:00:01,-1.93,-2.06,-0.25,0.93,2.56
11928,06.12.2011 22:00:01,-1.93,-2.12,-0.25,0.93,2.56
11929,06.12.2011 23:00:01,-2,-2.18,-0.25,0.93,2.56
11930,07.12.2011 00:00:01,-2,-2.25,-0.31,0.93,2.56
11931,07.12.2011 01:00:01,-2.06,-2.37,-0.25,0.93,2.56
11932,07.12.2011 02:00:01,-2.12,-2.43,-0.31,0.93,2.56,3.484
11933,07.12.2011 03:00:01,-2.18,-2.5,-0.31,0.93,2.5
11934,07.12.2011 04:00:01,-2.25,-2.56,-0.31,0.93,2.5
11935,07.12.2011 05:00:01,-2.31,-2.62,-0.31,0.93,2.56
11936,07.12.2011 06:00:01,-2.37,-2.62,-0.31,0.93,2.56
11937,07.12.2011 07:00:01,-2.37,-2.68,-0.31,0.93,2.5
11938,07.12.2011 08:00:01,-2.43,-2.68,-0.31,0.93,2.56,3.480
11939,07.12.2011 09:00:01,-2.43,-2.75,-0.31,0.93,2.5
11940,07.12.2011 10:00:01,-2.5,-2.75,-0.31,0.93,2.5
11941,07.12.2011 11:00:01,-2.5,-2.81,-0.31,0.93,2.5
11942,07.12.2011 12:00:01,-2.56,-2.81,-0.31,0.93,2.5
11943,07.12.2011 13:00:01,-2.5,-2.75,-0.31,0.93,2.5
11944,07.12.2011 14:00:01,-2.5,-2.62,-0.37,0.93,2.5,3.478
11945,07.12.2011 15:00:01,-2.37,-2.43,-0.37,0.87,2.5
11946,07.12.2011 16:00:01,-2.25,-2.37,-0.37,0.93,2.5
11947,07.12.2011 17:00:01,-2.18,-2.25,-0.37,0.87,2.5
11948,07.12.2011 18:00:01,-2.12,-2.12,-0.37,0.87,2.5
11949,07.12.2011 19:00:01,-2.06,-2.12,-0.37,0.87,2.5
11950,07.12.2011 20:00:01,-2,-2.12,-0.37,0.87,2.5,3.488
11951,07.12.2011 21:00:01,-2,-2.18,-0.37,0.87,2.5
11952,07.12.2011 22:00:01,-2.12,-2.25,-0.37,0.87,2.5
11953,07.12.2011 23:00:01,-2.12,-2.37,-0.37,0.87,2.5
11954,08.12.2011 00:00:01,-2.25,-2.5,-0.37,0.87,2.5
11955,08.12.2011 01:00:01,-2.31,-2.62,-0.43,0.87,2.5
11956,08.12.2011 02:00:01,-2.37,-2.68,-0.37,0.87,2.5,3.483
11957,08.12.2011 03:00:01,-2.5,-2.81,-0.37,0.87,2.5
11958,08.12.2011 04:00:01,-2.56,-2.87,-0.43,0.87,2.5
11959,08.12.2011 05:00:01,-2.56,-3,-0.43,0.87,2.5
11960,08.12.2011 06:00:01,-2.68,-3.06,-0.43,0.87,2.5
11961,08.12.2011 07:00:01,-2.68,-3.12,-0.43,0.87,2.5
11962,08.12.2011 08:00:01,-2.81,-3.18,-0.43,0.87,2.5,3.477
11963,08.12.2011 09:00:01,-2.87,-3.31,-0.5,0.87,2.5
11964,08.12.2011 10:00:01,-2.93,-3.37,-0.5,0.87,2.5
11965,08.12.2011 11:00:01,-3,-3.43,-0.5,0.87,2.5
11966,08.12.2011 12:00:01,-3,-3.37,-0.5,0.87,2.5
11967,08.12.2011 13:00:01,-3,-3.25,-0.5,0.87,2.5
11968,08.12.2011 14:00:01,-2.93,-3.12,-0.5,0.87,2.5,3.476
11969,08.12.2011 15:00:01,-2.81,-3,-0.5,0.87,2.5
11970,08.12.2011 16:00:01,-2.75,-2.81,-0.56,0.87,2.5
11971,08.12.2011 17:00:01,-2.62,-2.75,-0.5,0.87,2.5
11972,08.12.2011 18:00:01,-2.56,-2.68,-0.56,0.81,2.5
11973,08.12.2011 19:00:01,-2.5,-2.68,-0.56,0.87,2.5
11974,08.12.2011 20:00:01,-2.5,-2.75,-0.56,0.81,2.5,3.477
11975,08.12.2011 21:00:01,-2.62,-2.81,-0.56,0.81,2.5
11976,08.12.2011 22:00:01,-2.62,-2.87,-0.56,0.87,2.5
11977,08.12.2011 23:00:01,-2.68,-2.93,-0.56,0.81,2.5
11978,09.12.2011 00:00:01,-2.68,-3,-0.56,0.81,2.5
11979,09.12.2011 01:00:01,-2.75,-3.06,-0.56,0.81,2.5
11980,09.12.2011 02:00:01,-2.81,-3.12,-0.56,0.81,2.5,3.476
11981,09.12.2011 03:00:01,-2.87,-3.18,-0.62,0.81,2.5
11982,09.12.2011 04:00:01,-2.93,-3.18,-0.62,0.81,2.5
11983,09.12.2011 05:00:01,-2.93,-3.25,-0.62,0.81,2.43
11984,09.12.2011 06:00:01,-2.93,-3.25,-0.62,0.81,2.5
11985,09.12.2011 07:00:01,-3,-3.25,-0.62,0.81,2.5
11986,09.12.2011 08:00:01,-3,-3.25,-0.62,0.81,2.43,3.479
11987,09.12.2011 09:00:01,-3,-3.25,-0.62,0.81,2.5
11988,09.12.2011 10:00:01,-3,-3.25,-0.68,0.81,2.43
11989,09.12.2011 11:00:01,-3,-3.25,-0.68,0.81,2.43
11990,09.12.2011 12:00:01,-3,-3.18,-0.68,0.81,2.43
11991,09.12.2011 13:00:01,-2.93,-3.12,-0.68,0.81,2.43
11992,09.12.2011 14:00:01,-2.87,-3.06,-0.68,0.81,2.43,3.475
11993,09.12.2011 15:00:01,-2.81,-2.93,-0.68,0.81,2.43
11994,09.12.2011 16:00:01,-2.68,-2.81,-0.68,0.81,2.43
11995,09.12.2011 17:00:01,-2.62,-2.68,-0.68,0.81,2.43
11996,09.12.2011 18:00:01,-2.5,-2.62,-0.68,0.81,2.5
11997,09.12.2011 19:00:01,-2.5,-2.62,-0.68,0.81,2.43
11998,09.12.2011 20:00:01,-2.5,-2.68,-0.68,0.81,2.43,3.481
11999,09.12.2011 21:00:01,-2.56,-2.81,-0.68,0.81,2.43
12000,09.12.2011 22:00:01,-2.68,-2.93,-0.68,0.81,2.43
12001,09.12.2011 23:00:01,-2.75,-3.12,-0.68,0.75,2.43
12002,10.12.2011 00:00:01,-2.87,-3.25,-0.68,0.81,2.43
12003,10.12.2011 01:00:01,-2.93,-3.37,-0.75,0.75,2.43
12004,10.12.2011 02:00:01,-3.06,-3.43,-0.75,0.75,2.43,3.478
12005,10.12.2011 03:00:01,-3.12,-3.62,-0.75,0.81,2.43
12006,10.12.2011 04:00:01,-3.25,-3.68,-0.75,0.75,2.43
12007,10.12.2011 05:00:01,-3.31,-3.81,-0.81,0.75,2.43
12008,10.12.2011 06:00:01,-3.37,-3.81,-0.81,0.75,2.43
12009,10.12.2011 07:00:01,-3.5,-3.93,-0.81,0.75,2.43
12010,10.12.2011 08:00:01,-3.56,-4,-0.81,0.75,2.43,3.469
12011,10.12.2011 09:00:01,-3.62,-4.12,-0.87,0.75,2.43
12012,10.12.2011 10:00:01,-3.75,-4.18,-0.87,0.75,2.43
12013,10.12.2011 11:00:01,-3.75,-4.25,-0.87,0.75,2.43
12014,10.12.2011 12:00:01,-3.81,-4.18,-0.87,0.75,2.43
12015,10.12.2011 13:00:01,-3.75,-4.06,-0.93,0.75,2.43
12016,10.12.2011 14:00:01,-3.68,-3.87,-0.93,0.75,2.43,3.473
12017,10.12.2011 15:00:01,-3.5,-3.68,-0.93,0.75,2.43
12018,10.12.2011 16:00:01,-3.37,-3.5,-0.93,0.75,2.43
12019,10.12.2011 17:00:01,-3.25,-3.31,-0.93,0.75,2.43
12020,10.12.2011 18:00:01,-3.12,-3.25,-0.93,0.75,2.43
12021,10.12.2011 19:00:01,-3.12,-3.25,-0.93,0.75,2.37
12022,10.12.2011 20:00:01,-3.12,-3.31,-0.93,0.75,2.43,3.471
12023,10.12.2011 21:00:01,-3.18,-3.43,-0.93,0.75,2.37
12024,10.12.2011 22:00:01,-3.25,-3.5,-0.93,0.75,2.37
12025,10.12.2011 23:00:01,-3.31,-3.56,-0.93,0.75,2.43
12026,11.12.2011 00:00:01,-3.31,-3.68,-1,0.75,2.43
12027,11.12.2011 01:00:01,-3.43,-3.68,-1,0.75,2.43
12028,11.12.2011 02:00:01,-3.5,-3.75,-1,0.68,2.43,3.474
12029,11.12.2011 03:00:01,-3.56,-3.81,-1,0.68,2.37
12030,11.12.2011 04:00:01,-3.56,-3.87,-1,0.68,2.43
12031,11.12.2011 05:00:01,-3.62,-3.93,-1,0.68,2.37
12032,11.12.2011 06:00:01,-3.68,-4,-1.06,0.68,2.43
12033,11.12.2011 07:00:01,-3.75,-4,-1.06,0.68,2.37
12034,11.12.2011 08:00:01,-3.75,-4.06,-1,0.68,2.37,3.467
12035,11.12.2011 09:00:01,-3.75,-4.06,-1.06,0.68,2.37
12036,11.12.2011 10:00:01,-3.81,-4.12,-1.06,0.68,2.37
12037,11.12.2011 11:00:01,-3.87,-4.18,-1.06,0.68,2.37
12038,11.12.2011 12:00:01,-3.87,-4.12,-1.12,0.68,2.37
12039,11.12.2011 13:00:01,-3.87,-4,-1.12,0.68,2.37
12040,11.12.2011 14:00:01,-3.75,-3.81,-1.12,0.68,2.37,3.467
12041,11.12.2011 15:00:01,-3.56,-3.56,-1.12,0.68,2.37
12042,11.12.2011 16:00:01,-3.37,-3.37,-1.12,0.68,2.37
12043,11.12.2011 17:00:01,-3.25,-3.18,-1.12,0.68,2.37
12044,11.12.2011 18:00:01,-3.12,-3.12,-1.12,0.68,2.37
12045,11.12.2011 19:00:01,-3.06,-3.12,-1.12,0.68,2.37
12046,11.12.2011 20:00:01,-3.06,-3.18,-1.06,0.68,2.37,3.472
12047,11.12.2011 21:00:01,-3.12,-3.31,-1.12,0.62,2.37
12048,11.12.2011 22:00:01,-3.18,-3.5,-1.06,0.68,2.37
12049,11.12.2011 23:00:01,-3.31,-3.62,-1.06,0.68,2.37
12050,12.12.2011 00:00:01,-3.43,-3.75,-1.12,0.68,2.37
12051,12.12.2011 01:00:01,-3.5,-3.87,-1.12,0.68,2.37
12052,12.12.2011 02:00:01,-3.62,-4,-1.12,0.68,2.37,3.473
12053,12.12.2011 03:00:01,-3.75,-4.06,-1.12,0.68,2.37
12054,12.12.2011 04:00:01,-3.81,-4.18,-1.18,0.68,2.37
12055,12.12.2011 05:00:01,-3.87,-4.25,-1.18,0.62,2.37
12056,12.12.2011 06:00:01,-3.93,-4.31,-1.18,0.62,2.37
12057,12.12.2011 07:00:01,-4.06,-4.37,-1.18,0.62,2.37
12058,12.12.2011 08:00:01,-4.06,-4.43,-1.18,0.68,2.37,3.468
12059,12.12.2011 09:00:01,-4.12,-4.5,-1.25,0.68,2.37
12060,12.12.2011 10:00:01,-4.18,-4.56,-1.25,0.62,2.37
12061,12.12.2011 11:00:01,-4.18,-4.5,-1.25,0.62,2.37
12062,12.12.2011 12:00:01,-4.18,-4.43,-1.31,0.62,2.37
12063,12.12.2011 13:00:01,-4.06,-4.25,-1.31,0.62,2.37
12064,12.12.2011 14:00:01,-3.93,-4,-1.31,0.62,2.37,3.470
12065,12.12.2011 15:00:01,-3.75,-3.81,-1.31,0.62,2.37
12066,12.12.2011 16:00:01,-3.62,-3.62,-1.31,0.62,2.37
12067,12.12.2011 17:00:01,-3.43,-3.43,-1.31,0.62,2.31
12068,12.12.2011 18:00:01,-3.37,-3.43,-1.31,0.62,2.37
12069,12.12.2011 19:00:01,-3.31,-3.43,-1.31,0.62,2.37
12070,12.12.2011 20:00:01,-3.31,-3.43,-1.25,0.62,2.31,3.468
12071,12.12.2011 21:00:01,-3.31,-3.43,-1.25,0.62,2.31
12072,12.12.2011 22:00:01,-3.31,-3.43,-1.25,0.62,2.31
12073,12.12.2011 23:00:01,-3.37,-3.5,-1.25,0.62,2.31
12074,13.12.2011 00:00:01,-3.37,-3.56,-1.25,0.62,2.31
12075,13.12.2011 01:00:01,-3.43,-3.56,-1.25,0.62,2.31
12076,13.12.2011 02:00:01,-3.43,-3.62,-1.25,0.62,2.31,3.473
12077,13.12.2011 03:00:01,-3.43,-3.62,-1.25,0.62,2.31
12078,13.12.2011 04:00:01,-3.5,-3.68,-1.25,0.62,2.31
12079,13.12.2011 05:00:01,-3.5,-3.75,-1.25,0.62,2.37
12080,13.12.2011 06:00:01,-3.56,-3.81,-1.31,0.62,2.31
12081,13.12.2011 07:00:01,-3.62,-3.87,-1.31,0.62,2.31
12082,13.12.2011 08:00:01,-3.68,-4,-1.31,0.62,2.37,3.469
12083,13.12.2011 09:00:01,-3.81,-4.12,-1.31,0.62,2.31
12084,13.12.2011 10:00:01,-3.87,-4.25,-1.31,0.56,2.31
12085,13.12.2011 11:00:01,-4,-4.31,-1.37,0.56,2.31
12086,13.12.2011 12:00:01,-4.06,-4.31,-1.37,0.56,2.31
12087,13.12.2011 13:00:01,-4,-4.18,-1.37,0.56,2.31
12088,13.12.2011 14:00:01,-3.87,-4,-1.43,0.56,2.31,3.469
12089,13.12.2011 15:00:01,-3.75,-3.81,-1.43,0.56,2.31
12090,13.12.2011 16:00:01,-3.62,-3.62,-1.43,0.56,2.31
12091,13.12.2011 17:00:01,-3.5,-3.56,-1.37,0.62,2.31
12092,13.12.2011 18:00:01,-3.43,-3.5,-1.37,0.56,2.31
12093,13.12.2011 19:00:01,-3.37,-3.5,-1.37,0.56,2.31
12094,13.12.2011 20:00:01,-3.43,-3.62,-1.37,0.56,2.31,3.473
12095,13.12.2011 21:00:01,-3.5,-3.75,-1.37,0.56,2.31
12096,13.12.2011 22:00:01,-3.62,-3.87,-1.37,0.56,2.31
12097,13.12.2011 23:00:01,-3.68,-4,-1.37,0.56,2.31
12098,14.12.2011 00:00:01,-3.87,-4.18,-1.37,0.56,2.31
12099,14.12.2011 01:00:01,-4,-4.37,-1.37,0.56,2.31
12100,14.12.2011 02:00:01,-4.06,-4.5,-1.43,0.56,2.31,3.468
12101,14.12.2011 03:00:01,-4.25,-4.62,-1.43,0.56,2.31
12102,14.12.2011 04:00:01,-4.31,-4.68,-1.5,0.5,2.31
12103,14.12.2011 05:00:01,-4.37,-4.81,-1.5,0.56,2.25
12104,14.12.2011 06:00:01,-4.5,-4.87,-1.56,0.56,2.25
12105,14.12.2011 07:00:01,-4.56,-5,-1.56,0.56,2.31
12106,14.12.2011 08:00:01,-4.68,-5.06,-1.56,0.56,2.25,3.458
12107,14.12.2011 09:00:01,-4.75,-5.12,-1.62,0.5,2.31
12108,14.12.2011 10:00:01,-4.81,-5.18,-1.62,0.56,2.31
12109,14.12.2011 11:00:01,-4.81,-5.18,-1.68,0.5,2.31
12110,14.12.2011 12:00:01,-4.81,-5.12,-1.68,0.5,2.25
12111,14.12.2011 13:00:01,-4.75,-4.93,-1.68,0.5,2.31
12112,14.12.2011 14:00:01,-4.62,-4.75,-1.75,0.5,2.31,3.458
12113,14.12.2011 15:00:01,-4.43,-4.56,-1.68,0.5,2.31
12114,14.12.2011 16:00:01,-4.31,-4.31,-1.68,0.5,2.25
12115,14.12.2011 17:00:01,-4.12,-4.18,-1.68,0.5,2.31
12116,14.12.2011 18:00:01,-4.06,-4.12,-1.68,0.5,2.25
12117,14.12.2011 19:00:01,-4.06,-4.18,-1.68,0.5,2.25
12118,14.12.2011 20:00:01,-4.06,-4.31,-1.68,0.5,2.25,3.464
12119,14.12.2011 21:00:01,-4.12,-4.37,-1.68,0.5,2.25
12120,14.12.2011 22:00:01,-4.18,-4.5,-1.68,0.5,2.25
12121,14.12.2011 23:00:01,-4.31,-4.62,-1.68,0.5,2.25
12122,15.12.2011 00:00:01,-4.37,-4.75,-1.68,0.5,2.25
12123,15.12.2011 01:00:01,-4.5,-4.81,-1.68,0.5,2.25
12124,15.12.2011 02:00:01,-4.56,-4.93,-1.75,0.5,2.25,3.459
12125,15.12.2011 03:00:01,-4.62,-5,-1.75,0.5,2.25
12126,15.12.2011 04:00:01,-4.68,-5.12,-1.81,0.5,2.25
12127,15.12.2011 05:00:01,-4.75,-5.12,-1.81,0.43,2.25
12128,15.12.2011 06:00:01,-4.87,-5.18,-1.81,0.5,2.25
12129,15.12.2011 07:00:01,-4.87,-5.25,-1.81,0.5,2.25
12130,15.12.2011 08:00:01,-4.93,-5.25,-1.87,0.5,2.25,3.454
12131,15.12.2011 09:00:01,-5,-5.37,-1.87,0.5,2.25
12132,15.12.2011 10:00:01,-5.06,-5.43,-1.87,0.5,2.25
12133,15.12.2011 11:00:01,-5.06,-5.43,-1.93,0.5,2.25
12134,15.12.2011 12:00:01,-5.12,-5.37,-1.93,0.5,2.25
12135,15.12.2011 13:00:01,-5,-5.18,-1.93,0.43,2.25
12136,15.12.2011 14:00:01,-4.81,-4.93,-1.93,0.5,2.25,3.460
12137,15.12.2011 15:00:01,-4.68,-4.68,-1.93,0.43,2.25
12138,15.12.2011 16:00:01,-4.5,-4.56,-1.93,0.43,2.25
12139,15.12.2011 17:00:01,-4.37,-4.43,-1.93,0.5,2.25
12140,15.12.2011 18:00:01,-4.25,-4.37,-1.93,0.5,2.25
12141,15.12.2011 19:00:01,-4.18,-4.37,-1.87,0.43,2.25
12142,15.12.2011 20:00:01,-4.25,-4.43,-1.87,0.43,2.25,3.464
12143,15.12.2011 21:00:01,-4.25,-4.5,-1.87,0.43,2.25
12144,15.12.2011 22:00:01,-4.31,-4.56,-1.87,0.43,2.25
12145,15.12.2011 23:00:01,-4.37,-4.62,-1.87,0.43,2.25
12146,16.12.2011 00:00:01,-4.43,-4.62,-1.87,0.43,2.25
12147,16.12.2011 01:00:01,-4.5,-4.68,-1.87,0.43,2.25
12148,16.12.2011 02:00:01,-4.5,-4.68,-1.87,0.43,2.25,3.460
12149,16.12.2011 03:00:01,-4.5,-4.75,-1.93,0.43,2.18
12150,16.12.2011 04:00:01,-4.5,-4.75,-1.87,0.43,2.25
12151,16.12.2011 05:00:01,-4.56,-4.81,-1.93,0.43,2.25
12152,16.12.2011 06:00:01,-4.56,-4.81,-1.93,0.43,2.18
12153,16.12.2011 07:00:01,-4.56,-4.81,-1.93,0.43,2.25
12154,16.12.2011 08:00:01,-4.62,-4.87,-1.93,0.43,2.25,3.457
12155,16.12.2011 09:00:01,-4.68,-4.87,-1.93,0.43,2.18
12156,16.12.2011 10:00:01,-4.68,-4.93,-1.93,0.43,2.25
12157,16.12.2011 11:00:01,-4.75,-5,-2,0.37,2.25
12158,16.12.2011 12:00:01,-4.81,-5,-2,0.43,2.18
12159,16.12.2011 13:00:01,-4.75,-4.87,-2,0.43,2.18
12160,16.12.2011 14:00:01,-4.62,-4.75,-2,0.37,2.18,3.457
12161,16.12.2011 15:00:01,-4.5,-4.56,-2,0.37,2.18
12162,16.12.2011 16:00:01,-4.37,-4.37,-2,0.37,2.18
12163,16.12.2011 17:00:01,-4.18,-4.18,-2,0.43,2.18
12164,16.12.2011 18:00:01,-4.06,-4.12,-2,0.37,2.18
12165,16.12.2011 19:00:01,-4.06,-4.12,-1.93,0.37,2.25
12166,16.12.2011 20:00:01,-4.06,-4.18,-1.93,0.37,2.18,3.462
12167,16.12.2011 21:00:01,-4.12,-4.25,-1.93,0.37,2.18
12168,16.12.2011 22:00:01,-4.12,-4.37,-1.93,0.37,2.18
12169,16.12.2011 23:00:01,-4.18,-4.43,-1.93,0.37,2.18
12170,17.12.2011 00:00:01,-4.31,-4.56,-1.93,0.37,2.18
12171,17.12.2011 01:00:01,-4.43,-4.68,-1.93,0.37,2.18
12172,17.12.2011 02:00:01,-4.56,-4.87,-1.93,0.37,2.18,3.462
12173,17.12.2011 03:00:01,-4.68,-5.06,-2,0.37,2.18
12174,17.12.2011 04:00:01,-4.81,-5.18,-2,0.37,2.18
12175,17.12.2011 05:00:01,-4.93,-5.37,-2,0.37,2.18
12176,17.12.2011 06:00:01,-5.12,-5.5,-2.06,0.37,2.18
12177,17.12.2011 07:00:01,-5.25,-5.56,-2.06,0.37,2.18
12178,17.12.2011 08:00:01,-5.31,-5.68,-2.12,0.37,2.18,3.453
12179,17.12.2011 09:00:01,-5.37,-5.75,-2.12,0.31,2.18
12180,17.12.2011 10:00:01,-5.43,-5.81,-2.18,0.37,2.18
12181,17.12.2011 11:00:01,-5.5,-5.81,-2.18,0.37,2.18
12182,17.12.2011 12:00:01,-5.5,-5.81,-2.25,0.37,2.18
12183,17.12.2011 13:00:01,-5.43,-5.62,-2.25,0.37,2.18
12184,17.12.2011 14:00:01,-5.31,-5.37,-2.25,0.31,2.18,3.456
12185,17.12.2011 15:00:01,-5.06,-5.12,-2.31,0.37,2.18
12186,17.12.2011 16:00:01,-4.87,-4.87,-2.31,0.37,2.18
12187,17.12.2011 17:00:01,-4.68,-4.68,-2.25,0.31,2.18
12188,17.12.2011 18:00:01,-4.62,-4.62,-2.25,0.31,2.18
12189,17.12.2011 19:00:01,-4.62,-4.75,-2.25,0.31,2.18
12190,17.12.2011 20:00:01,-4.68,-4.87,-2.25,0.31,2.12,3.462
12191,17.12.2011 21:00:01,-4.81,-5.06,-2.25,0.31,2.12
12192,17.12.2011 22:00:01,-4.93,-5.25,-2.25,0.31,2.12
12193,17.12.2011 23:00:01,-5.06,-5.43,-2.25,0.31,2.12
12194,18.12.2011 00:00:01,-5.18,-5.56,-2.25,0.31,2.18
12195,18.12.2011 01:00:01,-5.37,-5.75,-2.31,0.31,2.18
12196,18.12.2011 02:00:01,-5.5,-5.87,-2.31,0.31,2.12,3.451
12197,18.12.2011 03:00:01,-5.56,-5.93,-2.37,0.31,2.12
12198,18.12.2011 04:00:01,-5.62,-6.06,-2.37,0.31,2.12
12199,18.12.2011 05:00:01,-5.75,-6.18,-2.43,0.31,2.12
12200,18.12.2011 06:00:01,-5.87,-6.25,-2.43,0.31,2.12
12201,18.12.2011 07:00:01,-5.93,-6.31,-2.5,0.31,2.12
12202,18.12.2011 08:00:01,-6,-6.37,-2.5,0.31,2.12,3.451
12203,18.12.2011 09:00:01,-6.06,-6.37,-2.5,0.31,2.12
12204,18.12.2011 10:00:01,-6.06,-6.37,-2.56,0.31,2.12
12205,18.12.2011 11:00:01,-6.06,-6.37,-2.56,0.25,2.12
12206,18.12.2011 12:00:01,-6.06,-6.25,-2.62,0.25,2.12
12207,18.12.2011 13:00:01,-5.93,-6.18,-2.62,0.31,2.12
12208,18.12.2011 14:00:01,-5.87,-6,-2.62,0.31,2.12,3.446
12209,18.12.2011 15:00:01,-5.68,-5.81,-2.62,0.31,2.12
12210,18.12.2011 16:00:01,-5.56,-5.68,-2.62,0.25,2.12
12211,18.12.2011 17:00:01,-5.43,-5.56,-2.62,0.25,2.12
12212,18.12.2011 18:00:01,-5.31,-5.43,-2.62,0.25,2.12
12213,18.12.2011 19:00:01,-5.18,-5.37,-2.62,0.25,2.12
12214,18.12.2011 20:00:01,-5.12,-5.31,-2.56,0.25,2.12,3.456
12215,18.12.2011 21:00:01,-5.12,-5.31,-2.56,0.25,2.12
12216,18.12.2011 22:00:01,-5.06,-5.25,-2.56,0.25,2.12
12217,18.12.2011 23:00:01,-5,-5.18,-2.56,0.25,2.12
12218,19.12.2011 00:00:01,-5,-5.18,-2.56,0.25,2.12
12219,19.12.2011 01:00:01,-5,-5.18,-2.5,0.25,2.12
12220,19.12.2011 02:00:01,-5,-5.18,-2.5,0.25,2.12,3.453
12221,19.12.2011 03:00:01,-5,-5.18,-2.5,0.25,2.12
12222,19.12.2011 04:00:01,-5,-5.18,-2.5,0.25,2.12
12223,19.12.2011 05:00:01,-5.06,-5.25,-2.5,0.25,2.12
12224,19.12.2011 06:00:01,-5.12,-5.31,-2.5,0.25,2.12
12225,19.12.2011 07:00:01,-5.12,-5.37,-2.5,0.25,2.12
12226,19.12.2011 08:00:01,-5.18,-5.43,-2.5,0.25,2.12,3.451
12227,19.12.2011 09:00:01,-5.18,-5.43,-2.5,0.25,2.06
12228,19.12.2011 10:00:01,-5.18,-5.43,-2.56,0.25,2.06
12229,19.12.2011 11:00:01,-5.25,-5.43,-2.56,0.25,2.12
12230,19.12.2011 12:00:01,-5.18,-5.37,-2.56,0.18,2.12
12231,19.12.2011 13:00:01,-5.12,-5.25,-2.56,0.25,2.12
12232,19.12.2011 14:00:01,-5,-5.06,-2.56,0.25,2.06,3.454
12233,19.12.2011 15:00:01,-4.87,-4.93,-2.56,0.25,2.06
12234,19.12.2011 16:00:01,-4.75,-4.81,-2.5,0.25,2.06
12235,19.12.2011 17:00:01,-4.62,-4.68,-2.5,0.18,2.06
12236,19.12.2011 18:00:01,-4.56,-4.68,-2.5,0.18,2.06
12237,19.12.2011 19:00:01,-4.56,-4.68,-2.43,0.18,2.06
12238,19.12.2011 20:00:01,-4.56,-4.75,-2.43,0.18,2.06,3.460
12239,19.12.2011 21:00:01,-4.56,-4.81,-2.43,0.18,2.12
12240,19.12.2011 22:00:01,-4.62,-4.81,-2.43,0.18,2.06
12241,19.12.2011 23:00:01,-4.68,-4.87,-2.37,0.18,2.06
12242,20.12.2011 00:00:01,-4.75,-4.87,-2.43,0.18,2.06
12243,20.12.2011 01:00:01,-4.68,-4.93,-2.43,0.18,2.06
12244,20.12.2011 02:00:01,-4.81,-4.93,-2.43,0.18,2.06,3.459
12245,20.12.2011 03:00:01,-4.81,-5,-2.43,0.18,2.06
12246,20.12.2011 04:00:01,-4.81,-5.06,-2.43,0.18,2.06
12247,20.12.2011 05:00:01,-4.87,-5.06,-2.43,0.18,2.06
12248,20.12.2011 06:00:01,-4.87,-5.06,-2.43,0.18,2.06
12249,20.12.2011 07:00:01,-4.93,-5.12,-2.5,0.18,2.06
12250,20.12.2011 08:00:01,-4.93,-5.18,-2.5,0.18,2.06,3.460
12251,20.12.2011 09:00:01,-5,-5.25,-2.5,0.18,2.06
12252,20.12.2011 10:00:01,-5.06,-5.25,-2.5,0.18,2.06
12253,20.12.2011 11:00:01,-5.06,-5.25,-2.5,0.18,2.06
12254,20.12.2011 12:00:01,-5.06,-5.25,-2.5,0.12,2.06
12255,20.12.2011 13:00:01,-5.06,-5.25,-2.56,0.12,2.06
12256,20.12.2011 14:00:01,-5,-5.18,-2.56,0.12,2.06,3.452
12257,20.12.2011 15:00:01,-5,-5.06,-2.56,0.12,2.06
12258,20.12.2011 16:00:01,-4.93,-5.06,-2.56,0.12,2.06
12259,20.12.2011 17:00:01,-4.87,-4.93,-2.5,0.12,2.06
12260,20.12.2011 18:00:01,-4.81,-4.93,-2.56,0.12,2.06
12261,20.12.2011 19:00:01,-4.81,-4.93,-2.5,0.12,2.06
12262,20.12.2011 20:00:01,-4.81,-4.93,-2.5,0.12,2.06,3.458
12263,20.12.2011 21:00:01,-4.75,-4.93,-2.5,0.12,2
12264,20.12.2011 22:00:01,-4.81,-4.93,-2.5,0.12,2.06
12265,20.12.2011 23:00:01,-4.81,-5,-2.5,0.12,2.06
12266,21.12.2011 00:00:01,-4.87,-5,-2.5,0.12,2.06
12267,21.12.2011 01:00:01,-4.87,-5.06,-2.5,0.12,2.06
12268,21.12.2011 02:00:01,-4.87,-5.06,-2.56,0.12,2.06,3.457
12269,21.12.2011 03:00:01,-4.93,-5.12,-2.56,0.12,2.06
12270,21.12.2011 04:00:01,-4.93,-5.12,-2.56,0.12,2.06
12271,21.12.2011 05:00:01,-5,-5.12,-2.56,0.12,2.06
12272,21.12.2011 06:00:01,-5,-5.18,-2.56,0.12,2.06
12273,21.12.2011 07:00:01,-5,-5.18,-2.62,0.12,2
12274,21.12.2011 08:00:01,-5.06,-5.18,-2.56,0.12,2,3.457
12275,21.12.2011 09:00:01,-5,-5.18,-2.56,0.12,2
12276,21.12.2011 10:00:01,-5,-5.18,-2.62,0.12,2.06
12277,21.12.2011 11:00:01,-5.06,-5.18,-2.62,0.12,2
12278,21.12.2011 12:00:01,-5,-5.18,-2.62,0.12,2
12279,21.12.2011 13:00:01,-4.93,-5.12,-2.56,0.12,2
12280,21.12.2011 14:00:01,-4.87,-5,-2.62,0.06,2,3.456
12281,21.12.2011 15:00:01,-4.81,-4.93,-2.62,0.06,2
12282,21.12.2011 16:00:01,-4.75,-4.87,-2.62,0.12,2
12283,21.12.2011 17:00:01,-4.75,-4.81,-2.62,0.12,2
12284,21.12.2011 18:00:01,-4.68,-4.75,-2.56,0.06,2
12285,21.12.2011 19:00:01,-4.62,-4.81,-2.56,0.06,2
12286,21.12.2011 20:00:01,-4.68,-4.87,-2.56,0.06,2,3.460
12287,21.12.2011 21:00:01,-4.75,-5,-2.56,0.06,2
12288,21.12.2011 22:00:01,-4.81,-5.06,-2.56,0.06,2
12289,21.12.2011 23:00:01,-4.93,-5.06,-2.56,0.06,2
12290,22.12.2011 00:00:01,-4.93,-5.06,-2.62,0.06,2
12291,22.12.2011 01:00:01,-4.93,-5.12,-2.62,0.06,2
12292,22.12.2011 02:00:01,-4.93,-5.12,-2.62,0.06,2,3.452
12293,22.12.2011 03:00:01,-5,-5.12,-2.62,0.06,2
12294,22.12.2011 04:00:01,-5,-5.18,-2.62,0.06,2
12295,22.12.2011 05:00:01,-5,-5.25,-2.62,0.06,2
12296,22.12.2011 06:00:01,-5.06,-5.31,-2.62,0.06,2
12297,22.12.2011 07:00:01,-5.12,-5.37,-2.62,0.06,2
12298,22.12.2011 08:00:01,-5.18,-5.43,-2.68,0.06,2,3.451
12299,22.12.2011 09:00:01,-5.31,-5.56,-2.68,0.06,2
12300,22.12.2011 10:00:01,-5.37,-5.62,-2.68,0.06,2
12301,22.12.2011 11:00:01,-5.43,-5.75,-2.75,0.06,2
12302,22.12.2011 12:00:01,-5.5,-5.75,-2.75,0.06,2
12303,22.12.2011 13:00:01,-5.5,-5.56,-2.75,0.06,2
12304,22.12.2011 14:00:01,-5.31,-5.37,-2.75,0.06,2,3.452
12305,22.12.2011 15:00:01,-5.18,-5.12,-2.75,0.06,1.93
12306,22.12.2011 16:00:01,-5,-4.93,-2.75,0.06,1.93
12307,22.12.2011 17:00:01,-4.87,-4.75,-2.75,0.06,2
12308,22.12.2011 18:00:01,-4.75,-4.68,-2.75,0,1.93
12309,22.12.2011 19:00:01,-4.68,-4.75,-2.68,0.06,1.93
12310,22.12.2011 20:00:01,-4.68,-4.81,-2.68,0.06,1.93,3.454
12311,22.12.2011 21:00:01,-4.81,-5,-2.68,0,1.93
12312,22.12.2011 22:00:01,-4.87,-5.06,-2.68,0,2
12313,22.12.2011 23:00:01,-5,-5.18,-2.68,0,2
12314,23.12.2011 00:00:01,-5.06,-5.31,-2.68,0,2
12315,23.12.2011 01:00:01,-5.18,-5.43,-2.75,0,1.93
12316,23.12.2011 02:00:01,-5.31,-5.56,-2.75,0,1.93,3.450
12317,23.12.2011 03:00:01,-5.37,-5.62,-2.75,0,1.93
12318,23.12.2011 04:00:01,-5.43,-5.68,-2.81,0,1.93
12319,23.12.2011 05:00:01,-5.5,-5.81,-2.81,0,1.93
12320,23.12.2011 06:00:01,-5.62,-5.87,-2.81,0,1.93
12321,23.12.2011 07:00:01,-5.68,-5.93,-2.81,0,1.93
12322,23.12.2011 08:00:01,-5.75,-6,-2.87,0,1.93,3.451
12323,23.12.2011 09:00:01,-5.81,-6,-2.87,0,1.93
12324,23.12.2011 10:00:01,-5.81,-6.06,-2.93,0,1.93
12325,23.12.2011 11:00:01,-5.81,-6.12,-2.93,0,1.93
12326,23.12.2011 12:00:01,-5.87,-6.06,-2.93,0,1.93
12327,23.12.2011 13:00:01,-5.81,-5.87,-3,0,1.93
12328,23.12.2011 14:00:01,-5.62,-5.62,-3,0,1.93,3.449
12329,23.12.2011 15:00:01,-5.37,-5.31,-3,0,1.93
12330,23.12.2011 16:00:01,-5.18,-5,-3,0,1.93
12331,23.12.2011 17:00:01,-4.93,-4.81,-2.93,0,1.93
12332,23.12.2011 18:00:01,-4.81,-4.62,-2.93,0,1.93
12333,23.12.2011 19:00:01,-4.68,-4.68,-2.87,0,1.93
12334,23.12.2011 20:00:01,-4.75,-4.75,-2.87,0,1.87,3.456
12335,23.12.2011 21:00:01,-4.81,-4.87,-2.81,0,1.93
12336,23.12.2011 22:00:01,-4.87,-5,-2.81,0,1.93
12337,23.12.2011 23:00:01,-5,-5.18,-2.81,0,1.93
12338,24.12.2011 00:00:01,-5.12,-5.31,-2.81,-0.06,1.93
12339,24.12.2011 01:00:01,-5.25,-5.5,-2.81,-0.06,1.93
12340,24.12.2011 02:00:01,-5.37,-5.62,-2.87,-0.06,1.93,3.449
12341,24.12.2011 03:00:01,-5.5,-5.75,-2.87,-0.06,1.93
12342,24.12.2011 04:00:01,-5.62,-5.87,-2.87,-0.06,1.93
12343,24.12.2011 05:00:01,-5.68,-6,-2.93,-0.06,1.93
12344,24.12.2011 06:00:01,-5.81,-6.12,-2.93,-0.06,1.93
12345,24.12.2011 07:00:01,-5.93,-6.18,-3,-0.06,1.93
12346,24.12.2011 08:00:01,-6,-6.31,-3.06,-0.06,1.93,3.443
12347,24.12.2011 09:00:01,-6.06,-6.43,-3.06,-0.06,1.93
12348,24.12.2011 10:00:01,-6.18,-6.5,-3.12,-0.06,1.93
12349,24.12.2011 11:00:01,-6.25,-6.56,-3.12,-0.06,1.87
12350,24.12.2011 12:00:01,-6.31,-6.56,-3.12,-0.06,1.93
12351,24.12.2011 13:00:01,-6.25,-6.37,-3.18,-0.06,1.93
12352,24.12.2011 14:00:01,-6.06,-6.06,-3.18,-0.06,1.87,3.443
12353,24.12.2011 15:00:01,-5.87,-5.81,-3.18,-0.06,1.93
12354,24.12.2011 16:00:01,-5.62,-5.5,-3.18,-0.06,1.93
12355,24.12.2011 17:00:01,-5.43,-5.31,-3.18,-0.06,1.87
12356,24.12.2011 18:00:01,-5.31,-5.25,-3.18,-0.06,1.93
12357,24.12.2011 19:00:01,-5.31,-5.31,-3.12,-0.06,1.87
12358,24.12.2011 20:00:01,-5.31,-5.5,-3.12,-0.06,1.87,3.454
12359,24.12.2011 21:00:01,-5.5,-5.62,-3.12,-0.06,1.87
12360,24.12.2011 22:00:01,-5.56,-5.81,-3.12,-0.06,1.87
12361,24.12.2011 23:00:01,-5.68,-5.93,-3.12,-0.06,1.87
12362,25.12.2011 00:00:01,-5.81,-6.12,-3.18,-0.12,1.87
12363,25.12.2011 01:00:01,-6,-6.25,-3.12,-0.06,1.87
12364,25.12.2011 02:00:01,-6.06,-6.37,-3.18,-0.12,1.87,3.444
12365,25.12.2011 03:00:01,-6.18,-6.5,-3.25,-0.12,1.87
12366,25.12.2011 04:00:01,-6.31,-6.62,-3.25,-0.12,1.87
12367,25.12.2011 05:00:01,-6.37,-6.68,-3.25,-0.12,1.87
12368,25.12.2011 06:00:01,-6.5,-6.81,-3.31,-0.12,1.87
12369,25.12.2011 07:00:01,-6.62,-6.93,-3.37,-0.12,1.87
12370,25.12.2011 08:00:01,-6.68,-7,-3.37,-0.12,1.87,3.441
12371,25.12.2011 09:00:01,-6.75,-7.06,-3.37,-0.12,1.87
12372,25.12.2011 10:00:01,-6.81,-7.12,-3.43,-0.12,1.87
12373,25.12.2011 11:00:01,-6.81,-7.12,-3.5,-0.12,1.87
12374,25.12.2011 12:00:01,-6.81,-7.06,-3.5,-0.12,1.87
12375,25.12.2011 13:00:01,-6.68,-6.81,-3.56,-0.12,1.87
12376,25.12.2011 14:00:01,-6.5,-6.43,-3.56,-0.12,1.87,3.445
12377,25.12.2011 15:00:01,-6.18,-6.06,-3.56,-0.12,1.87
12378,25.12.2011 16:00:01,-5.93,-5.75,-3.5,-0.12,1.87
12379,25.12.2011 17:00:01,-5.68,-5.56,-3.5,-0.12,1.87
12380,25.12.2011 18:00:01,-5.56,-5.43,-3.43,-0.18,1.87
12381,25.12.2011 19:00:01,-5.43,-5.43,-3.43,-0.12,1.87
12382,25.12.2011 20:00:01,-5.43,-5.5,-3.37,-0.12,1.87,3.448
12383,25.12.2011 21:00:01,-5.5,-5.62,-3.37,-0.12,1.87
12384,25.12.2011 22:00:01,-5.5,-5.62,-3.31,-0.18,1.87
12385,25.12.2011 23:00:01,-5.62,-5.75,-3.31,-0.18,1.87
12386,26.12.2011 00:00:01,-5.62,-5.81,-3.31,-0.12,1.87
12387,26.12.2011 01:00:01,-5.62,-5.81,-3.31,-0.12,1.87
12388,26.12.2011 02:00:01,-5.68,-5.87,-3.31,-0.18,1.87,3.451
12389,26.12.2011 03:00:01,-5.68,-5.87,-3.31,-0.12,1.81
12390,26.12.2011 04:00:01,-5.68,-5.87,-3.31,-0.18,1.87
12391,26.12.2011 05:00:01,-5.68,-5.93,-3.31,-0.18,1.81
12392,26.12.2011 06:00:01,-5.75,-5.87,-3.31,-0.18,1.81
12393,26.12.2011 07:00:01,-5.75,-5.87,-3.31,-0.18,1.87
12394,26.12.2011 08:00:01,-5.75,-5.87,-3.31,-0.18,1.81,3.446
12395,26.12.2011 09:00:01,-5.68,-5.87,-3.31,-0.18,1.81
12396,26.12.2011 10:00:01,-5.68,-5.87,-3.31,-0.18,1.81
12397,26.12.2011 11:00:01,-5.68,-5.87,-3.31,-0.18,1.81
12398,26.12.2011 12:00:01,-5.62,-5.75,-3.31,-0.18,1.81
12399,26.12.2011 13:00:01,-5.5,-5.56,-3.31,-0.18,1.81
12400,26.12.2011 14:00:01,-5.37,-5.31,-3.31,-0.18,1.81,3.453
12401,26.12.2011 15:00:01,-5.18,-5.12,-3.25,-0.18,1.81
12402,26.12.2011 16:00:01,-4.93,-4.87,-3.25,-0.18,1.81
12403,26.12.2011 17:00:01,-4.75,-4.62,-3.18,-0.18,1.81
12404,26.12.2011 18:00:01,-4.56,-4.5,-3.12,-0.18,1.81
12405,26.12.2011 19:00:01,-4.56,-4.5,-3.12,-0.18,1.81
12406,26.12.2011 20:00:01,-4.5,-4.5,-3.06,-0.18,1.81,3.456
12407,26.12.2011 21:00:01,-4.5,-4.62,-3,-0.18,1.81
12408,26.12.2011 22:00:01,-4.56,-4.68,-3,-0.25,1.81
12409,26.12.2011 23:00:01,-4.68,-4.81,-3,-0.18,1.81
12410,27.12.2011 00:00:01,-4.75,-4.87,-2.93,-0.18,1.81
12411,27.12.2011 01:00:01,-4.81,-4.93,-2.93,-0.25,1.81
12412,27.12.2011 02:00:01,-4.87,-5.06,-2.93,-0.25,1.81,3.454
12413,27.12.2011 03:00:01,-4.93,-5.12,-2.93,-0.25,1.81
12414,27.12.2011 04:00:01,-5,-5.18,-2.93,-0.25,1.81
12415,27.12.2011 05:00:01,-5.06,-5.18,-3,-0.25,1.81
12416,27.12.2011 06:00:01,-5.12,-5.25,-3,-0.25,1.81
12417,27.12.2011 07:00:01,-5.12,-5.31,-3,-0.25,1.81
12418,27.12.2011 08:00:01,-5.18,-5.31,-3,-0.25,1.81,3.451
12419,27.12.2011 09:00:01,-5.18,-5.37,-3,-0.25,1.81
12420,27.12.2011 10:00:01,-5.18,-5.37,-3,-0.25,1.75
12421,27.12.2011 11:00:01,-5.25,-5.37,-3,-0.25,1.81
12422,27.12.2011 12:00:01,-5.25,-5.37,-3.06,-0.25,1.81
12423,27.12.2011 13:00:01,-5.18,-5.25,-3.06,-0.25,1.81
12424,27.12.2011 14:00:01,-5.12,-5.12,-3.06,-0.25,1.81,3.455
12425,27.12.2011 15:00:01,-4.93,-4.93,-3.06,-0.25,1.81
12426,27.12.2011 16:00:01,-4.87,-4.81,-3.06,-0.25,1.81
12427,27.12.2011 17:00:01,-4.75,-4.75,-3,-0.25,1.81
12428,27.12.2011 18:00:01,-4.68,-4.68,-3,-0.25,1.81
12429,27.12.2011 19:00:01,-4.68,-4.68,-3,-0.25,1.75
12430,27.12.2011 20:00:01,-4.62,-4.68,-2.93,-0.25,1.75,3.457
12431,27.12.2011 21:00:01,-4.62,-4.75,-2.93,-0.25,1.75
12432,27.12.2011 22:00:01,-4.68,-4.75,-2.93,-0.25,1.75
12433,27.12.2011 23:00:01,-4.68,-4.81,-2.93,-0.31,1.75
12434,28.12.2011 00:00:01,-4.75,-4.87,-2.93,-0.25,1.81
12435,28.12.2011 01:00:01,-4.75,-4.93,-2.93,-0.31,1.75
12436,28.12.2011 02:00:01,-4.81,-5,-2.93,-0.25,1.75,3.457
12437,28.12.2011 03:00:01,-4.87,-5,-2.93,-0.31,1.81
12438,28.12.2011 04:00:01,-4.93,-5.12,-2.93,-0.25,1.81
12439,28.12.2011 05:00:01,-5,-5.18,-2.93,-0.31,1.75
12440,28.12.2011 06:00:01,-5.06,-5.25,-2.93,-0.31,1.75
12441,28.12.2011 07:00:01,-5.12,-5.31,-2.93,-0.25,1.75
12442,28.12.2011 08:00:01,-5.18,-5.37,-3,-0.31,1.75,3.450
12443,28.12.2011 09:00:01,-5.25,-5.5,-3,-0.31,1.75
12444,28.12.2011 10:00:01,-5.37,-5.56,-3,-0.31,1.75
12445,28.12.2011 11:00:01,-5.43,-5.62,-3.06,-0.31,1.75
12446,28.12.2011 12:00:01,-5.43,-5.56,-3.06,-0.31,1.75
12447,28.12.2011 13:00:01,-5.37,-5.43,-3.06,-0.31,1.75
12448,28.12.2011 14:00:01,-5.25,-5.25,-3.12,-0.31,1.75,3.452
12449,28.12.2011 15:00:01,-5.06,-5,-3.06,-0.31,1.75
12450,28.12.2011 16:00:01,-4.93,-4.87,-3.06,-0.31,1.75
12451,28.12.2011 17:00:01,-4.81,-4.75,-3.06,-0.31,1.75
12452,28.12.2011 18:00:01,-4.75,-4.68,-3.06,-0.31,1.75
12453,28.12.2011 19:00:01,-4.68,-4.68,-3.06,-0.31,1.75
12454,28.12.2011 20:00:01,-4.62,-4.68,-3,-0.31,1.75,3.457
12455,28.12.2011 21:00:01,-4.68,-4.75,-3,-0.31,1.75
12456,28.12.2011 22:00:01,-4.68,-4.75,-3,-0.31,1.75
12457,28.12.2011 23:00:01,-4.68,-4.81,-3,-0.31,1.75
12458,29.12.2011 00:00:01,-4.75,-4.81,-2.93,-0.31,1.75
12459,29.12.2011 01:00:01,-4.75,-4.93,-2.93,-0.31,1.75
12460,29.12.2011 02:00:01,-4.81,-4.93,-2.93,-0.31,1.68,3.458
12461,29.12.2011 03:00:01,-4.87,-5.06,-2.93,-0.31,1.75
12462,29.12.2011 04:00:01,-4.93,-5.12,-2.93,-0.37,1.68
12463,29.12.2011 05:00:01,-5,-5.12,-2.93,-0.31,1.75
12464,29.12.2011 06:00:01,-5.06,-5.25,-3,-0.37,1.75
12465,29.12.2011 07:00:01,-5.12,-5.31,-3,-0.31,1.75
12466,29.12.2011 08:00:01,-5.18,-5.31,-3,-0.31,1.68,3.453
12467,29.12.2011 09:00:01,-5.25,-5.43,-3.06,-0.31,1.75
12468,29.12.2011 10:00:01,-5.31,-5.5,-3.06,-0.37,1.75
12469,29.12.2011 11:00:01,-5.31,-5.5,-3.06,-0.37,1.75
12470,29.12.2011 12:00:01,-5.31,-5.5,-3.12,-0.31,1.68
12471,29.12.2011 13:00:01,-5.31,-5.37,-3.12,-0.37,1.68
12472,29.12.2011 14:00:01,-5.18,-5.25,-3.12,-0.37,1.68,3.454
12473,29.12.2011 15:00:01,-5,-5,-3.06,-0.37,1.75
12474,29.12.2011 16:00:01,-4.87,-4.75,-3.12,-0.37,1.75
12475,29.12.2011 17:00:01,-4.62,-4.56,-3.06,-0.37,1.75
12476,29.12.2011 18:00:01,-4.56,-4.5,-3.06,-0.37,1.68
12477,29.12.2011 19:00:01,-4.5,-4.5,-3,-0.37,1.68
12478,29.12.2011 20:00:01,-4.5,-4.62,-3,-0.37,1.68,3.455
12479,29.12.2011 21:00:01,-4.56,-4.68,-2.93,-0.37,1.68
12480,29.12.2011 22:00:01,-4.68,-4.81,-3,-0.37,1.68
12481,29.12.2011 23:00:01,-4.81,-4.93,-3,-0.37,1.68
12482,30.12.2011 00:00:01,-4.87,-5.06,-2.93,-0.37,1.68
12483,30.12.2011 01:00:01,-5,-5.18,-2.93,-0.37,1.68
12484,30.12.2011 02:00:01,-5.12,-5.31,-3,-0.37,1.75,3.451
12485,30.12.2011 03:00:01,-5.18,-5.37,-3,-0.37,1.68
12486,30.12.2011 04:00:01,-5.25,-5.5,-3,-0.37,1.68
12487,30.12.2011 05:00:01,-5.37,-5.56,-3.06,-0.37,1.68
12488,30.12.2011 06:00:01,-5.37,-5.62,-3.06,-0.37,1.68
12489,30.12.2011 07:00:01,-5.5,-5.68,-3.12,-0.37,1.68
12490,30.12.2011 08:00:01,-5.56,-5.75,-3.12,-0.37,1.68,3.449
12491,30.12.2011 09:00:01,-5.62,-5.81,-3.12,-0.37,1.68
12492,30.12.2011 10:00:01,-5.68,-5.87,-3.18,-0.37,1.62
12493,30.12.2011 11:00:01,-5.68,-5.87,-3.18,-0.37,1.68
12494,30.12.2011 12:00:01,-5.68,-5.81,-3.25,-0.37,1.68
12495,30.12.2011 13:00:01,-5.62,-5.62,-3.25,-0.43,1.68
12496,30.12.2011 14:00:01,-5.43,-5.37,-3.25,-0.37,1.68,3.446
12497,30.12.2011 15:00:01,-5.18,-5,-3.25,-0.43,1.68
12498,30.12.2011 16:00:01,-4.87,-4.68,-3.25,-0.37,1.68
12499,30.12.2011 17:00:01,-4.62,-4.43,-3.25,-0.43,1.68
12500,30.12.2011 18:00:01,-4.37,-4.18,-3.18,-0.43,1.68
12501,30.12.2011 19:00:01,-4.25,-4.12,-3.12,-0.43,1.68
12502,30.12.2011 20:00:01,-4.25,-4.18,-3.06,-0.43,1.68,3.457
12503,30.12.2011 21:00:01,-4.37,-4.37,-3.06,-0.43,1.68
12504,30.12.2011 22:00:01,-4.5,-4.56,-3,-0.43,1.68
12505,30.12.2011 23:00:01,-4.62,-4.68,-3,-0.43,1.68
12506,31.12.2011 00:00:01,-4.75,-4.87,-3,-0.43,1.68
12507,31.12.2011 01:00:01,-4.87,-5,-3,-0.43,1.68
12508,31.12.2011 02:00:01,-5,-5.12,-3,-0.43,1.62,3.458
12509,31.12.2011 03:00:01,-5.06,-5.25,-3,-0.43,1.68
12510,31.12.2011 04:00:01,-5.12,-5.31,-3.06,-0.43,1.68
12511,31.12.2011 05:00:01,-5.25,-5.37,-3.06,-0.43,1.62
12512,31.12.2011 06:00:01,-5.25,-5.43,-3.06,-0.43,1.68
12513,31.12.2011 07:00:01,-5.31,-5.5,-3.12,-0.43,1.62
12514,31.12.2011 08:00:01,-5.37,-5.62,-3.12,-0.43,1.62,3.451
12515,31.12.2011 09:00:01,-5.5,-5.68,-3.12,-0.43,1.62
12516,31.12.2011 10:00:01,-5.62,-5.81,-3.18,-0.43,1.62
12517,31.12.2011 11:00:01,-5.68,-5.87,-3.18,-0.43,1.62
12518,31.12.2011 12:00:01,-5.68,-5.87,-3.25,-0.43,1.62
12519,31.12.2011 13:00:01,-5.68,-5.75,-3.25,-0.43,1.62
12520,31.12.2011 14:00:01,-5.5,-5.5,-3.31,-0.43,1.62,3.447
12521,31.12.2011 15:00:01,-5.31,-5.25,-3.31,-0.5,1.62
12522,31.12.2011 16:00:01,-5.06,-5,-3.31,-0.5,1.68
12523,31.12.2011 17:00:01,-4.93,-4.75,-3.25,-0.5,1.62
12524,31.12.2011 18:00:01,-4.75,-4.68,-3.25,-0.5,1.62
12525,31.12.2011 19:00:01,-4.81,-4.75,-3.18,-0.43,1.62
12526,31.12.2011 20:00:01,-4.93,-4.93,-3.18,-0.5,1.62,3.451
12527,31.12.2011 21:00:01,-5.12,-5.12,-3.18,-0.43,1.62
12528,31.12.2011 22:00:01,-5.25,-5.31,-3.18,-0.5,1.62
12529,31.12.2011 23:00:01,-5.37,-5.5,-3.18,-0.5,1.62
12530,01.01.2012 00:00:01,-5.56,-5.68,-3.18,-0.5,1.62
12531,01.01.2012 01:00:01,-5.68,-5.81,-3.25,-0.5,1.62
12532,01.01.2012 02:00:01,-5.81,-5.93,-3.25,-0.5,1.62,3.445
12533,01.01.2012 03:00:01,-5.87,-6.06,-3.25,-0.5,1.62
12534,01.01.2012 04:00:01,-6,-6.18,-3.31,-0.5,1.62
12535,01.01.2012 05:00:01,-6.12,-6.31,-3.37,-0.5,1.62
12536,01.01.2012 06:00:01,-6.25,-6.43,-3.43,-0.5,1.62
12537,01.01.2012 07:00:01,-6.37,-6.56,-3.43,-0.5,1.62
12538,01.01.2012 08:00:01,-6.43,-6.62,-3.43,-0.5,1.62,3.439
12539,01.01.2012 09:00:01,-6.5,-6.68,-3.5,-0.5,1.62
12540,01.01.2012 10:00:01,-6.56,-6.75,-3.56,-0.5,1.62
12541,01.01.2012 11:00:01,-6.56,-6.81,-3.56,-0.5,1.62
12542,01.01.2012 12:00:01,-6.56,-6.75,-3.62,-0.5,1.62
12543,01.01.2012 13:00:01,-6.43,-6.5,-3.62,-0.5,1.62
12544,01.01.2012 14:00:01,-6.18,-6.12,-3.68,-0.5,1.62,3.445
12545,01.01.2012 15:00:01,-5.87,-5.81,-3.62,-0.5,1.62
12546,01.01.2012 16:00:01,-5.62,-5.37,-3.62,-0.5,1.62
12547,01.01.2012 17:00:01,-5.31,-5.12,-3.62,-0.5,1.62
12548,01.01.2012 18:00:01,-5.18,-5,-3.56,-0.5,1.62
12549,01.01.2012 19:00:01,-5.06,-5.06,-3.56,-0.56,1.62
12550,01.01.2012 20:00:01,-5.18,-5.12,-3.5,-0.5,1.62,3.451
12551,01.01.2012 21:00:01,-5.25,-5.31,-3.5,-0.56,1.56
12552,01.01.2012 22:00:01,-5.37,-5.43,-3.43,-0.56,1.56
12553,01.01.2012 23:00:01,-5.43,-5.62,-3.43,-0.56,1.56
12554,02.01.2012 00:00:01,-5.56,-5.68,-3.43,-0.56,1.62
12555,02.01.2012 01:00:01,-5.68,-5.81,-3.43,-0.56,1.62
12556,02.01.2012 02:00:01,-5.81,-5.93,-3.43,-0.56,1.62,3.450
12557,02.01.2012 03:00:01,-5.87,-6.06,-3.43,-0.56,1.62
12558,02.01.2012 04:00:01,-5.93,-6.12,-3.5,-0.56,1.56
12559,02.01.2012 05:00:01,-6.06,-6.25,-3.5,-0.56,1.56
12560,02.01.2012 06:00:01,-6.12,-6.31,-3.56,-0.56,1.56
12561,02.01.2012 07:00:01,-6.25,-6.43,-3.56,-0.56,1.56
12562,02.01.2012 08:00:01,-6.31,-6.5,-3.62,-0.56,1.56,3.447
12563,02.01.2012 09:00:01,-6.37,-6.56,-3.62,-0.56,1.56
12564,02.01.2012 10:00:01,-6.43,-6.62,-3.62,-0.56,1.56
12565,02.01.2012 11:00:01,-6.5,-6.68,-3.68,-0.62,1.56
12566,02.01.2012 12:00:01,-6.5,-6.56,-3.68,-0.62,1.56
12567,02.01.2012 13:00:01,-6.37,-6.37,-3.68,-0.62,1.56
12568,02.01.2012 14:00:01,-6.12,-6.12,-3.68,-0.62,1.56,3.440
12569,02.01.2012 15:00:01,-5.87,-5.75,-3.75,-0.56,1.56
12570,02.01.2012 16:00:01,-5.56,-5.43,-3.68,-0.62,1.56
12571,02.01.2012 17:00:01,-5.25,-5.12,-3.68,-0.62,1.56
12572,02.01.2012 18:00:01,-5.06,-4.93,-3.62,-0.62,1.56
12573,02.01.2012 19:00:01,-5,-5,-3.56,-0.62,1.56
12574,02.01.2012 20:00:01,-5.12,-5.18,-3.56,-0.62,1.56,3.455
12575,02.01.2012 21:00:01,-5.31,-5.37,-3.5,-0.62,1.56
12576,02.01.2012 22:00:01,-5.43,-5.56,-3.5,-0.62,1.56
12577,02.01.2012 23:00:01,-5.62,-5.75,-3.5,-0.62,1.56
12578,03.01.2012 00:00:01,-5.81,-5.93,-3.5,-0.62,1.56
12579,03.01.2012 01:00:01,-5.93,-6.12,-3.5,-0.62,1.56
12580,03.01.2012 02:00:01,-6.06,-6.31,-3.56,-0.62,1.56,3.443
12581,03.01.2012 03:00:01,-6.25,-6.43,-3.56,-0.62,1.56
12582,03.01.2012 04:00:01,-6.37,-6.56,-3.62,-0.62,1.56
12583,03.01.2012 05:00:01,-6.5,-6.75,-3.62,-0.62,1.56
12584,03.01.2012 06:00:01,-6.62,-6.87,-3.68,-0.62,1.56
12585,03.01.2012 07:00:01,-6.75,-7,-3.75,-0.62,1.56
12586,03.01.2012 08:00:01,-6.87,-7.12,-3.75,-0.62,1.56,3.440
12587,03.01.2012 09:00:01,-7,-7.18,-3.81,-0.68,1.56
12588,03.01.2012 10:00:01,-7.06,-7.25,-3.87,-0.62,1.56
12589,03.01.2012 11:00:01,-7.06,-7.31,-3.87,-0.68,1.56
12590,03.01.2012 12:00:01,-7,-7.18,-3.93,-0.68,1.56
12591,03.01.2012 13:00:01,-6.93,-7.06,-3.93,-0.68,1.5
12592,03.01.2012 14:00:01,-6.75,-6.75,-4,-0.68,1.56,3.435
12593,03.01.2012 15:00:01,-6.43,-6.37,-4,-0.68,1.56
12594,03.01.2012 16:00:01,-6.18,-6.06,-3.93,-0.68,1.56
12595,03.01.2012 17:00:01,-5.93,-5.81,-3.93,-0.68,1.56
12596,03.01.2012 18:00:01,-5.87,-5.75,-3.93,-0.68,1.56
12597,03.01.2012 19:00:01,-5.87,-5.87,-3.87,-0.68,1.56
12598,03.01.2012 20:00:01,-5.93,-6,-3.87,-0.68,1.56,3.442
12599,03.01.2012 21:00:01,-6,-6.12,-3.81,-0.68,1.5
12600,03.01.2012 22:00:01,-6.12,-6.25,-3.87,-0.68,1.5
12601,03.01.2012 23:00:01,-6.18,-6.31,-3.81,-0.68,1.5
12602,04.01.2012 00:00:01,-6.25,-6.43,-3.87,-0.75,1.5
12603,04.01.2012 01:00:01,-6.37,-6.5,-3.87,-0.75,1.5
12604,04.01.2012 02:00:01,-6.37,-6.56,-3.87,-0.75,1.5,3.438
12605,04.01.2012 03:00:01,-6.43,-6.62,-3.87,-0.75,1.5
12606,04.01.2012 04:00:01,-6.56,-6.68,-3.93,-0.75,1.5
12607,04.01.2012 05:00:01,-6.62,-6.81,-3.93,-0.75,1.5
12608,04.01.2012 06:00:01,-6.68,-6.87,-3.93,-0.75,1.56
12609,04.01.2012 07:00:01,-6.75,-6.93,-3.93,-0.75,1.5
12610,04.01.2012 08:00:01,-6.75,-6.93,-3.93,-0.75,1.5,3.440
12611,04.01.2012 09:00:01,-6.81,-7,-4,-0.75,1.5
12612,04.01.2012 10:00:01,-6.87,-7.06,-4,-0.75,1.5
12613,04.01.2012 11:00:01,-6.93,-7.12,-4.06,-0.75,1.5
12614,04.01.2012 12:00:01,-6.93,-7.06,-4.06,-0.75,1.5
12615,04.01.2012 13:00:01,-6.81,-6.81,-4.06,-0.75,1.5
12616,04.01.2012 14:00:01,-6.5,-6.43,-4.06,-0.75,1.5,3.440
12617,04.01.2012 15:00:01,-6.12,-6,-4.06,-0.75,1.5
12618,04.01.2012 16:00:01,-5.75,-5.62,-4.06,-0.75,1.5
12619,04.01.2012 17:00:01,-5.5,-5.37,-4,-0.75,1.5
12620,04.01.2012 18:00:01,-5.37,-5.25,-3.93,-0.75,1.5
12621,04.01.2012 19:00:01,-5.37,-5.37,-3.87,-0.81,1.5
12622,04.01.2012 20:00:01,-5.5,-5.5,-3.81,-0.81,1.5,3.451
12623,04.01.2012 21:00:01,-5.62,-5.68,-3.81,-0.81,1.5
12624,04.01.2012 22:00:01,-5.81,-5.87,-3.81,-0.81,1.5
12625,04.01.2012 23:00:01,-5.93,-6.06,-3.81,-0.81,1.5
12626,05.01.2012 00:00:01,-6.06,-6.25,-3.81,-0.81,1.5
12627,05.01.2012 01:00:01,-6.25,-6.37,-3.81,-0.81,1.5
12628,05.01.2012 02:00:01,-6.37,-6.5,-3.81,-0.81,1.5,3.440
12629,05.01.2012 03:00:01,-6.43,-6.62,-3.87,-0.81,1.5
12630,05.01.2012 04:00:01,-6.56,-6.75,-3.87,-0.81,1.43
12631,05.01.2012 05:00:01,-6.68,-6.87,-3.93,-0.81,1.5
12632,05.01.2012 06:00:01,-6.75,-6.93,-3.93,-0.81,1.43
12633,05.01.2012 07:00:01,-6.87,-7,-4,-0.81,1.5
12634,05.01.2012 08:00:01,-6.87,-7.06,-4,-0.81,1.5,3.437
12635,05.01.2012 09:00:01,-6.93,-7.12,-4.06,-0.81,1.5
12636,05.01.2012 10:00:01,-7,-7.18,-4.06,-0.81,1.43
12637,05.01.2012 11:00:01,-7,-7.18,-4.12,-0.87,1.5
12638,05.01.2012 12:00:01,-6.93,-7.06,-4.12,-0.87,1.43
12639,05.01.2012 13:00:01,-6.75,-6.81,-4.12,-0.87,1.5
12640,05.01.2012 14:00:01,-6.5,-6.37,-4.12,-0.87,1.5,3.440
12641,05.01.2012 15:00:01,-6,-5.93,-4.12,-0.87,1.5
12642,05.01.2012 16:00:01,-5.68,-5.5,-4.06,-0.87,1.43
12643,05.01.2012 17:00:01,-5.37,-5.25,-4,-0.87,1.5
12644,05.01.2012 18:00:01,-5.18,-5.12,-4,-0.87,1.5
12645,05.01.2012 19:00:01,-5.18,-5.12,-3.93,-0.87,1.5
12646,05.01.2012 20:00:01,-5.31,-5.31,-3.87,-0.87,1.5,3.452
12647,05.01.2012 21:00:01,-5.43,-5.5,-3.81,-0.87,1.43
12648,05.01.2012 22:00:01,-5.56,-5.68,-3.81,-0.87,1.43
12649,05.01.2012 23:00:01,-5.75,-5.87,-3.75,-0.87,1.43
12650,06.01.2012 00:00:01,-5.87,-6,-3.81,-0.87,1.43
12651,06.01.2012 01:00:01,-6.06,-6.18,-3.81,-0.87,1.43
12652,06.01.2012 02:00:01,-6.12,-6.31,-3.81,-0.87,1.43,3.443
12653,06.01.2012 03:00:01,-6.31,-6.43,-3.81,-0.87,1.43
12654,06.01.2012 04:00:01,-6.43,-6.62,-3.81,-0.87,1.43
12655,06.01.2012 05:00:01,-6.56,-6.75,-3.87,-0.93,1.43
12656,06.01.2012 06:00:01,-6.62,-6.81,-3.93,-0.93,1.43
12657,06.01.2012 07:00:01,-6.75,-7,-3.93,-0.93,1.43
12658,06.01.2012 08:00:01,-6.87,-7.06,-4,-0.93,1.43,3.440
12659,06.01.2012 09:00:01,-7,-7.12,-4.06,-0.93,1.43
12660,06.01.2012 10:00:01,-7,-7.25,-4.06,-0.93,1.43
12661,06.01.2012 11:00:01,-7.06,-7.25,-4.12,-0.93,1.43
12662,06.01.2012 12:00:01,-7,-7.18,-4.12,-0.93,1.43
12663,06.01.2012 13:00:01,-6.87,-6.87,-4.18,-0.93,1.43
12664,06.01.2012 14:00:01,-6.56,-6.5,-4.18,-0.93,1.43,3.435
12665,06.01.2012 15:00:01,-6.25,-6.12,-4.18,-0.93,1.43
12666,06.01.2012 16:00:01,-5.93,-5.81,-4.12,-0.93,1.43
12667,06.01.2012 17:00:01,-5.68,-5.5,-4.06,-0.93,1.43
12668,06.01.2012 18:00:01,-5.5,-5.43,-4.06,-0.93,1.43
12669,06.01.2012 19:00:01,-5.56,-5.56,-4,-0.93,1.43
12670,06.01.2012 20:00:01,-5.68,-5.68,-3.93,-0.93,1.43,3.445
12671,06.01.2012 21:00:01,-5.81,-5.87,-3.93,-1,1.43
12672,06.01.2012 22:00:01,-5.93,-6.06,-3.93,-0.93,1.43
12673,06.01.2012 23:00:01,-6.12,-6.25,-3.87,-1,1.43
12674,07.01.2012 00:00:01,-6.25,-6.37,-3.93,-0.93,1.43
12675,07.01.2012 01:00:01,-6.37,-6.56,-3.93,-1,1.43
12676,07.01.2012 02:00:01,-6.5,-6.68,-3.93,-1,1.43,3.438
12677,07.01.2012 03:00:01,-6.56,-6.81,-4,-1,1.43
12678,07.01.2012 04:00:01,-6.68,-6.87,-4,-1,1.43
12679,07.01.2012 05:00:01,-6.75,-7,-4.06,-1,1.43
12680,07.01.2012 06:00:01,-6.81,-7.06,-4.06,-1,1.43
12681,07.01.2012 07:00:01,-6.87,-7.06,-4.06,-1,1.37
12682,07.01.2012 08:00:01,-6.93,-7.12,-4.12,-1,1.37,3.434
12683,07.01.2012 09:00:01,-7,-7.18,-4.12,-1,1.37
12684,07.01.2012 10:00:01,-7,-7.25,-4.18,-1,1.37
12685,07.01.2012 11:00:01,-7,-7.18,-4.18,-1,1.37
12686,07.01.2012 12:00:01,-6.93,-7.06,-4.25,-1,1.43
12687,07.01.2012 13:00:01,-6.75,-6.81,-4.25,-1,1.37
12688,07.01.2012 14:00:01,-6.5,-6.5,-4.25,-1,1.37,3.435
12689,07.01.2012 15:00:01,-6.25,-6.18,-4.25,-1,1.37
12690,07.01.2012 16:00:01,-6,-5.93,-4.18,-1,1.43
12691,07.01.2012 17:00:01,-5.81,-5.75,-4.12,-1.06,1.37
12692,07.01.2012 18:00:01,-5.68,-5.62,-4.12,-1.06,1.37
12693,07.01.2012 19:00:01,-5.62,-5.68,-4.06,-1.06,1.37
12694,07.01.2012 20:00:01,-5.75,-5.81,-4,-1.06,1.37,3.448
12695,07.01.2012 21:00:01,-5.87,-6,-4,-1.06,1.37
12696,07.01.2012 22:00:01,-6,-6.12,-4,-1.06,1.37
12697,07.01.2012 23:00:01,-6.12,-6.31,-4,-1.06,1.37
12698,08.01.2012 00:00:01,-6.25,-6.43,-4,-1.06,1.37
12699,08.01.2012 01:00:01,-6.37,-6.62,-4,-1.06,1.37
12700,08.01.2012 02:00:01,-6.5,-6.75,-4,-1.06,1.37,3.440
12701,08.01.2012 03:00:01,-6.62,-6.87,-4.06,-1.06,1.37
12702,08.01.2012 04:00:01,-6.75,-7,-4.06,-1.06,1.37
12703,08.01.2012 05:00:01,-6.93,-7.12,-4.12,-1.06,1.37
12704,08.01.2012 06:00:01,-7.06,-7.31,-4.12,-1.06,1.37
12705,08.01.2012 07:00:01,-7.18,-7.43,-4.18,-1.12,1.37
12706,08.01.2012 08:00:01,-7.31,-7.56,-4.25,-1.06,1.37,3.430
12707,08.01.2012 09:00:01,-7.43,-7.68,-4.25,-1.12,1.37
12708,08.01.2012 10:00:01,-7.56,-7.81,-4.31,-1.06,1.37
12709,08.01.2012 11:00:01,-7.68,-7.93,-4.37,-1.12,1.37
12710,08.01.2012 12:00:01,-7.62,-7.87,-4.43,-1.12,1.37
12711,08.01.2012 13:00:01,-7.43,-7.56,-4.43,-1.12,1.37
12712,08.01.2012 14:00:01,-7.12,-7.12,-4.43,-1.12,1.37,3.429
12713,08.01.2012 15:00:01,-6.68,-6.62,-4.43,-1.12,1.37
12714,08.01.2012 16:00:01,-6.31,-6.18,-4.43,-1.12,1.37
12715,08.01.2012 17:00:01,-6,-5.93,-4.37,-1.12,1.37
12716,08.01.2012 18:00:01,-5.87,-5.87,-4.31,-1.12,1.37
12717,08.01.2012 19:00:01,-5.93,-6,-4.25,-1.12,1.37
12718,08.01.2012 20:00:01,-6.06,-6.18,-4.25,-1.12,1.31,3.440
12719,08.01.2012 21:00:01,-6.25,-6.43,-4.18,-1.12,1.37
12720,08.01.2012 22:00:01,-6.5,-6.62,-4.18,-1.12,1.31
12721,08.01.2012 23:00:01,-6.68,-6.87,-4.25,-1.12,1.37
12722,09.01.2012 00:00:01,-6.81,-7.06,-4.18,-1.12,1.31
12723,09.01.2012 01:00:01,-7,-7.25,-4.25,-1.12,1.37
12724,09.01.2012 02:00:01,-7.12,-7.37,-4.31,-1.12,1.37,3.431
12725,09.01.2012 03:00:01,-7.25,-7.5,-4.31,-1.12,1.37
12726,09.01.2012 04:00:01,-7.43,-7.68,-4.37,-1.12,1.31
12727,09.01.2012 05:00:01,-7.56,-7.81,-4.37,-1.12,1.31
12728,09.01.2012 06:00:01,-7.75,-8,-4.43,-1.18,1.31
12729,09.01.2012 07:00:01,-7.81,-8.06,-4.5,-1.18,1.31
12730,09.01.2012 08:00:01,-7.93,-8.18,-4.5,-1.18,1.31,3.428
12731,09.01.2012 09:00:01,-8,-8.31,-4.62,-1.18,1.31
12732,09.01.2012 10:00:01,-8.12,-8.37,-4.62,-1.18,1.37
12733,09.01.2012 11:00:01,-8.25,-8.5,-4.68,-1.18,1.31
12734,09.01.2012 12:00:01,-8.18,-8.37,-4.75,-1.18,1.31
12735,09.01.2012 13:00:01,-7.93,-8,-4.75,-1.18,1.31
12736,09.01.2012 14:00:01,-7.56,-7.5,-4.75,-1.18,1.31,3.427
12737,09.01.2012 15:00:01,-7.12,-7,-4.75,-1.18,1.31
12738,09.01.2012 16:00:01,-6.68,-6.56,-4.75,-1.18,1.31
12739,09.01.2012 17:00:01,-6.37,-6.31,-4.68,-1.25,1.31
12740,09.01.2012 18:00:01,-6.18,-6.12,-4.62,-1.25,1.31
12741,09.01.2012 19:00:01,-6.25,-6.25,-4.56,-1.25,1.31
12742,09.01.2012 20:00:01,-6.37,-6.5,-4.5,-1.25,1.31,3.442
12743,09.01.2012 21:00:01,-6.56,-6.75,-4.43,-1.25,1.31
12744,09.01.2012 22:00:01,-6.75,-6.93,-4.43,-1.25,1.31
12745,09.01.2012 23:00:01,-7,-7.18,-4.43,-1.25,1.31
12746,10.01.2012 00:00:01,-7.12,-7.37,-4.5,-1.25,1.31
12747,10.01.2012 01:00:01,-7.31,-7.56,-4.5,-1.25,1.31
12748,10.01.2012 02:00:01,-7.5,-7.75,-4.5,-1.25,1.31,3.434
12749,10.01.2012 03:00:01,-7.68,-7.93,-4.56,-1.31,1.31
12750,10.01.2012 04:00:01,-7.81,-8.06,-4.62,-1.31,1.31
12751,10.01.2012 05:00:01,-7.93,-8.18,-4.68,-1.31,1.31
12752,10.01.2012 06:00:01,-8.06,-8.37,-4.68,-1.25,1.31
12753,10.01.2012 07:00:01,-8.18,-8.5,-4.75,-1.31,1.31
12754,10.01.2012 08:00:01,-8.31,-8.62,-4.81,-1.31,1.31,3.421
12755,10.01.2012 09:00:01,-8.43,-8.75,-4.81,-1.31,1.25
12756,10.01.2012 10:00:01,-8.5,-8.81,-4.87,-1.31,1.31
12757,10.01.2012 11:00:01,-8.56,-8.87,-4.93,-1.31,1.25
12758,10.01.2012 12:00:01,-8.5,-8.68,-5,-1.31,1.25
12759,10.01.2012 13:00:01,-8.25,-8.31,-5,-1.31,1.31
12760,10.01.2012 14:00:01,-7.81,-7.81,-5,-1.31,1.31,3.427
12761,10.01.2012 15:00:01,-7.31,-7.25,-5,-1.31,1.25
12762,10.01.2012 16:00:01,-6.87,-6.81,-4.93,-1.31,1.25
12763,10.01.2012 17:00:01,-6.56,-6.5,-4.93,-1.31,1.31
12764,10.01.2012 18:00:01,-6.43,-6.43,-4.87,-1.37,1.25
12765,10.01.2012 19:00:01,-6.5,-6.56,-4.75,-1.37,1.25
12766,10.01.2012 20:00:01,-6.62,-6.81,-4.75,-1.37,1.25,3.434
12767,10.01.2012 21:00:01,-6.87,-7.06,-4.68,-1.37,1.25
12768,10.01.2012 22:00:01,-7.06,-7.31,-4.68,-1.37,1.31
12769,10.01.2012 23:00:01,-7.25,-7.5,-4.68,-1.37,1.25
12770,11.01.2012 00:00:01,-7.43,-7.75,-4.68,-1.37,1.25
12771,11.01.2012 01:00:01,-7.62,-7.93,-4.68,-1.37,1.25
12772,11.01.2012 02:00:01,-7.81,-8.12,-4.75,-1.37,1.25,3.430
12773,11.01.2012 03:00:01,-8,-8.31,-4.81,-1.37,1.25
12774,11.01.2012 04:00:01,-8.12,-8.43,-4.81,-1.37,1.25
12775,11.01.2012 05:00:01,-8.31,-8.62,-4.87,-1.43,1.25
12776,11.01.2012 06:00:01,-8.43,-8.75,-4.93,-1.37,1.25
12777,11.01.2012 07:00:01,-8.56,-8.93,-5,-1.43,1.25
12778,11.01.2012 08:00:01,-8.75,-9.06,-5.06,-1.43,1.25,3.417
12779,11.01.2012 09:00:01,-8.87,-9.18,-5.06,-1.43,1.25
12780,11.01.2012 10:00:01,-9,-9.31,-5.12,-1.43,1.25
12781,11.01.2012 11:00:01,-9.06,-9.37,-5.18,-1.43,1.25
12782,11.01.2012 12:00:01,-9,-9.18,-5.25,-1.43,1.25
12783,11.01.2012 13:00:01,-8.68,-8.81,-5.31,-1.43,1.25
12784,11.01.2012 14:00:01,-8.25,-8.25,-5.31,-1.43,1.25,3.417
12785,11.01.2012 15:00:01,-7.75,-7.68,-5.25,-1.43,1.25
12786,11.01.2012 16:00:01,-7.25,-7.18,-5.18,-1.5,1.25
12787,11.01.2012 17:00:01,-6.87,-6.87,-5.18,-1.5,1.25
12788,11.01.2012 18:00:01,-6.75,-6.81,-5.12,-1.5,1.25
12789,11.01.2012 19:00:01,-6.81,-6.93,-5.06,-1.5,1.25
12790,11.01.2012 20:00:01,-7.06,-7.18,-5,-1.5,1.25,3.432
12791,11.01.2012 21:00:01,-7.25,-7.5,-4.93,-1.5,1.25
12792,11.01.2012 22:00:01,-7.5,-7.81,-4.93,-1.5,1.25
12793,11.01.2012 23:00:01,-7.75,-8.06,-4.93,-1.5,1.25
12794,12.01.2012 00:00:01,-8,-8.31,-4.93,-1.56,1.25
12795,12.01.2012 01:00:01,-8.25,-8.56,-5,-1.56,1.25
12796,12.01.2012 02:00:01,-8.43,-8.81,-5.06,-1.56,1.18,3.424
12797,12.01.2012 03:00:01,-8.62,-9,-5.12,-1.56,1.25
12798,12.01.2012 04:00:01,-8.81,-9.18,-5.18,-1.56,1.18
12799,12.01.2012 05:00:01,-9,-9.37,-5.25,-1.56,1.18
12800,12.01.2012 06:00:01,-9.12,-9.5,-5.31,-1.56,1.18
12801,12.01.2012 07:00:01,-9.25,-9.62,-5.37,-1.56,1.18
12802,12.01.2012 08:00:01,-9.37,-9.68,-5.43,-1.56,1.25,3.412
12803,12.01.2012 09:00:01,-9.37,-9.75,-5.5,-1.56,1.18
12804,12.01.2012 10:00:01,-9.43,-9.75,-5.5,-1.56,1.18
12805,12.01.2012 11:00:01,-9.37,-9.62,-5.56,-1.62,1.25
12806,12.01.2012 12:00:01,-9.25,-9.43,-5.56,-1.56,1.18
12807,12.01.2012 13:00:01,-8.93,-9.06,-5.62,-1.56,1.18
12808,12.01.2012 14:00:01,-8.56,-8.56,-5.62,-1.62,1.18,3.420
12809,12.01.2012 15:00:01,-8.06,-8.06,-5.56,-1.62,1.18
12810,12.01.2012 16:00:01,-7.62,-7.56,-5.56,-1.62,1.18
12811,12.01.2012 17:00:01,-7.25,-7.18,-5.43,-1.62,1.18
12812,12.01.2012 18:00:01,-7.06,-7.06,-5.43,-1.62,1.18
12813,12.01.2012 19:00:01,-7.06,-7.18,-5.31,-1.68,1.18
12814,12.01.2012 20:00:01,-7.12,-7.31,-5.25,-1.62,1.18,3.428
12815,12.01.2012 21:00:01,-7.31,-7.5,-5.18,-1.68,1.18
12816,12.01.2012 22:00:01,-7.5,-7.75,-5.18,-1.62,1.18
12817,12.01.2012 23:00:01,-7.68,-7.93,-5.18,-1.68,1.18
12818,13.01.2012 00:00:01,-7.81,-8.12,-5.18,-1.68,1.18
12819,13.01.2012 01:00:01,-8,-8.31,-5.18,-1.68,1.18
12820,13.01.2012 02:00:01,-8.18,-8.5,-5.18,-1.68,1.18,3.424
12821,13.01.2012 03:00:01,-8.31,-8.62,-5.25,-1.68,1.18
12822,13.01.2012 04:00:01,-8.5,-8.81,-5.25,-1.68,1.18
12823,13.01.2012 05:00:01,-8.62,-8.93,-5.31,-1.68,1.18
12824,13.01.2012 06:00:01,-8.75,-9.06,-5.37,-1.68,1.18
12825,13.01.2012 07:00:01,-8.87,-9.18,-5.43,-1.75,1.18
12826,13.01.2012 08:00:01,-8.93,-9.31,-5.43,-1.68,1.18,3.415
12827,13.01.2012 09:00:01,-9.06,-9.37,-5.5,-1.75,1.18
12828,13.01.2012 10:00:01,-9.12,-9.43,-5.56,-1.75,1.18
12829,13.01.2012 11:00:01,-9.06,-9.37,-5.56,-1.75,1.18
12830,13.01.2012 12:00:01,-8.93,-9.18,-5.62,-1.75,1.18
12831,13.01.2012 13:00:01,-8.68,-8.75,-5.62,-1.75,1.18
12832,13.01.2012 14:00:01,-8.18,-8.18,-5.62,-1.75,1.18,3.422
12833,13.01.2012 15:00:01,-7.68,-7.62,-5.62,-1.75,1.18
12834,13.01.2012 16:00:01,-7.25,-7.18,-5.56,-1.75,1.18
12835,13.01.2012 17:00:01,-6.87,-6.87,-5.5,-1.75,1.18
12836,13.01.2012 18:00:01,-6.68,-6.68,-5.37,-1.81,1.12
12837,13.01.2012 19:00:01,-6.68,-6.75,-5.31,-1.81,1.18
12838,13.01.2012 20:00:01,-6.68,-6.81,-5.25,-1.81,1.18,3.432
12839,13.01.2012 21:00:01,-6.81,-6.93,-5.12,-1.81,1.12
12840,13.01.2012 22:00:01,-6.87,-7,-5.12,-1.81,1.12
12841,13.01.2012 23:00:01,-6.93,-7.12,-5.06,-1.81,1.18
12842,14.01.2012 00:00:01,-7,-7.18,-5,-1.81,1.12
12843,14.01.2012 01:00:01,-7.06,-7.31,-5.06,-1.81,1.12
12844,14.01.2012 02:00:01,-7.25,-7.43,-5,-1.81,1.12,3.433
12845,14.01.2012 03:00:01,-7.37,-7.56,-5,-1.81,1.18
12846,14.01.2012 04:00:01,-7.5,-7.75,-5,-1.81,1.12
12847,14.01.2012 05:00:01,-7.62,-7.87,-5.06,-1.81,1.12
12848,14.01.2012 06:00:01,-7.68,-7.93,-5.06,-1.81,1.12
12849,14.01.2012 07:00:01,-7.75,-8,-5.06,-1.81,1.12
12850,14.01.2012 08:00:01,-7.81,-8,-5.06,-1.81,1.12,3.423
12851,14.01.2012 09:00:01,-7.81,-8,-5.12,-1.81,1.12
12852,14.01.2012 10:00:01,-7.75,-8,-5.12,-1.87,1.12
12853,14.01.2012 11:00:01,-7.81,-7.93,-5.12,-1.81,1.12
12854,14.01.2012 12:00:01,-7.62,-7.75,-5.18,-1.81,1.12
12855,14.01.2012 13:00:01,-7.37,-7.43,-5.18,-1.87,1.12
12856,14.01.2012 14:00:01,-7.06,-7.06,-5.12,-1.81,1.12,3.428
12857,14.01.2012 15:00:01,-6.68,-6.62,-5.12,-1.87,1.12
12858,14.01.2012 16:00:01,-6.25,-6.18,-5,-1.87,1.12
12859,14.01.2012 17:00:01,-5.93,-5.81,-5,-1.87,1.12
12860,14.01.2012 18:00:01,-5.68,-5.62,-4.87,-1.87,1.12
12861,14.01.2012 19:00:01,-5.62,-5.68,-4.81,-1.87,1.12
12862,14.01.2012 20:00:01,-5.75,-5.81,-4.68,-1.87,1.12,3.444
12863,14.01.2012 21:00:01,-5.93,-6.06,-4.68,-1.87,1.12
12864,14.01.2012 22:00:01,-6.12,-6.31,-4.62,-1.87,1.12
12865,14.01.2012 23:00:01,-6.31,-6.56,-4.62,-1.87,1.12
12866,15.01.2012 00:00:01,-6.56,-6.75,-4.62,-1.87,1.12
12867,15.01.2012 01:00:01,-6.68,-7,-4.62,-1.87,1.12
12868,15.01.2012 02:00:01,-6.87,-7.18,-4.62,-1.87,1.12,3.432
12869,15.01.2012 03:00:01,-7.06,-7.31,-4.62,-1.87,1.12
12870,15.01.2012 04:00:01,-7.18,-7.43,-4.68,-1.87,1.06
12871,15.01.2012 05:00:01,-7.25,-7.5,-4.68,-1.87,1.12
12872,15.01.2012 06:00:01,-7.31,-7.56,-4.75,-1.87,1.12
12873,15.01.2012 07:00:01,-7.31,-7.56,-4.81,-1.87,1.12
12874,15.01.2012 08:00:01,-7.37,-7.62,-4.81,-1.87,1.06,3.425
12875,15.01.2012 09:00:01,-7.37,-7.62,-4.87,-1.87,1.12
12876,15.01.2012 10:00:01,-7.37,-7.56,-4.87,-1.87,1.06
12877,15.01.2012 11:00:01,-7.31,-7.5,-4.87,-1.87,1.12
12878,15.01.2012 12:00:01,-7.18,-7.31,-4.87,-1.87,1.06
12879,15.01.2012 13:00:01,-6.93,-7,-4.87,-1.87,1.06
12880,15.01.2012 14:00:01,-6.68,-6.68,-4.87,-1.87,1.06,3.437
12881,15.01.2012 15:00:01,-6.37,-6.37,-4.87,-1.87,1.06
12882,15.01.2012 16:00:01,-6.12,-6.06,-4.81,-1.87,1.06
12883,15.01.2012 17:00:01,-5.81,-5.75,-4.75,-1.87,1.12
12884,15.01.2012 18:00:01,-5.68,-5.68,-4.68,-1.87,1.06
12885,15.01.2012 19:00:01,-5.68,-5.68,-4.62,-1.87,1.06
12886,15.01.2012 20:00:01,-5.75,-5.81,-4.56,-1.87,1.06,3.445
12887,15.01.2012 21:00:01,-5.81,-5.93,-4.5,-1.87,1.06
12888,15.01.2012 22:00:01,-5.93,-6.12,-4.5,-1.87,1.06
12889,15.01.2012 23:00:01,-6.06,-6.25,-4.43,-1.87,1.06
12890,16.01.2012 00:00:01,-6.18,-6.43,-4.5,-1.87,1.06
12891,16.01.2012 01:00:01,-6.31,-6.5,-4.5,-1.87,1.06
12892,16.01.2012 02:00:01,-6.43,-6.62,-4.5,-1.87,1.06,3.437
12893,16.01.2012 03:00:01,-6.5,-6.75,-4.5,-1.87,1.06
12894,16.01.2012 04:00:01,-6.62,-6.81,-4.5,-1.87,1.06
12895,16.01.2012 05:00:01,-6.75,-6.93,-4.5,-1.87,1.06
12896,16.01.2012 06:00:01,-6.81,-7,-4.5,-1.87,1.06
12897,16.01.2012 07:00:01,-6.87,-7.06,-4.56,-1.87,1.06
12898,16.01.2012 08:00:01,-6.93,-7.18,-4.62,-1.87,1.06,3.433
12899,16.01.2012 09:00:01,-7.06,-7.25,-4.62,-1.87,1.06
12900,16.01.2012 10:00:01,-7.12,-7.37,-4.62,-1.87,1.06
12901,16.01.2012 11:00:01,-7.18,-7.37,-4.68,-1.87,1.06
12902,16.01.2012 12:00:01,-7.12,-7.31,-4.68,-1.87,1.06
12903,16.01.2012 13:00:01,-7,-7.06,-4.75,-1.87,1.06
12904,16.01.2012 14:00:01,-6.68,-6.75,-4.75,-1.87,1.06,3.434
12905,16.01.2012 15:00:01,-6.31,-6.31,-4.68,-1.87,1.06
12906,16.01.2012 16:00:01,-6,-5.93,-4.68,-1.87,1.06
12907,16.01.2012 17:00:01,-5.75,-5.75,-4.62,-1.87,1.06
12908,16.01.2012 18:00:01,-5.68,-5.68,-4.56,-1.87,1.06
12909,16.01.2012 19:00:01,-5.75,-5.81,-4.5,-1.87,1.06
12910,16.01.2012 20:00:01,-5.81,-5.93,-4.5,-1.87,1.06,3.442
12911,16.01.2012 21:00:01,-5.93,-6.12,-4.43,-1.87,1.06
12912,16.01.2012 22:00:01,-6.06,-6.25,-4.43,-1.87,1.06
12913,16.01.2012 23:00:01,-6.18,-6.37,-4.43,-1.87,1
12914,17.01.2012 00:00:01,-6.31,-6.5,-4.43,-1.93,1
12915,17.01.2012 01:00:01,-6.43,-6.62,-4.43,-1.87,1
12916,17.01.2012 02:00:01,-6.62,-6.75,-4.43,-1.93,1,3.442
12917,17.01.2012 03:00:01,-6.75,-6.93,-4.43,-1.87,1.06
12918,17.01.2012 04:00:01,-6.87,-7.12,-4.5,-1.87,1
12919,17.01.2012 05:00:01,-7.06,-7.25,-4.5,-1.87,1.06
12920,17.01.2012 06:00:01,-7.18,-7.43,-4.56,-1.93,1
12921,17.01.2012 07:00:01,-7.31,-7.56,-4.62,-1.87,1
12922,17.01.2012 08:00:01,-7.5,-7.75,-4.62,-1.87,1,3.428
12923,17.01.2012 09:00:01,-7.68,-7.93,-4.68,-1.87,1
12924,17.01.2012 10:00:01,-7.87,-8.12,-4.75,-1.87,1
12925,17.01.2012 11:00:01,-8,-8.31,-4.81,-1.87,1
12926,17.01.2012 12:00:01,-8,-8.25,-4.87,-1.93,1
12927,17.01.2012 13:00:01,-7.87,-8,-4.93,-1.87,1
12928,17.01.2012 14:00:01,-7.56,-7.68,-5,-1.93,1,3.429
12929,17.01.2012 15:00:01,-7.31,-7.31,-5,-1.93,1
12930,17.01.2012 16:00:01,-7.06,-7.12,-5,-1.93,1
12931,17.01.2012 17:00:01,-6.87,-6.93,-5,-1.93,1
12932,17.01.2012 18:00:01,-6.81,-6.87,-4.93,-1.93,1
12933,17.01.2012 19:00:01,-6.81,-6.93,-4.93,-1.93,1
12934,17.01.2012 20:00:01,-6.87,-7.06,-4.87,-1.93,1,3.437
12935,17.01.2012 21:00:01,-7,-7.18,-4.87,-1.93,1
12936,17.01.2012 22:00:01,-7.12,-7.37,-4.87,-1.93,1
12937,17.01.2012 23:00:01,-7.31,-7.56,-4.87,-1.93,1
12938,18.01.2012 00:00:01,-7.43,-7.68,-4.87,-2,1
12939,18.01.2012 01:00:01,-7.56,-7.75,-4.93,-1.93,1
12940,18.01.2012 02:00:01,-7.62,-7.87,-4.93,-2,1,3.426
12941,18.01.2012 03:00:01,-7.75,-7.93,-5,-2,1
12942,18.01.2012 04:00:01,-7.81,-8.06,-5,-2,1
12943,18.01.2012 05:00:01,-7.87,-8.18,-5.06,-2,1
12944,18.01.2012 06:00:01,-8,-8.25,-5.06,-2,1
12945,18.01.2012 07:00:01,-8.06,-8.31,-5.12,-2,1
12946,18.01.2012 08:00:01,-8.18,-8.37,-5.18,-2,1,3.426
12947,18.01.2012 09:00:01,-8.31,-8.56,-5.18,-2,0.93
12948,18.01.2012 10:00:01,-8.5,-8.75,-5.25,-2,1
12949,18.01.2012 11:00:01,-8.62,-8.93,-5.31,-2,1
12950,18.01.2012 12:00:01,-8.68,-8.93,-5.37,-2,1
12951,18.01.2012 13:00:01,-8.56,-8.75,-5.37,-2.06,0.93
12952,18.01.2012 14:00:01,-8.31,-8.43,-5.43,-2,0.93,3.418
12953,18.01.2012 15:00:01,-8,-8.12,-5.43,-2,1
12954,18.01.2012 16:00:01,-7.75,-7.81,-5.43,-2.06,0.93
12955,18.01.2012 17:00:01,-7.5,-7.62,-5.37,-2,0.93
12956,18.01.2012 18:00:01,-7.43,-7.56,-5.37,-2.06,0.93
12957,18.01.2012 19:00:01,-7.5,-7.68,-5.31,-2.06,0.93
12958,18.01.2012 20:00:01,-7.68,-7.93,-5.31,-2.06,0.93,3.428
12959,18.01.2012 21:00:01,-7.87,-8.18,-5.37,-2.12,0.93
12960,18.01.2012 22:00:01,-8.12,-8.43,-5.37,-2.06,0.93
12961,18.01.2012 23:00:01,-8.43,-8.68,-5.37,-2.12,0.93
12962,19.01.2012 00:00:01,-8.68,-9,-5.43,-2.12,0.93
12963,19.01.2012 01:00:01,-8.93,-9.25,-5.5,-2.12,0.93
12964,19.01.2012 02:00:01,-9.12,-9.5,-5.5,-2.12,0.93,3.413
12965,19.01.2012 03:00:01,-9.37,-9.68,-5.62,-2.12,0.93
12966,19.01.2012 04:00:01,-9.56,-9.93,-5.68,-2.12,0.93
12967,19.01.2012 05:00:01,-9.75,-10.12,-5.75,-2.12,0.93
12968,19.01.2012 06:00:01,-9.87,-10.31,-5.81,-2.12,0.93
12969,19.01.2012 07:00:01,-10.06,-10.43,-5.87,-2.12,0.93
12970,19.01.2012 08:00:01,-10.18,-10.56,-5.93,-2.12,0.93,3.401
12971,19.01.2012 09:00:01,-10.37,-10.68,-6,-2.18,0.93
12972,19.01.2012 10:00:01,-10.5,-10.81,-6.12,-2.18,0.93
12973,19.01.2012 11:00:01,-10.56,-10.93,-6.18,-2.18,0.93
12974,19.01.2012 12:00:01,-10.56,-10.81,-6.25,-2.18,0.93
12975,19.01.2012 13:00:01,-10.31,-10.43,-6.31,-2.18,0.93
12976,19.01.2012 14:00:01,-9.81,-9.93,-6.31,-2.25,0.93,3.403
12977,19.01.2012 15:00:01,-9.25,-9.31,-6.31,-2.25,0.93
12978,19.01.2012 16:00:01,-8.81,-8.87,-6.31,-2.25,0.93
12979,19.01.2012 17:00:01,-8.43,-8.5,-6.25,-2.25,0.93
12980,19.01.2012 18:00:01,-8.25,-8.43,-6.18,-2.25,0.93
12981,19.01.2012 19:00:01,-8.31,-8.5,-6.12,-2.25,0.93
12982,19.01.2012 20:00:01,-8.56,-8.75,-6.06,-2.31,0.93,3.419
12983,19.01.2012 21:00:01,-8.75,-9,-6.06,-2.31,0.93
12984,19.01.2012 22:00:01,-9,-9.31,-6.06,-2.31,0.93
12985,19.01.2012 23:00:01,-9.25,-9.56,-6.06,-2.31,0.87
12986,20.01.2012 00:00:01,-9.43,-9.75,-6.12,-2.31,0.93
12987,20.01.2012 01:00:01,-9.68,-10,-6.12,-2.31,0.93
12988,20.01.2012 02:00:01,-9.87,-10.25,-6.18,-2.31,0.87,3.407
12989,20.01.2012 03:00:01,-10.06,-10.43,-6.25,-2.37,0.93
12990,20.01.2012 04:00:01,-10.25,-10.62,-6.31,-2.37,0.87
12991,20.01.2012 05:00:01,-10.43,-10.81,-6.37,-2.37,0.87
12992,20.01.2012 06:00:01,-10.62,-11,-6.43,-2.37,0.87
12993,20.01.2012 07:00:01,-10.75,-11.12,-6.5,-2.37,0.87
12994,20.01.2012 08:00:01,-10.87,-11.25,-6.56,-2.37,0.87,3.397
12995,20.01.2012 09:00:01,-11,-11.37,-6.62,-2.43,0.87
12996,20.01.2012 10:00:01,-11.12,-11.5,-6.68,-2.43,0.87
12997,20.01.2012 11:00:01,-11.18,-11.5,-6.75,-2.43,0.87
12998,20.01.2012 12:00:01,-11.06,-11.37,-6.81,-2.43,0.87
12999,20.01.2012 13:00:01,-10.81,-10.93,-6.81,-2.43,0.87
13000,20.01.2012 14:00:01,-10.25,-10.37,-6.87,-2.43,0.87,3.397
13001,20.01.2012 15:00:01,-9.68,-9.75,-6.81,-2.5,0.87
13002,20.01.2012 16:00:01,-9.12,-9.18,-6.81,-2.5,0.87
13003,20.01.2012 17:00:01,-8.75,-8.75,-6.68,-2.5,0.87
13004,20.01.2012 18:00:01,-8.56,-8.68,-6.62,-2.5,0.87
13005,20.01.2012 19:00:01,-8.62,-8.81,-6.56,-2.56,0.87
13006,20.01.2012 20:00:01,-8.81,-9.06,-6.5,-2.56,0.87,3.415
13007,20.01.2012 21:00:01,-9.12,-9.37,-6.5,-2.56,0.87
13008,20.01.2012 22:00:01,-9.37,-9.68,-6.43,-2.56,0.87
13009,20.01.2012 23:00:01,-9.62,-9.93,-6.43,-2.56,0.87
13010,21.01.2012 00:00:01,-9.87,-10.18,-6.5,-2.56,0.87
13011,21.01.2012 01:00:01,-10.12,-10.43,-6.56,-2.56,0.87
13012,21.01.2012 02:00:01,-10.31,-10.68,-6.62,-2.62,0.87,3.400
13013,21.01.2012 03:00:01,-10.5,-10.87,-6.68,-2.62,0.81
13014,21.01.2012 04:00:01,-10.75,-11.06,-6.68,-2.62,0.87
13015,21.01.2012 05:00:01,-10.87,-11.25,-6.75,-2.62,0.87
13016,21.01.2012 06:00:01,-11,-11.37,-6.81,-2.62,0.81
13017,21.01.2012 07:00:01,-11.18,-11.56,-6.93,-2.62,0.81
13018,21.01.2012 08:00:01,-11.31,-11.62,-7,-2.68,0.81,3.393
13019,21.01.2012 09:00:01,-11.43,-11.81,-7.06,-2.68,0.81
13020,21.01.2012 10:00:01,-11.56,-11.87,-7.12,-2.68,0.81
13021,21.01.2012 11:00:01,-11.62,-11.93,-7.12,-2.68,0.87
13022,21.01.2012 12:00:01,-11.43,-11.68,-7.25,-2.68,0.81
13023,21.01.2012 13:00:01,-11.12,-11.25,-7.25,-2.75,0.81
13024,21.01.2012 14:00:01,-10.56,-10.62,-7.25,-2.75,0.81,3.394
13025,21.01.2012 15:00:01,-9.93,-9.93,-7.25,-2.75,0.81
13026,21.01.2012 16:00:01,-9.37,-9.37,-7.18,-2.75,0.81
13027,21.01.2012 17:00:01,-8.93,-8.93,-7.06,-2.75,0.81
13028,21.01.2012 18:00:01,-8.75,-8.81,-7,-2.75,0.81
13029,21.01.2012 19:00:01,-8.75,-8.87,-6.87,-2.81,0.81
13030,21.01.2012 20:00:01,-8.81,-9,-6.81,-2.81,0.81,3.415
13031,21.01.2012 21:00:01,-8.93,-9.12,-6.75,-2.81,0.81
13032,21.01.2012 22:00:01,-9.06,-9.25,-6.68,-2.81,0.81
13033,21.01.2012 23:00:01,-9.12,-9.37,-6.68,-2.81,0.81
13034,22.01.2012 00:00:01,-9.25,-9.43,-6.68,-2.87,0.81
13035,22.01.2012 01:00:01,-9.31,-9.5,-6.68,-2.87,0.81
13036,22.01.2012 02:00:01,-9.37,-9.56,-6.62,-2.87,0.81,3.406
13037,22.01.2012 03:00:01,-9.43,-9.68,-6.62,-2.87,0.81
13038,22.01.2012 04:00:01,-9.5,-9.75,-6.62,-2.87,0.81
13039,22.01.2012 05:00:01,-9.62,-9.81,-6.68,-2.87,0.81
13040,22.01.2012 06:00:01,-9.68,-9.93,-6.68,-2.87,0.81
13041,22.01.2012 07:00:01,-9.75,-9.93,-6.68,-2.87,0.81
13042,22.01.2012 08:00:01,-9.75,-10,-6.68,-2.87,0.81,3.404
13043,22.01.2012 09:00:01,-9.75,-9.93,-6.75,-2.87,0.81
13044,22.01.2012 10:00:01,-9.75,-9.93,-6.75,-2.93,0.75
13045,22.01.2012 11:00:01,-9.68,-9.87,-6.75,-2.93,0.81
13046,22.01.2012 12:00:01,-9.56,-9.62,-6.75,-2.93,0.81
13047,22.01.2012 13:00:01,-9.18,-9.25,-6.75,-2.93,0.81
13048,22.01.2012 14:00:01,-8.68,-8.68,-6.75,-2.93,0.81,3.412
13049,22.01.2012 15:00:01,-8.18,-8.12,-6.62,-2.93,0.81
13050,22.01.2012 16:00:01,-7.75,-7.68,-6.56,-2.93,0.81
13051,22.01.2012 17:00:01,-7.37,-7.31,-6.43,-2.93,0.81
13052,22.01.2012 18:00:01,-7.18,-7.18,-6.37,-2.93,0.81
13053,22.01.2012 19:00:01,-7.18,-7.18,-6.25,-2.93,0.75
13054,22.01.2012 20:00:01,-7.25,-7.31,-6.18,-2.93,0.75,3.427
13055,22.01.2012 21:00:01,-7.37,-7.5,-6.12,-2.93,0.75
13056,22.01.2012 22:00:01,-7.5,-7.68,-6.06,-2.93,0.75
13057,22.01.2012 23:00:01,-7.68,-7.87,-6.06,-2.93,0.75
13058,23.01.2012 00:00:01,-7.87,-8.06,-6,-2.93,0.81
13059,23.01.2012 01:00:01,-7.93,-8.18,-6,-2.93,0.75
13060,23.01.2012 02:00:01,-8.12,-8.31,-6,-2.93,0.75,3.420
13061,23.01.2012 03:00:01,-8.18,-8.43,-6,-2.93,0.75
13062,23.01.2012 04:00:01,-8.31,-8.5,-6,-2.93,0.75
13063,23.01.2012 05:00:01,-8.37,-8.56,-6,-2.93,0.75
13064,23.01.2012 06:00:01,-8.43,-8.62,-6,-2.93,0.75
13065,23.01.2012 07:00:01,-8.5,-8.75,-6,-2.93,0.75
13066,23.01.2012 08:00:01,-8.56,-8.81,-6.06,-2.93,0.75,3.420
13067,23.01.2012 09:00:01,-8.68,-8.93,-6.12,-2.93,0.75
13068,23.01.2012 10:00:01,-8.75,-8.93,-6.12,-2.93,0.75
13069,23.01.2012 11:00:01,-8.68,-8.87,-6.12,-2.93,0.75
13070,23.01.2012 12:00:01,-8.56,-8.68,-6.12,-2.93,0.75
13071,23.01.2012 13:00:01,-8.31,-8.43,-6.12,-2.93,0.75
13072,23.01.2012 14:00:01,-8.06,-8.06,-6.12,-2.93,0.75,3.421
13073,23.01.2012 15:00:01,-7.62,-7.68,-6.06,-2.93,0.75
13074,23.01.2012 16:00:01,-7.43,-7.37,-6.06,-2.93,0.75
13075,23.01.2012 17:00:01,-7.18,-7.18,-6,-2.93,0.68
13076,23.01.2012 18:00:01,-7.06,-7.06,-5.93,-2.93,0.75
13077,23.01.2012 19:00:01,-7.06,-7.12,-5.87,-2.93,0.75
13078,23.01.2012 20:00:01,-7.12,-7.25,-5.81,-2.93,0.75,3.427
13079,23.01.2012 21:00:01,-7.31,-7.43,-5.75,-2.93,0.68
13080,23.01.2012 22:00:01,-7.43,-7.56,-5.75,-2.93,0.68
13081,23.01.2012 23:00:01,-7.5,-7.68,-5.75,-2.93,0.68
13082,24.01.2012 00:00:01,-7.62,-7.81,-5.75,-2.93,0.68
13083,24.01.2012 01:00:01,-7.68,-7.87,-5.75,-2.93,0.68
13084,24.01.2012 02:00:01,-7.81,-8.06,-5.75,-2.93,0.68,3.422
13085,24.01.2012 03:00:01,-8,-8.18,-5.68,-2.93,0.68
13086,24.01.2012 04:00:01,-8.12,-8.37,-5.75,-2.93,0.68
13087,24.01.2012 05:00:01,-8.31,-8.56,-5.81,-2.93,0.68
13088,24.01.2012 06:00:01,-8.5,-8.68,-5.81,-2.93,0.68
13089,24.01.2012 07:00:01,-8.56,-8.87,-5.87,-2.93,0.68
13090,24.01.2012 08:00:01,-8.75,-9,-5.87,-2.93,0.68,3.413
13091,24.01.2012 09:00:01,-8.87,-9.12,-5.93,-2.93,0.68
13092,24.01.2012 10:00:01,-9,-9.25,-6,-2.93,0.68
13093,24.01.2012 11:00:01,-9.06,-9.25,-6,-2.93,0.68
13094,24.01.2012 12:00:01,-8.87,-9.06,-6.06,-2.93,0.68
13095,24.01.2012 13:00:01,-8.5,-8.56,-6.12,-2.93,0.68
13096,24.01.2012 14:00:01,-7.93,-7.87,-6.12,-2.93,0.68,3.418
13097,24.01.2012 15:00:01,-7.37,-7.25,-6.06,-2.93,0.68
13098,24.01.2012 16:00:01,-6.87,-6.75,-6,-2.93,0.68
13099,24.01.2012 17:00:01,-6.5,-6.43,-5.87,-2.93,0.68
13100,24.01.2012 18:00:01,-6.31,-6.31,-5.75,-2.93,0.68
13101,24.01.2012 19:00:01,-6.31,-6.37,-5.68,-2.93,0.68
13102,24.01.2012 20:00:01,-6.43,-6.62,-5.62,-2.93,0.68,3.439
13103,24.01.2012 21:00:01,-6.68,-6.87,-5.56,-2.93,0.68
13104,24.01.2012 22:00:01,-6.87,-7.12,-5.5,-2.93,0.62
13105,24.01.2012 23:00:01,-7.06,-7.31,-5.5,-2.93,0.68
13106,25.01.2012 00:00:01,-7.18,-7.5,-5.5,-2.93,0.62
13107,25.01.2012 01:00:01,-7.37,-7.68,-5.5,-2.93,0.68
13108,25.01.2012 02:00:01,-7.56,-7.87,-5.5,-2.93,0.62,3.425
13109,25.01.2012 03:00:01,-7.81,-8.06,-5.56,-2.93,0.68
13110,25.01.2012 04:00:01,-7.93,-8.25,-5.56,-2.93,0.62
13111,25.01.2012 05:00:01,-8.06,-8.37,-5.56,-2.93,0.62
13112,25.01.2012 06:00:01,-8.18,-8.5,-5.62,-2.93,0.62
13113,25.01.2012 07:00:01,-8.31,-8.62,-5.68,-2.93,0.62
13114,25.01.2012 08:00:01,-8.43,-8.68,-5.75,-2.93,0.62,3.422
13115,25.01.2012 09:00:01,-8.5,-8.81,-5.75,-2.93,0.62
13116,25.01.2012 10:00:01,-8.62,-8.93,-5.81,-2.93,0.62
13117,25.01.2012 11:00:01,-8.68,-8.93,-5.87,-2.93,0.62
13118,25.01.2012 12:00:01,-8.56,-8.68,-5.87,-2.93,0.62
13119,25.01.2012 13:00:01,-8.18,-8.25,-5.93,-2.93,0.62
13120,25.01.2012 14:00:01,-7.68,-7.62,-5.93,-2.93,0.62,3.426
13121,25.01.2012 15:00:01,-7.06,-7,-5.87,-2.93,0.62
13122,25.01.2012 16:00:01,-6.62,-6.5,-5.81,-2.93,0.62
13123,25.01.2012 17:00:01,-6.18,-6.12,-5.75,-2.93,0.62
13124,25.01.2012 18:00:01,-5.93,-6,-5.62,-3,0.62
13125,25.01.2012 19:00:01,-5.93,-6.12,-5.5,-3,0.62
13126,25.01.2012 20:00:01,-6.18,-6.37,-5.43,-2.93,0.62,3.436
13127,25.01.2012 21:00:01,-6.43,-6.68,-5.37,-3,0.62
13128,25.01.2012 22:00:01,-6.68,-7,-5.37,-2.93,0.62
13129,25.01.2012 23:00:01,-6.93,-7.31,-5.37,-2.93,0.62
13130,26.01.2012 00:00:01,-7.18,-7.56,-5.37,-2.93,0.62
13131,26.01.2012 01:00:01,-7.5,-7.81,-5.37,-2.93,0.62
13132,26.01.2012 02:00:01,-7.68,-8.06,-5.43,-2.93,0.62,3.429
13133,26.01.2012 03:00:01,-7.87,-8.25,-5.43,-2.93,0.62
13134,26.01.2012 04:00:01,-8.06,-8.43,-5.5,-2.93,0.56
13135,26.01.2012 05:00:01,-8.25,-8.62,-5.56,-2.93,0.56
13136,26.01.2012 06:00:01,-8.43,-8.75,-5.62,-2.93,0.56
13137,26.01.2012 07:00:01,-8.56,-8.87,-5.68,-2.93,0.56
13138,26.01.2012 08:00:01,-8.68,-9,-5.75,-2.93,0.62,3.415
13139,26.01.2012 09:00:01,-8.75,-9.12,-5.81,-2.93,0.56
13140,26.01.2012 10:00:01,-8.81,-9.12,-5.81,-2.93,0.56
13141,26.01.2012 11:00:01,-8.81,-9,-5.87,-2.93,0.56
13142,26.01.2012 12:00:01,-8.62,-8.81,-5.93,-2.93,0.56
13143,26.01.2012 13:00:01,-8.31,-8.43,-5.93,-3,0.56
13144,26.01.2012 14:00:01,-8.06,-8.06,-6,-2.93,0.56,3.423
13145,26.01.2012 15:00:01,-7.68,-7.68,-5.93,-2.93,0.56
13146,26.01.2012 16:00:01,-7.37,-7.37,-5.93,-2.93,0.56
13147,26.01.2012 17:00:01,-7.06,-7.06,-5.87,-3,0.56
13148,26.01.2012 18:00:01,-6.93,-6.93,-5.81,-3,0.62
13149,26.01.2012 19:00:01,-6.93,-7,-5.75,-3,0.56
13150,26.01.2012 20:00:01,-7,-7.12,-5.68,-3,0.56,3.429
13151,26.01.2012 21:00:01,-7.12,-7.25,-5.62,-3,0.56
13152,26.01.2012 22:00:01,-7.25,-7.43,-5.62,-3,0.56
13153,26.01.2012 23:00:01,-7.5,-7.68,-5.62,-3,0.56
13154,27.01.2012 00:00:01,-7.62,-7.87,-5.62,-3,0.56
13155,27.01.2012 01:00:01,-7.81,-8.06,-5.62,-3,0.56
13156,27.01.2012 02:00:01,-7.93,-8.18,-5.62,-3,0.56,3.422
13157,27.01.2012 03:00:01,-8.06,-8.25,-5.68,-3,0.56
13158,27.01.2012 04:00:01,-8.18,-8.43,-5.75,-3,0.56
13159,27.01.2012 05:00:01,-8.31,-8.56,-5.75,-3,0.56
13160,27.01.2012 06:00:01,-8.43,-8.68,-5.81,-3,0.56
13161,27.01.2012 07:00:01,-8.5,-8.81,-5.81,-3,0.56
13162,27.01.2012 08:00:01,-8.62,-8.93,-5.87,-3,0.56,3.415
13163,27.01.2012 09:00:01,-8.81,-9.12,-5.93,-3,0.56
13164,27.01.2012 10:00:01,-8.93,-9.25,-6,-3,0.56
13165,27.01.2012 11:00:01,-9,-9.31,-6,-3,0.56
13166,27.01.2012 12:00:01,-8.93,-9.12,-6.06,-3,0.5
13167,27.01.2012 13:00:01,-8.62,-8.75,-6.06,-3.06,0.5
13168,27.01.2012 14:00:01,-8.12,-8.12,-6.12,-3.06,0.5,3.422
13169,27.01.2012 15:00:01,-7.56,-7.56,-6.06,-3.06,0.5
13170,27.01.2012 16:00:01,-7.18,-7.12,-6,-3.06,0.5
13171,27.01.2012 17:00:01,-6.93,-6.87,-5.93,-3.06,0.5
13172,27.01.2012 18:00:01,-6.81,-6.81,-5.87,-3.06,0.56
13173,27.01.2012 19:00:01,-6.81,-7,-5.81,-3.06,0.5
13174,27.01.2012 20:00:01,-7.12,-7.25,-5.75,-3.06,0.5,3.433
13175,27.01.2012 21:00:01,-7.37,-7.68,-5.75,-3.06,0.5
13176,27.01.2012 22:00:01,-7.68,-8,-5.68,-3.06,0.5
13177,27.01.2012 23:00:01,-8,-8.25,-5.75,-3.06,0.5
13178,28.01.2012 00:00:01,-8.18,-8.56,-5.75,-3.06,0.5
13179,28.01.2012 01:00:01,-8.5,-8.81,-5.75,-3.06,0.5
13180,28.01.2012 02:00:01,-8.75,-9.06,-5.87,-3.12,0.5,3.420
13181,28.01.2012 03:00:01,-9,-9.37,-5.87,-3.06,0.5
13182,28.01.2012 04:00:01,-9.18,-9.56,-6,-3.06,0.5
13183,28.01.2012 05:00:01,-9.37,-9.81,-6.06,-3.12,0.5
13184,28.01.2012 06:00:01,-9.62,-10,-6.12,-3.12,0.5
13185,28.01.2012 07:00:01,-9.81,-10.18,-6.18,-3.12,0.5
13186,28.01.2012 08:00:01,-10,-10.43,-6.31,-3.12,0.5,3.402
13187,28.01.2012 09:00:01,-10.18,-10.62,-6.37,-3.12,0.5
13188,28.01.2012 10:00:01,-10.37,-10.75,-6.5,-3.12,0.5
13189,28.01.2012 11:00:01,-10.37,-10.75,-6.56,-3.12,0.5
13190,28.01.2012 12:00:01,-10.18,-10.37,-6.62,-3.12,0.5
13191,28.01.2012 13:00:01,-9.68,-9.81,-6.68,-3.12,0.43
13192,28.01.2012 14:00:01,-9.06,-9.06,-6.68,-3.18,0.5,3.411
13193,28.01.2012 15:00:01,-8.5,-8.43,-6.62,-3.18,0.5
13194,28.01.2012 16:00:01,-8,-8,-6.56,-3.18,0.5
13195,28.01.2012 17:00:01,-7.75,-7.75,-6.5,-3.18,0.5
13196,28.01.2012 18:00:01,-7.56,-7.62,-6.37,-3.18,0.5
13197,28.01.2012 19:00:01,-7.62,-7.68,-6.31,-3.18,0.43
13198,28.01.2012 20:00:01,-7.75,-7.93,-6.25,-3.25,0.43,3.424
13199,28.01.2012 21:00:01,-7.93,-8.12,-6.18,-3.25,0.43
13200,28.01.2012 22:00:01,-8.06,-8.25,-6.18,-3.25,0.43
13201,28.01.2012 23:00:01,-8.12,-8.37,-6.18,-3.25,0.5
13202,29.01.2012 00:00:01,-8.25,-8.43,-6.18,-3.25,0.43
13203,29.01.2012 01:00:01,-8.31,-8.5,-6.18,-3.25,0.43
13204,29.01.2012 02:00:01,-8.37,-8.56,-6.18,-3.25,0.43,3.421
13205,29.01.2012 03:00:01,-8.37,-8.62,-6.18,-3.25,0.43
13206,29.01.2012 04:00:01,-8.43,-8.62,-6.18,-3.25,0.43
13207,29.01.2012 05:00:01,-8.5,-8.62,-6.18,-3.25,0.43
13208,29.01.2012 06:00:01,-8.56,-8.75,-6.18,-3.25,0.43
13209,29.01.2012 07:00:01,-8.56,-8.75,-6.25,-3.25,0.43
13210,29.01.2012 08:00:01,-8.62,-8.81,-6.25,-3.25,0.43,3.415
13211,29.01.2012 09:00:01,-8.68,-8.87,-6.25,-3.31,0.43
13212,29.01.2012 10:00:01,-8.75,-8.93,-6.25,-3.25,0.43
13213,29.01.2012 11:00:01,-8.68,-8.81,-6.25,-3.31,0.43
13214,29.01.2012 12:00:01,-8.5,-8.62,-6.31,-3.25,0.43
13215,29.01.2012 13:00:01,-8.25,-8.31,-6.31,-3.31,0.43
13216,29.01.2012 14:00:01,-7.93,-7.93,-6.25,-3.31,0.43,3.423
13217,29.01.2012 15:00:01,-7.62,-7.56,-6.25,-3.31,0.43
13218,29.01.2012 16:00:01,-7.31,-7.31,-6.18,-3.31,0.43
13219,29.01.2012 17:00:01,-7.12,-7.06,-6.06,-3.31,0.43
13220,29.01.2012 18:00:01,-7,-6.93,-6.06,-3.31,0.43
13221,29.01.2012 19:00:01,-6.93,-6.87,-6,-3.31,0.43
13222,29.01.2012 20:00:01,-6.93,-6.93,-5.87,-3.31,0.43,3.429
13223,29.01.2012 21:00:01,-6.93,-6.93,-5.87,-3.31,0.43
13224,29.01.2012 22:00:01,-6.87,-6.93,-5.81,-3.31,0.43
13225,29.01.2012 23:00:01,-6.93,-7,-5.81,-3.31,0.43
13226,30.01.2012 00:00:01,-6.87,-7,-5.75,-3.31,0.43
13227,30.01.2012 01:00:01,-6.93,-7,-5.68,-3.31,0.43
13228,30.01.2012 02:00:01,-7,-7,-5.68,-3.31,0.37,3.429
13229,30.01.2012 03:00:01,-6.93,-7.06,-5.62,-3.31,0.37
13230,30.01.2012 04:00:01,-7,-7.06,-5.62,-3.31,0.43
13231,30.01.2012 05:00:01,-7,-7.12,-5.62,-3.31,0.43
13232,30.01.2012 06:00:01,-7.12,-7.18,-5.62,-3.31,0.43
13233,30.01.2012 07:00:01,-7.12,-7.25,-5.62,-3.25,0.37
13234,30.01.2012 08:00:01,-7.18,-7.31,-5.62,-3.25,0.43,3.430
13235,30.01.2012 09:00:01,-7.18,-7.31,-5.56,-3.25,0.43
13236,30.01.2012 10:00:01,-7.18,-7.31,-5.62,-3.31,0.37
13237,30.01.2012 11:00:01,-7.25,-7.31,-5.62,-3.31,0.37
13238,30.01.2012 12:00:01,-7.12,-7.18,-5.62,-3.25,0.37
13239,30.01.2012 13:00:01,-6.93,-7,-5.56,-3.25,0.37
13240,30.01.2012 14:00:01,-6.81,-6.81,-5.56,-3.31,0.37,3.431
13241,30.01.2012 15:00:01,-6.56,-6.56,-5.5,-3.25,0.37
13242,30.01.2012 16:00:01,-6.37,-6.37,-5.5,-3.25,0.37
13243,30.01.2012 17:00:01,-6.25,-6.25,-5.43,-3.25,0.37
13244,30.01.2012 18:00:01,-6.12,-6.12,-5.37,-3.25,0.37
13245,30.01.2012 19:00:01,-6.06,-6.06,-5.37,-3.25,0.37
13246,30.01.2012 20:00:01,-6.06,-6.12,-5.31,-3.25,0.37,3.436
13247,30.01.2012 21:00:01,-6.12,-6.18,-5.25,-3.25,0.37
13248,30.01.2012 22:00:01,-6.18,-6.25,-5.25,-3.25,0.37
13249,30.01.2012 23:00:01,-6.31,-6.37,-5.18,-3.25,0.37
13250,31.01.2012 00:00:01,-6.37,-6.43,-5.18,-3.25,0.37
13251,31.01.2012 01:00:01,-6.43,-6.56,-5.18,-3.25,0.37
13252,31.01.2012 02:00:01,-6.56,-6.62,-5.18,-3.25,0.37,3.440
13253,31.01.2012 03:00:01,-6.56,-6.68,-5.18,-3.18,0.37
13254,31.01.2012 04:00:01,-6.62,-6.68,-5.18,-3.18,0.37
13255,31.01.2012 05:00:01,-6.62,-6.75,-5.18,-3.18,0.37
13256,31.01.2012 06:00:01,-6.68,-6.81,-5.18,-3.18,0.37
13257,31.01.2012 07:00:01,-6.68,-6.81,-5.25,-3.18,0.37
13258,31.01.2012 08:00:01,-6.75,-6.87,-5.18,-3.18,0.37,3.436
13259,31.01.2012 09:00:01,-6.81,-6.93,-5.25,-3.18,0.37
13260,31.01.2012 10:00:01,-6.87,-7,-5.25,-3.18,0.37
13261,31.01.2012 11:00:01,-6.87,-7,-5.25,-3.12,0.37
13262,31.01.2012 12:00:01,-6.81,-6.93,-5.25,-3.18,0.37
13263,31.01.2012 13:00:01,-6.68,-6.75,-5.25,-3.18,0.31
13264,31.01.2012 14:00:01,-6.5,-6.56,-5.25,-3.18,0.31,3.435
13265,31.01.2012 15:00:01,-6.31,-6.31,-5.25,-3.12,0.37
13266,31.01.2012 16:00:01,-6.12,-6.12,-5.18,-3.18,0.31
13267,31.01.2012 17:00:01,-6,-6,-5.18,-3.12,0.31
13268,31.01.2012 18:00:01,-5.93,-5.93,-5.12,-3.12,0.31
13269,31.01.2012 19:00:01,-5.93,-5.93,-5.12,-3.12,0.31
13270,31.01.2012 20:00:01,-6,-6.06,-5.06,-3.12,0.31,3.439
13271,31.01.2012 21:00:01,-6.12,-6.18,-5,-3.12,0.31
13272,31.01.2012 22:00:01,-6.25,-6.37,-5.06,-3.12,0.31
13273,31.01.2012 23:00:01,-6.37,-6.56,-5,-3.12,0.31
13274,01.02.2012 00:00:01,-6.56,-6.75,-5,-3.12,0.31
13275,01.02.2012 01:00:01,-6.75,-6.93,-5,-3.12,0.31
13276,01.02.2012 02:00:01,-6.93,-7.06,-5.06,-3.12,0.31,3.433
13277,01.02.2012 03:00:01,-7.06,-7.25,-5.06,-3.12,0.31
13278,01.02.2012 04:00:01,-7.18,-7.37,-5.12,-3.12,0.31
13279,01.02.2012 05:00:01,-7.31,-7.5,-5.18,-3.12,0.31
13280,01.02.2012 06:00:01,-7.43,-7.62,-5.25,-3.12,0.31
13281,01.02.2012 07:00:01,-7.5,-7.75,-5.25,-3.12,0.31
13282,01.02.2012 08:00:01,-7.62,-7.87,-5.31,-3.12,0.31,3.424
13283,01.02.2012 09:00:01,-7.75,-7.93,-5.37,-3.12,0.31
13284,01.02.2012 10:00:01,-7.81,-8.06,-5.37,-3.12,0.31
13285,01.02.2012 11:00:01,-7.87,-8,-5.43,-3.12,0.31
13286,01.02.2012 12:00:01,-7.75,-7.87,-5.5,-3.12,0.31
13287,01.02.2012 13:00:01,-7.56,-7.62,-5.5,-3.12,0.25
13288,01.02.2012 14:00:01,-7.18,-7.18,-5.5,-3.12,0.31,3.431
13289,01.02.2012 15:00:01,-6.75,-6.75,-5.5,-3.12,0.31
13290,01.02.2012 16:00:01,-6.31,-6.25,-5.43,-3.12,0.31
13291,01.02.2012 17:00:01,-5.93,-5.87,-5.37,-3.12,0.31
13292,01.02.2012 18:00:01,-5.68,-5.62,-5.31,-3.12,0.31
13293,01.02.2012 19:00:01,-5.56,-5.62,-5.25,-3.12,0.25
13294,01.02.2012 20:00:01,-5.68,-5.75,-5.12,-3.12,0.31,3.443
13295,01.02.2012 21:00:01,-5.87,-5.93,-5.12,-3.12,0.31
13296,01.02.2012 22:00:01,-6.06,-6.18,-5.06,-3.12,0.31
13297,01.02.2012 23:00:01,-6.18,-6.37,-5.06,-3.12,0.31
13298,02.02.2012 00:00:01,-6.43,-6.62,-5.06,-3.12,0.31
13299,02.02.2012 01:00:01,-6.62,-6.75,-5.06,-3.12,0.31
13300,02.02.2012 02:00:01,-6.75,-6.93,-5.06,-3.12,0.31,3.439
13301,02.02.2012 03:00:01,-6.81,-7.06,-5.12,-3.12,0.25
13302,02.02.2012 04:00:01,-6.93,-7.06,-5.12,-3.12,0.25
13303,02.02.2012 05:00:01,-7,-7.18,-5.12,-3.12,0.25
13304,02.02.2012 06:00:01,-7.06,-7.25,-5.18,-3.12,0.25
13305,02.02.2012 07:00:01,-7.12,-7.31,-5.25,-3.12,0.25
13306,02.02.2012 08:00:01,-7.25,-7.37,-5.25,-3.12,0.25,3.435
13307,02.02.2012 09:00:01,-7.31,-7.5,-5.25,-3.12,0.25
13308,02.02.2012 10:00:01,-7.37,-7.5,-5.31,-3.12,0.25
13309,02.02.2012 11:00:01,-7.31,-7.5,-5.31,-3.12,0.25
13310,02.02.2012 12:00:01,-7.12,-7.25,-5.37,-3.12,0.25
13311,02.02.2012 13:00:01,-6.87,-6.87,-5.37,-3.12,0.25
13312,02.02.2012 14:00:01,-6.56,-6.5,-5.37,-3.12,0.31,3.434
13313,02.02.2012 15:00:01,-6.12,-6.06,-5.31,-3.12,0.25
13314,02.02.2012 16:00:01,-5.75,-5.68,-5.25,-3.12,0.25
13315,02.02.2012 17:00:01,-5.5,-5.37,-5.18,-3.12,0.25
13316,02.02.2012 18:00:01,-5.37,-5.25,-5.06,-3.12,0.25
13317,02.02.2012 19:00:01,-5.25,-5.12,-5,-3.12,0.25
13318,02.02.2012 20:00:01,-5.25,-5.12,-4.93,-3.12,0.25,3.451
13319,02.02.2012 21:00:01,-5.25,-5.25,-4.87,-3.12,0.25
13320,02.02.2012 22:00:01,-5.31,-5.31,-4.81,-3.12,0.25
13321,02.02.2012 23:00:01,-5.37,-5.5,-4.75,-3.12,0.25
13322,03.02.2012 00:00:01,-5.5,-5.56,-4.75,-3.12,0.25
13323,03.02.2012 01:00:01,-5.62,-5.68,-4.75,-3.12,0.25
13324,03.02.2012 02:00:01,-5.75,-5.87,-4.68,-3.12,0.18,3.444
13325,03.02.2012 03:00:01,-5.87,-6,-4.68,-3.06,0.25
13326,03.02.2012 04:00:01,-6,-6.12,-4.75,-3.12,0.25
13327,03.02.2012 05:00:01,-6.12,-6.25,-4.75,-3.12,0.25
13328,03.02.2012 06:00:01,-6.25,-6.43,-4.75,-3.06,0.25
13329,03.02.2012 07:00:01,-6.37,-6.56,-4.75,-3.06,0.25
13330,03.02.2012 08:00:01,-6.5,-6.68,-4.81,-3.06,0.18,3.440
13331,03.02.2012 09:00:01,-6.62,-6.81,-4.81,-3.06,0.25
13332,03.02.2012 10:00:01,-6.68,-6.87,-4.87,-3.06,0.18
13333,03.02.2012 11:00:01,-6.62,-6.81,-4.93,-3.06,0.18
13334,03.02.2012 12:00:01,-6.62,-6.75,-4.93,-3.06,0.18
13335,03.02.2012 13:00:01,-6.37,-6.43,-4.93,-3.06,0.18
13336,03.02.2012 14:00:01,-6.06,-6,-4.93,-3.06,0.25,3.438
13337,03.02.2012 15:00:01,-5.68,-5.62,-4.93,-3.06,0.18
13338,03.02.2012 16:00:01,-5.31,-5.25,-4.87,-3.06,0.25
13339,03.02.2012 17:00:01,-5,-4.93,-4.81,-3.06,0.25
13340,03.02.2012 18:00:01,-4.81,-4.75,-4.75,-3.06,0.18
13341,03.02.2012 19:00:01,-4.68,-4.62,-4.68,-3.06,0.18
13342,03.02.2012 20:00:01,-4.68,-4.68,-4.62,-3,0.25,3.451
13343,03.02.2012 21:00:01,-4.75,-4.81,-4.56,-3.06,0.18
13344,03.02.2012 22:00:01,-4.87,-4.93,-4.5,-3,0.18
13345,03.02.2012 23:00:01,-4.93,-5.06,-4.5,-3.06,0.18
13346,04.02.2012 00:00:01,-5.06,-5.12,-4.43,-3,0.18
13347,04.02.2012 01:00:01,-5.12,-5.25,-4.43,-3,0.18
13348,04.02.2012 02:00:01,-5.25,-5.31,-4.43,-3,0.18,3.448
13349,04.02.2012 03:00:01,-5.31,-5.37,-4.37,-3,0.18
13350,04.02.2012 04:00:01,-5.37,-5.5,-4.37,-3,0.18
13351,04.02.2012 05:00:01,-5.43,-5.5,-4.43,-3,0.18
13352,04.02.2012 06:00:01,-5.43,-5.56,-4.43,-3,0.18
13353,04.02.2012 07:00:01,-5.5,-5.62,-4.43,-2.93,0.18
13354,04.02.2012 08:00:01,-5.5,-5.62,-4.43,-2.93,0.18,3.448
13355,04.02.2012 09:00:01,-5.56,-5.62,-4.43,-3,0.18
13356,04.02.2012 10:00:01,-5.56,-5.68,-4.43,-2.93,0.18
13357,04.02.2012 11:00:01,-5.62,-5.68,-4.43,-2.93,0.18
13358,04.02.2012 12:00:01,-5.56,-5.62,-4.5,-2.93,0.18
13359,04.02.2012 13:00:01,-5.43,-5.5,-4.43,-2.93,0.18
13360,04.02.2012 14:00:01,-5.31,-5.31,-4.43,-2.93,0.18,3.449
13361,04.02.2012 15:00:01,-5.12,-5.12,-4.43,-2.93,0.18
13362,04.02.2012 16:00:01,-4.93,-4.87,-4.43,-2.93,0.18
13363,04.02.2012 17:00:01,-4.75,-4.68,-4.37,-2.93,0.18
13364,04.02.2012 18:00:01,-4.62,-4.56,-4.31,-2.93,0.18
13365,04.02.2012 19:00:01,-4.5,-4.5,-4.31,-2.93,0.18
13366,04.02.2012 20:00:01,-4.56,-4.56,-4.25,-2.93,0.18,3.457
13367,04.02.2012 21:00:01,-4.62,-4.62,-4.25,-2.87,0.18
13368,04.02.2012 22:00:01,-4.68,-4.81,-4.18,-2.93,0.12
13369,04.02.2012 23:00:01,-4.81,-4.93,-4.18,-2.87,0.18
13370,05.02.2012 00:00:01,-4.87,-5.06,-4.18,-2.87,0.18
13371,05.02.2012 01:00:01,-5,-5.12,-4.18,-2.87,0.18
13372,05.02.2012 02:00:01,-5.06,-5.18,-4.18,-2.87,0.18,3.449
13373,05.02.2012 03:00:01,-5.18,-5.31,-4.18,-2.87,0.12
13374,05.02.2012 04:00:01,-5.25,-5.43,-4.18,-2.87,0.12
13375,05.02.2012 05:00:01,-5.31,-5.5,-4.18,-2.81,0.18
13376,05.02.2012 06:00:01,-5.43,-5.62,-4.18,-2.87,0.12
13377,05.02.2012 07:00:01,-5.56,-5.75,-4.25,-2.87,0.12
13378,05.02.2012 08:00:01,-5.62,-5.81,-4.25,-2.81,0.12,3.448
13379,05.02.2012 09:00:01,-5.68,-5.87,-4.25,-2.81,0.12
13380,05.02.2012 10:00:01,-5.75,-5.93,-4.31,-2.81,0.18
13381,05.02.2012 11:00:01,-5.81,-5.93,-4.37,-2.81,0.12
13382,05.02.2012 12:00:01,-5.75,-5.87,-4.37,-2.81,0.12
13383,05.02.2012 13:00:01,-5.56,-5.56,-4.37,-2.81,0.12
13384,05.02.2012 14:00:01,-5.31,-5.31,-4.37,-2.81,0.12,3.448
13385,05.02.2012 15:00:01,-5.12,-5.06,-4.31,-2.81,0.12
13386,05.02.2012 16:00:01,-4.93,-4.87,-4.31,-2.81,0.12
13387,05.02.2012 17:00:01,-4.81,-4.68,-4.25,-2.81,0.12
13388,05.02.2012 18:00:01,-4.75,-4.62,-4.25,-2.81,0.12
13389,05.02.2012 19:00:01,-4.68,-4.62,-4.18,-2.81,0.12
13390,05.02.2012 20:00:01,-4.68,-4.68,-4.18,-2.81,0.12,3.457
13391,05.02.2012 21:00:01,-4.81,-4.81,-4.12,-2.81,0.12
13392,05.02.2012 22:00:01,-4.87,-4.93,-4.12,-2.81,0.12
13393,05.02.2012 23:00:01,-4.93,-5,-4.12,-2.81,0.12
13394,06.02.2012 00:00:01,-5.06,-5.12,-4.12,-2.81,0.12
13395,06.02.2012 01:00:01,-5.18,-5.31,-4.12,-2.81,0.12
13396,06.02.2012 02:00:01,-5.25,-5.37,-4.12,-2.75,0.12,3.450
13397,06.02.2012 03:00:01,-5.37,-5.5,-4.12,-2.81,0.12
13398,06.02.2012 04:00:01,-5.43,-5.62,-4.12,-2.75,0.12
13399,06.02.2012 05:00:01,-5.62,-5.75,-4.18,-2.81,0.12
13400,06.02.2012 06:00:01,-5.75,-5.93,-4.25,-2.81,0.12
13401,06.02.2012 07:00:01,-5.87,-6.06,-4.25,-2.75,0.12
13402,06.02.2012 08:00:01,-6,-6.18,-4.31,-2.75,0.12,3.446
13403,06.02.2012 09:00:01,-6.12,-6.37,-4.31,-2.75,0.12
13404,06.02.2012 10:00:01,-6.25,-6.5,-4.37,-2.75,0.06
13405,06.02.2012 11:00:01,-6.37,-6.62,-4.43,-2.75,0.12
13406,06.02.2012 12:00:01,-6.37,-6.56,-4.43,-2.75,0.12
13407,06.02.2012 13:00:01,-6.31,-6.43,-4.5,-2.75,0.12
13408,06.02.2012 14:00:01,-6.18,-6.25,-4.5,-2.75,0.12,3.437
13409,06.02.2012 15:00:01,-5.93,-6,-4.56,-2.75,0.12
13410,06.02.2012 16:00:01,-5.68,-5.68,-4.56,-2.75,0.12
13411,06.02.2012 17:00:01,-5.5,-5.5,-4.5,-2.75,0.06
13412,06.02.2012 18:00:01,-5.37,-5.37,-4.5,-2.75,0.12
13413,06.02.2012 19:00:01,-5.37,-5.31,-4.43,-2.81,0.12
13414,06.02.2012 20:00:01,-5.37,-5.37,-4.43,-2.75,0.12,3.447
13415,06.02.2012 21:00:01,-5.43,-5.5,-4.37,-2.75,0.12
13416,06.02.2012 22:00:01,-5.56,-5.62,-4.37,-2.81,0.06
13417,06.02.2012 23:00:01,-5.62,-5.75,-4.37,-2.75,0.12
13418,07.02.2012 00:00:01,-5.75,-5.93,-4.37,-2.75,0.12
13419,07.02.2012 01:00:01,-5.93,-6.12,-4.43,-2.75,0.06
13420,07.02.2012 02:00:01,-6.06,-6.31,-4.43,-2.81,0.06,3.443
13421,07.02.2012 03:00:01,-6.25,-6.43,-4.5,-2.75,0.06
13422,07.02.2012 04:00:01,-6.37,-6.62,-4.5,-2.75,0.06
13423,07.02.2012 05:00:01,-6.5,-6.75,-4.56,-2.81,0.06
13424,07.02.2012 06:00:01,-6.62,-6.93,-4.56,-2.81,0.06
13425,07.02.2012 07:00:01,-6.75,-7.06,-4.68,-2.81,0.06
13426,07.02.2012 08:00:01,-6.93,-7.25,-4.68,-2.81,0.06,3.433
13427,07.02.2012 09:00:01,-7.06,-7.37,-4.75,-2.81,0.06
13428,07.02.2012 10:00:01,-7.18,-7.5,-4.81,-2.81,0.06
13429,07.02.2012 11:00:01,-7.25,-7.56,-4.87,-2.81,0.06
13430,07.02.2012 12:00:01,-7.18,-7.43,-4.93,-2.81,0.06
13431,07.02.2012 13:00:01,-7.06,-7.18,-4.93,-2.81,0.06
13432,07.02.2012 14:00:01,-6.81,-6.93,-5,-2.81,0.06,3.432
13433,07.02.2012 15:00:01,-6.62,-6.62,-5,-2.81,0.06
13434,07.02.2012 16:00:01,-6.37,-6.31,-5,-2.81,0.06
13435,07.02.2012 17:00:01,-6.18,-6.18,-4.93,-2.87,0.06
13436,07.02.2012 18:00:01,-6.06,-6.06,-4.93,-2.87,0.06
13437,07.02.2012 19:00:01,-6.06,-6.06,-4.87,-2.87,0.06
13438,07.02.2012 20:00:01,-6.06,-6.18,-4.87,-2.87,0.06,3.444
13439,07.02.2012 21:00:01,-6.18,-6.25,-4.81,-2.87,0.06
13440,07.02.2012 22:00:01,-6.31,-6.43,-4.81,-2.87,0.06
13441,07.02.2012 23:00:01,-6.43,-6.56,-4.81,-2.87,0.06
13442,08.02.2012 00:00:01,-6.56,-6.68,-4.81,-2.87,0.06
13443,08.02.2012 01:00:01,-6.62,-6.81,-4.87,-2.87,0.06
13444,08.02.2012 02:00:01,-6.75,-6.87,-4.87,-2.87,0.06,3.438
13445,08.02.2012 03:00:01,-6.75,-6.93,-4.87,-2.93,0.06
13446,08.02.2012 04:00:01,-6.87,-7.06,-4.93,-2.93,0.06
13447,08.02.2012 05:00:01,-6.93,-7.18,-5,-2.93,0.06
13448,08.02.2012 06:00:01,-7.06,-7.37,-5,-2.93,0.06
13449,08.02.2012 07:00:01,-7.25,-7.5,-5.06,-2.93,0.06
13450,08.02.2012 08:00:01,-7.37,-7.62,-5.06,-2.93,0.06,3.429
13451,08.02.2012 09:00:01,-7.5,-7.81,-5.12,-2.93,0.06
13452,08.02.2012 10:00:01,-7.62,-7.93,-5.18,-2.93,0.06
13453,08.02.2012 11:00:01,-7.68,-7.93,-5.25,-2.93,0.06
13454,08.02.2012 12:00:01,-7.62,-7.81,-5.25,-2.93,0.06
13455,08.02.2012 13:00:01,-7.43,-7.5,-5.31,-2.93,0
13456,08.02.2012 14:00:01,-7.06,-7.06,-5.31,-3,0.06,3.429
13457,08.02.2012 15:00:01,-6.68,-6.68,-5.31,-3,0
13458,08.02.2012 16:00:01,-6.31,-6.25,-5.25,-3,0.06
13459,08.02.2012 17:00:01,-6,-5.93,-5.18,-3,0.06
13460,08.02.2012 18:00:01,-5.81,-5.75,-5.12,-3,0
13461,08.02.2012 19:00:01,-5.75,-5.81,-5.06,-3,0.06
13462,08.02.2012 20:00:01,-5.87,-5.93,-5,-3,0,3.440
13463,08.02.2012 21:00:01,-6.06,-6.25,-5,-3,0.06
13464,08.02.2012 22:00:01,-6.31,-6.5,-4.93,-3,0
13465,08.02.2012 23:00:01,-6.56,-6.81,-4.93,-3.06,0.06
13466,09.02.2012 00:00:01,-6.81,-7.12,-5,-3,0.06
13467,09.02.2012 01:00:01,-7.06,-7.37,-5,-3.06,0
13468,09.02.2012 02:00:01,-7.31,-7.68,-5.06,-3.06,0,3.430
13469,09.02.2012 03:00:01,-7.56,-7.93,-5.12,-3.06,0
13470,09.02.2012 04:00:01,-7.75,-8.18,-5.18,-3.06,0
13471,09.02.2012 05:00:01,-8,-8.37,-5.25,-3.06,0
13472,09.02.2012 06:00:01,-8.18,-8.62,-5.37,-3.06,0
13473,09.02.2012 07:00:01,-8.37,-8.81,-5.43,-3.06,0
13474,09.02.2012 08:00:01,-8.56,-9,-5.5,-3.06,0,3.422
13475,09.02.2012 09:00:01,-8.75,-9.18,-5.62,-3.06,0
13476,09.02.2012 10:00:01,-8.87,-9.31,-5.68,-3.06,0
13477,09.02.2012 11:00:01,-8.93,-9.25,-5.81,-3.06,0
13478,09.02.2012 12:00:01,-8.75,-8.93,-5.81,-3.06,0
13479,09.02.2012 13:00:01,-8.43,-8.56,-5.87,-3.06,0
13480,09.02.2012 14:00:01,-8,-8,-5.87,-3.12,0,3.420
13481,09.02.2012 15:00:01,-7.62,-7.56,-5.87,-3.12,0
13482,09.02.2012 16:00:01,-7.25,-7.18,-5.81,-3.12,0
13483,09.02.2012 17:00:01,-6.93,-6.87,-5.81,-3.12,0
13484,09.02.2012 18:00:01,-6.81,-6.75,-5.68,-3.12,0
13485,09.02.2012 19:00:01,-6.68,-6.68,-5.62,-3.18,0
13486,09.02.2012 20:00:01,-6.68,-6.68,-5.62,-3.18,0,3.437
13487,09.02.2012 21:00:01,-6.75,-6.81,-5.56,-3.18,0
13488,09.02.2012 22:00:01,-6.81,-6.87,-5.5,-3.18,0
13489,09.02.2012 23:00:01,-6.81,-6.93,-5.5,-3.18,0
13490,10.02.2012 00:00:01,-6.93,-7.06,-5.43,-3.25,0
13491,10.02.2012 01:00:01,-7.06,-7.18,-5.43,-3.25,0
13492,10.02.2012 02:00:01,-7.18,-7.37,-5.43,-3.25,0,3.434
13493,10.02.2012 03:00:01,-7.37,-7.56,-5.5,-3.25,0
13494,10.02.2012 04:00:01,-7.43,-7.75,-5.43,-3.25,0
13495,10.02.2012 05:00:01,-7.56,-7.87,-5.5,-3.25,0
13496,10.02.2012 06:00:01,-7.68,-8,-5.56,-3.25,0
13497,10.02.2012 07:00:01,-7.81,-8.12,-5.62,-3.25,0
13498,10.02.2012 08:00:01,-7.93,-8.25,-5.62,-3.25,0,3.423
13499,10.02.2012 09:00:01,-8.06,-8.37,-5.68,-3.25,0
13500,10.02.2012 10:00:01,-8.12,-8.37,-5.68,-3.25,0
13501,10.02.2012 11:00:01,-8.12,-8.31,-5.75,-3.25,0
13502,10.02.2012 12:00:01,-7.93,-8.12,-5.81,-3.25,-0.06
13503,10.02.2012 13:00:01,-7.75,-7.81,-5.81,-3.25,0
13504,10.02.2012 14:00:01,-7.5,-7.5,-5.81,-3.25,0,3.429
13505,10.02.2012 15:00:01,-7.12,-7.06,-5.75,-3.25,0
13506,10.02.2012 16:00:01,-6.75,-6.68,-5.75,-3.25,0
13507,10.02.2012 17:00:01,-6.5,-6.43,-5.68,-3.31,0
13508,10.02.2012 18:00:01,-6.37,-6.31,-5.62,-3.31,0
13509,10.02.2012 19:00:01,-6.37,-6.31,-5.5,-3.31,-0.06
13510,10.02.2012 20:00:01,-6.37,-6.37,-5.5,-3.31,0,3.436
13511,10.02.2012 21:00:01,-6.43,-6.5,-5.43,-3.31,0
13512,10.02.2012 22:00:01,-6.56,-6.62,-5.37,-3.31,0
13513,10.02.2012 23:00:01,-6.62,-6.68,-5.37,-3.31,-0.06
13514,11.02.2012 00:00:01,-6.68,-6.75,-5.37,-3.31,-0.06
13515,11.02.2012 01:00:01,-6.75,-6.87,-5.31,-3.31,-0.06
13516,11.02.2012 02:00:01,-6.81,-6.93,-5.31,-3.31,0,3.437
13517,11.02.2012 03:00:01,-6.87,-7,-5.31,-3.31,-0.06
13518,11.02.2012 04:00:01,-6.93,-7.12,-5.31,-3.31,-0.06
13519,11.02.2012 05:00:01,-7.06,-7.18,-5.31,-3.31,-0.06
13520,11.02.2012 06:00:01,-7.12,-7.37,-5.37,-3.31,-0.06
13521,11.02.2012 07:00:01,-7.25,-7.5,-5.37,-3.31,-0.06
13522,11.02.2012 08:00:01,-7.43,-7.62,-5.37,-3.31,-0.06,3.428
13523,11.02.2012 09:00:01,-7.5,-7.75,-5.43,-3.31,-0.06
13524,11.02.2012 10:00:01,-7.62,-7.87,-5.5,-3.25,-0.06
13525,11.02.2012 11:00:01,-7.68,-7.87,-5.5,-3.25,-0.06
13526,11.02.2012 12:00:01,-7.56,-7.68,-5.56,-3.31,-0.06
13527,11.02.2012 13:00:01,-7.37,-7.43,-5.56,-3.31,-0.06
13528,11.02.2012 14:00:01,-7.06,-7.06,-5.56,-3.31,-0.06,3.430
13529,11.02.2012 15:00:01,-6.75,-6.68,-5.56,-3.31,-0.06
13530,11.02.2012 16:00:01,-6.5,-6.37,-5.5,-3.31,-0.06
13531,11.02.2012 17:00:01,-6.25,-6.18,-5.43,-3.31,-0.06
13532,11.02.2012 18:00:01,-6.12,-6.06,-5.37,-3.31,-0.06
13533,11.02.2012 19:00:01,-6.12,-6.12,-5.31,-3.31,-0.06
13534,11.02.2012 20:00:01,-6.25,-6.25,-5.25,-3.31,-0.06,3.437
13535,11.02.2012 21:00:01,-6.31,-6.37,-5.25,-3.31,-0.06
13536,11.02.2012 22:00:01,-6.43,-6.56,-5.25,-3.31,-0.06
13537,11.02.2012 23:00:01,-6.62,-6.75,-5.18,-3.31,-0.06
13538,12.02.2012 00:00:01,-6.68,-6.93,-5.18,-3.31,-0.06
13539,12.02.2012 01:00:01,-6.87,-7.06,-5.18,-3.31,-0.06
13540,12.02.2012 02:00:01,-7,-7.18,-5.25,-3.31,-0.06,3.436
13541,12.02.2012 03:00:01,-7.12,-7.37,-5.25,-3.31,-0.06
13542,12.02.2012 04:00:01,-7.31,-7.56,-5.31,-3.31,-0.06
13543,12.02.2012 05:00:01,-7.5,-7.81,-5.31,-3.31,-0.06
13544,12.02.2012 06:00:01,-7.68,-8.06,-5.37,-3.31,-0.06
13545,12.02.2012 07:00:01,-7.87,-8.25,-5.43,-3.31,-0.06
13546,12.02.2012 08:00:01,-8.06,-8.43,-5.5,-3.31,-0.06,3.425
13547,12.02.2012 09:00:01,-8.25,-8.68,-5.56,-3.31,-0.06
13548,12.02.2012 10:00:01,-8.43,-8.81,-5.62,-3.31,-0.06
13549,12.02.2012 11:00:01,-8.43,-8.75,-5.75,-3.31,-0.06
13550,12.02.2012 12:00:01,-8.31,-8.5,-5.81,-3.31,-0.06
13551,12.02.2012 13:00:01,-8,-8.12,-5.81,-3.31,-0.06
13552,12.02.2012 14:00:01,-7.62,-7.62,-5.81,-3.31,-0.12,3.429
13553,12.02.2012 15:00:01,-7.25,-7.12,-5.81,-3.31,-0.12
13554,12.02.2012 16:00:01,-6.75,-6.68,-5.75,-3.31,-0.06
13555,12.02.2012 17:00:01,-6.37,-6.31,-5.68,-3.37,-0.06
13556,12.02.2012 18:00:01,-6.06,-6.06,-5.62,-3.37,-0.06
13557,12.02.2012 19:00:01,-6.06,-6.06,-5.56,-3.37,-0.12
13558,12.02.2012 20:00:01,-6.18,-6.31,-5.43,-3.37,-0.12,3.437
13559,12.02.2012 21:00:01,-6.37,-6.62,-5.43,-3.37,-0.12
13560,12.02.2012 22:00:01,-6.62,-7,-5.37,-3.37,-0.12
13561,12.02.2012 23:00:01,-6.93,-7.31,-5.37,-3.37,-0.12
13562,13.02.2012 00:00:01,-7.25,-7.62,-5.37,-3.37,-0.12
13563,13.02.2012 01:00:01,-7.5,-7.87,-5.43,-3.37,-0.12
13564,13.02.2012 02:00:01,-7.75,-8.12,-5.5,-3.37,-0.12,3.430
13565,13.02.2012 03:00:01,-8,-8.43,-5.56,-3.37,-0.12
13566,13.02.2012 04:00:01,-8.18,-8.62,-5.62,-3.37,-0.12
13567,13.02.2012 05:00:01,-8.43,-8.87,-5.68,-3.37,-0.12
13568,13.02.2012 06:00:01,-8.62,-9.06,-5.75,-3.37,-0.12
13569,13.02.2012 07:00:01,-8.81,-9.31,-5.87,-3.37,-0.12
13570,13.02.2012 08:00:01,-9,-9.43,-5.93,-3.37,-0.12,3.414
13571,13.02.2012 09:00:01,-9.18,-9.62,-6,-3.37,-0.12
13572,13.02.2012 10:00:01,-9.31,-9.68,-6.12,-3.37,-0.12
13573,13.02.2012 11:00:01,-9.31,-9.62,-6.18,-3.37,-0.12
13574,13.02.2012 12:00:01,-9.12,-9.31,-6.25,-3.43,-0.12
13575,13.02.2012 13:00:01,-8.81,-8.87,-6.31,-3.37,-0.12
13576,13.02.2012 14:00:01,-8.31,-8.31,-6.31,-3.43,-0.12,3.422
13577,13.02.2012 15:00:01,-7.81,-7.75,-6.25,-3.43,-0.12
13578,13.02.2012 16:00:01,-7.31,-7.25,-6.18,-3.43,-0.12
13579,13.02.2012 17:00:01,-6.87,-6.81,-6.12,-3.43,-0.12
13580,13.02.2012 18:00:01,-6.62,-6.62,-6,-3.43,-0.12
13581,13.02.2012 19:00:01,-6.56,-6.62,-5.93,-3.43,-0.18
13582,13.02.2012 20:00:01,-6.68,-6.81,-5.87,-3.5,-0.12,3.434
13583,13.02.2012 21:00:01,-6.87,-7.06,-5.81,-3.5,-0.12
13584,13.02.2012 22:00:01,-7.06,-7.25,-5.75,-3.5,-0.12
13585,13.02.2012 23:00:01,-7.25,-7.5,-5.75,-3.5,-0.18
13586,14.02.2012 00:00:01,-7.43,-7.75,-5.75,-3.5,-0.12
13587,14.02.2012 01:00:01,-7.62,-7.93,-5.75,-3.5,-0.12
13588,14.02.2012 02:00:01,-7.81,-8.12,-5.81,-3.5,-0.12,3.429
13589,14.02.2012 03:00:01,-7.93,-8.31,-5.81,-3.5,-0.18
13590,14.02.2012 04:00:01,-8.12,-8.43,-5.87,-3.5,-0.12
13591,14.02.2012 05:00:01,-8.25,-8.56,-5.87,-3.5,-0.18
13592,14.02.2012 06:00:01,-8.31,-8.62,-5.93,-3.5,-0.12
13593,14.02.2012 07:00:01,-8.43,-8.75,-6,-3.5,-0.12
13594,14.02.2012 08:00:01,-8.5,-8.81,-6.06,-3.5,-0.18,3.417
13595,14.02.2012 09:00:01,-8.62,-8.87,-6.12,-3.5,-0.18
13596,14.02.2012 10:00:01,-8.62,-8.87,-6.12,-3.56,-0.18
13597,14.02.2012 11:00:01,-8.56,-8.81,-6.12,-3.5,-0.12
13598,14.02.2012 12:00:01,-8.43,-8.56,-6.18,-3.5,-0.18
13599,14.02.2012 13:00:01,-8.12,-8.18,-6.25,-3.5,-0.18
13600,14.02.2012 14:00:01,-7.75,-7.75,-6.18,-3.56,-0.18,3.422
13601,14.02.2012 15:00:01,-7.31,-7.25,-6.12,-3.56,-0.18
13602,14.02.2012 16:00:01,-6.93,-6.87,-6.06,-3.56,-0.18
13603,14.02.2012 17:00:01,-6.62,-6.5,-6,-3.56,-0.18
13604,14.02.2012 18:00:01,-6.31,-6.37,-5.87,-3.56,-0.18
13605,14.02.2012 19:00:01,-6.25,-6.31,-5.81,-3.62,-0.18
13606,14.02.2012 20:00:01,-6.31,-6.43,-5.75,-3.56,-0.18,3.437
13607,14.02.2012 21:00:01,-6.43,-6.56,-5.68,-3.56,-0.18
13608,14.02.2012 22:00:01,-6.56,-6.68,-5.62,-3.62,-0.18
13609,14.02.2012 23:00:01,-6.75,-6.93,-5.62,-3.56,-0.18
13610,15.02.2012 00:00:01,-6.87,-7.12,-5.62,-3.56,-0.18
13611,15.02.2012 01:00:01,-7.12,-7.37,-5.56,-3.56,-0.18
13612,15.02.2012 02:00:01,-7.31,-7.68,-5.62,-3.56,-0.18,3.429
13613,15.02.2012 03:00:01,-7.56,-7.87,-5.62,-3.56,-0.18
13614,15.02.2012 04:00:01,-7.81,-8.12,-5.68,-3.56,-0.18
13615,15.02.2012 05:00:01,-7.93,-8.25,-5.75,-3.56,-0.18
13616,15.02.2012 06:00:01,-8,-8.31,-5.81,-3.56,-0.18
13617,15.02.2012 07:00:01,-8.06,-8.31,-5.81,-3.56,-0.18
13618,15.02.2012 08:00:01,-8.12,-8.37,-5.87,-3.56,-0.18,3.420
13619,15.02.2012 09:00:01,-8.18,-8.43,-5.93,-3.56,-0.18
13620,15.02.2012 10:00:01,-8.18,-8.5,-5.93,-3.56,-0.18
13621,15.02.2012 11:00:01,-8.18,-8.37,-6,-3.56,-0.18
13622,15.02.2012 12:00:01,-8,-8.12,-6,-3.56,-0.18
13623,15.02.2012 13:00:01,-7.68,-7.62,-6,-3.56,-0.18
13624,15.02.2012 14:00:01,-7.18,-7.12,-6,-3.56,-0.18,3.432
13625,15.02.2012 15:00:01,-6.68,-6.62,-5.93,-3.62,-0.18
13626,15.02.2012 16:00:01,-6.25,-6.12,-5.81,-3.56,-0.18
13627,15.02.2012 17:00:01,-5.93,-5.81,-5.75,-3.56,-0.25
13628,15.02.2012 18:00:01,-5.68,-5.62,-5.62,-3.62,-0.18
13629,15.02.2012 19:00:01,-5.62,-5.56,-5.56,-3.62,-0.18
13630,15.02.2012 20:00:01,-5.68,-5.81,-5.5,-3.62,-0.18,3.445
13631,15.02.2012 21:00:01,-5.93,-6.12,-5.37,-3.56,-0.25
13632,15.02.2012 22:00:01,-6.25,-6.5,-5.37,-3.56,-0.25
13633,15.02.2012 23:00:01,-6.56,-6.81,-5.31,-3.56,-0.25
13634,16.02.2012 00:00:01,-6.81,-7.12,-5.37,-3.56,-0.25
13635,16.02.2012 01:00:01,-7.06,-7.43,-5.37,-3.62,-0.25
13636,16.02.2012 02:00:01,-7.31,-7.62,-5.43,-3.56,-0.25,3.429
13637,16.02.2012 03:00:01,-7.5,-7.87,-5.5,-3.56,-0.25
13638,16.02.2012 04:00:01,-7.75,-8.12,-5.56,-3.56,-0.25
13639,16.02.2012 05:00:01,-8,-8.37,-5.62,-3.56,-0.25
13640,16.02.2012 06:00:01,-8.18,-8.56,-5.68,-3.56,-0.25
13641,16.02.2012 07:00:01,-8.31,-8.75,-5.75,-3.56,-0.25
13642,16.02.2012 08:00:01,-8.5,-8.87,-5.81,-3.56,-0.25,3.417
13643,16.02.2012 09:00:01,-8.62,-8.93,-5.87,-3.56,-0.25
13644,16.02.2012 10:00:01,-8.62,-9,-5.93,-3.56,-0.25
13645,16.02.2012 11:00:01,-8.62,-8.93,-6,-3.56,-0.25
13646,16.02.2012 12:00:01,-8.5,-8.75,-6.06,-3.56,-0.25
13647,16.02.2012 13:00:01,-8.37,-8.56,-6.06,-3.56,-0.25
13648,16.02.2012 14:00:01,-8.18,-8.31,-6.12,-3.56,-0.25,3.419
13649,16.02.2012 15:00:01,-7.93,-8.06,-6.12,-3.56,-0.25
13650,16.02.2012 16:00:01,-7.68,-7.75,-6.12,-3.62,-0.25
13651,16.02.2012 17:00:01,-7.5,-7.5,-6.06,-3.56,-0.25
13652,16.02.2012 18:00:01,-7.31,-7.31,-6.06,-3.62,-0.25
13653,16.02.2012 19:00:01,-7.18,-7.37,-6,-3.62,-0.25
13654,16.02.2012 20:00:01,-7.37,-7.56,-5.93,-3.62,-0.25,3.427
13655,16.02.2012 21:00:01,-7.56,-7.81,-5.93,-3.62,-0.25
13656,16.02.2012 22:00:01,-7.75,-8,-5.93,-3.62,-0.25
13657,16.02.2012 23:00:01,-7.93,-8.25,-5.93,-3.62,-0.25
13658,17.02.2012 00:00:01,-8.18,-8.5,-6,-3.62,-0.25
13659,17.02.2012 01:00:01,-8.37,-8.75,-6.06,-3.62,-0.25
13660,17.02.2012 02:00:01,-8.62,-8.93,-6.06,-3.68,-0.25,3.421
13661,17.02.2012 03:00:01,-8.81,-9.18,-6.12,-3.62,-0.25
13662,17.02.2012 04:00:01,-9.06,-9.43,-6.18,-3.68,-0.25
13663,17.02.2012 05:00:01,-9.18,-9.62,-6.25,-3.68,-0.25
13664,17.02.2012 06:00:01,-9.37,-9.75,-6.37,-3.68,-0.31
13665,17.02.2012 07:00:01,-9.56,-9.93,-6.43,-3.68,-0.25
13666,17.02.2012 08:00:01,-9.68,-10.06,-6.43,-3.68,-0.31,3.407
13667,17.02.2012 09:00:01,-9.81,-10.18,-6.56,-3.68,-0.31
13668,17.02.2012 10:00:01,-9.87,-10.18,-6.62,-3.68,-0.31
13669,17.02.2012 11:00:01,-9.75,-10,-6.68,-3.68,-0.25
13670,17.02.2012 12:00:01,-9.43,-9.5,-6.75,-3.75,-0.31
13671,17.02.2012 13:00:01,-8.93,-8.93,-6.68,-3.75,-0.31
13672,17.02.2012 14:00:01,-8.31,-8.18,-6.68,-3.75,-0.31,3.420
13673,17.02.2012 15:00:01,-7.68,-7.56,-6.62,-3.75,-0.31
13674,17.02.2012 16:00:01,-7.06,-6.93,-6.5,-3.75,-0.31
13675,17.02.2012 17:00:01,-6.5,-6.43,-6.37,-3.75,-0.31
13676,17.02.2012 18:00:01,-6.06,-6.12,-6.25,-3.81,-0.31
13677,17.02.2012 19:00:01,-5.87,-6,-6.18,-3.81,-0.31
13678,17.02.2012 20:00:01,-5.87,-6.06,-6.06,-3.81,-0.31,3.444
13679,17.02.2012 21:00:01,-6.06,-6.31,-5.93,-3.81,-0.31
13680,17.02.2012 22:00:01,-6.25,-6.56,-5.87,-3.81,-0.31
13681,17.02.2012 23:00:01,-6.5,-6.75,-5.81,-3.81,-0.31
13682,18.02.2012 00:00:01,-6.68,-6.93,-5.75,-3.81,-0.31
13683,18.02.2012 01:00:01,-6.87,-7.18,-5.75,-3.81,-0.31
13684,18.02.2012 02:00:01,-7.06,-7.37,-5.75,-3.81,-0.31,3.430
13685,18.02.2012 03:00:01,-7.31,-7.62,-5.75,-3.81,-0.31
13686,18.02.2012 04:00:01,-7.5,-7.81,-5.75,-3.81,-0.31
13687,18.02.2012 05:00:01,-7.68,-8,-5.81,-3.81,-0.31
13688,18.02.2012 06:00:01,-7.87,-8.18,-5.87,-3.81,-0.31
13689,18.02.2012 07:00:01,-8,-8.31,-5.93,-3.81,-0.31
13690,18.02.2012 08:00:01,-8.12,-8.5,-6,-3.75,-0.31,3.426
13691,18.02.2012 09:00:01,-8.31,-8.62,-6,-3.81,-0.31
13692,18.02.2012 10:00:01,-8.37,-8.68,-6.06,-3.75,-0.31
13693,18.02.2012 11:00:01,-8.25,-8.43,-6.12,-3.75,-0.31
13694,18.02.2012 12:00:01,-7.93,-7.93,-6.12,-3.75,-0.31
13695,18.02.2012 13:00:01,-7.37,-7.31,-6.12,-3.81,-0.31
13696,18.02.2012 14:00:01,-6.81,-6.62,-6.06,-3.75,-0.31,3.429
13697,18.02.2012 15:00:01,-6.18,-6,-6,-3.75,-0.31
13698,18.02.2012 16:00:01,-5.68,-5.43,-5.87,-3.75,-0.37
13699,18.02.2012 17:00:01,-5.25,-5,-5.75,-3.81,-0.31
13700,18.02.2012 18:00:01,-4.87,-4.68,-5.62,-3.81,-0.31
13701,18.02.2012 19:00:01,-4.62,-4.43,-5.5,-3.81,-0.31
13702,18.02.2012 20:00:01,-4.5,-4.31,-5.37,-3.75,-0.37,3.457
13703,18.02.2012 21:00:01,-4.43,-4.31,-5.25,-3.75,-0.37
13704,18.02.2012 22:00:01,-4.5,-4.5,-5.18,-3.81,-0.31
13705,18.02.2012 23:00:01,-4.68,-4.68,-5.06,-3.75,-0.37
13706,19.02.2012 00:00:01,-4.87,-4.93,-5,-3.75,-0.37
13707,19.02.2012 01:00:01,-5.06,-5.12,-4.93,-3.75,-0.37
13708,19.02.2012 02:00:01,-5.25,-5.37,-4.93,-3.75,-0.37,3.450
13709,19.02.2012 03:00:01,-5.43,-5.62,-4.93,-3.75,-0.37
13710,19.02.2012 04:00:01,-5.68,-5.87,-4.93,-3.68,-0.37
13711,19.02.2012 05:00:01,-5.87,-6.12,-4.93,-3.68,-0.37
13712,19.02.2012 06:00:01,-6.12,-6.31,-4.93,-3.68,-0.37
13713,19.02.2012 07:00:01,-6.25,-6.5,-5,-3.68,-0.37
13714,19.02.2012 08:00:01,-6.43,-6.68,-5,-3.68,-0.37,3.437
13715,19.02.2012 09:00:01,-6.56,-6.87,-5.06,-3.62,-0.37
13716,19.02.2012 10:00:01,-6.68,-6.87,-5.12,-3.62,-0.37
13717,19.02.2012 11:00:01,-6.56,-6.62,-5.12,-3.62,-0.37
13718,19.02.2012 12:00:01,-6.25,-6.18,-5.18,-3.62,-0.37
13719,19.02.2012 13:00:01,-5.81,-5.62,-5.12,-3.62,-0.37
13720,19.02.2012 14:00:01,-4.68,-5,-5.12,-3.56,-0.37,3.445
13721,19.02.2012 15:00:01,-4.43,-4.43,-5,-3.62,-0.37
13722,19.02.2012 16:00:01,-4.12,-4,-4.93,-3.62,-0.37
13723,19.02.2012 17:00:01,-3.87,-3.75,-4.81,-3.56,-0.37
13724,19.02.2012 18:00:01,-3.68,-3.5,-4.68,-3.56,-0.37
13725,19.02.2012 19:00:01,-3.43,-3.31,-4.56,-3.56,-0.37
13726,19.02.2012 20:00:01,-3.31,-3.25,-4.5,-3.56,-0.37,3.467
13727,19.02.2012 21:00:01,-3.31,-3.25,-4.37,-3.56,-0.37
13728,19.02.2012 22:00:01,-3.31,-3.25,-4.31,-3.56,-0.37
13729,19.02.2012 23:00:01,-3.43,-3.43,-4.25,-3.5,-0.37
13730,20.02.2012 00:00:01,-3.5,-3.56,-4.18,-3.5,-0.37
13731,20.02.2012 01:00:01,-3.68,-3.75,-4.18,-3.5,-0.37
13732,20.02.2012 02:00:01,-3.75,-3.87,-4.12,-3.5,-0.37,3.465
13733,20.02.2012 03:00:01,-3.93,-4.06,-4.12,-3.43,-0.37
13734,20.02.2012 04:00:01,-4.12,-4.31,-4.12,-3.43,-0.43
13735,20.02.2012 05:00:01,-4.31,-4.56,-4.12,-3.43,-0.37
13736,20.02.2012 06:00:01,-4.56,-4.75,-4.12,-3.43,-0.37
13737,20.02.2012 07:00:01,-4.75,-5,-4.12,-3.43,-0.43
13738,20.02.2012 08:00:01,-4.93,-5.12,-4.18,-3.37,-0.37,3.454
13739,20.02.2012 09:00:01,-5.06,-5.25,-4.18,-3.37,-0.37
13740,20.02.2012 10:00:01,-5.06,-5.25,-4.25,-3.37,-0.43
13741,20.02.2012 11:00:01,-5,-5.12,-4.25,-3.37,-0.37
13742,20.02.2012 12:00:01,-4.81,-4.81,-4.25,-3.31,-0.43
13743,20.02.2012 13:00:01,-4.5,-4.5,-4.25,-3.31,-0.43
13744,20.02.2012 14:00:01,-4.18,-4.12,-4.25,-3.31,-0.43,3.456
13745,20.02.2012 15:00:01,-3.93,-3.81,-4.25,-3.31,-0.37
13746,20.02.2012 16:00:01,-3.68,-3.62,-4.12,-3.31,-0.43
13747,20.02.2012 17:00:01,-3.5,-3.37,-4.12,-3.31,-0.43
13748,20.02.2012 18:00:01,-3.37,-3.25,-4.06,-3.31,-0.43
13749,20.02.2012 19:00:01,-3.25,-3.18,-4,-3.25,-0.43
13750,20.02.2012 20:00:01,-3.31,-3.25,-3.93,-3.25,-0.43,3.468
13751,20.02.2012 21:00:01,-3.43,-3.43,-3.87,-3.25,-0.43
13752,20.02.2012 22:00:01,-3.62,-3.68,-3.87,-3.25,-0.43
13753,20.02.2012 23:00:01,-3.81,-3.93,-3.81,-3.25,-0.43
13754,21.02.2012 00:00:01,-4.06,-4.18,-3.87,-3.25,-0.43
13755,21.02.2012 01:00:01,-4.18,-4.31,-3.87,-3.18,-0.43
13756,21.02.2012 02:00:01,-4.37,-4.5,-3.87,-3.18,-0.43,3.461
13757,21.02.2012 03:00:01,-4.5,-4.62,-3.87,-3.18,-0.43
13758,21.02.2012 04:00:01,-4.56,-4.75,-3.87,-3.18,-0.43
13759,21.02.2012 05:00:01,-4.68,-4.81,-3.93,-3.18,-0.43
13760,21.02.2012 06:00:01,-4.75,-4.93,-3.93,-3.12,-0.43
13761,21.02.2012 07:00:01,-4.87,-5,-3.93,-3.12,-0.43
13762,21.02.2012 08:00:01,-4.87,-5.06,-4,-3.12,-0.43,3.457
13763,21.02.2012 09:00:01,-4.93,-5.06,-4,-3.12,-0.43
13764,21.02.2012 10:00:01,-5,-5.12,-4,-3.12,-0.43
13765,21.02.2012 11:00:01,-5,-5.12,-4.06,-3.12,-0.43
13766,21.02.2012 12:00:01,-5,-5.06,-4.06,-3.12,-0.43
13767,21.02.2012 13:00:01,-5,-5,-4.12,-3.12,-0.43
13768,21.02.2012 14:00:01,-4.93,-5,-4.12,-3.12,-0.43,3.454
13769,21.02.2012 15:00:01,-4.93,-4.93,-4.12,-3.06,-0.43
13770,21.02.2012 16:00:01,-4.93,-4.93,-4.12,-3.12,-0.43
13771,21.02.2012 17:00:01,-4.93,-4.93,-4.12,-3.12,-0.5
13772,21.02.2012 18:00:01,-5,-5,-4.12,-3.06,-0.43
13773,21.02.2012 19:00:01,-5.06,-5.12,-4.12,-3.06,-0.43
13774,21.02.2012 20:00:01,-5.18,-5.18,-4.12,-3.06,-0.43,3.455
13775,21.02.2012 21:00:01,-5.31,-5.31,-4.12,-3.06,-0.5
13776,21.02.2012 22:00:01,-5.37,-5.37,-4.18,-3.06,-0.43
13777,21.02.2012 23:00:01,-5.43,-5.43,-4.18,-3.06,-0.43
13778,22.02.2012 00:00:01,-5.5,-5.56,-4.18,-3.06,-0.43
13779,22.02.2012 01:00:01,-5.56,-5.62,-4.25,-3.06,-0.5
13780,22.02.2012 02:00:01,-5.62,-5.68,-4.31,-3.06,-0.5,3.445
13781,22.02.2012 03:00:01,-5.75,-5.81,-4.31,-3.06,-0.43
13782,22.02.2012 04:00:01,-5.81,-5.93,-4.31,-3.06,-0.5
13783,22.02.2012 05:00:01,-5.93,-6,-4.37,-3.06,-0.5
13784,22.02.2012 06:00:01,-6,-6.06,-4.37,-3.06,-0.5
13785,22.02.2012 07:00:01,-6,-6.12,-4.37,-3.06,-0.5
13786,22.02.2012 08:00:01,-6.06,-6.12,-4.43,-3.06,-0.5,3.441
13787,22.02.2012 09:00:01,-6.12,-6.18,-4.5,-3.06,-0.5
13788,22.02.2012 10:00:01,-6.18,-6.25,-4.5,-3.06,-0.5
13789,22.02.2012 11:00:01,-6.12,-6.18,-4.56,-3.06,-0.5
13790,22.02.2012 12:00:01,-6.12,-6.12,-4.56,-3.06,-0.5
13791,22.02.2012 13:00:01,-6,-6.06,-4.56,-3.06,-0.5
13792,22.02.2012 14:00:01,-5.87,-5.93,-4.56,-3.06,-0.5,3.443
13793,22.02.2012 15:00:01,-5.81,-5.81,-4.62,-3.06,-0.5
13794,22.02.2012 16:00:01,-5.68,-5.68,-4.56,-3.12,-0.5
13795,22.02.2012 17:00:01,-5.68,-5.68,-4.56,-3.12,-0.5
13796,22.02.2012 18:00:01,-5.68,-5.68,-4.56,-3.12,-0.5
13797,22.02.2012 19:00:01,-5.68,-5.75,-4.56,-3.06,-0.5
13798,22.02.2012 20:00:01,-5.81,-5.81,-4.56,-3.12,-0.5,3.444
13799,22.02.2012 21:00:01,-5.87,-5.87,-4.56,-3.12,-0.5
13800,22.02.2012 22:00:01,-5.93,-6,-4.56,-3.12,-0.5
13801,22.02.2012 23:00:01,-6,-6.06,-4.56,-3.12,-0.5
13802,23.02.2012 00:00:01,-6.06,-6.12,-4.62,-3.12,-0.5
13803,23.02.2012 01:00:01,-6.12,-6.18,-4.62,-3.12,-0.5
13804,23.02.2012 02:00:01,-6.25,-6.31,-4.68,-3.12,-0.5,3.439
13805,23.02.2012 03:00:01,-6.31,-6.37,-4.68,-3.12,-0.5
13806,23.02.2012 04:00:01,-6.37,-6.43,-4.68,-3.12,-0.5
13807,23.02.2012 05:00:01,-6.43,-6.5,-4.68,-3.12,-0.5
13808,23.02.2012 06:00:01,-6.5,-6.56,-4.75,-3.12,-0.5
13809,23.02.2012 07:00:01,-6.56,-6.62,-4.75,-3.12,-0.5
13810,23.02.2012 08:00:01,-6.56,-6.68,-4.81,-3.12,-0.5,3.441
13811,23.02.2012 09:00:01,-6.62,-6.75,-4.81,-3.12,-0.5
13812,23.02.2012 10:00:01,-6.68,-6.75,-4.81,-3.12,-0.5
13813,23.02.2012 11:00:01,-6.68,-6.81,-4.87,-3.12,-0.5
13814,23.02.2012 12:00:01,-6.62,-6.75,-4.87,-3.12,-0.5
13815,23.02.2012 13:00:01,-6.5,-6.62,-4.93,-3.18,-0.5
13816,23.02.2012 14:00:01,-6.37,-6.43,-4.93,-3.18,-0.5,3.440
13817,23.02.2012 15:00:01,-6.18,-6.25,-4.93,-3.18,-0.5
13818,23.02.2012 16:00:01,-6.06,-6.06,-4.93,-3.18,-0.5
13819,23.02.2012 17:00:01,-5.93,-5.93,-4.87,-3.18,-0.5
13820,23.02.2012 18:00:01,-5.87,-5.87,-4.87,-3.18,-0.5
13821,23.02.2012 19:00:01,-5.87,-5.87,-4.87,-3.18,-0.5
13822,23.02.2012 20:00:01,-5.93,-5.93,-4.87,-3.18,-0.5,3.442
13823,23.02.2012 21:00:01,-6.06,-6.12,-4.81,-3.18,-0.5
13824,23.02.2012 22:00:01,-6.18,-6.31,-4.81,-3.18,-0.5
13825,23.02.2012 23:00:01,-6.37,-6.5,-4.81,-3.18,-0.5
13826,24.02.2012 00:00:01,-6.56,-6.68,-4.87,-3.25,-0.5
13827,24.02.2012 01:00:01,-6.75,-6.93,-4.87,-3.18,-0.5
13828,24.02.2012 02:00:01,-6.87,-7.06,-4.93,-3.18,-0.56,3.436
13829,24.02.2012 03:00:01,-7,-7.18,-5,-3.25,-0.5
13830,24.02.2012 04:00:01,-7.12,-7.31,-5,-3.25,-0.56
13831,24.02.2012 05:00:01,-7.25,-7.43,-5.06,-3.25,-0.56
13832,24.02.2012 06:00:01,-7.37,-7.56,-5.12,-3.25,-0.56
13833,24.02.2012 07:00:01,-7.5,-7.68,-5.12,-3.25,-0.56
13834,24.02.2012 08:00:01,-7.56,-7.75,-5.18,-3.25,-0.56,3.428
13835,24.02.2012 09:00:01,-7.68,-7.87,-5.25,-3.25,-0.56
13836,24.02.2012 10:00:01,-7.75,-7.93,-5.31,-3.25,-0.56
13837,24.02.2012 11:00:01,-7.75,-7.93,-5.31,-3.25,-0.56
13838,24.02.2012 12:00:01,-7.56,-7.68,-5.37,-3.31,-0.56
13839,24.02.2012 13:00:01,-7.37,-7.43,-5.37,-3.31,-0.56
13840,24.02.2012 14:00:01,-7.12,-7.12,-5.37,-3.31,-0.5,3.429
13841,24.02.2012 15:00:01,-6.81,-6.75,-5.43,-3.31,-0.56
13842,24.02.2012 16:00:01,-6.43,-6.43,-5.37,-3.31,-0.56
13843,24.02.2012 17:00:01,-6.12,-6.12,-5.31,-3.31,-0.56
13844,24.02.2012 18:00:01,-5.87,-5.87,-5.31,-3.31,-0.56
13845,24.02.2012 19:00:01,-5.87,-5.87,-5.25,-3.37,-0.56
13846,24.02.2012 20:00:01,-6,-6.06,-5.18,-3.31,-0.56,3.445
13847,24.02.2012 21:00:01,-6.18,-6.31,-5.18,-3.37,-0.56
13848,24.02.2012 22:00:01,-6.37,-6.62,-5.12,-3.37,-0.56
13849,24.02.2012 23:00:01,-6.62,-6.87,-5.12,-3.37,-0.56
13850,25.02.2012 00:00:01,-6.87,-7.12,-5.12,-3.37,-0.56
13851,25.02.2012 01:00:01,-7.06,-7.31,-5.18,-3.37,-0.56
13852,25.02.2012 02:00:01,-7.25,-7.56,-5.18,-3.37,-0.56,3.432
13853,25.02.2012 03:00:01,-7.43,-7.68,-5.25,-3.37,-0.56
13854,25.02.2012 04:00:01,-7.62,-7.87,-5.31,-3.37,-0.56
13855,25.02.2012 05:00:01,-7.75,-8.06,-5.37,-3.37,-0.56
13856,25.02.2012 06:00:01,-7.93,-8.18,-5.43,-3.37,-0.56
13857,25.02.2012 07:00:01,-8.06,-8.31,-5.43,-3.37,-0.56
13858,25.02.2012 08:00:01,-8.18,-8.43,-5.56,-3.37,-0.56,3.427
13859,25.02.2012 09:00:01,-8.31,-8.62,-5.62,-3.43,-0.56
13860,25.02.2012 10:00:01,-8.43,-8.62,-5.68,-3.43,-0.56
13861,25.02.2012 11:00:01,-8.31,-8.43,-5.68,-3.43,-0.56
13862,25.02.2012 12:00:01,-8,-8.12,-5.75,-3.43,-0.56
13863,25.02.2012 13:00:01,-7.62,-7.62,-5.75,-3.43,-0.56
13864,25.02.2012 14:00:01,-7.12,-7.06,-5.75,-3.43,-0.56,3.432
13865,25.02.2012 15:00:01,-6.56,-6.43,-5.68,-3.43,-0.56
13866,25.02.2012 16:00:01,-5.93,-5.81,-5.62,-3.43,-0.56
13867,25.02.2012 17:00:01,-5.5,-5.37,-5.56,-3.5,-0.56
13868,25.02.2012 18:00:01,-5.12,-5,-5.43,-3.5,-0.56
13869,25.02.2012 19:00:01,-5,-4.87,-5.37,-3.5,-0.56
13870,25.02.2012 20:00:01,-5,-5,-5.25,-3.5,-0.56,3.449
13871,25.02.2012 21:00:01,-5.18,-5.25,-5.18,-3.5,-0.56
13872,25.02.2012 22:00:01,-5.43,-5.62,-5.12,-3.5,-0.56
13873,25.02.2012 23:00:01,-5.68,-5.93,-5.06,-3.5,-0.56
13874,26.02.2012 00:00:01,-6,-6.31,-5,-3.5,-0.56
13875,26.02.2012 01:00:01,-6.31,-6.56,-5,-3.5,-0.56
13876,26.02.2012 02:00:01,-6.56,-6.87,-5.06,-3.5,-0.56,3.444
13877,26.02.2012 03:00:01,-6.81,-7.12,-5.06,-3.5,-0.56
13878,26.02.2012 04:00:01,-7.06,-7.31,-5.12,-3.5,-0.56
13879,26.02.2012 05:00:01,-7.25,-7.56,-5.18,-3.5,-0.62
13880,26.02.2012 06:00:01,-7.5,-7.75,-5.25,-3.5,-0.56
13881,26.02.2012 07:00:01,-7.68,-8,-5.31,-3.5,-0.56
13882,26.02.2012 08:00:01,-7.81,-8.12,-5.37,-3.5,-0.56,3.427
13883,26.02.2012 09:00:01,-7.93,-8.25,-5.43,-3.5,-0.56
13884,26.02.2012 10:00:01,-7.93,-8.18,-5.5,-3.5,-0.62
13885,26.02.2012 11:00:01,-7.81,-8,-5.56,-3.5,-0.62
13886,26.02.2012 12:00:01,-7.56,-7.62,-5.56,-3.5,-0.62
13887,26.02.2012 13:00:01,-7.06,-7,-5.62,-3.5,-0.62
13888,26.02.2012 14:00:01,-6.43,-5.43,-5.56,-3.56,-0.62,3.440
13889,26.02.2012 15:00:01,-5.68,-5.18,-5.5,-3.5,-0.62
13890,26.02.2012 16:00:01,-4.87,-4.62,-5.37,-3.56,-0.56
13891,26.02.2012 17:00:01,-4.43,-4.18,-5.25,-3.56,-0.62
13892,26.02.2012 18:00:01,-4.18,-3.93,-5.06,-3.56,-0.62
13893,26.02.2012 19:00:01,-4,-3.81,-5,-3.56,-0.62
13894,26.02.2012 20:00:01,-3.93,-3.75,-4.87,-3.56,-0.62,3.457
13895,26.02.2012 21:00:01,-3.93,-3.81,-4.75,-3.56,-0.62
13896,26.02.2012 22:00:01,-4.06,-4,-4.68,-3.5,-0.62
13897,26.02.2012 23:00:01,-4.18,-4.25,-4.62,-3.56,-0.62
13898,27.02.2012 00:00:01,-4.43,-4.5,-4.56,-3.56,-0.62
13899,27.02.2012 01:00:01,-4.62,-4.75,-4.5,-3.5,-0.62
13900,27.02.2012 02:00:01,-4.87,-4.93,-4.5,-3.56,-0.62,3.454
13901,27.02.2012 03:00:01,-5,-5.12,-4.5,-3.5,-0.62
13902,27.02.2012 04:00:01,-5.12,-5.25,-4.5,-3.5,-0.62
13903,27.02.2012 05:00:01,-5.25,-5.37,-4.5,-3.5,-0.62
13904,27.02.2012 06:00:01,-5.31,-5.5,-4.5,-3.5,-0.62
13905,27.02.2012 07:00:01,-5.5,-5.68,-4.5,-3.43,-0.62
13906,27.02.2012 08:00:01,-5.62,-5.81,-4.56,-3.43,-0.62,3.445
13907,27.02.2012 09:00:01,-5.75,-5.93,-4.56,-3.43,-0.62
13908,27.02.2012 10:00:01,-5.81,-6,-4.62,-3.43,-0.62
13909,27.02.2012 11:00:01,-5.68,-5.75,-4.62,-3.43,-0.62
13910,27.02.2012 12:00:01,-5.31,-5.25,-4.62,-3.43,-0.62
13911,27.02.2012 13:00:01,-4.81,-4.68,-4.62,-3.43,-0.62
13912,27.02.2012 14:00:01,-4.31,-4.12,-4.56,-3.43,-0.62,3.459
13913,27.02.2012 15:00:01,-3.87,-3.75,-4.5,-3.37,-0.62
13914,27.02.2012 16:00:01,-3.56,-3.43,-4.37,-3.37,-0.62
13915,27.02.2012 17:00:01,-3.37,-3.25,-4.31,-3.37,-0.62
13916,27.02.2012 18:00:01,-3.25,-3.06,-4.18,-3.37,-0.62
13917,27.02.2012 19:00:01,-3.06,-2.93,-4.12,-3.37,-0.62
13918,27.02.2012 20:00:01,-3,-2.81,-4.06,-3.37,-0.62,3.471
13919,27.02.2012 21:00:01,-2.93,-2.75,-4,-3.37,-0.62
13920,27.02.2012 22:00:01,-2.93,-2.81,-3.87,-3.37,-0.62
13921,27.02.2012 23:00:01,-2.93,-2.81,-3.87,-3.31,-0.62
13922,28.02.2012 00:00:01,-3,-2.93,-3.81,-3.31,-0.62
13923,28.02.2012 01:00:01,-3.06,-3,-3.75,-3.31,-0.62
13924,28.02.2012 02:00:01,-3.18,-3.18,-3.68,-3.31,-0.62,3.472
13925,28.02.2012 03:00:01,-3.31,-3.31,-3.62,-3.31,-0.62
13926,28.02.2012 04:00:01,-3.43,-3.43,-3.62,-3.31,-0.62
13927,28.02.2012 05:00:01,-3.56,-3.56,-3.62,-3.25,-0.62
13928,28.02.2012 06:00:01,-3.75,-3.75,-3.62,-3.25,-0.62
13929,28.02.2012 07:00:01,-3.81,-3.87,-3.62,-3.25,-0.68
13930,28.02.2012 08:00:01,-4,-4,-3.68,-3.25,-0.68,3.461
13931,28.02.2012 09:00:01,-4.12,-4.12,-3.68,-3.25,-0.68
13932,28.02.2012 10:00:01,-4.18,-4.18,-3.68,-3.18,-0.68
13933,28.02.2012 11:00:01,-4.12,-4.12,-3.68,-3.18,-0.68
13934,28.02.2012 12:00:01,-4.06,-4,-3.68,-3.18,-0.68
13935,28.02.2012 13:00:01,-3.93,-3.87,-3.68,-3.12,-0.68
13936,28.02.2012 14:00:01,-3.75,-3.62,-3.68,-3.12,-0.68,3.466
13937,28.02.2012 15:00:01,-3.5,-3.37,-3.68,-3.12,-0.68
13938,28.02.2012 16:00:01,-3.31,-3.12,-3.62,-3.12,-0.68
13939,28.02.2012 17:00:01,-3.06,-2.93,-3.62,-3.12,-0.68
13940,28.02.2012 18:00:01,-2.93,-2.81,-3.56,-3.06,-0.68
13941,28.02.2012 19:00:01,-2.87,-2.75,-3.5,-3.06,-0.68
13942,28.02.2012 20:00:01,-3,-2.87,-3.5,-3.12,-0.68,3.472
13943,28.02.2012 21:00:01,-3.18,-3.06,-3.43,-3.06,-0.68
13944,28.02.2012 22:00:01,-3.37,-3.31,-3.43,-3.06,-0.68
13945,28.02.2012 23:00:01,-3.68,-3.68,-3.37,-3.06,-0.68
13946,29.02.2012 00:00:01,-4.06,-4.12,-3.43,-3.06,-0.68
13947,29.02.2012 01:00:01,-4.43,-4.62,-3.5,-3.06,-0.68
13948,29.02.2012 02:00:01,-4.81,-5.06,-3.5,-3,-0.68,3.462
13949,29.02.2012 03:00:01,-5.25,-5.5,-3.62,-3,-0.68
13950,29.02.2012 04:00:01,-5.62,-5.93,-3.68,-3,-0.68
13951,29.02.2012 05:00:01,-6,-6.31,-3.75,-3,-0.68
13952,29.02.2012 06:00:01,-6.31,-6.62,-3.87,-3,-0.68
13953,29.02.2012 07:00:01,-6.56,-6.93,-3.93,-3,-0.68
13954,29.02.2012 08:00:01,-6.81,-7.12,-4.12,-3,-0.68,3.441
13955,29.02.2012 09:00:01,-7,-7.31,-4.18,-3,-0.68
13956,29.02.2012 10:00:01,-7,-7.25,-4.31,-3,-0.68
13957,29.02.2012 11:00:01,-6.68,-6.87,-4.37,-3,-0.68
13958,29.02.2012 12:00:01,-6.31,-6.37,-4.43,-3,-0.68
13959,29.02.2012 13:00:01,-5.68,-5.68,-4.5,-3,-0.68
13960,29.02.2012 14:00:01,-5.12,-5,-4.43,-3,-0.68,3.452
13961,29.02.2012 15:00:01,-4.56,-4.43,-4.43,-3,-0.68
13962,29.02.2012 16:00:01,-4.18,-4.06,-4.37,-3,-0.68
13963,29.02.2012 17:00:01,-3.87,-3.75,-4.31,-3,-0.68
13964,29.02.2012 18:00:01,-3.62,-3.5,-4.18,-3,-0.68
13965,29.02.2012 19:00:01,-3.43,-3.25,-4.12,-3,-0.68
13966,29.02.2012 20:00:01,-3.31,-3.18,-4.06,-3.06,-0.68,3.464
13967,29.02.2012 21:00:01,-3.25,-3.18,-3.93,-3,-0.68
13968,29.02.2012 22:00:01,-3.31,-3.25,-3.87,-3,-0.68
13969,29.02.2012 23:00:01,-3.43,-3.5,-3.81,-3.06,-0.75
13970,01.03.2012 00:00:01,-3.68,-3.75,-3.81,-3.06,-0.68
13971,01.03.2012 01:00:01,-3.93,-4,-3.75,-3.06,-0.68
13972,01.03.2012 02:00:01,-4.12,-4.25,-3.75,-3.06,-0.68,3.461
13973,01.03.2012 03:00:01,-4.31,-4.43,-3.75,-3.06,-0.68
13974,01.03.2012 04:00:01,-4.5,-4.62,-3.81,-3,-0.68
13975,01.03.2012 05:00:01,-4.62,-4.81,-3.81,-3,-0.68
13976,01.03.2012 06:00:01,-4.81,-4.93,-3.81,-3,-0.68
13977,01.03.2012 07:00:01,-4.93,-5.06,-3.87,-3,-0.68
13978,01.03.2012 08:00:01,-5,-5.12,-3.87,-3,-0.68,3.454
13979,01.03.2012 09:00:01,-5.12,-5.25,-3.93,-3,-0.68
13980,01.03.2012 10:00:01,-5.12,-5.25,-3.93,-3,-0.75
13981,01.03.2012 11:00:01,-5.06,-5.06,-4,-3,-0.75
13982,01.03.2012 12:00:01,-4.68,-4.68,-4,-3,-0.68
13983,01.03.2012 13:00:01,-4.31,-4.18,-4,-3,-0.68
13984,01.03.2012 14:00:01,-3.93,-3.81,-4,-3,-0.68,3.458
13985,01.03.2012 15:00:01,-3.62,-3.43,-3.93,-3,-0.68
13986,01.03.2012 16:00:01,-3.37,-3.18,-3.87,-3,-0.68
13987,01.03.2012 17:00:01,-3.12,-3,-3.81,-3,-0.68
13988,01.03.2012 18:00:01,-3,-2.81,-3.75,-3,-0.75
13989,01.03.2012 19:00:01,-2.87,-2.68,-3.68,-2.93,-0.75
13990,01.03.2012 20:00:01,-2.75,-2.62,-3.62,-3,-0.68,3.469
13991,01.03.2012 21:00:01,-2.68,-2.56,-3.56,-3,-0.75
13992,01.03.2012 22:00:01,-2.68,-2.62,-3.5,-2.93,-0.75
13993,01.03.2012 23:00:01,-2.87,-2.87,-3.43,-3,-0.68
13994,02.03.2012 00:00:01,-3.12,-3.18,-3.43,-2.93,-0.75
13995,02.03.2012 01:00:01,-3.5,-3.62,-3.37,-3,-0.68
13996,02.03.2012 02:00:01,-3.87,-4.06,-3.37,-2.93,-0.75,3.469
13997,02.03.2012 03:00:01,-4.25,-4.56,-3.43,-2.93,-0.75
13998,02.03.2012 04:00:01,-4.68,-5,-3.43,-2.93,-0.75
13999,02.03.2012 05:00:01,-5.12,-5.43,-3.56,-2.93,-0.75
14000,02.03.2012 06:00:01,-5.5,-5.87,-3.62,-2.93,-0.75
14001,02.03.2012 07:00:01,-5.87,-6.25,-3.75,-2.93,-0.75
14002,02.03.2012 08:00:01,-6.25,-6.56,-3.81,-2.87,-0.75,3.448
14003,02.03.2012 09:00:01,-6.5,-6.87,-3.93,-2.93,-0.75
14004,02.03.2012 10:00:01,-6.56,-6.87,-4.06,-2.87,-0.75
14005,02.03.2012 11:00:01,-6.25,-6.43,-4.12,-2.93,-0.75
14006,02.03.2012 12:00:01,-5.68,-5.75,-4.18,-2.87,-0.75
14007,02.03.2012 13:00:01,-5.06,-5.06,-4.25,-2.93,-0.75
14008,02.03.2012 14:00:01,-4.56,-4.43,-4.18,-2.87,-0.75,3.453
14009,02.03.2012 15:00:01,-4.12,-4,-4.18,-2.93,-0.75
14010,02.03.2012 16:00:01,-3.81,-3.68,-4.12,-2.93,-0.75
14011,02.03.2012 17:00:01,-3.5,-3.37,-4,-2.93,-0.75
14012,02.03.2012 18:00:01,-3.25,-3.18,-3.93,-2.93,-0.75
14013,02.03.2012 19:00:01,-3.12,-3,-3.87,-2.93,-0.75
14014,02.03.2012 20:00:01,-3,-2.87,-3.81,-2.93,-0.75,3.468
14015,02.03.2012 21:00:01,-3,-2.93,-3.75,-2.93,-0.75
14016,02.03.2012 22:00:01,-3.12,-3.25,-3.68,-2.93,-0.75
14017,02.03.2012 23:00:01,-3.37,-3.62,-3.62,-2.93,-0.75
14018,03.03.2012 00:00:01,-3.75,-4.06,-3.62,-2.93,-0.75
14019,03.03.2012 01:00:01,-4.18,-4.56,-3.62,-2.93,-0.75
14020,03.03.2012 02:00:01,-4.56,-5,-3.62,-2.93,-0.75,3.457
14021,03.03.2012 03:00:01,-5,-5.43,-3.68,-2.93,-0.75
14022,03.03.2012 04:00:01,-5.37,-5.87,-3.75,-2.93,-0.75
14023,03.03.2012 05:00:01,-5.81,-6.25,-3.81,-2.87,-0.75
14024,03.03.2012 06:00:01,-6.18,-6.62,-3.93,-2.87,-0.75
14025,03.03.2012 07:00:01,-6.5,-7,-4,-2.93,-0.75
14026,03.03.2012 08:00:01,-6.81,-7.31,-4.12,-2.93,-0.75,3.439
14027,03.03.2012 09:00:01,-7.12,-7.62,-4.25,-2.93,-0.75
14028,03.03.2012 10:00:01,-7.12,-7.56,-4.37,-2.93,-0.75
14029,03.03.2012 11:00:01,-6.81,-7.12,-4.43,-2.87,-0.75
14030,03.03.2012 12:00:01,-6.37,-6.5,-4.5,-2.93,-0.75
14031,03.03.2012 13:00:01,-5.75,-5.87,-4.56,-2.93,-0.75
14032,03.03.2012 14:00:01,-5.25,-5.25,-4.56,-2.93,-0.75,3.452
14033,03.03.2012 15:00:01,-4.75,-4.68,-4.5,-2.93,-0.75
14034,03.03.2012 16:00:01,-4.31,-4.18,-4.43,-2.93,-0.75
14035,03.03.2012 17:00:01,-3.93,-3.87,-4.37,-2.93,-0.75
14036,03.03.2012 18:00:01,-3.68,-3.62,-4.31,-3,-0.75
14037,03.03.2012 19:00:01,-3.5,-3.37,-4.18,-2.93,-0.75
14038,03.03.2012 20:00:01,-3.37,-3.31,-4.12,-3,-0.75,3.465
14039,03.03.2012 21:00:01,-3.37,-3.43,-4,-3,-0.75
14040,03.03.2012 22:00:01,-3.43,-3.62,-4,-3,-0.75
14041,03.03.2012 23:00:01,-3.62,-3.81,-3.93,-3,-0.75
14042,04.03.2012 00:00:01,-3.87,-4.12,-3.87,-2.93,-0.75
14043,04.03.2012 01:00:01,-4.12,-4.37,-3.87,-3,-0.75
14044,04.03.2012 02:00:01,-4.37,-4.62,-3.87,-3,-0.75,3.464
14045,04.03.2012 03:00:01,-4.62,-4.87,-3.87,-3,-0.75
14046,04.03.2012 04:00:01,-4.81,-5.06,-3.87,-3,-0.75
14047,04.03.2012 05:00:01,-5,-5.25,-3.93,-3,-0.75
14048,04.03.2012 06:00:01,-5.12,-5.37,-3.93,-3,-0.75
14049,04.03.2012 07:00:01,-5.25,-5.5,-4,-3,-0.75
14050,04.03.2012 08:00:01,-5.37,-5.62,-4.06,-3,-0.75,3.456
14051,04.03.2012 09:00:01,-5.43,-5.68,-4.12,-3,-0.75
14052,04.03.2012 10:00:01,-5.5,-5.68,-4.12,-2.93,-0.75
14053,04.03.2012 11:00:01,-5.37,-5.5,-4.18,-3,-0.75
14054,04.03.2012 12:00:01,-5.12,-5.25,-4.18,-3,-0.75
14055,04.03.2012 13:00:01,-4.81,-4.93,-4.18,-3,-0.75
14056,04.03.2012 14:00:01,-4.5,-4.5,-4.18,-3,-0.75,3.456
14057,04.03.2012 15:00:01,-4.18,-4.12,-4.12,-3,-0.75
14058,04.03.2012 16:00:01,-3.87,-3.81,-4.06,-3,-0.75
14059,04.03.2012 17:00:01,-3.62,-3.5,-4.06,-3,-0.75
14060,04.03.2012 18:00:01,-3.37,-3.31,-4,-3,-0.75
14061,04.03.2012 19:00:01,-3.31,-3.18,-3.87,-3,-0.75
14062,04.03.2012 20:00:01,-3.25,-3.18,-3.81,-3,-0.75,3.472
14063,04.03.2012 21:00:01,-3.31,-3.25,-3.75,-3,-0.75
14064,04.03.2012 22:00:01,-3.37,-3.37,-3.75,-3,-0.81
14065,04.03.2012 23:00:01,-3.5,-3.56,-3.68,-3,-0.75
14066,05.03.2012 00:00:01,-3.68,-3.68,-3.62,-3,-0.75
14067,05.03.2012 01:00:01,-3.81,-3.87,-3.62,-3,-0.75
14068,05.03.2012 02:00:01,-4,-4.06,-3.62,-3,-0.81,3.463
14069,05.03.2012 03:00:01,-4.12,-4.31,-3.68,-2.93,-0.75
14070,05.03.2012 04:00:01,-4.31,-4.5,-3.68,-2.93,-0.75
14071,05.03.2012 05:00:01,-4.56,-4.68,-3.68,-3,-0.75
14072,05.03.2012 06:00:01,-4.68,-4.87,-3.68,-2.93,-0.81
14073,05.03.2012 07:00:01,-4.81,-5,-3.75,-2.93,-0.75
14074,05.03.2012 08:00:01,-4.93,-5.06,-3.81,-2.93,-0.75,3.459
14075,05.03.2012 09:00:01,-5,-5.12,-3.81,-2.93,-0.75
14076,05.03.2012 10:00:01,-5,-5.12,-3.87,-2.93,-0.75
14077,05.03.2012 11:00:01,-4.93,-5,-3.87,-2.93,-0.81
14078,05.03.2012 12:00:01,-4.75,-4.87,-3.93,-2.93,-0.81
14079,05.03.2012 13:00:01,-4.62,-4.68,-3.87,-2.93,-0.81
14080,05.03.2012 14:00:01,-4.43,-4.43,-3.93,-2.93,-0.75,3.457
14081,05.03.2012 15:00:01,-4.25,-4.25,-3.93,-2.93,-0.81
14082,05.03.2012 16:00:01,-4,-3.93,-3.87,-2.93,-0.81
14083,05.03.2012 17:00:01,-3.81,-3.68,-3.87,-2.93,-0.75
14084,05.03.2012 18:00:01,-3.68,-3.5,-3.81,-2.93,-0.81
14085,05.03.2012 19:00:01,-3.56,-3.43,-3.75,-2.93,-0.81
14086,05.03.2012 20:00:01,-3.56,-3.43,-3.68,-2.93,-0.75,3.464
14087,05.03.2012 21:00:01,-3.62,-3.5,-3.68,-2.93,-0.81
14088,05.03.2012 22:00:01,-3.75,-3.62,-3.62,-2.93,-0.81
14089,05.03.2012 23:00:01,-3.81,-3.75,-3.62,-2.93,-0.81
14090,06.03.2012 00:00:01,-3.93,-3.87,-3.62,-2.93,-0.81
14091,06.03.2012 01:00:01,-4,-4,-3.62,-2.93,-0.81
14092,06.03.2012 02:00:01,-4.12,-4.06,-3.62,-2.93,-0.81,3.461
14093,06.03.2012 03:00:01,-4.18,-4.18,-3.62,-2.93,-0.81
14094,06.03.2012 04:00:01,-4.31,-4.31,-3.62,-2.93,-0.81
14095,06.03.2012 05:00:01,-4.37,-4.37,-3.68,-2.87,-0.81
14096,06.03.2012 06:00:01,-4.5,-4.56,-3.68,-2.87,-0.81
14097,06.03.2012 07:00:01,-4.62,-4.68,-3.68,-2.87,-0.81
14098,06.03.2012 08:00:01,-4.75,-4.81,-3.75,-2.87,-0.81,3.461
14099,06.03.2012 09:00:01,-4.93,-5,-3.75,-2.87,-0.75
14100,06.03.2012 10:00:01,-4.93,-5.06,-3.75,-2.87,-0.81
14101,06.03.2012 11:00:01,-4.87,-4.87,-3.81,-2.87,-0.81
14102,06.03.2012 12:00:01,-4.62,-4.56,-3.81,-2.87,-0.81
14103,06.03.2012 13:00:01,-4.18,-3.62,-3.87,-2.87,-0.81
14104,06.03.2012 14:00:01,-3.75,-3.5,-3.81,-2.87,-0.81,3.465
14105,06.03.2012 15:00:01,-3.43,-3.25,-3.75,-2.87,-0.81
14106,06.03.2012 16:00:01,-3.25,-3.06,-3.68,-2.87,-0.75
14107,06.03.2012 17:00:01,-3,-2.87,-3.68,-2.87,-0.81
14108,06.03.2012 18:00:01,-2.87,-2.68,-3.62,-2.87,-0.81
14109,06.03.2012 19:00:01,-2.75,-2.56,-3.56,-2.87,-0.81
14110,06.03.2012 20:00:01,-2.68,-2.5,-3.5,-2.87,-0.81,3.475
14111,06.03.2012 21:00:01,-2.68,-2.62,-3.43,-2.87,-0.81
14112,06.03.2012 22:00:01,-2.81,-2.87,-3.37,-2.87,-0.81
14113,06.03.2012 23:00:01,-3.06,-3.25,-3.31,-2.87,-0.81
14114,07.03.2012 00:00:01,-3.37,-3.68,-3.31,-2.87,-0.81
14115,07.03.2012 01:00:01,-3.75,-4.06,-3.31,-2.87,-0.81
14116,07.03.2012 02:00:01,-4.06,-4.37,-3.37,-2.87,-0.81,3.463
14117,07.03.2012 03:00:01,-4.37,-4.68,-3.43,-2.87,-0.81
14118,07.03.2012 04:00:01,-4.62,-4.93,-3.43,-2.87,-0.81
14119,07.03.2012 05:00:01,-4.87,-5.25,-3.5,-2.87,-0.81
14120,07.03.2012 06:00:01,-5.12,-5.43,-3.56,-2.81,-0.81
14121,07.03.2012 07:00:01,-5.31,-5.62,-3.62,-2.81,-0.81
14122,07.03.2012 08:00:01,-5.56,-5.87,-3.68,-2.87,-0.81,3.454
14123,07.03.2012 09:00:01,-5.68,-6,-3.75,-2.81,-0.81
14124,07.03.2012 10:00:01,-5.75,-6,-3.87,-2.81,-0.81
14125,07.03.2012 11:00:01,-5.62,-5.81,-3.93,-2.81,-0.81
14126,07.03.2012 12:00:01,-5.31,-5.43,-4,-2.81,-0.81
14127,07.03.2012 13:00:01,-4.75,-4.81,-4,-2.81,-0.81
14128,07.03.2012 14:00:01,-4.31,-4.31,-3.93,-2.81,-0.81,3.458
14129,07.03.2012 15:00:01,-3.93,-3.87,-3.93,-2.87,-0.81
14130,07.03.2012 16:00:01,-3.56,-3.5,-3.93,-2.81,-0.81
14131,07.03.2012 17:00:01,-3.31,-3.25,-3.81,-2.81,-0.81
14132,07.03.2012 18:00:01,-3.12,-3.06,-3.75,-2.81,-0.81
14133,07.03.2012 19:00:01,-2.93,-2.93,-3.68,-2.87,-0.81
14134,07.03.2012 20:00:01,-2.87,-2.87,-3.62,-2.81,-0.81,3.474
14135,07.03.2012 21:00:01,-2.87,-2.87,-3.56,-2.87,-0.81
14136,07.03.2012 22:00:01,-2.93,-3,-3.5,-2.87,-0.81
14137,07.03.2012 23:00:01,-3.06,-3.18,-3.43,-2.87,-0.81
14138,08.03.2012 00:00:01,-3.18,-3.37,-3.43,-2.87,-0.81
14139,08.03.2012 01:00:01,-3.31,-3.5,-3.43,-2.81,-0.81
14140,08.03.2012 02:00:01,-3.5,-3.68,-3.37,-2.81,-0.81,3.468
14141,08.03.2012 03:00:01,-3.62,-3.81,-3.37,-2.81,-0.81
14142,08.03.2012 04:00:01,-3.81,-3.93,-3.43,-2.81,-0.81
14143,08.03.2012 05:00:01,-3.93,-4.12,-3.43,-2.81,-0.81
14144,08.03.2012 06:00:01,-4.06,-4.25,-3.43,-2.81,-0.81
14145,08.03.2012 07:00:01,-4.18,-4.43,-3.5,-2.81,-0.81
14146,08.03.2012 08:00:01,-4.37,-4.62,-3.5,-2.81,-0.81,3.464
14147,08.03.2012 09:00:01,-4.56,-4.81,-3.56,-2.81,-0.81
14148,08.03.2012 10:00:01,-4.68,-4.87,-3.56,-2.81,-0.81
14149,08.03.2012 11:00:01,-4.56,-4.68,-3.62,-2.81,-0.81
14150,08.03.2012 12:00:01,-4.25,-4.31,-3.62,-2.81,-0.81
14151,08.03.2012 13:00:01,-3.87,-3.87,-3.62,-2.81,-0.81
14152,08.03.2012 14:00:01,-3.56,-3.5,-3.62,-2.81,-0.81,3.462
14153,08.03.2012 15:00:01,-3.25,-3.18,-3.56,-2.75,-0.81
14154,08.03.2012 16:00:01,-3,-2.93,-3.56,-2.81,-0.81
14155,08.03.2012 17:00:01,-2.81,-2.75,-3.5,-2.75,-0.81
14156,08.03.2012 18:00:01,-2.62,-2.56,-3.43,-2.81,-0.81
14157,08.03.2012 19:00:01,-2.56,-2.43,-3.37,-2.81,-0.81
14158,08.03.2012 20:00:01,-2.43,-2.37,-3.31,-2.75,-0.81,3.473
14159,08.03.2012 21:00:01,-2.43,-2.37,-3.25,-2.75,-0.81
14160,08.03.2012 22:00:01,-2.43,-2.43,-3.18,-2.81,-0.81
14161,08.03.2012 23:00:01,-2.56,-2.75,-3.18,-2.75,-0.81
14162,09.03.2012 00:00:01,-2.87,-3.18,-3.12,-2.81,-0.81
14163,09.03.2012 01:00:01,-3.18,-3.62,-3.18,-2.81,-0.81
14164,09.03.2012 02:00:01,-3.62,-4.06,-3.18,-2.75,-0.81,3.468
14165,09.03.2012 03:00:01,-4,-4.5,-3.18,-2.75,-0.81
14166,09.03.2012 04:00:01,-4.37,-4.87,-3.25,-2.75,-0.81
14167,09.03.2012 05:00:01,-4.75,-5.31,-3.31,-2.75,-0.81
14168,09.03.2012 06:00:01,-5.12,-5.68,-3.37,-2.75,-0.81
14169,09.03.2012 07:00:01,-5.5,-6,-3.5,-2.75,-0.81
14170,09.03.2012 08:00:01,-5.87,-6.37,-3.56,-2.75,-0.81,3.452
14171,09.03.2012 09:00:01,-6.12,-6.56,-3.68,-2.75,-0.81
14172,09.03.2012 10:00:01,-6.18,-6.56,-3.81,-2.75,-0.87
14173,09.03.2012 11:00:01,-5.81,-6.12,-3.87,-2.75,-0.81
14174,09.03.2012 12:00:01,-5.31,-5.43,-3.93,-2.75,-0.81
14175,09.03.2012 13:00:01,-4.75,-4.81,-3.93,-2.75,-0.81
14176,09.03.2012 14:00:01,-4.31,-4.31,-3.93,-2.75,-0.87,3.455
14177,09.03.2012 15:00:01,-3.87,-3.87,-3.93,-2.75,-0.81
14178,09.03.2012 16:00:01,-3.56,-3.5,-3.87,-2.75,-0.81
14179,09.03.2012 17:00:01,-3.25,-3.25,-3.81,-2.75,-0.81
14180,09.03.2012 18:00:01,-3.06,-3,-3.75,-2.75,-0.81
14181,09.03.2012 19:00:01,-2.93,-2.81,-3.68,-2.75,-0.81
14182,09.03.2012 20:00:01,-2.81,-2.75,-3.56,-2.81,-0.81,3.475
14183,09.03.2012 21:00:01,-2.75,-2.81,-3.56,-2.81,-0.87
14184,09.03.2012 22:00:01,-2.87,-3.06,-3.5,-2.81,-0.81
14185,09.03.2012 23:00:01,-3.06,-3.37,-3.43,-2.75,-0.81
14186,10.03.2012 00:00:01,-3.37,-3.75,-3.43,-2.81,-0.87
14187,10.03.2012 01:00:01,-3.68,-4.18,-3.43,-2.81,-0.87
14188,10.03.2012 02:00:01,-4.06,-4.56,-3.43,-2.75,-0.81,3.467
14189,10.03.2012 03:00:01,-4.43,-4.93,-3.43,-2.81,-0.81
14190,10.03.2012 04:00:01,-4.81,-5.31,-3.56,-2.75,-0.81
14191,10.03.2012 05:00:01,-5.18,-5.68,-3.56,-2.81,-0.87
14192,10.03.2012 06:00:01,-5.5,-6,-3.68,-2.81,-0.81
14193,10.03.2012 07:00:01,-5.81,-6.25,-3.75,-2.75,-0.81
14194,10.03.2012 08:00:01,-6.06,-6.5,-3.81,-2.75,-0.87,3.447
14195,10.03.2012 09:00:01,-6.31,-6.75,-3.93,-2.75,-0.87
14196,10.03.2012 10:00:01,-6.25,-6.62,-4.06,-2.75,-0.81
14197,10.03.2012 11:00:01,-5.93,-6.18,-4.12,-2.75,-0.81
14198,10.03.2012 12:00:01,-5.43,-5.56,-4.12,-2.81,-0.87
14199,10.03.2012 13:00:01,-4.87,-4.93,-4.12,-2.75,-0.81
14200,10.03.2012 14:00:01,-4.43,-4.43,-4.12,-2.81,-0.87,3.457
14201,10.03.2012 15:00:01,-4.06,-4.06,-4.06,-2.81,-0.87
14202,10.03.2012 16:00:01,-3.75,-3.68,-4.06,-2.81,-0.81
14203,10.03.2012 17:00:01,-3.5,-3.43,-4,-2.81,-0.81
14204,10.03.2012 18:00:01,-3.31,-3.25,-3.87,-2.81,-0.81
14205,10.03.2012 19:00:01,-3.18,-3.18,-3.81,-2.81,-0.81
14206,10.03.2012 20:00:01,-3.12,-3.25,-3.75,-2.81,-0.81,3.468
14207,10.03.2012 21:00:01,-3.25,-3.43,-3.68,-2.81,-0.81
14208,10.03.2012 22:00:01,-3.43,-3.75,-3.62,-2.81,-0.87
14209,10.03.2012 23:00:01,-3.75,-4.06,-3.62,-2.81,-0.87
14210,11.03.2012 00:00:01,-4.06,-4.37,-3.62,-2.87,-0.87
14211,11.03.2012 01:00:01,-4.31,-4.75,-3.62,-2.87,-0.87
14212,11.03.2012 02:00:01,-4.62,-5,-3.68,-2.81,-0.81,3.459
14213,11.03.2012 03:00:01,-4.87,-5.31,-3.68,-2.81,-0.81
14214,11.03.2012 04:00:01,-5.18,-5.56,-3.75,-2.81,-0.87
14215,11.03.2012 05:00:01,-5.43,-5.81,-3.81,-2.81,-0.87
14216,11.03.2012 06:00:01,-5.68,-6.12,-3.87,-2.81,-0.87
14217,11.03.2012 07:00:01,-5.93,-6.31,-3.93,-2.81,-0.81
14218,11.03.2012 08:00:01,-6.18,-6.56,-4.06,-2.81,-0.81,3.449
14219,11.03.2012 09:00:01,-6.31,-6.68,-4.12,-2.81,-0.81
14220,11.03.2012 10:00:01,-6.31,-6.68,-4.18,-2.81,-0.87
14221,11.03.2012 11:00:01,-6.12,-6.37,-4.25,-2.87,-0.87
14222,11.03.2012 12:00:01,-5.62,-5.75,-4.25,-2.87,-0.87
14223,11.03.2012 13:00:01,-5.12,-5.18,-4.31,-2.87,-0.87
14224,11.03.2012 14:00:01,-4.68,-4.68,-4.31,-2.87,-0.87,3.454
14225,11.03.2012 15:00:01,-4.31,-4.25,-4.25,-2.87,-0.87
14226,11.03.2012 16:00:01,-3.93,-3.87,-4.18,-2.87,-0.87
14227,11.03.2012 17:00:01,-3.68,-3.56,-4.12,-2.87,-0.87
14228,11.03.2012 18:00:01,-3.43,-3.37,-4.06,-2.87,-0.81
14229,11.03.2012 19:00:01,-3.31,-3.18,-3.93,-2.87,-0.87
14230,11.03.2012 20:00:01,-3.25,-3.18,-3.87,-2.87,-0.81,3.472
14231,11.03.2012 21:00:01,-3.31,-3.31,-3.81,-2.87,-0.87
14232,11.03.2012 22:00:01,-3.43,-3.5,-3.75,-2.87,-0.87
14233,11.03.2012 23:00:01,-3.68,-3.75,-3.75,-2.93,-0.87
14234,12.03.2012 00:00:01,-3.87,-4,-3.68,-2.87,-0.87
14235,12.03.2012 01:00:01,-4.12,-4.25,-3.68,-2.87,-0.87
14236,12.03.2012 02:00:01,-4.31,-4.5,-3.68,-2.93,-0.87,3.467
14237,12.03.2012 03:00:01,-4.5,-4.68,-3.68,-2.87,-0.87
14238,12.03.2012 04:00:01,-4.68,-4.87,-3.75,-2.87,-0.87
14239,12.03.2012 05:00:01,-4.87,-5.12,-3.75,-2.87,-0.87
14240,12.03.2012 06:00:01,-5.12,-5.31,-3.81,-2.87,-0.87
14241,12.03.2012 07:00:01,-5.18,-5.43,-3.81,-2.87,-0.87
14242,12.03.2012 08:00:01,-5.37,-5.56,-3.87,-2.87,-0.87,3.452
14243,12.03.2012 09:00:01,-5.5,-5.68,-3.93,-2.87,-0.87
14244,12.03.2012 10:00:01,-5.43,-5.62,-4,-2.87,-0.87
14245,12.03.2012 11:00:01,-5.31,-5.37,-4,-2.87,-0.87
14246,12.03.2012 12:00:01,-4.93,-5,-4.06,-2.87,-0.87
14247,12.03.2012 13:00:01,-4.5,-4.43,-4.06,-2.87,-0.87
14248,12.03.2012 14:00:01,-4.06,-3.93,-4.06,-2.87,-0.87,3.465
14249,12.03.2012 15:00:01,-3.68,-3.56,-4,-2.87,-0.87
14250,12.03.2012 16:00:01,-3.37,-3.25,-3.87,-2.87,-0.87
14251,12.03.2012 17:00:01,-3.12,-3.06,-3.81,-2.87,-0.87
14252,12.03.2012 18:00:01,-2.93,-2.87,-3.75,-2.87,-0.87
14253,12.03.2012 19:00:01,-2.81,-2.68,-3.68,-2.87,-0.87
14254,12.03.2012 20:00:01,-2.68,-2.56,-3.62,-2.93,-0.87,3.472
14255,12.03.2012 21:00:01,-2.56,-2.5,-3.56,-2.87,-0.87
14256,12.03.2012 22:00:01,-2.5,-2.43,-3.43,-2.93,-0.87
14257,12.03.2012 23:00:01,-2.5,-2.43,-3.37,-2.87,-0.87
14258,13.03.2012 00:00:01,-2.5,-2.56,-3.37,-2.93,-0.87
14259,13.03.2012 01:00:01,-2.62,-2.75,-3.31,-2.87,-0.87
14260,13.03.2012 02:00:01,-2.81,-2.93,-3.25,-2.87,-0.87,3.478
14261,13.03.2012 03:00:01,-3,-3.12,-3.25,-2.87,-0.87
14262,13.03.2012 04:00:01,-3.12,-3.37,-3.25,-2.87,-0.87
14263,13.03.2012 05:00:01,-3.37,-3.62,-3.25,-2.87,-0.87
14264,13.03.2012 06:00:01,-3.62,-3.87,-3.25,-2.81,-0.87
14265,13.03.2012 07:00:01,-3.87,-4.06,-3.25,-2.87,-0.87
14266,13.03.2012 08:00:01,-4,-4.31,-3.31,-2.81,-0.87,3.463
14267,13.03.2012 09:00:01,-4.18,-4.43,-3.37,-2.87,-0.87
14268,13.03.2012 10:00:01,-4.25,-4.5,-3.37,-2.81,-0.87
14269,13.03.2012 11:00:01,-4.12,-4.25,-3.43,-2.81,-0.87
14270,13.03.2012 12:00:01,-3.87,-3.87,-3.43,-2.81,-0.87
14271,13.03.2012 13:00:01,-3.56,-3.56,-3.43,-2.81,-0.87
14272,13.03.2012 14:00:01,-3.25,-3.18,-3.43,-2.81,-0.87,3.467
14273,13.03.2012 15:00:01,-3,-2.93,-3.37,-2.81,-0.87
14274,13.03.2012 16:00:01,-2.81,-2.68,-3.37,-2.81,-0.87
14275,13.03.2012 17:00:01,-2.62,-2.5,-3.31,-2.81,-0.87
14276,13.03.2012 18:00:01,-2.5,-2.37,-3.25,-2.81,-0.87
14277,13.03.2012 19:00:01,-2.37,-2.25,-3.18,-2.81,-0.87
14278,13.03.2012 20:00:01,-2.25,-2.18,-3.12,-2.75,-0.87,3.476
14279,13.03.2012 21:00:01,-2.18,-2.12,-3.06,-2.75,-0.87
14280,13.03.2012 22:00:01,-2.12,-2.06,-3.06,-2.75,-0.87
14281,13.03.2012 23:00:01,-2.18,-2.12,-3.06,-2.75,-0.87
14282,14.03.2012 00:00:01,-2.18,-2.25,-3,-2.75,-0.87
14283,14.03.2012 01:00:01,-2.37,-2.5,-2.93,-2.75,-0.87
14284,14.03.2012 02:00:01,-2.56,-2.75,-2.93,-2.75,-0.87,3.480
14285,14.03.2012 03:00:01,-2.75,-3,-2.93,-2.75,-0.87
14286,14.03.2012 04:00:01,-2.93,-3.18,-2.93,-2.75,-0.87
14287,14.03.2012 05:00:01,-3.18,-3.43,-2.93,-2.68,-0.87
14288,14.03.2012 06:00:01,-3.31,-3.56,-3,-2.68,-0.87
14289,14.03.2012 07:00:01,-3.56,-3.81,-3,-2.68,-0.87
14290,14.03.2012 08:00:01,-3.75,-3.93,-3.06,-2.68,-0.87,3.471
14291,14.03.2012 09:00:01,-3.81,-4.06,-3.06,-2.68,-0.87
14292,14.03.2012 10:00:01,-3.87,-4.06,-3.12,-2.68,-0.87
14293,14.03.2012 11:00:01,-3.75,-3.81,-3.18,-2.68,-0.87
14294,14.03.2012 12:00:01,-3.5,-3.56,-3.18,-2.68,-0.87
14295,14.03.2012 13:00:01,-3.25,-3.18,-3.18,-2.68,-0.87
14296,14.03.2012 14:00:01,-3,-2.93,-3.18,-2.68,-0.87,3.475
14297,14.03.2012 15:00:01,-2.81,-2.68,-3.12,-2.68,-0.87
14298,14.03.2012 16:00:01,-2.56,-2.5,-3.12,-2.68,-0.87
14299,14.03.2012 17:00:01,-2.43,-2.31,-3.06,-2.68,-0.87
14300,14.03.2012 18:00:01,-2.31,-2.18,-3,-2.68,-0.87
14301,14.03.2012 19:00:01,-2.25,-2.12,-3,-2.68,-0.87
14302,14.03.2012 20:00:01,-2.12,-2.06,-2.93,-2.62,-0.87,3.477
14303,14.03.2012 21:00:01,-2.06,-1.93,-2.93,-2.62,-0.87
14304,14.03.2012 22:00:01,-2,-1.87,-2.87,-2.62,-0.87
14305,14.03.2012 23:00:01,-1.93,-1.87,-2.81,-2.62,-0.93
14306,15.03.2012 00:00:01,-1.93,-1.81,-2.81,-2.62,-0.87
14307,15.03.2012 01:00:01,-1.87,-1.81,-2.75,-2.62,-0.93
14308,15.03.2012 02:00:01,-1.87,-1.81,-2.75,-2.62,-0.87,3.486
14309,15.03.2012 03:00:01,-1.87,-1.81,-2.68,-2.62,-0.93
14310,15.03.2012 04:00:01,-1.93,-1.87,-2.68,-2.62,-0.93
14311,15.03.2012 05:00:01,-2,-1.93,-2.68,-2.62,-0.87
14312,15.03.2012 06:00:01,-2.12,-2.06,-2.62,-2.62,-0.87
14313,15.03.2012 07:00:01,-2.18,-2.18,-2.62,-2.56,-0.87
14314,15.03.2012 08:00:01,-2.31,-2.31,-2.62,-2.62,-0.87,3.481
14315,15.03.2012 09:00:01,-2.43,-2.5,-2.62,-2.62,-0.87
14316,15.03.2012 10:00:01,-2.56,-2.62,-2.62,-2.56,-0.87
14317,15.03.2012 11:00:01,-2.56,-2.62,-2.62,-2.56,-0.87
14318,15.03.2012 12:00:01,-2.5,-2.5,-2.68,-2.56,-0.87
14319,15.03.2012 13:00:01,-2.37,-2.37,-2.62,-2.56,-0.93
14320,15.03.2012 14:00:01,-2.25,-2.18,-2.68,-2.56,-0.87,3.482
14321,15.03.2012 15:00:01,-2.12,-2,-2.62,-2.56,-0.87
14322,15.03.2012 16:00:01,-2,-1.93,-2.62,-2.5,-0.87
14323,15.03.2012 17:00:01,-1.93,-1.81,-2.62,-2.5,-0.87
14324,15.03.2012 18:00:01,-1.81,-1.75,-2.56,-2.56,-0.93
14325,15.03.2012 19:00:01,-1.75,-1.68,-2.56,-2.5,-0.93
14326,15.03.2012 20:00:01,-1.68,-1.62,-2.56,-2.5,-0.87,3.484
14327,15.03.2012 21:00:01,-1.68,-1.56,-2.5,-2.5,-0.87
14328,15.03.2012 22:00:01,-1.62,-1.56,-2.5,-2.5,-0.93
14329,15.03.2012 23:00:01,-1.62,-1.5,-2.5,-2.5,-0.87
14330,16.03.2012 00:00:01,-1.56,-1.5,-2.43,-2.5,-0.93
14331,16.03.2012 01:00:01,-1.5,-1.43,-2.43,-2.5,-0.87
14332,16.03.2012 02:00:01,-1.5,-1.43,-2.43,-2.5,-0.93,3.490
14333,16.03.2012 03:00:01,-1.5,-1.43,-2.37,-2.5,-0.87
14334,16.03.2012 04:00:01,-1.5,-1.43,-2.37,-2.43,-0.93
14335,16.03.2012 05:00:01,-1.5,-1.43,-2.37,-2.5,-0.93
14336,16.03.2012 06:00:01,-1.5,-1.43,-2.31,-2.43,-0.93
14337,16.03.2012 07:00:01,-1.5,-1.5,-2.31,-2.43,-0.93
14338,16.03.2012 08:00:01,-1.5,-1.56,-2.31,-2.43,-0.87,3.483
14339,16.03.2012 09:00:01,-1.56,-1.62,-2.25,-2.43,-0.93
14340,16.03.2012 10:00:01,-1.56,-1.68,-2.31,-2.43,-0.87
14341,16.03.2012 11:00:01,-1.62,-1.68,-2.25,-2.43,-0.87
14342,16.03.2012 12:00:01,-1.62,-1.68,-2.25,-2.43,-0.93
14343,16.03.2012 13:00:01,-1.62,-1.62,-2.25,-2.43,-0.93
14344,16.03.2012 14:00:01,-1.56,-1.56,-2.25,-2.37,-0.87,3.484
14345,16.03.2012 15:00:01,-1.56,-1.5,-2.25,-2.43,-0.87
14346,16.03.2012 16:00:01,-1.5,-1.5,-2.25,-2.37,-0.87
14347,16.03.2012 17:00:01,-1.5,-1.43,-2.25,-2.37,-0.93
14348,16.03.2012 18:00:01,-1.43,-1.37,-2.18,-2.37,-0.87
14349,16.03.2012 19:00:01,-1.37,-1.37,-2.25,-2.37,-0.87
14350,16.03.2012 20:00:01,-1.37,-1.31,-2.18,-2.37,-0.87,3.489
14351,16.03.2012 21:00:01,-1.37,-1.31,-2.18,-2.37,-0.87
14352,16.03.2012 22:00:01,-1.37,-1.25,-2.18,-2.37,-0.87
14353,16.03.2012 23:00:01,-1.31,-1.25,-2.12,-2.37,-0.87
14354,17.03.2012 00:00:01,-1.31,-1.25,-2.12,-2.37,-0.87
14355,17.03.2012 01:00:01,-1.31,-1.25,-2.12,-2.31,-0.93
14356,17.03.2012 02:00:01,-1.25,-1.25,-2.12,-2.31,-0.87,3.487
14357,17.03.2012 03:00:01,-1.25,-1.18,-2.12,-2.31,-0.87
14358,17.03.2012 04:00:01,-1.25,-1.18,-2.12,-2.31,-0.87
14359,17.03.2012 05:00:01,-1.25,-1.18,-2.06,-2.31,-0.87
14360,17.03.2012 06:00:01,-1.25,-1.18,-2.06,-2.31,-0.87
14361,17.03.2012 07:00:01,-1.18,-1.18,-2.06,-2.31,-0.87
14362,17.03.2012 08:00:01,-1.18,-1.12,-2,-2.31,-0.87,3.488
14363,17.03.2012 09:00:01,-1.18,-1.18,-2,-2.31,-0.87
14364,17.03.2012 10:00:01,-1.18,-1.18,-2,-2.25,-0.87
14365,17.03.2012 11:00:01,-1.18,-1.12,-2,-2.31,-0.87
14366,17.03.2012 12:00:01,-1.18,-1.18,-2,-2.25,-0.87
14367,17.03.2012 13:00:01,-1.18,-1.12,-2,-2.25,-0.87
14368,17.03.2012 14:00:01,-1.18,-1.12,-2,-2.25,-0.87,3.494
14369,17.03.2012 15:00:01,-1.18,-1.12,-1.93,-2.25,-0.93
14370,17.03.2012 16:00:01,-1.18,-1.06,-1.93,-2.25,-0.87
14371,17.03.2012 17:00:01,-1.12,-1.06,-1.93,-2.25,-0.93
14372,17.03.2012 18:00:01,-1.12,-1.06,-1.93,-2.25,-0.87
14373,17.03.2012 19:00:01,-1.12,-1,-1.93,-2.25,-0.87
14374,17.03.2012 20:00:01,-1.06,-1.06,-1.87,-2.25,-0.87,3.493
14375,17.03.2012 21:00:01,-1.06,-1,-1.93,-2.18,-0.87
14376,17.03.2012 22:00:01,-1.06,-1,-1.87,-2.25,-0.87
14377,17.03.2012 23:00:01,-1.06,-1,-1.87,-2.18,-0.87
14378,18.03.2012 00:00:01,-1.06,-1,-1.87,-2.18,-0.87
14379,18.03.2012 01:00:01,-1.06,-0.93,-1.87,-2.18,-0.87
14380,18.03.2012 02:00:01,-1.06,-0.93,-1.87,-2.18,-0.87,3.490
14381,18.03.2012 03:00:01,-1.06,-0.93,-1.81,-2.18,-0.87
14382,18.03.2012 04:00:01,-1,-0.93,-1.81,-2.18,-0.87
14383,18.03.2012 05:00:01,-1,-0.93,-1.81,-2.18,-0.87
14384,18.03.2012 06:00:01,-1,-0.93,-1.81,-2.18,-0.87
14385,18.03.2012 07:00:01,-1,-0.93,-1.81,-2.12,-0.87
14386,18.03.2012 08:00:01,-1,-0.93,-1.81,-2.18,-0.87,3.491
14387,18.03.2012 09:00:01,-1,-0.93,-1.75,-2.12,-0.87
14388,18.03.2012 10:00:01,-1,-1,-1.81,-2.12,-0.87
14389,18.03.2012 11:00:01,-1,-1,-1.75,-2.12,-0.87
14390,18.03.2012 12:00:01,-0.93,-1,-1.75,-2.12,-0.87
14391,18.03.2012 13:00:01,-1,-1,-1.75,-2.12,-0.87
14392,18.03.2012 14:00:01,-1,-1,-1.75,-2.12,-0.87,3.490
14393,18.03.2012 15:00:01,-1,-0.93,-1.75,-2.12,-0.87
14394,18.03.2012 16:00:01,-0.93,-0.93,-1.75,-2.12,-0.87
14395,18.03.2012 17:00:01,-0.93,-0.93,-1.75,-2.06,-0.87
14396,18.03.2012 18:00:01,-1,-0.93,-1.75,-2.12,-0.87
14397,18.03.2012 19:00:01,-0.93,-0.93,-1.75,-2.06,-0.87
14398,18.03.2012 20:00:01,-0.93,-0.93,-1.68,-2.06,-0.87,3.491
14399,18.03.2012 21:00:01,-0.93,-0.93,-1.68,-2.06,-0.87
14400,18.03.2012 22:00:01,-0.93,-0.87,-1.68,-2.06,-0.87
14401,18.03.2012 23:00:01,-0.93,-0.87,-1.68,-2.06,-0.87
14402,19.03.2012 00:00:01,-0.93,-0.87,-1.68,-2.06,-0.87
14403,19.03.2012 01:00:01,-0.93,-0.87,-1.68,-2.06,-0.87
14404,19.03.2012 02:00:01,-0.87,-0.87,-1.68,-2.06,-0.87,3.496
14405,19.03.2012 03:00:01,-0.93,-0.87,-1.68,-2.06,-0.87
14406,19.03.2012 04:00:01,-0.87,-0.87,-1.68,-2.06,-0.87
14407,19.03.2012 05:00:01,-0.93,-0.87,-1.62,-2,-0.87
14408,19.03.2012 06:00:01,-0.87,-0.87,-1.62,-2.06,-0.87
14409,19.03.2012 07:00:01,-0.87,-0.87,-1.62,-2,-0.87
14410,19.03.2012 08:00:01,-0.87,-0.87,-1.62,-2,-0.87,3.493
14411,19.03.2012 09:00:01,-0.87,-0.87,-1.62,-2,-0.87
14412,19.03.2012 10:00:01,-0.87,-0.93,-1.62,-2,-0.87
14413,19.03.2012 11:00:01,-0.87,-0.93,-1.62,-2,-0.87
14414,19.03.2012 12:00:01,-0.87,-0.93,-1.62,-2,-0.87
14415,19.03.2012 13:00:01,-0.93,-0.93,-1.62,-2,-0.87
14416,19.03.2012 14:00:01,-0.87,-0.93,-1.62,-2,-0.87,3.496
14417,19.03.2012 15:00:01,-0.93,-0.93,-1.62,-2,-0.87
14418,19.03.2012 16:00:01,-0.87,-0.93,-1.56,-2,-0.81
14419,19.03.2012 17:00:01,-0.87,-0.93,-1.62,-2,-0.87
14420,19.03.2012 18:00:01,-0.87,-0.93,-1.62,-2,-0.87
14421,19.03.2012 19:00:01,-0.87,-0.87,-1.56,-2,-0.87
14422,19.03.2012 20:00:01,-0.87,-0.87,-1.56,-1.93,-0.87,3.498
14423,19.03.2012 21:00:01,-0.87,-0.87,-1.56,-1.93,-0.87
14424,19.03.2012 22:00:01,-0.87,-0.87,-1.56,-1.93,-0.87
14425,19.03.2012 23:00:01,-0.81,-0.87,-1.56,-1.93,-0.81
14426,20.03.2012 00:00:01,-0.87,-0.87,-1.56,-1.93,-0.87
14427,20.03.2012 01:00:01,-0.87,-0.87,-1.56,-1.93,-0.81
14428,20.03.2012 02:00:01,-0.87,-0.93,-1.56,-1.93,-0.87,3.492
14429,20.03.2012 03:00:01,-0.87,-0.93,-1.56,-1.93,-0.87
14430,20.03.2012 04:00:01,-0.87,-0.93,-1.56,-1.93,-0.87
14431,20.03.2012 05:00:01,-0.93,-1,-1.56,-1.93,-0.87
14432,20.03.2012 06:00:01,-0.93,-1,-1.56,-1.87,-0.87
14433,20.03.2012 07:00:01,-0.93,-1.06,-1.56,-1.87,-0.81
14434,20.03.2012 08:00:01,-1,-1.06,-1.56,-1.87,-0.81,3.497
14435,20.03.2012 09:00:01,-1,-1.12,-1.56,-1.87,-0.81
14436,20.03.2012 10:00:01,-1,-1.18,-1.56,-1.93,-0.87
14437,20.03.2012 11:00:01,-1.06,-1.25,-1.56,-1.87,-0.81
14438,20.03.2012 12:00:01,-1.12,-1.25,-1.56,-1.87,-0.81
14439,20.03.2012 13:00:01,-1.18,-1.31,-1.56,-1.87,-0.87
14440,20.03.2012 14:00:01,-1.18,-1.25,-1.56,-1.87,-0.81,3.491
14441,20.03.2012 15:00:01,-1.18,-1.25,-1.56,-1.87,-0.81
14442,20.03.2012 16:00:01,-1.18,-1.25,-1.56,-1.87,-0.81
14443,20.03.2012 17:00:01,-1.18,-1.25,-1.56,-1.87,-0.81
14444,20.03.2012 18:00:01,-1.18,-1.25,-1.62,-1.87,-0.81
14445,20.03.2012 19:00:01,-1.18,-1.25,-1.56,-1.87,-0.81
14446,20.03.2012 20:00:01,-1.18,-1.25,-1.56,-1.87,-0.81,3.495
14447,20.03.2012 21:00:01,-1.18,-1.31,-1.56,-1.87,-0.81
14448,20.03.2012 22:00:01,-1.25,-1.37,-1.56,-1.87,-0.81
14449,20.03.2012 23:00:01,-1.31,-1.37,-1.62,-1.87,-0.81
14450,21.03.2012 00:00:01,-1.37,-1.5,-1.56,-1.87,-0.81
14451,21.03.2012 01:00:01,-1.43,-1.62,-1.62,-1.81,-0.81
14452,21.03.2012 02:00:01,-1.56,-1.68,-1.62,-1.81,-0.81,3.488
14453,21.03.2012 03:00:01,-1.62,-1.87,-1.62,-1.81,-0.81
14454,21.03.2012 04:00:01,-1.75,-2.06,-1.68,-1.81,-0.81
14455,21.03.2012 05:00:01,-1.87,-2.18,-1.68,-1.81,-0.81
14456,21.03.2012 06:00:01,-2.06,-2.37,-1.68,-1.81,-0.81
14457,21.03.2012 07:00:01,-2.18,-2.5,-1.68,-1.81,-0.81
14458,21.03.2012 08:00:01,-2.31,-2.68,-1.75,-1.81,-0.81,3.480
14459,21.03.2012 09:00:01,-2.43,-2.81,-1.81,-1.81,-0.81
14460,21.03.2012 10:00:01,-2.56,-2.93,-1.81,-1.81,-0.81
14461,21.03.2012 11:00:01,-2.62,-3,-1.87,-1.81,-0.81
14462,21.03.2012 12:00:01,-2.68,-2.93,-1.87,-1.81,-0.81
14463,21.03.2012 13:00:01,-2.68,-2.87,-1.93,-1.81,-0.81
14464,21.03.2012 14:00:01,-2.56,-2.81,-1.93,-1.81,-0.81,3.478
14465,21.03.2012 15:00:01,-2.37,-2.68,-1.93,-1.81,-0.81
14466,21.03.2012 16:00:01,-1.18,-2.43,-2,-1.81,-0.81
14467,21.03.2012 17:00:01,-0.25,-2,-2,-1.81,-0.81
14468,21.03.2012 18:00:01,-0.37,-1.68,-1.93,-1.81,-0.81
14469,21.03.2012 19:00:01,-0.62,-1.56,-1.87,-1.81,-0.81
14470,21.03.2012 20:00:01,-0.81,-1.5,-1.87,-1.81,-0.81,3.493
14471,21.03.2012 21:00:01,-0.87,-1.43,-1.87,-1.81,-0.81
14472,21.03.2012 22:00:01,-1,-1.37,-1.87,-1.81,-0.81
14473,21.03.2012 23:00:01,-1.12,-1.43,-1.81,-1.81,-0.81
14474,22.03.2012 00:00:01,-1.18,-1.43,-1.81,-1.81,-0.81
14475,22.03.2012 01:00:01,-1.31,-1.5,-1.81,-1.81,-0.81
14476,22.03.2012 02:00:01,-1.43,-1.62,-1.81,-1.81,-0.81,3.492
14477,22.03.2012 03:00:01,-1.56,-1.75,-1.81,-1.81,-0.81
14478,22.03.2012 04:00:01,-1.62,-1.87,-1.87,-1.81,-0.81
14479,22.03.2012 05:00:01,-1.81,-2,-1.87,-1.81,-0.81
14480,22.03.2012 06:00:01,-1.93,-2.18,-1.87,-1.81,-0.81
14481,22.03.2012 07:00:01,-2.12,-2.37,-1.87,-1.81,-0.81
14482,22.03.2012 08:00:01,-2.31,-2.56,-1.93,-1.81,-0.81,3.488
14483,22.03.2012 09:00:01,-2.5,-2.81,-1.93,-1.81,-0.81
14484,22.03.2012 10:00:01,-2.62,-2.93,-2,-1.81,-0.81
14485,22.03.2012 11:00:01,-2.68,-2.93,-2,-1.81,-0.81
14486,22.03.2012 12:00:01,-2.68,-2.93,-2.06,-1.81,-0.81
14487,22.03.2012 13:00:01,-2.62,-2.81,-2.06,-1.81,-0.81
14488,22.03.2012 14:00:01,-2.56,-2.68,-2.06,-1.81,-0.75,3.479
14489,22.03.2012 15:00:01,-2.5,-2.56,-2.12,-1.81,-0.81
14490,22.03.2012 16:00:01,-2.31,-2.37,-2.12,-1.81,-0.81
14491,22.03.2012 17:00:01,-2.18,-2.18,-2.12,-1.81,-0.75
14492,22.03.2012 18:00:01,-2.06,-2.06,-2.12,-1.81,-0.75
14493,22.03.2012 19:00:01,-1.87,-1.87,-2.06,-1.81,-0.81
14494,22.03.2012 20:00:01,-1.75,-1.75,-2.06,-1.81,-0.81,3.488
14495,22.03.2012 21:00:01,-1.68,-1.68,-2.06,-1.81,-0.75
14496,22.03.2012 22:00:01,-1.68,-1.62,-2,-1.81,-0.75
14497,22.03.2012 23:00:01,-1.68,-1.68,-1.93,-1.81,-0.75
14498,23.03.2012 00:00:01,-1.75,-1.81,-1.93,-1.81,-0.75
14499,23.03.2012 01:00:01,-1.87,-2.06,-1.93,-1.81,-0.75
14500,23.03.2012 02:00:01,-2.06,-2.25,-1.93,-1.81,-0.75,3.486
14501,23.03.2012 03:00:01,-2.25,-2.5,-1.93,-1.81,-0.75
14502,23.03.2012 04:00:01,-2.5,-2.81,-1.93,-1.81,-0.81
14503,23.03.2012 05:00:01,-2.68,-3.06,-2,-1.81,-0.75
14504,23.03.2012 06:00:01,-2.93,-3.37,-2,-1.81,-0.81
14505,23.03.2012 07:00:01,-3.18,-3.56,-2.06,-1.81,-0.75
14506,23.03.2012 08:00:01,-3.37,-3.75,-2.12,-1.81,-0.75,3.480
14507,23.03.2012 09:00:01,-3.5,-3.87,-2.18,-1.81,-0.81
14508,23.03.2012 10:00:01,-3.5,-3.75,-2.18,-1.81,-0.81
14509,23.03.2012 11:00:01,-3.31,-3.5,-2.25,-1.81,-0.75
14510,23.03.2012 12:00:01,-3.06,-3.18,-2.25,-1.81,-0.81
14511,23.03.2012 13:00:01,-2.81,-2.87,-2.31,-1.81,-0.75
14512,23.03.2012 14:00:01,-2.56,-2.56,-2.31,-1.81,-0.75,3.480
14513,23.03.2012 15:00:01,-2.31,-2.25,-2.25,-1.81,-0.75
14514,23.03.2012 16:00:01,-2.18,-2,-2.25,-1.81,-0.75
14515,23.03.2012 17:00:01,-2,-1.81,-2.18,-1.81,-0.75
14516,23.03.2012 18:00:01,-1.87,-1.68,-2.18,-1.81,-0.75
14517,23.03.2012 19:00:01,-1.75,-1.56,-2.12,-1.81,-0.75
14518,23.03.2012 20:00:01,-1.68,-1.5,-2.06,-1.81,-0.81,3.490
14519,23.03.2012 21:00:01,-1.62,-1.43,-2.06,-1.81,-0.75
14520,23.03.2012 22:00:01,-1.5,-1.37,-2,-1.81,-0.75
14521,23.03.2012 23:00:01,-1.5,-1.31,-2,-1.81,-0.75
14522,24.03.2012 00:00:01,-1.5,-1.31,-1.93,-1.81,-0.75
14523,24.03.2012 01:00:01,-1.5,-1.37,-1.93,-1.81,-0.75
14524,24.03.2012 02:00:01,-1.56,-1.5,-1.87,-1.81,-0.75,3.486
14525,24.03.2012 03:00:01,-1.68,-1.68,-1.87,-1.81,-0.75
14526,24.03.2012 04:00:01,-1.75,-1.87,-1.87,-1.81,-0.75
14527,24.03.2012 05:00:01,-1.93,-2.06,-1.87,-1.81,-0.75
14528,24.03.2012 06:00:01,-2.06,-2.25,-1.87,-1.81,-0.75
14529,24.03.2012 07:00:01,-2.25,-2.43,-1.87,-1.81,-0.75
14530,24.03.2012 08:00:01,-2.43,-2.68,-1.87,-1.81,-0.75,3.479
14531,24.03.2012 09:00:01,-2.62,-2.87,-1.87,-1.81,-0.75
14532,24.03.2012 10:00:01,-2.68,-2.87,-1.93,-1.81,-0.75
14533,24.03.2012 11:00:01,-2.5,-2.68,-1.93,-1.75,-0.75
14534,24.03.2012 12:00:01,-2.37,-2.43,-1.93,-1.81,-0.75
14535,24.03.2012 13:00:01,-2.12,-2.18,-2,-1.75,-0.75
14536,24.03.2012 14:00:01,-2,-2,-2,-1.75,-0.75,3.486
14537,24.03.2012 15:00:01,-1.87,-1.87,-2,-1.81,-0.75
14538,24.03.2012 16:00:01,-1.75,-1.68,-1.93,-1.75,-0.75
14539,24.03.2012 17:00:01,-1.62,-1.62,-1.93,-1.81,-0.75
14540,24.03.2012 18:00:01,-1.56,-1.5,-1.93,-1.81,-0.75
14541,24.03.2012 19:00:01,-1.5,-1.43,-1.93,-1.81,-0.75
14542,24.03.2012 20:00:01,-1.43,-1.37,-1.87,-1.75,-0.75,3.486
14543,24.03.2012 21:00:01,-1.37,-1.31,-1.87,-1.75,-0.75
14544,24.03.2012 22:00:01,-1.31,-1.25,-1.81,-1.81,-0.75
14545,24.03.2012 23:00:01,-1.25,-1.25,-1.81,-1.75,-0.75
14546,25.03.2012 00:00:01,-1.25,-1.18,-1.81,-1.75,-0.75
14547,25.03.2012 01:00:01,-1.25,-1.18,-1.75,-1.75,-0.75
14548,25.03.2012 02:00:01,-1.18,-1.12,-1.75,-1.75,-0.75,3.488
14549,25.03.2012 03:00:01,-1.18,-1.12,-1.75,-1.75,-0.75
14550,25.03.2012 04:00:01,-1.12,-1.06,-1.75,-1.75,-0.75
14551,25.03.2012 05:00:01,-1.12,-1.06,-1.75,-1.75,-0.75
14552,25.03.2012 06:00:01,-1.12,-1.12,-1.68,-1.75,-0.75
14553,25.03.2012 07:00:01,-1.12,-1.12,-1.68,-1.75,-0.75
14554,25.03.2012 08:00:01,-1.12,-1.25,-1.68,-1.75,-0.75,3.494
14555,25.03.2012 09:00:01,-1.18,-1.31,-1.62,-1.75,-0.75
14556,25.03.2012 10:00:01,-1.25,-1.37,-1.68,-1.75,-0.75
14557,25.03.2012 11:00:01,-1.25,-1.37,-1.68,-1.75,-0.75
14558,25.03.2012 12:00:01,-1.25,-1.37,-1.68,-1.75,-0.75
14559,25.03.2012 13:00:01,-1.18,-1.31,-1.62,-1.75,-0.75
14560,25.03.2012 14:00:01,-1.18,-1.25,-1.68,-1.75,-0.75,3.494
14561,25.03.2012 15:00:01,-1.18,-1.18,-1.62,-1.75,-0.75
14562,25.03.2012 16:00:01,-1.12,-1.18,-1.62,-1.75,-0.75
14563,25.03.2012 17:00:01,-1.12,-1.12,-1.62,-1.75,-0.75
14564,25.03.2012 18:00:01,-1.06,-1.12,-1.62,-1.75,-0.75
14565,25.03.2012 19:00:01,-1.06,-1.06,-1.62,-1.75,-0.75
14566,25.03.2012 20:00:01,-1.06,-1,-1.56,-1.75,-0.75,3.491
14567,25.03.2012 21:00:01,-1,-1,-1.62,-1.75,-0.75
14568,25.03.2012 22:00:01,-1,-1,-1.56,-1.75,-0.75
14569,25.03.2012 23:00:01,-1,-0.93,-1.56,-1.75,-0.75
14570,26.03.2012 00:00:01,-0.93,-0.93,-1.56,-1.68,-0.75
14571,26.03.2012 01:00:01,-0.93,-0.93,-1.56,-1.75,-0.75
14572,26.03.2012 02:00:01,-0.93,-0.93,-1.56,-1.68,-0.75,3.492
14573,26.03.2012 03:00:01,-0.93,-0.87,-1.56,-1.68,-0.75
14574,26.03.2012 04:00:01,-0.87,-0.87,-1.5,-1.68,-0.75
14575,26.03.2012 05:00:01,-0.93,-0.87,-1.5,-1.68,-0.75
14576,26.03.2012 06:00:01,-0.93,-0.87,-1.5,-1.68,-0.68
14577,26.03.2012 07:00:01,-0.93,-0.93,-1.5,-1.68,-0.75
14578,26.03.2012 08:00:01,-0.93,-0.93,-1.5,-1.68,-0.75,3.493
14579,26.03.2012 09:00:01,-0.93,-1.06,-1.5,-1.68,-0.75
14580,26.03.2012 10:00:01,-1,-1.06,-1.5,-1.68,-0.75
14581,26.03.2012 11:00:01,-1,-1.12,-1.5,-1.68,-0.75
14582,26.03.2012 12:00:01,-1,-1.12,-1.5,-1.68,-0.75
14583,26.03.2012 13:00:01,-1,-1.06,-1.5,-1.68,-0.75
14584,26.03.2012 14:00:01,-1,-1.06,-1.5,-1.62,-0.68,3.493
14585,26.03.2012 15:00:01,-1,-1,-1.5,-1.68,-0.68
14586,26.03.2012 16:00:01,-0.93,-0.93,-1.43,-1.68,-0.68
14587,26.03.2012 17:00:01,-0.87,-0.93,-1.5,-1.68,-0.75
14588,26.03.2012 18:00:01,-0.93,-0.87,-1.5,-1.68,-0.68
14589,26.03.2012 19:00:01,-0.87,-0.87,-1.43,-1.68,-0.75
14590,26.03.2012 20:00:01,-0.87,-0.81,-1.5,-1.68,-0.75,3.498
14591,26.03.2012 21:00:01,-0.87,-0.81,-1.43,-1.68,-0.68
14592,26.03.2012 22:00:01,-0.87,-0.81,-1.43,-1.68,-0.75
14593,26.03.2012 23:00:01,-0.87,-0.81,-1.43,-1.62,-0.75
14594,27.03.2012 00:00:01,-0.81,-0.81,-1.43,-1.68,-0.75
14595,27.03.2012 01:00:01,-0.81,-0.81,-1.43,-1.62,-0.75
14596,27.03.2012 02:00:01,-0.81,-0.81,-1.43,-1.62,-0.68,3.495
14597,27.03.2012 03:00:01,-0.81,-0.81,-1.37,-1.62,-0.75
14598,27.03.2012 04:00:01,-0.81,-0.81,-1.37,-1.62,-0.68
14599,27.03.2012 05:00:01,-0.81,-0.81,-1.37,-1.62,-0.68
14600,27.03.2012 06:00:01,-0.81,-0.81,-1.37,-1.62,-0.75
14601,27.03.2012 07:00:01,-0.81,-0.87,-1.37,-1.62,-0.75
14602,27.03.2012 08:00:01,-0.87,-1.06,-1.37,-1.68,-0.75,3.497
14603,27.03.2012 09:00:01,-1,-1.18,-1.37,-1.62,-0.75
14604,27.03.2012 10:00:01,-1.06,-1.31,-1.37,-1.62,-0.68
14605,27.03.2012 11:00:01,-1.18,-1.31,-1.37,-1.62,-0.75
14606,27.03.2012 12:00:01,-1.12,-1.31,-1.43,-1.62,-0.68
14607,27.03.2012 13:00:01,-1.12,-1.25,-1.43,-1.62,-0.75
14608,27.03.2012 14:00:01,-1.06,-1.18,-1.43,-1.62,-0.68,3.498
14609,27.03.2012 15:00:01,-1.06,-1.12,-1.43,-1.62,-0.68
14610,27.03.2012 16:00:01,-1,-1.06,-1.43,-1.62,-0.68
14611,27.03.2012 17:00:01,-1,-1,-1.43,-1.62,-0.68
14612,27.03.2012 18:00:01,-0.93,-0.93,-1.43,-1.62,-0.68
14613,27.03.2012 19:00:01,-0.93,-0.93,-1.43,-1.62,-0.68
14614,27.03.2012 20:00:01,-0.87,-0.87,-1.43,-1.56,-0.68,3.493
14615,27.03.2012 21:00:01,-0.87,-0.87,-1.43,-1.62,-0.68
14616,27.03.2012 22:00:01,-0.81,-0.81,-1.37,-1.62,-0.68
14617,27.03.2012 23:00:01,-0.87,-0.81,-1.37,-1.56,-0.68
14618,28.03.2012 00:00:01,-0.81,-0.81,-1.37,-1.62,-0.68
14619,28.03.2012 01:00:01,-0.81,-0.75,-1.37,-1.62,-0.68
14620,28.03.2012 02:00:01,-0.81,-0.75,-1.37,-1.62,-0.68,3.499
14621,28.03.2012 03:00:01,-0.81,-0.75,-1.37,-1.56,-0.68
14622,28.03.2012 04:00:01,-0.75,-0.75,-1.37,-1.56,-0.68
14623,28.03.2012 05:00:01,-0.75,-0.75,-1.31,-1.62,-0.68
14624,28.03.2012 06:00:01,-0.75,-0.75,-1.31,-1.62,-0.68
14625,28.03.2012 07:00:01,-0.75,-0.75,-1.31,-1.62,-0.68
14626,28.03.2012 08:00:01,-0.75,-0.81,-1.31,-1.56,-0.68,3.496
14627,28.03.2012 09:00:01,-0.81,-0.87,-1.31,-1.56,-0.68
14628,28.03.2012 10:00:01,-0.81,-0.93,-1.31,-1.56,-0.68
14629,28.03.2012 11:00:01,-0.81,-0.93,-1.37,-1.56,-0.68
14630,28.03.2012 12:00:01,-0.81,-0.93,-1.31,-1.56,-0.68
14631,28.03.2012 13:00:01,-0.81,-0.93,-1.37,-1.56,-0.68
14632,28.03.2012 14:00:01,-0.81,-0.93,-1.37,-1.56,-0.68,3.499
14633,28.03.2012 15:00:01,-0.81,-0.87,-1.37,-1.56,-0.68
14634,28.03.2012 16:00:01,-0.81,-0.87,-1.31,-1.56,-0.68
14635,28.03.2012 17:00:01,-0.75,-0.81,-1.31,-1.56,-0.68
14636,28.03.2012 18:00:01,-0.75,-0.81,-1.31,-1.56,-0.68
14637,28.03.2012 19:00:01,-0.75,-0.75,-1.31,-1.56,-0.68
14638,28.03.2012 20:00:01,-0.75,-0.75,-1.31,-1.56,-0.68,3.494
14639,28.03.2012 21:00:01,-0.75,-0.75,-1.31,-1.56,-0.68
14640,28.03.2012 22:00:01,-0.75,-0.68,-1.31,-1.56,-0.68
14641,28.03.2012 23:00:01,-0.68,-0.68,-1.31,-1.56,-0.68
14642,29.03.2012 00:00:01,-0.75,-0.68,-1.31,-1.56,-0.68
14643,29.03.2012 01:00:01,-0.68,-0.68,-1.31,-1.56,-0.68
14644,29.03.2012 02:00:01,-0.68,-0.68,-1.31,-1.56,-0.68,3.494
14645,29.03.2012 03:00:01,-0.75,-0.68,-1.31,-1.56,-0.68
14646,29.03.2012 04:00:01,-0.68,-0.68,-1.25,-1.56,-0.68
14647,29.03.2012 05:00:01,-0.68,-0.68,-1.25,-1.5,-0.68
14648,29.03.2012 06:00:01,-0.68,-0.62,-1.25,-1.5,-0.68
14649,29.03.2012 07:00:01,-0.68,-0.62,-1.25,-1.56,-0.68
14650,29.03.2012 08:00:01,-0.68,-0.68,-1.25,-1.56,-0.68,3.495
14651,29.03.2012 09:00:01,-0.68,-0.68,-1.25,-1.56,-0.68
14652,29.03.2012 10:00:01,-0.68,-0.68,-1.25,-1.5,-0.68
14653,29.03.2012 11:00:01,-0.68,-0.68,-1.25,-1.56,-0.68
14654,29.03.2012 12:00:01,-0.68,-0.68,-1.25,-1.56,-0.68
14655,29.03.2012 13:00:01,-0.68,-0.68,-1.25,-1.56,-0.68
14656,29.03.2012 14:00:01,-0.62,-0.68,-1.25,-1.5,-0.68,3.501
14657,29.03.2012 15:00:01,-0.68,-0.68,-1.25,-1.5,-0.68
14658,29.03.2012 16:00:01,-0.68,-0.68,-1.25,-1.56,-0.68
14659,29.03.2012 17:00:01,-0.68,-0.68,-1.25,-1.56,-0.68
14660,29.03.2012 18:00:01,-0.62,-0.62,-1.25,-1.5,-0.68
14661,29.03.2012 19:00:01,-0.62,-0.68,-1.25,-1.5,-0.68
14662,29.03.2012 20:00:01,-0.68,-0.62,-1.25,-1.5,-0.68,3.499
14663,29.03.2012 21:00:01,-0.62,-0.62,-1.18,-1.5,-0.68
14664,29.03.2012 22:00:01,-0.62,-0.62,-1.25,-1.5,-0.68
14665,29.03.2012 23:00:01,-0.62,-0.62,-1.18,-1.5,-0.68
14666,30.03.2012 00:00:01,-0.62,-0.62,-1.25,-1.5,-0.68
14667,30.03.2012 01:00:01,-0.62,-0.62,-1.18,-1.5,-0.68
14668,30.03.2012 02:00:01,-0.62,-0.62,-1.18,-1.5,-0.68,3.502
14669,30.03.2012 03:00:01,-0.62,-0.62,-1.18,-1.5,-0.68
14670,30.03.2012 04:00:01,-0.56,-0.56,-1.18,-1.5,-0.68
14671,30.03.2012 05:00:01,-0.56,-0.56,-1.18,-1.5,-0.68
14672,30.03.2012 06:00:01,-0.56,-0.56,-1.18,-1.5,-0.68
14673,30.03.2012 07:00:01,-0.56,-0.56,-1.18,-1.5,-0.68
14674,30.03.2012 08:00:01,-0.56,-0.56,-1.18,-1.5,-0.68,3.497
14675,30.03.2012 09:00:01,-0.56,-0.56,-1.18,-1.5,-0.68
14676,30.03.2012 10:00:01,-0.56,-0.56,-1.18,-1.5,-0.68
14677,30.03.2012 11:00:01,-0.56,-0.56,-1.18,-1.5,-0.68
14678,30.03.2012 12:00:01,-0.5,-0.56,-1.18,-1.5,-0.68
14679,30.03.2012 13:00:01,-0.56,-0.56,-1.12,-1.5,-0.68
14680,30.03.2012 14:00:01,-0.56,-0.56,-1.12,-1.5,-0.68,3.502
14681,30.03.2012 15:00:01,-0.56,-0.56,-1.12,-1.5,-0.68
14682,30.03.2012 16:00:01,-0.56,-0.5,-1.12,-1.43,-0.68
14683,30.03.2012 17:00:01,-0.56,-0.5,-1.12,-1.5,-0.68
14684,30.03.2012 18:00:01,-0.56,-0.5,-1.12,-1.43,-0.68
14685,30.03.2012 19:00:01,-0.56,-0.5,-1.12,-1.43,-0.68
14686,30.03.2012 20:00:01,-0.5,-0.43,-1.12,-1.43,-0.68,3.500
14687,30.03.2012 21:00:01,-0.5,-0.43,-1.12,-1.43,-0.68
14688,30.03.2012 22:00:01,-0.5,-0.43,-1.12,-1.43,-0.68
14689,30.03.2012 23:00:01,-0.5,-0.43,-1.12,-1.43,-0.68
14690,31.03.2012 00:00:01,-0.5,-0.43,-1.12,-1.43,-0.68
14691,31.03.2012 01:00:01,-0.43,-0.43,-1.12,-1.43,-0.68
14692,31.03.2012 02:00:01,-0.43,-0.37,-1.12,-1.43,-0.68,3.502
14693,31.03.2012 03:00:01,-0.43,-0.37,-1.12,-1.43,-0.68
14694,31.03.2012 04:00:01,-0.43,-0.43,-1.12,-1.43,-0.68
14695,31.03.2012 05:00:01,-0.43,-0.37,-1.06,-1.43,-0.68
14696,31.03.2012 06:00:01,-0.43,-0.37,-1.06,-1.43,-0.68
14697,31.03.2012 07:00:01,-0.43,-0.37,-1.06,-1.43,-0.68
14698,31.03.2012 08:00:01,-0.43,-0.37,-1.06,-1.43,-0.68,3.500
14699,31.03.2012 09:00:01,-0.43,-0.37,-1.06,-1.43,-0.68
14700,31.03.2012 10:00:01,-0.43,-0.37,-1.06,-1.43,-0.68
14701,31.03.2012 11:00:01,-0.43,-0.37,-1.06,-1.43,-0.62
14702,31.03.2012 12:00:01,-0.37,-0.37,-1.06,-1.43,-0.68
14703,31.03.2012 13:00:01,-0.43,-0.37,-1.06,-1.43,-0.68
14704,31.03.2012 14:00:01,-0.37,-0.37,-1,-1.43,-0.68,3.503
14705,31.03.2012 15:00:01,-0.43,-0.31,-1.06,-1.37,-0.68
14706,31.03.2012 16:00:01,-0.37,-0.31,-1.06,-1.43,-0.68
14707,31.03.2012 17:00:01,-0.37,-0.25,-1.06,-1.43,-0.68
14708,31.03.2012 18:00:01,-0.37,-0.25,-1.06,-1.43,-0.68
14709,31.03.2012 19:00:01,-0.31,-0.18,-1,-1.43,-0.62
14710,31.03.2012 20:00:01,-0.31,-0.12,-1,-1.43,-0.68,3.499
14711,31.03.2012 21:00:01,-0.31,-0.12,-1,-1.37,-0.68
14712,31.03.2012 22:00:01,-0.25,-0.12,-1,-1.43,-0.62
14713,31.03.2012 23:00:01,-0.25,-0.12,-1,-1.43,-0.62
14714,01.04.2012 00:00:01,-0.25,-0.12,-1,-1.43,-0.68
14715,01.04.2012 01:00:01,-0.25,-0.12,-1,-1.37,-0.62
14716,01.04.2012 02:00:01,-0.25,-0.12,-1,-1.37,-0.68,3.501
14717,01.04.2012 03:00:01,-0.25,-0.12,-1,-1.37,-0.62
14718,01.04.2012 04:00:01,-0.25,-0.12,-1,-1.37,-0.62
14719,01.04.2012 05:00:01,-0.25,-0.12,-1,-1.37,-0.62
14720,01.04.2012 06:00:01,-0.18,-0.12,-1,-1.37,-0.68
14721,01.04.2012 07:00:01,-0.25,-0.12,-1,-1.37,-0.62
14722,01.04.2012 08:00:01,-0.18,-0.12,-0.93,-1.37,-0.68,3.501
14723,01.04.2012 09:00:01,-0.25,-0.12,-1,-1.37,-0.62
14724,01.04.2012 10:00:01,-0.25,-0.12,-1,-1.37,-0.62
14725,01.04.2012 11:00:01,-0.18,-0.12,-1,-1.37,-0.68
14726,01.04.2012 12:00:01,-0.18,-0.12,-0.93,-1.37,-0.62
14727,01.04.2012 13:00:01,-0.25,-0.12,-0.93,-1.37,-0.62
14728,01.04.2012 14:00:01,-0.18,-0.06,-1,-1.37,-0.68,3.501
14729,01.04.2012 15:00:01,-0.18,-0.06,-0.93,-1.37,-0.68
14730,01.04.2012 16:00:01,-0.18,-0.06,-0.93,-1.37,-0.68
14731,01.04.2012 17:00:01,-0.18,0,-0.93,-1.37,-0.62
14732,01.04.2012 18:00:01,-0.18,0,-0.93,-1.37,-0.68
14733,01.04.2012 19:00:01,-0.18,0,-0.93,-1.37,-0.68
14734,01.04.2012 20:00:01,-0.18,0,-0.93,-1.37,-0.62,3.500
14735,01.04.2012 21:00:01,-0.12,0,-0.87,-1.37,-0.62
14736,01.04.2012 22:00:01,-0.12,0.06,-0.93,-1.37,-0.62
14737,01.04.2012 23:00:01,-0.12,0,-0.93,-1.37,-0.68
14738,02.04.2012 00:00:01,-0.12,0,-0.93,-1.37,-0.62
14739,02.04.2012 01:00:01,-0.12,0,-0.93,-1.37,-0.68
14740,02.04.2012 02:00:01,-0.12,0,-0.93,-1.37,-0.62,3.506
14741,02.04.2012 03:00:01,-0.12,0,-0.87,-1.31,-0.62
14742,02.04.2012 04:00:01,-0.12,-0.06,-0.87,-1.37,-0.62
14743,02.04.2012 05:00:01,-0.12,-0.06,-0.87,-1.37,-0.62
14744,02.04.2012 06:00:01,-0.12,0,-0.87,-1.31,-0.62
14745,02.04.2012 07:00:01,-0.12,0,-0.87,-1.37,-0.62
14746,02.04.2012 08:00:01,-0.12,-0.06,-0.93,-1.31,-0.68,3.505
14747,02.04.2012 09:00:01,-0.12,0,-0.87,-1.31,-0.62
14748,02.04.2012 10:00:01,-0.12,0,-0.87,-1.31,-0.62
14749,02.04.2012 11:00:01,-0.12,-0.06,-0.87,-1.31,-0.62
14750,02.04.2012 12:00:01,-0.12,-0.06,-0.87,-1.31,-0.62
14751,02.04.2012 13:00:01,-0.12,0,-0.87,-1.31,-0.62
14752,02.04.2012 14:00:01,-0.12,0,-0.87,-1.31,-0.62,3.502
14753,02.04.2012 15:00:01,-0.12,0.06,-0.87,-1.31,-0.62
14754,02.04.2012 16:00:01,-0.12,0.18,-0.87,-1.31,-0.62
14755,02.04.2012 17:00:01,-0.12,0.5,-0.87,-1.31,-0.62
14756,02.04.2012 18:00:01,-0.06,0.62,-0.87,-1.31,-0.62
14757,02.04.2012 19:00:01,-0.06,0.56,-0.87,-1.31,-0.62
14758,02.04.2012 20:00:01,-0.06,0.5,-0.87,-1.31,-0.62,3.503
14759,02.04.2012 21:00:01,-0.06,0.31,-0.87,-1.31,-0.62
14760,02.04.2012 22:00:01,0,0.18,-0.87,-1.31,-0.62
14761,02.04.2012 23:00:01,-0.06,0.12,-0.81,-1.31,-0.62
14762,03.04.2012 00:00:01,0,0.06,-0.81,-1.31,-0.62
14763,03.04.2012 01:00:01,-0.06,0,-0.87,-1.31,-0.62
14764,03.04.2012 02:00:01,0,0,-0.81,-1.31,-0.62,3.502
14765,03.04.2012 03:00:01,0,0,-0.81,-1.31,-0.62
14766,03.04.2012 04:00:01,-0.06,0,-0.87,-1.31,-0.62
14767,03.04.2012 05:00:01,0,0,-0.87,-1.31,-0.62
14768,03.04.2012 06:00:01,-0.06,0,-0.81,-1.31,-0.62
14769,03.04.2012 07:00:01,-0.06,0,-0.81,-1.31,-0.62
14770,03.04.2012 08:00:01,-0.06,0,-0.81,-1.25,-0.62,3.503
14771,03.04.2012 09:00:01,-0.06,0,-0.81,-1.31,-0.62
14772,03.04.2012 10:00:01,0,0,-0.81,-1.31,-0.62
14773,03.04.2012 11:00:01,-0.06,0,-0.81,-1.31,-0.62
14774,03.04.2012 12:00:01,-0.06,0,-0.81,-1.25,-0.62
14775,03.04.2012 13:00:01,0,0,-0.81,-1.25,-0.62
14776,03.04.2012 14:00:01,-0.06,0.18,-0.81,-1.25,-0.62,3.507
14777,03.04.2012 15:00:01,0,0.43,-0.81,-1.25,-0.62
14778,03.04.2012 16:00:01,0,0.62,-0.81,-1.25,-0.62
14779,03.04.2012 17:00:01,0,0.81,-0.81,-1.25,-0.62
14780,03.04.2012 18:00:01,0,0.93,-0.81,-1.31,-0.62
14781,03.04.2012 19:00:01,0,0.93,-0.75,-1.25,-0.62
14782,03.04.2012 20:00:01,0,0.81,-0.75,-1.25,-0.62,3.507
14783,03.04.2012 21:00:01,0,0.62,-0.75,-1.25,-0.62
14784,03.04.2012 22:00:01,0.06,0.43,-0.75,-1.25,-0.62
14785,03.04.2012 23:00:01,0,0.25,-0.75,-1.25,-0.62
14786,04.04.2012 00:00:01,0,0.18,-0.81,-1.25,-0.62
14787,04.04.2012 01:00:01,0.06,0.12,-0.75,-1.25,-0.62
14788,04.04.2012 02:00:01,0,0.06,-0.75,-1.25,-0.62,3.508
14789,04.04.2012 03:00:01,0,0.06,-0.75,-1.25,-0.62
14790,04.04.2012 04:00:01,0,0,-0.75,-1.25,-0.62
14791,04.04.2012 05:00:01,0,0,-0.75,-1.25,-0.62
14792,04.04.2012 06:00:01,0,0,-0.75,-1.25,-0.62
14793,04.04.2012 07:00:01,0,0,-0.75,-1.25,-0.62
14794,04.04.2012 08:00:01,0,0,-0.75,-1.25,-0.62,3.509
14795,04.04.2012 09:00:01,0,0,-0.75,-1.25,-0.62
14796,04.04.2012 10:00:01,0,0,-0.75,-1.25,-0.62
14797,04.04.2012 11:00:01,0,0,-0.75,-1.25,-0.62
14798,04.04.2012 12:00:01,0,0.06,-0.75,-1.25,-0.62
14799,04.04.2012 13:00:01,0,0.37,-0.75,-1.25,-0.62
14800,04.04.2012 14:00:01,0,0.93,-0.75,-1.25,-0.62,3.505
14801,04.04.2012 15:00:01,0.06,1.37,-0.75,-1.25,-0.62
14802,04.04.2012 16:00:01,0.12,1.68,-0.68,-1.25,-0.62
14803,04.04.2012 17:00:01,0.25,1.75,-0.75,-1.25,-0.62
14804,04.04.2012 18:00:01,0.31,1.56,-0.75,-1.18,-0.62
14805,04.04.2012 19:00:01,0.37,1.43,-0.68,-1.25,-0.62
14806,04.04.2012 20:00:01,0.37,1.12,-0.68,-1.25,-0.62,3.514
14807,04.04.2012 21:00:01,0.31,0.87,-0.68,-1.25,-0.62
14808,04.04.2012 22:00:01,0.25,0.56,-0.75,-1.18,-0.62
14809,04.04.2012 23:00:01,0.18,0.37,-0.68,-1.18,-0.62
14810,05.04.2012 00:00:01,0.12,0.25,-0.68,-1.18,-0.62
14811,05.04.2012 01:00:01,0.12,0.12,-0.68,-1.18,-0.62
14812,05.04.2012 02:00:01,0.06,0.06,-0.68,-1.18,-0.56,3.505
14813,05.04.2012 03:00:01,0.06,0.06,-0.68,-1.18,-0.62
14814,05.04.2012 04:00:01,0.06,0.06,-0.68,-1.18,-0.62
14815,05.04.2012 05:00:01,0,0,-0.68,-1.18,-0.62
14816,05.04.2012 06:00:01,0,0.06,-0.68,-1.18,-0.56
14817,05.04.2012 07:00:01,0,0,-0.68,-1.18,-0.62
14818,05.04.2012 08:00:01,0,0,-0.68,-1.18,-0.62,3.509
14819,05.04.2012 09:00:01,0,0,-0.68,-1.18,-0.56
14820,05.04.2012 10:00:01,0,0,-0.68,-1.18,-0.62
14821,05.04.2012 11:00:01,0,0,-0.68,-1.18,-0.56
14822,05.04.2012 12:00:01,0,0.06,-0.68,-1.18,-0.62
14823,05.04.2012 13:00:01,0.18,0.37,-0.68,-1.18,-0.62
14824,05.04.2012 14:00:01,0.37,1.06,-0.62,-1.18,-0.62,3.507
14825,05.04.2012 15:00:01,0.68,1.81,-0.62,-1.18,-0.56
14826,05.04.2012 16:00:01,0.93,2.25,-0.62,-1.18,-0.62
14827,05.04.2012 17:00:01,1.06,2.37,-0.62,-1.18,-0.62
14828,05.04.2012 18:00:01,1.12,2.31,-0.62,-1.18,-0.56
14829,05.04.2012 19:00:01,1.06,2.12,-0.62,-1.18,-0.56
14830,05.04.2012 20:00:01,1.06,1.75,-0.62,-1.18,-0.62,3.512
14831,05.04.2012 21:00:01,0.87,1.37,-0.62,-1.18,-0.62
14832,05.04.2012 22:00:01,0.68,1.06,-0.62,-1.18,-0.62
14833,05.04.2012 23:00:01,0.5,0.75,-0.62,-1.18,-0.62
14834,06.04.2012 00:00:01,0.37,0.5,-0.62,-1.12,-0.62
14835,06.04.2012 01:00:01,0.25,0.31,-0.62,-1.18,-0.56
14836,06.04.2012 02:00:01,0.18,0.18,-0.62,-1.18,-0.56,3.507
14837,06.04.2012 03:00:01,0.12,0.12,-0.62,-1.18,-0.56
14838,06.04.2012 04:00:01,0.06,0.12,-0.62,-1.12,-0.56
14839,06.04.2012 05:00:01,0.06,0.06,-0.62,-1.12,-0.56
14840,06.04.2012 06:00:01,0.06,0.06,-0.62,-1.12,-0.56
14841,06.04.2012 07:00:01,0.06,0,-0.62,-1.12,-0.56
14842,06.04.2012 08:00:01,0.06,0,-0.62,-1.12,-0.62,3.511
14843,06.04.2012 09:00:01,0,0,-0.62,-1.12,-0.56
14844,06.04.2012 10:00:01,0,0,-0.62,-1.12,-0.56
14845,06.04.2012 11:00:01,0,0,-0.62,-1.12,-0.56
14846,06.04.2012 12:00:01,0,0.06,-0.62,-1.12,-0.56
14847,06.04.2012 13:00:01,0.18,0.31,-0.62,-1.12,-0.56
14848,06.04.2012 14:00:01,0.37,0.62,-0.62,-1.12,-0.56,3.510
14849,06.04.2012 15:00:01,0.56,0.93,-0.56,-1.12,-0.56
14850,06.04.2012 16:00:01,0.68,1.12,-0.62,-1.12,-0.56
14851,06.04.2012 17:00:01,0.75,1.18,-0.56,-1.12,-0.56
14852,06.04.2012 18:00:01,0.87,1.37,-0.62,-1.12,-0.56
14853,06.04.2012 19:00:01,0.93,1.31,-0.62,-1.12,-0.56
14854,06.04.2012 20:00:01,0.87,1.18,-0.62,-1.12,-0.56,3.515
14855,06.04.2012 21:00:01,0.68,1,-0.56,-1.12,-0.56
14856,06.04.2012 22:00:01,0.62,0.75,-0.56,-1.12,-0.62
14857,06.04.2012 23:00:01,0.43,0.5,-0.56,-1.12,-0.56
14858,07.04.2012 00:00:01,0.31,0.37,-0.62,-1.12,-0.56
14859,07.04.2012 01:00:01,0.18,0.25,-0.56,-1.12,-0.56
14860,07.04.2012 02:00:01,0.18,0.18,-0.56,-1.12,-0.56,3.507
14861,07.04.2012 03:00:01,0.12,0.12,-0.56,-1.12,-0.56
14862,07.04.2012 04:00:01,0.06,0.06,-0.56,-1.12,-0.56
14863,07.04.2012 05:00:01,0.06,0.06,-0.56,-1.12,-0.56
14864,07.04.2012 06:00:01,0.06,0,-0.56,-1.12,-0.56
14865,07.04.2012 07:00:01,0.06,0,-0.56,-1.12,-0.56
14866,07.04.2012 08:00:01,0,0,-0.56,-1.12,-0.56,3.509
14867,07.04.2012 09:00:01,0,0,-0.56,-1.12,-0.56
14868,07.04.2012 10:00:01,0,0,-0.56,-1.12,-0.56
14869,07.04.2012 11:00:01,0,0,-0.56,-1.12,-0.56
14870,07.04.2012 12:00:01,0.06,0.12,-0.56,-1.12,-0.56
14871,07.04.2012 13:00:01,0.37,0.75,-0.56,-1.12,-0.56
14872,07.04.2012 14:00:01,0.87,1.56,-0.56,-1.12,-0.56,3.512
14873,07.04.2012 15:00:01,1.43,2.31,-0.56,-1.12,-0.56
14874,07.04.2012 16:00:01,1.81,2.81,-0.56,-1.12,-0.56
14875,07.04.2012 17:00:01,2,3,-0.56,-1.06,-0.56
14876,07.04.2012 18:00:01,2.06,2.93,-0.56,-1.12,-0.56
14877,07.04.2012 19:00:01,2,2.68,-0.56,-1.12,-0.56
14878,07.04.2012 20:00:01,1.75,2.25,-0.5,-1.12,-0.56,3.521
14879,07.04.2012 21:00:01,1.5,1.81,-0.56,-1.06,-0.56
14880,07.04.2012 22:00:01,1.18,1.37,-0.5,-1.06,-0.56
14881,07.04.2012 23:00:01,0.93,1,-0.5,-1.06,-0.56
14882,08.04.2012 00:00:01,0.68,0.68,-0.56,-1.06,-0.56
14883,08.04.2012 01:00:01,0.5,0.43,-0.56,-1.06,-0.56
14884,08.04.2012 02:00:01,0.37,0.31,-0.56,-1.06,-0.56,3.510
14885,08.04.2012 03:00:01,0.25,0.18,-0.56,-1.12,-0.56
14886,08.04.2012 04:00:01,0.18,0.18,-0.5,-1.06,-0.56
14887,08.04.2012 05:00:01,0.12,0.12,-0.56,-1.06,-0.56
14888,08.04.2012 06:00:01,0.06,0.06,-0.56,-1.06,-0.56
14889,08.04.2012 07:00:01,0.06,0.06,-0.56,-1.06,-0.56
14890,08.04.2012 08:00:01,0.06,0.06,-0.5,-1.06,-0.56,3.510
14891,08.04.2012 09:00:01,0,0,-0.56,-1.06,-0.56
14892,08.04.2012 10:00:01,0,0,-0.56,-1.06,-0.56
14893,08.04.2012 11:00:01,0,0.06,-0.5,-1.06,-0.56
14894,08.04.2012 12:00:01,0.06,0.12,-0.5,-1.06,-0.56
14895,08.04.2012 13:00:01,0.31,0.56,-0.5,-1.06,-0.56
14896,08.04.2012 14:00:01,0.62,1,-0.5,-1.06,-0.56,3.508
14897,08.04.2012 15:00:01,1,1.43,-0.5,-1.06,-0.56
14898,08.04.2012 16:00:01,1.25,1.87,-0.5,-1.06,-0.56
14899,08.04.2012 17:00:01,1.5,2.12,-0.5,-1.06,-0.56
14900,08.04.2012 18:00:01,1.56,2.12,-0.5,-1.06,-0.56
14901,08.04.2012 19:00:01,1.56,2,-0.5,-1.06,-0.56
14902,08.04.2012 20:00:01,1.37,1.75,-0.5,-1.06,-0.56,3.515
14903,08.04.2012 21:00:01,1.18,1.37,-0.5,-1.06,-0.56
14904,08.04.2012 22:00:01,0.87,1,-0.5,-1.06,-0.56
14905,08.04.2012 23:00:01,0.68,0.75,-0.5,-1.06,-0.56
14906,09.04.2012 00:00:01,0.5,0.5,-0.5,-1.06,-0.56
14907,09.04.2012 01:00:01,0.37,0.37,-0.5,-1.06,-0.56
14908,09.04.2012 02:00:01,0.31,0.25,-0.5,-1.06,-0.56,3.510
14909,09.04.2012 03:00:01,0.18,0.12,-0.5,-1.06,-0.56
14910,09.04.2012 04:00:01,0.12,0.12,-0.5,-1.06,-0.56
14911,09.04.2012 05:00:01,0.06,0.06,-0.5,-1.06,-0.56
14912,09.04.2012 06:00:01,0.06,0,-0.5,-1,-0.56
14913,09.04.2012 07:00:01,0.06,0.06,-0.5,-1.06,-0.56
14914,09.04.2012 08:00:01,0,0,-0.5,-1.06,-0.56,3.505
14915,09.04.2012 09:00:01,0,0,-0.43,-1.06,-0.56
14916,09.04.2012 10:00:01,0,0,-0.5,-1.06,-0.56
14917,09.04.2012 11:00:01,0,0,-0.5,-1.06,-0.56
14918,09.04.2012 12:00:01,0.06,0.12,-0.5,-1.06,-0.56
14919,09.04.2012 13:00:01,0.37,0.62,-0.5,-1.06,-0.56
14920,09.04.2012 14:00:01,0.81,1.37,-0.5,-1,-0.56,3.509
14921,09.04.2012 15:00:01,1.37,2.06,-0.43,-1,-0.56
14922,09.04.2012 16:00:01,1.81,2.56,-0.43,-1,-0.5
14923,09.04.2012 17:00:01,2,2.75,-0.43,-1,-0.56
14924,09.04.2012 18:00:01,2.06,2.68,-0.43,-1,-0.56
14925,09.04.2012 19:00:01,2,2.37,-0.43,-1,-0.56
14926,09.04.2012 20:00:01,1.75,2,-0.43,-1,-0.56,3.523
14927,09.04.2012 21:00:01,1.56,1.68,-0.43,-1,-0.56
14928,09.04.2012 22:00:01,1.31,1.37,-0.43,-1.06,-0.56
14929,09.04.2012 23:00:01,1.06,1.12,-0.43,-1,-0.56
14930,10.04.2012 00:00:01,0.87,0.87,-0.43,-1,-0.56
14931,10.04.2012 01:00:01,0.68,0.62,-0.5,-1,-0.5
14932,10.04.2012 02:00:01,0.5,0.43,-0.43,-1,-0.56,3.514
14933,10.04.2012 03:00:01,0.37,0.31,-0.43,-1,-0.56
14934,10.04.2012 04:00:01,0.25,0.25,-0.43,-1,-0.56
14935,10.04.2012 05:00:01,0.18,0.12,-0.43,-1,-0.56
14936,10.04.2012 06:00:01,0.12,0.12,-0.43,-1,-0.56
14937,10.04.2012 07:00:01,0.12,0.06,-0.5,-1,-0.56
14938,10.04.2012 08:00:01,0.06,0.06,-0.43,-1,-0.56,3.506
14939,10.04.2012 09:00:01,0.06,0.06,-0.43,-1,-0.5
14940,10.04.2012 10:00:01,0.06,0.06,-0.43,-1,-0.56
14941,10.04.2012 11:00:01,0.06,0,-0.43,-1.06,-0.56
14942,10.04.2012 12:00:01,0.06,0.06,-0.43,-1,-0.5
14943,10.04.2012 13:00:01,0.18,0.25,-0.43,-1,-0.5
14944,10.04.2012 14:00:01,0.56,0.81,-0.43,-1,-0.56,3.509
14945,10.04.2012 15:00:01,1.06,1.37,-0.43,-1,-0.56
14946,10.04.2012 16:00:01,1.43,1.81,-0.43,-1,-0.5
14947,10.04.2012 17:00:01,1.62,2.12,-0.43,-1,-0.5
14948,10.04.2012 18:00:01,1.81,2.18,-0.43,-1,-0.5
14949,10.04.2012 19:00:01,1.81,2.12,-0.43,-0.93,-0.5
14950,10.04.2012 20:00:01,1.68,1.93,-0.43,-1,-0.5,3.518
14951,10.04.2012 21:00:01,1.5,1.68,-0.43,-1,-0.56
14952,10.04.2012 22:00:01,1.31,1.43,-0.43,-1,-0.5
14953,10.04.2012 23:00:01,1.12,1.18,-0.43,-1,-0.5
14954,11.04.2012 00:00:01,0.93,1.06,-0.43,-1,-0.5
14955,11.04.2012 01:00:01,0.81,0.81,-0.43,-1,-0.5
14956,11.04.2012 02:00:01,0.62,0.68,-0.43,-1,-0.5,3.511
14957,11.04.2012 03:00:01,0.56,0.5,-0.43,-1,-0.5
14958,11.04.2012 04:00:01,0.43,0.37,-0.43,-1,-0.5
14959,11.04.2012 05:00:01,0.31,0.31,-0.43,-1,-0.5
14960,11.04.2012 06:00:01,0.25,0.25,-0.43,-1,-0.5
14961,11.04.2012 07:00:01,0.18,0.18,-0.43,-0.93,-0.5
14962,11.04.2012 08:00:01,0.12,0.12,-0.43,-1,-0.5,3.512
14963,11.04.2012 09:00:01,0.12,0.12,-0.43,-1,-0.5
14964,11.04.2012 10:00:01,0.06,0.06,-0.43,-1,-0.5
14965,11.04.2012 11:00:01,0.06,0.06,-0.37,-0.93,-0.5
14966,11.04.2012 12:00:01,0.06,0.06,-0.37,-1,-0.5
14967,11.04.2012 13:00:01,0.12,0.12,-0.43,-0.93,-0.5
14968,11.04.2012 14:00:01,0.43,0.68,-0.43,-0.93,-0.5,3.509
14969,11.04.2012 15:00:01,1,1.5,-0.37,-0.93,-0.5
14970,11.04.2012 16:00:01,1.56,2.12,-0.37,-1,-0.5
14971,11.04.2012 17:00:01,1.93,2.5,-0.37,-0.93,-0.5
14972,11.04.2012 18:00:01,2.06,2.62,-0.37,-0.93,-0.5
14973,11.04.2012 19:00:01,2.12,2.56,-0.37,-1,-0.5
14974,11.04.2012 20:00:01,2,2.37,-0.37,-0.93,-0.5,3.526
14975,11.04.2012 21:00:01,1.87,2.12,-0.37,-0.93,-0.5
14976,11.04.2012 22:00:01,1.68,1.87,-0.37,-0.93,-0.5
14977,11.04.2012 23:00:01,1.43,1.56,-0.37,-0.93,-0.5
14978,12.04.2012 00:00:01,1.18,1.25,-0.37,-0.93,-0.5
14979,12.04.2012 01:00:01,1,1,-0.37,-0.93,-0.5
14980,12.04.2012 02:00:01,0.81,0.75,-0.37,-0.93,-0.5,3.519
14981,12.04.2012 03:00:01,0.62,0.56,-0.37,-0.93,-0.5
14982,12.04.2012 04:00:01,0.5,0.43,-0.37,-0.93,-0.5
14983,12.04.2012 05:00:01,0.37,0.31,-0.37,-0.93,-0.5
14984,12.04.2012 06:00:01,0.31,0.25,-0.37,-1,-0.5
14985,12.04.2012 07:00:01,0.18,0.18,-0.37,-0.93,-0.5
14986,12.04.2012 08:00:01,0.18,0.18,-0.37,-0.93,-0.5,3.509
14987,12.04.2012 09:00:01,0.12,0.12,-0.37,-0.93,-0.5
14988,12.04.2012 10:00:01,0.12,0.12,-0.37,-0.93,-0.5
14989,12.04.2012 11:00:01,0.12,0.12,-0.37,-0.93,-0.5
14990,12.04.2012 12:00:01,0.31,0.37,-0.37,-0.93,-0.5
14991,12.04.2012 13:00:01,0.75,1,-0.37,-0.93,-0.5
14992,12.04.2012 14:00:01,1.25,1.56,-0.37,-0.93,-0.5,3.518
14993,12.04.2012 15:00:01,1.62,2,-0.37,-0.93,-0.5
14994,12.04.2012 16:00:01,1.93,2.37,-0.31,-0.93,-0.5
14995,12.04.2012 17:00:01,2.31,2.87,-0.31,-0.93,-0.5
14996,12.04.2012 18:00:01,2.62,3.18,-0.31,-0.93,-0.5
14997,12.04.2012 19:00:01,2.75,3.18,-0.31,-0.93,-0.5
14998,12.04.2012 20:00:01,2.68,2.93,-0.31,-0.93,-0.5,3.525
14999,12.04.2012 21:00:01,2.43,2.62,-0.31,-0.93,-0.5
15000,12.04.2012 22:00:01,2.18,2.25,-0.37,-0.93,-0.5
15001,12.04.2012 23:00:01,1.81,1.81,-0.31,-0.93,-0.5
15002,13.04.2012 00:00:01,1.5,1.43,-0.37,-0.93,-0.5
15003,13.04.2012 01:00:01,1.25,1.12,-0.31,-0.93,-0.5
15004,13.04.2012 02:00:01,1,0.87,-0.37,-0.93,-0.5,3.517
15005,13.04.2012 03:00:01,0.81,0.68,-0.37,-0.93,-0.5
15006,13.04.2012 04:00:01,0.62,0.5,-0.31,-0.93,-0.5
15007,13.04.2012 05:00:01,0.5,0.37,-0.37,-0.87,-0.5
15008,13.04.2012 06:00:01,0.37,0.31,-0.37,-0.93,-0.5
15009,13.04.2012 07:00:01,0.31,0.25,-0.37,-0.93,-0.5
15010,13.04.2012 08:00:01,0.25,0.18,-0.37,-0.87,-0.5,3.508
15011,13.04.2012 09:00:01,0.18,0.12,-0.37,-0.93,-0.5
15012,13.04.2012 10:00:01,0.12,0.12,-0.37,-0.93,-0.5
15013,13.04.2012 11:00:01,0.12,0.12,-0.37,-0.87,-0.5
15014,13.04.2012 12:00:01,0.25,0.25,-0.37,-0.87,-0.5
15015,13.04.2012 13:00:01,0.62,0.87,-0.31,-0.93,-0.5
15016,13.04.2012 14:00:01,1.31,1.75,-0.31,-0.87,-0.5,3.514
15017,13.04.2012 15:00:01,2.06,2.68,-0.31,-0.93,-0.5
15018,13.04.2012 16:00:01,2.75,3.37,-0.31,-0.87,-0.5
15019,13.04.2012 17:00:01,3.31,3.81,-0.25,-0.87,-0.5
15020,13.04.2012 18:00:01,3.5,3.93,-0.25,-0.87,-0.5
15021,13.04.2012 19:00:01,3.56,3.68,-0.25,-0.87,-0.5
15022,13.04.2012 20:00:01,3.37,3.37,-0.25,-0.87,-0.5,3.530
15023,13.04.2012 21:00:01,3.06,2.93,-0.25,-0.87,-0.5
15024,13.04.2012 22:00:01,2.68,2.5,-0.25,-0.87,-0.5
15025,13.04.2012 23:00:01,2.31,2.06,-0.25,-0.87,-0.5
15026,14.04.2012 00:00:01,1.93,1.62,-0.31,-0.87,-0.43
15027,14.04.2012 01:00:01,1.56,1.31,-0.31,-0.87,-0.5
15028,14.04.2012 02:00:01,1.31,1.06,-0.31,-0.87,-0.5,3.522
15029,14.04.2012 03:00:01,1.06,0.81,-0.31,-0.87,-0.5
15030,14.04.2012 04:00:01,0.87,0.68,-0.31,-0.87,-0.5
15031,14.04.2012 05:00:01,0.75,0.56,-0.31,-0.87,-0.43
15032,14.04.2012 06:00:01,0.56,0.43,-0.31,-0.87,-0.5
15033,14.04.2012 07:00:01,0.5,0.31,-0.31,-0.87,-0.43
15034,14.04.2012 08:00:01,0.37,0.25,-0.31,-0.87,-0.43,3.514
15035,14.04.2012 09:00:01,0.31,0.18,-0.31,-0.87,-0.43
15036,14.04.2012 10:00:01,0.25,0.18,-0.31,-0.87,-0.5
15037,14.04.2012 11:00:01,0.25,0.18,-0.31,-0.87,-0.5
15038,14.04.2012 12:00:01,0.25,0.25,-0.31,-0.87,-0.5
15039,14.04.2012 13:00:01,0.62,0.81,-0.31,-0.87,-0.5
15040,14.04.2012 14:00:01,1.25,1.75,-0.25,-0.87,-0.5,3.519
15041,14.04.2012 15:00:01,2,2.62,-0.25,-0.87,-0.43
15042,14.04.2012 16:00:01,2.62,3.31,-0.25,-0.87,-0.43
15043,14.04.2012 17:00:01,3.06,3.68,-0.25,-0.87,-0.5
15044,14.04.2012 18:00:01,3.25,3.75,-0.25,-0.87,-0.5
15045,14.04.2012 19:00:01,3.31,3.68,-0.25,-0.87,-0.43
15046,14.04.2012 20:00:01,3.18,3.43,-0.18,-0.87,-0.43,3.530
15047,14.04.2012 21:00:01,2.93,3.06,-0.25,-0.87,-0.5
15048,14.04.2012 22:00:01,2.62,2.62,-0.25,-0.87,-0.43
15049,14.04.2012 23:00:01,2.31,2.18,-0.25,-0.87,-0.5
15050,15.04.2012 00:00:01,1.93,1.81,-0.25,-0.87,-0.5
15051,15.04.2012 01:00:01,1.56,1.43,-0.25,-0.87,-0.5
15052,15.04.2012 02:00:01,1.31,1.18,-0.25,-0.87,-0.43,3.522
15053,15.04.2012 03:00:01,1.12,0.93,-0.25,-0.87,-0.5
15054,15.04.2012 04:00:01,0.93,0.75,-0.25,-0.87,-0.43
15055,15.04.2012 05:00:01,0.75,0.62,-0.25,-0.87,-0.43
15056,15.04.2012 06:00:01,0.62,0.43,-0.25,-0.87,-0.43
15057,15.04.2012 07:00:01,0.56,0.37,-0.25,-0.87,-0.5
15058,15.04.2012 08:00:01,0.37,0.31,-0.25,-0.87,-0.5,3.514
15059,15.04.2012 09:00:01,0.31,0.25,-0.25,-0.87,-0.43
15060,15.04.2012 10:00:01,0.25,0.18,-0.25,-0.87,-0.43
15061,15.04.2012 11:00:01,0.25,0.18,-0.25,-0.87,-0.43
15062,15.04.2012 12:00:01,0.18,0.18,-0.25,-0.87,-0.43
15063,15.04.2012 13:00:01,0.25,0.18,-0.25,-0.87,-0.43
15064,15.04.2012 14:00:01,0.25,0.25,-0.25,-0.81,-0.5,3.515
15065,15.04.2012 15:00:01,0.31,0.31,-0.25,-0.87,-0.43
15066,15.04.2012 16:00:01,0.43,0.43,-0.25,-0.81,-0.43
15067,15.04.2012 17:00:01,0.56,0.56,-0.25,-0.87,-0.43
15068,15.04.2012 18:00:01,0.62,0.62,-0.25,-0.81,-0.43
15069,15.04.2012 19:00:01,0.62,0.62,-0.25,-0.81,-0.43
15070,15.04.2012 20:00:01,0.62,0.56,-0.25,-0.81,-0.43,3.513
15071,15.04.2012 21:00:01,0.56,0.5,-0.25,-0.87,-0.43
15072,15.04.2012 22:00:01,0.5,0.5,-0.25,-0.81,-0.43
15073,15.04.2012 23:00:01,0.43,0.43,-0.25,-0.81,-0.43
15074,16.04.2012 00:00:01,0.43,0.37,-0.25,-0.87,-0.43
15075,16.04.2012 01:00:01,0.37,0.31,-0.25,-0.81,-0.43
15076,16.04.2012 02:00:01,0.31,0.25,-0.25,-0.87,-0.43,3.514
15077,16.04.2012 03:00:01,0.25,0.18,-0.25,-0.81,-0.43
15078,16.04.2012 04:00:01,0.25,0.18,-0.25,-0.81,-0.43
15079,16.04.2012 05:00:01,0.18,0.18,-0.25,-0.81,-0.43
15080,16.04.2012 06:00:01,0.18,0.12,-0.25,-0.81,-0.43
15081,16.04.2012 07:00:01,0.12,0.06,-0.25,-0.87,-0.43
15082,16.04.2012 08:00:01,0.12,0.06,-0.25,-0.81,-0.43,3.507
15083,16.04.2012 09:00:01,0.12,0.06,-0.25,-0.81,-0.43
15084,16.04.2012 10:00:01,0.06,0.06,-0.25,-0.81,-0.43
15085,16.04.2012 11:00:01,0.12,0.06,-0.25,-0.81,-0.43
15086,16.04.2012 12:00:01,0.06,0.06,-0.25,-0.81,-0.43
15087,16.04.2012 13:00:01,0.06,0.06,-0.25,-0.81,-0.43
15088,16.04.2012 14:00:01,0.25,0.37,-0.25,-0.81,-0.43,3.509
15089,16.04.2012 15:00:01,0.62,1,-0.25,-0.81,-0.43
15090,16.04.2012 16:00:01,1.12,1.62,-0.25,-0.81,-0.43
15091,16.04.2012 17:00:01,1.62,2.18,-0.25,-0.81,-0.43
15092,16.04.2012 18:00:01,2.06,2.56,-0.18,-0.81,-0.43
15093,16.04.2012 19:00:01,2.31,2.68,-0.18,-0.81,-0.43
15094,16.04.2012 20:00:01,2.37,2.56,-0.18,-0.81,-0.43,3.524
15095,16.04.2012 21:00:01,2.25,2.31,-0.18,-0.81,-0.43
15096,16.04.2012 22:00:01,2,2,-0.18,-0.81,-0.43
15097,16.04.2012 23:00:01,1.75,1.68,-0.18,-0.81,-0.43
15098,17.04.2012 00:00:01,1.5,1.37,-0.18,-0.81,-0.43
15099,17.04.2012 01:00:01,1.25,1.12,-0.18,-0.81,-0.43
15100,17.04.2012 02:00:01,1.06,0.87,-0.18,-0.81,-0.43,3.516
15101,17.04.2012 03:00:01,0.87,0.75,-0.25,-0.81,-0.43
15102,17.04.2012 04:00:01,0.75,0.62,-0.18,-0.81,-0.43
15103,17.04.2012 05:00:01,0.62,0.5,-0.18,-0.81,-0.43
15104,17.04.2012 06:00:01,0.5,0.37,-0.18,-0.81,-0.43
15105,17.04.2012 07:00:01,0.43,0.31,-0.25,-0.81,-0.43
15106,17.04.2012 08:00:01,0.37,0.25,-0.18,-0.81,-0.43,3.511
15107,17.04.2012 09:00:01,0.31,0.25,-0.18,-0.81,-0.43
15108,17.04.2012 10:00:01,0.25,0.18,-0.18,-0.81,-0.43
15109,17.04.2012 11:00:01,0.25,0.18,-0.18,-0.81,-0.43
15110,17.04.2012 12:00:01,0.31,0.31,-0.18,-0.81,-0.43
15111,17.04.2012 13:00:01,0.56,0.75,-0.18,-0.81,-0.43
15112,17.04.2012 14:00:01,0.93,1.25,-0.18,-0.81,-0.43,3.518
15113,17.04.2012 15:00:01,1.37,1.81,-0.18,-0.81,-0.43
15114,17.04.2012 16:00:01,1.87,2.43,-0.18,-0.81,-0.43
15115,17.04.2012 17:00:01,2.31,2.93,-0.12,-0.81,-0.43
15116,17.04.2012 18:00:01,2.62,3.18,-0.12,-0.81,-0.43
15117,17.04.2012 19:00:01,2.81,3.18,-0.12,-0.81,-0.43
15118,17.04.2012 20:00:01,2.75,3,-0.12,-0.81,-0.43,3.530
15119,17.04.2012 21:00:01,2.56,2.68,-0.12,-0.81,-0.43
15120,17.04.2012 22:00:01,2.31,2.31,-0.12,-0.81,-0.43
15121,17.04.2012 23:00:01,2,1.93,-0.12,-0.75,-0.43
15122,18.04.2012 00:00:01,1.68,1.62,-0.12,-0.75,-0.43
15123,18.04.2012 01:00:01,1.43,1.31,-0.18,-0.75,-0.43
15124,18.04.2012 02:00:01,1.18,1.06,-0.12,-0.81,-0.43,3.518
15125,18.04.2012 03:00:01,1.06,0.87,-0.12,-0.81,-0.43
15126,18.04.2012 04:00:01,0.87,0.68,-0.18,-0.75,-0.43
15127,18.04.2012 05:00:01,0.68,0.56,-0.18,-0.81,-0.43
15128,18.04.2012 06:00:01,0.56,0.5,-0.12,-0.75,-0.43
15129,18.04.2012 07:00:01,0.5,0.37,-0.18,-0.75,-0.43
15130,18.04.2012 08:00:01,0.43,0.37,-0.18,-0.81,-0.43,3.511
15131,18.04.2012 09:00:01,0.37,0.25,-0.18,-0.81,-0.43
15132,18.04.2012 10:00:01,0.31,0.25,-0.12,-0.75,-0.43
15133,18.04.2012 11:00:01,0.25,0.25,-0.18,-0.75,-0.43
15134,18.04.2012 12:00:01,0.31,0.31,-0.12,-0.75,-0.43
15135,18.04.2012 13:00:01,0.62,0.87,-0.18,-0.75,-0.37
15136,18.04.2012 14:00:01,1.37,1.93,-0.12,-0.75,-0.43,3.516
15137,18.04.2012 15:00:01,2.12,3.06,-0.12,-0.75,-0.43
15138,18.04.2012 16:00:01,3,4,-0.12,-0.75,-0.43
15139,18.04.2012 17:00:01,3.68,4.56,-0.06,-0.75,-0.43
15140,18.04.2012 18:00:01,4.06,4.87,-0.06,-0.75,-0.43
15141,18.04.2012 19:00:01,4.25,4.87,-0.06,-0.75,-0.43
15142,18.04.2012 20:00:01,4.18,4.62,-0.06,-0.75,-0.43,3.536
15143,18.04.2012 21:00:01,4,4.18,-0.06,-0.75,-0.43
15144,18.04.2012 22:00:01,3.68,3.75,-0.06,-0.75,-0.37
15145,18.04.2012 23:00:01,3.25,3.25,-0.06,-0.75,-0.43
15146,19.04.2012 00:00:01,2.87,2.81,-0.06,-0.75,-0.43
15147,19.04.2012 01:00:01,2.5,2.37,-0.06,-0.75,-0.43
15148,19.04.2012 02:00:01,2.12,2,-0.06,-0.75,-0.43,3.530
15149,19.04.2012 03:00:01,1.87,1.68,-0.06,-0.75,-0.43
15150,19.04.2012 04:00:01,1.62,1.37,-0.12,-0.75,-0.43
15151,19.04.2012 05:00:01,1.37,1.18,-0.12,-0.75,-0.37
15152,19.04.2012 06:00:01,1.12,1,-0.12,-0.75,-0.43
15153,19.04.2012 07:00:01,1,0.87,-0.12,-0.81,-0.43
15154,19.04.2012 08:00:01,0.87,0.68,-0.12,-0.75,-0.43,3.517
15155,19.04.2012 09:00:01,0.68,0.62,-0.12,-0.75,-0.43
15156,19.04.2012 10:00:01,0.62,0.56,-0.12,-0.75,-0.43
15157,19.04.2012 11:00:01,0.56,0.5,-0.12,-0.75,-0.37
15158,19.04.2012 12:00:01,0.75,1,-0.12,-0.75,-0.43
15159,19.04.2012 13:00:01,1.37,1.87,-0.12,-0.75,-0.37
15160,19.04.2012 14:00:01,2.18,3,-0.06,-0.75,-0.43,3.527
15161,19.04.2012 15:00:01,3.12,4.12,-0.06,-0.75,-0.43
15162,19.04.2012 16:00:01,4,5,-0.06,-0.75,-0.43
15163,19.04.2012 17:00:01,4.62,5.62,0,-0.75,-0.37
15164,19.04.2012 18:00:01,5,5.87,0,-0.75,-0.37
15165,19.04.2012 19:00:01,5.18,5.81,0,-0.75,-0.43
15166,19.04.2012 20:00:01,5.06,5.5,0,-0.75,-0.43,3.550
15167,19.04.2012 21:00:01,4.81,5,0.06,-0.75,-0.43
15168,19.04.2012 22:00:01,4.43,4.56,0.06,-0.68,-0.37
15169,19.04.2012 23:00:01,4.06,4.06,0.06,-0.75,-0.43
15170,20.04.2012 00:00:01,3.68,3.56,0.06,-0.75,-0.37
15171,20.04.2012 01:00:01,3.25,3.06,0,-0.75,-0.43
15172,20.04.2012 02:00:01,2.87,2.68,0,-0.75,-0.37,3.532
15173,20.04.2012 03:00:01,2.5,2.31,0,-0.75,-0.37
15174,20.04.2012 04:00:01,2.18,2,0,-0.75,-0.37
15175,20.04.2012 05:00:01,1.93,1.68,-0.06,-0.75,-0.37
15176,20.04.2012 06:00:01,1.68,1.5,-0.06,-0.75,-0.37
15177,20.04.2012 07:00:01,1.5,1.25,-0.06,-0.75,-0.37
15178,20.04.2012 08:00:01,1.31,1.12,-0.06,-0.75,-0.37,3.525
15179,20.04.2012 09:00:01,1.12,0.93,-0.06,-0.75,-0.37
15180,20.04.2012 10:00:01,1,0.87,-0.06,-0.68,-0.37
15181,20.04.2012 11:00:01,1.06,1.12,-0.06,-0.75,-0.37
15182,20.04.2012 12:00:01,1.43,1.81,-0.06,-0.75,-0.43
15183,20.04.2012 13:00:01,2.18,2.87,-0.06,-0.68,-0.37
15184,20.04.2012 14:00:01,3,4,0,-0.75,-0.37,3.530
15185,20.04.2012 15:00:01,3.87,5.06,0,-0.75,-0.37
15186,20.04.2012 16:00:01,4.68,5.87,0.06,-0.75,-0.37
15187,20.04.2012 17:00:01,5.25,6.31,0.06,-0.75,-0.43
15188,20.04.2012 18:00:01,5.56,6.43,0.12,-0.68,-0.37
15189,20.04.2012 19:00:01,5.62,6.31,0.12,-0.68,-0.37
15190,20.04.2012 20:00:01,5.5,5.93,0.18,-0.75,-0.37,3.552
15191,20.04.2012 21:00:01,5.25,5.5,0.18,-0.75,-0.37
15192,20.04.2012 22:00:01,4.87,5,0.18,-0.68,-0.37
15193,20.04.2012 23:00:01,4.5,4.5,0.18,-0.75,-0.37
15194,21.04.2012 00:00:01,4.12,4.06,0.18,-0.75,-0.43
15195,21.04.2012 01:00:01,3.75,3.62,0.18,-0.68,-0.37
15196,21.04.2012 02:00:01,3.37,3.18,0.12,-0.68,-0.37,3.535
15197,21.04.2012 03:00:01,3,2.81,0.12,-0.68,-0.37
15198,21.04.2012 04:00:01,2.62,2.43,0.12,-0.68,-0.37
15199,21.04.2012 05:00:01,2.31,2.12,0.12,-0.68,-0.37
15200,21.04.2012 06:00:01,2.06,1.87,0.12,-0.68,-0.37
15201,21.04.2012 07:00:01,1.81,1.62,0.12,-0.68,-0.37
15202,21.04.2012 08:00:01,1.56,1.43,0.06,-0.75,-0.37,3.522
15203,21.04.2012 09:00:01,1.43,1.25,0.06,-0.68,-0.37
15204,21.04.2012 10:00:01,1.25,1.18,0.06,-0.68,-0.37
15205,21.04.2012 11:00:01,1.37,1.56,0.06,-0.68,-0.37
15206,21.04.2012 12:00:01,1.87,2.31,0.06,-0.68,-0.37
15207,21.04.2012 13:00:01,2.62,3.37,0.06,-0.68,-0.37
15208,21.04.2012 14:00:01,3.56,4.5,0.12,-0.68,-0.37,3.533
15209,21.04.2012 15:00:01,4.43,5.62,0.12,-0.68,-0.37
15210,21.04.2012 16:00:01,5.18,6.25,0.18,-0.68,-0.37
15211,21.04.2012 17:00:01,5.68,6.62,0.25,-0.68,-0.37
15212,21.04.2012 18:00:01,5.93,6.75,0.31,-0.68,-0.37
15213,21.04.2012 19:00:01,6,6.56,0.31,-0.68,-0.37
15214,21.04.2012 20:00:01,5.87,6.25,0.37,-0.68,-0.37,3.554
15215,21.04.2012 21:00:01,5.56,5.75,0.37,-0.68,-0.37
15216,21.04.2012 22:00:01,5.18,5.25,0.43,-0.68,-0.37
15217,21.04.2012 23:00:01,4.81,4.75,0.43,-0.68,-0.37
15218,22.04.2012 00:00:01,4.37,4.25,0.43,-0.68,-0.37
15219,22.04.2012 01:00:01,3.93,3.81,0.43,-0.68,-0.37
15220,22.04.2012 02:00:01,3.56,3.37,0.43,-0.68,-0.37,3.540
15221,22.04.2012 03:00:01,3.18,3,0.37,-0.68,-0.37
15222,22.04.2012 04:00:01,2.87,2.62,0.37,-0.68,-0.37
15223,22.04.2012 05:00:01,2.56,2.31,0.31,-0.68,-0.37
15224,22.04.2012 06:00:01,2.25,2.06,0.31,-0.68,-0.37
15225,22.04.2012 07:00:01,2,1.81,0.31,-0.68,-0.37
15226,22.04.2012 08:00:01,1.75,1.62,0.25,-0.68,-0.37,3.529
15227,22.04.2012 09:00:01,1.62,1.43,0.25,-0.68,-0.37
15228,22.04.2012 10:00:01,1.5,1.37,0.18,-0.68,-0.37
15229,22.04.2012 11:00:01,1.56,1.68,0.18,-0.68,-0.37
15230,22.04.2012 12:00:01,2,2.43,0.18,-0.68,-0.37
15231,22.04.2012 13:00:01,2.75,3.5,0.18,-0.68,-0.37
15232,22.04.2012 14:00:01,3.62,4.56,0.25,-0.68,-0.37,3.534
15233,22.04.2012 15:00:01,4.43,5.43,0.31,-0.68,-0.37
15234,22.04.2012 16:00:01,5.18,6.12,0.37,-0.68,-0.37
15235,22.04.2012 17:00:01,5.68,6.56,0.43,-0.62,-0.37
15236,22.04.2012 18:00:01,6,6.62,0.5,-0.68,-0.37
15237,22.04.2012 19:00:01,6,6.43,0.56,-0.68,-0.37
15238,22.04.2012 20:00:01,5.87,6.12,0.62,-0.68,-0.37,3.554
15239,22.04.2012 21:00:01,5.56,5.62,0.62,-0.68,-0.37
15240,22.04.2012 22:00:01,5.18,5.12,0.68,-0.68,-0.37
15241,22.04.2012 23:00:01,4.75,4.62,0.68,-0.68,-0.37
15242,23.04.2012 00:00:01,4.31,4.12,0.68,-0.68,-0.37
15243,23.04.2012 01:00:01,3.87,3.62,0.68,-0.68,-0.37
15244,23.04.2012 02:00:01,3.5,3.25,0.62,-0.68,-0.37,3.541
15245,23.04.2012 03:00:01,3.12,2.87,0.62,-0.68,-0.37
15246,23.04.2012 04:00:01,2.81,2.5,0.56,-0.68,-0.37
15247,23.04.2012 05:00:01,2.5,2.25,0.5,-0.68,-0.37
15248,23.04.2012 06:00:01,2.18,2,0.5,-0.68,-0.37
15249,23.04.2012 07:00:01,2,1.75,0.43,-0.68,-0.37
15250,23.04.2012 08:00:01,1.75,1.5,0.37,-0.68,-0.37,3.531
15251,23.04.2012 09:00:01,1.56,1.37,0.37,-0.62,-0.37
15252,23.04.2012 10:00:01,1.43,1.31,0.31,-0.68,-0.37
15253,23.04.2012 11:00:01,1.56,1.56,0.31,-0.62,-0.37
15254,23.04.2012 12:00:01,1.93,2.31,0.25,-0.68,-0.37
15255,23.04.2012 13:00:01,2.68,3.37,0.31,-0.62,-0.37
15256,23.04.2012 14:00:01,3.56,4.5,0.31,-0.62,-0.37,3.537
15257,23.04.2012 15:00:01,4.37,5.43,0.37,-0.68,-0.37
15258,23.04.2012 16:00:01,5.12,6.06,0.5,-0.62,-0.37
15259,23.04.2012 17:00:01,5.56,6.31,0.56,-0.62,-0.37
15260,23.04.2012 18:00:01,5.81,6.43,0.62,-0.68,-0.37
15261,23.04.2012 19:00:01,5.81,6.18,0.75,-0.62,-0.31
15262,23.04.2012 20:00:01,5.62,5.87,0.75,-0.62,-0.37,3.554
15263,23.04.2012 21:00:01,5.43,5.43,0.81,-0.62,-0.37
15264,23.04.2012 22:00:01,5.06,5,0.81,-0.62,-0.37
15265,23.04.2012 23:00:01,4.68,4.5,0.87,-0.62,-0.37
15266,24.04.2012 00:00:01,4.31,4.06,0.87,-0.62,-0.37
15267,24.04.2012 01:00:01,3.87,3.62,0.81,-0.62,-0.37
15268,24.04.2012 02:00:01,3.5,3.18,0.81,-0.68,-0.37,3.537
15269,24.04.2012 03:00:01,3.12,2.87,0.75,-0.62,-0.37
15270,24.04.2012 04:00:01,2.81,2.5,0.68,-0.62,-0.31
15271,24.04.2012 05:00:01,2.5,2.25,0.68,-0.62,-0.37
15272,24.04.2012 06:00:01,2.25,2,0.62,-0.62,-0.37
15273,24.04.2012 07:00:01,2,1.75,0.56,-0.62,-0.31
15274,24.04.2012 08:00:01,1.81,1.56,0.56,-0.62,-0.31,3.525
15275,24.04.2012 09:00:01,1.62,1.43,0.5,-0.62,-0.37
15276,24.04.2012 10:00:01,1.5,1.37,0.43,-0.62,-0.37
15277,24.04.2012 11:00:01,1.62,1.68,0.37,-0.62,-0.37
15278,24.04.2012 12:00:01,2.06,2.37,0.37,-0.62,-0.37
15279,24.04.2012 13:00:01,2.68,3.31,0.37,-0.62,-0.37
15280,24.04.2012 14:00:01,3.5,4.37,0.43,-0.62,-0.31,3.537
15281,24.04.2012 15:00:01,4.25,5.31,0.5,-0.62,-0.31
15282,24.04.2012 16:00:01,4.93,6,0.56,-0.62,-0.37
15283,24.04.2012 17:00:01,5.37,6.31,0.68,-0.62,-0.37
15284,24.04.2012 18:00:01,5.56,6.37,0.75,-0.62,-0.37
15285,24.04.2012 19:00:01,5.62,6.31,0.87,-0.62,-0.37
15286,24.04.2012 20:00:01,5.56,6.06,0.93,-0.62,-0.37,3.552
15287,24.04.2012 21:00:01,5.37,5.68,0.93,-0.62,-0.37
15288,24.04.2012 22:00:01,5.06,5.31,1,-0.62,-0.31
15289,24.04.2012 23:00:01,4.75,4.87,1,-0.62,-0.37
15290,25.04.2012 00:00:01,4.43,4.43,1,-0.62,-0.31
15291,25.04.2012 01:00:01,4.12,4.06,1,-0.62,-0.37
15292,25.04.2012 02:00:01,3.75,3.68,1,-0.62,-0.37,3.539
15293,25.04.2012 03:00:01,3.5,3.37,0.93,-0.62,-0.31
15294,25.04.2012 04:00:01,3.18,3.06,0.93,-0.62,-0.37
15295,25.04.2012 05:00:01,2.93,2.75,0.87,-0.62,-0.37
15296,25.04.2012 06:00:01,2.62,2.5,0.81,-0.62,-0.37
15297,25.04.2012 07:00:01,2.37,2.25,0.81,-0.62,-0.37
15298,25.04.2012 08:00:01,2.18,2,0.75,-0.62,-0.31,3.535
15299,25.04.2012 09:00:01,2,1.87,0.68,-0.62,-0.37
15300,25.04.2012 10:00:01,2,1.93,0.62,-0.62,-0.31
15301,25.04.2012 11:00:01,2.06,2.18,0.62,-0.62,-0.31
15302,25.04.2012 12:00:01,2.5,2.81,0.56,-0.62,-0.37
15303,25.04.2012 13:00:01,3.06,3.68,0.56,-0.62,-0.31
15304,25.04.2012 14:00:01,3.75,4.56,0.56,-0.62,-0.31,3.540
15305,25.04.2012 15:00:01,4.5,5.43,0.68,-0.62,-0.31
15306,25.04.2012 16:00:01,5.06,6,0.75,-0.62,-0.37
15307,25.04.2012 17:00:01,5.37,6.18,0.81,-0.56,-0.31
15308,25.04.2012 18:00:01,5.5,6.18,0.93,-0.56,-0.31
15309,25.04.2012 19:00:01,5.56,6.12,1,-0.62,-0.31
15310,25.04.2012 20:00:01,5.43,5.87,1.06,-0.62,-0.31,3.548
15311,25.04.2012 21:00:01,5.25,5.56,1.06,-0.62,-0.31
15312,25.04.2012 22:00:01,5,5.12,1.12,-0.56,-0.31
15313,25.04.2012 23:00:01,4.68,4.75,1.12,-0.62,-0.31
15314,26.04.2012 00:00:01,4.31,4.37,1.18,-0.62,-0.37
15315,26.04.2012 01:00:01,4,4,1.12,-0.62,-0.31
15316,26.04.2012 02:00:01,3.75,3.68,1.12,-0.56,-0.37,3.541
15317,26.04.2012 03:00:01,3.43,3.37,1.12,-0.62,-0.31
15318,26.04.2012 04:00:01,3.12,3.06,1.06,-0.62,-0.31
15319,26.04.2012 05:00:01,2.87,2.75,1,-0.62,-0.31
15320,26.04.2012 06:00:01,2.62,2.43,0.93,-0.56,-0.37
15321,26.04.2012 07:00:01,2.37,2.18,0.87,-0.62,-0.31
15322,26.04.2012 08:00:01,2.18,2,0.81,-0.56,-0.31,3.529
15323,26.04.2012 09:00:01,2,1.81,0.75,-0.62,-0.31
15324,26.04.2012 10:00:01,2,1.93,0.75,-0.56,-0.31
15325,26.04.2012 11:00:01,2.18,2.37,0.68,-0.56,-0.31
15326,26.04.2012 12:00:01,2.62,3.12,0.68,-0.56,-0.31
15327,26.04.2012 13:00:01,3.31,4.06,0.68,-0.62,-0.31
15328,26.04.2012 14:00:01,4.12,5.06,0.75,-0.56,-0.31,3.539
15329,26.04.2012 15:00:01,4.81,5.75,0.81,-0.56,-0.31
15330,26.04.2012 16:00:01,5.25,6.12,0.87,-0.56,-0.31
15331,26.04.2012 17:00:01,5.5,6.25,0.93,-0.56,-0.31
15332,26.04.2012 18:00:01,5.62,6.25,1.06,-0.56,-0.31
15333,26.04.2012 19:00:01,5.62,6.12,1.12,-0.56,-0.31
15334,26.04.2012 20:00:01,5.5,5.81,1.18,-0.56,-0.31,3.555
15335,26.04.2012 21:00:01,5.25,5.5,1.25,-0.56,-0.31
15336,26.04.2012 22:00:01,4.93,5.06,1.31,-0.56,-0.31
15337,26.04.2012 23:00:01,4.68,4.68,1.31,-0.56,-0.31
15338,27.04.2012 00:00:01,4.31,4.31,1.31,-0.56,-0.31
15339,27.04.2012 01:00:01,4,4,1.31,-0.56,-0.31
15340,27.04.2012 02:00:01,3.75,3.62,1.25,-0.56,-0.31,3.541
15341,27.04.2012 03:00:01,3.43,3.31,1.25,-0.56,-0.31
15342,27.04.2012 04:00:01,3.12,3,1.18,-0.56,-0.31
15343,27.04.2012 05:00:01,2.87,2.68,1.12,-0.56,-0.31
15344,27.04.2012 06:00:01,2.62,2.5,1.12,-0.56,-0.31
15345,27.04.2012 07:00:01,2.37,2.18,1,-0.56,-0.31
15346,27.04.2012 08:00:01,2.12,2,0.93,-0.56,-0.31,3.534
15347,27.04.2012 09:00:01,2,1.87,0.93,-0.56,-0.31
15348,27.04.2012 10:00:01,1.93,1.93,0.87,-0.56,-0.31
15349,27.04.2012 11:00:01,2.18,2.37,0.81,-0.56,-0.31
15350,27.04.2012 12:00:01,2.62,3.12,0.81,-0.56,-0.31
15351,27.04.2012 13:00:01,3.31,4.06,0.75,-0.56,-0.31
15352,27.04.2012 14:00:01,3.87,4.68,0.81,-0.56,-0.31,3.543
15353,27.04.2012 15:00:01,4.25,5.06,0.87,-0.56,-0.31
15354,27.04.2012 16:00:01,4.5,5.12,0.93,-0.56,-0.31
15355,27.04.2012 17:00:01,4.56,5,0.93,-0.56,-0.31
15356,27.04.2012 18:00:01,4.56,5,1.06,-0.56,-0.31
15357,27.04.2012 19:00:01,4.62,5,1.06,-0.56,-0.31
15358,27.04.2012 20:00:01,4.5,4.81,1.12,-0.56,-0.31,3.545
15359,27.04.2012 21:00:01,4.37,4.56,1.18,-0.56,-0.31
15360,27.04.2012 22:00:01,4.18,4.31,1.18,-0.56,-0.37
15361,27.04.2012 23:00:01,3.93,4.06,1.18,-0.56,-0.31
15362,28.04.2012 00:00:01,3.75,3.81,1.18,-0.56,-0.31
15363,28.04.2012 01:00:01,3.56,3.62,1.18,-0.56,-0.31
15364,28.04.2012 02:00:01,3.43,3.43,1.18,-0.56,-0.31,3.543
15365,28.04.2012 03:00:01,3.25,3.31,1.12,-0.56,-0.31
15366,28.04.2012 04:00:01,3.12,3.18,1.12,-0.56,-0.31
15367,28.04.2012 05:00:01,3,3,1.12,-0.56,-0.31
15368,28.04.2012 06:00:01,2.81,2.81,1.06,-0.5,-0.31
15369,28.04.2012 07:00:01,2.75,2.75,1.06,-0.5,-0.31
15370,28.04.2012 08:00:01,2.56,2.62,1,-0.56,-0.31,3.533
15371,28.04.2012 09:00:01,2.5,2.5,1,-0.56,-0.31
15372,28.04.2012 10:00:01,2.37,2.37,0.93,-0.56,-0.31
15373,28.04.2012 11:00:01,2.31,2.31,0.87,-0.56,-0.31
15374,28.04.2012 12:00:01,2.25,2.25,0.87,-0.5,-0.31
15375,28.04.2012 13:00:01,2.18,2.18,0.87,-0.56,-0.31
15376,28.04.2012 14:00:01,2.12,2.31,0.81,-0.56,-0.31,3.533
15377,28.04.2012 15:00:01,2.31,2.68,0.81,-0.56,-0.31
15378,28.04.2012 16:00:01,2.75,3.18,0.81,-0.56,-0.31
15379,28.04.2012 17:00:01,3.12,3.62,0.81,-0.56,-0.31
15380,28.04.2012 18:00:01,3.25,3.75,0.81,-0.5,-0.31
15381,28.04.2012 19:00:01,3.31,3.75,0.87,-0.56,-0.31
15382,28.04.2012 20:00:01,3.31,3.56,0.87,-0.5,-0.31,3.535
15383,28.04.2012 21:00:01,3.18,3.43,0.93,-0.5,-0.31
15384,28.04.2012 22:00:01,3.06,3.25,0.93,-0.56,-0.31
15385,28.04.2012 23:00:01,2.93,3.06,1,-0.5,-0.31
15386,29.04.2012 00:00:01,2.81,2.93,0.93,-0.56,-0.31
15387,29.04.2012 01:00:01,2.68,2.75,0.93,-0.5,-0.31
15388,29.04.2012 02:00:01,2.56,2.62,0.93,-0.5,-0.31,3.532
15389,29.04.2012 03:00:01,2.43,2.43,0.93,-0.56,-0.31
15390,29.04.2012 04:00:01,2.31,2.31,0.87,-0.56,-0.31
15391,29.04.2012 05:00:01,2.18,2.25,0.87,-0.5,-0.31
15392,29.04.2012 06:00:01,2.12,2.12,0.87,-0.5,-0.31
15393,29.04.2012 07:00:01,2,2,0.81,-0.5,-0.31
15394,29.04.2012 08:00:01,1.93,1.93,0.81,-0.5,-0.31,3.528
15395,29.04.2012 09:00:01,1.87,1.87,0.75,-0.56,-0.31
15396,29.04.2012 10:00:01,1.75,1.75,0.75,-0.5,-0.31
15397,29.04.2012 11:00:01,1.68,1.68,0.75,-0.5,-0.31
15398,29.04.2012 12:00:01,1.62,1.68,0.68,-0.5,-0.31
15399,29.04.2012 13:00:01,1.62,1.62,0.68,-0.5,-0.31
15400,29.04.2012 14:00:01,1.56,1.56,0.62,-0.5,-0.31,3.529
15401,29.04.2012 15:00:01,1.5,1.56,0.62,-0.5,-0.31
15402,29.04.2012 16:00:01,1.5,1.56,0.62,-0.5,-0.31
15403,29.04.2012 17:00:01,1.5,1.5,0.56,-0.5,-0.31
15404,29.04.2012 18:00:01,1.43,1.43,0.56,-0.5,-0.31
15405,29.04.2012 19:00:01,1.37,1.43,0.56,-0.5,-0.31
15406,29.04.2012 20:00:01,1.31,1.37,0.56,-0.5,-0.31,3.526
15407,29.04.2012 21:00:01,1.31,1.31,0.56,-0.5,-0.31
15408,29.04.2012 22:00:01,1.25,1.25,0.5,-0.5,-0.31
15409,29.04.2012 23:00:01,1.18,1.18,0.5,-0.5,-0.31
15410,30.04.2012 00:00:01,1.12,1.18,0.5,-0.5,-0.31
15411,30.04.2012 01:00:01,1.12,1.12,0.5,-0.5,-0.31
15412,30.04.2012 02:00:01,1.06,1.06,0.43,-0.5,-0.31,3.527
15413,30.04.2012 03:00:01,1,1.06,0.43,-0.5,-0.31
15414,30.04.2012 04:00:01,1,1,0.43,-0.5,-0.25
15415,30.04.2012 05:00:01,0.93,0.93,0.37,-0.5,-0.31
15416,30.04.2012 06:00:01,0.87,0.93,0.37,-0.5,-0.31
15417,30.04.2012 07:00:01,0.87,0.87,0.37,-0.5,-0.31
15418,30.04.2012 08:00:01,0.87,0.87,0.37,-0.5,-0.31,3.518
15419,30.04.2012 09:00:01,0.81,0.81,0.37,-0.5,-0.31
15420,30.04.2012 10:00:01,0.75,0.81,0.37,-0.5,-0.31
15421,30.04.2012 11:00:01,0.75,0.75,0.31,-0.5,-0.25
15422,30.04.2012 12:00:01,0.75,0.75,0.31,-0.5,-0.31
15423,30.04.2012 13:00:01,0.75,0.75,0.31,-0.5,-0.31
15424,30.04.2012 14:00:01,0.75,0.75,0.31,-0.5,-0.31,3.523
15425,30.04.2012 15:00:01,0.75,0.75,0.25,-0.5,-0.31
15426,30.04.2012 16:00:01,0.75,0.81,0.31,-0.5,-0.31
15427,30.04.2012 17:00:01,0.75,0.81,0.31,-0.5,-0.31
15428,30.04.2012 18:00:01,0.75,0.87,0.31,-0.5,-0.31
15429,30.04.2012 19:00:01,0.81,0.87,0.25,-0.5,-0.25
15430,30.04.2012 20:00:01,0.75,0.87,0.31,-0.5,-0.25,3.519
15431,30.04.2012 21:00:01,0.75,0.81,0.25,-0.5,-0.25
15432,30.04.2012 22:00:01,0.75,0.81,0.25,-0.5,-0.31
15433,30.04.2012 23:00:01,0.68,0.68,0.25,-0.5,-0.25
15434,01.05.2012 00:00:01,0.68,0.62,0.25,-0.5,-0.25
15435,01.05.2012 01:00:01,0.62,0.56,0.25,-0.5,-0.31
15436,01.05.2012 02:00:01,0.56,0.56,0.25,-0.5,-0.31,3.522
15437,01.05.2012 03:00:01,0.5,0.5,0.25,-0.5,-0.25
15438,01.05.2012 04:00:01,0.5,0.43,0.25,-0.5,-0.25
15439,01.05.2012 05:00:01,0.43,0.43,0.25,-0.5,-0.31
15440,01.05.2012 06:00:01,0.43,0.37,0.25,-0.5,-0.31
15441,01.05.2012 07:00:01,0.37,0.37,0.18,-0.5,-0.31
15442,01.05.2012 08:00:01,0.37,0.37,0.18,-0.5,-0.25,3.517
15443,01.05.2012 09:00:01,0.31,0.31,0.18,-0.5,-0.25
15444,01.05.2012 10:00:01,0.31,0.31,0.12,-0.5,-0.25
15445,01.05.2012 11:00:01,0.31,0.31,0.18,-0.43,-0.31
15446,01.05.2012 12:00:01,0.31,0.31,0.12,-0.43,-0.31
15447,01.05.2012 13:00:01,0.43,0.56,0.12,-0.5,-0.31
15448,01.05.2012 14:00:01,0.75,1.12,0.12,-0.43,-0.25,3.522
15449,01.05.2012 15:00:01,1.31,1.75,0.18,-0.43,-0.25
15450,01.05.2012 16:00:01,1.68,2.12,0.18,-0.5,-0.25
15451,01.05.2012 17:00:01,1.93,2.43,0.25,-0.43,-0.25
15452,01.05.2012 18:00:01,2.18,2.62,0.31,-0.43,-0.25
15453,01.05.2012 19:00:01,2.31,2.68,0.37,-0.5,-0.31
15454,01.05.2012 20:00:01,2.37,2.75,0.43,-0.5,-0.25,3.527
15455,01.05.2012 21:00:01,2.37,2.68,0.5,-0.5,-0.25
15456,01.05.2012 22:00:01,2.31,2.5,0.56,-0.43,-0.31
15457,01.05.2012 23:00:01,2.25,2.37,0.56,-0.43,-0.25
15458,02.05.2012 00:00:01,2.12,2.18,0.62,-0.43,-0.25
15459,02.05.2012 01:00:01,1.93,2,0.62,-0.43,-0.25
15460,02.05.2012 02:00:01,1.87,1.87,0.62,-0.43,-0.25,3.527
15461,02.05.2012 03:00:01,1.75,1.75,0.62,-0.5,-0.25
15462,02.05.2012 04:00:01,1.56,1.56,0.62,-0.43,-0.25
15463,02.05.2012 05:00:01,1.43,1.43,0.56,-0.43,-0.25
15464,02.05.2012 06:00:01,1.37,1.31,0.56,-0.43,-0.25
15465,02.05.2012 07:00:01,1.25,1.18,0.56,-0.43,-0.31
15466,02.05.2012 08:00:01,1.12,1.12,0.56,-0.43,-0.25,3.522
15467,02.05.2012 09:00:01,1.06,1,0.56,-0.43,-0.25
15468,02.05.2012 10:00:01,1.06,1.06,0.5,-0.43,-0.31
15469,02.05.2012 11:00:01,1.18,1.31,0.5,-0.43,-0.25
15470,02.05.2012 12:00:01,1.43,1.75,0.5,-0.43,-0.25
15471,02.05.2012 13:00:01,1.87,2.37,0.43,-0.43,-0.31
15472,02.05.2012 14:00:01,2.37,2.93,0.5,-0.43,-0.31,3.528
15473,02.05.2012 15:00:01,2.81,3.43,0.56,-0.43,-0.25
15474,02.05.2012 16:00:01,3.12,3.75,0.62,-0.43,-0.25
15475,02.05.2012 17:00:01,3.37,4,0.62,-0.43,-0.25
15476,02.05.2012 18:00:01,3.62,4.18,0.75,-0.43,-0.25
15477,02.05.2012 19:00:01,3.75,4.25,0.81,-0.43,-0.31
15478,02.05.2012 20:00:01,3.68,4.12,0.87,-0.43,-0.25,3.536
15479,02.05.2012 21:00:01,3.62,3.93,0.93,-0.43,-0.25
15480,02.05.2012 22:00:01,3.43,3.68,1,-0.43,-0.31
15481,02.05.2012 23:00:01,3.25,3.43,1,-0.43,-0.25
15482,03.05.2012 00:00:01,3,3.12,1,-0.43,-0.31
15483,03.05.2012 01:00:01,2.81,2.87,1.06,-0.43,-0.25
15484,03.05.2012 02:00:01,2.62,2.68,1.06,-0.43,-0.25,3.538
15485,03.05.2012 03:00:01,2.5,2.5,1,-0.43,-0.25
15486,03.05.2012 04:00:01,2.31,2.31,1,-0.43,-0.25
15487,03.05.2012 05:00:01,2.12,2.12,1,-0.43,-0.25
15488,03.05.2012 06:00:01,2,2,0.93,-0.43,-0.25
15489,03.05.2012 07:00:01,1.81,1.81,0.93,-0.43,-0.25
15490,03.05.2012 08:00:01,1.68,1.68,0.87,-0.43,-0.25,3.530
15491,03.05.2012 09:00:01,1.62,1.56,0.81,-0.43,-0.25
15492,03.05.2012 10:00:01,1.62,1.68,0.81,-0.43,-0.25
15493,03.05.2012 11:00:01,1.81,2.06,0.75,-0.43,-0.25
15494,03.05.2012 12:00:01,2.25,2.81,0.75,-0.43,-0.25
15495,03.05.2012 13:00:01,3,3.87,0.75,-0.43,-0.25
15496,03.05.2012 14:00:01,3.87,5,0.81,-0.43,-0.25,3.537
15497,03.05.2012 15:00:01,4.68,5.93,0.87,-0.43,-0.25
15498,03.05.2012 16:00:01,5.31,6.43,1,-0.43,-0.25
15499,03.05.2012 17:00:01,5.75,6.68,1.12,-0.43,-0.25
15500,03.05.2012 18:00:01,5.81,6.75,1.25,-0.43,-0.25
15501,03.05.2012 19:00:01,5.87,6.56,1.31,-0.43,-0.25
15502,03.05.2012 20:00:01,5.68,6.25,1.43,-0.43,-0.25,3.550
15503,03.05.2012 21:00:01,5.43,5.87,1.5,-0.43,-0.25
15504,03.05.2012 22:00:01,5.12,5.43,1.56,-0.43,-0.25
15505,03.05.2012 23:00:01,4.81,5,1.62,-0.43,-0.25
15506,04.05.2012 00:00:01,4.5,4.68,1.62,-0.43,-0.25
15507,04.05.2012 01:00:01,4.25,4.31,1.62,-0.43,-0.25
15508,04.05.2012 02:00:01,3.87,3.93,1.62,-0.43,-0.25,3.543
15509,04.05.2012 03:00:01,3.56,3.56,1.62,-0.37,-0.25
15510,04.05.2012 04:00:01,3.25,3.25,1.56,-0.43,-0.25
15511,04.05.2012 05:00:01,3.06,2.93,1.5,-0.43,-0.25
15512,04.05.2012 06:00:01,2.81,2.68,1.5,-0.43,-0.25
15513,04.05.2012 07:00:01,2.56,2.5,1.37,-0.43,-0.25
15514,04.05.2012 08:00:01,2.37,2.31,1.37,-0.43,-0.25,3.532
15515,04.05.2012 09:00:01,2.18,2.12,1.31,-0.43,-0.25
15516,04.05.2012 10:00:01,2.12,2.06,1.18,-0.43,-0.25
15517,04.05.2012 11:00:01,2.12,2.25,1.12,-0.37,-0.25
15518,04.05.2012 12:00:01,2.37,2.68,1.12,-0.43,-0.25
15519,04.05.2012 13:00:01,2.81,3.43,1.06,-0.37,-0.25
15520,04.05.2012 14:00:01,3.56,4.37,1.06,-0.43,-0.25,3.540
15521,04.05.2012 15:00:01,4.37,5.37,1.12,-0.37,-0.25
15522,04.05.2012 16:00:01,5,6.06,1.18,-0.37,-0.25
15523,04.05.2012 17:00:01,5.56,6.56,1.25,-0.37,-0.25
15524,04.05.2012 18:00:01,5.81,6.81,1.37,-0.43,-0.25
15525,04.05.2012 19:00:01,6,6.68,1.43,-0.43,-0.25
15526,04.05.2012 20:00:01,5.87,6.43,1.56,-0.37,-0.25,3.554
15527,04.05.2012 21:00:01,5.68,6.06,1.62,-0.37,-0.25
15528,04.05.2012 22:00:01,5.31,5.62,1.68,-0.43,-0.25
15529,04.05.2012 23:00:01,5,5.12,1.75,-0.37,-0.25
15530,05.05.2012 00:00:01,4.56,4.62,1.75,-0.37,-0.25
15531,05.05.2012 01:00:01,4.25,4.25,1.75,-0.37,-0.25
15532,05.05.2012 02:00:01,3.87,3.81,1.75,-0.43,-0.25,3.547
15533,05.05.2012 03:00:01,3.56,3.43,1.68,-0.43,-0.18
15534,05.05.2012 04:00:01,3.25,3.12,1.68,-0.37,-0.25
15535,05.05.2012 05:00:01,3,2.87,1.62,-0.37,-0.25
15536,05.05.2012 06:00:01,2.75,2.62,1.56,-0.43,-0.25
15537,05.05.2012 07:00:01,2.56,2.43,1.5,-0.37,-0.25
15538,05.05.2012 08:00:01,2.37,2.18,1.43,-0.43,-0.25,3.538
15539,05.05.2012 09:00:01,2.18,2.06,1.37,-0.37,-0.25
15540,05.05.2012 10:00:01,2,1.93,1.31,-0.37,-0.25
15541,05.05.2012 11:00:01,2.12,2.25,1.25,-0.43,-0.25
15542,05.05.2012 12:00:01,2.56,3,1.18,-0.37,-0.25
15543,05.05.2012 13:00:01,3.31,4.12,1.12,-0.37,-0.25
15544,05.05.2012 14:00:01,4.18,5.25,1.18,-0.37,-0.25,3.541
15545,05.05.2012 15:00:01,5.06,6.25,1.18,-0.37,-0.25
15546,05.05.2012 16:00:01,5.75,6.93,1.31,-0.37,-0.25
15547,05.05.2012 17:00:01,6.25,7.31,1.37,-0.37,-0.25
15548,05.05.2012 18:00:01,6.43,7.37,1.5,-0.37,-0.25
15549,05.05.2012 19:00:01,6.5,7.18,1.62,-0.37,-0.25
15550,05.05.2012 20:00:01,6.37,6.87,1.75,-0.37,-0.25,3.562
15551,05.05.2012 21:00:01,6.06,6.43,1.81,-0.37,-0.18
15552,05.05.2012 22:00:01,5.75,6,1.87,-0.37,-0.25
15553,05.05.2012 23:00:01,5.43,5.56,1.93,-0.37,-0.25
15554,06.05.2012 00:00:01,5.06,5.12,2,-0.37,-0.18
15555,06.05.2012 01:00:01,4.75,4.75,2,-0.37,-0.25
15556,06.05.2012 02:00:01,4.43,4.43,2,-0.37,-0.25,3.547
15557,06.05.2012 03:00:01,4.12,4.12,2,-0.37,-0.25
15558,06.05.2012 04:00:01,3.87,3.81,1.93,-0.37,-0.25
15559,06.05.2012 05:00:01,3.62,3.5,1.87,-0.37,-0.25
15560,06.05.2012 06:00:01,3.37,3.25,1.81,-0.37,-0.25
15561,06.05.2012 07:00:01,3.12,3,1.75,-0.37,-0.25
15562,06.05.2012 08:00:01,2.93,2.81,1.68,-0.37,-0.25,3.543
15563,06.05.2012 09:00:01,2.81,2.75,1.62,-0.37,-0.25
15564,06.05.2012 10:00:01,2.81,2.87,1.62,-0.37,-0.25
15565,06.05.2012 11:00:01,3,3.18,1.56,-0.37,-0.18
15566,06.05.2012 12:00:01,3.18,3.56,1.5,-0.37,-0.25
15567,06.05.2012 13:00:01,3.62,4.12,1.5,-0.37,-0.25
15568,06.05.2012 14:00:01,4.06,4.62,1.43,-0.37,-0.25,3.542
15569,06.05.2012 15:00:01,4.43,5.12,1.43,-0.37,-0.25
15570,06.05.2012 16:00:01,4.87,5.5,1.5,-0.37,-0.25
15571,06.05.2012 17:00:01,5.18,5.81,1.56,-0.37,-0.25
15572,06.05.2012 18:00:01,5.37,5.93,1.62,-0.37,-0.25
15573,06.05.2012 19:00:01,5.43,5.93,1.68,-0.37,-0.25
15574,06.05.2012 20:00:01,5.37,5.75,1.75,-0.37,-0.25,3.550
15575,06.05.2012 21:00:01,5.25,5.5,1.75,-0.37,-0.18
15576,06.05.2012 22:00:01,5.06,5.18,1.81,-0.37,-0.25
15577,06.05.2012 23:00:01,4.81,4.87,1.81,-0.37,-0.25
15578,07.05.2012 00:00:01,4.62,4.62,1.87,-0.37,-0.25
15579,07.05.2012 01:00:01,4.37,4.43,1.87,-0.37,-0.25
15580,07.05.2012 02:00:01,4.18,4.18,1.87,-0.37,-0.25,3.546
15581,07.05.2012 03:00:01,4,3.93,1.81,-0.37,-0.18
15582,07.05.2012 04:00:01,3.75,3.81,1.81,-0.37,-0.25
15583,07.05.2012 05:00:01,3.56,3.56,1.81,-0.37,-0.25
15584,07.05.2012 06:00:01,3.43,3.43,1.75,-0.37,-0.18
15585,07.05.2012 07:00:01,3.31,3.25,1.75,-0.37,-0.25
15586,07.05.2012 08:00:01,3.12,3.12,1.68,-0.37,-0.18,3.543
15587,07.05.2012 09:00:01,3.06,3,1.62,-0.37,-0.18
15588,07.05.2012 10:00:01,3.06,3.06,1.62,-0.37,-0.25
15589,07.05.2012 11:00:01,3.12,3.31,1.56,-0.37,-0.25
15590,07.05.2012 12:00:01,3.37,3.68,1.5,-0.37,-0.18
15591,07.05.2012 13:00:01,3.68,4.18,1.5,-0.37,-0.18
15592,07.05.2012 14:00:01,4.31,5,1.56,-0.37,-0.25,3.546
15593,07.05.2012 15:00:01,4.87,5.56,1.56,-0.37,-0.18
15594,07.05.2012 16:00:01,5.31,6,1.62,-0.37,-0.18
15595,07.05.2012 17:00:01,5.56,6.06,1.68,-0.37,-0.25
15596,07.05.2012 18:00:01,5.56,5.93,1.75,-0.37,-0.18
15597,07.05.2012 19:00:01,5.5,5.68,1.75,-0.37,-0.18
15598,07.05.2012 20:00:01,5.31,5.43,1.87,-0.37,-0.25,3.556
15599,07.05.2012 21:00:01,5.12,5.25,1.87,-0.37,-0.25
15600,07.05.2012 22:00:01,4.93,4.93,1.93,-0.37,-0.18
15601,07.05.2012 23:00:01,4.75,4.68,1.93,-0.37,-0.18
15602,08.05.2012 00:00:01,4.56,4.43,1.93,-0.31,-0.18
15603,08.05.2012 01:00:01,4.31,4.25,1.93,-0.37,-0.25
15604,08.05.2012 02:00:01,4.12,4,1.93,-0.31,-0.25,3.544
15605,08.05.2012 03:00:01,4,3.87,1.93,-0.37,-0.18
15606,08.05.2012 04:00:01,3.75,3.62,1.87,-0.37,-0.18
15607,08.05.2012 05:00:01,3.56,3.5,1.87,-0.31,-0.18
15608,08.05.2012 06:00:01,3.43,3.37,1.81,-0.31,-0.25
15609,08.05.2012 07:00:01,3.31,3.18,1.81,-0.37,-0.18
15610,08.05.2012 08:00:01,3.12,3.06,1.75,-0.31,-0.18,3.543
15611,08.05.2012 09:00:01,3,2.93,1.68,-0.37,-0.18
15612,08.05.2012 10:00:01,2.93,2.93,1.68,-0.31,-0.18
15613,08.05.2012 11:00:01,3,3.06,1.62,-0.31,-0.18
15614,08.05.2012 12:00:01,3.12,3.25,1.56,-0.31,-0.18
15615,08.05.2012 13:00:01,3.43,3.68,1.56,-0.37,-0.18
15616,08.05.2012 14:00:01,3.75,4.12,1.56,-0.31,-0.18,3.543
15617,08.05.2012 15:00:01,4.18,4.56,1.56,-0.31,-0.18
15618,08.05.2012 16:00:01,4.5,4.87,1.56,-0.31,-0.18
15619,08.05.2012 17:00:01,4.81,5.12,1.62,-0.31,-0.18
15620,08.05.2012 18:00:01,5,5.31,1.62,-0.37,-0.18
15621,08.05.2012 19:00:01,5.12,5.37,1.68,-0.31,-0.18
15622,08.05.2012 20:00:01,5.12,5.25,1.75,-0.37,-0.18,3.554
15623,08.05.2012 21:00:01,4.93,4.93,1.81,-0.31,-0.18
15624,08.05.2012 22:00:01,4.68,4.68,1.81,-0.31,-0.25
15625,08.05.2012 23:00:01,4.5,4.37,1.87,-0.31,-0.18
15626,09.05.2012 00:00:01,4.18,4,1.87,-0.31,-0.18
15627,09.05.2012 01:00:01,3.87,3.68,1.87,-0.31,-0.18
15628,09.05.2012 02:00:01,3.62,3.37,1.81,-0.37,-0.18,3.544
15629,09.05.2012 03:00:01,3.31,3.06,1.81,-0.31,-0.25
15630,09.05.2012 04:00:01,3.06,2.81,1.75,-0.31,-0.18
15631,09.05.2012 05:00:01,2.81,2.56,1.75,-0.31,-0.18
15632,09.05.2012 06:00:01,2.56,2.37,1.68,-0.31,-0.18
15633,09.05.2012 07:00:01,2.37,2.18,1.62,-0.31,-0.25
15634,09.05.2012 08:00:01,2.18,2,1.56,-0.31,-0.18,3.538
15635,09.05.2012 09:00:01,2.06,1.87,1.5,-0.31,-0.18
15636,09.05.2012 10:00:01,1.93,1.81,1.43,-0.31,-0.18
15637,09.05.2012 11:00:01,2.06,2.12,1.37,-0.31,-0.18
15638,09.05.2012 12:00:01,2.56,2.93,1.31,-0.31,-0.18
15639,09.05.2012 13:00:01,3.25,4,1.31,-0.31,-0.18
15640,09.05.2012 14:00:01,4.06,5,1.31,-0.31,-0.18,3.541
15641,09.05.2012 15:00:01,4.87,5.87,1.37,-0.31,-0.18
15642,09.05.2012 16:00:01,5.5,6.43,1.43,-0.31,-0.18
15643,09.05.2012 17:00:01,6,6.81,1.5,-0.31,-0.18
15644,09.05.2012 18:00:01,6.25,6.81,1.62,-0.31,-0.18
15645,09.05.2012 19:00:01,6.31,6.62,1.75,-0.31,-0.18
15646,09.05.2012 20:00:01,6.12,6.25,1.81,-0.31,-0.18,3.555
15647,09.05.2012 21:00:01,5.87,5.87,1.93,-0.31,-0.18
15648,09.05.2012 22:00:01,5.56,5.43,2,-0.31,-0.18
15649,09.05.2012 23:00:01,5.18,5,2,-0.31,-0.18
15650,10.05.2012 00:00:01,4.81,4.56,2.06,-0.31,-0.18
15651,10.05.2012 01:00:01,4.43,4.18,2.06,-0.31,-0.18
15652,10.05.2012 02:00:01,4.06,3.75,2.06,-0.31,-0.18,3.549
15653,10.05.2012 03:00:01,3.68,3.43,2.06,-0.31,-0.18
15654,10.05.2012 04:00:01,3.43,3.12,2,-0.31,-0.18
15655,10.05.2012 05:00:01,3.12,2.81,1.93,-0.31,-0.18
15656,10.05.2012 06:00:01,2.87,2.62,1.87,-0.31,-0.18
15657,10.05.2012 07:00:01,2.68,2.37,1.81,-0.31,-0.18
15658,10.05.2012 08:00:01,2.5,2.18,1.75,-0.31,-0.18,3.534
15659,10.05.2012 09:00:01,2.31,2.06,1.68,-0.31,-0.18
15660,10.05.2012 10:00:01,2.18,2,1.62,-0.31,-0.18
15661,10.05.2012 11:00:01,2.31,2.37,1.56,-0.31,-0.18
15662,10.05.2012 12:00:01,2.81,3.25,1.56,-0.31,-0.18
15663,10.05.2012 13:00:01,3.5,4.25,1.5,-0.31,-0.18
15664,10.05.2012 14:00:01,4.31,5.31,1.5,-0.31,-0.18,3.543
15665,10.05.2012 15:00:01,5.18,6.18,1.56,-0.31,-0.18
15666,10.05.2012 16:00:01,5.75,6.62,1.62,-0.31,-0.18
15667,10.05.2012 17:00:01,6.06,6.75,1.68,-0.31,-0.18
15668,10.05.2012 18:00:01,6.18,6.68,1.81,-0.25,-0.18
15669,10.05.2012 19:00:01,6.06,6.37,1.87,-0.31,-0.18
15670,10.05.2012 20:00:01,5.87,6,2,-0.31,-0.18,3.561
15671,10.05.2012 21:00:01,5.62,5.62,2.06,-0.31,-0.18
15672,10.05.2012 22:00:01,5.31,5.25,2.06,-0.31,-0.18
15673,10.05.2012 23:00:01,5,4.81,2.12,-0.31,-0.18
15674,11.05.2012 00:00:01,4.62,4.5,2.12,-0.31,-0.25
15675,11.05.2012 01:00:01,4.37,4.12,2.12,-0.31,-0.18
15676,11.05.2012 02:00:01,4,3.81,2.12,-0.31,-0.18,3.550
15677,11.05.2012 03:00:01,3.75,3.5,2.06,-0.31,-0.18
15678,11.05.2012 04:00:01,3.5,3.25,2.06,-0.31,-0.18
15679,11.05.2012 05:00:01,3.18,2.93,2,-0.31,-0.18
15680,11.05.2012 06:00:01,2.93,2.68,1.93,-0.31,-0.18
15681,11.05.2012 07:00:01,2.75,2.43,1.87,-0.31,-0.18
15682,11.05.2012 08:00:01,2.5,2.25,1.81,-0.31,-0.18,3.535
15683,11.05.2012 09:00:01,2.31,2.12,1.75,-0.31,-0.18
15684,11.05.2012 10:00:01,2.31,2.18,1.68,-0.31,-0.18
15685,11.05.2012 11:00:01,2.43,2.43,1.62,-0.31,-0.18
15686,11.05.2012 12:00:01,2.68,2.87,1.62,-0.31,-0.18
15687,11.05.2012 13:00:01,3.06,3.5,1.56,-0.31,-0.18
15688,11.05.2012 14:00:01,3.68,4.37,1.56,-0.25,-0.25,3.541
15689,11.05.2012 15:00:01,4.37,5.12,1.56,-0.31,-0.18
15690,11.05.2012 16:00:01,4.87,5.56,1.62,-0.25,-0.18
15691,11.05.2012 17:00:01,5.12,5.81,1.68,-0.31,-0.18
15692,11.05.2012 18:00:01,5.25,5.81,1.75,-0.25,-0.18
15693,11.05.2012 19:00:01,5.31,5.81,1.81,-0.25,-0.18
15694,11.05.2012 20:00:01,5.31,5.68,1.87,-0.31,-0.18,3.552
15695,11.05.2012 21:00:01,5.18,5.43,1.93,-0.31,-0.18
15696,11.05.2012 22:00:01,4.93,5.12,1.93,-0.25,-0.18
15697,11.05.2012 23:00:01,4.68,4.81,2,-0.31,-0.18
15698,12.05.2012 00:00:01,4.43,4.5,2,-0.31,-0.18
15699,12.05.2012 01:00:01,4.18,4.18,2.06,-0.25,-0.18
15700,12.05.2012 02:00:01,3.93,3.93,2.06,-0.31,-0.18,3.545
15701,12.05.2012 03:00:01,3.75,3.75,2,-0.25,-0.18
15702,12.05.2012 04:00:01,3.56,3.56,2,-0.31,-0.18
15703,12.05.2012 05:00:01,3.37,3.31,2,-0.25,-0.18
15704,12.05.2012 06:00:01,3.25,3.18,1.93,-0.25,-0.18
15705,12.05.2012 07:00:01,3.12,3.06,1.87,-0.25,-0.18
15706,12.05.2012 08:00:01,3,2.93,1.87,-0.25,-0.18,3.544
15707,12.05.2012 09:00:01,2.87,2.81,1.81,-0.25,-0.18
15708,12.05.2012 10:00:01,2.81,2.75,1.75,-0.25,-0.18
15709,12.05.2012 11:00:01,2.68,2.68,1.75,-0.25,-0.18
15710,12.05.2012 12:00:01,2.75,2.93,1.68,-0.25,-0.18
15711,12.05.2012 13:00:01,3.06,3.43,1.68,-0.31,-0.18
15712,12.05.2012 14:00:01,3.5,4.06,1.68,-0.31,-0.18,3.540
15713,12.05.2012 15:00:01,4,4.68,1.68,-0.25,-0.18
15714,12.05.2012 16:00:01,4.5,5.25,1.68,-0.25,-0.18
15715,12.05.2012 17:00:01,4.87,5.56,1.75,-0.25,-0.18
15716,12.05.2012 18:00:01,5.06,5.68,1.75,-0.25,-0.18
15717,12.05.2012 19:00:01,5.12,5.56,1.81,-0.25,-0.18
15718,12.05.2012 20:00:01,5,5.31,1.93,-0.25,-0.18,3.555
15719,12.05.2012 21:00:01,4.81,5,1.93,-0.25,-0.18
15720,12.05.2012 22:00:01,4.62,4.75,2,-0.25,-0.18
15721,12.05.2012 23:00:01,4.37,4.5,2,-0.25,-0.18
15722,13.05.2012 00:00:01,4.25,4.25,2,-0.25,-0.18
15723,13.05.2012 01:00:01,4,4.06,2,-0.25,-0.18
15724,13.05.2012 02:00:01,3.81,3.87,2,-0.25,-0.18,3.550
15725,13.05.2012 03:00:01,3.68,3.68,2,-0.25,-0.18
15726,13.05.2012 04:00:01,3.56,3.56,1.93,-0.25,-0.18
15727,13.05.2012 05:00:01,3.37,3.37,1.93,-0.25,-0.18
15728,13.05.2012 06:00:01,3.25,3.25,1.93,-0.25,-0.18
15729,13.05.2012 07:00:01,3.18,3.12,1.87,-0.25,-0.18
15730,13.05.2012 08:00:01,3.06,3.06,1.81,-0.25,-0.18,3.538
15731,13.05.2012 09:00:01,2.93,2.93,1.81,-0.25,-0.18
15732,13.05.2012 10:00:01,2.87,2.87,1.81,-0.25,-0.18
15733,13.05.2012 11:00:01,2.81,2.87,1.75,-0.25,-0.18
15734,13.05.2012 12:00:01,2.87,3,1.75,-0.25,-0.18
15735,13.05.2012 13:00:01,3.06,3.25,1.68,-0.25,-0.18
15736,13.05.2012 14:00:01,3.25,3.5,1.68,-0.25,-0.18,3.545
15737,13.05.2012 15:00:01,3.5,3.81,1.68,-0.25,-0.18
15738,13.05.2012 16:00:01,3.68,4.06,1.68,-0.25,-0.18
15739,13.05.2012 17:00:01,3.81,4.12,1.68,-0.25,-0.18
15740,13.05.2012 18:00:01,3.93,4.18,1.68,-0.25,-0.12
15741,13.05.2012 19:00:01,3.93,4.18,1.68,-0.25,-0.18
15742,13.05.2012 20:00:01,3.87,4.06,1.75,-0.25,-0.18,3.543
15743,13.05.2012 21:00:01,3.75,3.93,1.75,-0.25,-0.18
15744,13.05.2012 22:00:01,3.68,3.75,1.75,-0.25,-0.18
15745,13.05.2012 23:00:01,3.5,3.62,1.75,-0.25,-0.18
15746,14.05.2012 00:00:01,3.43,3.43,1.75,-0.25,-0.18
15747,14.05.2012 01:00:01,3.31,3.31,1.75,-0.25,-0.18
15748,14.05.2012 02:00:01,3.18,3.18,1.75,-0.25,-0.18,3.544
15749,14.05.2012 03:00:01,3.06,3.06,1.75,-0.25,-0.18
15750,14.05.2012 04:00:01,3,3,1.68,-0.25,-0.12
15751,14.05.2012 05:00:01,2.87,2.87,1.68,-0.25,-0.18
15752,14.05.2012 06:00:01,2.75,2.75,1.68,-0.25,-0.18
15753,14.05.2012 07:00:01,2.68,2.68,1.68,-0.25,-0.18
15754,14.05.2012 08:00:01,2.56,2.62,1.62,-0.25,-0.18,3.537
15755,14.05.2012 09:00:01,2.5,2.5,1.56,-0.25,-0.18
15756,14.05.2012 10:00:01,2.43,2.43,1.56,-0.25,-0.18
15757,14.05.2012 11:00:01,2.37,2.37,1.5,-0.25,-0.18
15758,14.05.2012 12:00:01,2.37,2.43,1.5,-0.25,-0.18
15759,14.05.2012 13:00:01,2.62,2.87,1.5,-0.25,-0.12
15760,14.05.2012 14:00:01,3.12,3.75,1.5,-0.25,-0.12,3.537
15761,14.05.2012 15:00:01,3.81,4.56,1.5,-0.25,-0.12
15762,14.05.2012 16:00:01,4.37,5.06,1.5,-0.25,-0.18
15763,14.05.2012 17:00:01,4.75,5.43,1.56,-0.25,-0.18
15764,14.05.2012 18:00:01,5.06,5.62,1.68,-0.25,-0.12
15765,14.05.2012 19:00:01,5.18,5.68,1.75,-0.25,-0.12
15766,14.05.2012 20:00:01,5.18,5.56,1.81,-0.25,-0.12,3.551
15767,14.05.2012 21:00:01,5.06,5.37,1.87,-0.25,-0.12
15768,14.05.2012 22:00:01,4.93,5.12,1.93,-0.25,-0.12
15769,14.05.2012 23:00:01,4.68,4.81,2,-0.25,-0.18
15770,15.05.2012 00:00:01,4.5,4.56,2.06,-0.25,-0.18
15771,15.05.2012 01:00:01,4.25,4.31,2.06,-0.25,-0.12
15772,15.05.2012 02:00:01,4.06,4.12,2.06,-0.25,-0.18,3.550
15773,15.05.2012 03:00:01,3.87,3.93,2.06,-0.25,-0.18
15774,15.05.2012 04:00:01,3.68,3.75,2.06,-0.25,-0.18
15775,15.05.2012 05:00:01,3.56,3.56,2,-0.25,-0.18
15776,15.05.2012 06:00:01,3.37,3.37,2,-0.25,-0.12
15777,15.05.2012 07:00:01,3.25,3.25,1.93,-0.25,-0.12
15778,15.05.2012 08:00:01,3.12,3.06,1.93,-0.25,-0.12,3.544
15779,15.05.2012 09:00:01,3,3,1.93,-0.18,-0.12
15780,15.05.2012 10:00:01,2.93,2.87,1.87,-0.25,-0.18
15781,15.05.2012 11:00:01,2.81,2.81,1.87,-0.18,-0.12
15782,15.05.2012 12:00:01,2.75,2.75,1.81,-0.25,-0.18
15783,15.05.2012 13:00:01,2.68,2.75,1.75,-0.18,-0.12
15784,15.05.2012 14:00:01,2.93,3.18,1.75,-0.25,-0.18,3.541
15785,15.05.2012 15:00:01,3.31,3.81,1.75,-0.25,-0.12
15786,15.05.2012 16:00:01,3.75,4.25,1.75,-0.18,-0.18
15787,15.05.2012 17:00:01,4.06,4.56,1.75,-0.18,-0.18
15788,15.05.2012 18:00:01,4.25,4.68,1.75,-0.25,-0.18
15789,15.05.2012 19:00:01,4.37,4.75,1.81,-0.18,-0.12
15790,15.05.2012 20:00:01,4.37,4.68,1.87,-0.18,-0.18,3.547
15791,15.05.2012 21:00:01,4.31,4.56,1.87,-0.25,-0.12
15792,15.05.2012 22:00:01,4.12,4.25,1.93,-0.25,-0.12
15793,15.05.2012 23:00:01,3.87,3.93,1.93,-0.18,-0.12
15794,16.05.2012 00:00:01,3.62,3.62,1.93,-0.25,-0.12
15795,16.05.2012 01:00:01,3.31,3.31,1.93,-0.25,-0.18
15796,16.05.2012 02:00:01,3.06,3,1.87,-0.25,-0.12,3.544
15797,16.05.2012 03:00:01,2.87,2.81,1.87,-0.25,-0.18
15798,16.05.2012 04:00:01,2.62,2.56,1.81,-0.18,-0.12
15799,16.05.2012 05:00:01,2.43,2.37,1.81,-0.18,-0.18
15800,16.05.2012 06:00:01,2.31,2.18,1.75,-0.18,-0.12
15801,16.05.2012 07:00:01,2.12,2.06,1.68,-0.25,-0.12
15802,16.05.2012 08:00:01,2,1.93,1.62,-0.25,-0.12,3.535
15803,16.05.2012 09:00:01,1.87,1.81,1.62,-0.18,-0.12
15804,16.05.2012 10:00:01,1.81,1.75,1.5,-0.18,-0.12
15805,16.05.2012 11:00:01,1.87,2,1.5,-0.18,-0.12
15806,16.05.2012 12:00:01,2.25,2.68,1.43,-0.18,-0.12
15807,16.05.2012 13:00:01,2.93,3.62,1.43,-0.18,-0.12
15808,16.05.2012 14:00:01,3.62,4.5,1.43,-0.18,-0.12,3.543
15809,16.05.2012 15:00:01,4.31,5.31,1.5,-0.18,-0.12
15810,16.05.2012 16:00:01,4.93,5.93,1.56,-0.18,-0.18
15811,16.05.2012 17:00:01,5.37,6.31,1.62,-0.18,-0.12
15812,16.05.2012 18:00:01,5.68,6.5,1.75,-0.18,-0.12
15813,16.05.2012 19:00:01,5.75,6.43,1.81,-0.18,-0.12
15814,16.05.2012 20:00:01,5.75,6.25,1.93,-0.18,-0.12,3.556
15815,16.05.2012 21:00:01,5.62,6,2,-0.25,-0.12
15816,16.05.2012 22:00:01,5.43,5.75,2.06,-0.18,-0.12
15817,16.05.2012 23:00:01,5.12,5.37,2.12,-0.18,-0.12
15818,17.05.2012 00:00:01,4.87,5,2.18,-0.18,-0.12
15819,17.05.2012 01:00:01,4.56,4.68,2.18,-0.18,-0.18
15820,17.05.2012 02:00:01,4.31,4.37,2.25,-0.18,-0.18,3.553
15821,17.05.2012 03:00:01,4.06,4.06,2.25,-0.18,-0.12
15822,17.05.2012 04:00:01,3.81,3.75,2.18,-0.18,-0.12
15823,17.05.2012 05:00:01,3.56,3.43,2.18,-0.18,-0.12
15824,17.05.2012 06:00:01,3.31,3.18,2.18,-0.18,-0.12
15825,17.05.2012 07:00:01,3.06,3,2.12,-0.18,-0.12
15826,17.05.2012 08:00:01,2.87,2.75,2.06,-0.18,-0.12,3.538
15827,17.05.2012 09:00:01,2.75,2.62,2,-0.18,-0.12
15828,17.05.2012 10:00:01,2.62,2.68,1.93,-0.18,-0.12
15829,17.05.2012 11:00:01,2.87,3.12,1.93,-0.18,-0.12
15830,17.05.2012 12:00:01,3.31,3.93,1.87,-0.18,-0.12
15831,17.05.2012 13:00:01,4.06,4.93,1.87,-0.18,-0.12
15832,17.05.2012 14:00:01,4.81,5.93,1.87,-0.18,-0.12,3.547
15833,17.05.2012 15:00:01,5.5,6.62,1.93,-0.18,-0.12
15834,17.05.2012 16:00:01,6,7,2,-0.18,-0.12
15835,17.05.2012 17:00:01,6.25,7.18,2.12,-0.18,-0.12
15836,17.05.2012 18:00:01,6.37,7.18,2.18,-0.18,-0.12
15837,17.05.2012 19:00:01,6.37,7,2.31,-0.18,-0.12
15838,17.05.2012 20:00:01,6.31,6.75,2.37,-0.18,-0.12,3.561
15839,17.05.2012 21:00:01,6.12,6.5,2.43,-0.18,-0.12
15840,17.05.2012 22:00:01,5.93,6.18,2.5,-0.18,-0.12
15841,17.05.2012 23:00:01,5.68,5.87,2.56,-0.18,-0.12
15842,18.05.2012 00:00:01,5.5,5.62,2.56,-0.18,-0.12
15843,18.05.2012 01:00:01,5.25,5.37,2.62,-0.18,-0.12
15844,18.05.2012 02:00:01,5.06,5.06,2.62,-0.18,-0.12,3.553
15845,18.05.2012 03:00:01,4.87,4.81,2.62,-0.18,-0.12
15846,18.05.2012 04:00:01,4.62,4.62,2.62,-0.18,-0.12
15847,18.05.2012 05:00:01,4.43,4.43,2.62,-0.18,-0.18
15848,18.05.2012 06:00:01,4.25,4.25,2.56,-0.18,-0.12
15849,18.05.2012 07:00:01,4.06,4.06,2.56,-0.18,-0.12
15850,18.05.2012 08:00:01,3.93,3.93,2.5,-0.18,-0.12,3.544
15851,18.05.2012 09:00:01,3.87,3.81,2.43,-0.18,-0.12
15852,18.05.2012 10:00:01,3.81,3.87,2.43,-0.18,-0.12
15853,18.05.2012 11:00:01,3.93,4.06,2.37,-0.18,-0.12
15854,18.05.2012 12:00:01,4.06,4.31,2.37,-0.18,-0.12
15855,18.05.2012 13:00:01,4.37,4.81,2.37,-0.18,-0.18
15856,18.05.2012 14:00:01,4.81,5.43,2.37,-0.18,-0.12,3.555
15857,18.05.2012 15:00:01,5.37,6.18,2.37,-0.18,-0.12
15858,18.05.2012 16:00:01,5.93,6.68,2.37,-0.18,-0.12
15859,18.05.2012 17:00:01,6.18,6.87,2.5,-0.18,-0.12
15860,18.05.2012 18:00:01,6.25,6.75,2.56,-0.18,-0.12
15861,18.05.2012 19:00:01,6.12,6.5,2.56,-0.18,-0.12
15862,18.05.2012 20:00:01,5.93,6.25,2.62,-0.18,-0.12,3.560
15863,18.05.2012 21:00:01,5.81,5.93,2.68,-0.18,-0.12
15864,18.05.2012 22:00:01,5.56,5.68,2.68,-0.12,-0.12
15865,18.05.2012 23:00:01,5.31,5.37,2.75,-0.18,-0.12
15866,19.05.2012 00:00:01,5.12,5.12,2.75,-0.18,-0.12
15867,19.05.2012 01:00:01,4.87,4.87,2.75,-0.18,-0.12
15868,19.05.2012 02:00:01,4.68,4.68,2.75,-0.18,-0.12,3.551
15869,19.05.2012 03:00:01,4.5,4.5,2.68,-0.18,-0.12
15870,19.05.2012 04:00:01,4.31,4.31,2.68,-0.18,-0.12
15871,19.05.2012 05:00:01,4.18,4.18,2.62,-0.18,-0.12
15872,19.05.2012 06:00:01,4,4,2.62,-0.18,-0.12
15873,19.05.2012 07:00:01,3.87,3.87,2.56,-0.12,-0.12
15874,19.05.2012 08:00:01,3.75,3.75,2.5,-0.18,-0.12,3.544
15875,19.05.2012 09:00:01,3.62,3.62,2.5,-0.18,-0.12
15876,19.05.2012 10:00:01,3.5,3.5,2.43,-0.12,-0.12
15877,19.05.2012 11:00:01,3.37,3.43,2.43,-0.12,-0.12
15878,19.05.2012 12:00:01,3.37,3.43,2.37,-0.18,-0.12
15879,19.05.2012 13:00:01,3.5,3.68,2.31,-0.12,-0.12
15880,19.05.2012 14:00:01,3.75,4.06,2.31,-0.18,-0.12,3.543
15881,19.05.2012 15:00:01,4,4.37,2.25,-0.18,-0.12
15882,19.05.2012 16:00:01,4.18,4.5,2.25,-0.18,-0.12
15883,19.05.2012 17:00:01,4.37,4.75,2.25,-0.18,-0.12
15884,19.05.2012 18:00:01,4.5,4.81,2.31,-0.18,-0.12
15885,19.05.2012 19:00:01,4.43,4.68,2.31,-0.18,-0.12
15886,19.05.2012 20:00:01,4.37,4.56,2.31,-0.12,-0.12,3.548
15887,19.05.2012 21:00:01,4.25,4.37,2.31,-0.18,-0.12
15888,19.05.2012 22:00:01,4.12,4.18,2.31,-0.12,-0.12
15889,19.05.2012 23:00:01,3.93,4.06,2.31,-0.12,-0.12
15890,20.05.2012 00:00:01,3.81,3.87,2.31,-0.18,-0.12
15891,20.05.2012 01:00:01,3.62,3.75,2.25,-0.12,-0.12
15892,20.05.2012 02:00:01,3.5,3.56,2.25,-0.12,-0.12,3.549
15893,20.05.2012 03:00:01,3.37,3.43,2.25,-0.18,-0.12
15894,20.05.2012 04:00:01,3.25,3.31,2.18,-0.12,-0.12
15895,20.05.2012 05:00:01,3.18,3.18,2.18,-0.12,-0.12
15896,20.05.2012 06:00:01,3.06,3.06,2.12,-0.18,-0.12
15897,20.05.2012 07:00:01,2.93,3,2.12,-0.12,-0.12
15898,20.05.2012 08:00:01,2.87,2.87,2.06,-0.12,-0.12,3.539
15899,20.05.2012 09:00:01,2.81,2.81,2,-0.12,-0.12
15900,20.05.2012 10:00:01,2.75,2.75,2,-0.18,-0.12
15901,20.05.2012 11:00:01,2.75,2.81,1.93,-0.12,-0.12
15902,20.05.2012 12:00:01,2.87,3.18,1.93,-0.12,-0.12
15903,20.05.2012 13:00:01,3.37,4,1.93,-0.12,-0.12
15904,20.05.2012 14:00:01,4.12,4.87,1.93,-0.12,-0.12,3.549
15905,20.05.2012 15:00:01,4.93,5.75,1.93,-0.12,-0.12
15906,20.05.2012 16:00:01,5.62,6.37,2,-0.12,-0.12
15907,20.05.2012 17:00:01,6.12,6.75,2.06,-0.12,-0.12
15908,20.05.2012 18:00:01,6.43,6.87,2.18,-0.12,-0.12
15909,20.05.2012 19:00:01,6.5,6.75,2.25,-0.12,-0.12
15910,20.05.2012 20:00:01,6.43,6.5,2.37,-0.12,-0.12,3.565
15911,20.05.2012 21:00:01,6.31,6.25,2.43,-0.12,-0.12
15912,20.05.2012 22:00:01,6,5.87,2.56,-0.12,-0.12
15913,20.05.2012 23:00:01,5.75,5.56,2.56,-0.12,-0.12
15914,21.05.2012 00:00:01,5.43,5.25,2.62,-0.12,-0.12
15915,21.05.2012 01:00:01,5.18,4.93,2.62,-0.18,-0.12
15916,21.05.2012 02:00:01,4.93,4.62,2.62,-0.12,-0.12,3.552
15917,21.05.2012 03:00:01,4.62,4.37,2.62,-0.12,-0.12
15918,21.05.2012 04:00:01,4.37,4.12,2.62,-0.12,-0.12
15919,21.05.2012 05:00:01,4.12,3.87,2.56,-0.12,-0.12
15920,21.05.2012 06:00:01,3.93,3.68,2.56,-0.12,-0.12
15921,21.05.2012 07:00:01,3.75,3.5,2.56,-0.12,-0.12
15922,21.05.2012 08:00:01,3.56,3.37,2.5,-0.12,-0.12,3.549
15923,21.05.2012 09:00:01,3.43,3.25,2.5,-0.12,-0.12
15924,21.05.2012 10:00:01,3.37,3.12,2.43,-0.12,-0.12
15925,21.05.2012 11:00:01,3.31,3.18,2.37,-0.12,-0.12
15926,21.05.2012 12:00:01,3.31,3.31,2.31,-0.12,-0.12
15927,21.05.2012 13:00:01,3.5,3.56,2.25,-0.12,-0.12
15928,21.05.2012 14:00:01,3.81,4,2.25,-0.12,-0.12,3.544
15929,21.05.2012 15:00:01,4.18,4.5,2.25,-0.12,-0.12
15930,21.05.2012 16:00:01,4.62,4.93,2.25,-0.12,-0.12
15931,21.05.2012 17:00:01,4.87,5.18,2.25,-0.12,-0.12
15932,21.05.2012 18:00:01,4.93,5.18,2.31,-0.12,-0.12
15933,21.05.2012 19:00:01,4.87,5.06,2.31,-0.12,-0.12
15934,21.05.2012 20:00:01,4.75,4.87,2.37,-0.12,-0.12,3.552
15935,21.05.2012 21:00:01,4.62,4.75,2.37,-0.12,-0.12
15936,21.05.2012 22:00:01,4.5,4.5,2.37,-0.12,-0.12
15937,21.05.2012 23:00:01,4.31,4.37,2.43,-0.12,-0.12
15938,22.05.2012 00:00:01,4.18,4.18,2.37,-0.12,-0.12
15939,22.05.2012 01:00:01,4.06,4,2.37,-0.12,-0.12
15940,22.05.2012 02:00:01,3.87,3.87,2.37,-0.12,-0.12,3.548
15941,22.05.2012 03:00:01,3.75,3.68,2.37,-0.12,-0.12
15942,22.05.2012 04:00:01,3.56,3.56,2.31,-0.12,-0.12
15943,22.05.2012 05:00:01,3.43,3.37,2.31,-0.12,-0.12
15944,22.05.2012 06:00:01,3.31,3.25,2.25,-0.12,-0.12
15945,22.05.2012 07:00:01,3.25,3.12,2.25,-0.12,-0.12
15946,22.05.2012 08:00:01,3.12,3.06,2.18,-0.12,-0.12,3.540
15947,22.05.2012 09:00:01,3.06,3,2.18,-0.12,-0.12
15948,22.05.2012 10:00:01,2.93,2.87,2.12,-0.12,-0.12
15949,22.05.2012 11:00:01,2.93,2.87,2.12,-0.12,-0.06
15950,22.05.2012 12:00:01,2.93,2.93,2.06,-0.12,-0.06
15951,22.05.2012 13:00:01,3,3.12,2,-0.12,-0.12
15952,22.05.2012 14:00:01,3.18,3.31,2,-0.12,-0.12,3.540
15953,22.05.2012 15:00:01,3.37,3.68,2,-0.12,-0.12
15954,22.05.2012 16:00:01,3.68,4.12,2,-0.12,-0.12
15955,22.05.2012 17:00:01,4,4.43,2,-0.12,-0.06
15956,22.05.2012 18:00:01,4.18,4.62,2,-0.12,-0.12
15957,22.05.2012 19:00:01,4.37,4.68,2.06,-0.12,-0.12
15958,22.05.2012 20:00:01,4.37,4.62,2.12,-0.12,-0.12,3.552
15959,22.05.2012 21:00:01,4.31,4.56,2.12,-0.12,-0.12
15960,22.05.2012 22:00:01,4.25,4.31,2.12,-0.12,-0.06
15961,22.05.2012 23:00:01,4.06,4.06,2.12,-0.12,-0.06
15962,23.05.2012 00:00:01,3.81,3.81,2.12,-0.12,-0.12
15963,23.05.2012 01:00:01,3.62,3.56,2.18,-0.12,-0.06
15964,23.05.2012 02:00:01,3.37,3.25,2.18,-0.12,-0.06,3.547
15965,23.05.2012 03:00:01,3.12,3.06,2.12,-0.12,-0.06
15966,23.05.2012 04:00:01,2.93,2.81,2.12,-0.12,-0.12
15967,23.05.2012 05:00:01,2.75,2.62,2.06,-0.12,-0.12
15968,23.05.2012 06:00:01,2.56,2.43,2,-0.12,-0.06
15969,23.05.2012 07:00:01,2.43,2.31,2,-0.12,-0.12
15970,23.05.2012 08:00:01,2.31,2.18,1.93,-0.12,-0.12,3.540
15971,23.05.2012 09:00:01,2.18,2.06,1.87,-0.12,-0.06
15972,23.05.2012 10:00:01,2.06,2,1.81,-0.12,-0.12
15973,23.05.2012 11:00:01,2.25,2.37,1.75,-0.12,-0.12
15974,23.05.2012 12:00:01,2.62,2.93,1.75,-0.12,-0.12
15975,23.05.2012 13:00:01,3.12,3.62,1.75,-0.12,-0.12
15976,23.05.2012 14:00:01,3.75,4.37,1.75,-0.12,-0.12,3.542
15977,23.05.2012 15:00:01,4.18,4.75,1.75,-0.12,-0.12
15978,23.05.2012 16:00:01,4.43,5,1.81,-0.12,-0.12
15979,23.05.2012 17:00:01,4.62,5.06,1.87,-0.12,-0.12
15980,23.05.2012 18:00:01,4.75,5,1.87,-0.12,-0.12
15981,23.05.2012 19:00:01,4.62,4.81,1.93,-0.12,-0.12
15982,23.05.2012 20:00:01,4.56,4.62,2,-0.12,-0.06,3.554
15983,23.05.2012 21:00:01,4.37,4.43,2.06,-0.12,-0.06
15984,23.05.2012 22:00:01,4.18,4.18,2.06,-0.06,-0.12
15985,23.05.2012 23:00:01,4.06,4.06,2.06,-0.12,-0.12
15986,24.05.2012 00:00:01,3.87,3.87,2.12,-0.12,-0.06
15987,24.05.2012 01:00:01,3.75,3.68,2.12,-0.12,-0.12
15988,24.05.2012 02:00:01,3.62,3.56,2.12,-0.06,-0.12,3.547
15989,24.05.2012 03:00:01,3.5,3.43,2.06,-0.12,-0.12
15990,24.05.2012 04:00:01,3.31,3.31,2.06,-0.12,-0.12
15991,24.05.2012 05:00:01,3.18,3.18,2.06,-0.06,-0.12
15992,24.05.2012 06:00:01,3.06,3,2.06,-0.12,-0.12
15993,24.05.2012 07:00:01,2.93,2.87,2,-0.12,-0.06
15994,24.05.2012 08:00:01,2.81,2.75,2,-0.06,-0.12,3.544
15995,24.05.2012 09:00:01,2.68,2.62,1.93,-0.06,-0.12
15996,24.05.2012 10:00:01,2.56,2.56,1.93,-0.06,-0.06
15997,24.05.2012 11:00:01,2.75,2.87,1.87,-0.12,-0.06
15998,24.05.2012 12:00:01,3.18,3.62,1.87,-0.12,-0.06
15999,24.05.2012 13:00:01,3.87,4.62,1.87,-0.12,-0.12
16000,24.05.2012 14:00:01,4.62,5.62,1.87,-0.06,-0.12,3.550
16001,24.05.2012 15:00:01,5.37,6.43,1.93,-0.12,-0.06
16002,24.05.2012 16:00:01,6.06,7.12,2.06,-0.06,-0.12
16003,24.05.2012 17:00:01,6.5,7.43,2.18,-0.12,-0.06
16004,24.05.2012 18:00:01,6.68,7.5,2.31,-0.06,-0.06
16005,24.05.2012 19:00:01,6.75,7.37,2.37,-0.06,-0.12
16006,24.05.2012 20:00:01,6.68,7.12,2.5,-0.06,-0.12,3.566
16007,24.05.2012 21:00:01,6.43,6.81,2.56,-0.06,-0.06
16008,24.05.2012 22:00:01,6.18,6.43,2.68,-0.06,-0.12
16009,24.05.2012 23:00:01,5.93,6.06,2.68,-0.06,-0.06
16010,25.05.2012 00:00:01,5.62,5.75,2.75,-0.06,-0.06
16011,25.05.2012 01:00:01,5.31,5.31,2.81,-0.06,-0.06
16012,25.05.2012 02:00:01,5,5,2.81,-0.06,-0.06,3.553
16013,25.05.2012 03:00:01,4.68,4.62,2.81,-0.12,-0.12
16014,25.05.2012 04:00:01,4.43,4.31,2.81,-0.06,-0.12
16015,25.05.2012 05:00:01,4.12,4,2.75,-0.06,-0.12
16016,25.05.2012 06:00:01,3.87,3.75,2.68,-0.06,-0.12
16017,25.05.2012 07:00:01,3.62,3.43,2.68,-0.06,-0.06
16018,25.05.2012 08:00:01,3.43,3.25,2.62,-0.06,-0.06,3.544
16019,25.05.2012 09:00:01,3.18,3.06,2.56,-0.06,-0.06
16020,25.05.2012 10:00:01,3.12,3.12,2.5,-0.06,-0.06
16021,25.05.2012 11:00:01,3.31,3.5,2.43,-0.06,-0.06
16022,25.05.2012 12:00:01,3.75,4.25,2.43,-0.12,-0.06
16023,25.05.2012 13:00:01,4.5,5.31,2.37,-0.06,-0.06
16024,25.05.2012 14:00:01,5.37,6.5,2.43,-0.06,-0.06,3.555
16025,25.05.2012 15:00:01,6.25,7.5,2.43,-0.06,-0.12
16026,25.05.2012 16:00:01,7,8.25,2.56,-0.06,-0.06
16027,25.05.2012 17:00:01,7.5,8.62,2.68,-0.06,-0.06
16028,25.05.2012 18:00:01,7.75,8.62,2.81,-0.06,-0.06
16029,25.05.2012 19:00:01,7.81,8.43,2.87,-0.06,-0.12
16030,25.05.2012 20:00:01,7.68,8.12,3,-0.06,-0.06,3.568
16031,25.05.2012 21:00:01,7.43,7.75,3.12,-0.06,-0.06
16032,25.05.2012 22:00:01,7.18,7.31,3.18,-0.06,-0.06
16033,25.05.2012 23:00:01,6.81,6.87,3.25,-0.06,-0.06
16034,26.05.2012 00:00:01,6.43,6.43,3.31,-0.06,-0.06
16035,26.05.2012 01:00:01,6.12,6,3.31,-0.06,-0.06
16036,26.05.2012 02:00:01,5.75,5.62,3.31,-0.06,-0.06,3.559
16037,26.05.2012 03:00:01,5.43,5.25,3.31,-0.06,-0.06
16038,26.05.2012 04:00:01,5.06,4.81,3.25,-0.06,-0.06
16039,26.05.2012 05:00:01,4.75,4.56,3.25,-0.06,-0.06
16040,26.05.2012 06:00:01,4.43,4.25,3.18,-0.06,-0.06
16041,26.05.2012 07:00:01,4.18,3.93,3.12,-0.06,-0.12
16042,26.05.2012 08:00:01,3.93,3.68,3.12,-0.06,-0.06,3.554
16043,26.05.2012 09:00:01,3.75,3.56,3.06,0,-0.06
16044,26.05.2012 10:00:01,3.68,3.62,3,-0.06,-0.06
16045,26.05.2012 11:00:01,3.87,4.06,2.87,-0.06,-0.12
16046,26.05.2012 12:00:01,4.37,4.87,2.87,-0.06,-0.06
16047,26.05.2012 13:00:01,5.12,6.06,2.87,-0.06,-0.06
16048,26.05.2012 14:00:01,6,7.12,2.81,-0.06,-0.06,3.560
16049,26.05.2012 15:00:01,6.81,7.93,2.87,0,-0.12
16050,26.05.2012 16:00:01,7.37,8.37,3,0,-0.06
16051,26.05.2012 17:00:01,7.81,8.56,3.06,0,-0.06
16052,26.05.2012 18:00:01,8,8.5,3.18,0,-0.06
16053,26.05.2012 19:00:01,8,8.31,3.25,-0.06,-0.06
16054,26.05.2012 20:00:01,7.81,8,3.37,-0.06,-0.06,3.568
16055,26.05.2012 21:00:01,7.62,7.62,3.43,0,-0.06
16056,26.05.2012 22:00:01,7.25,7.25,3.5,0,-0.06
16057,26.05.2012 23:00:01,6.93,6.81,3.56,-0.06,-0.06
16058,27.05.2012 00:00:01,6.62,6.43,3.56,0,-0.06
16059,27.05.2012 01:00:01,6.31,6.06,3.56,0,-0.06
16060,27.05.2012 02:00:01,5.93,5.75,3.56,0,-0.12,3.559
16061,27.05.2012 03:00:01,5.68,5.43,3.56,0,-0.06
16062,27.05.2012 04:00:01,5.37,5.12,3.56,0,-0.06
16063,27.05.2012 05:00:01,5.06,4.81,3.5,0,-0.12
16064,27.05.2012 06:00:01,4.81,4.56,3.43,0,-0.06
16065,27.05.2012 07:00:01,4.56,4.31,3.43,0,-0.06
16066,27.05.2012 08:00:01,4.31,4.06,3.31,0,-0.06,3.553
16067,27.05.2012 09:00:01,4.12,3.93,3.25,0,-0.06
16068,27.05.2012 10:00:01,4.06,4.06,3.25,0,-0.06
16069,27.05.2012 11:00:01,4.31,4.56,3.12,0,-0.12
16070,27.05.2012 12:00:01,4.87,5.37,3.12,0,-0.06
16071,27.05.2012 13:00:01,5.56,6.5,3.12,0,-0.06
16072,27.05.2012 14:00:01,6.43,7.5,3.12,0,-0.06,3.560
16073,27.05.2012 15:00:01,7.18,8.31,3.18,0,-0.06
16074,27.05.2012 16:00:01,7.81,8.81,3.25,0,-0.06
16075,27.05.2012 17:00:01,8.18,9,3.31,0,-0.06
16076,27.05.2012 18:00:01,8.37,8.93,3.43,0,-0.06
16077,27.05.2012 19:00:01,8.37,8.75,3.56,0,-0.06
16078,27.05.2012 20:00:01,8.31,8.43,3.62,0,-0.06,3.576
16079,27.05.2012 21:00:01,8,8.06,3.68,0.06,-0.06
16080,27.05.2012 22:00:01,7.68,7.62,3.81,0.06,-0.06
16081,27.05.2012 23:00:01,7.31,7.25,3.81,0,-0.06
16082,28.05.2012 00:00:01,7,6.81,3.87,0,-0.06
16083,28.05.2012 01:00:01,6.62,6.43,3.87,0.06,-0.06
16084,28.05.2012 02:00:01,6.31,6.06,3.87,0.06,-0.06,3.563
16085,28.05.2012 03:00:01,5.93,5.68,3.81,0,-0.06
16086,28.05.2012 04:00:01,5.68,5.37,3.81,0.06,-0.06
16087,28.05.2012 05:00:01,5.37,5.06,3.75,0.06,-0.06
16088,28.05.2012 06:00:01,5.12,4.81,3.75,0.06,-0.06
16089,28.05.2012 07:00:01,4.81,4.5,3.68,0.06,-0.06
16090,28.05.2012 08:00:01,4.56,4.31,3.56,0.06,-0.06,3.558
16091,28.05.2012 09:00:01,4.37,4.18,3.5,0.06,-0.06
16092,28.05.2012 10:00:01,4.31,4.31,3.43,0.06,-0.06
16093,28.05.2012 11:00:01,4.56,4.75,3.37,0.06,-0.06
16094,28.05.2012 12:00:01,5.12,5.62,3.37,0.06,-0.06
16095,28.05.2012 13:00:01,5.81,6.62,3.31,0.06,-0.06
16096,28.05.2012 14:00:01,6.43,7.31,3.37,0.06,-0.06,3.567
16097,28.05.2012 15:00:01,6.75,7.56,3.37,0.06,-0.06
16098,28.05.2012 16:00:01,6.87,7.5,3.43,0.06,-0.06
16099,28.05.2012 17:00:01,6.87,7.43,3.5,0.06,-0.06
16100,28.05.2012 18:00:01,6.93,7.43,3.56,0.06,-0.06
16101,28.05.2012 19:00:01,7,7.37,3.56,0.06,-0.06
16102,28.05.2012 20:00:01,6.93,7.25,3.62,0.06,-0.06,3.566
16103,28.05.2012 21:00:01,6.81,7.06,3.62,0.06,-0.06
16104,28.05.2012 22:00:01,6.68,6.81,3.68,0.12,-0.06
16105,28.05.2012 23:00:01,6.43,6.56,3.68,0.06,-0.06
16106,29.05.2012 00:00:01,6.25,6.25,3.68,0.12,-0.06
16107,29.05.2012 01:00:01,6.06,6.06,3.68,0.12,-0.06
16108,29.05.2012 02:00:01,5.87,5.81,3.68,0.12,-0.06,3.567
16109,29.05.2012 03:00:01,5.68,5.62,3.68,0.12,-0.06
16110,29.05.2012 04:00:01,5.5,5.43,3.62,0.12,-0.06
16111,29.05.2012 05:00:01,5.37,5.25,3.62,0.12,-0.06
16112,29.05.2012 06:00:01,5.18,5.12,3.62,0.12,-0.06
16113,29.05.2012 07:00:01,5,4.93,3.56,0.12,-0.06
16114,29.05.2012 08:00:01,4.87,4.81,3.5,0.12,-0.06,3.555
16115,29.05.2012 09:00:01,4.75,4.68,3.5,0.12,-0.06
16116,29.05.2012 10:00:01,4.68,4.68,3.43,0.12,-0.06
16117,29.05.2012 11:00:01,4.75,4.81,3.37,0.12,-0.06
16118,29.05.2012 12:00:01,4.93,5.12,3.37,0.12,-0.06
16119,29.05.2012 13:00:01,5.18,5.5,3.37,0.12,-0.06
16120,29.05.2012 14:00:01,5.5,5.93,3.31,0.12,-0.06,3.561
16121,29.05.2012 15:00:01,5.93,6.5,3.31,0.12,-0.06
16122,29.05.2012 16:00:01,6.31,6.93,3.37,0.12,-0.06
16123,29.05.2012 17:00:01,6.56,7.12,3.37,0.12,-0.06
16124,29.05.2012 18:00:01,6.75,7.31,3.43,0.18,-0.06
16125,29.05.2012 19:00:01,6.87,7.37,3.5,0.18,-0.06
16126,29.05.2012 20:00:01,6.87,7.37,3.56,0.12,-0.06,3.565
16127,29.05.2012 21:00:01,6.87,7.25,3.62,0.12,-0.06
16128,29.05.2012 22:00:01,6.75,7.06,3.62,0.18,-0.06
16129,29.05.2012 23:00:01,6.56,6.75,3.68,0.12,-0.06
16130,30.05.2012 00:00:01,6.31,6.43,3.68,0.12,-0.06
16131,30.05.2012 01:00:01,6.06,6.18,3.68,0.18,-0.06
16132,30.05.2012 02:00:01,5.87,5.87,3.68,0.12,-0.06,3.559
16133,30.05.2012 03:00:01,5.62,5.62,3.68,0.18,-0.06
16134,30.05.2012 04:00:01,5.37,5.31,3.62,0.18,-0.06
16135,30.05.2012 05:00:01,5.12,5.06,3.62,0.18,-0.06
16136,30.05.2012 06:00:01,4.87,4.81,3.56,0.18,-0.06
16137,30.05.2012 07:00:01,4.68,4.62,3.56,0.18,-0.12
16138,30.05.2012 08:00:01,4.5,4.5,3.5,0.18,-0.06,3.554
16139,30.05.2012 09:00:01,4.37,4.37,3.43,0.18,-0.06
16140,30.05.2012 10:00:01,4.37,4.5,3.37,0.18,0
16141,30.05.2012 11:00:01,4.62,4.93,3.31,0.18,-0.06
16142,30.05.2012 12:00:01,5,5.5,3.31,0.18,-0.06
16143,30.05.2012 13:00:01,5.37,6,3.31,0.18,-0.06
16144,30.05.2012 14:00:01,5.75,6.43,3.31,0.18,-0.06,3.565
16145,30.05.2012 15:00:01,6.12,6.87,3.31,0.25,-0.06
16146,30.05.2012 16:00:01,6.37,7.12,3.37,0.25,-0.06
16147,30.05.2012 17:00:01,6.62,7.31,3.43,0.25,-0.06
16148,30.05.2012 18:00:01,6.81,7.37,3.43,0.18,-0.06
16149,30.05.2012 19:00:01,6.87,7.37,3.5,0.25,-0.06
16150,30.05.2012 20:00:01,6.81,7.25,3.56,0.25,-0.06,3.568
16151,30.05.2012 21:00:01,6.75,7.06,3.62,0.25,-0.06
16152,30.05.2012 22:00:01,6.56,6.75,3.62,0.25,-0.06
16153,30.05.2012 23:00:01,6.31,6.5,3.68,0.25,-0.06
16154,31.05.2012 00:00:01,6.06,6.18,3.68,0.25,-0.06
16155,31.05.2012 01:00:01,5.87,5.87,3.68,0.25,-0.06
16156,31.05.2012 02:00:01,5.62,5.62,3.68,0.25,-0.06,3.565
16157,31.05.2012 03:00:01,5.37,5.37,3.62,0.25,-0.06
16158,31.05.2012 04:00:01,5.18,5.12,3.62,0.25,-0.06
16159,31.05.2012 05:00:01,4.93,4.87,3.62,0.25,-0.06
16160,31.05.2012 06:00:01,4.75,4.62,3.56,0.25,-0.12
16161,31.05.2012 07:00:01,4.5,4.43,3.5,0.25,-0.06
16162,31.05.2012 08:00:01,4.31,4.25,3.43,0.25,-0.06,3.551
16163,31.05.2012 09:00:01,4.12,4.12,3.37,0.25,-0.06
16164,31.05.2012 10:00:01,4.18,4.25,3.31,0.31,-0.06
16165,31.05.2012 11:00:01,4.43,4.81,3.25,0.31,-0.06
16166,31.05.2012 12:00:01,4.93,5.56,3.25,0.25,-0.06
16167,31.05.2012 13:00:01,5.43,6.12,3.25,0.31,-0.06
16168,31.05.2012 14:00:01,5.81,6.5,3.25,0.25,-0.06,3.563
16169,31.05.2012 15:00:01,6.06,6.75,3.31,0.31,-0.06
16170,31.05.2012 16:00:01,6.31,6.93,3.31,0.31,-0.06
16171,31.05.2012 17:00:01,6.56,7.12,3.37,0.25,-0.06
16172,31.05.2012 18:00:01,6.62,7.12,3.43,0.31,-0.06
16173,31.05.2012 19:00:01,6.68,7.06,3.5,0.31,-0.06
16174,31.05.2012 20:00:01,6.62,6.93,3.5,0.31,-0.06,3.567
16175,31.05.2012 21:00:01,6.56,6.81,3.56,0.31,-0.06
16176,31.05.2012 22:00:01,6.37,6.56,3.56,0.31,-0.06
16177,31.05.2012 23:00:01,6.18,6.31,3.62,0.31,0
16178,01.06.2012 00:00:01,5.93,6,3.62,0.31,-0.06
16179,01.06.2012 01:00:01,5.68,5.68,3.62,0.31,-0.06
16180,01.06.2012 02:00:01,5.43,5.37,3.62,0.31,-0.06,3.564
16181,01.06.2012 03:00:01,5.12,5.06,3.56,0.31,-0.06
16182,01.06.2012 04:00:01,4.93,4.81,3.56,0.31,0
16183,01.06.2012 05:00:01,4.68,4.56,3.5,0.31,-0.06
16184,01.06.2012 06:00:01,4.43,4.37,3.5,0.31,-0.06
16185,01.06.2012 07:00:01,4.25,4.12,3.43,0.31,-0.06
16186,01.06.2012 08:00:01,4.06,3.93,3.37,0.31,-0.06,3.551
16187,01.06.2012 09:00:01,4,3.93,3.31,0.37,-0.06
16188,01.06.2012 10:00:01,4,4,3.25,0.37,-0.06
16189,01.06.2012 11:00:01,4.12,4.31,3.18,0.31,-0.06
16190,01.06.2012 12:00:01,4.37,4.68,3.18,0.37,-0.06
16191,01.06.2012 13:00:01,4.75,5.06,3.12,0.37,-0.06
16192,01.06.2012 14:00:01,5.06,5.43,3.18,0.37,-0.06,3.560
16193,01.06.2012 15:00:01,5.31,5.75,3.12,0.37,-0.06
16194,01.06.2012 16:00:01,5.56,6,3.18,0.37,-0.06
16195,01.06.2012 17:00:01,5.87,6.25,3.18,0.37,-0.06
16196,01.06.2012 18:00:01,6.06,6.43,3.25,0.37,-0.06
16197,01.06.2012 19:00:01,6.25,6.5,3.25,0.37,-0.06
16198,01.06.2012 20:00:01,6.25,6.43,3.31,0.37,-0.06,3.559
16199,01.06.2012 21:00:01,6.18,6.31,3.31,0.31,-0.06
16200,01.06.2012 22:00:01,6,6.06,3.37,0.37,-0.06
16201,01.06.2012 23:00:01,5.81,5.75,3.43,0.37,-0.06
16202,02.06.2012 00:00:01,5.5,5.43,3.43,0.37,-0.06
16203,02.06.2012 01:00:01,5.31,5.06,3.43,0.37,-0.06
16204,02.06.2012 02:00:01,5,4.81,3.43,0.37,-0.06,3.555
16205,02.06.2012 03:00:01,4.75,4.56,3.37,0.37,-0.06
16206,02.06.2012 04:00:01,4.43,4.25,3.37,0.37,-0.06
16207,02.06.2012 05:00:01,4.18,4,3.31,0.31,-0.06
16208,02.06.2012 06:00:01,4,3.81,3.25,0.37,-0.06
16209,02.06.2012 07:00:01,3.75,3.56,3.25,0.37,-0.06
16210,02.06.2012 08:00:01,3.56,3.37,3.18,0.37,-0.06,3.549
16211,02.06.2012 09:00:01,3.5,3.25,3.12,0.37,-0.06
16212,02.06.2012 10:00:01,3.43,3.37,3.06,0.37,-0.06
16213,02.06.2012 11:00:01,3.56,3.62,3,0.37,-0.06
16214,02.06.2012 12:00:01,3.81,4.06,2.93,0.37,0
16215,02.06.2012 13:00:01,4.25,4.68,2.93,0.37,-0.06
16216,02.06.2012 14:00:01,4.87,5.56,2.93,0.37,-0.06,3.552
16217,02.06.2012 15:00:01,5.31,6,2.93,0.37,-0.06
16218,02.06.2012 16:00:01,5.68,6.31,2.93,0.37,-0.06
16219,02.06.2012 17:00:01,5.87,6.5,3,0.37,0
16220,02.06.2012 18:00:01,6,6.5,3.06,0.37,0
16221,02.06.2012 19:00:01,6,6.43,3.12,0.37,-0.06
16222,02.06.2012 20:00:01,6,6.25,3.18,0.37,-0.06,3.560
16223,02.06.2012 21:00:01,5.87,6.06,3.18,0.37,-0.06
16224,02.06.2012 22:00:01,5.68,5.81,3.25,0.37,0
16225,02.06.2012 23:00:01,5.5,5.56,3.25,0.37,0
16226,03.06.2012 00:00:01,5.31,5.31,3.25,0.37,-0.06
16227,03.06.2012 01:00:01,5.06,5,3.25,0.37,-0.06
16228,03.06.2012 02:00:01,4.81,4.81,3.25,0.37,-0.06,3.561
16229,03.06.2012 03:00:01,4.68,4.56,3.25,0.37,-0.06
16230,03.06.2012 04:00:01,4.5,4.43,3.18,0.37,-0.06
16231,03.06.2012 05:00:01,4.31,4.25,3.18,0.37,-0.06
16232,03.06.2012 06:00:01,4.18,4.06,3.18,0.43,-0.06
16233,03.06.2012 07:00:01,4,3.93,3.12,0.37,-0.06
16234,03.06.2012 08:00:01,3.87,3.87,3.06,0.37,-0.06,3.551
16235,03.06.2012 09:00:01,3.81,3.75,3.06,0.43,-0.06
16236,03.06.2012 10:00:01,3.75,3.68,3,0.43,-0.06
16237,03.06.2012 11:00:01,3.75,3.75,2.93,0.43,-0.06
16238,03.06.2012 12:00:01,3.93,4.18,2.93,0.43,0
16239,03.06.2012 13:00:01,4.31,4.68,2.87,0.43,-0.06
16240,03.06.2012 14:00:01,4.68,5.25,2.93,0.37,-0.06,3.553
16241,03.06.2012 15:00:01,5.12,5.81,2.93,0.43,-0.06
16242,03.06.2012 16:00:01,5.5,6.06,2.93,0.43,0
16243,03.06.2012 17:00:01,5.68,6.18,3,0.43,-0.06
16244,03.06.2012 18:00:01,5.75,6.18,3,0.43,0
16245,03.06.2012 19:00:01,5.75,6.12,3.06,0.43,-0.06
16246,03.06.2012 20:00:01,5.75,5.93,3.12,0.43,-0.06,3.560
16247,03.06.2012 21:00:01,5.62,5.81,3.12,0.43,0
16248,03.06.2012 22:00:01,5.43,5.56,3.12,0.43,-0.06
16249,03.06.2012 23:00:01,5.25,5.31,3.18,0.43,-0.06
16250,04.06.2012 00:00:01,5.06,5.12,3.18,0.43,-0.06
16251,04.06.2012 01:00:01,4.87,4.87,3.18,0.43,-0.06
16252,04.06.2012 02:00:01,4.68,4.68,3.18,0.43,-0.06,3.554
16253,04.06.2012 03:00:01,4.5,4.5,3.12,0.43,0
16254,04.06.2012 04:00:01,4.37,4.37,3.12,0.43,0
16255,04.06.2012 05:00:01,4.18,4.25,3.12,0.43,0
16256,04.06.2012 06:00:01,4.06,4.06,3.06,0.43,0
16257,04.06.2012 07:00:01,4,3.93,3.06,0.43,0
16258,04.06.2012 08:00:01,3.81,3.81,3,0.43,0,3.549
16259,04.06.2012 09:00:01,3.81,3.75,3,0.43,0
16260,04.06.2012 10:00:01,3.68,3.75,2.93,0.43,-0.06
16261,04.06.2012 11:00:01,3.75,3.87,2.93,0.43,-0.06
16262,04.06.2012 12:00:01,3.93,4.18,2.87,0.43,0
16263,04.06.2012 13:00:01,4.25,4.68,2.87,0.43,0
16264,04.06.2012 14:00:01,4.75,5.25,2.87,0.43,-0.06,3.559
16265,04.06.2012 15:00:01,5.31,5.81,2.87,0.43,0
16266,04.06.2012 16:00:01,5.75,6.31,2.87,0.43,0
16267,04.06.2012 17:00:01,6.06,6.62,2.93,0.43,0
16268,04.06.2012 18:00:01,6.37,6.87,3,0.5,0
16269,04.06.2012 19:00:01,6.5,6.93,3.06,0.43,0
16270,04.06.2012 20:00:01,6.56,6.87,3.18,0.43,0,3.564
16271,04.06.2012 21:00:01,6.5,6.68,3.18,0.43,0
16272,04.06.2012 22:00:01,6.31,6.43,3.31,0.43,0
16273,04.06.2012 23:00:01,6.06,6.12,3.31,0.43,0
16274,05.06.2012 00:00:01,5.81,5.75,3.37,0.5,0
16275,05.06.2012 01:00:01,5.43,5.37,3.37,0.5,-0.06
16276,05.06.2012 02:00:01,5.12,5.06,3.37,0.5,0,3.562
16277,05.06.2012 03:00:01,4.87,4.68,3.37,0.5,0
16278,05.06.2012 04:00:01,4.56,4.37,3.31,0.5,0
16279,05.06.2012 05:00:01,4.31,4.12,3.25,0.5,0
16280,05.06.2012 06:00:01,4,3.87,3.25,0.5,0
16281,05.06.2012 07:00:01,3.81,3.62,3.25,0.5,-0.06
16282,05.06.2012 08:00:01,3.62,3.43,3.18,0.5,-0.06,3.555
16283,05.06.2012 09:00:01,3.43,3.31,3.06,0.5,0
16284,05.06.2012 10:00:01,3.43,3.37,3.06,0.5,0
16285,05.06.2012 11:00:01,3.5,3.68,3,0.5,0
16286,05.06.2012 12:00:01,3.87,4.12,2.93,0.5,0
16287,05.06.2012 13:00:01,4.31,4.81,2.93,0.5,0
16288,05.06.2012 14:00:01,4.93,5.62,2.93,0.5,0,3.554
16289,05.06.2012 15:00:01,5.56,6.43,2.93,0.5,0
16290,05.06.2012 16:00:01,6.12,6.93,3,0.5,0
16291,05.06.2012 17:00:01,6.37,7,3.06,0.5,0
16292,05.06.2012 18:00:01,6.5,7,3.12,0.56,0
16293,05.06.2012 19:00:01,6.5,6.87,3.18,0.5,-0.06
16294,05.06.2012 20:00:01,6.43,6.68,3.25,0.5,-0.06,3.570
16295,05.06.2012 21:00:01,6.31,6.37,3.31,0.5,0
16296,05.06.2012 22:00:01,6.12,6.12,3.31,0.5,0
16297,05.06.2012 23:00:01,5.87,5.81,3.37,0.5,0
16298,06.06.2012 00:00:01,5.62,5.5,3.37,0.5,0
16299,06.06.2012 01:00:01,5.37,5.18,3.37,0.5,0
16300,06.06.2012 02:00:01,5.12,4.93,3.37,0.5,0,3.556
16301,06.06.2012 03:00:01,4.87,4.68,3.37,0.5,0
16302,06.06.2012 04:00:01,4.62,4.43,3.37,0.5,0
16303,06.06.2012 05:00:01,4.37,4.18,3.31,0.56,0
16304,06.06.2012 06:00:01,4.12,3.93,3.31,0.56,0
16305,06.06.2012 07:00:01,4,3.75,3.25,0.56,0
16306,06.06.2012 08:00:01,3.75,3.56,3.18,0.56,0,3.555
16307,06.06.2012 09:00:01,3.62,3.5,3.12,0.56,0
16308,06.06.2012 10:00:01,3.62,3.56,3.12,0.56,0
16309,06.06.2012 11:00:01,3.81,3.93,3.06,0.56,0
16310,06.06.2012 12:00:01,4.18,4.5,3,0.56,0
16311,06.06.2012 13:00:01,4.56,5,3,0.56,0
16312,06.06.2012 14:00:01,4.87,5.37,3,0.56,-0.06,3.554
16313,06.06.2012 15:00:01,5.18,5.75,3,0.56,0
16314,06.06.2012 16:00:01,5.62,6.12,3.06,0.56,0
16315,06.06.2012 17:00:01,5.75,6.18,3.06,0.56,0
16316,06.06.2012 18:00:01,5.75,6.06,3.12,0.56,0
16317,06.06.2012 19:00:01,5.62,5.81,3.18,0.56,0
16318,06.06.2012 20:00:01,5.5,5.62,3.18,0.56,0,3.558
16319,06.06.2012 21:00:01,5.31,5.37,3.25,0.56,0
16320,06.06.2012 22:00:01,5.12,5.12,3.25,0.56,0
16321,06.06.2012 23:00:01,5,4.93,3.25,0.56,0
16322,07.06.2012 00:00:01,4.81,4.81,3.25,0.56,0
16323,07.06.2012 01:00:01,4.68,4.62,3.18,0.56,0
16324,07.06.2012 02:00:01,4.5,4.43,3.18,0.62,0,3.554
16325,07.06.2012 03:00:01,4.37,4.31,3.18,0.62,0
16326,07.06.2012 04:00:01,4.25,4.18,3.18,0.62,0
16327,07.06.2012 05:00:01,4.12,4.06,3.12,0.62,0
16328,07.06.2012 06:00:01,4,3.93,3.12,0.62,0
16329,07.06.2012 07:00:01,3.87,3.81,3.06,0.62,0
16330,07.06.2012 08:00:01,3.75,3.62,3.06,0.62,0,3.554
16331,07.06.2012 09:00:01,3.62,3.56,3,0.62,0
16332,07.06.2012 10:00:01,3.56,3.62,3,0.62,0
16333,07.06.2012 11:00:01,3.81,4,2.93,0.62,0
16334,07.06.2012 12:00:01,4.25,4.75,2.93,0.56,0
16335,07.06.2012 13:00:01,5,5.81,2.93,0.62,0
16336,07.06.2012 14:00:01,5.93,7,2.93,0.62,0,3.563
16337,07.06.2012 15:00:01,6.87,8.06,3,0.62,0
16338,07.06.2012 16:00:01,7.62,8.87,3.06,0.62,0
16339,07.06.2012 17:00:01,8.18,9.25,3.18,0.62,0
16340,07.06.2012 18:00:01,8.43,9.37,3.37,0.62,0
16341,07.06.2012 19:00:01,8.56,9.31,3.5,0.62,0
16342,07.06.2012 20:00:01,8.5,9,3.62,0.62,0,3.579
16343,07.06.2012 21:00:01,8.31,8.68,3.75,0.62,0
16344,07.06.2012 22:00:01,8.06,8.31,3.81,0.62,0
16345,07.06.2012 23:00:01,7.75,7.93,3.93,0.62,0
16346,08.06.2012 00:00:01,7.5,7.56,3.93,0.62,0
16347,08.06.2012 01:00:01,7.18,7.18,4,0.62,0
16348,08.06.2012 02:00:01,6.87,6.81,4.06,0.62,0,3.567
16349,08.06.2012 03:00:01,6.56,6.5,4.06,0.62,0
16350,08.06.2012 04:00:01,6.31,6.18,4.06,0.62,0
16351,08.06.2012 05:00:01,6.06,5.93,4.06,0.68,0
16352,08.06.2012 06:00:01,5.81,5.68,4,0.68,0
16353,08.06.2012 07:00:01,5.56,5.37,4,0.68,0
16354,08.06.2012 08:00:01,5.31,5.25,3.93,0.68,-0.06,3.564
16355,08.06.2012 09:00:01,5.18,5.12,3.93,0.68,0
16356,08.06.2012 10:00:01,5.18,5.18,3.87,0.68,0
16357,08.06.2012 11:00:01,5.31,5.5,3.87,0.75,0
16358,08.06.2012 12:00:01,5.56,5.93,3.81,0.75,0
16359,08.06.2012 13:00:01,5.75,6.12,3.81,0.75,0
16360,08.06.2012 14:00:01,6,6.43,3.81,0.75,0,3.565
16361,08.06.2012 15:00:01,6.37,6.93,3.81,0.75,0
16362,08.06.2012 16:00:01,6.75,7.31,3.81,0.81,0
16363,08.06.2012 17:00:01,6.93,7.37,3.87,0.81,0
16364,08.06.2012 18:00:01,6.81,7.12,3.93,0.81,0
16365,08.06.2012 19:00:01,6.68,6.87,3.93,0.81,0
16366,08.06.2012 20:00:01,6.5,6.56,4,0.81,0,3.570
16367,08.06.2012 21:00:01,6.31,6.37,4,0.81,0
16368,08.06.2012 22:00:01,6.06,6.12,4,0.81,0
16369,08.06.2012 23:00:01,5.93,5.93,4,0.81,0
16370,09.06.2012 00:00:01,5.68,5.75,4,0.81,0
16371,09.06.2012 01:00:01,5.56,5.5,3.93,0.81,0
16372,09.06.2012 02:00:01,5.37,5.31,3.93,0.81,0,3.561
16373,09.06.2012 03:00:01,5.18,5.18,3.87,0.87,0
16374,09.06.2012 04:00:01,5.06,5,3.87,0.87,0.06
16375,09.06.2012 05:00:01,4.93,4.87,3.81,0.87,0
16376,09.06.2012 06:00:01,4.81,4.75,3.81,0.87,0
16377,09.06.2012 07:00:01,4.68,4.62,3.75,0.87,0
16378,09.06.2012 08:00:01,4.56,4.5,3.75,0.87,0,3.559
16379,09.06.2012 09:00:01,4.43,4.43,3.68,0.87,0
16380,09.06.2012 10:00:01,4.37,4.31,3.62,0.87,0
16381,09.06.2012 11:00:01,4.37,4.37,3.62,0.87,0
16382,09.06.2012 12:00:01,4.43,4.5,3.56,0.87,0
16383,09.06.2012 13:00:01,4.75,4.87,3.56,0.87,0
16384,09.06.2012 14:00:01,5.12,5.37,3.5,0.87,0,3.555
16385,09.06.2012 15:00:01,5.5,5.93,3.56,0.87,0
16386,09.06.2012 16:00:01,5.93,6.37,3.56,0.87,0
16387,09.06.2012 17:00:01,6.18,6.56,3.56,0.87,0
16388,09.06.2012 18:00:01,6.31,6.68,3.62,0.87,0
16389,09.06.2012 19:00:01,6.37,6.68,3.68,0.93,0
16390,09.06.2012 20:00:01,6.43,6.68,3.75,0.87,0,3.564
16391,09.06.2012 21:00:01,6.37,6.56,3.75,0.87,0
16392,09.06.2012 22:00:01,6.31,6.37,3.81,0.93,0
16393,09.06.2012 23:00:01,6.12,6.18,3.81,0.87,0
16394,10.06.2012 00:00:01,5.93,5.93,3.81,0.87,0
16395,10.06.2012 01:00:01,5.75,5.68,3.81,0.87,-0.06
16396,10.06.2012 02:00:01,5.56,5.5,3.87,0.87,0,3.562
16397,10.06.2012 03:00:01,5.31,5.25,3.87,0.87,0
16398,10.06.2012 04:00:01,5.18,5.06,3.81,0.87,0
16399,10.06.2012 05:00:01,5,4.87,3.81,0.87,0
16400,10.06.2012 06:00:01,4.81,4.68,3.75,0.87,0
16401,10.06.2012 07:00:01,4.62,4.5,3.75,0.93,0
16402,10.06.2012 08:00:01,4.5,4.37,3.68,0.93,0,3.554
16403,10.06.2012 09:00:01,4.37,4.25,3.62,0.93,0
16404,10.06.2012 10:00:01,4.31,4.18,3.62,0.93,0
16405,10.06.2012 11:00:01,4.31,4.37,3.56,0.93,0
16406,10.06.2012 12:00:01,4.56,4.75,3.56,0.93,0.06
16407,10.06.2012 13:00:01,5,5.43,3.5,0.93,0
16408,10.06.2012 14:00:01,5.5,6.12,3.5,0.93,0,3.557
16409,10.06.2012 15:00:01,6.06,6.81,3.5,0.93,0
16410,10.06.2012 16:00:01,6.56,7.43,3.56,0.93,0
16411,10.06.2012 17:00:01,7,7.81,3.62,0.93,0
16412,10.06.2012 18:00:01,7.18,7.87,3.68,0.93,0
16413,10.06.2012 19:00:01,7.31,7.87,3.81,0.93,0
16414,10.06.2012 20:00:01,7.25,7.75,3.87,0.93,0,3.574
16415,10.06.2012 21:00:01,7.18,7.5,3.93,1,0
16416,10.06.2012 22:00:01,6.93,7.18,4,0.93,0
16417,10.06.2012 23:00:01,6.75,6.87,4.06,0.93,0
16418,11.06.2012 00:00:01,6.5,6.56,4.06,1,0
16419,11.06.2012 01:00:01,6.25,6.25,4.06,0.93,0
16420,11.06.2012 02:00:01,6,6,4.06,0.93,0,3.567
16421,11.06.2012 03:00:01,5.75,5.75,4.06,1,0
16422,11.06.2012 04:00:01,5.56,5.56,4.06,1,0
16423,11.06.2012 05:00:01,5.37,5.37,4,1,0
16424,11.06.2012 06:00:01,5.25,5.18,4,1,0
16425,11.06.2012 07:00:01,5.06,5.06,3.93,1,0
16426,11.06.2012 08:00:01,4.93,4.87,3.93,1,0,3.557
16427,11.06.2012 09:00:01,4.81,4.75,3.87,1,0.06
16428,11.06.2012 10:00:01,4.75,4.68,3.81,1,0.06
16429,11.06.2012 11:00:01,4.75,4.81,3.81,1,0.06
16430,11.06.2012 12:00:01,5,5.25,3.75,1,0
16431,11.06.2012 13:00:01,5.5,6.06,3.75,1.06,0
16432,11.06.2012 14:00:01,6.25,7.12,3.75,1,0,3.565
16433,11.06.2012 15:00:01,7.12,8.18,3.81,1.06,0.06
16434,11.06.2012 16:00:01,7.87,9,3.87,1,0
16435,11.06.2012 17:00:01,8.5,9.56,3.93,1.06,0
16436,11.06.2012 18:00:01,8.87,9.75,4.06,1.06,0
16437,11.06.2012 19:00:01,9,9.75,4.18,1.06,0.06
16438,11.06.2012 20:00:01,9,9.5,4.31,1.06,0,3.578
16439,11.06.2012 21:00:01,8.75,9.12,4.43,1.06,0
16440,11.06.2012 22:00:01,8.5,8.68,4.5,1.06,0.06
16441,11.06.2012 23:00:01,8.12,8.25,4.56,1.06,0.06
16442,12.06.2012 00:00:01,7.75,7.81,4.62,1.06,0.06
16443,12.06.2012 01:00:01,7.37,7.43,4.68,1.06,0.06
16444,12.06.2012 02:00:01,7.06,7.06,4.68,1.06,0.06,3.569
16445,12.06.2012 03:00:01,6.75,6.68,4.62,1.12,0.06
16446,12.06.2012 04:00:01,6.43,6.37,4.62,1.12,0.06
16447,12.06.2012 05:00:01,6.18,6.06,4.62,1.12,0.06
16448,12.06.2012 06:00:01,5.93,5.81,4.56,1.12,0.06
16449,12.06.2012 07:00:01,5.68,5.56,4.5,1.12,0.06
16450,12.06.2012 08:00:01,5.43,5.31,4.5,1.12,0.06,3.567
16451,12.06.2012 09:00:01,5.25,5.06,4.43,1.18,0.06
16452,12.06.2012 10:00:01,5.12,5.12,4.31,1.18,0
16453,12.06.2012 11:00:01,5.25,5.5,4.31,1.18,0
16454,12.06.2012 12:00:01,5.68,6.25,4.25,1.18,0.06
16455,12.06.2012 13:00:01,6.37,7.25,4.25,1.18,0
16456,12.06.2012 14:00:01,7.25,8.37,4.25,1.25,0.06,3.569
16457,12.06.2012 15:00:01,8.06,9.43,4.31,1.25,0.06
16458,12.06.2012 16:00:01,8.81,10.12,4.37,1.25,0.06
16459,12.06.2012 17:00:01,9.25,10.37,4.5,1.25,0.06
16460,12.06.2012 18:00:01,9.37,10.31,4.62,1.25,0.06
16461,12.06.2012 19:00:01,9.37,10.06,4.68,1.25,0.06
16462,12.06.2012 20:00:01,9.25,9.75,4.81,1.25,0.06,3.585
16463,12.06.2012 21:00:01,9,9.43,4.87,1.25,0.06
16464,12.06.2012 22:00:01,8.68,9.06,4.93,1.25,0.06
16465,12.06.2012 23:00:01,8.43,8.68,5.06,1.25,0.06
16466,13.06.2012 00:00:01,8.12,8.31,5.06,1.31,0.06
16467,13.06.2012 01:00:01,7.87,7.93,5.06,1.31,0.06
16468,13.06.2012 02:00:01,7.56,7.62,5.06,1.31,0,3.579
16469,13.06.2012 03:00:01,7.31,7.31,5.06,1.31,0
16470,13.06.2012 04:00:01,7,7,5.06,1.31,0.06
16471,13.06.2012 05:00:01,6.68,6.68,5,1.31,0.06
16472,13.06.2012 06:00:01,6.43,6.37,5,1.31,0.06
16473,13.06.2012 07:00:01,6.12,6.06,4.93,1.37,0.06
16474,13.06.2012 08:00:01,5.93,5.81,4.87,1.37,0.06,3.565
16475,13.06.2012 09:00:01,5.68,5.62,4.81,1.37,0.06
16476,13.06.2012 10:00:01,5.62,5.68,4.75,1.37,0
16477,13.06.2012 11:00:01,5.75,5.93,4.68,1.37,0.06
16478,13.06.2012 12:00:01,5.93,6.31,4.68,1.43,0.06
16479,13.06.2012 13:00:01,6.37,7,4.62,1.43,0.06
16480,13.06.2012 14:00:01,7.12,8.06,4.62,1.43,0.06,3.573
16481,13.06.2012 15:00:01,7.87,8.87,4.62,1.43,0.06
16482,13.06.2012 16:00:01,8.37,9.37,4.68,1.5,0.06
16483,13.06.2012 17:00:01,8.68,9.56,4.75,1.43,0
16484,13.06.2012 18:00:01,8.75,9.5,4.87,1.43,0.06
16485,13.06.2012 19:00:01,8.68,9.25,4.93,1.43,0.06
16486,13.06.2012 20:00:01,8.5,9,5,1.43,0.06,3.578
16487,13.06.2012 21:00:01,8.31,8.68,5.06,1.43,0.06
16488,13.06.2012 22:00:01,8.06,8.37,5.12,1.5,0.06
16489,13.06.2012 23:00:01,7.75,8,5.12,1.43,0.06
16490,14.06.2012 00:00:01,7.5,7.62,5.12,1.5,0.06
16491,14.06.2012 01:00:01,7.25,7.31,5.12,1.5,0.06
16492,14.06.2012 02:00:01,6.93,7,5.12,1.5,0.06,3.576
16493,14.06.2012 03:00:01,6.68,6.75,5.06,1.5,0.06
16494,14.06.2012 04:00:01,6.5,6.5,5.06,1.5,0.06
16495,14.06.2012 05:00:01,6.31,6.31,5,1.5,0.06
16496,14.06.2012 06:00:01,6.06,6.12,4.93,1.56,0.06
16497,14.06.2012 07:00:01,5.93,5.93,4.93,1.56,0.06
16498,14.06.2012 08:00:01,5.75,5.75,4.87,1.56,0.06,3.563
16499,14.06.2012 09:00:01,5.68,5.62,4.81,1.56,0.06
16500,14.06.2012 10:00:01,5.62,5.75,4.75,1.56,0.06
16501,14.06.2012 11:00:01,5.81,6.12,4.68,1.56,0.06
16502,14.06.2012 12:00:01,6.25,6.87,4.68,1.56,0.06
16503,14.06.2012 13:00:01,6.93,7.93,4.62,1.56,0.06
16504,14.06.2012 14:00:01,7.68,8.81,4.68,1.56,0.06,3.571
16505,14.06.2012 15:00:01,8.37,9.68,4.75,1.62,0.06
16506,14.06.2012 16:00:01,9,10.25,4.81,1.56,0.06
16507,14.06.2012 17:00:01,9.37,10.37,4.87,1.62,0.06
16508,14.06.2012 18:00:01,9.56,10.31,5,1.62,0.06
16509,14.06.2012 19:00:01,9.5,10.12,5.12,1.62,0.06
16510,14.06.2012 20:00:01,9.31,9.75,5.18,1.56,0.06,3.581
16511,14.06.2012 21:00:01,9,9.37,5.25,1.62,0.06
16512,14.06.2012 22:00:01,8.75,9,5.31,1.62,0.06
16513,14.06.2012 23:00:01,8.43,8.56,5.37,1.62,0.06
16514,15.06.2012 00:00:01,8.12,8.18,5.37,1.62,0.06
16515,15.06.2012 01:00:01,7.81,7.87,5.37,1.62,0.06
16516,15.06.2012 02:00:01,7.56,7.5,5.37,1.68,0.06,3.578
16517,15.06.2012 03:00:01,7.25,7.25,5.31,1.62,0.06
16518,15.06.2012 04:00:01,7,6.93,5.31,1.62,0.06
16519,15.06.2012 05:00:01,6.75,6.68,5.25,1.62,0.06
16520,15.06.2012 06:00:01,6.5,6.43,5.18,1.68,0.06
16521,15.06.2012 07:00:01,6.25,6.18,5.18,1.68,0.06
16522,15.06.2012 08:00:01,6.06,6,5.12,1.68,0.06,3.569
16523,15.06.2012 09:00:01,5.87,5.81,5.06,1.68,0
16524,15.06.2012 10:00:01,5.87,5.87,5,1.68,0.06
16525,15.06.2012 11:00:01,6.06,6.31,5,1.68,0.06
16526,15.06.2012 12:00:01,6.5,7.12,4.93,1.68,0.06
16527,15.06.2012 13:00:01,7.18,8.12,4.87,1.75,0.06
16528,15.06.2012 14:00:01,8.06,9.18,4.93,1.75,0.06,3.576
16529,15.06.2012 15:00:01,8.81,10.06,4.93,1.75,0.06
16530,15.06.2012 16:00:01,9.37,10.43,5.06,1.75,0.06
16531,15.06.2012 17:00:01,9.62,10.56,5.12,1.75,0.06
16532,15.06.2012 18:00:01,9.81,10.62,5.25,1.75,0.06
16533,15.06.2012 19:00:01,9.81,10.43,5.37,1.75,0.06
16534,15.06.2012 20:00:01,9.62,10.18,5.43,1.75,0.06,3.583
16535,15.06.2012 21:00:01,9.43,9.75,5.5,1.75,0.06
16536,15.06.2012 22:00:01,9.12,9.37,5.56,1.75,0.06
16537,15.06.2012 23:00:01,8.81,8.93,5.62,1.75,0.06
16538,16.06.2012 00:00:01,8.43,8.5,5.62,1.81,0.06
16539,16.06.2012 01:00:01,8.06,8.06,5.62,1.75,0.06
16540,16.06.2012 02:00:01,7.75,7.68,5.62,1.75,0.06,3.580
16541,16.06.2012 03:00:01,7.43,7.31,5.62,1.81,0.06
16542,16.06.2012 04:00:01,7.12,7,5.56,1.81,0.06
16543,16.06.2012 05:00:01,6.81,6.68,5.5,1.81,0.06
16544,16.06.2012 06:00:01,6.5,6.37,5.5,1.81,0.06
16545,16.06.2012 07:00:01,6.25,6.06,5.37,1.81,0.06
16546,16.06.2012 08:00:01,6,5.81,5.37,1.87,0.06,3.568
16547,16.06.2012 09:00:01,5.75,5.62,5.25,1.87,0.06
16548,16.06.2012 10:00:01,5.75,5.68,5.18,1.87,0.06
16549,16.06.2012 11:00:01,5.75,5.87,5.12,1.87,0.06
16550,16.06.2012 12:00:01,5.87,6.12,5.06,1.87,0.06
16551,16.06.2012 13:00:01,6,6.31,5,1.87,0.06
16552,16.06.2012 14:00:01,6.18,6.56,5,1.93,0.06,3.570
16553,16.06.2012 15:00:01,6.37,6.62,4.93,1.87,0.06
16554,16.06.2012 16:00:01,6.43,6.75,4.93,1.93,0.06
16555,16.06.2012 17:00:01,6.5,6.81,4.93,1.87,0.06
16556,16.06.2012 18:00:01,6.5,6.75,4.93,1.87,0.06
16557,16.06.2012 19:00:01,6.43,6.56,4.87,1.93,0.06
16558,16.06.2012 20:00:01,6.31,6.43,4.87,1.93,0.06,3.569
16559,16.06.2012 21:00:01,6.18,6.31,4.87,1.93,0.06
16560,16.06.2012 22:00:01,6,6.12,4.81,1.93,0.06
16561,16.06.2012 23:00:01,5.87,5.87,4.81,1.93,0.06
16562,17.06.2012 00:00:01,5.68,5.68,4.81,1.93,0.06
16563,17.06.2012 01:00:01,5.56,5.56,4.75,1.93,0.06
16564,17.06.2012 02:00:01,5.43,5.37,4.75,1.93,0.06,3.568
16565,17.06.2012 03:00:01,5.31,5.25,4.68,1.93,0.06
16566,17.06.2012 04:00:01,5.12,5.12,4.62,1.93,0.06
16567,17.06.2012 05:00:01,5.06,5,4.56,1.93,0.06
16568,17.06.2012 06:00:01,4.93,4.93,4.56,1.93,0.06
16569,17.06.2012 07:00:01,4.87,4.81,4.5,1.87,0.06
16570,17.06.2012 08:00:01,4.75,4.68,4.43,1.93,0.06,3.558
16571,17.06.2012 09:00:01,4.68,4.68,4.43,1.93,0.06
16572,17.06.2012 10:00:01,4.68,4.75,4.37,1.87,0.06
16573,17.06.2012 11:00:01,4.81,5,4.31,1.93,0.06
16574,17.06.2012 12:00:01,5.06,5.37,4.25,1.87,0.12
16575,17.06.2012 13:00:01,5.43,5.87,4.25,1.87,0.06
16576,17.06.2012 14:00:01,5.87,6.43,4.25,1.87,0.06,3.562
16577,17.06.2012 15:00:01,6.25,6.81,4.25,1.87,0.06
16578,17.06.2012 16:00:01,6.5,7.06,4.31,1.87,0.06
16579,17.06.2012 17:00:01,6.75,7.31,4.31,1.87,0.06
16580,17.06.2012 18:00:01,7,7.5,4.37,1.87,0.06
16581,17.06.2012 19:00:01,7.12,7.68,4.37,1.87,0.06
16582,17.06.2012 20:00:01,7.25,7.68,4.43,1.81,0.06,3.573
16583,17.06.2012 21:00:01,7.25,7.56,4.5,1.87,0.06
16584,17.06.2012 22:00:01,7.18,7.37,4.56,1.81,0.06
16585,17.06.2012 23:00:01,7,7.12,4.56,1.81,0.12
16586,18.06.2012 00:00:01,6.75,6.87,4.62,1.81,0.06
16587,18.06.2012 01:00:01,6.56,6.62,4.62,1.81,0.06
16588,18.06.2012 02:00:01,6.37,6.37,4.62,1.81,0.06,3.567
16589,18.06.2012 03:00:01,6.12,6.12,4.62,1.81,0.06
16590,18.06.2012 04:00:01,5.93,5.87,4.62,1.81,0.12
16591,18.06.2012 05:00:01,5.68,5.62,4.62,1.81,0.06
16592,18.06.2012 06:00:01,5.5,5.37,4.56,1.81,0.06
16593,18.06.2012 07:00:01,5.31,5.18,4.5,1.81,0.06
16594,18.06.2012 08:00:01,5.06,5,4.5,1.81,0.06,3.559
16595,18.06.2012 09:00:01,4.93,4.81,4.43,1.81,0.06
16596,18.06.2012 10:00:01,4.81,4.81,4.37,1.81,0.06
16597,18.06.2012 11:00:01,4.87,4.93,4.37,1.81,0.06
16598,18.06.2012 12:00:01,5.12,5.37,4.31,1.81,0.12
16599,18.06.2012 13:00:01,5.75,6.31,4.31,1.81,0.06
16600,18.06.2012 14:00:01,6.56,7.56,4.25,1.81,0.06,3.570
16601,18.06.2012 15:00:01,7.43,8.56,4.31,1.81,0.12
16602,18.06.2012 16:00:01,8.06,9.12,4.37,1.81,0.06
16603,18.06.2012 17:00:01,8.43,9.37,4.5,1.81,0.06
16604,18.06.2012 18:00:01,8.62,9.37,4.56,1.81,0.06
16605,18.06.2012 19:00:01,8.68,9.31,4.68,1.81,0.06
16606,18.06.2012 20:00:01,8.62,9.12,4.75,1.81,0.12,3.582
16607,18.06.2012 21:00:01,8.5,8.87,4.87,1.81,0.12
16608,18.06.2012 22:00:01,8.31,8.56,4.93,1.81,0.12
16609,18.06.2012 23:00:01,8.06,8.25,5,1.81,0.06
16610,19.06.2012 00:00:01,7.81,7.87,5,1.81,0.06
16611,19.06.2012 01:00:01,7.5,7.56,5.06,1.81,0.06
16612,19.06.2012 02:00:01,7.25,7.25,5,1.81,0.06,3.573
16613,19.06.2012 03:00:01,7,6.93,5.06,1.81,0.06
16614,19.06.2012 04:00:01,6.75,6.68,5,1.87,0.06
16615,19.06.2012 05:00:01,6.5,6.43,5,1.81,0.12
16616,19.06.2012 06:00:01,6.25,6.18,5,1.87,0.06
16617,19.06.2012 07:00:01,6.06,5.93,4.93,1.87,0.06
16618,19.06.2012 08:00:01,5.81,5.68,4.87,1.87,0.06,3.565
16619,19.06.2012 09:00:01,5.68,5.56,4.81,1.87,0.06
16620,19.06.2012 10:00:01,5.68,5.68,4.75,1.87,0.06
16621,19.06.2012 11:00:01,5.87,6.18,4.75,1.87,0.12
16622,19.06.2012 12:00:01,6.37,6.93,4.68,1.87,0.06
16623,19.06.2012 13:00:01,6.81,7.56,4.68,1.87,0.12
16624,19.06.2012 14:00:01,7.31,8.06,4.75,1.93,0.06,3.570
16625,19.06.2012 15:00:01,7.68,8.5,4.81,1.93,0.06
16626,19.06.2012 16:00:01,8,8.75,4.81,1.93,0.06
16627,19.06.2012 17:00:01,8.18,8.87,4.87,1.93,0.06
16628,19.06.2012 18:00:01,8.25,8.81,4.93,1.93,0.12
16629,19.06.2012 19:00:01,8.25,8.62,5,1.93,0.12
16630,19.06.2012 20:00:01,8.06,8.5,5.06,1.93,0.06,3.577
16631,19.06.2012 21:00:01,7.93,8.25,5.06,1.93,0.06
16632,19.06.2012 22:00:01,7.81,8,5.12,1.93,0.06
16633,19.06.2012 23:00:01,7.62,7.75,5.12,1.93,0.12
16634,20.06.2012 00:00:01,7.37,7.5,5.18,1.93,0.12
16635,20.06.2012 01:00:01,7.12,7.18,5.12,2,0.12
16636,20.06.2012 02:00:01,6.87,6.87,5.18,1.93,0.12,3.576
16637,20.06.2012 03:00:01,6.68,6.62,5.12,2,0.12
16638,20.06.2012 04:00:01,6.43,6.37,5.06,2,0.12
16639,20.06.2012 05:00:01,6.18,6.12,5.06,2,0.12
16640,20.06.2012 06:00:01,6,5.87,5.06,2,0.06
16641,20.06.2012 07:00:01,5.75,5.68,5,2,0.06
16642,20.06.2012 08:00:01,5.62,5.5,4.93,2,0.06,3.563
16643,20.06.2012 09:00:01,5.43,5.31,4.87,2,0.06
16644,20.06.2012 10:00:01,5.37,5.37,4.81,2.06,0.06
16645,20.06.2012 11:00:01,5.56,5.68,4.81,2,0.06
16646,20.06.2012 12:00:01,6,6.5,4.75,2.06,0.12
16647,20.06.2012 13:00:01,6.62,7.37,4.75,2.06,0.12
16648,20.06.2012 14:00:01,7.31,8.31,4.75,2.06,0.06,3.575
16649,20.06.2012 15:00:01,8.12,9.43,4.81,2.06,0.12
16650,20.06.2012 16:00:01,8.81,10.12,4.87,2.06,0.12
16651,20.06.2012 17:00:01,9.31,10.37,4.93,2.06,0.06
16652,20.06.2012 18:00:01,9.43,10.37,5.06,2.06,0.12
16653,20.06.2012 19:00:01,9.5,10.25,5.18,2.06,0.12
16654,20.06.2012 20:00:01,9.5,10.06,5.25,2.06,0.12,3.588
16655,20.06.2012 21:00:01,9.37,9.81,5.37,2.06,0.12
16656,20.06.2012 22:00:01,9.18,9.43,5.43,2.06,0.12
16657,20.06.2012 23:00:01,8.87,9.06,5.5,2.06,0.12
16658,21.06.2012 00:00:01,8.56,8.68,5.5,2.06,0.06
16659,21.06.2012 01:00:01,8.31,8.31,5.56,2.06,0.06
16660,21.06.2012 02:00:01,8,7.93,5.56,2.12,0.12,3.576
16661,21.06.2012 03:00:01,7.62,7.62,5.56,2.12,0.12
16662,21.06.2012 04:00:01,7.37,7.31,5.56,2.12,0.12
16663,21.06.2012 05:00:01,7.06,7,5.56,2.12,0.12
16664,21.06.2012 06:00:01,6.87,6.75,5.5,2.12,0.12
16665,21.06.2012 07:00:01,6.62,6.5,5.43,2.12,0.12
16666,21.06.2012 08:00:01,6.37,6.31,5.43,2.12,0.12,3.574
16667,21.06.2012 09:00:01,6.25,6.25,5.37,2.18,0.12
16668,21.06.2012 10:00:01,6.31,6.37,5.31,2.18,0.06
16669,21.06.2012 11:00:01,6.5,6.75,5.25,2.18,0.12
16670,21.06.2012 12:00:01,6.93,7.5,5.18,2.18,0.12
16671,21.06.2012 13:00:01,7.5,8.37,5.25,2.25,0.12
16672,21.06.2012 14:00:01,8.18,9.25,5.25,2.18,0.12,3.577
16673,21.06.2012 15:00:01,8.87,9.93,5.31,2.25,0.12
16674,21.06.2012 16:00:01,9.5,10.56,5.37,2.25,0.06
16675,21.06.2012 17:00:01,9.93,10.81,5.43,2.25,0.12
16676,21.06.2012 18:00:01,10.18,10.81,5.56,2.25,0.12
16677,21.06.2012 19:00:01,10.25,10.75,5.68,2.25,0.06
16678,21.06.2012 20:00:01,10.18,10.56,5.75,2.25,0.12,3.591
16679,21.06.2012 21:00:01,10,10.31,5.81,2.25,0.12
16680,21.06.2012 22:00:01,9.81,10,5.87,2.25,0.12
16681,21.06.2012 23:00:01,9.5,9.62,5.93,2.25,0.12
16682,22.06.2012 00:00:01,9.25,9.18,6,2.25,0.12
16683,22.06.2012 01:00:01,8.87,8.81,6,2.31,0.12
16684,22.06.2012 02:00:01,8.56,8.56,6,2.31,0.12,3.579
16685,22.06.2012 03:00:01,8.37,8.31,6,2.31,0.12
16686,22.06.2012 04:00:01,8.12,8.06,6,2.31,0.12
16687,22.06.2012 05:00:01,7.93,7.87,6,2.31,0.12
16688,22.06.2012 06:00:01,7.68,7.62,6,2.31,0.12
16689,22.06.2012 07:00:01,7.5,7.37,5.93,2.37,0.12
16690,22.06.2012 08:00:01,7.31,7.18,5.87,2.37,0.12,3.574
16691,22.06.2012 09:00:01,7.12,7.06,5.87,2.37,0.12
16692,22.06.2012 10:00:01,7.12,7.18,5.81,2.43,0.12
16693,22.06.2012 11:00:01,7.31,7.62,5.75,2.37,0.12
16694,22.06.2012 12:00:01,7.81,8.43,5.75,2.43,0.12
16695,22.06.2012 13:00:01,8.43,9.37,5.75,2.43,0.12
16696,22.06.2012 14:00:01,9.06,10,5.75,2.43,0.12,3.581
16697,22.06.2012 15:00:01,9.43,10.25,5.81,2.43,0.12
16698,22.06.2012 16:00:01,9.62,10.31,5.87,2.5,0.12
16699,22.06.2012 17:00:01,9.75,10.37,5.93,2.5,0.12
16700,22.06.2012 18:00:01,9.87,10.37,6,2.5,0.12
16701,22.06.2012 19:00:01,9.93,10.31,6.06,2.5,0.12
16702,22.06.2012 20:00:01,9.87,10.18,6.12,2.5,0.12,3.591
16703,22.06.2012 21:00:01,9.75,9.87,6.18,2.5,0.12
16704,22.06.2012 22:00:01,9.43,9.56,6.25,2.5,0.12
16705,22.06.2012 23:00:01,9.18,9.18,6.25,2.56,0.12
16706,23.06.2012 00:00:01,8.87,8.81,6.25,2.5,0.12
16707,23.06.2012 01:00:01,8.62,8.5,6.25,2.56,0.12
16708,23.06.2012 02:00:01,8.37,8.18,6.25,2.56,0.12,3.583
16709,23.06.2012 03:00:01,8.06,7.93,6.25,2.56,0.12
16710,23.06.2012 04:00:01,7.81,7.68,6.18,2.56,0.12
16711,23.06.2012 05:00:01,7.62,7.43,6.18,2.62,0.12
16712,23.06.2012 06:00:01,7.37,7.18,6.12,2.62,0.12
16713,23.06.2012 07:00:01,7.12,7,6.06,2.62,0.12
16714,23.06.2012 08:00:01,7,6.81,6.06,2.62,0.12,3.577
16715,23.06.2012 09:00:01,6.87,6.75,6,2.62,0.12
16716,23.06.2012 10:00:01,6.87,6.87,5.93,2.68,0.12
16717,23.06.2012 11:00:01,7.06,7.18,5.87,2.68,0.12
16718,23.06.2012 12:00:01,7.37,7.75,5.87,2.68,0.12
16719,23.06.2012 13:00:01,7.87,8.31,5.81,2.68,0.12
16720,23.06.2012 14:00:01,8.43,9.06,5.81,2.68,0.12,3.577
16721,23.06.2012 15:00:01,8.87,9.5,5.81,2.68,0.12
16722,23.06.2012 16:00:01,9.37,10.06,5.87,2.68,0.12
16723,23.06.2012 17:00:01,9.75,10.37,5.93,2.68,0.12
16724,23.06.2012 18:00:01,10,10.5,6,2.68,0.12
16725,23.06.2012 19:00:01,10.06,10.37,6.06,2.68,0.12
16726,23.06.2012 20:00:01,10.06,10.18,6.12,2.68,0.12,3.590
16727,23.06.2012 21:00:01,9.87,10,6.25,2.75,0.12
16728,23.06.2012 22:00:01,9.68,9.68,6.25,2.68,0.18
16729,23.06.2012 23:00:01,9.43,9.37,6.31,2.75,0.12
16730,24.06.2012 00:00:01,9.12,9.06,6.31,2.75,0.18
16731,24.06.2012 01:00:01,8.87,8.75,6.37,2.75,0.12
16732,24.06.2012 02:00:01,8.62,8.5,6.37,2.75,0.12,3.583
16733,24.06.2012 03:00:01,8.37,8.25,6.37,2.75,0.18
16734,24.06.2012 04:00:01,8.18,8.06,6.31,2.75,0.18
16735,24.06.2012 05:00:01,7.93,7.81,6.31,2.75,0.12
16736,24.06.2012 06:00:01,7.81,7.68,6.25,2.75,0.18
16737,24.06.2012 07:00:01,7.62,7.5,6.25,2.81,0.12
16738,24.06.2012 08:00:01,7.5,7.37,6.18,2.81,0.18,3.582
16739,24.06.2012 09:00:01,7.43,7.31,6.18,2.81,0.18
16740,24.06.2012 10:00:01,7.43,7.43,6.12,2.81,0.12
16741,24.06.2012 11:00:01,7.5,7.62,6.06,2.81,0.18
16742,24.06.2012 12:00:01,7.62,7.81,6.06,2.87,0.18
16743,24.06.2012 13:00:01,7.75,8,6.06,2.87,0.18
16744,24.06.2012 14:00:01,7.87,8.18,6,2.87,0.18,3.579
16745,24.06.2012 15:00:01,8.06,8.37,6,2.87,0.12
16746,24.06.2012 16:00:01,8.12,8.43,6,2.87,0.18
16747,24.06.2012 17:00:01,8.18,8.37,6,2.87,0.18
16748,24.06.2012 18:00:01,8.12,8.37,6.06,2.87,0.18
16749,24.06.2012 19:00:01,8.12,8.37,6.06,2.87,0.18
16750,24.06.2012 20:00:01,8.18,8.37,6.06,2.87,0.18,3.583
16751,24.06.2012 21:00:01,8.06,8.25,6.06,2.87,0.18
16752,24.06.2012 22:00:01,8,8.12,6.06,2.93,0.18
16753,24.06.2012 23:00:01,7.87,7.93,6.06,2.87,0.18
16754,25.06.2012 00:00:01,7.68,7.68,6.06,2.93,0.18
16755,25.06.2012 01:00:01,7.56,7.5,6,2.93,0.18
16756,25.06.2012 02:00:01,7.37,7.31,6,2.93,0.18,3.574
16757,25.06.2012 03:00:01,7.18,7.18,6,2.93,0.18
16758,25.06.2012 04:00:01,7.06,7.06,5.93,2.93,0.18
16759,25.06.2012 05:00:01,6.93,6.93,5.93,2.93,0.18
16760,25.06.2012 06:00:01,6.81,6.81,5.87,2.93,0.18
16761,25.06.2012 07:00:01,6.75,6.68,5.81,2.93,0.18
16762,25.06.2012 08:00:01,6.62,6.62,5.81,2.93,0.18,3.570
16763,25.06.2012 09:00:01,6.56,6.56,5.75,2.93,0.18
16764,25.06.2012 10:00:01,6.62,6.75,5.75,2.93,0.18
16765,25.06.2012 11:00:01,6.87,7.25,5.68,2.93,0.18
16766,25.06.2012 12:00:01,7.18,7.68,5.68,2.93,0.25
16767,25.06.2012 13:00:01,7.56,8.18,5.68,2.93,0.18
16768,25.06.2012 14:00:01,8,8.75,5.68,2.93,0.25,3.578
16769,25.06.2012 15:00:01,8.37,9.06,5.68,2.93,0.18
16770,25.06.2012 16:00:01,8.62,9.25,5.75,2.93,0.25
16771,25.06.2012 17:00:01,8.87,9.5,5.81,2.93,0.25
16772,25.06.2012 18:00:01,9.06,9.62,5.87,2.93,0.25
16773,25.06.2012 19:00:01,9.12,9.56,5.93,2.93,0.25
16774,25.06.2012 20:00:01,9.06,9.37,5.93,2.93,0.25,3.584
16775,25.06.2012 21:00:01,8.93,9.12,6.06,2.93,0.25
16776,25.06.2012 22:00:01,8.75,8.87,6.06,2.93,0.25
16777,25.06.2012 23:00:01,8.5,8.56,6.12,2.93,0.25
16778,26.06.2012 00:00:01,8.31,8.25,6.12,2.93,0.25
16779,26.06.2012 01:00:01,8,7.93,6.06,2.93,0.25
16780,26.06.2012 02:00:01,7.75,7.62,6.06,2.93,0.25,3.575
16781,26.06.2012 03:00:01,7.5,7.31,6.06,2.93,0.25
16782,26.06.2012 04:00:01,7.18,7.06,6,2.93,0.25
16783,26.06.2012 05:00:01,6.93,6.81,6,2.93,0.25
16784,26.06.2012 06:00:01,6.75,6.56,5.93,3,0.31
16785,26.06.2012 07:00:01,6.5,6.37,5.87,3,0.31
16786,26.06.2012 08:00:01,6.31,6.18,5.81,3,0.31,3.576
16787,26.06.2012 09:00:01,6.25,6.12,5.75,2.93,0.31
16788,26.06.2012 10:00:01,6.31,6.31,5.75,3,0.31
16789,26.06.2012 11:00:01,6.56,6.87,5.68,3,0.31
16790,26.06.2012 12:00:01,7.06,7.62,5.62,3,0.31
16791,26.06.2012 13:00:01,7.75,8.43,5.62,3,0.31
16792,26.06.2012 14:00:01,8.43,9.31,5.62,3,0.31,3.581
16793,26.06.2012 15:00:01,9.12,9.93,5.68,3,0.31
16794,26.06.2012 16:00:01,9.5,10.12,5.75,3,0.31
16795,26.06.2012 17:00:01,9.68,10.18,5.81,3,0.31
16796,26.06.2012 18:00:01,9.68,10.12,5.87,3,0.31
16797,26.06.2012 19:00:01,9.68,9.93,6,3,0.37
16798,26.06.2012 20:00:01,9.5,9.68,6.06,3,0.31,3.584
16799,26.06.2012 21:00:01,9.31,9.43,6.12,3,0.31
16800,26.06.2012 22:00:01,9.06,9.12,6.18,3,0.31
16801,26.06.2012 23:00:01,8.81,8.81,6.18,3,0.37
16802,27.06.2012 00:00:01,8.56,8.5,6.18,3,0.31
16803,27.06.2012 01:00:01,8.31,8.25,6.18,3,0.37
16804,27.06.2012 02:00:01,8.06,8,6.18,3,0.37,3.578
16805,27.06.2012 03:00:01,7.81,7.75,6.18,3,0.37
16806,27.06.2012 04:00:01,7.62,7.5,6.12,3,0.37
16807,27.06.2012 05:00:01,7.43,7.31,6.12,3,0.37
16808,27.06.2012 06:00:01,7.25,7.12,6.12,3,0.37
16809,27.06.2012 07:00:01,7.12,7,6.06,3.06,0.37
16810,27.06.2012 08:00:01,7,6.87,6,3,0.37,3.572
16811,27.06.2012 09:00:01,6.87,6.87,5.93,3.06,0.37
16812,27.06.2012 10:00:01,6.93,6.93,5.93,3.06,0.37
16813,27.06.2012 11:00:01,7.06,7.25,5.87,3.06,0.43
16814,27.06.2012 12:00:01,7.37,7.75,5.87,3.06,0.43
16815,27.06.2012 13:00:01,7.81,8.25,5.87,3.06,0.43
16816,27.06.2012 14:00:01,8.06,8.5,5.87,3.06,0.43,3.577
16817,27.06.2012 15:00:01,8.18,8.62,5.87,3.06,0.43
16818,27.06.2012 16:00:01,8.43,9,5.87,3.06,0.43
16819,27.06.2012 17:00:01,8.87,9.37,5.93,3.06,0.43
16820,27.06.2012 18:00:01,9.06,9.5,5.93,3.06,0.43
16821,27.06.2012 19:00:01,9.06,9.37,6,3.06,0.43
16822,27.06.2012 20:00:01,8.93,9.18,6.06,3.06,0.43,3.587
16823,27.06.2012 21:00:01,8.81,9,6.12,3.12,0.43
16824,27.06.2012 22:00:01,8.62,8.81,6.12,3.12,0.5
16825,27.06.2012 23:00:01,8.43,8.56,6.18,3.12,0.43
16826,28.06.2012 00:00:01,8.25,8.37,6.12,3.06,0.43
16827,28.06.2012 01:00:01,8.06,8.12,6.18,3.12,0.5
16828,28.06.2012 02:00:01,7.87,7.93,6.18,3.12,0.5,3.579
16829,28.06.2012 03:00:01,7.68,7.68,6.12,3.12,0.5
16830,28.06.2012 04:00:01,7.5,7.43,6.12,3.12,0.5
16831,28.06.2012 05:00:01,7.31,7.25,6.12,3.12,0.5
16832,28.06.2012 06:00:01,7.06,7.06,6.06,3.12,0.5
16833,28.06.2012 07:00:01,6.87,6.81,6,3.12,0.5
16834,28.06.2012 08:00:01,6.68,6.62,6,3.12,0.5,3.576
16835,28.06.2012 09:00:01,6.5,6.43,5.93,3.12,0.5
16836,28.06.2012 10:00:01,6.5,6.56,5.87,3.12,0.5
16837,28.06.2012 11:00:01,6.75,7.12,5.81,3.12,0.5
16838,28.06.2012 12:00:01,7.31,8.06,5.81,3.18,0.56
16839,28.06.2012 13:00:01,8.12,9.12,5.81,3.18,0.56
16840,28.06.2012 14:00:01,8.87,10,5.81,3.18,0.56,3.586
16841,28.06.2012 15:00:01,9.43,10.37,5.87,3.18,0.56
16842,28.06.2012 16:00:01,9.62,10.5,5.93,3.18,0.56
16843,28.06.2012 17:00:01,9.81,10.56,6,3.18,0.56
16844,28.06.2012 18:00:01,9.87,10.56,6.12,3.18,0.56
16845,28.06.2012 19:00:01,9.87,10.37,6.18,3.18,0.56
16846,28.06.2012 20:00:01,9.75,10.18,6.25,3.18,0.56,3.586
16847,28.06.2012 21:00:01,9.56,9.87,6.37,3.18,0.56
16848,28.06.2012 22:00:01,9.31,9.5,6.37,3.18,0.56
16849,28.06.2012 23:00:01,9.06,9.18,6.43,3.18,0.62
16850,29.06.2012 00:00:01,8.75,8.81,6.43,3.18,0.62
16851,29.06.2012 01:00:01,8.43,8.43,6.43,3.18,0.62
16852,29.06.2012 02:00:01,8.12,8.06,6.37,3.18,0.62,3.585
16853,29.06.2012 03:00:01,7.81,7.75,6.37,3.18,0.62
16854,29.06.2012 04:00:01,7.56,7.43,6.37,3.25,0.62
16855,29.06.2012 05:00:01,7.31,7.18,6.31,3.18,0.62
16856,29.06.2012 06:00:01,7.06,6.93,6.25,3.18,0.62
16857,29.06.2012 07:00:01,6.81,6.68,6.18,3.25,0.62
16858,29.06.2012 08:00:01,6.62,6.5,6.18,3.25,0.62,3.570
16859,29.06.2012 09:00:01,6.5,6.37,6.06,3.25,0.68
16860,29.06.2012 10:00:01,6.5,6.62,6,3.25,0.68
16861,29.06.2012 11:00:01,6.75,7.06,6,3.25,0.62
16862,29.06.2012 12:00:01,7.25,7.87,5.93,3.25,0.68
16863,29.06.2012 13:00:01,7.93,8.81,5.93,3.25,0.68
16864,29.06.2012 14:00:01,8.68,9.68,5.93,3.31,0.68,3.585
16865,29.06.2012 15:00:01,9.43,10.37,6,3.31,0.68
16866,29.06.2012 16:00:01,9.87,10.81,6.06,3.31,0.68
16867,29.06.2012 17:00:01,10.12,10.81,6.12,3.31,0.68
16868,29.06.2012 18:00:01,10.06,10.5,6.25,3.31,0.68
16869,29.06.2012 19:00:01,9.87,10.18,6.31,3.31,0.75
16870,29.06.2012 20:00:01,9.75,9.93,6.37,3.25,0.68,3.587
16871,29.06.2012 21:00:01,9.5,9.62,6.37,3.31,0.75
16872,29.06.2012 22:00:01,9.18,9.18,6.43,3.31,0.75
16873,29.06.2012 23:00:01,8.87,8.87,6.5,3.31,0.75
16874,30.06.2012 00:00:01,8.56,8.56,6.5,3.31,0.75
16875,30.06.2012 01:00:01,8.37,8.31,6.5,3.31,0.75
16876,30.06.2012 02:00:01,8.12,8,6.43,3.31,0.75,3.579
16877,30.06.2012 03:00:01,7.81,7.68,6.43,3.31,0.75
16878,30.06.2012 04:00:01,7.56,7.43,6.43,3.31,0.75
16879,30.06.2012 05:00:01,7.37,7.18,6.37,3.37,0.75
16880,30.06.2012 06:00:01,7.12,6.93,6.31,3.37,0.75
16881,30.06.2012 07:00:01,6.87,6.68,6.25,3.37,0.81
16882,30.06.2012 08:00:01,6.68,6.5,6.18,3.37,0.75,3.573
16883,30.06.2012 09:00:01,6.5,6.31,6.12,3.37,0.75
16884,30.06.2012 10:00:01,6.43,6.37,6.06,3.37,0.81
16885,30.06.2012 11:00:01,6.62,6.81,6,3.37,0.81
16886,30.06.2012 12:00:01,7.06,7.5,6,3.37,0.81
16887,30.06.2012 13:00:01,7.56,8.18,5.93,3.37,0.81
16888,30.06.2012 14:00:01,8.25,9.12,5.93,3.37,0.81,3.584
16889,30.06.2012 15:00:01,9,9.93,6,3.37,0.81
16890,30.06.2012 16:00:01,9.56,10.43,6.06,3.43,0.87
16891,30.06.2012 17:00:01,9.93,10.75,6.12,3.43,0.81
16892,30.06.2012 18:00:01,10.18,10.93,6.18,3.43,0.81
16893,30.06.2012 19:00:01,10.31,10.87,6.31,3.43,0.81
16894,30.06.2012 20:00:01,10.31,10.68,6.37,3.43,0.87,3.593
16895,30.06.2012 21:00:01,10.12,10.37,6.5,3.43,0.87
16896,30.06.2012 22:00:01,9.87,10,6.5,3.43,0.87
16897,30.06.2012 23:00:01,9.56,9.62,6.56,3.43,0.87
16898,01.07.2012 00:00:01,9.25,9.18,6.62,3.43,0.87
16899,01.07.2012 01:00:01,8.93,8.81,6.62,3.43,0.87
16900,01.07.2012 02:00:01,8.62,8.5,6.62,3.43,0.87,3.585
16901,01.07.2012 03:00:01,8.31,8.18,6.62,3.43,0.87
16902,01.07.2012 04:00:01,8.06,7.87,6.56,3.43,0.87
16903,01.07.2012 05:00:01,7.75,7.62,6.56,3.43,0.87
16904,01.07.2012 06:00:01,7.56,7.37,6.5,3.43,0.93
16905,01.07.2012 07:00:01,7.25,7.12,6.43,3.5,0.87
16906,01.07.2012 08:00:01,7.06,6.81,6.43,3.5,0.87,3.574
16907,01.07.2012 09:00:01,6.87,6.75,6.31,3.5,0.87
16908,01.07.2012 10:00:01,6.87,6.93,6.31,3.5,0.93
16909,01.07.2012 11:00:01,7.18,7.5,6.25,3.5,0.93
16910,01.07.2012 12:00:01,7.81,8.56,6.18,3.5,0.93
16911,01.07.2012 13:00:01,8.75,9.81,6.18,3.5,0.93
16912,01.07.2012 14:00:01,9.75,11,6.25,3.5,0.93,3.589
16913,01.07.2012 15:00:01,10.62,12,6.31,3.5,0.93
16914,01.07.2012 16:00:01,11.31,12.56,6.43,3.56,1
16915,01.07.2012 17:00:01,11.68,12.75,6.56,3.56,0.93
16916,01.07.2012 18:00:01,11.87,12.68,6.68,3.56,0.93
16917,01.07.2012 19:00:01,11.81,12.5,6.81,3.56,0.93
16918,01.07.2012 20:00:01,11.62,12.12,6.93,3.56,1,3.597
16919,01.07.2012 21:00:01,11.31,11.68,7.06,3.56,1
16920,01.07.2012 22:00:01,10.93,11.18,7.12,3.56,1
16921,01.07.2012 23:00:01,10.56,10.75,7.18,3.56,1
16922,02.07.2012 00:00:01,10.18,10.25,7.25,3.56,1
16923,02.07.2012 01:00:01,9.81,9.87,7.25,3.62,1
16924,02.07.2012 02:00:01,9.43,9.43,7.25,3.62,1,3.592
16925,02.07.2012 03:00:01,9.12,9.06,7.18,3.62,1
16926,02.07.2012 04:00:01,8.81,8.68,7.18,3.62,1
16927,02.07.2012 05:00:01,8.5,8.37,7.12,3.62,1.06
16928,02.07.2012 06:00:01,8.18,8.06,7.06,3.62,1.06
16929,02.07.2012 07:00:01,7.87,7.75,7,3.68,1.06
16930,02.07.2012 08:00:01,7.62,7.5,6.93,3.68,1.06,3.580
16931,02.07.2012 09:00:01,7.43,7.31,6.87,3.68,1.06
16932,02.07.2012 10:00:01,7.43,7.43,6.81,3.68,1.06
16933,02.07.2012 11:00:01,7.68,8.06,6.75,3.68,1.06
16934,02.07.2012 12:00:01,8.31,9.06,6.68,3.75,1.06
16935,02.07.2012 13:00:01,9.18,10.31,6.68,3.75,1.06
16936,02.07.2012 14:00:01,10.12,11.43,6.75,3.75,1.06,3.592
16937,02.07.2012 15:00:01,10.93,12.31,6.75,3.75,1.06
16938,02.07.2012 16:00:01,11.62,12.93,6.87,3.75,1.06
16939,02.07.2012 17:00:01,12.06,13.25,7,3.75,1.06
16940,02.07.2012 18:00:01,12.18,13.18,7.12,3.75,1.06
16941,02.07.2012 19:00:01,12.18,12.93,7.25,3.75,1.12
16942,02.07.2012 20:00:01,12,12.56,7.31,3.75,1.12,3.596
16943,02.07.2012 21:00:01,11.68,12.12,7.43,3.81,1.06
16944,02.07.2012 22:00:01,11.37,11.68,7.5,3.81,1.12
16945,02.07.2012 23:00:01,11,11.18,7.56,3.81,1.12
16946,03.07.2012 00:00:01,10.62,10.75,7.62,3.81,1.12
16947,03.07.2012 01:00:01,10.25,10.31,7.62,3.81,1.12
16948,03.07.2012 02:00:01,9.87,9.87,7.62,3.81,1.12,3.589
16949,03.07.2012 03:00:01,9.5,9.5,7.56,3.81,1.12
16950,03.07.2012 04:00:01,9.18,9.12,7.56,3.87,1.12
16951,03.07.2012 05:00:01,8.87,8.75,7.5,3.87,1.12
16952,03.07.2012 06:00:01,8.56,8.43,7.43,3.87,1.12
16953,03.07.2012 07:00:01,8.25,8.12,7.37,3.87,1.12
16954,03.07.2012 08:00:01,8,7.87,7.31,3.93,1.12,3.580
16955,03.07.2012 09:00:01,7.81,7.68,7.25,3.93,1.18
16956,03.07.2012 10:00:01,7.81,7.93,7.18,3.93,1.18
16957,03.07.2012 11:00:01,8.12,8.43,7.12,3.93,1.18
16958,03.07.2012 12:00:01,8.62,9.18,7.06,3.93,1.18
16959,03.07.2012 13:00:01,9.18,10.06,7,4,1.18
16960,03.07.2012 14:00:01,10,11.12,7,4,1.18,3.587
16961,03.07.2012 15:00:01,10.81,12.06,7.06,4,1.18
16962,03.07.2012 16:00:01,11.37,12.5,7.12,4,1.18
16963,03.07.2012 17:00:01,11.68,12.75,7.25,4,1.18
16964,03.07.2012 18:00:01,11.81,12.56,7.31,4,1.18
16965,03.07.2012 19:00:01,11.68,12.37,7.43,4,1.25
16966,03.07.2012 20:00:01,11.5,12,7.5,4,1.18,3.592
16967,03.07.2012 21:00:01,11.18,11.56,7.62,4.06,1.25
16968,03.07.2012 22:00:01,10.93,11.12,7.62,4.06,1.25
16969,03.07.2012 23:00:01,10.62,10.75,7.68,4.06,1.25
16970,04.07.2012 00:00:01,10.25,10.37,7.68,4.06,1.25
16971,04.07.2012 01:00:01,9.93,10,7.68,4.06,1.25
16972,04.07.2012 02:00:01,9.62,9.56,7.68,4.06,1.25,3.594
16973,04.07.2012 03:00:01,9.25,9.25,7.62,4.06,1.25
16974,04.07.2012 04:00:01,9,8.93,7.62,4.12,1.25
16975,04.07.2012 05:00:01,8.75,8.68,7.56,4.12,1.25
16976,04.07.2012 06:00:01,8.5,8.43,7.5,4.06,1.31
16977,04.07.2012 07:00:01,8.25,8.18,7.43,4.12,1.31
16978,04.07.2012 08:00:01,8.06,7.93,7.37,4.12,1.31,3.585
16979,04.07.2012 09:00:01,7.87,7.81,7.31,4.12,1.31
16980,04.07.2012 10:00:01,7.81,7.87,7.18,4.12,1.31
16981,04.07.2012 11:00:01,8.06,8.31,7.18,4.18,1.31
16982,04.07.2012 12:00:01,8.37,8.81,7.12,4.18,1.31
16983,04.07.2012 13:00:01,8.75,9.25,7.06,4.18,1.31
16984,04.07.2012 14:00:01,9,9.43,7.06,4.18,1.31,3.584
16985,04.07.2012 15:00:01,9.37,10.12,7.06,4.18,1.31
16986,04.07.2012 16:00:01,9.93,10.62,7.12,4.18,1.31
16987,04.07.2012 17:00:01,10.18,10.81,7.12,4.18,1.31
16988,04.07.2012 18:00:01,10.31,10.87,7.18,4.18,1.37
16989,04.07.2012 19:00:01,10.31,10.81,7.25,4.18,1.31
16990,04.07.2012 20:00:01,10.18,10.62,7.31,4.18,1.37,3.591
16991,04.07.2012 21:00:01,10.06,10.31,7.31,4.25,1.37
16992,04.07.2012 22:00:01,9.81,10,7.37,4.18,1.37
16993,04.07.2012 23:00:01,9.5,9.62,7.37,4.18,1.37
16994,05.07.2012 00:00:01,9.25,9.31,7.37,4.25,1.37
16995,05.07.2012 01:00:01,9,9,7.37,4.25,1.37
16996,05.07.2012 02:00:01,8.75,8.68,7.37,4.18,1.37,3.584
16997,05.07.2012 03:00:01,8.5,8.43,7.31,4.25,1.37
16998,05.07.2012 04:00:01,8.25,8.18,7.31,4.25,1.37
16999,05.07.2012 05:00:01,8.06,7.93,7.25,4.25,1.37
17000,05.07.2012 06:00:01,7.87,7.75,7.18,4.25,1.37
17001,05.07.2012 07:00:01,7.68,7.56,7.12,4.31,1.43
17002,05.07.2012 08:00:01,7.5,7.37,7.06,4.25,1.37,3.578
17003,05.07.2012 09:00:01,7.37,7.25,7,4.25,1.37
17004,05.07.2012 10:00:01,7.18,7.06,6.93,4.25,1.43
17005,05.07.2012 11:00:01,7,6.93,6.87,4.25,1.43
17006,05.07.2012 12:00:01,6.87,6.81,6.81,4.25,1.43
17007,05.07.2012 13:00:01,6.75,6.62,6.75,4.31,1.43
17008,05.07.2012 14:00:01,6.62,6.5,6.68,4.31,1.43,3.577
17009,05.07.2012 15:00:01,6.31,5.12,6.62,4.31,1.43
17010,05.07.2012 16:00:01,6,5.5,6.5,4.31,1.43
17011,05.07.2012 17:00:01,5.93,5.75,6.31,4.31,1.43
17012,05.07.2012 18:00:01,6.25,6.18,6.25,4.25,1.43
17013,05.07.2012 19:00:01,6.56,6.56,6.18,4.25,1.5
17014,05.07.2012 20:00:01,6.81,6.81,6.12,4.31,1.43,3.572
17015,05.07.2012 21:00:01,6.87,6.87,6.12,4.25,1.5
17016,05.07.2012 22:00:01,6.87,6.81,6.12,4.25,1.5
17017,05.07.2012 23:00:01,6.75,6.62,6.06,4.25,1.5
17018,06.07.2012 00:00:01,6.56,6.5,6.06,4.25,1.5
17019,06.07.2012 01:00:01,6.43,6.31,6.06,4.25,1.5
17020,06.07.2012 02:00:01,6.31,6.18,6.06,4.25,1.5,3.574
17021,06.07.2012 03:00:01,6.12,6,6,4.25,1.5
17022,06.07.2012 04:00:01,6,5.87,6,4.25,1.5
17023,06.07.2012 05:00:01,5.87,5.75,5.93,4.18,1.5
17024,06.07.2012 06:00:01,5.81,5.68,5.93,4.25,1.5
17025,06.07.2012 07:00:01,5.68,5.56,5.87,4.18,1.56
17026,06.07.2012 08:00:01,5.62,5.43,5.81,4.18,1.56,3.571
17027,06.07.2012 09:00:01,5.5,5.37,5.81,4.18,1.56
17028,06.07.2012 10:00:01,5.43,5.31,5.75,4.18,1.56
17029,06.07.2012 11:00:01,5.56,5.62,5.68,4.18,1.56
17030,06.07.2012 12:00:01,6,6.31,5.68,4.18,1.56
17031,06.07.2012 13:00:01,6.75,7.31,5.62,4.18,1.56
17032,06.07.2012 14:00:01,7.62,8.37,5.68,4.12,1.56,3.575
17033,06.07.2012 15:00:01,8.43,9.37,5.68,4.18,1.56
17034,06.07.2012 16:00:01,9.25,10.31,5.81,4.12,1.56
17035,06.07.2012 17:00:01,9.93,10.93,5.87,4.12,1.56
17036,06.07.2012 18:00:01,10.31,11.18,6,4.12,1.56
17037,06.07.2012 19:00:01,10.5,11.18,6.18,4.12,1.56
17038,06.07.2012 20:00:01,10.5,10.93,6.31,4.12,1.56,3.596
17039,06.07.2012 21:00:01,10.31,10.62,6.43,4.12,1.62
17040,06.07.2012 22:00:01,10.06,10.25,6.56,4.06,1.62
17041,06.07.2012 23:00:01,9.75,9.81,6.62,4.06,1.62
17042,07.07.2012 00:00:01,9.37,9.37,6.68,4.06,1.62
17043,07.07.2012 01:00:01,9.06,9,6.68,4.06,1.62
17044,07.07.2012 02:00:01,8.75,8.62,6.75,4.06,1.62,3.585
17045,07.07.2012 03:00:01,8.37,8.25,6.75,4.06,1.62
17046,07.07.2012 04:00:01,8.06,7.93,6.75,4.06,1.62
17047,07.07.2012 05:00:01,7.75,7.62,6.68,4.06,1.62
17048,07.07.2012 06:00:01,7.5,7.31,6.62,4.12,1.62
17049,07.07.2012 07:00:01,7.25,7,6.62,4.12,1.62
17050,07.07.2012 08:00:01,6.93,6.81,6.56,4.12,1.62,3.581
17051,07.07.2012 09:00:01,6.81,6.62,6.5,4.12,1.62
17052,07.07.2012 10:00:01,6.75,6.68,6.43,4.12,1.62
17053,07.07.2012 11:00:01,6.93,7.12,6.37,4.12,1.62
17054,07.07.2012 12:00:01,7.5,7.93,6.37,4.12,1.68
17055,07.07.2012 13:00:01,8.25,9,6.31,4.12,1.68
17056,07.07.2012 14:00:01,9.18,10.18,6.37,4.12,1.68,3.584
17057,07.07.2012 15:00:01,10.06,11.18,6.43,4.12,1.68
17058,07.07.2012 16:00:01,10.62,11.62,6.5,4.12,1.68
17059,07.07.2012 17:00:01,10.87,11.68,6.62,4.12,1.68
17060,07.07.2012 18:00:01,10.93,11.5,6.75,4.12,1.68
17061,07.07.2012 19:00:01,10.81,11.25,6.81,4.12,1.68
17062,07.07.2012 20:00:01,10.62,10.93,6.93,4.12,1.68,3.589
17063,07.07.2012 21:00:01,10.37,10.62,7,4.18,1.68
17064,07.07.2012 22:00:01,10.06,10.25,7.06,4.18,1.68
17065,07.07.2012 23:00:01,9.75,9.81,7.06,4.12,1.68
17066,08.07.2012 00:00:01,9.37,9.37,7.12,4.18,1.68
17067,08.07.2012 01:00:01,9,8.93,7.12,4.18,1.68
17068,08.07.2012 02:00:01,8.68,8.56,7.12,4.18,1.68,3.583
17069,08.07.2012 03:00:01,8.31,8.25,7.06,4.18,1.68
17070,08.07.2012 04:00:01,8,7.87,7.06,4.18,1.75
17071,08.07.2012 05:00:01,7.68,7.56,7,4.18,1.75
17072,08.07.2012 06:00:01,7.43,7.25,6.93,4.25,1.75
17073,08.07.2012 07:00:01,7.18,6.93,6.87,4.25,1.75
17074,08.07.2012 08:00:01,6.93,6.75,6.81,4.25,1.75,3.581
17075,08.07.2012 09:00:01,6.68,6.56,6.75,4.25,1.75
17076,08.07.2012 10:00:01,6.68,6.68,6.62,4.25,1.75
17077,08.07.2012 11:00:01,7,7.18,6.56,4.25,1.75
17078,08.07.2012 12:00:01,7.56,8.12,6.5,4.25,1.75
17079,08.07.2012 13:00:01,8.43,9.25,6.5,4.31,1.75
17080,08.07.2012 14:00:01,9.37,10.43,6.5,4.25,1.75,3.588
17081,08.07.2012 15:00:01,10.18,11.25,6.56,4.25,1.75
17082,08.07.2012 16:00:01,10.75,11.75,6.68,4.25,1.75
17083,08.07.2012 17:00:01,11,11.75,6.75,4.31,1.75
17084,08.07.2012 18:00:01,11,11.62,6.87,4.25,1.75
17085,08.07.2012 19:00:01,10.93,11.37,7,4.31,1.75
17086,08.07.2012 20:00:01,10.81,11.06,7.06,4.31,1.81,3.597
17087,08.07.2012 21:00:01,10.5,10.75,7.12,4.31,1.81
17088,08.07.2012 22:00:01,10.18,10.31,7.18,4.31,1.75
17089,08.07.2012 23:00:01,9.87,9.87,7.25,4.25,1.81
17090,09.07.2012 00:00:01,9.5,9.43,7.25,4.31,1.81
17091,09.07.2012 01:00:01,9.12,9.06,7.25,4.31,1.81
17092,09.07.2012 02:00:01,8.81,8.68,7.25,4.31,1.81,3.584
17093,09.07.2012 03:00:01,8.5,8.31,7.18,4.31,1.81
17094,09.07.2012 04:00:01,8.18,8,7.18,4.31,1.81
17095,09.07.2012 05:00:01,7.87,7.75,7.12,4.31,1.81
17096,09.07.2012 06:00:01,7.62,7.43,7.06,4.37,1.81
17097,09.07.2012 07:00:01,7.37,7.25,7,4.37,1.75
17098,09.07.2012 08:00:01,7.18,7,6.93,4.37,1.81,3.581
17099,09.07.2012 09:00:01,7.06,6.87,6.87,4.37,1.81
17100,09.07.2012 10:00:01,7.12,7.06,6.81,4.37,1.81
17101,09.07.2012 11:00:01,7.31,7.56,6.75,4.37,1.81
17102,09.07.2012 12:00:01,7.87,8.31,6.68,4.37,1.87
17103,09.07.2012 13:00:01,8.56,9.18,6.68,4.37,1.81
17104,09.07.2012 14:00:01,9.12,9.81,6.68,4.37,1.87,3.587
17105,09.07.2012 15:00:01,9.43,10.06,6.75,4.43,1.87
17106,09.07.2012 16:00:01,9.56,10.12,6.81,4.43,1.87
17107,09.07.2012 17:00:01,9.62,10.06,6.81,4.43,1.87
17108,09.07.2012 18:00:01,9.62,9.93,6.87,4.43,1.87
17109,09.07.2012 19:00:01,9.5,9.75,6.93,4.37,1.87
17110,09.07.2012 20:00:01,9.43,9.62,7,4.37,1.87,3.591
17111,09.07.2012 21:00:01,9.25,9.43,7,4.43,1.87
17112,09.07.2012 22:00:01,9.06,9.12,7.06,4.43,1.87
17113,09.07.2012 23:00:01,8.75,8.81,7.06,4.43,1.87
17114,10.07.2012 00:00:01,8.56,8.56,7.06,4.37,1.87
17115,10.07.2012 01:00:01,8.31,8.18,7,4.43,1.87
17116,10.07.2012 02:00:01,8,7.93,7,4.43,1.93,3.582
17117,10.07.2012 03:00:01,7.75,7.62,6.93,4.43,1.87
17118,10.07.2012 04:00:01,7.5,7.43,6.93,4.43,1.87
17119,10.07.2012 05:00:01,7.31,7.18,6.87,4.43,1.93
17120,10.07.2012 06:00:01,7.06,7,6.81,4.43,1.93
17121,10.07.2012 07:00:01,6.93,6.75,6.75,4.43,1.93
17122,10.07.2012 08:00:01,6.68,6.56,6.68,4.43,1.93,3.578
17123,10.07.2012 09:00:01,6.56,6.43,6.62,4.43,1.93
17124,10.07.2012 10:00:01,6.56,6.56,6.56,4.43,1.93
17125,10.07.2012 11:00:01,6.87,7.18,6.5,4.43,1.93
17126,10.07.2012 12:00:01,7.5,8.06,6.5,4.5,1.93
17127,10.07.2012 13:00:01,8.31,9.12,6.5,4.5,1.93
17128,10.07.2012 14:00:01,9.06,10,6.5,4.5,1.93,3.581
17129,10.07.2012 15:00:01,9.81,10.75,6.56,4.5,1.93
17130,10.07.2012 16:00:01,10.25,11.06,6.62,4.5,2
17131,10.07.2012 17:00:01,10.43,11.12,6.75,4.5,1.93
17132,10.07.2012 18:00:01,10.5,11.06,6.81,4.43,2
17133,10.07.2012 19:00:01,10.5,10.93,6.93,4.5,2
17134,10.07.2012 20:00:01,10.37,10.75,7,4.5,2,3.590
17135,10.07.2012 21:00:01,10.18,10.5,7.06,4.5,2
17136,10.07.2012 22:00:01,10,10.25,7.12,4.5,2
17137,10.07.2012 23:00:01,9.68,9.87,7.18,4.5,2
17138,11.07.2012 00:00:01,9.43,9.5,7.18,4.5,2
17139,11.07.2012 01:00:01,9.12,9.18,7.18,4.5,2
17140,11.07.2012 02:00:01,8.87,8.81,7.25,4.5,2,3.586
17141,11.07.2012 03:00:01,8.56,8.62,7.18,4.5,2
17142,11.07.2012 04:00:01,8.37,8.43,7.18,4.5,2
17143,11.07.2012 05:00:01,8.18,8.18,7.18,4.5,2
17144,11.07.2012 06:00:01,8,8.06,7.12,4.5,2
17145,11.07.2012 07:00:01,7.87,7.87,7.06,4.5,2.06
17146,11.07.2012 08:00:01,7.75,7.75,7,4.5,2.06,3.583
17147,11.07.2012 09:00:01,7.62,7.62,7,4.5,2
17148,11.07.2012 10:00:01,7.62,7.68,6.93,4.56,2.06
17149,11.07.2012 11:00:01,7.75,7.93,6.93,4.56,2.06
17150,11.07.2012 12:00:01,8,8.31,6.87,4.56,2.06
17151,11.07.2012 13:00:01,8.37,8.75,6.87,4.56,2.06
17152,11.07.2012 14:00:01,8.75,9.18,6.87,4.56,2.06,3.581
17153,11.07.2012 15:00:01,9.06,9.5,6.87,4.56,2.06
17154,11.07.2012 16:00:01,9.25,9.68,6.87,4.56,2.06
17155,11.07.2012 17:00:01,9.43,9.81,6.93,4.56,2.06
17156,11.07.2012 18:00:01,9.37,9.68,7,4.56,2.06
17157,11.07.2012 19:00:01,9.31,9.43,7,4.56,2.12
17158,11.07.2012 20:00:01,9.06,9.12,7.06,4.56,2.12,3.590
17159,11.07.2012 21:00:01,8.81,8.81,7.06,4.56,2.06
17160,11.07.2012 22:00:01,8.56,8.5,7.06,4.62,2.12
17161,11.07.2012 23:00:01,8.31,8.25,7.06,4.56,2.12
17162,12.07.2012 00:00:01,8.06,8,7.06,4.62,2.12
17163,12.07.2012 01:00:01,7.87,7.75,7,4.62,2.12
17164,12.07.2012 02:00:01,7.62,7.56,6.93,4.62,2.06,3.582
17165,12.07.2012 03:00:01,7.43,7.37,6.93,4.62,2.12
17166,12.07.2012 04:00:01,7.31,7.18,6.87,4.62,2.12
17167,12.07.2012 05:00:01,7.06,7,6.87,4.62,2.12
17168,12.07.2012 06:00:01,6.93,6.81,6.81,4.62,2.12
17169,12.07.2012 07:00:01,6.68,6.56,6.75,4.62,2.12
17170,12.07.2012 08:00:01,6.5,6.37,6.62,4.68,2.12,3.574
17171,12.07.2012 09:00:01,6.37,6.25,6.62,4.62,2.12
17172,12.07.2012 10:00:01,6.37,6.31,6.56,4.62,2.12
17173,12.07.2012 11:00:01,6.62,6.75,6.5,4.62,2.18
17174,12.07.2012 12:00:01,7.18,7.62,6.43,4.62,2.12
17175,12.07.2012 13:00:01,8,8.68,6.43,4.62,2.18
17176,12.07.2012 14:00:01,8.81,9.68,6.43,4.62,2.18,3.582
17177,12.07.2012 15:00:01,9.43,10.18,6.5,4.62,2.12
17178,12.07.2012 16:00:01,9.87,10.5,6.56,4.62,2.18
17179,12.07.2012 17:00:01,10.12,10.75,6.68,4.62,2.18
17180,12.07.2012 18:00:01,10.31,10.87,6.81,4.62,2.18
17181,12.07.2012 19:00:01,10.37,10.87,6.87,4.62,2.18
17182,12.07.2012 20:00:01,10.31,10.62,6.93,4.62,2.18,3.589
17183,12.07.2012 21:00:01,10.12,10.37,7.06,4.62,2.18
17184,12.07.2012 22:00:01,9.87,10.06,7.12,4.62,2.18
17185,12.07.2012 23:00:01,9.56,9.68,7.12,4.62,2.18
17186,13.07.2012 00:00:01,9.31,9.31,7.18,4.62,2.18
17187,13.07.2012 01:00:01,9,9,7.18,4.62,2.18
17188,13.07.2012 02:00:01,8.75,8.68,7.18,4.62,2.18,3.585
17189,13.07.2012 03:00:01,8.5,8.43,7.18,4.62,2.25
17190,13.07.2012 04:00:01,8.25,8.25,7.18,4.62,2.25
17191,13.07.2012 05:00:01,8.06,8,7.12,4.62,2.25
17192,13.07.2012 06:00:01,7.81,7.75,7.12,4.68,2.25
17193,13.07.2012 07:00:01,7.62,7.62,7.06,4.62,2.18
17194,13.07.2012 08:00:01,7.5,7.43,7,4.68,2.25,3.581
17195,13.07.2012 09:00:01,7.31,7.25,6.93,4.68,2.25
17196,13.07.2012 10:00:01,7.12,7.12,6.93,4.68,2.25
17197,13.07.2012 11:00:01,7.06,7.06,6.87,4.68,2.25
17198,13.07.2012 12:00:01,7.12,7.25,6.81,4.68,2.25
17199,13.07.2012 13:00:01,7.37,7.56,6.81,4.68,2.25
17200,13.07.2012 14:00:01,7.68,7.93,6.75,4.68,2.25,3.577
17201,13.07.2012 15:00:01,8.06,8.43,6.68,4.68,2.25
17202,13.07.2012 16:00:01,8.56,9.06,6.75,4.68,2.25
17203,13.07.2012 17:00:01,8.93,9.43,6.75,4.68,2.25
17204,13.07.2012 18:00:01,9.18,9.62,6.75,4.68,2.25
17205,13.07.2012 19:00:01,9.31,9.75,6.81,4.75,2.25
17206,13.07.2012 20:00:01,9.37,9.68,6.87,4.68,2.31,3.591
17207,13.07.2012 21:00:01,9.31,9.56,6.93,4.75,2.25
17208,13.07.2012 22:00:01,9.12,9.25,7,4.75,2.25
17209,13.07.2012 23:00:01,8.87,8.93,7,4.68,2.25
17210,14.07.2012 00:00:01,8.62,8.62,7,4.68,2.31
17211,14.07.2012 01:00:01,8.37,8.31,7,4.75,2.31
17212,14.07.2012 02:00:01,8.12,8,7,4.68,2.31,3.587
17213,14.07.2012 03:00:01,7.87,7.75,7,4.68,2.31
17214,14.07.2012 04:00:01,7.62,7.5,6.93,4.75,2.31
17215,14.07.2012 05:00:01,7.37,7.25,6.87,4.75,2.31
17216,14.07.2012 06:00:01,7.18,7.06,6.87,4.68,2.31
17217,14.07.2012 07:00:01,7,6.87,6.81,4.68,2.31
17218,14.07.2012 08:00:01,6.81,6.68,6.75,4.75,2.31,3.575
17219,14.07.2012 09:00:01,6.75,6.56,6.75,4.75,2.31
17220,14.07.2012 10:00:01,6.75,6.81,6.62,4.75,2.31
17221,14.07.2012 11:00:01,7.06,7.25,6.62,4.75,2.31
17222,14.07.2012 12:00:01,7.5,7.87,6.56,4.75,2.31
17223,14.07.2012 13:00:01,8.06,8.62,6.56,4.75,2.37
17224,14.07.2012 14:00:01,8.75,9.43,6.62,4.75,2.37,3.587
17225,14.07.2012 15:00:01,9.37,10.18,6.62,4.75,2.37
17226,14.07.2012 16:00:01,9.81,10.5,6.68,4.75,2.37
17227,14.07.2012 17:00:01,10,10.62,6.75,4.75,2.37
17228,14.07.2012 18:00:01,10.06,10.5,6.87,4.75,2.37
17229,14.07.2012 19:00:01,10.06,10.37,6.93,4.75,2.37
17230,14.07.2012 20:00:01,9.93,10.18,7,4.75,2.37,3.588
17231,14.07.2012 21:00:01,9.81,9.93,7.06,4.75,2.37
17232,14.07.2012 22:00:01,9.62,9.68,7.12,4.75,2.37
17233,14.07.2012 23:00:01,9.37,9.37,7.12,4.75,2.37
17234,15.07.2012 00:00:01,9.06,9.06,7.12,4.75,2.37
17235,15.07.2012 01:00:01,8.75,8.75,7.18,4.75,2.43
17236,15.07.2012 02:00:01,8.5,8.37,7.18,4.75,2.37,3.587
17237,15.07.2012 03:00:01,8.25,8.12,7.12,4.75,2.37
17238,15.07.2012 04:00:01,7.93,7.87,7.12,4.75,2.37
17239,15.07.2012 05:00:01,7.75,7.62,7.06,4.75,2.37
17240,15.07.2012 06:00:01,7.56,7.37,7,4.75,2.43
17241,15.07.2012 07:00:01,7.31,7.18,7,4.75,2.37
17242,15.07.2012 08:00:01,7.12,7,6.93,4.75,2.43,3.576
17243,15.07.2012 09:00:01,7,6.93,6.87,4.75,2.43
17244,15.07.2012 10:00:01,7,7,6.81,4.75,2.43
17245,15.07.2012 11:00:01,7.12,7.25,6.75,4.75,2.43
17246,15.07.2012 12:00:01,7.37,7.62,6.75,4.81,2.43
17247,15.07.2012 13:00:01,7.75,8,6.68,4.81,2.43
17248,15.07.2012 14:00:01,8.12,8.56,6.68,4.81,2.43,3.579
17249,15.07.2012 15:00:01,8.75,9.31,6.68,4.81,2.43
17250,15.07.2012 16:00:01,9.31,9.93,6.75,4.81,2.43
17251,15.07.2012 17:00:01,9.62,10.18,6.81,4.81,2.43
17252,15.07.2012 18:00:01,9.68,10.18,6.87,4.81,2.43
17253,15.07.2012 19:00:01,9.75,10.12,6.93,4.81,2.43
17254,15.07.2012 20:00:01,9.68,10,7,4.81,2.43,3.587
17255,15.07.2012 21:00:01,9.56,9.81,7.06,4.81,2.43
17256,15.07.2012 22:00:01,9.37,9.5,7.06,4.81,2.43
17257,15.07.2012 23:00:01,9.12,9.18,7.12,4.81,2.5
17258,16.07.2012 00:00:01,8.87,8.81,7.12,4.81,2.5
17259,16.07.2012 01:00:01,8.56,8.56,7.12,4.81,2.5
17260,16.07.2012 02:00:01,8.31,8.25,7.12,4.81,2.5,3.587
17261,16.07.2012 03:00:01,8.06,8,7.12,4.81,2.5
17262,16.07.2012 04:00:01,7.87,7.68,7.06,4.81,2.5
17263,16.07.2012 05:00:01,7.62,7.43,7.06,4.81,2.5
17264,16.07.2012 06:00:01,7.37,7.25,7,4.81,2.5
17265,16.07.2012 07:00:01,7.18,7,6.93,4.81,2.5
17266,16.07.2012 08:00:01,6.93,6.81,6.93,4.87,2.5,3.579
17267,16.07.2012 09:00:01,6.81,6.68,6.81,4.81,2.5
17268,16.07.2012 10:00:01,6.81,6.81,6.81,4.81,2.5
17269,16.07.2012 11:00:01,7.06,7.25,6.75,4.87,2.5
17270,16.07.2012 12:00:01,7.5,7.87,6.68,4.87,2.43
17271,16.07.2012 13:00:01,8.06,8.56,6.68,4.87,2.5
17272,16.07.2012 14:00:01,8.43,9,6.68,4.87,2.5,3.586
17273,16.07.2012 15:00:01,8.68,9.25,6.75,4.87,2.5
17274,16.07.2012 16:00:01,9,9.56,6.75,4.87,2.5
17275,16.07.2012 17:00:01,9.25,9.68,6.81,4.87,2.56
17276,16.07.2012 18:00:01,9.18,9.5,6.81,4.81,2.5
17277,16.07.2012 19:00:01,9.12,9.31,6.87,4.87,2.56
17278,16.07.2012 20:00:01,9,9.18,6.93,4.81,2.5,3.585
17279,16.07.2012 21:00:01,8.87,9,7,4.87,2.56
17280,16.07.2012 22:00:01,8.75,8.87,7,4.87,2.56
17281,16.07.2012 23:00:01,8.62,8.62,7,4.87,2.56
17282,17.07.2012 00:00:01,8.43,8.43,7,4.87,2.56
17283,17.07.2012 01:00:01,8.25,8.25,7,4.87,2.56
17284,17.07.2012 02:00:01,8.12,8.06,7,4.87,2.56,3.585
17285,17.07.2012 03:00:01,8,7.93,7,4.87,2.56
17286,17.07.2012 04:00:01,7.81,7.81,6.93,4.87,2.56
17287,17.07.2012 05:00:01,7.68,7.62,6.93,4.87,2.56
17288,17.07.2012 06:00:01,7.56,7.5,6.93,4.87,2.56
17289,17.07.2012 07:00:01,7.43,7.37,6.87,4.87,2.56
17290,17.07.2012 08:00:01,7.31,7.25,6.87,4.87,2.56,3.580
17291,17.07.2012 09:00:01,7.25,7.18,6.81,4.87,2.56
17292,17.07.2012 10:00:01,7.31,7.31,6.75,4.87,2.56
17293,17.07.2012 11:00:01,7.43,7.56,6.75,4.87,2.56
17294,17.07.2012 12:00:01,7.62,7.87,6.68,4.87,2.56
17295,17.07.2012 13:00:01,8.06,8.37,6.68,4.93,2.56
17296,17.07.2012 14:00:01,8.56,9,6.75,4.87,2.56,3.587
17297,17.07.2012 15:00:01,9.06,9.56,6.75,4.87,2.62
17298,17.07.2012 16:00:01,9.37,9.87,6.81,4.87,2.62
17299,17.07.2012 17:00:01,9.56,10,6.87,4.87,2.62
17300,17.07.2012 18:00:01,9.68,10.06,6.93,4.87,2.62
17301,17.07.2012 19:00:01,9.75,10,7,4.87,2.62
17302,17.07.2012 20:00:01,9.62,9.87,7.06,4.87,2.62,3.589
17303,17.07.2012 21:00:01,9.56,9.75,7.12,4.87,2.62
17304,17.07.2012 22:00:01,9.37,9.43,7.12,4.87,2.62
17305,17.07.2012 23:00:01,9.12,9.12,7.12,4.87,2.62
17306,18.07.2012 00:00:01,8.81,8.81,7.18,4.87,2.62
17307,18.07.2012 01:00:01,8.56,8.5,7.18,4.87,2.62
17308,18.07.2012 02:00:01,8.25,8.18,7.18,4.93,2.62,3.588
17309,18.07.2012 03:00:01,8,7.87,7.18,4.87,2.62
17310,18.07.2012 04:00:01,7.75,7.56,7.12,4.87,2.62
17311,18.07.2012 05:00:01,7.5,7.31,7.06,4.93,2.62
17312,18.07.2012 06:00:01,7.25,7.06,7.06,4.93,2.62
17313,18.07.2012 07:00:01,7,6.87,7,4.93,2.62
17314,18.07.2012 08:00:01,6.81,6.68,6.93,4.93,2.62,3.574
17315,18.07.2012 09:00:01,6.75,6.56,6.87,4.93,2.62
17316,18.07.2012 10:00:01,6.75,6.75,6.81,4.93,2.68
17317,18.07.2012 11:00:01,6.93,7.06,6.75,4.93,2.62
17318,18.07.2012 12:00:01,7.31,7.56,6.75,4.93,2.62
17319,18.07.2012 13:00:01,7.75,8.12,6.68,5,2.68
17320,18.07.2012 14:00:01,8.25,8.75,6.68,4.93,2.68,3.579
17321,18.07.2012 15:00:01,8.68,9.25,6.75,4.93,2.68
17322,18.07.2012 16:00:01,9.06,9.56,6.75,4.93,2.68
17323,18.07.2012 17:00:01,9.31,9.81,6.81,4.93,2.68
17324,18.07.2012 18:00:01,9.56,9.93,6.87,4.93,2.68
17325,18.07.2012 19:00:01,9.68,10,6.93,4.93,2.68
17326,18.07.2012 20:00:01,9.68,10,7,5,2.68,3.589
17327,18.07.2012 21:00:01,9.62,9.81,7.06,4.93,2.68
17328,18.07.2012 22:00:01,9.37,9.5,7.12,4.93,2.68
17329,18.07.2012 23:00:01,9.18,9.18,7.12,4.93,2.68
17330,19.07.2012 00:00:01,8.87,8.87,7.12,4.93,2.68
17331,19.07.2012 01:00:01,8.62,8.5,7.18,4.93,2.68
17332,19.07.2012 02:00:01,8.31,8.18,7.18,4.93,2.68,3.583
17333,19.07.2012 03:00:01,8.06,7.93,7.12,4.93,2.68
17334,19.07.2012 04:00:01,7.81,7.68,7.12,5,2.68
17335,19.07.2012 05:00:01,7.56,7.43,7.12,5,2.75
17336,19.07.2012 06:00:01,7.31,7.18,7.06,5,2.75
17337,19.07.2012 07:00:01,7.12,6.93,7,5,2.75
17338,19.07.2012 08:00:01,6.87,6.75,6.93,5,2.75,3.574
17339,19.07.2012 09:00:01,6.75,6.62,6.87,5,2.75
17340,19.07.2012 10:00:01,6.75,6.75,6.81,5,2.75
17341,19.07.2012 11:00:01,7.06,7.25,6.81,5,2.75
17342,19.07.2012 12:00:01,7.68,8.18,6.75,5,2.75
17343,19.07.2012 13:00:01,8.5,9.18,6.75,5,2.75
17344,19.07.2012 14:00:01,9.25,10,6.75,5,2.75,3.588
17345,19.07.2012 15:00:01,9.81,10.56,6.81,5,2.75
17346,19.07.2012 16:00:01,10.12,10.75,6.87,5,2.75
17347,19.07.2012 17:00:01,10.31,10.81,6.93,5.06,2.75
17348,19.07.2012 18:00:01,10.43,10.87,7.06,5,2.75
17349,19.07.2012 19:00:01,10.5,10.81,7.12,5,2.75
17350,19.07.2012 20:00:01,10.43,10.56,7.25,5,2.75,3.594
17351,19.07.2012 21:00:01,10.25,10.37,7.31,5,2.75
17352,19.07.2012 22:00:01,10,10.06,7.37,5,2.75
17353,19.07.2012 23:00:01,9.75,9.68,7.37,5,2.81
17354,20.07.2012 00:00:01,9.43,9.37,7.37,5,2.75
17355,20.07.2012 01:00:01,9.12,9,7.43,5,2.75
17356,20.07.2012 02:00:01,8.81,8.68,7.43,5,2.81,3.584
17357,20.07.2012 03:00:01,8.56,8.37,7.43,5,2.81
17358,20.07.2012 04:00:01,8.25,8.12,7.37,5,2.81
17359,20.07.2012 05:00:01,8.06,7.93,7.31,5.06,2.75
17360,20.07.2012 06:00:01,7.87,7.75,7.31,5.06,2.81
17361,20.07.2012 07:00:01,7.75,7.62,7.25,5.06,2.81
17362,20.07.2012 08:00:01,7.62,7.5,7.25,5.06,2.81,3.577
17363,20.07.2012 09:00:01,7.5,7.43,7.18,5.06,2.81
17364,20.07.2012 10:00:01,7.5,7.43,7.12,5.12,2.81
17365,20.07.2012 11:00:01,7.56,7.62,7.12,5.12,2.81
17366,20.07.2012 12:00:01,7.87,8.12,7.06,5.06,2.75
17367,20.07.2012 13:00:01,8.43,8.93,7.06,5.12,2.81
17368,20.07.2012 14:00:01,9.12,9.75,7.06,5.06,2.81,3.582
17369,20.07.2012 15:00:01,9.56,10.12,7.06,5.12,2.81
17370,20.07.2012 16:00:01,9.93,10.56,7.12,5.12,2.81
17371,20.07.2012 17:00:01,10.25,10.62,7.18,5.12,2.81
17372,20.07.2012 18:00:01,10.31,10.62,7.25,5.12,2.81
17373,20.07.2012 19:00:01,10.25,10.56,7.31,5.12,2.81
17374,20.07.2012 20:00:01,10.18,10.37,7.37,5.12,2.81,3.590
17375,20.07.2012 21:00:01,10.06,10.18,7.43,5.12,2.87
17376,20.07.2012 22:00:01,9.87,9.87,7.5,5.12,2.87
17377,20.07.2012 23:00:01,9.62,9.56,7.5,5.12,2.81
17378,21.07.2012 00:00:01,9.31,9.25,7.56,5.12,2.81
17379,21.07.2012 01:00:01,9.06,8.87,7.5,5.12,2.87
17380,21.07.2012 02:00:01,8.75,8.56,7.5,5.12,2.87,3.590
17381,21.07.2012 03:00:01,8.43,8.25,7.5,5.12,2.87
17382,21.07.2012 04:00:01,8.12,7.93,7.43,5.12,2.87
17383,21.07.2012 05:00:01,7.87,7.68,7.43,5.18,2.87
17384,21.07.2012 06:00:01,7.62,7.43,7.37,5.18,2.87
17385,21.07.2012 07:00:01,7.37,7.12,7.31,5.18,2.87
17386,21.07.2012 08:00:01,7.18,6.93,7.25,5.18,2.87,3.577
17387,21.07.2012 09:00:01,7,6.81,7.18,5.18,2.87
17388,21.07.2012 10:00:01,7,6.93,7.18,5.18,2.87
17389,21.07.2012 11:00:01,7.31,7.56,7.06,5.18,2.87
17390,21.07.2012 12:00:01,8.06,8.56,7,5.18,2.87
17391,21.07.2012 13:00:01,8.93,9.81,7.06,5.18,2.87
17392,21.07.2012 14:00:01,9.87,10.87,7.06,5.18,2.87,3.591
17393,21.07.2012 15:00:01,10.62,11.62,7.12,5.18,2.87
17394,21.07.2012 16:00:01,11.06,11.87,7.18,5.18,2.93
17395,21.07.2012 17:00:01,11.31,12.06,7.31,5.18,2.93
17396,21.07.2012 18:00:01,11.5,12.06,7.43,5.18,2.93
17397,21.07.2012 19:00:01,11.5,11.93,7.56,5.18,2.93
17398,21.07.2012 20:00:01,11.37,11.68,7.62,5.18,2.93,3.600
17399,21.07.2012 21:00:01,11.12,11.31,7.75,5.18,2.93
17400,21.07.2012 22:00:01,10.81,10.87,7.81,5.18,2.93
17401,21.07.2012 23:00:01,10.5,10.43,7.87,5.18,2.93
17402,22.07.2012 00:00:01,10.12,10.06,7.87,5.25,2.93
17403,22.07.2012 01:00:01,9.75,9.62,7.93,5.25,2.93
17404,22.07.2012 02:00:01,9.43,9.25,7.87,5.25,2.93,3.587
17405,22.07.2012 03:00:01,9.12,8.93,7.87,5.25,2.93
17406,22.07.2012 04:00:01,8.81,8.62,7.81,5.25,2.93
17407,22.07.2012 05:00:01,8.56,8.31,7.81,5.25,2.93
17408,22.07.2012 06:00:01,8.25,8.06,7.75,5.25,2.93
17409,22.07.2012 07:00:01,8.06,7.81,7.68,5.25,2.93
17410,22.07.2012 08:00:01,7.75,7.56,7.62,5.31,2.93,3.586
17411,22.07.2012 09:00:01,7.62,7.37,7.56,5.31,2.93
17412,22.07.2012 10:00:01,7.62,7.62,7.5,5.31,2.93
17413,22.07.2012 11:00:01,8,8.25,7.43,5.31,3
17414,22.07.2012 12:00:01,8.62,9.18,7.43,5.31,2.93
17415,22.07.2012 13:00:01,9.56,10.5,7.43,5.31,3
17416,22.07.2012 14:00:01,10.56,11.62,7.43,5.31,3,3.591
17417,22.07.2012 15:00:01,11.43,12.56,7.5,5.37,3
17418,22.07.2012 16:00:01,12.06,13,7.62,5.37,3
17419,22.07.2012 17:00:01,12.31,13.06,7.75,5.31,3
17420,22.07.2012 18:00:01,12.43,13,7.87,5.37,3
17421,22.07.2012 19:00:01,12.37,12.75,8,5.37,3
17422,22.07.2012 20:00:01,12.18,12.37,8.06,5.37,3,3.602
17423,22.07.2012 21:00:01,11.93,12,8.18,5.37,3
17424,22.07.2012 22:00:01,11.62,11.62,8.25,5.37,3
17425,22.07.2012 23:00:01,11.25,11.18,8.31,5.37,3
17426,23.07.2012 00:00:01,10.87,10.81,8.31,5.37,3
17427,23.07.2012 01:00:01,10.56,10.37,8.37,5.37,3
17428,23.07.2012 02:00:01,10.18,10,8.37,5.37,3.06,3.591
17429,23.07.2012 03:00:01,9.81,9.62,8.31,5.43,3
17430,23.07.2012 04:00:01,9.5,9.31,8.31,5.43,3
17431,23.07.2012 05:00:01,9.25,9.06,8.25,5.43,3.06
17432,23.07.2012 06:00:01,9,8.75,8.18,5.43,3
17433,23.07.2012 07:00:01,8.75,8.5,8.18,5.43,3.06
17434,23.07.2012 08:00:01,8.56,8.37,8.12,5.5,3,3.582
17435,23.07.2012 09:00:01,8.43,8.31,8,5.5,3.06
17436,23.07.2012 10:00:01,8.5,8.43,8,5.5,3
17437,23.07.2012 11:00:01,8.68,8.81,7.93,5.5,3.06
17438,23.07.2012 12:00:01,8.93,9.18,7.87,5.5,3.06
17439,23.07.2012 13:00:01,9.25,9.5,7.87,5.5,3.06
17440,23.07.2012 14:00:01,9.62,10.12,7.87,5.56,3.06,3.587
17441,23.07.2012 15:00:01,9.93,10.43,7.87,5.56,3.06
17442,23.07.2012 16:00:01,10.12,10.43,7.87,5.56,3.06
17443,23.07.2012 17:00:01,10.12,10.43,7.93,5.56,3.06
17444,23.07.2012 18:00:01,10.12,10.37,7.93,5.56,3.06
17445,23.07.2012 19:00:01,10.12,10.25,8,5.56,3.06
17446,23.07.2012 20:00:01,10,10.12,8,5.56,3.06,3.596
17447,23.07.2012 21:00:01,9.87,10,8.06,5.56,3.12
17448,23.07.2012 22:00:01,9.75,9.75,8,5.56,3.12
17449,23.07.2012 23:00:01,9.56,9.56,8.06,5.56,3.06
17450,24.07.2012 00:00:01,9.31,9.31,8,5.56,3.06
17451,24.07.2012 01:00:01,9.06,9,8,5.56,3.06
17452,24.07.2012 02:00:01,8.81,8.68,8,5.62,3.06,3.588
17453,24.07.2012 03:00:01,8.5,8.43,7.93,5.56,3.06
17454,24.07.2012 04:00:01,8.25,8.12,7.93,5.62,3.12
17455,24.07.2012 05:00:01,8,7.87,7.87,5.56,3.12
17456,24.07.2012 06:00:01,7.81,7.62,7.81,5.62,3.12
17457,24.07.2012 07:00:01,7.62,7.43,7.75,5.62,3.12
17458,24.07.2012 08:00:01,7.43,7.18,7.68,5.62,3.12,3.584
17459,24.07.2012 09:00:01,7.25,7.06,7.62,5.62,3.12
17460,24.07.2012 10:00:01,7.25,7.25,7.56,5.62,3.12
17461,24.07.2012 11:00:01,7.62,7.93,7.5,5.62,3.12
17462,24.07.2012 12:00:01,8.31,8.87,7.43,5.62,3.12
17463,24.07.2012 13:00:01,9.18,10.06,7.43,5.62,3.12
17464,24.07.2012 14:00:01,10.12,11.06,7.5,5.62,3.18,3.587
17465,24.07.2012 15:00:01,10.81,11.75,7.56,5.62,3.12
17466,24.07.2012 16:00:01,11.31,12.12,7.62,5.62,3.18
17467,24.07.2012 17:00:01,11.5,12.06,7.75,5.62,3.18
17468,24.07.2012 18:00:01,11.43,11.87,7.87,5.68,3.18
17469,24.07.2012 19:00:01,11.25,11.56,7.93,5.62,3.18
17470,24.07.2012 20:00:01,11,11.18,8,5.62,3.18,3.597
17471,24.07.2012 21:00:01,10.75,10.81,8.06,5.62,3.18
17472,24.07.2012 22:00:01,10.43,10.5,8.12,5.62,3.18
17473,24.07.2012 23:00:01,10.18,10.18,8.18,5.62,3.18
17474,25.07.2012 00:00:01,9.93,9.87,8.12,5.62,3.18
17475,25.07.2012 01:00:01,9.62,9.56,8.18,5.62,3.18
17476,25.07.2012 02:00:01,9.37,9.31,8.12,5.62,3.18,3.589
17477,25.07.2012 03:00:01,9.12,9,8.12,5.62,3.18
17478,25.07.2012 04:00:01,8.87,8.75,8.06,5.68,3.18
17479,25.07.2012 05:00:01,8.62,8.5,8.06,5.62,3.18
17480,25.07.2012 06:00:01,8.43,8.25,8,5.68,3.25
17481,25.07.2012 07:00:01,8.25,8.06,7.93,5.68,3.18
17482,25.07.2012 08:00:01,8.06,7.93,7.87,5.68,3.18,3.586
17483,25.07.2012 09:00:01,7.93,7.87,7.81,5.68,3.25
17484,25.07.2012 10:00:01,7.93,7.87,7.75,5.68,3.25
17485,25.07.2012 11:00:01,8,8.06,7.75,5.68,3.25
17486,25.07.2012 12:00:01,8.18,8.31,7.68,5.68,3.25
17487,25.07.2012 13:00:01,8.56,8.93,7.68,5.68,3.25
17488,25.07.2012 14:00:01,9.18,9.68,7.62,5.75,3.25,3.586
17489,25.07.2012 15:00:01,9.75,10.37,7.68,5.75,3.25
17490,25.07.2012 16:00:01,10.18,10.75,7.68,5.75,3.25
17491,25.07.2012 17:00:01,10.5,10.93,7.75,5.75,3.25
17492,25.07.2012 18:00:01,10.68,11.12,7.81,5.68,3.25
17493,25.07.2012 19:00:01,10.68,11,7.87,5.75,3.25
17494,25.07.2012 20:00:01,10.56,10.75,7.93,5.75,3.25,3.596
17495,25.07.2012 21:00:01,10.31,10.5,8,5.68,3.25
17496,25.07.2012 22:00:01,10.12,10.18,8.06,5.75,3.25
17497,25.07.2012 23:00:01,9.93,9.93,8.06,5.75,3.25
17498,26.07.2012 00:00:01,9.68,9.68,8.12,5.75,3.25
17499,26.07.2012 01:00:01,9.5,9.43,8.06,5.75,3.25
17500,26.07.2012 02:00:01,9.31,9.25,8.06,5.75,3.31,3.585
17501,26.07.2012 03:00:01,9.12,9.06,8.06,5.75,3.25
17502,26.07.2012 04:00:01,8.93,8.87,8.06,5.75,3.31
17503,26.07.2012 05:00:01,8.81,8.75,8,5.75,3.31
17504,26.07.2012 06:00:01,8.62,8.56,8,5.75,3.31
17505,26.07.2012 07:00:01,8.5,8.43,7.93,5.75,3.31
17506,26.07.2012 08:00:01,8.31,8.31,7.87,5.75,3.31,3.581
17507,26.07.2012 09:00:01,8.25,8.18,7.87,5.75,3.31
17508,26.07.2012 10:00:01,8.18,8.18,7.81,5.75,3.31
17509,26.07.2012 11:00:01,8.25,8.37,7.75,5.75,3.31
17510,26.07.2012 12:00:01,8.56,8.81,7.75,5.75,3.31
17511,26.07.2012 13:00:01,9.12,9.68,7.75,5.75,3.31
17512,26.07.2012 14:00:01,9.93,10.62,7.75,5.75,3.31,3.588
17513,26.07.2012 15:00:01,10.75,11.62,7.81,5.81,3.31
17514,26.07.2012 16:00:01,11.5,12.25,7.87,5.75,3.31
17515,26.07.2012 17:00:01,11.81,12.5,8,5.81,3.31
17516,26.07.2012 18:00:01,11.87,12.43,8.06,5.81,3.31
17517,26.07.2012 19:00:01,11.81,12.25,8.12,5.81,3.31
17518,26.07.2012 20:00:01,11.68,12,8.31,5.81,3.31,3.596
17519,26.07.2012 21:00:01,11.5,11.68,8.31,5.81,3.31
17520,26.07.2012 22:00:01,11.18,11.37,8.37,5.81,3.37
17521,26.07.2012 23:00:01,10.93,11,8.5,5.81,3.37
17522,27.07.2012 00:00:01,10.68,10.68,8.5,5.81,3.37
17523,27.07.2012 01:00:01,10.37,10.37,8.5,5.81,3.37
17524,27.07.2012 02:00:01,10.12,10.06,8.5,5.81,3.37,3.588
17525,27.07.2012 03:00:01,9.81,9.75,8.5,5.81,3.31
17526,27.07.2012 04:00:01,9.56,9.43,8.5,5.81,3.37
17527,27.07.2012 05:00:01,9.25,9.25,8.43,5.81,3.37
17528,27.07.2012 06:00:01,9.06,8.93,8.37,5.87,3.37
17529,27.07.2012 07:00:01,8.81,8.68,8.31,5.87,3.37
17530,27.07.2012 08:00:01,8.62,8.43,8.31,5.87,3.37,3.588
17531,27.07.2012 09:00:01,8.43,8.37,8.25,5.87,3.37
17532,27.07.2012 10:00:01,8.37,8.37,8.18,5.87,3.37
17533,27.07.2012 11:00:01,8.5,8.56,8.12,5.87,3.37
17534,27.07.2012 12:00:01,8.87,9.12,8.12,5.87,3.37
17535,27.07.2012 13:00:01,9.43,9.93,8.06,5.93,3.37
17536,27.07.2012 14:00:01,10.06,10.56,8,5.87,3.37,3.593
17537,27.07.2012 15:00:01,10.62,11.25,8.06,5.93,3.43
17538,27.07.2012 16:00:01,11.06,11.68,8.12,5.93,3.37
17539,27.07.2012 17:00:01,11.43,12,8.18,5.93,3.43
17540,27.07.2012 18:00:01,11.62,12.12,8.25,5.93,3.43
17541,27.07.2012 19:00:01,11.62,12,8.37,5.93,3.43
17542,27.07.2012 20:00:01,11.5,11.81,8.43,5.93,3.43,3.595
17543,27.07.2012 21:00:01,11.37,11.56,8.5,5.93,3.43
17544,27.07.2012 22:00:01,11.12,11.25,8.56,5.93,3.43
17545,27.07.2012 23:00:01,10.81,10.81,8.62,5.93,3.43
17546,28.07.2012 00:00:01,10.43,10.43,8.56,5.93,3.43
17547,28.07.2012 01:00:01,10.12,10.06,8.62,5.93,3.43
17548,28.07.2012 02:00:01,9.81,9.68,8.62,5.93,3.43,3.589
17549,28.07.2012 03:00:01,9.43,9.37,8.56,5.93,3.43
17550,28.07.2012 04:00:01,9.12,9,8.56,5.93,3.43
17551,28.07.2012 05:00:01,8.87,8.68,8.5,6,3.43
17552,28.07.2012 06:00:01,8.56,8.37,8.43,6,3.43
17553,28.07.2012 07:00:01,8.31,8.06,8.37,6,3.43
17554,28.07.2012 08:00:01,8.06,7.87,8.31,6,3.43,3.581
17555,28.07.2012 09:00:01,7.87,7.68,8.25,6,3.43
17556,28.07.2012 10:00:01,7.87,7.81,8.12,6.06,3.5
17557,28.07.2012 11:00:01,8.12,8.31,8.06,6.06,3.5
17558,28.07.2012 12:00:01,8.75,9.18,8,6.06,3.43
17559,28.07.2012 13:00:01,9.56,10.31,8,6.06,3.5
17560,28.07.2012 14:00:01,10.56,11.43,8,6,3.43,3.590
17561,28.07.2012 15:00:01,11.43,12.31,8.06,6,3.5
17562,28.07.2012 16:00:01,12.06,12.93,8.12,6.06,3.5
17563,28.07.2012 17:00:01,12.5,13.18,8.25,6.06,3.5
17564,28.07.2012 18:00:01,12.62,13.18,8.37,6.06,3.5
17565,28.07.2012 19:00:01,12.56,13,8.5,6.06,3.5
17566,28.07.2012 20:00:01,12.31,12.68,8.62,6.06,3.5,3.604
17567,28.07.2012 21:00:01,12,12.25,8.75,6.06,3.5
17568,28.07.2012 22:00:01,11.68,11.81,8.81,6.06,3.5
17569,28.07.2012 23:00:01,11.25,11.31,8.87,6.06,3.5
17570,29.07.2012 00:00:01,10.87,10.87,8.87,6.06,3.5
17571,29.07.2012 01:00:01,10.5,10.43,8.87,6.06,3.5
17572,29.07.2012 02:00:01,10.12,10.06,8.87,6.06,3.5,3.592
17573,29.07.2012 03:00:01,9.81,9.62,8.81,6.06,3.56
17574,29.07.2012 04:00:01,9.43,9.31,8.75,6.06,3.5
17575,29.07.2012 05:00:01,9.12,9,8.75,6.06,3.5
17576,29.07.2012 06:00:01,8.81,8.68,8.68,6.12,3.56
17577,29.07.2012 07:00:01,8.56,8.37,8.62,6.12,3.56
17578,29.07.2012 08:00:01,8.25,8.06,8.5,6.12,3.56,3.589
17579,29.07.2012 09:00:01,8.06,7.87,8.43,6.12,3.56
17580,29.07.2012 10:00:01,8.06,8.06,8.37,6.12,3.56
17581,29.07.2012 11:00:01,8.37,8.62,8.25,6.12,3.56
17582,29.07.2012 12:00:01,9,9.56,8.25,6.12,3.56
17583,29.07.2012 13:00:01,9.87,10.68,8.18,6.12,3.56
17584,29.07.2012 14:00:01,10.75,11.68,8.25,6.18,3.56,3.598
17585,29.07.2012 15:00:01,11.5,12.5,8.25,6.18,3.56
17586,29.07.2012 16:00:01,12.12,13,8.37,6.18,3.56
17587,29.07.2012 17:00:01,12.5,13.25,8.43,6.18,3.56
17588,29.07.2012 18:00:01,12.56,13.12,8.56,6.18,3.56
17589,29.07.2012 19:00:01,12.43,12.93,8.68,6.18,3.56
17590,29.07.2012 20:00:01,12.25,12.56,8.81,6.18,3.62,3.599
17591,29.07.2012 21:00:01,12,12.18,8.87,6.18,3.56
17592,29.07.2012 22:00:01,11.68,11.75,8.93,6.18,3.62
17593,29.07.2012 23:00:01,11.25,11.31,9,6.18,3.62
17594,30.07.2012 00:00:01,10.93,10.87,9,6.18,3.62
17595,30.07.2012 01:00:01,10.56,10.5,9,6.18,3.62
17596,30.07.2012 02:00:01,10.25,10.12,9,6.18,3.62,3.598
17597,30.07.2012 03:00:01,9.93,9.75,8.93,6.18,3.62
17598,30.07.2012 04:00:01,9.62,9.43,8.87,6.25,3.56
17599,30.07.2012 05:00:01,9.31,9.12,8.81,6.18,3.62
17600,30.07.2012 06:00:01,9.06,8.87,8.81,6.25,3.62
17601,30.07.2012 07:00:01,8.75,8.56,8.68,6.18,3.62
17602,30.07.2012 08:00:01,8.56,8.31,8.62,6.25,3.62,3.584
17603,30.07.2012 09:00:01,8.31,8.12,8.56,6.25,3.62
17604,30.07.2012 10:00:01,8.37,8.37,8.5,6.25,3.62
17605,30.07.2012 11:00:01,8.75,9,8.43,6.25,3.62
17606,30.07.2012 12:00:01,9.37,10,8.37,6.25,3.62
17607,30.07.2012 13:00:01,10.18,11,8.37,6.25,3.62
17608,30.07.2012 14:00:01,11.06,12,8.37,6.25,3.62,3.598
17609,30.07.2012 15:00:01,11.81,12.75,8.43,6.25,3.62
17610,30.07.2012 16:00:01,12.25,12.93,8.5,6.31,3.68
17611,30.07.2012 17:00:01,12.37,12.93,8.62,6.31,3.68
17612,30.07.2012 18:00:01,12.37,12.93,8.75,6.31,3.68
17613,30.07.2012 19:00:01,12.31,12.81,8.81,6.25,3.68
17614,30.07.2012 20:00:01,12.18,12.5,8.93,6.31,3.68,3.599
17615,30.07.2012 21:00:01,12,12.18,9,6.31,3.68
17616,30.07.2012 22:00:01,11.75,11.81,9,6.25,3.68
17617,30.07.2012 23:00:01,11.37,11.43,9.06,6.25,3.68
17618,31.07.2012 00:00:01,11.06,11.06,9.06,6.31,3.68
17619,31.07.2012 01:00:01,10.75,10.68,9.12,6.31,3.68
17620,31.07.2012 02:00:01,10.43,10.37,9.06,6.31,3.68,3.592
17621,31.07.2012 03:00:01,10.18,10.06,9.06,6.31,3.68
17622,31.07.2012 04:00:01,9.93,9.75,9.06,6.31,3.68
17623,31.07.2012 05:00:01,9.68,9.56,9,6.31,3.68
17624,31.07.2012 06:00:01,9.43,9.31,8.93,6.31,3.75
17625,31.07.2012 07:00:01,9.25,9.12,8.87,6.37,3.68
17626,31.07.2012 08:00:01,9.12,8.93,8.81,6.37,3.68,3.586
17627,31.07.2012 09:00:01,9,8.93,8.75,6.37,3.68
17628,31.07.2012 10:00:01,9,9.06,8.68,6.37,3.68
17629,31.07.2012 11:00:01,9.31,9.62,8.62,6.37,3.68
17630,31.07.2012 12:00:01,9.87,10.31,8.62,6.37,3.75
17631,31.07.2012 13:00:01,10.37,10.87,8.62,6.37,3.75
17632,31.07.2012 14:00:01,10.62,11.12,8.62,6.37,3.75,3.597
17633,31.07.2012 15:00:01,10.75,11.18,8.62,6.37,3.75
17634,31.07.2012 16:00:01,10.87,11.25,8.62,6.43,3.75
17635,31.07.2012 17:00:01,11.06,11.43,8.68,6.43,3.75
17636,31.07.2012 18:00:01,11.18,11.43,8.75,6.37,3.75
17637,31.07.2012 19:00:01,11.06,11.25,8.75,6.37,3.75
17638,31.07.2012 20:00:01,10.93,11,8.81,6.43,3.75,3.597
17639,31.07.2012 21:00:01,10.75,10.81,8.81,6.43,3.75
17640,31.07.2012 22:00:01,10.56,10.56,8.87,6.43,3.75
17641,31.07.2012 23:00:01,10.37,10.31,8.87,6.43,3.75
17642,01.08.2012 00:00:01,10.12,10.06,8.81,6.43,3.75
17643,01.08.2012 01:00:01,9.87,9.81,8.81,6.43,3.75
17644,01.08.2012 02:00:01,9.62,9.5,8.81,6.43,3.75,3.595
17645,01.08.2012 03:00:01,9.43,9.31,8.75,6.43,3.75
17646,01.08.2012 04:00:01,9.18,9.06,8.75,6.43,3.81
17647,01.08.2012 05:00:01,9,8.81,8.68,6.43,3.81
17648,01.08.2012 06:00:01,8.75,8.56,8.62,6.43,3.75
17649,01.08.2012 07:00:01,8.56,8.37,8.62,6.43,3.81
17650,01.08.2012 08:00:01,8.37,8.12,8.5,6.43,3.81,3.583
17651,01.08.2012 09:00:01,8.18,8,8.5,6.43,3.81
17652,01.08.2012 10:00:01,8.18,8.18,8.37,6.43,3.81
17653,01.08.2012 11:00:01,8.56,8.87,8.31,6.43,3.81
17654,01.08.2012 12:00:01,9.25,9.93,8.31,6.43,3.81
17655,01.08.2012 13:00:01,10.18,11.12,8.31,6.43,3.81
17656,01.08.2012 14:00:01,11.12,12.12,8.31,6.43,3.81,3.597
17657,01.08.2012 15:00:01,11.93,12.93,8.37,6.43,3.81
17658,01.08.2012 16:00:01,12.56,13.5,8.5,6.43,3.81
17659,01.08.2012 17:00:01,12.87,13.62,8.62,6.5,3.81
17660,01.08.2012 18:00:01,12.93,13.56,8.75,6.43,3.81
17661,01.08.2012 19:00:01,12.87,13.25,8.87,6.43,3.81
17662,01.08.2012 20:00:01,12.68,12.93,9,6.43,3.81,3.603
17663,01.08.2012 21:00:01,12.37,12.56,9.06,6.43,3.81
17664,01.08.2012 22:00:01,11.93,12.06,9.18,6.43,3.87
17665,01.08.2012 23:00:01,11.56,11.62,9.18,6.43,3.81
17666,02.08.2012 00:00:01,11.18,11.18,9.25,6.43,3.87
17667,02.08.2012 01:00:01,10.81,10.75,9.25,6.43,3.87
17668,02.08.2012 02:00:01,10.43,10.37,9.25,6.43,3.87,3.598
17669,02.08.2012 03:00:01,10.12,9.93,9.18,6.5,3.87
17670,02.08.2012 04:00:01,9.81,9.68,9.12,6.5,3.87
17671,02.08.2012 05:00:01,9.5,9.31,9.06,6.5,3.87
17672,02.08.2012 06:00:01,9.18,9,9.06,6.5,3.87
17673,02.08.2012 07:00:01,8.93,8.75,9,6.5,3.87
17674,02.08.2012 08:00:01,8.75,8.56,8.87,6.5,3.87,3.587
17675,02.08.2012 09:00:01,8.62,8.5,8.81,6.5,3.87
17676,02.08.2012 10:00:01,8.68,8.68,8.75,6.5,3.87
17677,02.08.2012 11:00:01,9,9.31,8.68,6.56,3.87
17678,02.08.2012 12:00:01,9.56,10.06,8.62,6.56,3.87
17679,02.08.2012 13:00:01,10.12,10.68,8.62,6.56,3.87
17680,02.08.2012 14:00:01,10.5,10.93,8.62,6.56,3.87,3.597
17681,02.08.2012 15:00:01,10.56,10.87,8.62,6.56,3.87
17682,02.08.2012 16:00:01,10.56,10.87,8.68,6.56,3.87
17683,02.08.2012 17:00:01,10.62,10.93,8.68,6.56,3.87
17684,02.08.2012 18:00:01,10.56,10.87,8.75,6.56,3.93
17685,02.08.2012 19:00:01,10.56,10.75,8.75,6.56,3.93
17686,02.08.2012 20:00:01,10.43,10.56,8.75,6.56,3.93,3.591
17687,02.08.2012 21:00:01,10.25,10.31,8.75,6.56,3.93
17688,02.08.2012 22:00:01,10,10.06,8.81,6.56,3.93
17689,02.08.2012 23:00:01,9.81,9.75,8.75,6.56,3.93
17690,03.08.2012 00:00:01,9.5,9.5,8.75,6.56,3.93
17691,03.08.2012 01:00:01,9.25,9.18,8.75,6.56,3.93
17692,03.08.2012 02:00:01,8.93,8.81,8.68,6.56,3.93,3.587
17693,03.08.2012 03:00:01,8.75,8.5,8.68,6.56,3.93
17694,03.08.2012 04:00:01,8.43,8.25,8.62,6.56,3.93
17695,03.08.2012 05:00:01,8.18,7.93,8.56,6.56,3.93
17696,03.08.2012 06:00:01,7.93,7.68,8.5,6.56,3.93
17697,03.08.2012 07:00:01,7.68,7.43,8.43,6.56,3.93
17698,03.08.2012 08:00:01,7.43,7.25,8.31,6.56,3.93,3.579
17699,03.08.2012 09:00:01,7.31,7.06,8.25,6.56,3.93
17700,03.08.2012 10:00:01,7.18,7.06,8.18,6.56,3.93
17701,03.08.2012 11:00:01,7.25,7.25,8.12,6.56,3.93
17702,03.08.2012 12:00:01,7.62,7.81,8.06,6.56,3.93
17703,03.08.2012 13:00:01,8.25,8.75,8,6.56,3.93
17704,03.08.2012 14:00:01,9.06,9.68,7.93,6.56,3.93,3.584
17705,03.08.2012 15:00:01,9.68,10.25,7.93,6.56,4
17706,03.08.2012 16:00:01,9.93,10.43,8,6.56,3.93
17707,03.08.2012 17:00:01,10,10.43,8.06,6.5,4
17708,03.08.2012 18:00:01,10.06,10.31,8.12,6.56,3.93
17709,03.08.2012 19:00:01,9.93,10.18,8.12,6.56,3.93
17710,03.08.2012 20:00:01,9.87,10,8.18,6.5,4,3.587
17711,03.08.2012 21:00:01,9.68,9.68,8.18,6.5,4
17712,03.08.2012 22:00:01,9.43,9.43,8.25,6.5,4
17713,03.08.2012 23:00:01,9.18,9.12,8.25,6.5,4
17714,04.08.2012 00:00:01,9,8.87,8.25,6.5,4
17715,04.08.2012 01:00:01,8.68,8.56,8.25,6.5,4
17716,04.08.2012 02:00:01,8.43,8.25,8.18,6.5,4,3.588
17717,04.08.2012 03:00:01,8.18,8,8.12,6.5,4
17718,04.08.2012 04:00:01,7.93,7.81,8.12,6.43,4
17719,04.08.2012 05:00:01,7.75,7.56,8.06,6.43,4
17720,04.08.2012 06:00:01,7.56,7.37,8,6.5,4
17721,04.08.2012 07:00:01,7.43,7.25,7.93,6.5,4
17722,04.08.2012 08:00:01,7.25,7.06,7.87,6.43,4,3.581
17723,04.08.2012 09:00:01,7.12,6.93,7.81,6.5,4
17724,04.08.2012 10:00:01,7.18,7.18,7.75,6.43,4.06
17725,04.08.2012 11:00:01,7.43,7.68,7.68,6.43,4.06
17726,04.08.2012 12:00:01,7.93,8.31,7.68,6.43,4.06
17727,04.08.2012 13:00:01,8.43,8.81,7.62,6.43,4
17728,04.08.2012 14:00:01,8.93,9.43,7.62,6.43,4.06,3.582
17729,04.08.2012 15:00:01,9.37,9.93,7.68,6.43,4.06
17730,04.08.2012 16:00:01,9.81,10.31,7.68,6.43,4
17731,04.08.2012 17:00:01,10.12,10.62,7.75,6.43,4.06
17732,04.08.2012 18:00:01,10.37,10.68,7.81,6.37,4
17733,04.08.2012 19:00:01,10.37,10.56,7.87,6.43,4.06
17734,04.08.2012 20:00:01,10.31,10.31,7.93,6.37,4.06,3.591
17735,04.08.2012 21:00:01,10.06,9.93,8,6.37,4.06
17736,04.08.2012 22:00:01,9.75,9.56,8.06,6.37,4.06
17737,04.08.2012 23:00:01,9.37,9.18,8.06,6.37,4.06
17738,05.08.2012 00:00:01,9.06,8.81,8.06,6.37,4.06
17739,05.08.2012 01:00:01,8.68,8.43,8.06,6.37,4.06
17740,05.08.2012 02:00:01,8.43,8.12,8.06,6.37,4.06,3.583
17741,05.08.2012 03:00:01,8.12,7.81,8,6.37,4.06
17742,05.08.2012 04:00:01,7.81,7.5,7.93,6.37,4.06
17743,05.08.2012 05:00:01,7.56,7.25,7.93,6.31,4.06
17744,05.08.2012 06:00:01,7.31,6.93,7.87,6.37,4.06
17745,05.08.2012 07:00:01,7,6.68,7.75,6.37,4.06
17746,05.08.2012 08:00:01,6.81,6.5,7.68,6.31,4.06,3.575
17747,05.08.2012 09:00:01,6.62,6.31,7.62,6.37,4.06
17748,05.08.2012 10:00:01,6.68,6.56,7.56,6.37,4.06
17749,05.08.2012 11:00:01,7.06,7.31,7.5,6.31,4.06
17750,05.08.2012 12:00:01,7.87,8.43,7.43,6.31,4.06
17751,05.08.2012 13:00:01,8.87,9.81,7.43,6.31,4.06
17752,05.08.2012 14:00:01,9.93,11.12,7.43,6.31,4.06,3.591
17753,05.08.2012 15:00:01,11,12.12,7.5,6.31,4.06
17754,05.08.2012 16:00:01,11.68,12.62,7.62,6.31,4.06
17755,05.08.2012 17:00:01,11.93,12.68,7.75,6.31,4.06
17756,05.08.2012 18:00:01,11.93,12.43,7.87,6.31,4.06
17757,05.08.2012 19:00:01,11.75,12.06,8.06,6.31,4.06
17758,05.08.2012 20:00:01,11.5,11.68,8.18,6.25,4.06,3.596
17759,05.08.2012 21:00:01,11.18,11.31,8.25,6.31,4.06
17760,05.08.2012 22:00:01,10.87,10.87,8.31,6.31,4.06
17761,05.08.2012 23:00:01,10.56,10.5,8.37,6.25,4.06
17762,06.08.2012 00:00:01,10.25,10.12,8.37,6.25,4.12
17763,06.08.2012 01:00:01,9.93,9.81,8.37,6.25,4.12
17764,06.08.2012 02:00:01,9.62,9.43,8.37,6.25,4.06,3.595
17765,06.08.2012 03:00:01,9.31,9.12,8.37,6.25,4.12
17766,06.08.2012 04:00:01,9.06,8.81,8.37,6.25,4.12
17767,06.08.2012 05:00:01,8.75,8.56,8.31,6.25,4.06
17768,06.08.2012 06:00:01,8.5,8.25,8.25,6.25,4.12
17769,06.08.2012 07:00:01,8.31,8.06,8.18,6.31,4.12
17770,06.08.2012 08:00:01,8.12,7.93,8.12,6.31,4.12,3.587
17771,06.08.2012 09:00:01,8,7.81,8.06,6.31,4.12
17772,06.08.2012 10:00:01,8,8.06,8,6.31,4.12
17773,06.08.2012 11:00:01,8.37,8.62,8,6.31,4.12
17774,06.08.2012 12:00:01,8.87,9.31,7.93,6.31,4.12
17775,06.08.2012 13:00:01,9.56,10.18,7.93,6.31,4.12
17776,06.08.2012 14:00:01,10.31,11.12,7.93,6.31,4.12,3.590
17777,06.08.2012 15:00:01,10.81,11.56,8,6.31,4.12
17778,06.08.2012 16:00:01,11.31,12.06,8.06,6.31,4.12
17779,06.08.2012 17:00:01,11.68,12.31,8.18,6.31,4.12
17780,06.08.2012 18:00:01,11.81,12.25,8.25,6.31,4.12
17781,06.08.2012 19:00:01,11.75,12.06,8.37,6.31,4.12
17782,06.08.2012 20:00:01,11.62,11.75,8.43,6.31,4.12,3.601
17783,06.08.2012 21:00:01,11.37,11.5,8.5,6.31,4.12
17784,06.08.2012 22:00:01,11.12,11.12,8.56,6.31,4.12
17785,06.08.2012 23:00:01,10.87,10.81,8.62,6.31,4.12
17786,07.08.2012 00:00:01,10.56,10.5,8.62,6.31,4.12
17787,07.08.2012 01:00:01,10.31,10.18,8.62,6.31,4.12
17788,07.08.2012 02:00:01,10.06,9.93,8.62,6.31,4.12,3.591
17789,07.08.2012 03:00:01,9.81,9.75,8.62,6.31,4.12
17790,07.08.2012 04:00:01,9.62,9.5,8.56,6.31,4.12
17791,07.08.2012 05:00:01,9.43,9.31,8.56,6.37,4.12
17792,07.08.2012 06:00:01,9.25,9.06,8.56,6.37,4.12
17793,07.08.2012 07:00:01,9,8.81,8.5,6.37,4.12
17794,07.08.2012 08:00:01,8.75,8.56,8.43,6.37,4.12,3.588
17795,07.08.2012 09:00:01,8.56,8.43,8.37,6.37,4.12
17796,07.08.2012 10:00:01,8.56,8.62,8.37,6.37,4.12
17797,07.08.2012 11:00:01,8.87,9.12,8.31,6.37,4.12
17798,07.08.2012 12:00:01,9.37,9.75,8.25,6.37,4.12
17799,07.08.2012 13:00:01,9.68,10.06,8.25,6.37,4.12
17800,07.08.2012 14:00:01,10,10.43,8.25,6.37,4.12,3.587
17801,07.08.2012 15:00:01,10.43,11.06,8.31,6.37,4.12
17802,07.08.2012 16:00:01,10.87,11.37,8.31,6.43,4.12
17803,07.08.2012 17:00:01,10.93,11.31,8.37,6.43,4.12
17804,07.08.2012 18:00:01,11,11.31,8.43,6.37,4.12
17805,07.08.2012 19:00:01,10.93,11.25,8.5,6.37,4.18
17806,07.08.2012 20:00:01,10.81,10.93,8.5,6.37,4.12,3.594
17807,07.08.2012 21:00:01,10.56,10.68,8.56,6.43,4.12
17808,07.08.2012 22:00:01,10.37,10.37,8.62,6.43,4.12
17809,07.08.2012 23:00:01,10.06,10.06,8.62,6.43,4.12
17810,08.08.2012 00:00:01,9.81,9.81,8.62,6.43,4.12
17811,08.08.2012 01:00:01,9.56,9.43,8.62,6.43,4.18
17812,08.08.2012 02:00:01,9.31,9.18,8.56,6.43,4.12,3.587
17813,08.08.2012 03:00:01,9.06,8.93,8.56,6.43,4.18
17814,08.08.2012 04:00:01,8.81,8.62,8.5,6.43,4.12
17815,08.08.2012 05:00:01,8.56,8.37,8.43,6.43,4.18
17816,08.08.2012 06:00:01,8.31,8.18,8.43,6.43,4.18
17817,08.08.2012 07:00:01,8.12,7.93,8.37,6.43,4.18
17818,08.08.2012 08:00:01,7.93,7.75,8.25,6.43,4.18,3.586
17819,08.08.2012 09:00:01,7.75,7.62,8.25,6.43,4.12
17820,08.08.2012 10:00:01,7.81,7.81,8.18,6.5,4.18
17821,08.08.2012 11:00:01,8.12,8.43,8.12,6.43,4.18
17822,08.08.2012 12:00:01,8.68,9.12,8.06,6.5,4.18
17823,08.08.2012 13:00:01,9.37,9.93,8.06,6.5,4.18
17824,08.08.2012 14:00:01,9.87,10.5,8.06,6.5,4.18,3.591
17825,08.08.2012 15:00:01,10.5,11.18,8.06,6.43,4.18
17826,08.08.2012 16:00:01,11.06,11.81,8.12,6.5,4.18
17827,08.08.2012 17:00:01,11.31,11.87,8.25,6.5,4.18
17828,08.08.2012 18:00:01,11.31,11.68,8.31,6.43,4.18
17829,08.08.2012 19:00:01,11.12,11.37,8.37,6.5,4.18
17830,08.08.2012 20:00:01,10.87,11.06,8.43,6.43,4.18,3.598
17831,08.08.2012 21:00:01,10.62,10.68,8.5,6.5,4.18
17832,08.08.2012 22:00:01,10.31,10.25,8.56,6.43,4.18
17833,08.08.2012 23:00:01,9.93,9.87,8.56,6.5,4.18
17834,09.08.2012 00:00:01,9.62,9.5,8.56,6.43,4.18
17835,09.08.2012 01:00:01,9.31,9.12,8.56,6.5,4.18
17836,09.08.2012 02:00:01,9,8.87,8.5,6.43,4.18,3.585
17837,09.08.2012 03:00:01,8.75,8.56,8.5,6.43,4.18
17838,09.08.2012 04:00:01,8.43,8.25,8.43,6.5,4.18
17839,09.08.2012 05:00:01,8.25,8,8.37,6.5,4.18
17840,09.08.2012 06:00:01,8,7.75,8.31,6.5,4.18
17841,09.08.2012 07:00:01,7.75,7.5,8.25,6.5,4.25
17842,09.08.2012 08:00:01,7.56,7.31,8.18,6.5,4.25,3.585
17843,09.08.2012 09:00:01,7.31,7.12,8.12,6.5,4.25
17844,09.08.2012 10:00:01,7.37,7.25,8.06,6.5,4.18
17845,09.08.2012 11:00:01,7.68,7.93,7.93,6.5,4.18
17846,09.08.2012 12:00:01,8.43,9.06,7.87,6.5,4.25
17847,09.08.2012 13:00:01,9.5,10.37,7.87,6.5,4.25
17848,09.08.2012 14:00:01,10.56,11.68,7.93,6.5,4.25,3.592
17849,09.08.2012 15:00:01,11.56,12.62,8,6.5,4.25
17850,09.08.2012 16:00:01,12.18,13.18,8.06,6.5,4.25
17851,09.08.2012 17:00:01,12.5,13.25,8.18,6.5,4.25
17852,09.08.2012 18:00:01,12.5,13.06,8.37,6.5,4.25
17853,09.08.2012 19:00:01,12.37,12.75,8.5,6.5,4.25
17854,09.08.2012 20:00:01,12.12,12.37,8.62,6.43,4.25,3.602
17855,09.08.2012 21:00:01,11.75,11.87,8.68,6.43,4.25
17856,09.08.2012 22:00:01,11.31,11.37,8.75,6.43,4.25
17857,09.08.2012 23:00:01,10.93,10.87,8.81,6.43,4.25
17858,10.08.2012 00:00:01,10.5,10.37,8.81,6.5,4.18
17859,10.08.2012 01:00:01,10.12,9.93,8.81,6.43,4.25
17860,10.08.2012 02:00:01,9.75,9.56,8.81,6.43,4.25,3.590
17861,10.08.2012 03:00:01,9.37,9.18,8.75,6.43,4.25
17862,10.08.2012 04:00:01,9.06,8.81,8.75,6.5,4.25
17863,10.08.2012 05:00:01,8.75,8.5,8.62,6.5,4.25
17864,10.08.2012 06:00:01,8.5,8.25,8.56,6.5,4.25
17865,10.08.2012 07:00:01,8.18,7.93,8.5,6.5,4.25
17866,10.08.2012 08:00:01,7.93,7.68,8.43,6.5,4.25,3.587
17867,10.08.2012 09:00:01,7.75,7.56,8.37,6.5,4.25
17868,10.08.2012 10:00:01,7.81,7.75,8.31,6.5,4.25
17869,10.08.2012 11:00:01,8.18,8.43,8.18,6.56,4.25
17870,10.08.2012 12:00:01,8.93,9.56,8.18,6.56,4.25
17871,10.08.2012 13:00:01,9.87,10.75,8.12,6.56,4.25
17872,10.08.2012 14:00:01,10.87,11.93,8.18,6.56,4.25,3.590
17873,10.08.2012 15:00:01,11.75,12.75,8.25,6.5,4.25
17874,10.08.2012 16:00:01,12.37,13.31,8.31,6.5,4.31
17875,10.08.2012 17:00:01,12.68,13.43,8.43,6.5,4.31
17876,10.08.2012 18:00:01,12.68,13.25,8.56,6.5,4.31
17877,10.08.2012 19:00:01,12.56,12.93,8.68,6.5,4.31
17878,10.08.2012 20:00:01,12.31,12.5,8.81,6.5,4.31,3.598
17879,10.08.2012 21:00:01,11.93,12.06,8.87,6.5,4.25
17880,10.08.2012 22:00:01,11.56,11.56,8.93,6.56,4.31
17881,10.08.2012 23:00:01,11.12,11.06,9,6.56,4.31
17882,11.08.2012 00:00:01,10.75,10.62,9,6.5,4.31
17883,11.08.2012 01:00:01,10.37,10.18,9,6.56,4.25
17884,11.08.2012 02:00:01,10,9.81,9,6.56,4.31,3.592
17885,11.08.2012 03:00:01,9.68,9.43,8.93,6.56,4.31
17886,11.08.2012 04:00:01,9.31,9.12,8.87,6.56,4.31
17887,11.08.2012 05:00:01,9.06,8.81,8.81,6.56,4.31
17888,11.08.2012 06:00:01,8.75,8.5,8.75,6.56,4.31
17889,11.08.2012 07:00:01,8.5,8.25,8.68,6.62,4.31
17890,11.08.2012 08:00:01,8.25,8,8.62,6.62,4.31,3.585
17891,11.08.2012 09:00:01,8.06,7.87,8.56,6.62,4.31
17892,11.08.2012 10:00:01,8.12,8.12,8.5,6.62,4.31
17893,11.08.2012 11:00:01,8.5,8.81,8.37,6.62,4.31
17894,11.08.2012 12:00:01,9.25,9.87,8.37,6.62,4.31
17895,11.08.2012 13:00:01,10.25,11.25,8.31,6.62,4.31
17896,11.08.2012 14:00:01,11.31,12.43,8.37,6.62,4.31,3.591
17897,11.08.2012 15:00:01,12.12,13.18,8.43,6.62,4.31
17898,11.08.2012 16:00:01,12.75,13.68,8.56,6.62,4.31
17899,11.08.2012 17:00:01,13.12,13.81,8.68,6.62,4.31
17900,11.08.2012 18:00:01,13.25,13.75,8.81,6.62,4.31
17901,11.08.2012 19:00:01,13.12,13.43,8.93,6.62,4.31
17902,11.08.2012 20:00:01,12.87,13,9,6.62,4.37,3.607
17903,11.08.2012 21:00:01,12.43,12.43,9.12,6.62,4.31
17904,11.08.2012 22:00:01,12,11.87,9.18,6.62,4.31
17905,11.08.2012 23:00:01,11.5,11.31,9.18,6.62,4.31
17906,12.08.2012 00:00:01,11.06,10.81,9.25,6.62,4.31
17907,12.08.2012 01:00:01,10.62,10.31,9.18,6.62,4.31
17908,12.08.2012 02:00:01,10.18,9.87,9.18,6.62,4.31,3.595
17909,12.08.2012 03:00:01,9.81,9.5,9.12,6.62,4.31
17910,12.08.2012 04:00:01,9.43,9.12,9.06,6.62,4.31
17911,12.08.2012 05:00:01,9.06,8.75,9,6.68,4.37
17912,12.08.2012 06:00:01,8.75,8.43,8.93,6.68,4.31
17913,12.08.2012 07:00:01,8.5,8.18,8.87,6.68,4.31
17914,12.08.2012 08:00:01,8.25,8,8.81,6.68,4.31,3.582
17915,12.08.2012 09:00:01,8.12,7.87,8.68,6.68,4.37
17916,12.08.2012 10:00:01,8.18,8.06,8.62,6.75,4.37
17917,12.08.2012 11:00:01,8.37,8.5,8.56,6.68,4.37
17918,12.08.2012 12:00:01,8.93,9.25,8.5,6.68,4.37
17919,12.08.2012 13:00:01,9.62,10.18,8.43,6.68,4.31
17920,12.08.2012 14:00:01,10.25,10.81,8.43,6.75,4.37,3.588
17921,12.08.2012 15:00:01,10.75,11.37,8.43,6.68,4.37
17922,12.08.2012 16:00:01,11.12,11.75,8.5,6.75,4.37
17923,12.08.2012 17:00:01,11.43,11.93,8.56,6.75,4.37
17924,12.08.2012 18:00:01,11.62,12,8.62,6.75,4.37
17925,12.08.2012 19:00:01,11.62,11.93,8.68,6.68,4.37
17926,12.08.2012 20:00:01,11.5,11.62,8.81,6.68,4.37,3.594
17927,12.08.2012 21:00:01,11.25,11.31,8.87,6.75,4.37
17928,12.08.2012 22:00:01,10.93,10.93,8.87,6.75,4.37
17929,12.08.2012 23:00:01,10.68,10.56,8.87,6.68,4.37
17930,13.08.2012 00:00:01,10.37,10.25,8.93,6.75,4.31
17931,13.08.2012 01:00:01,10.12,9.93,8.93,6.68,4.37
17932,13.08.2012 02:00:01,9.81,9.56,8.87,6.75,4.37,3.590
17933,13.08.2012 03:00:01,9.43,9.25,8.81,6.68,4.37
17934,13.08.2012 04:00:01,9.12,8.93,8.81,6.75,4.37
17935,13.08.2012 05:00:01,8.87,8.62,8.75,6.75,4.37
17936,13.08.2012 06:00:01,8.62,8.31,8.68,6.75,4.37
17937,13.08.2012 07:00:01,8.37,8.06,8.62,6.75,4.37
17938,13.08.2012 08:00:01,8.12,7.87,8.56,6.75,4.37,3.587
17939,13.08.2012 09:00:01,8,7.81,8.5,6.75,4.37
17940,13.08.2012 10:00:01,8,7.93,8.43,6.75,4.37
17941,13.08.2012 11:00:01,8.18,8.18,8.37,6.75,4.43
17942,13.08.2012 12:00:01,8.43,8.56,8.31,6.75,4.43
17943,13.08.2012 13:00:01,8.81,9,8.25,6.75,4.37
17944,13.08.2012 14:00:01,9,9.25,8.25,6.75,4.43,3.586
17945,13.08.2012 15:00:01,9.18,9.31,8.25,6.75,4.43
17946,13.08.2012 16:00:01,9.18,9.25,8.25,6.75,4.43
17947,13.08.2012 17:00:01,9.12,9.18,8.25,6.75,4.43
17948,13.08.2012 18:00:01,9.12,9.18,8.25,6.75,4.43
17949,13.08.2012 19:00:01,9.12,9.18,8.25,6.75,4.43
17950,13.08.2012 20:00:01,9.06,9.12,8.25,6.75,4.43,3.591
17951,13.08.2012 21:00:01,9,9.06,8.25,6.75,4.43
17952,13.08.2012 22:00:01,8.93,8.87,8.25,6.68,4.43
17953,13.08.2012 23:00:01,8.81,8.75,8.18,6.68,4.43
17954,14.08.2012 00:00:01,8.68,8.62,8.18,6.68,4.43
17955,14.08.2012 01:00:01,8.56,8.5,8.18,6.68,4.43
17956,14.08.2012 02:00:01,8.43,8.37,8.12,6.68,4.43,3.590
17957,14.08.2012 03:00:01,8.31,8.25,8.12,6.68,4.43
17958,14.08.2012 04:00:01,8.18,8.12,8.12,6.68,4.43
17959,14.08.2012 05:00:01,8.12,8.06,8.06,6.68,4.43
17960,14.08.2012 06:00:01,8,7.93,8.06,6.68,4.43
17961,14.08.2012 07:00:01,7.93,7.87,8.06,6.68,4.43
17962,14.08.2012 08:00:01,7.81,7.81,8,6.68,4.43,3.580
17963,14.08.2012 09:00:01,7.81,7.75,7.93,6.68,4.43
17964,14.08.2012 10:00:01,7.81,7.81,7.87,6.68,4.43
17965,14.08.2012 11:00:01,7.93,8.06,7.87,6.68,4.43
17966,14.08.2012 12:00:01,8.25,8.43,7.87,6.68,4.43
17967,14.08.2012 13:00:01,8.62,8.87,7.81,6.62,4.43
17968,14.08.2012 14:00:01,8.93,9.18,7.81,6.62,4.43,3.589
17969,14.08.2012 15:00:01,9.25,9.56,7.87,6.62,4.43
17970,14.08.2012 16:00:01,9.62,10.06,7.87,6.62,4.43
17971,14.08.2012 17:00:01,9.93,10.31,7.93,6.62,4.43
17972,14.08.2012 18:00:01,10.12,10.37,8,6.62,4.5
17973,14.08.2012 19:00:01,10.06,10.31,8.06,6.62,4.43
17974,14.08.2012 20:00:01,10,10.12,8.06,6.62,4.43,3.590
17975,14.08.2012 21:00:01,9.87,9.93,8.12,6.62,4.43
17976,14.08.2012 22:00:01,9.62,9.62,8.18,6.56,4.5
17977,14.08.2012 23:00:01,9.37,9.31,8.18,6.62,4.5
17978,15.08.2012 00:00:01,9.12,9.06,8.18,6.56,4.5
17979,15.08.2012 01:00:01,8.87,8.75,8.18,6.62,4.5
17980,15.08.2012 02:00:01,8.56,8.5,8.18,6.56,4.5,3.589
17981,15.08.2012 03:00:01,8.37,8.18,8.12,6.56,4.5
17982,15.08.2012 04:00:01,8.06,7.93,8.12,6.56,4.5
17983,15.08.2012 05:00:01,7.81,7.68,8.06,6.56,4.5
17984,15.08.2012 06:00:01,7.62,7.43,8,6.56,4.5
17985,15.08.2012 07:00:01,7.37,7.18,7.93,6.62,4.5
17986,15.08.2012 08:00:01,7.12,7,7.87,6.56,4.5,3.576
17987,15.08.2012 09:00:01,7,6.81,7.81,6.56,4.5
17988,15.08.2012 10:00:01,6.93,6.93,7.81,6.56,4.5
17989,15.08.2012 11:00:01,7.31,7.56,7.68,6.56,4.5
17990,15.08.2012 12:00:01,8.06,8.62,7.68,6.56,4.5
17991,15.08.2012 13:00:01,9.12,10,7.62,6.56,4.5
17992,15.08.2012 14:00:01,10.25,11.25,7.68,6.56,4.5,3.587
17993,15.08.2012 15:00:01,11.25,12.31,7.75,6.56,4.5
17994,15.08.2012 16:00:01,11.87,12.75,7.87,6.56,4.5
17995,15.08.2012 17:00:01,12.25,13,8,6.56,4.5
17996,15.08.2012 18:00:01,12.43,12.93,8.12,6.56,4.5
17997,15.08.2012 19:00:01,12.37,12.75,8.31,6.56,4.5
17998,15.08.2012 20:00:01,12.18,12.31,8.37,6.56,4.5,3.598
17999,15.08.2012 21:00:01,11.81,11.87,8.5,6.56,4.5
18000,15.08.2012 22:00:01,11.37,11.37,8.62,6.5,4.5
18001,15.08.2012 23:00:01,11,10.87,8.62,6.56,4.5
18002,16.08.2012 00:00:01,10.56,10.43,8.68,6.56,4.5
18003,16.08.2012 01:00:01,10.18,10,8.68,6.56,4.5
18004,16.08.2012 02:00:01,9.81,9.62,8.68,6.56,4.5,3.595
18005,16.08.2012 03:00:01,9.5,9.25,8.62,6.5,4.5
18006,16.08.2012 04:00:01,9.12,8.87,8.62,6.5,4.5
18007,16.08.2012 05:00:01,8.81,8.56,8.56,6.56,4.5
18008,16.08.2012 06:00:01,8.5,8.25,8.5,6.56,4.5
18009,16.08.2012 07:00:01,8.18,7.93,8.43,6.56,4.5
18010,16.08.2012 08:00:01,7.93,7.68,8.37,6.56,4.5,3.585
18011,16.08.2012 09:00:01,7.68,7.5,8.31,6.56,4.5
18012,16.08.2012 10:00:01,7.68,7.62,8.18,6.56,4.5
18013,16.08.2012 11:00:01,8.06,8.25,8.12,6.56,4.5
18014,16.08.2012 12:00:01,8.81,9.43,8.12,6.56,4.5
18015,16.08.2012 13:00:01,9.87,10.75,8.12,6.56,4.5
18016,16.08.2012 14:00:01,11,12.06,8.12,6.62,4.5,3.595
18017,16.08.2012 15:00:01,11.93,12.93,8.18,6.62,4.5
18018,16.08.2012 16:00:01,12.37,13.18,8.31,6.56,4.5
18019,16.08.2012 17:00:01,12.5,13.06,8.37,6.62,4.56
18020,16.08.2012 18:00:01,12.5,12.87,8.56,6.62,4.5
18021,16.08.2012 19:00:01,12.37,12.62,8.68,6.62,4.56
18022,16.08.2012 20:00:01,12.12,12.25,8.75,6.56,4.5,3.597
18023,16.08.2012 21:00:01,11.81,11.81,8.81,6.62,4.56
18024,16.08.2012 22:00:01,11.43,11.31,8.87,6.62,4.56
18025,16.08.2012 23:00:01,11,10.87,8.87,6.56,4.56
18026,17.08.2012 00:00:01,10.62,10.43,8.93,6.62,4.5
18027,17.08.2012 01:00:01,10.18,10,8.87,6.56,4.5
18028,17.08.2012 02:00:01,9.81,9.56,8.87,6.62,4.56,3.594
18029,17.08.2012 03:00:01,9.43,9.18,8.87,6.62,4.5
18030,17.08.2012 04:00:01,9.12,8.87,8.81,6.62,4.5
18031,17.08.2012 05:00:01,8.81,8.56,8.75,6.62,4.56
18032,17.08.2012 06:00:01,8.5,8.25,8.62,6.62,4.56
18033,17.08.2012 07:00:01,8.25,7.93,8.62,6.62,4.56
18034,17.08.2012 08:00:01,7.93,7.68,8.5,6.62,4.56,3.585
18035,17.08.2012 09:00:01,7.75,7.5,8.43,6.68,4.56
18036,17.08.2012 10:00:01,7.75,7.68,8.37,6.68,4.56
18037,17.08.2012 11:00:01,8.18,8.43,8.31,6.68,4.56
18038,17.08.2012 12:00:01,9,9.62,8.25,6.68,4.56
18039,17.08.2012 13:00:01,10.12,11.06,8.25,6.68,4.56
18040,17.08.2012 14:00:01,11.25,12.31,8.25,6.68,4.56,3.596
18041,17.08.2012 15:00:01,12.31,13.37,8.31,6.68,4.5
18042,17.08.2012 16:00:01,13.06,14.06,8.43,6.68,4.56
18043,17.08.2012 17:00:01,13.56,14.43,8.62,6.68,4.56
18044,17.08.2012 18:00:01,13.75,14.5,8.75,6.68,4.56
18045,17.08.2012 19:00:01,13.68,14.18,8.93,6.68,4.56
18046,17.08.2012 20:00:01,13.37,13.68,9.06,6.68,4.56,3.604
18047,17.08.2012 21:00:01,13,13.18,9.18,6.68,4.56
18048,17.08.2012 22:00:01,12.62,12.68,9.25,6.68,4.56
18049,17.08.2012 23:00:01,12.18,12.18,9.31,6.68,4.56
18050,18.08.2012 00:00:01,11.81,11.75,9.37,6.68,4.56
18051,18.08.2012 01:00:01,11.37,11.31,9.37,6.68,4.56
18052,18.08.2012 02:00:01,11,10.93,9.37,6.68,4.56,3.601
18053,18.08.2012 03:00:01,10.68,10.56,9.31,6.75,4.56
18054,18.08.2012 04:00:01,10.37,10.18,9.31,6.75,4.56
18055,18.08.2012 05:00:01,10.06,9.93,9.25,6.75,4.56
18056,18.08.2012 06:00:01,9.81,9.62,9.18,6.75,4.56
18057,18.08.2012 07:00:01,9.62,9.43,9.12,6.75,4.56
18058,18.08.2012 08:00:01,9.43,9.25,9.06,6.75,4.56,3.586
18059,18.08.2012 09:00:01,9.25,9.12,9.06,6.75,4.56
18060,18.08.2012 10:00:01,9.31,9.43,8.93,6.81,4.56
18061,18.08.2012 11:00:01,9.75,10.06,8.93,6.81,4.56
18062,18.08.2012 12:00:01,10.37,10.93,8.87,6.81,4.56
18063,18.08.2012 13:00:01,11.18,11.87,8.87,6.81,4.56
18064,18.08.2012 14:00:01,11.75,12.5,8.87,6.81,4.56,3.595
18065,18.08.2012 15:00:01,12.25,12.93,8.93,6.81,4.56
18066,18.08.2012 16:00:01,12.5,13.06,9.06,6.81,4.62
18067,18.08.2012 17:00:01,12.5,13,9.12,6.87,4.56
18068,18.08.2012 18:00:01,12.5,12.93,9.18,6.81,4.62
18069,18.08.2012 19:00:01,12.43,12.87,9.31,6.87,4.62
18070,18.08.2012 20:00:01,12.37,12.68,9.31,6.87,4.56,3.602
18071,18.08.2012 21:00:01,12.25,12.43,9.37,6.87,4.62
18072,18.08.2012 22:00:01,11.93,12.06,9.43,6.87,4.62
18073,18.08.2012 23:00:01,11.68,11.75,9.43,6.87,4.56
18074,19.08.2012 00:00:01,11.37,11.43,9.5,6.87,4.56
18075,19.08.2012 01:00:01,11.12,11.12,9.5,6.87,4.56
18076,19.08.2012 02:00:01,10.87,10.81,9.5,6.87,4.56,3.593
18077,19.08.2012 03:00:01,10.56,10.43,9.43,6.87,4.62
18078,19.08.2012 04:00:01,10.31,10.18,9.43,6.93,4.56
18079,19.08.2012 05:00:01,10.06,9.87,9.37,6.93,4.62
18080,19.08.2012 06:00:01,9.75,9.62,9.31,6.93,4.62
18081,19.08.2012 07:00:01,9.5,9.37,9.31,6.93,4.62
18082,19.08.2012 08:00:01,9.31,9.18,9.18,6.93,4.62,3.587
18083,19.08.2012 09:00:01,9.18,9.06,9.18,6.93,4.62
18084,19.08.2012 10:00:01,9.18,9.18,9.06,6.93,4.62
18085,19.08.2012 11:00:01,9.43,9.56,9.06,6.93,4.62
18086,19.08.2012 12:00:01,9.81,10.12,9,7,4.62
18087,19.08.2012 13:00:01,10.5,11,8.93,7,4.62
18088,19.08.2012 14:00:01,11.31,12,8.93,7,4.62,3.599
18089,19.08.2012 15:00:01,11.87,12.56,9,7,4.62
18090,19.08.2012 16:00:01,12.25,12.81,9.06,7,4.62
18091,19.08.2012 17:00:01,12.31,12.68,9.12,7,4.62
18092,19.08.2012 18:00:01,12.18,12.5,9.18,7,4.62
18093,19.08.2012 19:00:01,12.12,12.37,9.31,7,4.62
18094,19.08.2012 20:00:01,12,12.18,9.37,7,4.62,3.602
18095,19.08.2012 21:00:01,11.87,11.93,9.37,7,4.62
18096,19.08.2012 22:00:01,11.56,11.62,9.43,7,4.62
18097,19.08.2012 23:00:01,11.31,11.25,9.43,7,4.62
18098,20.08.2012 00:00:01,11,10.93,9.43,7,4.62
18099,20.08.2012 01:00:01,10.68,10.5,9.43,7,4.62
18100,20.08.2012 02:00:01,10.31,10.25,9.37,7,4.68,3.593
18101,20.08.2012 03:00:01,10.06,9.93,9.37,7.06,4.62
18102,20.08.2012 04:00:01,9.81,9.68,9.31,7.06,4.68
18103,20.08.2012 05:00:01,9.62,9.43,9.25,7.06,4.68
18104,20.08.2012 06:00:01,9.43,9.25,9.25,7.06,4.68
18105,20.08.2012 07:00:01,9.18,9.06,9.18,7.06,4.68
18106,20.08.2012 08:00:01,9.06,8.87,9.12,7.06,4.68,3.587
18107,20.08.2012 09:00:01,8.93,8.81,9.06,7.06,4.68
18108,20.08.2012 10:00:01,9.06,9.06,9,7.06,4.68
18109,20.08.2012 11:00:01,9.31,9.56,8.93,7.06,4.68
18110,20.08.2012 12:00:01,9.68,9.93,8.87,7.06,4.68
18111,20.08.2012 13:00:01,10,10.31,8.87,7.06,4.62
18112,20.08.2012 14:00:01,10.5,10.87,8.87,7.06,4.68,3.591
18113,20.08.2012 15:00:01,10.87,11.31,8.87,7.06,4.68
18114,20.08.2012 16:00:01,11.31,11.81,8.93,7.06,4.68
18115,20.08.2012 17:00:01,11.68,12.18,9,7.06,4.68
18116,20.08.2012 18:00:01,11.87,12.31,9.06,7.06,4.68
18117,20.08.2012 19:00:01,11.93,12.31,9.12,7.06,4.68
18118,20.08.2012 20:00:01,11.87,12.12,9.18,7.06,4.68,3.597
18119,20.08.2012 21:00:01,11.62,11.75,9.25,7.06,4.68
18120,20.08.2012 22:00:01,11.37,11.31,9.25,7.06,4.68
18121,20.08.2012 23:00:01,11,10.87,9.31,7.06,4.68
18122,21.08.2012 00:00:01,10.56,10.43,9.31,7.06,4.68
18123,21.08.2012 01:00:01,10.25,10.12,9.31,7.12,4.68
18124,21.08.2012 02:00:01,9.93,9.75,9.25,7.06,4.68,3.596
18125,21.08.2012 03:00:01,9.62,9.37,9.25,7.12,4.68
18126,21.08.2012 04:00:01,9.31,9.06,9.18,7.12,4.68
18127,21.08.2012 05:00:01,9,8.81,9.12,7.06,4.75
18128,21.08.2012 06:00:01,8.75,8.5,9.06,7.12,4.75
18129,21.08.2012 07:00:01,8.5,8.18,9,7.12,4.68
18130,21.08.2012 08:00:01,8.18,7.93,8.93,7.06,4.68,3.585
18131,21.08.2012 09:00:01,8,7.75,8.87,7.12,4.68
18132,21.08.2012 10:00:01,8.06,7.93,8.75,7.12,4.75
18133,21.08.2012 11:00:01,8.37,8.56,8.68,7.12,4.68
18134,21.08.2012 12:00:01,9.18,9.75,8.62,7.12,4.75
18135,21.08.2012 13:00:01,10.31,11.25,8.62,7.12,4.75
18136,21.08.2012 14:00:01,11.5,12.56,8.62,7.12,4.75,3.598
18137,21.08.2012 15:00:01,12.56,13.68,8.75,7.12,4.75
18138,21.08.2012 16:00:01,13.37,14.37,8.81,7.12,4.75
18139,21.08.2012 17:00:01,13.87,14.75,8.93,7.12,4.75
18140,21.08.2012 18:00:01,14,14.68,9.12,7.12,4.75
18141,21.08.2012 19:00:01,13.87,14.25,9.31,7.12,4.75
18142,21.08.2012 20:00:01,13.5,13.75,9.43,7.12,4.75,3.609
18143,21.08.2012 21:00:01,13.06,13.18,9.5,7.12,4.75
18144,21.08.2012 22:00:01,12.62,12.62,9.62,7.12,4.75
18145,21.08.2012 23:00:01,12.18,12.12,9.62,7.12,4.75
18146,22.08.2012 00:00:01,11.81,11.68,9.68,7.12,4.75
18147,22.08.2012 01:00:01,11.43,11.37,9.68,7.12,4.75
18148,22.08.2012 02:00:01,11.18,11.06,9.68,7.12,4.75,3.596
18149,22.08.2012 03:00:01,10.87,10.68,9.62,7.12,4.75
18150,22.08.2012 04:00:01,10.62,10.43,9.56,7.12,4.75
18151,22.08.2012 05:00:01,10.37,10.18,9.56,7.12,4.75
18152,22.08.2012 06:00:01,10.12,10,9.5,7.12,4.81
18153,22.08.2012 07:00:01,10,9.87,9.43,7.12,4.75
18154,22.08.2012 08:00:01,9.81,9.68,9.43,7.12,4.81,3.597
18155,22.08.2012 09:00:01,9.75,9.68,9.37,7.18,4.81
18156,22.08.2012 10:00:01,9.81,9.93,9.31,7.18,4.81
18157,22.08.2012 11:00:01,10.25,10.62,9.31,7.18,4.75
18158,22.08.2012 12:00:01,10.81,11.31,9.25,7.18,4.81
18159,22.08.2012 13:00:01,11.5,12.18,9.25,7.18,4.81
18160,22.08.2012 14:00:01,12.18,12.81,9.31,7.18,4.81,3.597
18161,22.08.2012 15:00:01,12.56,13.18,9.31,7.18,4.81
18162,22.08.2012 16:00:01,12.68,13.18,9.37,7.18,4.81
18163,22.08.2012 17:00:01,12.81,13.25,9.5,7.18,4.81
18164,22.08.2012 18:00:01,12.87,13.25,9.56,7.18,4.81
18165,22.08.2012 19:00:01,12.75,13,9.62,7.25,4.81
18166,22.08.2012 20:00:01,12.56,12.75,9.68,7.18,4.81,3.606
18167,22.08.2012 21:00:01,12.31,12.43,9.68,7.18,4.81
18168,22.08.2012 22:00:01,12.06,12.06,9.81,7.18,4.81
18169,22.08.2012 23:00:01,11.81,11.81,9.75,7.25,4.81
18170,23.08.2012 00:00:01,11.5,11.5,9.81,7.25,4.81
18171,23.08.2012 01:00:01,11.25,11.18,9.81,7.25,4.81
18172,23.08.2012 02:00:01,11,10.87,9.75,7.25,4.81,3.595
18173,23.08.2012 03:00:01,10.75,10.62,9.68,7.25,4.81
18174,23.08.2012 04:00:01,10.56,10.43,9.68,7.25,4.81
18175,23.08.2012 05:00:01,10.31,10.25,9.68,7.25,4.81
18176,23.08.2012 06:00:01,10.18,10.06,9.62,7.25,4.81
18177,23.08.2012 07:00:01,10,9.87,9.56,7.31,4.81
18178,23.08.2012 08:00:01,9.87,9.75,9.5,7.31,4.81,3.590
18179,23.08.2012 09:00:01,9.75,9.62,9.5,7.31,4.81
18180,23.08.2012 10:00:01,9.81,9.81,9.43,7.31,4.81
18181,23.08.2012 11:00:01,10.12,10.56,9.37,7.31,4.75
18182,23.08.2012 12:00:01,10.93,11.68,9.37,7.31,4.81
18183,23.08.2012 13:00:01,11.93,12.93,9.31,7.31,4.81
18184,23.08.2012 14:00:01,12.81,13.81,9.37,7.31,4.81,3.600
18185,23.08.2012 15:00:01,13.31,14.18,9.5,7.31,4.81
18186,23.08.2012 16:00:01,13.56,14.18,9.56,7.37,4.87
18187,23.08.2012 17:00:01,13.56,14.12,9.68,7.31,4.87
18188,23.08.2012 18:00:01,13.5,13.87,9.75,7.31,4.81
18189,23.08.2012 19:00:01,13.25,13.56,9.87,7.31,4.87
18190,23.08.2012 20:00:01,12.93,13.12,9.93,7.37,4.87,3.608
18191,23.08.2012 21:00:01,12.62,12.68,10,7.37,4.87
18192,23.08.2012 22:00:01,12.18,12.18,10,7.31,4.87
18193,23.08.2012 23:00:01,11.75,11.68,10,7.37,4.87
18194,24.08.2012 00:00:01,11.37,11.25,10,7.37,4.87
18195,24.08.2012 01:00:01,11,10.87,10,7.37,4.87
18196,24.08.2012 02:00:01,10.68,10.5,9.93,7.37,4.87,3.598
18197,24.08.2012 03:00:01,10.37,10.18,9.87,7.37,4.87
18198,24.08.2012 04:00:01,10.06,9.87,9.81,7.37,4.87
18199,24.08.2012 05:00:01,9.81,9.56,9.81,7.37,4.87
18200,24.08.2012 06:00:01,9.5,9.31,9.68,7.37,4.87
18201,24.08.2012 07:00:01,9.31,9.06,9.62,7.43,4.87
18202,24.08.2012 08:00:01,9.06,8.81,9.56,7.43,4.87,3.593
18203,24.08.2012 09:00:01,8.87,8.68,9.43,7.43,4.87
18204,24.08.2012 10:00:01,8.87,8.81,9.37,7.43,4.87
18205,24.08.2012 11:00:01,9.12,9.18,9.31,7.43,4.87
18206,24.08.2012 12:00:01,9.62,10,9.25,7.43,4.87
18207,24.08.2012 13:00:01,10.37,10.87,9.18,7.43,4.87
18208,24.08.2012 14:00:01,11.06,11.68,9.18,7.43,4.87,3.593
18209,24.08.2012 15:00:01,11.43,11.87,9.25,7.43,4.87
18210,24.08.2012 16:00:01,11.5,11.81,9.25,7.43,4.87
18211,24.08.2012 17:00:01,11.37,11.62,9.31,7.43,4.87
18212,24.08.2012 18:00:01,11.31,11.43,9.37,7.43,4.87
18213,24.08.2012 19:00:01,11.25,11.37,9.37,7.43,4.93
18214,24.08.2012 20:00:01,11.12,11.25,9.43,7.43,4.93,3.601
18215,24.08.2012 21:00:01,11,11,9.43,7.43,4.93
18216,24.08.2012 22:00:01,10.75,10.68,9.43,7.43,4.87
18217,24.08.2012 23:00:01,10.5,10.43,9.43,7.43,4.93
18218,25.08.2012 00:00:01,10.18,10.12,9.43,7.43,4.93
18219,25.08.2012 01:00:01,10,9.87,9.43,7.43,4.93
18220,25.08.2012 02:00:01,9.75,9.62,9.37,7.43,4.93,3.593
18221,25.08.2012 03:00:01,9.5,9.37,9.31,7.43,4.93
18222,25.08.2012 04:00:01,9.25,9.06,9.31,7.43,4.93
18223,25.08.2012 05:00:01,9.06,8.93,9.25,7.43,4.93
18224,25.08.2012 06:00:01,8.87,8.75,9.18,7.43,4.93
18225,25.08.2012 07:00:01,8.68,8.5,9.12,7.43,4.87
18226,25.08.2012 08:00:01,8.56,8.31,9.06,7.43,4.93,3.589
18227,25.08.2012 09:00:01,8.31,8.18,9,7.43,4.93
18228,25.08.2012 10:00:01,8.31,8.25,8.93,7.43,4.93
18229,25.08.2012 11:00:01,8.56,8.68,8.87,7.43,4.93
18230,25.08.2012 12:00:01,9.12,9.5,8.81,7.43,4.93
18231,25.08.2012 13:00:01,10,10.62,8.81,7.43,4.93
18232,25.08.2012 14:00:01,10.93,11.81,8.81,7.37,4.93,3.595
18233,25.08.2012 15:00:01,11.93,12.87,8.87,7.43,4.93
18234,25.08.2012 16:00:01,12.68,13.56,8.93,7.37,4.93
18235,25.08.2012 17:00:01,13.18,13.93,9.06,7.37,4.93
18236,25.08.2012 18:00:01,13.31,13.87,9.18,7.37,4.93
18237,25.08.2012 19:00:01,13.25,13.62,9.31,7.37,5
18238,25.08.2012 20:00:01,13,13.25,9.43,7.37,4.93,3.607
18239,25.08.2012 21:00:01,12.62,12.75,9.56,7.37,5
18240,25.08.2012 22:00:01,12.18,12.18,9.62,7.37,5
18241,25.08.2012 23:00:01,11.75,11.62,9.62,7.37,5
18242,26.08.2012 00:00:01,11.25,11.12,9.68,7.37,4.93
18243,26.08.2012 01:00:01,10.81,10.62,9.68,7.37,5
18244,26.08.2012 02:00:01,10.37,10.18,9.62,7.37,5,3.592
18245,26.08.2012 03:00:01,10,9.75,9.56,7.37,5
18246,26.08.2012 04:00:01,9.62,9.37,9.5,7.37,5
18247,26.08.2012 05:00:01,9.25,9,9.5,7.37,5
18248,26.08.2012 06:00:01,8.93,8.68,9.37,7.37,5
18249,26.08.2012 07:00:01,8.62,8.37,9.31,7.37,5
18250,26.08.2012 08:00:01,8.37,8.12,9.25,7.37,5,3.585
18251,26.08.2012 09:00:01,8.18,7.87,9.12,7.43,5
18252,26.08.2012 10:00:01,8.12,8.06,9.06,7.37,5
18253,26.08.2012 11:00:01,8.56,8.68,9,7.43,5
18254,26.08.2012 12:00:01,9.06,9.5,8.87,7.43,5
18255,26.08.2012 13:00:01,9.68,10.18,8.87,7.37,5
18256,26.08.2012 14:00:01,10.37,11,8.87,7.37,5,3.593
18257,26.08.2012 15:00:01,11,11.62,8.87,7.43,5
18258,26.08.2012 16:00:01,11.43,12.06,8.93,7.43,5
18259,26.08.2012 17:00:01,11.75,12.18,9,7.37,5
18260,26.08.2012 18:00:01,11.75,12.12,9.06,7.37,5
18261,26.08.2012 19:00:01,11.68,11.87,9.12,7.37,5
18262,26.08.2012 20:00:01,11.5,11.62,9.18,7.37,5,3.597
18263,26.08.2012 21:00:01,11.18,11.25,9.25,7.37,5
18264,26.08.2012 22:00:01,10.87,10.87,9.31,7.37,5
18265,26.08.2012 23:00:01,10.56,10.5,9.25,7.37,5
18266,27.08.2012 00:00:01,10.25,10.18,9.31,7.37,5
18267,27.08.2012 01:00:01,9.93,9.81,9.31,7.37,5
18268,27.08.2012 02:00:01,9.62,9.5,9.25,7.37,5.06,3.588
18269,27.08.2012 03:00:01,9.37,9.18,9.25,7.37,5
18270,27.08.2012 04:00:01,9.06,8.87,9.18,7.37,5.06
18271,27.08.2012 05:00:01,8.81,8.56,9.12,7.37,5
18272,27.08.2012 06:00:01,8.5,8.25,9.06,7.37,5
18273,27.08.2012 07:00:01,8.25,7.93,9,7.37,5.06
18274,27.08.2012 08:00:01,7.93,7.68,8.93,7.37,5.06,3.588
18275,27.08.2012 09:00:01,7.75,7.43,8.81,7.37,5.06
18276,27.08.2012 10:00:01,7.68,7.62,8.75,7.37,5.06
18277,27.08.2012 11:00:01,8.06,8.25,8.62,7.37,5.06
18278,27.08.2012 12:00:01,8.87,9.43,8.62,7.37,5.06
18279,27.08.2012 13:00:01,9.81,10.68,8.56,7.37,5.06
18280,27.08.2012 14:00:01,10.81,11.75,8.62,7.37,5.06,3.593
18281,27.08.2012 15:00:01,11.56,12.5,8.68,7.37,5.06
18282,27.08.2012 16:00:01,12.12,12.93,8.75,7.37,5.06
18283,27.08.2012 17:00:01,12.43,13.06,8.87,7.37,5.06
18284,27.08.2012 18:00:01,12.43,12.87,8.93,7.37,5.06
18285,27.08.2012 19:00:01,12.31,12.62,9.06,7.31,5.06
18286,27.08.2012 20:00:01,12.12,12.31,9.18,7.31,5.06,3.599
18287,27.08.2012 21:00:01,11.81,11.87,9.25,7.31,5.06
18288,27.08.2012 22:00:01,11.37,11.43,9.31,7.31,5.06
18289,27.08.2012 23:00:01,11,10.93,9.31,7.31,5.06
18290,28.08.2012 00:00:01,10.56,10.5,9.31,7.31,5.06
18291,28.08.2012 01:00:01,10.18,10.06,9.31,7.31,5.06
18292,28.08.2012 02:00:01,9.81,9.62,9.25,7.31,5.06,3.591
18293,28.08.2012 03:00:01,9.43,9.25,9.25,7.31,5.06
18294,28.08.2012 04:00:01,9.12,8.87,9.18,7.31,5.06
18295,28.08.2012 05:00:01,8.81,8.56,9.12,7.31,5.06
18296,28.08.2012 06:00:01,8.43,8.18,9.06,7.31,5.06
18297,28.08.2012 07:00:01,8.18,7.87,9,7.31,5.06
18298,28.08.2012 08:00:01,7.87,7.62,8.87,7.31,5.06,3.581
18299,28.08.2012 09:00:01,7.68,7.43,8.81,7.31,5.06
18300,28.08.2012 10:00:01,7.68,7.56,8.75,7.31,5.06
18301,28.08.2012 11:00:01,8.06,8.25,8.68,7.31,5.06
18302,28.08.2012 12:00:01,8.68,9.18,8.62,7.31,5.06
18303,28.08.2012 13:00:01,9.56,10.18,8.56,7.31,5.06
18304,28.08.2012 14:00:01,10.43,11.18,8.56,7.31,5.12,3.590
18305,28.08.2012 15:00:01,11.18,12,8.62,7.31,5.12
18306,28.08.2012 16:00:01,11.75,12.56,8.68,7.31,5.06
18307,28.08.2012 17:00:01,12.12,12.81,8.81,7.31,5.06
18308,28.08.2012 18:00:01,12.31,12.75,8.87,7.31,5.12
18309,28.08.2012 19:00:01,12.18,12.5,9,7.31,5.06
18310,28.08.2012 20:00:01,11.93,12.12,9.06,7.31,5.06,3.603
18311,28.08.2012 21:00:01,11.62,11.68,9.12,7.31,5.12
18312,28.08.2012 22:00:01,11.25,11.25,9.18,7.31,5.12
18313,28.08.2012 23:00:01,10.87,10.81,9.18,7.31,5.06
18314,29.08.2012 00:00:01,10.43,10.31,9.25,7.25,5.06
18315,29.08.2012 01:00:01,10.06,9.81,9.18,7.31,5.12
18316,29.08.2012 02:00:01,9.62,9.43,9.18,7.31,5.06,3.591
18317,29.08.2012 03:00:01,9.31,9,9.12,7.25,5.12
18318,29.08.2012 04:00:01,8.93,8.62,9.12,7.31,5.06
18319,29.08.2012 05:00:01,8.56,8.31,9,7.31,5.06
18320,29.08.2012 06:00:01,8.25,7.93,9,7.31,5.12
18321,29.08.2012 07:00:01,7.93,7.68,8.87,7.31,5.06
18322,29.08.2012 08:00:01,7.68,7.43,8.81,7.25,5.12,3.587
18323,29.08.2012 09:00:01,7.5,7.25,8.68,7.31,5.12
18324,29.08.2012 10:00:01,7.5,7.43,8.62,7.31,5.12
18325,29.08.2012 11:00:01,7.93,8.12,8.56,7.31,5.12
18326,29.08.2012 12:00:01,8.62,9.12,8.5,7.31,5.12
18327,29.08.2012 13:00:01,9.5,10.25,8.43,7.31,5.12
18328,29.08.2012 14:00:01,10.5,11.31,8.43,7.31,5.12,3.596
18329,29.08.2012 15:00:01,11.31,12.25,8.5,7.31,5.12
18330,29.08.2012 16:00:01,11.93,12.75,8.56,7.25,5.12
18331,29.08.2012 17:00:01,12.12,12.75,8.68,7.31,5.12
18332,29.08.2012 18:00:01,12.18,12.62,8.81,7.25,5.12
18333,29.08.2012 19:00:01,12.06,12.37,8.87,7.25,5.12
18334,29.08.2012 20:00:01,11.81,11.93,9,7.25,5.12,3.597
18335,29.08.2012 21:00:01,11.5,11.5,9.06,7.25,5.12
18336,29.08.2012 22:00:01,11.06,11,9.12,7.25,5.06
18337,29.08.2012 23:00:01,10.68,10.56,9.12,7.25,5.12
18338,30.08.2012 00:00:01,10.31,10.12,9.12,7.25,5.12
18339,30.08.2012 01:00:01,9.93,9.75,9.12,7.25,5.12
18340,30.08.2012 02:00:01,9.56,9.37,9.06,7.25,5.12,3.597
18341,30.08.2012 03:00:01,9.31,9.06,9.06,7.25,5.12
18342,30.08.2012 04:00:01,8.93,8.68,9,7.25,5.12
18343,30.08.2012 05:00:01,8.62,8.37,8.93,7.25,5.12
18344,30.08.2012 06:00:01,8.37,8.12,8.87,7.25,5.12
18345,30.08.2012 07:00:01,8.12,7.81,8.81,7.25,5.12
18346,30.08.2012 08:00:01,7.81,7.56,8.75,7.25,5.12,3.582
18347,30.08.2012 09:00:01,7.62,7.37,8.62,7.25,5.12
18348,30.08.2012 10:00:01,7.68,7.56,8.56,7.25,5.12
18349,30.08.2012 11:00:01,8.06,8.31,8.5,7.25,5.12
18350,30.08.2012 12:00:01,8.81,9.37,8.43,7.25,5.12
18351,30.08.2012 13:00:01,9.81,10.62,8.43,7.25,5.18
18352,30.08.2012 14:00:01,10.81,11.75,8.43,7.25,5.12,3.596
18353,30.08.2012 15:00:01,11.62,12.56,8.5,7.25,5.12
18354,30.08.2012 16:00:01,12.18,13,8.62,7.25,5.12
18355,30.08.2012 17:00:01,12.56,13.12,8.68,7.25,5.12
18356,30.08.2012 18:00:01,12.62,13,8.81,7.25,5.12
18357,30.08.2012 19:00:01,12.43,12.68,8.93,7.25,5.12
18358,30.08.2012 20:00:01,12.18,12.18,9,7.25,5.12,3.598
18359,30.08.2012 21:00:01,11.75,11.68,9.06,7.18,5.12
18360,30.08.2012 22:00:01,11.25,11.12,9.12,7.25,5.12
18361,30.08.2012 23:00:01,10.81,10.56,9.12,7.18,5.12
18362,31.08.2012 00:00:01,10.31,10,9.12,7.18,5.12
18363,31.08.2012 01:00:01,9.87,9.56,9.12,7.18,5.12
18364,31.08.2012 02:00:01,9.5,9.12,9.12,7.18,5.12,3.589
18365,31.08.2012 03:00:01,9.06,8.68,9.06,7.25,5.12
18366,31.08.2012 04:00:01,8.68,8.31,9,7.25,5.12
18367,31.08.2012 05:00:01,8.37,7.93,8.87,7.18,5.12
18368,31.08.2012 06:00:01,8.06,7.62,8.81,7.25,5.12
18369,31.08.2012 07:00:01,7.75,7.31,8.75,7.25,5.12
18370,31.08.2012 08:00:01,7.43,7.06,8.68,7.25,5.12,3.580
18371,31.08.2012 09:00:01,7.18,6.87,8.56,7.18,5.12
18372,31.08.2012 10:00:01,7.25,7.06,8.5,7.25,5.12
18373,31.08.2012 11:00:01,7.68,7.81,8.43,7.25,5.12
18374,31.08.2012 12:00:01,8.43,9,8.37,7.25,5.12
18375,31.08.2012 13:00:01,9.5,10.37,8.31,7.25,5.12
18376,31.08.2012 14:00:01,10.62,11.62,8.31,7.25,5.12,3.596
18377,31.08.2012 15:00:01,11.62,12.62,8.37,7.25,5.12
18378,31.08.2012 16:00:01,12.37,13.31,8.5,7.18,5.12
18379,31.08.2012 17:00:01,12.81,13.68,8.62,7.18,5.12
18380,31.08.2012 18:00:01,13,13.62,8.75,7.18,5.12
18381,31.08.2012 19:00:01,12.87,13.37,8.87,7.25,5.12
18382,31.08.2012 20:00:01,12.62,12.87,9,7.18,5.12,3.604
18383,31.08.2012 21:00:01,12.18,12.31,9.06,7.18,5.18
18384,31.08.2012 22:00:01,11.68,11.68,9.12,7.18,5.12
18385,31.08.2012 23:00:01,11.25,11.18,9.18,7.18,5.12
18386,01.09.2012 00:00:01,10.81,10.68,9.25,7.18,5.12
18387,01.09.2012 01:00:01,10.37,10.18,9.18,7.18,5.18
18388,01.09.2012 02:00:01,10,9.75,9.18,7.18,5.12,3.597
18389,01.09.2012 03:00:01,9.62,9.37,9.12,7.18,5.12
18390,01.09.2012 04:00:01,9.25,9,9.06,7.18,5.18
18391,01.09.2012 05:00:01,8.93,8.68,9.06,7.18,5.18
18392,01.09.2012 06:00:01,8.62,8.37,8.93,7.18,5.12
18393,01.09.2012 07:00:01,8.37,8.06,8.87,7.18,5.18
18394,01.09.2012 08:00:01,8.12,7.81,8.81,7.18,5.18,3.582
18395,01.09.2012 09:00:01,7.93,7.68,8.75,7.18,5.12
18396,01.09.2012 10:00:01,7.93,7.87,8.68,7.18,5.12
18397,01.09.2012 11:00:01,8.37,8.62,8.56,7.25,5.12
18398,01.09.2012 12:00:01,9.12,9.68,8.56,7.25,5.12
18399,01.09.2012 13:00:01,10.06,10.87,8.5,7.18,5.18
18400,01.09.2012 14:00:01,11,12,8.56,7.18,5.18,3.597
18401,01.09.2012 15:00:01,11.93,12.93,8.62,7.18,5.12
18402,01.09.2012 16:00:01,12.68,13.62,8.68,7.18,5.18
18403,01.09.2012 17:00:01,13.06,13.87,8.81,7.18,5.18
18404,01.09.2012 18:00:01,13.18,13.81,8.93,7.18,5.18
18405,01.09.2012 19:00:01,13.12,13.56,9.06,7.18,5.18
18406,01.09.2012 20:00:01,12.87,13.18,9.18,7.18,5.12,3.604
18407,01.09.2012 21:00:01,12.5,12.62,9.25,7.18,5.18
18408,01.09.2012 22:00:01,12.06,12.12,9.31,7.18,5.18
18409,01.09.2012 23:00:01,11.68,11.62,9.37,7.18,5.18
18410,02.09.2012 00:00:01,11.25,11.18,9.37,7.18,5.12
18411,02.09.2012 01:00:01,10.87,10.75,9.37,7.18,5.18
18412,02.09.2012 02:00:01,10.5,10.31,9.37,7.18,5.18,3.599
18413,02.09.2012 03:00:01,10.12,9.93,9.37,7.25,5.18
18414,02.09.2012 04:00:01,9.81,9.62,9.31,7.18,5.18
18415,02.09.2012 05:00:01,9.5,9.31,9.25,7.18,5.18
18416,02.09.2012 06:00:01,9.18,9,9.18,7.25,5.18
18417,02.09.2012 07:00:01,8.93,8.68,9.12,7.25,5.18
18418,02.09.2012 08:00:01,8.68,8.43,9.06,7.25,5.18,3.587
18419,02.09.2012 09:00:01,8.5,8.31,9,7.25,5.18
18420,02.09.2012 10:00:01,8.56,8.5,8.93,7.25,5.18
18421,02.09.2012 11:00:01,8.93,9.12,8.81,7.25,5.18
18422,02.09.2012 12:00:01,9.62,10.18,8.81,7.25,5.18
18423,02.09.2012 13:00:01,10.5,11.37,8.81,7.25,5.18
18424,02.09.2012 14:00:01,11.5,12.5,8.81,7.25,5.18,3.599
18425,02.09.2012 15:00:01,12.37,13.43,8.87,7.25,5.18
18426,02.09.2012 16:00:01,13.06,13.93,8.93,7.25,5.18
18427,02.09.2012 17:00:01,13.31,14.06,9.12,7.25,5.18
18428,02.09.2012 18:00:01,13.25,13.81,9.18,7.25,5.18
18429,02.09.2012 19:00:01,13,13.37,9.31,7.25,5.18
18430,02.09.2012 20:00:01,12.68,12.93,9.37,7.25,5.18,3.601
18431,02.09.2012 21:00:01,12.37,12.43,9.43,7.25,5.18
18432,02.09.2012 22:00:01,12,12.06,9.5,7.25,5.18
18433,02.09.2012 23:00:01,11.68,11.62,9.5,7.25,5.18
18434,03.09.2012 00:00:01,11.37,11.31,9.56,7.25,5.18
18435,03.09.2012 01:00:01,11.06,11,9.5,7.25,5.18
18436,03.09.2012 02:00:01,10.75,10.68,9.5,7.25,5.18,3.595
18437,03.09.2012 03:00:01,10.43,10.31,9.5,7.25,5.18
18438,03.09.2012 04:00:01,10.12,9.93,9.43,7.31,5.18
18439,03.09.2012 05:00:01,9.87,9.68,9.43,7.31,5.18
18440,03.09.2012 06:00:01,9.5,9.31,9.37,7.31,5.18
18441,03.09.2012 07:00:01,9.25,9.06,9.25,7.31,5.18
18442,03.09.2012 08:00:01,9,8.75,9.25,7.31,5.18,3.588
18443,03.09.2012 09:00:01,8.81,8.56,9.12,7.31,5.18
18444,03.09.2012 10:00:01,8.81,8.75,9.06,7.31,5.18
18445,03.09.2012 11:00:01,9.06,9.18,9,7.31,5.18
18446,03.09.2012 12:00:01,9.56,10,9,7.31,5.18
18447,03.09.2012 13:00:01,10.31,10.81,8.93,7.37,5.18
18448,03.09.2012 14:00:01,10.93,11.56,9,7.37,5.18,3.596
18449,03.09.2012 15:00:01,11.37,11.93,9,7.37,5.18
18450,03.09.2012 16:00:01,11.68,12.25,9,7.37,5.18
18451,03.09.2012 17:00:01,11.87,12.37,9.12,7.31,5.18
18452,03.09.2012 18:00:01,11.93,12.37,9.12,7.37,5.18
18453,03.09.2012 19:00:01,11.87,12.12,9.25,7.31,5.18
18454,03.09.2012 20:00:01,11.68,11.81,9.25,7.37,5.18,3.597
18455,03.09.2012 21:00:01,11.43,11.5,9.31,7.37,5.18
18456,03.09.2012 22:00:01,11.12,11.06,9.37,7.37,5.18
18457,03.09.2012 23:00:01,10.75,10.62,9.31,7.37,5.18
18458,04.09.2012 00:00:01,10.37,10.25,9.31,7.37,5.25
18459,04.09.2012 01:00:01,10,9.81,9.31,7.37,5.25
18460,04.09.2012 02:00:01,9.62,9.43,9.31,7.37,5.18,3.595
18461,04.09.2012 03:00:01,9.31,9.12,9.25,7.37,5.18
18462,04.09.2012 04:00:01,9,8.81,9.18,7.37,5.18
18463,04.09.2012 05:00:01,8.75,8.5,9.06,7.37,5.18
18464,04.09.2012 06:00:01,8.5,8.25,9,7.37,5.25
18465,04.09.2012 07:00:01,8.18,7.93,8.93,7.37,5.18
18466,04.09.2012 08:00:01,7.93,7.68,8.87,7.37,5.25,3.584
18467,04.09.2012 09:00:01,7.75,7.43,8.81,7.37,5.18
18468,04.09.2012 10:00:01,7.68,7.62,8.75,7.37,5.25
18469,04.09.2012 11:00:01,8.12,8.37,8.68,7.37,5.25
18470,04.09.2012 12:00:01,8.87,9.37,8.62,7.37,5.25
18471,04.09.2012 13:00:01,9.68,10.43,8.56,7.37,5.25
18472,04.09.2012 14:00:01,10.5,11.25,8.62,7.37,5.18,3.591
18473,04.09.2012 15:00:01,11.12,11.93,8.62,7.37,5.25
18474,04.09.2012 16:00:01,11.56,12.25,8.68,7.37,5.25
18475,04.09.2012 17:00:01,11.75,12.31,8.75,7.37,5.25
18476,04.09.2012 18:00:01,11.81,12.18,8.87,7.37,5.25
18477,04.09.2012 19:00:01,11.68,12,8.93,7.37,5.18
18478,04.09.2012 20:00:01,11.43,11.68,9,7.31,5.25,3.595
18479,04.09.2012 21:00:01,11.12,11.18,9.06,7.31,5.25
18480,04.09.2012 22:00:01,10.75,10.75,9.06,7.31,5.18
18481,04.09.2012 23:00:01,10.37,10.31,9.06,7.31,5.25
18482,05.09.2012 00:00:01,10.06,9.93,9.06,7.31,5.25
18483,05.09.2012 01:00:01,9.81,9.68,9.06,7.31,5.25
18484,05.09.2012 02:00:01,9.56,9.43,9,7.31,5.25,3.587
18485,05.09.2012 03:00:01,9.18,9.18,9,7.31,5.25
18486,05.09.2012 04:00:01,9,8.87,8.93,7.31,5.25
18487,05.09.2012 05:00:01,8.75,8.62,8.87,7.31,5.25
18488,05.09.2012 06:00:01,8.56,8.37,8.81,7.31,5.25
18489,05.09.2012 07:00:01,8.37,8.18,8.81,7.31,5.25
18490,05.09.2012 08:00:01,8.18,8,8.68,7.31,5.25,3.582
18491,05.09.2012 09:00:01,8.06,7.87,8.68,7.31,5.25
18492,05.09.2012 10:00:01,8.06,8,8.62,7.31,5.25
18493,05.09.2012 11:00:01,8.37,8.56,8.56,7.31,5.25
18494,05.09.2012 12:00:01,9.06,9.5,8.5,7.31,5.25
18495,05.09.2012 13:00:01,9.87,10.5,8.5,7.31,5.25
18496,05.09.2012 14:00:01,10.75,11.43,8.5,7.31,5.25,3.596
18497,05.09.2012 15:00:01,11.56,12.25,8.62,7.31,5.25
18498,05.09.2012 16:00:01,12,12.5,8.68,7.31,5.25
18499,05.09.2012 17:00:01,12,12.25,8.81,7.31,5.25
18500,05.09.2012 18:00:01,11.75,11.87,8.87,7.31,5.25
18501,05.09.2012 19:00:01,11.43,11.56,8.93,7.31,5.25
18502,05.09.2012 20:00:01,11.18,11.25,9,7.31,5.25,3.597
18503,05.09.2012 21:00:01,10.87,10.87,9,7.25,5.25
18504,05.09.2012 22:00:01,10.56,10.56,9,7.31,5.25
18505,05.09.2012 23:00:01,10.25,10.18,9,7.25,5.25
18506,06.09.2012 00:00:01,9.93,9.81,9,7.25,5.25
18507,06.09.2012 01:00:01,9.62,9.5,9,7.31,5.25
18508,06.09.2012 02:00:01,9.37,9.25,9,7.25,5.25,3.594
18509,06.09.2012 03:00:01,9.06,9,8.93,7.25,5.25
18510,06.09.2012 04:00:01,8.81,8.68,8.87,7.25,5.25
18511,06.09.2012 05:00:01,8.56,8.37,8.81,7.31,5.25
18512,06.09.2012 06:00:01,8.31,8.12,8.75,7.31,5.25
18513,06.09.2012 07:00:01,8,7.87,8.68,7.31,5.25
18514,06.09.2012 08:00:01,7.75,7.56,8.62,7.31,5.25,3.587
18515,06.09.2012 09:00:01,7.56,7.37,8.56,7.31,5.25
18516,06.09.2012 10:00:01,7.5,7.43,8.5,7.31,5.25
18517,06.09.2012 11:00:01,7.87,8.06,8.43,7.31,5.25
18518,06.09.2012 12:00:01,8.68,9.25,8.37,7.25,5.25
18519,06.09.2012 13:00:01,9.68,10.5,8.37,7.25,5.31
18520,06.09.2012 14:00:01,10.81,11.75,8.37,7.25,5.31,3.592
18521,06.09.2012 15:00:01,11.87,12.87,8.5,7.25,5.31
18522,06.09.2012 16:00:01,12.62,13.5,8.56,7.25,5.25
18523,06.09.2012 17:00:01,13.06,13.62,8.68,7.25,5.25
18524,06.09.2012 18:00:01,13.06,13.5,8.81,7.25,5.31
18525,06.09.2012 19:00:01,12.87,13.12,8.93,7.25,5.25
18526,06.09.2012 20:00:01,12.56,12.68,9.06,7.25,5.25,3.606
18527,06.09.2012 21:00:01,12.06,12.12,9.12,7.25,5.31
18528,06.09.2012 22:00:01,11.56,11.5,9.18,7.25,5.25
18529,06.09.2012 23:00:01,11.06,10.87,9.18,7.25,5.31
18530,07.09.2012 00:00:01,10.56,10.37,9.18,7.25,5.31
18531,07.09.2012 01:00:01,10.06,9.81,9.18,7.25,5.25
18532,07.09.2012 02:00:01,9.62,9.37,9.18,7.25,5.31,3.590
18533,07.09.2012 03:00:01,9.18,8.93,9.12,7.25,5.25
18534,07.09.2012 04:00:01,8.81,8.56,9.06,7.25,5.31
18535,07.09.2012 05:00:01,8.5,8.18,9,7.25,5.31
18536,07.09.2012 06:00:01,8.18,7.87,8.87,7.25,5.31
18537,07.09.2012 07:00:01,7.87,7.62,8.81,7.25,5.25
18538,07.09.2012 08:00:01,7.56,7.31,8.68,7.25,5.31,3.585
18539,07.09.2012 09:00:01,7.43,7.18,8.62,7.25,5.31
18540,07.09.2012 10:00:01,7.43,7.37,8.56,7.25,5.31
18541,07.09.2012 11:00:01,7.87,8,8.5,7.25,5.31
18542,07.09.2012 12:00:01,8.62,9.12,8.43,7.25,5.31
18543,07.09.2012 13:00:01,9.62,10.31,8.37,7.25,5.31
18544,07.09.2012 14:00:01,10.31,10.93,8.37,7.25,5.31,3.589
18545,07.09.2012 15:00:01,10.68,11.18,8.43,7.25,5.31
18546,07.09.2012 16:00:01,10.75,11.18,8.5,7.25,5.31
18547,07.09.2012 17:00:01,10.81,11.06,8.56,7.25,5.31
18548,07.09.2012 18:00:01,10.81,11.06,8.62,7.25,5.31
18549,07.09.2012 19:00:01,10.75,10.93,8.68,7.25,5.31
18550,07.09.2012 20:00:01,10.56,10.62,8.75,7.25,5.31,3.591
18551,07.09.2012 21:00:01,10.31,10.31,8.75,7.25,5.31
18552,07.09.2012 22:00:01,9.93,9.93,8.75,7.25,5.31
18553,07.09.2012 23:00:01,9.62,9.56,8.75,7.25,5.31
18554,08.09.2012 00:00:01,9.31,9.18,8.75,7.25,5.31
18555,08.09.2012 01:00:01,9,8.87,8.75,7.25,5.31
18556,08.09.2012 02:00:01,8.75,8.56,8.68,7.18,5.31,3.585
18557,08.09.2012 03:00:01,8.5,8.31,8.62,7.18,5.31
18558,08.09.2012 04:00:01,8.25,8.12,8.62,7.25,5.31
18559,08.09.2012 05:00:01,8.12,7.93,8.5,7.25,5.31
18560,08.09.2012 06:00:01,7.93,7.81,8.43,7.25,5.31
18561,08.09.2012 07:00:01,7.75,7.62,8.43,7.25,5.31
18562,08.09.2012 08:00:01,7.56,7.43,8.37,7.18,5.31,3.586
18563,08.09.2012 09:00:01,7.37,7.31,8.31,7.18,5.31
18564,08.09.2012 10:00:01,7.43,7.37,8.25,7.18,5.31
18565,08.09.2012 11:00:01,7.56,7.62,8.18,7.18,5.31
18566,08.09.2012 12:00:01,8.06,8.31,8.12,7.18,5.31
18567,08.09.2012 13:00:01,8.68,9.12,8.12,7.18,5.31
18568,08.09.2012 14:00:01,9.31,9.81,8.12,7.18,5.31,3.589
18569,08.09.2012 15:00:01,9.87,10.43,8.12,7.18,5.31
18570,08.09.2012 16:00:01,10.37,10.81,8.18,7.18,5.31
18571,08.09.2012 17:00:01,10.62,11.06,8.25,7.18,5.31
18572,08.09.2012 18:00:01,10.75,11.06,8.31,7.18,5.31
18573,08.09.2012 19:00:01,10.68,10.87,8.37,7.18,5.31
18574,08.09.2012 20:00:01,10.5,10.68,8.43,7.18,5.31,3.596
18575,08.09.2012 21:00:01,10.25,10.31,8.5,7.12,5.31
18576,08.09.2012 22:00:01,9.93,9.93,8.5,7.12,5.31
18577,08.09.2012 23:00:01,9.62,9.56,8.5,7.12,5.31
18578,09.09.2012 00:00:01,9.25,9.18,8.5,7.12,5.31
18579,09.09.2012 01:00:01,8.93,8.75,8.5,7.12,5.31
18580,09.09.2012 02:00:01,8.56,8.37,8.5,7.12,5.31,3.584
18581,09.09.2012 03:00:01,8.18,8,8.43,7.12,5.31
18582,09.09.2012 04:00:01,7.87,7.62,8.37,7.12,5.31
18583,09.09.2012 05:00:01,7.56,7.31,8.31,7.12,5.31
18584,09.09.2012 06:00:01,7.25,6.93,8.25,7.12,5.31
18585,09.09.2012 07:00:01,6.93,6.68,8.18,7.12,5.31
18586,09.09.2012 08:00:01,6.68,6.43,8.06,7.12,5.31,3.579
18587,09.09.2012 09:00:01,6.43,6.18,8,7.12,5.31
18588,09.09.2012 10:00:01,6.37,6.31,7.93,7.12,5.31
18589,09.09.2012 11:00:01,6.75,6.93,7.87,7.12,5.31
18590,09.09.2012 12:00:01,7.56,8.12,7.81,7.12,5.31
18591,09.09.2012 13:00:01,8.68,9.56,7.75,7.06,5.31
18592,09.09.2012 14:00:01,9.93,10.93,7.81,7.06,5.31,3.588
18593,09.09.2012 15:00:01,11,12.06,7.81,7.06,5.31
18594,09.09.2012 16:00:01,11.87,12.75,7.93,7.06,5.31
18595,09.09.2012 17:00:01,12.31,13.06,8.06,7.06,5.31
18596,09.09.2012 18:00:01,12.37,12.93,8.25,7.06,5.31
18597,09.09.2012 19:00:01,12.25,12.62,8.31,7.06,5.31
18598,09.09.2012 20:00:01,11.93,12.06,8.5,7,5.31,3.603
18599,09.09.2012 21:00:01,11.43,11.5,8.56,7,5.31
18600,09.09.2012 22:00:01,10.93,10.87,8.62,7.06,5.31
18601,09.09.2012 23:00:01,10.43,10.31,8.62,7,5.31
18602,10.09.2012 00:00:01,9.93,9.75,8.62,7,5.31
18603,10.09.2012 01:00:01,9.43,9.25,8.68,7,5.31
18604,10.09.2012 02:00:01,9,8.81,8.62,7,5.31,3.589
18605,10.09.2012 03:00:01,8.62,8.31,8.56,7,5.31
18606,10.09.2012 04:00:01,8.18,7.93,8.5,7,5.31
18607,10.09.2012 05:00:01,7.81,7.5,8.43,7,5.31
18608,10.09.2012 06:00:01,7.43,7.18,8.37,7.06,5.31
18609,10.09.2012 07:00:01,7.18,6.87,8.31,7,5.31
18610,10.09.2012 08:00:01,6.87,6.56,8.18,7,5.31,3.582
18611,10.09.2012 09:00:01,6.62,6.31,8.12,7,5.31
18612,10.09.2012 10:00:01,6.62,6.43,8,7.06,5.31
18613,10.09.2012 11:00:01,7,7.12,7.93,7.06,5.31
18614,10.09.2012 12:00:01,7.75,8.37,7.87,7,5.31
18615,10.09.2012 13:00:01,8.93,9.87,7.87,7.06,5.31
18616,10.09.2012 14:00:01,10.25,11.31,7.87,7,5.31,3.586
18617,10.09.2012 15:00:01,11.31,12.31,7.93,7,5.31
