Logger: #A50209 'PT1000TEMP' - USP_EXP2 (V2.10, Jan 22 2010)
No,Time,#1:oC,#HK-Bat:V
1,11.08.2010 09:57:51,13.1467,3.637
2,11.08.2010 10:00:01,13.2873,3.618
3,11.08.2010 11:00:01,18.6459
4,11.08.2010 12:00:01,24.0914
5,11.08.2010 13:00:01,29.8514
6,11.08.2010 14:00:01,35.0541
7,11.08.2010 15:00:01,44.7374
8,11.08.2010 16:00:01,33.851,3.681
9,11.08.2010 17:00:01,31.485
10,11.08.2010 18:00:01,26.7198
11,11.08.2010 19:00:01,26.0583
12,11.08.2010 20:00:01,26.7509
13,11.08.2010 21:00:01,25.1052
14,11.08.2010 22:00:00,23.3441,3.628
15,11.08.2010 23:00:00,21.7419
16,12.08.2010 00:00:00,19.968
17,12.08.2010 01:00:00,18.5002
18,12.08.2010 02:00:00,17.2604
19,12.08.2010 03:00:00,16.2703
20,12.08.2010 04:00:00,15.47,3.602
21,12.08.2010 05:00:00,14.7485
22,12.08.2010 06:00:00,14.0823
23,12.08.2010 07:00:00,13.4846
24,12.08.2010 08:00:00,13.1751
25,12.08.2010 09:00:00,21.1179
26,12.08.2010 10:00:00,23.3735,3.623
27,12.08.2010 11:00:00,21.1443
28,12.08.2010 12:00:00,21.1918
29,12.08.2010 13:00:00,26.2842
30,12.08.2010 14:00:00,28.1776
31,12.08.2010 15:00:00,30.927
32,12.08.2010 16:00:00,28.1751,3.648
33,12.08.2010 17:00:00,21.7838
34,12.08.2010 18:00:00,18.505
35,12.08.2010 19:00:00,16.5666
36,12.08.2010 20:00:00,14.9818
37,12.08.2010 21:00:00,13.3736
38,12.08.2010 22:00:00,12.138,3.598
39,12.08.2010 23:00:00,11.1821
40,13.08.2010 00:00:00,10.567
41,13.08.2010 01:00:00,10.0971
42,13.08.2010 02:00:00,9.57693
43,13.08.2010 03:00:00,9.02694
44,13.08.2010 04:00:00,8.66875,3.604
45,13.08.2010 05:00:00,8.48121
46,13.08.2010 06:00:00,8.41838
47,13.08.2010 07:00:00,8.18985
48,13.08.2010 08:00:00,8.32791
49,13.08.2010 09:00:00,9.60054
50,13.08.2010 10:00:00,12.6913,3.599
51,13.08.2010 11:00:00,14.5338
52,13.08.2010 12:00:00,14.4572
53,13.08.2010 13:00:00,14.041
54,13.08.2010 14:00:00,14.1478
55,13.08.2010 15:00:00,14.9424
56,13.08.2010 16:00:00,15.8453,3.599
57,13.08.2010 17:00:00,16.2073
58,13.08.2010 18:00:00,16.4262
59,13.08.2010 19:00:00,16.107
60,13.08.2010 20:00:00,15.1259
61,13.08.2010 21:00:00,14.0304
62,13.08.2010 22:00:00,12.6594,3.589
63,13.08.2010 23:00:00,11.5679
64,14.08.2010 00:00:00,10.7234
65,14.08.2010 01:00:00,10.1781
66,14.08.2010 02:00:00,9.80512
67,14.08.2010 03:00:00,9.53397
68,14.08.2010 04:00:00,9.34791,3.598
69,14.08.2010 05:00:00,9.24595
70,14.08.2010 06:00:00,8.95552
71,14.08.2010 07:00:00,8.56391
72,14.08.2010 08:00:00,8.35011
73,14.08.2010 09:00:00,8.68729
74,14.08.2010 10:00:00,9.41787,3.597
75,14.08.2010 11:00:00,9.88157
76,14.08.2010 12:00:00,10.0679
77,14.08.2010 13:00:00,10.3635
78,14.08.2010 14:00:00,10.4573
79,14.08.2010 15:00:00,10.7695
80,14.08.2010 16:00:00,10.9996,3.591
81,14.08.2010 17:00:00,11.3943
82,14.08.2010 18:00:00,12.3163
83,14.08.2010 19:00:00,12.8079
84,14.08.2010 20:00:00,13.3215
85,14.08.2010 21:00:00,13.812
86,14.08.2010 22:00:00,14.7886,3.592
87,14.08.2010 23:00:00,15.0796
88,15.08.2010 00:00:00,15.1017
89,15.08.2010 01:00:00,16.5648
90,15.08.2010 02:00:00,17.179
91,15.08.2010 03:00:00,17.5957
92,15.08.2010 04:00:00,17.9247,3.604
93,15.08.2010 05:00:00,18.1747
94,15.08.2010 06:00:00,18.3519
95,15.08.2010 07:00:00,18.4669
96,15.08.2010 08:00:00,18.5686
97,15.08.2010 09:00:00,18.6622
98,15.08.2010 10:00:00,18.7117,3.611
99,15.08.2010 11:00:00,19.5513
100,15.08.2010 12:00:00,21.734
101,15.08.2010 13:00:00,22.8037
102,15.08.2010 14:00:00,23.8171
103,15.08.2010 15:00:00,24.8056
104,15.08.2010 16:00:00,26.5361,3.653
105,15.08.2010 17:00:00,27.4733
106,15.08.2010 18:00:00,28.649
107,15.08.2010 19:00:00,28.0419
108,15.08.2010 20:00:00,27.6134
109,15.08.2010 21:00:00,27.3639
110,15.08.2010 22:00:00,27.1532,3.657
111,15.08.2010 23:00:00,26.9741
112,16.08.2010 00:00:00,26.8536
113,16.08.2010 01:00:00,26.7086
114,16.08.2010 02:00:00,26.5666
115,16.08.2010 03:00:00,26.4526
116,16.08.2010 04:00:00,26.3367,3.651
117,16.08.2010 05:00:00,26.2335
118,16.08.2010 06:00:00,26.1052
119,16.08.2010 07:00:00,25.9776
120,16.08.2010 08:00:00,25.9528
121,16.08.2010 09:00:00,26.0196
122,16.08.2010 10:00:00,26.0658,3.648
123,16.08.2010 11:00:00,26.1007
124,16.08.2010 12:00:00,26.1536
125,16.08.2010 13:00:00,26.1831
126,16.08.2010 14:00:00,26.1904
127,16.08.2010 15:00:00,26.1908
128,16.08.2010 16:00:00,26.201,3.646
129,16.08.2010 17:00:00,26.2172
130,16.08.2010 18:00:00,26.2521
131,16.08.2010 19:00:00,26.2749
132,16.08.2010 20:00:00,26.3013
133,16.08.2010 21:00:00,26.3335
134,16.08.2010 22:00:00,26.3676,3.645
135,16.08.2010 23:00:00,26.39
136,17.08.2010 00:00:00,26.4221
137,17.08.2010 01:00:00,26.445
138,17.08.2010 02:00:00,26.4419
139,17.08.2010 03:00:00,26.4498
140,17.08.2010 04:00:00,26.4726,3.643
141,17.08.2010 05:00:00,26.4883
142,17.08.2010 06:00:00,26.4719
143,17.08.2010 07:00:00,26.4365
144,17.08.2010 08:00:00,26.4294
145,17.08.2010 09:00:00,26.4545
146,17.08.2010 10:00:00,26.4903,3.642
147,17.08.2010 11:00:00,26.4966
148,17.08.2010 12:00:00,26.4822
149,17.08.2010 13:00:00,26.4849
150,17.08.2010 14:00:00,26.4972
151,17.08.2010 15:00:00,26.5225
152,17.08.2010 16:00:00,26.5439,3.638
153,17.08.2010 17:00:00,26.5564
154,17.08.2010 18:00:00,26.577
155,17.08.2010 19:00:00,26.5863
156,17.08.2010 20:00:00,26.6217
157,17.08.2010 21:00:00,26.6432
158,17.08.2010 22:00:00,26.6605,3.636
159,17.08.2010 23:00:00,26.6565
160,18.08.2010 00:00:00,26.6909
161,18.08.2010 01:00:00,26.6826
162,18.08.2010 02:00:00,26.6815
163,18.08.2010 03:00:00,26.6708
164,18.08.2010 04:00:00,26.6679,3.635
165,18.08.2010 05:00:00,26.6892
166,18.08.2010 06:00:00,26.6549
167,18.08.2010 07:00:00,26.6476
168,18.08.2010 08:00:00,26.6606
169,18.08.2010 09:00:00,26.6585
170,18.08.2010 10:00:00,26.6921,3.631
171,18.08.2010 11:00:00,26.7257
172,18.08.2010 12:00:00,26.8302
173,18.08.2010 13:00:00,26.9067
174,18.08.2010 14:00:00,26.9947
175,18.08.2010 15:00:00,27.067
176,18.08.2010 16:00:00,27.0369,3.629
177,18.08.2010 17:00:00,27.0252
178,18.08.2010 18:00:00,27.0193
179,18.08.2010 19:00:00,27.0055
180,18.08.2010 20:00:00,26.9934
181,18.08.2010 21:00:00,26.9751
182,18.08.2010 22:00:00,26.9122,3.628
183,18.08.2010 23:00:00,26.846
184,19.08.2010 00:00:00,26.8448
185,19.08.2010 01:00:00,26.8749
186,19.08.2010 02:00:00,26.8622
187,19.08.2010 03:00:00,26.8524
188,19.08.2010 04:00:00,26.8523,3.626
189,19.08.2010 05:00:00,26.8796
190,19.08.2010 06:00:00,26.8639
191,19.08.2010 07:00:00,26.8246
192,19.08.2010 08:00:00,26.823
193,19.08.2010 09:00:00,26.8457
194,19.08.2010 10:00:00,26.8924,3.622
195,19.08.2010 11:00:00,26.9384
196,19.08.2010 12:00:00,26.9873
197,19.08.2010 13:00:00,26.9975
198,19.08.2010 14:00:00,27.0358
199,19.08.2010 15:00:00,27.1129
200,19.08.2010 16:00:00,27.2045,3.623
201,19.08.2010 17:00:00,27.1582
202,19.08.2010 18:00:00,27.202
203,19.08.2010 19:00:00,27.2541
204,19.08.2010 20:00:00,27.2428
205,19.08.2010 21:00:00,27.2138
206,19.08.2010 22:00:00,27.211,3.622
207,19.08.2010 22:59:50,28.1261,3.633
208,20.08.2010 00:00:00,28.2945,3.630
209,20.08.2010 01:00:00,28.1457
210,20.08.2010 02:00:00,27.9115
211,20.08.2010 03:00:00,27.7949
212,20.08.2010 04:00:00,27.7012
213,20.08.2010 05:00:00,27.6267
214,20.08.2010 06:00:00,27.5641,3.621
215,20.08.2010 07:00:00,27.4934
216,20.08.2010 08:00:00,27.4403
217,20.08.2010 09:00:00,27.4793
218,20.08.2010 10:00:00,27.6577
219,20.08.2010 11:00:00,27.8536
220,20.08.2010 12:00:00,27.9538,3.622
221,20.08.2010 13:00:00,28.004
222,20.08.2010 14:00:00,27.9662
223,20.08.2010 15:00:00,27.9232
224,20.08.2010 16:00:00,27.8958
225,20.08.2010 17:00:00,28.0543
226,20.08.2010 18:00:00,28.2598,3.622
227,20.08.2010 19:00:00,28.594
228,20.08.2010 20:00:00,28.6642
229,20.08.2010 21:00:00,28.5722
230,20.08.2010 22:00:00,28.5236
231,20.08.2010 23:00:00,28.5027
232,21.08.2010 00:00:00,28.3883,3.620
233,21.08.2010 01:00:00,28.2802
234,21.08.2010 02:00:00,28.2074
235,21.08.2010 03:00:00,27.8301
236,21.08.2010 04:00:00,27.0144
237,21.08.2010 05:00:00,27.1198
238,21.08.2010 06:00:00,27.3011,3.616
239,21.08.2010 07:00:00,27.4555
240,21.08.2010 08:00:00,27.7198
241,21.08.2010 09:00:00,27.8882
242,21.08.2010 10:00:00,28.0812
243,21.08.2010 11:00:00,28.1834
244,21.08.2010 12:00:00,28.6555,3.620
245,21.08.2010 13:00:00,28.8336
246,21.08.2010 14:00:00,33.1644
247,21.08.2010 15:00:00,34.2824
248,21.08.2010 16:00:00,35.5524
249,21.08.2010 17:00:00,36.228
250,21.08.2010 18:00:00,34.6723,3.653
251,21.08.2010 19:00:00,32.2977
252,21.08.2010 20:00:00,30.1824
253,21.08.2010 21:00:00,27.0931
254,21.08.2010 22:00:00,25.7023
255,21.08.2010 23:00:00,24.6201
256,22.08.2010 00:00:00,23.6555,3.597
257,22.08.2010 01:00:00,22.7856
258,22.08.2010 02:00:00,22.0477
259,22.08.2010 03:00:00,21.3518
260,22.08.2010 04:00:00,20.6826
261,22.08.2010 05:00:00,19.3697
262,22.08.2010 06:00:00,18.2863,3.606
263,22.08.2010 07:00:00,16.3342
264,22.08.2010 08:00:00,14.5569
265,22.08.2010 09:00:00,15.7603
266,22.08.2010 10:00:00,23.0711
267,22.08.2010 11:00:00,24.1058
268,22.08.2010 12:00:00,27.9026,3.649
269,22.08.2010 13:00:00,5.93357
270,22.08.2010 14:00:00,7.78206
271,22.08.2010 15:00:00,10.0746
272,22.08.2010 16:00:00,11.6668
273,22.08.2010 17:00:00,12.0483
274,22.08.2010 18:00:00,10.7779,3.608
275,22.08.2010 19:00:00,9.26328
276,22.08.2010 20:00:00,8.24617
277,22.08.2010 21:00:00,7.55853
278,22.08.2010 22:00:00,6.83925
279,22.08.2010 23:00:00,6.47448
280,23.08.2010 00:00:00,6.14254,3.593
281,23.08.2010 01:00:00,5.58047
282,23.08.2010 02:00:00,5.24489
283,23.08.2010 03:00:00,4.88932
284,23.08.2010 04:00:00,4.69833
285,23.08.2010 05:00:00,4.40091
286,23.08.2010 06:00:00,4.12936,3.581
287,23.08.2010 07:00:00,4.05584
288,23.08.2010 08:00:00,4.22562
289,23.08.2010 09:00:00,4.52062
290,23.08.2010 10:00:00,5.08074
291,23.08.2010 11:00:00,5.69394
292,23.08.2010 12:00:00,6.59835,3.576
293,23.08.2010 13:00:00,7.42682
294,23.08.2010 14:00:00,7.71786
295,23.08.2010 15:00:00,8.72301
296,23.08.2010 16:00:00,8.17966
297,23.08.2010 17:00:00,6.39211
298,23.08.2010 18:00:00,5.67589,3.582
299,23.08.2010 19:00:00,4.44993
300,23.08.2010 20:00:00,5.08417
301,23.08.2010 21:00:00,4.80739
302,23.08.2010 22:00:00,3.83892
303,23.08.2010 23:00:00,3.46295
304,24.08.2010 00:00:00,1.92448,3.572
305,24.08.2010 01:00:00,2.1229
306,24.08.2010 02:00:00,2.23446
307,24.08.2010 03:00:00,2.28095
308,24.08.2010 04:00:00,1.91606
309,24.08.2010 05:00:00,1.88832
310,24.08.2010 06:00:00,1.78754,3.558
311,24.08.2010 07:00:00,2.13808
312,24.08.2010 08:00:00,2.15775
313,24.08.2010 09:00:00,2.34844
314,24.08.2010 10:00:00,2.5726
315,24.08.2010 11:00:00,2.94916
316,24.08.2010 12:00:00,3.39568,3.559
317,24.08.2010 13:00:00,4.018
318,24.08.2010 14:00:00,4.87325
319,24.08.2010 15:00:00,4.58483
320,24.08.2010 16:00:00,2.64058
321,24.08.2010 17:00:00,2.60984
322,24.08.2010 18:00:00,1.68199,3.558
323,24.08.2010 19:00:00,1.5555
324,24.08.2010 20:00:00,1.44299
325,24.08.2010 21:00:00,1.5356
326,24.08.2010 22:00:00,1.61592
327,24.08.2010 23:00:00,1.56657
328,25.08.2010 00:00:00,1.58855,3.551
329,25.08.2010 01:00:00,1.24378
330,25.08.2010 02:00:00,1.18251
331,25.08.2010 03:00:00,1.30204
332,25.08.2010 04:00:00,1.27796
333,25.08.2010 05:00:00,1.47928
334,25.08.2010 06:00:00,1.45825,3.547
335,25.08.2010 07:00:00,1.4699
336,25.08.2010 08:00:00,1.4642
337,25.08.2010 09:00:00,1.58803
338,25.08.2010 10:00:00,1.61019
339,25.08.2010 11:00:00,1.47102
340,25.08.2010 12:00:00,1.42595,3.547
341,25.08.2010 13:00:00,1.46035
342,25.08.2010 14:00:00,1.44832
343,25.08.2010 15:00:00,1.47659
344,25.08.2010 16:00:00,1.40423
345,25.08.2010 17:00:00,1.30085
346,25.08.2010 18:00:00,1.21879,3.544
347,25.08.2010 19:00:00,1.04358
348,25.08.2010 20:00:00,0.893273
349,25.08.2010 21:00:00,1.1022
350,25.08.2010 22:00:00,1.23066
351,25.08.2010 23:00:00,1.22108
352,26.08.2010 00:00:00,1.24628,3.543
353,26.08.2010 01:00:00,1.27659
354,26.08.2010 02:00:00,1.19878
355,26.08.2010 03:00:00,1.0938
356,26.08.2010 04:00:00,1.13961
357,26.08.2010 05:00:00,1.11206
358,26.08.2010 06:00:00,1.0621,3.541
359,26.08.2010 07:00:00,0.995531
360,26.08.2010 08:00:00,0.869631
361,26.08.2010 09:00:00,0.922665
362,26.08.2010 10:00:00,0.983685
363,26.08.2010 11:00:00,1.00965
364,26.08.2010 12:00:00,1.05007,3.540
365,26.08.2010 13:00:00,1.05655
366,26.08.2010 14:00:00,1.18574
367,26.08.2010 15:00:00,1.40665
368,26.08.2010 16:00:00,1.42073
369,26.08.2010 17:00:00,1.35351
370,26.08.2010 18:00:00,1.2804,3.544
371,26.08.2010 19:00:00,1.20637
372,26.08.2010 20:00:00,1.28958
373,26.08.2010 21:00:00,1.26688
374,26.08.2010 22:00:00,1.25238
375,26.08.2010 23:00:00,1.24668
376,27.08.2010 00:00:00,1.27417,3.542
377,27.08.2010 01:00:00,1.31137
378,27.08.2010 02:00:00,1.30869
379,27.08.2010 03:00:00,1.2866
380,27.08.2010 04:00:00,1.29154
381,27.08.2010 05:00:00,1.17717
382,27.08.2010 06:00:00,1.14476,3.538
383,27.08.2010 07:00:00,1.12758
384,27.08.2010 08:00:00,1.12377
385,27.08.2010 09:00:00,1.07529
386,27.08.2010 10:00:00,1.15119
387,27.08.2010 11:00:00,1.2558
388,27.08.2010 12:00:00,1.3612,3.541
389,27.08.2010 13:00:00,1.45039
390,27.08.2010 14:00:00,1.53383
391,27.08.2010 15:00:00,1.76528
392,27.08.2010 16:00:00,1.47124
393,27.08.2010 17:00:00,0.702982
394,27.08.2010 18:00:00,0.882023,3.538
395,27.08.2010 19:00:00,0.848093
396,27.08.2010 20:00:00,0.791681
397,27.08.2010 21:00:00,0.683582
398,27.08.2010 22:00:00,0.482138
399,27.08.2010 23:00:00,0.732156
400,28.08.2010 00:00:00,0.60731,3.538
401,28.08.2010 01:00:00,0.488268
402,28.08.2010 02:00:00,0.397969
403,28.08.2010 03:00:00,0.222797
404,28.08.2010 04:00:00,0.110907
405,28.08.2010 05:00:00,-0.0519114
406,28.08.2010 06:00:00,-0.259172,3.531
407,28.08.2010 07:00:00,-0.475049
408,28.08.2010 08:00:00,-0.305561
409,28.08.2010 09:00:00,-0.260117
410,28.08.2010 10:00:00,-0.148918
411,28.08.2010 11:00:00,-0.0821705
412,28.08.2010 12:00:00,0.127073,3.534
413,28.08.2010 13:00:00,0.730449
414,28.08.2010 14:00:00,2.90324
415,28.08.2010 15:00:00,3.96147
416,28.08.2010 16:00:00,5.56809
417,28.08.2010 17:00:00,5.46964
418,28.08.2010 18:00:00,4.05856,3.562
419,28.08.2010 19:00:00,3.45769
420,28.08.2010 20:00:00,2.85797
421,28.08.2010 21:00:00,2.27881
422,28.08.2010 22:00:00,1.77145
423,28.08.2010 23:00:00,1.92353
424,29.08.2010 00:00:00,1.82862,3.543
425,29.08.2010 01:00:00,1.60043
426,29.08.2010 02:00:00,1.39806
427,29.08.2010 03:00:00,1.23768
428,29.08.2010 04:00:00,0.976245
429,29.08.2010 05:00:00,0.879737
430,29.08.2010 06:00:00,0.721289,3.532
431,29.08.2010 07:00:00,0.477383
432,29.08.2010 08:00:00,0.50142
433,29.08.2010 09:00:00,0.57378
434,29.08.2010 10:00:00,0.780963
435,29.08.2010 11:00:00,1.29498
436,29.08.2010 12:00:00,1.9803,3.537
437,29.08.2010 13:00:00,3.18853
438,29.08.2010 14:00:00,6.46308
439,29.08.2010 15:00:00,7.33116
440,29.08.2010 16:00:00,9.4945
441,29.08.2010 17:00:00,7.98773
442,29.08.2010 18:00:00,5.35347,3.565
443,29.08.2010 19:00:00,4.43152
444,29.08.2010 20:00:00,3.84317
445,29.08.2010 21:00:00,3.95091
446,29.08.2010 22:00:00,3.58112
447,29.08.2010 23:00:00,3.27564
448,30.08.2010 00:00:00,3.13113,3.545
449,30.08.2010 01:00:00,2.91241
450,30.08.2010 02:00:00,2.61579
451,30.08.2010 03:00:00,2.46172
452,30.08.2010 04:00:00,2.26249
453,30.08.2010 05:00:00,2.05252
454,30.08.2010 06:00:00,1.75771,3.533
455,30.08.2010 07:00:00,1.64474
456,30.08.2010 08:00:00,1.72365
457,30.08.2010 09:00:00,2.04459
458,30.08.2010 10:00:00,2.33187
459,30.08.2010 11:00:00,2.52574
460,30.08.2010 12:00:00,2.34432,3.539
461,30.08.2010 13:00:00,2.04556
462,30.08.2010 14:00:00,2.09235
463,30.08.2010 15:00:00,1.9246
464,30.08.2010 16:00:00,1.79611
465,30.08.2010 17:00:00,2.08206
466,30.08.2010 18:00:00,2.12336,3.534
467,30.08.2010 19:00:00,2.02544
468,30.08.2010 20:00:00,1.89859
469,30.08.2010 21:00:00,1.68181
470,30.08.2010 22:00:00,1.62929
471,30.08.2010 23:00:00,1.33087
472,31.08.2010 00:00:00,1.30184,3.529
473,31.08.2010 01:00:00,1.22334
474,31.08.2010 02:00:00,1.06664
475,31.08.2010 03:00:00,0.895543
476,31.08.2010 04:00:00,0.720924
477,31.08.2010 05:00:00,0.749915
478,31.08.2010 06:00:00,0.695576,3.525
479,31.08.2010 07:00:00,0.501602
480,31.08.2010 08:00:00,0.323526
481,31.08.2010 09:00:00,0.33933
482,31.08.2010 10:00:00,0.590198
483,31.08.2010 11:00:00,1.05486
484,31.08.2010 12:00:00,2.13896,3.533
485,31.08.2010 13:00:00,2.74587
486,31.08.2010 14:00:00,3.2762
487,31.08.2010 15:00:00,3.89434
488,31.08.2010 16:00:00,4.30879
489,31.08.2010 17:00:00,4.56255
490,31.08.2010 18:00:00,4.01186,3.553
491,31.08.2010 19:00:00,3.69746
492,31.08.2010 20:00:00,3.55736
493,31.08.2010 21:00:00,3.20993
494,31.08.2010 22:00:00,2.87067
495,31.08.2010 23:00:00,2.5742
496,01.09.2010 00:00:00,2.35257,3.540
497,01.09.2010 01:00:00,2.21218
498,01.09.2010 02:00:00,1.91966
499,01.09.2010 03:00:00,1.68368
500,01.09.2010 04:00:00,1.46264
501,01.09.2010 05:00:00,1.25944
502,01.09.2010 06:00:00,1.14223,3.528
503,01.09.2010 07:00:00,1.02284
504,01.09.2010 08:00:00,0.969734
505,01.09.2010 09:00:00,1.17643
506,01.09.2010 10:00:00,1.85557
507,01.09.2010 11:00:00,2.77768
508,01.09.2010 12:00:00,3.62542,3.542
509,01.09.2010 13:00:00,4.79119
510,01.09.2010 14:00:00,7.3478
511,01.09.2010 15:00:00,7.16266
512,01.09.2010 16:00:00,6.52934
513,01.09.2010 17:00:00,6.65998
514,01.09.2010 18:00:00,6.16381,3.572
515,01.09.2010 19:00:00,5.7689
516,01.09.2010 20:00:00,5.03892
517,01.09.2010 21:00:00,4.34705
518,01.09.2010 22:00:00,3.98165
519,01.09.2010 23:00:00,3.63932
520,02.09.2010 00:00:00,3.7175,3.550
521,02.09.2010 01:00:00,3.44993
522,02.09.2010 02:00:00,3.22117
523,02.09.2010 03:00:00,3.02156
524,02.09.2010 04:00:00,2.83859
525,02.09.2010 05:00:00,2.53895
526,02.09.2010 06:00:00,2.47902,3.540
527,02.09.2010 07:00:00,2.19789
528,02.09.2010 08:00:00,2.14738
529,02.09.2010 09:00:00,2.33715
530,02.09.2010 10:00:00,2.97125
531,02.09.2010 11:00:00,3.49724
532,02.09.2010 12:00:00,4.19643,3.550
533,02.09.2010 13:00:00,4.16047
534,02.09.2010 14:00:00,4.66091
535,02.09.2010 15:00:00,1.43533
536,02.09.2010 16:00:00,2.77337
537,02.09.2010 17:00:00,3.47046
538,02.09.2010 18:00:00,3.53935,3.549
539,02.09.2010 19:00:00,2.80976
540,02.09.2010 20:00:00,2.13047
541,02.09.2010 21:00:00,1.94617
542,02.09.2010 22:00:00,1.93858
543,02.09.2010 23:00:00,2.01586
544,03.09.2010 00:00:00,2.18752,3.537
545,03.09.2010 01:00:00,1.95744
546,03.09.2010 02:00:00,1.83643
547,03.09.2010 03:00:00,1.8175
548,03.09.2010 04:00:00,1.77508
549,03.09.2010 05:00:00,1.10805
550,03.09.2010 06:00:00,1.13842,3.527
551,03.09.2010 07:00:00,1.17681
552,03.09.2010 08:00:00,1.28958
553,03.09.2010 09:00:00,1.2443
554,03.09.2010 10:00:00,1.7478
555,03.09.2010 11:00:00,2.50329
556,03.09.2010 12:00:00,2.72102,3.539
557,03.09.2010 13:00:00,3.28605
558,03.09.2010 14:00:00,6.76343
559,03.09.2010 15:00:00,6.41976
560,03.09.2010 16:00:00,7.12413
561,03.09.2010 17:00:00,7.16923
562,03.09.2010 18:00:00,5.53405,3.567
563,03.09.2010 19:00:00,4.57819
564,03.09.2010 20:00:00,3.79712
565,03.09.2010 21:00:00,3.39518
566,03.09.2010 22:00:00,2.86198
567,03.09.2010 23:00:00,1.9861
568,04.09.2010 00:00:00,1.82073,3.538
569,04.09.2010 01:00:00,1.43301
570,04.09.2010 02:00:00,1.40933
571,04.09.2010 03:00:00,1.13366
572,04.09.2010 04:00:00,1.1695
573,04.09.2010 05:00:00,0.965129
574,04.09.2010 06:00:00,0.503673,3.525
575,04.09.2010 07:00:00,0.112977
576,04.09.2010 08:00:00,0.0962315
577,04.09.2010 09:00:00,0.242789
578,04.09.2010 10:00:00,0.517372
579,04.09.2010 11:00:00,1.04948
580,04.09.2010 12:00:00,2.0625,3.532
581,04.09.2010 13:00:00,4.27244
582,04.09.2010 14:00:00,7.86504
583,04.09.2010 15:00:00,8.46326
584,04.09.2010 16:00:00,9.21342
585,04.09.2010 17:00:00,9.17252
586,04.09.2010 18:00:00,7.18512,3.581
587,04.09.2010 19:00:00,5.7994
588,04.09.2010 20:00:00,4.74254
589,04.09.2010 21:00:00,3.98898
590,04.09.2010 22:00:00,3.48065
591,04.09.2010 23:00:00,3.09834
592,05.09.2010 00:00:00,2.56273,3.547
593,05.09.2010 01:00:00,2.56389
594,05.09.2010 02:00:00,1.92194
595,05.09.2010 03:00:00,1.50115
596,05.09.2010 04:00:00,1.72579
597,05.09.2010 05:00:00,1.46188
598,05.09.2010 06:00:00,1.21477,3.532
599,05.09.2010 07:00:00,1.02085
600,05.09.2010 08:00:00,0.851656
601,05.09.2010 09:00:00,0.924337
602,05.09.2010 10:00:00,1.06058
603,05.09.2010 11:00:00,1.66094
604,05.09.2010 12:00:00,2.44426,3.540
605,05.09.2010 13:00:00,3.99165
606,05.09.2010 14:00:00,9.27082
607,05.09.2010 15:00:00,9.68657
608,05.09.2010 16:00:00,11.1086
609,05.09.2010 17:00:00,10.2108
610,05.09.2010 18:00:00,7.71515,3.587
611,05.09.2010 19:00:00,6.27118
612,05.09.2010 20:00:00,5.38433
613,05.09.2010 21:00:00,4.79932
614,05.09.2010 22:00:00,4.34316
615,05.09.2010 23:00:00,4.10139
616,06.09.2010 00:00:00,3.68588,3.559
617,06.09.2010 01:00:00,3.4645
618,06.09.2010 02:00:00,3.14539
619,06.09.2010 03:00:00,2.93232
620,06.09.2010 04:00:00,2.73329
621,06.09.2010 05:00:00,2.4464
622,06.09.2010 06:00:00,1.85578,3.542
623,06.09.2010 07:00:00,1.80963
624,06.09.2010 08:00:00,1.71618
625,06.09.2010 09:00:00,1.77945
626,06.09.2010 10:00:00,2.0922
627,06.09.2010 11:00:00,2.63839
628,06.09.2010 12:00:00,3.57959,3.548
629,06.09.2010 13:00:00,5.44746
630,06.09.2010 14:00:00,9.25278
631,06.09.2010 15:00:00,9.98802
632,06.09.2010 16:00:00,10.2989
633,06.09.2010 17:00:00,10.219
634,06.09.2010 18:00:00,7.90911,3.588
635,06.09.2010 19:00:00,6.29966
636,06.09.2010 20:00:00,5.22009
637,06.09.2010 21:00:00,4.82761
638,06.09.2010 22:00:00,4.57264
639,06.09.2010 23:00:00,4.44914
640,07.09.2010 00:00:00,4.26514,3.563
641,07.09.2010 01:00:00,3.99379
642,07.09.2010 02:00:00,3.42761
643,07.09.2010 03:00:00,3.16036
644,07.09.2010 04:00:00,3.22804
645,07.09.2010 05:00:00,2.74828
646,07.09.2010 06:00:00,2.61649,3.551
647,07.09.2010 07:00:00,2.80616
648,07.09.2010 08:00:00,2.72011
649,07.09.2010 09:00:00,2.82786
650,07.09.2010 10:00:00,3.13589
651,07.09.2010 11:00:00,3.50496
652,07.09.2010 12:00:00,4.28713,3.556
653,07.09.2010 13:00:00,5.44639
654,07.09.2010 14:00:00,8.53025
655,07.09.2010 15:00:00,9.95205
656,07.09.2010 16:00:00,8.59276
657,07.09.2010 17:00:00,7.00902
658,07.09.2010 18:00:00,5.26267,3.571
659,07.09.2010 19:00:00,3.50601
660,07.09.2010 20:00:00,3.25491
661,07.09.2010 21:00:00,2.93335
662,07.09.2010 22:00:00,3.07087
663,07.09.2010 23:00:00,3.57288
664,08.09.2010 00:00:00,3.46606,3.555
665,08.09.2010 01:00:00,3.43149
666,08.09.2010 02:00:00,3.29021
667,08.09.2010 03:00:00,3.0395
668,08.09.2010 04:00:00,2.91677
669,08.09.2010 05:00:00,2.67807
670,08.09.2010 06:00:00,2.36389,3.545
671,08.09.2010 07:00:00,2.38681
672,08.09.2010 08:00:00,2.34892
673,08.09.2010 09:00:00,2.34932
674,08.09.2010 10:00:00,2.80635
675,08.09.2010 11:00:00,3.11495
676,08.09.2010 12:00:00,3.52905,3.552
677,08.09.2010 13:00:00,4.30153
678,08.09.2010 14:00:00,6.35494
679,08.09.2010 15:00:00,7.20799
680,08.09.2010 16:00:00,6.99321
681,08.09.2010 17:00:00,5.23112
682,08.09.2010 18:00:00,3.94271,3.561
683,08.09.2010 19:00:00,1.88099
684,08.09.2010 20:00:00,2.47753
685,08.09.2010 21:00:00,2.33996
686,08.09.2010 22:00:00,2.31425
687,08.09.2010 23:00:00,2.55871
688,09.09.2010 00:00:00,2.62562,3.545
689,09.09.2010 01:00:00,2.44894
690,09.09.2010 02:00:00,2.43223
691,09.09.2010 03:00:00,2.50506
692,09.09.2010 04:00:00,2.41483
693,09.09.2010 05:00:00,2.33412
694,09.09.2010 06:00:00,2.13834,3.542
695,09.09.2010 07:00:00,2.13664
696,09.09.2010 08:00:00,2.1048
697,09.09.2010 09:00:00,2.20572
698,09.09.2010 10:00:00,2.38632
699,09.09.2010 11:00:00,2.89726
700,09.09.2010 12:00:00,3.32166,3.551
701,09.09.2010 13:00:00,4.1579
702,09.09.2010 14:00:00,4.80879
703,09.09.2010 15:00:00,4.79386
704,09.09.2010 16:00:00,4.99945
705,09.09.2010 17:00:00,5.45965
706,09.09.2010 18:00:00,4.5759,3.567
707,09.09.2010 19:00:00,3.80869
708,09.09.2010 20:00:00,3.56099
709,09.09.2010 21:00:00,3.5453
710,09.09.2010 22:00:00,2.88942
711,09.09.2010 23:00:00,2.28864
712,10.09.2010 00:00:00,2.40808,3.549
713,10.09.2010 01:00:00,2.17711
714,10.09.2010 02:00:00,1.80716
715,10.09.2010 03:00:00,1.65655
716,10.09.2010 04:00:00,1.46682
717,10.09.2010 05:00:00,1.34005
718,10.09.2010 06:00:00,0.923758,3.533
719,10.09.2010 07:00:00,1.30869
720,10.09.2010 08:00:00,1.36484
721,10.09.2010 09:00:00,1.34595
722,10.09.2010 10:00:00,1.67037
723,10.09.2010 11:00:00,1.67632
724,10.09.2010 12:00:00,2.1338,3.541
725,10.09.2010 13:00:00,2.60523
726,10.09.2010 14:00:00,3.27128
727,10.09.2010 15:00:00,3.16805
728,10.09.2010 16:00:00,3.3794
729,10.09.2010 17:00:00,3.61841
730,10.09.2010 18:00:00,3.67411,3.558
731,10.09.2010 19:00:00,3.12594
732,10.09.2010 20:00:00,2.77707
733,10.09.2010 21:00:00,2.54148
734,10.09.2010 22:00:00,2.06925
735,10.09.2010 23:00:00,2.00478
736,11.09.2010 00:00:00,1.69961,3.540
737,11.09.2010 01:00:00,1.46398
738,11.09.2010 02:00:00,1.11975
739,11.09.2010 03:00:00,0.915009
740,11.09.2010 04:00:00,0.680865
741,11.09.2010 05:00:00,0.568263
742,11.09.2010 06:00:00,0.336065,3.527
743,11.09.2010 07:00:00,0.343701
744,11.09.2010 08:00:00,0.449587
745,11.09.2010 09:00:00,0.53601
746,11.09.2010 10:00:00,0.506507
747,11.09.2010 11:00:00,1.27931
748,11.09.2010 12:00:00,2.15727,3.536
749,11.09.2010 13:00:00,3.18268
750,11.09.2010 14:00:00,5.36551
751,11.09.2010 15:00:00,6.43352
752,11.09.2010 16:00:00,7.75442
753,11.09.2010 17:00:00,7.49402
754,11.09.2010 18:00:00,6.16814,3.578
755,11.09.2010 19:00:00,5.04462
756,11.09.2010 20:00:00,4.21515
757,11.09.2010 21:00:00,3.56072
758,11.09.2010 22:00:00,3.14129
759,11.09.2010 23:00:00,2.82268
760,12.09.2010 00:00:00,2.61482,3.549
761,12.09.2010 01:00:00,2.30238
762,12.09.2010 02:00:00,1.90544
763,12.09.2010 03:00:00,1.91319
764,12.09.2010 04:00:00,1.69344
765,12.09.2010 05:00:00,1.36655
766,12.09.2010 06:00:00,1.28613,3.538
767,12.09.2010 07:00:00,1.25391
768,12.09.2010 08:00:00,1.07526
769,12.09.2010 09:00:00,1.04053
770,12.09.2010 10:00:00,1.35503
771,12.09.2010 11:00:00,2.06436
772,12.09.2010 12:00:00,3.00241,3.549
773,12.09.2010 13:00:00,4.04784
774,12.09.2010 14:00:00,5.52708
775,12.09.2010 15:00:00,7.01192
776,12.09.2010 16:00:00,6.91862
777,12.09.2010 17:00:00,5.80031
778,12.09.2010 18:00:00,4.72433,3.567
779,12.09.2010 19:00:00,3.8403
780,12.09.2010 20:00:00,2.82317
781,12.09.2010 21:00:00,2.97496
782,12.09.2010 22:00:00,2.33815
783,12.09.2010 23:00:00,2.0506
784,13.09.2010 00:00:00,2.48529,3.549
785,13.09.2010 01:00:00,0.432773
786,13.09.2010 02:00:00,0.118509
787,13.09.2010 03:00:00,-0.0787592
788,13.09.2010 04:00:00,-0.282177
789,13.09.2010 05:00:00,0.484573
790,13.09.2010 06:00:00,0.548615,3.532
791,13.09.2010 07:00:00,0.587083
792,13.09.2010 08:00:00,0.622137
793,13.09.2010 09:00:00,0.71839
794,13.09.2010 10:00:00,0.0319319
795,13.09.2010 11:00:00,0.325976
796,13.09.2010 12:00:00,0.611668,3.530
797,13.09.2010 13:00:00,1.38103
798,13.09.2010 14:00:00,3.16197
799,13.09.2010 15:00:00,5.28281
800,13.09.2010 16:00:00,5.72087
801,13.09.2010 17:00:00,5.21751
802,13.09.2010 18:00:00,3.54491,3.562
803,13.09.2010 19:00:00,1.83426
804,13.09.2010 20:00:00,1.09774
805,13.09.2010 21:00:00,0.948527
806,13.09.2010 22:00:00,0.455617
807,13.09.2010 23:00:00,0.895725
808,14.09.2010 00:00:00,1.17982,3.538
809,14.09.2010 01:00:00,0.357946
810,14.09.2010 02:00:00,-0.00134373
811,14.09.2010 03:00:00,0.338932
812,14.09.2010 04:00:00,0.111486
813,14.09.2010 05:00:00,-0.278931
814,14.09.2010 06:00:00,-0.540761,3.521
815,14.09.2010 07:00:00,-0.715437
816,14.09.2010 08:00:00,-0.87942
817,14.09.2010 09:00:00,-0.595261
818,14.09.2010 10:00:00,-0.225932
819,14.09.2010 11:00:00,0.254401
820,14.09.2010 12:00:00,0.975814,3.528
821,14.09.2010 13:00:00,1.90976
822,14.09.2010 14:00:00,3.78
823,14.09.2010 15:00:00,5.24547
824,14.09.2010 16:00:00,5.71286
825,14.09.2010 17:00:00,5.6922
826,14.09.2010 18:00:00,5.08025,3.572
827,14.09.2010 19:00:00,3.96742
828,14.09.2010 20:00:00,3.35313
829,14.09.2010 21:00:00,2.87654
830,14.09.2010 22:00:00,2.7531
831,14.09.2010 23:00:00,2.39505
832,15.09.2010 00:00:00,1.95675,3.547
833,15.09.2010 01:00:00,1.59493
834,15.09.2010 02:00:00,1.26267
835,15.09.2010 03:00:00,0.912127
836,15.09.2010 04:00:00,0.602373
837,15.09.2010 05:00:00,0.316452
838,15.09.2010 06:00:00,0.199225,3.527
839,15.09.2010 07:00:00,0.0129013
840,15.09.2010 08:00:00,-0.214521
841,15.09.2010 09:00:00,-0.107463
842,15.09.2010 10:00:00,0.180375
843,15.09.2010 11:00:00,0.851656
844,15.09.2010 12:00:00,1.67024,3.537
845,15.09.2010 13:00:00,3.07572
846,15.09.2010 14:00:00,4.81949
847,15.09.2010 15:00:00,5.92038
848,15.09.2010 16:00:00,6.52481
849,15.09.2010 17:00:00,5.31586
850,15.09.2010 18:00:00,4.31441,3.568
851,15.09.2010 19:00:00,3.46804
852,15.09.2010 20:00:00,2.88041
853,15.09.2010 21:00:00,2.2478
854,15.09.2010 22:00:00,1.93968
855,15.09.2010 23:00:00,1.84079
856,16.09.2010 00:00:00,1.74578,3.543
857,16.09.2010 01:00:00,1.45803
858,16.09.2010 02:00:00,1.04986
859,16.09.2010 03:00:00,0.699902
860,16.09.2010 04:00:00,0.433385
861,16.09.2010 05:00:00,0.229637
862,16.09.2010 06:00:00,0.17216,3.529
863,16.09.2010 07:00:00,-0.0669832
864,16.09.2010 08:00:00,-0.10309
865,16.09.2010 09:00:00,0.0414553
866,16.09.2010 10:00:00,0.467096
867,16.09.2010 11:00:00,0.906395
868,16.09.2010 12:00:00,1.52367,3.537
869,16.09.2010 13:00:00,2.35342
870,16.09.2010 14:00:00,3.35854
871,16.09.2010 15:00:00,3.93711
872,16.09.2010 16:00:00,4.52299
873,16.09.2010 17:00:00,3.96688
874,16.09.2010 18:00:00,3.46026,3.559
875,16.09.2010 19:00:00,3.20939
876,16.09.2010 20:00:00,2.90878
877,16.09.2010 21:00:00,2.5602
878,16.09.2010 22:00:00,2.28819
879,16.09.2010 23:00:00,0.395103
880,17.09.2010 00:00:00,0.084074,3.535
881,17.09.2010 01:00:00,-0.101384
882,17.09.2010 02:00:00,0.923178
883,17.09.2010 03:00:00,0.287498
884,17.09.2010 04:00:00,-0.249103
885,17.09.2010 05:00:00,-0.391449
886,17.09.2010 06:00:00,-0.188105,3.528
887,17.09.2010 07:00:00,0.0344152
888,17.09.2010 08:00:00,0.465754
889,17.09.2010 09:00:00,0.145905
890,17.09.2010 10:00:00,0.194438
891,17.09.2010 11:00:00,0.448609
892,17.09.2010 12:00:00,0.432226,3.530
893,17.09.2010 13:00:00,0.541924
894,17.09.2010 14:00:00,0.642364
895,17.09.2010 15:00:00,0.626709
896,17.09.2010 16:00:00,0.425765
897,17.09.2010 17:00:00,0.404397
898,17.09.2010 18:00:00,0.434511,3.529
899,17.09.2010 19:00:00,0.427471
900,17.09.2010 20:00:00,0.307309
901,17.09.2010 21:00:00,0.29245
902,17.09.2010 22:00:00,0.0931845
903,17.09.2010 23:00:00,0.307508
904,18.09.2010 00:00:00,-0.00591564,3.523
905,18.09.2010 01:00:00,0.189303
906,18.09.2010 02:00:00,0.211203
907,18.09.2010 03:00:00,0.237473
908,18.09.2010 04:00:00,0.278602
909,18.09.2010 05:00:00,0.284085
910,18.09.2010 06:00:00,0.304245,3.526
911,18.09.2010 07:00:00,0.344431
912,18.09.2010 08:00:00,0.380609
913,18.09.2010 09:00:00,0.394126
914,18.09.2010 10:00:00,0.413375
915,18.09.2010 11:00:00,0.4065
916,18.09.2010 12:00:00,0.351139,3.526
917,18.09.2010 13:00:00,0.332652
918,18.09.2010 14:00:00,0.317033
919,18.09.2010 15:00:00,0.363282
920,18.09.2010 16:00:00,0.383475
921,18.09.2010 17:00:00,0.330731
922,18.09.2010 18:00:00,0.339114,3.526
923,18.09.2010 19:00:00,0.395103
924,18.09.2010 20:00:00,0.432226
925,18.09.2010 21:00:00,0.453944
926,18.09.2010 22:00:00,0.45888
927,18.09.2010 23:00:00,0.457025
928,19.09.2010 00:00:00,0.420813,3.527
929,19.09.2010 01:00:00,0.375671
930,19.09.2010 02:00:00,0.358925
931,19.09.2010 03:00:00,0.388627
932,19.09.2010 04:00:00,0.404612
933,19.09.2010 05:00:00,0.388445
934,19.09.2010 06:00:00,0.417914,3.528
935,19.09.2010 07:00:00,0.408058
936,19.09.2010 08:00:00,0.41069
937,19.09.2010 09:00:00,0.391857
938,19.09.2010 10:00:00,0.397357
939,19.09.2010 11:00:00,0.381553
940,19.09.2010 12:00:00,0.37872,3.527
941,19.09.2010 13:00:00,0.352995
942,19.09.2010 14:00:00,0.34766
943,19.09.2010 15:00:00,0.346716
944,19.09.2010 16:00:00,0.342906
945,19.09.2010 17:00:00,0.380426
946,19.09.2010 18:00:00,0.394706,3.527
947,19.09.2010 19:00:00,0.357782
948,19.09.2010 20:00:00,0.368069
949,19.09.2010 21:00:00,0.332836
950,19.09.2010 22:00:00,0.362187
951,19.09.2010 23:00:00,0.373586
952,20.09.2010 00:00:00,0.355861,3.528
953,20.09.2010 01:00:00,0.34766
954,20.09.2010 02:00:00,0.362519
955,20.09.2010 03:00:00,0.345011
956,20.09.2010 04:00:00,0.336065
957,20.09.2010 05:00:00,0.326738
958,20.09.2010 06:00:00,0.298546,3.527
959,20.09.2010 07:00:00,0.256291
960,20.09.2010 08:00:00,0.254004
961,20.09.2010 09:00:00,0.193876
962,20.09.2010 10:00:00,0.195217
963,20.09.2010 11:00:00,0.162089
964,20.09.2010 12:00:00,0.148191,3.525
965,20.09.2010 13:00:00,0.148953
966,20.09.2010 14:00:00,0.159225
967,20.09.2010 15:00:00,0.152946
968,20.09.2010 16:00:00,0.163232
969,20.09.2010 17:00:00,0.204527
970,20.09.2010 18:00:00,0.240306,3.527
971,20.09.2010 19:00:00,0.254219
972,20.09.2010 20:00:00,0.252116
973,20.09.2010 21:00:00,0.254401
974,20.09.2010 22:00:00,0.229853
975,20.09.2010 23:00:00,0.209281
976,21.09.2010 00:00:00,0.180739,3.527
977,21.09.2010 01:00:00,0.155414
978,21.09.2010 02:00:00,0.137542
979,21.09.2010 03:00:00,0.0734234
980,21.09.2010 04:00:00,0.038805
981,21.09.2010 05:00:00,0.010251
982,21.09.2010 06:00:00,-0.0355959,3.524
983,21.09.2010 07:00:00,-0.0664034
984,21.09.2010 08:00:00,-0.11374
985,21.09.2010 09:00:00,-0.176693
986,21.09.2010 10:00:00,-0.167948
987,21.09.2010 11:00:00,-0.215283
988,21.09.2010 12:00:00,-0.17782,3.523
989,21.09.2010 13:00:00,-0.150624
990,21.09.2010 14:00:00,-0.102544
991,21.09.2010 15:00:00,-0.0627766
992,21.09.2010 16:00:00,-0.04984
993,21.09.2010 17:00:00,-0.0319691
994,21.09.2010 18:00:00,-0.0239697,3.523
995,21.09.2010 19:00:00,-0.0196133
996,21.09.2010 20:00:00,-0.0135174
997,21.09.2010 21:00:00,-0.0139151
998,21.09.2010 22:00:00,-0.0108519
999,21.09.2010 23:00:00,-0.0179062
1000,22.09.2010 00:00:00,-0.0378485,3.523
1001,22.09.2010 01:00:00,-0.033493
1002,22.09.2010 02:00:00,-0.0462456
1003,22.09.2010 03:00:00,-0.0557537
1004,22.09.2010 04:00:00,-0.0682917
1005,22.09.2010 05:00:00,-0.0721016
1006,22.09.2010 06:00:00,-0.0878849,3.522
1007,22.09.2010 07:00:00,-0.104431
1008,22.09.2010 08:00:00,-0.189811
1009,22.09.2010 09:00:00,-0.136198
1010,22.09.2010 10:00:00,-0.14549
1011,22.09.2010 11:00:00,-0.151965
1012,22.09.2010 12:00:00,-0.13277,3.522
1013,22.09.2010 13:00:00,-0.112614
1014,22.09.2010 14:00:00,-0.0806465
1015,22.09.2010 15:00:00,-0.0608883
1016,22.09.2010 16:00:00,-0.0270166
1017,22.09.2010 17:00:00,-0.00896263
1018,22.09.2010 18:00:00,-0.00627995,3.526
1019,22.09.2010 19:00:00,-0.0087471
1020,22.09.2010 20:00:00,-0.00439167
1021,22.09.2010 21:00:00,-0.0064621
1022,22.09.2010 22:00:00,0.0207186
1023,22.09.2010 23:00:00,0.0802479
1024,23.09.2010 00:00:00,0.119089,3.524
1025,23.09.2010 01:00:00,0.133152
1026,23.09.2010 02:00:00,0.116621
1027,23.09.2010 03:00:00,0.0806456
1028,23.09.2010 04:00:00,0.0214796
1029,23.09.2010 05:00:00,-0.0241842
1030,23.09.2010 06:00:00,-0.0673475,3.527
1031,23.09.2010 07:00:00,-0.0994959
1032,23.09.2010 08:00:00,-0.132952
1033,23.09.2010 09:00:00,-0.130667
1034,23.09.2010 10:00:00,-0.187889
1035,23.09.2010 11:00:00,-0.164139
1036,23.09.2010 12:00:00,-0.152148,3.525
1037,23.09.2010 13:00:00,-0.147777
1038,23.09.2010 14:00:00,-0.108439
1039,23.09.2010 15:00:00,-0.0823526
1040,23.09.2010 16:00:00,-0.0403509
1041,23.09.2010 17:00:00,-0.0188503
1042,23.09.2010 18:00:00,-0.0108519,3.525
1043,23.09.2010 19:00:00,-0.00609779
1044,23.09.2010 20:00:00,0.00152206
1045,23.09.2010 21:00:00,0.00436974
1046,23.09.2010 22:00:00,0.0201559
1047,23.09.2010 23:00:00,0.0224237
1048,24.09.2010 00:00:00,0.0216627,3.526
1049,24.09.2010 01:00:00,0.0201559
1050,24.09.2010 02:00:00,0.000760078
1051,24.09.2010 03:00:00,-0.0125732
1052,24.09.2010 04:00:00,-0.0395546
1053,24.09.2010 05:00:00,-0.0496578
1054,24.09.2010 06:00:00,-0.0844574,3.526
1055,24.09.2010 07:00:00,-0.0955048
1056,24.09.2010 08:00:00,-0.133533
1057,24.09.2010 09:00:00,-0.138451
1058,24.09.2010 10:00:00,-0.16071
1059,24.09.2010 11:00:00,-0.154798
1060,24.09.2010 12:00:00,-0.167551,3.523
1061,24.09.2010 13:00:00,-0.165845
1062,24.09.2010 14:00:00,-0.127619
1063,24.09.2010 15:00:00,-0.10405
1064,24.09.2010 16:00:00,-0.0774174
1065,24.09.2010 17:00:00,-0.0551739
1066,24.09.2010 18:00:00,-0.0484982,3.524
1067,24.09.2010 19:00:00,-0.037302
1068,24.09.2010 20:00:00,-0.0410795
1069,24.09.2010 21:00:00,-0.0540152
1070,24.09.2010 22:00:00,-0.0664034
1071,24.09.2010 23:00:00,-0.0627766
1072,25.09.2010 00:00:00,-0.070941,3.527
1073,25.09.2010 01:00:00,-0.094162
1074,25.09.2010 02:00:00,-0.0855837
1075,25.09.2010 03:00:00,-0.0892258
1076,25.09.2010 04:00:00,-0.0955048
1077,25.09.2010 05:00:00,-0.0869255
1078,25.09.2010 06:00:00,-0.0924559,3.527
1079,25.09.2010 07:00:00,-0.101782
1080,25.09.2010 08:00:00,-0.0969954
1081,25.09.2010 09:00:00,-0.0932178
1082,25.09.2010 10:00:00,-0.0994959
1083,25.09.2010 11:00:00,-0.0960512
1084,25.09.2010 12:00:00,-0.0686884,3.527
1085,25.09.2010 13:00:00,-0.0690536
1086,25.09.2010 14:00:00,-0.0464277
1087,25.09.2010 15:00:00,-0.0378819
1088,25.09.2010 16:00:00,-0.0283737
1089,25.09.2010 17:00:00,-0.0249138
1090,25.09.2010 18:00:00,-0.0249138,3.527
1091,25.09.2010 19:00:00,-0.0331278
1092,25.09.2010 20:00:00,-0.0266523
1093,25.09.2010 21:00:00,-0.0243664
1094,25.09.2010 22:00:00,-0.0205574
1095,25.09.2010 23:00:00,-0.0256758
1096,26.09.2010 00:00:00,-0.0296831,3.526
1097,26.09.2010 01:00:00,-0.0477695
1098,26.09.2010 02:00:00,-0.0673475
1099,26.09.2010 03:00:00,-0.0863457
1100,26.09.2010 04:00:00,-0.112614
1101,26.09.2010 05:00:00,-0.140554
1102,26.09.2010 06:00:00,-0.176295,3.525
1103,26.09.2010 07:00:00,-0.213181
1104,26.09.2010 08:00:00,-0.249285
1105,26.09.2010 09:00:00,-0.257864
1106,26.09.2010 10:00:00,-0.281796
1107,26.09.2010 11:00:00,-0.277987
1108,26.09.2010 12:00:00,-0.277987,3.522
1109,26.09.2010 13:00:00,-0.258808
1110,26.09.2010 14:00:00,-0.209949
1111,26.09.2010 15:00:00,-0.155411
1112,26.09.2010 16:00:00,-0.11581
1113,26.09.2010 17:00:00,-0.100042
1114,26.09.2010 18:00:00,-0.0873051,3.526
1115,26.09.2010 19:00:00,-0.0964489
1116,26.09.2010 20:00:00,-0.0854015
1117,26.09.2010 21:00:00,-0.0814085
1118,26.09.2010 22:00:00,-0.100224
1119,26.09.2010 23:00:00,-0.112398
1120,27.09.2010 00:00:00,-0.139975,3.525
1121,27.09.2010 01:00:00,-0.210132
1122,27.09.2010 02:00:00,-0.220219
1123,27.09.2010 03:00:00,-0.222505
1124,27.09.2010 04:00:00,-0.233916
1125,27.09.2010 05:00:00,-0.243587
1126,27.09.2010 06:00:00,-0.259388,3.524
1127,27.09.2010 07:00:00,-0.294549
1128,27.09.2010 08:00:00,-0.311458
1129,27.09.2010 09:00:00,-0.334445
1130,27.09.2010 10:00:00,-0.328383
1131,27.09.2010 11:00:00,-0.348903
1132,27.09.2010 12:00:00,-0.32951,3.522
1133,27.09.2010 13:00:00,-0.318861
1134,27.09.2010 14:00:00,-0.270798
1135,27.09.2010 15:00:00,-0.231994
1136,27.09.2010 16:00:00,-0.165663
1137,27.09.2010 17:00:00,-0.169654
1138,27.09.2010 18:00:00,-0.18201,3.527
1139,27.09.2010 19:00:00,-0.160131
1140,27.09.2010 20:00:00,-0.162235
1141,27.09.2010 21:00:00,-0.308973
1142,27.09.2010 22:00:00,-0.275154
1143,27.09.2010 23:00:00,-0.331216
1144,28.09.2010 00:00:00,-0.283518,3.524
1145,28.09.2010 01:00:00,-0.285042
1146,28.09.2010 02:00:00,-0.268695
1147,28.09.2010 03:00:00,-0.255976
1148,28.09.2010 04:00:00,-0.25311
1149,28.09.2010 05:00:00,-0.25899
1150,28.09.2010 06:00:00,-0.269457,3.523
1151,28.09.2010 07:00:00,-0.270401
1152,28.09.2010 08:00:00,-0.272504
1153,28.09.2010 09:00:00,-0.293787
1154,28.09.2010 10:00:00,-0.295095
1155,28.09.2010 11:00:00,-0.30273
1156,28.09.2010 12:00:00,-0.345856,3.523
1157,28.09.2010 13:00:00,-0.365614
1158,28.09.2010 14:00:00,-0.31222
1159,28.09.2010 15:00:00,-0.222687
1160,28.09.2010 16:00:00,-0.187343
1161,28.09.2010 17:00:00,-0.186001
1162,28.09.2010 18:00:00,-0.151783,3.527
1163,28.09.2010 19:00:00,-0.145705
1164,28.09.2010 20:00:00,-0.162053
1165,28.09.2010 21:00:00,-0.167551
1166,28.09.2010 22:00:00,-0.230685
1167,28.09.2010 23:00:00,-0.247976
1168,29.09.2010 00:00:00,-0.220584,3.524
1169,29.09.2010 01:00:00,-0.228217
1170,29.09.2010 02:00:00,-0.309338
1171,29.09.2010 03:00:00,-0.336333
1172,29.09.2010 04:00:00,-0.366558
1173,29.09.2010 05:00:00,-0.342228
1174,29.09.2010 06:00:00,-0.415214,3.524
1175,29.09.2010 07:00:00,-0.410081
1176,29.09.2010 08:00:00,-0.413111
1177,29.09.2010 09:00:00,-0.445024
1178,29.09.2010 10:00:00,-0.43686
1179,29.09.2010 11:00:00,-0.473327
1180,29.09.2010 12:00:00,-0.517014,3.522
1181,29.09.2010 13:00:00,-0.505057
1182,29.09.2010 14:00:00,-0.483397
1183,29.09.2010 15:00:00,-0.427171
1184,29.09.2010 16:00:00,-0.343388
1185,29.09.2010 17:00:00,-0.277042
1186,29.09.2010 18:00:00,-0.238652,3.526
1187,29.09.2010 19:00:00,-0.175351
1188,29.09.2010 20:00:00,-0.163179
1189,29.09.2010 21:00:00,-0.174772
1190,29.09.2010 22:00:00,-0.169257
1191,29.09.2010 23:00:00,-0.181066
1192,30.09.2010 00:00:00,-0.192643,3.525
1193,30.09.2010 01:00:00,-0.274392
1194,30.09.2010 02:00:00,-0.311078
1195,30.09.2010 03:00:00,-0.341484
1196,30.09.2010 04:00:00,-0.366558
1197,30.09.2010 05:00:00,-0.422601
1198,30.09.2010 06:00:00,-0.46137,3.525
1199,30.09.2010 07:00:00,-0.491378
1200,30.09.2010 08:00:00,-0.562407
1201,30.09.2010 09:00:00,-0.611407
1202,30.09.2010 10:00:00,-0.707471
1203,30.09.2010 11:00:00,-0.686589
1204,30.09.2010 12:00:00,-0.647095,3.523
1205,30.09.2010 13:00:00,-0.601157
1206,30.09.2010 14:00:00,-0.538278
1207,30.09.2010 15:00:00,-0.463457
1208,30.09.2010 16:00:00,-0.390688
1209,30.09.2010 17:00:00,-0.326644
1210,30.09.2010 18:00:00,-0.293389,3.524
1211,30.09.2010 19:00:00,-0.248523
1212,30.09.2010 20:00:00,-0.220766
1213,30.09.2010 21:00:00,-0.204634
1214,30.09.2010 22:00:00,-0.228003
1215,30.09.2010 23:00:00,-0.261673
1216,01.10.2010 00:00:00,-0.23105,3.527
1217,01.10.2010 01:00:00,-0.254054
1218,01.10.2010 02:00:00,-0.326462
1219,01.10.2010 03:00:00,-0.353441
1220,01.10.2010 04:00:00,-0.421276
1221,01.10.2010 05:00:00,-0.438748
1222,01.10.2010 06:00:00,-0.454133,3.525
1223,01.10.2010 07:00:00,-0.487205
1224,01.10.2010 08:00:00,-0.514563
1225,01.10.2010 09:00:00,-0.560518
1226,01.10.2010 10:00:00,-0.604949
1227,01.10.2010 11:00:00,-0.6771
1228,01.10.2010 12:00:00,-0.660574,3.522
1229,01.10.2010 13:00:00,-0.593175
1230,01.10.2010 14:00:00,-0.510937
1231,01.10.2010 15:00:00,-0.384428
1232,01.10.2010 16:00:00,-0.329874
1233,01.10.2010 17:00:00,-0.29834
1234,01.10.2010 18:00:00,-0.274972,3.525
1235,01.10.2010 19:00:00,-0.260332
1236,01.10.2010 20:00:00,-0.240175
1237,01.10.2010 21:00:00,-0.23544
1238,01.10.2010 22:00:00,-0.216045
1239,01.10.2010 23:00:00,-0.210132
1240,02.10.2010 00:00:00,-0.197412,3.528
1241,02.10.2010 01:00:00,-0.183898
1242,02.10.2010 02:00:00,-0.189595
1243,02.10.2010 03:00:00,-0.189049
1244,02.10.2010 04:00:00,-0.177638
1245,02.10.2010 05:00:00,-0.17782
1246,02.10.2010 06:00:00,-0.189413,3.527
1247,02.10.2010 07:00:00,-0.190937
1248,02.10.2010 08:00:00,-0.191301
1249,02.10.2010 09:00:00,-0.190755
1250,02.10.2010 10:00:00,-0.201769
1251,02.10.2010 11:00:00,-0.204816
1252,02.10.2010 12:00:00,-0.205396,3.526
1253,02.10.2010 13:00:00,-0.200643
1254,02.10.2010 14:00:00,-0.202928
1255,02.10.2010 15:00:00,-0.188833
1256,02.10.2010 16:00:00,-0.161837
1257,02.10.2010 17:00:00,-0.152545
1258,02.10.2010 18:00:00,-0.14607,3.529
1259,02.10.2010 19:00:00,-0.147379
1260,02.10.2010 20:00:00,-0.137904
1261,02.10.2010 21:00:00,-0.132752
1262,02.10.2010 22:00:00,-0.135618
1263,02.10.2010 23:00:00,-0.136744
1264,03.10.2010 00:00:00,-0.138666,3.529
1265,03.10.2010 01:00:00,-0.150078
1266,03.10.2010 02:00:00,-0.166607
1267,03.10.2010 03:00:00,-0.175534
1268,03.10.2010 04:00:00,-0.217752
1269,03.10.2010 05:00:00,-0.249865
1270,03.10.2010 06:00:00,-0.241335,3.529
1271,03.10.2010 07:00:00,-0.274756
1272,03.10.2010 08:00:00,-0.331977
1273,03.10.2010 09:00:00,-0.317519
1274,03.10.2010 10:00:00,-0.366923
1275,03.10.2010 11:00:00,-0.396385
1276,03.10.2010 12:00:00,-0.400971,3.525
1277,03.10.2010 13:00:00,-0.399812
1278,03.10.2010 14:00:00,-0.403804
1279,03.10.2010 15:00:00,-0.301968
1280,03.10.2010 16:00:00,-0.109384
1281,03.10.2010 17:00:00,-0.094162
1282,03.10.2010 18:00:00,-0.0751648,3.529
1283,03.10.2010 19:00:00,-0.0966311
1284,03.10.2010 20:00:00,-0.175351
1285,03.10.2010 21:00:00,-0.306323
1286,03.10.2010 22:00:00,-0.397329
1287,03.10.2010 23:00:00,-0.282558
1288,04.10.2010 00:00:00,-0.334627,3.527
1289,04.10.2010 01:00:00,-0.28486
1290,04.10.2010 02:00:00,-0.291319
1291,04.10.2010 03:00:00,-0.327224
1292,04.10.2010 04:00:00,-0.345856
1293,04.10.2010 05:00:00,-0.357632
1294,04.10.2010 06:00:00,-0.426029,3.524
1295,04.10.2010 07:00:00,-0.44996
1296,04.10.2010 08:00:00,-0.467813
1297,04.10.2010 09:00:00,-0.496495
1298,04.10.2010 10:00:00,-0.524615
1299,04.10.2010 11:00:00,-0.588041
1300,04.10.2010 12:00:00,-0.600577,3.525
1301,04.10.2010 13:00:00,-0.585391
1302,04.10.2010 14:00:00,-0.408159
1303,04.10.2010 15:00:00,-0.143022
1304,04.10.2010 16:00:00,-0.114502
1305,04.10.2010 17:00:00,-0.0852194
1306,04.10.2010 18:00:00,-0.0814085,3.529
1307,04.10.2010 19:00:00,-0.0671654
1308,04.10.2010 20:00:00,-0.0272141
1309,04.10.2010 21:00:00,-0.0340395
1310,04.10.2010 22:00:00,-0.0715208
1311,04.10.2010 23:00:00,-0.0898056
1312,05.10.2010 00:00:00,-0.103288,3.530
1313,05.10.2010 01:00:00,-0.131611
1314,05.10.2010 02:00:00,-0.1784
1315,05.10.2010 03:00:00,-0.218513
1316,05.10.2010 04:00:00,-0.2495
1317,05.10.2010 05:00:00,-0.33996
1318,05.10.2010 06:00:00,-0.365797,3.526
1319,05.10.2010 07:00:00,-0.423943
1320,05.10.2010 08:00:00,-0.477136
1321,05.10.2010 09:00:00,-0.560319
1322,05.10.2010 10:00:00,-0.591072
1323,05.10.2010 11:00:00,-0.658487
1324,05.10.2010 12:00:00,-0.633797,3.524
1325,05.10.2010 13:00:00,-0.457196
1326,05.10.2010 14:00:00,-0.28958
1327,05.10.2010 15:00:00,-0.275336
1328,05.10.2010 16:00:00,-0.289398
1329,05.10.2010 17:00:00,-0.17136
1330,05.10.2010 18:00:00,-0.132555,3.529
1331,05.10.2010 19:00:00,-0.132008
1332,05.10.2010 20:00:00,-0.169074
1333,05.10.2010 21:00:00,-0.195889
1334,05.10.2010 22:00:00,-0.211108
1335,05.10.2010 23:00:00,-0.267933
1336,06.10.2010 00:00:00,-0.273233,3.527
1337,06.10.2010 01:00:00,-0.25692
1338,06.10.2010 02:00:00,-0.285622
1339,06.10.2010 03:00:00,-0.320965
1340,06.10.2010 04:00:00,-0.362567
1341,06.10.2010 05:00:00,-0.372636
1342,06.10.2010 06:00:00,-0.424505,3.528
1343,06.10.2010 07:00:00,-0.431163
1344,06.10.2010 08:00:00,-0.436662
1345,06.10.2010 09:00:00,-0.515507
1346,06.10.2010 10:00:00,-0.579115
1347,06.10.2010 11:00:00,-0.59642
1348,06.10.2010 12:00:00,-0.551394,3.528
1349,06.10.2010 13:00:00,-0.495171
1350,06.10.2010 14:00:00,-0.482253
1351,06.10.2010 15:00:00,-0.445603
1352,06.10.2010 16:00:00,-0.410627
1353,06.10.2010 17:00:00,-0.365979
1354,06.10.2010 18:00:00,-0.312584,3.527
1355,06.10.2010 19:00:00,-0.281218
1356,06.10.2010 20:00:00,-0.267553
1357,06.10.2010 21:00:00,-0.255579
1358,06.10.2010 22:00:00,-0.281218
1359,06.10.2010 23:00:00,-0.285224
1360,07.10.2010 00:00:00,-0.272504,3.529
1361,07.10.2010 01:00:00,-0.274392
1362,07.10.2010 02:00:00,-0.256522
1363,07.10.2010 03:00:00,-0.267156
1364,07.10.2010 04:00:00,-0.265085
1365,07.10.2010 05:00:00,-0.271742
1366,07.10.2010 06:00:00,-0.290921,3.527
1367,07.10.2010 07:00:00,-0.305379
1368,07.10.2010 08:00:00,-0.32532
1369,07.10.2010 09:00:00,-0.371112
1370,07.10.2010 10:00:00,-0.384808
1371,07.10.2010 11:00:00,-0.414453
1372,07.10.2010 12:00:00,-0.429257,3.527
1373,07.10.2010 13:00:00,-0.397909
1374,07.10.2010 14:00:00,-0.379493
1375,07.10.2010 15:00:00,-0.347197
1376,07.10.2010 16:00:00,-0.315814
1377,07.10.2010 17:00:00,-0.286384
1378,07.10.2010 18:00:00,-0.25692,3.528
1379,07.10.2010 19:00:00,-0.247396
1380,07.10.2010 20:00:00,-0.220402
1381,07.10.2010 21:00:00,-0.20692
1382,07.10.2010 22:00:00,-0.202928
1383,07.10.2010 23:00:00,-0.198936
1384,08.10.2010 00:00:00,-0.198754,3.529
1385,08.10.2010 01:00:00,-0.209949
1386,08.10.2010 02:00:00,-0.208046
1387,08.10.2010 03:00:00,-0.222107
1388,08.10.2010 04:00:00,-0.236567
1389,08.10.2010 05:00:00,-0.249285
1390,08.10.2010 06:00:00,-0.262982,3.529
1391,08.10.2010 07:00:00,-0.281995
1392,08.10.2010 08:00:00,-0.291319
1393,08.10.2010 09:00:00,-0.31222
1394,08.10.2010 10:00:00,-0.330272
1395,08.10.2010 11:00:00,-0.347164
1396,08.10.2010 12:00:00,-0.345094,3.527
1397,08.10.2010 13:00:00,-0.34034
1398,08.10.2010 14:00:00,-0.142443
1399,08.10.2010 15:00:00,-0.0903521
1400,08.10.2010 16:00:00,-0.0964489
1401,08.10.2010 17:00:00,-0.15026
1402,08.10.2010 18:00:00,-0.169836,3.529
1403,08.10.2010 19:00:00,-0.155775
1404,08.10.2010 20:00:00,-0.171542
1405,08.10.2010 21:00:00,-0.158822
1406,08.10.2010 22:00:00,-0.161075
1407,08.10.2010 23:00:00,-0.161472
1408,09.10.2010 00:00:00,-0.157481,3.531
1409,09.10.2010 01:00:00,-0.1784
1410,09.10.2010 02:00:00,-0.175351
1411,09.10.2010 03:00:00,-0.180486
1412,09.10.2010 04:00:00,-0.186366
1413,09.10.2010 05:00:00,-0.204998
1414,09.10.2010 06:00:00,-0.213942,3.529
1415,09.10.2010 07:00:00,-0.234645
1416,09.10.2010 08:00:00,-0.243041
1417,09.10.2010 09:00:00,-0.261094
1418,09.10.2010 10:00:00,-0.271742
1419,09.10.2010 11:00:00,-0.286748
1420,09.10.2010 12:00:00,-0.300626,3.528
1421,09.10.2010 13:00:00,-0.312402
1422,09.10.2010 14:00:00,-0.313346
1423,09.10.2010 15:00:00,-0.149879
1424,09.10.2010 16:00:00,-0.0517616
1425,09.10.2010 17:00:00,-0.0812263
1426,09.10.2010 18:00:00,-0.101384,3.531
1427,09.10.2010 19:00:00,-0.108439
1428,09.10.2010 20:00:00,-0.112978
1429,09.10.2010 21:00:00,-0.129325
1430,09.10.2010 22:00:00,-0.140554
1431,09.10.2010 23:00:00,-0.167004
1432,10.10.2010 00:00:00,-0.188651,3.531
1433,10.10.2010 01:00:00,-0.203872
1434,10.10.2010 02:00:00,-0.217934
1435,10.10.2010 03:00:00,-0.238852
1436,10.10.2010 04:00:00,-0.257102
1437,10.10.2010 05:00:00,-0.271345
1438,10.10.2010 06:00:00,-0.290739,3.528
1439,10.10.2010 07:00:00,-0.308393
1440,10.10.2010 08:00:00,-0.323432
1441,10.10.2010 09:00:00,-0.342808
1442,10.10.2010 10:00:00,-0.370748
1443,10.10.2010 11:00:00,-0.388402
1444,10.10.2010 12:00:00,-0.414055,3.530
1445,10.10.2010 13:00:00,-0.419388
1446,10.10.2010 14:00:00,-0.443699
1447,10.10.2010 15:00:00,-0.455094
1448,10.10.2010 16:00:00,-0.44143
1449,10.10.2010 17:00:00,-0.435154
1450,10.10.2010 18:00:00,-0.425831,3.528
1451,10.10.2010 19:00:00,-0.407033
1452,10.10.2010 20:00:00,-0.399812
1453,10.10.2010 21:00:00,-0.377025
1454,10.10.2010 22:00:00,-0.372272
1455,10.10.2010 23:00:00,-0.373034
1456,11.10.2010 00:00:00,-0.376263,3.529
1457,11.10.2010 01:00:00,-0.383086
1458,11.10.2010 02:00:00,-0.39963
1459,11.10.2010 03:00:00,-0.418626
1460,11.10.2010 04:00:00,-0.45054
1461,11.10.2010 05:00:00,-0.462877
1462,11.10.2010 06:00:00,-0.488529,3.527
1463,11.10.2010 07:00:00,-0.516252
1464,11.10.2010 08:00:00,-0.539817
1465,11.10.2010 09:00:00,-0.565437
1466,11.10.2010 10:00:00,-0.596785
1467,11.10.2010 11:00:00,-0.603607
1468,11.10.2010 12:00:00,-0.628481,3.526
1469,11.10.2010 13:00:00,-0.639129
1470,11.10.2010 14:00:00,-0.658289
1471,11.10.2010 15:00:00,-0.655639
1472,11.10.2010 16:00:00,-0.650339
1473,11.10.2010 17:00:00,-0.641215
1474,11.10.2010 18:00:00,-0.6228,3.526
1475,11.10.2010 19:00:00,-0.60076
1476,11.10.2010 20:00:00,-0.575125
1477,11.10.2010 21:00:00,-0.553479
1478,11.10.2010 22:00:00,-0.530129
1479,11.10.2010 23:00:00,-0.516069
1480,12.10.2010 00:00:00,-0.509032,3.526
1481,12.10.2010 01:00:00,-0.513602
1482,12.10.2010 02:00:00,-0.505422
1483,12.10.2010 03:00:00,-0.516831
1484,12.10.2010 04:00:00,-0.516633
1485,12.10.2010 05:00:00,-0.522147
1486,12.10.2010 06:00:00,-0.533342,3.528
1487,12.10.2010 07:00:00,-0.539999
1488,12.10.2010 08:00:00,-0.55444
1489,12.10.2010 09:00:00,-0.569626
1490,12.10.2010 10:00:00,-0.585955
1491,12.10.2010 11:00:00,-0.603806
1492,12.10.2010 12:00:00,-0.620698,3.527
1493,12.10.2010 13:00:00,-0.629623
1494,12.10.2010 14:00:00,-0.65072
1495,12.10.2010 15:00:00,-0.583487
1496,12.10.2010 16:00:00,-0.386149
1497,12.10.2010 17:00:00,-0.553495
1498,12.10.2010 18:00:00,-0.558414,3.527
1499,12.10.2010 19:00:00,-0.544554
1500,12.10.2010 20:00:00,-0.511697
1501,12.10.2010 21:00:00,-0.495353
1502,12.10.2010 22:00:00,-0.484736
1503,12.10.2010 23:00:00,-0.470295
1504,13.10.2010 00:00:00,-0.465162,3.527
1505,13.10.2010 01:00:00,-0.463838
1506,13.10.2010 02:00:00,-0.471438
1507,13.10.2010 03:00:00,-0.487585
1508,13.10.2010 04:00:00,-0.504676
1509,13.10.2010 05:00:00,-0.522711
1510,13.10.2010 06:00:00,-0.553297,3.526
1511,13.10.2010 07:00:00,-0.593921
1512,13.10.2010 08:00:00,-0.616326
1513,13.10.2010 09:00:00,-0.654496
1514,13.10.2010 10:00:00,-0.679949
1515,13.10.2010 11:00:00,-0.713913
1516,13.10.2010 12:00:00,-0.746004,3.526
1517,13.10.2010 13:00:00,-0.767052
1518,13.10.2010 14:00:00,-0.779008
1519,13.10.2010 15:00:00,-0.769338
1520,13.10.2010 16:00:00,-0.767433
1521,13.10.2010 17:00:00,-0.7441
1522,13.10.2010 18:00:00,-0.729098,3.524
1523,13.10.2010 19:00:00,-0.700632
1524,13.10.2010 20:00:00,-0.668555
1525,13.10.2010 21:00:00,-0.643484
1526,13.10.2010 22:00:00,-0.618049
1527,13.10.2010 23:00:00,-0.603607
1528,14.10.2010 00:00:00,-0.591072,3.526
1529,14.10.2010 01:00:00,-0.590691
1530,14.10.2010 02:00:00,-0.583685
1531,14.10.2010 03:00:00,-0.582924
1532,14.10.2010 04:00:00,-0.586137
1533,14.10.2010 05:00:00,-0.591651
1534,14.10.2010 06:00:00,-0.600379,3.529
1535,14.10.2010 07:00:00,-0.612168
1536,14.10.2010 08:00:00,-0.630005
1537,14.10.2010 09:00:00,-0.662859
1538,14.10.2010 10:00:00,-0.689056
1539,14.10.2010 11:00:00,-0.730059
1540,14.10.2010 12:00:00,-0.754351,3.524
1541,14.10.2010 13:00:00,-0.778644
1542,14.10.2010 14:00:00,-0.780912
1543,14.10.2010 15:00:00,-0.799143
1544,14.10.2010 16:00:00,-0.781673
1545,14.10.2010 17:00:00,-0.772201
1546,14.10.2010 18:00:00,-0.74334,3.524
1547,14.10.2010 19:00:00,-0.72095
1548,14.10.2010 20:00:00,-0.68866
1549,14.10.2010 21:00:00,-0.663239
1550,14.10.2010 22:00:00,-0.637986
1551,14.10.2010 23:00:00,-0.634377
1552,15.10.2010 00:00:00,-0.618429,3.527
1553,15.10.2010 01:00:00,-0.617849
1554,15.10.2010 02:00:00,-0.614438
1555,15.10.2010 03:00:00,-0.613676
1556,15.10.2010 04:00:00,-0.624125
1557,15.10.2010 05:00:00,-0.621278
1558,15.10.2010 06:00:00,-0.62318,3.526
1559,15.10.2010 07:00:00,-0.63628
1560,15.10.2010 08:00:00,-0.638748
1561,15.10.2010 09:00:00,-0.647658
1562,15.10.2010 10:00:00,-0.648221
1563,15.10.2010 11:00:00,-0.656782
1564,15.10.2010 12:00:00,-0.6619,3.525
1565,15.10.2010 13:00:00,-0.662478
1566,15.10.2010 14:00:00,-0.6619
1567,15.10.2010 15:00:00,-0.658289
1568,15.10.2010 16:00:00,-0.644627
1569,15.10.2010 17:00:00,-0.630767
1570,15.10.2010 18:00:00,-0.611589,3.526
1571,15.10.2010 19:00:00,-0.594698
1572,15.10.2010 20:00:00,-0.580059
1573,15.10.2010 21:00:00,-0.56393
1574,15.10.2010 22:00:00,-0.551577
1575,15.10.2010 23:00:00,-0.540197
1576,16.10.2010 00:00:00,-0.542102,3.528
1577,16.10.2010 01:00:00,-0.526519
1578,16.10.2010 02:00:00,-0.540197
1579,16.10.2010 03:00:00,-0.541341
1580,16.10.2010 04:00:00,-0.542665
1581,16.10.2010 05:00:00,-0.554059
1582,16.10.2010 06:00:00,-0.563351,3.527
1583,16.10.2010 07:00:00,-0.575323
1584,16.10.2010 08:00:00,-0.588041
1585,16.10.2010 09:00:00,-0.597729
1586,16.10.2010 10:00:00,-0.617667
1587,16.10.2010 11:00:00,-0.621657
1588,16.10.2010 12:00:00,-0.630385,3.527
1589,16.10.2010 13:00:00,-0.646333
1590,16.10.2010 14:00:00,-0.639311
1591,16.10.2010 15:00:00,-0.646913
1592,16.10.2010 16:00:00,-0.646531
1593,16.10.2010 17:00:00,-0.63893
1594,16.10.2010 18:00:00,-0.63229,3.527
1595,16.10.2010 19:00:00,-0.6228
1596,16.10.2010 20:00:00,-0.604187
1597,16.10.2010 21:00:00,-0.600014
1598,16.10.2010 22:00:00,-0.584828
1599,16.10.2010 23:00:00,-0.577029
1600,17.10.2010 00:00:00,-0.566397,3.527
1601,17.10.2010 01:00:00,-0.561645
1602,17.10.2010 02:00:00,-0.562224
1603,17.10.2010 03:00:00,-0.559557
1604,17.10.2010 04:00:00,-0.547585
1605,17.10.2010 05:00:00,-0.54626
1606,17.10.2010 06:00:00,-0.543411,3.528
1607,17.10.2010 07:00:00,-0.542467
1608,17.10.2010 08:00:00,-0.542848
1609,17.10.2010 09:00:00,-0.532598
1610,17.10.2010 10:00:00,-0.535628
1611,17.10.2010 11:00:00,-0.539817
1612,17.10.2010 12:00:00,-0.540761,3.530
1613,17.10.2010 13:00:00,-0.534684
1614,17.10.2010 14:00:00,-0.539817
1615,17.10.2010 15:00:00,-0.123628
1616,17.10.2010 16:00:00,-0.0348339
1617,17.10.2010 17:00:00,-0.0245495
1618,17.10.2010 18:00:00,-0.0245495,3.532
1619,17.10.2010 19:00:00,-0.0374842
1620,17.10.2010 20:00:00,-0.0338898
1621,17.10.2010 21:00:00,-0.0411129
1622,17.10.2010 22:00:00,-0.0416594
1623,17.10.2010 23:00:00,-0.0488958
1624,18.10.2010 00:00:00,-0.0629911,3.532
1625,18.10.2010 01:00:00,-0.081624
1626,18.10.2010 02:00:00,-0.11374
1627,18.10.2010 03:00:00,-0.160131
1628,18.10.2010 04:00:00,-0.212997
1629,18.10.2010 05:00:00,-0.278963
1630,18.10.2010 06:00:00,-0.334263,3.532
1631,18.10.2010 07:00:00,-0.374342
1632,18.10.2010 08:00:00,-0.403622
1633,18.10.2010 09:00:00,-0.430401
1634,18.10.2010 10:00:00,-0.464781
1635,18.10.2010 11:00:00,-0.493846
1636,18.10.2010 12:00:00,-0.523273,3.528
1637,18.10.2010 13:00:00,-0.18201
1638,18.10.2010 14:00:00,-0.0876875
1639,18.10.2010 15:00:00,-0.0806465
1640,18.10.2010 16:00:00,-0.0865612
1641,18.10.2010 17:00:00,-0.0989161
1642,18.10.2010 18:00:00,-0.105788,3.533
1643,18.10.2010 19:00:00,-0.158822
1644,18.10.2010 20:00:00,-0.193404
1645,18.10.2010 21:00:00,-0.225534
1646,18.10.2010 22:00:00,-0.269457
1647,18.10.2010 23:00:00,-0.301752
1648,19.10.2010 00:00:00,-0.300046,3.531
1649,19.10.2010 01:00:00,-0.312982
1650,19.10.2010 02:00:00,-0.321726
1651,19.10.2010 03:00:00,-0.340523
1652,19.10.2010 04:00:00,-0.359337
1653,19.10.2010 05:00:00,-0.393155
1654,19.10.2010 06:00:00,-0.421094,3.531
1655,19.10.2010 07:00:00,-0.452246
1656,19.10.2010 08:00:00,-0.475032
1657,19.10.2010 09:00:00,-0.50504
1658,19.10.2010 10:00:00,-0.54303
1659,19.10.2010 11:00:00,-0.58405
1660,19.10.2010 12:00:00,-0.615382,3.529
1661,19.10.2010 13:00:00,-0.644246
1662,19.10.2010 14:00:00,-0.670063
1663,19.10.2010 15:00:00,-0.679949
1664,19.10.2010 16:00:00,-0.686954
1665,19.10.2010 17:00:00,-0.682218
1666,19.10.2010 18:00:00,-0.668555,3.527
1667,19.10.2010 19:00:00,-0.6488
1668,19.10.2010 20:00:00,-0.615763
1669,19.10.2010 21:00:00,-0.588605
1670,19.10.2010 22:00:00,-0.56393
1671,19.10.2010 23:00:00,-0.542086
1672,20.10.2010 00:00:00,-0.526701,3.531
1673,20.10.2010 01:00:00,-0.510738
1674,20.10.2010 02:00:00,-0.50297
1675,20.10.2010 03:00:00,-0.502391
1676,20.10.2010 04:00:00,-0.496115
1677,20.10.2010 05:00:00,-0.501247
1678,20.10.2010 06:00:00,-0.501629,3.531
1679,20.10.2010 07:00:00,-0.502009
1680,20.10.2010 08:00:00,-0.51342
1681,20.10.2010 09:00:00,-0.520425
1682,20.10.2010 10:00:00,-0.53316
1683,20.10.2010 11:00:00,-0.539817
1684,20.10.2010 12:00:00,-0.552916,3.529
1685,20.10.2010 13:00:00,-0.562589
1686,20.10.2010 14:00:00,-0.570189
1687,20.10.2010 15:00:00,-0.574363
1688,20.10.2010 16:00:00,-0.570768
1689,20.10.2010 17:00:00,-0.568682
1690,20.10.2010 18:00:00,-0.565056,3.531
1691,20.10.2010 19:00:00,-0.54303
1692,20.10.2010 20:00:00,-0.541523
1693,20.10.2010 21:00:00,-0.525179
1694,20.10.2010 22:00:00,-0.517395
1695,20.10.2010 23:00:00,-0.509214
1696,21.10.2010 00:00:00,-0.510175,3.531
1697,21.10.2010 01:00:00,-0.501827
1698,21.10.2010 02:00:00,-0.508469
1699,21.10.2010 03:00:00,-0.510555
1700,21.10.2010 04:00:00,-0.510937
1701,21.10.2010 05:00:00,-0.513602
1702,21.10.2010 06:00:00,-0.520425,3.530
1703,21.10.2010 07:00:00,-0.528027
1704,21.10.2010 08:00:00,-0.534286
1705,21.10.2010 09:00:00,-0.539435
1706,21.10.2010 10:00:00,-0.554622
1707,21.10.2010 11:00:00,-0.570006
1708,21.10.2010 12:00:00,-0.581218,3.528
1709,21.10.2010 13:00:00,-0.591833
1710,21.10.2010 14:00:00,-0.597347
1711,21.10.2010 15:00:00,-0.600958
1712,21.10.2010 16:00:00,-0.603045
1713,21.10.2010 17:00:00,-0.605877
1714,21.10.2010 18:00:00,-0.599435,3.530
1715,21.10.2010 19:00:00,-0.60076
1716,21.10.2010 20:00:00,-0.58993
1717,21.10.2010 21:00:00,-0.577592
1718,21.10.2010 22:00:00,-0.583487
1719,21.10.2010 23:00:00,-0.595261
1720,22.10.2010 00:00:00,-0.614819,3.531
1721,22.10.2010 01:00:00,-0.646896
1722,22.10.2010 02:00:00,-0.674997
1723,22.10.2010 03:00:00,-0.708415
1724,22.10.2010 04:00:00,-0.755096
1725,22.10.2010 05:00:00,-0.801793
1726,22.10.2010 06:00:00,-0.850939,3.526
1727,22.10.2010 07:00:00,-0.923235
1728,22.10.2010 08:00:00,-0.991704
1729,22.10.2010 09:00:00,-1.05845
1730,22.10.2010 10:00:00,-1.13107
1731,22.10.2010 11:00:00,-1.18324
1732,22.10.2010 12:00:00,-1.26664,3.523
1733,22.10.2010 13:00:00,-1.34277
1734,22.10.2010 14:00:00,-1.40644
1735,22.10.2010 15:00:00,-1.45492
1736,22.10.2010 16:00:00,-1.49076
1737,22.10.2010 17:00:00,-1.51669
1738,22.10.2010 18:00:00,-1.53657,3.520
1739,22.10.2010 19:00:00,-1.5538
1740,22.10.2010 20:00:00,-1.57216
1741,22.10.2010 21:00:00,-1.59526
1742,22.10.2010 22:00:00,-1.62535
1743,22.10.2010 23:00:00,-1.65942
1744,23.10.2010 00:00:00,-1.70429,3.518
1745,23.10.2010 01:00:00,-1.74327
1746,23.10.2010 02:00:00,-1.78454
1747,23.10.2010 03:00:00,-1.8347
1748,23.10.2010 04:00:00,-1.88579
1749,23.10.2010 05:00:00,-1.93631
1750,23.10.2010 06:00:00,-1.98641,3.513
1751,23.10.2010 07:00:00,-2.04013
1752,23.10.2010 08:00:00,-2.09896
1753,23.10.2010 09:00:00,-2.14906
1754,23.10.2010 10:00:00,-2.22066
1755,23.10.2010 11:00:00,-2.28834
1756,23.10.2010 12:00:00,-2.35635,3.508
1757,23.10.2010 13:00:00,-2.41544
1758,23.10.2010 14:00:00,-2.4757
1759,23.10.2010 15:00:00,-2.51517
1760,23.10.2010 16:00:00,-2.53427
1761,23.10.2010 17:00:00,-2.54444
1762,23.10.2010 18:00:00,-2.53861,3.509
1763,23.10.2010 19:00:00,-2.52972
1764,23.10.2010 20:00:00,-2.51218
1765,23.10.2010 21:00:00,-2.49012
1766,23.10.2010 22:00:00,-2.48237
1767,23.10.2010 23:00:00,-2.48537
1768,24.10.2010 00:00:00,-2.49215,3.506
1769,24.10.2010 01:00:00,-2.50857
1770,24.10.2010 02:00:00,-2.53561
1771,24.10.2010 03:00:00,-2.56241
1772,24.10.2010 04:00:00,-2.60928
1773,24.10.2010 05:00:00,-2.64741
1774,24.10.2010 06:00:00,-2.70891,3.506
1775,24.10.2010 07:00:00,-2.75324
1776,24.10.2010 08:00:00,-2.81737
1777,24.10.2010 09:00:00,-2.88251
1778,24.10.2010 10:00:00,-2.93212
1779,24.10.2010 11:00:00,-2.99566
1780,24.10.2010 12:00:00,-3.05899,3.502
1781,24.10.2010 13:00:00,-3.1013
1782,24.10.2010 14:00:00,-3.13761
1783,24.10.2010 15:00:00,-3.14914
1784,24.10.2010 16:00:00,-3.14682
1785,24.10.2010 17:00:00,-3.11903
1786,24.10.2010 18:00:00,-3.07142,3.503
1787,24.10.2010 19:00:00,-3.01966
1788,24.10.2010 20:00:00,-2.97642
1789,24.10.2010 21:00:00,-2.93981
1790,24.10.2010 22:00:00,-2.9119
1791,24.10.2010 23:00:00,-2.8948
1792,25.10.2010 00:00:00,-2.89424,3.501
1793,25.10.2010 01:00:00,-2.90744
1794,25.10.2010 02:00:00,-2.9274
1795,25.10.2010 03:00:00,-2.95188
1796,25.10.2010 04:00:00,-2.97718
1797,25.10.2010 05:00:00,-3.02512
1798,25.10.2010 06:00:00,-3.07329,3.502
1799,25.10.2010 07:00:00,-3.13044
1800,25.10.2010 08:00:00,-3.18156
1801,25.10.2010 09:00:00,-3.23092
1802,25.10.2010 10:00:00,-3.29124
1803,25.10.2010 11:00:00,-3.35058
1804,25.10.2010 12:00:00,-3.41309,3.499
1805,25.10.2010 13:00:00,-3.44891
1806,25.10.2010 14:00:00,-3.48559
1807,25.10.2010 15:00:00,-3.5021
1808,25.10.2010 16:00:00,-3.49064
1809,25.10.2010 17:00:00,-3.44461
1810,25.10.2010 18:00:00,-3.39706,3.498
1811,25.10.2010 19:00:00,-3.31659
1812,25.10.2010 20:00:00,-3.25122
1813,25.10.2010 21:00:00,-3.19567
1814,25.10.2010 22:00:00,-3.14742
1815,25.10.2010 23:00:00,-3.12424
1816,26.10.2010 00:00:00,-3.10787,3.501
1817,26.10.2010 01:00:00,-3.11178
1818,26.10.2010 02:00:00,-3.12543
1819,26.10.2010 03:00:00,-3.15233
1820,26.10.2010 04:00:00,-3.19173
1821,26.10.2010 05:00:00,-3.2338
1822,26.10.2010 06:00:00,-3.28011,3.499
1823,26.10.2010 07:00:00,-3.3382
1824,26.10.2010 08:00:00,-3.39659
1825,26.10.2010 09:00:00,-3.46284
1826,26.10.2010 10:00:00,-3.52989
1827,26.10.2010 11:00:00,-3.59828
1828,26.10.2010 12:00:00,-3.66471,3.497
1829,26.10.2010 13:00:00,-3.72996
1830,26.10.2010 14:00:00,-3.76803
1831,26.10.2010 15:00:00,-3.7876
1832,26.10.2010 16:00:00,-3.78254
1833,26.10.2010 17:00:00,-3.75502
1834,26.10.2010 18:00:00,-3.67813,3.494
1835,26.10.2010 19:00:00,-3.6091
1836,26.10.2010 20:00:00,-3.54161
1837,26.10.2010 21:00:00,-3.47735
1838,26.10.2010 22:00:00,-3.43457
1839,26.10.2010 23:00:00,-3.40953
1840,27.10.2010 00:00:00,-3.39034,3.498
1841,27.10.2010 01:00:00,-3.39332
1842,27.10.2010 02:00:00,-3.3954
1843,27.10.2010 03:00:00,-3.41329
1844,27.10.2010 04:00:00,-3.44473
1845,27.10.2010 05:00:00,-3.4775
1846,27.10.2010 06:00:00,-3.52209,3.497
1847,27.10.2010 07:00:00,-3.57595
1848,27.10.2010 08:00:00,-3.62897
1849,27.10.2010 09:00:00,-3.68271
1850,27.10.2010 10:00:00,-3.73822
1851,27.10.2010 11:00:00,-3.79053
1852,27.10.2010 12:00:00,-3.83247,3.493
1853,27.10.2010 13:00:00,-3.89588
1854,27.10.2010 14:00:00,-3.92648
1855,27.10.2010 15:00:00,-3.91657
1856,27.10.2010 16:00:00,-3.90281
1857,27.10.2010 17:00:00,-3.82644
1858,27.10.2010 18:00:00,-3.76422,3.494
1859,27.10.2010 19:00:00,-3.6772
1860,27.10.2010 20:00:00,-3.60282
1861,27.10.2010 21:00:00,-3.51537
1862,27.10.2010 22:00:00,-3.45439
1863,27.10.2010 23:00:00,-3.41311
1864,28.10.2010 00:00:00,-3.37992,3.498
1865,28.10.2010 01:00:00,-3.37141
1866,28.10.2010 02:00:00,-3.3686
1867,28.10.2010 03:00:00,-3.36898
1868,28.10.2010 04:00:00,-3.38984
1869,28.10.2010 05:00:00,-3.41551
1870,28.10.2010 06:00:00,-3.44486,3.497
1871,28.10.2010 07:00:00,-3.47576
1872,28.10.2010 08:00:00,-3.52641
1873,28.10.2010 09:00:00,-3.57532
1874,28.10.2010 10:00:00,-3.62465
1875,28.10.2010 11:00:00,-3.66439
1876,28.10.2010 12:00:00,-3.69944,3.494
1877,28.10.2010 13:00:00,-3.724
1878,28.10.2010 14:00:00,-3.73089
1879,28.10.2010 15:00:00,-3.71606
1880,28.10.2010 16:00:00,-3.68097
1881,28.10.2010 17:00:00,-3.6343
1882,28.10.2010 18:00:00,-3.56395,3.497
1883,28.10.2010 19:00:00,-3.492
1884,28.10.2010 20:00:00,-3.43301
1885,28.10.2010 21:00:00,-3.38518
1886,28.10.2010 22:00:00,-3.34073
1887,28.10.2010 23:00:00,-3.31641
1888,29.10.2010 00:00:00,-3.30643,3.500
1889,29.10.2010 01:00:00,-3.30521
1890,29.10.2010 02:00:00,-3.31413
1891,29.10.2010 03:00:00,-3.32473
1892,29.10.2010 04:00:00,-3.34694
1893,29.10.2010 05:00:00,-3.35118
1894,29.10.2010 06:00:00,-3.36875,3.497
1895,29.10.2010 07:00:00,-3.37555
1896,29.10.2010 08:00:00,-3.38499
1897,29.10.2010 09:00:00,-3.3929
1898,29.10.2010 10:00:00,-3.40561
1899,29.10.2010 11:00:00,-3.41559
1900,29.10.2010 12:00:00,-3.42345,3.498
1901,29.10.2010 13:00:00,-3.4184
1902,29.10.2010 14:00:00,-3.41063
1903,29.10.2010 15:00:00,-3.39012
1904,29.10.2010 16:00:00,-3.35414
1905,29.10.2010 17:00:00,-3.30114
1906,29.10.2010 18:00:00,-3.249,3.500
1907,29.10.2010 19:00:00,-3.1934
1908,29.10.2010 20:00:00,-3.14668
1909,29.10.2010 21:00:00,-3.10764
1910,29.10.2010 22:00:00,-3.06523
1911,29.10.2010 23:00:00,-3.03299
1912,30.10.2010 00:00:00,-3.01415,3.502
1913,30.10.2010 01:00:00,-3.00963
1914,30.10.2010 02:00:00,-2.98884
1915,30.10.2010 03:00:00,-2.98494
1916,30.10.2010 04:00:00,-2.98022
1917,30.10.2010 05:00:00,-2.9759
1918,30.10.2010 06:00:00,-2.97903,3.503
1919,30.10.2010 07:00:00,-2.991
1920,30.10.2010 08:00:00,-3.00316
1921,30.10.2010 09:00:00,-3.02264
1922,30.10.2010 10:00:00,-3.05052
1923,30.10.2010 11:00:00,-3.08029
1924,30.10.2010 12:00:00,-3.10703,3.503
1925,30.10.2010 13:00:00,-3.12314
1926,30.10.2010 14:00:00,-3.13701
1927,30.10.2010 15:00:00,-3.12139
1928,30.10.2010 16:00:00,-3.08912
1929,30.10.2010 17:00:00,-3.03702
1930,30.10.2010 18:00:00,-2.97921,3.505
1931,30.10.2010 19:00:00,-2.92365
1932,30.10.2010 20:00:00,-2.85551
1933,30.10.2010 21:00:00,-2.79812
1934,30.10.2010 22:00:00,-2.75248
1935,30.10.2010 23:00:00,-2.72061
1936,31.10.2010 00:00:00,-2.69741,3.505
1937,31.10.2010 01:00:00,-2.68536
1938,31.10.2010 02:00:00,-2.67988
1939,31.10.2010 03:00:00,-2.69648
1940,31.10.2010 04:00:00,-2.69987
1941,31.10.2010 05:00:00,-2.72762
1942,31.10.2010 06:00:00,-2.7638,3.505
1943,31.10.2010 07:00:00,-2.79553
1944,31.10.2010 08:00:00,-2.83046
1945,31.10.2010 09:00:00,-2.86683
1946,31.10.2010 10:00:00,-2.90999
1947,31.10.2010 11:00:00,-2.95533
1948,31.10.2010 12:00:00,-2.9885,3.505
1949,31.10.2010 13:00:00,-3.01079
1950,31.10.2010 14:00:00,-3.03344
1951,31.10.2010 15:00:00,-3.02959
1952,31.10.2010 16:00:00,-3.02604
1953,31.10.2010 17:00:00,-2.99998
1954,31.10.2010 18:00:00,-2.98019,3.503
1955,31.10.2010 19:00:00,-2.95168
1956,31.10.2010 20:00:00,-2.91061
1957,31.10.2010 21:00:00,-2.87847
1958,31.10.2010 22:00:00,-2.84679
1959,31.10.2010 23:00:00,-2.82341
1960,01.11.2010 00:00:00,-2.80474,3.505
1961,01.11.2010 01:00:00,-2.79043
1962,01.11.2010 02:00:00,-2.78531
1963,01.11.2010 03:00:00,-2.78005
1964,01.11.2010 04:00:00,-2.7858
1965,01.11.2010 05:00:00,-2.78609
1966,01.11.2010 06:00:00,-2.79816,3.505
1967,01.11.2010 07:00:00,-2.8134
1968,01.11.2010 08:00:00,-2.83119
1969,01.11.2010 09:00:00,-2.85704
1970,01.11.2010 10:00:00,-2.87547
1971,01.11.2010 11:00:00,-2.89381
1972,01.11.2010 12:00:00,-2.91986,3.504
1973,01.11.2010 13:00:00,-2.95524
1974,01.11.2010 14:00:00,-2.97221
1975,01.11.2010 15:00:00,-2.97508
1976,01.11.2010 16:00:00,-2.97451
1977,01.11.2010 17:00:00,-2.95778
1978,01.11.2010 18:00:00,-2.92684,3.503
1979,01.11.2010 19:00:00,-2.89569
1980,01.11.2010 20:00:00,-2.8489
1981,01.11.2010 21:00:00,-2.81514
1982,01.11.2010 22:00:00,-2.7854
1983,01.11.2010 23:00:00,-2.76911
1984,02.11.2010 00:00:00,-2.74798,3.507
1985,02.11.2010 01:00:00,-2.74232
1986,02.11.2010 02:00:00,-2.75098
1987,02.11.2010 03:00:00,-2.77441
1988,02.11.2010 04:00:00,-2.79308
1989,02.11.2010 05:00:00,-2.8199
1990,02.11.2010 06:00:00,-2.84949,3.505
1991,02.11.2010 07:00:00,-2.88752
1992,02.11.2010 08:00:00,-2.92853
1993,02.11.2010 09:00:00,-2.97471
1994,02.11.2010 10:00:00,-3.01941
1995,02.11.2010 11:00:00,-3.07815
1996,02.11.2010 12:00:00,-3.12457,3.502
1997,02.11.2010 13:00:00,-3.16034
1998,02.11.2010 14:00:00,-3.20788
1999,02.11.2010 15:00:00,-3.22128
2000,02.11.2010 16:00:00,-3.21773
2001,02.11.2010 17:00:00,-3.20255
2002,02.11.2010 18:00:00,-3.16359,3.502
2003,02.11.2010 19:00:00,-3.1175
2004,02.11.2010 20:00:00,-3.0595
2005,02.11.2010 21:00:00,-3.00336
2006,02.11.2010 22:00:00,-2.96642
2007,02.11.2010 23:00:00,-2.9374
2008,03.11.2010 00:00:00,-2.92457,3.505
2009,03.11.2010 01:00:00,-2.92358
2010,03.11.2010 02:00:00,-2.90979
2011,03.11.2010 03:00:00,-2.92525
2012,03.11.2010 04:00:00,-2.94923
2013,03.11.2010 05:00:00,-2.96336
2014,03.11.2010 06:00:00,-2.98074,3.505
2015,03.11.2010 07:00:00,-3.01995
2016,03.11.2010 08:00:00,-3.05889
2017,03.11.2010 09:00:00,-3.0949
2018,03.11.2010 10:00:00,-3.13751
2019,03.11.2010 11:00:00,-3.16398
2020,03.11.2010 12:00:00,-3.20014,3.503
2021,03.11.2010 13:00:00,-3.22284
2022,03.11.2010 14:00:00,-3.23331
2023,03.11.2010 15:00:00,-3.22957
2024,03.11.2010 16:00:00,-3.2102
2025,03.11.2010 17:00:00,-3.17166
2026,03.11.2010 18:00:00,-3.11155,3.502
2027,03.11.2010 19:00:00,-3.05199
2028,03.11.2010 20:00:00,-2.96912
2029,03.11.2010 21:00:00,-2.90327
2030,03.11.2010 22:00:00,-2.85868
2031,03.11.2010 23:00:00,-2.81055
2032,04.11.2010 00:00:00,-2.77396,3.506
2033,04.11.2010 01:00:00,-2.73249
2034,04.11.2010 02:00:00,-2.70566
2035,04.11.2010 03:00:00,-2.67458
2036,04.11.2010 04:00:00,-2.66661
2037,04.11.2010 05:00:00,-2.64395
2038,04.11.2010 06:00:00,-2.64301,3.507
2039,04.11.2010 07:00:00,-2.63831
2040,04.11.2010 08:00:00,-2.64021
2041,04.11.2010 09:00:00,-2.6415
2042,04.11.2010 10:00:00,-2.64696
2043,04.11.2010 11:00:00,-2.66004
2044,04.11.2010 12:00:00,-2.67852,3.509
2045,04.11.2010 13:00:00,-2.70101
2046,04.11.2010 14:00:00,-2.72215
2047,04.11.2010 15:00:00,-2.73683
2048,04.11.2010 16:00:00,-2.75339
2049,04.11.2010 17:00:00,-2.75084
2050,04.11.2010 18:00:00,-2.75857,3.508
2051,04.11.2010 19:00:00,-2.77264
2052,04.11.2010 20:00:00,-2.77969
2053,04.11.2010 21:00:00,-2.79321
2054,04.11.2010 22:00:00,-2.82394
2055,04.11.2010 23:00:00,-2.85907
2056,05.11.2010 00:00:00,-2.90208,3.505
2057,05.11.2010 01:00:00,-2.95712
2058,05.11.2010 02:00:00,-3.01059
2059,05.11.2010 03:00:00,-3.08171
2060,05.11.2010 04:00:00,-3.16153
2061,05.11.2010 05:00:00,-3.23846
2062,05.11.2010 06:00:00,-3.31909,3.503
2063,05.11.2010 07:00:00,-3.40657
2064,05.11.2010 08:00:00,-3.50166
2065,05.11.2010 09:00:00,-3.59706
2066,05.11.2010 10:00:00,-3.68099
2067,05.11.2010 11:00:00,-3.77188
2068,05.11.2010 12:00:00,-3.86211,3.495
2069,05.11.2010 13:00:00,-3.9438
2070,05.11.2010 14:00:00,-3.9953
2071,05.11.2010 15:00:00,-4.03578
2072,05.11.2010 16:00:00,-4.05495
2073,05.11.2010 17:00:00,-4.05297
2074,05.11.2010 18:00:00,-4.03143,3.494
2075,05.11.2010 19:00:00,-3.99454
2076,05.11.2010 20:00:00,-3.96688
2077,05.11.2010 21:00:00,-3.94794
2078,05.11.2010 22:00:00,-3.92532
2079,05.11.2010 23:00:00,-3.89833
2080,06.11.2010 00:00:00,-3.89978,3.494
2081,06.11.2010 01:00:00,-3.8993
2082,06.11.2010 02:00:00,-3.90921
2083,06.11.2010 03:00:00,-3.92551
2084,06.11.2010 04:00:00,-3.9401
2085,06.11.2010 05:00:00,-3.96018
2086,06.11.2010 06:00:00,-3.97595,3.494
2087,06.11.2010 07:00:00,-4.00776
2088,06.11.2010 08:00:00,-4.03133
2089,06.11.2010 09:00:00,-4.05366
2090,06.11.2010 10:00:00,-4.07702
2091,06.11.2010 11:00:00,-4.10098
2092,06.11.2010 12:00:00,-4.12283,3.493
2093,06.11.2010 13:00:00,-4.13598
2094,06.11.2010 14:00:00,-4.13704
2095,06.11.2010 15:00:00,-4.12122
2096,06.11.2010 16:00:00,-4.09776
2097,06.11.2010 17:00:00,-4.05069
2098,06.11.2010 18:00:00,-4.00068,3.493
2099,06.11.2010 19:00:00,-3.95113
2100,06.11.2010 20:00:00,-3.88292
2101,06.11.2010 21:00:00,-3.81498
2102,06.11.2010 22:00:00,-3.78662
2103,06.11.2010 23:00:00,-3.75499
2104,07.11.2010 00:00:00,-3.74242,3.495
2105,07.11.2010 01:00:00,-3.7341
2106,07.11.2010 02:00:00,-3.74465
2107,07.11.2010 03:00:00,-3.74935
2108,07.11.2010 04:00:00,-3.7646
2109,07.11.2010 05:00:00,-3.78209
2110,07.11.2010 06:00:00,-3.80108,3.497
2111,07.11.2010 07:00:00,-3.82456
2112,07.11.2010 08:00:00,-3.85726
2113,07.11.2010 09:00:00,-3.90421
2114,07.11.2010 10:00:00,-3.94863
2115,07.11.2010 11:00:00,-3.98174
2116,07.11.2010 12:00:00,-4.03123,3.493
2117,07.11.2010 13:00:00,-4.07211
2118,07.11.2010 14:00:00,-4.10676
2119,07.11.2010 15:00:00,-4.11363
2120,07.11.2010 16:00:00,-4.10614
2121,07.11.2010 17:00:00,-4.07964
2122,07.11.2010 18:00:00,-4.04165,3.491
2123,07.11.2010 19:00:00,-3.99002
2124,07.11.2010 20:00:00,-3.94374
2125,07.11.2010 21:00:00,-3.8883
2126,07.11.2010 22:00:00,-3.84282
2127,07.11.2010 23:00:00,-3.80735
2128,08.11.2010 00:00:00,-3.78815,3.495
2129,08.11.2010 01:00:00,-3.78313
2130,08.11.2010 02:00:00,-3.78717
2131,08.11.2010 03:00:00,-3.78944
2132,08.11.2010 04:00:00,-3.80892
2133,08.11.2010 05:00:00,-3.83855
2134,08.11.2010 06:00:00,-3.88375,3.496
2135,08.11.2010 07:00:00,-3.92814
2136,08.11.2010 08:00:00,-3.96408
2137,08.11.2010 09:00:00,-4.01977
2138,08.11.2010 10:00:00,-4.06903
2139,08.11.2010 11:00:00,-4.1194
2140,08.11.2010 12:00:00,-4.18327,3.490
2141,08.11.2010 13:00:00,-4.2213
2142,08.11.2010 14:00:00,-4.25582
2143,08.11.2010 15:00:00,-4.26705
2144,08.11.2010 16:00:00,-4.25539
2145,08.11.2010 17:00:00,-4.2284
2146,08.11.2010 18:00:00,-4.17272,3.492
2147,08.11.2010 19:00:00,-4.10655
2148,08.11.2010 20:00:00,-4.04217
2149,08.11.2010 21:00:00,-3.98433
2150,08.11.2010 22:00:00,-3.95826
2151,08.11.2010 23:00:00,-3.93583
2152,09.11.2010 00:00:00,-3.91738,3.495
2153,09.11.2010 01:00:00,-3.91209
2154,09.11.2010 02:00:00,-3.90914
2155,09.11.2010 03:00:00,-3.92946
2156,09.11.2010 04:00:00,-3.94453
2157,09.11.2010 05:00:00,-3.96645
2158,09.11.2010 06:00:00,-3.9977,3.494
2159,09.11.2010 07:00:00,-4.03808
2160,09.11.2010 08:00:00,-4.07877
2161,09.11.2010 09:00:00,-4.1236
2162,09.11.2010 10:00:00,-4.18387
2163,09.11.2010 11:00:00,-4.23889
2164,09.11.2010 12:00:00,-4.28145,3.491
2165,09.11.2010 13:00:00,-4.33127
2166,09.11.2010 14:00:00,-4.35775
2167,09.11.2010 15:00:00,-4.36987
2168,09.11.2010 16:00:00,-4.35436
2169,09.11.2010 17:00:00,-4.32219
2170,09.11.2010 18:00:00,-4.25991,3.491
2171,09.11.2010 19:00:00,-4.20133
2172,09.11.2010 20:00:00,-4.12822
2173,09.11.2010 21:00:00,-4.07297
2174,09.11.2010 22:00:00,-4.03696
2175,09.11.2010 23:00:00,-4.00587
2176,10.11.2010 00:00:00,-4.00094,3.493
2177,10.11.2010 01:00:00,-3.99351
2178,10.11.2010 02:00:00,-4.00999
2179,10.11.2010 03:00:00,-4.03492
2180,10.11.2010 04:00:00,-4.06245
2181,10.11.2010 05:00:00,-4.1115
2182,10.11.2010 06:00:00,-4.16542,3.492
2183,10.11.2010 07:00:00,-4.21702
2184,10.11.2010 08:00:00,-4.26881
2185,10.11.2010 09:00:00,-4.33504
2186,10.11.2010 10:00:00,-4.38122
2187,10.11.2010 11:00:00,-4.44839
2188,10.11.2010 12:00:00,-4.51537,3.490
2189,10.11.2010 13:00:00,-4.55662
2190,10.11.2010 14:00:00,-4.58693
2191,10.11.2010 15:00:00,-4.59448
2192,10.11.2010 16:00:00,-4.57862
2193,10.11.2010 17:00:00,-4.54709
2194,10.11.2010 18:00:00,-4.49856,3.488
2195,10.11.2010 19:00:00,-4.44674
2196,10.11.2010 20:00:00,-4.39254
2197,10.11.2010 21:00:00,-4.36586
2198,10.11.2010 22:00:00,-4.3555
2199,10.11.2010 23:00:00,-4.35307
2200,11.11.2010 00:00:00,-4.3686,3.491
2201,11.11.2010 01:00:00,-4.38468
2202,11.11.2010 02:00:00,-4.40989
2203,11.11.2010 03:00:00,-4.44781
2204,11.11.2010 04:00:00,-4.50096
2205,11.11.2010 05:00:00,-4.53568
2206,11.11.2010 06:00:00,-4.60025,3.489
2207,11.11.2010 07:00:00,-4.64697
2208,11.11.2010 08:00:00,-4.70503
2209,11.11.2010 09:00:00,-4.77236
2210,11.11.2010 10:00:00,-4.83365
2211,11.11.2010 11:00:00,-4.91078
2212,11.11.2010 12:00:00,-4.96933,3.483
2213,11.11.2010 13:00:00,-5.03343
2214,11.11.2010 14:00:00,-5.08512
2215,11.11.2010 15:00:00,-5.11114
2216,11.11.2010 16:00:00,-5.10227
2217,11.11.2010 17:00:00,-5.06917
2218,11.11.2010 18:00:00,-5.00745,3.481
2219,11.11.2010 19:00:00,-4.9348
2220,11.11.2010 20:00:00,-4.88477
2221,11.11.2010 21:00:00,-4.83034
2222,11.11.2010 22:00:00,-4.79427
2223,11.11.2010 23:00:00,-4.77209
2224,12.11.2010 00:00:00,-4.77499,3.484
2225,12.11.2010 01:00:00,-4.77656
2226,12.11.2010 02:00:00,-4.78678
2227,12.11.2010 03:00:00,-4.81248
2228,12.11.2010 04:00:00,-4.8402
2229,12.11.2010 05:00:00,-4.88938
2230,12.11.2010 06:00:00,-4.93356,3.483
2231,12.11.2010 07:00:00,-4.99592
2232,12.11.2010 08:00:00,-5.06733
2233,12.11.2010 09:00:00,-5.11965
2234,12.11.2010 10:00:00,-5.1885
2235,12.11.2010 11:00:00,-5.2597
2236,12.11.2010 12:00:00,-5.33193,3.480
2237,12.11.2010 13:00:00,-5.38014
2238,12.11.2010 14:00:00,-5.43102
2239,12.11.2010 15:00:00,-5.45539
2240,12.11.2010 16:00:00,-5.44603
2241,12.11.2010 17:00:00,-5.41356
2242,12.11.2010 18:00:00,-5.36205,3.477
2243,12.11.2010 19:00:00,-5.29876
2244,12.11.2010 20:00:00,-5.23584
2245,12.11.2010 21:00:00,-5.19018
2246,12.11.2010 22:00:00,-5.15948
2247,12.11.2010 23:00:00,-5.13378
2248,13.11.2010 00:00:00,-5.1155,3.482
2249,13.11.2010 01:00:00,-5.13163
2250,13.11.2010 02:00:00,-5.14178
2251,13.11.2010 03:00:00,-5.16902
2252,13.11.2010 04:00:00,-5.19939
2253,13.11.2010 05:00:00,-5.23591
2254,13.11.2010 06:00:00,-5.28162,3.479
2255,13.11.2010 07:00:00,-5.34652
2256,13.11.2010 08:00:00,-5.3928
2257,13.11.2010 09:00:00,-5.45089
2258,13.11.2010 10:00:00,-5.50288
2259,13.11.2010 11:00:00,-5.57129
2260,13.11.2010 12:00:00,-5.62871,3.476
2261,13.11.2010 13:00:00,-5.67026
2262,13.11.2010 14:00:00,-5.6985
2263,13.11.2010 15:00:00,-5.70025
2264,13.11.2010 16:00:00,-5.68734
2265,13.11.2010 17:00:00,-5.64526
2266,13.11.2010 18:00:00,-5.58625,3.473
2267,13.11.2010 19:00:00,-5.52872
2268,13.11.2010 20:00:00,-5.47828
2269,13.11.2010 21:00:00,-5.43685
2270,13.11.2010 22:00:00,-5.418
2271,13.11.2010 23:00:00,-5.41313
2272,14.11.2010 00:00:00,-5.41632,3.478
2273,14.11.2010 01:00:00,-5.42827
2274,14.11.2010 02:00:00,-5.46455
2275,14.11.2010 03:00:00,-5.50655
2276,14.11.2010 04:00:00,-5.56884
2277,14.11.2010 05:00:00,-5.61413
2278,14.11.2010 06:00:00,-5.68956,3.475
2279,14.11.2010 07:00:00,-5.7462
2280,14.11.2010 08:00:00,-5.83142
2281,14.11.2010 09:00:00,-5.88814
2282,14.11.2010 10:00:00,-5.95148
2283,14.11.2010 11:00:00,-6.01282
2284,14.11.2010 12:00:00,-6.05944,3.471
2285,14.11.2010 13:00:00,-6.09875
2286,14.11.2010 14:00:00,-6.12084
2287,14.11.2010 15:00:00,-6.11327
2288,14.11.2010 16:00:00,-6.07508
2289,14.11.2010 17:00:00,-6.0257
2290,14.11.2010 18:00:00,-5.95836,3.470
2291,14.11.2010 19:00:00,-5.88424
2292,14.11.2010 20:00:00,-5.83044
2293,14.11.2010 21:00:00,-5.78076
2294,14.11.2010 22:00:00,-5.73927
2295,14.11.2010 23:00:00,-5.71173
2296,15.11.2010 00:00:00,-5.70459,3.475
2297,15.11.2010 01:00:00,-5.71085
2298,15.11.2010 02:00:00,-5.72204
2299,15.11.2010 03:00:00,-5.74442
2300,15.11.2010 04:00:00,-5.77753
2301,15.11.2010 05:00:00,-5.82856
2302,15.11.2010 06:00:00,-5.87189,3.473
2303,15.11.2010 07:00:00,-5.9094
2304,15.11.2010 08:00:00,-5.95804
2305,15.11.2010 09:00:00,-6.01918
2306,15.11.2010 10:00:00,-6.07529
2307,15.11.2010 11:00:00,-6.13253
2308,15.11.2010 12:00:00,-6.18121,3.467
2309,15.11.2010 13:00:00,-6.22185
2310,15.11.2010 14:00:00,-6.24324
2311,15.11.2010 15:00:00,-6.24954
2312,15.11.2010 16:00:00,-6.21368
2313,15.11.2010 17:00:00,-6.17319
2314,15.11.2010 18:00:00,-6.10391,3.469
2315,15.11.2010 19:00:00,-6.02485
2316,15.11.2010 20:00:00,-5.95938
2317,15.11.2010 21:00:00,-5.89528
2318,15.11.2010 22:00:00,-5.86633
2319,15.11.2010 23:00:00,-5.84226
2320,16.11.2010 00:00:00,-5.82844,3.475
2321,16.11.2010 01:00:00,-5.82412
2322,16.11.2010 02:00:00,-5.83361
2323,16.11.2010 03:00:00,-5.8524
2324,16.11.2010 04:00:00,-5.86835
2325,16.11.2010 05:00:00,-5.89915
2326,16.11.2010 06:00:00,-5.94951,3.470
2327,16.11.2010 07:00:00,-5.99749
2328,16.11.2010 08:00:00,-6.03651
2329,16.11.2010 09:00:00,-6.09054
2330,16.11.2010 10:00:00,-6.14383
2331,16.11.2010 11:00:00,-6.18063
2332,16.11.2010 12:00:00,-6.22213,3.468
2333,16.11.2010 13:00:00,-6.24355
2334,16.11.2010 14:00:00,-6.2524
2335,16.11.2010 15:00:00,-6.22676
2336,16.11.2010 16:00:00,-6.19245
2337,16.11.2010 17:00:00,-6.14403
2338,16.11.2010 18:00:00,-6.0784,3.471
2339,16.11.2010 19:00:00,-6.0066
2340,16.11.2010 20:00:00,-5.93324
2341,16.11.2010 21:00:00,-5.87243
2342,16.11.2010 22:00:00,-5.82489
2343,16.11.2010 23:00:00,-5.78186
2344,17.11.2010 00:00:00,-5.74908,3.473
2345,17.11.2010 01:00:00,-5.72829
2346,17.11.2010 02:00:00,-5.71707
2347,17.11.2010 03:00:00,-5.71384
2348,17.11.2010 04:00:00,-5.71793
2349,17.11.2010 05:00:00,-5.73228
2350,17.11.2010 06:00:00,-5.74663,3.474
2351,17.11.2010 07:00:00,-5.77279
2352,17.11.2010 08:00:00,-5.78997
2353,17.11.2010 09:00:00,-5.81488
2354,17.11.2010 10:00:00,-5.83542
2355,17.11.2010 11:00:00,-5.85681
2356,17.11.2010 12:00:00,-5.87723,3.474
2357,17.11.2010 13:00:00,-5.88842
2358,17.11.2010 14:00:00,-5.88326
2359,17.11.2010 15:00:00,-5.87286
2360,17.11.2010 16:00:00,-5.85893
2361,17.11.2010 17:00:00,-5.81415
2362,17.11.2010 18:00:00,-5.75065,3.473
2363,17.11.2010 19:00:00,-5.69042
2364,17.11.2010 20:00:00,-5.62463
2365,17.11.2010 21:00:00,-5.595
2366,17.11.2010 22:00:00,-5.56895
2367,17.11.2010 23:00:00,-5.55149
2368,18.11.2010 00:00:00,-5.54926,3.475
2369,18.11.2010 01:00:00,-5.55994
2370,18.11.2010 02:00:00,-5.5837
2371,18.11.2010 03:00:00,-5.59739
2372,18.11.2010 04:00:00,-5.62854
2373,18.11.2010 05:00:00,-5.68129
2374,18.11.2010 06:00:00,-5.71131,3.477
2375,18.11.2010 07:00:00,-5.76727
2376,18.11.2010 08:00:00,-5.81715
2377,18.11.2010 09:00:00,-5.86438
2378,18.11.2010 10:00:00,-5.90132
2379,18.11.2010 11:00:00,-5.95446
2380,18.11.2010 12:00:00,-6.00787,3.471
2381,18.11.2010 13:00:00,-6.04439
2382,18.11.2010 14:00:00,-6.07825
2383,18.11.2010 15:00:00,-6.08506
2384,18.11.2010 16:00:00,-6.06341
2385,18.11.2010 17:00:00,-6.01255
2386,18.11.2010 18:00:00,-5.94625,3.473
2387,18.11.2010 19:00:00,-5.87754
2388,18.11.2010 20:00:00,-5.82406
2389,18.11.2010 21:00:00,-5.76898
2390,18.11.2010 22:00:00,-5.72998
2391,18.11.2010 23:00:00,-5.70015
2392,19.11.2010 00:00:00,-5.68969,3.475
2393,19.11.2010 01:00:00,-5.69672
2394,19.11.2010 02:00:00,-5.70877
2395,19.11.2010 03:00:00,-5.72036
2396,19.11.2010 04:00:00,-5.75473
2397,19.11.2010 05:00:00,-5.79489
2398,19.11.2010 06:00:00,-5.83772,3.474
2399,19.11.2010 07:00:00,-5.87963
2400,19.11.2010 08:00:00,-5.92726
2401,19.11.2010 09:00:00,-5.97504
2402,19.11.2010 10:00:00,-6.03418
2403,19.11.2010 11:00:00,-6.08663
2404,19.11.2010 12:00:00,-6.14018,3.470
2405,19.11.2010 13:00:00,-6.15592
2406,19.11.2010 14:00:00,-6.18531
2407,19.11.2010 15:00:00,-6.18716
2408,19.11.2010 16:00:00,-6.1678
2409,19.11.2010 17:00:00,-6.11798
2410,19.11.2010 18:00:00,-6.05521,3.469
2411,19.11.2010 19:00:00,-5.9986
2412,19.11.2010 20:00:00,-5.93133
2413,19.11.2010 21:00:00,-5.88097
2414,19.11.2010 22:00:00,-5.8502
2415,19.11.2010 23:00:00,-5.82604
2416,20.11.2010 00:00:00,-5.80567,3.474
2417,20.11.2010 01:00:00,-5.80233
2418,20.11.2010 02:00:00,-5.79395
2419,20.11.2010 03:00:00,-5.79916
2420,20.11.2010 04:00:00,-5.80891
2421,20.11.2010 05:00:00,-5.8226
2422,20.11.2010 06:00:00,-5.84795,3.474
2423,20.11.2010 07:00:00,-5.85769
2424,20.11.2010 08:00:00,-5.88589
2425,20.11.2010 09:00:00,-5.91011
2426,20.11.2010 10:00:00,-5.94154
2427,20.11.2010 11:00:00,-5.97079
2428,20.11.2010 12:00:00,-6.01063,3.472
2429,20.11.2010 13:00:00,-6.04084
2430,20.11.2010 14:00:00,-6.07146
2431,20.11.2010 15:00:00,-6.09454
2432,20.11.2010 16:00:00,-6.1048
2433,20.11.2010 17:00:00,-6.10156
2434,20.11.2010 18:00:00,-6.09139,3.470
2435,20.11.2010 19:00:00,-6.07379
2436,20.11.2010 20:00:00,-6.06511
2437,20.11.2010 21:00:00,-6.05357
2438,20.11.2010 22:00:00,-6.04079
2439,20.11.2010 23:00:00,-6.0378
2440,21.11.2010 00:00:00,-6.04122,3.471
2441,21.11.2010 01:00:00,-6.03413
2442,21.11.2010 02:00:00,-6.04906
2443,21.11.2010 03:00:00,-6.05433
2444,21.11.2010 04:00:00,-6.06972
2445,21.11.2010 05:00:00,-6.08538
2446,21.11.2010 06:00:00,-6.09997,3.472
2447,21.11.2010 07:00:00,-6.10783
2448,21.11.2010 08:00:00,-6.13249
2449,21.11.2010 09:00:00,-6.15977
2450,21.11.2010 10:00:00,-6.18291
2451,21.11.2010 11:00:00,-6.19227
2452,21.11.2010 12:00:00,-6.20574,3.468
2453,21.11.2010 13:00:00,-6.22573
2454,21.11.2010 14:00:00,-6.22457
2455,21.11.2010 15:00:00,-6.2352
2456,21.11.2010 16:00:00,-6.21381
2457,21.11.2010 17:00:00,-6.19589
2458,21.11.2010 18:00:00,-6.17584,3.469
2459,21.11.2010 19:00:00,-6.14531
2460,21.11.2010 20:00:00,-6.12094
2461,21.11.2010 21:00:00,-6.07218
2462,21.11.2010 22:00:00,-6.03512
2463,21.11.2010 23:00:00,-5.99418
2464,22.11.2010 00:00:00,-5.96213,3.472
2465,22.11.2010 01:00:00,-5.9402
2466,22.11.2010 02:00:00,-5.93131
2467,22.11.2010 03:00:00,-5.91974
2468,22.11.2010 04:00:00,-5.91521
2469,22.11.2010 05:00:00,-5.91889
2470,22.11.2010 06:00:00,-5.93012,3.472
2471,22.11.2010 07:00:00,-5.9445
2472,22.11.2010 08:00:00,-5.95188
2473,22.11.2010 09:00:00,-5.96034
2474,22.11.2010 10:00:00,-5.97259
2475,22.11.2010 11:00:00,-5.97952
2476,22.11.2010 12:00:00,-5.99066,3.471
2477,22.11.2010 13:00:00,-5.99341
2478,22.11.2010 14:00:00,-5.99399
2479,22.11.2010 15:00:00,-5.99456
2480,22.11.2010 16:00:00,-5.98827
2481,22.11.2010 17:00:00,-5.9697
2482,22.11.2010 18:00:00,-5.95505,3.474
2483,22.11.2010 19:00:00,-5.94824
2484,22.11.2010 20:00:00,-5.93625
2485,22.11.2010 21:00:00,-5.93116
2486,22.11.2010 22:00:00,-5.92751
2487,22.11.2010 23:00:00,-5.92344
2488,23.11.2010 00:00:00,-5.93253,3.473
2489,23.11.2010 01:00:00,-5.95553
2490,23.11.2010 02:00:00,-5.97654
2491,23.11.2010 03:00:00,-6.00619
2492,23.11.2010 04:00:00,-6.04438
2493,23.11.2010 05:00:00,-6.08331
2494,23.11.2010 06:00:00,-6.13325,3.469
2495,23.11.2010 07:00:00,-6.1844
2496,23.11.2010 08:00:00,-6.23383
2497,23.11.2010 09:00:00,-6.30459
2498,23.11.2010 10:00:00,-6.35924
2499,23.11.2010 11:00:00,-6.43285
2500,23.11.2010 12:00:00,-6.48083,3.468
2501,23.11.2010 13:00:00,-6.54244
2502,23.11.2010 14:00:00,-6.57838
2503,23.11.2010 15:00:00,-6.60597
2504,23.11.2010 16:00:00,-6.61739
2505,23.11.2010 17:00:00,-6.61311
2506,23.11.2010 18:00:00,-6.59967,3.467
2507,23.11.2010 19:00:00,-6.57904
2508,23.11.2010 20:00:00,-6.5579
2509,23.11.2010 21:00:00,-6.54461
2510,23.11.2010 22:00:00,-6.54709
2511,23.11.2010 23:00:00,-6.54958
2512,24.11.2010 00:00:00,-6.56001,3.464
2513,24.11.2010 01:00:00,-6.57673
2514,24.11.2010 02:00:00,-6.59886
2515,24.11.2010 03:00:00,-6.63445
2516,24.11.2010 04:00:00,-6.67455
2517,24.11.2010 05:00:00,-6.70906
2518,24.11.2010 06:00:00,-6.74851,3.463
2519,24.11.2010 07:00:00,-6.80545
2520,24.11.2010 08:00:00,-6.84844
2521,24.11.2010 09:00:00,-6.8936
2522,24.11.2010 10:00:00,-6.95011
2523,24.11.2010 11:00:00,-7.00146
2524,24.11.2010 12:00:00,-7.05552,3.460
2525,24.11.2010 13:00:00,-7.09695
2526,24.11.2010 14:00:00,-7.1333
2527,24.11.2010 15:00:00,-7.14888
2528,24.11.2010 16:00:00,-7.12999
2529,24.11.2010 17:00:00,-7.09567
2530,24.11.2010 18:00:00,-7.05706,3.459
2531,24.11.2010 19:00:00,-7.00729
2532,24.11.2010 20:00:00,-6.96746
2533,24.11.2010 21:00:00,-6.91461
2534,24.11.2010 22:00:00,-6.88942
2535,24.11.2010 23:00:00,-6.86081
2536,25.11.2010 00:00:00,-6.84471,3.462
2537,25.11.2010 01:00:00,-6.84362
2538,25.11.2010 02:00:00,-6.83732
2539,25.11.2010 03:00:00,-6.83403
2540,25.11.2010 04:00:00,-6.84772
2541,25.11.2010 05:00:00,-6.87021
2542,25.11.2010 06:00:00,-6.89347,3.462
2543,25.11.2010 07:00:00,-6.91518
2544,25.11.2010 08:00:00,-6.95356
2545,25.11.2010 09:00:00,-7.00166
2546,25.11.2010 10:00:00,-7.03865
2547,25.11.2010 11:00:00,-7.08611
2548,25.11.2010 12:00:00,-7.12459,3.459
2549,25.11.2010 13:00:00,-7.14753
2550,25.11.2010 14:00:00,-7.18517
2551,25.11.2010 15:00:00,-7.19557
2552,25.11.2010 16:00:00,-7.18369
2553,25.11.2010 17:00:00,-7.14837
2554,25.11.2010 18:00:00,-7.09783,3.458
2555,25.11.2010 19:00:00,-7.03594
2556,25.11.2010 20:00:00,-6.98697
2557,25.11.2010 21:00:00,-6.93662
2558,25.11.2010 22:00:00,-6.90633
2559,25.11.2010 23:00:00,-6.87891
2560,26.11.2010 00:00:00,-6.86272,3.463
2561,26.11.2010 01:00:00,-6.84274
2562,26.11.2010 02:00:00,-6.83952
2563,26.11.2010 03:00:00,-6.8337
2564,26.11.2010 04:00:00,-6.84041
2565,26.11.2010 05:00:00,-6.84978
2566,26.11.2010 06:00:00,-6.85949,3.462
2567,26.11.2010 07:00:00,-6.87051
2568,26.11.2010 08:00:00,-6.88246
2569,26.11.2010 09:00:00,-6.89636
2570,26.11.2010 10:00:00,-6.8999
2571,26.11.2010 11:00:00,-6.91071
2572,26.11.2010 12:00:00,-6.91851,3.462
2573,26.11.2010 13:00:00,-6.91214
2574,26.11.2010 14:00:00,-6.9057
2575,26.11.2010 15:00:00,-6.89332
2576,26.11.2010 16:00:00,-6.85183
2577,26.11.2010 17:00:00,-6.80757
2578,26.11.2010 18:00:00,-6.76164,3.462
2579,26.11.2010 19:00:00,-6.70109
2580,26.11.2010 20:00:00,-6.65345
2581,26.11.2010 21:00:00,-6.59565
2582,26.11.2010 22:00:00,-6.56392
2583,26.11.2010 23:00:00,-6.54122
2584,27.11.2010 00:00:00,-6.51682,3.467
2585,27.11.2010 01:00:00,-6.50942
2586,27.11.2010 02:00:00,-6.50498
2587,27.11.2010 03:00:00,-6.51662
2588,27.11.2010 04:00:00,-6.51327
2589,27.11.2010 05:00:00,-6.52299
2590,27.11.2010 06:00:00,-6.53945,3.467
2591,27.11.2010 07:00:00,-6.56261
2592,27.11.2010 08:00:00,-6.58547
2593,27.11.2010 09:00:00,-6.62349
2594,27.11.2010 10:00:00,-6.66494
2595,27.11.2010 11:00:00,-6.70653
2596,27.11.2010 12:00:00,-6.7545,3.462
2597,27.11.2010 13:00:00,-6.7976
2598,27.11.2010 14:00:00,-6.83255
2599,27.11.2010 15:00:00,-6.85864
2600,27.11.2010 16:00:00,-6.86218
2601,27.11.2010 17:00:00,-6.85073
2602,27.11.2010 18:00:00,-6.82848,3.463
2603,27.11.2010 19:00:00,-6.80678
2604,27.11.2010 20:00:00,-6.78445
2605,27.11.2010 21:00:00,-6.7821
2606,27.11.2010 22:00:00,-6.77572
2607,27.11.2010 23:00:00,-6.78352
2608,28.11.2010 00:00:00,-6.80688,3.465
2609,28.11.2010 01:00:00,-6.82102
2610,28.11.2010 02:00:00,-6.85806
2611,28.11.2010 03:00:00,-6.90147
2612,28.11.2010 04:00:00,-6.9497
2613,28.11.2010 05:00:00,-7.0005
2614,28.11.2010 06:00:00,-7.04931,3.462
2615,28.11.2010 07:00:00,-7.10876
2616,28.11.2010 08:00:00,-7.17194
2617,28.11.2010 09:00:00,-7.23484
2618,28.11.2010 10:00:00,-7.29056
2619,28.11.2010 11:00:00,-7.35034
2620,28.11.2010 12:00:00,-7.40758,3.458
2621,28.11.2010 13:00:00,-7.45744
2622,28.11.2010 14:00:00,-7.50483
2623,28.11.2010 15:00:00,-7.53897
2624,28.11.2010 16:00:00,-7.54851
2625,28.11.2010 17:00:00,-7.53962
2626,28.11.2010 18:00:00,-7.50356,3.455
2627,28.11.2010 19:00:00,-7.47603
2628,28.11.2010 20:00:00,-7.43865
2629,28.11.2010 21:00:00,-7.41918
2630,28.11.2010 22:00:00,-7.40961
2631,28.11.2010 23:00:00,-7.40942
2632,29.11.2010 00:00:00,-7.41548,3.457
2633,29.11.2010 01:00:00,-7.43964
2634,29.11.2010 02:00:00,-7.45737
2635,29.11.2010 03:00:00,-7.47955
2636,29.11.2010 04:00:00,-7.51235
2637,29.11.2010 05:00:00,-7.5517
2638,29.11.2010 06:00:00,-7.59707,3.453
2639,29.11.2010 07:00:00,-7.64323
2640,29.11.2010 08:00:00,-7.69191
2641,29.11.2010 09:00:00,-7.74787
2642,29.11.2010 10:00:00,-7.80098
2643,29.11.2010 11:00:00,-7.86277
2644,29.11.2010 12:00:00,-7.91791,3.450
2645,29.11.2010 13:00:00,-7.97001
2646,29.11.2010 14:00:00,-7.99682
2647,29.11.2010 15:00:00,-8.01766
2648,29.11.2010 16:00:00,-8.01381
2649,29.11.2010 17:00:00,-7.97877
2650,29.11.2010 18:00:00,-7.93131,3.450
2651,29.11.2010 19:00:00,-7.87099
2652,29.11.2010 20:00:00,-7.80775
2653,29.11.2010 21:00:00,-7.77015
2654,29.11.2010 22:00:00,-7.73635
2655,29.11.2010 23:00:00,-7.71208
2656,30.11.2010 00:00:00,-7.69106,3.452
2657,30.11.2010 01:00:00,-7.67849
2658,30.11.2010 02:00:00,-7.67877
2659,30.11.2010 03:00:00,-7.67426
2660,30.11.2010 04:00:00,-7.67973
2661,30.11.2010 05:00:00,-7.68488
2662,30.11.2010 06:00:00,-7.6941,3.452
2663,30.11.2010 07:00:00,-7.70268
2664,30.11.2010 08:00:00,-7.72353
2665,30.11.2010 09:00:00,-7.74265
2666,30.11.2010 10:00:00,-7.76482
2667,30.11.2010 11:00:00,-7.77753
2668,30.11.2010 12:00:00,-7.79847,3.453
2669,30.11.2010 13:00:00,-7.8271
2670,30.11.2010 14:00:00,-7.83179
2671,30.11.2010 15:00:00,-7.83155
2672,30.11.2010 16:00:00,-7.8122
2673,30.11.2010 17:00:00,-7.78022
2674,30.11.2010 18:00:00,-7.74417,3.452
2675,30.11.2010 19:00:00,-7.69281
2676,30.11.2010 20:00:00,-7.64519
2677,30.11.2010 21:00:00,-7.60753
2678,30.11.2010 22:00:00,-7.57396
2679,30.11.2010 23:00:00,-7.55665
2680,01.12.2010 00:00:00,-7.55305,3.454
2681,01.12.2010 01:00:00,-7.55771
2682,01.12.2010 02:00:00,-7.56533
2683,01.12.2010 03:00:00,-7.59319
2684,01.12.2010 04:00:00,-7.62133
2685,01.12.2010 05:00:00,-7.67475
2686,01.12.2010 06:00:00,-7.72586,3.452
2687,01.12.2010 07:00:00,-7.7776
2688,01.12.2010 08:00:00,-7.83133
2689,01.12.2010 09:00:00,-7.89486
2690,01.12.2010 10:00:00,-7.96398
2691,01.12.2010 11:00:00,-8.03992
2692,01.12.2010 12:00:00,-8.09523,3.451
2693,01.12.2010 13:00:00,-8.15491
2694,01.12.2010 14:00:00,-8.1916
2695,01.12.2010 15:00:00,-8.20659
2696,01.12.2010 16:00:00,-8.19086
2697,01.12.2010 17:00:00,-8.17378
2698,01.12.2010 18:00:00,-8.13543,3.447
2699,01.12.2010 19:00:00,-8.0896
2700,01.12.2010 20:00:00,-8.04614
2701,01.12.2010 21:00:00,-8.00866
2702,01.12.2010 22:00:00,-7.98673
2703,01.12.2010 23:00:00,-7.96775
2704,02.12.2010 00:00:00,-7.96646,3.451
2705,02.12.2010 01:00:00,-7.95254
2706,02.12.2010 02:00:00,-7.96259
2707,02.12.2010 03:00:00,-7.97077
2708,02.12.2010 04:00:00,-7.98557
2709,02.12.2010 05:00:00,-8.00109
2710,02.12.2010 06:00:00,-8.02883,3.450
2711,02.12.2010 07:00:00,-8.06673
2712,02.12.2010 08:00:00,-8.09469
2713,02.12.2010 09:00:00,-8.13257
2714,02.12.2010 10:00:00,-8.17616
2715,02.12.2010 11:00:00,-8.22641
2716,02.12.2010 12:00:00,-8.26834,3.446
2717,02.12.2010 13:00:00,-8.31558
2718,02.12.2010 14:00:00,-8.31407
2719,02.12.2010 15:00:00,-8.31046
2720,02.12.2010 16:00:00,-8.2772
2721,02.12.2010 17:00:00,-8.23409
2722,02.12.2010 18:00:00,-8.16694,3.446
2723,02.12.2010 19:00:00,-8.10534
2724,02.12.2010 20:00:00,-8.05849
2725,02.12.2010 21:00:00,-8.00226
2726,02.12.2010 22:00:00,-7.95671
2727,02.12.2010 23:00:00,-7.91955
2728,03.12.2010 00:00:00,-7.89645,3.451
2729,03.12.2010 01:00:00,-7.87763
2730,03.12.2010 02:00:00,-7.85893
2731,03.12.2010 03:00:00,-7.84823
2732,03.12.2010 04:00:00,-7.84928
2733,03.12.2010 05:00:00,-7.85281
2734,03.12.2010 06:00:00,-7.86672,3.451
2735,03.12.2010 07:00:00,-7.88307
2736,03.12.2010 08:00:00,-7.89359
2737,03.12.2010 09:00:00,-7.91961
2738,03.12.2010 10:00:00,-7.92991
2739,03.12.2010 11:00:00,-7.93442
2740,03.12.2010 12:00:00,-7.9407,3.450
2741,03.12.2010 13:00:00,-7.93123
2742,03.12.2010 14:00:00,-7.92047
2743,03.12.2010 15:00:00,-7.88987
2744,03.12.2010 16:00:00,-7.85527
2745,03.12.2010 17:00:00,-7.81185
2746,03.12.2010 18:00:00,-7.77798,3.452
2747,03.12.2010 19:00:00,-7.73659
2748,03.12.2010 20:00:00,-7.69182
2749,03.12.2010 21:00:00,-7.65393
2750,03.12.2010 22:00:00,-7.611
2751,03.12.2010 23:00:00,-7.58357
2752,04.12.2010 00:00:00,-7.56488,3.454
2753,04.12.2010 01:00:00,-7.54324
2754,04.12.2010 02:00:00,-7.5202
2755,04.12.2010 03:00:00,-7.50384
2756,04.12.2010 04:00:00,-7.50551
2757,04.12.2010 05:00:00,-7.49507
2758,04.12.2010 06:00:00,-7.50078,3.457
2759,04.12.2010 07:00:00,-7.51564
2760,04.12.2010 08:00:00,-7.51661
2761,04.12.2010 09:00:00,-7.52207
2762,04.12.2010 10:00:00,-7.53929
2763,04.12.2010 11:00:00,-7.57338
2764,04.12.2010 12:00:00,-7.59208,3.455
2765,04.12.2010 13:00:00,-7.62906
2766,04.12.2010 14:00:00,-7.65236
2767,04.12.2010 15:00:00,-7.67931
2768,04.12.2010 16:00:00,-7.7001
2769,04.12.2010 17:00:00,-7.70919
2770,04.12.2010 18:00:00,-7.72778,3.452
2771,04.12.2010 19:00:00,-7.74701
2772,04.12.2010 20:00:00,-7.77152
2773,04.12.2010 21:00:00,-7.80514
2774,04.12.2010 22:00:00,-7.85615
2775,04.12.2010 23:00:00,-7.92132
2776,05.12.2010 00:00:00,-7.98711,3.450
2777,05.12.2010 01:00:00,-8.08099
2778,05.12.2010 02:00:00,-8.15012
2779,05.12.2010 03:00:00,-8.24923
2780,05.12.2010 04:00:00,-8.3391
2781,05.12.2010 05:00:00,-8.46899
2782,05.12.2010 06:00:00,-8.55665,3.443
2783,05.12.2010 07:00:00,-8.66243
2784,05.12.2010 08:00:00,-8.78501
2785,05.12.2010 09:00:00,-8.90393
2786,05.12.2010 10:00:00,-9.01537
2787,05.12.2010 11:00:00,-9.13268
2788,05.12.2010 12:00:00,-9.2469,3.435
2789,05.12.2010 13:00:00,-9.34263
2790,05.12.2010 14:00:00,-9.44416
2791,05.12.2010 15:00:00,-9.51068
2792,05.12.2010 16:00:00,-9.57423
2793,05.12.2010 17:00:00,-9.60396
2794,05.12.2010 18:00:00,-9.61851,3.432
2795,05.12.2010 19:00:00,-9.62655
2796,05.12.2010 20:00:00,-9.63363
2797,05.12.2010 21:00:00,-9.66575
2798,05.12.2010 22:00:00,-9.70129
2799,05.12.2010 23:00:00,-9.7527
2800,06.12.2010 00:00:00,-9.81717,3.428
2801,06.12.2010 01:00:00,-9.89398
2802,06.12.2010 02:00:00,-9.96436
2803,06.12.2010 03:00:00,-10.0124
2804,06.12.2010 04:00:00,-10.1116
2805,06.12.2010 05:00:00,-10.1649
2806,06.12.2010 06:00:00,-10.2216,3.423
2807,06.12.2010 07:00:00,-10.3071
2808,06.12.2010 08:00:00,-10.4057
2809,06.12.2010 09:00:00,-10.4793
2810,06.12.2010 10:00:00,-10.5549
2811,06.12.2010 11:00:00,-10.6319
2812,06.12.2010 12:00:00,-10.701,3.418
2813,06.12.2010 13:00:00,-10.7382
2814,06.12.2010 14:00:00,-10.7782
2815,06.12.2010 15:00:00,-10.7855
2816,06.12.2010 16:00:00,-10.78
2817,06.12.2010 17:00:00,-10.7515
2818,06.12.2010 18:00:00,-10.7135,3.417
2819,06.12.2010 19:00:00,-10.6665
2820,06.12.2010 20:00:00,-10.6294
2821,06.12.2010 21:00:00,-10.6144
2822,06.12.2010 22:00:00,-10.5937
2823,06.12.2010 23:00:00,-10.6008
2824,07.12.2010 00:00:00,-10.6058,3.419
2825,07.12.2010 01:00:00,-10.624
2826,07.12.2010 02:00:00,-10.6417
2827,07.12.2010 03:00:00,-10.6603
2828,07.12.2010 04:00:00,-10.686
2829,07.12.2010 05:00:00,-10.716
2830,07.12.2010 06:00:00,-10.7575,3.418
2831,07.12.2010 07:00:00,-10.7713
2832,07.12.2010 08:00:00,-10.7908
2833,07.12.2010 09:00:00,-10.8316
2834,07.12.2010 10:00:00,-10.8672
2835,07.12.2010 11:00:00,-10.9076
2836,07.12.2010 12:00:00,-10.9082,3.417
2837,07.12.2010 13:00:00,-10.896
2838,07.12.2010 14:00:00,-10.8676
2839,07.12.2010 15:00:00,-10.8205
2840,07.12.2010 16:00:00,-10.7754
2841,07.12.2010 17:00:00,-10.7256
2842,07.12.2010 18:00:00,-10.6621,3.419
2843,07.12.2010 19:00:00,-10.6
2844,07.12.2010 20:00:00,-10.545
2845,07.12.2010 21:00:00,-10.4954
2846,07.12.2010 22:00:00,-10.4611
2847,07.12.2010 23:00:00,-10.4148
2848,08.12.2010 00:00:00,-10.3941,3.423
2849,08.12.2010 01:00:00,-10.3709
2850,08.12.2010 02:00:00,-10.3693
2851,08.12.2010 03:00:00,-10.3732
2852,08.12.2010 04:00:00,-10.361
2853,08.12.2010 05:00:00,-10.3741
2854,08.12.2010 06:00:00,-10.3755,3.423
2855,08.12.2010 07:00:00,-10.3712
2856,08.12.2010 08:00:00,-10.3753
2857,08.12.2010 09:00:00,-10.3925
2858,08.12.2010 10:00:00,-10.4095
2859,08.12.2010 11:00:00,-10.4313
2860,08.12.2010 12:00:00,-10.4429,3.422
2861,08.12.2010 13:00:00,-10.4566
2862,08.12.2010 14:00:00,-10.4617
2863,08.12.2010 15:00:00,-10.4449
2864,08.12.2010 16:00:00,-10.4113
2865,08.12.2010 17:00:00,-10.3308
2866,08.12.2010 18:00:00,-10.265,3.422
2867,08.12.2010 19:00:00,-10.2062
2868,08.12.2010 20:00:00,-10.1426
2869,08.12.2010 21:00:00,-10.0866
2870,08.12.2010 22:00:00,-10.048
2871,08.12.2010 23:00:00,-10.0303
2872,09.12.2010 00:00:00,-10.0137,3.426
2873,09.12.2010 01:00:00,-10.0188
2874,09.12.2010 02:00:00,-10.0295
2875,09.12.2010 03:00:00,-10.0435
2876,09.12.2010 04:00:00,-10.0699
2877,09.12.2010 05:00:00,-10.093
2878,09.12.2010 06:00:00,-10.1302,3.427
2879,09.12.2010 07:00:00,-10.1823
2880,09.12.2010 08:00:00,-10.2261
2881,09.12.2010 09:00:00,-10.2717
2882,09.12.2010 10:00:00,-10.3217
2883,09.12.2010 11:00:00,-10.3673
2884,09.12.2010 12:00:00,-10.429,3.421
2885,09.12.2010 13:00:00,-10.4712
2886,09.12.2010 14:00:00,-10.4929
2887,09.12.2010 15:00:00,-10.5012
2888,09.12.2010 16:00:00,-10.489
2889,09.12.2010 17:00:00,-10.4447
2890,09.12.2010 18:00:00,-10.377,3.420
2891,09.12.2010 19:00:00,-10.3134
2892,09.12.2010 20:00:00,-10.2582
2893,09.12.2010 21:00:00,-10.2145
2894,09.12.2010 22:00:00,-10.1875
2895,09.12.2010 23:00:00,-10.1742
2896,10.12.2010 00:00:00,-10.1644,3.426
2897,10.12.2010 01:00:00,-10.1719
2898,10.12.2010 02:00:00,-10.1836
2899,10.12.2010 03:00:00,-10.2139
2900,10.12.2010 04:00:00,-10.2394
2901,10.12.2010 05:00:00,-10.2835
2902,10.12.2010 06:00:00,-10.3268,3.424
2903,10.12.2010 07:00:00,-10.3788
2904,10.12.2010 08:00:00,-10.4354
2905,10.12.2010 09:00:00,-10.4965
2906,10.12.2010 10:00:00,-10.558
2907,10.12.2010 11:00:00,-10.6233
2908,10.12.2010 12:00:00,-10.6834,3.417
2909,10.12.2010 13:00:00,-10.7329
2910,10.12.2010 14:00:00,-10.7688
2911,10.12.2010 15:00:00,-10.7783
2912,10.12.2010 16:00:00,-10.7657
2913,10.12.2010 17:00:00,-10.7314
2914,10.12.2010 18:00:00,-10.666,3.419
2915,10.12.2010 19:00:00,-10.6032
2916,10.12.2010 20:00:00,-10.5435
2917,10.12.2010 21:00:00,-10.4966
2918,10.12.2010 22:00:00,-10.4723
2919,10.12.2010 23:00:00,-10.4661
2920,11.12.2010 00:00:00,-10.4784,3.421
2921,11.12.2010 01:00:00,-10.4907
2922,11.12.2010 02:00:00,-10.5183
2923,11.12.2010 03:00:00,-10.5516
2924,11.12.2010 04:00:00,-10.5742
2925,11.12.2010 05:00:00,-10.5979
2926,11.12.2010 06:00:00,-10.6353,3.419
2927,11.12.2010 07:00:00,-10.6813
2928,11.12.2010 08:00:00,-10.7254
2929,11.12.2010 09:00:00,-10.7677
2930,11.12.2010 10:00:00,-10.8163
2931,11.12.2010 11:00:00,-10.8663
2932,11.12.2010 12:00:00,-10.9106,3.417
2933,11.12.2010 13:00:00,-10.9528
2934,11.12.2010 14:00:00,-10.9853
2935,11.12.2010 15:00:00,-10.99
2936,11.12.2010 16:00:00,-10.9707
2937,11.12.2010 17:00:00,-10.9133
2938,11.12.2010 18:00:00,-10.8429,3.417
2939,11.12.2010 19:00:00,-10.7706
2940,11.12.2010 20:00:00,-10.7147
2941,11.12.2010 21:00:00,-10.651
2942,11.12.2010 22:00:00,-10.6104
2943,11.12.2010 23:00:00,-10.588
2944,12.12.2010 00:00:00,-10.5687,3.421
2945,12.12.2010 01:00:00,-10.5649
2946,12.12.2010 02:00:00,-10.5889
2947,12.12.2010 03:00:00,-10.6014
2948,12.12.2010 04:00:00,-10.6348
2949,12.12.2010 05:00:00,-10.6621
2950,12.12.2010 06:00:00,-10.7183,3.419
2951,12.12.2010 07:00:00,-10.7514
2952,12.12.2010 08:00:00,-10.816
2953,12.12.2010 09:00:00,-10.878
2954,12.12.2010 10:00:00,-10.9374
2955,12.12.2010 11:00:00,-10.9979
2956,12.12.2010 12:00:00,-11.0499,3.416
2957,12.12.2010 13:00:00,-11.0949
2958,12.12.2010 14:00:00,-11.1317
2959,12.12.2010 15:00:00,-11.144
2960,12.12.2010 16:00:00,-11.124
2961,12.12.2010 17:00:00,-11.0786
2962,12.12.2010 18:00:00,-11.016,3.414
2963,12.12.2010 19:00:00,-10.9443
2964,12.12.2010 20:00:00,-10.8864
2965,12.12.2010 21:00:00,-10.8396
2966,12.12.2010 22:00:00,-10.8075
2967,12.12.2010 23:00:00,-10.7952
2968,13.12.2010 00:00:00,-10.8056,3.416
2969,13.12.2010 01:00:00,-10.8136
2970,13.12.2010 02:00:00,-10.8279
2971,13.12.2010 03:00:00,-10.8534
2972,13.12.2010 04:00:00,-10.8823
2973,13.12.2010 05:00:00,-10.9389
2974,13.12.2010 06:00:00,-10.9813,3.417
2975,13.12.2010 07:00:00,-11.0333
2976,13.12.2010 08:00:00,-11.1032
2977,13.12.2010 09:00:00,-11.1698
2978,13.12.2010 10:00:00,-11.2426
2979,13.12.2010 11:00:00,-11.2951
2980,13.12.2010 12:00:00,-11.3573,3.411
2981,13.12.2010 13:00:00,-11.4028
2982,13.12.2010 14:00:00,-11.4383
2983,13.12.2010 15:00:00,-11.4531
2984,13.12.2010 16:00:00,-11.4251
2985,13.12.2010 17:00:00,-11.3852
2986,13.12.2010 18:00:00,-11.3173,3.410
2987,13.12.2010 19:00:00,-11.2452
2988,13.12.2010 20:00:00,-11.1821
2989,13.12.2010 21:00:00,-11.1375
2990,13.12.2010 22:00:00,-11.1072
2991,13.12.2010 23:00:00,-11.0853
2992,14.12.2010 00:00:00,-11.0725,3.413
2993,14.12.2010 01:00:00,-11.0737
2994,14.12.2010 02:00:00,-11.0873
2995,14.12.2010 03:00:00,-11.1165
2996,14.12.2010 04:00:00,-11.147
2997,14.12.2010 05:00:00,-11.1994
2998,14.12.2010 06:00:00,-11.2388,3.413
2999,14.12.2010 07:00:00,-11.3185
3000,14.12.2010 08:00:00,-11.4124
3001,14.12.2010 09:00:00,-11.4572
3002,14.12.2010 10:00:00,-11.5631
3003,14.12.2010 11:00:00,-11.638
3004,14.12.2010 12:00:00,-11.7266,3.407
3005,14.12.2010 13:00:00,-11.8013
3006,14.12.2010 14:00:00,-11.8354
3007,14.12.2010 15:00:00,-11.8335
3008,14.12.2010 16:00:00,-11.8112
3009,14.12.2010 17:00:00,-11.781
3010,14.12.2010 18:00:00,-11.7449,3.406
3011,14.12.2010 19:00:00,-11.6908
3012,14.12.2010 20:00:00,-11.6653
3013,14.12.2010 21:00:00,-11.6486
3014,14.12.2010 22:00:00,-11.6528
3015,14.12.2010 23:00:00,-11.6932
3016,15.12.2010 00:00:00,-11.7439,3.408
3017,15.12.2010 01:00:00,-11.821
3018,15.12.2010 02:00:00,-11.8578
3019,15.12.2010 03:00:00,-11.9273
3020,15.12.2010 04:00:00,-11.9904
3021,15.12.2010 05:00:00,-12.0059
3022,15.12.2010 06:00:00,-12.063,3.405
3023,15.12.2010 07:00:00,-12.0689
3024,15.12.2010 08:00:00,-12.1386
3025,15.12.2010 09:00:00,-12.2314
3026,15.12.2010 10:00:00,-12.3144
3027,15.12.2010 11:00:00,-12.3829
3028,15.12.2010 12:00:00,-12.3942,3.401
3029,15.12.2010 13:00:00,-12.3452
3030,15.12.2010 14:00:00,-12.2638
3031,15.12.2010 15:00:00,-12.1862
3032,15.12.2010 16:00:00,-12.1286
3033,15.12.2010 17:00:00,-12.0609
3034,15.12.2010 18:00:00,-11.996,3.406
3035,15.12.2010 19:00:00,-11.9509
3036,15.12.2010 20:00:00,-11.9163
3037,15.12.2010 21:00:00,-11.912
3038,15.12.2010 22:00:00,-11.9017
3039,15.12.2010 23:00:00,-11.8834
3040,16.12.2010 00:00:00,-11.8571,3.407
3041,16.12.2010 01:00:00,-11.8354
3042,16.12.2010 02:00:00,-11.8396
3043,16.12.2010 03:00:00,-11.8032
3044,16.12.2010 04:00:00,-11.8249
3045,16.12.2010 05:00:00,-11.842
3046,16.12.2010 06:00:00,-11.8675,3.407
3047,16.12.2010 07:00:00,-11.8931
3048,16.12.2010 08:00:00,-11.9306
3049,16.12.2010 09:00:00,-11.9611
3050,16.12.2010 10:00:00,-11.9949
3051,16.12.2010 11:00:00,-12.0259
3052,16.12.2010 12:00:00,-12.0491,3.403
3053,16.12.2010 13:00:00,-12.0724
3054,16.12.2010 14:00:00,-12.0849
3055,16.12.2010 15:00:00,-12.0804
3056,16.12.2010 16:00:00,-12.0463
3057,16.12.2010 17:00:00,-11.99
3058,16.12.2010 18:00:00,-11.9191,3.404
3059,16.12.2010 19:00:00,-11.848
3060,16.12.2010 20:00:00,-11.7625
3061,16.12.2010 21:00:00,-11.7038
3062,16.12.2010 22:00:00,-11.6464
3063,16.12.2010 23:00:00,-11.6203
3064,17.12.2010 00:00:00,-11.6154,3.410
3065,17.12.2010 01:00:00,-11.6174
3066,17.12.2010 02:00:00,-11.6249
3067,17.12.2010 03:00:00,-11.6519
3068,17.12.2010 04:00:00,-11.6727
3069,17.12.2010 05:00:00,-11.7044
3070,17.12.2010 06:00:00,-11.7393,3.407
3071,17.12.2010 07:00:00,-11.7392
3072,17.12.2010 08:00:00,-11.7685
3073,17.12.2010 09:00:00,-11.8386
3074,17.12.2010 10:00:00,-11.8659
3075,17.12.2010 11:00:00,-11.9141
3076,17.12.2010 12:00:00,-11.9801,3.405
3077,17.12.2010 13:00:00,-12.0183
3078,17.12.2010 14:00:00,-12.0485
3079,17.12.2010 15:00:00,-12.0645
3080,17.12.2010 16:00:00,-12.0495
3081,17.12.2010 17:00:00,-12.0199
3082,17.12.2010 18:00:00,-11.9762,3.405
3083,17.12.2010 19:00:00,-11.922
3084,17.12.2010 20:00:00,-11.8752
3085,17.12.2010 21:00:00,-11.8467
3086,17.12.2010 22:00:00,-11.8226
3087,17.12.2010 23:00:00,-11.8151
3088,18.12.2010 00:00:00,-11.8232,3.407
3089,18.12.2010 01:00:00,-11.8385
3090,18.12.2010 02:00:00,-11.9025
3091,18.12.2010 03:00:00,-11.9285
3092,18.12.2010 04:00:00,-12.0098
3093,18.12.2010 05:00:00,-12.0853
3094,18.12.2010 06:00:00,-12.1376,3.402
3095,18.12.2010 07:00:00,-12.1584
3096,18.12.2010 08:00:00,-12.2622
3097,18.12.2010 09:00:00,-12.3721
3098,18.12.2010 10:00:00,-12.4291
3099,18.12.2010 11:00:00,-12.5208
3100,18.12.2010 12:00:00,-12.6265,3.399
3101,18.12.2010 13:00:00,-12.6953
3102,18.12.2010 14:00:00,-12.7518
3103,18.12.2010 15:00:00,-12.7726
3104,18.12.2010 16:00:00,-12.7663
3105,18.12.2010 17:00:00,-12.7488
3106,18.12.2010 18:00:00,-12.7,3.397
3107,18.12.2010 19:00:00,-12.6727
3108,18.12.2010 20:00:00,-12.6602
3109,18.12.2010 21:00:00,-12.6422
3110,18.12.2010 22:00:00,-12.6437
3111,18.12.2010 23:00:00,-12.6572
3112,19.12.2010 00:00:00,-12.6829,3.397
3113,19.12.2010 01:00:00,-12.723
3114,19.12.2010 02:00:00,-12.786
3115,19.12.2010 03:00:00,-12.8446
3116,19.12.2010 04:00:00,-12.9313
3117,19.12.2010 05:00:00,-13.0101
3118,19.12.2010 06:00:00,-13.0629,3.395
3119,19.12.2010 07:00:00,-13.1482
3120,19.12.2010 08:00:00,-13.2008
3121,19.12.2010 09:00:00,-13.2929
3122,19.12.2010 10:00:00,-13.3767
3123,19.12.2010 11:00:00,-13.4406
3124,19.12.2010 12:00:00,-13.5214,3.388
3125,19.12.2010 13:00:00,-13.5784
3126,19.12.2010 14:00:00,-13.5941
3127,19.12.2010 15:00:00,-13.5866
3128,19.12.2010 16:00:00,-13.5635
3129,19.12.2010 17:00:00,-13.5146
3130,19.12.2010 18:00:00,-13.4284,3.388
3131,19.12.2010 19:00:00,-13.353
3132,19.12.2010 20:00:00,-13.2846
3133,19.12.2010 21:00:00,-13.2046
3134,19.12.2010 22:00:00,-13.134
3135,19.12.2010 23:00:00,-13.0729
3136,20.12.2010 00:00:00,-13.0157,3.393
3137,20.12.2010 01:00:00,-12.9879
3138,20.12.2010 02:00:00,-12.9408
3139,20.12.2010 03:00:00,-12.89
3140,20.12.2010 04:00:00,-12.8382
3141,20.12.2010 05:00:00,-12.78
3142,20.12.2010 06:00:00,-12.7441,3.397
3143,20.12.2010 07:00:00,-12.6769
3144,20.12.2010 08:00:00,-12.6316
3145,20.12.2010 09:00:00,-12.5963
3146,20.12.2010 10:00:00,-12.5423
3147,20.12.2010 11:00:00,-12.4934
3148,20.12.2010 12:00:00,-12.4457,3.400
3149,20.12.2010 13:00:00,-12.4005
3150,20.12.2010 14:00:00,-12.3534
3151,20.12.2010 15:00:00,-12.2739
3152,20.12.2010 16:00:00,-12.2118
3153,20.12.2010 17:00:00,-12.1495
3154,20.12.2010 18:00:00,-12.0911,3.402
3155,20.12.2010 19:00:00,-12.0351
3156,20.12.2010 20:00:00,-11.9799
3157,20.12.2010 21:00:00,-11.9466
3158,20.12.2010 22:00:00,-11.9069
3159,20.12.2010 23:00:00,-11.8782
3160,21.12.2010 00:00:00,-11.8419,3.408
3161,21.12.2010 01:00:00,-11.8038
3162,21.12.2010 02:00:00,-11.7666
3163,21.12.2010 03:00:00,-11.7463
3164,21.12.2010 04:00:00,-11.7069
3165,21.12.2010 05:00:00,-11.6901
3166,21.12.2010 06:00:00,-11.6659,3.410
3167,21.12.2010 07:00:00,-11.6351
3168,21.12.2010 08:00:00,-11.6222
3169,21.12.2010 09:00:00,-11.6103
3170,21.12.2010 10:00:00,-11.5989
3171,21.12.2010 11:00:00,-11.5891
3172,21.12.2010 12:00:00,-11.5848,3.412
3173,21.12.2010 13:00:00,-11.5696
3174,21.12.2010 14:00:00,-11.5648
3175,21.12.2010 15:00:00,-11.5511
3176,21.12.2010 16:00:00,-11.5298
3177,21.12.2010 17:00:00,-11.5052
3178,21.12.2010 18:00:00,-11.4811,3.411
3179,21.12.2010 19:00:00,-11.4536
3180,21.12.2010 20:00:00,-11.4376
3181,21.12.2010 21:00:00,-11.4232
3182,21.12.2010 22:00:00,-11.4117
3183,21.12.2010 23:00:00,-11.4102
3184,22.12.2010 00:00:00,-11.4064,3.414
3185,22.12.2010 01:00:00,-11.4103
3186,22.12.2010 02:00:00,-11.4261
3187,22.12.2010 03:00:00,-11.4467
3188,22.12.2010 04:00:00,-11.4633
3189,22.12.2010 05:00:00,-11.4879
3190,22.12.2010 06:00:00,-11.5328,3.413
3191,22.12.2010 07:00:00,-11.5569
3192,22.12.2010 08:00:00,-11.5913
3193,22.12.2010 09:00:00,-11.6191
3194,22.12.2010 10:00:00,-11.6403
3195,22.12.2010 11:00:00,-11.6508
3196,22.12.2010 12:00:00,-11.6586,3.410
3197,22.12.2010 13:00:00,-11.6527
3198,22.12.2010 14:00:00,-11.6569
3199,22.12.2010 15:00:00,-11.6508
3200,22.12.2010 16:00:00,-11.6339
3201,22.12.2010 17:00:00,-11.6207
3202,22.12.2010 18:00:00,-11.6017,3.411
3203,22.12.2010 19:00:00,-11.5856
3204,22.12.2010 20:00:00,-11.576
3205,22.12.2010 21:00:00,-11.5668
3206,22.12.2010 22:00:00,-11.5594
3207,22.12.2010 23:00:00,-11.5628
3208,23.12.2010 00:00:00,-11.5733,3.413
3209,23.12.2010 01:00:00,-11.5936
3210,23.12.2010 02:00:00,-11.6189
3211,23.12.2010 03:00:00,-11.654
3212,23.12.2010 04:00:00,-11.6923
3213,23.12.2010 05:00:00,-11.7344
3214,23.12.2010 06:00:00,-11.7774,3.409
3215,23.12.2010 07:00:00,-11.8306
3216,23.12.2010 08:00:00,-11.8765
3217,23.12.2010 09:00:00,-11.9287
3218,23.12.2010 10:00:00,-11.9864
3219,23.12.2010 11:00:00,-12.0302
3220,23.12.2010 12:00:00,-12.0919,3.405
3221,23.12.2010 13:00:00,-12.1419
3222,23.12.2010 14:00:00,-12.1882
3223,23.12.2010 15:00:00,-12.2364
3224,23.12.2010 16:00:00,-12.2618
3225,23.12.2010 17:00:00,-12.2945
3226,23.12.2010 18:00:00,-12.3274,3.402
3227,23.12.2010 19:00:00,-12.3561
3228,23.12.2010 20:00:00,-12.3833
3229,23.12.2010 21:00:00,-12.409
3230,23.12.2010 22:00:00,-12.4569
3231,23.12.2010 23:00:00,-12.5071
3232,24.12.2010 00:00:00,-12.5642,3.400
3233,24.12.2010 01:00:00,-12.6347
3234,24.12.2010 02:00:00,-12.6936
3235,24.12.2010 03:00:00,-12.7745
3236,24.12.2010 04:00:00,-12.8388
3237,24.12.2010 05:00:00,-12.9178
3238,24.12.2010 06:00:00,-12.9843,3.393
3239,24.12.2010 07:00:00,-13.0747
3240,24.12.2010 08:00:00,-13.1285
3241,24.12.2010 09:00:00,-13.2138
3242,24.12.2010 10:00:00,-13.2911
3243,24.12.2010 11:00:00,-13.3557
3244,24.12.2010 12:00:00,-13.4143,3.387
3245,24.12.2010 13:00:00,-13.4796
3246,24.12.2010 14:00:00,-13.5249
3247,24.12.2010 15:00:00,-13.5523
3248,24.12.2010 16:00:00,-13.5668
3249,24.12.2010 17:00:00,-13.5511
3250,24.12.2010 18:00:00,-13.5339,3.388
3251,24.12.2010 19:00:00,-13.5057
3252,24.12.2010 20:00:00,-13.4846
3253,24.12.2010 21:00:00,-13.4712
3254,24.12.2010 22:00:00,-13.4718
3255,24.12.2010 23:00:00,-13.4725
3256,25.12.2010 00:00:00,-13.491,3.386
3257,25.12.2010 01:00:00,-13.5101
3258,25.12.2010 02:00:00,-13.5231
3259,25.12.2010 03:00:00,-13.5244
3260,25.12.2010 04:00:00,-13.5431
3261,25.12.2010 05:00:00,-13.5584
3262,25.12.2010 06:00:00,-13.5736,3.387
3263,25.12.2010 07:00:00,-13.6138
3264,25.12.2010 08:00:00,-13.6415
3265,25.12.2010 09:00:00,-13.6636
3266,25.12.2010 10:00:00,-13.6895
3267,25.12.2010 11:00:00,-13.7174
3268,25.12.2010 12:00:00,-13.74,3.384
3269,25.12.2010 13:00:00,-13.7626
3270,25.12.2010 14:00:00,-13.7728
3271,25.12.2010 15:00:00,-13.7796
3272,25.12.2010 16:00:00,-13.7541
3273,25.12.2010 17:00:00,-13.7143
3274,25.12.2010 18:00:00,-13.6784,3.384
3275,25.12.2010 19:00:00,-13.6185
3276,25.12.2010 20:00:00,-13.5591
3277,25.12.2010 21:00:00,-13.5226
3278,25.12.2010 22:00:00,-13.4789
3279,25.12.2010 23:00:00,-13.4525
3280,26.12.2010 00:00:00,-13.4371,3.389
3281,26.12.2010 01:00:00,-13.4261
3282,26.12.2010 02:00:00,-13.4246
3283,26.12.2010 03:00:00,-13.4229
3284,26.12.2010 04:00:00,-13.4365
3285,26.12.2010 05:00:00,-13.4719
3286,26.12.2010 06:00:00,-13.4962,3.389
3287,26.12.2010 07:00:00,-13.5201
3288,26.12.2010 08:00:00,-13.5514
3289,26.12.2010 09:00:00,-13.5909
3290,26.12.2010 10:00:00,-13.6319
3291,26.12.2010 11:00:00,-13.6809
3292,26.12.2010 12:00:00,-13.711,3.386
3293,26.12.2010 13:00:00,-13.7547
3294,26.12.2010 14:00:00,-13.7885
3295,26.12.2010 15:00:00,-13.7984
3296,26.12.2010 16:00:00,-13.7848
3297,26.12.2010 17:00:00,-13.7511
3298,26.12.2010 18:00:00,-13.71,3.385
3299,26.12.2010 19:00:00,-13.6644
3300,26.12.2010 20:00:00,-13.6137
3301,26.12.2010 21:00:00,-13.5711
3302,26.12.2010 22:00:00,-13.5453
3303,26.12.2010 23:00:00,-13.531
3304,27.12.2010 00:00:00,-13.5282,3.390
3305,27.12.2010 01:00:00,-13.5322
3306,27.12.2010 02:00:00,-13.5464
3307,27.12.2010 03:00:00,-13.5767
3308,27.12.2010 04:00:00,-13.608
3309,27.12.2010 05:00:00,-13.6472
3310,27.12.2010 06:00:00,-13.6839,3.387
3311,27.12.2010 07:00:00,-13.7277
3312,27.12.2010 08:00:00,-13.7781
3313,27.12.2010 09:00:00,-13.8173
3314,27.12.2010 10:00:00,-13.8729
3315,27.12.2010 11:00:00,-13.9107
3316,27.12.2010 12:00:00,-13.946,3.384
3317,27.12.2010 13:00:00,-13.9919
3318,27.12.2010 14:00:00,-14.01
3319,27.12.2010 15:00:00,-14.0248
3320,27.12.2010 16:00:00,-14.0107
3321,27.12.2010 17:00:00,-13.985
3322,27.12.2010 18:00:00,-13.9303,3.384
3323,27.12.2010 19:00:00,-13.8772
3324,27.12.2010 20:00:00,-13.8307
3325,27.12.2010 21:00:00,-13.7833
3326,27.12.2010 22:00:00,-13.7357
3327,27.12.2010 23:00:00,-13.7045
3328,28.12.2010 00:00:00,-13.686,3.387
3329,28.12.2010 01:00:00,-13.6706
3330,28.12.2010 02:00:00,-13.6613
3331,28.12.2010 03:00:00,-13.6617
3332,28.12.2010 04:00:00,-13.6595
3333,28.12.2010 05:00:00,-13.6675
3334,28.12.2010 06:00:00,-13.6814,3.387
3335,28.12.2010 07:00:00,-13.6842
3336,28.12.2010 08:00:00,-13.7055
3337,28.12.2010 09:00:00,-13.7361
3338,28.12.2010 10:00:00,-13.7628
3339,28.12.2010 11:00:00,-13.7985
3340,28.12.2010 12:00:00,-13.8353,3.384
3341,28.12.2010 13:00:00,-13.8772
3342,28.12.2010 14:00:00,-13.8986
3343,28.12.2010 15:00:00,-13.9086
3344,28.12.2010 16:00:00,-13.9032
3345,28.12.2010 17:00:00,-13.8798
3346,28.12.2010 18:00:00,-13.8439,3.385
3347,28.12.2010 19:00:00,-13.792
3348,28.12.2010 20:00:00,-13.7364
3349,28.12.2010 21:00:00,-13.7067
3350,28.12.2010 22:00:00,-13.6879
3351,28.12.2010 23:00:00,-13.672
3352,29.12.2010 00:00:00,-13.688,3.388
3353,29.12.2010 01:00:00,-13.7028
3354,29.12.2010 02:00:00,-13.7352
3355,29.12.2010 03:00:00,-13.7773
3356,29.12.2010 04:00:00,-13.7981
3357,29.12.2010 05:00:00,-13.8318
3358,29.12.2010 06:00:00,-13.8658,3.386
3359,29.12.2010 07:00:00,-13.9155
3360,29.12.2010 08:00:00,-13.9371
3361,29.12.2010 09:00:00,-13.9948
3362,29.12.2010 10:00:00,-14.0459
3363,29.12.2010 11:00:00,-14.0872
3364,29.12.2010 12:00:00,-14.1161,3.384
3365,29.12.2010 13:00:00,-14.1432
3366,29.12.2010 14:00:00,-14.1538
3367,29.12.2010 15:00:00,-14.1489
3368,29.12.2010 16:00:00,-14.1311
3369,29.12.2010 17:00:00,-14.0903
3370,29.12.2010 18:00:00,-14.0288,3.382
3371,29.12.2010 19:00:00,-13.9732
3372,29.12.2010 20:00:00,-13.9172
3373,29.12.2010 21:00:00,-13.8751
3374,29.12.2010 22:00:00,-13.8472
3375,29.12.2010 23:00:00,-13.8183
3376,30.12.2010 00:00:00,-13.8097,3.386
3377,30.12.2010 01:00:00,-13.8119
3378,30.12.2010 02:00:00,-13.8203
3379,30.12.2010 03:00:00,-13.8433
3380,30.12.2010 04:00:00,-13.8715
3381,30.12.2010 05:00:00,-13.8896
3382,30.12.2010 06:00:00,-13.9228,3.384
3383,30.12.2010 07:00:00,-13.9778
3384,30.12.2010 08:00:00,-14.0097
3385,30.12.2010 09:00:00,-14.0552
3386,30.12.2010 10:00:00,-14.1072
3387,30.12.2010 11:00:00,-14.1464
3388,30.12.2010 12:00:00,-14.1914,3.381
3389,30.12.2010 13:00:00,-14.2381
3390,30.12.2010 14:00:00,-14.2674
3391,30.12.2010 15:00:00,-14.2809
3392,30.12.2010 16:00:00,-14.2795
3393,30.12.2010 17:00:00,-14.2503
3394,30.12.2010 18:00:00,-14.1949,3.381
3395,30.12.2010 19:00:00,-14.1415
3396,30.12.2010 20:00:00,-14.0939
3397,30.12.2010 21:00:00,-14.046
3398,30.12.2010 22:00:00,-14.0204
3399,30.12.2010 23:00:00,-14.0026
3400,31.12.2010 00:00:00,-13.994,3.384
3401,31.12.2010 01:00:00,-13.9807
3402,31.12.2010 02:00:00,-13.9805
3403,31.12.2010 03:00:00,-13.9859
3404,31.12.2010 04:00:00,-13.9909
3405,31.12.2010 05:00:00,-14.0053
3406,31.12.2010 06:00:00,-14.0168,3.386
3407,31.12.2010 07:00:00,-14.0275
3408,31.12.2010 08:00:00,-14.047
3409,31.12.2010 09:00:00,-14.0682
3410,31.12.2010 10:00:00,-14.0909
3411,31.12.2010 11:00:00,-14.1224
3412,31.12.2010 12:00:00,-14.1483,3.382
3413,31.12.2010 13:00:00,-14.1762
3414,31.12.2010 14:00:00,-14.2031
3415,31.12.2010 15:00:00,-14.2061
3416,31.12.2010 16:00:00,-14.1997
3417,31.12.2010 17:00:00,-14.1717
3418,31.12.2010 18:00:00,-14.1396,3.384
3419,31.12.2010 19:00:00,-14.1081
3420,31.12.2010 20:00:00,-14.0812
3421,31.12.2010 21:00:00,-14.0625
3422,31.12.2010 22:00:00,-14.0598
3423,31.12.2010 23:00:00,-14.0646
3424,01.01.2011 00:00:00,-14.0912,3.383
3425,01.01.2011 01:00:00,-14.1126
3426,01.01.2011 02:00:00,-14.143
3427,01.01.2011 03:00:00,-14.1692
3428,01.01.2011 04:00:00,-14.2062
3429,01.01.2011 05:00:00,-14.2464
3430,01.01.2011 06:00:00,-14.2911,3.382
3431,01.01.2011 07:00:00,-14.3314
3432,01.01.2011 08:00:00,-14.3767
3433,01.01.2011 09:00:00,-14.4372
3434,01.01.2011 10:00:00,-14.4811
3435,01.01.2011 11:00:00,-14.5434
3436,01.01.2011 12:00:00,-14.5902,3.380
3437,01.01.2011 13:00:00,-14.6523
3438,01.01.2011 14:00:00,-14.6966
3439,01.01.2011 15:00:00,-14.7125
3440,01.01.2011 16:00:00,-14.7292
3441,01.01.2011 17:00:00,-14.7343
3442,01.01.2011 18:00:00,-14.7207,3.375
3443,01.01.2011 19:00:00,-14.7204
3444,01.01.2011 20:00:00,-14.7296
3445,01.01.2011 21:00:00,-14.7286
3446,01.01.2011 22:00:00,-14.7469
3447,01.01.2011 23:00:00,-14.7549
3448,02.01.2011 00:00:00,-14.7747,3.375
3449,02.01.2011 01:00:00,-14.7987
3450,02.01.2011 02:00:00,-14.8202
3451,02.01.2011 03:00:00,-14.846
3452,02.01.2011 04:00:00,-14.8822
3453,02.01.2011 05:00:00,-14.9259
3454,02.01.2011 06:00:00,-14.9449,3.375
3455,02.01.2011 07:00:00,-14.9716
3456,02.01.2011 08:00:00,-15.0122
3457,02.01.2011 09:00:00,-15.0423
3458,02.01.2011 10:00:00,-15.0641
3459,02.01.2011 11:00:00,-15.0806
3460,02.01.2011 12:00:00,-15.0969,3.372
3461,02.01.2011 13:00:00,-15.1092
3462,02.01.2011 14:00:00,-15.1057
3463,02.01.2011 15:00:00,-15.0935
3464,02.01.2011 16:00:00,-15.0611
3465,02.01.2011 17:00:00,-15.0044
3466,02.01.2011 18:00:00,-14.9519,3.374
3467,02.01.2011 19:00:00,-14.9046
3468,02.01.2011 20:00:00,-14.8463
3469,02.01.2011 21:00:00,-14.8045
3470,02.01.2011 22:00:00,-14.7597
3471,02.01.2011 23:00:00,-14.7346
3472,03.01.2011 00:00:00,-14.7123,3.379
3473,03.01.2011 01:00:00,-14.6904
3474,03.01.2011 02:00:00,-14.6622
3475,03.01.2011 03:00:00,-14.6448
3476,03.01.2011 04:00:00,-14.6184
3477,03.01.2011 05:00:00,-14.5983
3478,03.01.2011 06:00:00,-14.585,3.380
3479,03.01.2011 07:00:00,-14.5662
3480,03.01.2011 08:00:00,-14.5442
3481,03.01.2011 09:00:00,-14.5319
3482,03.01.2011 10:00:00,-14.5124
3483,03.01.2011 11:00:00,-14.4948
3484,03.01.2011 12:00:00,-14.4691,3.379
3485,03.01.2011 13:00:00,-14.4507
3486,03.01.2011 14:00:00,-14.4186
3487,03.01.2011 15:00:00,-14.353
3488,03.01.2011 16:00:00,-14.2976
3489,03.01.2011 17:00:00,-14.2213
3490,03.01.2011 18:00:00,-14.1457,3.384
3491,03.01.2011 19:00:00,-14.0726
3492,03.01.2011 20:00:00,-14.0034
3493,03.01.2011 21:00:00,-13.9279
3494,03.01.2011 22:00:00,-13.883
3495,03.01.2011 23:00:00,-13.8419
3496,04.01.2011 00:00:00,-13.7937,3.387
3497,04.01.2011 01:00:00,-13.7688
3498,04.01.2011 02:00:00,-13.7529
3499,04.01.2011 03:00:00,-13.7342
3500,04.01.2011 04:00:00,-13.7273
3501,04.01.2011 05:00:00,-13.7308
3502,04.01.2011 06:00:00,-13.7374,3.392
3503,04.01.2011 07:00:00,-13.7488
3504,04.01.2011 08:00:00,-13.7698
3505,04.01.2011 09:00:00,-13.7814
3506,04.01.2011 10:00:00,-13.794
3507,04.01.2011 11:00:00,-13.8137
3508,04.01.2011 12:00:00,-13.8279,3.389
3509,04.01.2011 13:00:00,-13.8409
3510,04.01.2011 14:00:00,-13.845
3511,04.01.2011 15:00:00,-13.8326
3512,04.01.2011 16:00:00,-13.8098
3513,04.01.2011 17:00:00,-13.7679
3514,04.01.2011 18:00:00,-13.7152,3.391
3515,04.01.2011 19:00:00,-13.6667
3516,04.01.2011 20:00:00,-13.6202
3517,04.01.2011 21:00:00,-13.57
3518,04.01.2011 22:00:00,-13.5327
3519,04.01.2011 23:00:00,-13.5081
3520,05.01.2011 00:00:00,-13.4767,3.393
3521,05.01.2011 01:00:00,-13.4461
3522,05.01.2011 02:00:00,-13.425
3523,05.01.2011 03:00:00,-13.4166
3524,05.01.2011 04:00:00,-13.4094
3525,05.01.2011 05:00:00,-13.4036
3526,05.01.2011 06:00:00,-13.3962,3.392
3527,05.01.2011 07:00:00,-13.3978
3528,05.01.2011 08:00:00,-13.3918
3529,05.01.2011 09:00:00,-13.3955
3530,05.01.2011 10:00:00,-13.4002
3531,05.01.2011 11:00:00,-13.4001
3532,05.01.2011 12:00:00,-13.4069,3.393
3533,05.01.2011 13:00:00,-13.4054
3534,05.01.2011 14:00:00,-13.4035
3535,05.01.2011 15:00:00,-13.4046
3536,05.01.2011 16:00:00,-13.3915
3537,05.01.2011 17:00:00,-13.377
3538,05.01.2011 18:00:00,-13.3606,3.394
3539,05.01.2011 19:00:00,-13.354
3540,05.01.2011 20:00:00,-13.3404
3541,05.01.2011 21:00:00,-13.3363
3542,05.01.2011 22:00:00,-13.3424
3543,05.01.2011 23:00:00,-13.3499
3544,06.01.2011 00:00:00,-13.3573,3.396
3545,06.01.2011 01:00:00,-13.3745
3546,06.01.2011 02:00:00,-13.3926
3547,06.01.2011 03:00:00,-13.4058
3548,06.01.2011 04:00:00,-13.448
3549,06.01.2011 05:00:00,-13.4963
3550,06.01.2011 06:00:00,-13.5294,3.392
3551,06.01.2011 07:00:00,-13.5744
3552,06.01.2011 08:00:00,-13.6303
3553,06.01.2011 09:00:00,-13.6848
3554,06.01.2011 10:00:00,-13.7323
3555,06.01.2011 11:00:00,-13.7812
3556,06.01.2011 12:00:00,-13.829,3.389
3557,06.01.2011 13:00:00,-13.8755
3558,06.01.2011 14:00:00,-13.9024
3559,06.01.2011 15:00:00,-13.9275
3560,06.01.2011 16:00:00,-13.9421
3561,06.01.2011 17:00:00,-13.9509
3562,06.01.2011 18:00:00,-13.9527,3.387
3563,06.01.2011 19:00:00,-13.9543
3564,06.01.2011 20:00:00,-13.948
3565,06.01.2011 21:00:00,-13.944
3566,06.01.2011 22:00:00,-13.96
3567,06.01.2011 23:00:00,-13.9761
3568,07.01.2011 00:00:00,-13.9896,3.386
3569,07.01.2011 01:00:00,-14.0132
3570,07.01.2011 02:00:00,-14.031
3571,07.01.2011 03:00:00,-14.0623
3572,07.01.2011 04:00:00,-14.0923
3573,07.01.2011 05:00:00,-14.124
3574,07.01.2011 06:00:00,-14.1442,3.385
3575,07.01.2011 07:00:00,-14.1759
3576,07.01.2011 08:00:00,-14.2013
3577,07.01.2011 09:00:00,-14.2334
3578,07.01.2011 10:00:00,-14.2652
3579,07.01.2011 11:00:00,-14.289
3580,07.01.2011 12:00:00,-14.322,3.383
3581,07.01.2011 13:00:00,-14.3417
3582,07.01.2011 14:00:00,-14.3605
3583,07.01.2011 15:00:00,-14.3722
3584,07.01.2011 16:00:00,-14.3761
3585,07.01.2011 17:00:00,-14.3743
3586,07.01.2011 18:00:00,-14.3665,3.381
3587,07.01.2011 19:00:00,-14.365
3588,07.01.2011 20:00:00,-14.367
3589,07.01.2011 21:00:00,-14.3768
3590,07.01.2011 22:00:00,-14.3974
3591,07.01.2011 23:00:00,-14.4212
3592,08.01.2011 00:00:00,-14.4457,3.383
3593,08.01.2011 01:00:00,-14.4655
3594,08.01.2011 02:00:00,-14.4945
3595,08.01.2011 03:00:00,-14.545
3596,08.01.2011 04:00:00,-14.5893
3597,08.01.2011 05:00:00,-14.6443
3598,08.01.2011 06:00:00,-14.7077,3.380
3599,08.01.2011 07:00:00,-14.778
3600,08.01.2011 08:00:00,-14.8414
3601,08.01.2011 09:00:00,-14.9082
3602,08.01.2011 10:00:00,-14.9849
3603,08.01.2011 11:00:00,-15.0556
3604,08.01.2011 12:00:00,-15.1175,3.375
3605,08.01.2011 13:00:00,-15.1885
3606,08.01.2011 14:00:00,-15.2667
3607,08.01.2011 15:00:00,-15.3161
3608,08.01.2011 16:00:00,-15.3352
3609,08.01.2011 17:00:00,-15.351
3610,08.01.2011 18:00:00,-15.3461,3.369
3611,08.01.2011 19:00:00,-15.3463
3612,08.01.2011 20:00:00,-15.3421
3613,08.01.2011 21:00:00,-15.3441
3614,08.01.2011 22:00:00,-15.3491
3615,08.01.2011 23:00:00,-15.3645
3616,09.01.2011 00:00:00,-15.4085,3.370
3617,09.01.2011 01:00:00,-15.4512
3618,09.01.2011 02:00:00,-15.492
3619,09.01.2011 03:00:00,-15.5654
3620,09.01.2011 04:00:00,-15.6197
3621,09.01.2011 05:00:00,-15.688
3622,09.01.2011 06:00:00,-15.7612,3.367
3623,09.01.2011 07:00:00,-15.8348
3624,09.01.2011 08:00:00,-15.9333
3625,09.01.2011 09:00:00,-16.005
3626,09.01.2011 10:00:00,-16.1021
3627,09.01.2011 11:00:00,-16.1891
3628,09.01.2011 12:00:00,-16.2741,3.358
3629,09.01.2011 13:00:00,-16.3415
3630,09.01.2011 14:00:00,-16.4033
3631,09.01.2011 15:00:00,-16.4467
3632,09.01.2011 16:00:00,-16.4667
3633,09.01.2011 17:00:00,-16.4583
3634,09.01.2011 18:00:00,-16.442,3.356
3635,09.01.2011 19:00:00,-16.408
3636,09.01.2011 20:00:00,-16.3835
3637,09.01.2011 21:00:00,-16.3524
3638,09.01.2011 22:00:00,-16.3374
3639,09.01.2011 23:00:00,-16.3337
3640,10.01.2011 00:00:00,-16.3363,3.358
3641,10.01.2011 01:00:00,-16.3494
3642,10.01.2011 02:00:00,-16.36
3643,10.01.2011 03:00:00,-16.3858
3644,10.01.2011 04:00:00,-16.4057
3645,10.01.2011 05:00:00,-16.4306
3646,10.01.2011 06:00:00,-16.4705,3.359
3647,10.01.2011 07:00:00,-16.5165
3648,10.01.2011 08:00:00,-16.549
3649,10.01.2011 09:00:00,-16.6014
3650,10.01.2011 10:00:00,-16.6566
3651,10.01.2011 11:00:00,-16.7116
3652,10.01.2011 12:00:00,-16.7541,3.354
3653,10.01.2011 13:00:00,-16.7939
3654,10.01.2011 14:00:00,-16.8167
3655,10.01.2011 15:00:00,-16.8258
3656,10.01.2011 16:00:00,-16.8133
3657,10.01.2011 17:00:00,-16.7937
3658,10.01.2011 18:00:00,-16.7481,3.355
3659,10.01.2011 19:00:00,-16.6925
3660,10.01.2011 20:00:00,-16.6233
3661,10.01.2011 21:00:00,-16.5747
3662,10.01.2011 22:00:00,-16.5368
3663,10.01.2011 23:00:00,-16.5036
3664,11.01.2011 00:00:00,-16.4776,3.358
3665,11.01.2011 01:00:00,-16.4638
3666,11.01.2011 02:00:00,-16.4523
3667,11.01.2011 03:00:00,-16.4502
3668,11.01.2011 04:00:00,-16.4465
3669,11.01.2011 05:00:00,-16.4426
3670,11.01.2011 06:00:00,-16.445,3.358
3671,11.01.2011 07:00:00,-16.4438
3672,11.01.2011 08:00:00,-16.4418
3673,11.01.2011 09:00:00,-16.4415
3674,11.01.2011 10:00:00,-16.4486
3675,11.01.2011 11:00:00,-16.4533
3676,11.01.2011 12:00:00,-16.4615,3.360
3677,11.01.2011 13:00:00,-16.4563
3678,11.01.2011 14:00:00,-16.4527
3679,11.01.2011 15:00:00,-16.4313
3680,11.01.2011 16:00:00,-16.3995
3681,11.01.2011 17:00:00,-16.3609
3682,11.01.2011 18:00:00,-16.3137,3.360
3683,11.01.2011 19:00:00,-16.2554
3684,11.01.2011 20:00:00,-16.2133
3685,11.01.2011 21:00:00,-16.1737
3686,11.01.2011 22:00:00,-16.1512
3687,11.01.2011 23:00:00,-16.1347
3688,12.01.2011 00:00:00,-16.1373,3.363
3689,12.01.2011 01:00:00,-16.1523
3690,12.01.2011 02:00:00,-16.172
3691,12.01.2011 03:00:00,-16.213
3692,12.01.2011 04:00:00,-16.2536
3693,12.01.2011 05:00:00,-16.3092
3694,12.01.2011 06:00:00,-16.3609,3.361
3695,12.01.2011 07:00:00,-16.424
3696,12.01.2011 08:00:00,-16.4835
3697,12.01.2011 09:00:00,-16.5516
3698,12.01.2011 10:00:00,-16.6259
3699,12.01.2011 11:00:00,-16.7073
3700,12.01.2011 12:00:00,-16.7709,3.357
3701,12.01.2011 13:00:00,-16.8284
3702,12.01.2011 14:00:00,-16.8913
3703,12.01.2011 15:00:00,-16.9384
3704,12.01.2011 16:00:00,-16.9561
3705,12.01.2011 17:00:00,-16.9498
3706,12.01.2011 18:00:00,-16.9202,3.354
3707,12.01.2011 19:00:00,-16.8736
3708,12.01.2011 20:00:00,-16.8512
3709,12.01.2011 21:00:00,-16.8366
3710,12.01.2011 22:00:00,-16.8241
3711,12.01.2011 23:00:00,-16.8329
3712,13.01.2011 00:00:00,-16.8506,3.354
3713,13.01.2011 01:00:00,-16.8741
3714,13.01.2011 02:00:00,-16.9198
3715,13.01.2011 03:00:00,-16.9818
3716,13.01.2011 04:00:00,-17.0244
3717,13.01.2011 05:00:00,-17.0766
3718,13.01.2011 06:00:00,-17.1355,3.353
3719,13.01.2011 07:00:00,-17.1887
3720,13.01.2011 08:00:00,-17.2638
3721,13.01.2011 09:00:00,-17.3484
3722,13.01.2011 10:00:00,-17.4182
3723,13.01.2011 11:00:00,-17.4843
3724,13.01.2011 12:00:00,-17.5432,3.348
3725,13.01.2011 13:00:00,-17.6101
3726,13.01.2011 14:00:00,-17.6438
3727,13.01.2011 15:00:00,-17.6603
3728,13.01.2011 16:00:00,-17.6684
3729,13.01.2011 17:00:00,-17.6388
3730,13.01.2011 18:00:00,-17.585,3.346
3731,13.01.2011 19:00:00,-17.5284
3732,13.01.2011 20:00:00,-17.4942
3733,13.01.2011 21:00:00,-17.4634
3734,13.01.2011 22:00:00,-17.4426
3735,13.01.2011 23:00:00,-17.4443
3736,14.01.2011 00:00:00,-17.4399,3.348
3737,14.01.2011 01:00:00,-17.4671
3738,14.01.2011 02:00:00,-17.4946
3739,14.01.2011 03:00:00,-17.5223
3740,14.01.2011 04:00:00,-17.5507
3741,14.01.2011 05:00:00,-17.591
3742,14.01.2011 06:00:00,-17.6302,3.348
3743,14.01.2011 07:00:00,-17.6537
3744,14.01.2011 08:00:00,-17.6697
3745,14.01.2011 09:00:00,-17.6869
3746,14.01.2011 10:00:00,-17.711
3747,14.01.2011 11:00:00,-17.7256
3748,14.01.2011 12:00:00,-17.7141,3.347
3749,14.01.2011 13:00:00,-17.6705
3750,14.01.2011 14:00:00,-17.6146
3751,14.01.2011 15:00:00,-17.5293
3752,14.01.2011 16:00:00,-17.4612
3753,14.01.2011 17:00:00,-17.3906
3754,14.01.2011 18:00:00,-17.3141,3.350
3755,14.01.2011 19:00:00,-17.2262
3756,14.01.2011 20:00:00,-17.1585
3757,14.01.2011 21:00:00,-17.1141
3758,14.01.2011 22:00:00,-17.0508
3759,14.01.2011 23:00:00,-17.0027
3760,15.01.2011 00:00:00,-16.9595,3.356
3761,15.01.2011 01:00:00,-16.914
3762,15.01.2011 02:00:00,-16.8769
3763,15.01.2011 03:00:00,-16.8531
3764,15.01.2011 04:00:00,-16.8353
3765,15.01.2011 05:00:00,-16.8211
3766,15.01.2011 06:00:00,-16.8235,3.359
3767,15.01.2011 07:00:00,-16.8332
3768,15.01.2011 08:00:00,-16.8382
3769,15.01.2011 09:00:00,-16.8351
3770,15.01.2011 10:00:00,-16.8336
3771,15.01.2011 11:00:00,-16.8341
3772,15.01.2011 12:00:00,-16.8277,3.358
3773,15.01.2011 13:00:00,-16.8211
3774,15.01.2011 14:00:00,-16.7804
3775,15.01.2011 15:00:00,-16.7318
3776,15.01.2011 16:00:00,-16.6641
3777,15.01.2011 17:00:00,-16.5848
3778,15.01.2011 18:00:00,-16.5218,3.363
3779,15.01.2011 19:00:00,-16.4439
3780,15.01.2011 20:00:00,-16.3715
3781,15.01.2011 21:00:00,-16.3085
3782,15.01.2011 22:00:00,-16.257
3783,15.01.2011 23:00:00,-16.2139
3784,16.01.2011 00:00:00,-16.1793,3.366
3785,16.01.2011 01:00:00,-16.163
3786,16.01.2011 02:00:00,-16.1535
3787,16.01.2011 03:00:00,-16.1586
3788,16.01.2011 04:00:00,-16.1771
3789,16.01.2011 05:00:00,-16.1955
3790,16.01.2011 06:00:00,-16.2334,3.366
3791,16.01.2011 07:00:00,-16.2687
3792,16.01.2011 08:00:00,-16.3177
3793,16.01.2011 09:00:00,-16.3711
3794,16.01.2011 10:00:00,-16.4311
3795,16.01.2011 11:00:00,-16.4847
3796,16.01.2011 12:00:00,-16.5503,3.361
3797,16.01.2011 13:00:00,-16.5867
3798,16.01.2011 14:00:00,-16.617
3799,16.01.2011 15:00:00,-16.6382
3800,16.01.2011 16:00:00,-16.6355
3801,16.01.2011 17:00:00,-16.6068
3802,16.01.2011 18:00:00,-16.5569,3.361
3803,16.01.2011 19:00:00,-16.5056
3804,16.01.2011 20:00:00,-16.4559
3805,16.01.2011 21:00:00,-16.4033
3806,16.01.2011 22:00:00,-16.383
3807,16.01.2011 23:00:00,-16.3641
3808,17.01.2011 00:00:00,-16.3608,3.364
3809,17.01.2011 01:00:00,-16.3787
3810,17.01.2011 02:00:00,-16.3936
3811,17.01.2011 03:00:00,-16.414
3812,17.01.2011 04:00:00,-16.4448
3813,17.01.2011 05:00:00,-16.4911
3814,17.01.2011 06:00:00,-16.5198,3.361
3815,17.01.2011 07:00:00,-16.5589
3816,17.01.2011 08:00:00,-16.5828
3817,17.01.2011 09:00:00,-16.6099
3818,17.01.2011 10:00:00,-16.6411
3819,17.01.2011 11:00:00,-16.6707
3820,17.01.2011 12:00:00,-16.6768,3.359
3821,17.01.2011 13:00:00,-16.6606
3822,17.01.2011 14:00:00,-16.6438
3823,17.01.2011 15:00:00,-16.6023
3824,17.01.2011 16:00:00,-16.5677
3825,17.01.2011 17:00:00,-16.5248
3826,17.01.2011 18:00:00,-16.4535,3.363
3827,17.01.2011 19:00:00,-16.3878
3828,17.01.2011 20:00:00,-16.3171
3829,17.01.2011 21:00:00,-16.2585
3830,17.01.2011 22:00:00,-16.21
3831,17.01.2011 23:00:00,-16.169
3832,18.01.2011 00:00:00,-16.131,3.367
3833,18.01.2011 01:00:00,-16.0982
3834,18.01.2011 02:00:00,-16.0751
3835,18.01.2011 03:00:00,-16.0592
3836,18.01.2011 04:00:00,-16.0544
3837,18.01.2011 05:00:00,-16.0506
3838,18.01.2011 06:00:00,-16.055,3.367
3839,18.01.2011 07:00:00,-16.0685
3840,18.01.2011 08:00:00,-16.0884
3841,18.01.2011 09:00:00,-16.1129
3842,18.01.2011 10:00:00,-16.137
3843,18.01.2011 11:00:00,-16.1622
3844,18.01.2011 12:00:00,-16.1913,3.367
3845,18.01.2011 13:00:00,-16.2213
3846,18.01.2011 14:00:00,-16.2482
3847,18.01.2011 15:00:00,-16.251
3848,18.01.2011 16:00:00,-16.2504
3849,18.01.2011 17:00:00,-16.2353
3850,18.01.2011 18:00:00,-16.2174,3.366
3851,18.01.2011 19:00:00,-16.1835
3852,18.01.2011 20:00:00,-16.154
3853,18.01.2011 21:00:00,-16.1333
3854,18.01.2011 22:00:00,-16.1177
3855,18.01.2011 23:00:00,-16.1008
3856,19.01.2011 00:00:00,-16.0989,3.367
3857,19.01.2011 01:00:00,-16.1064
3858,19.01.2011 02:00:00,-16.1165
3859,19.01.2011 03:00:00,-16.145
3860,19.01.2011 04:00:00,-16.1652
3861,19.01.2011 05:00:00,-16.1999
3862,19.01.2011 06:00:00,-16.2444,3.368
3863,19.01.2011 07:00:00,-16.2868
3864,19.01.2011 08:00:00,-16.3347
3865,19.01.2011 09:00:00,-16.3948
3866,19.01.2011 10:00:00,-16.451
3867,19.01.2011 11:00:00,-16.5122
3868,19.01.2011 12:00:00,-16.567,3.364
3869,19.01.2011 13:00:00,-16.6273
3870,19.01.2011 14:00:00,-16.6633
3871,19.01.2011 15:00:00,-16.7012
3872,19.01.2011 16:00:00,-16.7136
3873,19.01.2011 17:00:00,-16.7125
3874,19.01.2011 18:00:00,-16.6886,3.362
3875,19.01.2011 19:00:00,-16.6687
3876,19.01.2011 20:00:00,-16.6369
3877,19.01.2011 21:00:00,-16.6206
3878,19.01.2011 22:00:00,-16.6108
3879,19.01.2011 23:00:00,-16.6212
3880,20.01.2011 00:00:00,-16.6225,3.361
3881,20.01.2011 01:00:00,-16.6466
3882,20.01.2011 02:00:00,-16.6696
3883,20.01.2011 03:00:00,-16.7075
3884,20.01.2011 04:00:00,-16.7419
3885,20.01.2011 05:00:00,-16.7727
3886,20.01.2011 06:00:00,-16.8172,3.360
3887,20.01.2011 07:00:00,-16.8527
3888,20.01.2011 08:00:00,-16.9032
3889,20.01.2011 09:00:00,-16.9461
3890,20.01.2011 10:00:00,-16.9874
3891,20.01.2011 11:00:00,-17.0264
3892,20.01.2011 12:00:00,-17.0668,3.357
3893,20.01.2011 13:00:00,-17.102
3894,20.01.2011 14:00:00,-17.1242
3895,20.01.2011 15:00:00,-17.1325
3896,20.01.2011 16:00:00,-17.1177
3897,20.01.2011 17:00:00,-17.0918
3898,20.01.2011 18:00:00,-17.0402,3.356
3899,20.01.2011 19:00:00,-16.974
3900,20.01.2011 20:00:00,-16.9131
3901,20.01.2011 21:00:00,-16.8499
3902,20.01.2011 22:00:00,-16.8128
3903,20.01.2011 23:00:00,-16.786
3904,21.01.2011 00:00:00,-16.7658,3.360
3905,21.01.2011 01:00:00,-16.7577
3906,21.01.2011 02:00:00,-16.7547
3907,21.01.2011 03:00:00,-16.7532
3908,21.01.2011 04:00:00,-16.763
3909,21.01.2011 05:00:00,-16.7726
3910,21.01.2011 06:00:00,-16.7936,3.361
3911,21.01.2011 07:00:00,-16.81
3912,21.01.2011 08:00:00,-16.8288
3913,21.01.2011 09:00:00,-16.856
3914,21.01.2011 10:00:00,-16.8897
3915,21.01.2011 11:00:00,-16.9237
3916,21.01.2011 12:00:00,-16.9569,3.360
3917,21.01.2011 13:00:00,-16.9909
3918,21.01.2011 14:00:00,-17.0156
3919,21.01.2011 15:00:00,-17.0241
3920,21.01.2011 16:00:00,-17.0146
3921,21.01.2011 17:00:00,-16.9745
3922,21.01.2011 18:00:00,-16.9123,3.358
3923,21.01.2011 19:00:00,-16.837
3924,21.01.2011 20:00:00,-16.7837
3925,21.01.2011 21:00:00,-16.7265
3926,21.01.2011 22:00:00,-16.6732
3927,21.01.2011 23:00:00,-16.6239
3928,22.01.2011 00:00:00,-16.5938,3.364
3929,22.01.2011 01:00:00,-16.5834
3930,22.01.2011 02:00:00,-16.5791
3931,22.01.2011 03:00:00,-16.5766
3932,22.01.2011 04:00:00,-16.5817
3933,22.01.2011 05:00:00,-16.6016
3934,22.01.2011 06:00:00,-16.6155,3.364
3935,22.01.2011 07:00:00,-16.6441
3936,22.01.2011 08:00:00,-16.6688
3937,22.01.2011 09:00:00,-16.6875
3938,22.01.2011 10:00:00,-16.6991
3939,22.01.2011 11:00:00,-16.7145
3940,22.01.2011 12:00:00,-16.7231,3.360
3941,22.01.2011 13:00:00,-16.7197
3942,22.01.2011 14:00:00,-16.7198
3943,22.01.2011 15:00:00,-16.695
3944,22.01.2011 16:00:00,-16.6671
3945,22.01.2011 17:00:00,-16.616
3946,22.01.2011 18:00:00,-16.5811,3.363
3947,22.01.2011 19:00:00,-16.5404
3948,22.01.2011 20:00:00,-16.4823
3949,22.01.2011 21:00:00,-16.4377
3950,22.01.2011 22:00:00,-16.4068
3951,22.01.2011 23:00:00,-16.3755
3952,23.01.2011 00:00:00,-16.3633,3.369
3953,23.01.2011 01:00:00,-16.3602
3954,23.01.2011 02:00:00,-16.3679
3955,23.01.2011 03:00:00,-16.3805
3956,23.01.2011 04:00:00,-16.4111
3957,23.01.2011 05:00:00,-16.452
3958,23.01.2011 06:00:00,-16.4755,3.365
3959,23.01.2011 07:00:00,-16.5209
3960,23.01.2011 08:00:00,-16.5588
3961,23.01.2011 09:00:00,-16.5936
3962,23.01.2011 10:00:00,-16.6338
3963,23.01.2011 11:00:00,-16.6971
3964,23.01.2011 12:00:00,-16.7554,3.364
3965,23.01.2011 13:00:00,-16.791
3966,23.01.2011 14:00:00,-16.8015
3967,23.01.2011 15:00:00,-16.8124
3968,23.01.2011 16:00:00,-16.795
3969,23.01.2011 17:00:00,-16.7602
3970,23.01.2011 18:00:00,-16.7188,3.363
3971,23.01.2011 19:00:00,-16.6676
3972,23.01.2011 20:00:00,-16.6036
3973,23.01.2011 21:00:00,-16.5636
3974,23.01.2011 22:00:00,-16.5273
3975,23.01.2011 23:00:00,-16.4848
3976,24.01.2011 00:00:00,-16.4486,3.366
3977,24.01.2011 01:00:00,-16.4214
3978,24.01.2011 02:00:00,-16.4065
3979,24.01.2011 03:00:00,-16.3934
3980,24.01.2011 04:00:00,-16.3855
3981,24.01.2011 05:00:00,-16.3907
3982,24.01.2011 06:00:00,-16.3937,3.366
3983,24.01.2011 07:00:00,-16.4022
3984,24.01.2011 08:00:00,-16.4074
3985,24.01.2011 09:00:00,-16.4283
3986,24.01.2011 10:00:00,-16.4435
3987,24.01.2011 11:00:00,-16.4578
3988,24.01.2011 12:00:00,-16.4854,3.365
3989,24.01.2011 13:00:00,-16.4872
3990,24.01.2011 14:00:00,-16.4978
3991,24.01.2011 15:00:00,-16.4934
3992,24.01.2011 16:00:00,-16.4708
3993,24.01.2011 17:00:00,-16.4457
3994,24.01.2011 18:00:00,-16.4142,3.366
3995,24.01.2011 19:00:00,-16.3884
3996,24.01.2011 20:00:00,-16.3492
3997,24.01.2011 21:00:00,-16.3263
3998,24.01.2011 22:00:00,-16.3088
3999,24.01.2011 23:00:00,-16.292
4000,25.01.2011 00:00:00,-16.2834,3.367
4001,25.01.2011 01:00:00,-16.2847
4002,25.01.2011 02:00:00,-16.2988
4003,25.01.2011 03:00:00,-16.313
4004,25.01.2011 04:00:00,-16.3347
4005,25.01.2011 05:00:00,-16.3581
4006,25.01.2011 06:00:00,-16.3855,3.367
4007,25.01.2011 07:00:00,-16.4314
4008,25.01.2011 08:00:00,-16.4677
4009,25.01.2011 09:00:00,-16.5134
4010,25.01.2011 10:00:00,-16.5554
4011,25.01.2011 11:00:00,-16.5974
4012,25.01.2011 12:00:00,-16.6684,3.364
4013,25.01.2011 13:00:00,-16.7214
4014,25.01.2011 14:00:00,-16.768
4015,25.01.2011 15:00:00,-16.7944
4016,25.01.2011 16:00:00,-16.8086
4017,25.01.2011 17:00:00,-16.807
4018,25.01.2011 18:00:00,-16.7955,3.362
4019,25.01.2011 19:00:00,-16.7846
4020,25.01.2011 20:00:00,-16.7786
4021,25.01.2011 21:00:00,-16.773
4022,25.01.2011 22:00:00,-16.7849
4023,25.01.2011 23:00:00,-16.8073
4024,26.01.2011 00:00:00,-16.8421,3.362
4025,26.01.2011 01:00:00,-16.8773
4026,26.01.2011 02:00:00,-16.9378
4027,26.01.2011 03:00:00,-17.0054
4028,26.01.2011 04:00:00,-17.0728
4029,26.01.2011 05:00:00,-17.1361
4030,26.01.2011 06:00:00,-17.2014,3.359
4031,26.01.2011 07:00:00,-17.2765
4032,26.01.2011 08:00:00,-17.3534
4033,26.01.2011 09:00:00,-17.4192
4034,26.01.2011 10:00:00,-17.4769
4035,26.01.2011 11:00:00,-17.5262
4036,26.01.2011 12:00:00,-17.575,3.353
4037,26.01.2011 13:00:00,-17.6044
4038,26.01.2011 14:00:00,-17.6243
4039,26.01.2011 15:00:00,-17.6228
4040,26.01.2011 16:00:00,-17.5841
4041,26.01.2011 17:00:00,-17.5307
4042,26.01.2011 18:00:00,-17.4827,3.354
4043,26.01.2011 19:00:00,-17.4243
4044,26.01.2011 20:00:00,-17.3729
4045,26.01.2011 21:00:00,-17.3198
4046,26.01.2011 22:00:00,-17.2827
4047,26.01.2011 23:00:00,-17.2673
4048,27.01.2011 00:00:00,-17.2732,3.359
4049,27.01.2011 01:00:00,-17.2858
4050,27.01.2011 02:00:00,-17.3347
4051,27.01.2011 03:00:00,-17.3859
4052,27.01.2011 04:00:00,-17.4286
4053,27.01.2011 05:00:00,-17.49
4054,27.01.2011 06:00:00,-17.5453,3.356
4055,27.01.2011 07:00:00,-17.6327
4056,27.01.2011 08:00:00,-17.6939
4057,27.01.2011 09:00:00,-17.7887
4058,27.01.2011 10:00:00,-17.8785
4059,27.01.2011 11:00:00,-17.9233
4060,27.01.2011 12:00:00,-17.9977,3.349
4061,27.01.2011 13:00:00,-18.0376
4062,27.01.2011 14:00:00,-18.0699
4063,27.01.2011 15:00:00,-18.0714
4064,27.01.2011 16:00:00,-18.0472
4065,27.01.2011 17:00:00,-17.9777
4066,27.01.2011 18:00:00,-17.8905,3.349
4067,27.01.2011 19:00:00,-17.8013
4068,27.01.2011 20:00:00,-17.6945
4069,27.01.2011 21:00:00,-17.6285
4070,27.01.2011 22:00:00,-17.5647
4071,27.01.2011 23:00:00,-17.5321
4072,28.01.2011 00:00:00,-17.5115,3.355
4073,28.01.2011 01:00:00,-17.5207
4074,28.01.2011 02:00:00,-17.5284
4075,28.01.2011 03:00:00,-17.5515
4076,28.01.2011 04:00:00,-17.6031
4077,28.01.2011 05:00:00,-17.6309
4078,28.01.2011 06:00:00,-17.6664,3.353
4079,28.01.2011 07:00:00,-17.7236
4080,28.01.2011 08:00:00,-17.775
4081,28.01.2011 09:00:00,-17.8278
4082,28.01.2011 10:00:00,-17.8789
4083,28.01.2011 11:00:00,-17.921
4084,28.01.2011 12:00:00,-17.9492,3.348
4085,28.01.2011 13:00:00,-17.9891
4086,28.01.2011 14:00:00,-18.0006
4087,28.01.2011 15:00:00,-17.9851
4088,28.01.2011 16:00:00,-17.9356
4089,28.01.2011 17:00:00,-17.8633
4090,28.01.2011 18:00:00,-17.7464,3.352
4091,28.01.2011 19:00:00,-17.625
4092,28.01.2011 20:00:00,-17.5107
4093,28.01.2011 21:00:00,-17.4241
4094,28.01.2011 22:00:00,-17.3613
4095,28.01.2011 23:00:00,-17.3076
4096,29.01.2011 00:00:00,-17.2591,3.359
4097,29.01.2011 01:00:00,-17.2363
4098,29.01.2011 02:00:00,-17.2217
4099,29.01.2011 03:00:00,-17.2352
4100,29.01.2011 04:00:00,-17.2494
4101,29.01.2011 05:00:00,-17.2851
4102,29.01.2011 06:00:00,-17.3163,3.359
4103,29.01.2011 07:00:00,-17.3513
4104,29.01.2011 08:00:00,-17.3963
4105,29.01.2011 09:00:00,-17.4265
4106,29.01.2011 10:00:00,-17.4802
4107,29.01.2011 11:00:00,-17.5139
4108,29.01.2011 12:00:00,-17.5788,3.354
4109,29.01.2011 13:00:00,-17.6124
4110,29.01.2011 14:00:00,-17.6235
4111,29.01.2011 15:00:00,-17.6135
4112,29.01.2011 16:00:00,-17.5765
4113,29.01.2011 17:00:00,-17.5039
4114,29.01.2011 18:00:00,-17.4178,3.358
4115,29.01.2011 19:00:00,-17.3156
4116,29.01.2011 20:00:00,-17.21
4117,29.01.2011 21:00:00,-17.1383
4118,29.01.2011 22:00:00,-17.0813
4119,29.01.2011 23:00:00,-17.0393
4120,30.01.2011 00:00:00,-17.0115,3.364
4121,30.01.2011 01:00:00,-16.994
4122,30.01.2011 02:00:00,-16.9966
4123,30.01.2011 03:00:00,-17.012
4124,30.01.2011 04:00:00,-17.0271
4125,30.01.2011 05:00:00,-17.0493
4126,30.01.2011 06:00:00,-17.0743,3.361
4127,30.01.2011 07:00:00,-17.0979
4128,30.01.2011 08:00:00,-17.1235
4129,30.01.2011 09:00:00,-17.1495
4130,30.01.2011 10:00:00,-17.1557
4131,30.01.2011 11:00:00,-17.1851
4132,30.01.2011 12:00:00,-17.2033,3.359
4133,30.01.2011 13:00:00,-17.2199
4134,30.01.2011 14:00:00,-17.2035
4135,30.01.2011 15:00:00,-17.1782
4136,30.01.2011 16:00:00,-17.119
4137,30.01.2011 17:00:00,-17.0233
4138,30.01.2011 18:00:00,-16.9023,3.363
4139,30.01.2011 19:00:00,-16.7745
4140,30.01.2011 20:00:00,-16.6418
4141,30.01.2011 21:00:00,-16.5306
4142,30.01.2011 22:00:00,-16.4335
4143,30.01.2011 23:00:00,-16.3453
4144,31.01.2011 00:00:00,-16.2835,3.371
4145,31.01.2011 01:00:00,-16.2441
4146,31.01.2011 02:00:00,-16.2152
4147,31.01.2011 03:00:00,-16.192
4148,31.01.2011 04:00:00,-16.1891
4149,31.01.2011 05:00:00,-16.2038
4150,31.01.2011 06:00:00,-16.2139,3.374
4151,31.01.2011 07:00:00,-16.2387
4152,31.01.2011 08:00:00,-16.2587
4153,31.01.2011 09:00:00,-16.2736
4154,31.01.2011 10:00:00,-16.2831
4155,31.01.2011 11:00:00,-16.3038
4156,31.01.2011 12:00:00,-16.2919,3.372
4157,31.01.2011 13:00:00,-16.2792
4158,31.01.2011 14:00:00,-16.2442
4159,31.01.2011 15:00:00,-16.189
4160,31.01.2011 16:00:00,-16.1191
4161,31.01.2011 17:00:00,-16.0208
4162,31.01.2011 18:00:00,-15.9182,3.376
4163,31.01.2011 19:00:00,-15.8069
4164,31.01.2011 20:00:00,-15.7021
4165,31.01.2011 21:00:00,-15.6085
4166,31.01.2011 22:00:00,-15.5278
4167,31.01.2011 23:00:00,-15.446
4168,01.02.2011 00:00:00,-15.3832,3.381
4169,01.02.2011 01:00:00,-15.3406
4170,01.02.2011 02:00:00,-15.32
4171,01.02.2011 03:00:00,-15.2931
4172,01.02.2011 04:00:00,-15.2653
4173,01.02.2011 05:00:00,-15.2422
4174,01.02.2011 06:00:00,-15.2244,3.386
4175,01.02.2011 07:00:00,-15.2129
4176,01.02.2011 08:00:00,-15.195
4177,01.02.2011 09:00:00,-15.1807
4178,01.02.2011 10:00:00,-15.16
4179,01.02.2011 11:00:00,-15.1407
4180,01.02.2011 12:00:00,-15.1215,3.388
4181,01.02.2011 13:00:00,-15.0985
4182,01.02.2011 14:00:00,-15.0714
4183,01.02.2011 15:00:00,-15.0336
4184,01.02.2011 16:00:00,-14.9645
4185,01.02.2011 17:00:00,-14.9011
4186,01.02.2011 18:00:00,-14.8102,3.388
4187,01.02.2011 19:00:00,-14.7257
4188,01.02.2011 20:00:00,-14.6494
4189,01.02.2011 21:00:00,-14.5714
4190,01.02.2011 22:00:00,-14.5104
4191,01.02.2011 23:00:00,-14.4594
4192,02.02.2011 00:00:00,-14.4217,3.394
4193,02.02.2011 01:00:00,-14.3842
4194,02.02.2011 02:00:00,-14.3544
4195,02.02.2011 03:00:00,-14.3244
4196,02.02.2011 04:00:00,-14.3062
4197,02.02.2011 05:00:00,-14.2934
4198,02.02.2011 06:00:00,-14.2845,3.397
4199,02.02.2011 07:00:00,-14.2806
4200,02.02.2011 08:00:00,-14.2693
4201,02.02.2011 09:00:00,-14.2575
4202,02.02.2011 10:00:00,-14.2613
4203,02.02.2011 11:00:00,-14.2543
4204,02.02.2011 12:00:00,-14.2517,3.398
4205,02.02.2011 13:00:00,-14.2276
4206,02.02.2011 14:00:00,-14.1906
4207,02.02.2011 15:00:00,-14.1262
4208,02.02.2011 16:00:00,-14.0507
4209,02.02.2011 17:00:00,-13.9879
4210,02.02.2011 18:00:00,-13.9124,3.399
4211,02.02.2011 19:00:00,-13.8072
4212,02.02.2011 20:00:00,-13.7208
4213,02.02.2011 21:00:00,-13.6443
4214,02.02.2011 22:00:00,-13.5608
4215,02.02.2011 23:00:00,-13.5052
4216,03.02.2011 00:00:00,-13.4555,3.407
4217,03.02.2011 01:00:00,-13.3971
4218,03.02.2011 02:00:00,-13.3634
4219,03.02.2011 03:00:00,-13.3412
4220,03.02.2011 04:00:00,-13.3138
4221,03.02.2011 05:00:00,-13.2875
4222,03.02.2011 06:00:00,-13.2692,3.408
4223,03.02.2011 07:00:00,-13.2622
4224,03.02.2011 08:00:00,-13.2555
4225,03.02.2011 09:00:00,-13.2571
4226,03.02.2011 10:00:00,-13.2606
4227,03.02.2011 11:00:00,-13.2679
4228,03.02.2011 12:00:00,-13.2708,3.408
4229,03.02.2011 13:00:00,-13.2666
4230,03.02.2011 14:00:00,-13.2512
4231,03.02.2011 15:00:00,-13.2263
4232,03.02.2011 16:00:00,-13.1964
4233,03.02.2011 17:00:00,-13.1551
4234,03.02.2011 18:00:00,-13.1079,3.412
4235,03.02.2011 19:00:00,-13.0678
4236,03.02.2011 20:00:00,-13.0147
4237,03.02.2011 21:00:00,-12.9792
4238,03.02.2011 22:00:00,-12.9537
4239,03.02.2011 23:00:00,-12.9342
4240,04.02.2011 00:00:00,-12.9256,3.414
4241,04.02.2011 01:00:00,-12.9409
4242,04.02.2011 02:00:00,-12.9515
4243,04.02.2011 03:00:00,-12.9635
4244,04.02.2011 04:00:00,-12.9859
4245,04.02.2011 05:00:00,-13.0034
4246,04.02.2011 06:00:00,-13.0217,3.413
4247,04.02.2011 07:00:00,-13.0586
4248,04.02.2011 08:00:00,-13.0778
4249,04.02.2011 09:00:00,-13.1009
4250,04.02.2011 10:00:00,-13.1297
4251,04.02.2011 11:00:00,-13.1608
4252,04.02.2011 12:00:00,-13.184,3.410
4253,04.02.2011 13:00:00,-13.1895
4254,04.02.2011 14:00:00,-13.1876
4255,04.02.2011 15:00:00,-13.1711
4256,04.02.2011 16:00:00,-13.1492
4257,04.02.2011 17:00:00,-13.1093
4258,04.02.2011 18:00:00,-13.0515,3.411
4259,04.02.2011 19:00:00,-12.9937
4260,04.02.2011 20:00:00,-12.9386
4261,04.02.2011 21:00:00,-12.8971
4262,04.02.2011 22:00:00,-12.8475
4263,04.02.2011 23:00:00,-12.8087
4264,05.02.2011 00:00:00,-12.7865,3.415
4265,05.02.2011 01:00:00,-12.7666
4266,05.02.2011 02:00:00,-12.7583
4267,05.02.2011 03:00:00,-12.7473
4268,05.02.2011 04:00:00,-12.7326
4269,05.02.2011 05:00:00,-12.7101
4270,05.02.2011 06:00:00,-12.6995,3.414
4271,05.02.2011 07:00:00,-12.6878
4272,05.02.2011 08:00:00,-12.6799
4273,05.02.2011 09:00:00,-12.6755
4274,05.02.2011 10:00:00,-12.6574
4275,05.02.2011 11:00:00,-12.6593
4276,05.02.2011 12:00:00,-12.6504,3.417
4277,05.02.2011 13:00:00,-12.6421
4278,05.02.2011 14:00:00,-12.6293
4279,05.02.2011 15:00:00,-12.6115
4280,05.02.2011 16:00:00,-12.5818
4281,05.02.2011 17:00:00,-12.5641
4282,05.02.2011 18:00:00,-12.5318,3.419
4283,05.02.2011 19:00:00,-12.498
4284,05.02.2011 20:00:00,-12.4683
4285,05.02.2011 21:00:00,-12.4311
4286,05.02.2011 22:00:00,-12.4085
4287,05.02.2011 23:00:00,-12.3934
4288,06.02.2011 00:00:00,-12.3861,3.418
4289,06.02.2011 01:00:00,-12.3716
4290,06.02.2011 02:00:00,-12.3665
4291,06.02.2011 03:00:00,-12.3627
4292,06.02.2011 04:00:00,-12.35
4293,06.02.2011 05:00:00,-12.3494
4294,06.02.2011 06:00:00,-12.3486,3.419
4295,06.02.2011 07:00:00,-12.3607
4296,06.02.2011 08:00:00,-12.371
4297,06.02.2011 09:00:00,-12.3795
4298,06.02.2011 10:00:00,-12.3887
4299,06.02.2011 11:00:00,-12.4021
4300,06.02.2011 12:00:00,-12.4105,3.419
4301,06.02.2011 13:00:00,-12.4237
4302,06.02.2011 14:00:00,-12.4265
4303,06.02.2011 15:00:00,-12.4402
4304,06.02.2011 16:00:00,-12.4315
4305,06.02.2011 17:00:00,-12.4353
4306,06.02.2011 18:00:00,-12.4178,3.419
4307,06.02.2011 19:00:00,-12.4048
4308,06.02.2011 20:00:00,-12.3923
4309,06.02.2011 21:00:00,-12.3751
4310,06.02.2011 22:00:00,-12.3641
4311,06.02.2011 23:00:00,-12.3374
4312,07.02.2011 00:00:00,-12.3244,3.418
4313,07.02.2011 01:00:00,-12.3012
4314,07.02.2011 02:00:00,-12.3066
4315,07.02.2011 03:00:00,-12.2957
4316,07.02.2011 04:00:00,-12.2965
4317,07.02.2011 05:00:00,-12.2929
4318,07.02.2011 06:00:00,-12.2889,3.419
4319,07.02.2011 07:00:00,-12.2844
4320,07.02.2011 08:00:00,-12.2963
4321,07.02.2011 09:00:00,-12.2969
4322,07.02.2011 10:00:00,-12.297
4323,07.02.2011 11:00:00,-12.2994
4324,07.02.2011 12:00:00,-12.3011,3.420
4325,07.02.2011 13:00:00,-12.283
4326,07.02.2011 14:00:00,-12.2955
4327,07.02.2011 15:00:00,-12.2947
4328,07.02.2011 16:00:00,-12.2907
4329,07.02.2011 17:00:00,-12.2812
4330,07.02.2011 18:00:00,-12.2699,3.419
4331,07.02.2011 19:00:00,-12.2646
4332,07.02.2011 20:00:00,-12.2509
4333,07.02.2011 21:00:00,-12.2383
4334,07.02.2011 22:00:00,-12.2374
4335,07.02.2011 23:00:00,-12.2338
4336,08.02.2011 00:00:00,-12.2222,3.421
4337,08.02.2011 01:00:00,-12.2222
4338,08.02.2011 02:00:00,-12.2275
4339,08.02.2011 03:00:00,-12.2249
4340,08.02.2011 04:00:00,-12.2321
4341,08.02.2011 05:00:00,-12.238
4342,08.02.2011 06:00:00,-12.2336,3.420
4343,08.02.2011 07:00:00,-12.2383
4344,08.02.2011 08:00:00,-12.2468
4345,08.02.2011 09:00:00,-12.2563
4346,08.02.2011 10:00:00,-12.2699
4347,08.02.2011 11:00:00,-12.2863
4348,08.02.2011 12:00:00,-12.3108,3.420
4349,08.02.2011 13:00:00,-12.3152
4350,08.02.2011 14:00:00,-12.3391
4351,08.02.2011 15:00:00,-12.3555
4352,08.02.2011 16:00:00,-12.3734
4353,08.02.2011 17:00:00,-12.381
4354,08.02.2011 18:00:00,-12.3758,3.417
4355,08.02.2011 19:00:00,-12.3833
4356,08.02.2011 20:00:00,-12.3831
4357,08.02.2011 21:00:00,-12.3815
4358,08.02.2011 22:00:00,-12.3833
4359,08.02.2011 23:00:00,-12.3872
4360,09.02.2011 00:00:00,-12.3937,3.419
4361,09.02.2011 01:00:00,-12.3965
4362,09.02.2011 02:00:00,-12.3985
4363,09.02.2011 03:00:00,-12.4062
4364,09.02.2011 04:00:00,-12.4217
4365,09.02.2011 05:00:00,-12.42
4366,09.02.2011 06:00:00,-12.4197,3.419
4367,09.02.2011 07:00:00,-12.4358
4368,09.02.2011 08:00:00,-12.4406
4369,09.02.2011 09:00:00,-12.4594
4370,09.02.2011 10:00:00,-12.4616
4371,09.02.2011 11:00:00,-12.4671
4372,09.02.2011 12:00:00,-12.4703,3.417
4373,09.02.2011 13:00:00,-12.4802
4374,09.02.2011 14:00:00,-12.4862
4375,09.02.2011 15:00:00,-12.4834
4376,09.02.2011 16:00:00,-12.4803
4377,09.02.2011 17:00:00,-12.4705
4378,09.02.2011 18:00:00,-12.4539,3.417
4379,09.02.2011 19:00:00,-12.4425
4380,09.02.2011 20:00:00,-12.4224
4381,09.02.2011 21:00:00,-12.4002
4382,09.02.2011 22:00:00,-12.3961
4383,09.02.2011 23:00:00,-12.385
4384,10.02.2011 00:00:00,-12.3836,3.420
4385,10.02.2011 01:00:00,-12.3789
4386,10.02.2011 02:00:00,-12.3729
4387,10.02.2011 03:00:00,-12.3799
4388,10.02.2011 04:00:00,-12.3867
4389,10.02.2011 05:00:00,-12.3882
4390,10.02.2011 06:00:00,-12.3968,3.419
4391,10.02.2011 07:00:00,-12.4121
4392,10.02.2011 08:00:00,-12.4145
4393,10.02.2011 09:00:00,-12.4326
4394,10.02.2011 10:00:00,-12.4535
4395,10.02.2011 11:00:00,-12.4788
4396,10.02.2011 12:00:00,-12.5111,3.416
4397,10.02.2011 13:00:00,-12.5397
4398,10.02.2011 14:00:00,-12.5775
4399,10.02.2011 15:00:00,-12.6159
4400,10.02.2011 16:00:00,-12.6396
4401,10.02.2011 17:00:00,-12.6596
4402,10.02.2011 18:00:00,-12.6774,3.415
4403,10.02.2011 19:00:00,-12.6787
4404,10.02.2011 20:00:00,-12.6899
4405,10.02.2011 21:00:00,-12.6976
4406,10.02.2011 22:00:00,-12.7152
4407,10.02.2011 23:00:00,-12.7384
4408,11.02.2011 00:00:00,-12.7691,3.413
4409,11.02.2011 01:00:00,-12.7877
4410,11.02.2011 02:00:00,-12.8324
4411,11.02.2011 03:00:00,-12.8796
4412,11.02.2011 04:00:00,-12.9316
4413,11.02.2011 05:00:00,-12.9786
4414,11.02.2011 06:00:00,-13.033,3.409
4415,11.02.2011 07:00:00,-13.0938
4416,11.02.2011 08:00:00,-13.1498
4417,11.02.2011 09:00:00,-13.2104
4418,11.02.2011 10:00:00,-13.2717
4419,11.02.2011 11:00:00,-13.3248
4420,11.02.2011 12:00:00,-13.3871,3.408
4421,11.02.2011 13:00:00,-13.4362
4422,11.02.2011 14:00:00,-13.4962
4423,11.02.2011 15:00:00,-13.5252
4424,11.02.2011 16:00:00,-13.5459
4425,11.02.2011 17:00:00,-13.5566
4426,11.02.2011 18:00:00,-13.5544,3.404
4427,11.02.2011 19:00:00,-13.5379
4428,11.02.2011 20:00:00,-13.5154
4429,11.02.2011 21:00:00,-13.4944
4430,11.02.2011 22:00:00,-13.4674
4431,11.02.2011 23:00:00,-13.4434
4432,12.02.2011 00:00:00,-13.4333,3.407
4433,12.02.2011 01:00:00,-13.4192
4434,12.02.2011 02:00:00,-13.4164
4435,12.02.2011 03:00:00,-13.4274
4436,12.02.2011 04:00:00,-13.4355
4437,12.02.2011 05:00:00,-13.4366
4438,12.02.2011 06:00:00,-13.4553,3.404
4439,12.02.2011 07:00:00,-13.4612
4440,12.02.2011 08:00:00,-13.4851
4441,12.02.2011 09:00:00,-13.5007
4442,12.02.2011 10:00:00,-13.5165
4443,12.02.2011 11:00:00,-13.5296
4444,12.02.2011 12:00:00,-13.5394,3.404
4445,12.02.2011 13:00:00,-13.5481
4446,12.02.2011 14:00:00,-13.5612
4447,12.02.2011 15:00:00,-13.5543
4448,12.02.2011 16:00:00,-13.5445
4449,12.02.2011 17:00:00,-13.5258
4450,12.02.2011 18:00:00,-13.4839,3.404
4451,12.02.2011 19:00:00,-13.4211
4452,12.02.2011 20:00:00,-13.366
4453,12.02.2011 21:00:00,-13.3161
4454,12.02.2011 22:00:00,-13.2557
4455,12.02.2011 23:00:00,-13.201
4456,13.02.2011 00:00:00,-13.1517,3.408
4457,13.02.2011 01:00:00,-13.1105
4458,13.02.2011 02:00:00,-13.0781
4459,13.02.2011 03:00:00,-13.0559
4460,13.02.2011 04:00:00,-13.032
4461,13.02.2011 05:00:00,-13.0252
4462,13.02.2011 06:00:00,-13.0104,3.412
4463,13.02.2011 07:00:00,-13.0043
4464,13.02.2011 08:00:00,-12.9954
4465,13.02.2011 09:00:00,-12.9793
4466,13.02.2011 10:00:00,-12.9846
4467,13.02.2011 11:00:00,-12.9726
4468,13.02.2011 12:00:00,-12.963,3.412
4469,13.02.2011 13:00:00,-12.962
4470,13.02.2011 14:00:00,-12.94
4471,13.02.2011 15:00:00,-12.9202
4472,13.02.2011 16:00:00,-12.8948
4473,13.02.2011 17:00:00,-12.8537
4474,13.02.2011 18:00:00,-12.797,3.415
4475,13.02.2011 19:00:00,-12.7571
4476,13.02.2011 20:00:00,-12.6781
4477,13.02.2011 21:00:00,-12.622
4478,13.02.2011 22:00:00,-12.5527
4479,13.02.2011 23:00:00,-12.5034
4480,14.02.2011 00:00:00,-12.4598,3.418
4481,14.02.2011 01:00:00,-12.415
4482,14.02.2011 02:00:00,-12.3852
4483,14.02.2011 03:00:00,-12.3517
4484,14.02.2011 04:00:00,-12.3316
4485,14.02.2011 05:00:00,-12.3022
4486,14.02.2011 06:00:00,-12.2805,3.420
4487,14.02.2011 07:00:00,-12.2651
4488,14.02.2011 08:00:00,-12.2468
4489,14.02.2011 09:00:00,-12.247
4490,14.02.2011 10:00:00,-12.237
4491,14.02.2011 11:00:00,-12.2371
4492,14.02.2011 12:00:00,-12.2403,3.421
4493,14.02.2011 13:00:00,-12.2364
4494,14.02.2011 14:00:00,-12.244
4495,14.02.2011 15:00:00,-12.2567
4496,14.02.2011 16:00:00,-12.2558
4497,14.02.2011 17:00:00,-12.2474
4498,14.02.2011 18:00:00,-12.2491,3.419
4499,14.02.2011 19:00:00,-12.2335
4500,14.02.2011 20:00:00,-12.2193
4501,14.02.2011 21:00:00,-12.2113
4502,14.02.2011 22:00:00,-12.207
4503,14.02.2011 23:00:00,-12.2056
4504,15.02.2011 00:00:00,-12.2182,3.422
4505,15.02.2011 01:00:00,-12.2266
4506,15.02.2011 02:00:00,-12.2484
4507,15.02.2011 03:00:00,-12.2752
4508,15.02.2011 04:00:00,-12.3235
4509,15.02.2011 05:00:00,-12.3771
4510,15.02.2011 06:00:00,-12.4139,3.419
4511,15.02.2011 07:00:00,-12.4686
4512,15.02.2011 08:00:00,-12.5187
4513,15.02.2011 09:00:00,-12.5682
4514,15.02.2011 10:00:00,-12.6385
4515,15.02.2011 11:00:00,-12.6934
4516,15.02.2011 12:00:00,-12.7566,3.413
4517,15.02.2011 13:00:00,-12.8032
4518,15.02.2011 14:00:00,-12.8705
4519,15.02.2011 15:00:00,-12.913
4520,15.02.2011 16:00:00,-12.9424
4521,15.02.2011 17:00:00,-12.9586
4522,15.02.2011 18:00:00,-12.9645,3.412
4523,15.02.2011 19:00:00,-12.9606
4524,15.02.2011 20:00:00,-12.9434
4525,15.02.2011 21:00:00,-12.9337
4526,15.02.2011 22:00:00,-12.9195
4527,15.02.2011 23:00:00,-12.91
4528,16.02.2011 00:00:00,-12.9042,3.412
4529,16.02.2011 01:00:00,-12.9129
4530,16.02.2011 02:00:00,-12.9222
4531,16.02.2011 03:00:00,-12.9382
4532,16.02.2011 04:00:00,-12.9537
4533,16.02.2011 05:00:00,-12.9819
4534,16.02.2011 06:00:00,-13.019,3.411
4535,16.02.2011 07:00:00,-13.0588
4536,16.02.2011 08:00:00,-13.0885
4537,16.02.2011 09:00:00,-13.1317
4538,16.02.2011 10:00:00,-13.1753
4539,16.02.2011 11:00:00,-13.2165
4540,16.02.2011 12:00:00,-13.2556,3.406
4541,16.02.2011 13:00:00,-13.2968
4542,16.02.2011 14:00:00,-13.3382
4543,16.02.2011 15:00:00,-13.3642
4544,16.02.2011 16:00:00,-13.373
4545,16.02.2011 17:00:00,-13.3731
4546,16.02.2011 18:00:00,-13.3642,3.405
4547,16.02.2011 19:00:00,-13.3362
4548,16.02.2011 20:00:00,-13.299
4549,16.02.2011 21:00:00,-13.2643
4550,16.02.2011 22:00:00,-13.2276
4551,16.02.2011 23:00:00,-13.1953
4552,17.02.2011 00:00:00,-13.1833,3.409
4553,17.02.2011 01:00:00,-13.1723
4554,17.02.2011 02:00:00,-13.1578
4555,17.02.2011 03:00:00,-13.1658
4556,17.02.2011 04:00:00,-13.1842
4557,17.02.2011 05:00:00,-13.1936
4558,17.02.2011 06:00:00,-13.2153,3.407
4559,17.02.2011 07:00:00,-13.2484
4560,17.02.2011 08:00:00,-13.278
4561,17.02.2011 09:00:00,-13.3158
4562,17.02.2011 10:00:00,-13.3478
4563,17.02.2011 11:00:00,-13.3869
4564,17.02.2011 12:00:00,-13.4183,3.405
4565,17.02.2011 13:00:00,-13.4708
4566,17.02.2011 14:00:00,-13.5009
4567,17.02.2011 15:00:00,-13.5274
4568,17.02.2011 16:00:00,-13.5332
4569,17.02.2011 17:00:00,-13.5354
4570,17.02.2011 18:00:00,-13.5155,3.406
4571,17.02.2011 19:00:00,-13.4787
4572,17.02.2011 20:00:00,-13.4313
4573,17.02.2011 21:00:00,-13.3884
4574,17.02.2011 22:00:00,-13.3564
4575,17.02.2011 23:00:00,-13.3227
4576,18.02.2011 00:00:00,-13.3025,3.407
4577,18.02.2011 01:00:00,-13.2969
4578,18.02.2011 02:00:00,-13.297
4579,18.02.2011 03:00:00,-13.3085
4580,18.02.2011 04:00:00,-13.3288
4581,18.02.2011 05:00:00,-13.3542
4582,18.02.2011 06:00:00,-13.3772,3.406
4583,18.02.2011 07:00:00,-13.4094
4584,18.02.2011 08:00:00,-13.4625
4585,18.02.2011 09:00:00,-13.4996
4586,18.02.2011 10:00:00,-13.5368
4587,18.02.2011 11:00:00,-13.5866
4588,18.02.2011 12:00:00,-13.6352,3.404
4589,18.02.2011 13:00:00,-13.6728
4590,18.02.2011 14:00:00,-13.7106
4591,18.02.2011 15:00:00,-13.7303
4592,18.02.2011 16:00:00,-13.7409
4593,18.02.2011 17:00:00,-13.739
4594,18.02.2011 18:00:00,-13.7135,3.402
4595,18.02.2011 19:00:00,-13.6818
4596,18.02.2011 20:00:00,-13.6384
4597,18.02.2011 21:00:00,-13.5976
4598,18.02.2011 22:00:00,-13.5542
4599,18.02.2011 23:00:00,-13.5273
4600,19.02.2011 00:00:00,-13.5077,3.405
4601,19.02.2011 01:00:00,-13.4914
4602,19.02.2011 02:00:00,-13.49
4603,19.02.2011 03:00:00,-13.4899
4604,19.02.2011 04:00:00,-13.4864
4605,19.02.2011 05:00:00,-13.5041
4606,19.02.2011 06:00:00,-13.517,3.406
4607,19.02.2011 07:00:00,-13.5341
4608,19.02.2011 08:00:00,-13.5445
4609,19.02.2011 09:00:00,-13.5668
4610,19.02.2011 10:00:00,-13.5928
4611,19.02.2011 11:00:00,-13.615
4612,19.02.2011 12:00:00,-13.6326,3.403
4613,19.02.2011 13:00:00,-13.6482
4614,19.02.2011 14:00:00,-13.6591
4615,19.02.2011 15:00:00,-13.6565
4616,19.02.2011 16:00:00,-13.6416
4617,19.02.2011 17:00:00,-13.6155
4618,19.02.2011 18:00:00,-13.5685,3.405
4619,19.02.2011 19:00:00,-13.5205
4620,19.02.2011 20:00:00,-13.4634
4621,19.02.2011 21:00:00,-13.4
4622,19.02.2011 22:00:00,-13.3519
4623,19.02.2011 23:00:00,-13.3018
4624,20.02.2011 00:00:00,-13.2706,3.407
4625,20.02.2011 01:00:00,-13.248
4626,20.02.2011 02:00:00,-13.2243
4627,20.02.2011 03:00:00,-13.2117
4628,20.02.2011 04:00:00,-13.2106
4629,20.02.2011 05:00:00,-13.2086
4630,20.02.2011 06:00:00,-13.2095,3.409
4631,20.02.2011 07:00:00,-13.217
4632,20.02.2011 08:00:00,-13.2152
4633,20.02.2011 09:00:00,-13.2224
4634,20.02.2011 10:00:00,-13.2249
4635,20.02.2011 11:00:00,-13.226
4636,20.02.2011 12:00:00,-13.2339,3.409
4637,20.02.2011 13:00:00,-13.2314
4638,20.02.2011 14:00:00,-13.2235
4639,20.02.2011 15:00:00,-13.2115
4640,20.02.2011 16:00:00,-13.1965
4641,20.02.2011 17:00:00,-13.1743
4642,20.02.2011 18:00:00,-13.1474,3.408
4643,20.02.2011 19:00:00,-13.1148
4644,20.02.2011 20:00:00,-13.0834
4645,20.02.2011 21:00:00,-13.0553
4646,20.02.2011 22:00:00,-13.0265
4647,20.02.2011 23:00:00,-13.016
4648,21.02.2011 00:00:00,-13.0038,3.412
4649,21.02.2011 01:00:00,-13.0056
4650,21.02.2011 02:00:00,-13.0076
4651,21.02.2011 03:00:00,-13.0022
4652,21.02.2011 04:00:00,-13.0259
4653,21.02.2011 05:00:00,-13.0327
4654,21.02.2011 06:00:00,-13.0473,3.412
4655,21.02.2011 07:00:00,-13.071
4656,21.02.2011 08:00:00,-13.0817
4657,21.02.2011 09:00:00,-13.0926
4658,21.02.2011 10:00:00,-13.1054
4659,21.02.2011 11:00:00,-13.1165
4660,21.02.2011 12:00:00,-13.1301,3.410
4661,21.02.2011 13:00:00,-13.1386
4662,21.02.2011 14:00:00,-13.1503
4663,21.02.2011 15:00:00,-13.1579
4664,21.02.2011 16:00:00,-13.157
4665,21.02.2011 17:00:00,-13.1432
4666,21.02.2011 18:00:00,-13.1327,3.409
4667,21.02.2011 19:00:00,-13.1108
4668,21.02.2011 20:00:00,-13.089
4669,21.02.2011 21:00:00,-13.0625
4670,21.02.2011 22:00:00,-13.0341
4671,21.02.2011 23:00:00,-13.0061
4672,22.02.2011 00:00:00,-12.9744,3.412
4673,22.02.2011 01:00:00,-12.9499
4674,22.02.2011 02:00:00,-12.929
4675,22.02.2011 03:00:00,-12.9075
4676,22.02.2011 04:00:00,-12.8875
4677,22.02.2011 05:00:00,-12.8724
4678,22.02.2011 06:00:00,-12.8546,3.414
4679,22.02.2011 07:00:00,-12.8357
4680,22.02.2011 08:00:00,-12.8173
4681,22.02.2011 09:00:00,-12.8052
4682,22.02.2011 10:00:00,-12.7875
4683,22.02.2011 11:00:00,-12.78
4684,22.02.2011 12:00:00,-12.7684,3.414
4685,22.02.2011 13:00:00,-12.7533
4686,22.02.2011 14:00:00,-12.7413
4687,22.02.2011 15:00:00,-12.7215
4688,22.02.2011 16:00:00,-12.7047
4689,22.02.2011 17:00:00,-12.6767
4690,22.02.2011 18:00:00,-12.6562,3.417
4691,22.02.2011 19:00:00,-12.6296
4692,22.02.2011 20:00:00,-12.5858
4693,22.02.2011 21:00:00,-12.5481
4694,22.02.2011 22:00:00,-12.5143
4695,22.02.2011 23:00:00,-12.4827
4696,23.02.2011 00:00:00,-12.4555,3.419
4697,23.02.2011 01:00:00,-12.4201
4698,23.02.2011 02:00:00,-12.4012
4699,23.02.2011 03:00:00,-12.3887
4700,23.02.2011 04:00:00,-12.3711
4701,23.02.2011 05:00:00,-12.3483
4702,23.02.2011 06:00:00,-12.3132,3.420
4703,23.02.2011 07:00:00,-12.3069
4704,23.02.2011 08:00:00,-12.2818
4705,23.02.2011 09:00:00,-12.2782
4706,23.02.2011 10:00:00,-12.2651
4707,23.02.2011 11:00:00,-12.2595
4708,23.02.2011 12:00:00,-12.2558,3.421
4709,23.02.2011 13:00:00,-12.2521
4710,23.02.2011 14:00:00,-12.2466
4711,23.02.2011 15:00:00,-12.2478
4712,23.02.2011 16:00:00,-12.2351
4713,23.02.2011 17:00:00,-12.2335
4714,23.02.2011 18:00:00,-12.216,3.422
4715,23.02.2011 19:00:00,-12.1901
4716,23.02.2011 20:00:00,-12.1744
4717,23.02.2011 21:00:00,-12.1534
4718,23.02.2011 22:00:00,-12.1319
4719,23.02.2011 23:00:00,-12.1179
4720,24.02.2011 00:00:00,-12.0999,3.424
4721,24.02.2011 01:00:00,-12.0907
4722,24.02.2011 02:00:00,-12.0838
4723,24.02.2011 03:00:00,-12.0769
4724,24.02.2011 04:00:00,-12.0761
4725,24.02.2011 05:00:00,-12.0807
4726,24.02.2011 06:00:00,-12.093,3.422
4727,24.02.2011 07:00:00,-12.0965
4728,24.02.2011 08:00:00,-12.1141
4729,24.02.2011 09:00:00,-12.1292
4730,24.02.2011 10:00:00,-12.1403
4731,24.02.2011 11:00:00,-12.1536
4732,24.02.2011 12:00:00,-12.1687,3.422
4733,24.02.2011 13:00:00,-12.1993
4734,24.02.2011 14:00:00,-12.2176
4735,24.02.2011 15:00:00,-12.2346
4736,24.02.2011 16:00:00,-12.2462
4737,24.02.2011 17:00:00,-12.2498
4738,24.02.2011 18:00:00,-12.2468,3.422
4739,24.02.2011 19:00:00,-12.2412
4740,24.02.2011 20:00:00,-12.2356
4741,24.02.2011 21:00:00,-12.2284
4742,24.02.2011 22:00:00,-12.2255
4743,24.02.2011 23:00:00,-12.2232
4744,25.02.2011 00:00:00,-12.2308,3.421
4745,25.02.2011 01:00:00,-12.2365
4746,25.02.2011 02:00:00,-12.2508
4747,25.02.2011 03:00:00,-12.2766
4748,25.02.2011 04:00:00,-12.3063
4749,25.02.2011 05:00:00,-12.351
4750,25.02.2011 06:00:00,-12.3871,3.419
4751,25.02.2011 07:00:00,-12.4171
4752,25.02.2011 08:00:00,-12.4514
4753,25.02.2011 09:00:00,-12.4877
4754,25.02.2011 10:00:00,-12.5191
4755,25.02.2011 11:00:00,-12.5501
4756,25.02.2011 12:00:00,-12.5837,3.418
4757,25.02.2011 13:00:00,-12.621
4758,25.02.2011 14:00:00,-12.6516
4759,25.02.2011 15:00:00,-12.666
4760,25.02.2011 16:00:00,-12.6771
4761,25.02.2011 17:00:00,-12.6922
4762,25.02.2011 18:00:00,-12.7011,3.417
4763,25.02.2011 19:00:00,-12.7022
4764,25.02.2011 20:00:00,-12.7005
4765,25.02.2011 21:00:00,-12.6993
4766,25.02.2011 22:00:00,-12.6905
4767,25.02.2011 23:00:00,-12.6936
4768,26.02.2011 00:00:00,-12.6872,3.415
4769,26.02.2011 01:00:00,-12.6816
4770,26.02.2011 02:00:00,-12.6797
4771,26.02.2011 03:00:00,-12.6838
4772,26.02.2011 04:00:00,-12.6817
4773,26.02.2011 05:00:00,-12.6873
4774,26.02.2011 06:00:00,-12.6916,3.417
4775,26.02.2011 07:00:00,-12.7013
4776,26.02.2011 08:00:00,-12.7107
4777,26.02.2011 09:00:00,-12.7241
4778,26.02.2011 10:00:00,-12.7384
4779,26.02.2011 11:00:00,-12.747
4780,26.02.2011 12:00:00,-12.757,3.414
4781,26.02.2011 13:00:00,-12.7643
4782,26.02.2011 14:00:00,-12.7719
4783,26.02.2011 15:00:00,-12.7757
4784,26.02.2011 16:00:00,-12.7797
4785,26.02.2011 17:00:00,-12.7798
4786,26.02.2011 18:00:00,-12.7822,3.413
4787,26.02.2011 19:00:00,-12.7861
4788,26.02.2011 20:00:00,-12.7812
4789,26.02.2011 21:00:00,-12.7772
4790,26.02.2011 22:00:00,-12.7717
4791,26.02.2011 23:00:00,-12.77
4792,27.02.2011 00:00:00,-12.766,3.416
4793,27.02.2011 01:00:00,-12.7615
4794,27.02.2011 02:00:00,-12.7625
4795,27.02.2011 03:00:00,-12.7574
4796,27.02.2011 04:00:00,-12.7557
4797,27.02.2011 05:00:00,-12.7603
4798,27.02.2011 06:00:00,-12.7638,3.414
4799,27.02.2011 07:00:00,-12.7691
4800,27.02.2011 08:00:00,-12.7683
4801,27.02.2011 09:00:00,-12.777
4802,27.02.2011 10:00:00,-12.7801
4803,27.02.2011 11:00:00,-12.7873
4804,27.02.2011 12:00:00,-12.7952,3.416
4805,27.02.2011 13:00:00,-12.7942
4806,27.02.2011 14:00:00,-12.803
4807,27.02.2011 15:00:00,-12.7983
4808,27.02.2011 16:00:00,-12.7962
4809,27.02.2011 17:00:00,-12.7921
4810,27.02.2011 18:00:00,-12.7824,3.414
4811,27.02.2011 19:00:00,-12.7712
4812,27.02.2011 20:00:00,-12.763
4813,27.02.2011 21:00:00,-12.7549
4814,27.02.2011 22:00:00,-12.7393
4815,27.02.2011 23:00:00,-12.7319
4816,28.02.2011 00:00:00,-12.7331,3.416
4817,28.02.2011 01:00:00,-12.7305
4818,28.02.2011 02:00:00,-12.7458
4819,28.02.2011 03:00:00,-12.7619
4820,28.02.2011 04:00:00,-12.7767
4821,28.02.2011 05:00:00,-12.8013
4822,28.02.2011 06:00:00,-12.843,3.414
4823,28.02.2011 07:00:00,-12.889
4824,28.02.2011 08:00:00,-12.9243
4825,28.02.2011 09:00:00,-12.9612
4826,28.02.2011 10:00:00,-13.0058
4827,28.02.2011 11:00:00,-13.0589
4828,28.02.2011 12:00:00,-13.0961,3.409
4829,28.02.2011 13:00:00,-13.1376
4830,28.02.2011 14:00:00,-13.1715
4831,28.02.2011 15:00:00,-13.1966
4832,28.02.2011 16:00:00,-13.2062
4833,28.02.2011 17:00:00,-13.2207
4834,28.02.2011 18:00:00,-13.2266,3.410
4835,28.02.2011 19:00:00,-13.2306
4836,28.02.2011 20:00:00,-13.2235
4837,28.02.2011 21:00:00,-13.2066
4838,28.02.2011 22:00:00,-13.2017
4839,28.02.2011 23:00:00,-13.1957
4840,01.03.2011 00:00:00,-13.1954,3.409
4841,01.03.2011 01:00:00,-13.1989
4842,01.03.2011 02:00:00,-13.203
4843,01.03.2011 03:00:00,-13.2186
4844,01.03.2011 04:00:00,-13.2371
4845,01.03.2011 05:00:00,-13.2612
4846,01.03.2011 06:00:00,-13.281,3.409
4847,01.03.2011 07:00:00,-13.3089
4848,01.03.2011 08:00:00,-13.3402
4849,01.03.2011 09:00:00,-13.3715
4850,01.03.2011 10:00:00,-13.3967
4851,01.03.2011 11:00:00,-13.4392
4852,01.03.2011 12:00:00,-13.4735,3.406
4853,01.03.2011 13:00:00,-13.5027
4854,01.03.2011 14:00:00,-13.5246
4855,01.03.2011 15:00:00,-13.533
4856,01.03.2011 16:00:00,-13.5399
4857,01.03.2011 17:00:00,-13.5325
4858,01.03.2011 18:00:00,-13.5143,3.407
4859,01.03.2011 19:00:00,-13.4887
4860,01.03.2011 20:00:00,-13.4413
4861,01.03.2011 21:00:00,-13.3936
4862,01.03.2011 22:00:00,-13.357
4863,01.03.2011 23:00:00,-13.3324
4864,02.03.2011 00:00:00,-13.2939,3.409
4865,02.03.2011 01:00:00,-13.269
4866,02.03.2011 02:00:00,-13.2538
4867,02.03.2011 03:00:00,-13.2433
4868,02.03.2011 04:00:00,-13.2335
4869,02.03.2011 05:00:00,-13.2286
4870,02.03.2011 06:00:00,-13.2234,3.410
4871,02.03.2011 07:00:00,-13.2369
4872,02.03.2011 08:00:00,-13.2412
4873,02.03.2011 09:00:00,-13.2502
4874,02.03.2011 10:00:00,-13.2608
4875,02.03.2011 11:00:00,-13.2745
4876,02.03.2011 12:00:00,-13.2977,3.408
4877,02.03.2011 13:00:00,-13.3167
4878,02.03.2011 14:00:00,-13.3351
4879,02.03.2011 15:00:00,-13.345
4880,02.03.2011 16:00:00,-13.3456
4881,02.03.2011 17:00:00,-13.3375
4882,02.03.2011 18:00:00,-13.3207,3.411
4883,02.03.2011 19:00:00,-13.2916
4884,02.03.2011 20:00:00,-13.2666
4885,02.03.2011 21:00:00,-13.2328
4886,02.03.2011 22:00:00,-13.1978
4887,02.03.2011 23:00:00,-13.1691
4888,03.03.2011 00:00:00,-13.1388,3.410
4889,03.03.2011 01:00:00,-13.1125
4890,03.03.2011 02:00:00,-13.0943
4891,03.03.2011 03:00:00,-13.0712
4892,03.03.2011 04:00:00,-13.0561
4893,03.03.2011 05:00:00,-13.0416
4894,03.03.2011 06:00:00,-13.0247,3.414
4895,03.03.2011 07:00:00,-13.0259
4896,03.03.2011 08:00:00,-13.0181
4897,03.03.2011 09:00:00,-13.0175
4898,03.03.2011 10:00:00,-13.0266
4899,03.03.2011 11:00:00,-13.0368
4900,03.03.2011 12:00:00,-13.0501,3.412
4901,03.03.2011 13:00:00,-13.064
4902,03.03.2011 14:00:00,-13.0748
4903,03.03.2011 15:00:00,-13.0857
4904,03.03.2011 16:00:00,-13.0929
4905,03.03.2011 17:00:00,-13.095
4906,03.03.2011 18:00:00,-13.087,3.411
4907,03.03.2011 19:00:00,-13.069
4908,03.03.2011 20:00:00,-13.0458
4909,03.03.2011 21:00:00,-13.0135
4910,03.03.2011 22:00:00,-12.9875
4911,03.03.2011 23:00:00,-12.971
4912,04.03.2011 00:00:00,-12.9563,3.413
4913,04.03.2011 01:00:00,-12.9476
4914,04.03.2011 02:00:00,-12.9409
4915,04.03.2011 03:00:00,-12.946
4916,04.03.2011 04:00:00,-12.9564
4917,04.03.2011 05:00:00,-12.9789
4918,04.03.2011 06:00:00,-12.9894,3.414
4919,04.03.2011 07:00:00,-13.0171
4920,04.03.2011 08:00:00,-13.0431
4921,04.03.2011 09:00:00,-13.0669
4922,04.03.2011 10:00:00,-13.0999
4923,04.03.2011 11:00:00,-13.1229
4924,04.03.2011 12:00:00,-13.1561,3.411
4925,04.03.2011 13:00:00,-13.1872
4926,04.03.2011 14:00:00,-13.2081
4927,04.03.2011 15:00:00,-13.2187
4928,04.03.2011 16:00:00,-13.2347
4929,04.03.2011 17:00:00,-13.2318
4930,04.03.2011 18:00:00,-13.219,3.408
4931,04.03.2011 19:00:00,-13.1955
4932,04.03.2011 20:00:00,-13.1695
4933,04.03.2011 21:00:00,-13.1254
4934,04.03.2011 22:00:00,-13.0966
4935,04.03.2011 23:00:00,-13.0668
4936,05.03.2011 00:00:00,-13.0433,3.412
4937,05.03.2011 01:00:00,-13.0173
4938,05.03.2011 02:00:00,-13.0087
4939,05.03.2011 03:00:00,-12.9892
4940,05.03.2011 04:00:00,-12.9853
4941,05.03.2011 05:00:00,-12.9756
4942,05.03.2011 06:00:00,-12.9773,3.415
4943,05.03.2011 07:00:00,-12.9752
4944,05.03.2011 08:00:00,-12.9845
4945,05.03.2011 09:00:00,-12.9809
4946,05.03.2011 10:00:00,-12.9871
4947,05.03.2011 11:00:00,-13.0035
4948,05.03.2011 12:00:00,-13.0104,3.412
4949,05.03.2011 13:00:00,-13.0234
4950,05.03.2011 14:00:00,-13.0188
4951,05.03.2011 15:00:00,-13.0323
4952,05.03.2011 16:00:00,-13.0134
4953,05.03.2011 17:00:00,-13.0043
4954,05.03.2011 18:00:00,-12.9858,3.413
4955,05.03.2011 19:00:00,-12.9688
4956,05.03.2011 20:00:00,-12.9425
4957,05.03.2011 21:00:00,-12.9169
4958,05.03.2011 22:00:00,-12.8853
4959,05.03.2011 23:00:00,-12.8659
4960,06.03.2011 00:00:00,-12.8501,3.415
4961,06.03.2011 01:00:00,-12.8363
4962,06.03.2011 02:00:00,-12.8424
4963,06.03.2011 03:00:00,-12.8445
4964,06.03.2011 04:00:00,-12.849
4965,06.03.2011 05:00:00,-12.8552
4966,06.03.2011 06:00:00,-12.8756,3.413
4967,06.03.2011 07:00:00,-12.8844
4968,06.03.2011 08:00:00,-12.8877
4969,06.03.2011 09:00:00,-12.9097
4970,06.03.2011 10:00:00,-12.9323
4971,06.03.2011 11:00:00,-12.9555
4972,06.03.2011 12:00:00,-12.9781,3.414
4973,06.03.2011 13:00:00,-12.9939
4974,06.03.2011 14:00:00,-13.0166
4975,06.03.2011 15:00:00,-13.0285
4976,06.03.2011 16:00:00,-13.0444
4977,06.03.2011 17:00:00,-13.038
4978,06.03.2011 18:00:00,-13.0337,3.415
4979,06.03.2011 19:00:00,-13.0373
4980,06.03.2011 20:00:00,-13.0026
4981,06.03.2011 21:00:00,-12.9866
4982,06.03.2011 22:00:00,-12.9679
4983,06.03.2011 23:00:00,-12.9407
4984,07.03.2011 00:00:00,-12.9152,3.415
4985,07.03.2011 01:00:00,-12.9028
4986,07.03.2011 02:00:00,-12.9015
4987,07.03.2011 03:00:00,-12.8814
4988,07.03.2011 04:00:00,-12.8722
4989,07.03.2011 05:00:00,-12.8821
4990,07.03.2011 06:00:00,-12.8805,3.416
4991,07.03.2011 07:00:00,-12.8807
4992,07.03.2011 08:00:00,-12.8783
4993,07.03.2011 09:00:00,-12.8843
4994,07.03.2011 10:00:00,-12.8908
4995,07.03.2011 11:00:00,-12.9077
4996,07.03.2011 12:00:00,-12.8991,3.414
4997,07.03.2011 13:00:00,-12.9171
4998,07.03.2011 14:00:00,-12.908
4999,07.03.2011 15:00:00,-12.892
5000,07.03.2011 16:00:00,-12.8824
5001,07.03.2011 17:00:00,-12.8487
5002,07.03.2011 18:00:00,-12.8096,3.416
5003,07.03.2011 19:00:00,-12.7693
5004,07.03.2011 20:00:00,-12.7279
5005,07.03.2011 21:00:00,-12.677
5006,07.03.2011 22:00:00,-12.6306
5007,07.03.2011 23:00:00,-12.5781
5008,08.03.2011 00:00:00,-12.5311,3.419
5009,08.03.2011 01:00:00,-12.5017
5010,08.03.2011 02:00:00,-12.4739
5011,08.03.2011 03:00:00,-12.4525
5012,08.03.2011 04:00:00,-12.4246
5013,08.03.2011 05:00:00,-12.4199
5014,08.03.2011 06:00:00,-12.4148,3.420
5015,08.03.2011 07:00:00,-12.4152
5016,08.03.2011 08:00:00,-12.4099
5017,08.03.2011 09:00:00,-12.4166
5018,08.03.2011 10:00:00,-12.4195
5019,08.03.2011 11:00:00,-12.4385
5020,08.03.2011 12:00:00,-12.457,3.421
5021,08.03.2011 13:00:00,-12.4575
5022,08.03.2011 14:00:00,-12.4785
5023,08.03.2011 15:00:00,-12.4765
5024,08.03.2011 16:00:00,-12.4716
5025,08.03.2011 17:00:00,-12.4565
5026,08.03.2011 18:00:00,-12.4246,3.422
5027,08.03.2011 19:00:00,-12.4022
5028,08.03.2011 20:00:00,-12.3698
5029,08.03.2011 21:00:00,-12.3364
5030,08.03.2011 22:00:00,-12.2823
5031,08.03.2011 23:00:00,-12.2503
5032,09.03.2011 00:00:00,-12.2224,3.422
5033,09.03.2011 01:00:00,-12.2052
5034,09.03.2011 02:00:00,-12.1942
5035,09.03.2011 03:00:00,-12.1881
5036,09.03.2011 04:00:00,-12.195
5037,09.03.2011 05:00:00,-12.2001
5038,09.03.2011 06:00:00,-12.2152,3.424
5039,09.03.2011 07:00:00,-12.2339
5040,09.03.2011 08:00:00,-12.2506
5041,09.03.2011 09:00:00,-12.2892
5042,09.03.2011 10:00:00,-12.3293
5043,09.03.2011 11:00:00,-12.3701
5044,09.03.2011 12:00:00,-12.4089,3.420
5045,09.03.2011 13:00:00,-12.4426
5046,09.03.2011 14:00:00,-12.4727
5047,09.03.2011 15:00:00,-12.5064
5048,09.03.2011 16:00:00,-12.5267
5049,09.03.2011 17:00:00,-12.5304
5050,09.03.2011 18:00:00,-12.5351,3.420
5051,09.03.2011 19:00:00,-12.5196
5052,09.03.2011 20:00:00,-12.4928
5053,09.03.2011 21:00:00,-12.4625
5054,09.03.2011 22:00:00,-12.4224
5055,09.03.2011 23:00:00,-12.4035
5056,10.03.2011 00:00:00,-12.387,3.420
5057,10.03.2011 01:00:00,-12.3727
5058,10.03.2011 02:00:00,-12.3692
5059,10.03.2011 03:00:00,-12.3605
5060,10.03.2011 04:00:00,-12.3606
5061,10.03.2011 05:00:00,-12.3746
5062,10.03.2011 06:00:00,-12.3841,3.422
5063,10.03.2011 07:00:00,-12.3966
5064,10.03.2011 08:00:00,-12.414
5065,10.03.2011 09:00:00,-12.4294
5066,10.03.2011 10:00:00,-12.4627
5067,10.03.2011 11:00:00,-12.4905
5068,10.03.2011 12:00:00,-12.5066,3.419
5069,10.03.2011 13:00:00,-12.5344
5070,10.03.2011 14:00:00,-12.5534
5071,10.03.2011 15:00:00,-12.5675
5072,10.03.2011 16:00:00,-12.5728
5073,10.03.2011 17:00:00,-12.558
5074,10.03.2011 18:00:00,-12.5376,3.419
5075,10.03.2011 19:00:00,-12.5061
5076,10.03.2011 20:00:00,-12.4616
5077,10.03.2011 21:00:00,-12.4127
5078,10.03.2011 22:00:00,-12.3699
5079,10.03.2011 23:00:00,-12.3191
5080,11.03.2011 00:00:00,-12.2731,3.423
5081,11.03.2011 01:00:00,-12.2338
5082,11.03.2011 02:00:00,-12.2121
5083,11.03.2011 03:00:00,-12.182
5084,11.03.2011 04:00:00,-12.1595
5085,11.03.2011 05:00:00,-12.1457
5086,11.03.2011 06:00:00,-12.1319,3.424
5087,11.03.2011 07:00:00,-12.1262
5088,11.03.2011 08:00:00,-12.1234
5089,11.03.2011 09:00:00,-12.1176
5090,11.03.2011 10:00:00,-12.11
5091,11.03.2011 11:00:00,-12.1088
5092,11.03.2011 12:00:00,-12.1017,3.426
5093,11.03.2011 13:00:00,-12.0906
5094,11.03.2011 14:00:00,-12.074
5095,11.03.2011 15:00:00,-12.0512
5096,11.03.2011 16:00:00,-12.0155
5097,11.03.2011 17:00:00,-11.9837
5098,11.03.2011 18:00:00,-11.9308,3.425
5099,11.03.2011 19:00:00,-11.8782
5100,11.03.2011 20:00:00,-11.8238
5101,11.03.2011 21:00:00,-11.7619
5102,11.03.2011 22:00:00,-11.7207
5103,11.03.2011 23:00:00,-11.6562
5104,12.03.2011 00:00:00,-11.6225,3.430
5105,12.03.2011 01:00:00,-11.5806
5106,12.03.2011 02:00:00,-11.5359
5107,12.03.2011 03:00:00,-11.5144
5108,12.03.2011 04:00:00,-11.4936
5109,12.03.2011 05:00:00,-11.479
5110,12.03.2011 06:00:00,-11.47,3.435
5111,12.03.2011 07:00:00,-11.4927
5112,12.03.2011 08:00:00,-11.5302
5113,12.03.2011 09:00:00,-11.6102
5114,12.03.2011 10:00:00,-11.6566
5115,12.03.2011 11:00:00,-11.7039
5116,12.03.2011 12:00:00,-11.7412,3.429
5117,12.03.2011 13:00:00,-11.7709
5118,12.03.2011 14:00:00,-11.7776
5119,12.03.2011 15:00:00,-11.7715
5120,12.03.2011 16:00:00,-11.7392
5121,12.03.2011 17:00:00,-11.689
5122,12.03.2011 18:00:00,-11.6424,3.431
5123,12.03.2011 19:00:00,-11.6133
5124,12.03.2011 20:00:00,-11.5988
5125,12.03.2011 21:00:00,-11.6195
5126,12.03.2011 22:00:00,-11.6445
5127,12.03.2011 23:00:00,-11.7028
5128,13.03.2011 00:00:00,-11.7417,3.432
5129,13.03.2011 01:00:00,-11.7954
5130,13.03.2011 02:00:00,-11.8749
5131,13.03.2011 03:00:00,-11.9503
5132,13.03.2011 04:00:00,-12.0278
5133,13.03.2011 05:00:00,-12.1136
5134,13.03.2011 06:00:00,-12.191,3.427
5135,13.03.2011 07:00:00,-12.2678
5136,13.03.2011 08:00:00,-12.3881
5137,13.03.2011 09:00:00,-12.4638
5138,13.03.2011 10:00:00,-12.5342
5139,13.03.2011 11:00:00,-12.6228
5140,13.03.2011 12:00:00,-12.6782,3.418
5141,13.03.2011 13:00:00,-12.7316
5142,13.03.2011 14:00:00,-12.7222
5143,13.03.2011 15:00:00,-12.6563
5144,13.03.2011 16:00:00,-12.5272
5145,13.03.2011 17:00:00,-12.3661
5146,13.03.2011 18:00:00,-12.1669,3.424
5147,13.03.2011 19:00:00,-11.9971
5148,13.03.2011 20:00:00,-11.8195
5149,13.03.2011 21:00:00,-11.6649
5150,13.03.2011 22:00:00,-11.5471
5151,13.03.2011 23:00:00,-11.474
5152,14.03.2011 00:00:00,-11.4241,3.432
5153,14.03.2011 01:00:00,-11.4063
5154,14.03.2011 02:00:00,-11.4137
5155,14.03.2011 03:00:00,-11.4298
5156,14.03.2011 04:00:00,-11.4745
5157,14.03.2011 05:00:00,-11.5188
5158,14.03.2011 06:00:00,-11.6,3.432
5159,14.03.2011 07:00:00,-11.6599
5160,14.03.2011 08:00:00,-11.7229
5161,14.03.2011 09:00:00,-11.8003
5162,14.03.2011 10:00:00,-11.8674
5163,14.03.2011 11:00:00,-11.914
5164,14.03.2011 12:00:00,-11.9467,3.429
5165,14.03.2011 13:00:00,-11.9558
5166,14.03.2011 14:00:00,-11.8987
5167,14.03.2011 15:00:00,-11.7811
5168,14.03.2011 16:00:00,-11.6064
5169,14.03.2011 17:00:00,-11.4118
5170,14.03.2011 18:00:00,-11.1974,3.435
5171,14.03.2011 19:00:00,-10.982
5172,14.03.2011 20:00:00,-10.784
5173,14.03.2011 21:00:00,-10.6049
5174,14.03.2011 22:00:00,-10.4775
5175,14.03.2011 23:00:00,-10.3807
5176,15.03.2011 00:00:00,-10.3272,3.448
5177,15.03.2011 01:00:00,-10.2916
5178,15.03.2011 02:00:00,-10.2718
5179,15.03.2011 03:00:00,-10.275
5180,15.03.2011 04:00:00,-10.285
5181,15.03.2011 05:00:00,-10.3145
5182,15.03.2011 06:00:00,-10.3421,3.448
5183,15.03.2011 07:00:00,-10.3818
5184,15.03.2011 08:00:00,-10.4143
5185,15.03.2011 09:00:00,-10.4452
5186,15.03.2011 10:00:00,-10.4659
5187,15.03.2011 11:00:00,-10.4727
5188,15.03.2011 12:00:00,-10.4417,3.447
5189,15.03.2011 13:00:00,-10.303
5190,15.03.2011 14:00:00,-10.0732
5191,15.03.2011 15:00:00,-9.85977
5192,15.03.2011 16:00:00,-9.74474
5193,15.03.2011 17:00:00,-9.53186
5194,15.03.2011 18:00:00,-9.4207,3.457
5195,15.03.2011 19:00:00,-9.25954
5196,15.03.2011 20:00:00,-9.0633
5197,15.03.2011 21:00:00,-8.83843
5198,15.03.2011 22:00:00,-8.68394
5199,15.03.2011 23:00:00,-8.6154
5200,16.03.2011 00:00:00,-8.51557,3.465
5201,16.03.2011 01:00:00,-8.51664
5202,16.03.2011 02:00:00,-8.50434
5203,16.03.2011 03:00:00,-8.48222
5204,16.03.2011 04:00:00,-8.48935
5205,16.03.2011 05:00:00,-8.49271
5206,16.03.2011 06:00:00,-8.51415,3.469
5207,16.03.2011 07:00:00,-8.54845
5208,16.03.2011 08:00:00,-8.60331
5209,16.03.2011 09:00:00,-8.65174
5210,16.03.2011 10:00:00,-8.71661
5211,16.03.2011 11:00:00,-8.77781
5212,16.03.2011 12:00:00,-8.84331,3.467
5213,16.03.2011 13:00:00,-8.94512
5214,16.03.2011 14:00:00,-9.02119
5215,16.03.2011 15:00:00,-9.07766
5216,16.03.2011 16:00:00,-9.10053
5217,16.03.2011 17:00:00,-9.10128
5218,16.03.2011 18:00:00,-9.12813,3.463
5219,16.03.2011 19:00:00,-9.15408
5220,16.03.2011 20:00:00,-9.19907
5221,16.03.2011 21:00:00,-9.27726
5222,16.03.2011 22:00:00,-9.36948
5223,16.03.2011 23:00:00,-9.48137
5224,17.03.2011 00:00:00,-9.6324,3.458
5225,17.03.2011 01:00:00,-9.87752
5226,17.03.2011 02:00:00,-10.0536
5227,17.03.2011 03:00:00,-10.2431
5228,17.03.2011 04:00:00,-10.432
5229,17.03.2011 05:00:00,-10.6091
5230,17.03.2011 06:00:00,-10.71,3.446
5231,17.03.2011 07:00:00,-10.849
5232,17.03.2011 08:00:00,-11.037
5233,17.03.2011 09:00:00,-11.1681
5234,17.03.2011 10:00:00,-11.2731
5235,17.03.2011 11:00:00,-11.2939
5236,17.03.2011 12:00:00,-11.3456,3.438
5237,17.03.2011 13:00:00,-11.3563
5238,17.03.2011 14:00:00,-11.3512
5239,17.03.2011 15:00:00,-11.3048
5240,17.03.2011 16:00:00,-11.2225
5241,17.03.2011 17:00:00,-11.1072
5242,17.03.2011 18:00:00,-10.9603,3.438
5243,17.03.2011 19:00:00,-10.8269
5244,17.03.2011 20:00:00,-10.7099
5245,17.03.2011 21:00:00,-10.5936
5246,17.03.2011 22:00:00,-10.5348
5247,17.03.2011 23:00:00,-10.4972
5248,18.03.2011 00:00:00,-10.4939,3.444
5249,18.03.2011 01:00:00,-10.5061
5250,18.03.2011 02:00:00,-10.5315
5251,18.03.2011 03:00:00,-10.5733
5252,18.03.2011 04:00:00,-10.6208
5253,18.03.2011 05:00:00,-10.6982
5254,18.03.2011 06:00:00,-10.7682,3.445
5255,18.03.2011 07:00:00,-10.8539
5256,18.03.2011 08:00:00,-10.9354
5257,18.03.2011 09:00:00,-11.015
5258,18.03.2011 10:00:00,-11.1198
5259,18.03.2011 11:00:00,-11.2035
5260,18.03.2011 12:00:00,-11.2683,3.437
5261,18.03.2011 13:00:00,-11.3099
5262,18.03.2011 14:00:00,-11.3062
5263,18.03.2011 15:00:00,-11.2321
5264,18.03.2011 16:00:00,-11.1129
5265,18.03.2011 17:00:00,-10.9578
5266,18.03.2011 18:00:00,-10.7871,3.442
5267,18.03.2011 19:00:00,-10.6152
5268,18.03.2011 20:00:00,-10.4831
5269,18.03.2011 21:00:00,-10.3939
5270,18.03.2011 22:00:00,-10.3324
5271,18.03.2011 23:00:00,-10.3244
5272,19.03.2011 00:00:00,-10.342,3.448
5273,19.03.2011 01:00:00,-10.3786
5274,19.03.2011 02:00:00,-10.4436
5275,19.03.2011 03:00:00,-10.5095
5276,19.03.2011 04:00:00,-10.6059
5277,19.03.2011 05:00:00,-10.7154
5278,19.03.2011 06:00:00,-10.8177,3.442
5279,19.03.2011 07:00:00,-10.9398
5280,19.03.2011 08:00:00,-11.0513
5281,19.03.2011 09:00:00,-11.1801
5282,19.03.2011 10:00:00,-11.2989
5283,19.03.2011 11:00:00,-11.4165
5284,19.03.2011 12:00:00,-11.4928,3.433
5285,19.03.2011 13:00:00,-11.5408
5286,19.03.2011 14:00:00,-11.5257
5287,19.03.2011 15:00:00,-11.4729
5288,19.03.2011 16:00:00,-11.3419
5289,19.03.2011 17:00:00,-11.2012
5290,19.03.2011 18:00:00,-11.0351,3.437
5291,19.03.2011 19:00:00,-10.8962
5292,19.03.2011 20:00:00,-10.7844
5293,19.03.2011 21:00:00,-10.7083
5294,19.03.2011 22:00:00,-10.6535
5295,19.03.2011 23:00:00,-10.6281
5296,20.03.2011 00:00:00,-10.6355,3.444
5297,20.03.2011 01:00:00,-10.6543
5298,20.03.2011 02:00:00,-10.7049
5299,20.03.2011 03:00:00,-10.7558
5300,20.03.2011 04:00:00,-10.8258
5301,20.03.2011 05:00:00,-10.9127
5302,20.03.2011 06:00:00,-11.0095,3.439
5303,20.03.2011 07:00:00,-11.1074
5304,20.03.2011 08:00:00,-11.2122
5305,20.03.2011 09:00:00,-11.3309
5306,20.03.2011 10:00:00,-11.4554
5307,20.03.2011 11:00:00,-11.5678
5308,20.03.2011 12:00:00,-11.6783,3.433
5309,20.03.2011 13:00:00,-11.7374
5310,20.03.2011 14:00:00,-11.7602
5311,20.03.2011 15:00:00,-11.736
5312,20.03.2011 16:00:00,-11.6469
5313,20.03.2011 17:00:00,-11.5171
5314,20.03.2011 18:00:00,-11.3861,3.432
5315,20.03.2011 19:00:00,-11.2253
5316,20.03.2011 20:00:00,-11.1083
5317,20.03.2011 21:00:00,-11.0079
5318,20.03.2011 22:00:00,-10.947
5319,20.03.2011 23:00:00,-10.905
5320,21.03.2011 00:00:00,-10.9084,3.439
5321,21.03.2011 01:00:00,-10.9326
5322,21.03.2011 02:00:00,-10.9766
5323,21.03.2011 03:00:00,-11.0343
5324,21.03.2011 04:00:00,-11.1086
5325,21.03.2011 05:00:00,-11.1878
5326,21.03.2011 06:00:00,-11.2914,3.437
5327,21.03.2011 07:00:00,-11.3842
5328,21.03.2011 08:00:00,-11.465
5329,21.03.2011 09:00:00,-11.5796
5330,21.03.2011 10:00:00,-11.6775
5331,21.03.2011 11:00:00,-11.7738
5332,21.03.2011 12:00:00,-11.8397,3.431
5333,21.03.2011 13:00:00,-11.8705
5334,21.03.2011 14:00:00,-11.8768
5335,21.03.2011 15:00:00,-11.8737
5336,21.03.2011 16:00:00,-11.8515
5337,21.03.2011 17:00:00,-11.795
5338,21.03.2011 18:00:00,-11.7468,3.429
5339,21.03.2011 19:00:00,-11.6783
5340,21.03.2011 20:00:00,-11.6287
5341,21.03.2011 21:00:00,-11.591
5342,21.03.2011 22:00:00,-11.5732
5343,21.03.2011 23:00:00,-11.5827
5344,22.03.2011 00:00:00,-11.6119,3.431
5345,22.03.2011 01:00:00,-11.6598
5346,22.03.2011 02:00:00,-11.7295
5347,22.03.2011 03:00:00,-11.7822
5348,22.03.2011 04:00:00,-11.8772
5349,22.03.2011 05:00:00,-11.9587
5350,22.03.2011 06:00:00,-12.0623,3.429
5351,22.03.2011 07:00:00,-12.1273
5352,22.03.2011 08:00:00,-12.2499
5353,22.03.2011 09:00:00,-12.3421
5354,22.03.2011 10:00:00,-12.4539
5355,22.03.2011 11:00:00,-12.552
5356,22.03.2011 12:00:00,-12.6182,3.421
5357,22.03.2011 13:00:00,-12.6728
5358,22.03.2011 14:00:00,-12.6965
5359,22.03.2011 15:00:00,-12.6854
5360,22.03.2011 16:00:00,-12.6362
5361,22.03.2011 17:00:00,-12.5468
5362,22.03.2011 18:00:00,-12.4313,3.423
5363,22.03.2011 19:00:00,-12.2961
5364,22.03.2011 20:00:00,-12.1973
5365,22.03.2011 21:00:00,-12.1277
5366,22.03.2011 22:00:00,-12.0816
5367,22.03.2011 23:00:00,-12.0426
5368,23.03.2011 00:00:00,-12.0405,3.427
5369,23.03.2011 01:00:00,-12.0516
5370,23.03.2011 02:00:00,-12.0863
5371,23.03.2011 03:00:00,-12.1332
5372,23.03.2011 04:00:00,-12.1728
5373,23.03.2011 05:00:00,-12.2334
5374,23.03.2011 06:00:00,-12.3067,3.425
5375,23.03.2011 07:00:00,-12.3754
5376,23.03.2011 08:00:00,-12.4439
5377,23.03.2011 09:00:00,-12.5307
5378,23.03.2011 10:00:00,-12.5995
5379,23.03.2011 11:00:00,-12.6546
5380,23.03.2011 12:00:00,-12.7017,3.419
5381,23.03.2011 13:00:00,-12.7332
5382,23.03.2011 14:00:00,-12.7322
5383,23.03.2011 15:00:00,-12.6712
5384,23.03.2011 16:00:00,-12.5835
5385,23.03.2011 17:00:00,-12.4406
5386,23.03.2011 18:00:00,-12.2775,3.422
5387,23.03.2011 19:00:00,-12.1275
5388,23.03.2011 20:00:00,-11.9978
5389,23.03.2011 21:00:00,-11.8926
5390,23.03.2011 22:00:00,-11.8302
5391,23.03.2011 23:00:00,-11.7831
5392,24.03.2011 00:00:00,-11.7799,3.431
5393,24.03.2011 01:00:00,-11.7959
5394,24.03.2011 02:00:00,-11.8532
5395,24.03.2011 03:00:00,-11.8976
5396,24.03.2011 04:00:00,-11.9712
5397,24.03.2011 05:00:00,-12.0459
5398,24.03.2011 06:00:00,-12.1189,3.429
5399,24.03.2011 07:00:00,-12.205
5400,24.03.2011 08:00:00,-12.3097
5401,24.03.2011 09:00:00,-12.3905
5402,24.03.2011 10:00:00,-12.4541
5403,24.03.2011 11:00:00,-12.5391
5404,24.03.2011 12:00:00,-12.589,3.422
5405,24.03.2011 13:00:00,-12.5875
5406,24.03.2011 14:00:00,-12.5458
5407,24.03.2011 15:00:00,-12.4533
5408,24.03.2011 16:00:00,-12.2902
5409,24.03.2011 17:00:00,-12.1244
5410,24.03.2011 18:00:00,-11.9,3.427
5411,24.03.2011 19:00:00,-11.6518
5412,24.03.2011 20:00:00,-11.4406
5413,24.03.2011 21:00:00,-11.2286
5414,24.03.2011 22:00:00,-11.0826
5415,24.03.2011 23:00:00,-10.9828
5416,25.03.2011 00:00:00,-10.9093,3.440
5417,25.03.2011 01:00:00,-10.8738
5418,25.03.2011 02:00:00,-10.8626
5419,25.03.2011 03:00:00,-10.8696
5420,25.03.2011 04:00:00,-10.89
5421,25.03.2011 05:00:00,-10.9139
5422,25.03.2011 06:00:00,-10.9639,3.443
5423,25.03.2011 07:00:00,-11.0133
5424,25.03.2011 08:00:00,-11.0784
5425,25.03.2011 09:00:00,-11.1225
5426,25.03.2011 10:00:00,-11.1792
5427,25.03.2011 11:00:00,-11.2025
5428,25.03.2011 12:00:00,-11.1671,3.438
5429,25.03.2011 13:00:00,-11.0081
5430,25.03.2011 14:00:00,-10.7508
5431,25.03.2011 15:00:00,-10.5034
5432,25.03.2011 16:00:00,-10.2288
5433,25.03.2011 17:00:00,-9.9225
5434,25.03.2011 18:00:00,-9.73021,3.451
5435,25.03.2011 19:00:00,-9.51689
5436,25.03.2011 20:00:00,-9.43918
5437,25.03.2011 21:00:00,-9.33724
5438,25.03.2011 22:00:00,-9.31004
5439,25.03.2011 23:00:00,-9.29353
5440,26.03.2011 00:00:00,-9.27192,3.461
5441,26.03.2011 01:00:00,-9.27171
5442,26.03.2011 02:00:00,-9.25787
5443,26.03.2011 03:00:00,-9.25919
5444,26.03.2011 04:00:00,-9.27954
5445,26.03.2011 05:00:00,-9.29701
5446,26.03.2011 06:00:00,-9.32486,3.461
5447,26.03.2011 07:00:00,-9.35409
5448,26.03.2011 08:00:00,-9.39728
5449,26.03.2011 09:00:00,-9.43135
5450,26.03.2011 10:00:00,-9.45567
5451,26.03.2011 11:00:00,-9.48525
5452,26.03.2011 12:00:00,-9.48709,3.458
5453,26.03.2011 13:00:00,-9.47741
5454,26.03.2011 14:00:00,-9.44362
5455,26.03.2011 15:00:00,-9.3909
5456,26.03.2011 16:00:00,-9.31135
5457,26.03.2011 17:00:00,-9.23592
5458,26.03.2011 18:00:00,-9.14605,3.462
5459,26.03.2011 19:00:00,-9.06142
5460,26.03.2011 20:00:00,-8.98612
5461,26.03.2011 21:00:00,-8.93171
5462,26.03.2011 22:00:00,-8.89603
5463,26.03.2011 23:00:00,-8.88346
5464,27.03.2011 00:00:00,-8.89136,3.465
5465,27.03.2011 01:00:00,-8.91575
5466,27.03.2011 02:00:00,-8.96567
5467,27.03.2011 03:00:00,-9.02064
5468,27.03.2011 04:00:00,-9.07543
5469,27.03.2011 05:00:00,-9.15297
5470,27.03.2011 06:00:00,-9.22758,3.461
5471,27.03.2011 07:00:00,-9.2922
5472,27.03.2011 08:00:00,-9.37774
5473,27.03.2011 09:00:00,-9.42917
5474,27.03.2011 10:00:00,-9.46358
5475,27.03.2011 11:00:00,-9.48355
5476,27.03.2011 12:00:00,-9.45774,3.458
5477,27.03.2011 13:00:00,-9.37008
5478,27.03.2011 14:00:00,-9.24038
5479,27.03.2011 15:00:00,-9.03902
5480,27.03.2011 16:00:00,-8.86635
5481,27.03.2011 17:00:00,-8.74648
5482,27.03.2011 18:00:00,-8.58198,3.467
5483,27.03.2011 19:00:00,-8.46102
5484,27.03.2011 20:00:00,-8.3718
5485,27.03.2011 21:00:00,-8.28169
5486,27.03.2011 22:00:00,-8.24488
5487,27.03.2011 23:00:00,-8.20816
5488,28.03.2011 00:00:00,-8.18461,3.472
5489,28.03.2011 01:00:00,-8.17548
5490,28.03.2011 02:00:00,-8.18366
5491,28.03.2011 03:00:00,-8.19155
5492,28.03.2011 04:00:00,-8.20439
5493,28.03.2011 05:00:00,-8.21985
5494,28.03.2011 06:00:00,-8.23524,3.472
5495,28.03.2011 07:00:00,-8.25739
5496,28.03.2011 08:00:00,-8.28399
5497,28.03.2011 09:00:00,-8.30033
5498,28.03.2011 10:00:00,-8.3258
5499,28.03.2011 11:00:00,-8.34583
5500,28.03.2011 12:00:00,-8.36281,3.472
5501,28.03.2011 13:00:00,-8.36068
5502,28.03.2011 14:00:00,-8.35714
5503,28.03.2011 15:00:00,-8.33958
5504,28.03.2011 16:00:00,-8.3115
5505,28.03.2011 17:00:00,-8.28334
5506,28.03.2011 18:00:00,-8.25299,3.472
5507,28.03.2011 19:00:00,-8.20302
5508,28.03.2011 20:00:00,-8.18028
5509,28.03.2011 21:00:00,-8.1518
5510,28.03.2011 22:00:00,-8.12537
5511,28.03.2011 23:00:00,-8.11453
5512,29.03.2011 00:00:00,-8.10402,3.475
5513,29.03.2011 01:00:00,-8.09733
5514,29.03.2011 02:00:00,-8.11071
5515,29.03.2011 03:00:00,-8.1346
5516,29.03.2011 04:00:00,-8.15084
5517,29.03.2011 05:00:00,-8.17954
5518,29.03.2011 06:00:00,-8.21959,3.474
5519,29.03.2011 07:00:00,-8.26469
5520,29.03.2011 08:00:00,-8.30543
5521,29.03.2011 09:00:00,-8.35521
5522,29.03.2011 10:00:00,-8.40413
5523,29.03.2011 11:00:00,-8.46448
5524,29.03.2011 12:00:00,-8.51483,3.471
5525,29.03.2011 13:00:00,-8.55034
5526,29.03.2011 14:00:00,-8.58178
5527,29.03.2011 15:00:00,-8.57412
5528,29.03.2011 16:00:00,-8.53576
5529,29.03.2011 17:00:00,-8.47536
5530,29.03.2011 18:00:00,-8.38392,3.471
5531,29.03.2011 19:00:00,-8.28997
5532,29.03.2011 20:00:00,-8.19712
5533,29.03.2011 21:00:00,-8.10381
5534,29.03.2011 22:00:00,-8.04048
5535,29.03.2011 23:00:00,-7.99825
5536,30.03.2011 00:00:00,-7.97042,3.478
5537,30.03.2011 01:00:00,-7.96599
5538,30.03.2011 02:00:00,-7.97503
5539,30.03.2011 03:00:00,-7.99618
5540,30.03.2011 04:00:00,-8.03398
5541,30.03.2011 05:00:00,-8.07963
5542,30.03.2011 06:00:00,-8.14425,3.474
5543,30.03.2011 07:00:00,-8.2072
5544,30.03.2011 08:00:00,-8.28582
5545,30.03.2011 09:00:00,-8.3548
5546,30.03.2011 10:00:00,-8.42972
5547,30.03.2011 11:00:00,-8.50226
5548,30.03.2011 12:00:00,-8.54702,3.472
5549,30.03.2011 13:00:00,-8.58299
5550,30.03.2011 14:00:00,-8.6001
5551,30.03.2011 15:00:00,-8.59029
5552,30.03.2011 16:00:00,-8.54584
5553,30.03.2011 17:00:00,-8.50103
5554,30.03.2011 18:00:00,-8.43528,3.472
5555,30.03.2011 19:00:00,-8.36704
5556,30.03.2011 20:00:00,-8.29494
5557,30.03.2011 21:00:00,-8.22699
5558,30.03.2011 22:00:00,-8.16257
5559,30.03.2011 23:00:00,-8.116
5560,31.03.2011 00:00:00,-8.07735,3.476
5561,31.03.2011 01:00:00,-8.05759
5562,31.03.2011 02:00:00,-8.03901
5563,31.03.2011 03:00:00,-8.03973
5564,31.03.2011 04:00:00,-8.04269
5565,31.03.2011 05:00:00,-8.04902
5566,31.03.2011 06:00:00,-8.06377,3.477
5567,31.03.2011 07:00:00,-8.08
5568,31.03.2011 08:00:00,-8.10176
5569,31.03.2011 09:00:00,-8.12641
5570,31.03.2011 10:00:00,-8.15106
5571,31.03.2011 11:00:00,-8.18076
5572,31.03.2011 12:00:00,-8.20148,3.473
5573,31.03.2011 13:00:00,-8.20979
5574,31.03.2011 14:00:00,-8.2224
5575,31.03.2011 15:00:00,-8.21767
5576,31.03.2011 16:00:00,-8.21101
5577,31.03.2011 17:00:00,-8.19413
5578,31.03.2011 18:00:00,-8.16991,3.475
5579,31.03.2011 19:00:00,-8.14622
5580,31.03.2011 20:00:00,-8.11527
5581,31.03.2011 21:00:00,-8.08803
5582,31.03.2011 22:00:00,-8.06319
5583,31.03.2011 23:00:00,-8.04355
5584,01.04.2011 00:00:00,-8.03633,3.478
5585,01.04.2011 01:00:00,-8.03005
5586,01.04.2011 02:00:00,-8.02429
5587,01.04.2011 03:00:00,-8.02581
5588,01.04.2011 04:00:00,-8.04968
5589,01.04.2011 05:00:00,-8.06549
5590,01.04.2011 06:00:00,-8.09047,3.477
5591,01.04.2011 07:00:00,-8.11621
5592,01.04.2011 08:00:00,-8.15834
5593,01.04.2011 09:00:00,-8.20414
5594,01.04.2011 10:00:00,-8.24231
5595,01.04.2011 11:00:00,-8.28229
5596,01.04.2011 12:00:00,-8.32333,3.472
5597,01.04.2011 13:00:00,-8.36912
5598,01.04.2011 14:00:00,-8.40048
5599,01.04.2011 15:00:00,-8.43236
5600,01.04.2011 16:00:00,-8.45555
5601,01.04.2011 17:00:00,-8.46818
5602,01.04.2011 18:00:00,-8.47782,3.473
5603,01.04.2011 19:00:00,-8.47022
5604,01.04.2011 20:00:00,-8.46221
5605,01.04.2011 21:00:00,-8.4575
5606,01.04.2011 22:00:00,-8.45524
5607,01.04.2011 23:00:00,-8.4424
5608,02.04.2011 00:00:00,-8.43616,3.472
5609,02.04.2011 01:00:00,-8.43391
5610,02.04.2011 02:00:00,-8.42917
5611,02.04.2011 03:00:00,-8.43248
5612,02.04.2011 04:00:00,-8.43644
5613,02.04.2011 05:00:00,-8.44488
5614,02.04.2011 06:00:00,-8.45907,3.471
5615,02.04.2011 07:00:00,-8.47017
5616,02.04.2011 08:00:00,-8.47928
5617,02.04.2011 09:00:00,-8.49755
5618,02.04.2011 10:00:00,-8.50402
5619,02.04.2011 11:00:00,-8.51648
5620,02.04.2011 12:00:00,-8.53285,3.471
5621,02.04.2011 13:00:00,-8.54453
5622,02.04.2011 14:00:00,-8.55593
5623,02.04.2011 15:00:00,-8.56389
5624,02.04.2011 16:00:00,-8.56964
5625,02.04.2011 17:00:00,-8.55973
5626,02.04.2011 18:00:00,-8.55067,3.472
5627,02.04.2011 19:00:00,-8.54342
5628,02.04.2011 20:00:00,-8.53184
5629,02.04.2011 21:00:00,-8.51886
5630,02.04.2011 22:00:00,-8.50569
5631,02.04.2011 23:00:00,-8.49089
5632,03.04.2011 00:00:00,-8.48133,3.471
5633,03.04.2011 01:00:00,-8.4691
5634,03.04.2011 02:00:00,-8.45326
5635,03.04.2011 03:00:00,-8.44597
5636,03.04.2011 04:00:00,-8.44186
5637,03.04.2011 05:00:00,-8.43705
5638,03.04.2011 06:00:00,-8.43894,3.473
5639,03.04.2011 07:00:00,-8.44425
5640,03.04.2011 08:00:00,-8.44944
5641,03.04.2011 09:00:00,-8.45869
5642,03.04.2011 10:00:00,-8.46796
5643,03.04.2011 11:00:00,-8.4762
5644,03.04.2011 12:00:00,-8.49112,3.472
5645,03.04.2011 13:00:00,-8.49385
5646,03.04.2011 14:00:00,-8.50274
5647,03.04.2011 15:00:00,-8.50599
5648,03.04.2011 16:00:00,-8.51712
5649,03.04.2011 17:00:00,-8.51638
5650,03.04.2011 18:00:00,-8.50815,3.470
5651,03.04.2011 19:00:00,-8.50754
5652,03.04.2011 20:00:00,-8.50146
5653,03.04.2011 21:00:00,-8.48772
5654,03.04.2011 22:00:00,-8.47128
5655,03.04.2011 23:00:00,-8.463
5656,04.04.2011 00:00:00,-8.45446,3.470
5657,04.04.2011 01:00:00,-8.45583
5658,04.04.2011 02:00:00,-8.46672
5659,04.04.2011 03:00:00,-8.47234
5660,04.04.2011 04:00:00,-8.48584
5661,04.04.2011 05:00:00,-8.49714
5662,04.04.2011 06:00:00,-8.52545,3.473
5663,04.04.2011 07:00:00,-8.55284
5664,04.04.2011 08:00:00,-8.59145
5665,04.04.2011 09:00:00,-8.62037
5666,04.04.2011 10:00:00,-8.64548
5667,04.04.2011 11:00:00,-8.67881
5668,04.04.2011 12:00:00,-8.72089,3.469
5669,04.04.2011 13:00:00,-8.76526
5670,04.04.2011 14:00:00,-8.78647
5671,04.04.2011 15:00:00,-8.80948
5672,04.04.2011 16:00:00,-8.822
5673,04.04.2011 17:00:00,-8.82249
5674,04.04.2011 18:00:00,-8.8214,3.467
5675,04.04.2011 19:00:00,-8.80541
5676,04.04.2011 20:00:00,-8.79952
5677,04.04.2011 21:00:00,-8.79379
5678,04.04.2011 22:00:00,-8.7981
5679,04.04.2011 23:00:00,-8.80026
5680,05.04.2011 00:00:00,-8.8157,3.467
5681,05.04.2011 01:00:00,-8.83427
5682,05.04.2011 02:00:00,-8.87282
5683,05.04.2011 03:00:00,-8.92271
5684,05.04.2011 04:00:00,-8.97581
5685,05.04.2011 05:00:00,-9.03202
5686,05.04.2011 06:00:00,-9.10915,3.465
5687,05.04.2011 07:00:00,-9.18211
5688,05.04.2011 08:00:00,-9.2688
5689,05.04.2011 09:00:00,-9.3566
5690,05.04.2011 10:00:00,-9.44248
5691,05.04.2011 11:00:00,-9.53141
5692,05.04.2011 12:00:00,-9.62206,3.457
5693,05.04.2011 13:00:00,-9.70659
5694,05.04.2011 14:00:00,-9.77574
5695,05.04.2011 15:00:00,-9.83117
5696,05.04.2011 16:00:00,-9.87108
5697,05.04.2011 17:00:00,-9.86834
5698,05.04.2011 18:00:00,-9.85275,3.453
5699,05.04.2011 19:00:00,-9.83378
5700,05.04.2011 20:00:00,-9.80498
5701,05.04.2011 21:00:00,-9.78786
5702,05.04.2011 22:00:00,-9.76862
5703,05.04.2011 23:00:00,-9.7727
5704,06.04.2011 00:00:00,-9.77968,3.456
5705,06.04.2011 01:00:00,-9.80065
5706,06.04.2011 02:00:00,-9.82565
5707,06.04.2011 03:00:00,-9.8709
5708,06.04.2011 04:00:00,-9.91702
5709,06.04.2011 05:00:00,-9.96099
5710,06.04.2011 06:00:00,-10.019,3.452
5711,06.04.2011 07:00:00,-10.0781
5712,06.04.2011 08:00:00,-10.1518
5713,06.04.2011 09:00:00,-10.2184
5714,06.04.2011 10:00:00,-10.2861
5715,06.04.2011 11:00:00,-10.3528
5716,06.04.2011 12:00:00,-10.4084,3.447
5717,06.04.2011 13:00:00,-10.4575
5718,06.04.2011 14:00:00,-10.4692
5719,06.04.2011 15:00:00,-10.468
5720,06.04.2011 16:00:00,-10.4275
5721,06.04.2011 17:00:00,-10.3613
5722,06.04.2011 18:00:00,-10.2512,3.451
5723,06.04.2011 19:00:00,-10.1474
5724,06.04.2011 20:00:00,-10.0161
5725,06.04.2011 21:00:00,-9.90399
5726,06.04.2011 22:00:00,-9.79321
5727,06.04.2011 23:00:00,-9.71881
5728,07.04.2011 00:00:00,-9.65036,3.456
5729,07.04.2011 01:00:00,-9.61732
5730,07.04.2011 02:00:00,-9.59303
5731,07.04.2011 03:00:00,-9.58908
5732,07.04.2011 04:00:00,-9.60183
5733,07.04.2011 05:00:00,-9.63593
5734,07.04.2011 06:00:00,-9.67168,3.457
5735,07.04.2011 07:00:00,-9.72395
5736,07.04.2011 08:00:00,-9.77767
5737,07.04.2011 09:00:00,-9.84194
5738,07.04.2011 10:00:00,-9.90647
5739,07.04.2011 11:00:00,-9.97034
5740,07.04.2011 12:00:00,-10.0215,3.452
5741,07.04.2011 13:00:00,-10.0674
5742,07.04.2011 14:00:00,-10.0841
5743,07.04.2011 15:00:00,-10.0711
5744,07.04.2011 16:00:00,-10.0238
5745,07.04.2011 17:00:00,-9.94808
5746,07.04.2011 18:00:00,-9.84304,3.456
5747,07.04.2011 19:00:00,-9.70739
5748,07.04.2011 20:00:00,-9.56987
5749,07.04.2011 21:00:00,-9.44393
5750,07.04.2011 22:00:00,-9.31448
5751,07.04.2011 23:00:00,-9.2284
5752,08.04.2011 00:00:00,-9.1587,3.463
5753,08.04.2011 01:00:00,-9.12584
5754,08.04.2011 02:00:00,-9.11031
5755,08.04.2011 03:00:00,-9.11885
5756,08.04.2011 04:00:00,-9.13897
5757,08.04.2011 05:00:00,-9.17051
5758,08.04.2011 06:00:00,-9.22231,3.463
5759,08.04.2011 07:00:00,-9.28765
5760,08.04.2011 08:00:00,-9.34758
5761,08.04.2011 09:00:00,-9.43366
5762,08.04.2011 10:00:00,-9.49637
5763,08.04.2011 11:00:00,-9.57831
5764,08.04.2011 12:00:00,-9.63923,3.459
5765,08.04.2011 13:00:00,-9.6803
5766,08.04.2011 14:00:00,-9.69639
5767,08.04.2011 15:00:00,-9.67703
5768,08.04.2011 16:00:00,-9.60748
5769,08.04.2011 17:00:00,-9.49625
5770,08.04.2011 18:00:00,-9.37264,3.462
5771,08.04.2011 19:00:00,-9.21757
5772,08.04.2011 20:00:00,-9.04854
5773,08.04.2011 21:00:00,-8.91443
5774,08.04.2011 22:00:00,-8.78936
5775,08.04.2011 23:00:00,-8.69586
5776,09.04.2011 00:00:00,-8.63638,3.470
5777,09.04.2011 01:00:00,-8.62486
5778,09.04.2011 02:00:00,-8.61883
5779,09.04.2011 03:00:00,-8.63428
5780,09.04.2011 04:00:00,-8.66216
5781,09.04.2011 05:00:00,-8.7013
5782,09.04.2011 06:00:00,-8.76949,3.469
5783,09.04.2011 07:00:00,-8.83728
5784,09.04.2011 08:00:00,-8.90716
5785,09.04.2011 09:00:00,-8.97806
5786,09.04.2011 10:00:00,-9.06263
5787,09.04.2011 11:00:00,-9.14016
5788,09.04.2011 12:00:00,-9.20412,3.465
5789,09.04.2011 13:00:00,-9.24231
5790,09.04.2011 14:00:00,-9.24319
5791,09.04.2011 15:00:00,-9.21247
5792,09.04.2011 16:00:00,-9.1423
5793,09.04.2011 17:00:00,-9.03524
5794,09.04.2011 18:00:00,-8.92747,3.467
5795,09.04.2011 19:00:00,-8.77456
5796,09.04.2011 20:00:00,-8.62404
5797,09.04.2011 21:00:00,-8.50348
5798,09.04.2011 22:00:00,-8.38001
5799,09.04.2011 23:00:00,-8.28435
5800,10.04.2011 00:00:00,-8.20968,3.475
5801,10.04.2011 01:00:00,-8.1483
5802,10.04.2011 02:00:00,-8.10432
5803,10.04.2011 03:00:00,-8.09348
5804,10.04.2011 04:00:00,-8.078
5805,10.04.2011 05:00:00,-8.09231
5806,10.04.2011 06:00:00,-8.11256,3.477
5807,10.04.2011 07:00:00,-8.1497
5808,10.04.2011 08:00:00,-8.18336
5809,10.04.2011 09:00:00,-8.22253
5810,10.04.2011 10:00:00,-8.26712
5811,10.04.2011 11:00:00,-8.29603
5812,10.04.2011 12:00:00,-8.31551,3.474
5813,10.04.2011 13:00:00,-8.32288
5814,10.04.2011 14:00:00,-8.28713
5815,10.04.2011 15:00:00,-8.22613
5816,10.04.2011 16:00:00,-8.12695
5817,10.04.2011 17:00:00,-8.0088
5818,10.04.2011 18:00:00,-7.87404,3.478
5819,10.04.2011 19:00:00,-7.74123
5820,10.04.2011 20:00:00,-7.58675
5821,10.04.2011 21:00:00,-7.44683
5822,10.04.2011 22:00:00,-7.33348
5823,10.04.2011 23:00:00,-7.24807
5824,11.04.2011 00:00:00,-7.1779,3.488
5825,11.04.2011 01:00:00,-7.13508
5826,11.04.2011 02:00:00,-7.11274
5827,11.04.2011 03:00:00,-7.10745
5828,11.04.2011 04:00:00,-7.11118
5829,11.04.2011 05:00:00,-7.12841
5830,11.04.2011 06:00:00,-7.14348,3.489
5831,11.04.2011 07:00:00,-7.17387
5832,11.04.2011 08:00:00,-7.20413
5833,11.04.2011 09:00:00,-7.23971
5834,11.04.2011 10:00:00,-7.26719
5835,11.04.2011 11:00:00,-7.2856
5836,11.04.2011 12:00:00,-7.28871,3.486
5837,11.04.2011 13:00:00,-7.27614
5838,11.04.2011 14:00:00,-7.23806
5839,11.04.2011 15:00:00,-7.16243
5840,11.04.2011 16:00:00,-7.05471
5841,11.04.2011 17:00:00,-6.92036
5842,11.04.2011 18:00:00,-6.77795,3.491
5843,11.04.2011 19:00:00,-6.61716
5844,11.04.2011 20:00:00,-6.487
5845,11.04.2011 21:00:00,-6.3634
5846,11.04.2011 22:00:00,-6.27729
5847,11.04.2011 23:00:00,-6.21562
5848,12.04.2011 00:00:00,-6.19956,3.498
5849,12.04.2011 01:00:00,-6.18566
5850,12.04.2011 02:00:00,-6.20075
5851,12.04.2011 03:00:00,-6.23878
5852,12.04.2011 04:00:00,-6.28726
5853,12.04.2011 05:00:00,-6.34704
5854,12.04.2011 06:00:00,-6.42296,3.498
5855,12.04.2011 07:00:00,-6.50717
5856,12.04.2011 08:00:00,-6.5799
5857,12.04.2011 09:00:00,-6.67707
5858,12.04.2011 10:00:00,-6.76448
5859,12.04.2011 11:00:00,-6.83444
5860,12.04.2011 12:00:00,-6.89066,3.490
5861,12.04.2011 13:00:00,-6.91783
5862,12.04.2011 14:00:00,-6.89608
5863,12.04.2011 15:00:00,-6.846
5864,12.04.2011 16:00:00,-6.7701
5865,12.04.2011 17:00:00,-6.65076
5866,12.04.2011 18:00:00,-6.53476,3.494
5867,12.04.2011 19:00:00,-6.4042
5868,12.04.2011 20:00:00,-6.28384
5869,12.04.2011 21:00:00,-6.18394
5870,12.04.2011 22:00:00,-6.11957
5871,12.04.2011 23:00:00,-6.06769
5872,13.04.2011 00:00:00,-6.03915,3.500
5873,13.04.2011 01:00:00,-6.02578
5874,13.04.2011 02:00:00,-6.03857
5875,13.04.2011 03:00:00,-6.06924
5876,13.04.2011 04:00:00,-6.11353
5877,13.04.2011 05:00:00,-6.16311
5878,13.04.2011 06:00:00,-6.22581,3.498
5879,13.04.2011 07:00:00,-6.31237
5880,13.04.2011 08:00:00,-6.39866
5881,13.04.2011 09:00:00,-6.5038
5882,13.04.2011 10:00:00,-6.5872
5883,13.04.2011 11:00:00,-6.67686
5884,13.04.2011 12:00:00,-6.72936,3.493
5885,13.04.2011 13:00:00,-6.75456
5886,13.04.2011 14:00:00,-6.75746
5887,13.04.2011 15:00:00,-6.69557
5888,13.04.2011 16:00:00,-6.60188
5889,13.04.2011 17:00:00,-6.46275
5890,13.04.2011 18:00:00,-6.28696,3.498
5891,13.04.2011 19:00:00,-6.1025
5892,13.04.2011 20:00:00,-5.92384
5893,13.04.2011 21:00:00,-5.77292
5894,13.04.2011 22:00:00,-5.64465
5895,13.04.2011 23:00:00,-5.55313
5896,14.04.2011 00:00:00,-5.50223,3.507
5897,14.04.2011 01:00:00,-5.4834
5898,14.04.2011 02:00:00,-5.50914
5899,14.04.2011 03:00:00,-5.56545
5900,14.04.2011 04:00:00,-5.61717
5901,14.04.2011 05:00:00,-5.69227
5902,14.04.2011 06:00:00,-5.76791,3.504
5903,14.04.2011 07:00:00,-5.85298
5904,14.04.2011 08:00:00,-5.95298
5905,14.04.2011 09:00:00,-6.05696
5906,14.04.2011 10:00:00,-6.14707
5907,14.04.2011 11:00:00,-6.21447
5908,14.04.2011 12:00:00,-6.26248,3.500
5909,14.04.2011 13:00:00,-6.29278
5910,14.04.2011 14:00:00,-6.25527
5911,14.04.2011 15:00:00,-6.1787
5912,14.04.2011 16:00:00,-6.03841
5913,14.04.2011 17:00:00,-5.84211
5914,14.04.2011 18:00:00,-5.60748,3.505
5915,14.04.2011 19:00:00,-5.40828
5916,14.04.2011 20:00:00,-5.23326
5917,14.04.2011 21:00:00,-5.08632
5918,14.04.2011 22:00:00,-4.9517
5919,14.04.2011 23:00:00,-4.86783
5920,15.04.2011 00:00:00,-4.80474,3.515
5921,15.04.2011 01:00:00,-4.80477
5922,15.04.2011 02:00:00,-4.81519
5923,15.04.2011 03:00:00,-4.86821
5924,15.04.2011 04:00:00,-4.93964
5925,15.04.2011 05:00:00,-5.04567
5926,15.04.2011 06:00:00,-5.13991,3.513
5927,15.04.2011 07:00:00,-5.24638
5928,15.04.2011 08:00:00,-5.34946
5929,15.04.2011 09:00:00,-5.46609
5930,15.04.2011 10:00:00,-5.58426
5931,15.04.2011 11:00:00,-5.64242
5932,15.04.2011 12:00:00,-5.66404,3.506
5933,15.04.2011 13:00:00,-5.59749
5934,15.04.2011 14:00:00,-5.47545
5935,15.04.2011 15:00:00,-4.97672
5936,15.04.2011 16:00:00,-4.56829
5937,15.04.2011 17:00:00,-4.1644
5938,15.04.2011 18:00:00,-3.99416,3.517
5939,15.04.2011 19:00:00,-3.96782
5940,15.04.2011 20:00:00,-3.89804
5941,15.04.2011 21:00:00,-3.80985
5942,15.04.2011 22:00:00,-3.75875
5943,15.04.2011 23:00:00,-3.74014
5944,16.04.2011 00:00:00,-3.76172,3.523
5945,16.04.2011 01:00:00,-3.79468
5946,16.04.2011 02:00:00,-3.86054
5947,16.04.2011 03:00:00,-3.94617
5948,16.04.2011 04:00:00,-4.01747
5949,16.04.2011 05:00:00,-4.10903
5950,16.04.2011 06:00:00,-4.21654,3.523
5951,16.04.2011 07:00:00,-4.29499
5952,16.04.2011 08:00:00,-4.39264
5953,16.04.2011 09:00:00,-4.51651
5954,16.04.2011 10:00:00,-4.6094
5955,16.04.2011 11:00:00,-4.64264
5956,16.04.2011 12:00:00,-4.64942,3.516
5957,16.04.2011 13:00:00,-4.62132
5958,16.04.2011 14:00:00,-4.53063
5959,16.04.2011 15:00:00,-4.47079
5960,16.04.2011 16:00:00,-4.34457
5961,16.04.2011 17:00:00,-4.2503
5962,16.04.2011 18:00:00,-4.13219,3.522
5963,16.04.2011 19:00:00,-4.06542
5964,16.04.2011 20:00:00,-3.99811
5965,16.04.2011 21:00:00,-3.94774
5966,16.04.2011 22:00:00,-3.92518
5967,16.04.2011 23:00:00,-3.9236
5968,17.04.2011 00:00:00,-3.94969,3.523
5969,17.04.2011 01:00:00,-3.98395
5970,17.04.2011 02:00:00,-4.03866
5971,17.04.2011 03:00:00,-4.08958
5972,17.04.2011 04:00:00,-4.20072
5973,17.04.2011 05:00:00,-4.29157
5974,17.04.2011 06:00:00,-4.3994,3.521
5975,17.04.2011 07:00:00,-4.53864
5976,17.04.2011 08:00:00,-4.66011
5977,17.04.2011 09:00:00,-4.77297
5978,17.04.2011 10:00:00,-4.80836
5979,17.04.2011 11:00:00,-4.78941
5980,17.04.2011 12:00:00,-4.70575,3.516
5981,17.04.2011 13:00:00,-4.61862
5982,17.04.2011 14:00:00,-4.56386
5983,17.04.2011 15:00:00,-4.48506
5984,17.04.2011 16:00:00,-4.41589
5985,17.04.2011 17:00:00,-4.37651
5986,17.04.2011 18:00:00,-4.30546,3.517
5987,17.04.2011 19:00:00,-4.23318
5988,17.04.2011 20:00:00,-4.16331
5989,17.04.2011 21:00:00,-4.12086
5990,17.04.2011 22:00:00,-4.09982
5991,17.04.2011 23:00:00,-4.10375
5992,18.04.2011 00:00:00,-4.12344,3.522
5993,18.04.2011 01:00:00,-4.15075
5994,18.04.2011 02:00:00,-4.18514
5995,18.04.2011 03:00:00,-4.20195
5996,18.04.2011 04:00:00,-4.25169
5997,18.04.2011 05:00:00,-4.27493
5998,18.04.2011 06:00:00,-4.3266,3.522
5999,18.04.2011 07:00:00,-4.38188
6000,18.04.2011 08:00:00,-4.44231
6001,18.04.2011 09:00:00,-4.49532
6002,18.04.2011 10:00:00,-4.51892
6003,18.04.2011 11:00:00,-4.51206
6004,18.04.2011 12:00:00,-4.49295,3.518
6005,18.04.2011 13:00:00,-4.43764
6006,18.04.2011 14:00:00,-4.35704
6007,18.04.2011 15:00:00,-4.13659
6008,18.04.2011 16:00:00,-1.48316
6009,18.04.2011 17:00:00,-3.60566
6010,18.04.2011 18:00:00,-3.71972,3.526
6011,18.04.2011 19:00:00,-3.75567
6012,18.04.2011 20:00:00,-3.76886
6013,18.04.2011 21:00:00,-3.78621
6014,18.04.2011 22:00:00,-3.80055
6015,18.04.2011 23:00:00,-3.81822
6016,19.04.2011 00:00:00,-3.86669,3.526
6017,19.04.2011 01:00:00,-3.9024
6018,19.04.2011 02:00:00,-3.93704
6019,19.04.2011 03:00:00,-3.96804
6020,19.04.2011 04:00:00,-4.00134
6021,19.04.2011 05:00:00,-4.04169
6022,19.04.2011 06:00:00,-4.07042,3.522
6023,19.04.2011 07:00:00,-4.11297
6024,19.04.2011 08:00:00,-4.14829
6025,19.04.2011 09:00:00,-4.17952
6026,19.04.2011 10:00:00,-4.21169
6027,19.04.2011 11:00:00,-4.2438
6028,19.04.2011 12:00:00,-4.26715,3.520
6029,19.04.2011 13:00:00,-4.27356
6030,19.04.2011 14:00:00,-4.2851
6031,19.04.2011 15:00:00,-4.29091
6032,19.04.2011 16:00:00,-4.28679
6033,19.04.2011 17:00:00,-4.27081
6034,19.04.2011 18:00:00,-4.23748,3.521
6035,19.04.2011 19:00:00,-4.20368
6036,19.04.2011 20:00:00,-4.18081
6037,19.04.2011 21:00:00,-4.16443
6038,19.04.2011 22:00:00,-4.14906
6039,19.04.2011 23:00:00,-4.1423
6040,20.04.2011 00:00:00,-4.14387,3.523
6041,20.04.2011 01:00:00,-4.15773
6042,20.04.2011 02:00:00,-4.20119
6043,20.04.2011 03:00:00,-4.23414
6044,20.04.2011 04:00:00,-4.2699
6045,20.04.2011 05:00:00,-4.32275
6046,20.04.2011 06:00:00,-4.3774,3.519
6047,20.04.2011 07:00:00,-4.44249
6048,20.04.2011 08:00:00,-4.5149
6049,20.04.2011 09:00:00,-4.58042
6050,20.04.2011 10:00:00,-4.63179
6051,20.04.2011 11:00:00,-4.67913
6052,20.04.2011 12:00:00,-4.73036,3.516
6053,20.04.2011 13:00:00,-4.75802
6054,20.04.2011 14:00:00,-4.76708
6055,20.04.2011 15:00:00,-1.35109
6056,20.04.2011 16:00:00,-1.16462
6057,20.04.2011 17:00:00,-1.22285
6058,20.04.2011 18:00:00,-1.61832,3.542
6059,20.04.2011 19:00:00,-2.47055
6060,20.04.2011 20:00:00,-3.20732
6061,20.04.2011 21:00:00,-3.41944
6062,20.04.2011 22:00:00,-3.53238
6063,20.04.2011 23:00:00,-3.61056
6064,21.04.2011 00:00:00,-3.68026,3.528
6065,21.04.2011 01:00:00,-3.75365
6066,21.04.2011 02:00:00,-3.81988
6067,21.04.2011 03:00:00,-3.92685
6068,21.04.2011 04:00:00,-4.0152
6069,21.04.2011 05:00:00,-4.12587
6070,21.04.2011 06:00:00,-4.25184,3.522
6071,21.04.2011 07:00:00,-4.36559
6072,21.04.2011 08:00:00,-4.50648
6073,21.04.2011 09:00:00,-4.6243
6074,21.04.2011 10:00:00,-4.745
6075,21.04.2011 11:00:00,-4.87022
6076,21.04.2011 12:00:00,-4.96696,3.515
6077,21.04.2011 13:00:00,-5.03932
6078,21.04.2011 14:00:00,-2.9645
6079,21.04.2011 15:00:00,-3.97418
6080,21.04.2011 16:00:00,-4.25306
6081,21.04.2011 17:00:00,-4.31765
6082,21.04.2011 18:00:00,-4.29966,3.520
6083,21.04.2011 19:00:00,-4.22418
6084,21.04.2011 20:00:00,-4.1306
6085,21.04.2011 21:00:00,-4.02485
6086,21.04.2011 22:00:00,-3.9511
6087,21.04.2011 23:00:00,-3.90661
6088,22.04.2011 00:00:00,-3.88201,3.525
6089,22.04.2011 01:00:00,-3.91536
6090,22.04.2011 02:00:00,-3.96344
6091,22.04.2011 03:00:00,-4.02652
6092,22.04.2011 04:00:00,-4.1109
6093,22.04.2011 05:00:00,-4.22557
6094,22.04.2011 06:00:00,-4.32966,3.523
6095,22.04.2011 07:00:00,-4.45638
6096,22.04.2011 08:00:00,-4.5977
6097,22.04.2011 09:00:00,-4.7165
6098,22.04.2011 10:00:00,-4.84594
6099,22.04.2011 11:00:00,-4.94657
6100,22.04.2011 12:00:00,-5.0351,3.515
6101,22.04.2011 13:00:00,-5.06178
6102,22.04.2011 14:00:00,-5.02738
6103,22.04.2011 15:00:00,-4.91654
6104,22.04.2011 16:00:00,-4.66308
6105,22.04.2011 17:00:00,-4.38284
6106,22.04.2011 18:00:00,-4.14762,3.523
6107,22.04.2011 19:00:00,-3.95532
6108,22.04.2011 20:00:00,-3.78095
6109,22.04.2011 21:00:00,-3.65458
6110,22.04.2011 22:00:00,-3.57285
6111,22.04.2011 23:00:00,-3.53478
6112,23.04.2011 00:00:00,-3.50886,3.529
6113,23.04.2011 01:00:00,-3.52021
6114,23.04.2011 02:00:00,-3.56592
6115,23.04.2011 03:00:00,-3.62694
6116,23.04.2011 04:00:00,-3.68956
6117,23.04.2011 05:00:00,-3.77754
6118,23.04.2011 06:00:00,-3.85832,3.527
6119,23.04.2011 07:00:00,-3.95735
6120,23.04.2011 08:00:00,-4.05204
6121,23.04.2011 09:00:00,-4.15414
6122,23.04.2011 10:00:00,-4.25508
6123,23.04.2011 11:00:00,-4.3298
6124,23.04.2011 12:00:00,-4.36058,3.522
6125,23.04.2011 13:00:00,-4.31969
6126,23.04.2011 14:00:00,-4.21497
6127,23.04.2011 15:00:00,-3.95856
6128,23.04.2011 16:00:00,-3.39118
6129,23.04.2011 17:00:00,-2.91267
6130,23.04.2011 18:00:00,-2.53916,3.533
6131,23.04.2011 19:00:00,-2.38696
6132,23.04.2011 20:00:00,-2.26866
6133,23.04.2011 21:00:00,-2.14697
6134,23.04.2011 22:00:00,-2.07154
6135,23.04.2011 23:00:00,-2.01707
6136,24.04.2011 00:00:00,-1.99116,3.543
6137,24.04.2011 01:00:00,-1.99568
6138,24.04.2011 02:00:00,-2.02636
6139,24.04.2011 03:00:00,-2.10935
6140,24.04.2011 04:00:00,-2.21514
6141,24.04.2011 05:00:00,-2.3261
6142,24.04.2011 06:00:00,-2.46122,3.540
6143,24.04.2011 07:00:00,-2.59731
6144,24.04.2011 08:00:00,-2.7431
6145,24.04.2011 09:00:00,-2.86382
6146,24.04.2011 10:00:00,-2.95624
6147,24.04.2011 11:00:00,-3.01009
6148,24.04.2011 12:00:00,-2.9698,3.533
6149,24.04.2011 13:00:00,-2.47345
6150,24.04.2011 14:00:00,-1.18927
6151,24.04.2011 15:00:00,-0.972363
6152,24.04.2011 16:00:00,-0.844482
6153,24.04.2011 17:00:00,-0.760991
6154,24.04.2011 18:00:00,-0.701758,3.553
6155,24.04.2011 19:00:00,-0.654314
6156,24.04.2011 20:00:00,-0.603425
6157,24.04.2011 21:00:00,-0.561645
6158,24.04.2011 22:00:00,-0.526701
6159,24.04.2011 23:00:00,-0.499923
6160,25.04.2011 00:00:00,-0.481309,3.556
6161,25.04.2011 01:00:00,-0.473327
6162,25.04.2011 02:00:00,-0.458521
6163,25.04.2011 03:00:00,-0.460227
6164,25.04.2011 04:00:00,-0.462877
6165,25.04.2011 05:00:00,-0.485863
6166,25.04.2011 06:00:00,-0.526138,3.557
6167,25.04.2011 07:00:00,-0.593357
6168,25.04.2011 08:00:00,-0.669499
6169,25.04.2011 09:00:00,-0.754334
6170,25.04.2011 10:00:00,-0.829132
6171,25.04.2011 11:00:00,-0.868028
6172,25.04.2011 12:00:00,-0.824197,3.554
6173,25.04.2011 13:00:00,-0.693412
6174,25.04.2011 14:00:00,-0.565255
6175,25.04.2011 15:00:00,-0.487005
6176,25.04.2011 16:00:00,-0.41957
6177,25.04.2011 17:00:00,-0.380801
6178,25.04.2011 18:00:00,-0.341681,3.560
6179,25.04.2011 19:00:00,-0.317917
6180,25.04.2011 20:00:00,-0.287146
6181,25.04.2011 21:00:00,-0.268115
6182,25.04.2011 22:00:00,-0.250444
6183,25.04.2011 23:00:00,-0.241517
6184,26.04.2011 00:00:00,-0.233154,3.561
6185,26.04.2011 01:00:00,-0.219854
6186,26.04.2011 02:00:00,-0.23544
6187,26.04.2011 03:00:00,-0.252547
6188,26.04.2011 04:00:00,-0.286168
6189,26.04.2011 05:00:00,-0.362965
6190,26.04.2011 06:00:00,-0.488331,3.559
6191,26.04.2011 07:00:00,-0.603989
6192,26.04.2011 08:00:00,-0.676338
6193,26.04.2011 09:00:00,-0.765727
6194,26.04.2011 10:00:00,-0.798944
6195,26.04.2011 11:00:00,-0.750741
6196,26.04.2011 12:00:00,-0.579115,3.560
6197,26.04.2011 13:00:00,-0.378913
6198,26.04.2011 14:00:00,-0.279145
6199,26.04.2011 15:00:00,-0.226694
6200,26.04.2011 16:00:00,-0.197412
6201,26.04.2011 17:00:00,-0.179924
6202,26.04.2011 18:00:00,-0.167401,3.562
6203,26.04.2011 19:00:00,-0.149316
6204,26.04.2011 20:00:00,-0.144363
6205,26.04.2011 21:00:00,-0.141316
6206,26.04.2011 22:00:00,-0.129723
6207,26.04.2011 23:00:00,-0.1358
6208,27.04.2011 00:00:00,-0.143601,3.562
6209,27.04.2011 01:00:00,-0.163559
6210,27.04.2011 02:00:00,-0.205976
6211,27.04.2011 03:00:00,-0.268877
6212,27.04.2011 04:00:00,-0.328566
6213,27.04.2011 05:00:00,-0.4228
6214,27.04.2011 06:00:00,-0.513403,3.559
6215,27.04.2011 07:00:00,-0.600379
6216,27.04.2011 08:00:00,-0.668175
6217,27.04.2011 09:00:00,-0.685447
6218,27.04.2011 10:00:00,-0.612732
6219,27.04.2011 11:00:00,-0.486061
6220,27.04.2011 12:00:00,-0.315632,3.561
6221,27.04.2011 13:00:00,-0.209205
6222,27.04.2011 14:00:00,-0.16129
6223,27.04.2011 15:00:00,-0.138848
6224,27.04.2011 16:00:00,-0.123628
6225,27.04.2011 17:00:00,-0.111272
6226,27.04.2011 18:00:00,-0.0998602,3.564
6227,27.04.2011 19:00:00,-0.106153
6228,27.04.2011 20:00:00,-0.0863781
6229,27.04.2011 21:00:00,-0.082386
6230,27.04.2011 22:00:00,-0.0894079
6231,27.04.2011 23:00:00,-0.0892258
6232,28.04.2011 00:00:00,-0.121557,3.561
6233,28.04.2011 01:00:00,-0.182954
6234,28.04.2011 02:00:00,-0.273812
6235,28.04.2011 03:00:00,-0.380437
6236,28.04.2011 04:00:00,-0.416523
6237,28.04.2011 05:00:00,-0.46402
6238,28.04.2011 06:00:00,-0.531074,3.561
6239,28.04.2011 07:00:00,-0.577592
6240,28.04.2011 08:00:00,-0.54361
6241,28.04.2011 09:00:00,-0.487005
6242,28.04.2011 10:00:00,-0.346982
6243,28.04.2011 11:00:00,-0.244747
6244,28.04.2011 12:00:00,-0.19781,3.562
6245,28.04.2011 13:00:00,-0.177638
6246,28.04.2011 14:00:00,-0.146434
6247,28.04.2011 15:00:00,-0.116969
6248,28.04.2011 16:00:00,-0.105573
6249,28.04.2011 17:00:00,-0.104232
6250,28.04.2011 18:00:00,-0.0983362,3.563
6251,28.04.2011 19:00:00,-0.0882664
6252,28.04.2011 20:00:00,-0.0905676
6253,28.04.2011 21:00:00,-0.0899878
6254,28.04.2011 22:00:00,-0.0935822
6255,28.04.2011 23:00:00,-0.181248
6256,29.04.2011 00:00:00,-0.23047,3.563
6257,29.04.2011 01:00:00,-0.261458
6258,29.04.2011 02:00:00,-0.290342
6259,29.04.2011 03:00:00,-0.32532
6260,29.04.2011 04:00:00,-0.3468
6261,29.04.2011 05:00:00,-0.371327
6262,29.04.2011 06:00:00,-0.388038,3.563
6263,29.04.2011 07:00:00,-0.413691
6264,29.04.2011 08:00:00,-0.409865
6265,29.04.2011 09:00:00,-0.374739
6266,29.04.2011 10:00:00,-0.318099
6267,29.04.2011 11:00:00,-0.27421
6268,29.04.2011 12:00:00,-0.227058,3.562
6269,29.04.2011 13:00:00,-0.174225
6270,29.04.2011 14:00:00,-0.152181
6271,29.04.2011 15:00:00,-0.153705
6272,29.04.2011 16:00:00,-0.14226
6273,29.04.2011 17:00:00,-0.146467
6274,29.04.2011 18:00:00,-0.156172,3.562
6275,29.04.2011 19:00:00,-0.153489
6276,29.04.2011 20:00:00,-0.162997
6277,29.04.2011 21:00:00,-0.169836
6278,29.04.2011 22:00:00,-0.18524
6279,29.04.2011 23:00:00,-0.204269
6280,30.04.2011 00:00:00,-0.216045,3.565
6281,30.04.2011 01:00:00,-0.241881
6282,30.04.2011 02:00:00,-0.271345
6283,30.04.2011 03:00:00,-0.30215
6284,30.04.2011 04:00:00,-0.342046
6285,30.04.2011 05:00:00,-0.402462
6286,30.04.2011 06:00:00,-0.440272,3.562
6287,30.04.2011 07:00:00,-0.46763
6288,30.04.2011 08:00:00,-0.490616
6289,30.04.2011 09:00:00,-0.490037
6290,30.04.2011 10:00:00,-0.450722
6291,30.04.2011 11:00:00,-0.407795
6292,30.04.2011 12:00:00,-0.332921,3.562
6293,30.04.2011 13:00:00,-0.295493
6294,30.04.2011 14:00:00,-0.225568
6295,30.04.2011 15:00:00,-0.177455
6296,30.04.2011 16:00:00,-0.144728
6297,30.04.2011 17:00:00,-0.124024
6298,30.04.2011 18:00:00,-0.11051,3.565
6299,30.04.2011 19:00:00,-0.118129
6300,30.04.2011 20:00:00,-0.10786
6301,30.04.2011 21:00:00,-0.123263
6302,30.04.2011 22:00:00,-0.204236
6303,30.04.2011 23:00:00,-0.323432
6304,01.05.2011 00:00:00,-0.41692,3.562
6305,01.05.2011 01:00:00,-0.479222
6306,01.05.2011 02:00:00,-0.578917
6307,01.05.2011 03:00:00,-0.75796
6308,01.05.2011 04:00:00,-1.01485
6309,01.05.2011 05:00:00,-1.23707
6310,01.05.2011 06:00:00,-1.43204,3.557
6311,01.05.2011 07:00:00,-1.60877
6312,01.05.2011 08:00:00,-1.75185
6313,01.05.2011 09:00:00,-1.82737
6314,01.05.2011 10:00:00,-1.88845
6315,01.05.2011 11:00:00,-1.8716
6316,01.05.2011 12:00:00,-1.62785,3.550
6317,01.05.2011 13:00:00,-1.04803
6318,01.05.2011 14:00:00,-0.790401
6319,01.05.2011 15:00:00,-0.612152
6320,01.05.2011 16:00:00,-0.358576
6321,01.05.2011 17:00:00,-0.259752
6322,01.05.2011 18:00:00,-0.209205,3.564
6323,01.05.2011 19:00:00,-0.204452
6324,01.05.2011 20:00:00,-0.268115
6325,01.05.2011 21:00:00,-0.351735
6326,01.05.2011 22:00:00,-0.44085
6327,01.05.2011 23:00:00,-0.512658
6328,02.05.2011 00:00:00,-0.607019,3.564
6329,02.05.2011 01:00:00,-0.801031
6330,02.05.2011 02:00:00,-0.974252
6331,02.05.2011 03:00:00,-1.09921
6332,02.05.2011 04:00:00,-1.23424
6333,02.05.2011 05:00:00,-1.40191
6334,02.05.2011 06:00:00,-1.49243,3.555
6335,02.05.2011 07:00:00,-1.58185
6336,02.05.2011 08:00:00,-1.55043
6337,02.05.2011 09:00:00,-1.54779
6338,02.05.2011 10:00:00,-1.5046
6339,02.05.2011 11:00:00,-1.38239
6340,02.05.2011 12:00:00,-1.11779,3.554
6341,02.05.2011 13:00:00,-0.604933
6342,02.05.2011 14:00:00,-0.299102
6343,02.05.2011 15:00:00,-0.204236
6344,02.05.2011 16:00:00,-0.157878
6345,02.05.2011 17:00:00,-0.144761
6346,02.05.2011 18:00:00,-0.125731,3.565
6347,02.05.2011 19:00:00,-0.110908
6348,02.05.2011 20:00:00,-0.10367
6349,02.05.2011 21:00:00,-0.0951071
6350,02.05.2011 22:00:00,-0.0966311
6351,02.05.2011 23:00:00,-0.150839
6352,03.05.2011 00:00:00,-0.223646,3.565
6353,03.05.2011 01:00:00,-0.308211
6354,03.05.2011 02:00:00,-0.387094
6355,03.05.2011 03:00:00,-0.491941
6356,03.05.2011 04:00:00,-0.603607
6357,03.05.2011 05:00:00,-0.671769
6358,03.05.2011 06:00:00,-0.744481,3.561
6359,03.05.2011 07:00:00,-0.84695
6360,03.05.2011 08:00:00,-0.881689
6361,03.05.2011 09:00:00,-0.850574
6362,03.05.2011 10:00:00,-0.740293
6363,03.05.2011 11:00:00,-0.553479
6364,03.05.2011 12:00:00,-0.317553,3.562
6365,03.05.2011 13:00:00,-0.152727
6366,03.05.2011 14:00:00,-0.0985518
6367,03.05.2011 15:00:00,-0.0846395
6368,03.05.2011 16:00:00,-0.0802822
6369,03.05.2011 17:00:00,-0.074585
6370,03.05.2011 18:00:00,-0.0652437,3.568
6371,03.05.2011 19:00:00,-0.0551739
6372,03.05.2011 20:00:00,-0.0565157
6373,03.05.2011 21:00:00,-0.056118
6374,03.05.2011 22:00:00,-0.0500565
6375,03.05.2011 23:00:00,-0.0551739
6376,04.05.2011 00:00:00,-0.0531034,3.566
6377,04.05.2011 01:00:00,-0.0844574
6378,04.05.2011 02:00:00,-0.166059
6379,04.05.2011 03:00:00,-0.228979
6380,04.05.2011 04:00:00,-0.309371
6381,04.05.2011 05:00:00,-0.369606
6382,04.05.2011 06:00:00,-0.448254,3.564
6383,04.05.2011 07:00:00,-0.491941
6384,04.05.2011 08:00:00,-0.521568
6385,04.05.2011 09:00:00,-0.539817
6386,04.05.2011 10:00:00,-0.389926
6387,04.05.2011 11:00:00,-0.239993
6388,04.05.2011 12:00:00,-0.163941,3.567
6389,04.05.2011 13:00:00,-0.0656414
6390,04.05.2011 14:00:00,-0.0471897
6391,04.05.2011 15:00:00,-0.0361423
6392,04.05.2011 16:00:00,-0.0323334
6393,04.05.2011 17:00:00,-0.0304451
6394,04.05.2011 18:00:00,-0.0236053,3.585
6395,04.05.2011 19:00:00,-0.0230255
6396,04.05.2011 20:00:00,-0.0167799
6397,04.05.2011 21:00:00,-0.0209551
6398,04.05.2011 22:00:00,-0.0203753
6399,04.05.2011 23:00:00,-0.0245495
6400,05.05.2011 00:00:00,-0.0308428,3.571
6401,05.05.2011 01:00:00,-0.0414772
6402,05.05.2011 02:00:00,-0.0642996
6403,05.05.2011 03:00:00,-0.127437
6404,05.05.2011 04:00:00,-0.18716
6405,05.05.2011 05:00:00,-0.313346
6406,05.05.2011 06:00:00,-0.36732,3.563
6407,05.05.2011 07:00:00,-0.355742
6408,05.05.2011 08:00:00,-0.370748
6409,05.05.2011 09:00:00,-0.408557
6410,05.05.2011 10:00:00,-0.259968
6411,05.05.2011 11:00:00,-0.139792
6412,05.05.2011 12:00:00,-0.0481339,3.574
6413,05.05.2011 13:00:00,-0.0118294
6414,05.05.2011 14:00:00,0.00702
6415,05.05.2011 15:00:00,0.0262337
6416,05.05.2011 16:00:00,0.057621
6417,05.05.2011 17:00:00,0.09585
6418,05.05.2011 18:00:00,0.135039,3.607
6419,05.05.2011 19:00:00,0.216154
6420,05.05.2011 20:00:00,0.21844
6421,05.05.2011 21:00:00,0.186835
6422,05.05.2011 22:00:00,0.170852
6423,05.05.2011 23:00:00,0.153923
6424,06.05.2011 00:00:00,0.136018,3.582
6425,06.05.2011 01:00:00,0.121192
6426,06.05.2011 02:00:00,0.0675087
6427,06.05.2011 03:00:00,0.00607586
6428,06.05.2011 04:00:00,0.0207186
6429,06.05.2011 05:00:00,0.00912476
6430,06.05.2011 06:00:00,0.00778198,3.572
6431,06.05.2011 07:00:00,-0.00326538
6432,06.05.2011 08:00:00,-0.000797272
6433,06.05.2011 09:00:00,0.00225163
6434,06.05.2011 10:00:00,0.0163126
6435,06.05.2011 11:00:00,0.0450506
6436,06.05.2011 12:00:00,0.110112,3.573
6437,06.05.2011 13:00:00,0.184732
6438,06.05.2011 14:00:00,0.506507
6439,06.05.2011 15:00:00,1.66762
6440,06.05.2011 16:00:00,0.879671
6441,06.05.2011 17:00:00,0.751954
6442,06.05.2011 18:00:00,0.571826,3.578
6443,06.05.2011 19:00:00,0.457737
6444,06.05.2011 20:00:00,-0.0924559
6445,06.05.2011 21:00:00,-0.0289536
6446,06.05.2011 22:00:00,-0.0158033
6447,06.05.2011 23:00:00,-0.019248
6448,07.05.2011 00:00:00,0.00644016,3.569
6449,07.05.2011 01:00:00,0.032114
6450,07.05.2011 02:00:00,0.0579863
6451,07.05.2011 03:00:00,0.0199566
6452,07.05.2011 04:00:00,0.0279408
6453,07.05.2011 05:00:00,0.00817966
6454,07.05.2011 06:00:00,0.00112534,3.568
6455,07.05.2011 07:00:00,-0.00896263
6456,07.05.2011 08:00:00,-0.00308323
6457,07.05.2011 09:00:00,-0.014677
6458,07.05.2011 10:00:00,-0.0201931
6459,07.05.2011 11:00:00,-0.0190325
6460,07.05.2011 12:00:00,-0.00515366,3.567
6461,07.05.2011 13:00:00,0.00206947
6462,07.05.2011 14:00:00,-0.00326538
6463,07.05.2011 15:00:00,-0.00460625
6464,07.05.2011 16:00:00,-0.00609779
6465,07.05.2011 17:00:00,0.0142422
6466,07.05.2011 18:00:00,0.00644016,3.570
6467,07.05.2011 19:00:00,0.0113773
6468,07.05.2011 20:00:00,0.0186148
6469,07.05.2011 21:00:00,0.0271788
6470,07.05.2011 22:00:00,0.0279408
6471,07.05.2011 23:00:00,0.032114
6472,08.05.2011 00:00:00,0.0315676,3.570
6473,08.05.2011 01:00:00,0.0264158
6474,08.05.2011 02:00:00,0.0254717
6475,08.05.2011 03:00:00,0.0277586
6476,08.05.2011 04:00:00,-0.00268555
6477,08.05.2011 05:00:00,-0.0281763
6478,08.05.2011 06:00:00,-0.0525236,3.568
6479,08.05.2011 07:00:00,-0.0660391
6480,08.05.2011 08:00:00,-0.0549917
6481,08.05.2011 09:00:00,-0.0418739
6482,08.05.2011 10:00:00,-0.0333109
6483,08.05.2011 11:00:00,-0.0268345
6484,08.05.2011 12:00:00,-0.00950909,3.567
6485,08.05.2011 13:00:00,-0.00936031
6486,08.05.2011 14:00:00,0.00778198
6487,08.05.2011 15:00:00,0.00625801
6488,08.05.2011 16:00:00,0.0241299
6489,08.05.2011 17:00:00,0.0368843
6490,08.05.2011 18:00:00,0.0220594,3.569
6491,08.05.2011 19:00:00,0.0182171
6492,08.05.2011 20:00:00,0.0471544
6493,08.05.2011 21:00:00,0.0582008
6494,08.05.2011 22:00:00,0.0385904
6495,08.05.2011 23:00:00,0.040329
6496,09.05.2011 00:00:00,0.0446863,3.568
6497,09.05.2011 01:00:00,0.0186148
6498,09.05.2011 02:00:00,-0.0791559
6499,09.05.2011 03:00:00,-0.0492935
6500,09.05.2011 04:00:00,-0.0755291
6501,09.05.2011 05:00:00,-0.0899878
6502,09.05.2011 06:00:00,-0.112034,3.565
6503,09.05.2011 07:00:00,-0.120398
6504,09.05.2011 08:00:00,-0.112614
6505,09.05.2011 09:00:00,-0.105573
6506,09.05.2011 10:00:00,-0.0867434
6507,09.05.2011 11:00:00,-0.0742054
6508,09.05.2011 12:00:00,-0.0376663,3.567
6509,09.05.2011 13:00:00,-0.0241842
6510,09.05.2011 14:00:00,-0.0196133
6511,09.05.2011 15:00:00,0.0037899
6512,09.05.2011 16:00:00,0.0123539
6513,09.05.2011 17:00:00,0.00778198
6514,09.05.2011 18:00:00,0.0228214,3.567
6515,09.05.2011 19:00:00,0.0199566
6516,09.05.2011 20:00:00,0.0288849
6517,09.05.2011 21:00:00,0.030591
6518,09.05.2011 22:00:00,0.029067
6519,09.05.2011 23:00:00,0.0192118
6520,10.05.2011 00:00:00,0.0131159,3.569
6521,10.05.2011 01:00:00,0.011775
6522,10.05.2011 02:00:00,-0.0320015
6523,10.05.2011 03:00:00,-0.0454836
6524,10.05.2011 04:00:00,-0.0831156
6525,10.05.2011 05:00:00,-0.0812263
6526,10.05.2011 06:00:00,-0.129143,3.565
6527,10.05.2011 07:00:00,-0.199301
6528,10.05.2011 08:00:00,-0.134674
6529,10.05.2011 09:00:00,-0.112614
6530,10.05.2011 10:00:00,-0.0802822
6531,10.05.2011 11:00:00,-0.0696325
6532,10.05.2011 12:00:00,-0.0298986,3.567
6533,10.05.2011 13:00:00,-0.0176907
6534,10.05.2011 14:00:00,-0.0218992
6535,10.05.2011 15:00:00,-0.0213194
6536,10.05.2011 16:00:00,-0.0150414
6537,10.05.2011 17:00:00,-0.0116138
6538,10.05.2011 18:00:00,0.00225163,3.569
6539,10.05.2011 19:00:00,0.0251074
6540,10.05.2011 20:00:00,0.0264158
6541,10.05.2011 21:00:00,0.0237656
6542,10.05.2011 22:00:00,0.0178709
6543,10.05.2011 23:00:00,0.0361223
6544,11.05.2011 00:00:00,0.0292816,3.568
6545,11.05.2011 01:00:00,0.0140276
6546,11.05.2011 02:00:00,0.0150042
6547,11.05.2011 03:00:00,-0.00667667
6548,11.05.2011 04:00:00,0.00397205
6549,11.05.2011 05:00:00,0.00148964
6550,11.05.2011 06:00:00,-0.0049715,3.567
6551,11.05.2011 07:00:00,-0.0154381
6552,11.05.2011 08:00:00,-0.0194302
6553,11.05.2011 09:00:00,-0.0222635
6554,11.05.2011 10:00:00,-0.0197954
6555,11.05.2011 11:00:00,-0.0215015
6556,11.05.2011 12:00:00,-0.0140972,3.567
6557,11.05.2011 13:00:00,-0.0087471
6558,11.05.2011 14:00:00,-0.00914478
6559,11.05.2011 15:00:00,-0.00780296
6560,11.05.2011 16:00:00,0.00167179
6561,11.05.2011 17:00:00,0.0111952
6562,11.05.2011 18:00:00,0.0307732,3.568
6563,11.05.2011 19:00:00,0.0435257
6564,11.05.2011 20:00:00,0.0207186
6565,11.05.2011 21:00:00,0.0247097
6566,11.05.2011 22:00:00,0.0347977
6567,11.05.2011 23:00:00,-0.037302
6568,12.05.2011 00:00:00,-0.0125732,3.569
6569,12.05.2011 01:00:00,-0.0175085
6570,12.05.2011 02:00:00,-0.0150414
6571,12.05.2011 03:00:00,-0.0179062
6572,12.05.2011 04:00:00,-0.0106697
6573,12.05.2011 05:00:00,-0.0127554
6574,12.05.2011 06:00:00,-0.0216837,3.567
6575,12.05.2011 07:00:00,-0.0116138
6576,12.05.2011 08:00:00,-0.0133352
6577,12.05.2011 09:00:00,-0.0114136
6578,12.05.2011 10:00:00,-0.0121937
6579,12.05.2011 11:00:00,-0.0213194
6580,12.05.2011 12:00:00,-0.0180883,3.567
6581,12.05.2011 13:00:00,-0.0222635
6582,12.05.2011 14:00:00,-0.0296831
6583,12.05.2011 15:00:00,-0.0346193
6584,12.05.2011 16:00:00,-0.037302
6585,12.05.2011 17:00:00,-0.0222635
6586,12.05.2011 18:00:00,-0.0226612,3.567
6587,12.05.2011 19:00:00,-0.0182705
6588,12.05.2011 20:00:00,-0.0108519
6589,12.05.2011 21:00:00,-0.0114317
6590,12.05.2011 22:00:00,0.00301361
6591,12.05.2011 23:00:00,0.00152206
6592,13.05.2011 00:00:00,0.00170422,3.567
6593,13.05.2011 01:00:00,0.00359249
6594,13.05.2011 02:00:00,0.00397205
6595,13.05.2011 03:00:00,0.00417233
6596,13.05.2011 04:00:00,-0.0025034
6597,13.05.2011 05:00:00,-0.00116158
6598,13.05.2011 06:00:00,-0.0139151,3.569
6599,13.05.2011 07:00:00,-0.0236053
6600,13.05.2011 08:00:00,-0.029501
6601,13.05.2011 09:00:00,-0.0431986
6602,13.05.2011 10:00:00,-0.0800676
6603,13.05.2011 11:00:00,-0.094162
6604,13.05.2011 12:00:00,-0.10405,3.565
6605,13.05.2011 13:00:00,-0.0815907
6606,13.05.2011 14:00:00,-0.0726643
6607,13.05.2011 15:00:00,-0.0390081
6608,13.05.2011 16:00:00,-0.0313892
6609,13.05.2011 17:00:00,0.000943184
6610,13.05.2011 18:00:00,0.00436974,3.566
6611,13.05.2011 19:00:00,0.0167103
6612,13.05.2011 20:00:00,0.0146399
6613,13.05.2011 21:00:00,0.0258694
6614,13.05.2011 22:00:00,0.0633202
6615,13.05.2011 23:00:00,0.0600891
6616,14.05.2011 00:00:00,0.0808277,3.570
6617,14.05.2011 01:00:00,0.0760727
6618,14.05.2011 02:00:00,0.0673447
6619,14.05.2011 03:00:00,0.0315676
6620,14.05.2011 04:00:00,0.0100689
6621,14.05.2011 05:00:00,-0.0028677
6622,14.05.2011 06:00:00,-0.0342541,3.567
6623,14.05.2011 07:00:00,-0.088829
6624,14.05.2011 08:00:00,-0.12631
6625,14.05.2011 09:00:00,-0.142657
6626,14.05.2011 10:00:00,-0.144546
6627,14.05.2011 11:00:00,-0.196468
6628,14.05.2011 12:00:00,-0.106517,3.566
6629,14.05.2011 13:00:00,-0.0882664
6630,14.05.2011 14:00:00,-0.155013
6631,14.05.2011 15:00:00,-0.00954247
6632,14.05.2011 16:00:00,-0.00439167
6633,14.05.2011 17:00:00,0.0650263
6634,14.05.2011 18:00:00,0.117565,3.570
6635,14.05.2011 19:00:00,0.16131
6636,14.05.2011 20:00:00,0.191955
6637,14.05.2011 21:00:00,0.074152
6638,14.05.2011 22:00:00,0.0574389
6639,14.05.2011 23:00:00,0.0144243
6640,15.05.2011 00:00:00,0.0479164,3.571
6641,15.05.2011 01:00:00,0.0696135
6642,15.05.2011 02:00:00,0.121922
6643,15.05.2011 03:00:00,0.123263
6644,15.05.2011 04:00:00,0.0239477
6645,15.05.2011 05:00:00,-0.28486
6646,15.05.2011 06:00:00,-0.0766554,3.569
6647,15.05.2011 07:00:00,-0.201769
6648,15.05.2011 08:00:00,-0.404748
6649,15.05.2011 09:00:00,-0.243041
6650,15.05.2011 10:00:00,-0.30099
6651,15.05.2011 11:00:00,-0.0964489
6652,15.05.2011 12:00:00,0.0658035,3.570
6653,15.05.2011 13:00:00,0.105937
6654,15.05.2011 14:00:00,0.162469
6655,15.05.2011 15:00:00,0.400222
6656,15.05.2011 16:00:00,0.59853
6657,15.05.2011 17:00:00,0.750247
6658,15.05.2011 18:00:00,0.613539,3.576
6659,15.05.2011 19:00:00,0.488384
6660,15.05.2011 20:00:00,0.547854
6661,15.05.2011 21:00:00,0.449553
6662,15.05.2011 22:00:00,0.342144
6663,15.05.2011 23:00:00,0.371482
6664,16.05.2011 00:00:00,0.29495,3.576
6665,16.05.2011 01:00:00,0.339661
6666,16.05.2011 02:00:00,0.242789
6667,16.05.2011 03:00:00,0.253425
6668,16.05.2011 04:00:00,0.203947
6669,16.05.2011 05:00:00,0.112016
6670,16.05.2011 06:00:00,0.0870886,3.571
6671,16.05.2011 07:00:00,0.0579863
6672,16.05.2011 08:00:00,-0.0118113
6673,16.05.2011 09:00:00,-0.00798607
6674,16.05.2011 10:00:00,0.122684
6675,16.05.2011 11:00:00,0.305039
6676,16.05.2011 12:00:00,0.667131,3.574
6677,16.05.2011 13:00:00,1.72669
6678,16.05.2011 14:00:00,1.88321
6679,16.05.2011 15:00:00,2.79163
6680,16.05.2011 16:00:00,3.87676
6681,16.05.2011 17:00:00,5.32439
6682,16.05.2011 18:00:00,4.9579,3.606
6683,16.05.2011 19:00:00,4.34758
6684,16.05.2011 20:00:00,3.48588
6685,16.05.2011 21:00:00,2.77389
6686,16.05.2011 22:00:00,2.27913
6687,16.05.2011 23:00:00,1.88038
6688,17.05.2011 00:00:00,1.49465,3.587
6689,17.05.2011 01:00:00,1.14412
6690,17.05.2011 02:00:00,1.31192
6691,17.05.2011 03:00:00,1.3266
6692,17.05.2011 04:00:00,1.28708
6693,17.05.2011 05:00:00,0.128963
6694,17.05.2011 06:00:00,0.327867,3.577
6695,17.05.2011 07:00:00,-0.0173597
6696,17.05.2011 08:00:00,0.146667
6697,17.05.2011 09:00:00,0.266576
6698,17.05.2011 10:00:00,0.297055
6699,17.05.2011 11:00:00,0.302721
6700,17.05.2011 12:00:00,0.335303,3.574
6701,17.05.2011 13:00:00,0.409382
6702,17.05.2011 14:00:00,0.382315
6703,17.05.2011 15:00:00,0.391657
6704,17.05.2011 16:00:00,0.483082
6705,17.05.2011 17:00:00,0.247543
6706,17.05.2011 18:00:00,0.211946,3.575
6707,17.05.2011 19:00:00,0.3113
6708,17.05.2011 20:00:00,0.259156
6709,17.05.2011 21:00:00,0.150296
6710,17.05.2011 22:00:00,0.10289
6711,17.05.2011 23:00:00,0.103652
6712,18.05.2011 00:00:00,0.0846205,3.570
6713,18.05.2011 01:00:00,-0.0679274
6714,18.05.2011 02:00:00,-0.21964
6715,18.05.2011 03:00:00,-0.339778
6716,18.05.2011 04:00:00,-0.246088
6717,18.05.2011 05:00:00,-0.166607
6718,18.05.2011 06:00:00,-0.228399,3.567
6719,18.05.2011 07:00:00,-0.200278
6720,18.05.2011 08:00:00,-0.12631
6721,18.05.2011 09:00:00,-0.0690536
6722,18.05.2011 10:00:00,-0.0304785
6723,18.05.2011 11:00:00,-0.0160179
6724,18.05.2011 12:00:00,-0.00950909,3.569
6725,18.05.2011 13:00:00,-0.00326538
6726,18.05.2011 14:00:00,-0.00174141
6727,18.05.2011 15:00:00,-0.00174141
6728,18.05.2011 16:00:00,0.00473404
6729,18.05.2011 17:00:00,0.0292816
6730,18.05.2011 18:00:00,0.0226393,3.569
6731,18.05.2011 19:00:00,0.0241299
6732,18.05.2011 20:00:00,0.0412407
6733,18.05.2011 21:00:00,0.0435257
6734,18.05.2011 22:00:00,0.0747318
6735,18.05.2011 23:00:00,0.0815897
6736,19.05.2011 00:00:00,0.0861444,3.570
6737,19.05.2011 01:00:00,0.0663824
6738,19.05.2011 02:00:00,0.0614319
6739,19.05.2011 03:00:00,0.0602713
6740,19.05.2011 04:00:00,0.0452662
6741,19.05.2011 05:00:00,0.0389872
6742,19.05.2011 06:00:00,0.0235834,3.570
6743,19.05.2011 07:00:00,0.0168924
6744,19.05.2011 08:00:00,0.00625801
6745,19.05.2011 09:00:00,0.00301361
6746,19.05.2011 10:00:00,0.00397205
6747,19.05.2011 11:00:00,-0.00667667
6748,19.05.2011 12:00:00,-0.00609779,3.569
6749,19.05.2011 13:00:00,-0.00268555
6750,19.05.2011 14:00:00,-0.00134373
6751,19.05.2011 15:00:00,0.014822
6752,19.05.2011 16:00:00,0.0127182
6753,19.05.2011 17:00:00,0.0416374
6754,19.05.2011 18:00:00,0.0667477,3.570
6755,19.05.2011 19:00:00,0.0304089
6756,19.05.2011 20:00:00,0.0201387
6757,19.05.2011 21:00:00,0.0446863
6758,19.05.2011 22:00:00,0.0914774
6759,19.05.2011 23:00:00,0.10993
6760,20.05.2011 00:00:00,0.0947084,3.569
6761,20.05.2011 01:00:00,0.0570421
6762,20.05.2011 02:00:00,-0.0131531
6763,20.05.2011 03:00:00,0.0271788
6764,20.05.2011 04:00:00,-0.0194302
6765,20.05.2011 05:00:00,-0.0441427
6766,20.05.2011 06:00:00,-0.0566978,3.568
6767,20.05.2011 07:00:00,-0.0747671
6768,20.05.2011 08:00:00,-0.0650616
6769,20.05.2011 09:00:00,-0.0744028
6770,20.05.2011 10:00:00,-0.0557537
6771,20.05.2011 11:00:00,-0.0397711
6772,20.05.2011 12:00:00,-0.0317869,3.566
6773,20.05.2011 13:00:00,-0.0340719
6774,20.05.2011 14:00:00,-0.0163822
6775,20.05.2011 15:00:00,-0.0139151
6776,20.05.2011 16:00:00,-0.00725651
6777,20.05.2011 17:00:00,-0.00896263
6778,20.05.2011 18:00:00,-0.00990677,3.568
6779,20.05.2011 19:00:00,-0.0196133
6780,20.05.2011 20:00:00,-0.0169621
6781,20.05.2011 21:00:00,-0.0180883
6782,20.05.2011 22:00:00,-0.0262547
6783,20.05.2011 23:00:00,-0.0129709
6784,21.05.2011 00:00:00,-0.0171442,3.569
6785,21.05.2011 01:00:00,-0.0199776
6786,21.05.2011 02:00:00,-0.0416594
6787,21.05.2011 03:00:00,-0.0867434
6788,21.05.2011 04:00:00,-0.140157
6789,21.05.2011 05:00:00,-0.206704
6790,21.05.2011 06:00:00,-0.277804,3.565
6791,21.05.2011 07:00:00,-0.344332
6792,21.05.2011 08:00:00,-0.392393
6793,21.05.2011 09:00:00,-0.425267
6794,21.05.2011 10:00:00,-0.415579
6795,21.05.2011 11:00:00,-0.369788
6796,21.05.2011 12:00:00,-0.303458,3.565
6797,21.05.2011 13:00:00,-0.214157
6798,21.05.2011 14:00:00,-0.13219
6799,21.05.2011 15:00:00,-0.0570621
6800,21.05.2011 16:00:00,-0.0169621
6801,21.05.2011 17:00:00,-0.00555038
6802,21.05.2011 18:00:00,-0.0049715,3.569
6803,21.05.2011 19:00:00,-0.0507851
6804,21.05.2011 20:00:00,-0.210894
6805,21.05.2011 21:00:00,-0.121342
6806,21.05.2011 22:00:00,-0.0838776
6807,21.05.2011 23:00:00,-0.142839
6808,22.05.2011 00:00:00,-0.152727,3.566
6809,22.05.2011 01:00:00,-0.147959
6810,22.05.2011 02:00:00,-0.18143
6811,22.05.2011 03:00:00,-0.221743
6812,22.05.2011 04:00:00,-0.240573
6813,22.05.2011 05:00:00,-0.264505
6814,22.05.2011 06:00:00,-0.293389,3.566
6815,22.05.2011 07:00:00,-0.284678
6816,22.05.2011 08:00:00,-0.350791
6817,22.05.2011 09:00:00,-0.357051
6818,22.05.2011 10:00:00,-0.347379
6819,22.05.2011 11:00:00,-0.252912
6820,22.05.2011 12:00:00,-0.148156,3.567
6821,22.05.2011 13:00:00,-0.057642
6822,22.05.2011 14:00:00,-0.0127554
6823,22.05.2011 15:00:00,0.0170746
6824,22.05.2011 16:00:00,0.000181198
6825,22.05.2011 17:00:00,-0.00950909
6826,22.05.2011 18:00:00,-0.0781794,3.569
6827,22.05.2011 19:00:00,-0.207864
6828,22.05.2011 20:00:00,-0.300808
6829,22.05.2011 21:00:00,-1.13847
6830,22.05.2011 22:00:00,-0.737262
6831,22.05.2011 23:00:00,-1.10188
6832,23.05.2011 00:00:00,-0.714493,3.563
6833,23.05.2011 01:00:00,-0.610083
6834,23.05.2011 02:00:00,-0.571911
6835,23.05.2011 03:00:00,-0.596983
6836,23.05.2011 04:00:00,-0.735952
6837,23.05.2011 05:00:00,-0.602283
6838,23.05.2011 06:00:00,-0.562589,3.565
6839,23.05.2011 07:00:00,-0.5531
6840,23.05.2011 08:00:00,-0.542285
6841,23.05.2011 09:00:00,-0.69096
6842,23.05.2011 10:00:00,-0.791162
6843,23.05.2011 11:00:00,-0.537333
6844,23.05.2011 12:00:00,-0.45491,3.563
6845,23.05.2011 13:00:00,-0.159369
6846,23.05.2011 14:00:00,0.116405
6847,23.05.2011 15:00:00,0.312063
6848,23.05.2011 16:00:00,0.277044
6849,23.05.2011 17:00:00,0.154469
6850,23.05.2011 18:00:00,0.0150042,3.569
6851,23.05.2011 19:00:00,-0.0293179
6852,23.05.2011 20:00:00,-0.238272
6853,23.05.2011 21:00:00,-0.0222635
6854,23.05.2011 22:00:00,-0.00304985
6855,23.05.2011 23:00:00,0.010251
6856,24.05.2011 00:00:00,-0.038064,3.567
6857,24.05.2011 01:00:00,-0.018486
6858,24.05.2011 02:00:00,0.0207186
6859,24.05.2011 03:00:00,0.0334558
6860,24.05.2011 04:00:00,0.0484953
6861,24.05.2011 05:00:00,0.0222416
6862,24.05.2011 06:00:00,0.0298615,3.569
6863,24.05.2011 07:00:00,0.00036335
6864,24.05.2011 08:00:00,-0.0450859
6865,24.05.2011 09:00:00,-0.0584192
6866,24.05.2011 10:00:00,-0.230685
6867,24.05.2011 11:00:00,-0.189993
6868,24.05.2011 12:00:00,-0.0804644,3.567
6869,24.05.2011 13:00:00,-0.0321836
6870,24.05.2011 14:00:00,0.128598
6871,24.05.2011 15:00:00,0.210043
6872,24.05.2011 16:00:00,0.378538
6873,24.05.2011 17:00:00,0.367853
6874,24.05.2011 18:00:00,0.394706,3.570
6875,24.05.2011 19:00:00,0.234028
6876,24.05.2011 20:00:00,0.0730257
6877,24.05.2011 21:00:00,0.128017
6878,24.05.2011 22:00:00,0.160201
6879,24.05.2011 23:00:00,-0.0353813
6880,25.05.2011 00:00:00,0.149168,3.571
6881,25.05.2011 01:00:00,0.0465746
6882,25.05.2011 02:00:00,0.0315351
6883,25.05.2011 03:00:00,0.0806456
6884,25.05.2011 04:00:00,-0.160313
6885,25.05.2011 05:00:00,-0.259752
6886,25.05.2011 06:00:00,-0.149316,3.568
6887,25.05.2011 07:00:00,-0.105176
6888,25.05.2011 08:00:00,-0.10347
6889,25.05.2011 09:00:00,-0.0975752
6890,25.05.2011 10:00:00,-0.033493
6891,25.05.2011 11:00:00,-0.0215015
6892,25.05.2011 12:00:00,0.00494957,3.570
6893,25.05.2011 13:00:00,0.0304413
6894,25.05.2011 14:00:00,0.0104656
6895,25.05.2011 15:00:00,0.061614
6896,25.05.2011 16:00:00,0.165154
6897,25.05.2011 17:00:00,-0.00722408
6898,25.05.2011 18:00:00,0.0334558,3.569
6899,25.05.2011 19:00:00,0.0638819
6900,25.05.2011 20:00:00,0.0869064
6901,25.05.2011 21:00:00,0.0893736
6902,25.05.2011 22:00:00,0.101184
6903,25.05.2011 23:00:00,0.103652
6904,26.05.2011 00:00:00,0.0908976,3.571
6905,26.05.2011 01:00:00,0.0264158
6906,26.05.2011 02:00:00,0.0507631
6907,26.05.2011 03:00:00,0.00225163
6908,26.05.2011 04:00:00,0.0298615
6909,26.05.2011 05:00:00,-0.27744
6910,26.05.2011 06:00:00,-0.0928202,3.567
6911,26.05.2011 07:00:00,-0.0627766
6912,26.05.2011 08:00:00,-0.0485315
6913,26.05.2011 09:00:00,-0.0391903
6914,26.05.2011 10:00:00,-0.271345
6915,26.05.2011 11:00:00,-0.118493
6916,26.05.2011 12:00:00,-0.0586014,3.568
6917,26.05.2011 13:00:00,-0.0226612
6918,26.05.2011 14:00:00,0.0353603
6919,26.05.2011 15:00:00,0.20108
6920,26.05.2011 16:00:00,0.330516
6921,26.05.2011 17:00:00,0.281981
6922,26.05.2011 18:00:00,0.24413,3.571
6923,26.05.2011 19:00:00,-0.00308323
6924,26.05.2011 20:00:00,0.00359249
6925,26.05.2011 21:00:00,0.0154018
6926,26.05.2011 22:00:00,0.0311699
6927,26.05.2011 23:00:00,0.0614319
6928,27.05.2011 00:00:00,0.0833111,3.572
6929,27.05.2011 01:00:00,0.0800657
6930,27.05.2011 02:00:00,0.0793037
6931,27.05.2011 03:00:00,0.0890093
6932,27.05.2011 04:00:00,0.085597
6933,27.05.2011 05:00:00,0.0435257
6934,27.05.2011 06:00:00,0.025074,3.570
6935,27.05.2011 07:00:00,0.025074
6936,27.05.2011 08:00:00,0.00531387
6937,27.05.2011 09:00:00,0.00417233
6938,27.05.2011 10:00:00,-0.0114317
6939,27.05.2011 11:00:00,-0.0332775
6940,27.05.2011 12:00:00,-0.0430002,3.570
6941,27.05.2011 13:00:00,0.0205364
6942,27.05.2011 14:00:00,0.0555506
6943,27.05.2011 15:00:00,0.180575
6944,27.05.2011 16:00:00,0.102128
6945,27.05.2011 17:00:00,-0.201221
6946,27.05.2011 18:00:00,-0.371692,3.567
6947,27.05.2011 19:00:00,-0.647277
6948,27.05.2011 20:00:00,-0.270219
6949,27.05.2011 21:00:00,-0.405146
6950,27.05.2011 22:00:00,-0.436479
6951,27.05.2011 23:00:00,-0.330272
6952,28.05.2011 00:00:00,-0.401154,3.565
6953,28.05.2011 01:00:00,-0.609883
6954,28.05.2011 02:00:00,-0.506945
6955,28.05.2011 03:00:00,-0.411969
6956,28.05.2011 04:00:00,-0.443898
6957,28.05.2011 05:00:00,-0.596221
6958,28.05.2011 06:00:00,-0.60076,3.562
6959,28.05.2011 07:00:00,-0.615017
6960,28.05.2011 08:00:00,-0.853241
6961,28.05.2011 09:00:00,-0.722837
6962,28.05.2011 10:00:00,-0.602299
6963,28.05.2011 11:00:00,-0.397527
6964,28.05.2011 12:00:00,-0.243405,3.563
6965,28.05.2011 13:00:00,-0.0443573
6966,28.05.2011 14:00:00,0.169542
6967,28.05.2011 15:00:00,0.614898
6968,28.05.2011 16:00:00,1.02426
6969,28.05.2011 17:00:00,1.29646
6970,28.05.2011 18:00:00,1.04293,3.580
6971,28.05.2011 19:00:00,0.28561
6972,28.05.2011 20:00:00,0.0547562
6973,28.05.2011 21:00:00,0.00702
6974,28.05.2011 22:00:00,0.0452328
6975,28.05.2011 23:00:00,0.0962315
6976,29.05.2011 00:00:00,0.0895891,3.569
6977,29.05.2011 01:00:00,0.130502
6978,29.05.2011 02:00:00,0.0602713
6979,29.05.2011 03:00:00,-0.0458479
6980,29.05.2011 04:00:00,-0.247032
6981,29.05.2011 05:00:00,-0.180486
6982,29.05.2011 06:00:00,-0.19304,3.566
6983,29.05.2011 07:00:00,-0.273812
6984,29.05.2011 08:00:00,-0.305744
6985,29.05.2011 09:00:00,-0.333103
6986,29.05.2011 10:00:00,-0.20576
6987,29.05.2011 11:00:00,-0.0722837
6988,29.05.2011 12:00:00,0.0903177,3.570
6989,29.05.2011 13:00:00,0.654177
6990,29.05.2011 14:00:00,1.24448
6991,29.05.2011 15:00:00,1.04832
6992,29.05.2011 16:00:00,1.02487
6993,29.05.2011 17:00:00,1.02024
6994,29.05.2011 18:00:00,1.00327,3.583
6995,29.05.2011 19:00:00,0.958418
6996,29.05.2011 20:00:00,0.81428
6997,29.05.2011 21:00:00,0.562698
6998,29.05.2011 22:00:00,0.474483
6999,29.05.2011 23:00:00,0.404215
7000,30.05.2011 00:00:00,0.269807,3.573
7001,30.05.2011 01:00:00,0.254949
7002,30.05.2011 02:00:00,0.21405
7003,30.05.2011 03:00:00,0.175026
7004,30.05.2011 04:00:00,0.121922
7005,30.05.2011 05:00:00,0.115859
7006,30.05.2011 06:00:00,0.078907,3.571
7007,30.05.2011 07:00:00,0.108986
7008,30.05.2011 08:00:00,0.0901356
7009,30.05.2011 09:00:00,0.179033
7010,30.05.2011 10:00:00,0.346137
7011,30.05.2011 11:00:00,0.58178
7012,30.05.2011 12:00:00,1.0649,3.578
7013,30.05.2011 13:00:00,2.78794
7014,30.05.2011 14:00:00,4.24401
7015,30.05.2011 15:00:00,5.84807
7016,30.05.2011 16:00:00,6.9082
7017,30.05.2011 17:00:00,6.79352
7018,30.05.2011 18:00:00,5.14377,3.616
7019,30.05.2011 19:00:00,3.68326
7020,30.05.2011 20:00:00,2.55421
7021,30.05.2011 21:00:00,1.6086
7022,30.05.2011 22:00:00,1.18095
7023,30.05.2011 23:00:00,1.05445
7024,31.05.2011 00:00:00,0.773491,3.585
7025,31.05.2011 01:00:00,0.344431
7026,31.05.2011 02:00:00,0.056098
7027,31.05.2011 03:00:00,-0.156901
7028,31.05.2011 04:00:00,-0.565619
7029,31.05.2011 05:00:00,-0.409865
7030,31.05.2011 06:00:00,-0.447691,3.570
7031,31.05.2011 07:00:00,-0.4359
7032,31.05.2011 08:00:00,-0.325502
7033,31.05.2011 09:00:00,-0.0610704
7034,31.05.2011 10:00:00,0.37014
7035,31.05.2011 11:00:00,0.856609
7036,31.05.2011 12:00:00,1.40698,3.582
7037,31.05.2011 13:00:00,2.78834
7038,31.05.2011 14:00:00,3.51219
7039,31.05.2011 15:00:00,1.96938
7040,31.05.2011 16:00:00,1.60202
7041,31.05.2011 17:00:00,2.27054
7042,31.05.2011 18:00:00,2.25262,3.592
7043,31.05.2011 19:00:00,1.69606
7044,31.05.2011 20:00:00,0.922963
7045,31.05.2011 21:00:00,-0.612168
7046,31.05.2011 22:00:00,-0.905235
7047,31.05.2011 23:00:00,-0.685645
7048,01.06.2011 00:00:00,-0.795518,3.569
7049,01.06.2011 01:00:00,-1.09108
7050,01.06.2011 02:00:00,-1.08671
7051,01.06.2011 03:00:00,-1.33787
7052,01.06.2011 04:00:00,-1.21396
7053,01.06.2011 05:00:00,-1.18056
7054,01.06.2011 06:00:00,-1.03232,3.565
7055,01.06.2011 07:00:00,-0.864418
7056,01.06.2011 08:00:00,-1.40346
7057,01.06.2011 09:00:00,-1.04272
7058,01.06.2011 10:00:00,-0.845443
7059,01.06.2011 11:00:00,-0.670642
7060,01.06.2011 12:00:00,-0.261641,3.566
7061,01.06.2011 13:00:00,0.230979
7062,01.06.2011 14:00:00,0.878362
7063,01.06.2011 15:00:00,0.915738
7064,01.06.2011 16:00:00,1.49429
7065,01.06.2011 17:00:00,1.64061
7066,01.06.2011 18:00:00,1.36401,3.581
7067,01.06.2011 19:00:00,-0.109748
7068,01.06.2011 20:00:00,-0.803697
7069,01.06.2011 21:00:00,-1.18324
7070,01.06.2011 22:00:00,-1.16029
7071,01.06.2011 23:00:00,-1.51026
7072,02.06.2011 00:00:00,-1.30757,3.565
7073,02.06.2011 01:00:00,-1.3896
7074,02.06.2011 02:00:00,-1.54645
7075,02.06.2011 03:00:00,-1.35717
7076,02.06.2011 04:00:00,-1.60608
7077,02.06.2011 05:00:00,-1.74273
7078,02.06.2011 06:00:00,-1.73438,3.559
7079,02.06.2011 07:00:00,-1.60249
7080,02.06.2011 08:00:00,-1.54837
7081,02.06.2011 09:00:00,-1.28426
7082,02.06.2011 10:00:00,-1.04082
7083,02.06.2011 11:00:00,-0.395441
7084,02.06.2011 12:00:00,0.513745,3.566
7085,02.06.2011 13:00:00,0.927785
7086,02.06.2011 14:00:00,3.24627
7087,02.06.2011 15:00:00,3.90921
7088,02.06.2011 16:00:00,4.60513
7089,02.06.2011 17:00:00,3.95893
7090,02.06.2011 18:00:00,3.60241,3.596
7091,02.06.2011 19:00:00,2.16798
7092,02.06.2011 20:00:00,1.3721
7093,02.06.2011 21:00:00,1.0943
7094,02.06.2011 22:00:00,0.844614
7095,02.06.2011 23:00:00,0.365021
7096,03.06.2011 00:00:00,-0.0755291,3.576
7097,03.06.2011 01:00:00,-0.131793
7098,03.06.2011 02:00:00,-0.305379
7099,03.06.2011 03:00:00,-0.600776
7100,03.06.2011 04:00:00,-0.828568
7101,03.06.2011 05:00:00,-0.832162
7102,03.06.2011 06:00:00,-0.694372,3.565
7103,03.06.2011 07:00:00,-0.722076
7104,03.06.2011 08:00:00,-1.0575
7105,03.06.2011 09:00:00,-0.875415
7106,03.06.2011 10:00:00,-0.447873
7107,03.06.2011 11:00:00,0.00759983
7108,03.06.2011 12:00:00,0.672449,3.570
7109,03.06.2011 13:00:00,2.60542
7110,03.06.2011 14:00:00,4.57058
7111,03.06.2011 15:00:00,6.15039
7112,03.06.2011 16:00:00,8.00797
7113,03.06.2011 17:00:00,7.29557
7114,03.06.2011 18:00:00,5.8111,3.621
7115,03.06.2011 19:00:00,4.41092
7116,03.06.2011 20:00:00,3.83592
7117,03.06.2011 21:00:00,2.92483
7118,03.06.2011 22:00:00,2.32854
7119,03.06.2011 23:00:00,1.88492
7120,04.06.2011 00:00:00,1.39647,3.587
7121,04.06.2011 01:00:00,1.26072
7122,04.06.2011 02:00:00,0.928313
7123,04.06.2011 03:00:00,0.464627
7124,04.06.2011 04:00:00,0.0832777
7125,04.06.2011 05:00:00,-0.0639353
7126,04.06.2011 06:00:00,-0.100804,3.573
7127,04.06.2011 07:00:00,0.0496216
7128,04.06.2011 08:00:00,0.323112
7129,04.06.2011 09:00:00,0.63052
7130,04.06.2011 10:00:00,1.31417
7131,04.06.2011 11:00:00,1.97274
7132,04.06.2011 12:00:00,3.06739,3.588
7133,04.06.2011 13:00:00,4.80995
7134,04.06.2011 14:00:00,7.48017
7135,04.06.2011 15:00:00,7.33586
7136,04.06.2011 16:00:00,6.50797
7137,04.06.2011 17:00:00,5.61948
7138,04.06.2011 18:00:00,3.91786,3.608
7139,04.06.2011 19:00:00,2.89177
7140,04.06.2011 20:00:00,2.04531
7141,04.06.2011 21:00:00,1.23917
7142,04.06.2011 22:00:00,0.344249
7143,04.06.2011 23:00:00,0.442712
7144,05.06.2011 00:00:00,0.42444,3.576
7145,05.06.2011 01:00:00,-0.0721016
7146,05.06.2011 02:00:00,0.229488
7147,05.06.2011 03:00:00,0.182661
7148,05.06.2011 04:00:00,0.143638
7149,05.06.2011 05:00:00,0.168747
7150,05.06.2011 06:00:00,0.185709,3.571
7151,05.06.2011 07:00:00,0.160945
7152,05.06.2011 08:00:00,0.174844
7153,05.06.2011 09:00:00,0.188359
7154,05.06.2011 10:00:00,0.202274
7155,05.06.2011 11:00:00,0.249647
7156,05.06.2011 12:00:00,0.295133,3.574
7157,05.06.2011 13:00:00,0.3275
7158,05.06.2011 14:00:00,0.417583
7159,05.06.2011 15:00:00,0.774866
7160,05.06.2011 16:00:00,1.71676
7161,05.06.2011 17:00:00,1.29755
7162,05.06.2011 18:00:00,1.40985,3.590
7163,05.06.2011 19:00:00,0.986302
7164,05.06.2011 20:00:00,0.42613
7165,05.06.2011 21:00:00,0.282379
7166,05.06.2011 22:00:00,0.207938
7167,05.06.2011 23:00:00,-0.388618
7168,06.06.2011 00:00:00,-0.64519,3.571
7169,06.06.2011 01:00:00,-0.583867
7170,06.06.2011 02:00:00,-0.739166
7171,06.06.2011 03:00:00,-1.04272
7172,06.06.2011 04:00:00,-0.904855
7173,06.06.2011 05:00:00,-1.09564
7174,06.06.2011 06:00:00,-1.25204,3.563
7175,06.06.2011 07:00:00,-1.10284
7176,06.06.2011 08:00:00,-0.858541
7177,06.06.2011 09:00:00,-0.728336
7178,06.06.2011 10:00:00,-0.414453
7179,06.06.2011 11:00:00,-0.0736256
7180,06.06.2011 12:00:00,0.413557,3.568
7181,06.06.2011 13:00:00,1.22174
7182,06.06.2011 14:00:00,2.13694
7183,06.06.2011 15:00:00,3.19523
7184,06.06.2011 16:00:00,4.99761
7185,06.06.2011 17:00:00,3.65264
7186,06.06.2011 18:00:00,2.25183,3.590
7187,06.06.2011 19:00:00,1.17257
7188,06.06.2011 20:00:00,0.894565
7189,06.06.2011 21:00:00,0.566309
7190,06.06.2011 22:00:00,-0.00134373
7191,06.06.2011 23:00:00,0.127438
7192,07.06.2011 00:00:00,-0.0258904,3.574
7193,07.06.2011 01:00:00,-0.178962
7194,07.06.2011 02:00:00,-0.365217
7195,07.06.2011 03:00:00,-0.544554
7196,07.06.2011 04:00:00,-0.28693
7197,07.06.2011 05:00:00,-0.700252
7198,07.06.2011 06:00:00,-0.850574,3.565
7199,07.06.2011 07:00:00,-0.857596
7200,07.06.2011 08:00:00,-0.691706
7201,07.06.2011 09:00:00,-0.5814
7202,07.06.2011 10:00:00,-0.0924559
7203,07.06.2011 11:00:00,0.332255
7204,07.06.2011 12:00:00,1.09698,3.573
7205,07.06.2011 13:00:00,1.35709
7206,07.06.2011 14:00:00,1.07199
7207,07.06.2011 15:00:00,1.81402
7208,07.06.2011 16:00:00,3.0774
7209,07.06.2011 17:00:00,3.69008
7210,07.06.2011 18:00:00,2.79688,3.592
7211,07.06.2011 19:00:00,2.06262
7212,07.06.2011 20:00:00,1.48476
7213,07.06.2011 21:00:00,0.621773
7214,07.06.2011 22:00:00,0.282743
7215,07.06.2011 23:00:00,0.0834932
7216,08.06.2011 00:00:00,-0.273812,3.574
7217,08.06.2011 01:00:00,-0.279145
7218,08.06.2011 02:00:00,-0.20369
7219,08.06.2011 03:00:00,-0.3259
7220,08.06.2011 04:00:00,-0.463076
7221,08.06.2011 05:00:00,-0.589184
7222,08.06.2011 06:00:00,-0.586335,3.565
7223,08.06.2011 07:00:00,-0.696641
7224,08.06.2011 08:00:00,-0.465725
7225,08.06.2011 09:00:00,-0.0719194
7226,08.06.2011 10:00:00,0.226988
7227,08.06.2011 11:00:00,0.414319
7228,08.06.2011 12:00:00,0.959611,3.576
7229,08.06.2011 13:00:00,1.3724
7230,08.06.2011 14:00:00,3.27849
7231,08.06.2011 15:00:00,4.13421
7232,08.06.2011 16:00:00,4.94375
7233,08.06.2011 17:00:00,4.8445
7234,08.06.2011 18:00:00,3.44161,3.599
7235,08.06.2011 19:00:00,2.65573
7236,08.06.2011 20:00:00,1.85685
7237,08.06.2011 21:00:00,1.09981
7238,08.06.2011 22:00:00,0.90164
7239,08.06.2011 23:00:00,0.628814
7240,09.06.2011 00:00:00,0.398698,3.578
7241,09.06.2011 01:00:00,0.311914
7242,09.06.2011 02:00:00,0.310356
7243,09.06.2011 03:00:00,-0.0825682
7244,09.06.2011 04:00:00,-0.126493
7245,09.06.2011 05:00:00,-0.228581
7246,09.06.2011 06:00:00,-0.300046,3.569
7247,09.06.2011 07:00:00,-0.208426
7248,09.06.2011 08:00:00,-0.0342541
7249,09.06.2011 09:00:00,0.247361
7250,09.06.2011 10:00:00,0.680253
7251,09.06.2011 11:00:00,1.36673
7252,09.06.2011 12:00:00,2.15785,3.584
7253,09.06.2011 13:00:00,3.75292
7254,09.06.2011 14:00:00,5.14007
7255,09.06.2011 15:00:00,7.12049
7256,09.06.2011 16:00:00,8.15316
7257,09.06.2011 17:00:00,7.73923
7258,09.06.2011 18:00:00,6.51962,3.621
7259,09.06.2011 19:00:00,5.10738
7260,09.06.2011 20:00:00,3.88834
7261,09.06.2011 21:00:00,2.81142
7262,09.06.2011 22:00:00,2.30775
7263,09.06.2011 23:00:00,1.98451
7264,10.06.2011 00:00:00,1.74389,3.590
7265,10.06.2011 01:00:00,1.5616
7266,10.06.2011 02:00:00,0.640045
7267,10.06.2011 03:00:00,0.453944
7268,10.06.2011 04:00:00,0.329207
7269,10.06.2011 05:00:00,0.483264
7270,10.06.2011 06:00:00,0.354156,3.575
7271,10.06.2011 07:00:00,0.103834
7272,10.06.2011 08:00:00,0.0416374
7273,10.06.2011 09:00:00,0.165154
7274,10.06.2011 10:00:00,0.636997
7275,10.06.2011 11:00:00,1.19871
7276,10.06.2011 12:00:00,1.72228,3.579
7277,10.06.2011 13:00:00,4.07084
7278,10.06.2011 14:00:00,7.591
7279,10.06.2011 15:00:00,8.94317
7280,10.06.2011 16:00:00,10.1871
7281,10.06.2011 17:00:00,10.3262
7282,10.06.2011 18:00:00,9.8054,3.640
7283,10.06.2011 19:00:00,8.42535
7284,10.06.2011 20:00:00,7.18394
7285,10.06.2011 21:00:00,6.02235
7286,10.06.2011 22:00:00,5.272
7287,10.06.2011 23:00:00,4.748
7288,11.06.2011 00:00:00,4.06747,3.608
7289,11.06.2011 01:00:00,3.37122
7290,11.06.2011 02:00:00,2.85782
7291,11.06.2011 03:00:00,2.4743
7292,11.06.2011 04:00:00,2.68102
7293,11.06.2011 05:00:00,2.38913
7294,11.06.2011 06:00:00,2.0566,3.592
7295,11.06.2011 07:00:00,1.70186
7296,11.06.2011 08:00:00,1.37341
7297,11.06.2011 09:00:00,1.69765
7298,11.06.2011 10:00:00,2.36114
7299,11.06.2011 11:00:00,3.3408
7300,11.06.2011 12:00:00,4.65884,3.602
7301,11.06.2011 13:00:00,5.92297
7302,11.06.2011 14:00:00,7.3927
7303,11.06.2011 15:00:00,6.57885
7304,11.06.2011 16:00:00,6.15601
7305,11.06.2011 17:00:00,5.69474
7306,11.06.2011 18:00:00,5.13075,3.614
7307,11.06.2011 19:00:00,4.64943
7308,11.06.2011 20:00:00,4.29537
7309,11.06.2011 21:00:00,3.7771
7310,11.06.2011 22:00:00,3.32747
7311,11.06.2011 23:00:00,2.86768
7312,12.06.2011 00:00:00,2.43255,3.594
7313,12.06.2011 01:00:00,2.05199
7314,12.06.2011 02:00:00,1.83103
7315,12.06.2011 03:00:00,1.59292
7316,12.06.2011 04:00:00,1.36709
7317,12.06.2011 05:00:00,1.27237
7318,12.06.2011 06:00:00,1.19298,3.585
7319,12.06.2011 07:00:00,1.0281
7320,12.06.2011 08:00:00,0.834873
7321,12.06.2011 09:00:00,0.861579
7322,12.06.2011 10:00:00,0.840041
7323,12.06.2011 11:00:00,0.863104
7324,12.06.2011 12:00:00,1.2978,3.585
7325,12.06.2011 13:00:00,2.50021
7326,12.06.2011 14:00:00,4.02835
7327,12.06.2011 15:00:00,1.4349
7328,12.06.2011 16:00:00,2.76205
7329,12.06.2011 17:00:00,3.93044
7330,12.06.2011 18:00:00,3.51269,3.602
7331,12.06.2011 19:00:00,3.43955
7332,12.06.2011 20:00:00,2.93411
7333,12.06.2011 21:00:00,2.53455
7334,12.06.2011 22:00:00,2.11647
7335,12.06.2011 23:00:00,1.4926
7336,13.06.2011 00:00:00,1.1237,3.585
7337,13.06.2011 01:00:00,0.758051
7338,13.06.2011 02:00:00,0.405191
7339,13.06.2011 03:00:00,0.413193
7340,13.06.2011 04:00:00,0.429177
7341,13.06.2011 05:00:00,0.438322
7342,13.06.2011 06:00:00,0.395832,3.576
7343,13.06.2011 07:00:00,0.445164
7344,13.06.2011 08:00:00,0.435672
7345,13.06.2011 09:00:00,0.626163
7346,13.06.2011 10:00:00,0.831825
7347,13.06.2011 11:00:00,1.46945
7348,13.06.2011 12:00:00,2.21734,3.586
7349,13.06.2011 13:00:00,2.88227
7350,13.06.2011 14:00:00,4.26604
7351,13.06.2011 15:00:00,6.19043
7352,13.06.2011 16:00:00,6.12427
7353,13.06.2011 17:00:00,5.58331
7354,13.06.2011 18:00:00,2.21591,3.598
7355,13.06.2011 19:00:00,2.00188
7356,13.06.2011 20:00:00,1.35579
7357,13.06.2011 21:00:00,0.864263
7358,13.06.2011 22:00:00,1.07834
7359,13.06.2011 23:00:00,0.988225
7360,14.06.2011 00:00:00,0.756526,3.582
7361,14.06.2011 01:00:00,0.747961
7362,14.06.2011 02:00:00,0.54633
7363,14.06.2011 03:00:00,0.542686
7364,14.06.2011 04:00:00,0.334177
7365,14.06.2011 05:00:00,0.0627403
7366,14.06.2011 06:00:00,-0.0873051,3.572
7367,14.06.2011 07:00:00,-0.0218992
7368,14.06.2011 08:00:00,0.340638
7369,14.06.2011 09:00:00,0.514143
7370,14.06.2011 10:00:00,1.16917
7371,14.06.2011 11:00:00,2.13828
7372,14.06.2011 12:00:00,3.01518,3.589
7373,14.06.2011 13:00:00,3.87441
7374,14.06.2011 14:00:00,5.8035
7375,14.06.2011 15:00:00,5.82472
7376,14.06.2011 16:00:00,7.89131
7377,14.06.2011 17:00:00,7.0091
7378,14.06.2011 18:00:00,5.29781,3.614
7379,14.06.2011 19:00:00,4.18314
7380,14.06.2011 20:00:00,3.44267
7381,14.06.2011 21:00:00,2.89918
7382,14.06.2011 22:00:00,2.80006
7383,14.06.2011 23:00:00,2.17848
7384,15.06.2011 00:00:00,2.09946,3.592
7385,15.06.2011 01:00:00,1.71542
7386,15.06.2011 02:00:00,1.48836
7387,15.06.2011 03:00:00,1.26953
7388,15.06.2011 04:00:00,1.17982
7389,15.06.2011 05:00:00,1.15578
7390,15.06.2011 06:00:00,0.903164,3.581
7391,15.06.2011 07:00:00,1.0592
7392,15.06.2011 08:00:00,0.90734
7393,15.06.2011 09:00:00,1.32149
7394,15.06.2011 10:00:00,1.92763
7395,15.06.2011 11:00:00,2.74479
7396,15.06.2011 12:00:00,3.13819,3.595
7397,15.06.2011 13:00:00,4.60455
7398,15.06.2011 14:00:00,4.57718
7399,15.06.2011 15:00:00,6.19126
7400,15.06.2011 16:00:00,7.24039
7401,15.06.2011 17:00:00,7.10567
7402,15.06.2011 18:00:00,6.24388,3.619
7403,15.06.2011 19:00:00,4.85067
7404,15.06.2011 20:00:00,2.64421
7405,15.06.2011 21:00:00,2.1667
7406,15.06.2011 22:00:00,1.91502
7407,15.06.2011 23:00:00,1.66882
7408,16.06.2011 00:00:00,1.55641,3.590
7409,16.06.2011 01:00:00,1.3425
7410,16.06.2011 02:00:00,1.02984
7411,16.06.2011 03:00:00,1.01112
7412,16.06.2011 04:00:00,0.924736
7413,16.06.2011 05:00:00,0.964184
7414,16.06.2011 06:00:00,0.993725,3.582
7415,16.06.2011 07:00:00,0.892676
7416,16.06.2011 08:00:00,0.800197
7417,16.06.2011 09:00:00,0.791798
7418,16.06.2011 10:00:00,0.741666
7419,16.06.2011 11:00:00,1.37091
7420,16.06.2011 12:00:00,2.49124,3.588
7421,16.06.2011 13:00:00,3.40327
7422,16.06.2011 14:00:00,3.89223
7423,16.06.2011 15:00:00,3.29761
7424,16.06.2011 16:00:00,3.01521
7425,16.06.2011 17:00:00,3.24095
7426,16.06.2011 18:00:00,3.57067,3.599
7427,16.06.2011 19:00:00,3.46149
7428,16.06.2011 20:00:00,1.66018
7429,16.06.2011 21:00:00,1.89297
7430,16.06.2011 22:00:00,1.73663
7431,16.06.2011 23:00:00,1.57247
7432,17.06.2011 00:00:00,1.43243,3.584
7433,17.06.2011 01:00:00,1.25157
7434,17.06.2011 02:00:00,1.09716
7435,17.06.2011 03:00:00,0.709641
7436,17.06.2011 04:00:00,0.374331
7437,17.06.2011 05:00:00,0.464015
7438,17.06.2011 06:00:00,0.209661,3.576
7439,17.06.2011 07:00:00,0.265632
7440,17.06.2011 08:00:00,0.286554
7441,17.06.2011 09:00:00,0.850496
7442,17.06.2011 10:00:00,0.746585
7443,17.06.2011 11:00:00,0.450315
7444,17.06.2011 12:00:00,1.03284,3.583
7445,17.06.2011 13:00:00,3.50695
7446,17.06.2011 14:00:00,5.39206
7447,17.06.2011 15:00:00,5.73104
7448,17.06.2011 16:00:00,6.31313
7449,17.06.2011 17:00:00,5.51752
7450,17.06.2011 18:00:00,3.28237,3.603
7451,17.06.2011 19:00:00,2.77094
7452,17.06.2011 20:00:00,1.47888
7453,17.06.2011 21:00:00,0.773523
7454,17.06.2011 22:00:00,0.722631
7455,17.06.2011 23:00:00,0.755002
7456,18.06.2011 00:00:00,0.924337,3.581
7457,18.06.2011 01:00:00,1.12044
7458,18.06.2011 02:00:00,1.12944
7459,18.06.2011 03:00:00,0.790854
7460,18.06.2011 04:00:00,0.469167
7461,18.06.2011 05:00:00,0.336065
7462,18.06.2011 06:00:00,0.456809,3.577
7463,18.06.2011 07:00:00,0.53321
7464,18.06.2011 08:00:00,0.0258694
7465,18.06.2011 09:00:00,0.590132
7466,18.06.2011 10:00:00,0.994305
7467,18.06.2011 11:00:00,1.61413
7468,18.06.2011 12:00:00,1.21131,3.582
7469,18.06.2011 13:00:00,3.64081
7470,18.06.2011 14:00:00,5.58531
7471,18.06.2011 15:00:00,7.54469
7472,18.06.2011 16:00:00,3.91829
7473,18.06.2011 17:00:00,2.82974
7474,18.06.2011 18:00:00,1.86563,3.591
7475,18.06.2011 19:00:00,0.352448
7476,18.06.2011 20:00:00,0.301048
7477,18.06.2011 21:00:00,-0.00950909
7478,18.06.2011 22:00:00,-0.0871077
7479,18.06.2011 23:00:00,-0.361623
7480,19.06.2011 00:00:00,-0.695316,3.573
7481,19.06.2011 01:00:00,-0.860627
7482,19.06.2011 02:00:00,-0.697403
7483,19.06.2011 03:00:00,-0.837675
7484,19.06.2011 04:00:00,-0.871821
7485,19.06.2011 05:00:00,-0.822293
7486,19.06.2011 06:00:00,-0.753026,3.567
7487,19.06.2011 07:00:00,-0.778644
7488,19.06.2011 08:00:00,-0.495171
7489,19.06.2011 09:00:00,-0.631908
7490,19.06.2011 10:00:00,-0.209585
7491,19.06.2011 11:00:00,-0.0106697
7492,19.06.2011 12:00:00,0.258394,3.572
7493,19.06.2011 13:00:00,1.05249
7494,19.06.2011 14:00:00,2.02519
7495,19.06.2011 15:00:00,2.123
7496,19.06.2011 16:00:00,1.73492
7497,19.06.2011 17:00:00,1.49603
7498,19.06.2011 18:00:00,0.879521,3.581
7499,19.06.2011 19:00:00,0.0939465
7500,19.06.2011 20:00:00,-0.143601
7501,19.06.2011 21:00:00,-0.270219
7502,19.06.2011 22:00:00,-0.60172
7503,19.06.2011 23:00:00,-0.118493
7504,20.06.2011 00:00:00,-0.0222635,3.571
7505,20.06.2011 01:00:00,0.00531387
7506,20.06.2011 02:00:00,0.0232191
7507,20.06.2011 03:00:00,0.00475216
7508,20.06.2011 04:00:00,-0.0749493
7509,20.06.2011 05:00:00,-0.151965
7510,20.06.2011 06:00:00,-0.310497,3.566
7511,20.06.2011 07:00:00,-0.527082
7512,20.06.2011 08:00:00,-0.542848
7513,20.06.2011 09:00:00,-0.53581
7514,20.06.2011 10:00:00,-0.375865
7515,20.06.2011 11:00:00,-0.0644817
7516,20.06.2011 12:00:00,-0.00914478,3.569
7517,20.06.2011 13:00:00,0.00455189
7518,20.06.2011 14:00:00,1.12846
7519,20.06.2011 15:00:00,3.56094
7520,20.06.2011 16:00:00,6.44572
7521,20.06.2011 17:00:00,7.25357
7522,20.06.2011 18:00:00,6.97084,3.621
7523,20.06.2011 19:00:00,6.43229
7524,20.06.2011 20:00:00,5.43988
7525,20.06.2011 21:00:00,4.45809
7526,20.06.2011 22:00:00,3.11104
7527,20.06.2011 23:00:00,3.04845
7528,21.06.2011 00:00:00,2.55784,3.597
7529,21.06.2011 01:00:00,1.92418
7530,21.06.2011 02:00:00,1.56884
7531,21.06.2011 03:00:00,1.15292
7532,21.06.2011 04:00:00,0.848457
7533,21.06.2011 05:00:00,0.789329
7534,21.06.2011 06:00:00,0.4667,3.578
7535,21.06.2011 07:00:00,0.187747
7536,21.06.2011 08:00:00,0.500227
7537,21.06.2011 09:00:00,0.93557
7538,21.06.2011 10:00:00,1.84998
7539,21.06.2011 11:00:00,2.5772
7540,21.06.2011 12:00:00,3.19022,3.592
7541,21.06.2011 13:00:00,5.9644
7542,21.06.2011 14:00:00,7.43893
7543,21.06.2011 15:00:00,8.5433
7544,21.06.2011 16:00:00,9.5705
7545,21.06.2011 17:00:00,9.49638
7546,21.06.2011 18:00:00,8.92186,3.637
7547,21.06.2011 19:00:00,7.32067
7548,21.06.2011 20:00:00,6.05768
7549,21.06.2011 21:00:00,5.30358
7550,21.06.2011 22:00:00,4.88095
7551,21.06.2011 23:00:00,4.51276
7552,22.06.2011 00:00:00,3.99031,3.607
7553,22.06.2011 01:00:00,3.37018
7554,22.06.2011 02:00:00,2.91292
7555,22.06.2011 03:00:00,2.84723
7556,22.06.2011 04:00:00,2.48736
7557,22.06.2011 05:00:00,2.11418
7558,22.06.2011 06:00:00,1.467,3.591
7559,22.06.2011 07:00:00,1.17217
7560,22.06.2011 08:00:00,0.918605
7561,22.06.2011 09:00:00,1.50877
7562,22.06.2011 10:00:00,2.2001
7563,22.06.2011 11:00:00,2.69873
7564,22.06.2011 12:00:00,3.43925,3.597
7565,22.06.2011 13:00:00,5.31948
7566,22.06.2011 14:00:00,6.85883
7567,22.06.2011 15:00:00,7.55214
7568,22.06.2011 16:00:00,6.59356
7569,22.06.2011 17:00:00,5.22082
7570,22.06.2011 18:00:00,4.28848,3.606
7571,22.06.2011 19:00:00,3.94104
7572,22.06.2011 20:00:00,1.27011
7573,22.06.2011 21:00:00,1.14168
7574,22.06.2011 22:00:00,1.35811
7575,22.06.2011 23:00:00,1.59143
7576,23.06.2011 00:00:00,1.93605,3.589
7577,23.06.2011 01:00:00,1.80691
7578,23.06.2011 02:00:00,1.80927
7579,23.06.2011 03:00:00,1.13194
7580,23.06.2011 04:00:00,1.0678
7581,23.06.2011 05:00:00,0.754273
7582,23.06.2011 06:00:00,0.905053,3.584
7583,23.06.2011 07:00:00,0.540401
7584,23.06.2011 08:00:00,0.707538
7585,23.06.2011 09:00:00,0.715953
7586,23.06.2011 10:00:00,0.943772
7587,23.06.2011 11:00:00,1.24665
7588,23.06.2011 12:00:00,2.23829,3.584
7589,23.06.2011 13:00:00,4.67992
7590,23.06.2011 14:00:00,7.66356
7591,23.06.2011 15:00:00,8.55853
7592,23.06.2011 16:00:00,9.49377
7593,23.06.2011 17:00:00,8.99156
7594,23.06.2011 18:00:00,7.07091,3.628
7595,23.06.2011 19:00:00,5.60451
7596,23.06.2011 20:00:00,4.82922
7597,23.06.2011 21:00:00,4.09094
7598,23.06.2011 22:00:00,3.90961
7599,23.06.2011 23:00:00,3.39027
7600,24.06.2011 00:00:00,3.03691,3.601
7601,24.06.2011 01:00:00,2.49222
7602,24.06.2011 02:00:00,2.60752
7603,24.06.2011 03:00:00,2.08972
7604,24.06.2011 04:00:00,2.15197
7605,24.06.2011 05:00:00,1.85724
7606,24.06.2011 06:00:00,1.71465,3.590
7607,24.06.2011 07:00:00,1.56768
7608,24.06.2011 08:00:00,1.5006
7609,24.06.2011 09:00:00,1.55315
7610,24.06.2011 10:00:00,2.06195
7611,24.06.2011 11:00:00,2.86374
7612,24.06.2011 12:00:00,4.14704,3.598
7613,24.06.2011 13:00:00,6.57867
7614,24.06.2011 14:00:00,9.67079
7615,24.06.2011 15:00:00,11.4469
7616,24.06.2011 16:00:00,12.1465
7617,24.06.2011 17:00:00,12.542
7618,24.06.2011 18:00:00,11.6259,3.647
7619,24.06.2011 19:00:00,9.48316
7620,24.06.2011 20:00:00,8.14658
7621,24.06.2011 21:00:00,7.34663
7622,24.06.2011 22:00:00,6.73183
7623,24.06.2011 23:00:00,6.22915
7624,25.06.2011 00:00:00,5.85568,3.623
7625,25.06.2011 01:00:00,5.49628
7626,25.06.2011 02:00:00,5.09864
7627,25.06.2011 03:00:00,4.7322
7628,25.06.2011 04:00:00,4.37172
7629,25.06.2011 05:00:00,4.2258
7630,25.06.2011 06:00:00,3.90351,3.607
7631,25.06.2011 07:00:00,3.6461
7632,25.06.2011 08:00:00,3.53733
7633,25.06.2011 09:00:00,3.75108
7634,25.06.2011 10:00:00,4.21915
7635,25.06.2011 11:00:00,4.9282
7636,25.06.2011 12:00:00,6.00222,3.613
7637,25.06.2011 13:00:00,7.44762
7638,25.06.2011 14:00:00,9.97241
7639,25.06.2011 15:00:00,12.1035
7640,25.06.2011 16:00:00,9.85313
7641,25.06.2011 17:00:00,8.67337
7642,25.06.2011 18:00:00,8.51786,3.635
7643,25.06.2011 19:00:00,8.17731
7644,25.06.2011 20:00:00,7.82487
7645,25.06.2011 21:00:00,6.72753
7646,25.06.2011 22:00:00,6.28122
7647,25.06.2011 23:00:00,5.85155
7648,26.06.2011 00:00:00,5.85122,3.619
7649,26.06.2011 01:00:00,5.81372
7650,26.06.2011 02:00:00,5.30536
7651,26.06.2011 03:00:00,4.46662
7652,26.06.2011 04:00:00,3.18457
7653,26.06.2011 05:00:00,2.66244
7654,26.06.2011 06:00:00,2.92438,3.601
7655,26.06.2011 07:00:00,2.54723
7656,26.06.2011 08:00:00,2.42878
7657,26.06.2011 09:00:00,2.27409
7658,26.06.2011 10:00:00,2.68417
7659,26.06.2011 11:00:00,2.82234
7660,26.06.2011 12:00:00,2.81701,3.597
7661,26.06.2011 13:00:00,2.95356
7662,26.06.2011 14:00:00,3.27116
7663,26.06.2011 15:00:00,4.00188
7664,26.06.2011 16:00:00,4.98429
7665,26.06.2011 17:00:00,7.2211
7666,26.06.2011 18:00:00,6.97016,3.625
7667,26.06.2011 19:00:00,5.29154
7668,26.06.2011 20:00:00,3.89041
7669,26.06.2011 21:00:00,3.33204
7670,26.06.2011 22:00:00,3.01637
7671,26.06.2011 23:00:00,2.47601
7672,27.06.2011 00:00:00,2.4438,3.598
7673,27.06.2011 01:00:00,2.35182
7674,27.06.2011 02:00:00,2.07974
7675,27.06.2011 03:00:00,1.75789
7676,27.06.2011 04:00:00,1.13194
7677,27.06.2011 05:00:00,0.73865
7678,27.06.2011 06:00:00,0.723392,3.583
7679,27.06.2011 07:00:00,0.636866
7680,27.06.2011 08:00:00,0.906031
7681,27.06.2011 09:00:00,0.945876
7682,27.06.2011 10:00:00,1.41028
7683,27.06.2011 11:00:00,1.94032
7684,27.06.2011 12:00:00,3.16673,3.593
7685,27.06.2011 13:00:00,6.20427
7686,27.06.2011 14:00:00,9.00477
7687,27.06.2011 15:00:00,10.0346
7688,27.06.2011 16:00:00,8.92782
7689,27.06.2011 17:00:00,8.92172
7690,27.06.2011 18:00:00,8.58125,3.634
7691,27.06.2011 19:00:00,4.98356
7692,27.06.2011 20:00:00,3.51929
7693,27.06.2011 21:00:00,3.29976
7694,27.06.2011 22:00:00,3.12682
7695,27.06.2011 23:00:00,3.24498
7696,28.06.2011 00:00:00,3.06787,3.601
7697,28.06.2011 01:00:00,2.76165
7698,28.06.2011 02:00:00,2.5714
7699,28.06.2011 03:00:00,2.17015
7700,28.06.2011 04:00:00,1.93556
7701,28.06.2011 05:00:00,1.97228
7702,28.06.2011 06:00:00,1.97228,3.587
7703,28.06.2011 07:00:00,1.60344
7704,28.06.2011 08:00:00,1.72982
7705,28.06.2011 09:00:00,2.14549
7706,28.06.2011 10:00:00,2.58017
7707,28.06.2011 11:00:00,2.9119
7708,28.06.2011 12:00:00,3.62246,3.598
7709,28.06.2011 13:00:00,6.4371
7710,28.06.2011 14:00:00,8.23379
7711,28.06.2011 15:00:00,9.21084
7712,28.06.2011 16:00:00,7.54156
7713,28.06.2011 17:00:00,7.61625
7714,28.06.2011 18:00:00,7.32997,3.628
7715,28.06.2011 19:00:00,5.82874
7716,28.06.2011 20:00:00,5.29615
7717,28.06.2011 21:00:00,4.72928
7718,28.06.2011 22:00:00,1.90626
7719,28.06.2011 23:00:00,2.55428
7720,29.06.2011 00:00:00,2.16435,3.596
7721,29.06.2011 01:00:00,2.09452
7722,29.06.2011 02:00:00,2.16499
7723,29.06.2011 03:00:00,1.76553
7724,29.06.2011 04:00:00,2.12324
7725,29.06.2011 05:00:00,0.304825
7726,29.06.2011 06:00:00,0.827864,3.586
7727,29.06.2011 07:00:00,1.11323
7728,29.06.2011 08:00:00,1.23192
7729,29.06.2011 09:00:00,1.35989
7730,29.06.2011 10:00:00,1.26289
7731,29.06.2011 11:00:00,1.29169
7732,29.06.2011 12:00:00,1.62523,3.587
7733,29.06.2011 13:00:00,2.33815
7734,29.06.2011 14:00:00,2.43894
7735,29.06.2011 15:00:00,3.58903
7736,29.06.2011 16:00:00,4.4601
7737,29.06.2011 17:00:00,4.39117
7738,29.06.2011 18:00:00,2.79652,3.599
7739,29.06.2011 19:00:00,2.52922
7740,29.06.2011 20:00:00,1.95042
7741,29.06.2011 21:00:00,1.48211
7742,29.06.2011 22:00:00,1.18214
7743,29.06.2011 23:00:00,1.0632
7744,30.06.2011 00:00:00,1.2606,3.586
7745,30.06.2011 01:00:00,1.27566
7746,30.06.2011 02:00:00,1.28178
7747,30.06.2011 03:00:00,1.22054
7748,30.06.2011 04:00:00,1.03959
7749,30.06.2011 05:00:00,0.696306
7750,30.06.2011 06:00:00,0.739777,3.581
7751,30.06.2011 07:00:00,0.112413
7752,30.06.2011 08:00:00,0.257052
7753,30.06.2011 09:00:00,0.385942
7754,30.06.2011 10:00:00,0.716467
7755,30.06.2011 11:00:00,1.05884
7756,30.06.2011 12:00:00,1.99175,3.585
7757,30.06.2011 13:00:00,3.02962
7758,30.06.2011 14:00:00,3.95692
7759,30.06.2011 15:00:00,4.60611
7760,30.06.2011 16:00:00,4.23577
7761,30.06.2011 17:00:00,3.60588
7762,30.06.2011 18:00:00,3.60742,3.601
7763,30.06.2011 19:00:00,2.73833
7764,30.06.2011 20:00:00,1.81768
7765,30.06.2011 21:00:00,1.38067
7766,30.06.2011 22:00:00,1.55565
7767,30.06.2011 23:00:00,1.4265
7768,01.07.2011 00:00:00,0.595681,3.583
7769,01.07.2011 01:00:00,0.926078
7770,01.07.2011 02:00:00,0.726423
7771,01.07.2011 03:00:00,0.457572
7772,01.07.2011 04:00:00,0.393182
7773,01.07.2011 05:00:00,0.3332
7774,01.07.2011 06:00:00,0.325612,3.576
7775,01.07.2011 07:00:00,0.230615
7776,01.07.2011 08:00:00,0.0996599
7777,01.07.2011 09:00:00,0.30446
7778,01.07.2011 10:00:00,0.3412
7779,01.07.2011 11:00:00,0.69155
7780,01.07.2011 12:00:00,-0.208228,3.576
7781,01.07.2011 13:00:00,0.461945
7782,01.07.2011 14:00:00,2.87534
7783,01.07.2011 15:00:00,3.68159
7784,01.07.2011 16:00:00,5.24804
7785,01.07.2011 17:00:00,4.18051
7786,01.07.2011 18:00:00,2.60315,3.599
7787,01.07.2011 19:00:00,0.379664
7788,01.07.2011 20:00:00,-0.116969
7789,01.07.2011 21:00:00,-0.18524
7790,01.07.2011 22:00:00,-0.0762911
7791,01.07.2011 23:00:00,-0.233154
7792,02.07.2011 00:00:00,-0.469152,3.572
7793,02.07.2011 01:00:00,-0.459283
7794,02.07.2011 02:00:00,-0.332921
7795,02.07.2011 03:00:00,-0.129905
7796,02.07.2011 04:00:00,-0.321909
7797,02.07.2011 05:00:00,-0.252151
7798,02.07.2011 06:00:00,-0.393155,3.570
7799,02.07.2011 07:00:00,-0.269275
7800,02.07.2011 08:00:00,-0.295675
7801,02.07.2011 09:00:00,-0.279327
7802,02.07.2011 10:00:00,-0.18143
7803,02.07.2011 11:00:00,-0.0778151
7804,02.07.2011 12:00:00,0.013298,3.570
7805,02.07.2011 13:00:00,0.270933
7806,02.07.2011 14:00:00,1.56402
7807,02.07.2011 15:00:00,1.01225
7808,02.07.2011 16:00:00,0.321025
7809,02.07.2011 17:00:00,-0.198357
7810,02.07.2011 18:00:00,-0.173066,3.573
7811,02.07.2011 19:00:00,-0.149316
7812,02.07.2011 20:00:00,-0.0869255
7813,02.07.2011 21:00:00,-0.0139151
7814,02.07.2011 22:00:00,-0.0540152
7815,02.07.2011 23:00:00,-0.155957
7816,03.07.2011 00:00:00,-0.213759,3.570
7817,03.07.2011 01:00:00,-0.336913
7818,03.07.2011 02:00:00,-0.40228
7819,03.07.2011 03:00:00,-0.420514
7820,03.07.2011 04:00:00,-0.472383
7821,03.07.2011 05:00:00,-0.569444
7822,03.07.2011 06:00:00,-0.664564,3.565
7823,03.07.2011 07:00:00,-0.751884
7824,03.07.2011 08:00:00,-0.763276
7825,03.07.2011 09:00:00,-0.777699
7826,03.07.2011 10:00:00,-0.657345
7827,03.07.2011 11:00:00,-0.20634
7828,03.07.2011 12:00:00,-0.132008,3.566
7829,03.07.2011 13:00:00,-0.0281763
7830,03.07.2011 14:00:00,0.179033
7831,03.07.2011 15:00:00,1.46242
7832,03.07.2011 16:00:00,4.79313
7833,03.07.2011 17:00:00,5.86149
7834,03.07.2011 18:00:00,5.8746,3.608
7835,03.07.2011 19:00:00,4.32043
7836,03.07.2011 20:00:00,3.02542
7837,03.07.2011 21:00:00,2.39035
7838,03.07.2011 22:00:00,1.67782
7839,03.07.2011 23:00:00,1.43034
7840,04.07.2011 00:00:00,1.3345,3.588
7841,04.07.2011 01:00:00,1.27044
7842,04.07.2011 02:00:00,0.949323
7843,04.07.2011 03:00:00,0.742858
7844,04.07.2011 04:00:00,0.533176
7845,04.07.2011 05:00:00,0.289783
7846,04.07.2011 06:00:00,0.0943432,3.574
7847,04.07.2011 07:00:00,0.0129013
7848,04.07.2011 08:00:00,0.00322819
7849,04.07.2011 09:00:00,0.243551
7850,04.07.2011 10:00:00,0.883117
7851,04.07.2011 11:00:00,1.65334
7852,04.07.2011 12:00:00,2.85792,3.586
7853,04.07.2011 13:00:00,5.54752
7854,04.07.2011 14:00:00,8.20523
7855,04.07.2011 15:00:00,9.07597
7856,04.07.2011 16:00:00,9.70144
7857,04.07.2011 17:00:00,8.31965
7858,04.07.2011 18:00:00,6.47132,3.623
7859,04.07.2011 19:00:00,5.20288
7860,04.07.2011 20:00:00,5.11697
7861,04.07.2011 21:00:00,4.83611
7862,04.07.2011 22:00:00,4.37807
7863,04.07.2011 23:00:00,3.93185
7864,05.07.2011 00:00:00,3.47901,3.601
7865,05.07.2011 01:00:00,3.08992
7866,05.07.2011 02:00:00,2.80547
7867,05.07.2011 03:00:00,2.71342
7868,05.07.2011 04:00:00,2.49533
7869,05.07.2011 05:00:00,2.18453
7870,05.07.2011 06:00:00,1.87852,3.590
7871,05.07.2011 07:00:00,1.65657
7872,05.07.2011 08:00:00,1.40799
7873,05.07.2011 09:00:00,1.44734
7874,05.07.2011 10:00:00,1.9768
7875,05.07.2011 11:00:00,2.51786
7876,05.07.2011 12:00:00,3.46212,3.592
7877,05.07.2011 13:00:00,6.09417
7878,05.07.2011 14:00:00,9.33115
7879,05.07.2011 15:00:00,10.0788
7880,05.07.2011 16:00:00,9.56206
7881,05.07.2011 17:00:00,9.0381
7882,05.07.2011 18:00:00,7.61498,3.626
7883,05.07.2011 19:00:00,5.94366
7884,05.07.2011 20:00:00,4.80152
7885,05.07.2011 21:00:00,4.27282
7886,05.07.2011 22:00:00,3.97246
7887,05.07.2011 23:00:00,3.49984
7888,06.07.2011 00:00:00,3.17785,3.599
7889,06.07.2011 01:00:00,3.1377
7890,06.07.2011 02:00:00,3.04933
7891,06.07.2011 03:00:00,2.84582
7892,06.07.2011 04:00:00,2.64467
7893,06.07.2011 05:00:00,2.26045
7894,06.07.2011 06:00:00,1.96459,3.590
7895,06.07.2011 07:00:00,2.10483
7896,06.07.2011 08:00:00,2.25064
7897,06.07.2011 09:00:00,2.40712
7898,06.07.2011 10:00:00,3.08521
7899,06.07.2011 11:00:00,3.7285
7900,06.07.2011 12:00:00,5.10368,3.605
7901,06.07.2011 13:00:00,5.88361
7902,06.07.2011 14:00:00,6.31924
7903,06.07.2011 15:00:00,6.04234
7904,06.07.2011 16:00:00,5.13454
7905,06.07.2011 17:00:00,4.99645
7906,06.07.2011 18:00:00,5.43628,3.612
7907,06.07.2011 19:00:00,3.80386
7908,06.07.2011 20:00:00,2.94278
7909,06.07.2011 21:00:00,3.05566
7910,06.07.2011 22:00:00,1.91306
7911,06.07.2011 23:00:00,1.7189
7912,07.07.2011 00:00:00,1.56463,3.589
7913,07.07.2011 01:00:00,1.73827
7914,07.07.2011 02:00:00,1.49661
7915,07.07.2011 03:00:00,1.28799
7916,07.07.2011 04:00:00,1.03168
7917,07.07.2011 05:00:00,1.08266
7918,07.07.2011 06:00:00,0.894382,3.582
7919,07.07.2011 07:00:00,0.379482
7920,07.07.2011 08:00:00,0.351869
7921,07.07.2011 09:00:00,0.60499
7922,07.07.2011 10:00:00,1.01414
7923,07.07.2011 11:00:00,1.61174
7924,07.07.2011 12:00:00,2.70677,3.590
7925,07.07.2011 13:00:00,4.66683
7926,07.07.2011 14:00:00,5.29788
7927,07.07.2011 15:00:00,4.71452
7928,07.07.2011 16:00:00,5.77596
7929,07.07.2011 17:00:00,6.77144
7930,07.07.2011 18:00:00,6.16567,3.615
7931,07.07.2011 19:00:00,4.68244
7932,07.07.2011 20:00:00,3.3368
7933,07.07.2011 21:00:00,2.74294
7934,07.07.2011 22:00:00,2.46291
7935,07.07.2011 23:00:00,2.24772
7936,08.07.2011 00:00:00,1.86888,3.592
7937,08.07.2011 01:00:00,1.74755
7938,08.07.2011 02:00:00,1.69744
7939,08.07.2011 03:00:00,1.69689
7940,08.07.2011 04:00:00,1.26035
7941,08.07.2011 05:00:00,0.931595
7942,08.07.2011 06:00:00,0.595863,3.581
7943,08.07.2011 07:00:00,0.446902
7944,08.07.2011 08:00:00,0.543631
7945,08.07.2011 09:00:00,0.720492
7946,08.07.2011 10:00:00,1.45
7947,08.07.2011 11:00:00,2.86942
7948,08.07.2011 12:00:00,4.18525,3.596
7949,08.07.2011 13:00:00,5.95591
7950,08.07.2011 14:00:00,7.27011
7951,08.07.2011 15:00:00,9.17848
7952,08.07.2011 16:00:00,9.80543
7953,08.07.2011 17:00:00,8.4377
7954,08.07.2011 18:00:00,6.58277,3.624
7955,08.07.2011 19:00:00,5.23029
7956,08.07.2011 20:00:00,4.26401
7957,08.07.2011 21:00:00,3.65642
7958,08.07.2011 22:00:00,3.24807
7959,08.07.2011 23:00:00,3.19858
7960,09.07.2011 00:00:00,3.44157,3.601
7961,09.07.2011 01:00:00,3.33713
7962,09.07.2011 02:00:00,3.01352
7963,09.07.2011 03:00:00,2.6397
7964,09.07.2011 04:00:00,2.39749
7965,09.07.2011 05:00:00,2.22789
7966,09.07.2011 06:00:00,1.90403,3.593
7967,09.07.2011 07:00:00,1.7741
7968,09.07.2011 08:00:00,2.0151
7969,09.07.2011 09:00:00,2.50329
7970,09.07.2011 10:00:00,3.2899
7971,09.07.2011 11:00:00,3.87098
7972,09.07.2011 12:00:00,4.6666,3.604
7973,09.07.2011 13:00:00,2.38632
7974,09.07.2011 14:00:00,1.98201
7975,09.07.2011 15:00:00,1.78674
7976,09.07.2011 16:00:00,2.069
7977,09.07.2011 17:00:00,1.85666
7978,09.07.2011 18:00:00,2.0686,3.592
7979,09.07.2011 19:00:00,1.83106
7980,09.07.2011 20:00:00,1.63669
7981,09.07.2011 21:00:00,1.13116
7982,09.07.2011 22:00:00,1.34762
7983,09.07.2011 23:00:00,1.37319
7984,10.07.2011 00:00:00,1.13403,3.585
7985,10.07.2011 01:00:00,1.06106
7986,10.07.2011 02:00:00,0.951559
7987,10.07.2011 03:00:00,0.927568
7988,10.07.2011 04:00:00,0.7388
7989,10.07.2011 05:00:00,1.02711
7990,10.07.2011 06:00:00,0.773458,3.580
7991,10.07.2011 07:00:00,0.625401
7992,10.07.2011 08:00:00,0.496052
7993,10.07.2011 09:00:00,0.906759
7994,10.07.2011 10:00:00,1.34381
7995,10.07.2011 11:00:00,1.98989
7996,10.07.2011 12:00:00,2.63764,3.591
7997,10.07.2011 13:00:00,3.57706
7998,10.07.2011 14:00:00,2.9142
7999,10.07.2011 15:00:00,3.04214
8000,10.07.2011 16:00:00,5.3946
8001,10.07.2011 17:00:00,6.14
8002,10.07.2011 18:00:00,6.15947,3.613
8003,10.07.2011 19:00:00,5.48115
8004,10.07.2011 20:00:00,4.57322
8005,10.07.2011 21:00:00,4.30574
8006,10.07.2011 22:00:00,4.13455
8007,10.07.2011 23:00:00,3.79219
8008,11.07.2011 00:00:00,3.42362,3.600
8009,11.07.2011 01:00:00,3.03676
8010,11.07.2011 02:00:00,2.71086
8011,11.07.2011 03:00:00,2.39749
8012,11.07.2011 04:00:00,2.05337
8013,11.07.2011 05:00:00,1.60036
8014,11.07.2011 06:00:00,1.28842,3.586
8015,11.07.2011 07:00:00,1.19719
8016,11.07.2011 08:00:00,1.06681
8017,11.07.2011 09:00:00,1.20252
8018,11.07.2011 10:00:00,1.79317
8019,11.07.2011 11:00:00,2.3372
8020,11.07.2011 12:00:00,2.89568,3.594
8021,11.07.2011 13:00:00,5.13442
8022,11.07.2011 14:00:00,5.59922
8023,11.07.2011 15:00:00,6.38123
8024,11.07.2011 16:00:00,6.5191
8025,11.07.2011 17:00:00,8.36326
8026,11.07.2011 18:00:00,8.02135,3.626
8027,11.07.2011 19:00:00,6.47589
8028,11.07.2011 20:00:00,5.28892
8029,11.07.2011 21:00:00,4.60266
8030,11.07.2011 22:00:00,4.22865
8031,11.07.2011 23:00:00,3.84741
8032,12.07.2011 00:00:00,3.57745,3.602
8033,12.07.2011 01:00:00,3.46074
8034,12.07.2011 02:00:00,3.28303
8035,12.07.2011 03:00:00,2.99185
8036,12.07.2011 04:00:00,2.76822
8037,12.07.2011 05:00:00,2.51118
8038,12.07.2011 06:00:00,2.29512,3.592
8039,12.07.2011 07:00:00,2.1008
8040,12.07.2011 08:00:00,2.08663
8041,12.07.2011 09:00:00,2.30797
8042,12.07.2011 10:00:00,2.72397
8043,12.07.2011 11:00:00,3.44242
8044,12.07.2011 12:00:00,4.59256,3.600
8045,12.07.2011 13:00:00,7.31881
8046,12.07.2011 14:00:00,10.2143
8047,12.07.2011 15:00:00,11.6705
8048,12.07.2011 16:00:00,12.0788
8049,12.07.2011 17:00:00,12.5715
8050,12.07.2011 18:00:00,13.8841,3.658
8051,12.07.2011 19:00:00,11.4075
8052,12.07.2011 20:00:00,9.51787
8053,12.07.2011 21:00:00,8.39217
8054,12.07.2011 22:00:00,7.60591
8055,12.07.2011 23:00:00,6.93764
8056,13.07.2011 00:00:00,6.7652,3.628
8057,13.07.2011 01:00:00,6.40443
8058,13.07.2011 02:00:00,6.04029
8059,13.07.2011 03:00:00,5.70126
8060,13.07.2011 04:00:00,5.38937
8061,13.07.2011 05:00:00,5.10152
8062,13.07.2011 06:00:00,4.83393,3.612
8063,13.07.2011 07:00:00,4.59289
8064,13.07.2011 08:00:00,4.39175
8065,13.07.2011 09:00:00,4.74584
8066,13.07.2011 10:00:00,5.36105
8067,13.07.2011 11:00:00,6.40711
8068,13.07.2011 12:00:00,7.36269,3.622
8069,13.07.2011 13:00:00,9.46123
8070,13.07.2011 14:00:00,12.1657
8071,13.07.2011 15:00:00,11.7268
8072,13.07.2011 16:00:00,11.1612
8073,13.07.2011 17:00:00,9.51663
8074,13.07.2011 18:00:00,9.20524,3.639
8075,13.07.2011 19:00:00,9.07516
8076,13.07.2011 20:00:00,8.56468
8077,13.07.2011 21:00:00,7.93259
8078,13.07.2011 22:00:00,7.38475
8079,13.07.2011 23:00:00,7.0331
8080,14.07.2011 00:00:00,6.79737,3.626
8081,14.07.2011 01:00:00,6.45871
8082,14.07.2011 02:00:00,6.11345
8083,14.07.2011 03:00:00,5.72719
8084,14.07.2011 04:00:00,5.45491
8085,14.07.2011 05:00:00,5.17417
8086,14.07.2011 06:00:00,4.94602,3.615
8087,14.07.2011 07:00:00,4.7539
8088,14.07.2011 08:00:00,4.62167
8089,14.07.2011 09:00:00,4.74471
8090,14.07.2011 10:00:00,5.12984
8091,14.07.2011 11:00:00,5.98088
8092,14.07.2011 12:00:00,6.50794,3.619
8093,14.07.2011 13:00:00,8.3107
8094,14.07.2011 14:00:00,9.70208
8095,14.07.2011 15:00:00,11.2738
8096,14.07.2011 16:00:00,9.81763
8097,14.07.2011 17:00:00,9.36116
8098,14.07.2011 18:00:00,7.98755,3.635
8099,14.07.2011 19:00:00,6.63145
8100,14.07.2011 20:00:00,6.59
8101,14.07.2011 21:00:00,5.84981
8102,14.07.2011 22:00:00,5.33532
8103,14.07.2011 23:00:00,5.10414
8104,15.07.2011 00:00:00,4.91271,3.615
8105,15.07.2011 01:00:00,4.6505
8106,15.07.2011 02:00:00,4.44483
8107,15.07.2011 03:00:00,4.13668
8108,15.07.2011 04:00:00,3.41965
8109,15.07.2011 05:00:00,2.47967
8110,15.07.2011 06:00:00,2.34511,3.598
8111,15.07.2011 07:00:00,1.81568
8112,15.07.2011 08:00:00,2.05224
8113,15.07.2011 09:00:00,2.54453
8114,15.07.2011 10:00:00,2.66363
8115,15.07.2011 11:00:00,2.66774
8116,15.07.2011 12:00:00,3.21928,3.598
8117,15.07.2011 13:00:00,4.71177
8118,15.07.2011 14:00:00,4.94375
8119,15.07.2011 15:00:00,5.54441
8120,15.07.2011 16:00:00,7.85694
8121,15.07.2011 17:00:00,8.07596
8122,15.07.2011 18:00:00,7.00005,3.627
8123,15.07.2011 19:00:00,4.9327
8124,15.07.2011 20:00:00,3.02821
8125,15.07.2011 21:00:00,2.10258
8126,15.07.2011 22:00:00,1.51439
8127,15.07.2011 23:00:00,1.88114
8128,16.07.2011 00:00:00,1.70019,3.594
8129,16.07.2011 01:00:00,1.72728
8130,16.07.2011 02:00:00,1.63006
8131,16.07.2011 03:00:00,1.15101
8132,16.07.2011 04:00:00,0.666983
8133,16.07.2011 05:00:00,0.621011
8134,16.07.2011 06:00:00,0.915588,3.583
8135,16.07.2011 07:00:00,0.895177
8136,16.07.2011 08:00:00,0.829935
8137,16.07.2011 09:00:00,0.725446
8138,16.07.2011 10:00:00,0.940756
8139,16.07.2011 11:00:00,1.69363
8140,16.07.2011 12:00:00,3.35375,3.592
8141,16.07.2011 13:00:00,4.74388
8142,16.07.2011 14:00:00,5.34025
8143,16.07.2011 15:00:00,6.13811
8144,16.07.2011 16:00:00,7.00092
8145,16.07.2011 17:00:00,7.33092
8146,16.07.2011 18:00:00,8.1492,3.625
8147,16.07.2011 19:00:00,6.65881
8148,16.07.2011 20:00:00,5.45852
8149,16.07.2011 21:00:00,4.80253
8150,16.07.2011 22:00:00,4.24093
8151,16.07.2011 23:00:00,3.94779
8152,17.07.2011 00:00:00,3.76193,3.606
8153,17.07.2011 01:00:00,3.5103
8154,17.07.2011 02:00:00,3.16923
8155,17.07.2011 03:00:00,2.81697
8156,17.07.2011 04:00:00,2.51533
8157,17.07.2011 05:00:00,2.2063
8158,17.07.2011 06:00:00,1.89259,3.591
8159,17.07.2011 07:00:00,1.73187
8160,17.07.2011 08:00:00,1.60018
8161,17.07.2011 09:00:00,1.92619
8162,17.07.2011 10:00:00,2.56633
8163,17.07.2011 11:00:00,3.44782
8164,17.07.2011 12:00:00,4.6146,3.602
8165,17.07.2011 13:00:00,6.08405
8166,17.07.2011 14:00:00,8.6127
8167,17.07.2011 15:00:00,8.19037
8168,17.07.2011 16:00:00,7.5034
8169,17.07.2011 17:00:00,6.06599
8170,17.07.2011 18:00:00,4.83903,3.617
8171,17.07.2011 19:00:00,4.51308
8172,17.07.2011 20:00:00,4.63587
8173,17.07.2011 21:00:00,4.43756
8174,17.07.2011 22:00:00,4.11754
8175,17.07.2011 23:00:00,3.66262
8176,18.07.2011 00:00:00,3.40465,3.602
8177,18.07.2011 01:00:00,2.96135
8178,18.07.2011 02:00:00,2.59299
8179,18.07.2011 03:00:00,2.35968
8180,18.07.2011 04:00:00,2.03133
8181,18.07.2011 05:00:00,2.01546
8182,18.07.2011 06:00:00,1.97355,3.590
8183,18.07.2011 07:00:00,1.93659
8184,18.07.2011 08:00:00,2.23464
8185,18.07.2011 09:00:00,2.57971
8186,18.07.2011 10:00:00,2.9353
8187,18.07.2011 11:00:00,3.4623
8188,18.07.2011 12:00:00,4.4745,3.603
8189,18.07.2011 13:00:00,5.53157
8190,18.07.2011 14:00:00,7.44272
8191,18.07.2011 15:00:00,8.77996
8192,18.07.2011 16:00:00,9.01301
8193,18.07.2011 17:00:00,9.05569
8194,18.07.2011 18:00:00,8.71558,3.640
8195,18.07.2011 19:00:00,8.53953
8196,18.07.2011 20:00:00,7.84165
8197,18.07.2011 21:00:00,7.16563
8198,18.07.2011 22:00:00,6.59882
8199,18.07.2011 23:00:00,5.54838
8200,19.07.2011 00:00:00,5.62626,3.619
8201,19.07.2011 01:00:00,5.48583
8202,19.07.2011 02:00:00,5.30667
8203,19.07.2011 03:00:00,5.00785
8204,19.07.2011 04:00:00,4.72928
8205,19.07.2011 05:00:00,4.4539
8206,19.07.2011 06:00:00,4.09918,3.609
8207,19.07.2011 07:00:00,3.77589
8208,19.07.2011 08:00:00,3.45674
8209,19.07.2011 09:00:00,2.90553
8210,19.07.2011 10:00:00,2.03998
8211,19.07.2011 11:00:00,2.08844
8212,19.07.2011 12:00:00,2.10248,3.596
8213,19.07.2011 13:00:00,2.12344
8214,19.07.2011 14:00:00,1.99959
8215,19.07.2011 15:00:00,2.1703
8216,19.07.2011 16:00:00,2.29451
8217,19.07.2011 17:00:00,2.55113
8218,19.07.2011 18:00:00,2.35083,3.596
8219,19.07.2011 19:00:00,2.01358
8220,19.07.2011 20:00:00,1.76248
8221,19.07.2011 21:00:00,1.24092
8222,19.07.2011 22:00:00,1.21054
8223,19.07.2011 23:00:00,0.937857
8224,20.07.2011 00:00:00,0.768372,3.586
8225,20.07.2011 01:00:00,0.646143
8226,20.07.2011 02:00:00,0.677204
8227,20.07.2011 03:00:00,0.153708
8228,20.07.2011 04:00:00,0.0596914
8229,20.07.2011 05:00:00,-0.127619
8230,20.07.2011 06:00:00,-0.298738,3.576
8231,20.07.2011 07:00:00,-0.274392
8232,20.07.2011 08:00:00,-0.336151
8233,20.07.2011 09:00:00,-0.100224
8234,20.07.2011 10:00:00,0.0216951
8235,20.07.2011 11:00:00,0.437742
8236,20.07.2011 12:00:00,1.00791,3.580
8237,20.07.2011 13:00:00,2.2989
8238,20.07.2011 14:00:00,3.735
8239,20.07.2011 15:00:00,4.5843
8240,20.07.2011 16:00:00,4.6885
8241,20.07.2011 17:00:00,3.7572
8242,20.07.2011 18:00:00,4.33561,3.606
8243,20.07.2011 19:00:00,3.3217
8244,20.07.2011 20:00:00,2.96611
8245,20.07.2011 21:00:00,2.56999
8246,20.07.2011 22:00:00,1.82993
8247,20.07.2011 23:00:00,1.54364
8248,21.07.2011 00:00:00,1.4861,3.587
8249,21.07.2011 01:00:00,0.963637
8250,21.07.2011 02:00:00,0.898989
8251,21.07.2011 03:00:00,0.63095
8252,21.07.2011 04:00:00,0.553006
8253,21.07.2011 05:00:00,0.292483
8254,21.07.2011 06:00:00,0.175788,3.576
8255,21.07.2011 07:00:00,0.0530834
8256,21.07.2011 08:00:00,-0.132952
8257,21.07.2011 09:00:00,0.00930691
8258,21.07.2011 10:00:00,0.461762
8259,21.07.2011 11:00:00,0.910969
8260,21.07.2011 12:00:00,1.65868,3.581
8261,21.07.2011 13:00:00,4.25516
8262,21.07.2011 14:00:00,7.43855
8263,21.07.2011 15:00:00,9.17838
8264,21.07.2011 16:00:00,10.2873
8265,21.07.2011 17:00:00,10.4928
8266,21.07.2011 18:00:00,10.4664,3.643
8267,21.07.2011 19:00:00,8.54585
8268,21.07.2011 20:00:00,6.95675
8269,21.07.2011 21:00:00,6.12282
8270,21.07.2011 22:00:00,5.3507
8271,21.07.2011 23:00:00,4.99078
8272,22.07.2011 00:00:00,4.51737,3.612
8273,22.07.2011 01:00:00,4.02465
8274,22.07.2011 02:00:00,3.5468
8275,22.07.2011 03:00:00,3.06833
8276,22.07.2011 04:00:00,2.76485
8277,22.07.2011 05:00:00,2.39926
8278,22.07.2011 06:00:00,2.29784,3.593
8279,22.07.2011 07:00:00,1.97392
8280,22.07.2011 08:00:00,1.91178
8281,22.07.2011 09:00:00,2.08264
8282,22.07.2011 10:00:00,2.79169
8283,22.07.2011 11:00:00,3.75704
8284,22.07.2011 12:00:00,4.97684,3.605
8285,22.07.2011 13:00:00,7.22994
8286,22.07.2011 14:00:00,9.04655
8287,22.07.2011 15:00:00,8.9154
8288,22.07.2011 16:00:00,7.65844
8289,22.07.2011 17:00:00,6.23789
8290,22.07.2011 18:00:00,6.2063,3.621
8291,22.07.2011 19:00:00,6.06743
8292,22.07.2011 20:00:00,5.60989
8293,22.07.2011 21:00:00,5.06941
8294,22.07.2011 22:00:00,4.62829
8295,22.07.2011 23:00:00,4.32305
8296,23.07.2011 00:00:00,3.97228,3.607
8297,23.07.2011 01:00:00,3.52277
8298,23.07.2011 02:00:00,3.08106
8299,23.07.2011 03:00:00,2.82669
8300,23.07.2011 04:00:00,2.661
8301,23.07.2011 05:00:00,2.61497
8302,23.07.2011 06:00:00,2.63111,3.596
8303,23.07.2011 07:00:00,2.64265
8304,23.07.2011 08:00:00,2.66586
8305,23.07.2011 09:00:00,2.95638
8306,23.07.2011 10:00:00,3.42939
8307,23.07.2011 11:00:00,3.95341
8308,23.07.2011 12:00:00,4.93263,3.608
8309,23.07.2011 13:00:00,6.54722
8310,23.07.2011 14:00:00,7.47687
8311,23.07.2011 15:00:00,8.78155
8312,23.07.2011 16:00:00,7.32147
8313,23.07.2011 17:00:00,7.48142
8314,23.07.2011 18:00:00,5.99613,3.622
8315,23.07.2011 19:00:00,5.68133
8316,23.07.2011 20:00:00,4.78523
8317,23.07.2011 21:00:00,4.29813
8318,23.07.2011 22:00:00,4.12444
8319,23.07.2011 23:00:00,4.07472
8320,24.07.2011 00:00:00,3.75631,3.603
8321,24.07.2011 01:00:00,3.47303
8322,24.07.2011 02:00:00,3.16769
8323,24.07.2011 03:00:00,2.91705
8324,24.07.2011 04:00:00,2.61467
8325,24.07.2011 05:00:00,2.38592
8326,24.07.2011 06:00:00,2.28461,3.595
8327,24.07.2011 07:00:00,2.02127
8328,24.07.2011 08:00:00,1.93613
8329,24.07.2011 09:00:00,2.23254
8330,24.07.2011 10:00:00,2.80341
8331,24.07.2011 11:00:00,3.16955
8332,24.07.2011 12:00:00,3.99503,3.599
8333,24.07.2011 13:00:00,6.5434
8334,24.07.2011 14:00:00,9.70609
8335,24.07.2011 15:00:00,10.4941
8336,24.07.2011 16:00:00,11.6722
8337,24.07.2011 17:00:00,12.6945
8338,24.07.2011 18:00:00,11.5189,3.648
8339,24.07.2011 19:00:00,10.0119
8340,24.07.2011 20:00:00,8.9436
8341,24.07.2011 21:00:00,8.463
8342,24.07.2011 22:00:00,7.81995
8343,24.07.2011 23:00:00,7.33759
8344,25.07.2011 00:00:00,6.89389,3.626
8345,25.07.2011 01:00:00,6.44351
8346,25.07.2011 02:00:00,6.11602
8347,25.07.2011 03:00:00,5.81296
8348,25.07.2011 04:00:00,5.4672
8349,25.07.2011 05:00:00,5.15791
8350,25.07.2011 06:00:00,4.92255,3.614
8351,25.07.2011 07:00:00,4.8585
8352,25.07.2011 08:00:00,4.84609
8353,25.07.2011 09:00:00,5.0066
8354,25.07.2011 10:00:00,5.57187
8355,25.07.2011 11:00:00,6.29876
8356,25.07.2011 12:00:00,7.35009,3.623
8357,25.07.2011 13:00:00,9.43611
8358,25.07.2011 14:00:00,11.6971
8359,25.07.2011 15:00:00,13.0996
8360,25.07.2011 16:00:00,11.9248
8361,25.07.2011 17:00:00,12.8191
8362,25.07.2011 18:00:00,12.4448,3.653
8363,25.07.2011 19:00:00,10.9341
8364,25.07.2011 20:00:00,9.77196
8365,25.07.2011 21:00:00,8.52655
8366,25.07.2011 22:00:00,7.52682
8367,25.07.2011 23:00:00,6.91419
8368,26.07.2011 00:00:00,6.48835,3.628
8369,26.07.2011 01:00:00,6.4686
8370,26.07.2011 02:00:00,6.10837
8371,26.07.2011 03:00:00,5.75848
8372,26.07.2011 04:00:00,5.37401
8373,26.07.2011 05:00:00,4.78966
8374,26.07.2011 06:00:00,4.0446,3.613
8375,26.07.2011 07:00:00,3.65456
8376,26.07.2011 08:00:00,3.27632
8377,26.07.2011 09:00:00,3.37855
8378,26.07.2011 10:00:00,3.75133
8379,26.07.2011 11:00:00,4.40402
8380,26.07.2011 12:00:00,5.40396,3.613
8381,26.07.2011 13:00:00,7.67707
8382,26.07.2011 14:00:00,10.0538
8383,26.07.2011 15:00:00,11.1617
8384,26.07.2011 16:00:00,11.0629
8385,26.07.2011 17:00:00,11.7246
8386,26.07.2011 18:00:00,10.3253,3.646
8387,26.07.2011 19:00:00,7.97989
8388,26.07.2011 20:00:00,6.1782
8389,26.07.2011 21:00:00,4.73801
8390,26.07.2011 22:00:00,3.11981
8391,26.07.2011 23:00:00,2.1214
8392,27.07.2011 00:00:00,2.6787,3.605
8393,27.07.2011 01:00:00,2.25317
8394,27.07.2011 02:00:00,2.66567
8395,27.07.2011 03:00:00,2.19194
8396,27.07.2011 04:00:00,2.01742
8397,27.07.2011 05:00:00,1.28613
8398,27.07.2011 06:00:00,1.06058,3.594
8399,27.07.2011 07:00:00,1.1356
8400,27.07.2011 08:00:00,1.30014
8401,27.07.2011 09:00:00,1.29233
8402,27.07.2011 10:00:00,1.40723
8403,27.07.2011 11:00:00,1.94453
8404,27.07.2011 12:00:00,2.87103,3.593
8405,27.07.2011 13:00:00,5.67058
8406,27.07.2011 14:00:00,9.01669
8407,27.07.2011 15:00:00,10.2398
8408,27.07.2011 16:00:00,10.7762
8409,27.07.2011 17:00:00,10.5336
8410,27.07.2011 18:00:00,9.5243,3.640
8411,27.07.2011 19:00:00,7.30188
8412,27.07.2011 20:00:00,5.76105
8413,27.07.2011 21:00:00,4.92854
8414,27.07.2011 22:00:00,4.7154
8415,27.07.2011 23:00:00,4.37623
8416,28.07.2011 00:00:00,4.27602,3.614
8417,28.07.2011 01:00:00,3.6345
8418,28.07.2011 02:00:00,3.60896
8419,28.07.2011 03:00:00,3.43852
8420,28.07.2011 04:00:00,3.16789
8421,28.07.2011 05:00:00,2.84346
8422,28.07.2011 06:00:00,2.66498,3.598
8423,28.07.2011 07:00:00,2.47128
8424,28.07.2011 08:00:00,2.33977
8425,28.07.2011 09:00:00,2.61283
8426,28.07.2011 10:00:00,3.18619
8427,28.07.2011 11:00:00,3.90601
8428,28.07.2011 12:00:00,4.84236,3.607
8429,28.07.2011 13:00:00,7.18027
8430,28.07.2011 14:00:00,10.3539
8431,28.07.2011 15:00:00,12.0894
8432,28.07.2011 16:00:00,11.4931
8433,28.07.2011 17:00:00,9.58188
8434,28.07.2011 18:00:00,8.63365,3.637
8435,28.07.2011 19:00:00,7.19589
8436,28.07.2011 20:00:00,6.89613
8437,28.07.2011 21:00:00,6.65344
8438,28.07.2011 22:00:00,6.17536
8439,28.07.2011 23:00:00,5.73993
8440,29.07.2011 00:00:00,5.31694,3.619
8441,29.07.2011 01:00:00,4.98741
8442,29.07.2011 02:00:00,4.61183
8443,29.07.2011 03:00:00,4.32795
8444,29.07.2011 04:00:00,3.97583
8445,29.07.2011 05:00:00,3.74556
8446,29.07.2011 06:00:00,3.44136,3.603
8447,29.07.2011 07:00:00,3.29006
8448,29.07.2011 08:00:00,3.12732
8449,29.07.2011 09:00:00,3.07138
8450,29.07.2011 10:00:00,3.47112
8451,29.07.2011 11:00:00,4.22177
8452,29.07.2011 12:00:00,4.69735,3.608
8453,29.07.2011 13:00:00,6.67734
8454,29.07.2011 14:00:00,8.3663
8455,29.07.2011 15:00:00,10.27
8456,29.07.2011 16:00:00,10.2117
8457,29.07.2011 17:00:00,10.0571
8458,29.07.2011 18:00:00,7.64757,3.634
8459,29.07.2011 19:00:00,6.26625
8460,29.07.2011 20:00:00,5.57484
8461,29.07.2011 21:00:00,5.20059
8462,29.07.2011 22:00:00,5.1811
8463,29.07.2011 23:00:00,5.42647
8464,30.07.2011 00:00:00,5.26952,3.615
8465,30.07.2011 01:00:00,5.20859
8466,30.07.2011 02:00:00,4.86567
8467,30.07.2011 03:00:00,4.6469
8468,30.07.2011 04:00:00,4.29
8469,30.07.2011 05:00:00,4.20268
8470,30.07.2011 06:00:00,4.31871,3.610
8471,30.07.2011 07:00:00,4.01248
8472,30.07.2011 08:00:00,4.29134
8473,30.07.2011 09:00:00,4.44892
8474,30.07.2011 10:00:00,4.73307
8475,30.07.2011 11:00:00,5.22365
8476,30.07.2011 12:00:00,5.61841,3.615
8477,30.07.2011 13:00:00,7.32942
8478,30.07.2011 14:00:00,8.61463
8479,30.07.2011 15:00:00,9.85997
8480,30.07.2011 16:00:00,9.2221
8481,30.07.2011 17:00:00,8.87588
8482,30.07.2011 18:00:00,7.68544,3.631
8483,30.07.2011 19:00:00,5.93205
8484,30.07.2011 20:00:00,4.61183
8485,30.07.2011 21:00:00,4.11369
8486,30.07.2011 22:00:00,4.12447
8487,30.07.2011 23:00:00,4.21777
8488,31.07.2011 00:00:00,4.21371,3.609
8489,31.07.2011 01:00:00,4.36961
8490,31.07.2011 02:00:00,3.91804
8491,31.07.2011 03:00:00,3.61584
8492,31.07.2011 04:00:00,3.55706
8493,31.07.2011 05:00:00,3.20789
8494,31.07.2011 06:00:00,3.07285,3.603
8495,31.07.2011 07:00:00,3.03945
8496,31.07.2011 08:00:00,3.04214
8497,31.07.2011 09:00:00,3.27295
8498,31.07.2011 10:00:00,3.78514
8499,31.07.2011 11:00:00,4.25451
8500,31.07.2011 12:00:00,3.41339,3.604
8501,31.07.2011 13:00:00,3.90235
8502,31.07.2011 14:00:00,3.59919
8503,31.07.2011 15:00:00,3.72793
8504,31.07.2011 16:00:00,2.82848
8505,31.07.2011 17:00:00,1.5935
8506,31.07.2011 18:00:00,1.75085,3.592
8507,31.07.2011 19:00:00,1.99407
8508,31.07.2011 20:00:00,1.75988
8509,31.07.2011 21:00:00,1.35437
8510,31.07.2011 22:00:00,0.995132
8511,31.07.2011 23:00:00,0.575487
8512,01.08.2011 00:00:00,0.849584,3.587
8513,01.08.2011 01:00:00,0.627504
8514,01.08.2011 02:00:00,0.201876
8515,01.08.2011 03:00:00,0.40004
8516,01.08.2011 04:00:00,0.397605
8517,01.08.2011 05:00:00,0.211782
8518,01.08.2011 06:00:00,0.0146399,3.578
8519,01.08.2011 07:00:00,0.0313854
8520,01.08.2011 08:00:00,-0.372089
8521,01.08.2011 09:00:00,0.085597
8522,01.08.2011 10:00:00,0.805928
8523,01.08.2011 11:00:00,1.947
8524,01.08.2011 12:00:00,3.58735,3.592
8525,01.08.2011 13:00:00,5.71591
8526,01.08.2011 14:00:00,7.23203
8527,01.08.2011 15:00:00,6.65345
8528,01.08.2011 16:00:00,6.32239
8529,01.08.2011 17:00:00,7.47008
8530,01.08.2011 18:00:00,7.41805,3.623
8531,01.08.2011 19:00:00,5.1697
8532,01.08.2011 20:00:00,4.08173
8533,01.08.2011 21:00:00,3.49483
8534,01.08.2011 22:00:00,3.19766
8535,01.08.2011 23:00:00,3.05752
8536,02.08.2011 00:00:00,2.9485,3.601
8537,02.08.2011 01:00:00,2.80472
8538,02.08.2011 02:00:00,2.52976
8539,02.08.2011 03:00:00,2.61627
8540,02.08.2011 04:00:00,2.42809
8541,02.08.2011 05:00:00,2.08118
8542,02.08.2011 06:00:00,1.05236,3.589
8543,02.08.2011 07:00:00,0.922665
8544,02.08.2011 08:00:00,1.21391
8545,02.08.2011 09:00:00,1.62908
8546,02.08.2011 10:00:00,2.07407
8547,02.08.2011 11:00:00,2.73322
8548,02.08.2011 12:00:00,3.78819,3.597
8549,02.08.2011 13:00:00,5.78266
8550,02.08.2011 14:00:00,8.74197
8551,02.08.2011 15:00:00,9.59035
8552,02.08.2011 16:00:00,9.86674
8553,02.08.2011 17:00:00,9.94268
8554,02.08.2011 18:00:00,9.17955,3.635
8555,02.08.2011 19:00:00,6.7068
8556,02.08.2011 20:00:00,5.46898
8557,02.08.2011 21:00:00,4.68229
8558,02.08.2011 22:00:00,4.12951
8559,02.08.2011 23:00:00,3.69139
8560,03.08.2011 00:00:00,3.42761,3.606
8561,03.08.2011 01:00:00,3.43527
8562,03.08.2011 02:00:00,3.19287
8563,03.08.2011 03:00:00,3.19156
8564,03.08.2011 04:00:00,3.23513
8565,03.08.2011 05:00:00,3.10784
8566,03.08.2011 06:00:00,2.83095,3.599
8567,03.08.2011 07:00:00,2.52544
8568,03.08.2011 08:00:00,2.47753
8569,03.08.2011 09:00:00,2.32734
8570,03.08.2011 10:00:00,2.84078
8571,03.08.2011 11:00:00,3.43943
8572,03.08.2011 12:00:00,4.80653,3.603
8573,03.08.2011 13:00:00,7.48286
8574,03.08.2011 14:00:00,10.4721
8575,03.08.2011 15:00:00,12.4761
8576,03.08.2011 16:00:00,13.3791
8577,03.08.2011 17:00:00,12.7538
8578,03.08.2011 18:00:00,11.3576,3.648
8579,03.08.2011 19:00:00,9.14942
8580,03.08.2011 20:00:00,7.91754
8581,03.08.2011 21:00:00,7.15462
8582,03.08.2011 22:00:00,6.79375
8583,03.08.2011 23:00:00,6.38773
8584,04.08.2011 00:00:00,5.93397,3.624
8585,04.08.2011 01:00:00,5.62089
8586,04.08.2011 02:00:00,5.27727
8587,04.08.2011 03:00:00,5.05147
8588,04.08.2011 04:00:00,4.89128
8589,04.08.2011 05:00:00,4.66085
8590,04.08.2011 06:00:00,4.36014,3.611
8591,04.08.2011 07:00:00,4.09842
8592,04.08.2011 08:00:00,3.86197
8593,04.08.2011 09:00:00,3.61475
8594,04.08.2011 10:00:00,4.07178
8595,04.08.2011 11:00:00,4.82987
8596,04.08.2011 12:00:00,5.81238,3.612
8597,04.08.2011 13:00:00,8.1282
8598,04.08.2011 14:00:00,11.5123
8599,04.08.2011 15:00:00,14.367
8600,04.08.2011 16:00:00,14.9573
8601,04.08.2011 17:00:00,15.2876
8602,04.08.2011 18:00:00,14.0867,3.662
8603,04.08.2011 19:00:00,11.6359
8604,04.08.2011 20:00:00,10.0676
8605,04.08.2011 21:00:00,8.78492
8606,04.08.2011 22:00:00,8.08068
8607,04.08.2011 23:00:00,7.59391
8608,05.08.2011 00:00:00,7.32183,3.633
8609,05.08.2011 01:00:00,7.03302
8610,05.08.2011 02:00:00,6.76744
8611,05.08.2011 03:00:00,6.62552
8612,05.08.2011 04:00:00,6.29908
8613,05.08.2011 05:00:00,6.00429
8614,05.08.2011 06:00:00,5.67698,3.620
8615,05.08.2011 07:00:00,5.43032
8616,05.08.2011 08:00:00,5.01888
8617,05.08.2011 09:00:00,5.1019
8618,05.08.2011 10:00:00,5.47954
8619,05.08.2011 11:00:00,6.19091
8620,05.08.2011 12:00:00,6.93538,3.623
8621,05.08.2011 13:00:00,9.71408
8622,05.08.2011 14:00:00,13.4365
8623,05.08.2011 15:00:00,14.3393
8624,05.08.2011 16:00:00,14.3356
8625,05.08.2011 17:00:00,13.8336
8626,05.08.2011 18:00:00,12.6656,3.655
8627,05.08.2011 19:00:00,10.5694
8628,05.08.2011 20:00:00,9.33739
8629,05.08.2011 21:00:00,8.51984
8630,05.08.2011 22:00:00,8.03468
8631,05.08.2011 23:00:00,7.6256
8632,06.08.2011 00:00:00,6.86021,3.629
8633,06.08.2011 01:00:00,6.65148
8634,06.08.2011 02:00:00,6.3566
8635,06.08.2011 03:00:00,6.29388
8636,06.08.2011 04:00:00,6.16451
8637,06.08.2011 05:00:00,5.52119
8638,06.08.2011 06:00:00,5.46934,3.620
8639,06.08.2011 07:00:00,4.96007
8640,06.08.2011 08:00:00,5.00259
8641,06.08.2011 09:00:00,4.70752
8642,06.08.2011 10:00:00,5.14865
8643,06.08.2011 11:00:00,5.96324
8644,06.08.2011 12:00:00,7.3846,3.623
8645,06.08.2011 13:00:00,9.73411
8646,06.08.2011 14:00:00,13.1753
8647,06.08.2011 15:00:00,14.463
8648,06.08.2011 16:00:00,14.1693
8649,06.08.2011 17:00:00,14.2274
8650,06.08.2011 18:00:00,13.5249,3.657
8651,06.08.2011 19:00:00,11.1891
8652,06.08.2011 20:00:00,9.53993
8653,06.08.2011 21:00:00,8.53917
8654,06.08.2011 22:00:00,7.9457
8655,06.08.2011 23:00:00,7.52395
8656,07.08.2011 00:00:00,7.29298,3.634
8657,07.08.2011 01:00:00,6.94956
8658,07.08.2011 02:00:00,6.9715
8659,07.08.2011 03:00:00,6.95836
8660,07.08.2011 04:00:00,6.76258
8661,07.08.2011 05:00:00,6.58786
8662,07.08.2011 06:00:00,6.33321,3.627
8663,07.08.2011 07:00:00,6.19896
8664,07.08.2011 08:00:00,6.08252
8665,07.08.2011 09:00:00,6.35452
8666,07.08.2011 10:00:00,6.68142
8667,07.08.2011 11:00:00,6.88458
8668,07.08.2011 12:00:00,7.89452,3.629
8669,07.08.2011 13:00:00,8.86912
8670,07.08.2011 14:00:00,9.34146
8671,07.08.2011 15:00:00,10.9815
8672,07.08.2011 16:00:00,11.0638
8673,07.08.2011 17:00:00,11.5124
8674,07.08.2011 18:00:00,10.2945,3.647
8675,07.08.2011 19:00:00,9.24748
8676,07.08.2011 20:00:00,8.47293
8677,07.08.2011 21:00:00,8.04802
8678,07.08.2011 22:00:00,7.78595
8679,07.08.2011 23:00:00,7.32499
8680,08.08.2011 00:00:00,6.85724,3.630
8681,08.08.2011 01:00:00,6.80134
8682,08.08.2011 02:00:00,6.51937
8683,08.08.2011 03:00:00,6.29193
8684,08.08.2011 04:00:00,6.14181
8685,08.08.2011 05:00:00,6.03099
8686,08.08.2011 06:00:00,5.98415,3.623
8687,08.08.2011 07:00:00,5.18739
8688,08.08.2011 08:00:00,3.99974
8689,08.08.2011 09:00:00,2.75113
8690,08.08.2011 10:00:00,3.35962
8691,08.08.2011 11:00:00,3.62176
8692,08.08.2011 12:00:00,4.35427,3.609
8693,08.08.2011 13:00:00,5.1669
8694,08.08.2011 14:00:00,6.61651
8695,08.08.2011 15:00:00,7.21674
8696,08.08.2011 16:00:00,6.77312
8697,08.08.2011 17:00:00,7.05914
8698,08.08.2011 18:00:00,7.11736,3.628
8699,08.08.2011 19:00:00,6.06294
8700,08.08.2011 20:00:00,3.65798
8701,08.08.2011 21:00:00,1.54785
8702,08.08.2011 22:00:00,2.13398
8703,08.08.2011 23:00:00,1.53872
8704,09.08.2011 00:00:00,1.91324,3.597
8705,09.08.2011 01:00:00,1.82153
8706,09.08.2011 02:00:00,2.3961
8707,09.08.2011 03:00:00,2.25748
8708,09.08.2011 04:00:00,1.90552
8709,09.08.2011 05:00:00,1.28181
8710,09.08.2011 06:00:00,1.34192,3.593
8711,09.08.2011 07:00:00,0.980636
8712,09.08.2011 08:00:00,1.15489
8713,09.08.2011 09:00:00,1.34365
8714,09.08.2011 10:00:00,1.67724
8715,09.08.2011 11:00:00,2.11713
8716,09.08.2011 12:00:00,2.9179,3.595
8717,09.08.2011 13:00:00,3.65462
8718,09.08.2011 14:00:00,4.50561
8719,09.08.2011 15:00:00,4.6224
8720,09.08.2011 16:00:00,6.36124
8721,09.08.2011 17:00:00,5.1073
8722,09.08.2011 18:00:00,4.61207,3.614
8723,09.08.2011 19:00:00,2.0014
8724,09.08.2011 20:00:00,1.06994
8725,09.08.2011 21:00:00,1.12929
8726,09.08.2011 22:00:00,1.10528
8727,09.08.2011 23:00:00,0.917693
8728,10.08.2011 00:00:00,0.872315,3.590
8729,10.08.2011 01:00:00,1.28065
8730,10.08.2011 02:00:00,1.47421
8731,10.08.2011 03:00:00,1.65737
8732,10.08.2011 04:00:00,1.60028
8733,10.08.2011 05:00:00,1.51976
8734,10.08.2011 06:00:00,1.52859,3.587
8735,10.08.2011 07:00:00,1.44256
8736,10.08.2011 08:00:00,1.46271
8737,10.08.2011 09:00:00,1.41528
8738,10.08.2011 10:00:00,1.71031
8739,10.08.2011 11:00:00,2.21051
8740,10.08.2011 12:00:00,2.87987,3.596
8741,10.08.2011 13:00:00,3.37512
8742,10.08.2011 14:00:00,3.82197
8743,10.08.2011 15:00:00,4.93811
8744,10.08.2011 16:00:00,5.94632
8745,10.08.2011 17:00:00,5.86134
8746,10.08.2011 18:00:00,5.61743,3.619
8747,10.08.2011 19:00:00,5.16571
8748,10.08.2011 20:00:00,4.17147
8749,10.08.2011 21:00:00,3.72485
8750,10.08.2011 22:00:00,2.66445
8751,10.08.2011 23:00:00,2.42607
8752,11.08.2011 00:00:00,2.07944,3.597
8753,11.08.2011 01:00:00,2.13808
8754,11.08.2011 02:00:00,1.55076
8755,11.08.2011 03:00:00,1.07625
8756,11.08.2011 04:00:00,1.2327
8757,11.08.2011 05:00:00,0.500077
8758,11.08.2011 06:00:00,0.477036,3.583
8759,11.08.2011 07:00:00,1.0066
8760,11.08.2011 08:00:00,1.07794
8761,11.08.2011 09:00:00,1.22435
8762,11.08.2011 10:00:00,1.49288
8763,11.08.2011 11:00:00,1.15181
8764,11.08.2011 12:00:00,0.0751286,3.580
8765,11.08.2011 13:00:00,0.641453
8766,11.08.2011 14:00:00,1.29099
8767,11.08.2011 15:00:00,1.56908
8768,11.08.2011 16:00:00,1.10717
8769,11.08.2011 17:00:00,1.07889
8770,11.08.2011 18:00:00,0.763268,3.588
8771,11.08.2011 19:00:00,-0.0589657
8772,11.08.2011 20:00:00,0.15432
8773,11.08.2011 21:00:00,0.189337
8774,11.08.2011 22:00:00,0.167042
8775,11.08.2011 23:00:00,0.429575
8776,12.08.2011 00:00:00,0.477401,3.578
8777,12.08.2011 01:00:00,0.425385
8778,12.08.2011 02:00:00,0.287929
8779,12.08.2011 03:00:00,0.195217
8780,12.08.2011 04:00:00,0.101002
8781,12.08.2011 05:00:00,0.0243454
8782,12.08.2011 06:00:00,-0.236351,3.572
8783,12.08.2011 07:00:00,-0.393155
8784,12.08.2011 08:00:00,-0.417466,3.559
8785,12.08.2011 09:00:00,-0.502771
8786,12.08.2011 10:00:00,-0.449016
8787,12.08.2011 11:00:00,-0.394679
8788,12.08.2011 12:00:00,-0.064085
8789,12.08.2011 13:00:00,0.25099
8790,12.08.2011 14:00:00,0.550538,3.574
8791,12.08.2011 15:00:00,0.932158
8792,12.08.2011 16:00:00,1.3837
8793,12.08.2011 17:00:00,1.05905
8794,12.08.2011 18:00:00,0.0983505
8795,12.08.2011 19:00:00,-0.368446
8796,12.08.2011 20:00:00,-0.63267,3.571
8797,12.08.2011 21:00:00,-0.31222
8798,12.08.2011 22:00:00,-0.4853
8799,12.08.2011 23:00:00,-0.853821
8800,13.08.2011 00:00:00,-0.575886
8801,13.08.2011 01:00:00,-0.517975
8802,13.08.2011 02:00:00,-0.531836,3.568
8803,13.08.2011 03:00:00,-0.577791
8804,13.08.2011 04:00:00,-0.61293
8805,13.08.2011 05:00:00,-0.742594
8806,13.08.2011 06:00:00,-0.754169
8807,13.08.2011 07:00:00,-0.847926
8808,13.08.2011 08:00:00,-0.956849,3.565
8809,13.08.2011 09:00:00,-0.723037
8810,13.08.2011 10:00:00,-0.420332
8811,13.08.2011 11:00:00,-0.0715208
8812,13.08.2011 12:00:00,0.29116
8813,13.08.2011 13:00:00,1.10238
8814,13.08.2011 14:00:00,4.67065,3.583
8815,13.08.2011 15:00:00,6.91068
8816,13.08.2011 16:00:00,8.18987
8817,13.08.2011 17:00:00,8.26572
8818,13.08.2011 18:00:00,7.19401
8819,13.08.2011 19:00:00,4.81078
8820,13.08.2011 20:00:00,3.40982,3.604
8821,13.08.2011 21:00:00,2.88056
8822,13.08.2011 22:00:00,2.15009
8823,13.08.2011 23:00:00,1.79553
8824,14.08.2011 00:00:00,1.39135
8825,14.08.2011 01:00:00,1.403
8826,14.08.2011 02:00:00,1.23273,3.585
8827,14.08.2011 03:00:00,1.10009
8828,14.08.2011 04:00:00,0.882421
8829,14.08.2011 05:00:00,0.45739
8830,14.08.2011 06:00:00,0.169724
8831,14.08.2011 07:00:00,0.0201559
8832,14.08.2011 08:00:00,-0.100804,3.574
8833,14.08.2011 09:00:00,-0.0882664
8834,14.08.2011 10:00:00,0.170852
8835,14.08.2011 11:00:00,0.884095
8836,14.08.2011 12:00:00,2.21933
8837,14.08.2011 13:00:00,5.16244
8838,14.08.2011 14:00:00,8.51406,3.606
8839,14.08.2011 15:00:00,9.98022
8840,14.08.2011 16:00:00,10.5349
8841,14.08.2011 17:00:00,10.2308
8842,14.08.2011 18:00:00,8.57071
8843,14.08.2011 19:00:00,6.18839
8844,14.08.2011 20:00:00,4.87092,3.612
8845,14.08.2011 21:00:00,4.01847
8846,14.08.2011 22:00:00,3.50834
8847,14.08.2011 23:00:00,3.10747
8848,15.08.2011 00:00:00,2.86042
8849,15.08.2011 01:00:00,2.86319
8850,15.08.2011 02:00:00,2.69733,3.596
8851,15.08.2011 03:00:00,2.40897
8852,15.08.2011 04:00:00,2.12467
8853,15.08.2011 05:00:00,1.97035
8854,15.08.2011 06:00:00,1.72641
8855,15.08.2011 07:00:00,1.46877
8856,15.08.2011 08:00:00,1.43246,3.586
8857,15.08.2011 09:00:00,1.29974
8858,15.08.2011 10:00:00,1.82072
8859,15.08.2011 11:00:00,2.67068
8860,15.08.2011 12:00:00,3.44847
8861,15.08.2011 13:00:00,4.14439
8862,15.08.2011 14:00:00,5.6732,3.604
8863,15.08.2011 15:00:00,6.08132
8864,15.08.2011 16:00:00,7.26284
8865,15.08.2011 17:00:00,8.51688
8866,15.08.2011 18:00:00,7.67914
8867,15.08.2011 19:00:00,6.20293
8868,15.08.2011 20:00:00,5.61231,3.615
8869,15.08.2011 21:00:00,5.44563
8870,15.08.2011 22:00:00,5.11761
8871,15.08.2011 23:00:00,4.66687
8872,16.08.2011 00:00:00,4.37293
8873,16.08.2011 01:00:00,3.95769
8874,16.08.2011 02:00:00,3.64653,3.604
8875,16.08.2011 03:00:00,3.35458
8876,16.08.2011 04:00:00,3.01823
8877,16.08.2011 05:00:00,2.76946
8878,16.08.2011 06:00:00,2.4264
8879,16.08.2011 07:00:00,2.24039
8880,16.08.2011 08:00:00,2.14839,3.592
8881,16.08.2011 09:00:00,2.22015
8882,16.08.2011 10:00:00,2.62088
8883,16.08.2011 11:00:00,3.50939
8884,16.08.2011 12:00:00,4.75607
8885,16.08.2011 13:00:00,6.34178
8886,16.08.2011 14:00:00,7.91387,3.617
8887,16.08.2011 15:00:00,7.95225
8888,16.08.2011 16:00:00,7.88877
8889,16.08.2011 17:00:00,6.72245
8890,16.08.2011 18:00:00,3.93998
8891,16.08.2011 19:00:00,2.09452
8892,16.08.2011 20:00:00,2.09323,3.595
8893,16.08.2011 21:00:00,2.32885
8894,16.08.2011 22:00:00,2.73322
8895,16.08.2011 23:00:00,2.6216
8896,17.08.2011 00:00:00,2.33807
8897,17.08.2011 01:00:00,2.20253
8898,17.08.2011 02:00:00,1.92097,3.590
8899,17.08.2011 03:00:00,1.59426
8900,17.08.2011 04:00:00,1.36047
8901,17.08.2011 05:00:00,1.23886
8902,17.08.2011 06:00:00,1.14473
8903,17.08.2011 07:00:00,0.960257
8904,17.08.2011 08:00:00,1.02948,3.579
8905,17.08.2011 09:00:00,1.26398
8906,17.08.2011 10:00:00,1.44164
8907,17.08.2011 11:00:00,1.81921
8908,17.08.2011 12:00:00,2.31315
8909,17.08.2011 13:00:00,2.97579
8910,17.08.2011 14:00:00,2.66461,3.589
8911,17.08.2011 15:00:00,4.11338
8912,17.08.2011 16:00:00,5.12027
8913,17.08.2011 17:00:00,5.82973
8914,17.08.2011 18:00:00,5.09742
8915,17.08.2011 19:00:00,4.08938
8916,17.08.2011 20:00:00,3.33524,3.599
8917,17.08.2011 21:00:00,2.7604
8918,17.08.2011 22:00:00,2.97665
8919,17.08.2011 23:00:00,2.83657
8920,18.08.2011 00:00:00,2.56361
8921,18.08.2011 01:00:00,2.32887
8922,18.08.2011 02:00:00,2.07437,3.589
8923,18.08.2011 03:00:00,1.82498
8924,18.08.2011 04:00:00,1.67556
8925,18.08.2011 05:00:00,1.46206
8926,18.08.2011 06:00:00,1.25238
8927,18.08.2011 07:00:00,1.22108
8928,18.08.2011 08:00:00,1.28403,3.581
8929,18.08.2011 09:00:00,1.32091
8930,18.08.2011 10:00:00,1.82247
8931,18.08.2011 11:00:00,2.4587
8932,18.08.2011 12:00:00,3.669
8933,18.08.2011 13:00:00,5.18746
8934,18.08.2011 14:00:00,4.99535,3.603
8935,18.08.2011 15:00:00,6.94058
8936,18.08.2011 16:00:00,8.64924
8937,18.08.2011 17:00:00,6.08112
8938,18.08.2011 18:00:00,4.03022
8939,18.08.2011 19:00:00,3.45265
8940,18.08.2011 20:00:00,2.88237,3.600
8941,18.08.2011 21:00:00,2.65059
8942,18.08.2011 22:00:00,2.68003
8943,18.08.2011 23:00:00,2.6643
8944,19.08.2011 00:00:00,2.42794
8945,19.08.2011 01:00:00,2.19158
8946,19.08.2011 02:00:00,1.98833,3.588
8947,19.08.2011 03:00:00,1.74407
8948,19.08.2011 04:00:00,1.53615
8949,19.08.2011 05:00:00,1.3255
8950,19.08.2011 06:00:00,1.34347
8951,19.08.2011 07:00:00,1.11077
8952,19.08.2011 08:00:00,1.0745,3.579
8953,19.08.2011 09:00:00,1.19353
8954,19.08.2011 10:00:00,1.54437
8955,19.08.2011 11:00:00,2.17033
8956,19.08.2011 12:00:00,3.10787
8957,19.08.2011 13:00:00,4.05513
8958,19.08.2011 14:00:00,7.71718,3.607
8959,19.08.2011 15:00:00,9.27354
8960,19.08.2011 16:00:00,9.98408
8961,19.08.2011 17:00:00,9.3816
8962,19.08.2011 18:00:00,8.05263
8963,19.08.2011 19:00:00,6.68326
8964,19.08.2011 20:00:00,5.88859,3.618
8965,19.08.2011 21:00:00,5.27261
8966,19.08.2011 22:00:00,5.23966
8967,19.08.2011 23:00:00,4.40703
8968,20.08.2011 00:00:00,4.15905
8969,20.08.2011 01:00:00,4.1023
8970,20.08.2011 02:00:00,3.77081,3.603
8971,20.08.2011 03:00:00,3.40654
8972,20.08.2011 04:00:00,2.94712
8973,20.08.2011 05:00:00,2.86472
8974,20.08.2011 06:00:00,2.53172
8975,20.08.2011 07:00:00,2.29328
8976,20.08.2011 08:00:00,2.15788,3.590
8977,20.08.2011 09:00:00,2.05282
8978,20.08.2011 10:00:00,2.44586
8979,20.08.2011 11:00:00,3.16537
8980,20.08.2011 12:00:00,4.7086
8981,20.08.2011 13:00:00,6.10255
8982,20.08.2011 14:00:00,9.45468,3.617
8983,20.08.2011 15:00:00,9.66032
8984,20.08.2011 16:00:00,10.4453
8985,20.08.2011 17:00:00,9.83195
8986,20.08.2011 18:00:00,9.5255
8987,20.08.2011 19:00:00,8.56419
8988,20.08.2011 20:00:00,7.45667,3.626
8989,20.08.2011 21:00:00,6.63842
8990,20.08.2011 22:00:00,6.12555
8991,20.08.2011 23:00:00,5.43279
8992,21.08.2011 00:00:00,5.24975
8993,21.08.2011 01:00:00,5.0282
8994,21.08.2011 02:00:00,4.74275,3.612
8995,21.08.2011 03:00:00,4.63305
8996,21.08.2011 04:00:00,4.31216
8997,21.08.2011 05:00:00,4.22471
8998,21.08.2011 06:00:00,3.96676
8999,21.08.2011 07:00:00,3.83849
9000,21.08.2011 08:00:00,3.83025,3.602
9001,21.08.2011 09:00:00,4.06727
9002,21.08.2011 10:00:00,4.54725
9003,21.08.2011 11:00:00,5.05612
9004,21.08.2011 12:00:00,5.70675
9005,21.08.2011 13:00:00,6.83228
9006,21.08.2011 14:00:00,7.30266,3.620
9007,21.08.2011 15:00:00,7.61594
9008,21.08.2011 16:00:00,7.36996
9009,21.08.2011 17:00:00,6.98003
9010,21.08.2011 18:00:00,6.82665
9011,21.08.2011 19:00:00,6.50448
9012,21.08.2011 20:00:00,5.98763,3.619
9013,21.08.2011 21:00:00,5.41406
9014,21.08.2011 22:00:00,4.92976
9015,21.08.2011 23:00:00,4.48589
9016,22.08.2011 00:00:00,4.00462
9017,22.08.2011 01:00:00,2.77884
9018,22.08.2011 02:00:00,1.66519,3.594
9019,22.08.2011 03:00:00,1.96681
9020,22.08.2011 04:00:00,2.33306
9021,22.08.2011 05:00:00,2.53651
9022,22.08.2011 06:00:00,2.31562
9023,22.08.2011 07:00:00,2.2302
9024,22.08.2011 08:00:00,2.21453,3.591
9025,22.08.2011 09:00:00,2.15926
9026,22.08.2011 10:00:00,2.23254
9027,22.08.2011 11:00:00,2.30086
9028,22.08.2011 12:00:00,2.44576
9029,22.08.2011 13:00:00,3.45242
9030,22.08.2011 14:00:00,6.98845,3.607
9031,22.08.2011 15:00:00,9.00767
9032,22.08.2011 16:00:00,9.78796
9033,22.08.2011 17:00:00,11.2836
9034,22.08.2011 18:00:00,10.7697
9035,22.08.2011 19:00:00,9.218
9036,22.08.2011 20:00:00,8.13502,3.635
9037,22.08.2011 21:00:00,7.35391
9038,22.08.2011 22:00:00,6.63993
9039,22.08.2011 23:00:00,6.24076
9040,23.08.2011 00:00:00,5.7692
9041,23.08.2011 01:00:00,5.42055
9042,23.08.2011 02:00:00,5.21657,3.614
9043,23.08.2011 03:00:00,4.78218
9044,23.08.2011 04:00:00,4.64675
9045,23.08.2011 05:00:00,4.34306
9046,23.08.2011 06:00:00,4.20782
9047,23.08.2011 07:00:00,4.0123
9048,23.08.2011 08:00:00,3.94905,3.605
9049,23.08.2011 09:00:00,4.02105
9050,23.08.2011 10:00:00,4.41023
9051,23.08.2011 11:00:00,5.13522
9052,23.08.2011 12:00:00,6.01447
9053,23.08.2011 13:00:00,8.27085
9054,23.08.2011 14:00:00,12.0127,3.631
9055,23.08.2011 15:00:00,12.8109
9056,23.08.2011 16:00:00,13.9673
9057,23.08.2011 17:00:00,13.2171
9058,23.08.2011 18:00:00,12.4521
9059,23.08.2011 19:00:00,10.8888
9060,23.08.2011 20:00:00,9.4734,3.643
9061,23.08.2011 21:00:00,8.67579
9062,23.08.2011 22:00:00,7.9869
9063,23.08.2011 23:00:00,7.59916
9064,24.08.2011 00:00:00,7.21808
9065,24.08.2011 01:00:00,6.82001
9066,24.08.2011 02:00:00,6.60731,3.626
9067,24.08.2011 03:00:00,6.28978
9068,24.08.2011 04:00:00,5.9168
9069,24.08.2011 05:00:00,5.66183
9070,24.08.2011 06:00:00,5.44367
9071,24.08.2011 07:00:00,5.30594
9072,24.08.2011 08:00:00,5.28754,3.614
9073,24.08.2011 09:00:00,5.48074
9074,24.08.2011 10:00:00,5.86562
9075,24.08.2011 11:00:00,6.42365
9076,24.08.2011 12:00:00,6.91145
9077,24.08.2011 13:00:00,7.27457
9078,24.08.2011 14:00:00,8.78336,3.628
9079,24.08.2011 15:00:00,9.29019
9080,24.08.2011 16:00:00,8.81003
9081,24.08.2011 17:00:00,9.26423
9082,24.08.2011 18:00:00,8.55247
9083,24.08.2011 19:00:00,8.0527
9084,24.08.2011 20:00:00,7.15902,3.628
9085,24.08.2011 21:00:00,6.9804
9086,24.08.2011 22:00:00,6.7418
9087,24.08.2011 23:00:00,6.16156
9088,25.08.2011 00:00:00,5.67131
9089,25.08.2011 01:00:00,5.81309
9090,25.08.2011 02:00:00,5.32261,3.616
9091,25.08.2011 03:00:00,5.04059
9092,25.08.2011 04:00:00,5.1394
9093,25.08.2011 05:00:00,4.98967
9094,25.08.2011 06:00:00,5.08186
9095,25.08.2011 07:00:00,5.06662
9096,25.08.2011 08:00:00,5.05456,3.613
9097,25.08.2011 09:00:00,5.29091
9098,25.08.2011 10:00:00,5.61425
9099,25.08.2011 11:00:00,5.99986
9100,25.08.2011 12:00:00,6.2319
9101,25.08.2011 13:00:00,6.76096
9102,25.08.2011 14:00:00,6.74421,3.619
9103,25.08.2011 15:00:00,7.21151
9104,25.08.2011 16:00:00,5.56872
9105,25.08.2011 17:00:00,6.07085
9106,25.08.2011 18:00:00,6.58491
9107,25.08.2011 19:00:00,5.99238
9108,25.08.2011 20:00:00,5.68145,3.620
9109,25.08.2011 21:00:00,5.07524
9110,25.08.2011 22:00:00,4.82061
9111,25.08.2011 23:00:00,4.6425
9112,26.08.2011 00:00:00,4.43313
9113,26.08.2011 01:00:00,4.37886
9114,26.08.2011 02:00:00,4.20772,3.605
9115,26.08.2011 03:00:00,3.99336
9116,26.08.2011 04:00:00,3.72901
9117,26.08.2011 05:00:00,3.62292
9118,26.08.2011 06:00:00,3.74233
9119,26.08.2011 07:00:00,3.50771
9120,26.08.2011 08:00:00,3.42391,3.599
9121,26.08.2011 09:00:00,3.63163
9122,26.08.2011 10:00:00,4.18446
9123,26.08.2011 11:00:00,4.97629
9124,26.08.2011 12:00:00,5.86335
9125,26.08.2011 13:00:00,6.79128
9126,26.08.2011 14:00:00,7.52769,3.620
9127,26.08.2011 15:00:00,6.79709
9128,26.08.2011 16:00:00,6.16904
9129,26.08.2011 17:00:00,6.3281
9130,26.08.2011 18:00:00,6.26742
9131,26.08.2011 19:00:00,6.08637
9132,26.08.2011 20:00:00,5.54095,3.614
9133,26.08.2011 21:00:00,5.42317
9134,26.08.2011 22:00:00,4.96
9135,26.08.2011 23:00:00,4.94871
9136,27.08.2011 00:00:00,4.89264
9137,27.08.2011 01:00:00,4.71455
9138,27.08.2011 02:00:00,4.68276,3.609
9139,27.08.2011 03:00:00,4.52749
9140,27.08.2011 04:00:00,4.39542
9141,27.08.2011 05:00:00,4.20137
9142,27.08.2011 06:00:00,3.55568
9143,27.08.2011 07:00:00,3.57159
9144,27.08.2011 08:00:00,3.60143,3.603
9145,27.08.2011 09:00:00,3.74037
9146,27.08.2011 10:00:00,3.68043
9147,27.08.2011 11:00:00,3.45311
9148,27.08.2011 12:00:00,4.19582
9149,27.08.2011 13:00:00,4.9404
9150,27.08.2011 14:00:00,7.74846,3.614
9151,27.08.2011 15:00:00,7.50597
9152,27.08.2011 16:00:00,7.20545
9153,27.08.2011 17:00:00,6.93424
9154,27.08.2011 18:00:00,3.9856
9155,27.08.2011 19:00:00,2.18893
9156,27.08.2011 20:00:00,2.86301,3.599
9157,27.08.2011 21:00:00,3.13287
9158,27.08.2011 22:00:00,2.96566
9159,27.08.2011 23:00:00,2.75219
9160,28.08.2011 00:00:00,2.64992
9161,28.08.2011 01:00:00,2.47677
9162,28.08.2011 02:00:00,2.30757,3.593
9163,28.08.2011 03:00:00,1.60101
9164,28.08.2011 04:00:00,1.70266
9165,28.08.2011 05:00:00,1.34559
9166,28.08.2011 06:00:00,1.10656
9167,28.08.2011 07:00:00,1.16191
9168,28.08.2011 08:00:00,1.05978,3.582
9169,28.08.2011 09:00:00,1.22334
9170,28.08.2011 10:00:00,1.53923
9171,28.08.2011 11:00:00,1.7623
9172,28.08.2011 12:00:00,2.65404
9173,28.08.2011 13:00:00,3.74236
9174,28.08.2011 14:00:00,5.97336,3.602
9175,28.08.2011 15:00:00,6.4801
9176,28.08.2011 16:00:00,7.44596
9177,28.08.2011 17:00:00,7.14679
9178,28.08.2011 18:00:00,6.42821
9179,28.08.2011 19:00:00,5.38723
9180,28.08.2011 20:00:00,5.0244,3.614
9181,28.08.2011 21:00:00,4.17528
9182,28.08.2011 22:00:00,3.65847
9183,28.08.2011 23:00:00,3.05865
9184,29.08.2011 00:00:00,3.06198
9185,29.08.2011 01:00:00,3.20527
9186,29.08.2011 02:00:00,2.6245,3.595
9187,29.08.2011 03:00:00,2.81972
9188,29.08.2011 04:00:00,2.8082
9189,29.08.2011 05:00:00,2.53807
9190,29.08.2011 06:00:00,2.42098
9191,29.08.2011 07:00:00,2.19238
9192,29.08.2011 08:00:00,2.24704,3.592
9193,29.08.2011 09:00:00,2.31871
9194,29.08.2011 10:00:00,2.50394
9195,29.08.2011 11:00:00,2.63136
9196,29.08.2011 12:00:00,3.08745
9197,29.08.2011 13:00:00,3.56692
9198,29.08.2011 14:00:00,5.45116,3.603
9199,29.08.2011 15:00:00,5.80325
9200,29.08.2011 16:00:00,5.00675
9201,29.08.2011 17:00:00,4.97772
9202,29.08.2011 18:00:00,4.11338
9203,29.08.2011 19:00:00,3.61358
9204,29.08.2011 20:00:00,3.05205,3.601
9205,29.08.2011 21:00:00,3.32899
9206,29.08.2011 22:00:00,2.77561
9207,29.08.2011 23:00:00,2.6207
9208,30.08.2011 00:00:00,2.79749
9209,30.08.2011 01:00:00,2.50546
9210,30.08.2011 02:00:00,2.28305,3.592
9211,30.08.2011 03:00:00,2.18724
9212,30.08.2011 04:00:00,2.04992
9213,30.08.2011 05:00:00,1.77133
9214,30.08.2011 06:00:00,1.59695
9215,30.08.2011 07:00:00,1.50368
9216,30.08.2011 08:00:00,1.51613,3.583
9217,30.08.2011 09:00:00,1.70284
9218,30.08.2011 10:00:00,2.18258
9219,30.08.2011 11:00:00,2.50238
9220,30.08.2011 12:00:00,2.79801
9221,30.08.2011 13:00:00,2.54793
9222,30.08.2011 14:00:00,2.83391,3.594
9223,30.08.2011 15:00:00,3.22593
9224,30.08.2011 16:00:00,3.83928
9225,30.08.2011 17:00:00,3.66835
9226,30.08.2011 18:00:00,3.46389
9227,30.08.2011 19:00:00,3.20264
9228,30.08.2011 20:00:00,2.88048,3.597
9229,30.08.2011 21:00:00,2.71762
9230,30.08.2011 22:00:00,2.43217
9231,30.08.2011 23:00:00,2.19353
9232,31.08.2011 00:00:00,1.96253
9233,31.08.2011 01:00:00,1.80511
9234,31.08.2011 02:00:00,1.76727,3.586
9235,31.08.2011 03:00:00,1.66656
9236,31.08.2011 04:00:00,1.46496
9237,31.08.2011 05:00:00,1.49855
9238,31.08.2011 06:00:00,1.44967
9239,31.08.2011 07:00:00,1.23768
9240,31.08.2011 08:00:00,0.630552,3.577
9241,31.08.2011 09:00:00,0.814892
9242,31.08.2011 10:00:00,0.834724
9243,31.08.2011 11:00:00,0.984961
9244,31.08.2011 12:00:00,1.04931
9245,31.08.2011 13:00:00,1.19187
9246,31.08.2011 14:00:00,1.34328,3.581
9247,31.08.2011 15:00:00,1.83189
9248,31.08.2011 16:00:00,1.87698
9249,31.08.2011 17:00:00,1.31122
9250,31.08.2011 18:00:00,1.62451
9251,31.08.2011 19:00:00,1.56927
9252,31.08.2011 20:00:00,1.40973,3.585
9253,31.08.2011 21:00:00,1.1724
9254,31.08.2011 22:00:00,1.06421
9255,31.08.2011 23:00:00,0.986518
9256,01.09.2011 00:00:00,0.850165
9257,01.09.2011 01:00:00,0.807304
9258,01.09.2011 02:00:00,0.684461,3.577
9259,01.09.2011 03:00:00,0.422884
9260,01.09.2011 04:00:00,0.226823
9261,01.09.2011 05:00:00,0.302754
9262,01.09.2011 06:00:00,0.286769
9263,01.09.2011 07:00:00,0.351686
9264,01.09.2011 08:00:00,0.399311,3.573
9265,01.09.2011 09:00:00,0.519659
9266,01.09.2011 10:00:00,0.88638
9267,01.09.2011 11:00:00,1.43816
9268,01.09.2011 12:00:00,2.13105
9269,01.09.2011 13:00:00,2.83246
9270,01.09.2011 14:00:00,3.26914,3.593
9271,01.09.2011 15:00:00,4.5974
9272,01.09.2011 16:00:00,5.41039
9273,01.09.2011 17:00:00,5.77498
9274,01.09.2011 18:00:00,4.83785
9275,01.09.2011 19:00:00,3.72919
9276,01.09.2011 20:00:00,2.81896,3.596
9277,01.09.2011 21:00:00,2.22491
9278,01.09.2011 22:00:00,1.86737
9279,01.09.2011 23:00:00,1.62243
9280,02.09.2011 00:00:00,1.61407
9281,02.09.2011 01:00:00,1.45709
9282,02.09.2011 02:00:00,1.32895,3.583
9283,02.09.2011 03:00:00,1.30524
9284,02.09.2011 04:00:00,1.29208
9285,02.09.2011 05:00:00,1.26499
9286,02.09.2011 06:00:00,1.26347
9287,02.09.2011 07:00:00,1.19074
9288,02.09.2011 08:00:00,1.28925,3.581
9289,02.09.2011 09:00:00,1.4122
9290,02.09.2011 10:00:00,1.65529
9291,02.09.2011 11:00:00,2.11887
9292,02.09.2011 12:00:00,2.79395
9293,02.09.2011 13:00:00,3.11046
9294,02.09.2011 14:00:00,3.16203,3.595
9295,02.09.2011 15:00:00,3.55267
9296,02.09.2011 16:00:00,4.15525
9297,02.09.2011 17:00:00,4.52291
9298,02.09.2011 18:00:00,4.4389
9299,02.09.2011 19:00:00,4.12988
9300,02.09.2011 20:00:00,3.53225,3.599
9301,02.09.2011 21:00:00,2.47161
9302,02.09.2011 22:00:00,2.47195
9303,02.09.2011 23:00:00,2.32501
9304,03.09.2011 00:00:00,1.94529
9305,03.09.2011 01:00:00,1.65483
9306,03.09.2011 02:00:00,1.40166,3.584
9307,03.09.2011 03:00:00,1.0856
9308,03.09.2011 04:00:00,0.860817
9309,03.09.2011 05:00:00,0.62714
9310,03.09.2011 06:00:00,0.439483
9311,03.09.2011 07:00:00,0.316634
9312,03.09.2011 08:00:00,0.540433,3.576
9313,03.09.2011 09:00:00,0.731179
9314,03.09.2011 10:00:00,1.06533
9315,03.09.2011 11:00:00,1.69503
9316,03.09.2011 12:00:00,2.50245
9317,03.09.2011 13:00:00,3.62418
9318,03.09.2011 14:00:00,4.42877,3.595
9319,03.09.2011 15:00:00,3.43385
9320,03.09.2011 16:00:00,3.84643
9321,03.09.2011 17:00:00,3.73798
9322,03.09.2011 18:00:00,3.35555
9323,03.09.2011 19:00:00,2.73531
9324,03.09.2011 20:00:00,2.18376,3.590
9325,03.09.2011 21:00:00,1.89975
9326,03.09.2011 22:00:00,1.76593
9327,03.09.2011 23:00:00,1.45406
9328,04.09.2011 00:00:00,1.25031
9329,04.09.2011 01:00:00,0.950646
9330,04.09.2011 02:00:00,0.852848,3.580
9331,04.09.2011 03:00:00,0.597022
9332,04.09.2011 04:00:00,0.412249
9333,04.09.2011 05:00:00,0.235766
9334,04.09.2011 06:00:00,0.112431
9335,04.09.2011 07:00:00,-0.0488958
9336,04.09.2011 08:00:00,-0.097393,3.571
9337,04.09.2011 09:00:00,0.156972
9338,04.09.2011 10:00:00,0.468802
9339,04.09.2011 11:00:00,1.00541
9340,04.09.2011 12:00:00,0.529599
9341,04.09.2011 13:00:00,1.51706
9342,04.09.2011 14:00:00,4.0683,3.589
9343,04.09.2011 15:00:00,3.83086
9344,04.09.2011 16:00:00,4.16026
9345,04.09.2011 17:00:00,3.88277
9346,04.09.2011 18:00:00,3.22799
9347,04.09.2011 19:00:00,2.22793
9348,04.09.2011 20:00:00,1.60402,3.588
9349,04.09.2011 21:00:00,1.72805
9350,04.09.2011 22:00:00,1.69213
9351,04.09.2011 23:00:00,1.45348
9352,05.09.2011 00:00:00,1.23613
9353,05.09.2011 01:00:00,0.832255
9354,05.09.2011 02:00:00,0.551085,3.577
9355,05.09.2011 03:00:00,0.274048
9356,05.09.2011 04:00:00,0.1739
9357,05.09.2011 05:00:00,0.0115919
9358,05.09.2011 06:00:00,-0.212997
9359,05.09.2011 07:00:00,-0.250991
9360,05.09.2011 08:00:00,-0.214124,3.568
9361,05.09.2011 09:00:00,-0.231629
9362,05.09.2011 10:00:00,-0.0994635
9363,05.09.2011 11:00:00,0.353394
9364,05.09.2011 12:00:00,1.52432
9365,05.09.2011 13:00:00,1.95348
9366,05.09.2011 14:00:00,3.23308,3.587
9367,05.09.2011 15:00:00,4.04986
9368,05.09.2011 16:00:00,6.15945
9369,05.09.2011 17:00:00,6.48032
9370,05.09.2011 18:00:00,4.82025
9371,05.09.2011 19:00:00,3.62934
9372,05.09.2011 20:00:00,3.07536,3.595
9373,05.09.2011 21:00:00,2.14741
9374,05.09.2011 22:00:00,1.56768
9375,05.09.2011 23:00:00,1.30741
9376,06.09.2011 00:00:00,1.33182
9377,06.09.2011 01:00:00,1.12243
9378,06.09.2011 02:00:00,0.86466,3.581
9379,06.09.2011 03:00:00,0.739197
9380,06.09.2011 04:00:00,0.508063
9381,06.09.2011 05:00:00,0.272307
9382,06.09.2011 06:00:00,0.095685
9383,06.09.2011 07:00:00,-0.0277615
9384,06.09.2011 08:00:00,-0.0772352,3.570
9385,06.09.2011 09:00:00,-0.127801
9386,06.09.2011 10:00:00,0.336463
9387,06.09.2011 11:00:00,1.20524
9388,06.09.2011 12:00:00,2.27384
9389,06.09.2011 13:00:00,3.39598
9390,06.09.2011 14:00:00,7.42594,3.599
9391,06.09.2011 15:00:00,8.27593
9392,06.09.2011 16:00:00,10.1229
9393,06.09.2011 17:00:00,8.96861
9394,06.09.2011 18:00:00,6.8552
9395,06.09.2011 19:00:00,5.48601
9396,06.09.2011 20:00:00,4.73565,3.608
9397,06.09.2011 21:00:00,4.20391
9398,06.09.2011 22:00:00,3.73994
9399,06.09.2011 23:00:00,3.54915
9400,07.09.2011 00:00:00,3.05661
9401,07.09.2011 01:00:00,2.86392
9402,07.09.2011 02:00:00,2.57031,3.592
9403,07.09.2011 03:00:00,2.29688
9404,07.09.2011 04:00:00,1.7065
9405,07.09.2011 05:00:00,1.59257
9406,07.09.2011 06:00:00,1.35357
9407,07.09.2011 07:00:00,1.12185
9408,07.09.2011 08:00:00,0.983287,3.581
9409,07.09.2011 09:00:00,0.812606
9410,07.09.2011 10:00:00,1.22642
9411,07.09.2011 11:00:00,1.98298
9412,07.09.2011 12:00:00,2.7228
9413,07.09.2011 13:00:00,4.89689
9414,07.09.2011 14:00:00,9.68951,3.609
9415,07.09.2011 15:00:00,10.1239
9416,07.09.2011 16:00:00,10.3035
9417,07.09.2011 17:00:00,9.67567
9418,07.09.2011 18:00:00,7.15027
9419,07.09.2011 19:00:00,5.65883
9420,07.09.2011 20:00:00,4.53439,3.610
9421,07.09.2011 21:00:00,3.88888
9422,07.09.2011 22:00:00,3.53947
9423,07.09.2011 23:00:00,3.49675
9424,08.09.2011 00:00:00,3.16981
9425,08.09.2011 01:00:00,3.02022
9426,08.09.2011 02:00:00,2.74841,3.593
9427,08.09.2011 03:00:00,2.48486
9428,08.09.2011 04:00:00,2.27467
9429,08.09.2011 05:00:00,1.8739
9430,08.09.2011 06:00:00,1.77529
9431,08.09.2011 07:00:00,1.75537
9432,08.09.2011 08:00:00,1.58016,3.585
9433,08.09.2011 09:00:00,1.70723
9434,08.09.2011 10:00:00,2.32118
9435,08.09.2011 11:00:00,3.04461
9436,08.09.2011 12:00:00,4.08598
9437,08.09.2011 13:00:00,5.88429
9438,08.09.2011 14:00:00,7.35587,3.610
9439,08.09.2011 15:00:00,7.96531
9440,08.09.2011 16:00:00,9.02722
9441,08.09.2011 17:00:00,8.93142
9442,08.09.2011 18:00:00,7.39405
9443,08.09.2011 19:00:00,5.92315
9444,08.09.2011 20:00:00,4.70905,3.608
9445,08.09.2011 21:00:00,4.16555
9446,08.09.2011 22:00:00,4.06525
9447,08.09.2011 23:00:00,3.8263
9448,09.09.2011 00:00:00,3.91774
9449,09.09.2011 01:00:00,3.78496
9450,09.09.2011 02:00:00,3.57541,3.599
9451,09.09.2011 03:00:00,3.53668
9452,09.09.2011 04:00:00,3.24099
9453,09.09.2011 05:00:00,2.91539
9454,09.09.2011 06:00:00,2.51184
9455,09.09.2011 07:00:00,2.52638
9456,09.09.2011 08:00:00,1.91316,3.590
9457,09.09.2011 09:00:00,2.07501
9458,09.09.2011 10:00:00,1.88792
9459,09.09.2011 11:00:00,1.39864
9460,09.09.2011 12:00:00,1.46819
9461,09.09.2011 13:00:00,1.76212
9462,09.09.2011 14:00:00,1.87696,3.585
9463,09.09.2011 15:00:00,2.4478
9464,09.09.2011 16:00:00,2.24014
9465,09.09.2011 17:00:00,2.10178
9466,09.09.2011 18:00:00,1.50731
9467,09.09.2011 19:00:00,1.00083
9468,09.09.2011 20:00:00,1.58183,3.584
9469,09.09.2011 21:00:00,1.55065
9470,09.09.2011 22:00:00,1.55834
9471,09.09.2011 23:00:00,1.46184
9472,10.09.2011 00:00:00,1.41942
9473,10.09.2011 01:00:00,1.21778
9474,10.09.2011 02:00:00,1.11608,3.580
9475,10.09.2011 03:00:00,0.928729
9476,10.09.2011 04:00:00,0.592052
9477,10.09.2011 05:00:00,0.447118
9478,10.09.2011 06:00:00,0.406136
9479,10.09.2011 07:00:00,0.274959
9480,10.09.2011 08:00:00,0.119851,3.571
9481,10.09.2011 09:00:00,0.162867
9482,10.09.2011 10:00:00,0.497212
9483,10.09.2011 11:00:00,0.666039
9484,10.09.2011 12:00:00,0.997536
9485,10.09.2011 13:00:00,1.44328
9486,10.09.2011 14:00:00,2.87813,3.583
9487,10.09.2011 15:00:00,4.42028
9488,10.09.2011 16:00:00,6.05358
9489,10.09.2011 17:00:00,5.76019
9490,10.09.2011 18:00:00,4.18366
9491,10.09.2011 19:00:00,1.88121
9492,10.09.2011 20:00:00,2.39926,3.591
9493,10.09.2011 21:00:00,2.12691
9494,10.09.2011 22:00:00,1.89594
9495,10.09.2011 23:00:00,1.6235
9496,11.09.2011 00:00:00,1.45386
9497,11.09.2011 01:00:00,1.27468
9498,11.09.2011 02:00:00,0.954276,3.581
9499,11.09.2011 03:00:00,0.698989
9500,11.09.2011 04:00:00,0.589005
9501,11.09.2011 05:00:00,0.284484
9502,11.09.2011 06:00:00,0.0308056
9503,11.09.2011 07:00:00,-0.294333
9504,11.09.2011 08:00:00,-0.145308,3.569
9505,11.09.2011 09:00:00,-0.139792
9506,11.09.2011 10:00:00,-0.0664034
9507,11.09.2011 11:00:00,0.126311
9508,11.09.2011 12:00:00,0.64712
9509,11.09.2011 13:00:00,2.00184
9510,11.09.2011 14:00:00,6.16403,3.592
9511,11.09.2011 15:00:00,7.25653
9512,11.09.2011 16:00:00,8.52808
9513,11.09.2011 17:00:00,8.60159
9514,11.09.2011 18:00:00,6.23041
9515,11.09.2011 19:00:00,4.64734
9516,11.09.2011 20:00:00,3.71225,3.604
9517,11.09.2011 21:00:00,3.12601
9518,11.09.2011 22:00:00,2.60804
9519,11.09.2011 23:00:00,2.34069
9520,12.09.2011 00:00:00,2.19899
9521,12.09.2011 01:00:00,2.15541
9522,12.09.2011 02:00:00,1.91142,3.588
9523,12.09.2011 03:00:00,1.69366
9524,12.09.2011 04:00:00,1.50027
9525,12.09.2011 05:00:00,1.21653
9526,12.09.2011 06:00:00,0.981913
9527,12.09.2011 07:00:00,0.795243
9528,12.09.2011 08:00:00,0.682937,3.577
9529,12.09.2011 09:00:00,0.525208
9530,12.09.2011 10:00:00,0.628996
9531,12.09.2011 11:00:00,1.20881
9532,12.09.2011 12:00:00,1.95335
9533,12.09.2011 13:00:00,3.03584
9534,12.09.2011 14:00:00,4.66527,3.596
9535,12.09.2011 15:00:00,5.36039
9536,12.09.2011 16:00:00,7.05863
9537,12.09.2011 17:00:00,6.82381
9538,12.09.2011 18:00:00,4.94687
9539,12.09.2011 19:00:00,4.04546
9540,12.09.2011 20:00:00,3.16789,3.598
9541,12.09.2011 21:00:00,2.61423
9542,12.09.2011 22:00:00,2.51292
9543,12.09.2011 23:00:00,2.39951
9544,13.09.2011 00:00:00,2.19344
9545,13.09.2011 01:00:00,1.91447
9546,13.09.2011 02:00:00,1.71813,3.584
9547,13.09.2011 03:00:00,1.57882
9548,13.09.2011 04:00:00,1.43301
9549,13.09.2011 05:00:00,1.27332
9550,13.09.2011 06:00:00,1.09832
9551,13.09.2011 07:00:00,0.932306
9552,13.09.2011 08:00:00,0.747746,3.579
9553,13.09.2011 09:00:00,0.525143
9554,13.09.2011 10:00:00,1.00729
9555,13.09.2011 11:00:00,1.7923
9556,13.09.2011 12:00:00,2.63915
9557,13.09.2011 13:00:00,3.91756
9558,13.09.2011 14:00:00,7.73815,3.607
9559,13.09.2011 15:00:00,9.88258
9560,13.09.2011 16:00:00,10.0947
9561,13.09.2011 17:00:00,9.93558
9562,13.09.2011 18:00:00,8.10585
9563,13.09.2011 19:00:00,6.37585
9564,13.09.2011 20:00:00,5.29167,3.615
9565,13.09.2011 21:00:00,4.48717
9566,13.09.2011 22:00:00,3.82594
9567,13.09.2011 23:00:00,3.49324
9568,14.09.2011 00:00:00,3.19125
9569,14.09.2011 01:00:00,2.93534
9570,14.09.2011 02:00:00,2.64033,3.595
9571,14.09.2011 03:00:00,2.34383
9572,14.09.2011 04:00:00,2.3385
9573,14.09.2011 05:00:00,1.84662
9574,14.09.2011 06:00:00,1.69159
9575,14.09.2011 07:00:00,1.657
9576,14.09.2011 08:00:00,1.5679,3.587
9577,14.09.2011 09:00:00,1.45303
9578,14.09.2011 10:00:00,1.76898
9579,14.09.2011 11:00:00,2.44319
9580,14.09.2011 12:00:00,3.56265
9581,14.09.2011 13:00:00,4.60321
9582,14.09.2011 14:00:00,5.49424,3.603
9583,14.09.2011 15:00:00,6.30143
9584,14.09.2011 16:00:00,5.23835
9585,14.09.2011 17:00:00,4.84133
9586,14.09.2011 18:00:00,3.57477
9587,14.09.2011 19:00:00,2.30815
9588,14.09.2011 20:00:00,1.9376,3.591
9589,14.09.2011 21:00:00,2.05892
9590,14.09.2011 22:00:00,2.26999
9591,14.09.2011 23:00:00,2.45433
9592,15.09.2011 00:00:00,1.97968
9593,15.09.2011 01:00:00,2.07462
9594,15.09.2011 02:00:00,1.8024,3.587
9595,15.09.2011 03:00:00,1.72155
9596,15.09.2011 04:00:00,1.39614
9597,15.09.2011 05:00:00,1.27646
9598,15.09.2011 06:00:00,1.41753
9599,15.09.2011 07:00:00,1.31369
9600,15.09.2011 08:00:00,1.29346,3.583
9601,15.09.2011 09:00:00,1.58589
9602,15.09.2011 10:00:00,2.14582
9603,15.09.2011 11:00:00,2.7067
9604,15.09.2011 12:00:00,3.12296
9605,15.09.2011 13:00:00,2.85281
9606,15.09.2011 14:00:00,1.66668,3.587
9607,15.09.2011 15:00:00,2.67111
9608,15.09.2011 16:00:00,3.99366
9609,15.09.2011 17:00:00,2.00786
9610,15.09.2011 18:00:00,1.00638
9611,15.09.2011 19:00:00,0.329423
9612,15.09.2011 20:00:00,-0.0854015,3.574
9613,15.09.2011 21:00:00,0.299341
9614,15.09.2011 22:00:00,-0.0121937
9615,15.09.2011 23:00:00,0.100422
9616,16.09.2011 00:00:00,0.453944
9617,16.09.2011 01:00:00,0.387466
9618,16.09.2011 02:00:00,0.303301,3.574
9619,16.09.2011 03:00:00,0.220727
9620,16.09.2011 04:00:00,0.125367
9621,16.09.2011 05:00:00,0.0441399
9622,16.09.2011 06:00:00,0.0123539
9623,16.09.2011 07:00:00,-0.0882664
9624,16.09.2011 08:00:00,-0.33009,3.570
9625,16.09.2011 09:00:00,0.264505
9626,16.09.2011 10:00:00,0.588821
9627,16.09.2011 11:00:00,0.673609
9628,16.09.2011 12:00:00,0.762292
9629,16.09.2011 13:00:00,0.687724
9630,16.09.2011 14:00:00,0.709458,3.574
9631,16.09.2011 15:00:00,0.777335
9632,16.09.2011 16:00:00,0.789544
9633,16.09.2011 17:00:00,0.602341
9634,16.09.2011 18:00:00,0.708897
9635,16.09.2011 19:00:00,0.796768
9636,16.09.2011 20:00:00,0.74912,3.575
9637,16.09.2011 21:00:00,0.763634
9638,16.09.2011 22:00:00,0.445744
9639,16.09.2011 23:00:00,0.41798
9640,17.09.2011 00:00:00,0.329025
9641,17.09.2011 01:00:00,-0.243803
9642,17.09.2011 02:00:00,-0.0949249,3.569
9643,17.09.2011 03:00:00,-0.0778151
9644,17.09.2011 04:00:00,-0.0139151
9645,17.09.2011 05:00:00,-0.00969124
9646,17.09.2011 06:00:00,-0.205942
9647,17.09.2011 07:00:00,-0.246452
9648,17.09.2011 08:00:00,-0.355924,3.564
9649,17.09.2011 09:00:00,-0.380619
9650,17.09.2011 10:00:00,-0.309735
9651,17.09.2011 11:00:00,-0.241119
9652,17.09.2011 12:00:00,-0.20311
9653,17.09.2011 13:00:00,-0.070941
9654,17.09.2011 14:00:00,0.00359249,3.568
9655,17.09.2011 15:00:00,0.0412731
9656,17.09.2011 16:00:00,-0.0574417
9657,17.09.2011 17:00:00,0.0266323
9658,17.09.2011 18:00:00,-0.0698147
9659,17.09.2011 19:00:00,0.197122
9660,17.09.2011 20:00:00,-0.00228786,3.569
9661,17.09.2011 21:00:00,-0.0922737
9662,17.09.2011 22:00:00,-0.395043
9663,17.09.2011 23:00:00,-0.431345
9664,18.09.2011 00:00:00,-0.532018
9665,18.09.2011 01:00:00,-0.590889
9666,18.09.2011 02:00:00,-0.796859,3.565
9667,18.09.2011 03:00:00,-0.8853
9668,18.09.2011 04:00:00,-0.918135
9669,18.09.2011 05:00:00,-1.10663
9670,18.09.2011 06:00:00,-1.1766
9671,18.09.2011 07:00:00,-1.28691
9672,18.09.2011 08:00:00,-1.36422,3.558
9673,18.09.2011 09:00:00,-1.33429
9674,18.09.2011 10:00:00,-1.15079
9675,18.09.2011 11:00:00,-0.823419
9676,18.09.2011 12:00:00,-0.608741
9677,18.09.2011 13:00:00,-0.426593
9678,18.09.2011 14:00:00,-0.501065,3.561
9679,18.09.2011 15:00:00,0.0273609
9680,18.09.2011 16:00:00,0.621955
9681,18.09.2011 17:00:00,0.650748
9682,18.09.2011 18:00:00,0.354917
9683,18.09.2011 19:00:00,0.049819
9684,18.09.2011 20:00:00,0.015584,3.571
9685,18.09.2011 21:00:00,-0.184875
9686,18.09.2011 22:00:00,-0.264141
9687,18.09.2011 23:00:00,-0.288089
9688,19.09.2011 00:00:00,-0.314108
9689,19.09.2011 01:00:00,-0.342808
9690,19.09.2011 02:00:00,-0.421474,3.565
9691,19.09.2011 03:00:00,-0.479404
9692,19.09.2011 04:00:00,-0.524417
9693,19.09.2011 05:00:00,-0.646531
9694,19.09.2011 06:00:00,-0.718118
9695,19.09.2011 07:00:00,-0.710319
9696,19.09.2011 08:00:00,-0.522147,3.562
9697,19.09.2011 09:00:00,-0.476937
9698,19.09.2011 10:00:00,-0.240755
9699,19.09.2011 11:00:00,-0.10367
9700,19.09.2011 12:00:00,0.0239477
9701,19.09.2011 13:00:00,0.0431614
9702,19.09.2011 14:00:00,0.234972,3.571
9703,19.09.2011 15:00:00,0.376981
9704,19.09.2011 16:00:00,0.327136
9705,19.09.2011 17:00:00,0.0962315
9706,19.09.2011 18:00:00,0.0844707
9707,19.09.2011 19:00:00,-0.451302
9708,19.09.2011 20:00:00,-0.716396,3.564
9709,19.09.2011 21:00:00,-0.956467
9710,19.09.2011 22:00:00,-0.605893
9711,19.09.2011 23:00:00,-0.502771
9712,20.09.2011 00:00:00,-0.537135
9713,20.09.2011 01:00:00,-0.572093
9714,20.09.2011 02:00:00,-0.553678,3.563
9715,20.09.2011 03:00:00,-0.464582
9716,20.09.2011 04:00:00,-0.578933
9717,20.09.2011 05:00:00,-0.611788
9718,20.09.2011 06:00:00,-0.594316
9719,20.09.2011 07:00:00,-0.58198
9720,20.09.2011 08:00:00,-0.800485,3.562
9721,20.09.2011 09:00:00,-0.63436
9722,20.09.2011 10:00:00,-0.459846
9723,20.09.2011 11:00:00,-0.308791
9724,20.09.2011 12:00:00,-0.0312071
9725,20.09.2011 13:00:00,0.0683041
9726,20.09.2011 14:00:00,0.243369,3.569
9727,20.09.2011 15:00:00,0.322764
9728,20.09.2011 16:00:00,0.204163
9729,20.09.2011 17:00:00,0.0420351
9730,20.09.2011 18:00:00,-0.0291023
9731,20.09.2011 19:00:00,-0.0779972
9732,20.09.2011 20:00:00,-0.129905,3.565
9733,20.09.2011 21:00:00,-0.229741
9734,20.09.2011 22:00:00,-0.332739
9735,20.09.2011 23:00:00,-0.491179
9736,21.09.2011 00:00:00,-0.643484
9737,21.09.2011 01:00:00,-0.760626
9738,21.09.2011 02:00:00,-0.891558,3.561
9739,21.09.2011 03:00:00,-1.01846
9740,21.09.2011 04:00:00,-1.02871
9741,21.09.2011 05:00:00,-1.01391
9742,21.09.2011 06:00:00,-1.14607
9743,21.09.2011 07:00:00,-1.26815
9744,21.09.2011 08:00:00,-1.21679,3.557
9745,21.09.2011 09:00:00,-1.19785
9746,21.09.2011 10:00:00,-0.86576
9747,21.09.2011 11:00:00,-0.456998
9748,21.09.2011 12:00:00,-0.157845
9749,21.09.2011 13:00:00,0.150478
9750,21.09.2011 14:00:00,0.221638,3.569
9751,21.09.2011 15:00:00,0.782983
9752,21.09.2011 16:00:00,0.906759
9753,21.09.2011 17:00:00,0.145924
9754,21.09.2011 18:00:00,0.00549603
9755,21.09.2011 19:00:00,-0.167369
9756,21.09.2011 20:00:00,-0.40493,3.565
9757,21.09.2011 21:00:00,-0.456998
9758,21.09.2011 22:00:00,-0.663422
9759,21.09.2011 23:00:00,-0.854185
9760,22.09.2011 00:00:00,-0.91282
9761,22.09.2011 01:00:00,-0.90656
9762,22.09.2011 02:00:00,-0.921165,3.562
9763,22.09.2011 03:00:00,-1.08219
9764,22.09.2011 04:00:00,-1.20675
9765,22.09.2011 05:00:00,-1.17793
9766,22.09.2011 06:00:00,-0.785481
9767,22.09.2011 07:00:00,-0.7183
9768,22.09.2011 08:00:00,-0.748654,3.562
9769,22.09.2011 09:00:00,-0.778644
9770,22.09.2011 10:00:00,-0.81014
9771,22.09.2011 11:00:00,-0.784521
9772,22.09.2011 12:00:00,-0.692666
9773,22.09.2011 13:00:00,-0.0818062
9774,22.09.2011 14:00:00,-0.00856495,3.564
9775,22.09.2011 15:00:00,0.0119572
9776,22.09.2011 16:00:00,0.063138
9777,22.09.2011 17:00:00,0.0334558
9778,22.09.2011 18:00:00,-0.00570011
9779,22.09.2011 19:00:00,-0.043745
9780,22.09.2011 20:00:00,-0.196072,3.565
9781,22.09.2011 21:00:00,-0.224211
9782,22.09.2011 22:00:00,-0.320567
9783,22.09.2011 23:00:00,-0.54399
9784,23.09.2011 00:00:00,-0.667413
9785,23.09.2011 01:00:00,-0.746965
9786,23.09.2011 02:00:00,-0.815653,3.561
9787,23.09.2011 03:00:00,-0.93938
9788,23.09.2011 04:00:00,-0.92042
9789,23.09.2011 05:00:00,-1.02777
9790,23.09.2011 06:00:00,-1.06133
9791,23.09.2011 07:00:00,-1.09411
9792,23.09.2011 08:00:00,-1.07878,3.557
9793,23.09.2011 09:00:00,-0.883975
9794,23.09.2011 10:00:00,-0.748091
9795,23.09.2011 11:00:00,-0.51284
9796,23.09.2011 12:00:00,-0.2495
9797,23.09.2011 13:00:00,0.0127182
9798,23.09.2011 14:00:00,0.124207,3.568
9799,23.09.2011 15:00:00,0.0880651
9800,23.09.2011 16:00:00,0.0409088
9801,23.09.2011 17:00:00,0.00723553
9802,23.09.2011 18:00:00,-0.0169296
9803,23.09.2011 19:00:00,-0.053071
9804,23.09.2011 20:00:00,-0.0981541,3.565
9805,23.09.2011 21:00:00,-0.143966
9806,23.09.2011 22:00:00,-0.187525
9807,23.09.2011 23:00:00,-0.219458
9808,24.09.2011 00:00:00,-0.270036
9809,24.09.2011 01:00:00,-0.323614
9810,24.09.2011 02:00:00,-0.374921,3.563
9811,24.09.2011 03:00:00,-0.497074
9812,24.09.2011 04:00:00,-0.603989
9813,24.09.2011 05:00:00,-0.678243
9814,24.09.2011 06:00:00,-0.831019
9815,24.09.2011 07:00:00,-0.960243
9816,24.09.2011 08:00:00,-1.10567,3.556
9817,24.09.2011 09:00:00,-1.12958
9818,24.09.2011 10:00:00,-1.04976
9819,24.09.2011 11:00:00,-0.760626
9820,24.09.2011 12:00:00,-0.445603
9821,24.09.2011 13:00:00,-0.0253105
9822,24.09.2011 14:00:00,0.144002,3.565
9823,24.09.2011 15:00:00,0.362337
9824,24.09.2011 16:00:00,0.468985
9825,24.09.2011 17:00:00,0.357582
9826,24.09.2011 18:00:00,0.10082
9827,24.09.2011 19:00:00,-0.0886469
9828,24.09.2011 20:00:00,-0.30099,3.566
9829,24.09.2011 21:00:00,-0.403406
9830,24.09.2011 22:00:00,-0.500503
9831,24.09.2011 23:00:00,-0.646531
9832,25.09.2011 00:00:00,-0.82837
9833,25.09.2011 01:00:00,-1.04348
9834,25.09.2011 02:00:00,-1.08484,3.559
9835,25.09.2011 03:00:00,-1.26343
9836,25.09.2011 04:00:00,-1.4779
9837,25.09.2011 05:00:00,-1.52675
9838,25.09.2011 06:00:00,-1.67085
9839,25.09.2011 07:00:00,-1.78249
9840,25.09.2011 08:00:00,-1.88582,3.553
9841,25.09.2011 09:00:00,-1.83343
9842,25.09.2011 10:00:00,-1.53187
9843,25.09.2011 11:00:00,-1.17963
9844,25.09.2011 12:00:00,-0.724743
9845,25.09.2011 13:00:00,-0.176478
9846,25.09.2011 14:00:00,0.594704,3.566
9847,25.09.2011 15:00:00,1.81366
9848,25.09.2011 16:00:00,1.95925
9849,25.09.2011 17:00:00,1.30527
9850,25.09.2011 18:00:00,0.707355
9851,25.09.2011 19:00:00,0.241466
9852,25.09.2011 20:00:00,-0.0233898,3.566
9853,25.09.2011 21:00:00,-0.306108
9854,25.09.2011 22:00:00,-0.441033
9855,25.09.2011 23:00:00,-0.57153
9856,26.09.2011 00:00:00,-0.753026
9857,26.09.2011 01:00:00,-0.746766
9858,26.09.2011 02:00:00,-0.898198,3.558
9859,26.09.2011 03:00:00,-0.994387
9860,26.09.2011 04:00:00,-1.19119
9861,26.09.2011 05:00:00,-1.38262
9862,26.09.2011 06:00:00,-1.52318
9863,26.09.2011 07:00:00,-1.64926
9864,26.09.2011 08:00:00,-1.77474,3.553
9865,26.09.2011 09:00:00,-1.83021
9866,26.09.2011 10:00:00,-1.64222
9867,26.09.2011 11:00:00,-1.36631
9868,26.09.2011 12:00:00,-0.823815
9869,26.09.2011 13:00:00,0.0973911
9870,26.09.2011 14:00:00,1.43435,3.569
9871,26.09.2011 15:00:00,2.12281
9872,26.09.2011 16:00:00,1.77948
9873,26.09.2011 17:00:00,0.577011
9874,26.09.2011 18:00:00,-0.273233
9875,26.09.2011 19:00:00,-0.785481
9876,26.09.2011 20:00:00,-1.14266,3.558
9877,26.09.2011 21:00:00,-1.39454
9878,26.09.2011 22:00:00,-1.68527
9879,26.09.2011 23:00:00,-1.66838
9880,27.09.2011 00:00:00,-1.5715
9881,27.09.2011 01:00:00,-1.70874
9882,27.09.2011 02:00:00,-1.82171,3.552
9883,27.09.2011 03:00:00,-1.95849
9884,27.09.2011 04:00:00,-1.99611
9885,27.09.2011 05:00:00,-2.10147
9886,27.09.2011 06:00:00,-2.20866
9887,27.09.2011 07:00:00,-2.07234
9888,27.09.2011 08:00:00,-2.05061,3.549
9889,27.09.2011 09:00:00,-2.07871
9890,27.09.2011 10:00:00,-1.75994
9891,27.09.2011 11:00:00,-1.1396
9892,27.09.2011 12:00:00,-0.549688
9893,27.09.2011 13:00:00,-0.216625
9894,27.09.2011 14:00:00,1.15596,3.566
9895,27.09.2011 15:00:00,1.31399
9896,27.09.2011 16:00:00,1.87116
9897,27.09.2011 17:00:00,0.602555
9898,27.09.2011 18:00:00,-0.0618324
9899,27.09.2011 19:00:00,-0.570951
9900,27.09.2011 20:00:00,-0.758159,3.560
9901,27.09.2011 21:00:00,-1.26851
9902,27.09.2011 22:00:00,-1.50912
9903,27.09.2011 23:00:00,-1.27705
9904,28.09.2011 00:00:00,-1.43447
9905,28.09.2011 01:00:00,-1.22151
9906,28.09.2011 02:00:00,-1.23556,3.557
9907,28.09.2011 03:00:00,-1.23025
9908,28.09.2011 04:00:00,-1.42144
9909,28.09.2011 05:00:00,-1.45498
9910,28.09.2011 06:00:00,-1.56158
9911,28.09.2011 07:00:00,-1.64015
9912,28.09.2011 08:00:00,-1.7787,3.549
9913,28.09.2011 09:00:00,-1.77496
9914,28.09.2011 10:00:00,-1.54567
9915,28.09.2011 11:00:00,-1.11003
9916,28.09.2011 12:00:00,-0.528987
9917,28.09.2011 13:00:00,-0.0156202
9918,28.09.2011 14:00:00,0.264075,3.565
9919,28.09.2011 15:00:00,0.729836
9920,28.09.2011 16:00:00,1.04376
9921,28.09.2011 17:00:00,0.658749
9922,28.09.2011 18:00:00,0.305404
9923,28.09.2011 19:00:00,-0.0572596
9924,28.09.2011 20:00:00,-0.328168,3.565
9925,28.09.2011 21:00:00,-0.398685
9926,28.09.2011 22:00:00,-0.536572
9927,28.09.2011 23:00:00,-0.561081
9928,29.09.2011 00:00:00,-0.629823
9929,29.09.2011 01:00:00,-0.774851
9930,29.09.2011 02:00:00,-0.85758,3.557
9931,29.09.2011 03:00:00,-0.92191
9932,29.09.2011 04:00:00,-1.1112
9933,29.09.2011 05:00:00,-1.21869
9934,29.09.2011 06:00:00,-1.30512
9935,29.09.2011 07:00:00,-1.44305
9936,29.09.2011 08:00:00,-1.4705,3.551
9937,29.09.2011 09:00:00,-1.36651
9938,29.09.2011 10:00:00,-1.00406
9939,29.09.2011 11:00:00,-0.479206
9940,29.09.2011 12:00:00,0.0262337
9941,29.09.2011 13:00:00,0.211582
9942,29.09.2011 14:00:00,0.0930023,3.565
9943,29.09.2011 15:00:00,0.162651
9944,29.09.2011 16:00:00,0.271729
9945,29.09.2011 17:00:00,0.146686
9946,29.09.2011 18:00:00,-0.0241842
9947,29.09.2011 19:00:00,-0.193984
9948,29.09.2011 20:00:00,-0.240573,3.563
9949,29.09.2011 21:00:00,-0.314505
9950,29.09.2011 22:00:00,-0.434956
9951,29.09.2011 23:00:00,-0.502009
9952,30.09.2011 00:00:00,-0.562224
9953,30.09.2011 01:00:00,-0.604751
9954,30.09.2011 02:00:00,-0.682218,3.559
9955,30.09.2011 03:00:00,-0.724179
9956,30.09.2011 04:00:00,-0.837477
9957,30.09.2011 05:00:00,-0.859485
9958,30.09.2011 06:00:00,-0.932921
9959,30.09.2011 07:00:00,-0.901609
9960,30.09.2011 08:00:00,-1.04121,3.557
9961,30.09.2011 09:00:00,-0.90921
9962,30.09.2011 10:00:00,-0.809013
9963,30.09.2011 11:00:00,-0.6771
9964,30.09.2011 12:00:00,-0.616143
9965,30.09.2011 13:00:00,-0.554059
9966,30.09.2011 14:00:00,-0.466669,3.560
9967,30.09.2011 15:00:00,-0.365217
9968,30.09.2011 16:00:00,-0.300228
9969,30.09.2011 17:00:00,-0.266029
9970,30.09.2011 18:00:00,-0.258046
9971,30.09.2011 19:00:00,-0.238652
9972,30.09.2011 20:00:00,-0.227058,3.564
9973,30.09.2011 21:00:00,-0.230685
9974,30.09.2011 22:00:00,-0.222289
9975,30.09.2011 23:00:00,-0.222289
9976,01.10.2011 00:00:00,-0.225534
9977,01.10.2011 01:00:00,-0.229343
9978,01.10.2011 02:00:00,-0.232757,3.562
9979,01.10.2011 03:00:00,-0.247
9980,01.10.2011 04:00:00,-0.251389
9981,01.10.2011 05:00:00,-0.254054
9982,01.10.2011 06:00:00,-0.255761
9983,01.10.2011 07:00:00,-0.259752
9984,01.10.2011 08:00:00,-0.261641,3.561
9985,01.10.2011 09:00:00,-0.267353
9986,01.10.2011 10:00:00,-0.261276
9987,01.10.2011 11:00:00,-0.25692
9988,01.10.2011 12:00:00,-0.242097
9989,01.10.2011 13:00:00,-0.235987
9990,01.10.2011 14:00:00,-0.220219,3.562
9991,01.10.2011 15:00:00,-0.200063
9992,01.10.2011 16:00:00,-0.178003
9993,01.10.2011 17:00:00,-0.15806
9994,01.10.2011 18:00:00,-0.152727
9995,01.10.2011 19:00:00,-0.146832
9996,01.10.2011 20:00:00,-0.148539,3.563
9997,01.10.2011 21:00:00,-0.152363
9998,01.10.2011 22:00:00,-0.161837
9999,01.10.2011 23:00:00,-0.170018
10000,02.10.2011 00:00:00,-0.191119
10001,02.10.2011 01:00:00,-0.209767
10002,02.10.2011 02:00:00,-0.226296,3.561
10003,02.10.2011 03:00:00,-0.2495
10004,02.10.2011 04:00:00,-0.257284
10005,02.10.2011 05:00:00,-0.282558
10006,02.10.2011 06:00:00,-0.294333
10007,02.10.2011 07:00:00,-0.306687
10008,02.10.2011 08:00:00,-0.324376,3.560
10009,02.10.2011 09:00:00,-0.337277
10010,02.10.2011 10:00:00,-0.348141
10011,02.10.2011 11:00:00,-0.346618
10012,02.10.2011 12:00:00,-0.360861
10013,02.10.2011 13:00:00,-0.346618
10014,02.10.2011 14:00:00,-0.337095,3.561
10015,02.10.2011 15:00:00,-0.2995
10016,02.10.2011 16:00:00,-0.190937
10017,02.10.2011 17:00:00,-0.141316
10018,02.10.2011 18:00:00,-0.122866
10019,02.10.2011 19:00:00,-0.128016
10020,02.10.2011 20:00:00,-0.131611,3.562
10021,02.10.2011 21:00:00,-0.14491
10022,02.10.2011 22:00:00,-0.163362
10023,02.10.2011 23:00:00,-0.18716
10024,03.10.2011 00:00:00,-0.208228
10025,03.10.2011 01:00:00,-0.226694
10026,03.10.2011 02:00:00,-0.256158,3.562
10027,03.10.2011 03:00:00,-0.28958
10028,03.10.2011 04:00:00,-0.299682
10029,03.10.2011 05:00:00,-0.331977
10030,03.10.2011 06:00:00,-0.358973
10031,03.10.2011 07:00:00,-0.389744
10032,03.10.2011 08:00:00,-0.414453,3.559
10033,03.10.2011 09:00:00,-0.446365
10034,03.10.2011 10:00:00,-0.468575
10035,03.10.2011 11:00:00,-0.487387
10036,03.10.2011 12:00:00,-0.474469
10037,03.10.2011 13:00:00,-0.447309
10038,03.10.2011 14:00:00,-0.369986,3.561
10039,03.10.2011 15:00:00,-0.221925
10040,03.10.2011 16:00:00,-0.147594
10041,03.10.2011 17:00:00,-0.127619
10042,03.10.2011 18:00:00,-0.110146
10043,03.10.2011 19:00:00,-0.103288
10044,03.10.2011 20:00:00,-0.104994,3.561
10045,03.10.2011 21:00:00,-0.118873
10046,03.10.2011 22:00:00,-0.121922
10047,03.10.2011 23:00:00,-0.146434
10048,04.10.2011 00:00:00,-0.130485
10049,04.10.2011 01:00:00,-0.143204
10050,04.10.2011 02:00:00,-0.154433,3.562
10051,04.10.2011 03:00:00,-0.159552
10052,04.10.2011 04:00:00,-0.163759
10053,04.10.2011 05:00:00,-0.181828
10054,04.10.2011 06:00:00,-0.199301
10055,04.10.2011 07:00:00,-0.221528
10056,04.10.2011 08:00:00,-0.254999,3.561
10057,04.10.2011 09:00:00,-0.281218
10058,04.10.2011 10:00:00,-0.296437
10059,04.10.2011 11:00:00,-0.312402
10060,04.10.2011 12:00:00,-0.319441
10061,04.10.2011 13:00:00,-0.270036
10062,04.10.2011 14:00:00,-0.177057,3.561
10063,04.10.2011 15:00:00,-0.125516
10064,04.10.2011 16:00:00,-0.0827503
10065,04.10.2011 17:00:00,-0.0336752
10066,04.10.2011 18:00:00,-0.0253105
10067,04.10.2011 19:00:00,-0.0142794
10068,04.10.2011 20:00:00,-0.0154381,3.563
10069,04.10.2011 21:00:00,-0.0152235
10070,04.10.2011 22:00:00,-0.0589828
10071,04.10.2011 23:00:00,-0.0802822
10072,05.10.2011 00:00:00,-0.108439
10073,05.10.2011 01:00:00,-0.128563
10074,05.10.2011 02:00:00,-0.143966,3.564
10075,05.10.2011 03:00:00,-0.163179
10076,05.10.2011 04:00:00,-0.185057
10077,05.10.2011 05:00:00,-0.210164
10078,05.10.2011 06:00:00,-0.220402
10079,05.10.2011 07:00:00,-0.263561
10080,05.10.2011 08:00:00,-0.283138,3.559
10081,05.10.2011 09:00:00,-0.313926
10082,05.10.2011 10:00:00,-0.323432
10083,05.10.2011 11:00:00,-0.307847
10084,05.10.2011 12:00:00,-0.277987
10085,05.10.2011 13:00:00,-0.263561
10086,05.10.2011 14:00:00,-0.235043,3.561
10087,05.10.2011 15:00:00,-0.214704
10088,05.10.2011 16:00:00,-0.181066
10089,05.10.2011 17:00:00,-0.174408
10090,05.10.2011 18:00:00,-0.161472
10091,05.10.2011 19:00:00,-0.198539
10092,05.10.2011 20:00:00,-0.192096,3.562
10093,05.10.2011 21:00:00,-0.226296
10094,05.10.2011 22:00:00,-0.258808
10095,05.10.2011 23:00:00,-0.286168
10096,06.10.2011 00:00:00,-0.312022
10097,06.10.2011 01:00:00,-0.347926
10098,06.10.2011 02:00:00,-0.403622,3.559
10099,06.10.2011 03:00:00,-0.456434
10100,06.10.2011 04:00:00,-0.515507
10101,06.10.2011 05:00:00,-0.590327
10102,06.10.2011 06:00:00,-0.637804
10103,06.10.2011 07:00:00,-0.694008
10104,06.10.2011 08:00:00,-0.748289,3.554
10105,06.10.2011 09:00:00,-0.827608
10106,06.10.2011 10:00:00,-0.84695
10107,06.10.2011 11:00:00,-0.890813
10108,06.10.2011 12:00:00,-0.873709
10109,06.10.2011 13:00:00,-0.770115
10110,06.10.2011 14:00:00,-0.661138,3.557
10111,06.10.2011 15:00:00,-0.527661
10112,06.10.2011 16:00:00,-0.434392
10113,06.10.2011 17:00:00,-0.445786
10114,06.10.2011 18:00:00,-0.366161
10115,06.10.2011 19:00:00,-0.333319
10116,06.10.2011 20:00:00,-0.377571,3.560
10117,06.10.2011 21:00:00,-0.398685
10118,06.10.2011 22:00:00,-0.425449
10119,06.10.2011 23:00:00,-0.443136
10120,07.10.2011 00:00:00,-0.459846
10121,07.10.2011 01:00:00,-0.441033
10122,07.10.2011 02:00:00,-0.446548,3.561
10123,07.10.2011 03:00:00,-0.413293
10124,07.10.2011 04:00:00,-0.40493
10125,07.10.2011 05:00:00,-0.397527
10126,07.10.2011 06:00:00,-0.4017
10127,07.10.2011 07:00:00,-0.400574
10128,07.10.2011 08:00:00,-0.415579,3.559
10129,07.10.2011 09:00:00,-0.430964
10130,07.10.2011 10:00:00,-0.43686
10131,07.10.2011 11:00:00,-0.436662
10132,07.10.2011 12:00:00,-0.411969
10133,07.10.2011 13:00:00,-0.384625
10134,07.10.2011 14:00:00,-0.362965,3.559
10135,07.10.2011 15:00:00,-0.337277
10136,07.10.2011 16:00:00,-0.324924
10137,07.10.2011 17:00:00,-0.310315
10138,07.10.2011 18:00:00,-0.294731
10139,07.10.2011 19:00:00,-0.290375
10140,07.10.2011 20:00:00,-0.285406,3.560
10141,07.10.2011 21:00:00,-0.281415
10142,07.10.2011 22:00:00,-0.279145
10143,07.10.2011 23:00:00,-0.279909
10144,08.10.2011 00:00:00,-0.280852
10145,08.10.2011 01:00:00,-0.285986
10146,08.10.2011 02:00:00,-0.304982,3.559
10147,08.10.2011 03:00:00,-0.316791
10148,08.10.2011 04:00:00,-0.341284
10149,08.10.2011 05:00:00,-0.370368
10150,08.10.2011 06:00:00,-0.395805
10151,08.10.2011 07:00:00,-0.423943
10152,08.10.2011 08:00:00,-0.45491,3.559
10153,08.10.2011 09:00:00,-0.481492
10154,08.10.2011 10:00:00,-0.506184
10155,08.10.2011 11:00:00,-0.536771
10156,08.10.2011 12:00:00,-0.556908
10157,08.10.2011 13:00:00,-0.572855
10158,08.10.2011 14:00:00,-0.578354,3.559
10159,08.10.2011 15:00:00,-0.559375
10160,08.10.2011 16:00:00,-0.291683
10161,08.10.2011 17:00:00,-0.25692
10162,08.10.2011 18:00:00,-0.247214
10163,08.10.2011 19:00:00,-0.241517
10164,08.10.2011 20:00:00,-0.241517,3.560
10165,08.10.2011 21:00:00,-0.257102
10166,08.10.2011 22:00:00,-0.267553
10167,08.10.2011 23:00:00,-0.274972
10168,09.10.2011 00:00:00,-0.291103
10169,09.10.2011 01:00:00,-0.304038
10170,09.10.2011 02:00:00,-0.323614,3.559
10171,09.10.2011 03:00:00,-0.346038
10172,09.10.2011 04:00:00,-0.367502
10173,09.10.2011 05:00:00,-0.386332
10174,09.10.2011 06:00:00,-0.408159
10175,09.10.2011 07:00:00,-0.423943
10176,09.10.2011 08:00:00,-0.452808,3.559
10177,09.10.2011 09:00:00,-0.473525
10178,09.10.2011 10:00:00,-0.489291
10179,09.10.2011 11:00:00,-0.509794
10180,09.10.2011 12:00:00,-0.531836
10181,09.10.2011 13:00:00,-0.547402
10182,09.10.2011 14:00:00,-0.554622,3.559
10183,09.10.2011 15:00:00,-0.55747
10184,09.10.2011 16:00:00,-0.547966
10185,09.10.2011 17:00:00,-0.524797
10186,09.10.2011 18:00:00,-0.516451
10187,09.10.2011 19:00:00,-0.516633
10188,09.10.2011 20:00:00,-0.523273,3.557
10189,09.10.2011 21:00:00,-0.541142
10190,09.10.2011 22:00:00,-0.575323
10191,09.10.2011 23:00:00,-0.606075
10192,10.10.2011 00:00:00,-0.643666
10193,10.10.2011 01:00:00,-0.688278
10194,10.10.2011 02:00:00,-0.731382,3.556
10195,10.10.2011 03:00:00,-0.779406
10196,10.10.2011 04:00:00,-0.824197
10197,10.10.2011 05:00:00,-0.878659
10198,10.10.2011 06:00:00,-0.928931
10199,10.10.2011 07:00:00,-0.991704
10200,10.10.2011 08:00:00,-1.04272,3.553
10201,10.10.2011 09:00:00,-1.08593
10202,10.10.2011 10:00:00,-1.14359
10203,10.10.2011 11:00:00,-1.19177
10204,10.10.2011 12:00:00,-1.23061
10205,10.10.2011 13:00:00,-1.2477
10206,10.10.2011 14:00:00,-1.24505,3.550
10207,10.10.2011 15:00:00,-1.20334
10208,10.10.2011 16:00:00,-1.04139
10209,10.10.2011 17:00:00,-0.926084
10210,10.10.2011 18:00:00,-0.878096
10211,10.10.2011 19:00:00,-0.821151
10212,10.10.2011 20:00:00,-0.774851,3.553
10213,10.10.2011 21:00:00,-0.762514
10214,10.10.2011 22:00:00,-0.76364
10215,10.10.2011 23:00:00,-0.775795
10216,11.10.2011 00:00:00,-0.802936
10217,11.10.2011 01:00:00,-0.838239
10218,11.10.2011 02:00:00,-0.881888,3.556
10219,11.10.2011 03:00:00,-0.929328
10220,11.10.2011 04:00:00,-0.974466
10221,11.10.2011 05:00:00,-1.02245
10222,11.10.2011 06:00:00,-1.07305
10223,11.10.2011 07:00:00,-1.12292
10224,11.10.2011 08:00:00,-1.16996,3.552
10225,11.10.2011 09:00:00,-1.21492
10226,11.10.2011 10:00:00,-1.2784
10227,11.10.2011 11:00:00,-1.33028
10228,11.10.2011 12:00:00,-1.37596
10229,11.10.2011 13:00:00,-1.39664
10230,11.10.2011 14:00:00,-1.37179,3.549
10231,11.10.2011 15:00:00,-1.30664
10232,11.10.2011 16:00:00,-1.19823
10233,11.10.2011 17:00:00,-1.06075
10234,11.10.2011 18:00:00,-0.960044
10235,11.10.2011 19:00:00,-0.861008
10236,11.10.2011 20:00:00,-0.792487,3.554
10237,11.10.2011 21:00:00,-0.756818
10238,11.10.2011 22:00:00,-0.746965
10239,11.10.2011 23:00:00,-0.768394
10240,12.10.2011 00:00:00,-0.806347
10241,12.10.2011 01:00:00,-0.857216
10242,12.10.2011 02:00:00,-0.91681,3.557
10243,12.10.2011 03:00:00,-0.985643
10244,12.10.2011 04:00:00,-1.04956
10245,12.10.2011 05:00:00,-1.11592
10246,12.10.2011 06:00:00,-1.16693
10247,12.10.2011 07:00:00,-1.23404
10248,12.10.2011 08:00:00,-1.30513,3.550
10249,12.10.2011 09:00:00,-1.36364
10250,12.10.2011 10:00:00,-1.43391
10251,12.10.2011 11:00:00,-1.4595
10252,12.10.2011 12:00:00,-1.48432
10253,12.10.2011 13:00:00,-1.48545
10254,12.10.2011 14:00:00,-1.42012,3.549
10255,12.10.2011 15:00:00,-1.34147
10256,12.10.2011 16:00:00,-1.22286
10257,12.10.2011 17:00:00,-1.1159
10258,12.10.2011 18:00:00,-1.00424
10259,12.10.2011 19:00:00,-0.886624
10260,12.10.2011 20:00:00,-0.808632,3.556
10261,12.10.2011 21:00:00,-0.755295
10262,12.10.2011 22:00:00,-0.727012
10263,12.10.2011 23:00:00,-0.71734
10264,13.10.2011 00:00:00,-0.727972
10265,13.10.2011 01:00:00,-0.752265
10266,13.10.2011 02:00:00,-0.781491,3.557
10267,13.10.2011 03:00:00,-0.821532
10268,13.10.2011 04:00:00,-0.866704
10269,13.10.2011 05:00:00,-0.909028
10270,13.10.2011 06:00:00,-0.946963
10271,13.10.2011 07:00:00,-0.999884
10272,13.10.2011 08:00:00,-1.05923,3.555
10273,13.10.2011 09:00:00,-1.12862
10274,13.10.2011 10:00:00,-1.18417
10275,13.10.2011 11:00:00,-1.20751
10276,13.10.2011 12:00:00,-1.20922
10277,13.10.2011 13:00:00,-1.17091
10278,13.10.2011 14:00:00,-1.10776,3.553
10279,13.10.2011 15:00:00,-1.01694
10280,13.10.2011 16:00:00,-0.909409
10281,13.10.2011 17:00:00,-0.812241
10282,13.10.2011 18:00:00,-0.712787
10283,13.10.2011 19:00:00,-0.633052
10284,13.10.2011 20:00:00,-0.578354,3.556
10285,13.10.2011 21:00:00,-0.528987
10286,13.10.2011 22:00:00,-0.519299
10287,13.10.2011 23:00:00,-0.529169
10288,14.10.2011 00:00:00,-0.546458
10289,14.10.2011 01:00:00,-0.562969
10290,14.10.2011 02:00:00,-0.578917,3.557
10291,14.10.2011 03:00:00,-0.624125
10292,14.10.2011 04:00:00,-0.665889
10293,14.10.2011 05:00:00,-0.722276
10294,14.10.2011 06:00:00,-0.794392
10295,14.10.2011 07:00:00,-0.891575
10296,14.10.2011 08:00:00,-0.962329,3.556
10297,14.10.2011 09:00:00,-1.01979
10298,14.10.2011 10:00:00,-1.10663
10299,14.10.2011 11:00:00,-1.14266
10300,14.10.2011 12:00:00,-1.13243
10301,14.10.2011 13:00:00,-1.09885
10302,14.10.2011 14:00:00,-1.0435,3.555
10303,14.10.2011 15:00:00,-0.990578
10304,14.10.2011 16:00:00,-0.907886
10305,14.10.2011 17:00:00,-0.842031
10306,14.10.2011 18:00:00,-0.772184
10307,14.10.2011 19:00:00,-0.717721
10308,14.10.2011 20:00:00,-0.669881,3.558
10309,14.10.2011 21:00:00,-0.638549
10310,14.10.2011 22:00:00,-0.618429
10311,14.10.2011 23:00:00,-0.611788
10312,15.10.2011 00:00:00,-0.629806
10313,15.10.2011 01:00:00,-0.623562
10314,15.10.2011 02:00:00,-0.633615,3.557
10315,15.10.2011 03:00:00,-0.631346
10316,15.10.2011 04:00:00,-0.64254
10317,15.10.2011 05:00:00,-0.63171
10318,15.10.2011 06:00:00,-0.637042
10319,15.10.2011 07:00:00,-0.637986
10320,15.10.2011 08:00:00,-0.633996,3.558
10321,15.10.2011 09:00:00,-0.638549
10322,15.10.2011 10:00:00,-0.641215
10323,15.10.2011 11:00:00,-0.628481
10324,15.10.2011 12:00:00,-0.621657
10325,15.10.2011 13:00:00,-0.603045
10326,15.10.2011 14:00:00,-0.569244,3.559
10327,15.10.2011 15:00:00,-0.535065
10328,15.10.2011 16:00:00,-0.515689
10329,15.10.2011 17:00:00,-0.492521
10330,15.10.2011 18:00:00,-0.473707
10331,15.10.2011 19:00:00,-0.450158
10332,15.10.2011 20:00:00,-0.448071,3.558
10333,15.10.2011 21:00:00,-0.43951
10334,15.10.2011 22:00:00,-0.437986
10335,15.10.2011 23:00:00,-0.437423
10336,16.10.2011 00:00:00,-0.441231
10337,16.10.2011 01:00:00,-0.442374
10338,16.10.2011 02:00:00,-0.447492,3.559
10339,16.10.2011 03:00:00,-0.455854
10340,16.10.2011 04:00:00,-0.469152
10341,16.10.2011 05:00:00,-0.475231
10342,16.10.2011 06:00:00,-0.484736
10343,16.10.2011 07:00:00,-0.500121
10344,16.10.2011 08:00:00,-0.506763,3.559
10345,16.10.2011 09:00:00,-0.519299
10346,16.10.2011 10:00:00,-0.530693
10347,16.10.2011 11:00:00,-0.542086
10348,16.10.2011 12:00:00,-0.541705
10349,16.10.2011 13:00:00,-0.565437
10350,16.10.2011 14:00:00,-0.572657,3.558
10351,16.10.2011 15:00:00,-0.570768
10352,16.10.2011 16:00:00,-0.564112
10353,16.10.2011 17:00:00,-0.551394
10354,16.10.2011 18:00:00,-0.538476
10355,16.10.2011 19:00:00,-0.527661
10356,16.10.2011 20:00:00,-0.51968,3.558
10357,16.10.2011 21:00:00,-0.510738
10358,16.10.2011 22:00:00,-0.515689
10359,16.10.2011 23:00:00,-0.51284
10360,17.10.2011 00:00:00,-0.520624
10361,17.10.2011 01:00:00,-0.520044
10362,17.10.2011 02:00:00,-0.535048,3.557
10363,17.10.2011 03:00:00,-0.544554
10364,17.10.2011 04:00:00,-0.561645
10365,17.10.2011 05:00:00,-0.577029
10366,17.10.2011 06:00:00,-0.602283
10367,17.10.2011 07:00:00,-0.625069
10368,17.10.2011 08:00:00,-0.65337,3.558
10369,17.10.2011 09:00:00,-0.698728
10370,17.10.2011 10:00:00,-0.715255
10371,17.10.2011 11:00:00,-0.735373
10372,17.10.2011 12:00:00,-0.746187
10373,17.10.2011 13:00:00,-0.752265
10374,17.10.2011 14:00:00,-0.755659,3.554
10375,17.10.2011 15:00:00,-0.756438
10376,17.10.2011 16:00:00,-0.753208
10377,17.10.2011 17:00:00,-0.745243
10378,17.10.2011 18:00:00,-0.741055
10379,17.10.2011 19:00:00,-0.737262
10380,17.10.2011 20:00:00,-0.729677,3.556
10381,17.10.2011 21:00:00,-0.724743
10382,17.10.2011 22:00:00,-0.728138
10383,17.10.2011 23:00:00,-0.741236
10384,18.10.2011 00:00:00,-0.750741
10385,18.10.2011 01:00:00,-0.770099
10386,18.10.2011 02:00:00,-0.79343,3.556
10387,18.10.2011 03:00:00,-0.828552
10388,18.10.2011 04:00:00,-0.855874
10389,18.10.2011 05:00:00,-0.894969
10390,18.10.2011 06:00:00,-0.927972
10391,18.10.2011 07:00:00,-0.96632
10392,18.10.2011 08:00:00,-0.998542,3.551
10393,18.10.2011 09:00:00,-1.02812
10394,18.10.2011 10:00:00,-1.05961
10395,18.10.2011 11:00:00,-1.08084
10396,18.10.2011 12:00:00,-1.10284
10397,18.10.2011 13:00:00,-1.11819
10398,18.10.2011 14:00:00,-1.12029,3.552
10399,18.10.2011 15:00:00,-1.12521
10400,18.10.2011 16:00:00,-1.11175
10401,18.10.2011 17:00:00,-1.08747
10402,18.10.2011 18:00:00,-1.06378
10403,18.10.2011 19:00:00,-1.03214
10404,18.10.2011 20:00:00,-1.01485,3.553
10405,18.10.2011 21:00:00,-1.00442
10406,18.10.2011 22:00:00,-0.990975
10407,18.10.2011 23:00:00,-0.989435
10408,19.10.2011 00:00:00,-0.995512
10409,19.10.2011 01:00:00,-0.993988
10410,19.10.2011 02:00:00,-1.0105,3.554
10411,19.10.2011 03:00:00,-1.01485
10412,19.10.2011 04:00:00,-1.0321
10413,19.10.2011 05:00:00,-1.04368
10414,19.10.2011 06:00:00,-1.06188
10415,19.10.2011 07:00:00,-1.08027
10416,19.10.2011 08:00:00,-1.09678,3.551
10417,19.10.2011 09:00:00,-1.1222
10418,19.10.2011 10:00:00,-1.12483
10419,19.10.2011 11:00:00,-1.136
10420,19.10.2011 12:00:00,-1.15801
10421,19.10.2011 13:00:00,-1.15005
10422,19.10.2011 14:00:00,-1.15422,3.552
10423,19.10.2011 15:00:00,-1.13793
10424,19.10.2011 16:00:00,-1.12445
10425,19.10.2011 17:00:00,-1.1087
10426,19.10.2011 18:00:00,-1.08824
10427,19.10.2011 19:00:00,-1.06244
10428,19.10.2011 20:00:00,-1.04954,3.554
10429,19.10.2011 21:00:00,-1.03058
10430,19.10.2011 22:00:00,-1.01086
10431,19.10.2011 23:00:00,-1.0027
10432,20.10.2011 00:00:00,-0.989635
10433,20.10.2011 01:00:00,-0.979568
10434,20.10.2011 02:00:00,-0.96536,3.552
10435,20.10.2011 03:00:00,-0.958537
10436,20.10.2011 04:00:00,-0.955888
10437,20.10.2011 05:00:00,-0.943171
10438,20.10.2011 06:00:00,-0.940704
10439,20.10.2011 07:00:00,-0.932739
10440,20.10.2011 08:00:00,-0.932557,3.554
10441,20.10.2011 09:00:00,-0.931597
10442,20.10.2011 10:00:00,-0.924759
10443,20.10.2011 11:00:00,-0.925536
10444,20.10.2011 12:00:00,-0.919658
10445,20.10.2011 13:00:00,-0.915453
10446,20.10.2011 14:00:00,-0.912621,3.554
10447,20.10.2011 15:00:00,-0.896874
10448,20.10.2011 16:00:00,-0.887949
10449,20.10.2011 17:00:00,-0.882087
10450,20.10.2011 18:00:00,-0.860246
10451,20.10.2011 19:00:00,-0.84849
10452,20.10.2011 20:00:00,-0.828751,3.556
10453,20.10.2011 21:00:00,-0.820571
10454,20.10.2011 22:00:00,-0.805602
10455,20.10.2011 23:00:00,-0.793066
10456,21.10.2011 00:00:00,-0.785101
10457,21.10.2011 01:00:00,-0.776175
10458,21.10.2011 02:00:00,-0.765363,3.554
10459,21.10.2011 03:00:00,-0.778826
10460,21.10.2011 04:00:00,-0.765743
10461,21.10.2011 05:00:00,-0.77144
10462,21.10.2011 06:00:00,-0.773725
10463,21.10.2011 07:00:00,-0.773344
10464,21.10.2011 08:00:00,-0.784521,3.556
10465,21.10.2011 09:00:00,-0.79343
10466,21.10.2011 10:00:00,-0.79628
10467,21.10.2011 11:00:00,-0.804062
10468,21.10.2011 12:00:00,-0.809378
10469,21.10.2011 13:00:00,-0.816779
10470,21.10.2011 14:00:00,-0.826846,3.554
10471,21.10.2011 15:00:00,-0.829314
10472,21.10.2011 16:00:00,-0.835193
10473,21.10.2011 17:00:00,-0.832162
10474,21.10.2011 18:00:00,-0.825521
10475,21.10.2011 19:00:00,-0.811099
10476,21.10.2011 20:00:00,-0.799524,3.554
10477,21.10.2011 21:00:00,-0.794772
10478,21.10.2011 22:00:00,-0.781293
10479,21.10.2011 23:00:00,-0.769156
10480,22.10.2011 00:00:00,-0.778444
10481,22.10.2011 01:00:00,-0.778461
10482,22.10.2011 02:00:00,-0.788132,3.555
10483,22.10.2011 03:00:00,-0.79363
10484,22.10.2011 04:00:00,-0.810338
10485,22.10.2011 05:00:00,-0.829695
10486,22.10.2011 06:00:00,-0.845261
10487,22.10.2011 07:00:00,-0.870314
10488,22.10.2011 08:00:00,-0.890631,3.555
10489,22.10.2011 09:00:00,-0.914145
10490,22.10.2011 10:00:00,-0.935588
10491,22.10.2011 11:00:00,-0.960243
10492,22.10.2011 12:00:00,-0.984915
10493,22.10.2011 13:00:00,-0.996124
10494,22.10.2011 14:00:00,-1.01224,3.554
10495,22.10.2011 15:00:00,-1.02379
10496,22.10.2011 16:00:00,-1.02871
10497,22.10.2011 17:00:00,-1.03346
10498,22.10.2011 18:00:00,-1.01848
10499,22.10.2011 19:00:00,-1.01656
10500,22.10.2011 20:00:00,-1.00861,3.551
10501,22.10.2011 21:00:00,-1.00177
10502,22.10.2011 22:00:00,-0.991174
10503,22.10.2011 23:00:00,-0.988326
10504,23.10.2011 00:00:00,-0.978855
10505,23.10.2011 01:00:00,-0.990396
10506,23.10.2011 02:00:00,-0.993822,3.553
10507,23.10.2011 03:00:00,-0.997432
10508,23.10.2011 04:00:00,-1.00311
10509,23.10.2011 05:00:00,-1.01222
10510,23.10.2011 06:00:00,-1.02321
10511,23.10.2011 07:00:00,-1.03537
10512,23.10.2011 08:00:00,-1.04616,3.552
10513,23.10.2011 09:00:00,-1.06416
10514,23.10.2011 10:00:00,-1.06759
10515,23.10.2011 11:00:00,-1.0892
10516,23.10.2011 12:00:00,-1.09696
10517,23.10.2011 13:00:00,-1.11518
10518,23.10.2011 14:00:00,-1.12334,3.549
10519,23.10.2011 15:00:00,-1.13052
10520,23.10.2011 16:00:00,-1.13147
10521,23.10.2011 17:00:00,-1.13415
10522,23.10.2011 18:00:00,-1.12845
10523,23.10.2011 19:00:00,-1.11933
10524,23.10.2011 20:00:00,-1.10911,3.552
10525,23.10.2011 21:00:00,-1.09034
10526,23.10.2011 22:00:00,-1.08237
10527,23.10.2011 23:00:00,-1.07345
10528,24.10.2011 00:00:00,-1.06833
10529,24.10.2011 01:00:00,-1.06019
10530,24.10.2011 02:00:00,-1.06282,3.553
10531,24.10.2011 03:00:00,-1.06077
10532,24.10.2011 04:00:00,-1.05222
10533,24.10.2011 05:00:00,-1.05582
10534,24.10.2011 06:00:00,-1.05355
10535,24.10.2011 07:00:00,-1.05545
10536,24.10.2011 08:00:00,-1.05279,3.550
10537,24.10.2011 09:00:00,-1.0431
10538,24.10.2011 10:00:00,-1.04464
10539,24.10.2011 11:00:00,-1.04047
10540,24.10.2011 12:00:00,-1.03533
10541,24.10.2011 13:00:00,-1.0177
10542,24.10.2011 14:00:00,-1.0122,3.553
10543,24.10.2011 15:00:00,-1.00462
10544,24.10.2011 16:00:00,-0.991902
10545,24.10.2011 17:00:00,-0.979766
10546,24.10.2011 18:00:00,-0.971437
10547,24.10.2011 19:00:00,-0.955689
10548,24.10.2011 20:00:00,-0.941268,3.554
10549,24.10.2011 21:00:00,-0.925901
10550,24.10.2011 22:00:00,-0.904673
10551,24.10.2011 23:00:00,-0.894042
10552,25.10.2011 00:00:00,-0.879802
10553,25.10.2011 01:00:00,-0.864236
10554,25.10.2011 02:00:00,-0.8519,3.554
10555,25.10.2011 03:00:00,-0.850956
10556,25.10.2011 04:00:00,-0.842594
10557,25.10.2011 05:00:00,-0.832726
10558,25.10.2011 06:00:00,-0.831019
10559,25.10.2011 07:00:00,-0.824561
10560,25.10.2011 08:00:00,-0.823039,3.553
10561,25.10.2011 09:00:00,-0.824759
10562,25.10.2011 10:00:00,-0.820389
10563,25.10.2011 11:00:00,-0.823997
10564,25.10.2011 12:00:00,-0.828751
10565,25.10.2011 13:00:00,-0.823039
10566,25.10.2011 14:00:00,-0.822095,3.553
10567,25.10.2011 15:00:00,-0.835193
10568,25.10.2011 16:00:00,-0.82779
10569,25.10.2011 17:00:00,-0.832726
10570,25.10.2011 18:00:00,-0.831599
10571,25.10.2011 19:00:00,-0.821515
10572,25.10.2011 20:00:00,-0.822095,3.554
10573,25.10.2011 21:00:00,-0.816978
10574,25.10.2011 22:00:00,-0.80787
10575,25.10.2011 23:00:00,-0.801595
10576,26.10.2011 00:00:00,-0.791924
10577,26.10.2011 01:00:00,-0.800467
10578,26.10.2011 02:00:00,-0.789837,3.554
10579,26.10.2011 03:00:00,-0.804078
10580,26.10.2011 04:00:00,-0.800467
10581,26.10.2011 05:00:00,-0.806728
10582,26.10.2011 06:00:00,-0.804823
10583,26.10.2011 07:00:00,-0.813947
10584,26.10.2011 08:00:00,-0.821731,3.554
10585,26.10.2011 09:00:00,-0.831019
10586,26.10.2011 10:00:00,-0.831964
10587,26.10.2011 11:00:00,-0.845823
10588,26.10.2011 12:00:00,-0.852479
10589,26.10.2011 13:00:00,-0.862515
10590,26.10.2011 14:00:00,-0.873725,3.552
10591,26.10.2011 15:00:00,-0.885498
10592,26.10.2011 16:00:00,-0.882832
10593,26.10.2011 17:00:00,-0.886806
10594,26.10.2011 18:00:00,-0.891376
10595,26.10.2011 19:00:00,-0.890431
10596,26.10.2011 20:00:00,-0.883594,3.554
10597,26.10.2011 21:00:00,-0.87144
10598,26.10.2011 22:00:00,-0.866704
10599,26.10.2011 23:00:00,-0.868227
10600,27.10.2011 00:00:00,-0.857398
10601,27.10.2011 01:00:00,-0.855311
10602,27.10.2011 02:00:00,-0.85493,3.553
10603,27.10.2011 03:00:00,-0.849997
10604,27.10.2011 04:00:00,-0.852281
10605,27.10.2011 05:00:00,-0.856073
10606,27.10.2011 06:00:00,-0.8519
10607,27.10.2011 07:00:00,-0.859302
10608,27.10.2011 08:00:00,-0.863855,3.554
10609,27.10.2011 09:00:00,-0.873725
10610,27.10.2011 10:00:00,-0.872582
10611,27.10.2011 11:00:00,-0.882269
10612,27.10.2011 12:00:00,-0.887005
10613,27.10.2011 13:00:00,-0.898198
10614,27.10.2011 14:00:00,-0.89896,3.554
10615,27.10.2011 15:00:00,-0.905798
10616,27.10.2011 16:00:00,-0.906941
10617,27.10.2011 17:00:00,-0.908266
10618,27.10.2011 18:00:00,-0.900666
10619,27.10.2011 19:00:00,-0.899142
10620,27.10.2011 20:00:00,-0.891177,3.552
10621,27.10.2011 21:00:00,-0.89593
10622,27.10.2011 22:00:00,-0.887767
10623,27.10.2011 23:00:00,-0.892519
10624,28.10.2011 00:00:00,-0.874289
10625,28.10.2011 01:00:00,-0.870297
10626,28.10.2011 02:00:00,-0.883959,3.554
10627,28.10.2011 03:00:00,-0.890217
10628,28.10.2011 04:00:00,-0.883015
10629,28.10.2011 05:00:00,-0.875415
10630,28.10.2011 06:00:00,-0.875233
10631,28.10.2011 07:00:00,-0.888893
10632,28.10.2011 08:00:00,-0.890233,3.555
10633,28.10.2011 09:00:00,-0.903712
10634,28.10.2011 10:00:00,-0.899342
10635,28.10.2011 11:00:00,-0.91623
10636,28.10.2011 12:00:00,-0.923235
10637,28.10.2011 13:00:00,-0.928551
10638,28.10.2011 14:00:00,-0.929708,3.554
10639,28.10.2011 15:00:00,-0.916032
10640,28.10.2011 16:00:00,-0.910915
10641,28.10.2011 17:00:00,-0.890797
10642,28.10.2011 18:00:00,-0.870115
10643,28.10.2011 19:00:00,-0.860611
10644,28.10.2011 20:00:00,-0.848854,3.552
10645,28.10.2011 21:00:00,-0.848854
10646,28.10.2011 22:00:00,-0.837858
10647,28.10.2011 23:00:00,-0.845823
10648,29.10.2011 00:00:00,-0.840525
10649,29.10.2011 01:00:00,-0.848672
10650,29.10.2011 02:00:00,-0.853622,3.554
10651,29.10.2011 03:00:00,-0.878278
10652,29.10.2011 04:00:00,-0.8851
10653,29.10.2011 05:00:00,-0.904839
10654,29.10.2011 06:00:00,-0.92759
10655,29.10.2011 07:00:00,-0.960806
10656,29.10.2011 08:00:00,-0.990015,3.553
10657,29.10.2011 09:00:00,-1.02167
10658,29.10.2011 10:00:00,-1.04861
10659,29.10.2011 11:00:00,-1.08693
10660,29.10.2011 12:00:00,-1.12349
10661,29.10.2011 13:00:00,-1.15764
10662,29.10.2011 14:00:00,-1.17924,3.551
10663,29.10.2011 15:00:00,-1.19991
10664,29.10.2011 16:00:00,-1.2293
10665,29.10.2011 17:00:00,-1.23727
10666,29.10.2011 18:00:00,-1.23934
10667,29.10.2011 19:00:00,-1.25088
10668,29.10.2011 20:00:00,-1.25848,3.552
10669,29.10.2011 21:00:00,-1.2672
10670,29.10.2011 22:00:00,-1.29712
10671,29.10.2011 23:00:00,-1.32292
10672,30.10.2011 00:00:00,-1.36974
10673,30.10.2011 01:00:00,-1.41442
10674,30.10.2011 02:00:00,-1.4652,3.548
10675,30.10.2011 03:00:00,-1.51616
10676,30.10.2011 04:00:00,-1.57789
10677,30.10.2011 05:00:00,-1.64413
10678,30.10.2011 06:00:00,-1.71021
10679,30.10.2011 07:00:00,-1.75183
10680,30.10.2011 08:00:00,-1.81222,3.548
10681,30.10.2011 09:00:00,-1.86481
10682,30.10.2011 10:00:00,-1.92776
10683,30.10.2011 11:00:00,-1.98491
10684,30.10.2011 12:00:00,-2.01745
10685,30.10.2011 13:00:00,-2.07188
10686,30.10.2011 14:00:00,-2.11425,3.543
10687,30.10.2011 15:00:00,-2.15598
10688,30.10.2011 16:00:00,-2.16985
10689,30.10.2011 17:00:00,-2.19645
10690,30.10.2011 18:00:00,-2.20706
10691,30.10.2011 19:00:00,-2.24014
10692,30.10.2011 20:00:00,-2.26261,3.542
10693,30.10.2011 21:00:00,-2.28869
10694,30.10.2011 22:00:00,-2.32896
10695,30.10.2011 23:00:00,-2.36789
10696,31.10.2011 00:00:00,-2.40543
10697,31.10.2011 01:00:00,-2.46915
10698,31.10.2011 02:00:00,-2.52118,3.538
10699,31.10.2011 03:00:00,-2.57957
10700,31.10.2011 04:00:00,-2.62714
10701,31.10.2011 05:00:00,-2.69118
10702,31.10.2011 06:00:00,-2.75533
10703,31.10.2011 07:00:00,-2.81378
10704,31.10.2011 08:00:00,-2.86026,3.535
10705,31.10.2011 09:00:00,-2.93308
10706,31.10.2011 10:00:00,-2.98474
10707,31.10.2011 11:00:00,-3.04248
10708,31.10.2011 12:00:00,-3.0995
10709,31.10.2011 13:00:00,-3.15271
10710,31.10.2011 14:00:00,-3.19094,3.534
10711,31.10.2011 15:00:00,-3.21376
10712,31.10.2011 16:00:00,-3.22319
10713,31.10.2011 17:00:00,-3.23226
10714,31.10.2011 18:00:00,-3.22713
10715,31.10.2011 19:00:00,-3.21925
10716,31.10.2011 20:00:00,-3.20795,3.533
10717,31.10.2011 21:00:00,-3.1871
10718,31.10.2011 22:00:00,-3.1829
10719,31.10.2011 23:00:00,-3.16923
10720,01.11.2011 00:00:00,-3.16302
10721,01.11.2011 01:00:00,-3.16092
10722,01.11.2011 02:00:00,-3.15319,3.530
10723,01.11.2011 03:00:00,-3.14219
10724,01.11.2011 04:00:00,-3.14252
10725,01.11.2011 05:00:00,-3.144
10726,01.11.2011 06:00:00,-3.13445
10727,01.11.2011 07:00:00,-3.12442
10728,01.11.2011 08:00:00,-3.10858,3.533
10729,01.11.2011 09:00:00,-3.09367
10730,01.11.2011 10:00:00,-3.07077
10731,01.11.2011 11:00:00,-3.05869
10732,01.11.2011 12:00:00,-3.04077
10733,01.11.2011 13:00:00,-3.01512
10734,01.11.2011 14:00:00,-2.99323,3.533
10735,01.11.2011 15:00:00,-2.96791
10736,01.11.2011 16:00:00,-2.93986
10737,01.11.2011 17:00:00,-2.90079
10738,01.11.2011 18:00:00,-2.86511
10739,01.11.2011 19:00:00,-2.83362
10740,01.11.2011 20:00:00,-2.79218,3.536
10741,01.11.2011 21:00:00,-2.75834
10742,01.11.2011 22:00:00,-2.71518
10743,01.11.2011 23:00:00,-2.68718
10744,02.11.2011 00:00:00,-2.65441
10745,02.11.2011 01:00:00,-2.6327
10746,02.11.2011 02:00:00,-2.61777,3.535
10747,02.11.2011 03:00:00,-2.60456
10748,02.11.2011 04:00:00,-2.57522
10749,02.11.2011 05:00:00,-2.56181
10750,02.11.2011 06:00:00,-2.55067
10751,02.11.2011 07:00:00,-2.54675
10752,02.11.2011 08:00:00,-2.54597,3.536
10753,02.11.2011 09:00:00,-2.54586
10754,02.11.2011 10:00:00,-2.55526
10755,02.11.2011 11:00:00,-2.57169
10756,02.11.2011 12:00:00,-2.58886
10757,02.11.2011 13:00:00,-2.58473
10758,02.11.2011 14:00:00,-2.58929,3.538
10759,02.11.2011 15:00:00,-2.59514
10760,02.11.2011 16:00:00,-2.59736
10761,02.11.2011 17:00:00,-2.58055
10762,02.11.2011 18:00:00,-2.56491
10763,02.11.2011 19:00:00,-2.5596
10764,02.11.2011 20:00:00,-2.55314,3.536
10765,02.11.2011 21:00:00,-2.54396
10766,02.11.2011 22:00:00,-2.54727
10767,02.11.2011 23:00:00,-2.5534
10768,03.11.2011 00:00:00,-2.56564
10769,03.11.2011 01:00:00,-2.58154
10770,03.11.2011 02:00:00,-2.60097,3.537
10771,03.11.2011 03:00:00,-2.62757
10772,03.11.2011 04:00:00,-2.66659
10773,03.11.2011 05:00:00,-2.69514
10774,03.11.2011 06:00:00,-2.74644
10775,03.11.2011 07:00:00,-2.78477
10776,03.11.2011 08:00:00,-2.82796,3.533
10777,03.11.2011 09:00:00,-2.87193
10778,03.11.2011 10:00:00,-2.92962
10779,03.11.2011 11:00:00,-2.96487
10780,03.11.2011 12:00:00,-3.00533
10781,03.11.2011 13:00:00,-3.04041
10782,03.11.2011 14:00:00,-3.07332,3.532
10783,03.11.2011 15:00:00,-3.1088
10784,03.11.2011 16:00:00,-3.13266
10785,03.11.2011 17:00:00,-3.13723
10786,03.11.2011 18:00:00,-3.13685
10787,03.11.2011 19:00:00,-3.12947
10788,03.11.2011 20:00:00,-3.12386,3.529
10789,03.11.2011 21:00:00,-3.12354
10790,03.11.2011 22:00:00,-3.14021
10791,03.11.2011 23:00:00,-3.15493
10792,04.11.2011 00:00:00,-3.16908
10793,04.11.2011 01:00:00,-3.19678
10794,04.11.2011 02:00:00,-3.21339,3.528
10795,04.11.2011 03:00:00,-3.23672
10796,04.11.2011 04:00:00,-3.2495
10797,04.11.2011 05:00:00,-3.27384
10798,04.11.2011 06:00:00,-3.29947
10799,04.11.2011 07:00:00,-3.32545
10800,04.11.2011 08:00:00,-3.33915,3.529
10801,04.11.2011 09:00:00,-3.36484
10802,04.11.2011 10:00:00,-3.38873
10803,04.11.2011 11:00:00,-3.40467
10804,04.11.2011 12:00:00,-3.42398
10805,04.11.2011 13:00:00,-3.44282
10806,04.11.2011 14:00:00,-3.44643,3.526
10807,04.11.2011 15:00:00,-3.45753
10808,04.11.2011 16:00:00,-3.45057
10809,04.11.2011 17:00:00,-3.44641
10810,04.11.2011 18:00:00,-3.43395
10811,04.11.2011 19:00:00,-3.42194
10812,04.11.2011 20:00:00,-3.4027,3.527
10813,04.11.2011 21:00:00,-3.38633
10814,04.11.2011 22:00:00,-3.37783
10815,04.11.2011 23:00:00,-3.36577
10816,05.11.2011 00:00:00,-3.35956
10817,05.11.2011 01:00:00,-3.35816
10818,05.11.2011 02:00:00,-3.35764,3.529
10819,05.11.2011 03:00:00,-3.35973
10820,05.11.2011 04:00:00,-3.36617
10821,05.11.2011 05:00:00,-3.37632
10822,05.11.2011 06:00:00,-3.38536
10823,05.11.2011 07:00:00,-3.40037
10824,05.11.2011 08:00:00,-3.41253,3.528
10825,05.11.2011 09:00:00,-3.41023
10826,05.11.2011 10:00:00,-3.42022
10827,05.11.2011 11:00:00,-3.43437
10828,05.11.2011 12:00:00,-3.43452
10829,05.11.2011 13:00:00,-3.41233
10830,05.11.2011 14:00:00,-3.3912,3.527
10831,05.11.2011 15:00:00,-3.36977
10832,05.11.2011 16:00:00,-3.36675
10833,05.11.2011 17:00:00,-3.33016
10834,05.11.2011 18:00:00,-3.2944
10835,05.11.2011 19:00:00,-3.2865
10836,05.11.2011 20:00:00,-3.28026,3.529
10837,05.11.2011 21:00:00,-3.28608
10838,05.11.2011 22:00:00,-3.29421
10839,05.11.2011 23:00:00,-3.29704
10840,06.11.2011 00:00:00,-3.32114
10841,06.11.2011 01:00:00,-3.34265
10842,06.11.2011 02:00:00,-3.36579,3.528
10843,06.11.2011 03:00:00,-3.38217
10844,06.11.2011 04:00:00,-3.39689
10845,06.11.2011 05:00:00,-3.40899
10846,06.11.2011 06:00:00,-3.4167
10847,06.11.2011 07:00:00,-3.42234
10848,06.11.2011 08:00:00,-3.44808,3.528
10849,06.11.2011 09:00:00,-3.47618
10850,06.11.2011 10:00:00,-3.51678
10851,06.11.2011 11:00:00,-3.55328
10852,06.11.2011 12:00:00,-3.59338
10853,06.11.2011 13:00:00,-3.63719
10854,06.11.2011 14:00:00,-3.62897,3.528
10855,06.11.2011 15:00:00,-3.62207
10856,06.11.2011 16:00:00,-3.60682
10857,06.11.2011 17:00:00,-3.58844
10858,06.11.2011 18:00:00,-3.57748
10859,06.11.2011 19:00:00,-3.534
10860,06.11.2011 20:00:00,-3.52083,3.526
10861,06.11.2011 21:00:00,-3.51471
10862,06.11.2011 22:00:00,-3.52573
10863,06.11.2011 23:00:00,-3.53589
10864,07.11.2011 00:00:00,-3.57112
10865,07.11.2011 01:00:00,-3.61091
10866,07.11.2011 02:00:00,-3.63695,3.527
10867,07.11.2011 03:00:00,-3.6933
10868,07.11.2011 04:00:00,-3.72356
10869,07.11.2011 05:00:00,-3.78566
10870,07.11.2011 06:00:00,-3.80581
10871,07.11.2011 07:00:00,-3.87196
10872,07.11.2011 08:00:00,-3.9289,3.524
10873,07.11.2011 09:00:00,-3.97389
10874,07.11.2011 10:00:00,-4.03882
10875,07.11.2011 11:00:00,-4.1573
10876,07.11.2011 12:00:00,-4.20603
10877,07.11.2011 13:00:00,-4.24732
10878,07.11.2011 14:00:00,-4.26499,3.521
10879,07.11.2011 15:00:00,-4.23209
10880,07.11.2011 16:00:00,-4.2081
10881,07.11.2011 17:00:00,-4.18163
10882,07.11.2011 18:00:00,-4.15044
10883,07.11.2011 19:00:00,-4.0999
10884,07.11.2011 20:00:00,-4.10063,3.522
10885,07.11.2011 21:00:00,-4.11126
10886,07.11.2011 22:00:00,-4.11856
10887,07.11.2011 23:00:00,-4.15636
10888,08.11.2011 00:00:00,-4.15715
10889,08.11.2011 01:00:00,-4.1266
10890,08.11.2011 02:00:00,-4.15841,3.521
10891,08.11.2011 03:00:00,-4.17846
10892,08.11.2011 04:00:00,-4.19174
10893,08.11.2011 05:00:00,-4.21976
10894,08.11.2011 06:00:00,-4.22858
10895,08.11.2011 07:00:00,-4.24436
10896,08.11.2011 08:00:00,-4.2658,3.522
10897,08.11.2011 09:00:00,-4.2758
10898,08.11.2011 10:00:00,-4.30077
10899,08.11.2011 11:00:00,-4.31617
10900,08.11.2011 12:00:00,-4.32958
10901,08.11.2011 13:00:00,-4.29521
10902,08.11.2011 14:00:00,-4.2561,3.523
10903,08.11.2011 15:00:00,-4.20142
10904,08.11.2011 16:00:00,-4.15024
10905,08.11.2011 17:00:00,-4.08223
10906,08.11.2011 18:00:00,-4.0242
10907,08.11.2011 19:00:00,-3.96283
10908,08.11.2011 20:00:00,-3.92018,3.523
10909,08.11.2011 21:00:00,-3.85751
10910,08.11.2011 22:00:00,-3.7981
10911,08.11.2011 23:00:00,-3.77587
10912,09.11.2011 00:00:00,-3.78153
10913,09.11.2011 01:00:00,-3.77157
10914,09.11.2011 02:00:00,-3.72764,3.525
10915,09.11.2011 03:00:00,-3.71173
10916,09.11.2011 04:00:00,-3.72582
10917,09.11.2011 05:00:00,-3.6842
10918,09.11.2011 06:00:00,-3.66471
10919,09.11.2011 07:00:00,-3.63845
10920,09.11.2011 08:00:00,-3.62644,3.525
10921,09.11.2011 09:00:00,-3.6116
10922,09.11.2011 10:00:00,-3.59377
10923,09.11.2011 11:00:00,-3.58235
10924,09.11.2011 12:00:00,-3.54899
10925,09.11.2011 13:00:00,-3.52893
10926,09.11.2011 14:00:00,-3.50596,3.527
10927,09.11.2011 15:00:00,-3.4781
10928,09.11.2011 16:00:00,-3.44403
10929,09.11.2011 17:00:00,-3.42537
10930,09.11.2011 18:00:00,-3.40146
10931,09.11.2011 19:00:00,-3.37694
10932,09.11.2011 20:00:00,-3.3496,3.526
10933,09.11.2011 21:00:00,-3.31456
10934,09.11.2011 22:00:00,-3.29116
10935,09.11.2011 23:00:00,-3.27068
10936,10.11.2011 00:00:00,-3.24331
10937,10.11.2011 01:00:00,-3.22974
10938,10.11.2011 02:00:00,-3.20434,3.529
10939,10.11.2011 03:00:00,-3.18779
10940,10.11.2011 04:00:00,-3.16974
10941,10.11.2011 05:00:00,-3.15915
10942,10.11.2011 06:00:00,-3.14646
10943,10.11.2011 07:00:00,-3.15114
10944,10.11.2011 08:00:00,-3.1457,3.530
10945,10.11.2011 09:00:00,-3.14004
10946,10.11.2011 10:00:00,-3.15909
10947,10.11.2011 11:00:00,-3.16392
10948,10.11.2011 12:00:00,-3.16435
10949,10.11.2011 13:00:00,-3.17166
10950,10.11.2011 14:00:00,-3.16003,3.528
10951,10.11.2011 15:00:00,-3.1704
10952,10.11.2011 16:00:00,-3.16231
10953,10.11.2011 17:00:00,-3.16147
10954,10.11.2011 18:00:00,-3.1478
10955,10.11.2011 19:00:00,-3.13048
10956,10.11.2011 20:00:00,-3.12722,3.531
10957,10.11.2011 21:00:00,-3.09627
10958,10.11.2011 22:00:00,-3.1042
10959,10.11.2011 23:00:00,-3.10511
10960,11.11.2011 00:00:00,-3.10326
10961,11.11.2011 01:00:00,-3.11528
10962,11.11.2011 02:00:00,-3.14456,3.531
10963,11.11.2011 03:00:00,-3.17027
10964,11.11.2011 04:00:00,-3.19064
10965,11.11.2011 05:00:00,-3.21937
10966,11.11.2011 06:00:00,-3.25858
10967,11.11.2011 07:00:00,-3.30868
10968,11.11.2011 08:00:00,-3.35111,3.528
10969,11.11.2011 09:00:00,-3.41041
10970,11.11.2011 10:00:00,-3.46034
10971,11.11.2011 11:00:00,-3.49694
10972,11.11.2011 12:00:00,-3.5571
10973,11.11.2011 13:00:00,-3.60617
10974,11.11.2011 14:00:00,-3.64687,3.523
10975,11.11.2011 15:00:00,-3.66815
10976,11.11.2011 16:00:00,-3.69588
10977,11.11.2011 17:00:00,-3.70832
10978,11.11.2011 18:00:00,-3.69944
10979,11.11.2011 19:00:00,-3.69987
10980,11.11.2011 20:00:00,-3.69755,3.524
10981,11.11.2011 21:00:00,-3.69922
10982,11.11.2011 22:00:00,-3.70354
10983,11.11.2011 23:00:00,-3.72668
10984,12.11.2011 00:00:00,-3.74705
10985,12.11.2011 01:00:00,-3.76753
10986,12.11.2011 02:00:00,-3.7903,3.524
10987,12.11.2011 03:00:00,-3.81367
10988,12.11.2011 04:00:00,-3.85085
10989,12.11.2011 05:00:00,-3.87346
10990,12.11.2011 06:00:00,-3.91356
10991,12.11.2011 07:00:00,-3.9556
10992,12.11.2011 08:00:00,-3.97307,3.520
10993,12.11.2011 09:00:00,-4.01153
10994,12.11.2011 10:00:00,-4.04892
10995,12.11.2011 11:00:00,-4.08731
10996,12.11.2011 12:00:00,-4.12723
10997,12.11.2011 13:00:00,-4.1636
10998,12.11.2011 14:00:00,-4.1757,3.519
10999,12.11.2011 15:00:00,-4.18534
11000,12.11.2011 16:00:00,-4.19035
11001,12.11.2011 17:00:00,-4.15771
11002,12.11.2011 18:00:00,-4.13216
11003,12.11.2011 19:00:00,-4.11064
11004,12.11.2011 20:00:00,-4.08496,3.520
11005,12.11.2011 21:00:00,-4.05517
11006,12.11.2011 22:00:00,-4.03469
11007,12.11.2011 23:00:00,-4.03102
11008,13.11.2011 00:00:00,-4.03505
11009,13.11.2011 01:00:00,-4.04233
11010,13.11.2011 02:00:00,-4.04799,3.520
11011,13.11.2011 03:00:00,-4.07022
11012,13.11.2011 04:00:00,-4.08367
11013,13.11.2011 05:00:00,-4.09513
11014,13.11.2011 06:00:00,-4.11262
11015,13.11.2011 07:00:00,-4.13348
11016,13.11.2011 08:00:00,-4.15159,3.520
11017,13.11.2011 09:00:00,-4.1705
11018,13.11.2011 10:00:00,-4.1906
11019,13.11.2011 11:00:00,-4.22003
11020,13.11.2011 12:00:00,-4.22676
11021,13.11.2011 13:00:00,-4.24034
11022,13.11.2011 14:00:00,-4.23394,3.518
11023,13.11.2011 15:00:00,-4.22476
11024,13.11.2011 16:00:00,-4.22216
11025,13.11.2011 17:00:00,-4.20517
11026,13.11.2011 18:00:00,-4.18312
11027,13.11.2011 19:00:00,-4.16335
11028,13.11.2011 20:00:00,-4.14645,3.519
11029,13.11.2011 21:00:00,-4.11471
11030,13.11.2011 22:00:00,-4.11227
11031,13.11.2011 23:00:00,-4.10843
11032,14.11.2011 00:00:00,-4.08739
11033,14.11.2011 01:00:00,-4.09198
11034,14.11.2011 02:00:00,-4.09601,3.519
11035,14.11.2011 03:00:00,-4.11153
11036,14.11.2011 04:00:00,-4.12351
11037,14.11.2011 05:00:00,-4.14
11038,14.11.2011 06:00:00,-4.15791
11039,14.11.2011 07:00:00,-4.19611
11040,14.11.2011 08:00:00,-4.19928,3.521
11041,14.11.2011 09:00:00,-4.21902
11042,14.11.2011 10:00:00,-4.22717
11043,14.11.2011 11:00:00,-4.26838
11044,14.11.2011 12:00:00,-4.27713
11045,14.11.2011 13:00:00,-4.27868
11046,14.11.2011 14:00:00,-4.26666,3.519
11047,14.11.2011 15:00:00,-4.26095
11048,14.11.2011 16:00:00,-4.23004
11049,14.11.2011 17:00:00,-4.21488
11050,14.11.2011 18:00:00,-4.20322
11051,14.11.2011 19:00:00,-4.18316
11052,14.11.2011 20:00:00,-4.14982,3.522
11053,14.11.2011 21:00:00,-4.16365
11054,14.11.2011 22:00:00,-4.12453
11055,14.11.2011 23:00:00,-4.11753
11056,15.11.2011 00:00:00,-4.11055
11057,15.11.2011 01:00:00,-4.13775
11058,15.11.2011 02:00:00,-4.11466,3.522
11059,15.11.2011 03:00:00,-4.115
11060,15.11.2011 04:00:00,-4.10248
11061,15.11.2011 05:00:00,-4.11687
11062,15.11.2011 06:00:00,-4.11095
11063,15.11.2011 07:00:00,-4.11727
11064,15.11.2011 08:00:00,-4.12197,3.520
11065,15.11.2011 09:00:00,-4.12213
11066,15.11.2011 10:00:00,-4.14756
11067,15.11.2011 11:00:00,-4.16772
11068,15.11.2011 12:00:00,-4.18448
11069,15.11.2011 13:00:00,-4.19637
11070,15.11.2011 14:00:00,-4.21328,3.518
11071,15.11.2011 15:00:00,-4.22526
11072,15.11.2011 16:00:00,-4.27041
11073,15.11.2011 17:00:00,-4.28085
11074,15.11.2011 18:00:00,-4.30933
11075,15.11.2011 19:00:00,-4.32204
11076,15.11.2011 20:00:00,-4.36675,3.517
11077,15.11.2011 21:00:00,-4.38642
11078,15.11.2011 22:00:00,-4.44975
11079,15.11.2011 23:00:00,-4.47024
11080,16.11.2011 00:00:00,-4.48639
11081,16.11.2011 01:00:00,-4.51513
11082,16.11.2011 02:00:00,-4.53473,3.516
11083,16.11.2011 03:00:00,-4.5808
11084,16.11.2011 04:00:00,-4.59671
11085,16.11.2011 05:00:00,-4.63495
11086,16.11.2011 06:00:00,-4.65627
11087,16.11.2011 07:00:00,-4.69383
11088,16.11.2011 08:00:00,-4.71515,3.513
11089,16.11.2011 09:00:00,-4.75198
11090,16.11.2011 10:00:00,-4.77057
11091,16.11.2011 11:00:00,-4.78542
11092,16.11.2011 12:00:00,-4.79396
11093,16.11.2011 13:00:00,-4.82984
11094,16.11.2011 14:00:00,-4.81941,3.512
11095,16.11.2011 15:00:00,-4.81805
11096,16.11.2011 16:00:00,-4.81812
11097,16.11.2011 17:00:00,-4.81418
11098,16.11.2011 18:00:00,-4.80411
11099,16.11.2011 19:00:00,-4.79407
11100,16.11.2011 20:00:00,-4.78294,3.512
11101,16.11.2011 21:00:00,-4.79068
11102,16.11.2011 22:00:00,-4.77523
11103,16.11.2011 23:00:00,-4.78147
11104,17.11.2011 00:00:00,-4.76407
11105,17.11.2011 01:00:00,-4.75846
11106,17.11.2011 02:00:00,-4.75646,3.513
11107,17.11.2011 03:00:00,-4.75314
11108,17.11.2011 04:00:00,-4.74297
11109,17.11.2011 05:00:00,-4.73844
11110,17.11.2011 06:00:00,-4.73318
11111,17.11.2011 07:00:00,-4.73524
11112,17.11.2011 08:00:00,-4.73832,3.515
11113,17.11.2011 09:00:00,-4.74302
11114,17.11.2011 10:00:00,-4.74125
11115,17.11.2011 11:00:00,-4.74143
11116,17.11.2011 12:00:00,-4.74115
11117,17.11.2011 13:00:00,-4.74118
11118,17.11.2011 14:00:00,-4.73248,3.512
11119,17.11.2011 15:00:00,-4.73571
11120,17.11.2011 16:00:00,-4.71626
11121,17.11.2011 17:00:00,-4.70489
11122,17.11.2011 18:00:00,-4.69461
11123,17.11.2011 19:00:00,-4.67744
11124,17.11.2011 20:00:00,-4.66523,3.514
11125,17.11.2011 21:00:00,-4.65299
11126,17.11.2011 22:00:00,-4.64315
11127,17.11.2011 23:00:00,-4.62931
11128,18.11.2011 00:00:00,-4.61804
11129,18.11.2011 01:00:00,-4.61201
11130,18.11.2011 02:00:00,-4.60339,3.516
11131,18.11.2011 03:00:00,-4.59714
11132,18.11.2011 04:00:00,-4.59352
11133,18.11.2011 05:00:00,-4.57888
11134,18.11.2011 06:00:00,-4.56171
11135,18.11.2011 07:00:00,-4.54499
11136,18.11.2011 08:00:00,-4.52119,3.514
11137,18.11.2011 09:00:00,-4.50865
11138,18.11.2011 10:00:00,-4.48321
11139,18.11.2011 11:00:00,-4.47833
11140,18.11.2011 12:00:00,-4.45928
11141,18.11.2011 13:00:00,-4.44254
11142,18.11.2011 14:00:00,-4.42388,3.516
11143,18.11.2011 15:00:00,-4.41538
11144,18.11.2011 16:00:00,-4.39947
11145,18.11.2011 17:00:00,-4.38172
11146,18.11.2011 18:00:00,-4.36419
11147,18.11.2011 19:00:00,-4.34169
11148,18.11.2011 20:00:00,-4.32019,3.516
11149,18.11.2011 21:00:00,-4.28757
11150,18.11.2011 22:00:00,-4.26436
11151,18.11.2011 23:00:00,-4.24894
11152,19.11.2011 00:00:00,-4.23673
11153,19.11.2011 01:00:00,-4.21783
11154,19.11.2011 02:00:00,-4.20031,3.517
11155,19.11.2011 03:00:00,-4.17297
11156,19.11.2011 04:00:00,-4.1635
11157,19.11.2011 05:00:00,-4.14592
11158,19.11.2011 06:00:00,-4.13803
11159,19.11.2011 07:00:00,-4.12782
11160,19.11.2011 08:00:00,-4.11532,3.517
11161,19.11.2011 09:00:00,-4.1063
11162,19.11.2011 10:00:00,-4.11373
11163,19.11.2011 11:00:00,-4.10518
11164,19.11.2011 12:00:00,-4.10028
11165,19.11.2011 13:00:00,-4.089
11166,19.11.2011 14:00:00,-4.08706,3.520
11167,19.11.2011 15:00:00,-4.08149
11168,19.11.2011 16:00:00,-4.07221
11169,19.11.2011 17:00:00,-4.06807
11170,19.11.2011 18:00:00,-4.05264
11171,19.11.2011 19:00:00,-4.04453
11172,19.11.2011 20:00:00,-4.03016,3.521
11173,19.11.2011 21:00:00,-4.02332
11174,19.11.2011 22:00:00,-4
11175,19.11.2011 23:00:00,-3.99002
11176,20.11.2011 00:00:00,-3.97762
11177,20.11.2011 01:00:00,-3.9795
11178,20.11.2011 02:00:00,-3.96804,3.518
11179,20.11.2011 03:00:00,-3.97199
11180,20.11.2011 04:00:00,-3.96974
11181,20.11.2011 05:00:00,-3.96822
11182,20.11.2011 06:00:00,-3.96802
11183,20.11.2011 07:00:00,-3.97373
11184,20.11.2011 08:00:00,-3.98518,3.521
11185,20.11.2011 09:00:00,-4.00076
11186,20.11.2011 10:00:00,-4.00827
11187,20.11.2011 11:00:00,-4.02772
11188,20.11.2011 12:00:00,-4.04394
11189,20.11.2011 13:00:00,-4.0437
11190,20.11.2011 14:00:00,-4.04423,3.519
11191,20.11.2011 15:00:00,-4.04213
11192,20.11.2011 16:00:00,-4.03265
11193,20.11.2011 17:00:00,-4.02577
11194,20.11.2011 18:00:00,-4.01391
11195,20.11.2011 19:00:00,-3.99917
11196,20.11.2011 20:00:00,-4,3.519
11197,20.11.2011 21:00:00,-4.00882
11198,20.11.2011 22:00:00,-4.02731
11199,20.11.2011 23:00:00,-4.04635
11200,21.11.2011 00:00:00,-4.06619
11201,21.11.2011 01:00:00,-4.09428
11202,21.11.2011 02:00:00,-4.12524,3.518
11203,21.11.2011 03:00:00,-4.14814
11204,21.11.2011 04:00:00,-4.19436
11205,21.11.2011 05:00:00,-4.22552
11206,21.11.2011 06:00:00,-4.25946
11207,21.11.2011 07:00:00,-4.28654
11208,21.11.2011 08:00:00,-4.32996,3.516
11209,21.11.2011 09:00:00,-4.35231
11210,21.11.2011 10:00:00,-4.37426
11211,21.11.2011 11:00:00,-4.40405
11212,21.11.2011 12:00:00,-4.42279
11213,21.11.2011 13:00:00,-4.41804
11214,21.11.2011 14:00:00,-4.43787,3.515
11215,21.11.2011 15:00:00,-4.43809
11216,21.11.2011 16:00:00,-4.44389
11217,21.11.2011 17:00:00,-4.42363
11218,21.11.2011 18:00:00,-4.37854
11219,21.11.2011 19:00:00,-4.34619
11220,21.11.2011 20:00:00,-4.31406,3.516
11221,21.11.2011 21:00:00,-4.27792
11222,21.11.2011 22:00:00,-4.24879
11223,21.11.2011 23:00:00,-4.23316
11224,22.11.2011 00:00:00,-4.21503
11225,22.11.2011 01:00:00,-4.18746
11226,22.11.2011 02:00:00,-4.17606,3.521
11227,22.11.2011 03:00:00,-4.14223
11228,22.11.2011 04:00:00,-4.146
11229,22.11.2011 05:00:00,-4.13465
11230,22.11.2011 06:00:00,-4.12418
11231,22.11.2011 07:00:00,-4.12971
11232,22.11.2011 08:00:00,-4.14466,3.517
11233,22.11.2011 09:00:00,-4.15712
11234,22.11.2011 10:00:00,-4.1691
11235,22.11.2011 11:00:00,-4.18729
11236,22.11.2011 12:00:00,-4.19621
11237,22.11.2011 13:00:00,-4.21202
11238,22.11.2011 14:00:00,-4.22284,3.519
11239,22.11.2011 15:00:00,-4.20514
11240,22.11.2011 16:00:00,-4.16749
11241,22.11.2011 17:00:00,-4.13214
11242,22.11.2011 18:00:00,-4.10959
11243,22.11.2011 19:00:00,-4.07471
11244,22.11.2011 20:00:00,-4.03161,3.520
11245,22.11.2011 21:00:00,-4.01729
11246,22.11.2011 22:00:00,-3.99093
11247,22.11.2011 23:00:00,-3.97193
11248,23.11.2011 00:00:00,-3.95677
11249,23.11.2011 01:00:00,-3.94617
11250,23.11.2011 02:00:00,-3.94991,3.522
11251,23.11.2011 03:00:00,-3.94493
11252,23.11.2011 04:00:00,-3.9415
11253,23.11.2011 05:00:00,-3.94056
11254,23.11.2011 06:00:00,-3.95674
11255,23.11.2011 07:00:00,-3.96749
11256,23.11.2011 08:00:00,-3.97155,3.521
11257,23.11.2011 09:00:00,-3.97833
11258,23.11.2011 10:00:00,-4.00736
11259,23.11.2011 11:00:00,-4.02339
11260,23.11.2011 12:00:00,-4.04447
11261,23.11.2011 13:00:00,-4.05533
11262,23.11.2011 14:00:00,-4.06455,3.518
11263,23.11.2011 15:00:00,-4.08114
11264,23.11.2011 16:00:00,-4.05848
11265,23.11.2011 17:00:00,-4.02898
11266,23.11.2011 18:00:00,-3.99734
11267,23.11.2011 19:00:00,-3.96648
11268,23.11.2011 20:00:00,-3.95073,3.521
11269,23.11.2011 21:00:00,-3.92791
11270,23.11.2011 22:00:00,-3.93459
11271,23.11.2011 23:00:00,-3.93001
11272,24.11.2011 00:00:00,-3.91704
11273,24.11.2011 01:00:00,-3.92397
11274,24.11.2011 02:00:00,-3.92597,3.522
11275,24.11.2011 03:00:00,-3.93702
11276,24.11.2011 04:00:00,-3.96986
11277,24.11.2011 05:00:00,-4.05332
11278,24.11.2011 06:00:00,-4.07715
11279,24.11.2011 07:00:00,-4.10516
11280,24.11.2011 08:00:00,-4.14905,3.520
11281,24.11.2011 09:00:00,-4.18397
11282,24.11.2011 10:00:00,-4.19321
11283,24.11.2011 11:00:00,-4.2171
11284,24.11.2011 12:00:00,-4.24788
11285,24.11.2011 13:00:00,-4.23366
11286,24.11.2011 14:00:00,-4.21983,3.518
11287,24.11.2011 15:00:00,-4.1884
11288,24.11.2011 16:00:00,-4.17252
11289,24.11.2011 17:00:00,-4.14256
11290,24.11.2011 18:00:00,-4.11633
11291,24.11.2011 19:00:00,-4.0796
11292,24.11.2011 20:00:00,-4.04701,3.520
11293,24.11.2011 21:00:00,-4.0259
11294,24.11.2011 22:00:00,-3.99148
11295,24.11.2011 23:00:00,-3.97095
11296,25.11.2011 00:00:00,-3.96212
11297,25.11.2011 01:00:00,-3.95912
11298,25.11.2011 02:00:00,-3.95768,3.522
11299,25.11.2011 03:00:00,-3.96438
11300,25.11.2011 04:00:00,-3.9693
11301,25.11.2011 05:00:00,-3.97173
11302,25.11.2011 06:00:00,-3.97884
11303,25.11.2011 07:00:00,-3.99171
11304,25.11.2011 08:00:00,-4.01072,3.520
11305,25.11.2011 09:00:00,-4.02653
11306,25.11.2011 10:00:00,-4.04979
11307,25.11.2011 11:00:00,-4.07825
11308,25.11.2011 12:00:00,-4.11419
11309,25.11.2011 13:00:00,-4.1928
11310,25.11.2011 14:00:00,-4.17068,3.518
11311,25.11.2011 15:00:00,-4.17652
11312,25.11.2011 16:00:00,-4.17675
11313,25.11.2011 17:00:00,-4.18964
11314,25.11.2011 18:00:00,-4.17214
11315,25.11.2011 19:00:00,-4.17118
11316,25.11.2011 20:00:00,-4.16598,3.520
11317,25.11.2011 21:00:00,-4.16408
11318,25.11.2011 22:00:00,-4.17735
11319,25.11.2011 23:00:00,-4.17212
11320,26.11.2011 00:00:00,-4.17965
11321,26.11.2011 01:00:00,-4.18772
11322,26.11.2011 02:00:00,-4.19234,3.518
11323,26.11.2011 03:00:00,-4.18258
11324,26.11.2011 04:00:00,-4.19897
11325,26.11.2011 05:00:00,-4.21139
11326,26.11.2011 06:00:00,-4.20036
11327,26.11.2011 07:00:00,-4.19775
11328,26.11.2011 08:00:00,-4.19242,3.521
11329,26.11.2011 09:00:00,-4.19584
11330,26.11.2011 10:00:00,-4.19846
11331,26.11.2011 11:00:00,-4.20142
11332,26.11.2011 12:00:00,-4.21042
11333,26.11.2011 13:00:00,-4.21773
11334,26.11.2011 14:00:00,-4.21065,3.517
11335,26.11.2011 15:00:00,-4.20734
11336,26.11.2011 16:00:00,-4.20985
11337,26.11.2011 17:00:00,-4.20613
11338,26.11.2011 18:00:00,-4.20066
11339,26.11.2011 19:00:00,-4.18461
11340,26.11.2011 20:00:00,-4.17723,3.517
11341,26.11.2011 21:00:00,-4.17156
11342,26.11.2011 22:00:00,-4.16311
11343,26.11.2011 23:00:00,-4.16417
11344,27.11.2011 00:00:00,-4.15661
11345,27.11.2011 01:00:00,-4.14726
11346,27.11.2011 02:00:00,-4.16311,3.516
11347,27.11.2011 03:00:00,-4.16506
11348,27.11.2011 04:00:00,-4.17358
11349,27.11.2011 05:00:00,-4.1879
11350,27.11.2011 06:00:00,-4.20145
11351,27.11.2011 07:00:00,-4.21411
11352,27.11.2011 08:00:00,-4.22613,3.516
11353,27.11.2011 09:00:00,-4.2322
11354,27.11.2011 10:00:00,-4.25465
11355,27.11.2011 11:00:00,-4.26557
11356,27.11.2011 12:00:00,-4.27619
11357,27.11.2011 13:00:00,-4.30406
11358,27.11.2011 14:00:00,-4.32068,3.517
11359,27.11.2011 15:00:00,-4.33506
11360,27.11.2011 16:00:00,-4.34427
11361,27.11.2011 17:00:00,-4.33497
11362,27.11.2011 18:00:00,-4.32846
11363,27.11.2011 19:00:00,-4.31683
11364,27.11.2011 20:00:00,-4.29382,3.515
11365,27.11.2011 21:00:00,-4.29597
11366,27.11.2011 22:00:00,-4.28609
11367,27.11.2011 23:00:00,-4.27549
11368,28.11.2011 00:00:00,-4.27326
11369,28.11.2011 01:00:00,-4.27286
11370,28.11.2011 02:00:00,-4.27493,3.516
11371,28.11.2011 03:00:00,-4.28292
11372,28.11.2011 04:00:00,-4.30062
11373,28.11.2011 05:00:00,-4.30364
11374,28.11.2011 06:00:00,-4.31185
11375,28.11.2011 07:00:00,-4.31827
11376,28.11.2011 08:00:00,-4.32839,3.517
11377,28.11.2011 09:00:00,-4.34042
11378,28.11.2011 10:00:00,-4.34543
11379,28.11.2011 11:00:00,-4.35629
11380,28.11.2011 12:00:00,-4.36493
11381,28.11.2011 13:00:00,-4.36777
11382,28.11.2011 14:00:00,-4.37254,3.516
11383,28.11.2011 15:00:00,-4.37262
11384,28.11.2011 16:00:00,-4.38264
11385,28.11.2011 17:00:00,-4.37332
11386,28.11.2011 18:00:00,-4.36195
11387,28.11.2011 19:00:00,-4.36126
11388,28.11.2011 20:00:00,-4.35904,3.516
11389,28.11.2011 21:00:00,-4.34662
11390,28.11.2011 22:00:00,-4.34047
11391,28.11.2011 23:00:00,-4.33517
11392,29.11.2011 00:00:00,-4.33031
11393,29.11.2011 01:00:00,-4.33148
11394,29.11.2011 02:00:00,-4.32748,3.516
11395,29.11.2011 03:00:00,-4.32071
11396,29.11.2011 04:00:00,-4.32492
11397,29.11.2011 05:00:00,-4.32854
11398,29.11.2011 06:00:00,-4.33231
11399,29.11.2011 07:00:00,-4.34094
11400,29.11.2011 08:00:00,-4.35529,3.516
11401,29.11.2011 09:00:00,-4.37186
11402,29.11.2011 10:00:00,-4.38597
11403,29.11.2011 11:00:00,-4.40176
11404,29.11.2011 12:00:00,-4.41616
11405,29.11.2011 13:00:00,-4.43698
11406,29.11.2011 14:00:00,-4.45827,3.514
11407,29.11.2011 15:00:00,-4.48652
11408,29.11.2011 16:00:00,-4.48996
11409,29.11.2011 17:00:00,-4.49899
11410,29.11.2011 18:00:00,-4.49271
11411,29.11.2011 19:00:00,-4.49659
11412,29.11.2011 20:00:00,-4.49755,3.516
11413,29.11.2011 21:00:00,-4.504
11414,29.11.2011 22:00:00,-4.50425
11415,29.11.2011 23:00:00,-4.5087
11416,30.11.2011 00:00:00,-4.52127
11417,30.11.2011 01:00:00,-4.53874
11418,30.11.2011 02:00:00,-4.56002,3.515
11419,30.11.2011 03:00:00,-4.58549
11420,30.11.2011 04:00:00,-4.61141
11421,30.11.2011 05:00:00,-4.63659
11422,30.11.2011 06:00:00,-4.67268
11423,30.11.2011 07:00:00,-4.71819
11424,30.11.2011 08:00:00,-4.76273,3.512
11425,30.11.2011 09:00:00,-4.80887
11426,30.11.2011 10:00:00,-4.85113
11427,30.11.2011 11:00:00,-4.90465
11428,30.11.2011 12:00:00,-4.9392
11429,30.11.2011 13:00:00,-4.98957
11430,30.11.2011 14:00:00,-5.04572,3.508
11431,30.11.2011 15:00:00,-5.09174
11432,30.11.2011 16:00:00,-5.12405
11433,30.11.2011 17:00:00,-5.14429
11434,30.11.2011 18:00:00,-5.15823
11435,30.11.2011 19:00:00,-5.16721
11436,30.11.2011 20:00:00,-5.17631,3.507
11437,30.11.2011 21:00:00,-5.1949
11438,30.11.2011 22:00:00,-5.20039
11439,30.11.2011 23:00:00,-5.21583
11440,01.12.2011 00:00:00,-5.237
11441,01.12.2011 01:00:00,-5.25664
11442,01.12.2011 02:00:00,-5.27913,3.506
11443,01.12.2011 03:00:00,-5.29377
11444,01.12.2011 04:00:00,-5.32816
11445,01.12.2011 05:00:00,-5.3516
11446,01.12.2011 06:00:00,-5.37987
11447,01.12.2011 07:00:00,-5.39976
11448,01.12.2011 08:00:00,-5.4243,3.502
11449,01.12.2011 09:00:00,-5.44454
11450,01.12.2011 10:00:00,-5.47333
11451,01.12.2011 11:00:00,-5.49188
11452,01.12.2011 12:00:00,-5.51591
11453,01.12.2011 13:00:00,-5.53717
11454,01.12.2011 14:00:00,-5.5526,3.504
11455,01.12.2011 15:00:00,-5.56125
11456,01.12.2011 16:00:00,-5.56492
11457,01.12.2011 17:00:00,-5.56029
11458,01.12.2011 18:00:00,-5.5457
11459,01.12.2011 19:00:00,-5.52603
11460,01.12.2011 20:00:00,-5.51138,3.503
11461,01.12.2011 21:00:00,-5.47474
11462,01.12.2011 22:00:00,-5.4587
11463,01.12.2011 23:00:00,-5.44651
11464,02.12.2011 00:00:00,-5.43533
11465,02.12.2011 01:00:00,-5.43831
11466,02.12.2011 02:00:00,-5.42607,3.502
11467,02.12.2011 03:00:00,-5.41435
11468,02.12.2011 04:00:00,-5.4115
11469,02.12.2011 05:00:00,-5.40907
11470,02.12.2011 06:00:00,-5.40317
11471,02.12.2011 07:00:00,-5.40689
11472,02.12.2011 08:00:00,-5.40861,3.505
11473,02.12.2011 09:00:00,-5.41064
11474,02.12.2011 10:00:00,-5.41544
11475,02.12.2011 11:00:00,-5.42437
11476,02.12.2011 12:00:00,-5.42444
11477,02.12.2011 13:00:00,-5.4333
11478,02.12.2011 14:00:00,-5.44109,3.505
11479,02.12.2011 15:00:00,-5.44074
11480,02.12.2011 16:00:00,-5.43206
11481,02.12.2011 17:00:00,-5.42245
11482,02.12.2011 18:00:00,-5.37719
11483,02.12.2011 19:00:00,-5.35193
11484,02.12.2011 20:00:00,-5.33812,3.505
11485,02.12.2011 21:00:00,-5.3326
11486,02.12.2011 22:00:00,-5.31363
11487,02.12.2011 23:00:00,-5.28699
11488,03.12.2011 00:00:00,-5.28613
11489,03.12.2011 01:00:00,-5.26997
11490,03.12.2011 02:00:00,-5.26868,3.504
11491,03.12.2011 03:00:00,-5.26961
11492,03.12.2011 04:00:00,-5.28262
11493,03.12.2011 05:00:00,-5.29112
11494,03.12.2011 06:00:00,-5.29041
11495,03.12.2011 07:00:00,-5.30781
11496,03.12.2011 08:00:00,-5.32978,3.504
11497,03.12.2011 09:00:00,-5.34721
11498,03.12.2011 10:00:00,-5.37203
11499,03.12.2011 11:00:00,-5.39656
11500,03.12.2011 12:00:00,-5.41898
11501,03.12.2011 13:00:00,-5.44692
11502,03.12.2011 14:00:00,-5.46369,3.504
11503,03.12.2011 15:00:00,-5.4795
11504,03.12.2011 16:00:00,-5.4855
11505,03.12.2011 17:00:00,-5.50361
11506,03.12.2011 18:00:00,-5.49039
11507,03.12.2011 19:00:00,-5.49927
11508,03.12.2011 20:00:00,-5.49231,3.502
11509,03.12.2011 21:00:00,-5.49663
11510,03.12.2011 22:00:00,-5.51168
11511,03.12.2011 23:00:00,-5.54331
11512,04.12.2011 00:00:00,-5.56899
11513,04.12.2011 01:00:00,-5.6054
11514,04.12.2011 02:00:00,-5.65042,3.502
11515,04.12.2011 03:00:00,-5.70225
11516,04.12.2011 04:00:00,-5.73698
11517,04.12.2011 05:00:00,-5.81902
11518,04.12.2011 06:00:00,-5.86769
11519,04.12.2011 07:00:00,-5.92754
11520,04.12.2011 08:00:00,-6.00073,3.499
11521,04.12.2011 09:00:00,-6.06256
11522,04.12.2011 10:00:00,-6.13511
11523,04.12.2011 11:00:00,-6.18597
11524,04.12.2011 12:00:00,-6.23963
11525,04.12.2011 13:00:00,-6.3029
11526,04.12.2011 14:00:00,-6.337,3.494
11527,04.12.2011 15:00:00,-6.39984
11528,04.12.2011 16:00:00,-6.39587
11529,04.12.2011 17:00:00,-6.41546
11530,04.12.2011 18:00:00,-6.41432
11531,04.12.2011 19:00:00,-6.41635
11532,04.12.2011 20:00:00,-6.40537,3.492
11533,04.12.2011 21:00:00,-6.39281
11534,04.12.2011 22:00:00,-6.39633
11535,04.12.2011 23:00:00,-6.38835
11536,05.12.2011 00:00:00,-6.41197
11537,05.12.2011 01:00:00,-6.44622
11538,05.12.2011 02:00:00,-6.46945,3.493
11539,05.12.2011 03:00:00,-6.50356
11540,05.12.2011 04:00:00,-6.52143
11541,05.12.2011 05:00:00,-6.54529
11542,05.12.2011 06:00:00,-6.5511
11543,05.12.2011 07:00:00,-6.59041
11544,05.12.2011 08:00:00,-6.62331,3.492
11545,05.12.2011 09:00:00,-6.64446
11546,05.12.2011 10:00:00,-6.67177
11547,05.12.2011 11:00:00,-6.68739
11548,05.12.2011 12:00:00,-6.71494
11549,05.12.2011 13:00:00,-6.73281
11550,05.12.2011 14:00:00,-6.75183,3.489
11551,05.12.2011 15:00:00,-6.77055
11552,05.12.2011 16:00:00,-6.77955
11553,05.12.2011 17:00:00,-6.78307
11554,05.12.2011 18:00:00,-6.78309
11555,05.12.2011 19:00:00,-6.77683
11556,05.12.2011 20:00:00,-6.76869,3.489
11557,05.12.2011 21:00:00,-6.76511
11558,05.12.2011 22:00:00,-6.75091
11559,05.12.2011 23:00:00,-6.75248
11560,06.12.2011 00:00:00,-6.72233
11561,06.12.2011 01:00:00,-6.72752
11562,06.12.2011 02:00:00,-6.75465,3.491
11563,06.12.2011 03:00:00,-6.74784
11564,06.12.2011 04:00:00,-6.74898
11565,06.12.2011 05:00:00,-6.76253
11566,06.12.2011 06:00:00,-6.74516
11567,06.12.2011 07:00:00,-6.75293
11568,06.12.2011 08:00:00,-6.75944,3.489
11569,06.12.2011 09:00:00,-6.74541
11570,06.12.2011 10:00:00,-6.75889
11571,06.12.2011 11:00:00,-6.78547
11572,06.12.2011 12:00:00,-6.82491
11573,06.12.2011 13:00:00,-6.85223
11574,06.12.2011 14:00:00,-6.84696,3.489
11575,06.12.2011 15:00:00,-6.85273
11576,06.12.2011 16:00:00,-6.85843
11577,06.12.2011 17:00:00,-6.87904
11578,06.12.2011 18:00:00,-6.86499
11579,06.12.2011 19:00:00,-6.8584
11580,06.12.2011 20:00:00,-6.85155,3.490
11581,06.12.2011 21:00:00,-6.86094
11582,06.12.2011 22:00:00,-6.85715
11583,06.12.2011 23:00:00,-6.87575
11584,07.12.2011 00:00:00,-6.89509
11585,07.12.2011 01:00:00,-6.91593
11586,07.12.2011 02:00:00,-6.93383,3.487
11587,07.12.2011 03:00:00,-6.97508
11588,07.12.2011 04:00:00,-6.9908
11589,07.12.2011 05:00:00,-7.02671
11590,07.12.2011 06:00:00,-7.05655
11591,07.12.2011 07:00:00,-7.10051
11592,07.12.2011 08:00:00,-7.13368,3.484
11593,07.12.2011 09:00:00,-7.19625
11594,07.12.2011 10:00:00,-7.24978
11595,07.12.2011 11:00:00,-7.29502
11596,07.12.2011 12:00:00,-7.34581
11597,07.12.2011 13:00:00,-7.40133
11598,07.12.2011 14:00:00,-7.41705,3.485
11599,07.12.2011 15:00:00,-7.4361
11600,07.12.2011 16:00:00,-7.46425
11601,07.12.2011 17:00:00,-7.47505
11602,07.12.2011 18:00:00,-7.47051
11603,07.12.2011 19:00:00,-7.48267
11604,07.12.2011 20:00:00,-7.48515,3.480
11605,07.12.2011 21:00:00,-7.50139
11606,07.12.2011 22:00:00,-7.50893
11607,07.12.2011 23:00:00,-7.52798
11608,08.12.2011 00:00:00,-7.55637
11609,08.12.2011 01:00:00,-7.58517
11610,08.12.2011 02:00:00,-7.62503,3.481
11611,08.12.2011 03:00:00,-7.67166
11612,08.12.2011 04:00:00,-7.71967
11613,08.12.2011 05:00:00,-7.75266
11614,08.12.2011 06:00:00,-7.80427
11615,08.12.2011 07:00:00,-7.84574
11616,08.12.2011 08:00:00,-7.90612,3.478
11617,08.12.2011 09:00:00,-7.96203
11618,08.12.2011 10:00:00,-8.02224
11619,08.12.2011 11:00:00,-8.07625
11620,08.12.2011 12:00:00,-8.11759
11621,08.12.2011 13:00:00,-8.1599
11622,08.12.2011 14:00:00,-8.19092,3.474
11623,08.12.2011 15:00:00,-8.22968
11624,08.12.2011 16:00:00,-8.25306
11625,08.12.2011 17:00:00,-8.25942
11626,08.12.2011 18:00:00,-8.25476
11627,08.12.2011 19:00:00,-8.2473
11628,08.12.2011 20:00:00,-8.23943,3.473
11629,08.12.2011 21:00:00,-8.23933
11630,08.12.2011 22:00:00,-8.23667
11631,08.12.2011 23:00:00,-8.25361
11632,09.12.2011 00:00:00,-8.26775
11633,09.12.2011 01:00:00,-8.28316
11634,09.12.2011 02:00:00,-8.31158,3.471
11635,09.12.2011 03:00:00,-8.33457
11636,09.12.2011 04:00:00,-8.34913
11637,09.12.2011 05:00:00,-8.38068
11638,09.12.2011 06:00:00,-8.40725
11639,09.12.2011 07:00:00,-8.40406
11640,09.12.2011 08:00:00,-8.44586,3.471
11641,09.12.2011 09:00:00,-8.39986
11642,09.12.2011 10:00:00,-8.40163
11643,09.12.2011 11:00:00,-8.44118
11644,09.12.2011 12:00:00,-8.41092
11645,09.12.2011 13:00:00,-8.3903
11646,09.12.2011 14:00:00,-8.39332,3.473
11647,09.12.2011 15:00:00,-8.37868
11648,09.12.2011 16:00:00,-8.38095
11649,09.12.2011 17:00:00,-8.36058
11650,09.12.2011 18:00:00,-8.35159
11651,09.12.2011 19:00:00,-8.33066
11652,09.12.2011 20:00:00,-8.31832,3.473
11653,09.12.2011 21:00:00,-8.32075
11654,09.12.2011 22:00:00,-8.32541
11655,09.12.2011 23:00:00,-8.33611
11656,10.12.2011 00:00:00,-8.35286
11657,10.12.2011 01:00:00,-8.38315
11658,10.12.2011 02:00:00,-8.40976,3.470
11659,10.12.2011 03:00:00,-8.45047
11660,10.12.2011 04:00:00,-8.49889
11661,10.12.2011 05:00:00,-8.53977
11662,10.12.2011 06:00:00,-8.59295
11663,10.12.2011 07:00:00,-8.64034
11664,10.12.2011 08:00:00,-8.68113,3.468
11665,10.12.2011 09:00:00,-8.74889
11666,10.12.2011 10:00:00,-8.81186
11667,10.12.2011 11:00:00,-8.87259
11668,10.12.2011 12:00:00,-8.93647
11669,10.12.2011 13:00:00,-8.99504
11670,10.12.2011 14:00:00,-9.0422,3.466
11671,10.12.2011 15:00:00,-9.06818
11672,10.12.2011 16:00:00,-9.11325
11673,10.12.2011 17:00:00,-9.12078
11674,10.12.2011 18:00:00,-9.11403
11675,10.12.2011 19:00:00,-9.11857
11676,10.12.2011 20:00:00,-9.10461,3.462
11677,10.12.2011 21:00:00,-9.11518
11678,10.12.2011 22:00:00,-9.11776
11679,10.12.2011 23:00:00,-9.10144
11680,11.12.2011 00:00:00,-9.12257
11681,11.12.2011 01:00:00,-9.13608
11682,11.12.2011 02:00:00,-9.13466,3.463
11683,11.12.2011 03:00:00,-9.15616
11684,11.12.2011 04:00:00,-9.14767
11685,11.12.2011 05:00:00,-9.14115
11686,11.12.2011 06:00:00,-9.15195
11687,11.12.2011 07:00:00,-9.16411
11688,11.12.2011 08:00:00,-9.19737,3.462
11689,11.12.2011 09:00:00,-9.21514
11690,11.12.2011 10:00:00,-9.21902
11691,11.12.2011 11:00:00,-9.23973
11692,11.12.2011 12:00:00,-9.25392
11693,11.12.2011 13:00:00,-9.26383
11694,11.12.2011 14:00:00,-9.2727,3.460
11695,11.12.2011 15:00:00,-9.28015
11696,11.12.2011 16:00:00,-9.27532
11697,11.12.2011 17:00:00,-9.26053
11698,11.12.2011 18:00:00,-9.23359
11699,11.12.2011 19:00:00,-9.20573
11700,11.12.2011 20:00:00,-9.17253,3.463
11701,11.12.2011 21:00:00,-9.15
11702,11.12.2011 22:00:00,-9.14629
11703,11.12.2011 23:00:00,-9.14258
11704,12.12.2011 00:00:00,-9.14277
11705,12.12.2011 01:00:00,-9.15628
11706,12.12.2011 02:00:00,-9.17121,3.461
11707,12.12.2011 03:00:00,-9.19725
11708,12.12.2011 04:00:00,-9.22489
11709,12.12.2011 05:00:00,-9.25461
11710,12.12.2011 06:00:00,-9.28291
11711,12.12.2011 07:00:00,-9.30799
11712,12.12.2011 08:00:00,-9.33817,3.459
11713,12.12.2011 09:00:00,-9.38127
11714,12.12.2011 10:00:00,-9.42611
11715,12.12.2011 11:00:00,-9.45353
11716,12.12.2011 12:00:00,-9.47178
11717,12.12.2011 13:00:00,-9.50048
11718,12.12.2011 14:00:00,-9.51785,3.457
11719,12.12.2011 15:00:00,-9.52477
11720,12.12.2011 16:00:00,-9.49625
11721,12.12.2011 17:00:00,-9.47277
11722,12.12.2011 18:00:00,-9.46538
11723,12.12.2011 19:00:00,-9.44387
11724,12.12.2011 20:00:00,-9.40185,3.458
11725,12.12.2011 21:00:00,-9.34322
11726,12.12.2011 22:00:00,-9.33997
11727,12.12.2011 23:00:00,-9.30804
11728,13.12.2011 00:00:00,-9.28388
11729,13.12.2011 01:00:00,-9.24959
11730,13.12.2011 02:00:00,-9.2229,3.462
11731,13.12.2011 03:00:00,-9.17671
11732,13.12.2011 04:00:00,-9.15775
11733,13.12.2011 05:00:00,-9.10427
11734,13.12.2011 06:00:00,-9.08854
11735,13.12.2011 07:00:00,-9.09872
11736,13.12.2011 08:00:00,-9.10453,3.462
11737,13.12.2011 09:00:00,-9.12881
11738,13.12.2011 10:00:00,-9.14579
11739,13.12.2011 11:00:00,-9.16521
11740,13.12.2011 12:00:00,-9.20452
11741,13.12.2011 13:00:00,-9.23666
11742,13.12.2011 14:00:00,-9.27602,3.460
11743,13.12.2011 15:00:00,-9.30842
11744,13.12.2011 16:00:00,-9.32697
11745,13.12.2011 17:00:00,-9.34828
11746,13.12.2011 18:00:00,-9.34846
11747,13.12.2011 19:00:00,-9.33739
11748,13.12.2011 20:00:00,-9.32159,3.460
11749,13.12.2011 21:00:00,-9.32502
11750,13.12.2011 22:00:00,-9.33853
11751,13.12.2011 23:00:00,-9.3566
11752,14.12.2011 00:00:00,-9.38875
11753,14.12.2011 01:00:00,-9.41242
11754,14.12.2011 02:00:00,-9.45041,3.458
11755,14.12.2011 03:00:00,-9.47017
11756,14.12.2011 04:00:00,-9.51443
11757,14.12.2011 05:00:00,-9.56799
11758,14.12.2011 06:00:00,-9.59815
11759,14.12.2011 07:00:00,-9.66904
11760,14.12.2011 08:00:00,-9.7116,3.455
11761,14.12.2011 09:00:00,-9.76824
11762,14.12.2011 10:00:00,-9.81543
11763,14.12.2011 11:00:00,-9.86991
11764,14.12.2011 12:00:00,-9.92868
11765,14.12.2011 13:00:00,-9.95678
11766,14.12.2011 14:00:00,-9.98155,3.453
11767,14.12.2011 15:00:00,-10.0326
11768,14.12.2011 16:00:00,-10.0385
11769,14.12.2011 17:00:00,-10.0326
11770,14.12.2011 18:00:00,-10.0277
11771,14.12.2011 19:00:00,-10.006
11772,14.12.2011 20:00:00,-9.99661,3.452
11773,14.12.2011 21:00:00,-10.0046
11774,14.12.2011 22:00:00,-9.9903
11775,14.12.2011 23:00:00,-9.99509
11776,15.12.2011 00:00:00,-10.0076
11777,15.12.2011 01:00:00,-10.0249
11778,15.12.2011 02:00:00,-10.0495,3.451
11779,15.12.2011 03:00:00,-10.08
11780,15.12.2011 04:00:00,-10.1055
11781,15.12.2011 05:00:00,-10.1392
11782,15.12.2011 06:00:00,-10.1855
11783,15.12.2011 07:00:00,-10.2308
11784,15.12.2011 08:00:00,-10.2483,3.451
11785,15.12.2011 09:00:00,-10.2934
11786,15.12.2011 10:00:00,-10.3312
11787,15.12.2011 11:00:00,-10.3555
11788,15.12.2011 12:00:00,-10.3915
11789,15.12.2011 13:00:00,-10.421
11790,15.12.2011 14:00:00,-10.46,3.448
11791,15.12.2011 15:00:00,-10.4551
11792,15.12.2011 16:00:00,-10.4532
11793,15.12.2011 17:00:00,-10.4474
11794,15.12.2011 18:00:00,-10.4363
11795,15.12.2011 19:00:00,-10.4185
11796,15.12.2011 20:00:00,-10.391,3.449
11797,15.12.2011 21:00:00,-10.3862
11798,15.12.2011 22:00:00,-10.3596
11799,15.12.2011 23:00:00,-10.3539
11800,16.12.2011 00:00:00,-10.3532
11801,16.12.2011 01:00:00,-10.343
11802,16.12.2011 02:00:00,-10.3476,3.448
11803,16.12.2011 03:00:00,-10.3326
11804,16.12.2011 04:00:00,-10.3526
11805,16.12.2011 05:00:00,-10.3504
11806,16.12.2011 06:00:00,-10.3774
11807,16.12.2011 07:00:00,-10.3775
11808,16.12.2011 08:00:00,-10.3905,3.448
11809,16.12.2011 09:00:00,-10.3937
11810,16.12.2011 10:00:00,-10.4344
11811,16.12.2011 11:00:00,-10.4349
11812,16.12.2011 12:00:00,-10.4501
11813,16.12.2011 13:00:00,-10.481
11814,16.12.2011 14:00:00,-10.4891,3.446
11815,16.12.2011 15:00:00,-10.4935
11816,16.12.2011 16:00:00,-10.4905
11817,16.12.2011 17:00:00,-10.4659
11818,16.12.2011 18:00:00,-10.4546
11819,16.12.2011 19:00:00,-10.444
11820,16.12.2011 20:00:00,-10.4269,3.444
11821,16.12.2011 21:00:00,-10.4349
11822,16.12.2011 22:00:00,-10.4415
11823,16.12.2011 23:00:00,-10.4457
11824,17.12.2011 00:00:00,-10.4682
11825,17.12.2011 01:00:00,-10.4957
11826,17.12.2011 02:00:00,-10.5268,3.446
11827,17.12.2011 03:00:00,-10.551
11828,17.12.2011 04:00:00,-10.6074
11829,17.12.2011 05:00:00,-10.6258
11830,17.12.2011 06:00:00,-10.6656
11831,17.12.2011 07:00:00,-10.6939
11832,17.12.2011 08:00:00,-10.7395,3.445
11833,17.12.2011 09:00:00,-10.7766
11834,17.12.2011 10:00:00,-10.8272
11835,17.12.2011 11:00:00,-10.8655
11836,17.12.2011 12:00:00,-10.9246
11837,17.12.2011 13:00:00,-10.9545
11838,17.12.2011 14:00:00,-10.9864,3.441
11839,17.12.2011 15:00:00,-10.9816
11840,17.12.2011 16:00:00,-10.9722
11841,17.12.2011 17:00:00,-10.932
11842,17.12.2011 18:00:00,-10.9228
11843,17.12.2011 19:00:00,-10.9246
11844,17.12.2011 20:00:00,-10.8983,3.440
11845,17.12.2011 21:00:00,-10.8871
11846,17.12.2011 22:00:00,-10.9029
11847,17.12.2011 23:00:00,-10.9155
11848,18.12.2011 00:00:00,-10.9166
11849,18.12.2011 01:00:00,-10.9519
11850,18.12.2011 02:00:00,-10.9687,3.440
11851,18.12.2011 03:00:00,-10.9997
11852,18.12.2011 04:00:00,-11.0254
11853,18.12.2011 05:00:00,-11.0227
11854,18.12.2011 06:00:00,-11.0902
11855,18.12.2011 07:00:00,-11.1337
11856,18.12.2011 08:00:00,-11.1704,3.439
11857,18.12.2011 09:00:00,-11.2042
11858,18.12.2011 10:00:00,-11.2508
11859,18.12.2011 11:00:00,-11.2842
11860,18.12.2011 12:00:00,-11.3183
11861,18.12.2011 13:00:00,-11.3157
11862,18.12.2011 14:00:00,-11.3131,3.435
11863,18.12.2011 15:00:00,-11.3086
11864,18.12.2011 16:00:00,-11.2756
11865,18.12.2011 17:00:00,-11.2214
11866,18.12.2011 18:00:00,-11.2222
11867,18.12.2011 19:00:00,-11.1757
11868,18.12.2011 20:00:00,-11.144,3.438
11869,18.12.2011 21:00:00,-11.0932
11870,18.12.2011 22:00:00,-11.1159
11871,18.12.2011 23:00:00,-11.1128
11872,19.12.2011 00:00:00,-11.0951
11873,19.12.2011 01:00:00,-11.1666
11874,19.12.2011 02:00:00,-11.1529,3.442
11875,19.12.2011 03:00:00,-11.2157
11876,19.12.2011 04:00:00,-11.267
11877,19.12.2011 05:00:00,-11.2384
11878,19.12.2011 06:00:00,-11.2583
11879,19.12.2011 07:00:00,-11.2984
11880,19.12.2011 08:00:00,-11.3131,3.438
11881,19.12.2011 09:00:00,-11.3158
11882,19.12.2011 10:00:00,-11.2941
11883,19.12.2011 11:00:00,-11.301
11884,19.12.2011 12:00:00,-11.3173
11885,19.12.2011 13:00:00,-11.304
11886,19.12.2011 14:00:00,-11.2212,3.440
11887,19.12.2011 15:00:00,-11.198
11888,19.12.2011 16:00:00,-11.1521
11889,19.12.2011 17:00:00,-11.1221
11890,19.12.2011 18:00:00,-11.0847
11891,19.12.2011 19:00:00,-11.0569
11892,19.12.2011 20:00:00,-10.9821,3.440
11893,19.12.2011 21:00:00,-10.9676
11894,19.12.2011 22:00:00,-10.9381
11895,19.12.2011 23:00:00,-10.8995
11896,20.12.2011 00:00:00,-10.8874
11897,20.12.2011 01:00:00,-10.8438
11898,20.12.2011 02:00:00,-10.8438,3.441
11899,20.12.2011 03:00:00,-10.8484
11900,20.12.2011 04:00:00,-10.8355
11901,20.12.2011 05:00:00,-10.8262
11902,20.12.2011 06:00:00,-10.8118
11903,20.12.2011 07:00:00,-10.8111
11904,20.12.2011 08:00:00,-10.8249,3.440
11905,20.12.2011 09:00:00,-10.8216
11906,20.12.2011 10:00:00,-10.8055
11907,20.12.2011 11:00:00,-10.8415
11908,20.12.2011 12:00:00,-10.8504
11909,20.12.2011 13:00:00,-10.8394
11910,20.12.2011 14:00:00,-10.8326,3.441
11911,20.12.2011 15:00:00,-10.8374
11912,20.12.2011 16:00:00,-10.8135
11913,20.12.2011 17:00:00,-10.794
11914,20.12.2011 18:00:00,-10.8331
11915,20.12.2011 19:00:00,-10.7709
11916,20.12.2011 20:00:00,-10.7449,3.444
11917,20.12.2011 21:00:00,-10.6877
11918,20.12.2011 22:00:00,-10.6671
11919,20.12.2011 23:00:00,-10.6574
11920,21.12.2011 00:00:00,-10.6503
11921,21.12.2011 01:00:00,-10.6368
11922,21.12.2011 02:00:00,-10.6392,3.443
11923,21.12.2011 03:00:00,-10.6395
11924,21.12.2011 04:00:00,-10.6485
11925,21.12.2011 05:00:00,-10.6872
11926,21.12.2011 06:00:00,-10.6945
11927,21.12.2011 07:00:00,-10.7112
11928,21.12.2011 08:00:00,-10.7388,3.445
11929,21.12.2011 09:00:00,-10.7579
11930,21.12.2011 10:00:00,-10.8356
11931,21.12.2011 11:00:00,-10.8289
11932,21.12.2011 12:00:00,-10.8367
11933,21.12.2011 13:00:00,-10.8548
11934,21.12.2011 14:00:00,-10.8642,3.443
11935,21.12.2011 15:00:00,-10.8667
11936,21.12.2011 16:00:00,-10.8904
11937,21.12.2011 17:00:00,-10.8968
11938,21.12.2011 18:00:00,-10.8959
11939,21.12.2011 19:00:00,-10.9016
11940,21.12.2011 20:00:00,-10.9034,3.442
11941,21.12.2011 21:00:00,-10.9185
11942,21.12.2011 22:00:00,-10.9266
11943,21.12.2011 23:00:00,-10.9544
11944,22.12.2011 00:00:00,-10.9851
11945,22.12.2011 01:00:00,-10.9997
11946,22.12.2011 02:00:00,-11.0171,3.440
11947,22.12.2011 03:00:00,-11.0216
11948,22.12.2011 04:00:00,-11.0337
11949,22.12.2011 05:00:00,-11.0492
11950,22.12.2011 06:00:00,-11.0606
11951,22.12.2011 07:00:00,-11.081
11952,22.12.2011 08:00:00,-11.1025,3.440
11953,22.12.2011 09:00:00,-11.1254
11954,22.12.2011 10:00:00,-11.1479
11955,22.12.2011 11:00:00,-11.1898
11956,22.12.2011 12:00:00,-11.2158
11957,22.12.2011 13:00:00,-11.2587
11958,22.12.2011 14:00:00,-11.2941,3.436
11959,22.12.2011 15:00:00,-11.3079
11960,22.12.2011 16:00:00,-11.3258
11961,22.12.2011 17:00:00,-11.3372
11962,22.12.2011 18:00:00,-11.3421
11963,22.12.2011 19:00:00,-11.3274
11964,22.12.2011 20:00:00,-11.3275,3.436
11965,22.12.2011 21:00:00,-11.3106
11966,22.12.2011 22:00:00,-11.3118
11967,22.12.2011 23:00:00,-11.3191
11968,23.12.2011 00:00:00,-11.3411
11969,23.12.2011 01:00:00,-11.3561
11970,23.12.2011 02:00:00,-11.3951,3.436
11971,23.12.2011 03:00:00,-11.4144
11972,23.12.2011 04:00:00,-11.4318
11973,23.12.2011 05:00:00,-11.4767
11974,23.12.2011 06:00:00,-11.5396
11975,23.12.2011 07:00:00,-11.5862
11976,23.12.2011 08:00:00,-11.6187,3.433
11977,23.12.2011 09:00:00,-11.6739
11978,23.12.2011 10:00:00,-11.6741
11979,23.12.2011 11:00:00,-11.7042
11980,23.12.2011 12:00:00,-11.7295
11981,23.12.2011 13:00:00,-11.758
11982,23.12.2011 14:00:00,-11.7772,3.431
11983,23.12.2011 15:00:00,-11.7863
11984,23.12.2011 16:00:00,-11.7998
11985,23.12.2011 17:00:00,-11.7727
11986,23.12.2011 18:00:00,-11.7765
11987,23.12.2011 19:00:00,-11.7671
11988,23.12.2011 20:00:00,-11.7543,3.430
11989,23.12.2011 21:00:00,-11.746
11990,23.12.2011 22:00:00,-11.7497
11991,23.12.2011 23:00:00,-11.7577
11992,24.12.2011 00:00:00,-11.7785
11993,24.12.2011 01:00:00,-11.8029
11994,24.12.2011 02:00:00,-11.8331,3.431
11995,24.12.2011 03:00:00,-11.872
11996,24.12.2011 04:00:00,-11.9206
11997,24.12.2011 05:00:00,-11.969
11998,24.12.2011 06:00:00,-12.0227
11999,24.12.2011 07:00:00,-12.0727
12000,24.12.2011 08:00:00,-12.1214,3.428
12001,24.12.2011 09:00:00,-12.172
12002,24.12.2011 10:00:00,-12.2339
12003,24.12.2011 11:00:00,-12.293
12004,24.12.2011 12:00:00,-12.3745
12005,24.12.2011 13:00:00,-12.4016
12006,24.12.2011 14:00:00,-12.4566,3.422
12007,24.12.2011 15:00:00,-12.4893
12008,24.12.2011 16:00:00,-12.5179
12009,24.12.2011 17:00:00,-12.5162
12010,24.12.2011 18:00:00,-12.5103
12011,24.12.2011 19:00:00,-12.4892
12012,24.12.2011 20:00:00,-12.4819,3.423
12013,24.12.2011 21:00:00,-12.462
12014,24.12.2011 22:00:00,-12.4794
12015,24.12.2011 23:00:00,-12.4971
12016,25.12.2011 00:00:00,-12.513
12017,25.12.2011 01:00:00,-12.5467
12018,25.12.2011 02:00:00,-12.5846,3.423
12019,25.12.2011 03:00:00,-12.6309
12020,25.12.2011 04:00:00,-12.6739
12021,25.12.2011 05:00:00,-12.7251
12022,25.12.2011 06:00:00,-12.7784
12023,25.12.2011 07:00:00,-12.8313
12024,25.12.2011 08:00:00,-12.8472,3.418
12025,25.12.2011 09:00:00,-12.9019
12026,25.12.2011 10:00:00,-12.9737
12027,25.12.2011 11:00:00,-13.0482
12028,25.12.2011 12:00:00,-13.116
12029,25.12.2011 13:00:00,-13.1438
12030,25.12.2011 14:00:00,-13.1712,3.412
12031,25.12.2011 15:00:00,-13.1847
12032,25.12.2011 16:00:00,-13.1856
12033,25.12.2011 17:00:00,-13.167
12034,25.12.2011 18:00:00,-13.1311
12035,25.12.2011 19:00:00,-13.0757
12036,25.12.2011 20:00:00,-13.0211,3.416
12037,25.12.2011 21:00:00,-12.979
12038,25.12.2011 22:00:00,-12.9424
12039,25.12.2011 23:00:00,-12.907
12040,26.12.2011 00:00:00,-12.8847
12041,26.12.2011 01:00:00,-12.8644
12042,26.12.2011 02:00:00,-12.8515,3.418
12043,26.12.2011 03:00:00,-12.8327
12044,26.12.2011 04:00:00,-12.8208
12045,26.12.2011 05:00:00,-12.8118
12046,26.12.2011 06:00:00,-12.796
12047,26.12.2011 07:00:00,-12.7992
12048,26.12.2011 08:00:00,-12.7868,3.417
12049,26.12.2011 09:00:00,-12.7807
12050,26.12.2011 10:00:00,-12.7653
12051,26.12.2011 11:00:00,-12.7471
12052,26.12.2011 12:00:00,-12.7239
12053,26.12.2011 13:00:00,-12.699
12054,26.12.2011 14:00:00,-12.6804,3.419
12055,26.12.2011 15:00:00,-12.6297
12056,26.12.2011 16:00:00,-12.5827
12057,26.12.2011 17:00:00,-12.5148
12058,26.12.2011 18:00:00,-12.4876
12059,26.12.2011 19:00:00,-12.449
12060,26.12.2011 20:00:00,-12.4151,3.423
12061,26.12.2011 21:00:00,-12.3841
12062,26.12.2011 22:00:00,-12.3709
12063,26.12.2011 23:00:00,-12.3605
12064,27.12.2011 00:00:00,-12.364
12065,27.12.2011 01:00:00,-12.3657
12066,27.12.2011 02:00:00,-12.364,3.423
12067,27.12.2011 03:00:00,-12.384
12068,27.12.2011 04:00:00,-12.3912
12069,27.12.2011 05:00:00,-12.3963
12070,27.12.2011 06:00:00,-12.4014
12071,27.12.2011 07:00:00,-12.4108
12072,27.12.2011 08:00:00,-12.4072,3.424
12073,27.12.2011 09:00:00,-12.4009
12074,27.12.2011 10:00:00,-12.4095
12075,27.12.2011 11:00:00,-12.4008
12076,27.12.2011 12:00:00,-12.3909
12077,27.12.2011 13:00:00,-12.3908
12078,27.12.2011 14:00:00,-12.3881,3.424
12079,27.12.2011 15:00:00,-12.3755
12080,27.12.2011 16:00:00,-12.3501
12081,27.12.2011 17:00:00,-12.3096
12082,27.12.2011 18:00:00,-12.2625
12083,27.12.2011 19:00:00,-12.2262
12084,27.12.2011 20:00:00,-12.1849,3.426
12085,27.12.2011 21:00:00,-12.1498
12086,27.12.2011 22:00:00,-12.1222
12087,27.12.2011 23:00:00,-12.0978
12088,28.12.2011 00:00:00,-12.067
12089,28.12.2011 01:00:00,-12.0461
12090,28.12.2011 02:00:00,-12.0225,3.426
12091,28.12.2011 03:00:00,-12.0154
12092,28.12.2011 04:00:00,-11.9927
12093,28.12.2011 05:00:00,-11.9896
12094,28.12.2011 06:00:00,-11.9786
12095,28.12.2011 07:00:00,-11.9816
12096,28.12.2011 08:00:00,-11.9862,3.428
12097,28.12.2011 09:00:00,-11.9853
12098,28.12.2011 10:00:00,-11.9929
12099,28.12.2011 11:00:00,-12.0095
12100,28.12.2011 12:00:00,-12.0246
12101,28.12.2011 13:00:00,-12.0339
12102,28.12.2011 14:00:00,-12.0498,3.428
12103,28.12.2011 15:00:00,-12.0515
12104,28.12.2011 16:00:00,-12.0308
12105,28.12.2011 17:00:00,-12.0001
12106,28.12.2011 18:00:00,-11.9857
12107,28.12.2011 19:00:00,-11.982
12108,28.12.2011 20:00:00,-11.95,3.427
12109,28.12.2011 21:00:00,-11.9108
12110,28.12.2011 22:00:00,-11.883
12111,28.12.2011 23:00:00,-11.839
12112,29.12.2011 00:00:00,-11.8173
12113,29.12.2011 01:00:00,-11.7936
12114,29.12.2011 02:00:00,-11.7923,3.430
12115,29.12.2011 03:00:00,-11.7812
12116,29.12.2011 04:00:00,-11.7835
12117,29.12.2011 05:00:00,-11.7847
12118,29.12.2011 06:00:00,-11.7887
12119,29.12.2011 07:00:00,-11.7958
12120,29.12.2011 08:00:00,-11.806,3.430
12121,29.12.2011 09:00:00,-11.8168
12122,29.12.2011 10:00:00,-11.821
12123,29.12.2011 11:00:00,-11.8561
12124,29.12.2011 12:00:00,-11.8857
12125,29.12.2011 13:00:00,-11.8802
12126,29.12.2011 14:00:00,-11.8966,3.430
12127,29.12.2011 15:00:00,-11.8912
12128,29.12.2011 16:00:00,-11.8899
12129,29.12.2011 17:00:00,-11.876
12130,29.12.2011 18:00:00,-11.8629
12131,29.12.2011 19:00:00,-11.8354
12132,29.12.2011 20:00:00,-11.8076,3.429
12133,29.12.2011 21:00:00,-11.7978
12134,29.12.2011 22:00:00,-11.7954
12135,29.12.2011 23:00:00,-11.8021
12136,30.12.2011 00:00:00,-11.7939
12137,30.12.2011 01:00:00,-11.803
12138,30.12.2011 02:00:00,-11.8303,3.429
12139,30.12.2011 03:00:00,-11.8572
12140,30.12.2011 04:00:00,-11.8932
12141,30.12.2011 05:00:00,-11.9026
12142,30.12.2011 06:00:00,-11.932
12143,30.12.2011 07:00:00,-11.968
12144,30.12.2011 08:00:00,-12.001,3.427
12145,30.12.2011 09:00:00,-12.0222
12146,30.12.2011 10:00:00,-12.0551
12147,30.12.2011 11:00:00,-12.1018
12148,30.12.2011 12:00:00,-12.135
12149,30.12.2011 13:00:00,-12.1539
12150,30.12.2011 14:00:00,-12.2098,3.424
12151,30.12.2011 15:00:00,-12.214
12152,30.12.2011 16:00:00,-12.2067
12153,30.12.2011 17:00:00,-12.1692
12154,30.12.2011 18:00:00,-12.1532
12155,30.12.2011 19:00:00,-12.1276
12156,30.12.2011 20:00:00,-12.1132,3.427
12157,30.12.2011 21:00:00,-12.0751
12158,30.12.2011 22:00:00,-12.0626
12159,30.12.2011 23:00:00,-12.0376
12160,31.12.2011 00:00:00,-12.022
12161,31.12.2011 01:00:00,-12.0255
12162,31.12.2011 02:00:00,-12.0166,3.425
12163,31.12.2011 03:00:00,-12.0168
12164,31.12.2011 04:00:00,-12.0253
12165,31.12.2011 05:00:00,-12.0152
12166,31.12.2011 06:00:00,-12.0185
12167,31.12.2011 07:00:00,-12.0305
12168,31.12.2011 08:00:00,-12.0359,3.428
12169,31.12.2011 09:00:00,-12.0418
12170,31.12.2011 10:00:00,-12.0567
12171,31.12.2011 11:00:00,-12.0677
12172,31.12.2011 12:00:00,-12.0952
12173,31.12.2011 13:00:00,-12.1155
12174,31.12.2011 14:00:00,-12.1344,3.425
12175,31.12.2011 15:00:00,-12.1502
12176,31.12.2011 16:00:00,-12.1674
12177,31.12.2011 17:00:00,-12.1795
12178,31.12.2011 18:00:00,-12.1743
12179,31.12.2011 19:00:00,-12.1611
12180,31.12.2011 20:00:00,-12.1618,3.425
12181,31.12.2011 21:00:00,-12.1562
12182,31.12.2011 22:00:00,-12.1581
12183,31.12.2011 23:00:00,-12.173
12184,01.01.2012 00:00:00,-12.1919
12185,01.01.2012 01:00:00,-12.2176
12186,01.01.2012 02:00:00,-12.2429,3.426
12187,01.01.2012 03:00:00,-12.2652
12188,01.01.2012 04:00:00,-12.3081
12189,01.01.2012 05:00:00,-12.3344
12190,01.01.2012 06:00:00,-12.3835
12191,01.01.2012 07:00:00,-12.4145
12192,01.01.2012 08:00:00,-12.4579,3.421
12193,01.01.2012 09:00:00,-12.4929
12194,01.01.2012 10:00:00,-12.5352
12195,01.01.2012 11:00:00,-12.5721
12196,01.01.2012 12:00:00,-12.6156
12197,01.01.2012 13:00:00,-12.5982
12198,01.01.2012 14:00:00,-12.6621,3.420
12199,01.01.2012 15:00:00,-12.6631
12200,01.01.2012 16:00:00,-12.647
12201,01.01.2012 17:00:00,-12.6594
12202,01.01.2012 18:00:00,-12.667
12203,01.01.2012 19:00:00,-12.6519
12204,01.01.2012 20:00:00,-12.6303,3.420
12205,01.01.2012 21:00:00,-12.6086
12206,01.01.2012 22:00:00,-12.5803
12207,01.01.2012 23:00:00,-12.5724
12208,02.01.2012 00:00:00,-12.5639
12209,02.01.2012 01:00:00,-12.573
12210,02.01.2012 02:00:00,-12.5713,3.421
12211,02.01.2012 03:00:00,-12.5668
12212,02.01.2012 04:00:00,-12.575
12213,02.01.2012 05:00:00,-12.5975
12214,02.01.2012 06:00:00,-12.615
12215,02.01.2012 07:00:00,-12.6285
12216,02.01.2012 08:00:00,-12.6348,3.419
12217,02.01.2012 09:00:00,-12.6437
12218,02.01.2012 10:00:00,-12.6702
12219,02.01.2012 11:00:00,-12.6881
12220,02.01.2012 12:00:00,-12.6772
12221,02.01.2012 13:00:00,-12.694
12222,02.01.2012 14:00:00,-12.6977,3.420
12223,02.01.2012 15:00:00,-12.7288
12224,02.01.2012 16:00:00,-12.7275
12225,02.01.2012 17:00:00,-12.7222
12226,02.01.2012 18:00:00,-12.7054
12227,02.01.2012 19:00:00,-12.6823
12228,02.01.2012 20:00:00,-12.6612,3.420
12229,02.01.2012 21:00:00,-12.6546
12230,02.01.2012 22:00:00,-12.6519
12231,02.01.2012 23:00:00,-12.6534
12232,03.01.2012 00:00:00,-12.6678
12233,03.01.2012 01:00:00,-12.6809
12234,03.01.2012 02:00:00,-12.7135,3.419
12235,03.01.2012 03:00:00,-12.7533
12236,03.01.2012 04:00:00,-12.7911
12237,03.01.2012 05:00:00,-12.8441
12238,03.01.2012 06:00:00,-12.9125
12239,03.01.2012 07:00:00,-12.9542
12240,03.01.2012 08:00:00,-13.0189,3.416
12241,03.01.2012 09:00:00,-13.069
12242,03.01.2012 10:00:00,-13.1098
12243,03.01.2012 11:00:00,-13.1798
12244,03.01.2012 12:00:00,-13.194
12245,03.01.2012 13:00:00,-13.2263
12246,03.01.2012 14:00:00,-13.2518,3.414
12247,03.01.2012 15:00:00,-13.2697
12248,03.01.2012 16:00:00,-13.2823
12249,03.01.2012 17:00:00,-13.2734
12250,03.01.2012 18:00:00,-13.2498
12251,03.01.2012 19:00:00,-13.2086
12252,03.01.2012 20:00:00,-13.1942,3.413
12253,03.01.2012 21:00:00,-13.1607
12254,03.01.2012 22:00:00,-13.1293
12255,03.01.2012 23:00:00,-13.1222
12256,04.01.2012 00:00:00,-13.1007
12257,04.01.2012 01:00:00,-13.0923
12258,04.01.2012 02:00:00,-13.0883,3.414
12259,04.01.2012 03:00:00,-13.0958
12260,04.01.2012 04:00:00,-13.0931
12261,04.01.2012 05:00:00,-13.0982
12262,04.01.2012 06:00:00,-13.0952
12263,04.01.2012 07:00:00,-13.1265
12264,04.01.2012 08:00:00,-13.144,3.412
12265,04.01.2012 09:00:00,-13.156
12266,04.01.2012 10:00:00,-13.1903
12267,04.01.2012 11:00:00,-13.2091
12268,04.01.2012 12:00:00,-13.2342
12269,04.01.2012 13:00:00,-13.2497
12270,04.01.2012 14:00:00,-13.2773,3.410
12271,04.01.2012 15:00:00,-13.2989
12272,04.01.2012 16:00:00,-13.3222
12273,04.01.2012 17:00:00,-13.3198
12274,04.01.2012 18:00:00,-13.3045
12275,04.01.2012 19:00:00,-13.271
12276,04.01.2012 20:00:00,-13.2519,3.410
12277,04.01.2012 21:00:00,-13.2211
12278,04.01.2012 22:00:00,-13.2028
12279,04.01.2012 23:00:00,-13.2013
12280,05.01.2012 00:00:00,-13.1962
12281,05.01.2012 01:00:00,-13.206
12282,05.01.2012 02:00:00,-13.219,3.412
12283,05.01.2012 03:00:00,-13.2483
12284,05.01.2012 04:00:00,-13.2602
12285,05.01.2012 05:00:00,-13.287
12286,05.01.2012 06:00:00,-13.306
12287,05.01.2012 07:00:00,-13.3191
12288,05.01.2012 08:00:00,-13.3568,3.412
12289,05.01.2012 09:00:00,-13.3841
12290,05.01.2012 10:00:00,-13.4322
12291,05.01.2012 11:00:00,-13.4785
12292,05.01.2012 12:00:00,-13.5038
12293,05.01.2012 13:00:00,-13.5261
12294,05.01.2012 14:00:00,-13.5461,3.408
12295,05.01.2012 15:00:00,-13.5597
12296,05.01.2012 16:00:00,-13.5582
12297,05.01.2012 17:00:00,-13.5497
12298,05.01.2012 18:00:00,-13.5189
12299,05.01.2012 19:00:00,-13.4917
12300,05.01.2012 20:00:00,-13.4493,3.409
12301,05.01.2012 21:00:00,-13.4137
12302,05.01.2012 22:00:00,-13.3771
12303,05.01.2012 23:00:00,-13.3337
12304,06.01.2012 00:00:00,-13.3196
12305,06.01.2012 01:00:00,-13.2993
12306,06.01.2012 02:00:00,-13.2808,3.413
12307,06.01.2012 03:00:00,-13.2982
12308,06.01.2012 04:00:00,-13.3096
12309,06.01.2012 05:00:00,-13.3429
12310,06.01.2012 06:00:00,-13.3448
12311,06.01.2012 07:00:00,-13.3665
12312,06.01.2012 08:00:00,-13.3998,3.409
12313,06.01.2012 09:00:00,-13.4336
12314,06.01.2012 10:00:00,-13.4738
12315,06.01.2012 11:00:00,-13.5148
12316,06.01.2012 12:00:00,-13.5394
12317,06.01.2012 13:00:00,-13.5603
12318,06.01.2012 14:00:00,-13.5854,3.409
12319,06.01.2012 15:00:00,-13.5939
12320,06.01.2012 16:00:00,-13.5981
12321,06.01.2012 17:00:00,-13.6145
12322,06.01.2012 18:00:00,-13.5929
12323,06.01.2012 19:00:00,-13.5613
12324,06.01.2012 20:00:00,-13.5353,3.410
12325,06.01.2012 21:00:00,-13.5095
12326,06.01.2012 22:00:00,-13.4827
12327,06.01.2012 23:00:00,-13.4707
12328,07.01.2012 00:00:00,-13.4724
12329,07.01.2012 01:00:00,-13.4764
12330,07.01.2012 02:00:00,-13.4665,3.410
12331,07.01.2012 03:00:00,-13.4758
12332,07.01.2012 04:00:00,-13.5147
12333,07.01.2012 05:00:00,-13.5541
12334,07.01.2012 06:00:00,-13.5614
12335,07.01.2012 07:00:00,-13.5767
12336,07.01.2012 08:00:00,-13.6132,3.408
12337,07.01.2012 09:00:00,-13.6325
12338,07.01.2012 10:00:00,-13.6625
12339,07.01.2012 11:00:00,-13.653
12340,07.01.2012 12:00:00,-13.6549
12341,07.01.2012 13:00:00,-13.6497
12342,07.01.2012 14:00:00,-13.6418,3.409
12343,07.01.2012 15:00:00,-13.618
12344,07.01.2012 16:00:00,-13.6026
12345,07.01.2012 17:00:00,-13.5877
12346,07.01.2012 18:00:00,-13.5576
12347,07.01.2012 19:00:00,-13.558
12348,07.01.2012 20:00:00,-13.5357,3.409
12349,07.01.2012 21:00:00,-13.5298
12350,07.01.2012 22:00:00,-13.5269
12351,07.01.2012 23:00:00,-13.5118
12352,08.01.2012 00:00:00,-13.5025
12353,08.01.2012 01:00:00,-13.5021
12354,08.01.2012 02:00:00,-13.5038,3.410
12355,08.01.2012 03:00:00,-13.511
12356,08.01.2012 04:00:00,-13.5316
12357,08.01.2012 05:00:00,-13.5571
12358,08.01.2012 06:00:00,-13.5975
12359,08.01.2012 07:00:00,-13.6372
12360,08.01.2012 08:00:00,-13.6892,3.408
12361,08.01.2012 09:00:00,-13.7451
12362,08.01.2012 10:00:00,-13.8031
12363,08.01.2012 11:00:00,-13.8555
12364,08.01.2012 12:00:00,-13.8852
12365,08.01.2012 13:00:00,-13.9151
12366,08.01.2012 14:00:00,-13.9269,3.405
12367,08.01.2012 15:00:00,-13.9641
12368,08.01.2012 16:00:00,-13.976
12369,08.01.2012 17:00:00,-13.9883
12370,08.01.2012 18:00:00,-13.9718
12371,08.01.2012 19:00:00,-13.9444
12372,08.01.2012 20:00:00,-13.9244,3.405
12373,08.01.2012 21:00:00,-13.9058
12374,08.01.2012 22:00:00,-13.9074
12375,08.01.2012 23:00:00,-13.9115
12376,09.01.2012 00:00:00,-13.9176
12377,09.01.2012 01:00:00,-13.9403
12378,09.01.2012 02:00:00,-13.9712,3.403
12379,09.01.2012 03:00:00,-14.0059
12380,09.01.2012 04:00:00,-14.0347
12381,09.01.2012 05:00:00,-14.049
12382,09.01.2012 06:00:00,-14.115
12383,09.01.2012 07:00:00,-14.1735
12384,09.01.2012 08:00:00,-14.236,3.402
12385,09.01.2012 09:00:00,-14.2924
12386,09.01.2012 10:00:00,-14.3532
12387,09.01.2012 11:00:00,-14.4062
12388,09.01.2012 12:00:00,-14.4762
12389,09.01.2012 13:00:00,-14.5311
12390,09.01.2012 14:00:00,-14.5651,3.397
12391,09.01.2012 15:00:00,-14.5768
12392,09.01.2012 16:00:00,-14.592
12393,09.01.2012 17:00:00,-14.5905
12394,09.01.2012 18:00:00,-14.577
12395,09.01.2012 19:00:00,-14.5553
12396,09.01.2012 20:00:00,-14.5319,3.397
12397,09.01.2012 21:00:00,-14.5079
12398,09.01.2012 22:00:00,-14.5027
12399,09.01.2012 23:00:00,-14.5038
12400,10.01.2012 00:00:00,-14.5118
12401,10.01.2012 01:00:00,-14.5297
12402,10.01.2012 02:00:00,-14.5588,3.395
12403,10.01.2012 03:00:00,-14.6138
12404,10.01.2012 04:00:00,-14.6556
12405,10.01.2012 05:00:00,-14.7025
12406,10.01.2012 06:00:00,-14.7455
12407,10.01.2012 07:00:00,-14.8067
12408,10.01.2012 08:00:00,-14.8601,3.393
12409,10.01.2012 09:00:00,-14.927
12410,10.01.2012 10:00:00,-14.9686
12411,10.01.2012 11:00:00,-15.0373
12412,10.01.2012 12:00:00,-15.1036
12413,10.01.2012 13:00:00,-15.1401
12414,10.01.2012 14:00:00,-15.1733,3.390
12415,10.01.2012 15:00:00,-15.2032
12416,10.01.2012 16:00:00,-15.2099
12417,10.01.2012 17:00:00,-15.1917
12418,10.01.2012 18:00:00,-15.1883
12419,10.01.2012 19:00:00,-15.1546
12420,10.01.2012 20:00:00,-15.1252,3.389
12421,10.01.2012 21:00:00,-15.1015
12422,10.01.2012 22:00:00,-15.0899
12423,10.01.2012 23:00:00,-15.0867
12424,11.01.2012 00:00:00,-15.0906
12425,11.01.2012 01:00:00,-15.112
12426,11.01.2012 02:00:00,-15.1307,3.390
12427,11.01.2012 03:00:00,-15.1555
12428,11.01.2012 04:00:00,-15.218
12429,11.01.2012 05:00:00,-15.272
12430,11.01.2012 06:00:00,-15.3012
12431,11.01.2012 07:00:00,-15.3344
12432,11.01.2012 08:00:00,-15.3799,3.387
12433,11.01.2012 09:00:00,-15.4075
12434,11.01.2012 10:00:00,-15.4628
12435,11.01.2012 11:00:00,-15.5047
12436,11.01.2012 12:00:00,-15.5245
12437,11.01.2012 13:00:00,-15.5584
12438,11.01.2012 14:00:00,-15.5857,3.382
12439,11.01.2012 15:00:00,-15.6217
12440,11.01.2012 16:00:00,-15.631
12441,11.01.2012 17:00:00,-15.623
12442,11.01.2012 18:00:00,-15.6165
12443,11.01.2012 19:00:00,-15.5869
12444,11.01.2012 20:00:00,-15.5606,3.385
12445,11.01.2012 21:00:00,-15.5464
12446,11.01.2012 22:00:00,-15.5351
12447,11.01.2012 23:00:00,-15.5228
12448,12.01.2012 00:00:00,-15.5244
12449,12.01.2012 01:00:00,-15.5456
12450,12.01.2012 02:00:00,-15.5653,3.384
12451,12.01.2012 03:00:00,-15.595
12452,12.01.2012 04:00:00,-15.596
12453,12.01.2012 05:00:00,-15.6187
12454,12.01.2012 06:00:00,-15.6402
12455,12.01.2012 07:00:00,-15.7135
12456,12.01.2012 08:00:00,-15.7821,3.381
12457,12.01.2012 09:00:00,-15.8239
12458,12.01.2012 10:00:00,-15.8823
12459,12.01.2012 11:00:00,-15.9482
12460,12.01.2012 12:00:00,-15.9872
12461,12.01.2012 13:00:00,-16.0134
12462,12.01.2012 14:00:00,-16.042,3.377
12463,12.01.2012 15:00:00,-16.032
12464,12.01.2012 16:00:00,-16.0311
12465,12.01.2012 17:00:00,-16.0028
12466,12.01.2012 18:00:00,-16.004
12467,12.01.2012 19:00:00,-15.9793
12468,12.01.2012 20:00:00,-15.9482,3.379
12469,12.01.2012 21:00:00,-15.9077
12470,12.01.2012 22:00:00,-15.8773
12471,12.01.2012 23:00:00,-15.8617
12472,13.01.2012 00:00:00,-15.8489
12473,13.01.2012 01:00:00,-15.8356
12474,13.01.2012 02:00:00,-15.8513,3.381
12475,13.01.2012 03:00:00,-15.8609
12476,13.01.2012 04:00:00,-15.8759
12477,13.01.2012 05:00:00,-15.9113
12478,13.01.2012 06:00:00,-15.9561
12479,13.01.2012 07:00:00,-15.9902
12480,13.01.2012 08:00:00,-16.0295,3.377
12481,13.01.2012 09:00:00,-16.0705
12482,13.01.2012 10:00:00,-16.1068
12483,13.01.2012 11:00:00,-16.1366
12484,13.01.2012 12:00:00,-16.1696
12485,13.01.2012 13:00:00,-16.1864
12486,13.01.2012 14:00:00,-16.1977,3.375
12487,13.01.2012 15:00:00,-16.1996
12488,13.01.2012 16:00:00,-16.1952
12489,13.01.2012 17:00:00,-16.1726
12490,13.01.2012 18:00:00,-16.1319
12491,13.01.2012 19:00:00,-16.0755
12492,13.01.2012 20:00:00,-16.0199,3.379
12493,13.01.2012 21:00:00,-15.9727
12494,13.01.2012 22:00:00,-15.9252
12495,13.01.2012 23:00:00,-15.858
12496,14.01.2012 00:00:00,-15.8144
12497,14.01.2012 01:00:00,-15.7465
12498,14.01.2012 02:00:00,-15.7237,3.381
12499,14.01.2012 03:00:00,-15.7091
12500,14.01.2012 04:00:00,-15.6401
12501,14.01.2012 05:00:00,-15.6535
12502,14.01.2012 06:00:00,-15.6469
12503,14.01.2012 07:00:00,-15.6529
12504,14.01.2012 08:00:00,-15.6577,3.383
12505,14.01.2012 09:00:00,-15.6628
12506,14.01.2012 10:00:00,-15.6578
12507,14.01.2012 11:00:00,-15.6693
12508,14.01.2012 12:00:00,-15.6449
12509,14.01.2012 13:00:00,-15.6297
12510,14.01.2012 14:00:00,-15.6381,3.385
12511,14.01.2012 15:00:00,-15.6213
12512,14.01.2012 16:00:00,-15.546
12513,14.01.2012 17:00:00,-15.5094
12514,14.01.2012 18:00:00,-15.4569
12515,14.01.2012 19:00:00,-15.3803
12516,14.01.2012 20:00:00,-15.3358,3.386
12517,14.01.2012 21:00:00,-15.3041
12518,14.01.2012 22:00:00,-15.2654
12519,14.01.2012 23:00:00,-15.2277
12520,15.01.2012 00:00:00,-15.214
12521,15.01.2012 01:00:00,-15.201
12522,15.01.2012 02:00:00,-15.1927,3.388
12523,15.01.2012 03:00:00,-15.2041
12524,15.01.2012 04:00:00,-15.2038
12525,15.01.2012 05:00:00,-15.1929
12526,15.01.2012 06:00:00,-15.2214
12527,15.01.2012 07:00:00,-15.2459
12528,15.01.2012 08:00:00,-15.2865,3.390
12529,15.01.2012 09:00:00,-15.3066
12530,15.01.2012 10:00:00,-15.3069
12531,15.01.2012 11:00:00,-15.3086
12532,15.01.2012 12:00:00,-15.2907
12533,15.01.2012 13:00:00,-15.2841
12534,15.01.2012 14:00:00,-15.2552,3.389
12535,15.01.2012 15:00:00,-15.2369
12536,15.01.2012 16:00:00,-15.1807
12537,15.01.2012 17:00:00,-15.1428
12538,15.01.2012 18:00:00,-15.1006
12539,15.01.2012 19:00:00,-15.0562
12540,15.01.2012 20:00:00,-15.0018,3.392
12541,15.01.2012 21:00:00,-14.9442
12542,15.01.2012 22:00:00,-14.9089
12543,15.01.2012 23:00:00,-14.8815
12544,16.01.2012 00:00:00,-14.862
12545,16.01.2012 01:00:00,-14.851
12546,16.01.2012 02:00:00,-14.8415,3.393
12547,16.01.2012 03:00:00,-14.8344
12548,16.01.2012 04:00:00,-14.8176
12549,16.01.2012 05:00:00,-14.8233
12550,16.01.2012 06:00:00,-14.8218
12551,16.01.2012 07:00:00,-14.8116
12552,16.01.2012 08:00:00,-14.8307,3.394
12553,16.01.2012 09:00:00,-14.8477
12554,16.01.2012 10:00:00,-14.869
12555,16.01.2012 11:00:00,-14.8741
12556,16.01.2012 12:00:00,-14.8946
12557,16.01.2012 13:00:00,-14.9036
12558,16.01.2012 14:00:00,-14.8986,3.392
12559,16.01.2012 15:00:00,-14.8809
12560,16.01.2012 16:00:00,-14.8978
12561,16.01.2012 17:00:00,-14.8843
12562,16.01.2012 18:00:00,-14.8867
12563,16.01.2012 19:00:00,-14.8749
12564,16.01.2012 20:00:00,-14.8732,3.392
12565,16.01.2012 21:00:00,-14.8662
12566,16.01.2012 22:00:00,-14.8655
12567,16.01.2012 23:00:00,-14.8717
12568,17.01.2012 00:00:00,-14.8807
12569,17.01.2012 01:00:00,-14.8755
12570,17.01.2012 02:00:00,-14.8985,3.393
12571,17.01.2012 03:00:00,-14.9028
12572,17.01.2012 04:00:00,-14.9402
12573,17.01.2012 05:00:00,-14.9687
12574,17.01.2012 06:00:00,-15.0005
12575,17.01.2012 07:00:00,-15.048
12576,17.01.2012 08:00:00,-15.0781,3.392
12577,17.01.2012 09:00:00,-15.1295
12578,17.01.2012 10:00:00,-15.1737
12579,17.01.2012 11:00:00,-15.2311
12580,17.01.2012 12:00:00,-15.2817
12581,17.01.2012 13:00:00,-15.3295
12582,17.01.2012 14:00:00,-15.3514,3.387
12583,17.01.2012 15:00:00,-15.3878
12584,17.01.2012 16:00:00,-15.4068
12585,17.01.2012 17:00:00,-15.4105
12586,17.01.2012 18:00:00,-15.4004
12587,17.01.2012 19:00:00,-15.4063
12588,17.01.2012 20:00:00,-15.3749,3.385
12589,17.01.2012 21:00:00,-15.38
12590,17.01.2012 22:00:00,-15.3499
12591,17.01.2012 23:00:00,-15.3483
12592,18.01.2012 00:00:00,-15.3503
12593,18.01.2012 01:00:00,-15.3562
12594,18.01.2012 02:00:00,-15.3696,3.387
12595,18.01.2012 03:00:00,-15.3873
12596,18.01.2012 04:00:00,-15.4212
12597,18.01.2012 05:00:00,-15.4455
12598,18.01.2012 06:00:00,-15.4722
12599,18.01.2012 07:00:00,-15.5145
12600,18.01.2012 08:00:00,-15.5498,3.385
12601,18.01.2012 09:00:00,-15.5799
12602,18.01.2012 10:00:00,-15.615
12603,18.01.2012 11:00:00,-15.655
12604,18.01.2012 12:00:00,-15.7024
12605,18.01.2012 13:00:00,-15.7651
12606,18.01.2012 14:00:00,-15.7959,3.381
12607,18.01.2012 15:00:00,-15.8324
12608,18.01.2012 16:00:00,-15.8685
12609,18.01.2012 17:00:00,-15.8846
12610,18.01.2012 18:00:00,-15.8978
12611,18.01.2012 19:00:00,-15.9065
12612,18.01.2012 20:00:00,-15.9063,3.379
12613,18.01.2012 21:00:00,-15.8974
12614,18.01.2012 22:00:00,-15.9073
12615,18.01.2012 23:00:00,-15.9403
12616,19.01.2012 00:00:00,-15.9751
12617,19.01.2012 01:00:00,-16.0039
12618,19.01.2012 02:00:00,-16.0459,3.379
12619,19.01.2012 03:00:00,-16.1111
12620,19.01.2012 04:00:00,-16.1683
12621,19.01.2012 05:00:00,-16.2096
12622,19.01.2012 06:00:00,-16.26
12623,19.01.2012 07:00:00,-16.3254
12624,19.01.2012 08:00:00,-16.3955,3.373
12625,19.01.2012 09:00:00,-16.4577
12626,19.01.2012 10:00:00,-16.5543
12627,19.01.2012 11:00:00,-16.6011
12628,19.01.2012 12:00:00,-16.6774
12629,19.01.2012 13:00:00,-16.7436
12630,19.01.2012 14:00:00,-16.7925,3.367
12631,19.01.2012 15:00:00,-16.85
12632,19.01.2012 16:00:00,-16.889
12633,19.01.2012 17:00:00,-16.8924
12634,19.01.2012 18:00:00,-16.8904
12635,19.01.2012 19:00:00,-16.8944
12636,19.01.2012 20:00:00,-16.9036,3.367
12637,19.01.2012 21:00:00,-16.8914
12638,19.01.2012 22:00:00,-16.8998
12639,19.01.2012 23:00:00,-16.904
12640,20.01.2012 00:00:00,-16.9241
12641,20.01.2012 01:00:00,-16.9565
12642,20.01.2012 02:00:00,-16.9861,3.367
12643,20.01.2012 03:00:00,-17.0344
12644,20.01.2012 04:00:00,-17.0814
12645,20.01.2012 05:00:00,-17.1119
12646,20.01.2012 06:00:00,-17.1466
12647,20.01.2012 07:00:00,-17.1877
12648,20.01.2012 08:00:00,-17.2381,3.362
12649,20.01.2012 09:00:00,-17.2966
12650,20.01.2012 10:00:00,-17.3724
12651,20.01.2012 11:00:00,-17.4245
12652,20.01.2012 12:00:00,-17.4834
12653,20.01.2012 13:00:00,-17.5501
12654,20.01.2012 14:00:00,-17.578,3.358
12655,20.01.2012 15:00:00,-17.6196
12656,20.01.2012 16:00:00,-17.6349
12657,20.01.2012 17:00:00,-17.6206
12658,20.01.2012 18:00:00,-17.6162
12659,20.01.2012 19:00:00,-17.5819
12660,20.01.2012 20:00:00,-17.5589,3.359
12661,20.01.2012 21:00:00,-17.5225
12662,20.01.2012 22:00:00,-17.5125
12663,20.01.2012 23:00:00,-17.5023
12664,21.01.2012 00:00:00,-17.4875
12665,21.01.2012 01:00:00,-17.4985
12666,21.01.2012 02:00:00,-17.4982,3.359
12667,21.01.2012 03:00:00,-17.5225
12668,21.01.2012 04:00:00,-17.5453
12669,21.01.2012 05:00:00,-17.5694
12670,21.01.2012 06:00:00,-17.6087
12671,21.01.2012 07:00:00,-17.6371
12672,21.01.2012 08:00:00,-17.6782,3.358
12673,21.01.2012 09:00:00,-17.7321
12674,21.01.2012 10:00:00,-17.818
12675,21.01.2012 11:00:00,-17.8617
12676,21.01.2012 12:00:00,-17.9081
12677,21.01.2012 13:00:00,-17.9421
12678,21.01.2012 14:00:00,-17.9682,3.353
12679,21.01.2012 15:00:00,-17.9576
12680,21.01.2012 16:00:00,-17.9854
12681,21.01.2012 17:00:00,-17.9827
12682,21.01.2012 18:00:00,-17.9398
12683,21.01.2012 19:00:00,-17.9218
12684,21.01.2012 20:00:00,-17.8726,3.355
12685,21.01.2012 21:00:00,-17.8224
12686,21.01.2012 22:00:00,-17.7985
12687,21.01.2012 23:00:00,-17.7839
12688,22.01.2012 00:00:00,-17.729
12689,22.01.2012 01:00:00,-17.689
12690,22.01.2012 02:00:00,-17.6504,3.359
12691,22.01.2012 03:00:00,-17.6467
12692,22.01.2012 04:00:00,-17.6214
12693,22.01.2012 05:00:00,-17.6036
12694,22.01.2012 06:00:00,-17.5869
12695,22.01.2012 07:00:00,-17.5672
12696,22.01.2012 08:00:00,-17.5609,3.360
12697,22.01.2012 09:00:00,-17.5505
12698,22.01.2012 10:00:00,-17.5358
12699,22.01.2012 11:00:00,-17.527
12700,22.01.2012 12:00:00,-17.5062
12701,22.01.2012 13:00:00,-17.4704
12702,22.01.2012 14:00:00,-17.4566,3.360
12703,22.01.2012 15:00:00,-17.4238
12704,22.01.2012 16:00:00,-17.3878
12705,22.01.2012 17:00:00,-17.3537
12706,22.01.2012 18:00:00,-17.2861
12707,22.01.2012 19:00:00,-17.2171
12708,22.01.2012 20:00:00,-17.1536,3.364
12709,22.01.2012 21:00:00,-17.0831
12710,22.01.2012 22:00:00,-17.021
12711,22.01.2012 23:00:00,-16.962
12712,23.01.2012 00:00:00,-16.9077
12713,23.01.2012 01:00:00,-16.8614
12714,23.01.2012 02:00:00,-16.8244,3.370
12715,23.01.2012 03:00:00,-16.7946
12716,23.01.2012 04:00:00,-16.7686
12717,23.01.2012 05:00:00,-16.781
12718,23.01.2012 06:00:00,-16.767
12719,23.01.2012 07:00:00,-16.7499
12720,23.01.2012 08:00:00,-16.754,3.371
12721,23.01.2012 09:00:00,-16.7616
12722,23.01.2012 10:00:00,-16.752
12723,23.01.2012 11:00:00,-16.7564
12724,23.01.2012 12:00:00,-16.7683
12725,23.01.2012 13:00:00,-16.7572
12726,23.01.2012 14:00:00,-16.7505,3.370
12727,23.01.2012 15:00:00,-16.7437
12728,23.01.2012 16:00:00,-16.726
12729,23.01.2012 17:00:00,-16.6886
12730,23.01.2012 18:00:00,-16.6298
12731,23.01.2012 19:00:00,-16.5801
12732,23.01.2012 20:00:00,-16.5235,3.372
12733,23.01.2012 21:00:00,-16.455
12734,23.01.2012 22:00:00,-16.4103
12735,23.01.2012 23:00:00,-16.3569
12736,24.01.2012 00:00:00,-16.317
12737,24.01.2012 01:00:00,-16.2877
12738,24.01.2012 02:00:00,-16.2588,3.376
12739,24.01.2012 03:00:00,-16.2416
12740,24.01.2012 04:00:00,-16.2246
12741,24.01.2012 05:00:00,-16.2063
12742,24.01.2012 06:00:00,-16.2024
12743,24.01.2012 07:00:00,-16.2065
12744,24.01.2012 08:00:00,-16.221,3.378
12745,24.01.2012 09:00:00,-16.2361
12746,24.01.2012 10:00:00,-16.2648
12747,24.01.2012 11:00:00,-16.289
12748,24.01.2012 12:00:00,-16.3138
12749,24.01.2012 13:00:00,-16.3503
12750,24.01.2012 14:00:00,-16.3748,3.374
12751,24.01.2012 15:00:00,-16.3715
12752,24.01.2012 16:00:00,-16.3756
12753,24.01.2012 17:00:00,-16.3659
12754,24.01.2012 18:00:00,-16.3238
12755,24.01.2012 19:00:00,-16.2822
12756,24.01.2012 20:00:00,-16.2554,3.377
12757,24.01.2012 21:00:00,-16.2048
12758,24.01.2012 22:00:00,-16.1655
12759,24.01.2012 23:00:00,-16.129
12760,25.01.2012 00:00:00,-16.0885
12761,25.01.2012 01:00:00,-16.0584
12762,25.01.2012 02:00:00,-16.0426,3.379
12763,25.01.2012 03:00:00,-16.0295
12764,25.01.2012 04:00:00,-16.027
12765,25.01.2012 05:00:00,-16.0293
12766,25.01.2012 06:00:00,-16.0407
12767,25.01.2012 07:00:00,-16.0413
12768,25.01.2012 08:00:00,-16.0587,3.379
12769,25.01.2012 09:00:00,-16.0742
12770,25.01.2012 10:00:00,-16.1117
12771,25.01.2012 11:00:00,-16.1435
12772,25.01.2012 12:00:00,-16.1495
12773,25.01.2012 13:00:00,-16.1668
12774,25.01.2012 14:00:00,-16.192,3.377
12775,25.01.2012 15:00:00,-16.186
12776,25.01.2012 16:00:00,-16.1768
12777,25.01.2012 17:00:00,-16.1563
12778,25.01.2012 18:00:00,-16.1305
12779,25.01.2012 19:00:00,-16.0566
12780,25.01.2012 20:00:00,-16.0107,3.377
12781,25.01.2012 21:00:00,-15.9561
12782,25.01.2012 22:00:00,-15.9318
12783,25.01.2012 23:00:00,-15.9099
12784,26.01.2012 00:00:00,-15.8994
12785,26.01.2012 01:00:00,-15.8921
12786,26.01.2012 02:00:00,-15.8925,3.380
12787,26.01.2012 03:00:00,-15.9095
12788,26.01.2012 04:00:00,-15.9445
12789,26.01.2012 05:00:00,-15.9777
12790,26.01.2012 06:00:00,-15.9979
12791,26.01.2012 07:00:00,-16.0428
12792,26.01.2012 08:00:00,-16.0766,3.376
12793,26.01.2012 09:00:00,-16.1355
12794,26.01.2012 10:00:00,-16.1753
12795,26.01.2012 11:00:00,-16.2286
12796,26.01.2012 12:00:00,-16.2686
12797,26.01.2012 13:00:00,-16.3049
12798,26.01.2012 14:00:00,-16.3377,3.375
12799,26.01.2012 15:00:00,-16.3549
12800,26.01.2012 16:00:00,-16.3188
12801,26.01.2012 17:00:00,-16.299
12802,26.01.2012 18:00:00,-16.2672
12803,26.01.2012 19:00:00,-16.2188
12804,26.01.2012 20:00:00,-16.181,3.377
12805,26.01.2012 21:00:00,-16.1486
12806,26.01.2012 22:00:00,-16.1003
12807,26.01.2012 23:00:00,-16.0733
12808,27.01.2012 00:00:00,-16.0181
12809,27.01.2012 01:00:00,-16.0102
12810,27.01.2012 02:00:00,-16.0004,3.377
12811,27.01.2012 03:00:00,-15.9983
12812,27.01.2012 04:00:00,-15.9988
12813,27.01.2012 05:00:00,-15.9977
12814,27.01.2012 06:00:00,-16.021
12815,27.01.2012 07:00:00,-16.0491
12816,27.01.2012 08:00:00,-16.0813,3.379
12817,27.01.2012 09:00:00,-16.1187
12818,27.01.2012 10:00:00,-16.1729
12819,27.01.2012 11:00:00,-16.218
12820,27.01.2012 12:00:00,-16.2518
12821,27.01.2012 13:00:00,-16.2979
12822,27.01.2012 14:00:00,-16.3419,3.373
12823,27.01.2012 15:00:00,-16.364
12824,27.01.2012 16:00:00,-16.3683
12825,27.01.2012 17:00:00,-16.3698
12826,27.01.2012 18:00:00,-16.3439
12827,27.01.2012 19:00:00,-16.3099
12828,27.01.2012 20:00:00,-16.2837,3.375
12829,27.01.2012 21:00:00,-16.2664
12830,27.01.2012 22:00:00,-16.2462
12831,27.01.2012 23:00:00,-16.2335
12832,28.01.2012 00:00:00,-16.2361
12833,28.01.2012 01:00:00,-16.2467
12834,28.01.2012 02:00:00,-16.2555,3.374
12835,28.01.2012 03:00:00,-16.2784
12836,28.01.2012 04:00:00,-16.3111
12837,28.01.2012 05:00:00,-16.3463
12838,28.01.2012 06:00:00,-16.3866
12839,28.01.2012 07:00:00,-16.4273
12840,28.01.2012 08:00:00,-16.4858,3.372
12841,28.01.2012 09:00:00,-16.5531
12842,28.01.2012 10:00:00,-16.6148
12843,28.01.2012 11:00:00,-16.706
12844,28.01.2012 12:00:00,-16.7773
12845,28.01.2012 13:00:00,-16.8505
12846,28.01.2012 14:00:00,-16.9317,3.367
12847,28.01.2012 15:00:00,-16.98
12848,28.01.2012 16:00:00,-17.0025
12849,28.01.2012 17:00:00,-17.0004
12850,28.01.2012 18:00:00,-16.9812
12851,28.01.2012 19:00:00,-16.9612
12852,28.01.2012 20:00:00,-16.9472,3.365
12853,28.01.2012 21:00:00,-16.8856
12854,28.01.2012 22:00:00,-16.8645
12855,28.01.2012 23:00:00,-16.8447
12856,29.01.2012 00:00:00,-16.8235
12857,29.01.2012 01:00:00,-16.7989
12858,29.01.2012 02:00:00,-16.7633,3.367
12859,29.01.2012 03:00:00,-16.7364
12860,29.01.2012 04:00:00,-16.7287
12861,29.01.2012 05:00:00,-16.7036
12862,29.01.2012 06:00:00,-16.6794
12863,29.01.2012 07:00:00,-16.6614
12864,29.01.2012 08:00:00,-16.642,3.370
12865,29.01.2012 09:00:00,-16.639
12866,29.01.2012 10:00:00,-16.6305
12867,29.01.2012 11:00:00,-16.6303
12868,29.01.2012 12:00:00,-16.6319
12869,29.01.2012 13:00:00,-16.6234
12870,29.01.2012 14:00:00,-16.6102,3.371
12871,29.01.2012 15:00:00,-16.5946
12872,29.01.2012 16:00:00,-16.5663
12873,29.01.2012 17:00:00,-16.5049
12874,29.01.2012 18:00:00,-16.4401
12875,29.01.2012 19:00:00,-16.3718
12876,29.01.2012 20:00:00,-16.3189,3.373
12877,29.01.2012 21:00:00,-16.2564
12878,29.01.2012 22:00:00,-16.2182
12879,29.01.2012 23:00:00,-16.1661
12880,30.01.2012 00:00:00,-16.1186
12881,30.01.2012 01:00:00,-16.0644
12882,30.01.2012 02:00:00,-16.0233,3.379
12883,30.01.2012 03:00:00,-15.9945
12884,30.01.2012 04:00:00,-15.971
12885,30.01.2012 05:00:00,-15.9424
12886,30.01.2012 06:00:00,-15.9214
12887,30.01.2012 07:00:00,-15.911
12888,30.01.2012 08:00:00,-15.8863,3.379
12889,30.01.2012 09:00:00,-15.8783
12890,30.01.2012 10:00:00,-15.8653
12891,30.01.2012 11:00:00,-15.8456
12892,30.01.2012 12:00:00,-15.8283
12893,30.01.2012 13:00:00,-15.8161
12894,30.01.2012 14:00:00,-15.7854,3.380
12895,30.01.2012 15:00:00,-15.7427
12896,30.01.2012 16:00:00,-15.6925
12897,30.01.2012 17:00:00,-15.6502
12898,30.01.2012 18:00:00,-15.5929
12899,30.01.2012 19:00:00,-15.5281
12900,30.01.2012 20:00:00,-15.4516,3.387
12901,30.01.2012 21:00:00,-15.3959
12902,30.01.2012 22:00:00,-15.3387
12903,30.01.2012 23:00:00,-15.2807
12904,31.01.2012 00:00:00,-15.2446
12905,31.01.2012 01:00:00,-15.2003
12906,31.01.2012 02:00:00,-15.1731,3.390
12907,31.01.2012 03:00:00,-15.1515
12908,31.01.2012 04:00:00,-15.133
12909,31.01.2012 05:00:00,-15.1193
12910,31.01.2012 06:00:00,-15.1092
12911,31.01.2012 07:00:00,-15.1072
12912,31.01.2012 08:00:00,-15.1045,3.391
12913,31.01.2012 09:00:00,-15.1172
12914,31.01.2012 10:00:00,-15.1251
12915,31.01.2012 11:00:00,-15.1305
12916,31.01.2012 12:00:00,-15.1536
12917,31.01.2012 13:00:00,-15.1796
12918,31.01.2012 14:00:00,-15.2015,3.389
12919,31.01.2012 15:00:00,-15.2157
12920,31.01.2012 16:00:00,-15.2227
12921,31.01.2012 17:00:00,-15.2179
12922,31.01.2012 18:00:00,-15.209
12923,31.01.2012 19:00:00,-15.1918
12924,31.01.2012 20:00:00,-15.1791,3.389
12925,31.01.2012 21:00:00,-15.1611
12926,31.01.2012 22:00:00,-15.1543
12927,31.01.2012 23:00:00,-15.1535
12928,01.02.2012 00:00:00,-15.1554
12929,01.02.2012 01:00:00,-15.1678
12930,01.02.2012 02:00:00,-15.2135,3.389
12931,01.02.2012 03:00:00,-15.2419
12932,01.02.2012 04:00:00,-15.2881
12933,01.02.2012 05:00:00,-15.3344
12934,01.02.2012 06:00:00,-15.3713
12935,01.02.2012 07:00:00,-15.4371
12936,01.02.2012 08:00:00,-15.4946,3.384
12937,01.02.2012 09:00:00,-15.5599
12938,01.02.2012 10:00:00,-15.6053
12939,01.02.2012 11:00:00,-15.6505
12940,01.02.2012 12:00:00,-15.7395
12941,01.02.2012 13:00:00,-15.8138
12942,01.02.2012 14:00:00,-15.8317,3.380
12943,01.02.2012 15:00:00,-15.8382
12944,01.02.2012 16:00:00,-15.8458
12945,01.02.2012 17:00:00,-15.8296
12946,01.02.2012 18:00:00,-15.8026
12947,01.02.2012 19:00:00,-15.7654
12948,01.02.2012 20:00:00,-15.7213,3.381
12949,01.02.2012 21:00:00,-15.675
12950,01.02.2012 22:00:00,-15.647
12951,01.02.2012 23:00:00,-15.6309
12952,02.02.2012 00:00:00,-15.6165
12953,02.02.2012 01:00:00,-15.6051
12954,02.02.2012 02:00:00,-15.6028,3.383
12955,02.02.2012 03:00:00,-15.615
12956,02.02.2012 04:00:00,-15.6248
12957,02.02.2012 05:00:00,-15.6339
12958,02.02.2012 06:00:00,-15.6479
12959,02.02.2012 07:00:00,-15.6562
12960,02.02.2012 08:00:00,-15.6584,3.381
12961,02.02.2012 09:00:00,-15.6787
12962,02.02.2012 10:00:00,-15.6863
12963,02.02.2012 11:00:00,-15.7036
12964,02.02.2012 12:00:00,-15.7216
12965,02.02.2012 13:00:00,-15.7227
12966,02.02.2012 14:00:00,-15.7256,3.381
12967,02.02.2012 15:00:00,-15.7266
12968,02.02.2012 16:00:00,-15.6913
12969,02.02.2012 17:00:00,-15.6451
12970,02.02.2012 18:00:00,-15.5918
12971,02.02.2012 19:00:00,-15.5198
12972,02.02.2012 20:00:00,-15.4149,3.385
12973,02.02.2012 21:00:00,-15.3476
12974,02.02.2012 22:00:00,-15.2882
12975,02.02.2012 23:00:00,-15.2116
12976,03.02.2012 00:00:00,-15.1557
12977,03.02.2012 01:00:00,-15.0988
12978,03.02.2012 02:00:00,-15.064,3.390
12979,03.02.2012 03:00:00,-15.0401
12980,03.02.2012 04:00:00,-15.0246
12981,03.02.2012 05:00:00,-15.0037
12982,03.02.2012 06:00:00,-15.0053
12983,03.02.2012 07:00:00,-15.0209
12984,03.02.2012 08:00:00,-15.0267,3.391
12985,03.02.2012 09:00:00,-15.0392
12986,03.02.2012 10:00:00,-15.0529
12987,03.02.2012 11:00:00,-15.0636
12988,03.02.2012 12:00:00,-15.089
12989,03.02.2012 13:00:00,-15.0807
12990,03.02.2012 14:00:00,-15.0305,3.391
12991,03.02.2012 15:00:00,-14.9936
12992,03.02.2012 16:00:00,-14.9558
12993,03.02.2012 17:00:00,-14.9131
12994,03.02.2012 18:00:00,-14.8542
12995,03.02.2012 19:00:00,-14.7737
12996,03.02.2012 20:00:00,-14.7088,3.393
12997,03.02.2012 21:00:00,-14.6321
12998,03.02.2012 22:00:00,-14.5579
12999,03.02.2012 23:00:00,-14.4981
13000,04.02.2012 00:00:00,-14.4468
13001,04.02.2012 01:00:00,-14.4048
13002,04.02.2012 02:00:00,-14.3572,3.399
13003,04.02.2012 03:00:00,-14.3276
13004,04.02.2012 04:00:00,-14.2992
13005,04.02.2012 05:00:00,-14.2742
13006,04.02.2012 06:00:00,-14.2542
13007,04.02.2012 07:00:00,-14.2245
13008,04.02.2012 08:00:00,-14.2088,3.399
13009,04.02.2012 09:00:00,-14.1871
13010,04.02.2012 10:00:00,-14.1724
13011,04.02.2012 11:00:00,-14.1473
13012,04.02.2012 12:00:00,-14.1229
13013,04.02.2012 13:00:00,-14.0998
13014,04.02.2012 14:00:00,-14.0779,3.402
13015,04.02.2012 15:00:00,-14.0436
13016,04.02.2012 16:00:00,-14.0209
13017,04.02.2012 17:00:00,-13.9905
13018,04.02.2012 18:00:00,-13.9465
13019,04.02.2012 19:00:00,-13.9095
13020,04.02.2012 20:00:00,-13.8758,3.403
13021,04.02.2012 21:00:00,-13.8494
13022,04.02.2012 22:00:00,-13.8183
13023,04.02.2012 23:00:00,-13.7915
13024,05.02.2012 00:00:00,-13.7692
13025,05.02.2012 01:00:00,-13.7541
13026,05.02.2012 02:00:00,-13.7253,3.404
13027,05.02.2012 03:00:00,-13.7171
13028,05.02.2012 04:00:00,-13.7073
13029,05.02.2012 05:00:00,-13.6992
13030,05.02.2012 06:00:00,-13.6974
13031,05.02.2012 07:00:00,-13.7065
13032,05.02.2012 08:00:00,-13.7096,3.407
13033,05.02.2012 09:00:00,-13.7101
13034,05.02.2012 10:00:00,-13.7382
13035,05.02.2012 11:00:00,-13.76
13036,05.02.2012 12:00:00,-13.7514
13037,05.02.2012 13:00:00,-13.7396
13038,05.02.2012 14:00:00,-13.7134,3.405
13039,05.02.2012 15:00:00,-13.68
13040,05.02.2012 16:00:00,-13.6466
13041,05.02.2012 17:00:00,-13.6022
13042,05.02.2012 18:00:00,-13.5538
13043,05.02.2012 19:00:00,-13.514
13044,05.02.2012 20:00:00,-13.4678,3.408
13045,05.02.2012 21:00:00,-13.4321
13046,05.02.2012 22:00:00,-13.4072
13047,05.02.2012 23:00:00,-13.3908
13048,06.02.2012 00:00:00,-13.3839
13049,06.02.2012 01:00:00,-13.375
13050,06.02.2012 02:00:00,-13.372,3.410
13051,06.02.2012 03:00:00,-13.3632
13052,06.02.2012 04:00:00,-13.3688
13053,06.02.2012 05:00:00,-13.3924
13054,06.02.2012 06:00:00,-13.4092
13055,06.02.2012 07:00:00,-13.437
13056,06.02.2012 08:00:00,-13.4733,3.408
13057,06.02.2012 09:00:00,-13.5203
13058,06.02.2012 10:00:00,-13.5694
13059,06.02.2012 11:00:00,-13.6308
13060,06.02.2012 12:00:00,-13.6821
13061,06.02.2012 13:00:00,-13.7227
13062,06.02.2012 14:00:00,-13.7586,3.405
13063,06.02.2012 15:00:00,-13.7889
13064,06.02.2012 16:00:00,-13.7954
13065,06.02.2012 17:00:00,-13.7905
13066,06.02.2012 18:00:00,-13.7815
13067,06.02.2012 19:00:00,-13.7703
13068,06.02.2012 20:00:00,-13.7421,3.406
13069,06.02.2012 21:00:00,-13.7129
13070,06.02.2012 22:00:00,-13.7045
13071,06.02.2012 23:00:00,-13.6877
13072,07.02.2012 00:00:00,-13.6837
13073,07.02.2012 01:00:00,-13.6864
13074,07.02.2012 02:00:00,-13.6894,3.405
13075,07.02.2012 03:00:00,-13.7052
13076,07.02.2012 04:00:00,-13.7429
13077,07.02.2012 05:00:00,-13.7751
13078,07.02.2012 06:00:00,-13.8137
13079,07.02.2012 07:00:00,-13.8591
13080,07.02.2012 08:00:00,-13.8983,3.402
13081,07.02.2012 09:00:00,-13.9466
13082,07.02.2012 10:00:00,-14.0093
13083,07.02.2012 11:00:00,-14.065
13084,07.02.2012 12:00:00,-14.1112
13085,07.02.2012 13:00:00,-14.1585
13086,07.02.2012 14:00:00,-14.2099,3.400
13087,07.02.2012 15:00:00,-14.2398
13088,07.02.2012 16:00:00,-14.2617
13089,07.02.2012 17:00:00,-14.2702
13090,07.02.2012 18:00:00,-14.2636
13091,07.02.2012 19:00:00,-14.2369
13092,07.02.2012 20:00:00,-14.1983,3.399
13093,07.02.2012 21:00:00,-14.1792
13094,07.02.2012 22:00:00,-14.1363
13095,07.02.2012 23:00:00,-14.118
13096,08.02.2012 00:00:00,-14.0856
13097,08.02.2012 01:00:00,-14.0748
13098,08.02.2012 02:00:00,-14.0557,3.402
13099,08.02.2012 03:00:00,-14.0487
13100,08.02.2012 04:00:00,-14.0421
13101,08.02.2012 05:00:00,-14.0453
13102,08.02.2012 06:00:00,-14.0438
13103,08.02.2012 07:00:00,-14.0649
13104,08.02.2012 08:00:00,-14.0816,3.402
13105,08.02.2012 09:00:00,-14.0935
13106,08.02.2012 10:00:00,-14.1102
13107,08.02.2012 11:00:00,-14.1225
13108,08.02.2012 12:00:00,-14.1638
13109,08.02.2012 13:00:00,-14.1807
13110,08.02.2012 14:00:00,-14.2163,3.400
13111,08.02.2012 15:00:00,-14.2232
13112,08.02.2012 16:00:00,-14.2475
13113,08.02.2012 17:00:00,-14.254
13114,08.02.2012 18:00:00,-14.2468
13115,08.02.2012 19:00:00,-14.2406
13116,08.02.2012 20:00:00,-14.2273,3.401
13117,08.02.2012 21:00:00,-14.1899
13118,08.02.2012 22:00:00,-14.2052
13119,08.02.2012 23:00:00,-14.1978
13120,09.02.2012 00:00:00,-14.2171
13121,09.02.2012 01:00:00,-14.2365
13122,09.02.2012 02:00:00,-14.2593,3.398
13123,09.02.2012 03:00:00,-14.2993
13124,09.02.2012 04:00:00,-14.3407
13125,09.02.2012 05:00:00,-14.4056
13126,09.02.2012 06:00:00,-14.4557
13127,09.02.2012 07:00:00,-14.5205
13128,09.02.2012 08:00:00,-14.5907,3.397
13129,09.02.2012 09:00:00,-14.6688
13130,09.02.2012 10:00:00,-14.7425
13131,09.02.2012 11:00:00,-14.8089
13132,09.02.2012 12:00:00,-14.8725
13133,09.02.2012 13:00:00,-14.9386
13134,09.02.2012 14:00:00,-14.9838,3.391
13135,09.02.2012 15:00:00,-14.9975
13136,09.02.2012 16:00:00,-15.0073
13137,09.02.2012 17:00:00,-15.0102
13138,09.02.2012 18:00:00,-14.9915
13139,09.02.2012 19:00:00,-14.9581
13140,09.02.2012 20:00:00,-14.9268,3.391
13141,09.02.2012 21:00:00,-14.9006
13142,09.02.2012 22:00:00,-14.8763
13143,09.02.2012 23:00:00,-14.846
13144,10.02.2012 00:00:00,-14.8335
13145,10.02.2012 01:00:00,-14.8216
13146,10.02.2012 02:00:00,-14.8176,3.391
13147,10.02.2012 03:00:00,-14.8141
13148,10.02.2012 04:00:00,-14.8255
13149,10.02.2012 05:00:00,-14.8463
13150,10.02.2012 06:00:00,-14.8656
13151,10.02.2012 07:00:00,-14.884
13152,10.02.2012 08:00:00,-14.8991,3.392
13153,10.02.2012 09:00:00,-14.9395
13154,10.02.2012 10:00:00,-14.9618
13155,10.02.2012 11:00:00,-14.9911
13156,10.02.2012 12:00:00,-15.0146
13157,10.02.2012 13:00:00,-15.0396
13158,10.02.2012 14:00:00,-15.0518,3.390
13159,10.02.2012 15:00:00,-15.055
13160,10.02.2012 16:00:00,-15.0356
13161,10.02.2012 17:00:00,-15.0177
13162,10.02.2012 18:00:00,-14.973
13163,10.02.2012 19:00:00,-14.9399
13164,10.02.2012 20:00:00,-14.922,3.391
13165,10.02.2012 21:00:00,-14.9024
13166,10.02.2012 22:00:00,-14.8843
13167,10.02.2012 23:00:00,-14.8734
13168,11.02.2012 00:00:00,-14.868
13169,11.02.2012 01:00:00,-14.8764
13170,11.02.2012 02:00:00,-14.8762,3.392
13171,11.02.2012 03:00:00,-14.8741
13172,11.02.2012 04:00:00,-14.8887
13173,11.02.2012 05:00:00,-14.8969
13174,11.02.2012 06:00:00,-14.9345
13175,11.02.2012 07:00:00,-14.9595
13176,11.02.2012 08:00:00,-14.9974,3.392
13177,11.02.2012 09:00:00,-15.0417
13178,11.02.2012 10:00:00,-15.0817
13179,11.02.2012 11:00:00,-15.1226
13180,11.02.2012 12:00:00,-15.16
13181,11.02.2012 13:00:00,-15.2026
13182,11.02.2012 14:00:00,-15.2349,3.386
13183,11.02.2012 15:00:00,-15.2551
13184,11.02.2012 16:00:00,-15.2734
13185,11.02.2012 17:00:00,-15.2582
13186,11.02.2012 18:00:00,-15.2466
13187,11.02.2012 19:00:00,-15.2244
13188,11.02.2012 20:00:00,-15.2122,3.389
13189,11.02.2012 21:00:00,-15.2072
13190,11.02.2012 22:00:00,-15.1882
13191,11.02.2012 23:00:00,-15.1994
13192,12.02.2012 00:00:00,-15.2188
13193,12.02.2012 01:00:00,-15.2314
13194,12.02.2012 02:00:00,-15.2657,3.389
13195,12.02.2012 03:00:00,-15.3113
13196,12.02.2012 04:00:00,-15.3364
13197,12.02.2012 05:00:00,-15.3706
13198,12.02.2012 06:00:00,-15.4181
13199,12.02.2012 07:00:00,-15.4809
13200,12.02.2012 08:00:00,-15.5345,3.383
13201,12.02.2012 09:00:00,-15.5998
13202,12.02.2012 10:00:00,-15.6721
13203,12.02.2012 11:00:00,-15.7383
13204,12.02.2012 12:00:00,-15.7957
13205,12.02.2012 13:00:00,-15.8414
13206,12.02.2012 14:00:00,-15.8964,3.378
13207,12.02.2012 15:00:00,-15.9099
13208,12.02.2012 16:00:00,-15.9212
13209,12.02.2012 17:00:00,-15.9131
13210,12.02.2012 18:00:00,-15.8841
13211,12.02.2012 19:00:00,-15.8369
13212,12.02.2012 20:00:00,-15.7828,3.380
13213,12.02.2012 21:00:00,-15.733
13214,12.02.2012 22:00:00,-15.6935
13215,12.02.2012 23:00:00,-15.6852
13216,13.02.2012 00:00:00,-15.68
13217,13.02.2012 01:00:00,-15.687
13218,13.02.2012 02:00:00,-15.7087,3.383
13219,13.02.2012 03:00:00,-15.7398
13220,13.02.2012 04:00:00,-15.7822
13221,13.02.2012 05:00:00,-15.8375
13222,13.02.2012 06:00:00,-15.8941
13223,13.02.2012 07:00:00,-15.9541
13224,13.02.2012 08:00:00,-16.0119,3.377
13225,13.02.2012 09:00:00,-16.0522
13226,13.02.2012 10:00:00,-16.1188
13227,13.02.2012 11:00:00,-16.1643
13228,13.02.2012 12:00:00,-16.2223
13229,13.02.2012 13:00:00,-16.2564
13230,13.02.2012 14:00:00,-16.2997,3.374
13231,13.02.2012 15:00:00,-16.3232
13232,13.02.2012 16:00:00,-16.3304
13233,13.02.2012 17:00:00,-16.2938
13234,13.02.2012 18:00:00,-16.2541
13235,13.02.2012 19:00:00,-16.2033
13236,13.02.2012 20:00:00,-16.1457,3.376
13237,13.02.2012 21:00:00,-16.0877
13238,13.02.2012 22:00:00,-16.0335
13239,13.02.2012 23:00:00,-15.9989
13240,14.02.2012 00:00:00,-15.9664
13241,14.02.2012 01:00:00,-15.9386
13242,14.02.2012 02:00:00,-15.9346,3.378
13243,14.02.2012 03:00:00,-15.926
13244,14.02.2012 04:00:00,-15.9461
13245,14.02.2012 05:00:00,-15.9493
13246,14.02.2012 06:00:00,-15.9601
13247,14.02.2012 07:00:00,-15.9757
13248,14.02.2012 08:00:00,-16.0051,3.379
13249,14.02.2012 09:00:00,-16.0229
13250,14.02.2012 10:00:00,-16.0091
13251,14.02.2012 11:00:00,-15.9857
13252,14.02.2012 12:00:00,-16.0072
13253,14.02.2012 13:00:00,-16.002
13254,14.02.2012 14:00:00,-15.9925,3.379
13255,14.02.2012 15:00:00,-15.9692
13256,14.02.2012 16:00:00,-15.9221
13257,14.02.2012 17:00:00,-15.8855
13258,14.02.2012 18:00:00,-15.8271
13259,14.02.2012 19:00:00,-15.771
13260,14.02.2012 20:00:00,-15.7103,3.381
13261,14.02.2012 21:00:00,-15.658
13262,14.02.2012 22:00:00,-15.5965
13263,14.02.2012 23:00:00,-15.5542
13264,15.02.2012 00:00:00,-15.5209
13265,15.02.2012 01:00:00,-15.4912
13266,15.02.2012 02:00:00,-15.4912,3.385
13267,15.02.2012 03:00:00,-15.4959
13268,15.02.2012 04:00:00,-15.5139
13269,15.02.2012 05:00:00,-15.5285
13270,15.02.2012 06:00:00,-15.5576
13271,15.02.2012 07:00:00,-15.5965
13272,15.02.2012 08:00:00,-15.6293,3.385
13273,15.02.2012 09:00:00,-15.664
13274,15.02.2012 10:00:00,-15.6398
13275,15.02.2012 11:00:00,-15.6512
13276,15.02.2012 12:00:00,-15.6658
13277,15.02.2012 13:00:00,-15.6596
13278,15.02.2012 14:00:00,-15.6683,3.383
13279,15.02.2012 15:00:00,-15.661
13280,15.02.2012 16:00:00,-15.6484
13281,15.02.2012 17:00:00,-15.6335
13282,15.02.2012 18:00:00,-15.5919
13283,15.02.2012 19:00:00,-15.5508
13284,15.02.2012 20:00:00,-15.5156,3.385
13285,15.02.2012 21:00:00,-15.4703
13286,15.02.2012 22:00:00,-15.445
13287,15.02.2012 23:00:00,-15.4258
13288,16.02.2012 00:00:00,-15.4269
13289,16.02.2012 01:00:00,-15.429
13290,16.02.2012 02:00:00,-15.4493,3.384
13291,16.02.2012 03:00:00,-15.4812
13292,16.02.2012 04:00:00,-15.5192
13293,16.02.2012 05:00:00,-15.5581
13294,16.02.2012 06:00:00,-15.6
13295,16.02.2012 07:00:00,-15.6474
13296,16.02.2012 08:00:00,-15.7006,3.382
13297,16.02.2012 09:00:00,-15.7418
13298,16.02.2012 10:00:00,-15.7916
13299,16.02.2012 11:00:00,-15.8015
13300,16.02.2012 12:00:00,-15.8279
13301,16.02.2012 13:00:00,-15.85
13302,16.02.2012 14:00:00,-15.8673,3.379
13303,16.02.2012 15:00:00,-15.8631
13304,16.02.2012 16:00:00,-15.8665
13305,16.02.2012 17:00:00,-15.8623
13306,16.02.2012 18:00:00,-15.8504
13307,16.02.2012 19:00:00,-15.8165
13308,16.02.2012 20:00:00,-15.7949,3.379
13309,16.02.2012 21:00:00,-15.7669
13310,16.02.2012 22:00:00,-15.7436
13311,16.02.2012 23:00:00,-15.7314
13312,17.02.2012 00:00:00,-15.713
13313,17.02.2012 01:00:00,-15.7184
13314,17.02.2012 02:00:00,-15.7293,3.381
13315,17.02.2012 03:00:00,-15.7502
13316,17.02.2012 04:00:00,-15.77
13317,17.02.2012 05:00:00,-15.7913
13318,17.02.2012 06:00:00,-15.8362
13319,17.02.2012 07:00:00,-15.8775
13320,17.02.2012 08:00:00,-15.931,3.379
13321,17.02.2012 09:00:00,-15.9815
13322,17.02.2012 10:00:00,-16.0413
13323,17.02.2012 11:00:00,-16.1054
13324,17.02.2012 12:00:00,-16.1321
13325,17.02.2012 13:00:00,-16.1741
13326,17.02.2012 14:00:00,-16.1976,3.375
13327,17.02.2012 15:00:00,-16.2175
13328,17.02.2012 16:00:00,-16.2325
13329,17.02.2012 17:00:00,-16.2397
13330,17.02.2012 18:00:00,-16.2194
13331,17.02.2012 19:00:00,-16.1846
13332,17.02.2012 20:00:00,-16.1655,3.376
13333,17.02.2012 21:00:00,-16.1115
13334,17.02.2012 22:00:00,-16.0879
13335,17.02.2012 23:00:00,-16.06
13336,18.02.2012 00:00:00,-16.0249
13337,18.02.2012 01:00:00,-16.0076
13338,18.02.2012 02:00:00,-15.9849,3.379
13339,18.02.2012 03:00:00,-15.9749
13340,18.02.2012 04:00:00,-15.9705
13341,18.02.2012 05:00:00,-15.96
13342,18.02.2012 06:00:00,-15.96
13343,18.02.2012 07:00:00,-15.9611
13344,18.02.2012 08:00:00,-15.9655,3.378
13345,18.02.2012 09:00:00,-15.9774
13346,18.02.2012 10:00:00,-15.9879
13347,18.02.2012 11:00:00,-15.9988
13348,18.02.2012 12:00:00,-16.0115
13349,18.02.2012 13:00:00,-16.0193
13350,18.02.2012 14:00:00,-16.0176,3.377
13351,18.02.2012 15:00:00,-16.0227
13352,18.02.2012 16:00:00,-16.0061
13353,18.02.2012 17:00:00,-15.9513
13354,18.02.2012 18:00:00,-15.9034
13355,18.02.2012 19:00:00,-15.835
13356,18.02.2012 20:00:00,-15.7646,3.381
13357,18.02.2012 21:00:00,-15.6805
13358,18.02.2012 22:00:00,-15.5999
13359,18.02.2012 23:00:00,-15.5251
13360,19.02.2012 00:00:00,-15.4414
13361,19.02.2012 01:00:00,-15.3782
13362,19.02.2012 02:00:00,-15.3398,3.387
13363,19.02.2012 03:00:00,-15.3054
13364,19.02.2012 04:00:00,-15.2722
13365,19.02.2012 05:00:00,-15.2363
13366,19.02.2012 06:00:00,-15.2165
13367,19.02.2012 07:00:00,-15.2126
13368,19.02.2012 08:00:00,-15.208,3.388
13369,19.02.2012 09:00:00,-15.2131
13370,19.02.2012 10:00:00,-15.2242
13371,19.02.2012 11:00:00,-15.2331
13372,19.02.2012 12:00:00,-15.232
13373,19.02.2012 13:00:00,-15.2389
13374,19.02.2012 14:00:00,-15.2321,3.386
13375,19.02.2012 15:00:00,-15.2169
13376,19.02.2012 16:00:00,-15.1879
13377,19.02.2012 17:00:00,-15.1349
13378,19.02.2012 18:00:00,-15.0785
13379,19.02.2012 19:00:00,-15.0288
13380,19.02.2012 20:00:00,-14.9486,3.392
13381,19.02.2012 21:00:00,-14.8845
13382,19.02.2012 22:00:00,-14.8161
13383,19.02.2012 23:00:00,-14.7509
13384,20.02.2012 00:00:00,-14.6914
13385,20.02.2012 01:00:00,-14.6426
13386,20.02.2012 02:00:00,-14.5883,3.396
13387,20.02.2012 03:00:00,-14.5519
13388,20.02.2012 04:00:00,-14.5192
13389,20.02.2012 05:00:00,-14.4718
13390,20.02.2012 06:00:00,-14.46
13391,20.02.2012 07:00:00,-14.443
13392,20.02.2012 08:00:00,-14.4243,3.397
13393,20.02.2012 09:00:00,-14.4102
13394,20.02.2012 10:00:00,-14.3975
13395,20.02.2012 11:00:00,-14.3897
13396,20.02.2012 12:00:00,-14.3714
13397,20.02.2012 13:00:00,-14.3488
13398,20.02.2012 14:00:00,-14.3239,3.398
13399,20.02.2012 15:00:00,-14.2951
13400,20.02.2012 16:00:00,-14.2635
13401,20.02.2012 17:00:00,-14.2217
13402,20.02.2012 18:00:00,-14.1739
13403,20.02.2012 19:00:00,-14.1107
13404,20.02.2012 20:00:00,-14.0574,3.401
13405,20.02.2012 21:00:00,-14.0072
13406,20.02.2012 22:00:00,-13.9481
13407,20.02.2012 23:00:00,-13.9128
13408,21.02.2012 00:00:00,-13.8808
13409,21.02.2012 01:00:00,-13.8643
13410,21.02.2012 02:00:00,-13.8495,3.404
13411,21.02.2012 03:00:00,-13.849
13412,21.02.2012 04:00:00,-13.8347
13413,21.02.2012 05:00:00,-13.8253
13414,21.02.2012 06:00:00,-13.8179
13415,21.02.2012 07:00:00,-13.8104
13416,21.02.2012 08:00:00,-13.8066,3.404
13417,21.02.2012 09:00:00,-13.8079
13418,21.02.2012 10:00:00,-13.7995
13419,21.02.2012 11:00:00,-13.799
13420,21.02.2012 12:00:00,-13.7948
13421,21.02.2012 13:00:00,-13.7894
13422,21.02.2012 14:00:00,-13.7714,3.405
13423,21.02.2012 15:00:00,-13.7527
13424,21.02.2012 16:00:00,-13.7428
13425,21.02.2012 17:00:00,-13.7304
13426,21.02.2012 18:00:00,-13.7125
13427,21.02.2012 19:00:00,-13.7019
13428,21.02.2012 20:00:00,-13.6865,3.406
13429,21.02.2012 21:00:00,-13.6752
13430,21.02.2012 22:00:00,-13.6573
13431,21.02.2012 23:00:00,-13.6541
13432,22.02.2012 00:00:00,-13.6536
13433,22.02.2012 01:00:00,-13.6568
13434,22.02.2012 02:00:00,-13.6658,3.406
13435,22.02.2012 03:00:00,-13.684
13436,22.02.2012 04:00:00,-13.7009
13437,22.02.2012 05:00:00,-13.7174
13438,22.02.2012 06:00:00,-13.7424
13439,22.02.2012 07:00:00,-13.7705
13440,22.02.2012 08:00:00,-13.8004,3.405
13441,22.02.2012 09:00:00,-13.8343
13442,22.02.2012 10:00:00,-13.8642
13443,22.02.2012 11:00:00,-13.8871
13444,22.02.2012 12:00:00,-13.9079
13445,22.02.2012 13:00:00,-13.9285
13446,22.02.2012 14:00:00,-13.9522,3.402
13447,22.02.2012 15:00:00,-13.9747
13448,22.02.2012 16:00:00,-13.9775
13449,22.02.2012 17:00:00,-13.9851
13450,22.02.2012 18:00:00,-13.9744
13451,22.02.2012 19:00:00,-13.9697
13452,22.02.2012 20:00:00,-13.9634,3.402
13453,22.02.2012 21:00:00,-13.9534
13454,22.02.2012 22:00:00,-13.9518
13455,22.02.2012 23:00:00,-13.9538
13456,23.02.2012 00:00:00,-13.9646
13457,23.02.2012 01:00:00,-13.9695
13458,23.02.2012 02:00:00,-13.9922,3.402
13459,23.02.2012 03:00:00,-14.0156
13460,23.02.2012 04:00:00,-14.0311
13461,23.02.2012 05:00:00,-14.0646
13462,23.02.2012 06:00:00,-14.0883
13463,23.02.2012 07:00:00,-14.1196
13464,23.02.2012 08:00:00,-14.1463,3.401
13465,23.02.2012 09:00:00,-14.1809
13466,23.02.2012 10:00:00,-14.1999
13467,23.02.2012 11:00:00,-14.2407
13468,23.02.2012 12:00:00,-14.266
13469,23.02.2012 13:00:00,-14.285
13470,23.02.2012 14:00:00,-14.2961,3.399
13471,23.02.2012 15:00:00,-14.3059
13472,23.02.2012 16:00:00,-14.3097
13473,23.02.2012 17:00:00,-14.2968
13474,23.02.2012 18:00:00,-14.2955
13475,23.02.2012 19:00:00,-14.2854
13476,23.02.2012 20:00:00,-14.2682,3.399
13477,23.02.2012 21:00:00,-14.2459
13478,23.02.2012 22:00:00,-14.239
13479,23.02.2012 23:00:00,-14.233
13480,24.02.2012 00:00:00,-14.2387
13481,24.02.2012 01:00:00,-14.2485
13482,24.02.2012 02:00:00,-14.2608,3.397
13483,24.02.2012 03:00:00,-14.2894
13484,24.02.2012 04:00:00,-14.3085
13485,24.02.2012 05:00:00,-14.3693
13486,24.02.2012 06:00:00,-14.3987
13487,24.02.2012 07:00:00,-14.4462
13488,24.02.2012 08:00:00,-14.4836,3.397
13489,24.02.2012 09:00:00,-14.5275
13490,24.02.2012 10:00:00,-14.58
13491,24.02.2012 11:00:00,-14.6431
13492,24.02.2012 12:00:00,-14.6774
13493,24.02.2012 13:00:00,-14.7136
13494,24.02.2012 14:00:00,-14.7457,3.392
13495,24.02.2012 15:00:00,-14.7566
13496,24.02.2012 16:00:00,-14.7658
13497,24.02.2012 17:00:00,-14.7776
13498,24.02.2012 18:00:00,-14.7709
13499,24.02.2012 19:00:00,-14.7566
13500,24.02.2012 20:00:00,-14.7362,3.393
13501,24.02.2012 21:00:00,-14.7111
13502,24.02.2012 22:00:00,-14.7099
13503,24.02.2012 23:00:00,-14.6963
13504,25.02.2012 00:00:00,-14.6978
13505,25.02.2012 01:00:00,-14.7075
13506,25.02.2012 02:00:00,-14.7174,3.393
13507,25.02.2012 03:00:00,-14.7367
13508,25.02.2012 04:00:00,-14.7708
13509,25.02.2012 05:00:00,-14.803
13510,25.02.2012 06:00:00,-14.8465
13511,25.02.2012 07:00:00,-14.8719
13512,25.02.2012 08:00:00,-14.9259,3.392
13513,25.02.2012 09:00:00,-14.9705
13514,25.02.2012 10:00:00,-15.0286
13515,25.02.2012 11:00:00,-15.0736
13516,25.02.2012 12:00:00,-15.1247
13517,25.02.2012 13:00:00,-15.1793
13518,25.02.2012 14:00:00,-15.2245,3.386
13519,25.02.2012 15:00:00,-15.2578
13520,25.02.2012 16:00:00,-15.2659
13521,25.02.2012 17:00:00,-15.2801
13522,25.02.2012 18:00:00,-15.2796
13523,25.02.2012 19:00:00,-15.2496
13524,25.02.2012 20:00:00,-15.2108,3.388
13525,25.02.2012 21:00:00,-15.164
13526,25.02.2012 22:00:00,-15.1337
13527,25.02.2012 23:00:00,-15.1065
13528,26.02.2012 00:00:00,-15.09
13529,26.02.2012 01:00:00,-15.0752
13530,26.02.2012 02:00:00,-15.0764,3.389
13531,26.02.2012 03:00:00,-15.0743
13532,26.02.2012 04:00:00,-15.0725
13533,26.02.2012 05:00:00,-15.0784
13534,26.02.2012 06:00:00,-15.101
13535,26.02.2012 07:00:00,-15.118
13536,26.02.2012 08:00:00,-15.1318,3.388
13537,26.02.2012 09:00:00,-15.1523
13538,26.02.2012 10:00:00,-15.1835
13539,26.02.2012 11:00:00,-15.2078
13540,26.02.2012 12:00:00,-15.2258
13541,26.02.2012 13:00:00,-15.2329
13542,26.02.2012 14:00:00,-15.2265,3.386
13543,26.02.2012 15:00:00,-15.2102
13544,26.02.2012 16:00:00,-15.1766
13545,26.02.2012 17:00:00,-15.1326
13546,26.02.2012 18:00:00,-15.0759
13547,26.02.2012 19:00:00,-15.0173
13548,26.02.2012 20:00:00,-14.9372,3.392
13549,26.02.2012 21:00:00,-14.8774
13550,26.02.2012 22:00:00,-14.8059
13551,26.02.2012 23:00:00,-14.7455
13552,27.02.2012 00:00:00,-14.7033
13553,27.02.2012 01:00:00,-14.6761
13554,27.02.2012 02:00:00,-14.6406,3.395
13555,27.02.2012 03:00:00,-14.6113
13556,27.02.2012 04:00:00,-14.5851
13557,27.02.2012 05:00:00,-14.5597
13558,27.02.2012 06:00:00,-14.5371
13559,27.02.2012 07:00:00,-14.5181
13560,27.02.2012 08:00:00,-14.4968,3.396
13561,27.02.2012 09:00:00,-14.4794
13562,27.02.2012 10:00:00,-14.4727
13563,27.02.2012 11:00:00,-14.4646
13564,27.02.2012 12:00:00,-14.4576
13565,27.02.2012 13:00:00,-14.4511
13566,27.02.2012 14:00:00,-14.4373,3.397
13567,27.02.2012 15:00:00,-14.4148
13568,27.02.2012 16:00:00,-14.3727
13569,27.02.2012 17:00:00,-14.3212
13570,27.02.2012 18:00:00,-14.2596
13571,27.02.2012 19:00:00,-14.1956
13572,27.02.2012 20:00:00,-14.1205,3.402
13573,27.02.2012 21:00:00,-14.0587
13574,27.02.2012 22:00:00,-14.0143
13575,27.02.2012 23:00:00,-13.9783
13576,28.02.2012 00:00:00,-13.9262
13577,28.02.2012 01:00:00,-13.8756
13578,28.02.2012 02:00:00,-13.8561,3.403
13579,28.02.2012 03:00:00,-13.8154
13580,28.02.2012 04:00:00,-13.8058
13581,28.02.2012 05:00:00,-13.7894
13582,28.02.2012 06:00:00,-13.7899
13583,28.02.2012 07:00:00,-13.7866
13584,28.02.2012 08:00:00,-13.7941,3.404
13585,28.02.2012 09:00:00,-13.7961
13586,28.02.2012 10:00:00,-13.8137
13587,28.02.2012 11:00:00,-13.8221
13588,28.02.2012 12:00:00,-13.8361
13589,28.02.2012 13:00:00,-13.8426
13590,28.02.2012 14:00:00,-13.8531,3.405
13591,28.02.2012 15:00:00,-13.83
13592,28.02.2012 16:00:00,-13.8058
13593,28.02.2012 17:00:00,-13.7818
13594,28.02.2012 18:00:00,-13.7398
13595,28.02.2012 19:00:00,-13.6956
13596,28.02.2012 20:00:00,-13.6653,3.405
13597,28.02.2012 21:00:00,-13.641
13598,28.02.2012 22:00:00,-13.6129
13599,28.02.2012 23:00:00,-13.5982
13600,29.02.2012 00:00:00,-13.6038
13601,29.02.2012 01:00:00,-13.6156
13602,29.02.2012 02:00:00,-13.6503,3.407
13603,29.02.2012 03:00:00,-13.6792
13604,29.02.2012 04:00:00,-13.7209
13605,29.02.2012 05:00:00,-13.7904
13606,29.02.2012 06:00:00,-13.8533
13607,29.02.2012 07:00:00,-13.9162
13608,29.02.2012 08:00:00,-13.993,3.402
13609,29.02.2012 09:00:00,-14.0507
13610,29.02.2012 10:00:00,-14.1238
13611,29.02.2012 11:00:00,-14.183
13612,29.02.2012 12:00:00,-14.2322
13613,29.02.2012 13:00:00,-14.2573
13614,29.02.2012 14:00:00,-14.2547,3.401
13615,29.02.2012 15:00:00,-14.2296
13616,29.02.2012 16:00:00,-14.161
13617,29.02.2012 17:00:00,-14.0983
13618,29.02.2012 18:00:00,-14.0183
13619,29.02.2012 19:00:00,-13.9467
13620,29.02.2012 20:00:00,-13.8793,3.402
13621,29.02.2012 21:00:00,-13.8111
13622,29.02.2012 22:00:00,-13.7658
13623,29.02.2012 23:00:00,-13.726
13624,01.03.2012 00:00:00,-13.7045
13625,01.03.2012 01:00:00,-13.6993
13626,01.03.2012 02:00:00,-13.7012,3.407
13627,01.03.2012 03:00:00,-13.7115
13628,01.03.2012 04:00:00,-13.7188
13629,01.03.2012 05:00:00,-13.7332
13630,01.03.2012 06:00:00,-13.7599
13631,01.03.2012 07:00:00,-13.7884
13632,01.03.2012 08:00:00,-13.8102,3.404
13633,01.03.2012 09:00:00,-13.8318
13634,01.03.2012 10:00:00,-13.8629
13635,01.03.2012 11:00:00,-13.866
13636,01.03.2012 12:00:00,-13.8765
13637,01.03.2012 13:00:00,-13.873
13638,01.03.2012 14:00:00,-13.8595,3.403
13639,01.03.2012 15:00:00,-13.8295
13640,01.03.2012 16:00:00,-13.7777
13641,01.03.2012 17:00:00,-13.7245
13642,01.03.2012 18:00:00,-13.6734
13643,01.03.2012 19:00:00,-13.6284
13644,01.03.2012 20:00:00,-13.5809,3.409
13645,01.03.2012 21:00:00,-13.5499
13646,01.03.2012 22:00:00,-13.5182
13647,01.03.2012 23:00:00,-13.4986
13648,02.03.2012 00:00:00,-13.4844
13649,02.03.2012 01:00:00,-13.483
13650,02.03.2012 02:00:00,-13.4931,3.409
13651,02.03.2012 03:00:00,-13.5099
13652,02.03.2012 04:00:00,-13.535
13653,02.03.2012 05:00:00,-13.5659
13654,02.03.2012 06:00:00,-13.6207
13655,02.03.2012 07:00:00,-13.6741
13656,02.03.2012 08:00:00,-13.7358,3.408
13657,02.03.2012 09:00:00,-13.8128
13658,02.03.2012 10:00:00,-13.8884
13659,02.03.2012 11:00:00,-13.9575
13660,02.03.2012 12:00:00,-14.0079
13661,02.03.2012 13:00:00,-14.0351
13662,02.03.2012 14:00:00,-14.0416,3.402
13663,02.03.2012 15:00:00,-14.0305
13664,02.03.2012 16:00:00,-13.9958
13665,02.03.2012 17:00:00,-13.9278
13666,02.03.2012 18:00:00,-13.8801
13667,02.03.2012 19:00:00,-13.8118
13668,02.03.2012 20:00:00,-13.7474,3.407
13669,02.03.2012 21:00:00,-13.6948
13670,02.03.2012 22:00:00,-13.6699
13671,02.03.2012 23:00:00,-13.6653
13672,03.03.2012 00:00:00,-13.6586
13673,03.03.2012 01:00:00,-13.6722
13674,03.03.2012 02:00:00,-13.6918,3.407
13675,03.03.2012 03:00:00,-13.7157
13676,03.03.2012 04:00:00,-13.7566
13677,03.03.2012 05:00:00,-13.8154
13678,03.03.2012 06:00:00,-13.8783
13679,03.03.2012 07:00:00,-13.9351
13680,03.03.2012 08:00:00,-14.0239,3.403
13681,03.03.2012 09:00:00,-14.0761
13682,03.03.2012 10:00:00,-14.1367
13683,03.03.2012 11:00:00,-14.1717
13684,03.03.2012 12:00:00,-14.2037
13685,03.03.2012 13:00:00,-14.2132
13686,03.03.2012 14:00:00,-14.2094,3.402
13687,03.03.2012 15:00:00,-14.1765
13688,03.03.2012 16:00:00,-14.133
13689,03.03.2012 17:00:00,-14.0585
13690,03.03.2012 18:00:00,-13.9713
13691,03.03.2012 19:00:00,-13.8601
13692,03.03.2012 20:00:00,-13.7468,3.407
13693,03.03.2012 21:00:00,-13.6396
13694,03.03.2012 22:00:00,-13.5483
13695,03.03.2012 23:00:00,-13.4709
13696,04.03.2012 00:00:00,-13.4203
13697,04.03.2012 01:00:00,-13.3978
13698,04.03.2012 02:00:00,-13.3857,3.410
13699,04.03.2012 03:00:00,-13.3978
13700,04.03.2012 04:00:00,-13.3996
13701,04.03.2012 05:00:00,-13.4032
13702,04.03.2012 06:00:00,-13.4176
13703,04.03.2012 07:00:00,-13.4396
13704,04.03.2012 08:00:00,-13.4604,3.410
13705,04.03.2012 09:00:00,-13.4682
13706,04.03.2012 10:00:00,-13.4936
13707,04.03.2012 11:00:00,-13.4898
13708,04.03.2012 12:00:00,-13.5075
13709,04.03.2012 13:00:00,-13.4999
13710,04.03.2012 14:00:00,-13.4871,3.409
13711,04.03.2012 15:00:00,-13.4469
13712,04.03.2012 16:00:00,-13.3947
13713,04.03.2012 17:00:00,-13.329
13714,04.03.2012 18:00:00,-13.2613
13715,04.03.2012 19:00:00,-13.1741
13716,04.03.2012 20:00:00,-13.0892,3.415
13717,04.03.2012 21:00:00,-13.0039
13718,04.03.2012 22:00:00,-12.9364
13719,04.03.2012 23:00:00,-12.8663
13720,05.03.2012 00:00:00,-12.8184
13721,05.03.2012 01:00:00,-12.7791
13722,05.03.2012 02:00:00,-12.7538,3.417
13723,05.03.2012 03:00:00,-12.7306
13724,05.03.2012 04:00:00,-12.7269
13725,05.03.2012 05:00:00,-12.7218
13726,05.03.2012 06:00:00,-12.7323
13727,05.03.2012 07:00:00,-12.7438
13728,05.03.2012 08:00:00,-12.7598,3.418
13729,05.03.2012 09:00:00,-12.7786
13730,05.03.2012 10:00:00,-12.7987
13731,05.03.2012 11:00:00,-12.8184
13732,05.03.2012 12:00:00,-12.8491
13733,05.03.2012 13:00:00,-12.8688
13734,05.03.2012 14:00:00,-12.8681,3.417
13735,05.03.2012 15:00:00,-12.8722
13736,05.03.2012 16:00:00,-12.8501
13737,05.03.2012 17:00:00,-12.8316
13738,05.03.2012 18:00:00,-12.819
13739,05.03.2012 19:00:00,-12.7997
13740,05.03.2012 20:00:00,-12.7843,3.417
13741,05.03.2012 21:00:00,-12.7587
13742,05.03.2012 22:00:00,-12.7438
13743,05.03.2012 23:00:00,-12.7228
13744,06.03.2012 00:00:00,-12.7134
13745,06.03.2012 01:00:00,-12.7086
13746,06.03.2012 02:00:00,-12.7059,3.417
13747,06.03.2012 03:00:00,-12.7098
13748,06.03.2012 04:00:00,-12.7127
13749,06.03.2012 05:00:00,-12.731
13750,06.03.2012 06:00:00,-12.7409
13751,06.03.2012 07:00:00,-12.7609
13752,06.03.2012 08:00:00,-12.7787,3.417
13753,06.03.2012 09:00:00,-12.7953
13754,06.03.2012 10:00:00,-12.8201
13755,06.03.2012 11:00:00,-12.8544
13756,06.03.2012 12:00:00,-12.8837
13757,06.03.2012 13:00:00,-12.917
13758,06.03.2012 14:00:00,-12.9402,3.416
13759,06.03.2012 15:00:00,-12.959
13760,06.03.2012 16:00:00,-12.9638
13761,06.03.2012 17:00:00,-12.9752
13762,06.03.2012 18:00:00,-12.9623
13763,06.03.2012 19:00:00,-12.947
13764,06.03.2012 20:00:00,-12.9253,3.414
13765,06.03.2012 21:00:00,-12.9099
13766,06.03.2012 22:00:00,-12.8841
13767,06.03.2012 23:00:00,-12.8842
13768,07.03.2012 00:00:00,-12.891
13769,07.03.2012 01:00:00,-12.9178
13770,07.03.2012 02:00:00,-12.9443,3.415
13771,07.03.2012 03:00:00,-12.9831
13772,07.03.2012 04:00:00,-13.0141
13773,07.03.2012 05:00:00,-13.0619
13774,07.03.2012 06:00:00,-13.1119
13775,07.03.2012 07:00:00,-13.1652
13776,07.03.2012 08:00:00,-13.2135,3.413
13777,07.03.2012 09:00:00,-13.2591
13778,07.03.2012 10:00:00,-13.306
13779,07.03.2012 11:00:00,-13.3631
13780,07.03.2012 12:00:00,-13.3883
13781,07.03.2012 13:00:00,-13.4191
13782,07.03.2012 14:00:00,-13.4486,3.407
13783,07.03.2012 15:00:00,-13.4633
13784,07.03.2012 16:00:00,-13.4587
13785,07.03.2012 17:00:00,-13.4416
13786,07.03.2012 18:00:00,-13.3996
13787,07.03.2012 19:00:00,-13.3587
13788,07.03.2012 20:00:00,-13.2942,3.410
13789,07.03.2012 21:00:00,-13.2544
13790,07.03.2012 22:00:00,-13.2144
13791,07.03.2012 23:00:00,-13.1855
13792,08.03.2012 00:00:00,-13.1566
13793,08.03.2012 01:00:00,-13.1428
13794,08.03.2012 02:00:00,-13.1262,3.413
13795,08.03.2012 03:00:00,-13.1265
13796,08.03.2012 04:00:00,-13.1236
13797,08.03.2012 05:00:00,-13.1176
13798,08.03.2012 06:00:00,-13.1211
13799,08.03.2012 07:00:00,-13.13
13800,08.03.2012 08:00:00,-13.1311,3.413
13801,08.03.2012 09:00:00,-13.1505
13802,08.03.2012 10:00:00,-13.1578
13803,08.03.2012 11:00:00,-13.1832
13804,08.03.2012 12:00:00,-13.1972
13805,08.03.2012 13:00:00,-13.2135
13806,08.03.2012 14:00:00,-13.244,3.412
13807,08.03.2012 15:00:00,-13.2654
13808,08.03.2012 16:00:00,-13.2691
13809,08.03.2012 17:00:00,-13.2665
13810,08.03.2012 18:00:00,-13.2625
13811,08.03.2012 19:00:00,-13.2388
13812,08.03.2012 20:00:00,-13.2191,3.412
13813,08.03.2012 21:00:00,-13.2074
13814,08.03.2012 22:00:00,-13.2007
13815,08.03.2012 23:00:00,-13.203
13816,09.03.2012 00:00:00,-13.2111
13817,09.03.2012 01:00:00,-13.2285
13818,09.03.2012 02:00:00,-13.2636,3.410
13819,09.03.2012 03:00:00,-13.2929
13820,09.03.2012 04:00:00,-13.3378
13821,09.03.2012 05:00:00,-13.3886
13822,09.03.2012 06:00:00,-13.4527
13823,09.03.2012 07:00:00,-13.525
13824,09.03.2012 08:00:00,-13.6006,3.407
13825,09.03.2012 09:00:00,-13.6683
13826,09.03.2012 10:00:00,-13.7346
13827,09.03.2012 11:00:00,-13.7989
13828,09.03.2012 12:00:00,-13.8501
13829,09.03.2012 13:00:00,-13.9189
13830,09.03.2012 14:00:00,-13.9513,3.403
13831,09.03.2012 15:00:00,-13.9916
13832,09.03.2012 16:00:00,-13.9768
13833,09.03.2012 17:00:00,-13.9834
13834,09.03.2012 18:00:00,-13.9793
13835,09.03.2012 19:00:00,-13.9476
13836,09.03.2012 20:00:00,-13.9193,3.404
13837,09.03.2012 21:00:00,-13.9028
13838,09.03.2012 22:00:00,-13.8787
13839,09.03.2012 23:00:00,-13.87
13840,10.03.2012 00:00:00,-13.8735
13841,10.03.2012 01:00:00,-13.8827
13842,10.03.2012 02:00:00,-13.9023,3.403
13843,10.03.2012 03:00:00,-13.9407
13844,10.03.2012 04:00:00,-13.9851
13845,10.03.2012 05:00:00,-14.0229
13846,10.03.2012 06:00:00,-14.0786
13847,10.03.2012 07:00:00,-14.1345
13848,10.03.2012 08:00:00,-14.1905,3.401
13849,10.03.2012 09:00:00,-14.2396
13850,10.03.2012 10:00:00,-14.2904
13851,10.03.2012 11:00:00,-14.3339
13852,10.03.2012 12:00:00,-14.3632
13853,10.03.2012 13:00:00,-14.3973
13854,10.03.2012 14:00:00,-14.4355,3.399
13855,10.03.2012 15:00:00,-14.4389
13856,10.03.2012 16:00:00,-14.4372
13857,10.03.2012 17:00:00,-14.4202
13858,10.03.2012 18:00:00,-14.3905
13859,10.03.2012 19:00:00,-14.3295
13860,10.03.2012 20:00:00,-14.291,3.400
13861,10.03.2012 21:00:00,-14.242
13862,10.03.2012 22:00:00,-14.2181
13863,10.03.2012 23:00:00,-14.1712
13864,11.03.2012 00:00:00,-14.1591
13865,11.03.2012 01:00:00,-14.1456
13866,11.03.2012 02:00:00,-14.1467,3.400
13867,11.03.2012 03:00:00,-14.154
13868,11.03.2012 04:00:00,-14.1582
13869,11.03.2012 05:00:00,-14.1695
13870,11.03.2012 06:00:00,-14.196
13871,11.03.2012 07:00:00,-14.2276
13872,11.03.2012 08:00:00,-14.2601,3.401
13873,11.03.2012 09:00:00,-14.2961
13874,11.03.2012 10:00:00,-14.3012
13875,11.03.2012 11:00:00,-14.3219
13876,11.03.2012 12:00:00,-14.3325
13877,11.03.2012 13:00:00,-14.3446
13878,11.03.2012 14:00:00,-14.351,3.399
13879,11.03.2012 15:00:00,-14.3475
13880,11.03.2012 16:00:00,-14.3369
13881,11.03.2012 17:00:00,-14.3013
13882,11.03.2012 18:00:00,-14.2514
13883,11.03.2012 19:00:00,-14.21
13884,11.03.2012 20:00:00,-14.1635,3.400
13885,11.03.2012 21:00:00,-14.1241
13886,11.03.2012 22:00:00,-14.0848
13887,11.03.2012 23:00:00,-14.055
13888,12.03.2012 00:00:00,-14.035
13889,12.03.2012 01:00:00,-14.0206
13890,12.03.2012 02:00:00,-14.0113,3.403
13891,12.03.2012 03:00:00,-14.0198
13892,12.03.2012 04:00:00,-14.0247
13893,12.03.2012 05:00:00,-14.0449
13894,12.03.2012 06:00:00,-14.0533
13895,12.03.2012 07:00:00,-14.0798
13896,12.03.2012 08:00:00,-14.1075,3.402
13897,12.03.2012 09:00:00,-14.1198
13898,12.03.2012 10:00:00,-14.1158
13899,12.03.2012 11:00:00,-14.1145
13900,12.03.2012 12:00:00,-14.1065
13901,12.03.2012 13:00:00,-14.0938
13902,12.03.2012 14:00:00,-14.0241,3.403
13903,12.03.2012 15:00:00,-13.8965
13904,12.03.2012 16:00:00,-13.7739
13905,12.03.2012 17:00:00,-13.6898
13906,12.03.2012 18:00:00,-13.6254
13907,12.03.2012 19:00:00,-13.5436
13908,12.03.2012 20:00:00,-13.4609,3.409
13909,12.03.2012 21:00:00,-13.3808
13910,12.03.2012 22:00:00,-13.3106
13911,12.03.2012 23:00:00,-13.2707
13912,13.03.2012 00:00:00,-13.2474
13913,13.03.2012 01:00:00,-13.2289
13914,13.03.2012 02:00:00,-13.2323,3.412
13915,13.03.2012 03:00:00,-13.2279
13916,13.03.2012 04:00:00,-13.2284
13917,13.03.2012 05:00:00,-13.2348
13918,13.03.2012 06:00:00,-13.2469
13919,13.03.2012 07:00:00,-13.2499
13920,13.03.2012 08:00:00,-13.2471,3.413
13921,13.03.2012 09:00:00,-13.2541
13922,13.03.2012 10:00:00,-13.3255
13923,13.03.2012 11:00:00,-13.378
13924,13.03.2012 12:00:00,-13.332
13925,13.03.2012 13:00:00,-13.2715
13926,13.03.2012 14:00:00,-13.2244,3.412
13927,13.03.2012 15:00:00,-13.1523
13928,13.03.2012 16:00:00,-13.1055
13929,13.03.2012 17:00:00,-13.0375
13930,13.03.2012 18:00:00,-12.9673
13931,13.03.2012 19:00:00,-12.9003
13932,13.03.2012 20:00:00,-12.8406,3.418
13933,13.03.2012 21:00:00,-12.7915
13934,13.03.2012 22:00:00,-12.7619
13935,13.03.2012 23:00:00,-12.7418
13936,14.03.2012 00:00:00,-12.7489
13937,14.03.2012 01:00:00,-12.7679
13938,14.03.2012 02:00:00,-12.7889,3.419
13939,14.03.2012 03:00:00,-12.8146
13940,14.03.2012 04:00:00,-12.8467
13941,14.03.2012 05:00:00,-12.8823
13942,14.03.2012 06:00:00,-12.9151
13943,14.03.2012 07:00:00,-12.9404
13944,14.03.2012 08:00:00,-12.9714,3.415
13945,14.03.2012 09:00:00,-12.9999
13946,14.03.2012 10:00:00,-13.0071
13947,14.03.2012 11:00:00,-13.0271
13948,14.03.2012 12:00:00,-13.018
13949,14.03.2012 13:00:00,-12.9869
13950,14.03.2012 14:00:00,-12.9437,3.414
13951,14.03.2012 15:00:00,-12.8871
13952,14.03.2012 16:00:00,-12.8289
13953,14.03.2012 17:00:00,-12.7674
13954,14.03.2012 18:00:00,-12.6848
13955,14.03.2012 19:00:00,-12.6032
13956,14.03.2012 20:00:00,-12.5093,3.419
13957,14.03.2012 21:00:00,-12.4374
13958,14.03.2012 22:00:00,-12.3787
13959,14.03.2012 23:00:00,-12.3228
13960,15.03.2012 00:00:00,-12.2903
13961,15.03.2012 01:00:00,-12.2577
13962,15.03.2012 02:00:00,-12.257,3.425
13963,15.03.2012 03:00:00,-12.2637
13964,15.03.2012 04:00:00,-12.2758
13965,15.03.2012 05:00:00,-12.2946
13966,15.03.2012 06:00:00,-12.2987
13967,15.03.2012 07:00:00,-12.32
13968,15.03.2012 08:00:00,-12.3411,3.422
13969,15.03.2012 09:00:00,-12.3739
13970,15.03.2012 10:00:00,-12.4026
13971,15.03.2012 11:00:00,-12.4216
13972,15.03.2012 12:00:00,-12.4563
13973,15.03.2012 13:00:00,-12.4735
13974,15.03.2012 14:00:00,-12.4638,3.421
13975,15.03.2012 15:00:00,-12.4514
13976,15.03.2012 16:00:00,-12.4117
13977,15.03.2012 17:00:00,-12.359
13978,15.03.2012 18:00:00,-12.2698
13979,15.03.2012 19:00:00,-12.1997
13980,15.03.2012 20:00:00,-12.1241,3.426
13981,15.03.2012 21:00:00,-12.0653
13982,15.03.2012 22:00:00,-12.0138
13983,15.03.2012 23:00:00,-11.9827
13984,16.03.2012 00:00:00,-11.9572
13985,16.03.2012 01:00:00,-11.9483
13986,16.03.2012 02:00:00,-11.9464,3.429
13987,16.03.2012 03:00:00,-11.9586
13988,16.03.2012 04:00:00,-11.9734
13989,16.03.2012 05:00:00,-11.993
13990,16.03.2012 06:00:00,-12.0006
13991,16.03.2012 07:00:00,-12.0145
13992,16.03.2012 08:00:00,-12.0231,3.425
13993,16.03.2012 09:00:00,-12.028
13994,16.03.2012 10:00:00,-12.0376
13995,16.03.2012 11:00:00,-12.0373
13996,16.03.2012 12:00:00,-12.0361
13997,16.03.2012 13:00:00,-12.0342
13998,16.03.2012 14:00:00,-12.0177,3.428
13999,16.03.2012 15:00:00,-11.996
14000,16.03.2012 16:00:00,-11.961
14001,16.03.2012 17:00:00,-11.9075
14002,16.03.2012 18:00:00,-11.8699
14003,16.03.2012 19:00:00,-11.8087
14004,16.03.2012 20:00:00,-11.7546,3.429
14005,16.03.2012 21:00:00,-11.6857
14006,16.03.2012 22:00:00,-11.6435
14007,16.03.2012 23:00:00,-11.5949
14008,17.03.2012 00:00:00,-11.5504
14009,17.03.2012 01:00:00,-11.4956
14010,17.03.2012 02:00:00,-11.4763,3.433
14011,17.03.2012 03:00:00,-11.4384
14012,17.03.2012 04:00:00,-11.4278
14013,17.03.2012 05:00:00,-11.4054
14014,17.03.2012 06:00:00,-11.3866
14015,17.03.2012 07:00:00,-11.3837
14016,17.03.2012 08:00:00,-11.3855,3.436
14017,17.03.2012 09:00:00,-11.3901
14018,17.03.2012 10:00:00,-11.4048
14019,17.03.2012 11:00:00,-11.4231
14020,17.03.2012 12:00:00,-11.4436
14021,17.03.2012 13:00:00,-11.45
14022,17.03.2012 14:00:00,-11.4567,3.434
14023,17.03.2012 15:00:00,-11.4552
14024,17.03.2012 16:00:00,-11.4547
14025,17.03.2012 17:00:00,-11.4163
14026,17.03.2012 18:00:00,-11.377
14027,17.03.2012 19:00:00,-11.3312
14028,17.03.2012 20:00:00,-11.2736,3.437
14029,17.03.2012 21:00:00,-11.2118
14030,17.03.2012 22:00:00,-11.1545
14031,17.03.2012 23:00:00,-11.1242
14032,18.03.2012 00:00:00,-11.0989
14033,18.03.2012 01:00:00,-11.0906
14034,18.03.2012 02:00:00,-11.0845,3.439
14035,18.03.2012 03:00:00,-11.0847
14036,18.03.2012 04:00:00,-11.0974
14037,18.03.2012 05:00:00,-11.1115
14038,18.03.2012 06:00:00,-11.1352
14039,18.03.2012 07:00:00,-11.1808
14040,18.03.2012 08:00:00,-11.2002,3.437
14041,18.03.2012 09:00:00,-11.2559
14042,18.03.2012 10:00:00,-11.293
14043,18.03.2012 11:00:00,-11.3329
14044,18.03.2012 12:00:00,-11.3242
14045,18.03.2012 13:00:00,-11.3119
14046,18.03.2012 14:00:00,-11.287,3.435
14047,18.03.2012 15:00:00,-11.2534
14048,18.03.2012 16:00:00,-11.2269
14049,18.03.2012 17:00:00,-11.1793
14050,18.03.2012 18:00:00,-11.119
14051,18.03.2012 19:00:00,-11.0859
14052,18.03.2012 20:00:00,-11.0502,3.436
14053,18.03.2012 21:00:00,-11.0245
14054,18.03.2012 22:00:00,-10.9945
14055,18.03.2012 23:00:00,-10.9699
14056,19.03.2012 00:00:00,-10.938
14057,19.03.2012 01:00:00,-10.9244
14058,19.03.2012 02:00:00,-10.9096,3.440
14059,19.03.2012 03:00:00,-10.8993
14060,19.03.2012 04:00:00,-10.8893
14061,19.03.2012 05:00:00,-10.8852
14062,19.03.2012 06:00:00,-10.8841
14063,19.03.2012 07:00:00,-10.8774
14064,19.03.2012 08:00:00,-10.8745,3.441
14065,19.03.2012 09:00:00,-10.8719
14066,19.03.2012 10:00:00,-10.8767
14067,19.03.2012 11:00:00,-10.8702
14068,19.03.2012 12:00:00,-10.869
14069,19.03.2012 13:00:00,-10.8663
14070,19.03.2012 14:00:00,-10.8599,3.440
14071,19.03.2012 15:00:00,-10.8557
14072,19.03.2012 16:00:00,-10.8468
14073,19.03.2012 17:00:00,-10.8239
14074,19.03.2012 18:00:00,-10.8118
14075,19.03.2012 19:00:00,-10.7917
14076,19.03.2012 20:00:00,-10.7765,3.440
14077,19.03.2012 21:00:00,-10.755
14078,19.03.2012 22:00:00,-10.7344
14079,19.03.2012 23:00:00,-10.7302
14080,20.03.2012 00:00:00,-10.7214
14081,20.03.2012 01:00:00,-10.715
14082,20.03.2012 02:00:00,-10.7134,3.443
14083,20.03.2012 03:00:00,-10.7182
14084,20.03.2012 04:00:00,-10.7405
14085,20.03.2012 05:00:00,-10.7579
14086,20.03.2012 06:00:00,-10.7858
14087,20.03.2012 07:00:00,-10.8281
14088,20.03.2012 08:00:00,-10.8689,3.441
14089,20.03.2012 09:00:00,-10.9119
14090,20.03.2012 10:00:00,-10.9542
14091,20.03.2012 11:00:00,-11.0023
14092,20.03.2012 12:00:00,-11.0353
14093,20.03.2012 13:00:00,-11.057
14094,20.03.2012 14:00:00,-11.0626,3.437
14095,20.03.2012 15:00:00,-11.0648
14096,20.03.2012 16:00:00,-11.0517
14097,20.03.2012 17:00:00,-11.012
14098,20.03.2012 18:00:00,-10.9734
14099,20.03.2012 19:00:00,-10.9316
14100,20.03.2012 20:00:00,-10.8913,3.440
14101,20.03.2012 21:00:00,-10.8584
14102,20.03.2012 22:00:00,-10.8413
14103,20.03.2012 23:00:00,-10.8296
14104,21.03.2012 00:00:00,-10.835
14105,21.03.2012 01:00:00,-10.8528
14106,21.03.2012 02:00:00,-10.8733,3.441
14107,21.03.2012 03:00:00,-10.9008
14108,21.03.2012 04:00:00,-10.9374
14109,21.03.2012 05:00:00,-10.9907
14110,21.03.2012 06:00:00,-11.0378
14111,21.03.2012 07:00:00,-11.0968
14112,21.03.2012 08:00:00,-11.1528,3.436
14113,21.03.2012 09:00:00,-11.2087
14114,21.03.2012 10:00:00,-11.281
14115,21.03.2012 11:00:00,-11.3387
14116,21.03.2012 12:00:00,-11.3871
14117,21.03.2012 13:00:00,-11.4017
14118,21.03.2012 14:00:00,-11.4087,3.435
14119,21.03.2012 15:00:00,-11.3915
14120,21.03.2012 16:00:00,-11.3582
14121,21.03.2012 17:00:00,-11.297
14122,21.03.2012 18:00:00,-11.2219
14123,21.03.2012 19:00:00,-11.1375
14124,21.03.2012 20:00:00,-11.0577,3.438
14125,21.03.2012 21:00:00,-10.9923
14126,21.03.2012 22:00:00,-10.9183
14127,21.03.2012 23:00:00,-10.8702
14128,22.03.2012 00:00:00,-10.8268
14129,22.03.2012 01:00:00,-10.7972
14130,22.03.2012 02:00:00,-10.7874,3.441
14131,22.03.2012 03:00:00,-10.7778
14132,22.03.2012 04:00:00,-10.7933
14133,22.03.2012 05:00:00,-10.8322
14134,22.03.2012 06:00:00,-10.8812
14135,22.03.2012 07:00:00,-10.9401
14136,22.03.2012 08:00:00,-10.9939,3.439
14137,22.03.2012 09:00:00,-11.0291
14138,22.03.2012 10:00:00,-11.0626
14139,22.03.2012 11:00:00,-11.1053
14140,22.03.2012 12:00:00,-11.121
14141,22.03.2012 13:00:00,-11.1213
14142,22.03.2012 14:00:00,-11.0958,3.437
14143,22.03.2012 15:00:00,-11.0464
14144,22.03.2012 16:00:00,-10.9639
14145,22.03.2012 17:00:00,-10.8649
14146,22.03.2012 18:00:00,-10.7807
14147,22.03.2012 19:00:00,-10.7081
14148,22.03.2012 20:00:00,-10.6283,3.444
14149,22.03.2012 21:00:00,-10.5949
14150,22.03.2012 22:00:00,-10.6229
14151,22.03.2012 23:00:00,-10.6298
14152,23.03.2012 00:00:00,-10.6395
14153,23.03.2012 01:00:00,-10.6729
14154,23.03.2012 02:00:00,-10.7163,3.443
14155,23.03.2012 03:00:00,-10.7767
14156,23.03.2012 04:00:00,-10.8471
14157,23.03.2012 05:00:00,-10.9435
14158,23.03.2012 06:00:00,-11.0438
14159,23.03.2012 07:00:00,-11.1298
14160,23.03.2012 08:00:00,-11.2134,3.439
14161,23.03.2012 09:00:00,-11.3062
14162,23.03.2012 10:00:00,-11.4161
14163,23.03.2012 11:00:00,-11.4564
14164,23.03.2012 12:00:00,-11.4647
14165,23.03.2012 13:00:00,-11.4934
14166,23.03.2012 14:00:00,-11.5032,3.434
14167,23.03.2012 15:00:00,-11.4584
14168,23.03.2012 16:00:00,-11.4086
14169,23.03.2012 17:00:00,-11.3123
14170,23.03.2012 18:00:00,-11.1977
14171,23.03.2012 19:00:00,-11.0791
14172,23.03.2012 20:00:00,-10.9502,3.440
14173,23.03.2012 21:00:00,-10.8355
14174,23.03.2012 22:00:00,-10.7575
14175,23.03.2012 23:00:00,-10.6974
14176,24.03.2012 00:00:00,-10.6551
14177,24.03.2012 01:00:00,-10.6329
14178,24.03.2012 02:00:00,-10.6335,3.444
14179,24.03.2012 03:00:00,-10.6483
14180,24.03.2012 04:00:00,-10.6866
14181,24.03.2012 05:00:00,-10.7344
14182,24.03.2012 06:00:00,-10.7727
14183,24.03.2012 07:00:00,-10.8292
14184,24.03.2012 08:00:00,-10.8891,3.441
14185,24.03.2012 09:00:00,-10.9696
14186,24.03.2012 10:00:00,-11.0287
14187,24.03.2012 11:00:00,-11.0934
14188,24.03.2012 12:00:00,-11.1581
14189,24.03.2012 13:00:00,-11.186
14190,24.03.2012 14:00:00,-11.1792,3.437
14191,24.03.2012 15:00:00,-11.1448
14192,24.03.2012 16:00:00,-11.0649
14193,24.03.2012 17:00:00,-10.958
14194,24.03.2012 18:00:00,-10.805
14195,24.03.2012 19:00:00,-10.6816
14196,24.03.2012 20:00:00,-10.5971,3.443
14197,24.03.2012 21:00:00,-10.509
14198,24.03.2012 22:00:00,-10.454
14199,24.03.2012 23:00:00,-10.4
14200,25.03.2012 00:00:00,-10.374
14201,25.03.2012 01:00:00,-10.3764
14202,25.03.2012 02:00:00,-10.3688,3.449
14203,25.03.2012 03:00:00,-10.3554
14204,25.03.2012 04:00:00,-10.3708
14205,25.03.2012 05:00:00,-10.3941
14206,25.03.2012 06:00:00,-10.4197
14207,25.03.2012 07:00:00,-10.4565
14208,25.03.2012 08:00:00,-10.4994,3.448
14209,25.03.2012 09:00:00,-10.5448
14210,25.03.2012 10:00:00,-10.6029
14211,25.03.2012 11:00:00,-10.6367
14212,25.03.2012 12:00:00,-10.643
14213,25.03.2012 13:00:00,-10.62
14214,25.03.2012 14:00:00,-10.5408,3.445
14215,25.03.2012 15:00:00,-10.481
14216,25.03.2012 16:00:00,-10.3972
14217,25.03.2012 17:00:00,-10.3213
14218,25.03.2012 18:00:00,-10.2321
14219,25.03.2012 19:00:00,-10.1362
14220,25.03.2012 20:00:00,-10.0415,3.450
14221,25.03.2012 21:00:00,-9.96355
14222,25.03.2012 22:00:00,-9.89427
14223,25.03.2012 23:00:00,-9.84582
14224,26.03.2012 00:00:00,-9.81378
14225,26.03.2012 01:00:00,-9.81388
14226,26.03.2012 02:00:00,-9.81249,3.453
14227,26.03.2012 03:00:00,-9.82972
14228,26.03.2012 04:00:00,-9.84658
14229,26.03.2012 05:00:00,-9.87204
14230,26.03.2012 06:00:00,-9.90635
14231,26.03.2012 07:00:00,-9.92587
14232,26.03.2012 08:00:00,-9.9535,3.454
14233,26.03.2012 09:00:00,-10.0052
14234,26.03.2012 10:00:00,-10.0466
14235,26.03.2012 11:00:00,-10.0876
14236,26.03.2012 12:00:00,-10.1259
14237,26.03.2012 13:00:00,-10.1586
14238,26.03.2012 14:00:00,-10.1674,3.449
14239,26.03.2012 15:00:00,-10.1512
14240,26.03.2012 16:00:00,-10.1032
14241,26.03.2012 17:00:00,-10.05
14242,26.03.2012 18:00:00,-9.97387
14243,26.03.2012 19:00:00,-9.90219
14244,26.03.2012 20:00:00,-9.82062,3.455
14245,26.03.2012 21:00:00,-9.75595
14246,26.03.2012 22:00:00,-9.69584
14247,26.03.2012 23:00:00,-9.66917
14248,27.03.2012 00:00:00,-9.66607
14249,27.03.2012 01:00:00,-9.69315
14250,27.03.2012 02:00:00,-9.76925,3.456
14251,27.03.2012 03:00:00,-9.82047
14252,27.03.2012 04:00:00,-9.90675
14253,27.03.2012 05:00:00,-10.0125
14254,27.03.2012 06:00:00,-10.0814
14255,27.03.2012 07:00:00,-10.212
14256,27.03.2012 08:00:00,-10.2889,3.449
14257,27.03.2012 09:00:00,-10.3522
14258,27.03.2012 10:00:00,-10.4237
14259,27.03.2012 11:00:00,-10.4995
14260,27.03.2012 12:00:00,-10.5439
14261,27.03.2012 13:00:00,-10.5967
14262,27.03.2012 14:00:00,-10.598,3.444
14263,27.03.2012 15:00:00,-10.547
14264,27.03.2012 16:00:00,-10.491
14265,27.03.2012 17:00:00,-10.3875
14266,27.03.2012 18:00:00,-10.2504
14267,27.03.2012 19:00:00,-10.1243
14268,27.03.2012 20:00:00,-9.97988,3.452
14269,27.03.2012 21:00:00,-9.91446
14270,27.03.2012 22:00:00,-9.8695
14271,27.03.2012 23:00:00,-9.88386
14272,28.03.2012 00:00:00,-9.90424
14273,28.03.2012 01:00:00,-9.93297
14274,28.03.2012 02:00:00,-9.99177,3.454
14275,28.03.2012 03:00:00,-10.0704
14276,28.03.2012 04:00:00,-10.1155
14277,28.03.2012 05:00:00,-10.2043
14278,28.03.2012 06:00:00,-10.291
14279,28.03.2012 07:00:00,-10.3529
14280,28.03.2012 08:00:00,-10.4107,3.449
14281,28.03.2012 09:00:00,-10.4559
14282,28.03.2012 10:00:00,-10.5023
14283,28.03.2012 11:00:00,-10.5436
14284,28.03.2012 12:00:00,-10.574
14285,28.03.2012 13:00:00,-10.5742
14286,28.03.2012 14:00:00,-10.5467,3.445
14287,28.03.2012 15:00:00,-10.4779
14288,28.03.2012 16:00:00,-10.3666
14289,28.03.2012 17:00:00,-10.2149
14290,28.03.2012 18:00:00,-10.0502
14291,28.03.2012 19:00:00,-9.87894
14292,28.03.2012 20:00:00,-9.69295,3.455
14293,28.03.2012 21:00:00,-9.54352
14294,28.03.2012 22:00:00,-9.48644
14295,28.03.2012 23:00:00,-9.47209
14296,29.03.2012 00:00:00,-9.50261
14297,29.03.2012 01:00:00,-9.55907
14298,29.03.2012 02:00:00,-9.65,3.458
14299,29.03.2012 03:00:00,-9.74051
14300,29.03.2012 04:00:00,-9.78348
14301,29.03.2012 05:00:00,-9.79945
14302,29.03.2012 06:00:00,-9.8437
14303,29.03.2012 07:00:00,-9.92724
14304,29.03.2012 08:00:00,-10.0161,3.453
14305,29.03.2012 09:00:00,-10.1036
14306,29.03.2012 10:00:00,-10.1795
14307,29.03.2012 11:00:00,-10.2201
14308,29.03.2012 12:00:00,-10.255
14309,29.03.2012 13:00:00,-10.2647
14310,29.03.2012 14:00:00,-10.2379,3.450
14311,29.03.2012 15:00:00,-10.1614
14312,29.03.2012 16:00:00,-10.0269
14313,29.03.2012 17:00:00,-9.79661
14314,29.03.2012 18:00:00,-9.63185
14315,29.03.2012 19:00:00,-9.5109
14316,29.03.2012 20:00:00,-9.4018,3.459
14317,29.03.2012 21:00:00,-9.29546
14318,29.03.2012 22:00:00,-9.22292
14319,29.03.2012 23:00:00,-9.17215
14320,30.03.2012 00:00:00,-9.15182
14321,30.03.2012 01:00:00,-9.15482
14322,30.03.2012 02:00:00,-9.14093,3.461
14323,30.03.2012 03:00:00,-9.14557
14324,30.03.2012 04:00:00,-9.14886
14325,30.03.2012 05:00:00,-9.16492
14326,30.03.2012 06:00:00,-9.27305
14327,30.03.2012 07:00:00,-9.35424
14328,30.03.2012 08:00:00,-9.45582,3.460
14329,30.03.2012 09:00:00,-9.54943
14330,30.03.2012 10:00:00,-9.55224
14331,30.03.2012 11:00:00,-9.48093
14332,30.03.2012 12:00:00,-9.29784
14333,30.03.2012 13:00:00,-8.9684
14334,30.03.2012 14:00:00,-8.48564,3.463
14335,30.03.2012 15:00:00,-8.16001
14336,30.03.2012 16:00:00,-8.0717
14337,30.03.2012 17:00:00,-7.87917
14338,30.03.2012 18:00:00,-7.90086
14339,30.03.2012 19:00:00,-7.95564
14340,30.03.2012 20:00:00,-8.05553,3.471
14341,30.03.2012 21:00:00,-8.16413
14342,30.03.2012 22:00:00,-8.24054
14343,30.03.2012 23:00:00,-8.33474
14344,31.03.2012 00:00:00,-8.37208
14345,31.03.2012 01:00:00,-8.38962
14346,31.03.2012 02:00:00,-8.40094,3.470
14347,31.03.2012 03:00:00,-8.43963
14348,31.03.2012 04:00:00,-8.49054
14349,31.03.2012 05:00:00,-8.55375
14350,31.03.2012 06:00:00,-8.60205
14351,31.03.2012 07:00:00,-8.62939
14352,31.03.2012 08:00:00,-8.66406,3.468
14353,31.03.2012 09:00:00,-8.72193
14354,31.03.2012 10:00:00,-8.76422
14355,31.03.2012 11:00:00,-8.80181
14356,31.03.2012 12:00:00,-8.75703
14357,31.03.2012 13:00:00,-8.6805
14358,31.03.2012 14:00:00,-8.52818,3.467
14359,31.03.2012 15:00:00,-8.36263
14360,31.03.2012 16:00:00,-8.23907
14361,31.03.2012 17:00:00,-8.10989
14362,31.03.2012 18:00:00,-7.9448
14363,31.03.2012 19:00:00,-7.85237
14364,31.03.2012 20:00:00,-7.70664,3.476
14365,31.03.2012 21:00:00,-7.66238
14366,31.03.2012 22:00:00,-7.58359
14367,31.03.2012 23:00:00,-7.54119
14368,01.04.2012 00:00:00,-7.53316
14369,01.04.2012 01:00:00,-7.55697
14370,01.04.2012 02:00:00,-7.58693,3.481
14371,01.04.2012 03:00:00,-7.65757
14372,01.04.2012 04:00:00,-7.70632
14373,01.04.2012 05:00:00,-7.75537
14374,01.04.2012 06:00:00,-7.81107
14375,01.04.2012 07:00:00,-7.88941
14376,01.04.2012 08:00:00,-7.94333,3.476
14377,01.04.2012 09:00:00,-7.99382
14378,01.04.2012 10:00:00,-8.03018
14379,01.04.2012 11:00:00,-8.06032
14380,01.04.2012 12:00:00,-8.05839
14381,01.04.2012 13:00:00,-7.96502
14382,01.04.2012 14:00:00,-7.91821,3.475
14383,01.04.2012 15:00:00,-7.77309
14384,01.04.2012 16:00:00,-7.60937
14385,01.04.2012 17:00:00,-7.32168
14386,01.04.2012 18:00:00,-7.09319
14387,01.04.2012 19:00:00,-6.90385
14388,01.04.2012 20:00:00,-6.73769,3.488
14389,01.04.2012 21:00:00,-6.61342
14390,01.04.2012 22:00:00,-6.51404
14391,01.04.2012 23:00:00,-6.45979
14392,02.04.2012 00:00:00,-6.33664
14393,02.04.2012 01:00:00,-6.32381
14394,02.04.2012 02:00:00,-6.30936,3.492
14395,02.04.2012 03:00:00,-6.33449
14396,02.04.2012 04:00:00,-6.3784
14397,02.04.2012 05:00:00,-6.39957
14398,02.04.2012 06:00:00,-6.46307
14399,02.04.2012 07:00:00,-6.53071
14400,02.04.2012 08:00:00,-6.58618,3.492
14401,02.04.2012 09:00:00,-6.6645
14402,02.04.2012 10:00:00,-6.73015
14403,02.04.2012 11:00:00,-6.74612
14404,02.04.2012 12:00:00,-6.76627
14405,02.04.2012 13:00:00,-6.67531
14406,02.04.2012 14:00:00,-6.58011,3.488
14407,02.04.2012 15:00:00,-6.33638
14408,02.04.2012 16:00:00,-6.31925
14409,02.04.2012 17:00:00,-6.15698
14410,02.04.2012 18:00:00,-5.87053
14411,02.04.2012 19:00:00,-5.68997
14412,02.04.2012 20:00:00,-5.55007,3.500
14413,02.04.2012 21:00:00,-5.46282
14414,02.04.2012 22:00:00,-5.38564
14415,02.04.2012 23:00:00,-5.32838
14416,03.04.2012 00:00:00,-5.33663
14417,03.04.2012 01:00:00,-5.39859
14418,03.04.2012 02:00:00,-5.51416,3.503
14419,03.04.2012 03:00:00,-5.64473
14420,03.04.2012 04:00:00,-5.84155
14421,03.04.2012 05:00:00,-6.02839
14422,03.04.2012 06:00:00,-6.22907
14423,03.04.2012 07:00:00,-6.41147
14424,03.04.2012 08:00:00,-6.61296,3.492
14425,03.04.2012 09:00:00,-6.74113
14426,03.04.2012 10:00:00,-6.81848
14427,03.04.2012 11:00:00,-6.84092
14428,03.04.2012 12:00:00,-6.84088
14429,03.04.2012 13:00:00,-6.80122
14430,03.04.2012 14:00:00,-6.70428,3.489
14431,03.04.2012 15:00:00,-6.5723
14432,03.04.2012 16:00:00,-6.37683
14433,03.04.2012 17:00:00,-6.17569
14434,03.04.2012 18:00:00,-6.02002
14435,03.04.2012 19:00:00,-5.87501
14436,03.04.2012 20:00:00,-5.80627,3.498
14437,03.04.2012 21:00:00,-5.74326
14438,03.04.2012 22:00:00,-5.71298
14439,03.04.2012 23:00:00,-5.71937
14440,04.04.2012 00:00:00,-5.70526
14441,04.04.2012 01:00:00,-5.7319
14442,04.04.2012 02:00:00,-5.79741,3.501
14443,04.04.2012 03:00:00,-5.8294
14444,04.04.2012 04:00:00,-5.9159
14445,04.04.2012 05:00:00,-5.9988
14446,04.04.2012 06:00:00,-6.13497
14447,04.04.2012 07:00:00,-6.24114
14448,04.04.2012 08:00:00,-6.39248,3.493
14449,04.04.2012 09:00:00,-6.47196
14450,04.04.2012 10:00:00,-6.58901
14451,04.04.2012 11:00:00,-6.66835
14452,04.04.2012 12:00:00,-6.72517
14453,04.04.2012 13:00:00,-6.71891
14454,04.04.2012 14:00:00,-6.62896,3.491
14455,04.04.2012 15:00:00,-6.46749
14456,04.04.2012 16:00:00,-6.24868
14457,04.04.2012 17:00:00,-5.98831
14458,04.04.2012 18:00:00,-5.77209
14459,04.04.2012 19:00:00,-5.59676
14460,04.04.2012 20:00:00,-5.43611,3.502
14461,04.04.2012 21:00:00,-5.3841
14462,04.04.2012 22:00:00,-5.36246
14463,04.04.2012 23:00:00,-5.35191
14464,05.04.2012 00:00:00,-5.37886
14465,05.04.2012 01:00:00,-5.40403
14466,05.04.2012 02:00:00,-5.45437,3.503
14467,05.04.2012 03:00:00,-5.5461
14468,05.04.2012 04:00:00,-5.67641
14469,05.04.2012 05:00:00,-5.83414
14470,05.04.2012 06:00:00,-5.98982
14471,05.04.2012 07:00:00,-6.15043
14472,05.04.2012 08:00:00,-6.31312,3.496
14473,05.04.2012 09:00:00,-6.44987
14474,05.04.2012 10:00:00,-6.57838
14475,05.04.2012 11:00:00,-6.61127
14476,05.04.2012 12:00:00,-6.5812
14477,05.04.2012 13:00:00,-6.40681
14478,05.04.2012 14:00:00,-6.16948,3.494
14479,05.04.2012 15:00:00,-5.97985
14480,05.04.2012 16:00:00,-5.92402
14481,05.04.2012 17:00:00,-5.7068
14482,05.04.2012 18:00:00,-5.52246
14483,05.04.2012 19:00:00,-5.35816
14484,05.04.2012 20:00:00,-5.2712,3.504
14485,05.04.2012 21:00:00,-5.16063
14486,05.04.2012 22:00:00,-5.07864
14487,05.04.2012 23:00:00,-4.98276
14488,06.04.2012 00:00:00,-5.01365
14489,06.04.2012 01:00:00,-5.06988
14490,06.04.2012 02:00:00,-5.13315,3.507
14491,06.04.2012 03:00:00,-5.2076
14492,06.04.2012 04:00:00,-5.28262
14493,06.04.2012 05:00:00,-5.36172
14494,06.04.2012 06:00:00,-5.45347
14495,06.04.2012 07:00:00,-5.53616
14496,06.04.2012 08:00:00,-5.63154,3.503
14497,06.04.2012 09:00:00,-5.69562
14498,06.04.2012 10:00:00,-5.75181
14499,06.04.2012 11:00:00,-5.76518
14500,06.04.2012 12:00:00,-5.74528
14501,06.04.2012 13:00:00,-5.74484
14502,06.04.2012 14:00:00,-5.74914,3.501
14503,06.04.2012 15:00:00,-5.74275
14504,06.04.2012 16:00:00,-5.71947
14505,06.04.2012 17:00:00,-5.70253
14506,06.04.2012 18:00:00,-5.68127
14507,06.04.2012 19:00:00,-5.65695
14508,06.04.2012 20:00:00,-5.62858,3.500
14509,06.04.2012 21:00:00,-5.62087
14510,06.04.2012 22:00:00,-5.60669
14511,06.04.2012 23:00:00,-5.59286
14512,07.04.2012 00:00:00,-5.60379
14513,07.04.2012 01:00:00,-5.61752
14514,07.04.2012 02:00:00,-5.6335,3.500
14515,07.04.2012 03:00:00,-5.66971
14516,07.04.2012 04:00:00,-5.70905
14517,07.04.2012 05:00:00,-5.75958
14518,07.04.2012 06:00:00,-5.81449
14519,07.04.2012 07:00:00,-5.85289
14520,07.04.2012 08:00:00,-5.89087,3.500
14521,07.04.2012 09:00:00,-5.94296
14522,07.04.2012 10:00:00,-6.00185
14523,07.04.2012 11:00:00,-6.06008
14524,07.04.2012 12:00:00,-6.1148
14525,07.04.2012 13:00:00,-6.16002
14526,07.04.2012 14:00:00,-6.17781,3.495
14527,07.04.2012 15:00:00,-6.17486
14528,07.04.2012 16:00:00,-6.16213
14529,07.04.2012 17:00:00,-6.1269
14530,07.04.2012 18:00:00,-6.06795
14531,07.04.2012 19:00:00,-5.99947
14532,07.04.2012 20:00:00,-5.94472,3.498
14533,07.04.2012 21:00:00,-5.88745
14534,07.04.2012 22:00:00,-5.85377
14535,07.04.2012 23:00:00,-5.83233
14536,08.04.2012 00:00:00,-5.82406
14537,08.04.2012 01:00:00,-5.83475
14538,08.04.2012 02:00:00,-5.8538,3.500
14539,08.04.2012 03:00:00,-5.87252
14540,08.04.2012 04:00:00,-5.91246
14541,08.04.2012 05:00:00,-5.96743
14542,08.04.2012 06:00:00,-6.02832
14543,08.04.2012 07:00:00,-6.10239
14544,08.04.2012 08:00:00,-6.17093,3.495
14545,08.04.2012 09:00:00,-6.23258
14546,08.04.2012 10:00:00,-6.31287
14547,08.04.2012 11:00:00,-6.40283
14548,08.04.2012 12:00:00,-6.45397
14549,08.04.2012 13:00:00,-6.50277
14550,08.04.2012 14:00:00,-6.53228,3.493
14551,08.04.2012 15:00:00,-6.53543
14552,08.04.2012 16:00:00,-6.51679
14553,08.04.2012 17:00:00,-6.50211
14554,08.04.2012 18:00:00,-6.45949
14555,08.04.2012 19:00:00,-6.40685
14556,08.04.2012 20:00:00,-6.35783,3.495
14557,08.04.2012 21:00:00,-6.30505
14558,08.04.2012 22:00:00,-6.25026
14559,08.04.2012 23:00:00,-6.21712
14560,09.04.2012 00:00:00,-6.20361
14561,09.04.2012 01:00:00,-6.19631
14562,09.04.2012 02:00:00,-6.20017,3.496
14563,09.04.2012 03:00:00,-6.22867
14564,09.04.2012 04:00:00,-6.25578
14565,09.04.2012 05:00:00,-6.30778
14566,09.04.2012 06:00:00,-6.37101
14567,09.04.2012 07:00:00,-6.42881
14568,09.04.2012 08:00:00,-6.5091,3.492
14569,09.04.2012 09:00:00,-6.58568
14570,09.04.2012 10:00:00,-6.67546
14571,09.04.2012 11:00:00,-6.75959
14572,09.04.2012 12:00:00,-6.82183
14573,09.04.2012 13:00:00,-6.87211
14574,09.04.2012 14:00:00,-6.89872,3.490
14575,09.04.2012 15:00:00,-6.88162
14576,09.04.2012 16:00:00,-6.81597
14577,09.04.2012 17:00:00,-6.72827
14578,09.04.2012 18:00:00,-6.62934
14579,09.04.2012 19:00:00,-6.52824
14580,09.04.2012 20:00:00,-6.41767,3.495
14581,09.04.2012 21:00:00,-6.32624
14582,09.04.2012 22:00:00,-6.2353
14583,09.04.2012 23:00:00,-6.16461
14584,10.04.2012 00:00:00,-6.1035
14585,10.04.2012 01:00:00,-6.04415
14586,10.04.2012 02:00:00,-5.99706,3.499
14587,10.04.2012 03:00:00,-5.96084
14588,10.04.2012 04:00:00,-5.93457
14589,10.04.2012 05:00:00,-5.91787
14590,10.04.2012 06:00:00,-5.89932
14591,10.04.2012 07:00:00,-5.89477
14592,10.04.2012 08:00:00,-5.89523,3.499
14593,10.04.2012 09:00:00,-5.90307
14594,10.04.2012 10:00:00,-5.91149
14595,10.04.2012 11:00:00,-5.91425
14596,10.04.2012 12:00:00,-5.91438
14597,10.04.2012 13:00:00,-5.93055
14598,10.04.2012 14:00:00,-5.93564,3.500
14599,10.04.2012 15:00:00,-5.93736
14600,10.04.2012 16:00:00,-5.93736
14601,10.04.2012 17:00:00,-5.92561
14602,10.04.2012 18:00:00,-5.91142
14603,10.04.2012 19:00:00,-5.89626
14604,10.04.2012 20:00:00,-5.88313,3.500
14605,10.04.2012 21:00:00,-5.87004
14606,10.04.2012 22:00:00,-5.85848
14607,10.04.2012 23:00:00,-5.8398
14608,11.04.2012 00:00:00,-5.82966
14609,11.04.2012 01:00:00,-5.82652
14610,11.04.2012 02:00:00,-5.81424,3.500
14611,11.04.2012 03:00:00,-5.81091
14612,11.04.2012 04:00:00,-5.82035
14613,11.04.2012 05:00:00,-5.82034
14614,11.04.2012 06:00:00,-5.82535
14615,11.04.2012 07:00:00,-5.82753
14616,11.04.2012 08:00:00,-5.84142,3.500
14617,11.04.2012 09:00:00,-5.85129
14618,11.04.2012 10:00:00,-5.86369
14619,11.04.2012 11:00:00,-5.87781
14620,11.04.2012 12:00:00,-5.89499
14621,11.04.2012 13:00:00,-5.90892
14622,11.04.2012 14:00:00,-5.91866,3.500
14623,11.04.2012 15:00:00,-5.9304
14624,11.04.2012 16:00:00,-5.93655
14625,11.04.2012 17:00:00,-5.93068
14626,11.04.2012 18:00:00,-5.92192
14627,11.04.2012 19:00:00,-5.90998
14628,11.04.2012 20:00:00,-5.8933,3.500
14629,11.04.2012 21:00:00,-5.87938
14630,11.04.2012 22:00:00,-5.87597
14631,11.04.2012 23:00:00,-5.86038
14632,12.04.2012 00:00:00,-5.8442
14633,12.04.2012 01:00:00,-5.84459
14634,12.04.2012 02:00:00,-5.83252,3.499
14635,12.04.2012 03:00:00,-5.83595
14636,12.04.2012 04:00:00,-5.84152
14637,12.04.2012 05:00:00,-5.84846
14638,12.04.2012 06:00:00,-5.86913
14639,12.04.2012 07:00:00,-5.88002
14640,12.04.2012 08:00:00,-5.90358,3.500
14641,12.04.2012 09:00:00,-5.92192
14642,12.04.2012 10:00:00,-5.94592
14643,12.04.2012 11:00:00,-5.96738
14644,12.04.2012 12:00:00,-5.99207
14645,12.04.2012 13:00:00,-6.01531
14646,12.04.2012 14:00:00,-6.0266,3.500
14647,12.04.2012 15:00:00,-6.03968
14648,12.04.2012 16:00:00,-6.05104
14649,12.04.2012 17:00:00,-6.05296
14650,12.04.2012 18:00:00,-6.04243
14651,12.04.2012 19:00:00,-6.02436
14652,12.04.2012 20:00:00,-6.00076,3.498
14653,12.04.2012 21:00:00,-5.97709
14654,12.04.2012 22:00:00,-5.95323
14655,12.04.2012 23:00:00,-5.93635
14656,13.04.2012 00:00:00,-5.91216
14657,13.04.2012 01:00:00,-5.91015
14658,13.04.2012 02:00:00,-5.90853,3.500
14659,13.04.2012 03:00:00,-5.91094
14660,13.04.2012 04:00:00,-5.93116
14661,13.04.2012 05:00:00,-5.94566
14662,13.04.2012 06:00:00,-5.97182
14663,13.04.2012 07:00:00,-6.00169
14664,13.04.2012 08:00:00,-6.03365,3.499
14665,13.04.2012 09:00:00,-6.06937
14666,13.04.2012 10:00:00,-6.1131
14667,13.04.2012 11:00:00,-6.15595
14668,13.04.2012 12:00:00,-6.18983
14669,13.04.2012 13:00:00,-6.22519
14670,13.04.2012 14:00:00,-6.25941,3.496
14671,13.04.2012 15:00:00,-6.2864
14672,13.04.2012 16:00:00,-6.29407
14673,13.04.2012 17:00:00,-6.28392
14674,13.04.2012 18:00:00,-6.26103
14675,13.04.2012 19:00:00,-6.21975
14676,13.04.2012 20:00:00,-6.17493,3.497
14677,13.04.2012 21:00:00,-6.13006
14678,13.04.2012 22:00:00,-6.08498
14679,13.04.2012 23:00:00,-6.04072
14680,14.04.2012 00:00:00,-6.00963
14681,14.04.2012 01:00:00,-5.99265
14682,14.04.2012 02:00:00,-5.98266,3.499
14683,14.04.2012 03:00:00,-5.99362
14684,14.04.2012 04:00:00,-5.99817
14685,14.04.2012 05:00:00,-6.01716
14686,14.04.2012 06:00:00,-6.05218
14687,14.04.2012 07:00:00,-6.08961
14688,14.04.2012 08:00:00,-6.12563,3.498
14689,14.04.2012 09:00:00,-6.17121
14690,14.04.2012 10:00:00,-6.21183
14691,14.04.2012 11:00:00,-6.2701
14692,14.04.2012 12:00:00,-6.32656
14693,14.04.2012 13:00:00,-6.37278
14694,14.04.2012 14:00:00,-6.41934,3.494
14695,14.04.2012 15:00:00,-6.43186
14696,14.04.2012 16:00:00,-6.43774
14697,14.04.2012 17:00:00,-6.41835
14698,14.04.2012 18:00:00,-6.39063
14699,14.04.2012 19:00:00,-6.3472
14700,14.04.2012 20:00:00,-6.29568,3.496
14701,14.04.2012 21:00:00,-6.24286
14702,14.04.2012 22:00:00,-6.1867
14703,14.04.2012 23:00:00,-6.14504
14704,15.04.2012 00:00:00,-6.10474
14705,15.04.2012 01:00:00,-6.07944
14706,15.04.2012 02:00:00,-6.06322,3.499
14707,15.04.2012 03:00:00,-6.05418
14708,15.04.2012 04:00:00,-6.0723
14709,15.04.2012 05:00:00,-6.08501
14710,15.04.2012 06:00:00,-6.11723
14711,15.04.2012 07:00:00,-6.14458
14712,15.04.2012 08:00:00,-6.17959,3.496
14713,15.04.2012 09:00:00,-6.22014
14714,15.04.2012 10:00:00,-6.26433
14715,15.04.2012 11:00:00,-6.31087
14716,15.04.2012 12:00:00,-6.35864
14717,15.04.2012 13:00:00,-6.38764
14718,15.04.2012 14:00:00,-6.42607,3.495
14719,15.04.2012 15:00:00,-6.43795
14720,15.04.2012 16:00:00,-6.45964
14721,15.04.2012 17:00:00,-6.44789
14722,15.04.2012 18:00:00,-6.44098
14723,15.04.2012 19:00:00,-6.43434
14724,15.04.2012 20:00:00,-6.4229,3.495
14725,15.04.2012 21:00:00,-6.41228
14726,15.04.2012 22:00:00,-6.41113
14727,15.04.2012 23:00:00,-6.3906
14728,16.04.2012 00:00:00,-6.38917
14729,16.04.2012 01:00:00,-6.39594
14730,16.04.2012 02:00:00,-6.41329,3.494
14731,16.04.2012 03:00:00,-6.41964
14732,16.04.2012 04:00:00,-6.43519
14733,16.04.2012 05:00:00,-6.47559
14734,16.04.2012 06:00:00,-6.48931
14735,16.04.2012 07:00:00,-6.51533
14736,16.04.2012 08:00:00,-6.53879,3.493
14737,16.04.2012 09:00:00,-6.56542
14738,16.04.2012 10:00:00,-6.58595
14739,16.04.2012 11:00:00,-6.60117
14740,16.04.2012 12:00:00,-6.62679
14741,16.04.2012 13:00:00,-6.64111
14742,16.04.2012 14:00:00,-6.64425,3.493
14743,16.04.2012 15:00:00,-6.64061
14744,16.04.2012 16:00:00,-6.61742
14745,16.04.2012 17:00:00,-6.59193
14746,16.04.2012 18:00:00,-6.55172
14747,16.04.2012 19:00:00,-6.50275
14748,16.04.2012 20:00:00,-6.45548,3.494
14749,16.04.2012 21:00:00,-6.38387
14750,16.04.2012 22:00:00,-6.31726
14751,16.04.2012 23:00:00,-6.2598
14752,17.04.2012 00:00:00,-6.22603
14753,17.04.2012 01:00:00,-6.19591
14754,17.04.2012 02:00:00,-6.18523,3.497
14755,17.04.2012 03:00:00,-6.19497
14756,17.04.2012 04:00:00,-6.20528
14757,17.04.2012 05:00:00,-6.23106
14758,17.04.2012 06:00:00,-6.28746
14759,17.04.2012 07:00:00,-6.33047
14760,17.04.2012 08:00:00,-6.37206,3.497
14761,17.04.2012 09:00:00,-6.436
14762,17.04.2012 10:00:00,-6.48518
14763,17.04.2012 11:00:00,-6.54524
14764,17.04.2012 12:00:00,-6.59833
14765,17.04.2012 13:00:00,-6.64646
14766,17.04.2012 14:00:00,-6.67955,3.493
14767,17.04.2012 15:00:00,-6.68387
14768,17.04.2012 16:00:00,-6.66501
14769,17.04.2012 17:00:00,-6.62489
14770,17.04.2012 18:00:00,-6.56206
14771,17.04.2012 19:00:00,-6.48852
14772,17.04.2012 20:00:00,-6.38347,3.495
14773,17.04.2012 21:00:00,-6.31617
14774,17.04.2012 22:00:00,-6.23547
14775,17.04.2012 23:00:00,-6.18344
14776,18.04.2012 00:00:00,-6.14692
14777,18.04.2012 01:00:00,-6.12661
14778,18.04.2012 02:00:00,-6.11249,3.498
14779,18.04.2012 03:00:00,-6.10728
14780,18.04.2012 04:00:00,-6.13504
14781,18.04.2012 05:00:00,-6.16544
14782,18.04.2012 06:00:00,-6.20632
14783,18.04.2012 07:00:00,-6.27081
14784,18.04.2012 08:00:00,-6.32799,3.495
14785,18.04.2012 09:00:00,-6.40564
14786,18.04.2012 10:00:00,-6.46763
14787,18.04.2012 11:00:00,-6.5472
14788,18.04.2012 12:00:00,-6.61251
14789,18.04.2012 13:00:00,-6.67493
14790,18.04.2012 14:00:00,-6.70089,3.492
14791,18.04.2012 15:00:00,-6.69509
14792,18.04.2012 16:00:00,-6.64297
14793,18.04.2012 17:00:00,-6.46221
14794,18.04.2012 18:00:00,-6.29974
14795,18.04.2012 19:00:00,-6.13084
14796,18.04.2012 20:00:00,-6.00711,3.498
14797,18.04.2012 21:00:00,-5.88268
14798,18.04.2012 22:00:00,-5.76627
14799,18.04.2012 23:00:00,-5.67949
14800,19.04.2012 00:00:00,-5.61583
14801,19.04.2012 01:00:00,-5.57085
14802,19.04.2012 02:00:00,-5.55678,3.506
14803,19.04.2012 03:00:00,-5.55706
14804,19.04.2012 04:00:00,-5.58519
14805,19.04.2012 05:00:00,-5.61887
14806,19.04.2012 06:00:00,-5.6818
14807,19.04.2012 07:00:00,-5.75404
14808,19.04.2012 08:00:00,-5.83583,3.502
14809,19.04.2012 09:00:00,-5.90256
14810,19.04.2012 10:00:00,-5.98656
14811,19.04.2012 11:00:00,-6.06509
14812,19.04.2012 12:00:00,-6.13841
14813,19.04.2012 13:00:00,-6.17432
14814,19.04.2012 14:00:00,-6.18617,3.499
14815,19.04.2012 15:00:00,-6.15198
14816,19.04.2012 16:00:00,-6.06341
14817,19.04.2012 17:00:00,-5.89075
14818,19.04.2012 18:00:00,-5.67195
14819,19.04.2012 19:00:00,-5.44005
14820,19.04.2012 20:00:00,-5.23239,3.507
14821,19.04.2012 21:00:00,-5.0291
14822,19.04.2012 22:00:00,-4.86062
14823,19.04.2012 23:00:00,-4.74092
14824,20.04.2012 00:00:00,-4.6544
14825,20.04.2012 01:00:00,-4.61189
14826,20.04.2012 02:00:00,-4.60949,3.514
14827,20.04.2012 03:00:00,-4.62137
14828,20.04.2012 04:00:00,-4.67497
14829,20.04.2012 05:00:00,-4.75155
14830,20.04.2012 06:00:00,-4.82199
14831,20.04.2012 07:00:00,-4.90075
14832,20.04.2012 08:00:00,-4.98266,3.510
14833,20.04.2012 09:00:00,-5.07917
14834,20.04.2012 10:00:00,-5.15956
14835,20.04.2012 11:00:00,-5.25048
14836,20.04.2012 12:00:00,-5.31149
14837,20.04.2012 13:00:00,-5.31067
14838,20.04.2012 14:00:00,-5.2576,3.506
14839,20.04.2012 15:00:00,-5.11458
14840,20.04.2012 16:00:00,-4.78646
14841,20.04.2012 17:00:00,-4.2584
14842,20.04.2012 18:00:00,-3.69484
14843,20.04.2012 19:00:00,-3.20811
14844,20.04.2012 20:00:00,-2.90849,3.528
14845,20.04.2012 21:00:00,-2.76941
14846,20.04.2012 22:00:00,-2.65277
14847,20.04.2012 23:00:00,-2.64584
14848,21.04.2012 00:00:00,-2.63382
14849,21.04.2012 01:00:00,-2.64132
14850,21.04.2012 02:00:00,-2.65358,3.535
14851,21.04.2012 03:00:00,-2.75846
14852,21.04.2012 04:00:00,-2.87435
14853,21.04.2012 05:00:00,-2.9815
14854,21.04.2012 06:00:00,-3.1296
14855,21.04.2012 07:00:00,-3.2461
14856,21.04.2012 08:00:00,-3.38025,3.527
14857,21.04.2012 09:00:00,-3.54147
14858,21.04.2012 10:00:00,-3.66908
14859,21.04.2012 11:00:00,-3.75481
14860,21.04.2012 12:00:00,-3.75762
14861,21.04.2012 13:00:00,-3.67354
14862,21.04.2012 14:00:00,-0.218878,3.533
14863,21.04.2012 15:00:00,-0.0502386
14864,21.04.2012 16:00:00,-0.038826
14865,21.04.2012 17:00:00,-0.028738
14866,21.04.2012 18:00:00,-0.0407152
14867,21.04.2012 19:00:00,-0.140554
14868,21.04.2012 20:00:00,-0.486625,3.550
14869,21.04.2012 21:00:00,-0.749217
14870,21.04.2012 22:00:00,-1.09524
14871,21.04.2012 23:00:00,-1.27575
14872,22.04.2012 00:00:00,-1.48129
14873,22.04.2012 01:00:00,-1.63827
14874,22.04.2012 02:00:00,-1.77795,3.543
14875,22.04.2012 03:00:00,-1.93445
14876,22.04.2012 04:00:00,-2.09141
14877,22.04.2012 05:00:00,-2.24263
14878,22.04.2012 06:00:00,-2.3998
14879,22.04.2012 07:00:00,-2.56838
14880,22.04.2012 08:00:00,-2.73241,3.533
14881,22.04.2012 09:00:00,-2.94817
14882,22.04.2012 10:00:00,-3.03945
14883,22.04.2012 11:00:00,-3.06255
14884,22.04.2012 12:00:00,-2.98092
14885,22.04.2012 13:00:00,-2.86675
14886,22.04.2012 14:00:00,-0.878659,3.534
14887,22.04.2012 15:00:00,-0.504676
14888,22.04.2012 16:00:00,-0.346038
14889,22.04.2012 17:00:00,-0.380983
14890,22.04.2012 18:00:00,-0.413111
14891,22.04.2012 19:00:00,-1.35628
14892,22.04.2012 20:00:00,-1.72266,3.542
14893,22.04.2012 21:00:00,-2.13219
14894,22.04.2012 22:00:00,-2.32267
14895,22.04.2012 23:00:00,-2.39052
14896,23.04.2012 00:00:00,-2.41619
14897,23.04.2012 01:00:00,-2.45119
14898,23.04.2012 02:00:00,-2.50323,3.536
14899,23.04.2012 03:00:00,-2.60963
14900,23.04.2012 04:00:00,-2.80772
14901,23.04.2012 05:00:00,-2.91641
14902,23.04.2012 06:00:00,-3.1081
14903,23.04.2012 07:00:00,-3.23118
14904,23.04.2012 08:00:00,-3.41284,3.528
14905,23.04.2012 09:00:00,-3.56491
14906,23.04.2012 10:00:00,-3.56312
14907,23.04.2012 11:00:00,-3.49757
14908,23.04.2012 12:00:00,-3.3729
14909,23.04.2012 13:00:00,-2.85151
14910,23.04.2012 14:00:00,-0.432305,3.547
14911,23.04.2012 15:00:00,-0.366376
14912,23.04.2012 16:00:00,-0.342046
14913,23.04.2012 17:00:00,-0.326082
14914,23.04.2012 18:00:00,-0.306903
14915,23.04.2012 19:00:00,-0.310878
14916,23.04.2012 20:00:00,-0.418228,3.549
14917,23.04.2012 21:00:00,-0.622419
14918,23.04.2012 22:00:00,-0.829893
14919,23.04.2012 23:00:00,-0.987166
14920,24.04.2012 00:00:00,-1.14549
14921,24.04.2012 01:00:00,-1.26833
14922,24.04.2012 02:00:00,-1.41762,3.544
14923,24.04.2012 03:00:00,-1.57143
14924,24.04.2012 04:00:00,-1.73895
14925,24.04.2012 05:00:00,-1.91131
14926,24.04.2012 06:00:00,-2.07779
14927,24.04.2012 07:00:00,-2.26186
14928,24.04.2012 08:00:00,-2.42661,3.538
14929,24.04.2012 09:00:00,-2.57431
14930,24.04.2012 10:00:00,-2.64261
14931,24.04.2012 11:00:00,-2.61587
14932,24.04.2012 12:00:00,-2.43062
14933,24.04.2012 13:00:00,-2.12296
14934,24.04.2012 14:00:00,-0.733485,3.543
14935,24.04.2012 15:00:00,-0.525179
14936,24.04.2012 16:00:00,-0.47485
14937,24.04.2012 17:00:00,-0.447691
14938,24.04.2012 18:00:00,-0.4359
14939,24.04.2012 19:00:00,-0.44408
14940,24.04.2012 20:00:00,-0.500303,3.551
14941,24.04.2012 21:00:00,-0.596585
14942,24.04.2012 22:00:00,-0.627537
14943,24.04.2012 23:00:00,-0.66266
14944,25.04.2012 00:00:00,-0.719046
14945,25.04.2012 01:00:00,-0.808234
14946,25.04.2012 02:00:00,-0.952826,3.551
14947,25.04.2012 03:00:00,-1.08956
14948,25.04.2012 04:00:00,-1.21621
14949,25.04.2012 05:00:00,-1.38826
14950,25.04.2012 06:00:00,-1.55913
14951,25.04.2012 07:00:00,-1.76166
14952,25.04.2012 08:00:00,-1.91586,3.545
14953,25.04.2012 09:00:00,-1.99512
14954,25.04.2012 10:00:00,-1.97075
14955,25.04.2012 11:00:00,-1.84134
14956,25.04.2012 12:00:00,-1.5943
14957,25.04.2012 13:00:00,-1.38447
14958,25.04.2012 14:00:00,-0.993988,3.548
14959,25.04.2012 15:00:00,-0.767996
14960,25.04.2012 16:00:00,-0.601521
14961,25.04.2012 17:00:00,-0.434392
14962,25.04.2012 18:00:00,-0.359337
14963,25.04.2012 19:00:00,-0.335571
14964,25.04.2012 20:00:00,-0.3257,3.554
14965,25.04.2012 21:00:00,-0.345458
14966,25.04.2012 22:00:00,-0.415214
14967,25.04.2012 23:00:00,-0.53278
14968,26.04.2012 00:00:00,-0.63133
14969,26.04.2012 01:00:00,-0.737841
14970,26.04.2012 02:00:00,-0.875033,3.552
14971,26.04.2012 03:00:00,-1.03363
14972,26.04.2012 04:00:00,-1.18816
14973,26.04.2012 05:00:00,-1.35247
14974,26.04.2012 06:00:00,-1.51044
14975,26.04.2012 07:00:00,-1.68234
14976,26.04.2012 08:00:00,-1.80649,3.546
14977,26.04.2012 09:00:00,-1.89161
14978,26.04.2012 10:00:00,-1.90125
14979,26.04.2012 11:00:00,-1.78113
14980,26.04.2012 12:00:00,-1.53392
14981,26.04.2012 13:00:00,-1.32707
14982,26.04.2012 14:00:00,-1.06015,3.548
14983,26.04.2012 15:00:00,-0.812605
14984,26.04.2012 16:00:00,-0.506564
14985,26.04.2012 17:00:00,-0.397909
14986,26.04.2012 18:00:00,-0.335025
14987,26.04.2012 19:00:00,-0.308973
14988,26.04.2012 20:00:00,-0.2995,3.556
14989,26.04.2012 21:00:00,-0.322488
14990,26.04.2012 22:00:00,-0.407977
14991,26.04.2012 23:00:00,-0.513039
14992,27.04.2012 00:00:00,-0.674799
14993,27.04.2012 01:00:00,-0.894025
14994,27.04.2012 02:00:00,-1.07173,3.554
14995,27.04.2012 03:00:00,-1.20387
14996,27.04.2012 04:00:00,-1.36076
14997,27.04.2012 05:00:00,-1.51535
14998,27.04.2012 06:00:00,-1.69275
14999,27.04.2012 07:00:00,-1.8574
15000,27.04.2012 08:00:00,-1.97223,3.546
15001,27.04.2012 09:00:00,-2.01212
15002,27.04.2012 10:00:00,-1.97696
15003,27.04.2012 11:00:00,-1.75521
15004,27.04.2012 12:00:00,-1.34694
15005,27.04.2012 13:00:00,-1.07723
15006,27.04.2012 14:00:00,-0.817176,3.550
15007,27.04.2012 15:00:00,-0.538476
15008,27.04.2012 16:00:00,-0.4722
15009,27.04.2012 17:00:00,-0.428695
15010,27.04.2012 18:00:00,-0.430019
15011,27.04.2012 19:00:00,-0.431726
15012,27.04.2012 20:00:00,-0.464582,3.554
15013,27.04.2012 21:00:00,-0.525179
15014,27.04.2012 22:00:00,-0.561263
15015,27.04.2012 23:00:00,-0.599617
15016,28.04.2012 00:00:00,-0.766489
15017,28.04.2012 01:00:00,-1.00538
15018,28.04.2012 02:00:00,-1.13205,3.554
15019,28.04.2012 03:00:00,-1.25583
15020,28.04.2012 04:00:00,-1.30853
15021,28.04.2012 05:00:00,-1.32292
15022,28.04.2012 06:00:00,-1.41156
15023,28.04.2012 07:00:00,-1.49987
15024,28.04.2012 08:00:00,-1.54306,3.548
15025,28.04.2012 09:00:00,-1.55915
15026,28.04.2012 10:00:00,-1.54078
15027,28.04.2012 11:00:00,-1.41937
15028,28.04.2012 12:00:00,-1.12009
15029,28.04.2012 13:00:00,-0.813931
15030,28.04.2012 14:00:00,-0.674054,3.553
15031,28.04.2012 15:00:00,-0.594881
15032,28.04.2012 16:00:00,-0.531256
15033,28.04.2012 17:00:00,-0.496877
15034,28.04.2012 18:00:00,-0.485863
15035,28.04.2012 19:00:00,-0.500685
15036,28.04.2012 20:00:00,-0.568864,3.556
15037,28.04.2012 21:00:00,-0.592777
15038,28.04.2012 22:00:00,-0.630568
15039,28.04.2012 23:00:00,-0.667793
15040,29.04.2012 00:00:00,-0.720752
15041,29.04.2012 01:00:00,-0.786045
15042,29.04.2012 02:00:00,-0.839001,3.553
15043,29.04.2012 03:00:00,-0.897057
15044,29.04.2012 04:00:00,-0.948288
15045,29.04.2012 05:00:00,-1.01371
15046,29.04.2012 06:00:00,-1.06623
15047,29.04.2012 07:00:00,-1.12521
15048,29.04.2012 08:00:00,-1.16104,3.552
15049,29.04.2012 09:00:00,-1.18437
15050,29.04.2012 10:00:00,-1.19233
15051,29.04.2012 11:00:00,-1.17394
15052,29.04.2012 12:00:00,-1.00556
15053,29.04.2012 13:00:00,-0.751867
15054,29.04.2012 14:00:00,-0.636843,3.553
15055,29.04.2012 15:00:00,-0.575323
15056,29.04.2012 16:00:00,-0.525757
15057,29.04.2012 17:00:00,-0.486443
15058,29.04.2012 18:00:00,-0.473525
15059,29.04.2012 19:00:00,-0.46137
15060,29.04.2012 20:00:00,-0.456616,3.556
15061,29.04.2012 21:00:00,-0.458902
15062,29.04.2012 22:00:00,-0.455672
15063,29.04.2012 23:00:00,-0.46137
15064,30.04.2012 00:00:00,-0.471057
15065,30.04.2012 01:00:00,-0.496115
15066,30.04.2012 02:00:00,-0.522147,3.554
15067,30.04.2012 03:00:00,-0.574561
15068,30.04.2012 04:00:00,-0.628117
15069,30.04.2012 05:00:00,-0.700831
15070,30.04.2012 06:00:00,-0.785863
15071,30.04.2012 07:00:00,-0.873907
15072,30.04.2012 08:00:00,-0.960044,3.552
15073,30.04.2012 09:00:00,-1.03989
15074,30.04.2012 10:00:00,-1.10718
15075,30.04.2012 11:00:00,-1.14036
15076,30.04.2012 12:00:00,-1.14509
15077,30.04.2012 13:00:00,-1.0251
15078,30.04.2012 14:00:00,-0.831219,3.554
15079,30.04.2012 15:00:00,-0.706145
15080,30.04.2012 16:00:00,-0.626974
15081,30.04.2012 17:00:00,-0.597911
15082,30.04.2012 18:00:00,-0.585011
15083,30.04.2012 19:00:00,-0.572474
15084,30.04.2012 20:00:00,-0.573617,3.553
15085,30.04.2012 21:00:00,-0.58178
15086,30.04.2012 22:00:00,-0.594698
15087,30.04.2012 23:00:00,-0.609503
15088,01.05.2012 00:00:00,-0.664763
15089,01.05.2012 01:00:00,-0.728718
15090,01.05.2012 02:00:00,-0.78472,3.553
15091,01.05.2012 03:00:00,-0.86576
15092,01.05.2012 04:00:00,-0.930819
15093,01.05.2012 05:00:00,-1.02679
15094,01.05.2012 06:00:00,-1.13432
15095,01.05.2012 07:00:00,-1.23576
15096,01.05.2012 08:00:00,-1.34697,3.551
15097,01.05.2012 09:00:00,-1.4381
15098,01.05.2012 10:00:00,-1.50005
15099,01.05.2012 11:00:00,-1.53337
15100,01.05.2012 12:00:00,-1.55649
15101,01.05.2012 13:00:00,-1.55365
15102,01.05.2012 14:00:00,-1.53717,3.549
15103,01.05.2012 15:00:00,-1.48732
15104,01.05.2012 16:00:00,-1.35265
15105,01.05.2012 17:00:00,-1.11079
15106,01.05.2012 18:00:00,-0.946003
15107,01.05.2012 19:00:00,-0.875613
15108,01.05.2012 20:00:00,-0.850757,3.552
15109,01.05.2012 21:00:00,-0.843356
15110,01.05.2012 22:00:00,-0.834249
15111,01.05.2012 23:00:00,-0.8519
15112,02.05.2012 00:00:00,-0.8724
15113,02.05.2012 01:00:00,-0.911297
15114,02.05.2012 02:00:00,-0.973522,3.554
15115,02.05.2012 03:00:00,-1.03307
15116,02.05.2012 04:00:00,-1.10224
15117,02.05.2012 05:00:00,-1.16405
15118,02.05.2012 06:00:00,-1.22967
15119,02.05.2012 07:00:00,-1.29942
15120,02.05.2012 08:00:00,-1.37785,3.550
15121,02.05.2012 09:00:00,-1.43677
15122,02.05.2012 10:00:00,-1.49286
15123,02.05.2012 11:00:00,-1.52582
15124,02.05.2012 12:00:00,-1.53452
15125,02.05.2012 13:00:00,-1.5241
15126,02.05.2012 14:00:00,-1.48849,3.547
15127,02.05.2012 15:00:00,-1.42952
15128,02.05.2012 16:00:00,-1.33787
15129,02.05.2012 17:00:00,-1.24901
15130,02.05.2012 18:00:00,-1.1601
15131,02.05.2012 19:00:00,-1.06736
15132,02.05.2012 20:00:00,-0.98301,3.554
15133,02.05.2012 21:00:00,-0.907886
15134,02.05.2012 22:00:00,-0.879222
15135,02.05.2012 23:00:00,-0.866124
15136,03.05.2012 00:00:00,-0.880729
15137,03.05.2012 01:00:00,-0.901411
15138,03.05.2012 02:00:00,-0.937061,3.554
15139,03.05.2012 03:00:00,-0.978623
15140,03.05.2012 04:00:00,-1.02926
15141,03.05.2012 05:00:00,-1.10413
15142,03.05.2012 06:00:00,-1.17337
15143,03.05.2012 07:00:00,-1.26624
15144,03.05.2012 08:00:00,-1.36934,3.551
15145,03.05.2012 09:00:00,-1.4707
15146,03.05.2012 10:00:00,-1.56725
15147,03.05.2012 11:00:00,-1.65547
15148,03.05.2012 12:00:00,-1.68955
15149,03.05.2012 13:00:00,-1.66894
15150,03.05.2012 14:00:00,-1.61651,3.547
15151,03.05.2012 15:00:00,-1.52977
15152,03.05.2012 16:00:00,-1.36154
15153,03.05.2012 17:00:00,-1.16672
15154,03.05.2012 18:00:00,-1.00766
15155,03.05.2012 19:00:00,-0.87904
15156,03.05.2012 20:00:00,-0.768957,3.553
15157,03.05.2012 21:00:00,-0.716762
15158,03.05.2012 22:00:00,-0.685629
15159,03.05.2012 23:00:00,-0.687153
15160,04.05.2012 00:00:00,-0.707669
15161,04.05.2012 01:00:00,-0.732343
15162,04.05.2012 02:00:00,-0.795336,3.555
15163,04.05.2012 03:00:00,-0.873527
15164,04.05.2012 04:00:00,-0.984136
15165,04.05.2012 05:00:00,-1.11155
15166,04.05.2012 06:00:00,-1.25411
15167,04.05.2012 07:00:00,-1.40245
15168,04.05.2012 08:00:00,-1.51937,3.549
15169,04.05.2012 09:00:00,-1.63259
15170,04.05.2012 10:00:00,-1.73495
15171,04.05.2012 11:00:00,-1.79686
15172,04.05.2012 12:00:00,-1.83416
15173,04.05.2012 13:00:00,-1.79441
15174,04.05.2012 14:00:00,-1.71453,3.548
15175,04.05.2012 15:00:00,-1.52505
15176,04.05.2012 16:00:00,-1.17222
15177,04.05.2012 17:00:00,-0.979566
15178,04.05.2012 18:00:00,-0.803498
15179,04.05.2012 19:00:00,-0.721132
15180,04.05.2012 20:00:00,-0.669119,3.557
15181,04.05.2012 21:00:00,-0.677299
15182,04.05.2012 22:00:00,-0.648039
15183,04.05.2012 23:00:00,-0.641215
15184,05.05.2012 00:00:00,-0.666651
15185,05.05.2012 01:00:00,-0.722837
15186,05.05.2012 02:00:00,-0.801031,3.556
15187,05.05.2012 03:00:00,-0.921347
15188,05.05.2012 04:00:00,-1.05941
15189,05.05.2012 05:00:00,-1.20692
15190,05.05.2012 06:00:00,-1.38755
15191,05.05.2012 07:00:00,-1.5648
15192,05.05.2012 08:00:00,-1.75296,3.548
15193,05.05.2012 09:00:00,-1.9588
15194,05.05.2012 10:00:00,-2.12067
15195,05.05.2012 11:00:00,-2.20517
15196,05.05.2012 12:00:00,-2.18493
15197,05.05.2012 13:00:00,-2.09235
15198,05.05.2012 14:00:00,-1.91356,3.546
15199,05.05.2012 15:00:00,-1.50005
15200,05.05.2012 16:00:00,-1.17395
15201,05.05.2012 17:00:00,-0.96271
15202,05.05.2012 18:00:00,-0.799524
15203,05.05.2012 19:00:00,-0.687335
15204,05.05.2012 20:00:00,-0.612914,3.556
15205,05.05.2012 21:00:00,-0.562407
15206,05.05.2012 22:00:00,-0.522512
15207,05.05.2012 23:00:00,-0.496693
15208,06.05.2012 00:00:00,-0.488529
15209,06.05.2012 01:00:00,-0.491742
15210,06.05.2012 02:00:00,-0.532398,3.558
15211,06.05.2012 03:00:00,-0.590889
15212,06.05.2012 04:00:00,-0.687137
15213,06.05.2012 05:00:00,-0.786045
15214,06.05.2012 06:00:00,-0.888893
15215,06.05.2012 07:00:00,-0.997979
15216,06.05.2012 08:00:00,-1.11211,3.554
15217,06.05.2012 09:00:00,-1.18246
15218,06.05.2012 10:00:00,-1.22988
15219,06.05.2012 11:00:00,-1.20293
15220,06.05.2012 12:00:00,-1.17317
15221,06.05.2012 13:00:00,-1.07323
15222,06.05.2012 14:00:00,-0.934444,3.554
15223,06.05.2012 15:00:00,-0.77712
15224,06.05.2012 16:00:00,-0.649562
15225,06.05.2012 17:00:00,-0.581598
15226,06.05.2012 18:00:00,-0.510555
15227,06.05.2012 19:00:00,-0.475032
15228,06.05.2012 20:00:00,-0.437042,3.558
15229,06.05.2012 21:00:00,-0.41692
15230,06.05.2012 22:00:00,-0.400392
15231,06.05.2012 23:00:00,-0.379277
15232,07.05.2012 00:00:00,-0.369788
15233,07.05.2012 01:00:00,-0.370368
15234,07.05.2012 02:00:00,-0.368844,3.560
15235,07.05.2012 03:00:00,-0.38196
15236,07.05.2012 04:00:00,-0.397726
15237,07.05.2012 05:00:00,-0.427751
15238,07.05.2012 06:00:00,-0.452808
15239,07.05.2012 07:00:00,-0.482055
15240,07.05.2012 08:00:00,-0.516069,3.558
15241,07.05.2012 09:00:00,-0.558034
15242,07.05.2012 10:00:00,-0.585573
15243,07.05.2012 11:00:00,-0.571149
15244,07.05.2012 12:00:00,-0.557652
15245,07.05.2012 13:00:00,-0.538659
15246,07.05.2012 14:00:00,-0.487569,3.559
15247,07.05.2012 15:00:00,-0.456434
15248,07.05.2012 16:00:00,-0.420514
15249,07.05.2012 17:00:00,-0.406272
15250,07.05.2012 18:00:00,-0.392791
15251,07.05.2012 19:00:00,-0.379857
15252,07.05.2012 20:00:00,-0.369406,3.557
15253,07.05.2012 21:00:00,-0.368082
15254,07.05.2012 22:00:00,-0.364091
15255,07.05.2012 23:00:00,-0.363909
15256,08.05.2012 00:00:00,-0.366923
15257,08.05.2012 01:00:00,-0.372636
15258,08.05.2012 02:00:00,-0.38557,3.558
15259,08.05.2012 03:00:00,-0.392029
15260,08.05.2012 04:00:00,-0.405146
15261,08.05.2012 05:00:00,-0.417466
15262,08.05.2012 06:00:00,-0.433432
15263,08.05.2012 07:00:00,-0.456054
15264,08.05.2012 08:00:00,-0.484157,3.559
15265,08.05.2012 09:00:00,-0.515871
15266,08.05.2012 10:00:00,-0.542665
15267,08.05.2012 11:00:00,-0.572855
15268,08.05.2012 12:00:00,-0.591833
15269,08.05.2012 13:00:00,-0.579115
15270,08.05.2012 14:00:00,-0.51968,3.556
15271,08.05.2012 15:00:00,-0.48073
15272,08.05.2012 16:00:00,-0.465344
15273,08.05.2012 17:00:00,-0.447111
15274,08.05.2012 18:00:00,-0.449778
15275,08.05.2012 19:00:00,-0.438367
15276,08.05.2012 20:00:00,-0.452246,3.559
15277,08.05.2012 21:00:00,-0.475993
15278,08.05.2012 22:00:00,-0.503152
15279,08.05.2012 23:00:00,-0.53258
15280,09.05.2012 00:00:00,-0.585011
15281,09.05.2012 01:00:00,-0.654116
15282,09.05.2012 02:00:00,-0.734413,3.558
15283,09.05.2012 03:00:00,-0.836517
15284,09.05.2012 04:00:00,-0.957958
15285,09.05.2012 05:00:00,-1.07875
15286,09.05.2012 06:00:00,-1.19538
15287,09.05.2012 07:00:00,-1.34037
15288,09.05.2012 08:00:00,-1.48508,3.550
15289,09.05.2012 09:00:00,-1.62651
15290,09.05.2012 10:00:00,-1.75218
15291,09.05.2012 11:00:00,-1.82369
15292,09.05.2012 12:00:00,-1.83657
15293,09.05.2012 13:00:00,-1.74915
15294,09.05.2012 14:00:00,-1.56405,3.549
15295,09.05.2012 15:00:00,-1.3534
15296,09.05.2012 16:00:00,-1.12688
15297,09.05.2012 17:00:00,-0.905401
15298,09.05.2012 18:00:00,-0.752066
15299,09.05.2012 19:00:00,-0.64254
15300,09.05.2012 20:00:00,-0.586137,3.558
15301,09.05.2012 21:00:00,-0.55444
15302,09.05.2012 22:00:00,-0.545878
15303,09.05.2012 23:00:00,-0.574363
15304,10.05.2012 00:00:00,-0.626394
15305,10.05.2012 01:00:00,-0.708978
15306,10.05.2012 02:00:00,-0.818468,3.557
15307,10.05.2012 03:00:00,-0.933866
15308,10.05.2012 04:00:00,-1.0632
15309,10.05.2012 05:00:00,-1.1965
15310,10.05.2012 06:00:00,-1.35735
15311,10.05.2012 07:00:00,-1.52142
15312,10.05.2012 08:00:00,-1.71395,3.551
15313,10.05.2012 09:00:00,-1.90355
15314,10.05.2012 10:00:00,-2.03713
15315,10.05.2012 11:00:00,-2.10478
15316,10.05.2012 12:00:00,-2.05373
15317,10.05.2012 13:00:00,-1.87799
15318,10.05.2012 14:00:00,-1.51685,3.551
15319,10.05.2012 15:00:00,-1.20313
15320,10.05.2012 16:00:00,-0.957395
15321,10.05.2012 17:00:00,-0.755858
15322,10.05.2012 18:00:00,-0.623744
15323,10.05.2012 19:00:00,-0.564874
15324,10.05.2012 20:00:00,-0.513801,3.559
15325,10.05.2012 21:00:00,-0.475231
15326,10.05.2012 22:00:00,-0.456236
15327,10.05.2012 23:00:00,-0.453189
15328,11.05.2012 00:00:00,-0.479206
15329,11.05.2012 01:00:00,-0.528225
15330,11.05.2012 02:00:00,-0.582924,3.560
15331,11.05.2012 03:00:00,-0.664747
15332,11.05.2012 04:00:00,-0.7828
15333,11.05.2012 05:00:00,-0.930636
15334,11.05.2012 06:00:00,-1.0888
15335,11.05.2012 07:00:00,-1.24578
15336,11.05.2012 08:00:00,-1.43997,3.554
15337,11.05.2012 09:00:00,-1.60342
15338,11.05.2012 10:00:00,-1.69689
15339,11.05.2012 11:00:00,-1.69957
15340,11.05.2012 12:00:00,-1.54036
15341,11.05.2012 13:00:00,-1.30189
15342,11.05.2012 14:00:00,-1.00576,3.555
15343,11.05.2012 15:00:00,-0.773907
15344,11.05.2012 16:00:00,-0.629441
15345,11.05.2012 17:00:00,-0.538857
15346,11.05.2012 18:00:00,-0.480349
15347,11.05.2012 19:00:00,-0.452246
15348,11.05.2012 20:00:00,-0.435336,3.560
15349,11.05.2012 21:00:00,-0.436098
15350,11.05.2012 22:00:00,-0.449778
15351,11.05.2012 23:00:00,-0.476374
15352,12.05.2012 00:00:00,-0.504295
15353,12.05.2012 01:00:00,-0.539055
15354,12.05.2012 02:00:00,-0.590889,3.559
15355,12.05.2012 03:00:00,-0.645952
15356,12.05.2012 04:00:00,-0.700632
15357,12.05.2012 05:00:00,-0.760991
15358,12.05.2012 06:00:00,-0.814129
15359,12.05.2012 07:00:00,-0.879222
15360,12.05.2012 08:00:00,-0.924179,3.560
15361,12.05.2012 09:00:00,-0.931961
15362,12.05.2012 10:00:00,-0.916032
15363,12.05.2012 11:00:00,-0.867267
15364,12.05.2012 12:00:00,-0.774652
15365,12.05.2012 13:00:00,-0.685828
15366,12.05.2012 14:00:00,-0.612152,3.560
15367,12.05.2012 15:00:00,-0.528043
15368,12.05.2012 16:00:00,-0.491179
15369,12.05.2012 17:00:00,-0.457759
15370,12.05.2012 18:00:00,-0.431543
15371,12.05.2012 19:00:00,-0.407977
15372,12.05.2012 20:00:00,-0.399051,3.561
15373,12.05.2012 21:00:00,-0.386514
15374,12.05.2012 22:00:00,-0.382142
15375,12.05.2012 23:00:00,-0.385934
15376,13.05.2012 00:00:00,-0.386332
15377,13.05.2012 01:00:00,-0.388402
15378,13.05.2012 02:00:00,-0.397147,3.559
15379,13.05.2012 03:00:00,-0.413111
15380,13.05.2012 04:00:00,-0.430219
15381,13.05.2012 05:00:00,-0.460989
15382,13.05.2012 06:00:00,-0.487585
15383,13.05.2012 07:00:00,-0.526899
15384,13.05.2012 08:00:00,-0.565437,3.558
15385,13.05.2012 09:00:00,-0.599053
15386,13.05.2012 10:00:00,-0.6021
15387,13.05.2012 11:00:00,-0.574181
15388,13.05.2012 12:00:00,-0.528043
15389,13.05.2012 13:00:00,-0.496297
15390,13.05.2012 14:00:00,-0.464964,3.559
15391,13.05.2012 15:00:00,-0.455474
15392,13.05.2012 16:00:00,-0.438947
15393,13.05.2012 17:00:00,-0.428313
15394,13.05.2012 18:00:00,-0.41899
15395,13.05.2012 19:00:00,-0.411025
15396,13.05.2012 20:00:00,-0.411025,3.560
15397,13.05.2012 21:00:00,-0.407795
15398,13.05.2012 22:00:00,-0.405146
15399,13.05.2012 23:00:00,-0.405328
15400,14.05.2012 00:00:00,-0.40551
15401,14.05.2012 01:00:00,-0.406272
15402,14.05.2012 02:00:00,-0.408921,3.561
15403,14.05.2012 03:00:00,-0.415761
15404,14.05.2012 04:00:00,-0.42222
15405,14.05.2012 05:00:00,-0.429837
15406,14.05.2012 06:00:00,-0.447111
15407,14.05.2012 07:00:00,-0.464582
15408,14.05.2012 08:00:00,-0.483776,3.561
15409,14.05.2012 09:00:00,-0.504858
15410,14.05.2012 10:00:00,-0.524417
15411,14.05.2012 11:00:00,-0.544172
15412,14.05.2012 12:00:00,-0.529367
15413,14.05.2012 13:00:00,-0.491179
15414,14.05.2012 14:00:00,-0.467051,3.559
15415,14.05.2012 15:00:00,-0.454713
15416,14.05.2012 16:00:00,-0.419388
15417,14.05.2012 17:00:00,-0.393917
15418,14.05.2012 18:00:00,-0.375683
15419,14.05.2012 19:00:00,-0.3679
15420,14.05.2012 20:00:00,-0.355742,3.562
15421,14.05.2012 21:00:00,-0.343752
15422,14.05.2012 22:00:00,-0.344696
15423,14.05.2012 23:00:00,-0.346618
15424,15.05.2012 00:00:00,-0.352861
15425,15.05.2012 01:00:00,-0.357632
15426,15.05.2012 02:00:00,-0.366161,3.559
15427,15.05.2012 03:00:00,-0.385387
15428,15.05.2012 04:00:00,-0.407398
15429,15.05.2012 05:00:00,-0.434392
15430,15.05.2012 06:00:00,-0.458323
15431,15.05.2012 07:00:00,-0.484919
15432,15.05.2012 08:00:00,-0.521005,3.560
15433,15.05.2012 09:00:00,-0.554257
15434,15.05.2012 10:00:00,-0.578917
15435,15.05.2012 11:00:00,-0.592977
15436,15.05.2012 12:00:00,-0.598309
15437,15.05.2012 13:00:00,-0.556526
15438,15.05.2012 14:00:00,-0.524035,3.558
15439,15.05.2012 15:00:00,-0.491941
15440,15.05.2012 16:00:00,-0.473525
15441,15.05.2012 17:00:00,-0.441811
15442,15.05.2012 18:00:00,-0.4228
15443,15.05.2012 19:00:00,-0.385387
15444,15.05.2012 20:00:00,-0.358973,3.561
15445,15.05.2012 21:00:00,-0.338984
15446,15.05.2012 22:00:00,-0.316211
15447,15.05.2012 23:00:00,-0.300444
15448,16.05.2012 00:00:00,-0.297761
15449,16.05.2012 01:00:00,-0.297579
15450,16.05.2012 02:00:00,-0.29834,3.564
15451,16.05.2012 03:00:00,-0.326462
15452,16.05.2012 04:00:00,-0.357449
15453,16.05.2012 05:00:00,-0.410263
15454,16.05.2012 06:00:00,-0.475231
15455,16.05.2012 07:00:00,-0.57153
15456,16.05.2012 08:00:00,-0.69987,3.558
15457,16.05.2012 09:00:00,-0.837096
15458,16.05.2012 10:00:00,-0.980724
15459,16.05.2012 11:00:00,-1.0816
15460,16.05.2012 12:00:00,-1.14513
15461,16.05.2012 13:00:00,-1.13658
15462,16.05.2012 14:00:00,-1.08842,3.555
15463,16.05.2012 15:00:00,-0.962693
15464,16.05.2012 16:00:00,-0.7701
15465,16.05.2012 17:00:00,-0.634559
15466,16.05.2012 18:00:00,-0.545316
15467,16.05.2012 19:00:00,-0.470113
15468,16.05.2012 20:00:00,-0.418444,3.560
15469,16.05.2012 21:00:00,-0.375104
15470,16.05.2012 22:00:00,-0.338619
15471,16.05.2012 23:00:00,-0.314688
15472,17.05.2012 00:00:00,-0.296254
15473,17.05.2012 01:00:00,-0.292445
15474,17.05.2012 02:00:00,-0.279909,3.563
15475,17.05.2012 03:00:00,-0.279327
15476,17.05.2012 04:00:00,-0.284462
15477,17.05.2012 05:00:00,-0.312402
15478,17.05.2012 06:00:00,-0.345458
15479,17.05.2012 07:00:00,-0.397909
15480,17.05.2012 08:00:00,-0.451284,3.562
15481,17.05.2012 09:00:00,-0.513221
15482,17.05.2012 10:00:00,-0.568682
15483,17.05.2012 11:00:00,-0.609701
15484,17.05.2012 12:00:00,-0.636082
15485,17.05.2012 13:00:00,-0.600395
15486,17.05.2012 14:00:00,-0.517213,3.562
15487,17.05.2012 15:00:00,-0.450158
15488,17.05.2012 16:00:00,-0.396203
15489,17.05.2012 17:00:00,-0.352099
15490,17.05.2012 18:00:00,-0.314688
15491,17.05.2012 19:00:00,-0.284644
15492,17.05.2012 20:00:00,-0.271345,3.562
15493,17.05.2012 21:00:00,-0.258444
15494,17.05.2012 22:00:00,-0.238272
15495,17.05.2012 23:00:00,-0.228979
15496,18.05.2012 00:00:00,-0.217354
15497,18.05.2012 01:00:00,-0.207864
15498,18.05.2012 02:00:00,-0.208626,3.562
15499,18.05.2012 03:00:00,-0.199881
15500,18.05.2012 04:00:00,-0.20046
15501,18.05.2012 05:00:00,-0.204634
15502,18.05.2012 06:00:00,-0.220037
15503,18.05.2012 07:00:00,-0.215681
15504,18.05.2012 08:00:00,-0.22782,3.565
15505,18.05.2012 09:00:00,-0.236931
15506,18.05.2012 10:00:00,-0.225932
15507,18.05.2012 11:00:00,-0.21641
15508,18.05.2012 12:00:00,-0.210926
15509,18.05.2012 13:00:00,-0.198754
15510,18.05.2012 14:00:00,-0.188469,3.565
15511,18.05.2012 15:00:00,-0.174987
15512,18.05.2012 16:00:00,-0.17194
15513,18.05.2012 17:00:00,-0.157663
15514,18.05.2012 18:00:00,-0.16129
15515,18.05.2012 19:00:00,-0.157116
15516,18.05.2012 20:00:00,-0.146252,3.565
15517,18.05.2012 21:00:00,-0.15806
15518,18.05.2012 22:00:00,-0.141895
15519,18.05.2012 23:00:00,-0.139213
15520,19.05.2012 00:00:00,-0.140737
15521,19.05.2012 01:00:00,-0.143237
15522,19.05.2012 02:00:00,-0.131031,3.565
15523,19.05.2012 03:00:00,-0.141895
15524,19.05.2012 04:00:00,-0.140007
15525,19.05.2012 05:00:00,-0.135056
15526,19.05.2012 06:00:00,-0.139792
15527,19.05.2012 07:00:00,-0.140554
15528,19.05.2012 08:00:00,-0.135618,3.565
15529,19.05.2012 09:00:00,-0.143601
15530,19.05.2012 10:00:00,-0.135254
15531,19.05.2012 11:00:00,-0.140737
15532,19.05.2012 12:00:00,-0.134674
15533,19.05.2012 13:00:00,-0.141133
15534,19.05.2012 14:00:00,-0.13903,3.565
15535,19.05.2012 15:00:00,-0.143022
15536,19.05.2012 16:00:00,-0.136016
15537,19.05.2012 17:00:00,-0.135436
15538,19.05.2012 18:00:00,-0.129325
15539,19.05.2012 19:00:00,-0.123628
15540,19.05.2012 20:00:00,-0.131428,3.564
15541,19.05.2012 21:00:00,-0.125151
15542,19.05.2012 22:00:00,-0.123842
15543,19.05.2012 23:00:00,-0.122866
15544,20.05.2012 00:00:00,-0.117549
15545,20.05.2012 01:00:00,-0.117185
15546,20.05.2012 02:00:00,-0.118129,3.565
15547,20.05.2012 03:00:00,-0.127254
15548,20.05.2012 04:00:00,-0.122319
15549,20.05.2012 05:00:00,-0.115263
15550,20.05.2012 06:00:00,-0.123263
15551,20.05.2012 07:00:00,-0.116389
15552,20.05.2012 08:00:00,-0.126493,3.564
15553,20.05.2012 09:00:00,-0.134295
15554,20.05.2012 10:00:00,-0.12631
15555,20.05.2012 11:00:00,-0.129325
15556,20.05.2012 12:00:00,-0.125731
15557,20.05.2012 13:00:00,-0.12954
15558,20.05.2012 14:00:00,-0.129723,3.565
15559,20.05.2012 15:00:00,-0.131428
15560,20.05.2012 16:00:00,-0.127039
15561,20.05.2012 17:00:00,-0.128381
15562,20.05.2012 18:00:00,-0.122501
15563,20.05.2012 19:00:00,-0.119452
15564,20.05.2012 20:00:00,-0.117367,3.564
15565,20.05.2012 21:00:00,-0.125366
15566,20.05.2012 22:00:00,-0.116787
15567,20.05.2012 23:00:00,-0.116787
15568,21.05.2012 00:00:00,-0.102908
15569,21.05.2012 01:00:00,-0.11167
15570,21.05.2012 02:00:00,-0.106153,3.566
15571,21.05.2012 03:00:00,-0.110692
15572,21.05.2012 04:00:00,-0.10786
15573,21.05.2012 05:00:00,-0.116969
15574,21.05.2012 06:00:00,-0.122501
15575,21.05.2012 07:00:00,-0.122104
15576,21.05.2012 08:00:00,-0.136016,3.566
15577,21.05.2012 09:00:00,-0.151783
15578,21.05.2012 10:00:00,-0.156139
15579,21.05.2012 11:00:00,-0.162997
15580,21.05.2012 12:00:00,-0.172122
15581,21.05.2012 13:00:00,-0.165481
15582,21.05.2012 14:00:00,-0.15026,3.565
15583,21.05.2012 15:00:00,-0.155957
15584,21.05.2012 16:00:00,-0.14226
15585,21.05.2012 17:00:00,-0.13961
15586,21.05.2012 18:00:00,-0.135618
15587,21.05.2012 19:00:00,-0.132008
15588,21.05.2012 20:00:00,-0.135254,3.564
15589,21.05.2012 21:00:00,-0.137324
15590,21.05.2012 22:00:00,-0.125548
15591,21.05.2012 23:00:00,-0.125151
15592,22.05.2012 00:00:00,-0.127072
15593,22.05.2012 01:00:00,-0.127254
15594,22.05.2012 02:00:00,-0.123446,3.566
15595,22.05.2012 03:00:00,-0.125913
15596,22.05.2012 04:00:00,-0.121557
15597,22.05.2012 05:00:00,-0.118493
15598,22.05.2012 06:00:00,-0.122866
15599,22.05.2012 07:00:00,-0.122501
15600,22.05.2012 08:00:00,-0.128199,3.564
15601,22.05.2012 09:00:00,-0.137722
15602,22.05.2012 10:00:00,-0.142839
15603,22.05.2012 11:00:00,-0.143784
15604,22.05.2012 12:00:00,-0.140951
15605,22.05.2012 13:00:00,-0.144363
15606,22.05.2012 14:00:00,-0.136016,3.566
15607,22.05.2012 15:00:00,-0.134674
15608,22.05.2012 16:00:00,-0.133897
15609,22.05.2012 17:00:00,-0.127039
15610,22.05.2012 18:00:00,-0.123446
15611,22.05.2012 19:00:00,-0.120033
15612,22.05.2012 20:00:00,-0.11927,3.565
15613,22.05.2012 21:00:00,-0.117367
15614,22.05.2012 22:00:00,-0.110908
15615,22.05.2012 23:00:00,-0.109201
15616,23.05.2012 00:00:00,-0.107281
15617,23.05.2012 01:00:00,-0.106517
15618,23.05.2012 02:00:00,-0.105391,3.564
15619,23.05.2012 03:00:00,-0.108986
15620,23.05.2012 04:00:00,-0.106517
15621,23.05.2012 05:00:00,-0.118111
15622,23.05.2012 06:00:00,-0.128778
15623,23.05.2012 07:00:00,-0.143784
15624,23.05.2012 08:00:00,-0.17078,3.564
15625,23.05.2012 09:00:00,-0.20576
15626,23.05.2012 10:00:00,-0.228035
15627,23.05.2012 11:00:00,-0.254054
15628,23.05.2012 12:00:00,-0.260332
15629,23.05.2012 13:00:00,-0.253292
15630,23.05.2012 14:00:00,-0.24362,3.564
15631,23.05.2012 15:00:00,-0.236931
15632,23.05.2012 16:00:00,-0.209005
15633,23.05.2012 17:00:00,-0.200825
15634,23.05.2012 18:00:00,-0.193222
15635,23.05.2012 19:00:00,-0.181463
15636,23.05.2012 20:00:00,-0.172122,3.566
15637,23.05.2012 21:00:00,-0.174805
15638,23.05.2012 22:00:00,-0.167583
15639,23.05.2012 23:00:00,-0.165481
15640,24.05.2012 00:00:00,-0.168345
15641,24.05.2012 01:00:00,-0.164339
15642,24.05.2012 02:00:00,-0.166607,3.564
15643,24.05.2012 03:00:00,-0.165083
15644,24.05.2012 04:00:00,-0.17136
15645,24.05.2012 05:00:00,-0.177057
15646,24.05.2012 06:00:00,-0.189811
15647,24.05.2012 07:00:00,-0.210528
15648,24.05.2012 08:00:00,-0.241335,3.565
15649,24.05.2012 09:00:00,-0.277622
15650,24.05.2012 10:00:00,-0.318497
15651,24.05.2012 11:00:00,-0.340523
15652,24.05.2012 12:00:00,-0.350791
15653,24.05.2012 13:00:00,-0.334627
15654,24.05.2012 14:00:00,-0.302514,3.565
15655,24.05.2012 15:00:00,-0.281995
15656,24.05.2012 16:00:00,-0.253292
15657,24.05.2012 17:00:00,-0.231232
15658,24.05.2012 18:00:00,-0.207466
15659,24.05.2012 19:00:00,-0.199301
15660,24.05.2012 20:00:00,-0.173646,3.565
15661,24.05.2012 21:00:00,-0.175169
15662,24.05.2012 22:00:00,-0.162997
15663,24.05.2012 23:00:00,-0.156901
15664,25.05.2012 00:00:00,-0.146467
15665,25.05.2012 01:00:00,-0.143966
15666,25.05.2012 02:00:00,-0.133897,3.565
15667,25.05.2012 03:00:00,-0.134856
15668,25.05.2012 04:00:00,-0.131793
15669,25.05.2012 05:00:00,-0.147959
15670,25.05.2012 06:00:00,-0.143601
15671,25.05.2012 07:00:00,-0.159369
15672,25.05.2012 08:00:00,-0.180701,3.567
15673,25.05.2012 09:00:00,-0.207648
15674,25.05.2012 10:00:00,-0.254452
15675,25.05.2012 11:00:00,-0.290921
15676,25.05.2012 12:00:00,-0.311078
15677,25.05.2012 13:00:00,-0.285224
15678,25.05.2012 14:00:00,-0.258626,3.564
15679,25.05.2012 15:00:00,-0.222107
15680,25.05.2012 16:00:00,-0.190175
15681,25.05.2012 17:00:00,-0.172702
15682,25.05.2012 18:00:00,-0.16129
15683,25.05.2012 19:00:00,-0.148174
15684,25.05.2012 20:00:00,-0.145125,3.565
15685,25.05.2012 21:00:00,-0.137689
15686,25.05.2012 22:00:00,-0.130667
15687,25.05.2012 23:00:00,-0.123048
15688,26.05.2012 00:00:00,-0.119653
15689,26.05.2012 01:00:00,-0.11051
15690,26.05.2012 02:00:00,-0.112216,3.567
15691,26.05.2012 03:00:00,-0.118891
15692,26.05.2012 04:00:00,-0.106517
15693,26.05.2012 05:00:00,-0.115843
15694,26.05.2012 06:00:00,-0.126493
15695,26.05.2012 07:00:00,-0.152363
15696,26.05.2012 08:00:00,-0.174225,3.567
15697,26.05.2012 09:00:00,-0.196072
15698,26.05.2012 10:00:00,-0.221925
15699,26.05.2012 11:00:00,-0.212815
15700,26.05.2012 12:00:00,-0.185057
15701,26.05.2012 13:00:00,-0.16187
15702,26.05.2012 14:00:00,-0.137904,3.567
15703,26.05.2012 15:00:00,-0.132555
15704,26.05.2012 16:00:00,-0.114319
15705,26.05.2012 17:00:00,-0.104994
15706,26.05.2012 18:00:00,-0.0979719
15707,26.05.2012 19:00:00,-0.099678
15708,26.05.2012 20:00:00,-0.0873222,3.567
15709,26.05.2012 21:00:00,-0.104249
15710,26.05.2012 22:00:00,-0.101202
15711,26.05.2012 23:00:00,-0.0894079
15712,27.05.2012 00:00:00,-0.10367
15713,27.05.2012 01:00:00,-0.101782
15714,27.05.2012 02:00:00,-0.103487,3.567
15715,27.05.2012 03:00:00,-0.12308
15716,27.05.2012 04:00:00,-0.128961
15717,27.05.2012 05:00:00,-0.145887
15718,27.05.2012 06:00:00,-0.160346
15719,27.05.2012 07:00:00,-0.179724
15720,27.05.2012 08:00:00,-0.190755,3.566
15721,27.05.2012 09:00:00,-0.20311
15722,27.05.2012 10:00:00,-0.192096
15723,27.05.2012 11:00:00,-0.163759
15724,27.05.2012 12:00:00,-0.128016
15725,27.05.2012 13:00:00,-0.110692
15726,27.05.2012 14:00:00,-0.0968132,3.566
15727,27.05.2012 15:00:00,-0.0799179
15728,27.05.2012 16:00:00,-0.0721016
15729,27.05.2012 17:00:00,-0.0721016
15730,27.05.2012 18:00:00,-0.0629911
15731,27.05.2012 19:00:00,-0.0675297
15732,27.05.2012 20:00:00,-0.0673475,3.567
15733,27.05.2012 21:00:00,-0.0648794
15734,27.05.2012 22:00:00,-0.0582218
15735,27.05.2012 23:00:00,-0.0528889
15736,28.05.2012 00:00:00,-0.0631733
15737,28.05.2012 01:00:00,-0.0726814
15738,28.05.2012 02:00:00,-0.109384,3.569
15739,28.05.2012 03:00:00,-0.168313
15740,28.05.2012 04:00:00,-0.220219
15741,28.05.2012 05:00:00,-0.286384
15742,28.05.2012 06:00:00,-0.339761
15743,28.05.2012 07:00:00,-0.393155
15744,28.05.2012 08:00:00,-0.402462,3.566
15745,28.05.2012 09:00:00,-0.372272
15746,28.05.2012 10:00:00,-0.292445
15747,28.05.2012 11:00:00,-0.176875
15748,28.05.2012 12:00:00,-0.117185
15749,28.05.2012 13:00:00,-0.0981541
15750,28.05.2012 14:00:00,-0.0913296,3.565
15751,28.05.2012 15:00:00,-0.0829659
15752,28.05.2012 16:00:00,-0.0728636
15753,28.05.2012 17:00:00,-0.0682917
15754,28.05.2012 18:00:00,-0.0584192
15755,28.05.2012 19:00:00,-0.0648794
15756,28.05.2012 20:00:00,-0.0593634,3.568
15757,28.05.2012 21:00:00,-0.0477695
15758,28.05.2012 22:00:00,-0.0603075
15759,28.05.2012 23:00:00,-0.0557537
15760,29.05.2012 00:00:00,-0.0494757
15761,29.05.2012 01:00:00,-0.0532856
15762,29.05.2012 02:00:00,-0.0578394,3.568
15763,29.05.2012 03:00:00,-0.0492935
15764,29.05.2012 04:00:00,-0.0462456
15765,29.05.2012 05:00:00,-0.0515471
15766,29.05.2012 06:00:00,-0.0517616
15767,29.05.2012 07:00:00,-0.0528889
15768,29.05.2012 08:00:00,-0.0433807,3.567
15769,29.05.2012 09:00:00,-0.056118
15770,29.05.2012 10:00:00,-0.0527058
15771,29.05.2012 11:00:00,-0.0468254
15772,29.05.2012 12:00:00,-0.0460634
15773,29.05.2012 13:00:00,-0.0433807
15774,29.05.2012 14:00:00,-0.0418739,3.566
15775,29.05.2012 15:00:00,-0.0435801
15776,29.05.2012 16:00:00,-0.0411129
15777,29.05.2012 17:00:00,-0.0350161
15778,29.05.2012 18:00:00,-0.0403509
15779,29.05.2012 19:00:00,-0.0394049
15780,29.05.2012 20:00:00,-0.0329132,3.568
15781,29.05.2012 21:00:00,-0.0317869
15782,29.05.2012 22:00:00,-0.0340719
15783,29.05.2012 23:00:00,-0.0346518
15784,30.05.2012 00:00:00,-0.0325489
15785,30.05.2012 01:00:00,-0.0355959
15786,30.05.2012 02:00:00,-0.035778,3.567
15787,30.05.2012 03:00:00,-0.0395889
15788,30.05.2012 04:00:00,-0.0401354
15789,30.05.2012 05:00:00,-0.0386105
15790,30.05.2012 06:00:00,-0.0390081
15791,30.05.2012 07:00:00,-0.0426359
15792,30.05.2012 08:00:00,-0.0407152,3.567
15793,30.05.2012 09:00:00,-0.0390081
15794,30.05.2012 10:00:00,-0.0496578
15795,30.05.2012 11:00:00,-0.0424366
15796,30.05.2012 12:00:00,-0.0350161
15797,30.05.2012 13:00:00,-0.0316048
15798,30.05.2012 14:00:00,-0.0289536,3.567
15799,30.05.2012 15:00:00,-0.0272322
15800,30.05.2012 16:00:00,-0.0310249
15801,30.05.2012 17:00:00,-0.0302629
15802,30.05.2012 18:00:00,-0.0260725
15803,30.05.2012 19:00:00,-0.0274143
15804,30.05.2012 20:00:00,-0.0302629,3.568
15805,30.05.2012 21:00:00,-0.0262547
15806,30.05.2012 22:00:00,-0.0239697
15807,30.05.2012 23:00:00,-0.0268345
15808,31.05.2012 00:00:00,-0.0230255
15809,31.05.2012 01:00:00,-0.0205574
15810,31.05.2012 02:00:00,-0.0228434,3.567
15811,31.05.2012 03:00:00,-0.028574
15812,31.05.2012 04:00:00,-0.0217171
15813,31.05.2012 05:00:00,-0.0308428
15814,31.05.2012 06:00:00,-0.0325489
15815,31.05.2012 07:00:00,-0.0825682
15816,31.05.2012 08:00:00,-0.133715,3.567
15817,31.05.2012 09:00:00,-0.149316
15818,31.05.2012 10:00:00,-0.0989161
15819,31.05.2012 11:00:00,-0.0726643
15820,31.05.2012 12:00:00,-0.0510006
15821,31.05.2012 13:00:00,-0.0384283
15822,31.05.2012 14:00:00,-0.0312405,3.568
15823,31.05.2012 15:00:00,-0.0331278
15824,31.05.2012 16:00:00,-0.029501
15825,31.05.2012 17:00:00,-0.0283737
15826,31.05.2012 18:00:00,-0.0262547
15827,31.05.2012 19:00:00,-0.0253105
15828,31.05.2012 20:00:00,-0.0257082,3.567
15829,31.05.2012 21:00:00,-0.0251284
15830,31.05.2012 22:00:00,-0.0272322
15831,31.05.2012 23:00:00,-0.017724
15832,01.06.2012 00:00:00,-0.0205574
15833,01.06.2012 01:00:00,-0.0207396
15834,01.06.2012 02:00:00,-0.0270166,3.568
15835,01.06.2012 03:00:00,-0.0428181
15836,01.06.2012 04:00:00,-0.106517
15837,01.06.2012 05:00:00,-0.180486
15838,01.06.2012 06:00:00,-0.238272
15839,01.06.2012 07:00:00,-0.235225
15840,01.06.2012 08:00:00,-0.181828,3.568
15841,01.06.2012 09:00:00,-0.115843
15842,01.06.2012 10:00:00,-0.0711565
15843,01.06.2012 11:00:00,-0.0517616
15844,01.06.2012 12:00:00,-0.0426359
15845,01.06.2012 13:00:00,-0.0353813
15846,01.06.2012 14:00:00,-0.0316048,3.567
15847,01.06.2012 15:00:00,-0.0272322
15848,01.06.2012 16:00:00,-0.0304451
15849,01.06.2012 17:00:00,-0.0314226
15850,01.06.2012 18:00:00,-0.0236053
15851,01.06.2012 19:00:00,-0.0249462
15852,01.06.2012 20:00:00,-0.0203753,3.568
15853,01.06.2012 21:00:00,-0.0215015
15854,01.06.2012 22:00:00,-0.0268345
15855,01.06.2012 23:00:00,-0.0610704
15856,02.06.2012 00:00:00,-0.0990982
15857,02.06.2012 01:00:00,-0.149498
15858,02.06.2012 02:00:00,-0.222322,3.568
15859,02.06.2012 03:00:00,-0.345856
15860,02.06.2012 04:00:00,-0.438748
15861,02.06.2012 05:00:00,-0.471239
15862,02.06.2012 06:00:00,-0.524614
15863,02.06.2012 07:00:00,-0.536953
15864,02.06.2012 08:00:00,-0.56393,3.566
15865,02.06.2012 09:00:00,-0.464781
15866,02.06.2012 10:00:00,-0.242859
15867,02.06.2012 11:00:00,-0.114137
15868,02.06.2012 12:00:00,-0.0742054
15869,02.06.2012 13:00:00,-0.0409298
15870,02.06.2012 14:00:00,-0.038064,3.568
15871,02.06.2012 15:00:00,-0.0313892
15872,02.06.2012 16:00:00,-0.0317869
15873,02.06.2012 17:00:00,-0.0283737
15874,02.06.2012 18:00:00,-0.0333109
15875,02.06.2012 19:00:00,-0.0270166
15876,02.06.2012 20:00:00,-0.0268345,3.570
15877,02.06.2012 21:00:00,-0.0320015
15878,02.06.2012 22:00:00,-0.0203753
15879,02.06.2012 23:00:00,-0.0240021
15880,03.06.2012 00:00:00,-0.0247316
15881,03.06.2012 01:00:00,-0.0247641
15882,03.06.2012 02:00:00,-0.0270166,3.569
15883,03.06.2012 03:00:00,-0.028738
15884,03.06.2012 04:00:00,-0.0338898
15885,03.06.2012 05:00:00,-0.0374842
15886,03.06.2012 06:00:00,-0.0426188
15887,03.06.2012 07:00:00,-0.0496578
15888,03.06.2012 08:00:00,-0.0470076,3.568
15889,03.06.2012 09:00:00,-0.0447397
15890,03.06.2012 10:00:00,-0.0408974
15891,03.06.2012 11:00:00,-0.0348339
15892,03.06.2012 12:00:00,-0.0262547
15893,03.06.2012 13:00:00,-0.0376997
15894,03.06.2012 14:00:00,-0.0232401,3.568
15895,03.06.2012 15:00:00,-0.0253105
15896,03.06.2012 16:00:00,-0.0240021
15897,03.06.2012 17:00:00,-0.0241842
15898,03.06.2012 18:00:00,-0.0239697
15899,03.06.2012 19:00:00,-0.0218992
15900,03.06.2012 20:00:00,-0.0201931,3.568
15901,03.06.2012 21:00:00,-0.0230579
15902,03.06.2012 22:00:00,-0.0190659
15903,03.06.2012 23:00:00,-0.0203753
15904,04.06.2012 00:00:00,-0.0197954
15905,04.06.2012 01:00:00,-0.0142794
15906,04.06.2012 02:00:00,-0.017724,3.568
15907,04.06.2012 03:00:00,-0.0196133
15908,04.06.2012 04:00:00,-0.0342541
15909,04.06.2012 05:00:00,-0.048316
15910,04.06.2012 06:00:00,-0.0595455
15911,04.06.2012 07:00:00,-0.0736256
15912,04.06.2012 08:00:00,-0.0844574,3.568
15913,04.06.2012 09:00:00,-0.0642996
15914,04.06.2012 10:00:00,-0.0599422
15915,04.06.2012 11:00:00,-0.049078
15916,04.06.2012 12:00:00,-0.0439596
15917,04.06.2012 13:00:00,-0.0325489
15918,04.06.2012 14:00:00,-0.0293179,3.568
15919,04.06.2012 15:00:00,-0.0240021
15920,04.06.2012 16:00:00,-0.0260725
15921,04.06.2012 17:00:00,-0.0144939
15922,04.06.2012 18:00:00,-0.0175419
15923,04.06.2012 19:00:00,-0.00627995
15924,04.06.2012 20:00:00,-0.0162001,3.569
15925,04.06.2012 21:00:00,-0.0143118
15926,04.06.2012 22:00:00,-0.0152559
15927,04.06.2012 23:00:00,-0.0144939
15928,05.06.2012 00:00:00,-0.00932693
15929,05.06.2012 01:00:00,-0.0120115
15930,05.06.2012 02:00:00,-0.0120115,3.570
15931,05.06.2012 03:00:00,-0.0150738
15932,05.06.2012 04:00:00,-0.0275965
15933,05.06.2012 05:00:00,-0.122684
15934,05.06.2012 06:00:00,-0.309735
15935,05.06.2012 07:00:00,-0.487005
15936,05.06.2012 08:00:00,-0.620119,3.568
15937,05.06.2012 09:00:00,-0.593739
15938,05.06.2012 10:00:00,-0.382705
15939,05.06.2012 11:00:00,-0.155377
15940,05.06.2012 12:00:00,-0.0821705
15941,05.06.2012 13:00:00,-0.0285559
15942,05.06.2012 14:00:00,-0.0226612,3.570
15943,05.06.2012 15:00:00,-0.0135174
15944,05.06.2012 16:00:00,-0.0228434
15945,05.06.2012 17:00:00,-0.0165644
15946,05.06.2012 18:00:00,-0.0131531
15947,05.06.2012 19:00:00,-0.0142794
15948,05.06.2012 20:00:00,-0.0156202,3.570
15949,05.06.2012 21:00:00,-0.0184526
15950,05.06.2012 22:00:00,-0.0169621
15951,05.06.2012 23:00:00,-0.0188503
15952,06.06.2012 00:00:00,-0.0884485
15953,06.06.2012 01:00:00,-0.172122
15954,06.06.2012 02:00:00,-0.258444,3.564
15955,06.06.2012 03:00:00,-0.377389
15956,06.06.2012 04:00:00,-0.492886
15957,06.06.2012 05:00:00,-0.59127
15958,06.06.2012 06:00:00,-0.702901
15959,06.06.2012 07:00:00,-0.614819
15960,06.06.2012 08:00:00,-0.509595,3.563
15961,06.06.2012 09:00:00,-0.371327
15962,06.06.2012 10:00:00,-0.194762
15963,06.06.2012 11:00:00,-0.0966311
15964,06.06.2012 12:00:00,-0.056118
15965,06.06.2012 13:00:00,-0.0266523
15966,06.06.2012 14:00:00,0.00130749,3.573
15967,06.06.2012 15:00:00,-0.00268555
15968,06.06.2012 16:00:00,0.00167179
15969,06.06.2012 17:00:00,-0.0140972
15970,06.06.2012 18:00:00,-0.0148592
15971,06.06.2012 19:00:00,-0.0175085
15972,06.06.2012 20:00:00,-0.0190325,3.569
15973,06.06.2012 21:00:00,-0.0162001
15974,06.06.2012 22:00:00,-0.0176907
15975,06.06.2012 23:00:00,-0.0188503
15976,07.06.2012 00:00:00,-0.0148592
15977,07.06.2012 01:00:00,-0.0144939
15978,07.06.2012 02:00:00,-0.0171442,3.570
15979,07.06.2012 03:00:00,-0.0171442
15980,07.06.2012 04:00:00,-0.0167799
15981,07.06.2012 05:00:00,-0.0182705
15982,07.06.2012 06:00:00,-0.0218992
15983,07.06.2012 07:00:00,-0.0289536
15984,07.06.2012 08:00:00,-0.0274143,3.568
15985,07.06.2012 09:00:00,-0.0236053
15986,07.06.2012 10:00:00,-0.0262547
15987,07.06.2012 11:00:00,-0.0275965
15988,07.06.2012 12:00:00,-0.0209551
15989,07.06.2012 13:00:00,-0.0186682
15990,07.06.2012 14:00:00,-0.0186682,3.570
15991,07.06.2012 15:00:00,-0.0196133
15992,07.06.2012 16:00:00,0.00014782
15993,07.06.2012 17:00:00,0.00967121
15994,07.06.2012 18:00:00,0.0456305
15995,07.06.2012 19:00:00,0.126278
15996,07.06.2012 20:00:00,0.156358,3.570
15997,07.06.2012 21:00:00,0.144382
15998,07.06.2012 22:00:00,0.151057
15999,07.06.2012 23:00:00,0.163447
16000,08.06.2012 00:00:00,0.100604
16001,08.06.2012 01:00:00,0.0121393
16002,08.06.2012 02:00:00,-0.0382462,3.570
16003,08.06.2012 03:00:00,-0.0369377
16004,08.06.2012 04:00:00,-0.0861635
16005,08.06.2012 05:00:00,-0.193222
16006,08.06.2012 06:00:00,-0.207102
16007,08.06.2012 07:00:00,-0.217569
16008,08.06.2012 08:00:00,-0.0819883,3.570
16009,08.06.2012 09:00:00,-0.00555038
16010,08.06.2012 10:00:00,0.205107
16011,08.06.2012 11:00:00,0.0669298
16012,08.06.2012 12:00:00,0.179795
16013,08.06.2012 13:00:00,0.913668
16014,08.06.2012 14:00:00,0.712872,3.575
16015,08.06.2012 15:00:00,0.62598
16016,08.06.2012 16:00:00,0.613954
16017,08.06.2012 17:00:00,0.219566
16018,08.06.2012 18:00:00,0.325182
16019,08.06.2012 19:00:00,0.145905
16020,08.06.2012 20:00:00,0.0539942,3.570
16021,08.06.2012 21:00:00,0.0197744
16022,08.06.2012 22:00:00,0.00188637
16023,08.06.2012 23:00:00,-0.0140972
16024,09.06.2012 00:00:00,-0.00743866
16025,09.06.2012 01:00:00,-0.0103054
16026,09.06.2012 02:00:00,-0.0323668,3.571
16027,09.06.2012 03:00:00,-0.0270166
16028,09.06.2012 04:00:00,-0.029501
16029,09.06.2012 05:00:00,-0.0405331
16030,09.06.2012 06:00:00,-0.147379
16031,09.06.2012 07:00:00,-0.163559
16032,09.06.2012 08:00:00,-0.223828,3.567
16033,09.06.2012 09:00:00,-0.312982
16034,09.06.2012 10:00:00,-0.169074
16035,09.06.2012 11:00:00,-0.0534678
16036,09.06.2012 12:00:00,-0.0209551
16037,09.06.2012 13:00:00,-0.0114317
16038,09.06.2012 14:00:00,-0.00174141,3.570
16039,09.06.2012 15:00:00,-0.00457382
16040,09.06.2012 16:00:00,0.00112534
16041,09.06.2012 17:00:00,-0.00707436
16042,09.06.2012 18:00:00,0.00283051
16043,09.06.2012 19:00:00,0.00397205
16044,09.06.2012 20:00:00,0.00188637,3.570
16045,09.06.2012 21:00:00,0.00513172
16046,09.06.2012 22:00:00,-0.0120115
16047,09.06.2012 23:00:00,-0.0224457
16048,10.06.2012 00:00:00,-0.0239697
16049,10.06.2012 01:00:00,-0.138086
16050,10.06.2012 02:00:00,-0.278201,3.565
16051,10.06.2012 03:00:00,-0.32893
16052,10.06.2012 04:00:00,-0.34034
16053,10.06.2012 05:00:00,-0.273812
16054,10.06.2012 06:00:00,-0.282558
16055,10.06.2012 07:00:00,-0.264688
16056,10.06.2012 08:00:00,-0.198754,3.565
16057,10.06.2012 09:00:00,-0.113558
16058,10.06.2012 10:00:00,-0.0607061
16059,10.06.2012 11:00:00,-0.0437775
16060,10.06.2012 12:00:00,-0.00798607
16061,10.06.2012 13:00:00,0.00988674
16062,10.06.2012 14:00:00,0.186256,3.572
16063,10.06.2012 15:00:00,0.640045
16064,10.06.2012 16:00:00,0.235552
16065,10.06.2012 17:00:00,0.338932
16066,10.06.2012 18:00:00,0.332438
16067,10.06.2012 19:00:00,0.197669
16068,10.06.2012 20:00:00,0.147429,3.571
16069,10.06.2012 21:00:00,0.189852
16070,10.06.2012 22:00:00,0.361575
16071,10.06.2012 23:00:00,0.164176
16072,11.06.2012 00:00:00,-0.00573254
16073,11.06.2012 01:00:00,-0.22517
16074,11.06.2012 02:00:00,-0.407033,3.569
16075,11.06.2012 03:00:00,-0.790963
16076,11.06.2012 04:00:00,-1.28311
16077,11.06.2012 05:00:00,-1.03552
16078,11.06.2012 06:00:00,-0.624506
16079,11.06.2012 07:00:00,-0.366923
16080,11.06.2012 08:00:00,-0.327804,3.565
16081,11.06.2012 09:00:00,-0.31222
16082,11.06.2012 10:00:00,-0.272868
16083,11.06.2012 11:00:00,-0.415396
16084,11.06.2012 12:00:00,-0.176875
16085,11.06.2012 13:00:00,-0.0156202
16086,11.06.2012 14:00:00,0.755582,3.571
16087,11.06.2012 15:00:00,1.53381
16088,11.06.2012 16:00:00,1.16206
16089,11.06.2012 17:00:00,0.902948
16090,11.06.2012 18:00:00,0.892245
16091,11.06.2012 19:00:00,1.03092
16092,11.06.2012 20:00:00,0.655849,3.577
16093,11.06.2012 21:00:00,0.597369
16094,11.06.2012 22:00:00,0.398698
16095,11.06.2012 23:00:00,0.135255
16096,12.06.2012 00:00:00,-0.0502386
16097,12.06.2012 01:00:00,-0.191517
16098,12.06.2012 02:00:00,-0.292048,3.569
16099,12.06.2012 03:00:00,-0.328383
16100,12.06.2012 04:00:00,-0.326082
16101,12.06.2012 05:00:00,-0.447111
16102,12.06.2012 06:00:00,-0.577791
16103,12.06.2012 07:00:00,-0.63229
16104,12.06.2012 08:00:00,-0.587478,3.564
16105,12.06.2012 09:00:00,-0.428513
16106,12.06.2012 10:00:00,-0.16187
16107,12.06.2012 11:00:00,0.0264158
16108,12.06.2012 12:00:00,0.465141
16109,12.06.2012 13:00:00,1.81536
16110,12.06.2012 14:00:00,1.21129,3.579
16111,12.06.2012 15:00:00,1.9228
16112,12.06.2012 16:00:00,3.09423
16113,12.06.2012 17:00:00,2.39121
16114,12.06.2012 18:00:00,1.38469
16115,12.06.2012 19:00:00,1.03387
16116,12.06.2012 20:00:00,0.684461,3.582
16117,12.06.2012 21:00:00,0.471851
16118,12.06.2012 22:00:00,0.43829
16119,12.06.2012 23:00:00,0.377957
16120,13.06.2012 00:00:00,0.268863
16121,13.06.2012 01:00:00,0.157154
16122,13.06.2012 02:00:00,0.0517073,3.574
16123,13.06.2012 03:00:00,-0.0618324
16124,13.06.2012 04:00:00,-0.0890284
16125,13.06.2012 05:00:00,-0.197992
16126,13.06.2012 06:00:00,-0.292809
16127,13.06.2012 07:00:00,-0.43363
16128,13.06.2012 08:00:00,-0.397726,3.569
16129,13.06.2012 09:00:00,-0.189993
16130,13.06.2012 10:00:00,-0.00856495
16131,13.06.2012 11:00:00,0.314564
16132,13.06.2012 12:00:00,0.677999
16133,13.06.2012 13:00:00,1.59996
16134,13.06.2012 14:00:00,2.40828,3.587
16135,13.06.2012 15:00:00,2.76691
16136,13.06.2012 16:00:00,3.16875
16137,13.06.2012 17:00:00,2.91201
16138,13.06.2012 18:00:00,2.296
16139,13.06.2012 19:00:00,1.56039
16140,13.06.2012 20:00:00,0.857586,3.583
16141,13.06.2012 21:00:00,0.53205
16142,13.06.2012 22:00:00,0.283902
16143,13.06.2012 23:00:00,0.0675087
16144,14.06.2012 00:00:00,-0.101202
16145,14.06.2012 01:00:00,-0.17252
16146,14.06.2012 02:00:00,-0.214704,3.570
16147,14.06.2012 03:00:00,-0.18466
16148,14.06.2012 04:00:00,-0.184692
16149,14.06.2012 05:00:00,-0.225352
16150,14.06.2012 06:00:00,-0.276496
16151,14.06.2012 07:00:00,-0.264109
16152,14.06.2012 08:00:00,-0.347744,3.569
16153,14.06.2012 09:00:00,-0.284644
16154,14.06.2012 10:00:00,-0.165083
16155,14.06.2012 11:00:00,-0.0182705
16156,14.06.2012 12:00:00,0.165518
16157,14.06.2012 13:00:00,0.362155
16158,14.06.2012 14:00:00,0.710189,3.578
16159,14.06.2012 15:00:00,0.960191
16160,14.06.2012 16:00:00,1.2919
16161,14.06.2012 17:00:00,0.761497
16162,14.06.2012 18:00:00,0.409928
16163,14.06.2012 19:00:00,-0.0158033
16164,14.06.2012 20:00:00,-0.0627766,3.574
16165,14.06.2012 21:00:00,-0.0966311
16166,14.06.2012 22:00:00,-0.141316
16167,14.06.2012 23:00:00,-0.176875
16168,15.06.2012 00:00:00,-0.266394
16169,15.06.2012 01:00:00,-0.273266
16170,15.06.2012 02:00:00,-0.626212,3.566
16171,15.06.2012 03:00:00,-0.491179
16172,15.06.2012 04:00:00,-0.390688
16173,15.06.2012 05:00:00,-0.549109
16174,15.06.2012 06:00:00,-0.518537
16175,15.06.2012 07:00:00,-0.513801
16176,15.06.2012 08:00:00,-0.466669,3.565
16177,15.06.2012 09:00:00,-0.380221
16178,15.06.2012 10:00:00,-0.250047
16179,15.06.2012 11:00:00,-0.150657
16180,15.06.2012 12:00:00,-0.0262547
16181,15.06.2012 13:00:00,0.396991
16182,15.06.2012 14:00:00,1.58028,3.575
16183,15.06.2012 15:00:00,2.01318
16184,15.06.2012 16:00:00,3.64577
16185,15.06.2012 17:00:00,4.86903
16186,15.06.2012 18:00:00,4.70741
16187,15.06.2012 19:00:00,2.80028
16188,15.06.2012 20:00:00,1.68163,3.593
16189,15.06.2012 21:00:00,0.92568
16190,15.06.2012 22:00:00,0.441171
16191,15.06.2012 23:00:00,0.298149
16192,16.06.2012 00:00:00,0.15389
16193,16.06.2012 01:00:00,-0.0521269
16194,16.06.2012 02:00:00,-0.10786,3.576
16195,16.06.2012 03:00:00,-0.136927
16196,16.06.2012 04:00:00,-0.216592
16197,16.06.2012 05:00:00,-0.259934
16198,16.06.2012 06:00:00,-0.361805
16199,16.06.2012 07:00:00,-0.348688
16200,16.06.2012 08:00:00,-0.360281,3.568
16201,16.06.2012 09:00:00,-0.205976
16202,16.06.2012 10:00:00,-0.0639029
16203,16.06.2012 11:00:00,0.17009
16204,16.06.2012 12:00:00,0.437924
16205,16.06.2012 13:00:00,1.0596
16206,16.06.2012 14:00:00,1.44731,3.583
16207,16.06.2012 15:00:00,2.01968
16208,16.06.2012 16:00:00,1.13096
16209,16.06.2012 17:00:00,0.244894
16210,16.06.2012 18:00:00,0.273436
16211,16.06.2012 19:00:00,0.101946
16212,16.06.2012 20:00:00,-0.215863,3.574
16213,16.06.2012 21:00:00,-0.361623
16214,16.06.2012 22:00:00,-0.218878
16215,16.06.2012 23:00:00,-0.491378
16216,17.06.2012 00:00:00,-0.433067
16217,17.06.2012 01:00:00,-0.202928
16218,17.06.2012 02:00:00,-0.106153,3.570
16219,17.06.2012 03:00:00,-0.0810442
16220,17.06.2012 04:00:00,-0.0779972
16221,17.06.2012 05:00:00,-0.0747671
16222,17.06.2012 06:00:00,-0.0869255
16223,17.06.2012 07:00:00,-0.124969
16224,17.06.2012 08:00:00,-0.144148,3.568
16225,17.06.2012 09:00:00,-0.14549
16226,17.06.2012 10:00:00,-0.0935822
16227,17.06.2012 11:00:00,-0.0165644
16228,17.06.2012 12:00:00,-0.00399399
16229,17.06.2012 13:00:00,0.0201387
16230,17.06.2012 14:00:00,0.389753,3.576
16231,17.06.2012 15:00:00,1.71615
16232,17.06.2012 16:00:00,2.95888
16233,17.06.2012 17:00:00,2.49124
16234,17.06.2012 18:00:00,1.99432
16235,17.06.2012 19:00:00,1.46126
16236,17.06.2012 20:00:00,1.14317,3.584
16237,17.06.2012 21:00:00,0.808795
16238,17.06.2012 22:00:00,0.695542
16239,17.06.2012 23:00:00,0.377195
16240,18.06.2012 00:00:00,0.253457
16241,18.06.2012 01:00:00,0.30007
16242,18.06.2012 02:00:00,0.158098,3.576
16243,18.06.2012 03:00:00,-0.0374842
16244,18.06.2012 04:00:00,-0.188105
16245,18.06.2012 05:00:00,-0.297761
16246,18.06.2012 06:00:00,-0.339016
16247,18.06.2012 07:00:00,-0.399447
16248,18.06.2012 08:00:00,-0.403224,3.570
16249,18.06.2012 09:00:00,-0.105756
16250,18.06.2012 10:00:00,0.0867243
16251,18.06.2012 11:00:00,0.361973
16252,18.06.2012 12:00:00,1.29357
16253,18.06.2012 13:00:00,3.2445
16254,18.06.2012 14:00:00,4.88859,3.600
16255,18.06.2012 15:00:00,6.13106
16256,18.06.2012 16:00:00,7.20291
16257,18.06.2012 17:00:00,6.92893
16258,18.06.2012 18:00:00,6.81674
16259,18.06.2012 19:00:00,5.6999
16260,18.06.2012 20:00:00,4.39703,3.610
16261,18.06.2012 21:00:00,3.69958
16262,18.06.2012 22:00:00,3.04265
16263,18.06.2012 23:00:00,2.53721
16264,19.06.2012 00:00:00,2.10181
16265,19.06.2012 01:00:00,1.63863
16266,19.06.2012 02:00:00,1.31482,3.588
16267,19.06.2012 03:00:00,0.967846
16268,19.06.2012 04:00:00,0.657042
16269,19.06.2012 05:00:00,0.395864
16270,19.06.2012 06:00:00,0.277442
16271,19.06.2012 07:00:00,0.172011
16272,19.06.2012 08:00:00,0.10993,3.578
16273,19.06.2012 09:00:00,0.301628
16274,19.06.2012 10:00:00,0.670578
16275,19.06.2012 11:00:00,1.36007
16276,19.06.2012 12:00:00,1.92826
16277,19.06.2012 13:00:00,3.61113
16278,19.06.2012 14:00:00,3.51574,3.597
16279,19.06.2012 15:00:00,3.78614
16280,19.06.2012 16:00:00,3.44978
16281,19.06.2012 17:00:00,3.34435
16282,19.06.2012 18:00:00,2.31957
16283,19.06.2012 19:00:00,2.0533
16284,19.06.2012 20:00:00,1.90265,3.587
16285,19.06.2012 21:00:00,1.70491
16286,19.06.2012 22:00:00,1.51497
16287,19.06.2012 23:00:00,1.3068
16288,20.06.2012 00:00:00,1.13482
16289,20.06.2012 01:00:00,0.84352
16290,20.06.2012 02:00:00,0.521547,3.581
16291,20.06.2012 03:00:00,0.172194
16292,20.06.2012 04:00:00,0.00206947
16293,20.06.2012 05:00:00,-0.175716
16294,20.06.2012 06:00:00,-0.37358
16295,20.06.2012 07:00:00,-0.323614
16296,20.06.2012 08:00:00,-0.309155,3.572
16297,20.06.2012 09:00:00,-0.21906
16298,20.06.2012 10:00:00,-0.0193968
16299,20.06.2012 11:00:00,0.53702
16300,20.06.2012 12:00:00,1.55684
16301,20.06.2012 13:00:00,3.87165
16302,20.06.2012 14:00:00,5.57277,3.601
16303,20.06.2012 15:00:00,5.63641
16304,20.06.2012 16:00:00,5.76993
16305,20.06.2012 17:00:00,5.91436
16306,20.06.2012 18:00:00,5.17441
16307,20.06.2012 19:00:00,4.45443
16308,20.06.2012 20:00:00,3.79595,3.602
16309,20.06.2012 21:00:00,2.96544
16310,20.06.2012 22:00:00,2.61622
16311,20.06.2012 23:00:00,2.23444
16312,21.06.2012 00:00:00,1.92978
16313,21.06.2012 01:00:00,1.54495
16314,21.06.2012 02:00:00,1.1167,3.586
16315,21.06.2012 03:00:00,0.87571
16316,21.06.2012 04:00:00,0.617218
16317,21.06.2012 05:00:00,0.3793
16318,21.06.2012 06:00:00,0.244528
16319,21.06.2012 07:00:00,0.233664
16320,21.06.2012 08:00:00,0.296658,3.578
16321,21.06.2012 09:00:00,0.549229
16322,21.06.2012 10:00:00,0.969154
16323,21.06.2012 11:00:00,1.67321
16324,21.06.2012 12:00:00,2.82103
16325,21.06.2012 13:00:00,4.92686
16326,21.06.2012 14:00:00,7.67156,3.607
16327,21.06.2012 15:00:00,9.49115
16328,21.06.2012 16:00:00,8.43008
16329,21.06.2012 17:00:00,7.88929
16330,21.06.2012 18:00:00,6.66758
16331,21.06.2012 19:00:00,5.60439
16332,21.06.2012 20:00:00,4.80489,3.611
16333,21.06.2012 21:00:00,4.29269
16334,21.06.2012 22:00:00,3.83788
16335,21.06.2012 23:00:00,3.31727
16336,22.06.2012 00:00:00,2.77445
16337,22.06.2012 01:00:00,2.36593
16338,22.06.2012 02:00:00,1.88679,3.595
16339,22.06.2012 03:00:00,1.58931
16340,22.06.2012 04:00:00,1.26935
16341,22.06.2012 05:00:00,0.982923
16342,22.06.2012 06:00:00,0.886016
16343,22.06.2012 07:00:00,0.73295
16344,22.06.2012 08:00:00,0.68065,3.583
16345,22.06.2012 09:00:00,0.777302
16346,22.06.2012 10:00:00,1.2634
16347,22.06.2012 11:00:00,2.27268
16348,22.06.2012 12:00:00,3.83006
16349,22.06.2012 13:00:00,5.87817
16350,22.06.2012 14:00:00,6.94036,3.609
16351,22.06.2012 15:00:00,8.69815
16352,22.06.2012 16:00:00,8.62184
16353,22.06.2012 17:00:00,9.06753
16354,22.06.2012 18:00:00,8.35889
16355,22.06.2012 19:00:00,6.75946
16356,22.06.2012 20:00:00,4.99467,3.615
16357,22.06.2012 21:00:00,3.92812
16358,22.06.2012 22:00:00,3.01649
16359,22.06.2012 23:00:00,2.95246
16360,23.06.2012 00:00:00,2.66247
16361,23.06.2012 01:00:00,2.49127
16362,23.06.2012 02:00:00,2.21286,3.597
16363,23.06.2012 03:00:00,1.91639
16364,23.06.2012 04:00:00,1.69159
16365,23.06.2012 05:00:00,1.48705
16366,23.06.2012 06:00:00,1.21399
16367,23.06.2012 07:00:00,1.07125
16368,23.06.2012 08:00:00,1.43338,3.588
16369,23.06.2012 09:00:00,2.13722
16370,23.06.2012 10:00:00,2.98302
16371,23.06.2012 11:00:00,3.93643
16372,23.06.2012 12:00:00,4.20736
16373,23.06.2012 13:00:00,4.62034
16374,23.06.2012 14:00:00,4.76548,3.605
16375,23.06.2012 15:00:00,5.07997
16376,23.06.2012 16:00:00,5.40022
16377,23.06.2012 17:00:00,5.13955
16378,23.06.2012 18:00:00,4.69568
16379,23.06.2012 19:00:00,3.87605
16380,23.06.2012 20:00:00,3.2097,3.603
16381,23.06.2012 21:00:00,2.77246
16382,23.06.2012 22:00:00,2.63328
16383,23.06.2012 23:00:00,2.48633
16384,24.06.2012 00:00:00,2.35103
16385,24.06.2012 01:00:00,2.19634
16386,24.06.2012 02:00:00,2.03136,3.591
16387,24.06.2012 03:00:00,1.87774
16388,24.06.2012 04:00:00,1.76401
16389,24.06.2012 05:00:00,1.54574
16390,24.06.2012 06:00:00,1.4001
16391,24.06.2012 07:00:00,1.41314
16392,24.06.2012 08:00:00,1.67492,3.588
16393,24.06.2012 09:00:00,2.21338
16394,24.06.2012 10:00:00,2.67947
16395,24.06.2012 11:00:00,3.20721
16396,24.06.2012 12:00:00,3.82346
16397,24.06.2012 13:00:00,4.83073
16398,24.06.2012 14:00:00,6.42124,3.612
16399,24.06.2012 15:00:00,5.32467
16400,24.06.2012 16:00:00,2.27485
16401,24.06.2012 17:00:00,1.67324
16402,24.06.2012 18:00:00,1.99639
16403,24.06.2012 19:00:00,2.00521
16404,24.06.2012 20:00:00,1.72278,3.590
16405,24.06.2012 21:00:00,1.43091
16406,24.06.2012 22:00:00,1.28355
16407,24.06.2012 23:00:00,1.01917
16408,25.06.2012 00:00:00,0.960406
16409,25.06.2012 01:00:00,0.805564
16410,25.06.2012 02:00:00,0.524446,3.583
16411,25.06.2012 03:00:00,0.363315
16412,25.06.2012 04:00:00,0.556634
16413,25.06.2012 05:00:00,0.388263
16414,25.06.2012 06:00:00,0.37988
16415,25.06.2012 07:00:00,0.439847
16416,25.06.2012 08:00:00,0.583488,3.580
16417,25.06.2012 09:00:00,0.81017
16418,25.06.2012 10:00:00,1.28714
16419,25.06.2012 11:00:00,2.0187
16420,25.06.2012 12:00:00,2.54165
16421,25.06.2012 13:00:00,3.29174
16422,25.06.2012 14:00:00,3.8617,3.597
16423,25.06.2012 15:00:00,3.97515
16424,25.06.2012 16:00:00,4.77027
16425,25.06.2012 17:00:00,4.301
16426,25.06.2012 18:00:00,3.63373
16427,25.06.2012 19:00:00,2.59589
16428,25.06.2012 20:00:00,2.23248,3.595
16429,25.06.2012 21:00:00,1.93397
16430,25.06.2012 22:00:00,1.42037
16431,25.06.2012 23:00:00,0.732736
16432,26.06.2012 00:00:00,0.594373
16433,26.06.2012 01:00:00,0.443292
16434,26.06.2012 02:00:00,0.419868,3.584
16435,26.06.2012 03:00:00,0.415478
16436,26.06.2012 04:00:00,0.165154
16437,26.06.2012 05:00:00,-0.0629587
16438,26.06.2012 06:00:00,-0.0525236
16439,26.06.2012 07:00:00,-0.232757
16440,26.06.2012 08:00:00,0.0306234,3.577
16441,26.06.2012 09:00:00,0.299126
16442,26.06.2012 10:00:00,0.866367
16443,26.06.2012 11:00:00,1.77526
16444,26.06.2012 12:00:00,3.01987
16445,26.06.2012 13:00:00,3.15207
16446,26.06.2012 14:00:00,1.82816,3.591
16447,26.06.2012 15:00:00,1.99309
16448,26.06.2012 16:00:00,2.42693
16449,26.06.2012 17:00:00,2.70576
16450,26.06.2012 18:00:00,2.60364
16451,26.06.2012 19:00:00,2.47231
16452,26.06.2012 20:00:00,2.19027,3.592
16453,26.06.2012 21:00:00,1.45266
16454,26.06.2012 22:00:00,1.30277
16455,26.06.2012 23:00:00,1.30814
16456,27.06.2012 00:00:00,1.20484
16457,27.06.2012 01:00:00,1.0516
16458,27.06.2012 02:00:00,1.00236,3.585
16459,27.06.2012 03:00:00,0.866003
16460,27.06.2012 04:00:00,0.786131
16461,27.06.2012 05:00:00,0.6862
16462,27.06.2012 06:00:00,0.628665
16463,27.06.2012 07:00:00,0.548037
16464,27.06.2012 08:00:00,0.530544,3.581
16465,27.06.2012 09:00:00,0.646789
16466,27.06.2012 10:00:00,0.960803
16467,27.06.2012 11:00:00,1.5884
16468,27.06.2012 12:00:00,2.41917
16469,27.06.2012 13:00:00,3.12123
16470,27.06.2012 14:00:00,3.31238,3.597
16471,27.06.2012 15:00:00,3.64756
16472,27.06.2012 16:00:00,3.36991
16473,27.06.2012 17:00:00,0.592997
16474,27.06.2012 18:00:00,0.387284
16475,27.06.2012 19:00:00,0.358727
16476,27.06.2012 20:00:00,0.362917,3.583
16477,27.06.2012 21:00:00,0.452237
16478,27.06.2012 22:00:00,0.513961
16479,27.06.2012 23:00:00,0.55776
16480,28.06.2012 00:00:00,0.555111
16481,28.06.2012 01:00:00,0.568627
16482,28.06.2012 02:00:00,0.559071,3.581
16483,28.06.2012 03:00:00,0.507451
16484,28.06.2012 04:00:00,0.471272
16485,28.06.2012 05:00:00,0.393944
16486,28.06.2012 06:00:00,0.343487
16487,28.06.2012 07:00:00,0.274179
16488,28.06.2012 08:00:00,0.229091,3.577
16489,28.06.2012 09:00:00,0.24544
16490,28.06.2012 10:00:00,0.230979
16491,28.06.2012 11:00:00,0.235552
16492,28.06.2012 12:00:00,0.263529
16493,28.06.2012 13:00:00,0.30923
16494,28.06.2012 14:00:00,0.365568,3.576
16495,28.06.2012 15:00:00,0.766449
16496,28.06.2012 16:00:00,0.679954
16497,28.06.2012 17:00:00,1.70168
16498,28.06.2012 18:00:00,1.95769
16499,28.06.2012 19:00:00,1.63745
16500,28.06.2012 20:00:00,1.26612,3.586
16501,28.06.2012 21:00:00,1.09398
16502,28.06.2012 22:00:00,0.906395
16503,28.06.2012 23:00:00,0.70661
16504,29.06.2012 00:00:00,0.589982
16505,29.06.2012 01:00:00,0.411303
16506,29.06.2012 02:00:00,0.271149,3.581
16507,29.06.2012 03:00:00,0.107644
16508,29.06.2012 04:00:00,0.0191946
16509,29.06.2012 05:00:00,-0.029501
16510,29.06.2012 06:00:00,-0.0747671
16511,29.06.2012 07:00:00,-0.117549
16512,29.06.2012 08:00:00,-0.135983,3.574
16513,29.06.2012 09:00:00,-0.0148592
16514,29.06.2012 10:00:00,0.388777
16515,29.06.2012 11:00:00,1.22044
16516,29.06.2012 12:00:00,2.23666
16517,29.06.2012 13:00:00,4.58815
16518,29.06.2012 14:00:00,5.03397,3.603
16519,29.06.2012 15:00:00,5.29423
16520,29.06.2012 16:00:00,3.53406
16521,29.06.2012 17:00:00,3.05212
16522,29.06.2012 18:00:00,2.82387
16523,29.06.2012 19:00:00,2.686
16524,29.06.2012 20:00:00,1.57385,3.593
16525,29.06.2012 21:00:00,1.37601
16526,29.06.2012 22:00:00,1.20619
16527,29.06.2012 23:00:00,1.04075
16528,30.06.2012 00:00:00,0.988257
16529,30.06.2012 01:00:00,0.90777
16530,30.06.2012 02:00:00,0.636665,3.583
16531,30.06.2012 03:00:00,0.464231
16532,30.06.2012 04:00:00,0.232503
16533,30.06.2012 05:00:00,0.0861769
16534,30.06.2012 06:00:00,-0.131428
16535,30.06.2012 07:00:00,-0.292081
16536,30.06.2012 08:00:00,-0.337493,3.576
16537,30.06.2012 09:00:00,-0.204236
16538,30.06.2012 10:00:00,0.10289
16539,30.06.2012 11:00:00,0.624854
16540,30.06.2012 12:00:00,1.61703
16541,30.06.2012 13:00:00,3.00898
16542,30.06.2012 14:00:00,3.93142,3.598
16543,30.06.2012 15:00:00,5.06153
16544,30.06.2012 16:00:00,5.50732
16545,30.06.2012 17:00:00,6.43134
16546,30.06.2012 18:00:00,6.93638
16547,30.06.2012 19:00:00,5.16919
16548,30.06.2012 20:00:00,3.76282,3.606
16549,30.06.2012 21:00:00,3.17822
16550,30.06.2012 22:00:00,2.83171
16551,30.06.2012 23:00:00,2.58508
16552,01.07.2012 00:00:00,2.18124
16553,01.07.2012 01:00:00,1.83038
16554,01.07.2012 02:00:00,1.58071,3.590
16555,01.07.2012 03:00:00,1.20996
16556,01.07.2012 04:00:00,1.03137
16557,01.07.2012 05:00:00,0.817941
16558,01.07.2012 06:00:00,0.603715
16559,01.07.2012 07:00:00,0.378936
16560,01.07.2012 08:00:00,0.295133,3.581
16561,01.07.2012 09:00:00,0.321239
16562,01.07.2012 10:00:00,0.800977
16563,01.07.2012 11:00:00,1.47701
16564,01.07.2012 12:00:00,2.34602
16565,01.07.2012 13:00:00,3.94021
16566,01.07.2012 14:00:00,6.88451,3.608
16567,01.07.2012 15:00:00,9.79203
16568,01.07.2012 16:00:00,10.8558
16569,01.07.2012 17:00:00,11.6325
16570,01.07.2012 18:00:00,10.9394
16571,01.07.2012 19:00:00,9.73481
16572,01.07.2012 20:00:00,8.08307,3.632
16573,01.07.2012 21:00:00,6.55281
16574,01.07.2012 22:00:00,5.94925
16575,01.07.2012 23:00:00,5.42189
16576,02.07.2012 00:00:00,4.83592
16577,02.07.2012 01:00:00,4.3
16578,02.07.2012 02:00:00,4.00643,3.610
16579,02.07.2012 03:00:00,3.61553
16580,02.07.2012 04:00:00,3.15431
16581,02.07.2012 05:00:00,2.78171
16582,02.07.2012 06:00:00,2.52003
16583,02.07.2012 07:00:00,2.17399
16584,02.07.2012 08:00:00,1.96599,3.597
16585,02.07.2012 09:00:00,1.9861
16586,02.07.2012 10:00:00,2.21588
16587,02.07.2012 11:00:00,2.94452
16588,02.07.2012 12:00:00,4.03444
16589,02.07.2012 13:00:00,6.70414
16590,02.07.2012 14:00:00,9.8632,3.623
16591,02.07.2012 15:00:00,11.7832
16592,02.07.2012 16:00:00,12.6362
16593,02.07.2012 17:00:00,12.7818
16594,02.07.2012 18:00:00,12.4547
16595,02.07.2012 19:00:00,10.7846
16596,02.07.2012 20:00:00,5.88205,3.630
16597,02.07.2012 21:00:00,5.59402
16598,02.07.2012 22:00:00,5.50758
16599,02.07.2012 23:00:00,5.01543
16600,03.07.2012 00:00:00,4.58748
16601,03.07.2012 01:00:00,4.284
16602,03.07.2012 02:00:00,4.14948,3.614
16603,03.07.2012 03:00:00,3.91441
16604,03.07.2012 04:00:00,3.51388
16605,03.07.2012 05:00:00,3.2285
16606,03.07.2012 06:00:00,2.96849
16607,03.07.2012 07:00:00,2.90132
16608,03.07.2012 08:00:00,2.76815,3.603
16609,03.07.2012 09:00:00,2.70707
16610,03.07.2012 10:00:00,3.08539
16611,03.07.2012 11:00:00,3.46288
16612,03.07.2012 12:00:00,4.45712
16613,03.07.2012 13:00:00,7.31133
16614,03.07.2012 14:00:00,8.53593,3.624
16615,03.07.2012 15:00:00,10.6406
16616,03.07.2012 16:00:00,10.9291
16617,03.07.2012 17:00:00,10.4411
16618,03.07.2012 18:00:00,9.67934
16619,03.07.2012 19:00:00,8.12926
16620,03.07.2012 20:00:00,6.90285,3.633
16621,03.07.2012 21:00:00,5.64099
16622,03.07.2012 22:00:00,5.03357
16623,03.07.2012 23:00:00,4.86112
16624,04.07.2012 00:00:00,4.59931
16625,04.07.2012 01:00:00,4.22905
16626,04.07.2012 02:00:00,3.95329,3.613
16627,04.07.2012 03:00:00,3.71903
16628,04.07.2012 04:00:00,3.25766
16629,04.07.2012 05:00:00,3.19357
16630,04.07.2012 06:00:00,2.9764
16631,04.07.2012 07:00:00,2.46367
16632,04.07.2012 08:00:00,2.30263,3.603
16633,04.07.2012 09:00:00,2.37728
16634,04.07.2012 10:00:00,2.52965
16635,04.07.2012 11:00:00,3.19421
16636,04.07.2012 12:00:00,4.71663
16637,04.07.2012 13:00:00,5.57932
16638,04.07.2012 14:00:00,6.787,3.617
16639,04.07.2012 15:00:00,7.03433
16640,04.07.2012 16:00:00,6.91782
16641,04.07.2012 17:00:00,7.64147
16642,04.07.2012 18:00:00,7.72696
16643,04.07.2012 19:00:00,6.95044
16644,04.07.2012 20:00:00,6.42955,3.625
16645,04.07.2012 21:00:00,6.0632
16646,04.07.2012 22:00:00,5.33102
16647,04.07.2012 23:00:00,4.61253
16648,05.07.2012 00:00:00,2.84751
16649,05.07.2012 01:00:00,1.99143
16650,05.07.2012 02:00:00,2.34417,3.603
16651,05.07.2012 03:00:00,2.45587
16652,05.07.2012 04:00:00,2.375
16653,05.07.2012 05:00:00,2.15099
16654,05.07.2012 06:00:00,1.97246
16655,05.07.2012 07:00:00,1.94417
16656,05.07.2012 08:00:00,1.79607,3.597
16657,05.07.2012 09:00:00,0.600848
16658,05.07.2012 10:00:00,1.00522
16659,05.07.2012 11:00:00,1.06664
16660,05.07.2012 12:00:00,1.11095
16661,05.07.2012 13:00:00,0.966867
16662,05.07.2012 14:00:00,1.15658,3.590
16663,05.07.2012 15:00:00,1.8617
16664,05.07.2012 16:00:00,2.38153
16665,05.07.2012 17:00:00,2.39154
16666,05.07.2012 18:00:00,2.13947
16667,05.07.2012 19:00:00,1.93495
16668,05.07.2012 20:00:00,0.886414,3.593
16669,05.07.2012 21:00:00,0.655171
16670,05.07.2012 22:00:00,0.167439
16671,05.07.2012 23:00:00,0.381586
16672,06.07.2012 00:00:00,0.353608
16673,06.07.2012 01:00:00,0.599491
16674,06.07.2012 02:00:00,0.558524,3.585
16675,06.07.2012 03:00:00,0.455467
16676,06.07.2012 04:00:00,0.386522
16677,06.07.2012 05:00:00,0.284118
16678,06.07.2012 06:00:00,0.178851
16679,06.07.2012 07:00:00,0.150875
16680,06.07.2012 08:00:00,0.0981531,3.579
16681,06.07.2012 09:00:00,-0.0405331
16682,06.07.2012 10:00:00,0.0165281
16683,06.07.2012 11:00:00,0.01406
16684,06.07.2012 12:00:00,0.188939
16685,06.07.2012 13:00:00,1.38507
16686,06.07.2012 14:00:00,3.84731,3.591
16687,06.07.2012 15:00:00,3.31115
16688,06.07.2012 16:00:00,3.43968
16689,06.07.2012 17:00:00,3.64842
16690,06.07.2012 18:00:00,3.75024
16691,06.07.2012 19:00:00,3.3336
16692,06.07.2012 20:00:00,2.82982,3.599
16693,06.07.2012 21:00:00,2.40223
16694,06.07.2012 22:00:00,1.79687
16695,06.07.2012 23:00:00,1.04285
16696,07.07.2012 00:00:00,0.812241
16697,07.07.2012 01:00:00,0.866401
16698,07.07.2012 02:00:00,0.617218,3.586
16699,07.07.2012 03:00:00,0.263561
16700,07.07.2012 04:00:00,0.111851
16701,07.07.2012 05:00:00,-0.0488958
16702,07.07.2012 06:00:00,-0.148736
16703,07.07.2012 07:00:00,-0.189993
16704,07.07.2012 08:00:00,-0.154831,3.580
16705,07.07.2012 09:00:00,-0.124207
16706,07.07.2012 10:00:00,-0.0138817
16707,07.07.2012 11:00:00,0.453762
16708,07.07.2012 12:00:00,1.35586
16709,07.07.2012 13:00:00,3.52942
16710,07.07.2012 14:00:00,7.00259,3.607
16711,07.07.2012 15:00:00,6.84355
16712,07.07.2012 16:00:00,6.85742
16713,07.07.2012 17:00:00,5.67277
16714,07.07.2012 18:00:00,4.92518
16715,07.07.2012 19:00:00,3.79309
16716,07.07.2012 20:00:00,3.46639,3.605
16717,07.07.2012 21:00:00,2.49386
16718,07.07.2012 22:00:00,2.08807
16719,07.07.2012 23:00:00,1.83765
16720,08.07.2012 00:00:00,1.48193
16721,08.07.2012 01:00:00,1.42904
16722,08.07.2012 02:00:00,1.14263,3.593
16723,08.07.2012 03:00:00,0.76804
16724,08.07.2012 04:00:00,0.445412
16725,08.07.2012 05:00:00,0.250443
16726,08.07.2012 06:00:00,0.118145
16727,08.07.2012 07:00:00,-0.000184059
16728,08.07.2012 08:00:00,-0.047554,3.582
16729,08.07.2012 09:00:00,-0.0346193
16730,08.07.2012 10:00:00,0.171647
16731,08.07.2012 11:00:00,0.708332
16732,08.07.2012 12:00:00,2.04727
16733,08.07.2012 13:00:00,4.80247
16734,08.07.2012 14:00:00,5.46332,3.603
16735,08.07.2012 15:00:00,5.66354
16736,08.07.2012 16:00:00,5.41559
16737,08.07.2012 17:00:00,5.64347
16738,08.07.2012 18:00:00,7.17941
16739,08.07.2012 19:00:00,5.85245
16740,08.07.2012 20:00:00,4.71449,3.613
16741,08.07.2012 21:00:00,4.27202
16742,08.07.2012 22:00:00,3.78907
16743,08.07.2012 23:00:00,3.41839
16744,09.07.2012 00:00:00,3.02851
16745,09.07.2012 01:00:00,2.59229
16746,09.07.2012 02:00:00,2.21672,3.598
16747,09.07.2012 03:00:00,1.93593
16748,09.07.2012 04:00:00,1.70037
16749,09.07.2012 05:00:00,1.59622
16750,09.07.2012 06:00:00,1.47338
16751,09.07.2012 07:00:00,1.38812
16752,09.07.2012 08:00:00,1.15694,3.591
16753,09.07.2012 09:00:00,1.29462
16754,09.07.2012 10:00:00,1.81119
16755,09.07.2012 11:00:00,2.81828
16756,09.07.2012 12:00:00,3.89001
16757,09.07.2012 13:00:00,4.49636
16758,09.07.2012 14:00:00,5.14884,3.608
16759,09.07.2012 15:00:00,4.91901
16760,09.07.2012 16:00:00,4.15281
16761,09.07.2012 17:00:00,1.18904
16762,09.07.2012 18:00:00,1.60482
16763,09.07.2012 19:00:00,1.57534
16764,09.07.2012 20:00:00,1.66027,3.594
16765,09.07.2012 21:00:00,1.76949
16766,09.07.2012 22:00:00,1.57574
16767,09.07.2012 23:00:00,1.46547
16768,10.07.2012 00:00:00,1.28367
16769,10.07.2012 01:00:00,1.09241
16770,10.07.2012 02:00:00,0.989566,3.590
16771,10.07.2012 03:00:00,0.751772
16772,10.07.2012 04:00:00,0.537384
16773,10.07.2012 05:00:00,0.373586
16774,10.07.2012 06:00:00,0.185892
16775,10.07.2012 07:00:00,0.0751286
16776,10.07.2012 08:00:00,-0.0258904,3.581
16777,10.07.2012 09:00:00,0.062376
16778,10.07.2012 10:00:00,0.50349
16779,10.07.2012 11:00:00,1.26267
16780,10.07.2012 12:00:00,1.99389
16781,10.07.2012 13:00:00,2.65994
16782,10.07.2012 14:00:00,4.11105,3.598
16783,10.07.2012 15:00:00,5.92652
16784,10.07.2012 16:00:00,6.40617
16785,10.07.2012 17:00:00,6.8499
16786,10.07.2012 18:00:00,7.4913
16787,10.07.2012 19:00:00,7.03154
16788,10.07.2012 20:00:00,5.99047,3.621
16789,10.07.2012 21:00:00,5.35448
16790,10.07.2012 22:00:00,4.63608
16791,10.07.2012 23:00:00,4.17971
16792,11.07.2012 00:00:00,3.77458
16793,11.07.2012 01:00:00,3.4984
16794,11.07.2012 02:00:00,3.24972,3.605
16795,11.07.2012 03:00:00,2.92954
16796,11.07.2012 04:00:00,2.51178
16797,11.07.2012 05:00:00,2.30986
16798,11.07.2012 06:00:00,2.10657
16799,11.07.2012 07:00:00,1.93479
16800,11.07.2012 08:00:00,2.07004,3.595
16801,11.07.2012 09:00:00,2.50071
16802,11.07.2012 10:00:00,2.92231
16803,11.07.2012 11:00:00,3.64033
16804,11.07.2012 12:00:00,4.25399
16805,11.07.2012 13:00:00,5.04988
16806,11.07.2012 14:00:00,5.75025,3.614
16807,11.07.2012 15:00:00,4.89491
16808,11.07.2012 16:00:00,4.80806
16809,11.07.2012 17:00:00,2.42794
16810,11.07.2012 18:00:00,0.475115
16811,11.07.2012 19:00:00,0.593427
16812,11.07.2012 20:00:00,0.683914,3.591
16813,11.07.2012 21:00:00,0.772943
16814,11.07.2012 22:00:00,1.03462
16815,11.07.2012 23:00:00,1.16271
16816,12.07.2012 00:00:00,1.16441
16817,12.07.2012 01:00:00,1.0373
16818,12.07.2012 02:00:00,0.907373,3.588
16819,12.07.2012 03:00:00,0.642215
16820,12.07.2012 04:00:00,0.665243
16821,12.07.2012 05:00:00,0.597968
16822,12.07.2012 06:00:00,0.356441
16823,12.07.2012 07:00:00,0.229671
16824,12.07.2012 08:00:00,0.157369,3.581
16825,12.07.2012 09:00:00,0.0920906
16826,12.07.2012 10:00:00,0.127106
16827,12.07.2012 11:00:00,0.239942
16828,12.07.2012 12:00:00,0.494148
16829,12.07.2012 13:00:00,0.889247
16830,12.07.2012 14:00:00,2.37362,3.589
16831,12.07.2012 15:00:00,3.95359
16832,12.07.2012 16:00:00,4.39872
16833,12.07.2012 17:00:00,5.50184
16834,12.07.2012 18:00:00,5.77917
16835,12.07.2012 19:00:00,5.30007
16836,12.07.2012 20:00:00,3.98334,3.611
16837,12.07.2012 21:00:00,2.85046
16838,12.07.2012 22:00:00,2.33818
16839,12.07.2012 23:00:00,1.78772
16840,13.07.2012 00:00:00,1.596
16841,13.07.2012 01:00:00,1.64227
16842,13.07.2012 02:00:00,1.53451,3.592
16843,13.07.2012 03:00:00,1.13711
16844,13.07.2012 04:00:00,0.764181
16845,13.07.2012 05:00:00,0.750677
16846,13.07.2012 06:00:00,0.522344
16847,13.07.2012 07:00:00,0.235402
16848,13.07.2012 08:00:00,0.254435,3.584
16849,13.07.2012 09:00:00,0.371664
16850,13.07.2012 10:00:00,0.627322
16851,13.07.2012 11:00:00,0.548433
16852,13.07.2012 12:00:00,1.26368
16853,13.07.2012 13:00:00,2.84091
16854,13.07.2012 14:00:00,4.61754,3.602
16855,13.07.2012 15:00:00,5.73058
16856,13.07.2012 16:00:00,6.56171
16857,13.07.2012 17:00:00,6.99024
16858,13.07.2012 18:00:00,5.88361
16859,13.07.2012 19:00:00,4.42653
16860,13.07.2012 20:00:00,3.44859,3.611
16861,13.07.2012 21:00:00,2.99121
16862,13.07.2012 22:00:00,2.47219
16863,13.07.2012 23:00:00,2.28218
16864,14.07.2012 00:00:00,1.75872
16865,14.07.2012 01:00:00,1.50756
16866,14.07.2012 02:00:00,1.28367,3.594
16867,14.07.2012 03:00:00,1.09532
16868,14.07.2012 04:00:00,1.18736
16869,14.07.2012 05:00:00,1.06286
16870,14.07.2012 06:00:00,0.816052
16871,14.07.2012 07:00:00,0.857604
16872,14.07.2012 08:00:00,0.575123,3.587
16873,14.07.2012 09:00:00,0.629609
16874,14.07.2012 10:00:00,0.875182
16875,14.07.2012 11:00:00,1.46837
16876,14.07.2012 12:00:00,2.58435
16877,14.07.2012 13:00:00,4.60734
16878,14.07.2012 14:00:00,7.32776,3.614
16879,14.07.2012 15:00:00,7.24816
16880,14.07.2012 16:00:00,7.94741
16881,14.07.2012 17:00:00,7.59443
16882,14.07.2012 18:00:00,6.14028
16883,14.07.2012 19:00:00,4.29566
16884,14.07.2012 20:00:00,3.12921,3.607
16885,14.07.2012 21:00:00,2.90609
16886,14.07.2012 22:00:00,2.49708
16887,14.07.2012 23:00:00,2.1786
16888,15.07.2012 00:00:00,1.81064
16889,15.07.2012 01:00:00,1.52914
16890,15.07.2012 02:00:00,1.55013,3.596
16891,15.07.2012 03:00:00,1.36812
16892,15.07.2012 04:00:00,1.00584
16893,15.07.2012 05:00:00,1.09897
16894,15.07.2012 06:00:00,1.03024
16895,15.07.2012 07:00:00,1.12145
16896,15.07.2012 08:00:00,1.08618,3.590
16897,15.07.2012 09:00:00,1.10583
16898,15.07.2012 10:00:00,1.303
16899,15.07.2012 11:00:00,1.86396
16900,15.07.2012 12:00:00,2.74663
16901,15.07.2012 13:00:00,4.54935
16902,15.07.2012 14:00:00,6.02767,3.610
16903,15.07.2012 15:00:00,7.33342
16904,15.07.2012 16:00:00,7.64172
16905,15.07.2012 17:00:00,6.01404
16906,15.07.2012 18:00:00,5.17438
16907,15.07.2012 19:00:00,4.85256
16908,15.07.2012 20:00:00,4.80472,3.615
16909,15.07.2012 21:00:00,3.53993
16910,15.07.2012 22:00:00,3.23598
16911,15.07.2012 23:00:00,3.14176
16912,16.07.2012 00:00:00,2.91927
16913,16.07.2012 01:00:00,2.70521
16914,16.07.2012 02:00:00,2.42729,3.600
16915,16.07.2012 03:00:00,2.17784
16916,16.07.2012 04:00:00,1.95262
16917,16.07.2012 05:00:00,1.72982
16918,16.07.2012 06:00:00,1.45865
16919,16.07.2012 07:00:00,1.21879
16920,16.07.2012 08:00:00,1.27399,3.593
16921,16.07.2012 09:00:00,1.45999
16922,16.07.2012 10:00:00,2.14759
16923,16.07.2012 11:00:00,2.98751
16924,16.07.2012 12:00:00,3.97152
16925,16.07.2012 13:00:00,4.92601
16926,16.07.2012 14:00:00,0.912161,3.594
16927,16.07.2012 15:00:00,1.78124
16928,16.07.2012 16:00:00,3.08497
16929,16.07.2012 17:00:00,0.508461
16930,16.07.2012 18:00:00,0.537815
16931,16.07.2012 19:00:00,0.85477
16932,16.07.2012 20:00:00,1.09878,3.589
16933,16.07.2012 21:00:00,1.13578
16934,16.07.2012 22:00:00,1.08505
16935,16.07.2012 23:00:00,1.00236
16936,17.07.2012 00:00:00,1.00102
16937,17.07.2012 01:00:00,1.03882
16938,17.07.2012 02:00:00,0.989599,3.589
16939,17.07.2012 03:00:00,0.801721
16940,17.07.2012 04:00:00,0.751225
16941,17.07.2012 05:00:00,0.716135
16942,17.07.2012 06:00:00,0.571892
16943,17.07.2012 07:00:00,0.593212
16944,17.07.2012 08:00:00,0.703164,3.583
16945,17.07.2012 09:00:00,0.762872
16946,17.07.2012 10:00:00,0.835883
16947,17.07.2012 11:00:00,0.965741
16948,17.07.2012 12:00:00,1.39407
16949,17.07.2012 13:00:00,2.87788
16950,17.07.2012 14:00:00,3.86671,3.598
16951,17.07.2012 15:00:00,4.51689
16952,17.07.2012 16:00:00,4.37085
16953,17.07.2012 17:00:00,4.47566
16954,17.07.2012 18:00:00,4.10858
16955,17.07.2012 19:00:00,3.85268
16956,17.07.2012 20:00:00,3.19015,3.605
16957,17.07.2012 21:00:00,2.8091
16958,17.07.2012 22:00:00,2.14448
16959,17.07.2012 23:00:00,1.9032
16960,18.07.2012 00:00:00,1.54402
16961,18.07.2012 01:00:00,1.32456
16962,18.07.2012 02:00:00,0.982343,3.591
16963,18.07.2012 03:00:00,0.918241
16964,18.07.2012 04:00:00,0.735601
16965,18.07.2012 05:00:00,0.598912
16966,18.07.2012 06:00:00,0.580275
16967,18.07.2012 07:00:00,0.589005
16968,18.07.2012 08:00:00,0.438902,3.586
16969,18.07.2012 09:00:00,0.679557
16970,18.07.2012 10:00:00,1.11804
16971,18.07.2012 11:00:00,1.71603
16972,18.07.2012 12:00:00,2.5286
16973,18.07.2012 13:00:00,4.41567
16974,18.07.2012 14:00:00,7.37931,3.614
16975,18.07.2012 15:00:00,8.42055
16976,18.07.2012 16:00:00,7.00971
16977,18.07.2012 17:00:00,7.18341
16978,18.07.2012 18:00:00,7.29179
16979,18.07.2012 19:00:00,5.92627
16980,18.07.2012 20:00:00,4.53958,3.615
16981,18.07.2012 21:00:00,3.66925
16982,18.07.2012 22:00:00,3.26428
16983,18.07.2012 23:00:00,2.42439
16984,19.07.2012 00:00:00,2.32393
16985,19.07.2012 01:00:00,2.21206
16986,19.07.2012 02:00:00,2.14509,3.598
16987,19.07.2012 03:00:00,1.91291
16988,19.07.2012 04:00:00,1.70574
16989,19.07.2012 05:00:00,1.44451
16990,19.07.2012 06:00:00,1.14433
16991,19.07.2012 07:00:00,1.19669
16992,19.07.2012 08:00:00,1.1959,3.592
16993,19.07.2012 09:00:00,1.41144
16994,19.07.2012 10:00:00,2.22927
16995,19.07.2012 11:00:00,3.25266
16996,19.07.2012 12:00:00,3.79418
16997,19.07.2012 13:00:00,4.51105
16998,19.07.2012 14:00:00,4.57682,3.608
16999,19.07.2012 15:00:00,4.43378
17000,19.07.2012 16:00:00,4.29224
17001,19.07.2012 17:00:00,4.2014
17002,19.07.2012 18:00:00,3.87877
17003,19.07.2012 19:00:00,3.17324
17004,19.07.2012 20:00:00,2.65921,3.603
17005,19.07.2012 21:00:00,2.41438
17006,19.07.2012 22:00:00,2.34969
17007,19.07.2012 23:00:00,2.25796
17008,20.07.2012 00:00:00,2.14103
17009,20.07.2012 01:00:00,1.89728
17010,20.07.2012 02:00:00,1.85383,3.596
17011,20.07.2012 03:00:00,1.60845
17012,20.07.2012 04:00:00,1.51373
17013,20.07.2012 05:00:00,1.40057
17014,20.07.2012 06:00:00,1.49953
17015,20.07.2012 07:00:00,1.44643
17016,20.07.2012 08:00:00,1.52645,3.593
17017,20.07.2012 09:00:00,1.91526
17018,20.07.2012 10:00:00,2.31468
17019,20.07.2012 11:00:00,2.74884
17020,20.07.2012 12:00:00,3.79519
17021,20.07.2012 13:00:00,4.88892
17022,20.07.2012 14:00:00,6.6114,3.614
17023,20.07.2012 15:00:00,9.03897
17024,20.07.2012 16:00:00,9.86866
17025,20.07.2012 17:00:00,9.18649
17026,20.07.2012 18:00:00,7.51658
17027,20.07.2012 19:00:00,6.1405
17028,20.07.2012 20:00:00,4.8095,3.616
17029,20.07.2012 21:00:00,4.05541
17030,20.07.2012 22:00:00,3.24556
17031,20.07.2012 23:00:00,3.3619
17032,21.07.2012 00:00:00,3.16023
17033,21.07.2012 01:00:00,2.69223
17034,21.07.2012 02:00:00,2.43135,3.604
17035,21.07.2012 03:00:00,2.0056
17036,21.07.2012 04:00:00,1.63223
17037,21.07.2012 05:00:00,1.46575
17038,21.07.2012 06:00:00,1.26312
17039,21.07.2012 07:00:00,1.17759
17040,21.07.2012 08:00:00,1.06482,3.592
17041,21.07.2012 09:00:00,1.01019
17042,21.07.2012 10:00:00,1.77953
17043,21.07.2012 11:00:00,2.84845
17044,21.07.2012 12:00:00,3.69172
17045,21.07.2012 13:00:00,6.01407
17046,21.07.2012 14:00:00,8.78137,3.620
17047,21.07.2012 15:00:00,9.39111
17048,21.07.2012 16:00:00,10.1788
17049,21.07.2012 17:00:00,10.6698
17050,21.07.2012 18:00:00,9.80555
17051,21.07.2012 19:00:00,7.09329
17052,21.07.2012 20:00:00,5.27523,3.620
17053,21.07.2012 21:00:00,4.5084
17054,21.07.2012 22:00:00,3.94717
17055,21.07.2012 23:00:00,3.34217
17056,22.07.2012 00:00:00,3.15065
17057,22.07.2012 01:00:00,2.83693
17058,22.07.2012 02:00:00,2.72135,3.606
17059,22.07.2012 03:00:00,2.56631
17060,22.07.2012 04:00:00,2.31325
17061,22.07.2012 05:00:00,2.06915
17062,22.07.2012 06:00:00,1.7438
17063,22.07.2012 07:00:00,1.66542
17064,22.07.2012 08:00:00,1.54674,3.597
17065,22.07.2012 09:00:00,1.38834
17066,22.07.2012 10:00:00,1.78504
17067,22.07.2012 11:00:00,2.86918
17068,22.07.2012 12:00:00,4.43729
17069,22.07.2012 13:00:00,7.04138
17070,22.07.2012 14:00:00,10.4546,3.625
17071,22.07.2012 15:00:00,12.4691
17072,22.07.2012 16:00:00,12.3843
17073,22.07.2012 17:00:00,12.137
17074,22.07.2012 18:00:00,11.0421
17075,22.07.2012 19:00:00,8.52927
17076,22.07.2012 20:00:00,6.87674,3.630
17077,22.07.2012 21:00:00,5.76579
17078,22.07.2012 22:00:00,5.12131
17079,22.07.2012 23:00:00,4.76272
17080,23.07.2012 00:00:00,4.5868
17081,23.07.2012 01:00:00,4.43827
17082,23.07.2012 02:00:00,4.07371,3.617
17083,23.07.2012 03:00:00,3.93334
17084,23.07.2012 04:00:00,3.88097
17085,23.07.2012 05:00:00,3.66411
17086,23.07.2012 06:00:00,3.51372
17087,23.07.2012 07:00:00,3.37115
17088,23.07.2012 08:00:00,3.78942,3.608
17089,23.07.2012 09:00:00,4.27398
17090,23.07.2012 10:00:00,4.79666
17091,23.07.2012 11:00:00,5.11718
17092,23.07.2012 12:00:00,5.57762
17093,23.07.2012 13:00:00,6.67604
17094,23.07.2012 14:00:00,6.92755,3.623
17095,23.07.2012 15:00:00,6.70414
17096,23.07.2012 16:00:00,5.68148
17097,23.07.2012 17:00:00,5.29851
17098,23.07.2012 18:00:00,5.10781
17099,23.07.2012 19:00:00,5.22009
17100,23.07.2012 20:00:00,5.17019,3.618
17101,23.07.2012 21:00:00,4.24511
17102,23.07.2012 22:00:00,4.1281
17103,23.07.2012 23:00:00,3.92159
17104,24.07.2012 00:00:00,3.617
17105,24.07.2012 01:00:00,3.08577
17106,24.07.2012 02:00:00,2.77155,3.607
17107,24.07.2012 03:00:00,2.54896
17108,24.07.2012 04:00:00,2.34514
17109,24.07.2012 05:00:00,2.15583
17110,24.07.2012 06:00:00,1.85177
17111,24.07.2012 07:00:00,1.73711
17112,24.07.2012 08:00:00,1.48443,3.596
17113,24.07.2012 09:00:00,1.49288
17114,24.07.2012 10:00:00,2.28725
17115,24.07.2012 11:00:00,3.12377
17116,24.07.2012 12:00:00,4.04644
17117,24.07.2012 13:00:00,2.86087
17118,24.07.2012 14:00:00,4.37964,3.610
17119,24.07.2012 15:00:00,5.24514
17120,24.07.2012 16:00:00,5.39126
17121,24.07.2012 17:00:00,4.43622
17122,24.07.2012 18:00:00,3.91661
17123,24.07.2012 19:00:00,2.07773
17124,24.07.2012 20:00:00,1.70816,3.600
17125,24.07.2012 21:00:00,2.02722
17126,24.07.2012 22:00:00,2.1338
17127,24.07.2012 23:00:00,2.16619
17128,25.07.2012 00:00:00,2.17327
17129,25.07.2012 01:00:00,1.95897
17130,25.07.2012 02:00:00,1.96831,3.594
17131,25.07.2012 03:00:00,1.87625
17132,25.07.2012 04:00:00,1.78545
17133,25.07.2012 05:00:00,1.65588
17134,25.07.2012 06:00:00,1.53966
17135,25.07.2012 07:00:00,1.51552
17136,25.07.2012 08:00:00,1.65834,3.594
17137,25.07.2012 09:00:00,1.81903
17138,25.07.2012 10:00:00,2.64769
17139,25.07.2012 11:00:00,3.40019
17140,25.07.2012 12:00:00,3.78596
17141,25.07.2012 13:00:00,5.23729
17142,25.07.2012 14:00:00,6.30547,3.615
17143,25.07.2012 15:00:00,6.10233
17144,25.07.2012 16:00:00,6.57191
17145,25.07.2012 17:00:00,6.80574
17146,25.07.2012 18:00:00,5.28018
17147,25.07.2012 19:00:00,4.29471
17148,25.07.2012 20:00:00,3.50869,3.610
17149,25.07.2012 21:00:00,3.13627
17150,25.07.2012 22:00:00,2.96718
17151,25.07.2012 23:00:00,2.88799
17152,26.07.2012 00:00:00,2.71028
17153,26.07.2012 01:00:00,2.66262
17154,26.07.2012 02:00:00,2.38764,3.601
17155,26.07.2012 03:00:00,2.28174
17156,26.07.2012 04:00:00,2.10089
17157,26.07.2012 05:00:00,2.18001
17158,26.07.2012 06:00:00,2.16213
17159,26.07.2012 07:00:00,1.89405
17160,26.07.2012 08:00:00,1.70803,3.597
17161,26.07.2012 09:00:00,1.99085
17162,26.07.2012 10:00:00,2.18415
17163,26.07.2012 11:00:00,3.15308
17164,26.07.2012 12:00:00,4.12258
17165,26.07.2012 13:00:00,5.18712
17166,26.07.2012 14:00:00,7.20436,3.620
17167,26.07.2012 15:00:00,8.39905
17168,26.07.2012 16:00:00,8.61652
17169,26.07.2012 17:00:00,7.86988
17170,26.07.2012 18:00:00,7.84667
17171,26.07.2012 19:00:00,6.50211
17172,26.07.2012 20:00:00,5.25506,3.621
17173,26.07.2012 21:00:00,4.17681
17174,26.07.2012 22:00:00,3.33201
17175,26.07.2012 23:00:00,3.34173
17176,27.07.2012 00:00:00,3.30727
17177,27.07.2012 01:00:00,3.11299
17178,27.07.2012 02:00:00,2.84436,3.607
17179,27.07.2012 03:00:00,2.59444
17180,27.07.2012 04:00:00,2.44093
17181,27.07.2012 05:00:00,2.15067
17182,27.07.2012 06:00:00,2.00154
17183,27.07.2012 07:00:00,1.83911
17184,27.07.2012 08:00:00,1.88484,3.596
17185,27.07.2012 09:00:00,2.35663
17186,27.07.2012 10:00:00,3.0807
17187,27.07.2012 11:00:00,3.63446
17188,27.07.2012 12:00:00,3.84564
17189,27.07.2012 13:00:00,3.90439
17190,27.07.2012 14:00:00,5.5625,3.615
17191,27.07.2012 15:00:00,7.17647
17192,27.07.2012 16:00:00,8.92081
17193,27.07.2012 17:00:00,9.52277
17194,27.07.2012 18:00:00,9.34204
17195,27.07.2012 19:00:00,8.09753
17196,27.07.2012 20:00:00,6.69764,3.631
17197,27.07.2012 21:00:00,5.51473
17198,27.07.2012 22:00:00,4.9173
17199,27.07.2012 23:00:00,4.12954
17200,28.07.2012 00:00:00,3.81189
17201,28.07.2012 01:00:00,3.63881
17202,28.07.2012 02:00:00,3.3011,3.610
17203,28.07.2012 03:00:00,2.7812
17204,28.07.2012 04:00:00,2.43462
17205,28.07.2012 05:00:00,2.12079
17206,28.07.2012 06:00:00,1.86222
17207,28.07.2012 07:00:00,1.73438
17208,28.07.2012 08:00:00,1.85617,3.600
17209,28.07.2012 09:00:00,2.00231
17210,28.07.2012 10:00:00,2.43666
17211,28.07.2012 11:00:00,3.19189
17212,28.07.2012 12:00:00,4.47868
17213,28.07.2012 13:00:00,6.44368
17214,28.07.2012 14:00:00,8.47851,3.625
17215,28.07.2012 15:00:00,9.91575
17216,28.07.2012 16:00:00,11.7252
17217,28.07.2012 17:00:00,12.691
17218,28.07.2012 18:00:00,11.8656
17219,28.07.2012 19:00:00,9.77875
17220,28.07.2012 20:00:00,8.29577,3.640
17221,28.07.2012 21:00:00,6.82854
17222,28.07.2012 22:00:00,5.85673
17223,28.07.2012 23:00:00,5.29698
17224,29.07.2012 00:00:00,4.88128
17225,29.07.2012 01:00:00,4.584
17226,29.07.2012 02:00:00,4.365,3.618
17227,29.07.2012 03:00:00,3.89184
17228,29.07.2012 04:00:00,3.53975
17229,29.07.2012 05:00:00,3.33121
17230,29.07.2012 06:00:00,2.90749
17231,29.07.2012 07:00:00,2.72688
17232,29.07.2012 08:00:00,2.43056,3.606
17233,29.07.2012 09:00:00,2.21377
17234,29.07.2012 10:00:00,2.74957
17235,29.07.2012 11:00:00,3.53675
17236,29.07.2012 12:00:00,4.53504
17237,29.07.2012 13:00:00,6.77848
17238,29.07.2012 14:00:00,10.6708,3.630
17239,29.07.2012 15:00:00,12.2232
17240,29.07.2012 16:00:00,13.0132
17241,29.07.2012 17:00:00,12.9311
17242,29.07.2012 18:00:00,12.9433
17243,29.07.2012 19:00:00,10.296
17244,29.07.2012 20:00:00,8.68594,3.644
17245,29.07.2012 21:00:00,7.70956
17246,29.07.2012 22:00:00,6.92612
17247,29.07.2012 23:00:00,6.33713
17248,30.07.2012 00:00:00,6.0568
17249,30.07.2012 01:00:00,5.66223
17250,30.07.2012 02:00:00,5.2093,3.625
17251,30.07.2012 03:00:00,4.79462
17252,30.07.2012 04:00:00,4.50807
17253,30.07.2012 05:00:00,4.10935
17254,30.07.2012 06:00:00,3.71402
17255,30.07.2012 07:00:00,3.56716
17256,30.07.2012 08:00:00,3.40261,3.610
17257,30.07.2012 09:00:00,3.5361
17258,30.07.2012 10:00:00,3.9652
17259,30.07.2012 11:00:00,5.10323
17260,30.07.2012 12:00:00,6.62512
17261,30.07.2012 13:00:00,8.36617
17262,30.07.2012 14:00:00,10.0044,3.635
17263,30.07.2012 15:00:00,10.8072
17264,30.07.2012 16:00:00,10.1232
17265,30.07.2012 17:00:00,9.70169
17266,30.07.2012 18:00:00,9.53709
17267,30.07.2012 19:00:00,8.4974
17268,30.07.2012 20:00:00,7.75326,3.638
17269,30.07.2012 21:00:00,7.22695
17270,30.07.2012 22:00:00,6.90634
17271,30.07.2012 23:00:00,6.53738
17272,31.07.2012 00:00:00,6.20024
17273,31.07.2012 01:00:00,5.83292
17274,31.07.2012 02:00:00,5.53803,3.624
17275,31.07.2012 03:00:00,5.30957
17276,31.07.2012 04:00:00,5.08108
17277,31.07.2012 05:00:00,4.84777
17278,31.07.2012 06:00:00,4.65405
17279,31.07.2012 07:00:00,4.64414
17280,31.07.2012 08:00:00,4.9388,3.621
17281,31.07.2012 09:00:00,5.3511
17282,31.07.2012 10:00:00,5.57481
17283,31.07.2012 11:00:00,6.33743
17284,31.07.2012 12:00:00,7.24972
17285,31.07.2012 13:00:00,7.95714
17286,31.07.2012 14:00:00,7.82425,3.633
17287,31.07.2012 15:00:00,7.89345
17288,31.07.2012 16:00:00,7.86144
17289,31.07.2012 17:00:00,7.92008
17290,31.07.2012 18:00:00,6.68008
17291,31.07.2012 19:00:00,5.65168
17292,31.07.2012 20:00:00,5.38446,3.625
17293,31.07.2012 21:00:00,5.33142
17294,31.07.2012 22:00:00,5.04004
17295,31.07.2012 23:00:00,4.80759
17296,01.08.2012 00:00:00,4.51167
17297,01.08.2012 01:00:00,4.27109
17298,01.08.2012 02:00:00,4.11583,3.614
17299,01.08.2012 03:00:00,3.85134
17300,01.08.2012 04:00:00,3.56054
17301,01.08.2012 05:00:00,3.09746
17302,01.08.2012 06:00:00,2.82085
17303,01.08.2012 07:00:00,2.4925
17304,01.08.2012 08:00:00,2.3069,3.603
17305,01.08.2012 09:00:00,2.1914
17306,01.08.2012 10:00:00,2.3615
17307,01.08.2012 11:00:00,2.79786
17308,01.08.2012 12:00:00,3.48457
17309,01.08.2012 13:00:00,5.39503
17310,01.08.2012 14:00:00,7.28551,3.624
17311,01.08.2012 15:00:00,8.18957
17312,01.08.2012 16:00:00,8.86565
17313,01.08.2012 17:00:00,9.56236
17314,01.08.2012 18:00:00,9.91058
17315,01.08.2012 19:00:00,9.12713
17316,01.08.2012 20:00:00,8.04215,3.636
17317,01.08.2012 21:00:00,7.16905
17318,01.08.2012 22:00:00,6.41228
17319,01.08.2012 23:00:00,5.91414
17320,02.08.2012 00:00:00,5.50725
17321,02.08.2012 01:00:00,5.23955
17322,02.08.2012 02:00:00,4.91329,3.621
17323,02.08.2012 03:00:00,4.55711
17324,02.08.2012 04:00:00,4.31486
17325,02.08.2012 05:00:00,3.94387
17326,02.08.2012 06:00:00,3.65776
17327,02.08.2012 07:00:00,3.60069
17328,02.08.2012 08:00:00,3.5168,3.612
17329,02.08.2012 09:00:00,3.62284
17330,02.08.2012 10:00:00,4.22996
17331,02.08.2012 11:00:00,5.07659
17332,02.08.2012 12:00:00,5.96923
17333,02.08.2012 13:00:00,6.46409
17334,02.08.2012 14:00:00,5.82457,3.624
17335,02.08.2012 15:00:00,5.4268
17336,02.08.2012 16:00:00,6.28608
17337,02.08.2012 17:00:00,7.54215
17338,02.08.2012 18:00:00,7.74341
17339,02.08.2012 19:00:00,6.81861
17340,02.08.2012 20:00:00,5.86244,3.628
17341,02.08.2012 21:00:00,4.98341
17342,02.08.2012 22:00:00,4.24695
17343,02.08.2012 23:00:00,3.40616
17344,03.08.2012 00:00:00,3.08292
17345,03.08.2012 01:00:00,3.01798
17346,03.08.2012 02:00:00,2.6574,3.611
17347,03.08.2012 03:00:00,2.22494
17348,03.08.2012 04:00:00,2.08063
17349,03.08.2012 05:00:00,1.18642
17350,03.08.2012 06:00:00,1.13484
17351,03.08.2012 07:00:00,0.891748
17352,03.08.2012 08:00:00,0.7028,3.599
17353,03.08.2012 09:00:00,0.805597
17354,03.08.2012 10:00:00,1.21707
17355,03.08.2012 11:00:00,1.72079
17356,03.08.2012 12:00:00,2.47014
17357,03.08.2012 13:00:00,5.10252
17358,03.08.2012 14:00:00,5.42521,3.614
17359,03.08.2012 15:00:00,5.16075
17360,03.08.2012 16:00:00,4.36923
17361,03.08.2012 17:00:00,3.53
17362,03.08.2012 18:00:00,3.02717
17363,03.08.2012 19:00:00,2.12303
17364,03.08.2012 20:00:00,1.72423,3.604
17365,03.08.2012 21:00:00,1.54955
17366,03.08.2012 22:00:00,1.24113
17367,03.08.2012 23:00:00,1.07776
17368,04.08.2012 00:00:00,0.997386
17369,04.08.2012 01:00:00,0.515849
17370,04.08.2012 02:00:00,0.607492,3.595
17371,04.08.2012 03:00:00,0.374712
17372,04.08.2012 04:00:00,0.318772
17373,04.08.2012 05:00:00,0.219782
17374,04.08.2012 06:00:00,0.289204
17375,04.08.2012 07:00:00,0.281435
17376,04.08.2012 08:00:00,0.324073,3.591
17377,04.08.2012 09:00:00,0.534155
17378,04.08.2012 10:00:00,0.794481
17379,04.08.2012 11:00:00,1.14778
17380,04.08.2012 12:00:00,1.78671
17381,04.08.2012 13:00:00,3.34383
17382,04.08.2012 14:00:00,4.79641,3.607
17383,04.08.2012 15:00:00,6.99575
17384,04.08.2012 16:00:00,8.21024
17385,04.08.2012 17:00:00,8.50214
17386,04.08.2012 18:00:00,7.49742
17387,04.08.2012 19:00:00,4.78548
17388,04.08.2012 20:00:00,3.15021,3.614
17389,04.08.2012 21:00:00,1.74893
17390,04.08.2012 22:00:00,1.7181
17391,04.08.2012 23:00:00,1.67303
17392,05.08.2012 00:00:00,1.57501
17393,05.08.2012 01:00:00,1.26615
17394,05.08.2012 02:00:00,1.0541,3.598
17395,05.08.2012 03:00:00,1.07645
17396,05.08.2012 04:00:00,0.75732
17397,05.08.2012 05:00:00,0.546713
17398,05.08.2012 06:00:00,0.334177
17399,05.08.2012 07:00:00,0.206812
17400,05.08.2012 08:00:00,0.181137,3.588
17401,05.08.2012 09:00:00,0.116223
17402,05.08.2012 10:00:00,0.622783
17403,05.08.2012 11:00:00,1.38888
17404,05.08.2012 12:00:00,2.25095
17405,05.08.2012 13:00:00,4.12367
17406,05.08.2012 14:00:00,7.09848,3.616
17407,05.08.2012 15:00:00,9.58479
17408,05.08.2012 16:00:00,9.21342
17409,05.08.2012 17:00:00,9.55339
17410,05.08.2012 18:00:00,8.79467
17411,05.08.2012 19:00:00,7.51441
17412,05.08.2012 20:00:00,6.1584,3.626
17413,05.08.2012 21:00:00,5.49577
17414,05.08.2012 22:00:00,5.42171
17415,05.08.2012 23:00:00,5.07087
17416,06.08.2012 00:00:00,4.60941
17417,06.08.2012 01:00:00,4.25781
17418,06.08.2012 02:00:00,3.90522,3.615
17419,06.08.2012 03:00:00,3.56857
17420,06.08.2012 04:00:00,3.24258
17421,06.08.2012 05:00:00,3.10469
17422,06.08.2012 06:00:00,2.97023
17423,06.08.2012 07:00:00,2.79502
17424,06.08.2012 08:00:00,2.57641,3.604
17425,06.08.2012 09:00:00,2.65095
17426,06.08.2012 10:00:00,3.12399
17427,06.08.2012 11:00:00,3.6246
17428,06.08.2012 12:00:00,1.19281
17429,06.08.2012 13:00:00,0.498919
17430,06.08.2012 14:00:00,2.50565,3.602
17431,06.08.2012 15:00:00,5.36233
17432,06.08.2012 16:00:00,5.28399
17433,06.08.2012 17:00:00,4.73466
17434,06.08.2012 18:00:00,4.3842
17435,06.08.2012 19:00:00,4.20165
17436,06.08.2012 20:00:00,3.22245,3.610
17437,06.08.2012 21:00:00,3.17485
17438,06.08.2012 22:00:00,3.35504
17439,06.08.2012 23:00:00,2.13019
17440,07.08.2012 00:00:00,1.95698
17441,07.08.2012 01:00:00,2.17363
17442,07.08.2012 02:00:00,2.21841,3.601
17443,07.08.2012 03:00:00,2.1696
17444,07.08.2012 04:00:00,2.19259
17445,07.08.2012 05:00:00,2.20617
17446,07.08.2012 06:00:00,2.22781
17447,07.08.2012 07:00:00,2.1338
17448,07.08.2012 08:00:00,2.12228,3.599
17449,07.08.2012 09:00:00,2.51755
17450,07.08.2012 10:00:00,2.99169
17451,07.08.2012 11:00:00,3.51821
17452,07.08.2012 12:00:00,3.81614
17453,07.08.2012 13:00:00,4.60501
17454,07.08.2012 14:00:00,5.88419,3.619
17455,07.08.2012 15:00:00,6.1853
17456,07.08.2012 16:00:00,5.8482
17457,07.08.2012 17:00:00,5.48983
17458,07.08.2012 18:00:00,4.58451
17459,07.08.2012 19:00:00,4.32854
17460,07.08.2012 20:00:00,3.66464,3.611
17461,07.08.2012 21:00:00,3.6279
17462,07.08.2012 22:00:00,3.25058
17463,07.08.2012 23:00:00,3.14905
17464,08.08.2012 00:00:00,3.06757
17465,08.08.2012 01:00:00,2.89568
17466,08.08.2012 02:00:00,2.8267,3.605
17467,08.08.2012 03:00:00,2.44344
17468,08.08.2012 04:00:00,2.21056
17469,08.08.2012 05:00:00,1.92194
17470,08.08.2012 06:00:00,1.69903
17471,08.08.2012 07:00:00,1.57958
17472,08.08.2012 08:00:00,1.52606,3.595
17473,08.08.2012 09:00:00,1.56195
17474,08.08.2012 10:00:00,1.64267
17475,08.08.2012 11:00:00,2.14182
17476,08.08.2012 12:00:00,2.81483
17477,08.08.2012 13:00:00,4.52834
17478,08.08.2012 14:00:00,6.99193,3.615
17479,08.08.2012 15:00:00,9.35052
17480,08.08.2012 16:00:00,9.14557
17481,08.08.2012 17:00:00,6.13436
17482,08.08.2012 18:00:00,3.76922
17483,08.08.2012 19:00:00,3.17712
17484,08.08.2012 20:00:00,1.76735,3.604
17485,08.08.2012 21:00:00,1.35894
17486,08.08.2012 22:00:00,1.28239
17487,08.08.2012 23:00:00,1.34577
17488,09.08.2012 00:00:00,1.41811
17489,09.08.2012 01:00:00,1.25873
17490,09.08.2012 02:00:00,1.04891,3.597
17491,09.08.2012 03:00:00,0.909692
17492,09.08.2012 04:00:00,0.876673
17493,09.08.2012 05:00:00,0.656694
17494,09.08.2012 06:00:00,0.497231
17495,09.08.2012 07:00:00,0.191806
17496,09.08.2012 08:00:00,0.31685,3.591
17497,09.08.2012 09:00:00,0.329423
17498,09.08.2012 10:00:00,0.808977
17499,09.08.2012 11:00:00,1.34805
17500,09.08.2012 12:00:00,2.18016
17501,09.08.2012 13:00:00,3.87655
17502,09.08.2012 14:00:00,5.42867,3.609
17503,09.08.2012 15:00:00,6.44834
17504,09.08.2012 16:00:00,7.20185
17505,09.08.2012 17:00:00,7.9679
17506,09.08.2012 18:00:00,7.54575
17507,09.08.2012 19:00:00,5.99875
17508,09.08.2012 20:00:00,4.58775,3.618
17509,09.08.2012 21:00:00,3.53436
17510,09.08.2012 22:00:00,2.90596
17511,09.08.2012 23:00:00,2.69632
17512,10.08.2012 00:00:00,2.53135
17513,10.08.2012 01:00:00,2.41569
17514,10.08.2012 02:00:00,2.26429,3.604
17515,10.08.2012 03:00:00,1.9677
17516,10.08.2012 04:00:00,1.76618
17517,10.08.2012 05:00:00,1.53887
17518,10.08.2012 06:00:00,1.34577
17519,10.08.2012 07:00:00,1.15368
17520,10.08.2012 08:00:00,0.946489,3.595
17521,10.08.2012 09:00:00,1.03314
17522,10.08.2012 10:00:00,1.45064
17523,10.08.2012 11:00:00,2.13151
17524,10.08.2012 12:00:00,2.98855
17525,10.08.2012 13:00:00,4.22159
17526,10.08.2012 14:00:00,6.15467,3.615
17527,10.08.2012 15:00:00,8.54266
17528,10.08.2012 16:00:00,10.2466
17529,10.08.2012 17:00:00,10.6576
17530,10.08.2012 18:00:00,10.1401
17531,10.08.2012 19:00:00,8.0519
17532,10.08.2012 20:00:00,6.35598,3.628
17533,10.08.2012 21:00:00,5.31336
17534,10.08.2012 22:00:00,4.31438
17535,10.08.2012 23:00:00,3.96386
17536,11.08.2012 00:00:00,3.52896
17537,11.08.2012 01:00:00,3.50884
17538,11.08.2012 02:00:00,3.21885,3.611
17539,11.08.2012 03:00:00,3.08173
17540,11.08.2012 04:00:00,2.83804
17541,11.08.2012 05:00:00,2.60175
17542,11.08.2012 06:00:00,2.33977
17543,11.08.2012 07:00:00,2.09742
17544,11.08.2012 08:00:00,1.95106,3.601
17545,11.08.2012 09:00:00,1.92982
17546,11.08.2012 10:00:00,2.18147
17547,11.08.2012 11:00:00,3.04588
17548,11.08.2012 12:00:00,4.44464
17549,11.08.2012 13:00:00,7.00684
17550,11.08.2012 14:00:00,10.2509,3.630
17551,11.08.2012 15:00:00,11.9225
17552,11.08.2012 16:00:00,12.4
17553,11.08.2012 17:00:00,12.509
17554,11.08.2012 18:00:00,10.9658
17555,11.08.2012 19:00:00,8.14844
17556,11.08.2012 20:00:00,6.2984,3.629
17557,11.08.2012 21:00:00,5.58472
17558,11.08.2012 22:00:00,4.90948
17559,11.08.2012 23:00:00,4.39593
17560,12.08.2012 00:00:00,4.10429
17561,12.08.2012 01:00:00,3.83443
17562,12.08.2012 02:00:00,3.55626,3.615
17563,12.08.2012 03:00:00,3.47736
17564,12.08.2012 04:00:00,3.21434
17565,12.08.2012 05:00:00,3.01069
17566,12.08.2012 06:00:00,2.80152
17567,12.08.2012 07:00:00,2.78617
17568,12.08.2012 08:00:00,2.72746,3.607
17569,12.08.2012 09:00:00,3.10482
17570,12.08.2012 10:00:00,3.94714
17571,12.08.2012 11:00:00,4.71361
17572,12.08.2012 12:00:00,5.70126
17573,12.08.2012 13:00:00,7.74311
17574,12.08.2012 14:00:00,9.03591,3.629
17575,12.08.2012 15:00:00,9.67604
17576,12.08.2012 16:00:00,10.343
17577,12.08.2012 17:00:00,10.3102
17578,12.08.2012 18:00:00,9.13196
17579,12.08.2012 19:00:00,7.77423
17580,12.08.2012 20:00:00,6.76207,3.630
17581,12.08.2012 21:00:00,6.25895
17582,12.08.2012 22:00:00,5.9646
17583,12.08.2012 23:00:00,5.61432
17584,13.08.2012 00:00:00,5.23616
17585,13.08.2012 01:00:00,4.79626
17586,13.08.2012 02:00:00,4.40406,3.619
17587,13.08.2012 03:00:00,4.08751
17588,13.08.2012 04:00:00,3.79846
17589,13.08.2012 05:00:00,3.76577
17590,13.08.2012 06:00:00,3.47406
17591,13.08.2012 07:00:00,3.28676
17592,13.08.2012 08:00:00,3.52899,3.611
17593,13.08.2012 09:00:00,4.20943
17594,13.08.2012 10:00:00,4.78279
17595,13.08.2012 11:00:00,5.39329
17596,13.08.2012 12:00:00,6.04145
17597,13.08.2012 13:00:00,6.44263
17598,13.08.2012 14:00:00,6.02366,3.625
17599,13.08.2012 15:00:00,5.47664
17600,13.08.2012 16:00:00,5.14184
17601,13.08.2012 17:00:00,5.11793
17602,13.08.2012 18:00:00,4.47767
17603,13.08.2012 19:00:00,4.2765
17604,13.08.2012 20:00:00,3.56099,3.614
17605,13.08.2012 21:00:00,3.25006
17606,13.08.2012 22:00:00,2.96969
17607,13.08.2012 23:00:00,2.89278
17608,14.08.2012 00:00:00,2.79862
17609,14.08.2012 01:00:00,2.71156
17610,14.08.2012 02:00:00,2.53455,3.604
17611,14.08.2012 03:00:00,2.52506
17612,14.08.2012 04:00:00,2.42635
17613,14.08.2012 05:00:00,2.47244
17614,14.08.2012 06:00:00,2.42008
17615,14.08.2012 07:00:00,2.34972
17616,14.08.2012 08:00:00,2.42094,3.603
17617,14.08.2012 09:00:00,2.63887
17618,14.08.2012 10:00:00,3.35225
17619,14.08.2012 11:00:00,3.8202
17620,14.08.2012 12:00:00,4.28231
17621,14.08.2012 13:00:00,4.71731
17622,14.08.2012 14:00:00,6.31518,3.620
17623,14.08.2012 15:00:00,8.6654
17624,14.08.2012 16:00:00,8.90252
17625,14.08.2012 17:00:00,7.31734
17626,14.08.2012 18:00:00,5.79676
17627,14.08.2012 19:00:00,3.8993
17628,14.08.2012 20:00:00,3.04849,3.614
17629,14.08.2012 21:00:00,2.86432
17630,14.08.2012 22:00:00,2.84693
17631,14.08.2012 23:00:00,2.62586
17632,15.08.2012 00:00:00,2.43037
17633,15.08.2012 01:00:00,2.03829
17634,15.08.2012 02:00:00,1.94384,3.602
17635,15.08.2012 03:00:00,1.73419
17636,15.08.2012 04:00:00,1.53683
17637,15.08.2012 05:00:00,1.38125
17638,15.08.2012 06:00:00,1.16572
17639,15.08.2012 07:00:00,1.0545
17640,15.08.2012 08:00:00,0.800795,3.594
17641,15.08.2012 09:00:00,0.903014
17642,15.08.2012 10:00:00,1.17229
17643,15.08.2012 11:00:00,1.77398
17644,15.08.2012 12:00:00,2.34587
17645,15.08.2012 13:00:00,4.31972
17646,15.08.2012 14:00:00,7.34679,3.615
17647,15.08.2012 15:00:00,9.72135
17648,15.08.2012 16:00:00,9.21091
17649,15.08.2012 17:00:00,9.48581
17650,15.08.2012 18:00:00,8.19397
17651,15.08.2012 19:00:00,5.95956
17652,15.08.2012 20:00:00,4.61207,3.619
17653,15.08.2012 21:00:00,4.07037
17654,15.08.2012 22:00:00,3.67676
17655,15.08.2012 23:00:00,3.34725
17656,16.08.2012 00:00:00,2.70448
17657,16.08.2012 01:00:00,2.66357
17658,16.08.2012 02:00:00,2.54224,3.608
17659,16.08.2012 03:00:00,2.27296
17660,16.08.2012 04:00:00,2.05395
17661,16.08.2012 05:00:00,1.85061
17662,16.08.2012 06:00:00,1.67672
17663,16.08.2012 07:00:00,1.35876
17664,16.08.2012 08:00:00,1.18178,3.599
17665,16.08.2012 09:00:00,1.13713
17666,16.08.2012 10:00:00,1.16344
17667,16.08.2012 11:00:00,2.11466
17668,16.08.2012 12:00:00,2.9024
17669,16.08.2012 13:00:00,4.55282
17670,16.08.2012 14:00:00,5.4456,3.612
17671,16.08.2012 15:00:00,7.717
17672,16.08.2012 16:00:00,9.54899
17673,16.08.2012 17:00:00,9.86953
17674,16.08.2012 18:00:00,9.23473
17675,16.08.2012 19:00:00,7.19574
17676,16.08.2012 20:00:00,5.76899,3.626
17677,16.08.2012 21:00:00,4.71251
17678,16.08.2012 22:00:00,4.31878
17679,16.08.2012 23:00:00,4.10129
17680,17.08.2012 00:00:00,3.67023
17681,17.08.2012 01:00:00,3.37204
17682,17.08.2012 02:00:00,3.16497,3.612
17683,17.08.2012 03:00:00,2.79307
17684,17.08.2012 04:00:00,2.51851
17685,17.08.2012 05:00:00,2.25305
17686,17.08.2012 06:00:00,1.91621
17687,17.08.2012 07:00:00,1.74758
17688,17.08.2012 08:00:00,1.545,3.598
17689,17.08.2012 09:00:00,1.60329
17690,17.08.2012 10:00:00,2.33195
17691,17.08.2012 11:00:00,3.44636
17692,17.08.2012 12:00:00,4.59529
17693,17.08.2012 13:00:00,6.4024
17694,17.08.2012 14:00:00,9.39723,3.628
17695,17.08.2012 15:00:00,11.6734
17696,17.08.2012 16:00:00,12.4074
17697,17.08.2012 17:00:00,12.732
17698,17.08.2012 18:00:00,12.3761
17699,17.08.2012 19:00:00,10.6482
17700,17.08.2012 20:00:00,9.29132,3.645
17701,17.08.2012 21:00:00,8.51979
17702,17.08.2012 22:00:00,7.95595
17703,17.08.2012 23:00:00,7.42453
17704,18.08.2012 00:00:00,6.75307
17705,18.08.2012 01:00:00,6.5039
17706,18.08.2012 02:00:00,6.1181,3.629
17707,18.08.2012 03:00:00,5.76975
17708,18.08.2012 04:00:00,5.47722
17709,18.08.2012 05:00:00,5.26441
17710,18.08.2012 06:00:00,5.13765
17711,18.08.2012 07:00:00,4.99968
17712,18.08.2012 08:00:00,4.82718,3.621
17713,18.08.2012 09:00:00,4.84515
17714,18.08.2012 10:00:00,5.2148
17715,18.08.2012 11:00:00,5.947
17716,18.08.2012 12:00:00,6.84315
17717,18.08.2012 13:00:00,7.58091
17718,18.08.2012 14:00:00,8.28966,3.635
17719,18.08.2012 15:00:00,9.5813
17720,18.08.2012 16:00:00,10.5072
17721,18.08.2012 17:00:00,9.64496
17722,18.08.2012 18:00:00,9.23024
17723,18.08.2012 19:00:00,8.79303
17724,18.08.2012 20:00:00,8.35722,3.639
17725,18.08.2012 21:00:00,7.91002
17726,18.08.2012 22:00:00,7.07513
17727,18.08.2012 23:00:00,6.92083
17728,19.08.2012 00:00:00,6.60268
17729,19.08.2012 01:00:00,6.21999
17730,19.08.2012 02:00:00,5.82892,3.627
17731,19.08.2012 03:00:00,5.46451
17732,19.08.2012 04:00:00,5.17627
17733,19.08.2012 05:00:00,5.02138
17734,19.08.2012 06:00:00,4.84853
17735,19.08.2012 07:00:00,4.74584
17736,19.08.2012 08:00:00,4.89307,3.622
17737,19.08.2012 09:00:00,5.22858
17738,19.08.2012 10:00:00,5.7689
17739,19.08.2012 11:00:00,6.34948
17740,19.08.2012 12:00:00,7.09329
17741,19.08.2012 13:00:00,8.44337
17742,19.08.2012 14:00:00,9.02998,3.637
17743,19.08.2012 15:00:00,8.01353
17744,19.08.2012 16:00:00,7.74127
17745,19.08.2012 17:00:00,7.15695
17746,19.08.2012 18:00:00,6.44746
17747,19.08.2012 19:00:00,5.44517
17748,19.08.2012 20:00:00,4.87081,3.626
17749,19.08.2012 21:00:00,4.63208
17750,19.08.2012 22:00:00,4.64073
17751,19.08.2012 23:00:00,4.35372
17752,20.08.2012 00:00:00,4.24215
17753,20.08.2012 01:00:00,4.03031
17754,20.08.2012 02:00:00,3.75277,3.616
17755,20.08.2012 03:00:00,3.69124
17756,20.08.2012 04:00:00,3.69276
17757,20.08.2012 05:00:00,3.68146
17758,20.08.2012 06:00:00,3.52557
17759,20.08.2012 07:00:00,3.45467
17760,20.08.2012 08:00:00,3.59276,3.613
17761,20.08.2012 09:00:00,3.77164
17762,20.08.2012 10:00:00,4.27929
17763,20.08.2012 11:00:00,4.84304
17764,20.08.2012 12:00:00,4.8336
17765,20.08.2012 13:00:00,5.59321
17766,20.08.2012 14:00:00,5.43044,3.622
17767,20.08.2012 15:00:00,6.82248
17768,20.08.2012 16:00:00,7.40676
17769,20.08.2012 17:00:00,7.23116
17770,20.08.2012 18:00:00,7.0748
17771,20.08.2012 19:00:00,6.51686
17772,20.08.2012 20:00:00,5.9498,3.627
17773,20.08.2012 21:00:00,5.41554
17774,20.08.2012 22:00:00,5.19061
17775,20.08.2012 23:00:00,4.76581
17776,21.08.2012 00:00:00,3.97852
17777,21.08.2012 01:00:00,3.48062
17778,21.08.2012 02:00:00,3.09111,3.614
17779,21.08.2012 03:00:00,3.18667
17780,21.08.2012 04:00:00,2.88509
17781,21.08.2012 05:00:00,2.47336
17782,21.08.2012 06:00:00,2.16993
17783,21.08.2012 07:00:00,1.91661
17784,21.08.2012 08:00:00,1.68658,3.602
17785,21.08.2012 09:00:00,1.53905
17786,21.08.2012 10:00:00,2.17675
17787,21.08.2012 11:00:00,2.88045
17788,21.08.2012 12:00:00,3.62082
17789,21.08.2012 13:00:00,5.51658
17790,21.08.2012 14:00:00,8.66912,3.627
17791,21.08.2012 15:00:00,11.2793
17792,21.08.2012 16:00:00,12.1884
17793,21.08.2012 17:00:00,12.928
17794,21.08.2012 18:00:00,12.1704
17795,21.08.2012 19:00:00,10.2798
17796,21.08.2012 20:00:00,8.91304,3.641
17797,21.08.2012 21:00:00,8.16828
17798,21.08.2012 22:00:00,7.49221
17799,21.08.2012 23:00:00,7.21601
17800,22.08.2012 00:00:00,6.97389
17801,22.08.2012 01:00:00,6.71249
17802,22.08.2012 02:00:00,6.39684,3.631
17803,22.08.2012 03:00:00,6.118
17804,22.08.2012 04:00:00,5.88877
17805,22.08.2012 05:00:00,5.86036
17806,22.08.2012 06:00:00,5.76746
17807,22.08.2012 07:00:00,5.62059
17808,22.08.2012 08:00:00,5.48968,3.627
17809,22.08.2012 09:00:00,5.52558
17810,22.08.2012 10:00:00,5.9389
17811,22.08.2012 11:00:00,6.63815
17812,22.08.2012 12:00:00,7.05991
17813,22.08.2012 13:00:00,7.20454
17814,22.08.2012 14:00:00,6.9156,3.631
17815,22.08.2012 15:00:00,5.85324
17816,22.08.2012 16:00:00,6.82806
17817,22.08.2012 17:00:00,7.02311
17818,22.08.2012 18:00:00,7.21893
17819,22.08.2012 19:00:00,6.99914
17820,22.08.2012 20:00:00,6.73179,3.632
17821,22.08.2012 21:00:00,6.42066
17822,22.08.2012 22:00:00,6.20635
17823,22.08.2012 23:00:00,5.15882
17824,23.08.2012 00:00:00,5.01314
17825,23.08.2012 01:00:00,4.70933
17826,23.08.2012 02:00:00,4.38206,3.622
17827,23.08.2012 03:00:00,4.36153
17828,23.08.2012 04:00:00,4.15739
17829,23.08.2012 05:00:00,3.44084
17830,23.08.2012 06:00:00,3.33241
17831,23.08.2012 07:00:00,3.34386
17832,23.08.2012 08:00:00,2.86258,3.612
17833,23.08.2012 09:00:00,3.20648
17834,23.08.2012 10:00:00,3.40264
17835,23.08.2012 11:00:00,3.49672
17836,23.08.2012 12:00:00,4.29061
17837,23.08.2012 13:00:00,6.02361
17838,23.08.2012 14:00:00,8.45871,3.631
17839,23.08.2012 15:00:00,9.64328
17840,23.08.2012 16:00:00,9.6568
17841,23.08.2012 17:00:00,9.62906
17842,23.08.2012 18:00:00,7.79594
17843,23.08.2012 19:00:00,6.97291
17844,23.08.2012 20:00:00,6.34462,3.630
17845,23.08.2012 21:00:00,5.80395
17846,23.08.2012 22:00:00,5.56552
17847,23.08.2012 23:00:00,5.34476
17848,24.08.2012 00:00:00,5.00741
17849,24.08.2012 01:00:00,4.80482
17850,24.08.2012 02:00:00,4.49112,3.620
17851,24.08.2012 03:00:00,4.3945
17852,24.08.2012 04:00:00,4.01996
17853,24.08.2012 05:00:00,3.8062
17854,24.08.2012 06:00:00,3.63246
17855,24.08.2012 07:00:00,3.31855
17856,24.08.2012 08:00:00,3.28679,3.611
17857,24.08.2012 09:00:00,3.29134
17858,24.08.2012 10:00:00,4.08079
17859,24.08.2012 11:00:00,4.84584
17860,24.08.2012 12:00:00,5.69288
17861,24.08.2012 13:00:00,6.61248
17862,24.08.2012 14:00:00,6.64992,3.627
17863,24.08.2012 15:00:00,6.43581
17864,24.08.2012 16:00:00,5.94739
17865,24.08.2012 17:00:00,5.43737
17866,24.08.2012 18:00:00,5.21798
17867,24.08.2012 19:00:00,5.01591
17868,24.08.2012 20:00:00,4.55373,3.621
17869,24.08.2012 21:00:00,3.40712
17870,24.08.2012 22:00:00,3.15126
17871,24.08.2012 23:00:00,2.91525
17872,25.08.2012 00:00:00,2.80638
17873,25.08.2012 01:00:00,2.6291
17874,25.08.2012 02:00:00,2.42524,3.606
17875,25.08.2012 03:00:00,2.01497
17876,25.08.2012 04:00:00,2.00847
17877,25.08.2012 05:00:00,1.38396
17878,25.08.2012 06:00:00,1.09783
17879,25.08.2012 07:00:00,0.988903
17880,25.08.2012 08:00:00,0.870211,3.596
17881,25.08.2012 09:00:00,0.922085
17882,25.08.2012 10:00:00,1.04761
17883,25.08.2012 11:00:00,1.25735
17884,25.08.2012 12:00:00,1.83364
17885,25.08.2012 13:00:00,3.6522
17886,25.08.2012 14:00:00,6.84688,3.619
17887,25.08.2012 15:00:00,9.97972
17888,25.08.2012 16:00:00,11.2995
17889,25.08.2012 17:00:00,11.3407
17890,25.08.2012 18:00:00,10.3397
17891,25.08.2012 19:00:00,8.32314
17892,25.08.2012 20:00:00,7.23948,3.635
17893,25.08.2012 21:00:00,6.41228
17894,25.08.2012 22:00:00,5.79577
17895,25.08.2012 23:00:00,5.44346
17896,26.08.2012 00:00:00,5.07903
17897,26.08.2012 01:00:00,4.39571
17898,26.08.2012 02:00:00,4.18026,3.618
17899,26.08.2012 03:00:00,3.77216
17900,26.08.2012 04:00:00,3.45159
17901,26.08.2012 05:00:00,3.12337
17902,26.08.2012 06:00:00,2.82277
17903,26.08.2012 07:00:00,2.57644
17904,26.08.2012 08:00:00,2.3751,3.608
17905,26.08.2012 09:00:00,2.47375
17906,26.08.2012 10:00:00,3.1025
17907,26.08.2012 11:00:00,3.99488
17908,26.08.2012 12:00:00,4.74544
17909,26.08.2012 13:00:00,5.33416
17910,26.08.2012 14:00:00,6.32178,3.623
17911,26.08.2012 15:00:00,7.35957
17912,26.08.2012 16:00:00,7.32673
17913,26.08.2012 17:00:00,7.94338
17914,26.08.2012 18:00:00,7.74222
17915,26.08.2012 19:00:00,7.07974
17916,26.08.2012 20:00:00,5.96951,3.629
17917,26.08.2012 21:00:00,5.22005
17918,26.08.2012 22:00:00,4.47898
17919,26.08.2012 23:00:00,4.52717
17920,27.08.2012 00:00:00,4.22685
17921,27.08.2012 01:00:00,3.84594
17922,27.08.2012 02:00:00,3.4308,3.615
17923,27.08.2012 03:00:00,3.07519
17924,27.08.2012 04:00:00,2.69931
17925,27.08.2012 05:00:00,2.32222
17926,27.08.2012 06:00:00,1.8979
17927,27.08.2012 07:00:00,1.57582
17928,27.08.2012 08:00:00,1.33054,3.599
17929,27.08.2012 09:00:00,0.99669
17930,27.08.2012 10:00:00,1.75488
17931,27.08.2012 11:00:00,2.66488
17932,27.08.2012 12:00:00,3.70916
17933,27.08.2012 13:00:00,5.74214
17934,27.08.2012 14:00:00,8.60061,3.627
17935,27.08.2012 15:00:00,9.22072
17936,27.08.2012 16:00:00,8.73595
17937,27.08.2012 17:00:00,7.95188
17938,27.08.2012 18:00:00,7.37003
17939,27.08.2012 19:00:00,7.05655
17940,27.08.2012 20:00:00,6.47524,3.629
17941,27.08.2012 21:00:00,5.78938
17942,27.08.2012 22:00:00,5.19769
17943,27.08.2012 23:00:00,4.69739
17944,28.08.2012 00:00:00,4.28191
17945,28.08.2012 01:00:00,3.80539
17946,28.08.2012 02:00:00,3.4885,3.613
17947,28.08.2012 03:00:00,3.17598
17948,28.08.2012 04:00:00,2.78806
17949,28.08.2012 05:00:00,2.45976
17950,28.08.2012 06:00:00,2.0146
17951,28.08.2012 07:00:00,1.76654
17952,28.08.2012 08:00:00,1.59875,3.602
17953,28.08.2012 09:00:00,1.7275
17954,28.08.2012 10:00:00,2.18071
17955,28.08.2012 11:00:00,2.91402
17956,28.08.2012 12:00:00,4.01321
17957,28.08.2012 13:00:00,5.86815
17958,28.08.2012 14:00:00,8.33259,3.623
17959,28.08.2012 15:00:00,8.91249
17960,28.08.2012 16:00:00,9.81243
17961,28.08.2012 17:00:00,9.78472
17962,28.08.2012 18:00:00,8.79005
17963,28.08.2012 19:00:00,7.33586
17964,28.08.2012 20:00:00,6.43997,3.630
17965,28.08.2012 21:00:00,5.70541
17966,28.08.2012 22:00:00,5.09537
17967,28.08.2012 23:00:00,4.40061
17968,29.08.2012 00:00:00,4.13152
17969,29.08.2012 01:00:00,3.83424
17970,29.08.2012 02:00:00,3.22469,3.614
17971,29.08.2012 03:00:00,2.90606
17972,29.08.2012 04:00:00,2.89156
17973,29.08.2012 05:00:00,2.53541
17974,29.08.2012 06:00:00,1.9681
17975,29.08.2012 07:00:00,1.84027
17976,29.08.2012 08:00:00,1.75088,3.604
17977,29.08.2012 09:00:00,1.55224
17978,29.08.2012 10:00:00,1.63277
17979,29.08.2012 11:00:00,2.04906
17980,29.08.2012 12:00:00,2.93577
17981,29.08.2012 13:00:00,4.94164
17982,29.08.2012 14:00:00,8.33335,3.623
17983,29.08.2012 15:00:00,10.0501
17984,29.08.2012 16:00:00,10.5825
17985,29.08.2012 17:00:00,9.17349
17986,29.08.2012 18:00:00,7.36335
17987,29.08.2012 19:00:00,6.11134
17988,29.08.2012 20:00:00,5.0849,3.624
17989,29.08.2012 21:00:00,4.40076
17990,29.08.2012 22:00:00,3.99943
17991,29.08.2012 23:00:00,3.76705
17992,30.08.2012 00:00:00,3.60564
17993,30.08.2012 01:00:00,3.32712
17994,30.08.2012 02:00:00,3.01069,3.614
17995,30.08.2012 03:00:00,2.79499
17996,30.08.2012 04:00:00,2.53505
17997,30.08.2012 05:00:00,2.32521
17998,30.08.2012 06:00:00,1.9622
17999,30.08.2012 07:00:00,1.96256
18000,30.08.2012 08:00:00,1.69258,3.601
18001,30.08.2012 09:00:00,1.51272
18002,30.08.2012 10:00:00,1.53146
18003,30.08.2012 11:00:00,2.09818
18004,30.08.2012 12:00:00,3.28875
18005,30.08.2012 13:00:00,5.20419
18006,30.08.2012 14:00:00,7.97357,3.621
18007,30.08.2012 15:00:00,10.1458
18008,30.08.2012 16:00:00,10.4263
18009,30.08.2012 17:00:00,9.74405
18010,30.08.2012 18:00:00,7.54392
18011,30.08.2012 19:00:00,5.77407
18012,30.08.2012 20:00:00,5.00046,3.624
18013,30.08.2012 21:00:00,4.6772
18014,30.08.2012 22:00:00,4.37543
18015,30.08.2012 23:00:00,3.72578
18016,31.08.2012 00:00:00,3.06589
18017,31.08.2012 01:00:00,2.84386
18018,31.08.2012 02:00:00,2.763,3.610
18019,31.08.2012 03:00:00,2.42
18020,31.08.2012 04:00:00,2.20406
18021,31.08.2012 05:00:00,1.81778
18022,31.08.2012 06:00:00,1.45596
18023,31.08.2012 07:00:00,1.32285
18024,31.08.2012 08:00:00,1.11174,3.598
18025,31.08.2012 09:00:00,0.909692
18026,31.08.2012 10:00:00,1.36471
18027,31.08.2012 11:00:00,1.99548
18028,31.08.2012 12:00:00,3.02818
18029,31.08.2012 13:00:00,4.63052
18030,31.08.2012 14:00:00,7.64197,3.620
18031,31.08.2012 15:00:00,10.6336
18032,31.08.2012 16:00:00,12.1523
18033,31.08.2012 17:00:00,13.7182
18034,31.08.2012 18:00:00,11.7411
18035,31.08.2012 19:00:00,9.58861
18036,31.08.2012 20:00:00,8.36165,3.640
18037,31.08.2012 21:00:00,7.33724
18038,31.08.2012 22:00:00,6.63221
18039,31.08.2012 23:00:00,6.01954
18040,01.09.2012 00:00:00,5.71057
18041,01.09.2012 01:00:00,5.33383
18042,01.09.2012 02:00:00,4.96229,3.622
18043,01.09.2012 03:00:00,4.57199
18044,01.09.2012 04:00:00,4.11036
18045,01.09.2012 05:00:00,3.69643
18046,01.09.2012 06:00:00,3.47528
18047,01.09.2012 07:00:00,3.20932
18048,01.09.2012 08:00:00,2.85641,3.611
18049,01.09.2012 09:00:00,3.0167
18050,01.09.2012 10:00:00,3.76418
18051,01.09.2012 11:00:00,4.52742
18052,01.09.2012 12:00:00,5.74465
18053,01.09.2012 13:00:00,7.17381
18054,01.09.2012 14:00:00,9.83997,3.635
18055,01.09.2012 15:00:00,11.8367
18056,01.09.2012 16:00:00,12.5653
18057,01.09.2012 17:00:00,12.5813
18058,01.09.2012 18:00:00,12.1839
18059,01.09.2012 19:00:00,11.0779
18060,01.09.2012 20:00:00,9.51402,3.646
18061,01.09.2012 21:00:00,8.4888
18062,01.09.2012 22:00:00,7.65902
18063,01.09.2012 23:00:00,7.09321
18064,02.09.2012 00:00:00,6.88941
18065,02.09.2012 01:00:00,6.47939
18066,02.09.2012 02:00:00,6.06704,3.631
18067,02.09.2012 03:00:00,5.7319
18068,02.09.2012 04:00:00,5.38951
18069,02.09.2012 05:00:00,5.11572
18070,02.09.2012 06:00:00,4.73389
18071,02.09.2012 07:00:00,4.40182
18072,02.09.2012 08:00:00,4.07863,3.621
18073,02.09.2012 09:00:00,3.8857
18074,02.09.2012 10:00:00,4.43458
18075,02.09.2012 11:00:00,5.33643
18076,02.09.2012 12:00:00,6.17606
18077,02.09.2012 13:00:00,7.61381
18078,02.09.2012 14:00:00,9.91651,3.636
18079,02.09.2012 15:00:00,11.3214
18080,02.09.2012 16:00:00,11.6846
18081,02.09.2012 17:00:00,10.6377
18082,02.09.2012 18:00:00,9.64288
18083,02.09.2012 19:00:00,8.35722
18084,02.09.2012 20:00:00,7.1323,3.635
18085,02.09.2012 21:00:00,6.13252
18086,02.09.2012 22:00:00,5.84095
18087,02.09.2012 23:00:00,5.79291
18088,03.09.2012 00:00:00,5.92294
18089,03.09.2012 01:00:00,5.68435
18090,03.09.2012 02:00:00,5.43817,3.627
18091,03.09.2012 03:00:00,5.25546
18092,03.09.2012 04:00:00,5.0074
18093,03.09.2012 05:00:00,4.69292
18094,03.09.2012 06:00:00,4.39872
18095,03.09.2012 07:00:00,4.02276
18096,03.09.2012 08:00:00,3.81083,3.618
18097,03.09.2012 09:00:00,3.73558
18098,03.09.2012 10:00:00,4.19107
18099,03.09.2012 11:00:00,5.22651
18100,03.09.2012 12:00:00,6.17805
18101,03.09.2012 13:00:00,7.27353
18102,03.09.2012 14:00:00,8.53912,3.633
18103,03.09.2012 15:00:00,9.56615
18104,03.09.2012 16:00:00,10.3502
18105,03.09.2012 17:00:00,10.3753
18106,03.09.2012 18:00:00,9.33107
18107,03.09.2012 19:00:00,8.09389
18108,03.09.2012 20:00:00,6.4187,3.637
18109,03.09.2012 21:00:00,5.3176
18110,03.09.2012 22:00:00,4.88434
18111,03.09.2012 23:00:00,4.88602
18112,04.09.2012 00:00:00,4.48475
18113,04.09.2012 01:00:00,4.28818
18114,04.09.2012 02:00:00,4.04152,3.620
18115,04.09.2012 03:00:00,3.72153
18116,04.09.2012 04:00:00,3.50383
18117,04.09.2012 05:00:00,3.16955
18118,04.09.2012 06:00:00,2.87357
18119,04.09.2012 07:00:00,2.5931
18120,04.09.2012 08:00:00,2.22949,3.609
18121,04.09.2012 09:00:00,2.03057
18122,04.09.2012 10:00:00,2.41456
18123,04.09.2012 11:00:00,3.29742
18124,04.09.2012 12:00:00,4.2777
18125,04.09.2012 13:00:00,5.93684
18126,04.09.2012 14:00:00,8.1759,3.628
18127,04.09.2012 15:00:00,9.77704
18128,04.09.2012 16:00:00,10.0053
18129,04.09.2012 17:00:00,9.5708
18130,04.09.2012 18:00:00,8.34788
18131,04.09.2012 19:00:00,7.39071
18132,04.09.2012 20:00:00,6.56699,3.633
18133,04.09.2012 21:00:00,5.86005
18134,04.09.2012 22:00:00,5.38174
18135,04.09.2012 23:00:00,4.75689
18136,05.09.2012 00:00:00,4.0344
18137,05.09.2012 01:00:00,3.81751
18138,05.09.2012 02:00:00,3.06619,3.615
18139,05.09.2012 03:00:00,3.20721
18140,05.09.2012 04:00:00,2.81132
18141,05.09.2012 05:00:00,2.60074
18142,05.09.2012 06:00:00,2.60694
18143,05.09.2012 07:00:00,2.40666
18144,05.09.2012 08:00:00,2.5056,3.607
18145,05.09.2012 09:00:00,2.41743
18146,05.09.2012 10:00:00,2.47089
18147,05.09.2012 11:00:00,3.12261
18148,05.09.2012 12:00:00,3.03539
18149,05.09.2012 13:00:00,3.89993
18150,05.09.2012 14:00:00,4.75564,3.617
18151,05.09.2012 15:00:00,4.22401
18152,05.09.2012 16:00:00,4.4601
18153,05.09.2012 17:00:00,3.59433
18154,05.09.2012 18:00:00,3.23693
18155,05.09.2012 19:00:00,3.41622
18156,05.09.2012 20:00:00,3.36797,3.612
18157,05.09.2012 21:00:00,3.23464
18158,05.09.2012 22:00:00,3.05548
18159,05.09.2012 23:00:00,2.85038
18160,06.09.2012 00:00:00,2.81245
18161,06.09.2012 01:00:00,2.70673
18162,06.09.2012 02:00:00,2.53389,3.605
18163,06.09.2012 03:00:00,2.4039
18164,06.09.2012 04:00:00,2.16985
18165,06.09.2012 05:00:00,1.84723
18166,06.09.2012 06:00:00,1.45427
18167,06.09.2012 07:00:00,1.16274
18168,06.09.2012 08:00:00,0.880733,3.593
18169,06.09.2012 09:00:00,0.718885
18170,06.09.2012 10:00:00,1.17893
18171,06.09.2012 11:00:00,1.80759
18172,06.09.2012 12:00:00,2.54982
18173,06.09.2012 13:00:00,3.55785
18174,06.09.2012 14:00:00,4.72827,3.612
18175,06.09.2012 15:00:00,6.55132
18176,06.09.2012 16:00:00,7.76579
18177,06.09.2012 17:00:00,8.44691
18178,06.09.2012 18:00:00,8.10811
18179,06.09.2012 19:00:00,6.63983
18180,06.09.2012 20:00:00,5.76648,3.627
18181,06.09.2012 21:00:00,4.91868
18182,06.09.2012 22:00:00,4.52815
18183,06.09.2012 23:00:00,4.00309
18184,07.09.2012 00:00:00,3.62778
18185,07.09.2012 01:00:00,3.26957
18186,07.09.2012 02:00:00,2.93085,3.611
18187,07.09.2012 03:00:00,2.60238
18188,07.09.2012 04:00:00,2.25639
18189,07.09.2012 05:00:00,1.98232
18190,07.09.2012 06:00:00,1.79944
18191,07.09.2012 07:00:00,1.62227
18192,07.09.2012 08:00:00,1.62495,3.601
18193,07.09.2012 09:00:00,1.67117
18194,07.09.2012 10:00:00,2.18566
18195,07.09.2012 11:00:00,2.98471
18196,07.09.2012 12:00:00,4.11817
18197,07.09.2012 13:00:00,5.24734
18198,07.09.2012 14:00:00,5.67989,3.621
18199,07.09.2012 15:00:00,5.6662
18200,07.09.2012 16:00:00,5.4375
18201,07.09.2012 17:00:00,5.30038
18202,07.09.2012 18:00:00,5.21801
18203,07.09.2012 19:00:00,4.58687
18204,07.09.2012 20:00:00,2.87034,3.612
18205,07.09.2012 21:00:00,2.35345
18206,07.09.2012 22:00:00,2.1968
18207,07.09.2012 23:00:00,2.44045
18208,08.09.2012 00:00:00,2.30321
18209,08.09.2012 01:00:00,2.03966
18210,08.09.2012 02:00:00,1.98363,3.603
18211,08.09.2012 03:00:00,1.96715
18212,08.09.2012 04:00:00,1.72125
18213,08.09.2012 05:00:00,1.68169
18214,08.09.2012 06:00:00,1.57027
18215,08.09.2012 07:00:00,1.43613
18216,08.09.2012 08:00:00,1.50644,3.599
18217,08.09.2012 09:00:00,1.52914
18218,08.09.2012 10:00:00,1.78393
18219,08.09.2012 11:00:00,2.12293
18220,08.09.2012 12:00:00,2.49628
18221,08.09.2012 13:00:00,2.9956
