time, measurement
2021.08.03 08:00:00,1.965271
2021.08.03 10:00:00,2.276672
2021.08.03 12:00:00,2.784698
2021.08.03 14:00:00,2.315643
2021.08.03 16:00:00,2.569458
2021.08.03 18:00:00,2.647675
2021.08.03 20:00:00,2.530365
2021.08.03 22:00:00,2.296143
2021.08.04 00:00:00,2.062469
2021.08.04 02:00:00,1.809906
2021.08.04 04:00:00,1.577301
2021.08.04 06:00:00,1.364471
2021.08.04 08:00:00,1.190643
2021.08.04 10:00:00,1.306519
2021.08.04 12:00:00,1.538574
2021.08.04 14:00:00,1.557922
2021.08.04 16:00:00,1.790527
2021.08.04 18:00:00,2.17926
2021.08.04 20:00:00,2.218201
2021.08.04 22:00:00,2.04303
2021.08.05 00:00:00,1.809906
2021.08.05 02:00:00,1.577301
2021.08.05 04:00:00,1.364471
2021.08.05 06:00:00,1.190643
2021.08.05 08:00:00,1.094177
2021.08.05 10:00:00,1.229248
2021.08.05 12:00:00,1.229248
2021.08.05 14:00:00,1.480499
2021.08.05 16:00:00,1.596649
2021.08.05 18:00:00,2.00415
2021.08.05 20:00:00,2.14032
2021.08.05 22:00:00,2.00415
2021.08.06 00:00:00,1.771118
2021.08.06 02:00:00,1.557922
2021.08.06 04:00:00,1.345154
2021.08.06 06:00:00,1.171356
2021.08.06 08:00:00,1.07489
2021.08.06 10:00:00,1.287201
2021.08.06 12:00:00,1.616028
2021.08.06 14:00:00,1.538574
2021.08.06 16:00:00,1.596649
2021.08.06 18:00:00,1.829315
2021.08.06 20:00:00,1.751709
2021.08.06 22:00:00,1.557922
2021.08.07 00:00:00,1.364471
2021.08.07 02:00:00,1.190643
2021.08.07 04:00:00,1.017059
2021.08.07 06:00:00,0.8822327
2021.08.07 08:00:00,0.7667542
2021.08.07 10:00:00,0.9785156
2021.08.07 12:00:00,1.287201
2021.08.07 14:00:00,1.519226
2021.08.07 16:00:00,1.790527
2021.08.07 18:00:00,1.887573
2021.08.07 20:00:00,1.751709
2021.08.07 22:00:00,1.538574
2021.08.08 00:00:00,1.325836
2021.08.08 02:00:00,1.113464
2021.08.08 04:00:00,0.9207458
2021.08.08 06:00:00,0.8052368
2021.08.08 08:00:00,0.7090759
2021.08.08 10:00:00,0.6898499
2021.08.08 12:00:00,0.8629761
2021.08.08 14:00:00,0.9400024
2021.08.08 16:00:00,1.094177
2021.08.08 18:00:00,1.403137
2021.08.08 20:00:00,1.422485
2021.08.08 22:00:00,1.267883
2021.08.09 00:00:00,1.094177
2021.08.09 02:00:00,0.9400024
2021.08.09 04:00:00,0.8052368
2021.08.09 06:00:00,0.6706238
2021.08.09 08:00:00,0.5745544
2021.08.09 10:00:00,0.8244629
2021.08.09 12:00:00,1.229248
2021.08.09 14:00:00,1.693542
2021.08.09 16:00:00,2.491272
2021.08.09 18:00:00,2.804291
2021.08.09 20:00:00,2.843475
2021.08.09 22:00:00,2.667236
2021.08.10 00:00:00,2.413177
2021.08.10 02:00:00,2.12085
2021.08.10 04:00:00,1.809906
2021.08.10 06:00:00,1.577301
2021.08.10 08:00:00,1.480499
2021.08.10 10:00:00,1.519226
2021.08.10 12:00:00,1.712921
2021.08.10 14:00:00,1.984711
2021.08.10 16:00:00,2.667236
2021.08.10 18:00:00,3.216644
2021.08.10 20:00:00,3.216644
2021.08.10 22:00:00,2.980804
2021.08.11 00:00:00,2.667236
2021.08.11 02:00:00,2.335144
2021.08.11 04:00:00,2.02359
2021.08.11 06:00:00,1.73233
2021.08.11 08:00:00,1.577301
2021.08.11 10:00:00,1.693542
2021.08.11 12:00:00,2.00415
2021.08.11 14:00:00,2.569458
2021.08.11 16:00:00,3.236328
2021.08.11 18:00:00,3.927917
2021.08.11 20:00:00,4.047028
2021.08.11 22:00:00,3.868439
2021.08.12 00:00:00,3.591339
2021.08.12 02:00:00,3.275726
2021.08.12 04:00:00,2.980804
2021.08.12 06:00:00,2.745514
2021.08.12 08:00:00,2.667236
2021.08.12 10:00:00,2.510834
2021.08.12 12:00:00,2.647675
2021.08.12 14:00:00,2.804291
2021.08.12 16:00:00,3.177307
2021.08.12 18:00:00,3.374237
2021.08.12 20:00:00,3.256012
2021.08.12 22:00:00,2.961182
2021.08.13 00:00:00,2.647675
2021.08.13 02:00:00,2.315643
2021.08.13 04:00:00,2.04303
2021.08.13 06:00:00,1.809906
2021.08.13 08:00:00,1.73233
2021.08.13 10:00:00,1.790527
2021.08.13 12:00:00,1.906982
2021.08.13 14:00:00,1.926422
2021.08.13 16:00:00,2.276672
2021.08.13 18:00:00,2.354645
2021.08.13 20:00:00,2.237701
2021.08.13 22:00:00,2.04303
2021.08.14 00:00:00,1.868164
2021.08.14 02:00:00,1.674164
2021.08.14 04:00:00,1.519226
2021.08.14 06:00:00,1.403137
2021.08.14 08:00:00,1.287201
2021.08.14 10:00:00,1.190643
2021.08.14 12:00:00,1.113464
2021.08.14 14:00:00,1.190643
2021.08.14 16:00:00,1.441833
2021.08.14 18:00:00,1.73233
2021.08.14 20:00:00,1.654785
2021.08.14 22:00:00,1.461151
2021.08.15 00:00:00,1.248566
2021.08.15 02:00:00,1.055603
2021.08.15 04:00:00,0.8822327
2021.08.15 06:00:00,0.728302
2021.08.15 08:00:00,0.6321716
2021.08.15 10:00:00,0.5553589
2021.08.15 12:00:00,0.9014893
2021.08.15 14:00:00,0.9785156
2021.08.15 16:00:00,1.267883
2021.08.15 18:00:00,1.480499
2021.08.15 20:00:00,1.38382
2021.08.15 22:00:00,1.190643
2021.08.16 00:00:00,0.9978027
2021.08.16 02:00:00,0.8244629
2021.08.16 04:00:00,0.6898499
2021.08.16 06:00:00,0.5745544
2021.08.16 08:00:00,0.5361328
2021.08.16 10:00:00,0.4785461
2021.08.16 12:00:00,0.4401855
2021.08.16 14:00:00,0.4593506
2021.08.16 16:00:00,0.6129761
2021.08.16 18:00:00,0.7090759
2021.08.16 20:00:00,0.6706238
2021.08.16 22:00:00,0.5745544
2021.08.17 00:00:00,0.5169373
2021.08.17 02:00:00,0.4401855
2021.08.17 04:00:00,0.3826294
2021.08.17 06:00:00,0.3442688
2021.08.17 08:00:00,0.3059387
2021.08.17 10:00:00,0.2676086
2021.08.17 12:00:00,0.2484436
2021.08.17 14:00:00,0.2292786
2021.08.17 16:00:00,0.3251038
2021.08.17 18:00:00,0.42099
2021.08.17 20:00:00,0.4017944
2021.08.17 22:00:00,0.3634338
2021.08.18 00:00:00,0.3059387
2021.08.18 02:00:00,0.2676086
2021.08.18 04:00:00,0.2101135
2021.08.18 06:00:00,0.171814
2021.08.18 08:00:00,0.1526794
2021.08.18 10:00:00,0.1526794
2021.08.18 12:00:00,0.1335144
2021.08.18 14:00:00,0.4017944
2021.08.18 16:00:00,1.113464
2021.08.18 18:00:00,1.519226
2021.08.18 20:00:00,1.519226
2021.08.18 22:00:00,1.38382
2021.08.19 00:00:00,1.209961
2021.08.19 02:00:00,1.036346
2021.08.19 04:00:00,0.8822327
2021.08.19 06:00:00,0.7667542
2021.08.19 08:00:00,0.7475281
2021.08.19 10:00:00,1.209961
2021.08.19 12:00:00,1.712921
2021.08.19 14:00:00,2.08194
2021.08.19 16:00:00,2.12085
2021.08.19 18:00:00,2.101379
2021.08.19 20:00:00,1.926422
2021.08.19 22:00:00,1.693542
2021.08.20 00:00:00,1.461151
2021.08.20 02:00:00,1.229248
2021.08.20 04:00:00,1.036346
2021.08.20 06:00:00,0.9014893
2021.08.20 08:00:00,0.9014893
2021.08.20 10:00:00,1.267883
2021.08.20 12:00:00,1.73233
2021.08.20 14:00:00,2.12085
2021.08.20 16:00:00,2.510834
2021.08.20 18:00:00,2.647675
2021.08.20 20:00:00,2.549896
2021.08.20 22:00:00,2.335144
2021.08.21 00:00:00,2.062469
2021.08.21 02:00:00,1.790527
2021.08.21 04:00:00,1.519226
2021.08.21 06:00:00,1.325836
2021.08.21 08:00:00,1.248566
2021.08.21 10:00:00,1.693542
2021.08.21 12:00:00,1.848724
2021.08.21 14:00:00,1.984711
2021.08.21 16:00:00,2.374176
2021.08.21 18:00:00,2.608551
2021.08.21 20:00:00,2.530365
2021.08.21 22:00:00,2.335144
2021.08.22 00:00:00,2.062469
2021.08.22 02:00:00,1.751709
2021.08.22 04:00:00,1.499847
2021.08.22 06:00:00,1.306519
2021.08.22 08:00:00,1.190643
2021.08.22 10:00:00,1.190643
2021.08.22 12:00:00,1.267883
2021.08.22 14:00:00,1.557922
2021.08.22 16:00:00,1.829315
2021.08.22 18:00:00,2.062469
2021.08.22 20:00:00,2.02359
2021.08.22 22:00:00,1.829315
2021.08.23 00:00:00,1.596649
2021.08.23 02:00:00,1.364471
2021.08.23 04:00:00,1.152039
2021.08.23 06:00:00,0.9785156
2021.08.23 08:00:00,0.8437195
2021.08.23 10:00:00,0.9785156
2021.08.23 12:00:00,1.152039
2021.08.23 14:00:00,1.403137
2021.08.23 16:00:00,1.829315
2021.08.23 18:00:00,2.101379
2021.08.23 20:00:00,2.062469
2021.08.23 22:00:00,1.926422
2021.08.24 00:00:00,1.73233
2021.08.24 02:00:00,1.577301
2021.08.24 04:00:00,1.441833
2021.08.24 06:00:00,1.345154
2021.08.24 08:00:00,1.480499
2021.08.24 10:00:00,1.848724
2021.08.24 12:00:00,1.73233
2021.08.24 14:00:00,1.674164
2021.08.24 16:00:00,1.984711
2021.08.24 18:00:00,2.08194
2021.08.24 20:00:00,1.945831
2021.08.24 22:00:00,1.712921
2021.08.25 00:00:00,1.480499
2021.08.25 02:00:00,1.248566
2021.08.25 04:00:00,1.07489
2021.08.25 06:00:00,0.9207458
2021.08.25 08:00:00,0.8437195
2021.08.25 10:00:00,0.8822327
2021.08.25 12:00:00,1.017059
2021.08.25 14:00:00,1.132751
2021.08.25 16:00:00,1.499847
2021.08.25 18:00:00,1.848724
2021.08.25 20:00:00,1.887573
2021.08.25 22:00:00,1.771118
2021.08.26 00:00:00,1.596649
2021.08.26 02:00:00,1.403137
2021.08.26 04:00:00,1.209961
2021.08.26 06:00:00,1.055603
2021.08.26 08:00:00,0.9978027
2021.08.26 10:00:00,1.017059
2021.08.26 12:00:00,1.132751
2021.08.26 14:00:00,1.422485
2021.08.26 16:00:00,1.809906
2021.08.26 18:00:00,1.926422
2021.08.26 20:00:00,1.829315
2021.08.26 22:00:00,1.635406
2021.08.27 00:00:00,1.461151
2021.08.27 02:00:00,1.267883
2021.08.27 04:00:00,1.094177
2021.08.27 06:00:00,0.9785156
2021.08.27 08:00:00,0.8822327
2021.08.27 10:00:00,0.959259
2021.08.27 12:00:00,1.132751
2021.08.27 14:00:00,1.596649
2021.08.27 16:00:00,1.790527
2021.08.27 18:00:00,1.887573
2021.08.27 20:00:00,1.771118
2021.08.27 22:00:00,1.596649
2021.08.28 00:00:00,1.422485
2021.08.28 02:00:00,1.267883
2021.08.28 04:00:00,1.113464
2021.08.28 06:00:00,0.959259
2021.08.28 08:00:00,0.8437195
2021.08.28 10:00:00,0.8052368
2021.08.28 12:00:00,0.9978027
2021.08.28 14:00:00,1.248566
2021.08.28 16:00:00,1.693542
2021.08.28 18:00:00,1.868164
2021.08.28 20:00:00,1.73233
2021.08.28 22:00:00,1.519226
2021.08.29 00:00:00,1.306519
2021.08.29 02:00:00,1.152039
2021.08.29 04:00:00,1.017059
2021.08.29 06:00:00,0.9014893
2021.08.29 08:00:00,0.8244629
2021.08.29 10:00:00,0.9207458
2021.08.29 12:00:00,0.959259
2021.08.29 14:00:00,1.422485
2021.08.29 16:00:00,1.712921
2021.08.29 18:00:00,1.674164
2021.08.29 20:00:00,1.519226
2021.08.29 22:00:00,1.325836
2021.08.30 00:00:00,1.132751
2021.08.30 02:00:00,0.9785156
2021.08.30 04:00:00,0.8244629
2021.08.30 06:00:00,0.6898499
2021.08.30 08:00:00,0.59375
2021.08.30 10:00:00,0.5361328
2021.08.30 12:00:00,0.5553589
2021.08.30 14:00:00,0.6898499
2021.08.30 16:00:00,0.9978027
2021.08.30 18:00:00,1.094177
2021.08.30 20:00:00,1.017059
2021.08.30 22:00:00,0.8822327
2021.08.31 00:00:00,0.7475281
2021.08.31 02:00:00,0.6321716
2021.08.31 04:00:00,0.5169373
2021.08.31 06:00:00,0.42099
2021.08.31 08:00:00,0.3634338
2021.08.31 10:00:00,0.3251038
2021.08.31 12:00:00,0.5361328
2021.08.31 14:00:00,0.728302
2021.08.31 16:00:00,1.113464
2021.08.31 18:00:00,1.229248
2021.08.31 20:00:00,1.152039
2021.08.31 22:00:00,1.017059
2021.09.01 00:00:00,0.8822327
2021.09.01 02:00:00,0.7475281
2021.09.01 04:00:00,0.6513977
2021.09.01 06:00:00,0.5745544
2021.09.01 08:00:00,0.4977417
2021.09.01 10:00:00,0.4785461
2021.09.01 12:00:00,0.5745544
2021.09.01 14:00:00,0.8437195
2021.09.01 16:00:00,1.132751
2021.09.01 18:00:00,1.248566
2021.09.01 20:00:00,1.171356
2021.09.01 22:00:00,1.07489
2021.09.02 00:00:00,0.9400024
2021.09.02 02:00:00,0.8052368
2021.09.02 04:00:00,0.7090759
2021.09.02 06:00:00,0.59375
2021.09.02 08:00:00,0.5169373
2021.09.02 10:00:00,0.4593506
2021.09.02 12:00:00,0.5169373
2021.09.02 14:00:00,0.8437195
2021.09.02 16:00:00,1.306519
2021.09.02 18:00:00,1.403137
2021.09.02 20:00:00,1.248566
2021.09.02 22:00:00,1.055603
2021.09.03 00:00:00,0.8629761
2021.09.03 02:00:00,0.7090759
2021.09.03 04:00:00,0.5745544
2021.09.03 06:00:00,0.4593506
2021.09.03 08:00:00,0.4017944
2021.09.03 10:00:00,0.3634338
2021.09.03 12:00:00,0.3634338
2021.09.03 14:00:00,0.7090759
2021.09.03 16:00:00,1.132751
2021.09.03 18:00:00,1.441833
2021.09.03 20:00:00,1.461151
2021.09.03 22:00:00,1.306519
2021.09.04 00:00:00,1.094177
2021.09.04 02:00:00,0.9014893
2021.09.04 04:00:00,0.728302
2021.09.04 06:00:00,0.6129761
2021.09.04 08:00:00,0.5361328
2021.09.04 10:00:00,0.4785461
2021.09.04 12:00:00,0.4977417
2021.09.04 14:00:00,0.5745544
2021.09.04 16:00:00,0.8822327
2021.09.04 18:00:00,1.094177
2021.09.04 20:00:00,0.9785156
2021.09.04 22:00:00,0.8244629
2021.09.05 00:00:00,0.6706238
2021.09.05 02:00:00,0.5361328
2021.09.05 04:00:00,0.4017944
2021.09.05 06:00:00,0.3059387
2021.09.05 08:00:00,0.2292786
2021.09.05 10:00:00,0.190979
2021.09.05 12:00:00,0.4017944
2021.09.05 14:00:00,1.73233
2021.09.05 16:00:00,2.530365
2021.09.05 18:00:00,2.549896
2021.09.05 20:00:00,2.393677
2021.09.05 22:00:00,2.101379
2021.09.06 00:00:00,1.790527
2021.09.06 02:00:00,1.499847
2021.09.06 04:00:00,1.248566
2021.09.06 06:00:00,1.017059
2021.09.06 08:00:00,0.8437195
2021.09.06 10:00:00,0.9785156
2021.09.06 12:00:00,1.926422
2021.09.06 14:00:00,2.08194
2021.09.06 16:00:00,2.491272
2021.09.06 18:00:00,2.921936
2021.09.06 20:00:00,2.863098
2021.09.06 22:00:00,2.608551
2021.09.07 00:00:00,2.296143
2021.09.07 02:00:00,1.965271
2021.09.07 04:00:00,1.654785
2021.09.07 06:00:00,1.38382
2021.09.07 08:00:00,1.171356
2021.09.07 10:00:00,1.248566
2021.09.07 12:00:00,1.403137
2021.09.07 14:00:00,1.364471
2021.09.07 16:00:00,1.829315
2021.09.07 18:00:00,2.218201
2021.09.07 20:00:00,2.218201
2021.09.07 22:00:00,2.04303
2021.09.08 00:00:00,1.809906
2021.09.08 02:00:00,1.557922
2021.09.08 04:00:00,1.325836
2021.09.08 06:00:00,1.113464
2021.09.08 08:00:00,0.9978027
2021.09.08 10:00:00,1.036346
2021.09.08 12:00:00,1.229248
2021.09.08 14:00:00,1.616028
2021.09.08 16:00:00,2.413177
2021.09.08 18:00:00,2.863098
2021.09.08 20:00:00,2.823883
2021.09.08 22:00:00,2.608551
2021.09.09 00:00:00,2.335144
2021.09.09 02:00:00,2.04303
2021.09.09 04:00:00,1.751709
2021.09.09 06:00:00,1.519226
2021.09.09 08:00:00,1.422485
2021.09.09 10:00:00,1.654785
2021.09.09 12:00:00,1.848724
2021.09.09 14:00:00,2.296143
2021.09.09 16:00:00,2.823883
2021.09.09 18:00:00,2.941559
2021.09.09 20:00:00,2.823883
2021.09.09 22:00:00,2.628113
2021.09.10 00:00:00,2.374176
2021.09.10 02:00:00,2.14032
2021.09.10 04:00:00,1.926422
2021.09.10 06:00:00,1.751709
2021.09.10 08:00:00,1.635406
2021.09.10 10:00:00,1.654785
2021.09.10 12:00:00,1.73233
2021.09.10 14:00:00,1.945831
2021.09.10 16:00:00,2.19873
2021.09.10 18:00:00,2.393677
2021.09.10 20:00:00,2.354645
2021.09.10 22:00:00,2.17926
2021.09.11 00:00:00,2.00415
2021.09.11 02:00:00,1.829315
2021.09.11 04:00:00,1.674164
2021.09.11 06:00:00,1.480499
2021.09.11 08:00:00,1.306519
2021.09.11 10:00:00,1.171356
2021.09.11 12:00:00,1.113464
2021.09.11 14:00:00,1.094177
2021.09.11 16:00:00,1.229248
2021.09.11 18:00:00,1.229248
2021.09.11 20:00:00,1.094177
2021.09.11 22:00:00,0.9400024
2021.09.12 00:00:00,0.8052368
2021.09.12 02:00:00,0.6898499
2021.09.12 04:00:00,0.5745544
2021.09.12 06:00:00,0.5169373
2021.09.12 08:00:00,0.4785461
2021.09.12 10:00:00,0.4593506
2021.09.12 12:00:00,0.4401855
2021.09.12 14:00:00,0.5553589
2021.09.12 16:00:00,0.7090759
2021.09.12 18:00:00,0.7090759
2021.09.12 20:00:00,0.6321716
2021.09.12 22:00:00,0.5361328
2021.09.13 00:00:00,0.4593506
2021.09.13 02:00:00,0.3634338
2021.09.13 04:00:00,0.2867737
2021.09.13 06:00:00,0.2101135
2021.09.13 08:00:00,0.171814
2021.09.13 10:00:00,0.1526794
2021.09.13 12:00:00,0.1335144
2021.09.13 14:00:00,0.2292786
2021.09.13 16:00:00,0.7667542
2021.09.13 18:00:00,0.9978027
2021.09.13 20:00:00,0.8822327
2021.09.13 22:00:00,0.7090759
2021.09.14 00:00:00,0.5553589
2021.09.14 02:00:00,0.42099
2021.09.14 04:00:00,0.3059387
2021.09.14 06:00:00,0.2292786
2021.09.14 08:00:00,0.1526794
2021.09.14 10:00:00,0.1526794
2021.09.14 12:00:00,0.1335144
2021.09.14 14:00:00,0.42099
2021.09.14 16:00:00,0.9014893
2021.09.14 18:00:00,1.094177
2021.09.14 20:00:00,0.9978027
2021.09.14 22:00:00,0.8052368
2021.09.15 00:00:00,0.6321716
2021.09.15 02:00:00,0.4977417
2021.09.15 04:00:00,0.3826294
2021.09.15 06:00:00,0.2867737
2021.09.15 08:00:00,0.2292786
2021.09.15 10:00:00,0.2292786
2021.09.15 12:00:00,0.2101135
2021.09.15 14:00:00,0.4977417
2021.09.15 16:00:00,1.036346
2021.09.15 18:00:00,1.209961
2021.09.15 20:00:00,1.094177
2021.09.15 22:00:00,0.9207458
2021.09.16 00:00:00,0.7475281
2021.09.16 02:00:00,0.59375
2021.09.16 04:00:00,0.4593506
2021.09.16 06:00:00,0.3826294
2021.09.16 08:00:00,0.3442688
2021.09.16 10:00:00,0.3059387
2021.09.16 12:00:00,0.3059387
2021.09.16 14:00:00,0.4401855
2021.09.16 16:00:00,0.6513977
2021.09.16 18:00:00,0.7475281
2021.09.16 20:00:00,0.7475281
2021.09.16 22:00:00,0.7090759
2021.09.17 00:00:00,0.6321716
2021.09.17 02:00:00,0.5553589
2021.09.17 04:00:00,0.4785461
2021.09.17 06:00:00,0.4017944
2021.09.17 08:00:00,0.3442688
2021.09.17 10:00:00,0.3059387
2021.09.17 12:00:00,0.2676086
2021.09.17 14:00:00,0.4593506
2021.09.17 16:00:00,0.7667542
2021.09.17 18:00:00,0.7859802
2021.09.17 20:00:00,0.6706238
2021.09.17 22:00:00,0.5361328
2021.09.18 00:00:00,0.4593506
2021.09.18 02:00:00,0.3634338
2021.09.18 04:00:00,0.2867737
2021.09.18 06:00:00,0.2292786
2021.09.18 08:00:00,0.190979
2021.09.18 10:00:00,0.171814
2021.09.18 12:00:00,0.1526794
2021.09.18 14:00:00,0.6321716
2021.09.18 16:00:00,1.480499
2021.09.18 18:00:00,1.712921
2021.09.18 20:00:00,1.519226
2021.09.18 22:00:00,1.248566
2021.09.19 00:00:00,0.9978027
2021.09.19 02:00:00,0.8052368
2021.09.19 04:00:00,0.6513977
2021.09.19 06:00:00,0.5169373
2021.09.19 08:00:00,0.42099
2021.09.19 10:00:00,0.42099
2021.09.19 12:00:00,0.5169373
2021.09.19 14:00:00,0.9978027
2021.09.19 16:00:00,1.616028
2021.09.19 18:00:00,1.809906
2021.09.19 20:00:00,1.693542
2021.09.19 22:00:00,1.461151
2021.09.20 00:00:00,1.209961
2021.09.20 02:00:00,0.9978027
2021.09.20 04:00:00,0.8244629
2021.09.20 06:00:00,0.6706238
2021.09.20 08:00:00,0.6129761
2021.09.20 10:00:00,0.5361328
2021.09.20 12:00:00,0.6898499
2021.09.20 14:00:00,0.9785156
2021.09.20 16:00:00,1.345154
2021.09.20 18:00:00,1.616028
2021.09.20 20:00:00,1.577301
2021.09.20 22:00:00,1.364471
2021.09.21 00:00:00,1.113464
2021.09.21 02:00:00,0.9014893
2021.09.21 04:00:00,0.7090759
2021.09.21 06:00:00,0.5745544
2021.09.21 08:00:00,0.4785461
2021.09.21 10:00:00,0.4401855
2021.09.21 12:00:00,0.42099
2021.09.21 14:00:00,0.59375
2021.09.21 16:00:00,0.9014893
2021.09.21 18:00:00,1.132751
2021.09.21 20:00:00,1.113464
2021.09.21 22:00:00,0.9207458
2021.09.22 00:00:00,0.7475281
2021.09.22 02:00:00,0.59375
2021.09.22 04:00:00,0.4593506
2021.09.22 06:00:00,0.3634338
2021.09.22 08:00:00,0.2867737
2021.09.22 10:00:00,0.2867737
2021.09.22 12:00:00,0.2484436
2021.09.22 14:00:00,0.3634338
2021.09.22 16:00:00,0.7667542
2021.09.22 18:00:00,0.8822327
2021.09.22 20:00:00,0.7667542
2021.09.22 22:00:00,0.6129761
2021.09.23 00:00:00,0.4785461
2021.09.23 02:00:00,0.3634338
2021.09.23 04:00:00,0.2676086
2021.09.23 06:00:00,0.190979
2021.09.23 08:00:00,0.171814
2021.09.23 10:00:00,0.1526794
2021.09.23 12:00:00,0.1526794
2021.09.23 14:00:00,0.171814
2021.09.23 16:00:00,0.4593506
2021.09.23 18:00:00,0.5745544
2021.09.23 20:00:00,0.4977417
2021.09.23 22:00:00,0.3826294
2021.09.24 00:00:00,0.3059387
2021.09.24 02:00:00,0.2292786
2021.09.24 04:00:00,0.1526794
2021.09.24 06:00:00,0.1335144
2021.09.24 08:00:00,0.1143799
2021.09.24 10:00:00,0.09524536
2021.09.24 12:00:00,0.09524536
2021.09.24 14:00:00,0.09524536
2021.09.24 16:00:00,0.2676086
2021.09.24 18:00:00,0.3442688
2021.09.24 20:00:00,0.2676086
2021.09.24 22:00:00,0.190979
2021.09.25 00:00:00,0.1335144
2021.09.25 02:00:00,0.07611084
2021.09.25 04:00:00,0.03781128
2021.09.25 06:00:00,-0.0004272461
2021.09.25 08:00:00,-0.01956177
2021.09.25 10:00:00,-0.01956177
2021.09.25 12:00:00,-0.01956177
2021.09.25 14:00:00,-0.01956177
2021.09.25 16:00:00,0.03781128
2021.09.25 18:00:00,0.2676086
2021.09.25 20:00:00,0.2484436
2021.09.25 22:00:00,0.190979
2021.09.26 00:00:00,0.1143799
2021.09.26 02:00:00,0.07611084
2021.09.26 04:00:00,0.01870728
2021.09.26 06:00:00,-0.0004272461
2021.09.26 08:00:00,-0.0004272461
2021.09.26 10:00:00,-0.01956177
2021.09.26 12:00:00,-0.0004272461
2021.09.26 14:00:00,-0.0004272461
2021.09.26 16:00:00,0.1143799
2021.09.26 18:00:00,0.3442688
2021.09.26 20:00:00,0.3059387
2021.09.26 22:00:00,0.2292786
2021.09.27 00:00:00,0.1526794
2021.09.27 02:00:00,0.07611084
2021.09.27 04:00:00,0.0569458
2021.09.27 06:00:00,0.01870728
2021.09.27 08:00:00,-0.0004272461
2021.09.27 10:00:00,-0.01956177
2021.09.27 12:00:00,-0.0004272461
2021.09.27 14:00:00,-0.0004272461
2021.09.27 16:00:00,0.03781128
2021.09.27 18:00:00,0.190979
2021.09.27 20:00:00,0.2101135
2021.09.27 22:00:00,0.171814
2021.09.28 00:00:00,0.1143799
2021.09.28 02:00:00,0.07611084
2021.09.28 04:00:00,0.03781128
2021.09.28 06:00:00,-0.0004272461
2021.09.28 08:00:00,-0.0004272461
2021.09.28 10:00:00,-0.0004272461
2021.09.28 12:00:00,-0.0004272461
2021.09.28 14:00:00,-0.0004272461
2021.09.28 16:00:00,0.09524536
2021.09.28 18:00:00,0.2867737
2021.09.28 20:00:00,0.3251038
2021.09.28 22:00:00,0.2676086
2021.09.29 00:00:00,0.190979
2021.09.29 02:00:00,0.1335144
2021.09.29 04:00:00,0.09524536
2021.09.29 06:00:00,0.07611084
2021.09.29 08:00:00,0.07611084
2021.09.29 10:00:00,0.07611084
2021.09.29 12:00:00,0.1335144
2021.09.29 14:00:00,0.4977417
2021.09.29 16:00:00,0.9014893
2021.09.29 18:00:00,1.017059
2021.09.29 20:00:00,0.959259
2021.09.29 22:00:00,0.7667542
2021.09.30 00:00:00,0.59375
2021.09.30 02:00:00,0.4593506
2021.09.30 04:00:00,0.3442688
2021.09.30 06:00:00,0.2484436
2021.09.30 08:00:00,0.2101135
2021.09.30 10:00:00,0.171814
2021.09.30 12:00:00,0.2292786
2021.09.30 14:00:00,0.59375
2021.09.30 16:00:00,0.8822327
2021.09.30 18:00:00,1.036346
2021.09.30 20:00:00,0.9785156
2021.09.30 22:00:00,0.8822327
2021.10.01 00:00:00,0.8052368
2021.10.01 02:00:00,0.6898499
2021.10.01 04:00:00,0.5745544
2021.10.01 06:00:00,0.4977417
2021.10.01 08:00:00,0.4401855
2021.10.01 10:00:00,0.4401855
2021.10.01 12:00:00,0.4785461
2021.10.01 14:00:00,0.5169373
2021.10.01 16:00:00,0.4785461
2021.10.01 18:00:00,0.4401855
2021.10.01 20:00:00,0.3826294
2021.10.01 22:00:00,0.3442688
2021.10.02 00:00:00,0.3059387
2021.10.02 02:00:00,0.2676086
2021.10.02 04:00:00,0.2292786
2021.10.02 06:00:00,0.190979
2021.10.02 08:00:00,0.171814
2021.10.02 10:00:00,0.1526794
2021.10.02 12:00:00,0.1335144
2021.10.02 14:00:00,0.1143799
2021.10.02 16:00:00,0.09524536
2021.10.02 18:00:00,0.09524536
2021.10.02 20:00:00,0.09524536
2021.10.02 22:00:00,0.07611084
2021.10.03 00:00:00,0.07611084
2021.10.03 02:00:00,0.0569458
2021.10.03 04:00:00,0.0569458
2021.10.03 06:00:00,0.03781128
2021.10.03 08:00:00,0.03781128
2021.10.03 10:00:00,0.03781128
2021.10.03 12:00:00,0.03781128
2021.10.03 14:00:00,0.01870728
2021.10.03 16:00:00,0.01870728
2021.10.03 18:00:00,0.01870728
2021.10.03 20:00:00,0.01870728
2021.10.03 22:00:00,0.01870728
2021.10.04 00:00:00,-0.0004272461
2021.10.04 02:00:00,-0.0004272461
2021.10.04 04:00:00,-0.0004272461
2021.10.04 06:00:00,-0.01956177
2021.10.04 08:00:00,-0.01956177
2021.10.04 10:00:00,-0.0004272461
2021.10.04 12:00:00,-0.01956177
2021.10.04 14:00:00,-0.01956177
2021.10.04 16:00:00,-0.01956177
2021.10.04 18:00:00,-0.01956177
2021.10.04 20:00:00,-0.01956177
2021.10.04 22:00:00,-0.03869629
2021.10.05 00:00:00,-0.03869629
2021.10.05 02:00:00,-0.03869629
2021.10.05 04:00:00,-0.03869629
2021.10.05 06:00:00,-0.03869629
2021.10.05 08:00:00,-0.05780029
2021.10.05 10:00:00,-0.03869629
2021.10.05 12:00:00,-0.05780029
2021.10.05 14:00:00,-0.05780029
2021.10.05 16:00:00,-0.05780029
2021.10.05 18:00:00,-0.05780029
2021.10.05 20:00:00,-0.05780029
2021.10.05 22:00:00,-0.05780029
2021.10.06 00:00:00,-0.05780029
2021.10.06 02:00:00,-0.05780029
2021.10.06 04:00:00,-0.05780029
2021.10.06 06:00:00,-0.07693481
2021.10.06 08:00:00,-0.05780029
2021.10.06 10:00:00,-0.05780029
2021.10.06 12:00:00,-0.07693481
2021.10.06 14:00:00,-0.05780029
2021.10.06 16:00:00,-0.05780029
2021.10.06 18:00:00,-0.05780029
2021.10.06 20:00:00,-0.05780029
2021.10.06 22:00:00,-0.05780029
2021.10.07 00:00:00,-0.05780029
2021.10.07 02:00:00,-0.05780029
2021.10.07 04:00:00,-0.05780029
2021.10.07 06:00:00,-0.05780029
2021.10.07 08:00:00,-0.05780029
2021.10.07 10:00:00,-0.05780029
2021.10.07 12:00:00,-0.05780029
2021.10.07 14:00:00,-0.05780029
2021.10.07 16:00:00,-0.07693481
2021.10.07 18:00:00,-0.05780029
2021.10.07 20:00:00,-0.07693481
2021.10.07 22:00:00,-0.05780029
2021.10.08 00:00:00,-0.07693481
2021.10.08 02:00:00,-0.07693481
2021.10.08 04:00:00,-0.07693481
2021.10.08 06:00:00,-0.07693481
2021.10.08 08:00:00,-0.07693481
2021.10.08 10:00:00,-0.07693481
2021.10.08 12:00:00,-0.07693481
2021.10.08 14:00:00,-0.07693481
2021.10.08 16:00:00,-0.07693481
2021.10.08 18:00:00,-0.07693481
2021.10.08 20:00:00,-0.07693481
2021.10.08 22:00:00,-0.09603882
2021.10.09 00:00:00,-0.07693481
2021.10.09 02:00:00,-0.09603882
2021.10.09 04:00:00,-0.07693481
2021.10.09 06:00:00,-0.09603882
2021.10.09 08:00:00,-0.09603882
2021.10.09 10:00:00,-0.09603882
2021.10.09 12:00:00,-0.1151428
2021.10.09 14:00:00,-0.1151428
2021.10.09 16:00:00,-0.1342773
2021.10.09 18:00:00,-0.1151428
2021.10.09 20:00:00,-0.1342773
2021.10.09 22:00:00,-0.1342773
2021.10.10 00:00:00,-0.1533813
2021.10.10 02:00:00,-0.1533813
2021.10.10 04:00:00,-0.1533813
2021.10.10 06:00:00,-0.1724854
2021.10.10 08:00:00,-0.1915894
2021.10.10 10:00:00,-0.2106934
2021.10.10 12:00:00,-0.2106934
2021.10.10 14:00:00,-0.2297974
2021.10.10 16:00:00,-0.2297974
2021.10.10 18:00:00,-0.2297974
2021.10.10 20:00:00,-0.2297974
2021.10.10 22:00:00,-0.2488708
2021.10.11 00:00:00,-0.2679749
2021.10.11 02:00:00,-0.2679749
2021.10.11 04:00:00,-0.2679749
2021.10.11 06:00:00,-0.2870789
2021.10.11 08:00:00,-0.3061523
2021.10.11 10:00:00,-0.3443298
2021.10.11 12:00:00,-0.3634033
2021.10.11 14:00:00,-0.3825073
2021.10.11 16:00:00,-0.4015808
2021.10.11 18:00:00,-0.4206543
2021.10.11 20:00:00,-0.4397278
2021.10.11 22:00:00,-0.4778442
2021.10.12 00:00:00,-0.4969177
2021.10.12 02:00:00,-0.5541077
2021.10.12 04:00:00,-0.5922241
2021.10.12 06:00:00,-0.6303406
2021.10.12 08:00:00,-0.7065125
2021.10.12 10:00:00,-0.7445984
2021.10.12 12:00:00,-0.8016968
2021.10.12 14:00:00,-0.8397522
2021.10.12 16:00:00,-0.8778076
2021.10.12 18:00:00,-0.8968201
2021.10.12 20:00:00,-0.934845
2021.10.12 22:00:00,-0.9728699
2021.10.13 00:00:00,-1.029907
2021.10.13 02:00:00,-1.086914
2021.10.13 04:00:00,-1.162903
2021.10.13 06:00:00,-1.257843
2021.10.13 08:00:00,-1.371704
2021.10.13 10:00:00,-1.466553
2021.10.13 12:00:00,-1.580292
2021.10.13 14:00:00,-1.656097
2021.10.13 16:00:00,-1.69397
2021.10.13 18:00:00,-1.731873
2021.10.13 20:00:00,-1.750793
2021.10.13 22:00:00,-1.788666
2021.10.14 00:00:00,-1.845459
2021.10.14 02:00:00,-1.902252
2021.10.14 04:00:00,-1.959015
2021.10.14 06:00:00,-1.977936
2021.10.14 08:00:00,-2.034698
2021.10.14 10:00:00,-2.091431
2021.10.14 12:00:00,-2.148132
2021.10.14 14:00:00,-2.167053
2021.10.14 16:00:00,-2.167053
2021.10.14 18:00:00,-2.129242
2021.10.14 20:00:00,-2.129242
2021.10.14 22:00:00,-2.148132
2021.10.15 00:00:00,-2.167053
2021.10.15 02:00:00,-2.204865
2021.10.15 04:00:00,-2.280457
2021.10.15 06:00:00,-2.337128
2021.10.15 08:00:00,-2.412689
2021.10.15 10:00:00,-2.48822
2021.10.15 12:00:00,-2.582611
2021.10.15 14:00:00,-2.620361
2021.10.15 16:00:00,-2.601471
2021.10.15 18:00:00,-2.582611
2021.10.15 20:00:00,-2.563721
2021.10.15 22:00:00,-2.544861
2021.10.16 00:00:00,-2.582611
2021.10.16 02:00:00,-2.620361
2021.10.16 04:00:00,-2.676971
2021.10.16 06:00:00,-2.733582
2021.10.16 08:00:00,-2.790161
2021.10.16 10:00:00,-2.846741
2021.10.16 12:00:00,-2.90332
2021.10.16 14:00:00,-2.92218
2021.10.16 16:00:00,-2.90332
2021.10.16 18:00:00,-2.88446
2021.10.16 20:00:00,-2.865601
2021.10.16 22:00:00,-2.865601
2021.10.17 00:00:00,-2.88446
2021.10.17 02:00:00,-2.90332
2021.10.17 04:00:00,-2.94101
2021.10.17 06:00:00,-2.997589
2021.10.17 08:00:00,-3.054108
2021.10.17 10:00:00,-3.129517
2021.10.17 12:00:00,-3.167175
2021.10.17 14:00:00,-3.167175
2021.10.17 16:00:00,-3.129517
2021.10.17 18:00:00,-3.091827
2021.10.17 20:00:00,-3.054108
2021.10.17 22:00:00,-3.035278
2021.10.18 00:00:00,-3.035278
2021.10.18 02:00:00,-3.072968
2021.10.18 04:00:00,-3.110657
2021.10.18 06:00:00,-3.167175
2021.10.18 08:00:00,-3.223694
2021.10.18 10:00:00,-3.261383
2021.10.18 12:00:00,-3.317902
2021.10.18 14:00:00,-3.317902
2021.10.18 16:00:00,-3.261383
2021.10.18 18:00:00,-3.167175
2021.10.18 20:00:00,-3.091827
2021.10.18 22:00:00,-3.016418
2021.10.19 00:00:00,-2.959869
2021.10.19 02:00:00,-2.92218
2021.10.19 04:00:00,-2.90332
2021.10.19 06:00:00,-2.92218
2021.10.19 08:00:00,-2.92218
2021.10.19 10:00:00,-2.94101
2021.10.19 12:00:00,-2.92218
2021.10.19 14:00:00,-2.846741
2021.10.19 16:00:00,-2.752441
2021.10.19 18:00:00,-2.658112
2021.10.19 20:00:00,-2.582611
2021.10.19 22:00:00,-2.52597
2021.10.20 00:00:00,-2.46933
2021.10.20 02:00:00,-2.46933
2021.10.20 04:00:00,-2.46933
2021.10.20 06:00:00,-2.46933
2021.10.20 08:00:00,-2.52597
2021.10.20 10:00:00,-2.563721
2021.10.20 12:00:00,-2.582611
2021.10.20 14:00:00,-2.601471
2021.10.20 16:00:00,-2.582611
2021.10.20 18:00:00,-2.563721
2021.10.20 20:00:00,-2.544861
2021.10.20 22:00:00,-2.544861
2021.10.21 00:00:00,-2.544861
2021.10.21 02:00:00,-2.601471
2021.10.21 04:00:00,-2.639221
2021.10.21 06:00:00,-2.695831
2021.10.21 08:00:00,-2.733582
2021.10.21 10:00:00,-2.733582
2021.10.21 12:00:00,-2.733582
2021.10.21 14:00:00,-2.733582
2021.10.21 16:00:00,-2.695831
2021.10.21 18:00:00,-2.639221
2021.10.21 20:00:00,-2.620361
2021.10.21 22:00:00,-2.601471
2021.10.22 00:00:00,-2.601471
2021.10.22 02:00:00,-2.601471
2021.10.22 04:00:00,-2.601471
2021.10.22 06:00:00,-2.620361
2021.10.22 08:00:00,-2.639221
2021.10.22 10:00:00,-2.658112
2021.10.22 12:00:00,-2.658112
2021.10.22 14:00:00,-2.620361
2021.10.22 16:00:00,-2.601471
2021.10.22 18:00:00,-2.582611
2021.10.22 20:00:00,-2.544861
2021.10.22 22:00:00,-2.52597
2021.10.23 00:00:00,-2.52597
2021.10.23 02:00:00,-2.52597
2021.10.23 04:00:00,-2.507111
2021.10.23 06:00:00,-2.52597
2021.10.23 08:00:00,-2.544861
2021.10.23 10:00:00,-2.563721
2021.10.23 12:00:00,-2.582611
2021.10.23 14:00:00,-2.582611
2021.10.23 16:00:00,-2.582611
2021.10.23 18:00:00,-2.582611
2021.10.23 20:00:00,-2.582611
2021.10.23 22:00:00,-2.601471
2021.10.24 00:00:00,-2.620361
2021.10.24 02:00:00,-2.676971
2021.10.24 04:00:00,-2.733582
2021.10.24 06:00:00,-2.790161
2021.10.24 08:00:00,-2.865601
2021.10.24 10:00:00,-2.959869
2021.10.24 12:00:00,-3.035278
2021.10.24 14:00:00,-3.091827
2021.10.24 16:00:00,-3.129517
2021.10.24 18:00:00,-3.148346
2021.10.24 20:00:00,-3.186035
2021.10.24 22:00:00,-3.204865
2021.10.25 00:00:00,-3.223694
2021.10.25 02:00:00,-3.280212
2021.10.25 04:00:00,-3.336731
2021.10.25 06:00:00,-3.393219
2021.10.25 08:00:00,-3.449707
2021.10.25 10:00:00,-3.525024
2021.10.25 12:00:00,-3.581482
2021.10.25 14:00:00,-3.637939
2021.10.25 16:00:00,-3.656769
2021.10.25 18:00:00,-3.675598
2021.10.25 20:00:00,-3.675598
2021.10.25 22:00:00,-3.694397
2021.10.26 00:00:00,-3.713226
2021.10.26 02:00:00,-3.750854
2021.10.26 04:00:00,-3.807312
2021.10.26 06:00:00,-3.863739
2021.10.26 08:00:00,-3.920197
2021.10.26 10:00:00,-3.976624
2021.10.26 12:00:00,-4.051849
2021.10.26 14:00:00,-4.089478
2021.10.26 16:00:00,-4.108276
2021.10.26 18:00:00,-4.108276
2021.10.26 20:00:00,-4.108276
2021.10.26 22:00:00,-4.089478
2021.10.27 00:00:00,-4.108276
2021.10.27 02:00:00,-4.108276
2021.10.27 04:00:00,-4.145874
2021.10.27 06:00:00,-4.164703
2021.10.27 08:00:00,-4.2211
2021.10.27 10:00:00,-4.258698
2021.10.27 12:00:00,-4.315125
2021.10.27 14:00:00,-4.333923
2021.10.27 16:00:00,-4.333923
2021.10.27 18:00:00,-4.315125
2021.10.27 20:00:00,-4.277496
2021.10.27 22:00:00,-4.258698
2021.10.28 00:00:00,-4.239899
2021.10.28 02:00:00,-4.239899
2021.10.28 04:00:00,-4.239899
2021.10.28 06:00:00,-4.258698
2021.10.28 08:00:00,-4.277496
2021.10.28 10:00:00,-4.315125
2021.10.28 12:00:00,-4.352722
2021.10.28 14:00:00,-4.352722
2021.10.28 16:00:00,-4.352722
2021.10.28 18:00:00,-4.315125
2021.10.28 20:00:00,-4.296295
2021.10.28 22:00:00,-4.277496
2021.10.29 00:00:00,-4.258698
2021.10.29 02:00:00,-4.239899
2021.10.29 04:00:00,-4.258698
2021.10.29 06:00:00,-4.258698
2021.10.29 08:00:00,-4.277496
2021.10.29 10:00:00,-4.296295
2021.10.29 12:00:00,-4.277496
2021.10.29 14:00:00,-4.258698
2021.10.29 16:00:00,-4.2211
2021.10.29 18:00:00,-4.164703
2021.10.29 20:00:00,-4.108276
2021.10.29 22:00:00,-4.070648
2021.10.30 00:00:00,-4.051849
2021.10.30 02:00:00,-4.014252
2021.10.30 04:00:00,-3.995422
2021.10.30 06:00:00,-3.976624
2021.10.30 08:00:00,-3.976624
2021.10.30 10:00:00,-3.976624
2021.10.30 12:00:00,-3.957794
2021.10.30 14:00:00,-3.957794
2021.10.30 16:00:00,-3.957794
2021.10.30 18:00:00,-3.957794
2021.10.30 20:00:00,-3.957794
2021.10.30 22:00:00,-3.957794
2021.10.31 00:00:00,-3.976624
2021.10.31 02:00:00,-3.995422
2021.10.31 04:00:00,-4.014252
2021.10.31 06:00:00,-4.051849
2021.10.31 08:00:00,-4.108276
2021.10.31 10:00:00,-4.145874
2021.10.31 12:00:00,-4.164703
2021.10.31 14:00:00,-4.202301
2021.10.31 16:00:00,-4.202301
2021.10.31 18:00:00,-4.202301
2021.10.31 20:00:00,-4.202301
2021.10.31 22:00:00,-4.202301
2021.11.01 00:00:00,-4.2211
2021.11.01 02:00:00,-4.258698
2021.11.01 04:00:00,-4.277496
2021.11.01 06:00:00,-4.333923
2021.11.01 08:00:00,-4.371521
2021.11.01 10:00:00,-4.446716
2021.11.01 12:00:00,-4.484314
2021.11.01 14:00:00,-4.54071
2021.11.01 16:00:00,-4.578308
2021.11.01 18:00:00,-4.615875
2021.11.01 20:00:00,-4.634674
2021.11.01 22:00:00,-4.672272
2021.11.02 00:00:00,-4.709869
2021.11.02 02:00:00,-4.747467
2021.11.02 04:00:00,-4.803833
2021.11.02 06:00:00,-4.841431
2021.11.02 08:00:00,-4.916595
2021.11.02 10:00:00,-4.991791
2021.11.02 12:00:00,-5.048157
2021.11.02 14:00:00,-5.104553
2021.11.02 16:00:00,-5.14212
2021.11.02 18:00:00,-5.179718
2021.11.02 20:00:00,-5.217285
2021.11.02 22:00:00,-5.236084
2021.11.03 00:00:00,-5.273682
2021.11.03 02:00:00,-5.311279
2021.11.03 04:00:00,-5.348846
2021.11.03 06:00:00,-5.405243
2021.11.03 08:00:00,-5.461639
2021.11.03 10:00:00,-5.518005
2021.11.03 12:00:00,-5.574402
2021.11.03 14:00:00,-5.612
2021.11.03 16:00:00,-5.612
2021.11.03 18:00:00,-5.630798
2021.11.03 20:00:00,-5.630798
2021.11.03 22:00:00,-5.630798
2021.11.04 00:00:00,-5.649597
2021.11.04 02:00:00,-5.649597
2021.11.04 04:00:00,-5.668396
2021.11.04 06:00:00,-5.649597
2021.11.04 08:00:00,-5.649597
2021.11.04 10:00:00,-5.649597
2021.11.04 12:00:00,-5.630798
2021.11.04 14:00:00,-5.612
2021.11.04 16:00:00,-5.612
2021.11.04 18:00:00,-5.574402
2021.11.04 20:00:00,-5.555603
2021.11.04 22:00:00,-5.518005
2021.11.05 00:00:00,-5.536804
2021.11.05 02:00:00,-5.518005
2021.11.05 04:00:00,-5.536804
2021.11.05 06:00:00,-5.555603
2021.11.05 08:00:00,-5.593201
2021.11.05 10:00:00,-5.630798
2021.11.05 12:00:00,-5.687195
2021.11.05 14:00:00,-5.724792
2021.11.05 16:00:00,-5.76239
2021.11.05 18:00:00,-5.818787
2021.11.05 20:00:00,-5.856384
2021.11.05 22:00:00,-5.893982
2021.11.06 00:00:00,-5.950378
2021.11.06 02:00:00,-6.006805
2021.11.06 04:00:00,-6.063232
2021.11.06 06:00:00,-6.119629
2021.11.06 08:00:00,-6.176056
2021.11.06 10:00:00,-6.251312
2021.11.06 12:00:00,-6.307739
2021.11.06 14:00:00,-6.382996
2021.11.06 16:00:00,-6.420624
2021.11.06 18:00:00,-6.477081
2021.11.06 20:00:00,-6.495911
2021.11.06 22:00:00,-6.533539
2021.11.07 00:00:00,-6.589996
2021.11.07 02:00:00,-6.627655
2021.11.07 04:00:00,-6.665314
2021.11.07 06:00:00,-6.721802
2021.11.07 08:00:00,-6.75946
2021.11.07 10:00:00,-6.797119
2021.11.07 12:00:00,-6.834778
2021.11.07 14:00:00,-6.891296
2021.11.07 16:00:00,-6.910126
2021.11.07 18:00:00,-6.947784
2021.11.07 20:00:00,-6.966644
2021.11.07 22:00:00,-6.966644
2021.11.08 00:00:00,-7.004303
2021.11.08 02:00:00,-7.041992
2021.11.08 04:00:00,-7.060852
2021.11.08 06:00:00,-7.098541
2021.11.08 08:00:00,-7.15509
2021.11.08 10:00:00,-7.211639
2021.11.08 12:00:00,-7.249359
2021.11.08 14:00:00,-7.287048
2021.11.08 16:00:00,-7.324768
2021.11.08 18:00:00,-7.343628
2021.11.08 20:00:00,-7.362488
2021.11.08 22:00:00,-7.381348
2021.11.09 00:00:00,-7.400238
2021.11.09 02:00:00,-7.419098
2021.11.09 04:00:00,-7.437958
2021.11.09 06:00:00,-7.456818
2021.11.09 08:00:00,-7.475677
2021.11.09 10:00:00,-7.494568
2021.11.09 12:00:00,-7.494568
2021.11.09 14:00:00,-7.494568
2021.11.09 16:00:00,-7.475677
2021.11.09 18:00:00,-7.456818
2021.11.09 20:00:00,-7.437958
2021.11.09 22:00:00,-7.400238
2021.11.10 00:00:00,-7.381348
2021.11.10 02:00:00,-7.362488
2021.11.10 04:00:00,-7.343628
2021.11.10 06:00:00,-7.343628
2021.11.10 08:00:00,-7.343628
2021.11.10 10:00:00,-7.343628
2021.11.10 12:00:00,-7.343628
2021.11.10 14:00:00,-7.324768
2021.11.10 16:00:00,-7.305908
2021.11.10 18:00:00,-7.268188
2021.11.10 20:00:00,-7.230499
2021.11.10 22:00:00,-7.211639
2021.11.11 00:00:00,-7.17395
2021.11.11 02:00:00,-7.13623
2021.11.11 04:00:00,-7.117401
2021.11.11 06:00:00,-7.098541
2021.11.11 08:00:00,-7.098541
2021.11.11 10:00:00,-7.098541
2021.11.11 12:00:00,-7.079681
2021.11.11 14:00:00,-7.060852
2021.11.11 16:00:00,-7.041992
2021.11.11 18:00:00,-7.023163
2021.11.11 20:00:00,-6.985474
2021.11.11 22:00:00,-6.966644
2021.11.12 00:00:00,-6.947784
2021.11.12 02:00:00,-6.947784
2021.11.12 04:00:00,-6.947784
2021.11.12 06:00:00,-6.966644
2021.11.12 08:00:00,-6.985474
2021.11.12 10:00:00,-7.004303
2021.11.12 12:00:00,-7.041992
2021.11.12 14:00:00,-7.041992
2021.11.12 16:00:00,-7.060852
2021.11.12 18:00:00,-7.060852
2021.11.12 20:00:00,-7.060852
2021.11.12 22:00:00,-7.060852
2021.11.13 00:00:00,-7.060852
2021.11.13 02:00:00,-7.079681
2021.11.13 04:00:00,-7.079681
2021.11.13 06:00:00,-7.117401
2021.11.13 08:00:00,-7.13623
2021.11.13 10:00:00,-7.17395
2021.11.13 12:00:00,-7.211639
2021.11.13 14:00:00,-7.230499
2021.11.13 16:00:00,-7.230499
2021.11.13 18:00:00,-7.249359
2021.11.13 20:00:00,-7.249359
2021.11.13 22:00:00,-7.249359
2021.11.14 00:00:00,-7.249359
2021.11.14 02:00:00,-7.249359
2021.11.14 04:00:00,-7.249359
2021.11.14 06:00:00,-7.249359
2021.11.14 08:00:00,-7.268188
2021.11.14 10:00:00,-7.287048
2021.11.14 12:00:00,-7.305908
2021.11.14 14:00:00,-7.324768
2021.11.14 16:00:00,-7.324768
2021.11.14 18:00:00,-7.305908
2021.11.14 20:00:00,-7.287048
2021.11.14 22:00:00,-7.268188
2021.11.15 00:00:00,-7.268188
2021.11.15 02:00:00,-7.268188
2021.11.15 04:00:00,-7.249359
2021.11.15 06:00:00,-7.249359
2021.11.15 08:00:00,-7.230499
2021.11.15 10:00:00,-7.230499
2021.11.15 12:00:00,-7.19278
2021.11.15 14:00:00,-7.17395
2021.11.15 16:00:00,-7.13623
2021.11.15 18:00:00,-7.117401
2021.11.15 20:00:00,-7.079681
2021.11.15 22:00:00,-7.060852
2021.11.16 00:00:00,-7.041992
2021.11.16 02:00:00,-7.041992
2021.11.16 04:00:00,-7.041992
2021.11.16 06:00:00,-7.060852
2021.11.16 08:00:00,-7.079681
2021.11.16 10:00:00,-7.117401
2021.11.16 12:00:00,-7.17395
2021.11.16 14:00:00,-7.19278
2021.11.16 16:00:00,-7.19278
2021.11.16 18:00:00,-7.19278
2021.11.16 20:00:00,-7.19278
2021.11.16 22:00:00,-7.17395
2021.11.17 00:00:00,-7.17395
2021.11.17 02:00:00,-7.17395
2021.11.17 04:00:00,-7.17395
2021.11.17 06:00:00,-7.19278
2021.11.17 08:00:00,-7.19278
2021.11.17 10:00:00,-7.230499
2021.11.17 12:00:00,-7.249359
2021.11.17 14:00:00,-7.268188
2021.11.17 16:00:00,-7.230499
2021.11.17 18:00:00,-7.19278
2021.11.17 20:00:00,-7.15509
2021.11.17 22:00:00,-7.117401
2021.11.18 00:00:00,-7.098541
2021.11.18 02:00:00,-7.098541
2021.11.18 04:00:00,-7.117401
2021.11.18 06:00:00,-7.15509
2021.11.18 08:00:00,-7.19278
2021.11.18 10:00:00,-7.249359
2021.11.18 12:00:00,-7.305908
2021.11.18 14:00:00,-7.324768
2021.11.18 16:00:00,-7.343628
2021.11.18 18:00:00,-7.324768
2021.11.18 20:00:00,-7.343628
2021.11.18 22:00:00,-7.381348
2021.11.19 00:00:00,-7.437958
2021.11.19 02:00:00,-7.532318
2021.11.19 04:00:00,-7.607819
2021.11.19 06:00:00,-7.683319
2021.11.19 08:00:00,-7.758881
2021.11.19 10:00:00,-7.796661
2021.11.19 12:00:00,-7.834442
2021.11.19 14:00:00,-7.853333
2021.11.19 16:00:00,-7.853333
2021.11.19 18:00:00,-7.853333
2021.11.19 20:00:00,-7.891113
2021.11.19 22:00:00,-7.947815
2021.11.20 00:00:00,-8.023438
2021.11.20 02:00:00,-8.099091
2021.11.20 04:00:00,-8.212585
2021.11.20 06:00:00,-8.326172
2021.11.20 08:00:00,-8.439789
2021.11.20 10:00:00,-8.553497
2021.11.20 12:00:00,-8.667236
2021.11.20 14:00:00,-8.743103
2021.11.20 16:00:00,-8.781067
2021.11.20 18:00:00,-8.800049
2021.11.20 20:00:00,-8.819
2021.11.20 22:00:00,-8.875946
2021.11.21 00:00:00,-8.951904
2021.11.21 02:00:00,-9.027893
2021.11.21 04:00:00,-9.103912
2021.11.21 06:00:00,-9.218018
2021.11.21 08:00:00,-9.313141
2021.11.21 10:00:00,-9.408356
2021.11.21 12:00:00,-9.484528
2021.11.21 14:00:00,-9.541718
2021.11.21 16:00:00,-9.56076
2021.11.21 18:00:00,-9.56076
2021.11.21 20:00:00,-9.56076
2021.11.21 22:00:00,-9.598907
2021.11.22 00:00:00,-9.617981
2021.11.22 02:00:00,-9.656097
2021.11.22 04:00:00,-9.713348
2021.11.22 06:00:00,-9.751495
2021.11.22 08:00:00,-9.827881
2021.11.22 10:00:00,-9.885162
2021.11.22 12:00:00,-9.92337
2021.11.22 14:00:00,-9.92337
2021.11.22 16:00:00,-9.827881
2021.11.22 18:00:00,-9.770599
2021.11.22 20:00:00,-9.713348
2021.11.22 22:00:00,-9.656097
2021.11.23 00:00:00,-9.637024
2021.11.23 02:00:00,-9.617981
2021.11.23 04:00:00,-9.598907
2021.11.23 06:00:00,-9.579834
2021.11.23 08:00:00,-9.579834
2021.11.23 10:00:00,-9.598907
2021.11.23 12:00:00,-9.637024
2021.11.23 14:00:00,-9.637024
2021.11.23 16:00:00,-9.598907
2021.11.23 18:00:00,-9.541718
2021.11.23 20:00:00,-9.522644
2021.11.23 22:00:00,-9.522644
2021.11.24 00:00:00,-9.522644
2021.11.24 02:00:00,-9.56076
2021.11.24 04:00:00,-9.598907
2021.11.24 06:00:00,-9.637024
2021.11.24 08:00:00,-9.694275
2021.11.24 10:00:00,-9.751495
2021.11.24 12:00:00,-9.789673
2021.11.24 14:00:00,-9.808777
2021.11.24 16:00:00,-9.789673
2021.11.24 18:00:00,-9.751495
2021.11.24 20:00:00,-9.713348
2021.11.24 22:00:00,-9.694275
2021.11.25 00:00:00,-9.694275
2021.11.25 02:00:00,-9.694275
2021.11.25 04:00:00,-9.713348
2021.11.25 06:00:00,-9.751495
2021.11.25 08:00:00,-9.770599
2021.11.25 10:00:00,-9.789673
2021.11.25 12:00:00,-9.808777
2021.11.25 14:00:00,-9.789673
2021.11.25 16:00:00,-9.732422
2021.11.25 18:00:00,-9.675171
2021.11.25 20:00:00,-9.637024
2021.11.25 22:00:00,-9.598907
2021.11.26 00:00:00,-9.56076
2021.11.26 02:00:00,-9.541718
2021.11.26 04:00:00,-9.503601
2021.11.26 06:00:00,-9.484528
2021.11.26 08:00:00,-9.484528
2021.11.26 10:00:00,-9.484528
2021.11.26 12:00:00,-9.446442
2021.11.26 14:00:00,-9.389313
2021.11.26 16:00:00,-9.313141
2021.11.26 18:00:00,-9.199005
2021.11.26 20:00:00,-9.103912
2021.11.26 22:00:00,-9.027893
2021.11.27 00:00:00,-8.970917
2021.11.27 02:00:00,-8.91394
2021.11.27 04:00:00,-8.875946
2021.11.27 06:00:00,-8.837982
2021.11.27 08:00:00,-8.819
2021.11.27 10:00:00,-8.819
2021.11.27 12:00:00,-8.837982
2021.11.27 14:00:00,-8.875946
2021.11.27 16:00:00,-8.894958
2021.11.27 18:00:00,-8.932922
2021.11.27 20:00:00,-8.989899
2021.11.27 22:00:00,-9.065918
2021.11.28 00:00:00,-9.141937
2021.11.28 02:00:00,-9.256073
2021.11.28 04:00:00,-9.37027
2021.11.28 06:00:00,-9.503601
2021.11.28 08:00:00,-9.617981
2021.11.28 10:00:00,-9.751495
2021.11.28 12:00:00,-9.885162
2021.11.28 14:00:00,-9.999817
2021.11.28 16:00:00,-10.07632
2021.11.28 18:00:00,-10.11459
2021.11.28 20:00:00,-10.15286
2021.11.28 22:00:00,-10.19113
2021.11.29 00:00:00,-10.22943
2021.11.29 02:00:00,-10.26773
2021.11.29 04:00:00,-10.34439
2021.11.29 06:00:00,-10.40189
2021.11.29 08:00:00,-10.4978
2021.11.29 10:00:00,-10.57458
2021.11.29 12:00:00,-10.6322
2021.11.29 14:00:00,-10.70905
2021.11.29 16:00:00,-10.72827
2021.11.29 18:00:00,-10.7475
2021.11.29 20:00:00,-10.76672
2021.11.29 22:00:00,-10.76672
2021.11.30 00:00:00,-10.76672
2021.11.30 02:00:00,-10.78595
2021.11.30 04:00:00,-10.80521
2021.11.30 06:00:00,-10.80521
2021.11.30 08:00:00,-10.84369
2021.11.30 10:00:00,-10.86292
2021.11.30 12:00:00,-10.88217
2021.11.30 14:00:00,-10.90143
2021.11.30 16:00:00,-10.90143
2021.11.30 18:00:00,-10.88217
2021.11.30 20:00:00,-10.84369
2021.11.30 22:00:00,-10.84369
2021.12.01 00:00:00,-10.84369
2021.12.01 02:00:00,-10.84369
2021.12.01 04:00:00,-10.86292
2021.12.01 06:00:00,-10.88217
2021.12.01 08:00:00,-10.90143
2021.12.01 10:00:00,-10.93994
2021.12.01 12:00:00,-10.97845
2021.12.01 14:00:00,-10.99771
2021.12.01 16:00:00,-11.01697
2021.12.01 18:00:00,-10.99771
2021.12.01 20:00:00,-10.97845
2021.12.01 22:00:00,-10.9592
2021.12.02 00:00:00,-10.92068
2021.12.02 02:00:00,-10.90143
2021.12.02 04:00:00,-10.88217
2021.12.02 06:00:00,-10.86292
2021.12.02 08:00:00,-10.84369
2021.12.02 10:00:00,-10.82443
2021.12.02 12:00:00,-10.80521
2021.12.02 14:00:00,-10.76672
2021.12.02 16:00:00,-10.70905
2021.12.02 18:00:00,-10.6322
2021.12.02 20:00:00,-10.59378
2021.12.02 22:00:00,-10.55539
2021.12.03 00:00:00,-10.55539
2021.12.03 02:00:00,-10.55539
2021.12.03 04:00:00,-10.55539
2021.12.03 06:00:00,-10.57458
2021.12.03 08:00:00,-10.59378
2021.12.03 10:00:00,-10.61298
2021.12.03 12:00:00,-10.6514
2021.12.03 14:00:00,-10.6322
2021.12.03 16:00:00,-10.61298
2021.12.03 18:00:00,-10.55539
2021.12.03 20:00:00,-10.4978
2021.12.03 22:00:00,-10.44025
2021.12.04 00:00:00,-10.40189
2021.12.04 02:00:00,-10.38272
2021.12.04 04:00:00,-10.36356
2021.12.04 06:00:00,-10.36356
2021.12.04 08:00:00,-10.36356
2021.12.04 10:00:00,-10.36356
2021.12.04 12:00:00,-10.36356
2021.12.04 14:00:00,-10.32523
2021.12.04 16:00:00,-10.2869
2021.12.04 18:00:00,-10.22943
2021.12.04 20:00:00,-10.172
2021.12.04 22:00:00,-10.13373
2021.12.05 00:00:00,-10.11459
2021.12.05 02:00:00,-10.09546
2021.12.05 04:00:00,-10.09546
2021.12.05 06:00:00,-10.09546
2021.12.05 08:00:00,-10.11459
2021.12.05 10:00:00,-10.13373
2021.12.05 12:00:00,-10.13373
2021.12.05 14:00:00,-10.09546
2021.12.05 16:00:00,-10.03809
2021.12.05 18:00:00,-9.980713
2021.12.05 20:00:00,-9.942474
2021.12.05 22:00:00,-9.885162
2021.12.06 00:00:00,-9.885162
2021.12.06 02:00:00,-9.885162
2021.12.06 04:00:00,-9.885162
2021.12.06 06:00:00,-9.904266
2021.12.06 08:00:00,-9.92337
2021.12.06 10:00:00,-9.92337
2021.12.06 12:00:00,-9.942474
2021.12.06 14:00:00,-9.942474
2021.12.06 16:00:00,-9.904266
2021.12.06 18:00:00,-9.866058
2021.12.06 20:00:00,-9.846954
2021.12.06 22:00:00,-9.827881
2021.12.07 00:00:00,-9.827881
2021.12.07 02:00:00,-9.846954
2021.12.07 04:00:00,-9.885162
2021.12.07 06:00:00,-9.942474
2021.12.07 08:00:00,-9.999817
2021.12.07 10:00:00,-10.07632
2021.12.07 12:00:00,-10.15286
2021.12.07 14:00:00,-10.19113
2021.12.07 16:00:00,-10.2103
2021.12.07 18:00:00,-10.2103
2021.12.07 20:00:00,-10.172
2021.12.07 22:00:00,-10.15286
2021.12.08 00:00:00,-10.15286
2021.12.08 02:00:00,-10.15286
2021.12.08 04:00:00,-10.19113
2021.12.08 06:00:00,-10.19113
2021.12.08 08:00:00,-10.22943
2021.12.08 10:00:00,-10.26773
2021.12.08 12:00:00,-10.30606
2021.12.08 14:00:00,-10.30606
2021.12.08 16:00:00,-10.2869
2021.12.08 18:00:00,-10.26773
2021.12.08 20:00:00,-10.22943
2021.12.08 22:00:00,-10.19113
2021.12.09 00:00:00,-10.172
2021.12.09 02:00:00,-10.13373
2021.12.09 04:00:00,-10.11459
2021.12.09 06:00:00,-10.09546
2021.12.09 08:00:00,-10.07632
2021.12.09 10:00:00,-10.05719
2021.12.09 12:00:00,-10.03809
2021.12.09 14:00:00,-10.01895
2021.12.09 16:00:00,-9.980713
2021.12.09 18:00:00,-9.942474
2021.12.09 20:00:00,-9.92337
2021.12.09 22:00:00,-9.885162
2021.12.10 00:00:00,-9.846954
2021.12.10 02:00:00,-9.846954
2021.12.10 04:00:00,-9.827881
2021.12.10 06:00:00,-9.827881
2021.12.10 08:00:00,-9.827881
2021.12.10 10:00:00,-9.866058
2021.12.10 12:00:00,-9.885162
2021.12.10 14:00:00,-9.904266
2021.12.10 16:00:00,-9.942474
2021.12.10 18:00:00,-9.961609
2021.12.10 20:00:00,-9.980713
2021.12.10 22:00:00,-10.01895
2021.12.11 00:00:00,-10.05719
2021.12.11 02:00:00,-10.09546
2021.12.11 04:00:00,-10.15286
2021.12.11 06:00:00,-10.2103
2021.12.11 08:00:00,-10.2869
2021.12.11 10:00:00,-10.36356
2021.12.11 12:00:00,-10.42108
2021.12.11 14:00:00,-10.4978
2021.12.11 16:00:00,-10.55539
2021.12.11 18:00:00,-10.61298
2021.12.11 20:00:00,-10.6514
2021.12.11 22:00:00,-10.68985
2021.12.12 00:00:00,-10.70905
2021.12.12 02:00:00,-10.7475
2021.12.12 04:00:00,-10.80521
2021.12.12 06:00:00,-10.84369
2021.12.12 08:00:00,-10.88217
2021.12.12 10:00:00,-10.93994
2021.12.12 12:00:00,-10.97845
2021.12.12 14:00:00,-11.01697
2021.12.12 16:00:00,-11.03625
2021.12.12 18:00:00,-11.03625
2021.12.12 20:00:00,-11.05551
2021.12.12 22:00:00,-11.03625
2021.12.13 00:00:00,-11.03625
2021.12.13 02:00:00,-11.05551
2021.12.13 04:00:00,-11.0748
2021.12.13 06:00:00,-11.09409
2021.12.13 08:00:00,-11.11337
2021.12.13 10:00:00,-11.15195
2021.12.13 12:00:00,-11.17123
2021.12.13 14:00:00,-11.20984
2021.12.13 16:00:00,-11.22916
2021.12.13 18:00:00,-11.24844
2021.12.13 20:00:00,-11.26776
2021.12.13 22:00:00,-11.28708
2021.12.14 00:00:00,-11.28708
2021.12.14 02:00:00,-11.3064
2021.12.14 04:00:00,-11.32571
2021.12.14 06:00:00,-11.34503
2021.12.14 08:00:00,-11.3837
2021.12.14 10:00:00,-11.40302
2021.12.14 12:00:00,-11.42236
2021.12.14 14:00:00,-11.46106
2021.12.14 16:00:00,-11.48041
2021.12.14 18:00:00,-11.49976
2021.12.14 20:00:00,-11.49976
2021.12.14 22:00:00,-11.49976
2021.12.15 00:00:00,-11.5191
2021.12.15 02:00:00,-11.53845
2021.12.15 04:00:00,-11.57718
2021.12.15 06:00:00,-11.59656
2021.12.15 08:00:00,-11.61594
2021.12.15 10:00:00,-11.65469
2021.12.15 12:00:00,-11.69345
2021.12.15 14:00:00,-11.73224
2021.12.15 16:00:00,-11.75162
2021.12.15 18:00:00,-11.77103
2021.12.15 20:00:00,-11.79044
2021.12.15 22:00:00,-11.80984
2021.12.16 00:00:00,-11.82925
2021.12.16 02:00:00,-11.84866
2021.12.16 04:00:00,-11.8681
2021.12.16 06:00:00,-11.90695
2021.12.16 08:00:00,-11.9458
2021.12.16 10:00:00,-12.00412
2021.12.16 12:00:00,-12.06247
2021.12.16 14:00:00,-12.10141
2021.12.16 16:00:00,-12.14035
2021.12.16 18:00:00,-12.15982
2021.12.16 20:00:00,-12.19879
2021.12.16 22:00:00,-12.21826
2021.12.17 00:00:00,-12.25726
2021.12.17 02:00:00,-12.27676
2021.12.17 04:00:00,-12.31577
2021.12.17 06:00:00,-12.3548
2021.12.17 08:00:00,-12.39383
2021.12.17 10:00:00,-12.43289
2021.12.17 12:00:00,-12.49152
2021.12.17 14:00:00,-12.53061
2021.12.17 16:00:00,-12.5697
2021.12.17 18:00:00,-12.58926
2021.12.17 20:00:00,-12.60886
2021.12.17 22:00:00,-12.62842
2021.12.18 00:00:00,-12.64798
2021.12.18 02:00:00,-12.68716
2021.12.18 04:00:00,-12.70676
2021.12.18 06:00:00,-12.72635
2021.12.18 08:00:00,-12.76553
2021.12.18 10:00:00,-12.78516
2021.12.18 12:00:00,-12.82437
2021.12.18 14:00:00,-12.84399
2021.12.18 16:00:00,-12.86362
2021.12.18 18:00:00,-12.88324
2021.12.18 20:00:00,-12.86362
2021.12.18 22:00:00,-12.86362
2021.12.19 00:00:00,-12.86362
2021.12.19 02:00:00,-12.88324
2021.12.19 04:00:00,-12.88324
2021.12.19 06:00:00,-12.90286
2021.12.19 08:00:00,-12.92252
2021.12.19 10:00:00,-12.92252
2021.12.19 12:00:00,-12.94214
2021.12.19 14:00:00,-12.96179
2021.12.19 16:00:00,-12.96179
2021.12.19 18:00:00,-12.94214
2021.12.19 20:00:00,-12.90286
2021.12.19 22:00:00,-12.88324
2021.12.20 00:00:00,-12.86362
2021.12.20 02:00:00,-12.82437
2021.12.20 04:00:00,-12.78516
2021.12.20 06:00:00,-12.74594
2021.12.20 08:00:00,-12.70676
2021.12.20 10:00:00,-12.66757
2021.12.20 12:00:00,-12.60886
2021.12.20 14:00:00,-12.5697
2021.12.20 16:00:00,-12.49152
2021.12.20 18:00:00,-12.41336
2021.12.20 20:00:00,-12.33527
2021.12.20 22:00:00,-12.25726
2021.12.21 00:00:00,-12.17929
2021.12.21 02:00:00,-12.12088
2021.12.21 04:00:00,-12.06247
2021.12.21 06:00:00,-12.04303
2021.12.21 08:00:00,-12.02356
2021.12.21 10:00:00,-12.00412
2021.12.21 12:00:00,-12.02356
2021.12.21 14:00:00,-12.04303
2021.12.21 16:00:00,-12.04303
2021.12.21 18:00:00,-12.06247
2021.12.21 20:00:00,-12.08194
2021.12.21 22:00:00,-12.08194
2021.12.22 00:00:00,-12.12088
2021.12.22 02:00:00,-12.14035
2021.12.22 04:00:00,-12.17929
2021.12.22 06:00:00,-12.21826
2021.12.22 08:00:00,-12.25726
2021.12.22 10:00:00,-12.31577
2021.12.22 12:00:00,-12.3743
2021.12.22 14:00:00,-12.41336
2021.12.22 16:00:00,-12.45242
2021.12.22 18:00:00,-12.47195
2021.12.22 20:00:00,-12.49152
2021.12.22 22:00:00,-12.49152
2021.12.23 00:00:00,-12.47195
2021.12.23 02:00:00,-12.45242
2021.12.23 04:00:00,-12.43289
2021.12.23 06:00:00,-12.41336
2021.12.23 08:00:00,-12.39383
2021.12.23 10:00:00,-12.39383
2021.12.23 12:00:00,-12.39383
2021.12.23 14:00:00,-12.39383
2021.12.23 16:00:00,-12.3743
2021.12.23 18:00:00,-12.3743
2021.12.23 20:00:00,-12.33527
2021.12.23 22:00:00,-12.31577
2021.12.24 00:00:00,-12.31577
2021.12.24 02:00:00,-12.27676
2021.12.24 04:00:00,-12.27676
2021.12.24 06:00:00,-12.25726
2021.12.24 08:00:00,-12.25726
2021.12.24 10:00:00,-12.23776
2021.12.24 12:00:00,-12.3743
2021.12.24 14:00:00,-12.45242
2021.12.24 16:00:00,-12.39383
2021.12.24 18:00:00,-12.33527
2021.12.24 20:00:00,-12.29626
2021.12.24 22:00:00,-12.21826
2021.12.25 00:00:00,-12.14035
2021.12.25 02:00:00,-12.10141
2021.12.25 04:00:00,-12.06247
2021.12.25 06:00:00,-12.06247
2021.12.25 08:00:00,-12.06247
2021.12.25 10:00:00,-12.06247
2021.12.25 12:00:00,-12.08194
2021.12.25 14:00:00,-12.06247
2021.12.25 16:00:00,-12.02356
2021.12.25 18:00:00,-11.96524
2021.12.25 20:00:00,-11.92636
2021.12.25 22:00:00,-11.88751
2021.12.26 00:00:00,-11.8681
2021.12.26 02:00:00,-11.84866
2021.12.26 04:00:00,-11.84866
2021.12.26 06:00:00,-11.84866
2021.12.26 08:00:00,-11.8681
2021.12.26 10:00:00,-11.88751
2021.12.26 12:00:00,-11.92636
2021.12.26 14:00:00,-11.9458
2021.12.26 16:00:00,-11.92636
2021.12.26 18:00:00,-11.90695
2021.12.26 20:00:00,-11.90695
2021.12.26 22:00:00,-11.92636
2021.12.27 00:00:00,-11.9458
2021.12.27 02:00:00,-11.98468
2021.12.27 04:00:00,-12.02356
2021.12.27 06:00:00,-12.06247
2021.12.27 08:00:00,-12.12088
2021.12.27 10:00:00,-12.15982
2021.12.27 12:00:00,-12.19879
2021.12.27 14:00:00,-12.19879
2021.12.27 16:00:00,-12.14035
2021.12.27 18:00:00,-12.12088
2021.12.27 20:00:00,-12.10141
2021.12.27 22:00:00,-12.10141
2021.12.28 00:00:00,-12.10141
2021.12.28 02:00:00,-12.14035
2021.12.28 04:00:00,-12.17929
2021.12.28 06:00:00,-12.21826
2021.12.28 08:00:00,-12.27676
2021.12.28 10:00:00,-12.31577
2021.12.28 12:00:00,-12.3548
2021.12.28 14:00:00,-12.3548
2021.12.28 16:00:00,-12.33527
2021.12.28 18:00:00,-12.31577
2021.12.28 20:00:00,-12.29626
2021.12.28 22:00:00,-12.29626
2021.12.29 00:00:00,-12.31577
2021.12.29 02:00:00,-12.3548
2021.12.29 04:00:00,-12.39383
2021.12.29 06:00:00,-12.45242
2021.12.29 08:00:00,-12.53061
2021.12.29 10:00:00,-12.60886
2021.12.29 12:00:00,-12.66757
2021.12.29 14:00:00,-12.74594
2021.12.29 16:00:00,-12.78516
2021.12.29 18:00:00,-12.80475
2021.12.29 20:00:00,-12.86362
2021.12.29 22:00:00,-12.90286
2021.12.30 00:00:00,-12.98145
2021.12.30 02:00:00,-13.04041
2021.12.30 04:00:00,-13.11911
2021.12.30 06:00:00,-13.19788
2021.12.30 08:00:00,-13.2767
2021.12.30 10:00:00,-13.37537
2021.12.30 12:00:00,-13.45435
2021.12.30 14:00:00,-13.4939
2021.12.30 16:00:00,-13.51367
2021.12.30 18:00:00,-13.53345
2021.12.30 20:00:00,-13.53345
2021.12.30 22:00:00,-13.573
2021.12.31 00:00:00,-13.5928
2021.12.31 02:00:00,-13.63239
2021.12.31 04:00:00,-13.65219
2021.12.31 06:00:00,-13.71164
2021.12.31 08:00:00,-13.75131
2021.12.31 10:00:00,-13.77115
2021.12.31 12:00:00,-13.81082
2021.12.31 14:00:00,-13.81082
2021.12.31 16:00:00,-13.79099
2021.12.31 18:00:00,-13.73148
2021.12.31 20:00:00,-13.71164
2021.12.31 22:00:00,-13.69183
2022.01.01 00:00:00,-13.67203
2022.01.01 02:00:00,-13.67203
2022.01.01 04:00:00,-13.67203
2022.01.01 06:00:00,-13.67203
2022.01.01 08:00:00,-13.65219
2022.01.01 10:00:00,-13.63239
2022.01.01 12:00:00,-13.5928
2022.01.01 14:00:00,-13.55322
2022.01.01 16:00:00,-13.51367
2022.01.01 18:00:00,-13.45435
2022.01.01 20:00:00,-13.41486
2022.01.01 22:00:00,-13.35562
2022.01.02 00:00:00,-13.33588
2022.01.02 02:00:00,-13.31616
2022.01.02 04:00:00,-13.2767
2022.01.02 06:00:00,-13.25699
2022.01.02 08:00:00,-13.23727
2022.01.02 10:00:00,-13.21756
2022.01.02 12:00:00,-13.17816
2022.01.02 14:00:00,-13.13879
2022.01.02 16:00:00,-13.07974
2022.01.02 18:00:00,-13.0011
2022.01.02 20:00:00,-12.94214
2022.01.02 22:00:00,-12.90286
2022.01.03 00:00:00,-12.86362
2022.01.03 02:00:00,-12.82437
2022.01.03 04:00:00,-12.80475
2022.01.03 06:00:00,-12.80475
2022.01.03 08:00:00,-12.80475
2022.01.03 10:00:00,-12.82437
2022.01.03 12:00:00,-12.82437
2022.01.03 14:00:00,-12.78516
2022.01.03 16:00:00,-12.74594
2022.01.03 18:00:00,-12.68716
2022.01.03 20:00:00,-12.60886
2022.01.03 22:00:00,-12.55014
2022.01.04 00:00:00,-12.49152
2022.01.04 02:00:00,-12.43289
2022.01.04 04:00:00,-12.3548
2022.01.04 06:00:00,-12.29626
2022.01.04 08:00:00,-12.23776
2022.01.04 10:00:00,-12.17929
2022.01.04 12:00:00,-12.12088
2022.01.04 14:00:00,-12.02356
2022.01.04 16:00:00,-11.92636
2022.01.04 18:00:00,-11.80984
2022.01.04 20:00:00,-11.71283
2022.01.04 22:00:00,-11.63531
2022.01.05 00:00:00,-11.57718
2022.01.05 02:00:00,-11.5191
2022.01.05 04:00:00,-11.48041
2022.01.05 06:00:00,-11.46106
2022.01.05 08:00:00,-11.44171
2022.01.05 10:00:00,-11.42236
2022.01.05 12:00:00,-11.3837
2022.01.05 14:00:00,-11.32571
2022.01.05 16:00:00,-11.26776
2022.01.05 18:00:00,-11.19055
2022.01.05 20:00:00,-11.15195
2022.01.05 22:00:00,-11.11337
2022.01.06 00:00:00,-11.09409
2022.01.06 02:00:00,-11.09409
2022.01.06 04:00:00,-11.11337
2022.01.06 06:00:00,-11.13266
2022.01.06 08:00:00,-11.19055
2022.01.06 10:00:00,-11.24844
2022.01.06 12:00:00,-11.3064
2022.01.06 14:00:00,-11.34503
2022.01.06 16:00:00,-11.36435
2022.01.06 18:00:00,-11.36435
2022.01.06 20:00:00,-11.3837
2022.01.06 22:00:00,-11.40302
2022.01.07 00:00:00,-11.42236
2022.01.07 02:00:00,-11.46106
2022.01.07 04:00:00,-11.5191
2022.01.07 06:00:00,-11.55783
2022.01.07 08:00:00,-11.61594
2022.01.07 10:00:00,-11.67407
2022.01.07 12:00:00,-11.73224
2022.01.07 14:00:00,-11.77103
2022.01.07 16:00:00,-11.79044
2022.01.07 18:00:00,-11.79044
2022.01.07 20:00:00,-11.77103
2022.01.07 22:00:00,-11.77103
2022.01.08 00:00:00,-11.77103
2022.01.08 02:00:00,-11.77103
2022.01.08 04:00:00,-11.77103
2022.01.08 06:00:00,-11.79044
2022.01.08 08:00:00,-11.80984
2022.01.08 10:00:00,-11.82925
2022.01.08 12:00:00,-11.82925
2022.01.08 14:00:00,-11.82925
2022.01.08 16:00:00,-11.80984
2022.01.08 18:00:00,-11.79044
2022.01.08 20:00:00,-11.77103
2022.01.08 22:00:00,-11.75162
2022.01.09 00:00:00,-11.77103
2022.01.09 02:00:00,-11.79044
2022.01.09 04:00:00,-11.82925
2022.01.09 06:00:00,-11.84866
2022.01.09 08:00:00,-11.90695
2022.01.09 10:00:00,-11.9458
2022.01.09 12:00:00,-11.98468
2022.01.09 14:00:00,-12.02356
2022.01.09 16:00:00,-12.02356
2022.01.09 18:00:00,-12.00412
2022.01.09 20:00:00,-12.00412
2022.01.09 22:00:00,-12.00412
2022.01.10 00:00:00,-12.02356
2022.01.10 02:00:00,-12.06247
2022.01.10 04:00:00,-12.08194
2022.01.10 06:00:00,-12.12088
2022.01.10 08:00:00,-12.17929
2022.01.10 10:00:00,-12.23776
2022.01.10 12:00:00,-12.27676
2022.01.10 14:00:00,-12.31577
2022.01.10 16:00:00,-12.33527
2022.01.10 18:00:00,-12.33527
2022.01.10 20:00:00,-12.33527
2022.01.10 22:00:00,-12.3548
2022.01.11 00:00:00,-12.3743
2022.01.11 02:00:00,-12.39383
2022.01.11 04:00:00,-12.43289
2022.01.11 06:00:00,-12.45242
2022.01.11 08:00:00,-12.49152
2022.01.11 10:00:00,-12.55014
2022.01.11 12:00:00,-12.5697
2022.01.11 14:00:00,-12.60886
2022.01.11 16:00:00,-12.60886
2022.01.11 18:00:00,-12.58926
2022.01.11 20:00:00,-12.5697
2022.01.11 22:00:00,-12.5697
2022.01.12 00:00:00,-12.5697
2022.01.12 02:00:00,-12.5697
2022.01.12 04:00:00,-12.58926
2022.01.12 06:00:00,-12.60886
2022.01.12 08:00:00,-12.66757
2022.01.12 10:00:00,-12.72635
2022.01.12 12:00:00,-12.76553
2022.01.12 14:00:00,-12.82437
2022.01.12 16:00:00,-12.84399
2022.01.12 18:00:00,-12.84399
2022.01.12 20:00:00,-12.82437
2022.01.12 22:00:00,-12.82437
2022.01.13 00:00:00,-12.84399
2022.01.13 02:00:00,-12.88324
2022.01.13 04:00:00,-12.90286
2022.01.13 06:00:00,-12.94214
2022.01.13 08:00:00,-13.0011
2022.01.13 10:00:00,-13.04041
2022.01.13 12:00:00,-13.07974
2022.01.13 14:00:00,-13.07974
2022.01.13 16:00:00,-13.07974
2022.01.13 18:00:00,-13.04041
2022.01.13 20:00:00,-12.98145
2022.01.13 22:00:00,-12.94214
2022.01.14 00:00:00,-12.90286
2022.01.14 02:00:00,-12.86362
2022.01.14 04:00:00,-12.84399
2022.01.14 06:00:00,-12.82437
2022.01.14 08:00:00,-12.82437
2022.01.14 10:00:00,-12.84399
2022.01.14 12:00:00,-12.84399
2022.01.14 14:00:00,-12.84399
2022.01.14 16:00:00,-12.82437
2022.01.14 18:00:00,-12.78516
2022.01.14 20:00:00,-12.74594
2022.01.14 22:00:00,-12.74594
2022.01.15 00:00:00,-12.72635
2022.01.15 02:00:00,-12.72635
2022.01.15 04:00:00,-12.72635
2022.01.15 06:00:00,-12.76553
2022.01.15 08:00:00,-12.80475
2022.01.15 10:00:00,-12.82437
2022.01.15 12:00:00,-12.84399
2022.01.15 14:00:00,-12.84399
2022.01.15 16:00:00,-12.80475
2022.01.15 18:00:00,-12.76553
2022.01.15 20:00:00,-12.70676
2022.01.15 22:00:00,-12.66757
2022.01.16 00:00:00,-12.64798
2022.01.16 02:00:00,-12.62842
2022.01.16 04:00:00,-12.62842
2022.01.16 06:00:00,-12.62842
2022.01.16 08:00:00,-12.64798
2022.01.16 10:00:00,-12.64798
2022.01.16 12:00:00,-12.62842
2022.01.16 14:00:00,-12.58926
2022.01.16 16:00:00,-12.55014
2022.01.16 18:00:00,-12.47195
2022.01.16 20:00:00,-12.41336
2022.01.16 22:00:00,-12.3548
2022.01.17 00:00:00,-12.31577
2022.01.17 02:00:00,-12.29626
2022.01.17 04:00:00,-12.25726
2022.01.17 06:00:00,-12.25726
2022.01.17 08:00:00,-12.25726
2022.01.17 10:00:00,-12.23776
2022.01.17 12:00:00,-12.19879
2022.01.17 14:00:00,-12.14035
2022.01.17 16:00:00,-12.04303
2022.01.17 18:00:00,-11.9458
2022.01.17 20:00:00,-11.8681
2022.01.17 22:00:00,-11.79044
2022.01.18 00:00:00,-11.73224
2022.01.18 02:00:00,-11.69345
2022.01.18 04:00:00,-11.65469
2022.01.18 06:00:00,-11.63531
2022.01.18 08:00:00,-11.61594
2022.01.18 10:00:00,-11.57718
2022.01.18 12:00:00,-11.55783
2022.01.18 14:00:00,-11.49976
2022.01.18 16:00:00,-11.44171
2022.01.18 18:00:00,-11.36435
2022.01.18 20:00:00,-11.3064
2022.01.18 22:00:00,-11.26776
2022.01.19 00:00:00,-11.22916
2022.01.19 02:00:00,-11.20984
2022.01.19 04:00:00,-11.19055
2022.01.19 06:00:00,-11.19055
2022.01.19 08:00:00,-11.19055
2022.01.19 10:00:00,-11.20984
2022.01.19 12:00:00,-11.20984
2022.01.19 14:00:00,-11.19055
2022.01.19 16:00:00,-11.15195
2022.01.19 18:00:00,-11.0748
2022.01.19 20:00:00,-11.01697
2022.01.19 22:00:00,-10.97845
2022.01.20 00:00:00,-10.93994
2022.01.20 02:00:00,-10.92068
2022.01.20 04:00:00,-10.92068
2022.01.20 06:00:00,-10.92068
2022.01.20 08:00:00,-10.92068
2022.01.20 10:00:00,-10.93994
2022.01.20 12:00:00,-10.9592
2022.01.20 14:00:00,-10.9592
2022.01.20 16:00:00,-10.9592
2022.01.20 18:00:00,-10.9592
2022.01.20 20:00:00,-10.9592
2022.01.20 22:00:00,-10.99771
2022.01.21 00:00:00,-11.05551
2022.01.21 02:00:00,-11.11337
2022.01.21 04:00:00,-11.20984
2022.01.21 06:00:00,-11.3064
2022.01.21 08:00:00,-11.40302
2022.01.21 10:00:00,-11.53845
2022.01.21 12:00:00,-11.63531
2022.01.21 14:00:00,-11.75162
2022.01.21 16:00:00,-11.82925
2022.01.21 18:00:00,-11.88751
2022.01.21 20:00:00,-11.9458
2022.01.21 22:00:00,-12.00412
2022.01.22 00:00:00,-12.08194
2022.01.22 02:00:00,-12.14035
2022.01.22 04:00:00,-12.21826
2022.01.22 06:00:00,-12.29626
2022.01.22 08:00:00,-12.3743
2022.01.22 10:00:00,-12.45242
2022.01.22 12:00:00,-12.53061
2022.01.22 14:00:00,-12.58926
2022.01.22 16:00:00,-12.62842
2022.01.22 18:00:00,-12.64798
2022.01.22 20:00:00,-12.66757
2022.01.22 22:00:00,-12.68716
2022.01.23 00:00:00,-12.72635
2022.01.23 02:00:00,-12.76553
2022.01.23 04:00:00,-12.82437
2022.01.23 06:00:00,-12.88324
2022.01.23 08:00:00,-12.94214
2022.01.23 10:00:00,-12.98145
2022.01.23 12:00:00,-13.0011
2022.01.23 14:00:00,-13.02075
2022.01.23 16:00:00,-12.96179
2022.01.23 18:00:00,-12.92252
2022.01.23 20:00:00,-12.86362
2022.01.23 22:00:00,-12.84399
2022.01.24 00:00:00,-12.82437
2022.01.24 02:00:00,-12.80475
2022.01.24 04:00:00,-12.82437
2022.01.24 06:00:00,-12.84399
2022.01.24 08:00:00,-12.86362
2022.01.24 10:00:00,-12.92252
2022.01.24 12:00:00,-12.96179
2022.01.24 14:00:00,-12.98145
2022.01.24 16:00:00,-12.98145
2022.01.24 18:00:00,-12.96179
2022.01.24 20:00:00,-12.94214
2022.01.24 22:00:00,-12.96179
2022.01.25 00:00:00,-12.98145
2022.01.25 02:00:00,-13.02075
2022.01.25 04:00:00,-13.06009
2022.01.25 06:00:00,-13.13879
2022.01.25 08:00:00,-13.21756
2022.01.25 10:00:00,-13.29642
2022.01.25 12:00:00,-13.39511
2022.01.25 14:00:00,-13.45435
2022.01.25 16:00:00,-13.47412
2022.01.25 18:00:00,-13.47412
2022.01.25 20:00:00,-13.4939
2022.01.25 22:00:00,-13.4939
2022.01.26 00:00:00,-13.51367
2022.01.26 02:00:00,-13.55322
2022.01.26 04:00:00,-13.61261
2022.01.26 06:00:00,-13.67203
2022.01.26 08:00:00,-13.75131
2022.01.26 10:00:00,-13.81082
2022.01.26 12:00:00,-13.89026
2022.01.26 14:00:00,-13.94989
2022.01.26 16:00:00,-13.98965
2022.01.26 18:00:00,-14.00955
2022.01.26 20:00:00,-14.00955
2022.01.26 22:00:00,-14.02945
2022.01.27 00:00:00,-14.04938
2022.01.27 02:00:00,-14.0892
2022.01.27 04:00:00,-14.14899
2022.01.27 06:00:00,-14.2088
2022.01.27 08:00:00,-14.28864
2022.01.27 10:00:00,-14.36859
2022.01.27 12:00:00,-14.44861
2022.01.27 14:00:00,-14.52869
2022.01.27 16:00:00,-14.56879
2022.01.27 18:00:00,-14.58884
2022.01.27 20:00:00,-14.62894
2022.01.27 22:00:00,-14.6691
2022.01.28 00:00:00,-14.68918
2022.01.28 02:00:00,-14.74945
2022.01.28 04:00:00,-14.80975
2022.01.28 06:00:00,-14.87012
2022.01.28 08:00:00,-14.95071
2022.01.28 10:00:00,-15.03137
2022.01.28 12:00:00,-15.09195
2022.01.28 14:00:00,-15.15256
2022.01.28 16:00:00,-15.19299
2022.01.28 18:00:00,-15.19299
2022.01.28 20:00:00,-15.15256
2022.01.28 22:00:00,-15.13235
2022.01.29 00:00:00,-15.07175
2022.01.29 02:00:00,-15.0112
2022.01.29 04:00:00,-14.93054
2022.01.29 06:00:00,-14.87012
2022.01.29 08:00:00,-14.78964
2022.01.29 10:00:00,-14.70926
2022.01.29 12:00:00,-14.64902
2022.01.29 14:00:00,-14.56879
2022.01.29 16:00:00,-14.48865
2022.01.29 18:00:00,-14.38858
2022.01.29 20:00:00,-14.28864
2022.01.29 22:00:00,-14.2088
2022.01.30 00:00:00,-14.14899
2022.01.30 02:00:00,-14.10913
2022.01.30 04:00:00,-14.06927
2022.01.30 06:00:00,-14.06927
2022.01.30 08:00:00,-14.10913
2022.01.30 10:00:00,-14.12906
2022.01.30 12:00:00,-14.14899
2022.01.30 14:00:00,-14.14899
2022.01.30 16:00:00,-14.14899
2022.01.30 18:00:00,-14.10913
2022.01.30 20:00:00,-14.04938
2022.01.30 22:00:00,-14.00955
2022.01.31 00:00:00,-13.96979
2022.01.31 02:00:00,-13.94989
2022.01.31 04:00:00,-13.94989
2022.01.31 06:00:00,-13.94989
2022.01.31 08:00:00,-13.98965
2022.01.31 10:00:00,-14.02945
2022.01.31 12:00:00,-14.06927
2022.01.31 14:00:00,-14.0892
2022.01.31 16:00:00,-14.0892
2022.01.31 18:00:00,-14.06927
2022.01.31 20:00:00,-14.06927
2022.01.31 22:00:00,-14.04938
2022.02.01 00:00:00,-14.04938
2022.02.01 02:00:00,-14.04938
2022.02.01 04:00:00,-14.06927
2022.02.01 06:00:00,-14.10913
2022.02.01 08:00:00,-14.12906
2022.02.01 10:00:00,-14.18884
2022.02.01 12:00:00,-14.22876
2022.02.01 14:00:00,-14.22876
2022.02.01 16:00:00,-14.22876
2022.02.01 18:00:00,-14.18884
2022.02.01 20:00:00,-14.16891
2022.02.01 22:00:00,-14.14899
2022.02.02 00:00:00,-14.12906
2022.02.02 02:00:00,-14.12906
2022.02.02 04:00:00,-14.16891
2022.02.02 06:00:00,-14.18884
2022.02.02 08:00:00,-14.24872
2022.02.02 10:00:00,-14.30862
2022.02.02 12:00:00,-14.36859
2022.02.02 14:00:00,-14.42859
2022.02.02 16:00:00,-14.4686
2022.02.02 18:00:00,-14.4686
2022.02.02 20:00:00,-14.4686
2022.02.02 22:00:00,-14.4686
2022.02.03 00:00:00,-14.44861
2022.02.03 02:00:00,-14.4686
2022.02.03 04:00:00,-14.44861
2022.02.03 06:00:00,-14.4686
2022.02.03 08:00:00,-14.44861
2022.02.03 10:00:00,-14.44861
2022.02.03 12:00:00,-14.44861
2022.02.03 14:00:00,-14.42859
2022.02.03 16:00:00,-14.38858
2022.02.03 18:00:00,-14.32861
2022.02.03 20:00:00,-14.26868
2022.02.03 22:00:00,-14.2088
2022.02.04 00:00:00,-14.18884
2022.02.04 02:00:00,-14.14899
2022.02.04 04:00:00,-14.14899
2022.02.04 06:00:00,-14.14899
2022.02.04 08:00:00,-14.14899
2022.02.04 10:00:00,-14.18884
2022.02.04 12:00:00,-14.2088
2022.02.04 14:00:00,-14.18884
2022.02.04 16:00:00,-14.16891
2022.02.04 18:00:00,-14.12906
2022.02.04 20:00:00,-14.06927
2022.02.04 22:00:00,-14.02945
2022.02.05 00:00:00,-13.98965
2022.02.05 02:00:00,-13.94989
2022.02.05 04:00:00,-13.93002
2022.02.05 06:00:00,-13.93002
2022.02.05 08:00:00,-13.91013
2022.02.05 10:00:00,-13.93002
2022.02.05 12:00:00,-13.94989
2022.02.05 14:00:00,-13.96979
2022.02.05 16:00:00,-13.96979
2022.02.05 18:00:00,-13.94989
2022.02.05 20:00:00,-13.93002
2022.02.05 22:00:00,-13.91013
2022.02.06 00:00:00,-13.93002
2022.02.06 02:00:00,-13.96979
2022.02.06 04:00:00,-14.02945
2022.02.06 06:00:00,-14.10913
2022.02.06 08:00:00,-14.2088
2022.02.06 10:00:00,-14.28864
2022.02.06 12:00:00,-14.36859
2022.02.06 14:00:00,-14.40857
2022.02.06 16:00:00,-14.40857
2022.02.06 18:00:00,-14.38858
2022.02.06 20:00:00,-14.3486
2022.02.06 22:00:00,-14.28864
2022.02.07 00:00:00,-14.22876
2022.02.07 02:00:00,-14.16891
2022.02.07 04:00:00,-14.10913
2022.02.07 06:00:00,-14.04938
2022.02.07 08:00:00,-14.00955
2022.02.07 10:00:00,-13.94989
2022.02.07 12:00:00,-13.89026
2022.02.07 14:00:00,-13.85052
2022.02.07 16:00:00,-13.77115
2022.02.07 18:00:00,-13.69183
2022.02.07 20:00:00,-13.61261
2022.02.07 22:00:00,-13.573
2022.02.08 00:00:00,-13.55322
2022.02.08 02:00:00,-13.53345
2022.02.08 04:00:00,-13.573
2022.02.08 06:00:00,-13.5928
2022.02.08 08:00:00,-13.65219
2022.02.08 10:00:00,-13.69183
2022.02.08 12:00:00,-13.75131
2022.02.08 14:00:00,-13.79099
2022.02.08 16:00:00,-13.79099
2022.02.08 18:00:00,-13.77115
2022.02.08 20:00:00,-13.73148
2022.02.08 22:00:00,-13.69183
2022.02.09 00:00:00,-13.65219
2022.02.09 02:00:00,-13.61261
2022.02.09 04:00:00,-13.61261
2022.02.09 06:00:00,-13.61261
2022.02.09 08:00:00,-13.63239
2022.02.09 10:00:00,-13.65219
2022.02.09 12:00:00,-13.69183
2022.02.09 14:00:00,-13.71164
2022.02.09 16:00:00,-13.69183
2022.02.09 18:00:00,-13.67203
2022.02.09 20:00:00,-13.63239
2022.02.09 22:00:00,-13.573
2022.02.10 00:00:00,-13.53345
2022.02.10 02:00:00,-13.51367
2022.02.10 04:00:00,-13.51367
2022.02.10 06:00:00,-13.51367
2022.02.10 08:00:00,-13.53345
2022.02.10 10:00:00,-13.55322
2022.02.10 12:00:00,-13.5928
2022.02.10 14:00:00,-13.61261
2022.02.10 16:00:00,-13.5928
2022.02.10 18:00:00,-13.573
2022.02.10 20:00:00,-13.53345
2022.02.10 22:00:00,-13.4939
2022.02.11 00:00:00,-13.47412
2022.02.11 02:00:00,-13.45435
2022.02.11 04:00:00,-13.45435
2022.02.11 06:00:00,-13.45435
2022.02.11 08:00:00,-13.45435
2022.02.11 10:00:00,-13.47412
2022.02.11 12:00:00,-13.47412
2022.02.11 14:00:00,-13.45435
2022.02.11 16:00:00,-13.45435
2022.02.11 18:00:00,-13.41486
2022.02.11 20:00:00,-13.37537
2022.02.11 22:00:00,-13.33588
2022.02.12 00:00:00,-13.31616
2022.02.12 02:00:00,-13.29642
2022.02.12 04:00:00,-13.2767
2022.02.12 06:00:00,-13.25699
2022.02.12 08:00:00,-13.21756
2022.02.12 10:00:00,-13.17816
2022.02.12 12:00:00,-13.13879
2022.02.12 14:00:00,-13.07974
2022.02.12 16:00:00,-13.02075
2022.02.12 18:00:00,-12.92252
2022.02.12 20:00:00,-12.84399
2022.02.12 22:00:00,-12.74594
2022.02.13 00:00:00,-12.68716
2022.02.13 02:00:00,-12.60886
2022.02.13 04:00:00,-12.5697
2022.02.13 06:00:00,-12.51105
2022.02.13 08:00:00,-12.49152
2022.02.13 10:00:00,-12.47195
2022.02.13 12:00:00,-12.45242
2022.02.13 14:00:00,-12.41336
2022.02.13 16:00:00,-12.3743
2022.02.13 18:00:00,-12.31577
2022.02.13 20:00:00,-12.25726
2022.02.13 22:00:00,-12.21826
2022.02.14 00:00:00,-12.17929
2022.02.14 02:00:00,-12.17929
2022.02.14 04:00:00,-12.19879
2022.02.14 06:00:00,-12.23776
2022.02.14 08:00:00,-12.27676
2022.02.14 10:00:00,-12.29626
2022.02.14 12:00:00,-12.33527
2022.02.14 14:00:00,-12.33527
2022.02.14 16:00:00,-12.29626
2022.02.14 18:00:00,-12.23776
2022.02.14 20:00:00,-12.17929
2022.02.14 22:00:00,-12.12088
2022.02.15 00:00:00,-12.08194
2022.02.15 02:00:00,-12.06247
2022.02.15 04:00:00,-12.06247
2022.02.15 06:00:00,-12.06247
2022.02.15 08:00:00,-12.08194
2022.02.15 10:00:00,-12.08194
2022.02.15 12:00:00,-12.12088
2022.02.15 14:00:00,-12.14035
2022.02.15 16:00:00,-12.12088
2022.02.15 18:00:00,-12.06247
2022.02.15 20:00:00,-12.04303
2022.02.15 22:00:00,-12.00412
2022.02.16 00:00:00,-12.00412
2022.02.16 02:00:00,-12.02356
2022.02.16 04:00:00,-12.04303
2022.02.16 06:00:00,-12.08194
2022.02.16 08:00:00,-12.12088
2022.02.16 10:00:00,-12.15982
2022.02.16 12:00:00,-12.17929
2022.02.16 14:00:00,-12.15982
2022.02.16 16:00:00,-12.10141
2022.02.16 18:00:00,-12.04303
2022.02.16 20:00:00,-12.00412
2022.02.16 22:00:00,-11.98468
2022.02.17 00:00:00,-12.00412
2022.02.17 02:00:00,-12.06247
2022.02.17 04:00:00,-12.10141
2022.02.17 06:00:00,-12.19879
2022.02.17 08:00:00,-12.29626
2022.02.17 10:00:00,-12.39383
2022.02.17 12:00:00,-12.51105
2022.02.17 14:00:00,-12.58926
2022.02.17 16:00:00,-12.64798
2022.02.17 18:00:00,-12.64798
2022.02.17 20:00:00,-12.66757
2022.02.17 22:00:00,-12.70676
2022.02.18 00:00:00,-12.76553
2022.02.18 02:00:00,-12.84399
2022.02.18 04:00:00,-12.94214
2022.02.18 06:00:00,-13.07974
2022.02.18 08:00:00,-13.19788
2022.02.18 10:00:00,-13.33588
2022.02.18 12:00:00,-13.47412
2022.02.18 14:00:00,-13.55322
2022.02.18 16:00:00,-13.5928
2022.02.18 18:00:00,-13.5928
2022.02.18 20:00:00,-13.573
2022.02.18 22:00:00,-13.573
2022.02.19 00:00:00,-13.5928
2022.02.19 02:00:00,-13.61261
2022.02.19 04:00:00,-13.67203
2022.02.19 06:00:00,-13.73148
2022.02.19 08:00:00,-13.79099
2022.02.19 10:00:00,-13.87039
2022.02.19 12:00:00,-13.94989
2022.02.19 14:00:00,-13.98965
2022.02.19 16:00:00,-13.96979
2022.02.19 18:00:00,-13.93002
2022.02.19 20:00:00,-13.87039
2022.02.19 22:00:00,-13.83069
2022.02.20 00:00:00,-13.81082
2022.02.20 02:00:00,-13.81082
2022.02.20 04:00:00,-13.83069
2022.02.20 06:00:00,-13.89026
2022.02.20 08:00:00,-13.93002
2022.02.20 10:00:00,-13.98965
2022.02.20 12:00:00,-14.04938
2022.02.20 14:00:00,-14.06927
2022.02.20 16:00:00,-14.04938
2022.02.20 18:00:00,-13.96979
2022.02.20 20:00:00,-13.91013
2022.02.20 22:00:00,-13.87039
2022.02.21 00:00:00,-13.85052
2022.02.21 02:00:00,-13.85052
2022.02.21 04:00:00,-13.89026
2022.02.21 06:00:00,-13.93002
2022.02.21 08:00:00,-13.98965
2022.02.21 10:00:00,-14.06927
2022.02.21 12:00:00,-14.12906
2022.02.21 14:00:00,-14.16891
2022.02.21 16:00:00,-14.14899
2022.02.21 18:00:00,-14.0892
2022.02.21 20:00:00,-14.02945
2022.02.21 22:00:00,-13.96979
2022.02.22 00:00:00,-13.94989
2022.02.22 02:00:00,-13.94989
2022.02.22 04:00:00,-13.96979
2022.02.22 06:00:00,-14.00955
2022.02.22 08:00:00,-14.06927
2022.02.22 10:00:00,-14.12906
2022.02.22 12:00:00,-14.16891
2022.02.22 14:00:00,-14.18884
2022.02.22 16:00:00,-14.14899
2022.02.22 18:00:00,-14.06927
2022.02.22 20:00:00,-13.98965
2022.02.22 22:00:00,-13.91013
2022.02.23 00:00:00,-13.87039
2022.02.23 02:00:00,-13.83069
2022.02.23 04:00:00,-13.81082
2022.02.23 06:00:00,-13.81082
2022.02.23 08:00:00,-13.81082
2022.02.23 10:00:00,-13.81082
2022.02.23 12:00:00,-13.79099
2022.02.23 14:00:00,-13.75131
2022.02.23 16:00:00,-13.63239
2022.02.23 18:00:00,-13.51367
2022.02.23 20:00:00,-13.37537
2022.02.23 22:00:00,-13.25699
2022.02.24 00:00:00,-13.17816
2022.02.24 02:00:00,-13.09943
2022.02.24 04:00:00,-13.07974
2022.02.24 06:00:00,-13.04041
2022.02.24 08:00:00,-13.04041
2022.02.24 10:00:00,-13.06009
2022.02.24 12:00:00,-13.06009
2022.02.24 14:00:00,-13.04041
2022.02.24 16:00:00,-12.96179
2022.02.24 18:00:00,-12.82437
2022.02.24 20:00:00,-12.70676
2022.02.24 22:00:00,-12.60886
2022.02.25 00:00:00,-12.53061
2022.02.25 02:00:00,-12.49152
2022.02.25 04:00:00,-12.45242
2022.02.25 06:00:00,-12.41336
2022.02.25 08:00:00,-12.41336
2022.02.25 10:00:00,-12.41336
2022.02.25 12:00:00,-12.3743
2022.02.25 14:00:00,-12.31577
2022.02.25 16:00:00,-12.19879
2022.02.25 18:00:00,-12.06247
2022.02.25 20:00:00,-11.96524
2022.02.25 22:00:00,-11.8681
2022.02.26 00:00:00,-11.79044
2022.02.26 02:00:00,-11.75162
2022.02.26 04:00:00,-11.73224
2022.02.26 06:00:00,-11.73224
2022.02.26 08:00:00,-11.71283
2022.02.26 10:00:00,-11.71283
2022.02.26 12:00:00,-11.69345
2022.02.26 14:00:00,-11.63531
2022.02.26 16:00:00,-11.55783
2022.02.26 18:00:00,-11.44171
2022.02.26 20:00:00,-11.34503
2022.02.26 22:00:00,-11.26776
2022.02.27 00:00:00,-11.22916
2022.02.27 02:00:00,-11.20984
2022.02.27 04:00:00,-11.20984
2022.02.27 06:00:00,-11.22916
2022.02.27 08:00:00,-11.26776
2022.02.27 10:00:00,-11.3064
2022.02.27 12:00:00,-11.36435
2022.02.27 14:00:00,-11.3837
2022.02.27 16:00:00,-11.3837
2022.02.27 18:00:00,-11.32571
2022.02.27 20:00:00,-11.28708
2022.02.27 22:00:00,-11.26776
2022.02.28 00:00:00,-11.26776
2022.02.28 02:00:00,-11.3064
2022.02.28 04:00:00,-11.34503
2022.02.28 06:00:00,-11.40302
2022.02.28 08:00:00,-11.48041
2022.02.28 10:00:00,-11.55783
2022.02.28 12:00:00,-11.61594
2022.02.28 14:00:00,-11.65469
2022.02.28 16:00:00,-11.63531
2022.02.28 18:00:00,-11.55783
2022.02.28 20:00:00,-11.49976
2022.02.28 22:00:00,-11.46106
2022.03.01 00:00:00,-11.44171
2022.03.01 02:00:00,-11.44171
2022.03.01 04:00:00,-11.46106
2022.03.01 06:00:00,-11.49976
2022.03.01 08:00:00,-11.53845
2022.03.01 10:00:00,-11.59656
2022.03.01 12:00:00,-11.63531
2022.03.01 14:00:00,-11.65469
2022.03.01 16:00:00,-11.61594
2022.03.01 18:00:00,-11.53845
2022.03.01 20:00:00,-11.46106
2022.03.01 22:00:00,-11.42236
2022.03.02 00:00:00,-11.40302
2022.03.02 02:00:00,-11.42236
2022.03.02 04:00:00,-11.46106
2022.03.02 06:00:00,-11.5191
2022.03.02 08:00:00,-11.57718
2022.03.02 10:00:00,-11.63531
2022.03.02 12:00:00,-11.69345
2022.03.02 14:00:00,-11.73224
2022.03.02 16:00:00,-11.71283
2022.03.02 18:00:00,-11.63531
2022.03.02 20:00:00,-11.57718
2022.03.02 22:00:00,-11.53845
2022.03.03 00:00:00,-11.5191
2022.03.03 02:00:00,-11.5191
2022.03.03 04:00:00,-11.55783
2022.03.03 06:00:00,-11.59656
2022.03.03 08:00:00,-11.67407
2022.03.03 10:00:00,-11.75162
2022.03.03 12:00:00,-11.82925
2022.03.03 14:00:00,-11.8681
2022.03.03 16:00:00,-11.82925
2022.03.03 18:00:00,-11.77103
2022.03.03 20:00:00,-11.69345
2022.03.03 22:00:00,-11.65469
2022.03.04 00:00:00,-11.63531
2022.03.04 02:00:00,-11.63531
2022.03.04 04:00:00,-11.67407
2022.03.04 06:00:00,-11.71283
2022.03.04 08:00:00,-11.77103
2022.03.04 10:00:00,-11.82925
2022.03.04 12:00:00,-11.84866
2022.03.04 14:00:00,-11.82925
2022.03.04 16:00:00,-11.75162
2022.03.04 18:00:00,-11.63531
2022.03.04 20:00:00,-11.5191
2022.03.04 22:00:00,-11.40302
2022.03.05 00:00:00,-11.32571
2022.03.05 02:00:00,-11.26776
2022.03.05 04:00:00,-11.20984
2022.03.05 06:00:00,-11.17123
2022.03.05 08:00:00,-11.15195
2022.03.05 10:00:00,-11.15195
2022.03.05 12:00:00,-11.17123
2022.03.05 14:00:00,-11.19055
2022.03.05 16:00:00,-11.17123
2022.03.05 18:00:00,-11.13266
2022.03.05 20:00:00,-11.05551
2022.03.05 22:00:00,-10.99771
2022.03.06 00:00:00,-10.90143
2022.03.06 02:00:00,-10.84369
2022.03.06 04:00:00,-10.76672
2022.03.06 06:00:00,-10.70905
2022.03.06 08:00:00,-10.68985
2022.03.06 10:00:00,-10.6322
2022.03.06 12:00:00,-10.55539
2022.03.06 14:00:00,-10.44025
2022.03.06 16:00:00,-10.2486
2022.03.06 18:00:00,-10.07632
2022.03.06 20:00:00,-9.92337
2022.03.06 22:00:00,-9.789673
2022.03.07 00:00:00,-9.694275
2022.03.07 02:00:00,-9.637024
2022.03.07 04:00:00,-9.598907
2022.03.07 06:00:00,-9.579834
2022.03.07 08:00:00,-9.56076
2022.03.07 10:00:00,-9.56076
2022.03.07 12:00:00,-9.56076
2022.03.07 14:00:00,-9.503601
2022.03.07 16:00:00,-9.408356
2022.03.07 18:00:00,-9.313141
2022.03.07 20:00:00,-9.23703
2022.03.07 22:00:00,-9.218018
2022.03.08 00:00:00,-9.218018
2022.03.08 02:00:00,-9.256073
2022.03.08 04:00:00,-9.294128
2022.03.08 06:00:00,-9.332184
2022.03.08 08:00:00,-9.351227
2022.03.08 10:00:00,-9.37027
2022.03.08 12:00:00,-9.351227
2022.03.08 14:00:00,-9.275085
2022.03.08 16:00:00,-9.122925
2022.03.08 18:00:00,-8.970917
2022.03.08 20:00:00,-8.837982
2022.03.08 22:00:00,-8.724152
2022.03.09 00:00:00,-8.686218
2022.03.09 02:00:00,-8.648285
2022.03.09 04:00:00,-8.629303
2022.03.09 06:00:00,-8.629303
2022.03.09 08:00:00,-8.629303
2022.03.09 10:00:00,-8.5914
2022.03.09 12:00:00,-8.515594
2022.03.09 14:00:00,-8.382965
2022.03.09 16:00:00,-8.231506
2022.03.09 18:00:00,-8.08017
2022.03.09 20:00:00,-7.966736
2022.03.09 22:00:00,-7.910004
2022.03.10 00:00:00,-7.891113
2022.03.10 02:00:00,-7.910004
2022.03.10 04:00:00,-7.947815
2022.03.10 06:00:00,-7.966736
2022.03.10 08:00:00,-8.004517
2022.03.10 10:00:00,-8.042358
2022.03.10 12:00:00,-8.061249
2022.03.10 14:00:00,-8.023438
2022.03.10 16:00:00,-7.928925
2022.03.10 18:00:00,-7.815552
2022.03.10 20:00:00,-7.73999
2022.03.10 22:00:00,-7.7211
2022.03.11 00:00:00,-7.73999
2022.03.11 02:00:00,-7.796661
2022.03.11 04:00:00,-7.853333
2022.03.11 06:00:00,-7.928925
2022.03.11 08:00:00,-8.023438
2022.03.11 10:00:00,-8.061249
2022.03.11 12:00:00,-8.042358
2022.03.11 14:00:00,-7.985626
2022.03.11 16:00:00,-7.872223
2022.03.11 18:00:00,-7.758881
2022.03.11 20:00:00,-7.664459
2022.03.11 22:00:00,-7.607819
2022.03.12 00:00:00,-7.588928
2022.03.12 02:00:00,-7.570038
2022.03.12 04:00:00,-7.532318
2022.03.12 06:00:00,-7.513428
2022.03.12 08:00:00,-7.494568
2022.03.12 10:00:00,-7.475677
2022.03.12 12:00:00,-7.437958
2022.03.12 14:00:00,-7.400238
2022.03.12 16:00:00,-7.362488
2022.03.12 18:00:00,-7.287048
2022.03.12 20:00:00,-7.249359
2022.03.12 22:00:00,-7.211639
2022.03.13 00:00:00,-7.15509
2022.03.13 02:00:00,-7.13623
2022.03.13 04:00:00,-7.117401
2022.03.13 06:00:00,-7.079681
2022.03.13 08:00:00,-7.079681
2022.03.13 10:00:00,-7.060852
2022.03.13 12:00:00,-7.060852
2022.03.13 14:00:00,-7.023163
2022.03.13 16:00:00,-6.966644
2022.03.13 18:00:00,-6.910126
2022.03.13 20:00:00,-6.834778
2022.03.13 22:00:00,-6.797119
2022.03.14 00:00:00,-6.740631
2022.03.14 02:00:00,-6.702972
2022.03.14 04:00:00,-6.684143
2022.03.14 06:00:00,-6.665314
2022.03.14 08:00:00,-6.646484
2022.03.14 10:00:00,-6.646484
2022.03.14 12:00:00,-6.627655
2022.03.14 14:00:00,-6.608826
2022.03.14 16:00:00,-6.571198
2022.03.14 18:00:00,-6.514709
2022.03.14 20:00:00,-6.458252
2022.03.14 22:00:00,-6.420624
2022.03.15 00:00:00,-6.401825
2022.03.15 02:00:00,-6.382996
2022.03.15 04:00:00,-6.382996
2022.03.15 06:00:00,-6.401825
2022.03.15 08:00:00,-6.420624
2022.03.15 10:00:00,-6.420624
2022.03.15 12:00:00,-6.420624
2022.03.15 14:00:00,-6.401825
2022.03.15 16:00:00,-6.382996
2022.03.15 18:00:00,-6.364166
2022.03.15 20:00:00,-6.307739
2022.03.15 22:00:00,-6.270111
2022.03.16 00:00:00,-6.270111
2022.03.16 02:00:00,-6.251312
2022.03.16 04:00:00,-6.232483
2022.03.16 06:00:00,-6.232483
2022.03.16 08:00:00,-6.232483
2022.03.16 10:00:00,-6.232483
2022.03.16 12:00:00,-6.232483
2022.03.16 14:00:00,-6.232483
2022.03.16 16:00:00,-6.213684
2022.03.16 18:00:00,-6.176056
2022.03.16 20:00:00,-6.157257
2022.03.16 22:00:00,-6.138458
2022.03.17 00:00:00,-6.119629
2022.03.17 02:00:00,-6.10083
2022.03.17 04:00:00,-6.10083
2022.03.17 06:00:00,-6.10083
2022.03.17 08:00:00,-6.082031
2022.03.17 10:00:00,-6.082031
2022.03.17 12:00:00,-6.082031
2022.03.17 14:00:00,-6.063232
2022.03.17 16:00:00,-6.025604
2022.03.17 18:00:00,-6.006805
2022.03.17 20:00:00,-5.969208
2022.03.17 22:00:00,-5.912781
2022.03.18 00:00:00,-5.893982
2022.03.18 02:00:00,-5.875183
2022.03.18 04:00:00,-5.856384
2022.03.18 06:00:00,-5.856384
2022.03.18 08:00:00,-5.856384
2022.03.18 10:00:00,-5.875183
2022.03.18 12:00:00,-5.875183
2022.03.18 14:00:00,-5.856384
2022.03.18 16:00:00,-5.818787
2022.03.18 18:00:00,-5.799988
2022.03.18 20:00:00,-5.76239
2022.03.18 22:00:00,-5.743591
2022.03.19 00:00:00,-5.724792
2022.03.19 02:00:00,-5.724792
2022.03.19 04:00:00,-5.743591
2022.03.19 06:00:00,-5.781189
2022.03.19 08:00:00,-5.799988
2022.03.19 10:00:00,-5.837585
2022.03.19 12:00:00,-5.875183
2022.03.19 14:00:00,-5.875183
2022.03.19 16:00:00,-5.875183
2022.03.19 18:00:00,-5.875183
2022.03.19 20:00:00,-5.875183
2022.03.19 22:00:00,-5.875183
2022.03.20 00:00:00,-5.875183
2022.03.20 02:00:00,-5.893982
2022.03.20 04:00:00,-5.912781
2022.03.20 06:00:00,-5.950378
2022.03.20 08:00:00,-5.988007
2022.03.20 10:00:00,-6.044403
2022.03.20 12:00:00,-6.082031
2022.03.20 14:00:00,-6.119629
2022.03.20 16:00:00,-6.157257
2022.03.20 18:00:00,-6.157257
2022.03.20 20:00:00,-6.176056
2022.03.20 22:00:00,-6.176056
2022.03.21 00:00:00,-6.213684
2022.03.21 02:00:00,-6.232483
2022.03.21 04:00:00,-6.270111
2022.03.21 06:00:00,-6.28894
2022.03.21 08:00:00,-6.345367
2022.03.21 10:00:00,-6.382996
2022.03.21 12:00:00,-6.458252
2022.03.21 14:00:00,-6.495911
2022.03.21 16:00:00,-6.533539
2022.03.21 18:00:00,-6.552368
2022.03.21 20:00:00,-6.589996
2022.03.21 22:00:00,-6.608826
2022.03.22 00:00:00,-6.627655
2022.03.22 02:00:00,-6.627655
2022.03.22 04:00:00,-6.665314
2022.03.22 06:00:00,-6.684143
2022.03.22 08:00:00,-6.702972
2022.03.22 10:00:00,-6.721802
2022.03.22 12:00:00,-6.740631
2022.03.22 14:00:00,-6.75946
2022.03.22 16:00:00,-6.75946
2022.03.22 18:00:00,-6.75946
2022.03.22 20:00:00,-6.740631
2022.03.22 22:00:00,-6.721802
2022.03.23 00:00:00,-6.702972
2022.03.23 02:00:00,-6.684143
2022.03.23 04:00:00,-6.684143
2022.03.23 06:00:00,-6.684143
2022.03.23 08:00:00,-6.684143
2022.03.23 10:00:00,-6.665314
2022.03.23 12:00:00,-6.684143
2022.03.23 14:00:00,-6.665314
2022.03.23 16:00:00,-6.665314
2022.03.23 18:00:00,-6.627655
2022.03.23 20:00:00,-6.627655
2022.03.23 22:00:00,-6.589996
2022.03.24 00:00:00,-6.571198
2022.03.24 02:00:00,-6.552368
2022.03.24 04:00:00,-6.552368
2022.03.24 06:00:00,-6.533539
2022.03.24 08:00:00,-6.533539
2022.03.24 10:00:00,-6.533539
2022.03.24 12:00:00,-6.533539
2022.03.24 14:00:00,-6.533539
2022.03.24 16:00:00,-6.533539
2022.03.24 18:00:00,-6.514709
2022.03.24 20:00:00,-6.533539
2022.03.24 22:00:00,-6.514709
2022.03.25 00:00:00,-6.514709
2022.03.25 02:00:00,-6.514709
2022.03.25 04:00:00,-6.533539
2022.03.25 06:00:00,-6.552368
2022.03.25 08:00:00,-6.571198
2022.03.25 10:00:00,-6.589996
2022.03.25 12:00:00,-6.608826
2022.03.25 14:00:00,-6.627655
2022.03.25 16:00:00,-6.646484
2022.03.25 18:00:00,-6.665314
2022.03.25 20:00:00,-6.665314
2022.03.25 22:00:00,-6.684143
2022.03.26 00:00:00,-6.684143
2022.03.26 02:00:00,-6.684143
2022.03.26 04:00:00,-6.702972
2022.03.26 06:00:00,-6.721802
2022.03.26 08:00:00,-6.740631
2022.03.26 10:00:00,-6.75946
2022.03.26 12:00:00,-6.77829
2022.03.26 14:00:00,-6.815948
2022.03.26 16:00:00,-6.834778
2022.03.26 18:00:00,-6.853607
2022.03.26 20:00:00,-6.872437
2022.03.26 22:00:00,-6.872437
2022.03.27 00:00:00,-6.891296
2022.03.27 02:00:00,-6.891296
2022.03.27 04:00:00,-6.891296
2022.03.27 06:00:00,-6.891296
2022.03.27 08:00:00,-6.910126
2022.03.27 10:00:00,-6.891296
2022.03.27 12:00:00,-6.910126
2022.03.27 14:00:00,-6.891296
2022.03.27 16:00:00,-6.891296
2022.03.27 18:00:00,-6.891296
2022.03.27 20:00:00,-6.872437
2022.03.27 22:00:00,-6.853607
2022.03.28 00:00:00,-6.834778
2022.03.28 02:00:00,-6.815948
2022.03.28 04:00:00,-6.797119
2022.03.28 06:00:00,-6.797119
2022.03.28 08:00:00,-6.797119
2022.03.28 10:00:00,-6.797119
2022.03.28 12:00:00,-6.815948
2022.03.28 14:00:00,-6.834778
2022.03.28 16:00:00,-6.834778
2022.03.28 18:00:00,-6.872437
2022.03.28 20:00:00,-6.872437
2022.03.28 22:00:00,-6.891296
2022.03.29 00:00:00,-6.891296
2022.03.29 02:00:00,-6.910126
2022.03.29 04:00:00,-6.928955
2022.03.29 06:00:00,-6.928955
2022.03.29 08:00:00,-6.947784
2022.03.29 10:00:00,-6.966644
2022.03.29 12:00:00,-6.985474
2022.03.29 14:00:00,-7.023163
2022.03.29 16:00:00,-7.041992
2022.03.29 18:00:00,-7.060852
2022.03.29 20:00:00,-7.079681
2022.03.29 22:00:00,-7.079681
2022.03.30 00:00:00,-7.079681
2022.03.30 02:00:00,-7.079681
2022.03.30 04:00:00,-7.098541
2022.03.30 06:00:00,-7.098541
2022.03.30 08:00:00,-7.098541
2022.03.30 10:00:00,-7.117401
2022.03.30 12:00:00,-7.13623
2022.03.30 14:00:00,-7.17395
2022.03.30 16:00:00,-7.19278
2022.03.30 18:00:00,-7.230499
2022.03.30 20:00:00,-7.249359
2022.03.30 22:00:00,-7.268188
2022.03.31 00:00:00,-7.268188
2022.03.31 02:00:00,-7.287048
2022.03.31 04:00:00,-7.305908
2022.03.31 06:00:00,-7.324768
2022.03.31 08:00:00,-7.362488
2022.03.31 10:00:00,-7.419098
2022.03.31 12:00:00,-7.456818
2022.03.31 14:00:00,-7.494568
2022.03.31 16:00:00,-7.532318
2022.03.31 18:00:00,-7.570038
2022.03.31 20:00:00,-7.588928
2022.03.31 22:00:00,-7.626678
2022.04.01 00:00:00,-7.626678
2022.04.01 02:00:00,-7.626678
2022.04.01 04:00:00,-7.645569
2022.04.01 06:00:00,-7.645569
2022.04.01 08:00:00,-7.645569
2022.04.01 10:00:00,-7.664459
2022.04.01 12:00:00,-7.683319
2022.04.01 14:00:00,-7.683319
2022.04.01 16:00:00,-7.683319
2022.04.01 18:00:00,-7.664459
2022.04.01 20:00:00,-7.664459
2022.04.01 22:00:00,-7.626678
2022.04.02 00:00:00,-7.607819
2022.04.02 02:00:00,-7.588928
2022.04.02 04:00:00,-7.570038
2022.04.02 06:00:00,-7.551178
2022.04.02 08:00:00,-7.551178
2022.04.02 10:00:00,-7.551178
2022.04.02 12:00:00,-7.551178
2022.04.02 14:00:00,-7.570038
2022.04.02 16:00:00,-7.588928
2022.04.02 18:00:00,-7.588928
2022.04.02 20:00:00,-7.588928
2022.04.02 22:00:00,-7.588928
2022.04.03 00:00:00,-7.570038
2022.04.03 02:00:00,-7.551178
2022.04.03 04:00:00,-7.532318
2022.04.03 06:00:00,-7.532318
2022.04.03 08:00:00,-7.532318
2022.04.03 10:00:00,-7.532318
2022.04.03 12:00:00,-7.532318
2022.04.03 14:00:00,-7.551178
2022.04.03 16:00:00,-7.551178
2022.04.03 18:00:00,-7.551178
2022.04.03 20:00:00,-7.551178
2022.04.03 22:00:00,-7.532318
2022.04.04 00:00:00,-7.513428
2022.04.04 02:00:00,-7.475677
2022.04.04 04:00:00,-7.456818
2022.04.04 06:00:00,-7.437958
2022.04.04 08:00:00,-7.437958
2022.04.04 10:00:00,-7.456818
2022.04.04 12:00:00,-7.475677
2022.04.04 14:00:00,-7.494568
2022.04.04 16:00:00,-7.494568
2022.04.04 18:00:00,-7.494568
2022.04.04 20:00:00,-7.475677
2022.04.04 22:00:00,-7.437958
2022.04.05 00:00:00,-7.400238
2022.04.05 02:00:00,-7.381348
2022.04.05 04:00:00,-7.362488
2022.04.05 06:00:00,-7.343628
2022.04.05 08:00:00,-7.324768
2022.04.05 10:00:00,-7.343628
2022.04.05 12:00:00,-7.343628
2022.04.05 14:00:00,-7.343628
2022.04.05 16:00:00,-7.343628
2022.04.05 18:00:00,-7.324768
2022.04.05 20:00:00,-7.287048
2022.04.05 22:00:00,-7.249359
2022.04.06 00:00:00,-7.19278
2022.04.06 02:00:00,-7.15509
2022.04.06 04:00:00,-7.098541
2022.04.06 06:00:00,-7.079681
2022.04.06 08:00:00,-7.060852
2022.04.06 10:00:00,-7.079681
2022.04.06 12:00:00,-7.079681
2022.04.06 14:00:00,-7.079681
2022.04.06 16:00:00,-7.079681
2022.04.06 18:00:00,-7.041992
2022.04.06 20:00:00,-6.985474
2022.04.06 22:00:00,-6.891296
2022.04.07 00:00:00,-6.815948
2022.04.07 02:00:00,-6.740631
2022.04.07 04:00:00,-6.684143
2022.04.07 06:00:00,-6.646484
2022.04.07 08:00:00,-6.627655
2022.04.07 10:00:00,-6.627655
2022.04.07 12:00:00,-6.627655
2022.04.07 14:00:00,-6.608826
2022.04.07 16:00:00,-5.856384
2022.04.07 18:00:00,-4.785034
2022.04.07 20:00:00,-4.202301
2022.04.07 22:00:00,-3.750854
2022.04.08 00:00:00,-3.430878
2022.04.08 02:00:00,-3.204865
2022.04.08 04:00:00,-3.148346
2022.04.08 06:00:00,-3.167175
2022.04.08 08:00:00,-3.204865
2022.04.08 10:00:00,-3.223694
2022.04.08 12:00:00,-3.223694
2022.04.08 14:00:00,-3.148346
2022.04.08 16:00:00,-2.601471
2022.04.08 18:00:00,-2.204865
2022.04.08 20:00:00,-1.902252
2022.04.08 22:00:00,-1.656097
2022.04.09 00:00:00,-1.466553
2022.04.09 02:00:00,-1.333771
2022.04.09 04:00:00,-1.238861
2022.04.09 06:00:00,-1.181885
2022.04.09 08:00:00,-1.162903
2022.04.09 10:00:00,-1.143921
2022.04.09 12:00:00,-1.143921
2022.04.09 14:00:00,-1.143921
2022.04.09 16:00:00,-1.143921
2022.04.09 18:00:00,-1.105927
2022.04.09 20:00:00,-1.067932
2022.04.09 22:00:00,-1.010895
2022.04.10 00:00:00,-0.9918823
2022.04.10 02:00:00,-0.9728699
2022.04.10 04:00:00,-0.934845
2022.04.10 06:00:00,-0.934845
2022.04.10 08:00:00,-0.9538574
2022.04.10 10:00:00,-0.9538574
2022.04.10 12:00:00,-0.9538574
2022.04.10 14:00:00,-0.9728699
2022.04.10 16:00:00,-0.9918823
2022.04.10 18:00:00,-1.010895
2022.04.10 20:00:00,-1.04892
2022.04.10 22:00:00,-1.067932
2022.04.11 00:00:00,-1.105927
2022.04.11 02:00:00,-1.143921
2022.04.11 04:00:00,-1.162903
2022.04.11 06:00:00,-1.200897
2022.04.11 08:00:00,-1.238861
2022.04.11 10:00:00,-1.295807
2022.04.11 12:00:00,-1.333771
2022.04.11 14:00:00,-1.371704
2022.04.11 16:00:00,-1.238861
2022.04.11 18:00:00,-0.9918823
2022.04.11 20:00:00,-0.7826538
2022.04.11 22:00:00,-0.6493835
2022.04.12 00:00:00,-0.5350647
2022.04.12 02:00:00,-0.4778442
2022.04.12 04:00:00,-0.4206543
2022.04.12 06:00:00,-0.4015808
2022.04.12 08:00:00,-0.3634033
2022.04.12 10:00:00,-0.3634033
2022.04.12 12:00:00,-0.3443298
2022.04.12 14:00:00,-0.3443298
2022.04.12 16:00:00,-0.3443298
2022.04.12 18:00:00,-0.3252563
2022.04.12 20:00:00,-0.3252563
2022.04.12 22:00:00,-0.3061523
2022.04.13 00:00:00,-0.2870789
2022.04.13 02:00:00,-0.2870789
2022.04.13 04:00:00,-0.2679749
2022.04.13 06:00:00,-0.2488708
2022.04.13 08:00:00,-0.2488708
2022.04.13 10:00:00,-0.2488708
2022.04.13 12:00:00,-0.2488708
2022.04.13 14:00:00,-0.2488708
2022.04.13 16:00:00,-0.1724854
2022.04.13 18:00:00,-0.03869629
2022.04.13 20:00:00,-0.01956177
2022.04.13 22:00:00,-0.01956177
2022.04.14 00:00:00,-0.01956177
2022.04.14 02:00:00,-0.01956177
2022.04.14 04:00:00,-0.01956177
2022.04.14 06:00:00,-0.01956177
2022.04.14 08:00:00,-0.01956177
2022.04.14 10:00:00,-0.01956177
2022.04.14 12:00:00,-0.01956177
2022.04.14 14:00:00,-0.01956177
2022.04.14 16:00:00,-0.01956177
2022.04.14 18:00:00,-0.01956177
2022.04.14 20:00:00,-0.01956177
2022.04.14 22:00:00,-0.01956177
2022.04.15 00:00:00,-0.01956177
2022.04.15 02:00:00,-0.01956177
2022.04.15 04:00:00,-0.01956177
2022.04.15 06:00:00,-0.01956177
2022.04.15 08:00:00,-0.01956177
2022.04.15 10:00:00,-0.01956177
2022.04.15 12:00:00,-0.01956177
2022.04.15 14:00:00,-0.01956177
2022.04.15 16:00:00,-0.01956177
2022.04.15 18:00:00,-0.01956177
2022.04.15 20:00:00,-0.01956177
2022.04.15 22:00:00,-0.01956177
2022.04.16 00:00:00,-0.01956177
2022.04.16 02:00:00,-0.01956177
2022.04.16 04:00:00,-0.01956177
2022.04.16 06:00:00,-0.01956177
2022.04.16 08:00:00,-0.01956177
2022.04.16 10:00:00,-0.03869629
2022.04.16 12:00:00,-0.03869629
2022.04.16 14:00:00,-0.03869629
2022.04.16 16:00:00,-0.03869629
2022.04.16 18:00:00,-0.01956177
2022.04.16 20:00:00,-0.01956177
2022.04.16 22:00:00,-0.01956177
2022.04.17 00:00:00,-0.01956177
2022.04.17 02:00:00,-0.01956177
2022.04.17 04:00:00,-0.01956177
2022.04.17 06:00:00,-0.01956177
2022.04.17 08:00:00,-0.01956177
2022.04.17 10:00:00,-0.01956177
2022.04.17 12:00:00,-0.01956177
2022.04.17 14:00:00,-0.01956177
2022.04.17 16:00:00,-0.01956177
2022.04.17 18:00:00,-0.01956177
2022.04.17 20:00:00,-0.01956177
2022.04.17 22:00:00,-0.01956177
2022.04.18 00:00:00,-0.01956177
2022.04.18 02:00:00,-0.01956177
2022.04.18 04:00:00,-0.01956177
2022.04.18 06:00:00,-0.01956177
2022.04.18 08:00:00,-0.01956177
2022.04.18 10:00:00,-0.01956177
2022.04.18 12:00:00,-0.01956177
2022.04.18 14:00:00,-0.01956177
2022.04.18 16:00:00,-0.0004272461
2022.04.18 18:00:00,-0.01956177
2022.04.18 20:00:00,-0.01956177
2022.04.18 22:00:00,-0.01956177
2022.04.19 00:00:00,-0.01956177
2022.04.19 02:00:00,-0.01956177
2022.04.19 04:00:00,-0.01956177
2022.04.19 06:00:00,-0.01956177
2022.04.19 08:00:00,-0.01956177
2022.04.19 10:00:00,-0.01956177
2022.04.19 12:00:00,-0.01956177
2022.04.19 14:00:00,-0.0004272461
2022.04.19 16:00:00,-0.01956177
2022.04.19 18:00:00,-0.01956177
2022.04.19 20:00:00,-0.01956177
2022.04.19 22:00:00,-0.0004272461
2022.04.20 00:00:00,-0.01956177
2022.04.20 02:00:00,-0.01956177
2022.04.20 04:00:00,-0.01956177
2022.04.20 06:00:00,-0.01956177
2022.04.20 08:00:00,-0.01956177
2022.04.20 10:00:00,-0.0004272461
2022.04.20 12:00:00,-0.0004272461
2022.04.20 14:00:00,-0.01956177
2022.04.20 16:00:00,-0.01956177
2022.04.20 18:00:00,-0.01956177
2022.04.20 20:00:00,-0.0004272461
2022.04.20 22:00:00,-0.01956177
2022.04.21 00:00:00,-0.01956177
2022.04.21 02:00:00,-0.01956177
2022.04.21 04:00:00,-0.0004272461
2022.04.21 06:00:00,-0.0004272461
2022.04.21 08:00:00,-0.01956177
2022.04.21 10:00:00,-0.01956177
2022.04.21 12:00:00,-0.01956177
2022.04.21 14:00:00,-0.01956177
2022.04.21 16:00:00,-0.01956177
2022.04.21 18:00:00,-0.01956177
2022.04.21 20:00:00,-0.01956177
2022.04.21 22:00:00,-0.01956177
2022.04.22 00:00:00,-0.01956177
2022.04.22 02:00:00,-0.0004272461
2022.04.22 04:00:00,-0.0004272461
2022.04.22 06:00:00,-0.0004272461
2022.04.22 08:00:00,-0.01956177
2022.04.22 10:00:00,-0.01956177
2022.04.22 12:00:00,-0.01956177
2022.04.22 14:00:00,-0.01956177
2022.04.22 16:00:00,-0.0004272461
2022.04.22 18:00:00,-0.0004272461
2022.04.22 20:00:00,-0.0004272461
2022.04.22 22:00:00,-0.01956177
2022.04.23 00:00:00,-0.01956177
2022.04.23 02:00:00,-0.01956177
2022.04.23 04:00:00,-0.01956177
2022.04.23 06:00:00,-0.0004272461
2022.04.23 08:00:00,-0.0004272461
2022.04.23 10:00:00,-0.01956177
2022.04.23 12:00:00,-0.01956177
2022.04.23 14:00:00,-0.0004272461
2022.04.23 16:00:00,-0.01956177
2022.04.23 18:00:00,-0.0004272461
2022.04.23 20:00:00,-0.0004272461
2022.04.23 22:00:00,-0.01956177
2022.04.24 00:00:00,-0.01956177
2022.04.24 02:00:00,-0.01956177
2022.04.24 04:00:00,-0.01956177
2022.04.24 06:00:00,-0.01956177
2022.04.24 08:00:00,-0.0004272461
2022.04.24 10:00:00,-0.0004272461
2022.04.24 12:00:00,-0.01956177
2022.04.24 14:00:00,-0.01956177
2022.04.24 16:00:00,-0.01956177
2022.04.24 18:00:00,-0.0004272461
2022.04.24 20:00:00,-0.0004272461
2022.04.24 22:00:00,-0.01956177
2022.04.25 00:00:00,-0.01956177
2022.04.25 02:00:00,-0.01956177
2022.04.25 04:00:00,-0.0004272461
2022.04.25 06:00:00,-0.01956177
2022.04.25 08:00:00,-0.01956177
2022.04.25 10:00:00,-0.01956177
2022.04.25 12:00:00,-0.01956177
2022.04.25 14:00:00,-0.0004272461
2022.04.25 16:00:00,-0.01956177
2022.04.25 18:00:00,-0.01956177
2022.04.25 20:00:00,-0.01956177
2022.04.25 22:00:00,-0.0004272461
2022.04.26 00:00:00,-0.01956177
2022.04.26 02:00:00,-0.01956177
2022.04.26 04:00:00,-0.01956177
2022.04.26 06:00:00,-0.01956177
2022.04.26 08:00:00,-0.0004272461
2022.04.26 10:00:00,-0.0004272461
2022.04.26 12:00:00,-0.01956177
2022.04.26 14:00:00,-0.01956177
2022.04.26 16:00:00,-0.0004272461
2022.04.26 18:00:00,-0.01956177
2022.04.26 20:00:00,-0.01956177
2022.04.26 22:00:00,-0.01956177
2022.04.27 00:00:00,-0.0004272461
2022.04.27 02:00:00,-0.01956177
2022.04.27 04:00:00,-0.01956177
2022.04.27 06:00:00,-0.0004272461
2022.04.27 08:00:00,-0.01956177
2022.04.27 10:00:00,-0.01956177
2022.04.27 12:00:00,-0.01956177
2022.04.27 14:00:00,-0.01956177
2022.04.27 16:00:00,-0.01956177
2022.04.27 18:00:00,-0.0004272461
2022.04.27 20:00:00,-0.01956177
2022.04.27 22:00:00,-0.0004272461
2022.04.28 00:00:00,-0.01956177
2022.04.28 02:00:00,-0.0004272461
2022.04.28 04:00:00,-0.01956177
2022.04.28 06:00:00,-0.01956177
2022.04.28 08:00:00,-0.01956177
2022.04.28 10:00:00,-0.0004272461
2022.04.28 12:00:00,-0.0004272461
2022.04.28 14:00:00,-0.01956177
2022.04.28 16:00:00,-0.01956177
2022.04.28 18:00:00,-0.01956177
2022.04.28 20:00:00,-0.0004272461
2022.04.28 22:00:00,-0.01956177
2022.04.29 00:00:00,-0.01956177
2022.04.29 02:00:00,-0.01956177
2022.04.29 04:00:00,-0.0004272461
2022.04.29 06:00:00,-0.01956177
2022.04.29 08:00:00,-0.01956177
2022.04.29 10:00:00,-0.01956177
2022.04.29 12:00:00,-0.01956177
2022.04.29 14:00:00,-0.0004272461
2022.04.29 16:00:00,-0.01956177
2022.04.29 18:00:00,-0.01956177
2022.04.29 20:00:00,-0.01956177
2022.04.29 22:00:00,-0.01956177
2022.04.30 00:00:00,-0.0004272461
2022.04.30 02:00:00,-0.01956177
2022.04.30 04:00:00,-0.01956177
2022.04.30 06:00:00,-0.0004272461
2022.04.30 08:00:00,-0.01956177
2022.04.30 10:00:00,-0.01956177
2022.04.30 12:00:00,-0.01956177
2022.04.30 14:00:00,-0.0004272461
2022.04.30 16:00:00,-0.01956177
2022.04.30 18:00:00,-0.01956177
2022.04.30 20:00:00,-0.01956177
2022.04.30 22:00:00,-0.0004272461
2022.05.01 00:00:00,-0.01956177
2022.05.01 02:00:00,-0.01956177
2022.05.01 04:00:00,-0.01956177
2022.05.01 06:00:00,-0.01956177
2022.05.01 08:00:00,-0.01956177
2022.05.01 10:00:00,-0.01956177
2022.05.01 12:00:00,-0.0004272461
2022.05.01 14:00:00,-0.01956177
2022.05.01 16:00:00,-0.01956177
2022.05.01 18:00:00,-0.01956177
2022.05.01 20:00:00,-0.01956177
2022.05.01 22:00:00,-0.01956177
2022.05.02 00:00:00,-0.01956177
2022.05.02 02:00:00,-0.01956177
2022.05.02 04:00:00,-0.01956177
2022.05.02 06:00:00,-0.01956177
2022.05.02 08:00:00,-0.0004272461
2022.05.02 10:00:00,-0.01956177
2022.05.02 12:00:00,-0.0004272461
2022.05.02 14:00:00,-0.01956177
2022.05.02 16:00:00,-0.0004272461
2022.05.02 18:00:00,-0.0004272461
2022.05.02 20:00:00,-0.01956177
2022.05.02 22:00:00,-0.01956177
2022.05.03 00:00:00,-0.01956177
2022.05.03 02:00:00,-0.01956177
2022.05.03 04:00:00,-0.01956177
2022.05.03 06:00:00,-0.0004272461
2022.05.03 08:00:00,-0.0004272461
2022.05.03 10:00:00,-0.01956177
2022.05.03 12:00:00,-0.0004272461
2022.05.03 14:00:00,-0.01956177
2022.05.03 16:00:00,-0.01956177
2022.05.03 18:00:00,-0.0004272461
2022.05.03 20:00:00,-0.01956177
2022.05.03 22:00:00,-0.01956177
2022.05.04 00:00:00,-0.0004272461
2022.05.04 02:00:00,-0.0004272461
2022.05.04 04:00:00,-0.0004272461
2022.05.04 06:00:00,-0.01956177
2022.05.04 08:00:00,-0.01956177
2022.05.04 10:00:00,-0.01956177
2022.05.04 12:00:00,-0.0004272461
2022.05.04 14:00:00,0.01870728
2022.05.04 16:00:00,0.2484436
2022.05.04 18:00:00,0.3251038
2022.05.04 20:00:00,0.2484436
2022.05.04 22:00:00,0.1526794
2022.05.05 00:00:00,0.09524536
2022.05.05 02:00:00,0.03781128
2022.05.05 04:00:00,0.01870728
2022.05.05 06:00:00,-0.0004272461
2022.05.05 08:00:00,0.01870728
2022.05.05 10:00:00,0.03781128
2022.05.05 12:00:00,0.2101135
2022.05.05 14:00:00,0.3634338
2022.05.05 16:00:00,0.4401855
2022.05.05 18:00:00,0.3634338
2022.05.05 20:00:00,0.2292786
2022.05.05 22:00:00,0.1143799
2022.05.06 00:00:00,0.0569458
2022.05.06 02:00:00,0.01870728
2022.05.06 04:00:00,-0.0004272461
2022.05.06 06:00:00,-0.01956177
2022.05.06 08:00:00,-0.0004272461
2022.05.06 10:00:00,0.01870728
2022.05.06 12:00:00,0.5553589
2022.05.06 14:00:00,1.267883
2022.05.06 16:00:00,1.868164
2022.05.06 18:00:00,1.790527
2022.05.06 20:00:00,1.403137
2022.05.06 22:00:00,0.9785156
2022.05.07 00:00:00,0.6321716
2022.05.07 02:00:00,0.42099
2022.05.07 04:00:00,0.2867737
2022.05.07 06:00:00,0.190979
2022.05.07 08:00:00,0.171814
2022.05.07 10:00:00,0.3251038
2022.05.07 12:00:00,0.59375
2022.05.07 14:00:00,0.9014893
2022.05.07 16:00:00,1.152039
2022.05.07 18:00:00,1.094177
2022.05.07 20:00:00,0.8052368
2022.05.07 22:00:00,0.4977417
2022.05.08 00:00:00,0.2867737
2022.05.08 02:00:00,0.1335144
2022.05.08 04:00:00,0.0569458
2022.05.08 06:00:00,0.01870728
2022.05.08 08:00:00,-0.0004272461
2022.05.08 10:00:00,-0.0004272461
2022.05.08 12:00:00,0.2101135
2022.05.08 14:00:00,1.38382
2022.05.08 16:00:00,2.45224
2022.05.08 18:00:00,2.588989
2022.05.08 20:00:00,2.062469
2022.05.08 22:00:00,1.461151
2022.05.09 00:00:00,0.9400024
2022.05.09 02:00:00,0.5553589
2022.05.09 04:00:00,0.3251038
2022.05.09 06:00:00,0.190979
2022.05.09 08:00:00,0.09524536
2022.05.09 10:00:00,0.190979
2022.05.09 12:00:00,0.9207458
2022.05.09 14:00:00,2.04303
2022.05.09 16:00:00,3.196991
2022.05.09 18:00:00,3.453125
2022.05.09 20:00:00,3.020081
2022.05.09 22:00:00,2.354645
2022.05.10 00:00:00,1.712921
2022.05.10 02:00:00,1.171356
2022.05.10 04:00:00,0.7667542
2022.05.10 06:00:00,0.4977417
2022.05.10 08:00:00,0.3634338
2022.05.10 10:00:00,0.7090759
2022.05.10 12:00:00,1.403137
2022.05.10 14:00:00,2.374176
2022.05.10 16:00:00,3.177307
2022.05.10 18:00:00,3.216644
2022.05.10 20:00:00,2.902313
2022.05.10 22:00:00,2.491272
2022.05.11 00:00:00,1.945831
2022.05.11 02:00:00,1.480499
2022.05.11 04:00:00,1.171356
2022.05.11 06:00:00,0.9014893
2022.05.11 08:00:00,0.7090759
2022.05.11 10:00:00,0.6321716
2022.05.11 12:00:00,1.036346
2022.05.11 14:00:00,1.712921
2022.05.11 16:00:00,2.218201
2022.05.11 18:00:00,2.14032
2022.05.11 20:00:00,1.848724
2022.05.11 22:00:00,1.461151
2022.05.12 00:00:00,1.132751
2022.05.12 02:00:00,0.8437195
2022.05.12 04:00:00,0.6321716
2022.05.12 06:00:00,0.4593506
2022.05.12 08:00:00,0.3634338
2022.05.12 10:00:00,0.5169373
2022.05.12 12:00:00,0.8244629
2022.05.12 14:00:00,1.152039
2022.05.12 16:00:00,1.616028
2022.05.12 18:00:00,1.790527
2022.05.12 20:00:00,1.519226
2022.05.12 22:00:00,1.132751
2022.05.13 00:00:00,0.7859802
2022.05.13 02:00:00,0.5169373
2022.05.13 04:00:00,0.3251038
2022.05.13 06:00:00,0.2101135
2022.05.13 08:00:00,0.1335144
2022.05.13 10:00:00,0.1143799
2022.05.13 12:00:00,0.3251038
2022.05.13 14:00:00,0.59375
2022.05.13 16:00:00,0.9014893
2022.05.13 18:00:00,0.959259
2022.05.13 20:00:00,0.7667542
2022.05.13 22:00:00,0.5169373
2022.05.14 00:00:00,0.3442688
2022.05.14 02:00:00,0.2101135
2022.05.14 04:00:00,0.1143799
2022.05.14 06:00:00,0.07611084
2022.05.14 08:00:00,0.03781128
2022.05.14 10:00:00,0.01870728
2022.05.14 12:00:00,0.2101135
2022.05.14 14:00:00,0.8629761
2022.05.14 16:00:00,1.132751
2022.05.14 18:00:00,1.017059
2022.05.14 20:00:00,0.8052368
2022.05.14 22:00:00,0.6513977
2022.05.15 00:00:00,0.5169373
2022.05.15 02:00:00,0.4017944
2022.05.15 04:00:00,0.3059387
2022.05.15 06:00:00,0.2484436
2022.05.15 08:00:00,0.190979
2022.05.15 10:00:00,0.1526794
2022.05.15 12:00:00,0.1143799
2022.05.15 14:00:00,0.09524536
2022.05.15 16:00:00,0.07611084
2022.05.15 18:00:00,0.07611084
2022.05.15 20:00:00,0.0569458
2022.05.15 22:00:00,0.03781128
2022.05.16 00:00:00,0.03781128
2022.05.16 02:00:00,0.03781128
2022.05.16 04:00:00,0.03781128
2022.05.16 06:00:00,0.01870728
2022.05.16 08:00:00,0.01870728
2022.05.16 10:00:00,0.01870728
2022.05.16 12:00:00,-0.0004272461
2022.05.16 14:00:00,-0.0004272461
2022.05.16 16:00:00,0.01870728
2022.05.16 18:00:00,0.01870728
2022.05.16 20:00:00,0.03781128
2022.05.16 22:00:00,0.03781128
2022.05.17 00:00:00,0.01870728
2022.05.17 02:00:00,0.01870728
2022.05.17 04:00:00,-0.0004272461
2022.05.17 06:00:00,-0.0004272461
2022.05.17 08:00:00,-0.01956177
2022.05.17 10:00:00,-0.01956177
2022.05.17 12:00:00,-0.01956177
2022.05.17 14:00:00,-0.01956177
2022.05.17 16:00:00,-0.0004272461
2022.05.17 18:00:00,-0.01956177
2022.05.17 20:00:00,-0.0004272461
2022.05.17 22:00:00,-0.0004272461
2022.05.18 00:00:00,-0.0004272461
2022.05.18 02:00:00,-0.0004272461
2022.05.18 04:00:00,-0.0004272461
2022.05.18 06:00:00,-0.0004272461
2022.05.18 08:00:00,-0.0004272461
2022.05.18 10:00:00,-0.0004272461
2022.05.18 12:00:00,-0.0004272461
2022.05.18 14:00:00,0.07611084
2022.05.18 16:00:00,0.6129761
2022.05.18 18:00:00,0.959259
2022.05.18 20:00:00,0.9014893
2022.05.18 22:00:00,0.6898499
2022.05.19 00:00:00,0.4977417
2022.05.19 02:00:00,0.3442688
2022.05.19 04:00:00,0.2484436
2022.05.19 06:00:00,0.171814
2022.05.19 08:00:00,0.1335144
2022.05.19 10:00:00,0.2867737
2022.05.19 12:00:00,0.728302
2022.05.19 14:00:00,1.017059
2022.05.19 16:00:00,1.364471
2022.05.19 18:00:00,1.403137
2022.05.19 20:00:00,1.132751
2022.05.19 22:00:00,0.8244629
2022.05.20 00:00:00,0.5553589
2022.05.20 02:00:00,0.3442688
2022.05.20 04:00:00,0.190979
2022.05.20 06:00:00,0.1143799
2022.05.20 08:00:00,0.0569458
2022.05.20 10:00:00,0.01870728
2022.05.20 12:00:00,0.01870728
2022.05.20 14:00:00,0.01870728
2022.05.20 16:00:00,0.0569458
2022.05.20 18:00:00,0.1526794
2022.05.20 20:00:00,0.171814
2022.05.20 22:00:00,0.1143799
2022.05.21 00:00:00,0.07611084
2022.05.21 02:00:00,0.0569458
2022.05.21 04:00:00,0.01870728
2022.05.21 06:00:00,0.01870728
2022.05.21 08:00:00,-0.0004272461
2022.05.21 10:00:00,-0.0004272461
2022.05.21 12:00:00,-0.0004272461
2022.05.21 14:00:00,-0.0004272461
2022.05.21 16:00:00,0.01870728
2022.05.21 18:00:00,0.03781128
2022.05.21 20:00:00,0.0569458
2022.05.21 22:00:00,0.0569458
2022.05.22 00:00:00,0.03781128
2022.05.22 02:00:00,0.03781128
2022.05.22 04:00:00,0.03781128
2022.05.22 06:00:00,0.01870728
2022.05.22 08:00:00,0.01870728
2022.05.22 10:00:00,0.01870728
2022.05.22 12:00:00,-0.0004272461
2022.05.22 14:00:00,0.01870728
2022.05.22 16:00:00,0.09524536
2022.05.22 18:00:00,0.1143799
2022.05.22 20:00:00,0.1335144
2022.05.22 22:00:00,0.1335144
2022.05.23 00:00:00,0.1143799
2022.05.23 02:00:00,0.09524536
2022.05.23 04:00:00,0.07611084
2022.05.23 06:00:00,0.07611084
2022.05.23 08:00:00,0.0569458
2022.05.23 10:00:00,0.03781128
2022.05.23 12:00:00,0.0569458
2022.05.23 14:00:00,0.09524536
2022.05.23 16:00:00,0.1526794
2022.05.23 18:00:00,0.190979
2022.05.23 20:00:00,0.190979
2022.05.23 22:00:00,0.171814
2022.05.24 00:00:00,0.1335144
2022.05.24 02:00:00,0.09524536
2022.05.24 04:00:00,0.0569458
2022.05.24 06:00:00,0.03781128
2022.05.24 08:00:00,0.01870728
2022.05.24 10:00:00,0.09524536
2022.05.24 12:00:00,0.4401855
2022.05.24 14:00:00,0.6898499
2022.05.24 16:00:00,0.9207458
2022.05.24 18:00:00,1.055603
2022.05.24 20:00:00,0.959259
2022.05.24 22:00:00,0.7475281
2022.05.25 00:00:00,0.5553589
2022.05.25 02:00:00,0.42099
2022.05.25 04:00:00,0.3059387
2022.05.25 06:00:00,0.2101135
2022.05.25 08:00:00,0.2676086
2022.05.25 10:00:00,0.7859802
2022.05.25 12:00:00,1.403137
2022.05.25 14:00:00,2.101379
2022.05.25 16:00:00,2.725952
2022.05.25 18:00:00,3.118317
2022.05.25 20:00:00,2.804291
2022.05.25 22:00:00,2.296143
2022.05.26 00:00:00,1.73233
2022.05.26 02:00:00,1.248566
2022.05.26 04:00:00,0.8822327
2022.05.26 06:00:00,0.59375
2022.05.26 08:00:00,0.4401855
2022.05.26 10:00:00,0.6129761
2022.05.26 12:00:00,1.017059
2022.05.26 14:00:00,1.596649
2022.05.26 16:00:00,2.101379
2022.05.26 18:00:00,2.667236
2022.05.26 20:00:00,2.588989
2022.05.26 22:00:00,2.14032
2022.05.27 00:00:00,1.596649
2022.05.27 02:00:00,1.132751
2022.05.27 04:00:00,0.7859802
2022.05.27 06:00:00,0.5361328
2022.05.27 08:00:00,0.3634338
2022.05.27 10:00:00,0.3634338
2022.05.27 12:00:00,0.8437195
2022.05.27 14:00:00,1.325836
2022.05.27 16:00:00,1.809906
2022.05.27 18:00:00,2.491272
2022.05.27 20:00:00,2.45224
2022.05.27 22:00:00,2.00415
2022.05.28 00:00:00,1.519226
2022.05.28 02:00:00,1.094177
2022.05.28 04:00:00,0.7475281
2022.05.28 06:00:00,0.5169373
2022.05.28 08:00:00,0.3634338
2022.05.28 10:00:00,0.4401855
2022.05.28 12:00:00,0.9785156
2022.05.28 14:00:00,1.403137
2022.05.28 16:00:00,1.364471
2022.05.28 18:00:00,1.209961
2022.05.28 20:00:00,0.9978027
2022.05.28 22:00:00,0.8244629
2022.05.29 00:00:00,0.6898499
2022.05.29 02:00:00,0.5745544
2022.05.29 04:00:00,0.4977417
2022.05.29 06:00:00,0.4017944
2022.05.29 08:00:00,0.3442688
2022.05.29 10:00:00,0.3059387
2022.05.29 12:00:00,0.2676086
2022.05.29 14:00:00,0.2292786
2022.05.29 16:00:00,0.190979
2022.05.29 18:00:00,0.171814
2022.05.29 20:00:00,0.1335144
2022.05.29 22:00:00,0.1335144
2022.05.30 00:00:00,0.1143799
2022.05.30 02:00:00,0.09524536
2022.05.30 04:00:00,0.07611084
2022.05.30 06:00:00,0.07611084
2022.05.30 08:00:00,0.0569458
2022.05.30 10:00:00,0.0569458
2022.05.30 12:00:00,0.03781128
2022.05.30 14:00:00,0.03781128
2022.05.30 16:00:00,0.03781128
2022.05.30 18:00:00,0.01870728
2022.05.30 20:00:00,0.01870728
2022.05.30 22:00:00,0.01870728
2022.05.31 00:00:00,-0.0004272461
2022.05.31 02:00:00,0.01870728
2022.05.31 04:00:00,0.01870728
2022.05.31 06:00:00,0.01870728
2022.05.31 08:00:00,-0.0004272461
2022.05.31 10:00:00,-0.0004272461
2022.05.31 12:00:00,-0.0004272461
2022.05.31 14:00:00,-0.0004272461
2022.05.31 16:00:00,-0.0004272461
2022.05.31 18:00:00,-0.0004272461
2022.05.31 20:00:00,-0.0004272461
2022.05.31 22:00:00,-0.0004272461
2022.06.01 00:00:00,-0.0004272461
2022.06.01 02:00:00,-0.01956177
2022.06.01 04:00:00,-0.0004272461
2022.06.01 06:00:00,-0.0004272461
2022.06.01 08:00:00,-0.0004272461
2022.06.01 10:00:00,-0.01956177
2022.06.01 12:00:00,-0.0004272461
2022.06.01 14:00:00,-0.0004272461
2022.06.01 16:00:00,-0.0004272461
2022.06.01 18:00:00,-0.0004272461
2022.06.01 20:00:00,-0.0004272461
2022.06.01 22:00:00,-0.0004272461
2022.06.02 00:00:00,-0.01956177
2022.06.02 02:00:00,-0.0004272461
2022.06.02 04:00:00,-0.0004272461
2022.06.02 06:00:00,-0.0004272461
2022.06.02 08:00:00,-0.0004272461
2022.06.02 10:00:00,-0.01956177
2022.06.02 12:00:00,-0.0004272461
2022.06.02 14:00:00,-0.0004272461
2022.06.02 16:00:00,-0.0004272461
2022.06.02 18:00:00,-0.0004272461
2022.06.02 20:00:00,-0.0004272461
2022.06.02 22:00:00,-0.0004272461
2022.06.03 00:00:00,-0.01956177
2022.06.03 02:00:00,-0.0004272461
2022.06.03 04:00:00,-0.01956177
2022.06.03 06:00:00,-0.01956177
2022.06.03 08:00:00,-0.0004272461
2022.06.03 10:00:00,-0.0004272461
2022.06.03 12:00:00,-0.0004272461
2022.06.03 14:00:00,-0.0004272461
2022.06.03 16:00:00,-0.0004272461
2022.06.03 18:00:00,-0.0004272461
2022.06.03 20:00:00,-0.0004272461
2022.06.03 22:00:00,-0.0004272461
2022.06.04 00:00:00,-0.0004272461
2022.06.04 02:00:00,-0.0004272461
2022.06.04 04:00:00,-0.01956177
2022.06.04 06:00:00,-0.0004272461
2022.06.04 08:00:00,-0.01956177
2022.06.04 10:00:00,-0.0004272461
2022.06.04 12:00:00,-0.01956177
2022.06.04 14:00:00,-0.0004272461
2022.06.04 16:00:00,-0.01956177
2022.06.04 18:00:00,-0.0004272461
2022.06.04 20:00:00,-0.0004272461
2022.06.04 22:00:00,-0.0004272461
2022.06.05 00:00:00,-0.0004272461
2022.06.05 02:00:00,-0.0004272461
2022.06.05 04:00:00,-0.01956177
2022.06.05 06:00:00,-0.01956177
2022.06.05 08:00:00,-0.01956177
2022.06.05 10:00:00,-0.0004272461
2022.06.05 12:00:00,-0.0004272461
2022.06.05 14:00:00,-0.0004272461
2022.06.05 16:00:00,-0.0004272461
2022.06.05 18:00:00,-0.0004272461
2022.06.05 20:00:00,-0.0004272461
2022.06.05 22:00:00,-0.0004272461
2022.06.06 00:00:00,-0.0004272461
2022.06.06 02:00:00,-0.0004272461
2022.06.06 04:00:00,-0.0004272461
2022.06.06 06:00:00,-0.0004272461
2022.06.06 08:00:00,-0.0004272461
2022.06.06 10:00:00,-0.0004272461
2022.06.06 12:00:00,-0.0004272461
2022.06.06 14:00:00,-0.0004272461
2022.06.06 16:00:00,-0.0004272461
2022.06.06 18:00:00,0.01870728
2022.06.06 20:00:00,0.01870728
2022.06.06 22:00:00,-0.0004272461
2022.06.07 00:00:00,-0.0004272461
2022.06.07 02:00:00,-0.0004272461
2022.06.07 04:00:00,-0.0004272461
2022.06.07 06:00:00,-0.0004272461
2022.06.07 08:00:00,-0.0004272461
2022.06.07 10:00:00,-0.0004272461
2022.06.07 12:00:00,-0.0004272461
2022.06.07 14:00:00,0.01870728
2022.06.07 16:00:00,0.03781128
2022.06.07 18:00:00,0.0569458
2022.06.07 20:00:00,0.07611084
2022.06.07 22:00:00,0.0569458
2022.06.08 00:00:00,0.0569458
2022.06.08 02:00:00,0.03781128
2022.06.08 04:00:00,0.03781128
2022.06.08 06:00:00,0.01870728
2022.06.08 08:00:00,0.01870728
2022.06.08 10:00:00,-0.0004272461
2022.06.08 12:00:00,0.01870728
2022.06.08 14:00:00,0.01870728
2022.06.08 16:00:00,0.07611084
2022.06.08 18:00:00,0.09524536
2022.06.08 20:00:00,0.09524536
2022.06.08 22:00:00,0.09524536
2022.06.09 00:00:00,0.07611084
2022.06.09 02:00:00,0.07611084
2022.06.09 04:00:00,0.03781128
2022.06.09 06:00:00,0.03781128
2022.06.09 08:00:00,0.03781128
2022.06.09 10:00:00,0.07611084
2022.06.09 12:00:00,0.171814
2022.06.09 14:00:00,0.2484436
2022.06.09 16:00:00,0.3059387
2022.06.09 18:00:00,0.3251038
2022.06.09 20:00:00,0.3059387
2022.06.09 22:00:00,0.2867737
2022.06.10 00:00:00,0.2484436
2022.06.10 02:00:00,0.2101135
2022.06.10 04:00:00,0.171814
2022.06.10 06:00:00,0.1335144
2022.06.10 08:00:00,0.09524536
2022.06.10 10:00:00,0.07611084
2022.06.10 12:00:00,0.1526794
2022.06.10 14:00:00,0.4017944
2022.06.10 16:00:00,0.6898499
2022.06.10 18:00:00,0.8437195
2022.06.10 20:00:00,0.8437195
2022.06.10 22:00:00,0.7475281
2022.06.11 00:00:00,0.59375
2022.06.11 02:00:00,0.4401855
2022.06.11 04:00:00,0.3251038
2022.06.11 06:00:00,0.2101135
2022.06.11 08:00:00,0.1526794
2022.06.11 10:00:00,0.1335144
2022.06.11 12:00:00,0.4977417
2022.06.11 14:00:00,0.9785156
2022.06.11 16:00:00,1.403137
2022.06.11 18:00:00,1.693542
2022.06.11 20:00:00,1.596649
2022.06.11 22:00:00,1.287201
2022.06.12 00:00:00,0.9785156
2022.06.12 02:00:00,0.6898499
2022.06.12 04:00:00,0.4785461
2022.06.12 06:00:00,0.3251038
2022.06.12 08:00:00,0.2292786
2022.06.12 10:00:00,0.6513977
2022.06.12 12:00:00,1.461151
2022.06.12 14:00:00,1.809906
2022.06.12 16:00:00,1.887573
2022.06.12 18:00:00,1.751709
2022.06.12 20:00:00,1.38382
2022.06.12 22:00:00,1.07489
2022.06.13 00:00:00,0.8437195
2022.06.13 02:00:00,0.6706238
2022.06.13 04:00:00,0.5361328
2022.06.13 06:00:00,0.42099
2022.06.13 08:00:00,0.3442688
2022.06.13 10:00:00,0.3442688
2022.06.13 12:00:00,0.3251038
2022.06.13 14:00:00,0.3634338
2022.06.13 16:00:00,0.3634338
2022.06.13 18:00:00,0.3442688
2022.06.13 20:00:00,0.3059387
2022.06.13 22:00:00,0.2676086
2022.06.14 00:00:00,0.2292786
2022.06.14 02:00:00,0.190979
2022.06.14 04:00:00,0.1526794
2022.06.14 06:00:00,0.1143799
2022.06.14 08:00:00,0.09524536
2022.06.14 10:00:00,0.07611084
2022.06.14 12:00:00,0.07611084
2022.06.14 14:00:00,0.0569458
2022.06.14 16:00:00,0.0569458
2022.06.14 18:00:00,0.0569458
2022.06.14 20:00:00,0.0569458
2022.06.14 22:00:00,0.03781128
2022.06.15 00:00:00,0.01870728
2022.06.15 02:00:00,0.01870728
2022.06.15 04:00:00,0.01870728
2022.06.15 06:00:00,0.01870728
2022.06.15 08:00:00,-0.0004272461
2022.06.15 10:00:00,-0.0004272461
2022.06.15 12:00:00,-0.0004272461
2022.06.15 14:00:00,0.03781128
2022.06.15 16:00:00,0.1335144
2022.06.15 18:00:00,0.2867737
2022.06.15 20:00:00,0.3634338
2022.06.15 22:00:00,0.3826294
2022.06.16 00:00:00,0.3634338
2022.06.16 02:00:00,0.3059387
2022.06.16 04:00:00,0.2484436
2022.06.16 06:00:00,0.190979
2022.06.16 08:00:00,0.1526794
2022.06.16 10:00:00,0.4401855
2022.06.16 12:00:00,0.8437195
2022.06.16 14:00:00,1.152039
2022.06.16 16:00:00,1.287201
2022.06.16 18:00:00,1.38382
2022.06.16 20:00:00,1.229248
2022.06.16 22:00:00,0.9978027
2022.06.17 00:00:00,0.7667542
2022.06.17 02:00:00,0.5553589
2022.06.17 04:00:00,0.3826294
2022.06.17 06:00:00,0.2484436
2022.06.17 08:00:00,0.171814
2022.06.17 10:00:00,0.1143799
2022.06.17 12:00:00,0.3442688
2022.06.17 14:00:00,0.7090759
2022.06.17 16:00:00,1.190643
2022.06.17 18:00:00,1.771118
2022.06.17 20:00:00,1.771118
2022.06.17 22:00:00,1.461151
2022.06.18 00:00:00,1.094177
2022.06.18 02:00:00,0.7859802
2022.06.18 04:00:00,0.5553589
2022.06.18 06:00:00,0.4017944
2022.06.18 08:00:00,0.3826294
2022.06.18 10:00:00,0.8052368
2022.06.18 12:00:00,1.403137
2022.06.18 14:00:00,1.674164
2022.06.18 16:00:00,1.809906
2022.06.18 18:00:00,1.829315
2022.06.18 20:00:00,1.654785
2022.06.18 22:00:00,1.422485
2022.06.19 00:00:00,1.171356
2022.06.19 02:00:00,0.9785156
2022.06.19 04:00:00,0.8052368
2022.06.19 06:00:00,0.6706238
2022.06.19 08:00:00,0.6321716
2022.06.19 10:00:00,0.8437195
2022.06.19 12:00:00,1.07489
2022.06.19 14:00:00,1.171356
2022.06.19 16:00:00,1.441833
2022.06.19 18:00:00,1.868164
2022.06.19 20:00:00,1.887573
2022.06.19 22:00:00,1.538574
2022.06.20 00:00:00,1.152039
2022.06.20 02:00:00,0.8244629
2022.06.20 04:00:00,0.5745544
2022.06.20 06:00:00,0.3826294
2022.06.20 08:00:00,0.2676086
2022.06.20 10:00:00,0.2676086
2022.06.20 12:00:00,1.036346
2022.06.20 14:00:00,1.868164
2022.06.20 16:00:00,2.45224
2022.06.20 18:00:00,3.29541
2022.06.20 20:00:00,3.315094
2022.06.20 22:00:00,2.941559
2022.06.21 00:00:00,2.471771
2022.06.21 02:00:00,1.984711
2022.06.21 04:00:00,1.519226
2022.06.21 06:00:00,1.132751
2022.06.21 08:00:00,1.017059
2022.06.21 10:00:00,1.461151
2022.06.21 12:00:00,2.276672
2022.06.21 14:00:00,2.980804
2022.06.21 16:00:00,3.29541
2022.06.21 18:00:00,3.059357
2022.06.21 20:00:00,2.725952
2022.06.21 22:00:00,2.237701
2022.06.22 00:00:00,1.712921
2022.06.22 02:00:00,1.190643
2022.06.22 04:00:00,0.7859802
2022.06.22 06:00:00,0.6898499
2022.06.22 08:00:00,0.9785156
2022.06.22 10:00:00,1.771118
2022.06.22 12:00:00,2.45224
2022.06.22 14:00:00,2.70636
2022.06.22 16:00:00,2.804291
2022.06.22 18:00:00,2.725952
2022.06.22 20:00:00,2.432709
2022.06.22 22:00:00,2.062469
2022.06.23 00:00:00,1.73233
2022.06.23 02:00:00,1.480499
2022.06.23 04:00:00,1.248566
2022.06.23 06:00:00,1.113464
2022.06.23 08:00:00,1.38382
2022.06.23 10:00:00,2.04303
2022.06.23 12:00:00,2.530365
2022.06.23 14:00:00,3.177307
2022.06.23 16:00:00,3.512329
2022.06.23 18:00:00,3.690216
2022.06.23 20:00:00,3.532074
2022.06.23 22:00:00,3.216644
2022.06.24 00:00:00,2.843475
2022.06.24 02:00:00,2.393677
2022.06.24 04:00:00,1.945831
2022.06.24 06:00:00,1.577301
2022.06.24 08:00:00,1.364471
2022.06.24 10:00:00,1.364471
2022.06.24 12:00:00,1.557922
2022.06.24 14:00:00,2.17926
2022.06.24 16:00:00,2.725952
2022.06.24 18:00:00,2.941559
2022.06.24 20:00:00,2.70636
2022.06.24 22:00:00,2.335144
2022.06.25 00:00:00,1.945831
2022.06.25 02:00:00,1.616028
2022.06.25 04:00:00,1.38382
2022.06.25 06:00:00,1.248566
2022.06.25 08:00:00,1.38382
2022.06.25 10:00:00,1.73233
2022.06.25 12:00:00,2.15979
2022.06.25 14:00:00,2.296143
2022.06.25 16:00:00,2.588989
2022.06.25 18:00:00,2.843475
2022.06.25 20:00:00,2.745514
2022.06.25 22:00:00,2.510834
2022.06.26 00:00:00,2.15979
2022.06.26 02:00:00,1.771118
2022.06.26 04:00:00,1.461151
2022.06.26 06:00:00,1.325836
2022.06.26 08:00:00,1.441833
2022.06.26 10:00:00,2.00415
2022.06.26 12:00:00,2.530365
2022.06.26 14:00:00,3.236328
2022.06.26 16:00:00,4.027161
2022.06.26 18:00:00,4.525177
2022.06.26 20:00:00,4.425323
2022.06.26 22:00:00,4.007324
2022.06.27 00:00:00,3.492584
2022.06.27 02:00:00,2.961182
2022.06.27 04:00:00,2.45224
2022.06.27 06:00:00,2.062469
2022.06.27 08:00:00,1.829315
2022.06.27 10:00:00,1.887573
2022.06.27 12:00:00,2.237701
2022.06.27 14:00:00,2.237701
2022.06.27 16:00:00,2.804291
2022.06.27 18:00:00,3.315094
2022.06.27 20:00:00,3.43338
2022.06.27 22:00:00,3.236328
2022.06.28 00:00:00,2.88269
2022.06.28 02:00:00,2.471771
2022.06.28 04:00:00,2.062469
2022.06.28 06:00:00,1.751709
2022.06.28 08:00:00,1.557922
2022.06.28 10:00:00,1.557922
2022.06.28 12:00:00,2.00415
2022.06.28 14:00:00,2.19873
2022.06.28 16:00:00,2.667236
2022.06.28 18:00:00,2.863098
2022.06.28 20:00:00,2.745514
2022.06.28 22:00:00,2.491272
2022.06.29 00:00:00,2.15979
2022.06.29 02:00:00,1.829315
2022.06.29 04:00:00,1.499847
2022.06.29 06:00:00,1.229248
2022.06.29 08:00:00,1.094177
2022.06.29 10:00:00,1.287201
2022.06.29 12:00:00,1.616028
2022.06.29 14:00:00,2.12085
2022.06.29 16:00:00,3.196991
2022.06.29 18:00:00,3.591339
2022.06.29 20:00:00,3.532074
2022.06.29 22:00:00,3.196991
2022.06.30 00:00:00,2.784698
2022.06.30 02:00:00,2.354645
2022.06.30 04:00:00,1.926422
2022.06.30 06:00:00,1.577301
2022.06.30 08:00:00,1.480499
2022.06.30 10:00:00,1.499847
2022.06.30 12:00:00,1.519226
2022.06.30 14:00:00,1.809906
2022.06.30 16:00:00,2.315643
2022.06.30 18:00:00,3.256012
2022.06.30 20:00:00,3.591339
2022.06.30 22:00:00,3.472839
2022.07.01 00:00:00,3.177307
2022.07.01 02:00:00,2.843475
2022.07.01 04:00:00,2.471771
2022.07.01 06:00:00,2.19873
2022.07.01 08:00:00,2.062469
2022.07.01 10:00:00,1.887573
2022.07.01 12:00:00,2.101379
2022.07.01 14:00:00,2.413177
2022.07.01 16:00:00,3.07901
2022.07.01 18:00:00,3.987457
2022.07.01 20:00:00,4.126526
2022.07.01 22:00:00,3.888275
2022.07.02 00:00:00,3.512329
2022.07.02 02:00:00,3.07901
2022.07.02 04:00:00,2.588989
2022.07.02 06:00:00,2.218201
2022.07.02 08:00:00,2.101379
2022.07.02 10:00:00,2.276672
2022.07.02 12:00:00,2.374176
2022.07.02 14:00:00,2.784698
2022.07.02 16:00:00,3.591339
2022.07.02 18:00:00,4.226013
2022.07.02 20:00:00,4.305695
2022.07.02 22:00:00,4.007324
2022.07.03 00:00:00,3.551819
2022.07.03 02:00:00,3.059357
2022.07.03 04:00:00,2.549896
2022.07.03 06:00:00,2.101379
2022.07.03 08:00:00,1.829315
2022.07.03 10:00:00,1.693542
2022.07.03 12:00:00,1.751709
2022.07.03 14:00:00,2.14032
2022.07.03 16:00:00,2.725952
2022.07.03 18:00:00,3.650635
2022.07.03 20:00:00,4.027161
2022.07.03 22:00:00,3.987457
2022.07.04 00:00:00,3.769379
2022.07.04 02:00:00,3.512329
2022.07.04 04:00:00,3.196991
2022.07.04 06:00:00,2.961182
2022.07.04 08:00:00,2.902313
2022.07.04 10:00:00,2.980804
2022.07.04 12:00:00,2.823883
2022.07.04 14:00:00,2.804291
2022.07.04 16:00:00,3.591339
2022.07.04 18:00:00,4.505188
2022.07.04 20:00:00,4.905731
2022.07.04 22:00:00,4.905731
2022.07.05 00:00:00,4.7052
2022.07.05 02:00:00,4.405396
2022.07.05 04:00:00,4.186218
2022.07.05 06:00:00,4.007324
2022.07.05 08:00:00,4.047028
2022.07.05 10:00:00,4.265839
2022.07.05 12:00:00,4.885651
2022.07.05 14:00:00,5.631927
2022.07.05 16:00:00,5.895905
2022.07.05 18:00:00,6.426849
2022.07.05 20:00:00,6.242615
2022.07.05 22:00:00,5.95697
2022.07.06 00:00:00,5.53064
2022.07.06 02:00:00,5.086609
2022.07.06 04:00:00,4.625153
2022.07.06 06:00:00,4.206116
2022.07.06 08:00:00,3.947754
2022.07.06 10:00:00,3.848602
2022.07.06 12:00:00,3.571594
2022.07.06 14:00:00,3.67041
2022.07.06 16:00:00,4.126526
2022.07.06 18:00:00,4.84552
2022.07.06 20:00:00,5.026276
2022.07.06 22:00:00,4.805389
2022.07.07 00:00:00,4.505188
2022.07.07 02:00:00,4.066895
2022.07.07 04:00:00,3.611115
2022.07.07 06:00:00,3.354523
2022.07.07 08:00:00,3.256012
2022.07.07 10:00:00,3.275726
2022.07.07 12:00:00,3.532074
2022.07.07 14:00:00,3.967621
2022.07.07 16:00:00,4.325623
2022.07.07 18:00:00,4.226013
2022.07.07 20:00:00,3.888275
2022.07.07 22:00:00,3.453125
2022.07.08 00:00:00,2.980804
2022.07.08 02:00:00,2.549896
2022.07.08 04:00:00,2.19873
2022.07.08 06:00:00,1.926422
2022.07.08 08:00:00,1.809906
2022.07.08 10:00:00,2.257172
2022.07.08 12:00:00,2.569458
2022.07.08 14:00:00,2.647675
2022.07.08 16:00:00,3.098663
2022.07.08 18:00:00,3.828796
2022.07.08 20:00:00,3.947754
2022.07.08 22:00:00,3.709991
2022.07.09 00:00:00,3.393951
2022.07.09 02:00:00,3.039703
2022.07.09 04:00:00,2.745514
2022.07.09 06:00:00,2.471771
2022.07.09 08:00:00,2.17926
2022.07.09 10:00:00,2.08194
2022.07.09 12:00:00,2.02359
2022.07.09 14:00:00,2.08194
2022.07.09 16:00:00,2.45224
2022.07.09 18:00:00,3.059357
2022.07.09 20:00:00,3.196991
2022.07.09 22:00:00,3.000427
2022.07.10 00:00:00,2.725952
2022.07.10 02:00:00,2.393677
2022.07.10 04:00:00,2.062469
2022.07.10 06:00:00,1.809906
2022.07.10 08:00:00,1.693542
2022.07.10 10:00:00,1.73233
2022.07.10 12:00:00,1.73233
2022.07.10 14:00:00,1.926422
2022.07.10 16:00:00,2.491272
2022.07.10 18:00:00,2.980804
2022.07.10 20:00:00,3.039703
2022.07.10 22:00:00,2.823883
2022.07.11 00:00:00,2.510834
2022.07.11 02:00:00,2.19873
2022.07.11 04:00:00,1.926422
2022.07.11 06:00:00,1.73233
2022.07.11 08:00:00,1.635406
2022.07.11 10:00:00,1.635406
2022.07.11 12:00:00,1.790527
2022.07.11 14:00:00,1.829315
2022.07.11 16:00:00,1.984711
2022.07.11 18:00:00,2.19873
2022.07.11 20:00:00,2.14032
2022.07.11 22:00:00,1.965271
2022.07.12 00:00:00,1.771118
2022.07.12 02:00:00,1.557922
2022.07.12 04:00:00,1.345154
2022.07.12 06:00:00,1.132751
2022.07.12 08:00:00,0.9785156
2022.07.12 10:00:00,0.8437195
2022.07.12 12:00:00,0.8629761
2022.07.12 14:00:00,1.209961
2022.07.12 16:00:00,1.712921
2022.07.12 18:00:00,2.062469
2022.07.12 20:00:00,1.965271
2022.07.12 22:00:00,1.693542
2022.07.13 00:00:00,1.422485
2022.07.13 02:00:00,1.171356
2022.07.13 04:00:00,0.9785156
2022.07.13 06:00:00,0.8244629
2022.07.13 08:00:00,0.6898499
2022.07.13 10:00:00,0.6898499
2022.07.13 12:00:00,0.7667542
2022.07.13 14:00:00,0.728302
2022.07.13 16:00:00,0.8244629
2022.07.13 18:00:00,1.07489
2022.07.13 20:00:00,1.094177
2022.07.13 22:00:00,1.017059
2022.07.14 00:00:00,0.8629761
2022.07.14 02:00:00,0.7090759
2022.07.14 04:00:00,0.5745544
2022.07.14 06:00:00,0.4785461
2022.07.14 08:00:00,0.4017944
2022.07.14 10:00:00,0.3634338
2022.07.14 12:00:00,0.3826294
2022.07.14 14:00:00,0.59375
2022.07.14 16:00:00,1.07489
2022.07.14 18:00:00,1.38382
2022.07.14 20:00:00,1.403137
2022.07.14 22:00:00,1.287201
2022.07.15 00:00:00,1.094177
2022.07.15 02:00:00,0.9400024
2022.07.15 04:00:00,0.7859802
2022.07.15 06:00:00,0.6513977
2022.07.15 08:00:00,0.6706238
2022.07.15 10:00:00,1.364471
2022.07.15 12:00:00,1.441833
2022.07.15 14:00:00,1.616028
2022.07.15 16:00:00,1.965271
2022.07.15 18:00:00,2.296143
2022.07.15 20:00:00,2.413177
2022.07.15 22:00:00,2.296143
2022.07.16 00:00:00,2.08194
2022.07.16 02:00:00,1.829315
2022.07.16 04:00:00,1.557922
2022.07.16 06:00:00,1.325836
2022.07.16 08:00:00,1.152039
2022.07.16 10:00:00,1.190643
2022.07.16 12:00:00,1.325836
2022.07.16 14:00:00,1.596649
2022.07.16 16:00:00,1.635406
2022.07.16 18:00:00,2.19873
2022.07.16 20:00:00,2.45224
2022.07.16 22:00:00,2.354645
2022.07.17 00:00:00,2.101379
2022.07.17 02:00:00,1.809906
2022.07.17 04:00:00,1.519226
2022.07.17 06:00:00,1.306519
2022.07.17 08:00:00,1.171356
2022.07.17 10:00:00,1.229248
2022.07.17 12:00:00,1.577301
2022.07.17 14:00:00,1.73233
2022.07.17 16:00:00,1.829315
2022.07.17 18:00:00,2.491272
2022.07.17 20:00:00,2.823883
2022.07.17 22:00:00,2.784698
2022.07.18 00:00:00,2.608551
2022.07.18 02:00:00,2.354645
2022.07.18 04:00:00,2.08194
2022.07.18 06:00:00,1.848724
2022.07.18 08:00:00,1.73233
2022.07.18 10:00:00,1.771118
2022.07.18 12:00:00,2.04303
2022.07.18 14:00:00,2.12085
2022.07.18 16:00:00,2.413177
2022.07.18 18:00:00,3.216644
2022.07.18 20:00:00,3.532074
2022.07.18 22:00:00,3.532074
2022.07.19 00:00:00,3.413666
2022.07.19 02:00:00,3.256012
2022.07.19 04:00:00,3.000427
2022.07.19 06:00:00,2.70636
2022.07.19 08:00:00,2.471771
2022.07.19 10:00:00,2.45224
2022.07.19 12:00:00,2.413177
2022.07.19 14:00:00,2.218201
2022.07.19 16:00:00,2.237701
2022.07.19 18:00:00,2.45224
2022.07.19 20:00:00,2.530365
2022.07.19 22:00:00,2.413177
2022.07.20 00:00:00,2.218201
2022.07.20 02:00:00,2.04303
2022.07.20 04:00:00,1.829315
2022.07.20 06:00:00,1.635406
2022.07.20 08:00:00,1.480499
2022.07.20 10:00:00,1.557922
2022.07.20 12:00:00,1.887573
2022.07.20 14:00:00,2.08194
2022.07.20 16:00:00,2.335144
2022.07.20 18:00:00,3.236328
2022.07.20 20:00:00,3.551819
2022.07.20 22:00:00,3.453125
2022.07.21 00:00:00,3.177307
2022.07.21 02:00:00,2.804291
2022.07.21 04:00:00,2.491272
2022.07.21 06:00:00,2.218201
2022.07.21 08:00:00,2.12085
2022.07.21 10:00:00,2.354645
2022.07.21 12:00:00,2.686798
2022.07.21 14:00:00,3.413666
2022.07.21 16:00:00,4.245941
2022.07.21 18:00:00,5.368866
2022.07.21 20:00:00,5.713043
2022.07.21 22:00:00,5.53064
2022.07.22 00:00:00,5.187317
2022.07.22 02:00:00,4.785339
2022.07.22 04:00:00,4.405396
2022.07.22 06:00:00,4.047028
2022.07.22 08:00:00,3.709991
2022.07.22 10:00:00,3.630859
2022.07.22 12:00:00,3.868439
2022.07.22 14:00:00,3.868439
2022.07.22 16:00:00,3.868439
2022.07.22 18:00:00,4.925812
2022.07.22 20:00:00,5.288116
2022.07.22 22:00:00,5.2276
2022.07.23 00:00:00,4.986053
2022.07.23 02:00:00,4.625153
2022.07.23 04:00:00,4.265839
2022.07.23 06:00:00,3.908081
2022.07.23 08:00:00,3.67041
2022.07.23 10:00:00,3.611115
2022.07.23 12:00:00,3.591339
2022.07.23 14:00:00,3.828796
2022.07.23 16:00:00,4.525177
2022.07.23 18:00:00,5.713043
2022.07.23 20:00:00,6.058838
2022.07.23 22:00:00,5.936615
2022.07.24 00:00:00,5.5914
2022.07.24 02:00:00,5.207458
2022.07.24 04:00:00,4.825439
2022.07.24 06:00:00,4.385437
2022.07.24 08:00:00,4.106659
2022.07.24 10:00:00,4.007324
2022.07.24 12:00:00,4.805389
2022.07.24 14:00:00,4.505188
2022.07.24 16:00:00,4.525177
2022.07.24 18:00:00,5.006165
2022.07.24 20:00:00,5.247772
2022.07.24 22:00:00,5.147003
2022.07.25 00:00:00,4.945892
2022.07.25 02:00:00,4.625153
2022.07.25 04:00:00,4.285767
2022.07.25 06:00:00,3.927917
2022.07.25 08:00:00,3.650635
2022.07.25 10:00:00,3.472839
2022.07.25 12:00:00,3.571594
2022.07.25 14:00:00,3.393951
2022.07.25 16:00:00,3.492584
2022.07.25 18:00:00,4.126526
2022.07.25 20:00:00,4.305695
2022.07.25 22:00:00,4.186218
2022.07.26 00:00:00,3.947754
2022.07.26 02:00:00,3.611115
2022.07.26 04:00:00,3.275726
2022.07.26 06:00:00,2.980804
2022.07.26 08:00:00,2.745514
2022.07.26 10:00:00,2.628113
2022.07.26 12:00:00,2.70636
2022.07.26 14:00:00,2.667236
2022.07.26 16:00:00,3.020081
2022.07.26 18:00:00,3.67041
2022.07.26 20:00:00,4.086792
2022.07.26 22:00:00,4.126526
2022.07.27 00:00:00,4.027161
2022.07.27 02:00:00,3.828796
2022.07.27 04:00:00,3.611115
2022.07.27 06:00:00,3.29541
2022.07.27 08:00:00,3.07901
2022.07.27 10:00:00,2.88269
2022.07.27 12:00:00,2.471771
2022.07.27 14:00:00,2.686798
2022.07.27 16:00:00,2.941559
2022.07.27 18:00:00,3.749573
2022.07.27 20:00:00,4.146423
2022.07.27 22:00:00,4.186218
2022.07.28 00:00:00,4.047028
2022.07.28 02:00:00,3.848602
2022.07.28 04:00:00,3.630859
2022.07.28 06:00:00,3.492584
2022.07.28 08:00:00,3.512329
2022.07.28 10:00:00,3.789185
2022.07.28 12:00:00,4.405396
2022.07.28 14:00:00,4.166321
2022.07.28 16:00:00,4.066895
2022.07.28 18:00:00,4.785339
2022.07.28 20:00:00,5.147003
2022.07.28 22:00:00,5.066498
2022.07.29 00:00:00,4.805389
2022.07.29 02:00:00,4.565155
2022.07.29 04:00:00,4.305695
2022.07.29 06:00:00,4.086792
2022.07.29 08:00:00,3.987457
2022.07.29 10:00:00,4.007324
2022.07.29 12:00:00,4.126526
2022.07.29 14:00:00,4.285767
2022.07.29 16:00:00,4.305695
2022.07.29 18:00:00,4.325623
2022.07.29 20:00:00,4.106659
2022.07.29 22:00:00,3.80899
2022.07.30 00:00:00,3.532074
2022.07.30 02:00:00,3.236328
2022.07.30 04:00:00,2.941559
2022.07.30 06:00:00,2.647675
2022.07.30 08:00:00,2.510834
2022.07.30 10:00:00,2.745514
2022.07.30 12:00:00,3.07901
2022.07.30 14:00:00,3.118317
2022.07.30 16:00:00,3.29541
2022.07.30 18:00:00,3.630859
2022.07.30 20:00:00,3.551819
2022.07.30 22:00:00,3.334808
2022.07.31 00:00:00,3.059357
2022.07.31 02:00:00,2.765106
2022.07.31 04:00:00,2.491272
2022.07.31 06:00:00,2.296143
2022.07.31 08:00:00,2.17926
2022.07.31 10:00:00,2.14032
2022.07.31 12:00:00,2.14032
2022.07.31 14:00:00,2.354645
2022.07.31 16:00:00,2.745514
2022.07.31 18:00:00,3.177307
2022.07.31 20:00:00,3.216644
2022.07.31 22:00:00,3.020081
2022.08.01 00:00:00,2.70636
2022.08.01 02:00:00,2.413177
2022.08.01 04:00:00,2.12085
2022.08.01 06:00:00,1.906982
2022.08.01 08:00:00,1.848724
2022.08.01 10:00:00,1.926422
2022.08.01 12:00:00,1.965271
2022.08.01 14:00:00,2.04303
2022.08.01 16:00:00,2.393677
2022.08.01 18:00:00,2.725952
2022.08.01 20:00:00,2.686798
2022.08.01 22:00:00,2.530365
2022.08.02 00:00:00,2.276672
2022.08.02 02:00:00,1.984711
2022.08.02 04:00:00,1.712921
2022.08.02 06:00:00,1.499847
2022.08.02 08:00:00,1.422485
2022.08.02 10:00:00,1.674164
2022.08.02 12:00:00,1.906982
2022.08.02 14:00:00,1.945831
2022.08.02 16:00:00,2.335144
2022.08.02 18:00:00,2.549896
2022.08.02 20:00:00,2.471771
2022.08.02 22:00:00,2.296143
2022.08.03 00:00:00,2.08194
2022.08.03 02:00:00,1.887573
2022.08.03 04:00:00,1.693542
2022.08.03 06:00:00,1.557922
2022.08.03 08:00:00,1.422485
2022.08.03 10:00:00,1.325836
2022.08.03 12:00:00,1.209961
2022.08.03 14:00:00,1.248566
2022.08.03 16:00:00,1.790527
2022.08.03 18:00:00,2.19873
2022.08.03 20:00:00,2.17926
2022.08.03 22:00:00,1.965271
2022.08.04 00:00:00,1.73233
2022.08.04 02:00:00,1.480499
2022.08.04 04:00:00,1.267883
2022.08.04 06:00:00,1.07489
2022.08.04 08:00:00,0.9400024
2022.08.04 10:00:00,1.152039
2022.08.04 12:00:00,2.00415
2022.08.04 14:00:00,2.686798
2022.08.04 16:00:00,2.980804
2022.08.04 18:00:00,3.13797
2022.08.04 20:00:00,3.059357
2022.08.04 22:00:00,2.823883
2022.08.05 00:00:00,2.530365
2022.08.05 02:00:00,2.218201
2022.08.05 04:00:00,1.906982
2022.08.05 06:00:00,1.635406
2022.08.05 08:00:00,1.480499
2022.08.05 10:00:00,1.906982
2022.08.05 12:00:00,2.393677
2022.08.05 14:00:00,2.902313
2022.08.05 16:00:00,3.039703
2022.08.05 18:00:00,3.098663
2022.08.05 20:00:00,2.980804
2022.08.05 22:00:00,2.765106
2022.08.06 00:00:00,2.549896
2022.08.06 02:00:00,2.335144
2022.08.06 04:00:00,2.14032
2022.08.06 06:00:00,2.00415
2022.08.06 08:00:00,1.965271
2022.08.06 10:00:00,2.101379
2022.08.06 12:00:00,2.354645
2022.08.06 14:00:00,2.510834
2022.08.06 16:00:00,2.941559
2022.08.06 18:00:00,3.512329
2022.08.06 20:00:00,3.571594
2022.08.06 22:00:00,3.374237
2022.08.07 00:00:00,3.059357
2022.08.07 02:00:00,2.70636
2022.08.07 04:00:00,2.393677
2022.08.07 06:00:00,2.101379
2022.08.07 08:00:00,1.945831
2022.08.07 10:00:00,2.432709
2022.08.07 12:00:00,3.571594
2022.08.07 14:00:00,4.465271
2022.08.07 16:00:00,3.749573
2022.08.07 18:00:00,4.345551
2022.08.07 20:00:00,4.505188
2022.08.07 22:00:00,4.245941
2022.08.08 00:00:00,4.066895
2022.08.08 02:00:00,3.769379
2022.08.08 04:00:00,3.43338
2022.08.08 06:00:00,3.118317
2022.08.08 08:00:00,3.039703
2022.08.08 10:00:00,3.256012
2022.08.08 12:00:00,3.393951
2022.08.08 14:00:00,3.591339
2022.08.08 16:00:00,4.007324
2022.08.08 18:00:00,4.385437
2022.08.08 20:00:00,4.425323
2022.08.08 22:00:00,4.186218
2022.08.09 00:00:00,3.80899
2022.08.09 02:00:00,3.43338
2022.08.09 04:00:00,3.07901
2022.08.09 06:00:00,2.765106
2022.08.09 08:00:00,2.686798
2022.08.09 10:00:00,3.177307
2022.08.09 12:00:00,3.650635
2022.08.09 14:00:00,3.690216
2022.08.09 16:00:00,4.186218
2022.08.09 18:00:00,4.645142
2022.08.09 20:00:00,4.72522
2022.08.09 22:00:00,4.605133
2022.08.10 00:00:00,4.425323
2022.08.10 02:00:00,4.166321
2022.08.10 04:00:00,3.967621
2022.08.10 06:00:00,3.769379
2022.08.10 08:00:00,3.769379
2022.08.10 10:00:00,3.967621
2022.08.10 12:00:00,3.749573
2022.08.10 14:00:00,3.591339
2022.08.10 16:00:00,3.967621
2022.08.10 18:00:00,4.385437
2022.08.10 20:00:00,4.405396
2022.08.10 22:00:00,4.206116
2022.08.11 00:00:00,3.927917
2022.08.11 02:00:00,3.67041
2022.08.11 04:00:00,3.43338
2022.08.11 06:00:00,3.256012
2022.08.11 08:00:00,3.236328
2022.08.11 10:00:00,3.334808
2022.08.11 12:00:00,3.611115
2022.08.11 14:00:00,4.206116
2022.08.11 16:00:00,4.665161
2022.08.11 18:00:00,4.945892
2022.08.11 20:00:00,4.86557
2022.08.11 22:00:00,4.665161
2022.08.12 00:00:00,4.445282
2022.08.12 02:00:00,4.166321
2022.08.12 04:00:00,3.888275
2022.08.12 06:00:00,3.630859
2022.08.12 08:00:00,3.43338
2022.08.12 10:00:00,3.413666
2022.08.12 12:00:00,3.413666
2022.08.12 14:00:00,3.571594
2022.08.12 16:00:00,3.828796
2022.08.12 18:00:00,4.146423
2022.08.12 20:00:00,4.047028
2022.08.12 22:00:00,3.729767
2022.08.13 00:00:00,3.354523
2022.08.13 02:00:00,2.980804
2022.08.13 04:00:00,2.686798
2022.08.13 06:00:00,2.45224
2022.08.13 08:00:00,2.354645
2022.08.13 10:00:00,2.45224
2022.08.13 12:00:00,2.628113
2022.08.13 14:00:00,2.628113
2022.08.13 16:00:00,2.88269
2022.08.13 18:00:00,3.334808
2022.08.13 20:00:00,3.354523
2022.08.13 22:00:00,3.177307
2022.08.14 00:00:00,2.88269
2022.08.14 02:00:00,2.549896
2022.08.14 04:00:00,2.257172
2022.08.14 06:00:00,1.984711
2022.08.14 08:00:00,1.790527
2022.08.14 10:00:00,2.237701
2022.08.14 12:00:00,3.000427
2022.08.14 14:00:00,3.769379
2022.08.14 16:00:00,4.206116
2022.08.14 18:00:00,4.425323
2022.08.14 20:00:00,4.345551
2022.08.14 22:00:00,4.066895
2022.08.15 00:00:00,3.729767
2022.08.15 02:00:00,3.413666
2022.08.15 04:00:00,3.157623
2022.08.15 06:00:00,3.039703
2022.08.15 08:00:00,3.039703
2022.08.15 10:00:00,3.196991
2022.08.15 12:00:00,3.393951
2022.08.15 14:00:00,3.888275
2022.08.15 16:00:00,4.206116
2022.08.15 18:00:00,4.305695
2022.08.15 20:00:00,4.126526
2022.08.15 22:00:00,3.828796
2022.08.16 00:00:00,3.492584
2022.08.16 02:00:00,3.157623
2022.08.16 04:00:00,2.863098
2022.08.16 06:00:00,2.667236
2022.08.16 08:00:00,2.569458
2022.08.16 10:00:00,2.588989
2022.08.16 12:00:00,2.745514
2022.08.16 14:00:00,3.098663
2022.08.16 16:00:00,3.196991
2022.08.16 18:00:00,3.216644
2022.08.16 20:00:00,3.039703
2022.08.16 22:00:00,2.784698
2022.08.17 00:00:00,2.510834
2022.08.17 02:00:00,2.237701
2022.08.17 04:00:00,1.965271
2022.08.17 06:00:00,1.751709
2022.08.17 08:00:00,1.596649
2022.08.17 10:00:00,1.577301
2022.08.17 12:00:00,1.635406
2022.08.17 14:00:00,1.926422
2022.08.17 16:00:00,2.15979
2022.08.17 18:00:00,2.237701
2022.08.17 20:00:00,2.14032
2022.08.17 22:00:00,1.965271
2022.08.18 00:00:00,1.771118
2022.08.18 02:00:00,1.557922
2022.08.18 04:00:00,1.364471
2022.08.18 06:00:00,1.190643
2022.08.18 08:00:00,1.036346
2022.08.18 10:00:00,1.017059
2022.08.18 12:00:00,1.171356
2022.08.18 14:00:00,1.596649
2022.08.18 16:00:00,2.218201
2022.08.18 18:00:00,2.686798
2022.08.18 20:00:00,2.784698
2022.08.18 22:00:00,2.608551
2022.08.19 00:00:00,2.335144
2022.08.19 02:00:00,2.04303
2022.08.19 04:00:00,1.790527
2022.08.19 06:00:00,1.596649
2022.08.19 08:00:00,1.461151
2022.08.19 10:00:00,1.422485
2022.08.19 12:00:00,1.519226
2022.08.19 14:00:00,1.771118
2022.08.19 16:00:00,2.218201
2022.08.19 18:00:00,2.686798
2022.08.19 20:00:00,2.765106
2022.08.19 22:00:00,2.628113
2022.08.20 00:00:00,2.413177
2022.08.20 02:00:00,2.15979
2022.08.20 04:00:00,1.868164
2022.08.20 06:00:00,1.635406
2022.08.20 08:00:00,1.519226
2022.08.20 10:00:00,1.519226
2022.08.20 12:00:00,1.577301
2022.08.20 14:00:00,1.868164
2022.08.20 16:00:00,2.413177
2022.08.20 18:00:00,2.667236
2022.08.20 20:00:00,2.628113
2022.08.20 22:00:00,2.432709
2022.08.21 00:00:00,2.17926
2022.08.21 02:00:00,1.887573
2022.08.21 04:00:00,1.616028
2022.08.21 06:00:00,1.422485
2022.08.21 08:00:00,1.229248
2022.08.21 10:00:00,1.248566
2022.08.21 12:00:00,1.519226
2022.08.21 14:00:00,1.771118
2022.08.21 16:00:00,2.00415
2022.08.21 18:00:00,2.101379
2022.08.21 20:00:00,2.00415
2022.08.21 22:00:00,1.790527
2022.08.22 00:00:00,1.519226
2022.08.22 02:00:00,1.267883
2022.08.22 04:00:00,1.055603
2022.08.22 06:00:00,0.9014893
2022.08.22 08:00:00,0.7859802
2022.08.22 10:00:00,0.728302
2022.08.22 12:00:00,0.7475281
2022.08.22 14:00:00,0.959259
2022.08.22 16:00:00,1.345154
2022.08.22 18:00:00,1.829315
2022.08.22 20:00:00,1.926422
2022.08.22 22:00:00,1.848724
2022.08.23 00:00:00,1.712921
2022.08.23 02:00:00,1.577301
2022.08.23 04:00:00,1.403137
2022.08.23 06:00:00,1.190643
2022.08.23 08:00:00,1.152039
2022.08.23 10:00:00,1.422485
2022.08.23 12:00:00,2.12085
2022.08.23 14:00:00,2.530365
2022.08.23 16:00:00,2.88269
2022.08.23 18:00:00,3.059357
2022.08.23 20:00:00,3.000427
2022.08.23 22:00:00,2.745514
2022.08.24 00:00:00,2.413177
2022.08.24 02:00:00,2.101379
2022.08.24 04:00:00,1.790527
2022.08.24 06:00:00,1.538574
2022.08.24 08:00:00,1.403137
2022.08.24 10:00:00,1.674164
2022.08.24 12:00:00,2.04303
2022.08.24 14:00:00,2.257172
2022.08.24 16:00:00,2.608551
2022.08.24 18:00:00,2.804291
2022.08.24 20:00:00,2.804291
2022.08.24 22:00:00,2.686798
2022.08.25 00:00:00,2.549896
2022.08.25 02:00:00,2.413177
2022.08.25 04:00:00,2.237701
2022.08.25 06:00:00,2.08194
2022.08.25 08:00:00,2.00415
2022.08.25 10:00:00,2.12085
2022.08.25 12:00:00,2.315643
2022.08.25 14:00:00,2.393677
2022.08.25 16:00:00,2.354645
2022.08.25 18:00:00,2.315643
2022.08.25 20:00:00,2.15979
2022.08.25 22:00:00,1.945831
2022.08.26 00:00:00,1.751709
2022.08.26 02:00:00,1.577301
2022.08.26 04:00:00,1.403137
2022.08.26 06:00:00,1.267883
2022.08.26 08:00:00,1.171356
2022.08.26 10:00:00,1.132751
2022.08.26 12:00:00,1.267883
2022.08.26 14:00:00,1.38382
2022.08.26 16:00:00,1.616028
2022.08.26 18:00:00,1.596649
2022.08.26 20:00:00,1.480499
2022.08.26 22:00:00,1.364471
2022.08.27 00:00:00,1.248566
2022.08.27 02:00:00,1.094177
2022.08.27 04:00:00,0.959259
2022.08.27 06:00:00,0.8437195
2022.08.27 08:00:00,0.7475281
2022.08.27 10:00:00,0.6706238
2022.08.27 12:00:00,0.6129761
2022.08.27 14:00:00,0.6513977
2022.08.27 16:00:00,0.8052368
2022.08.27 18:00:00,0.959259
2022.08.27 20:00:00,0.9207458
2022.08.27 22:00:00,0.8244629
2022.08.28 00:00:00,0.7090759
2022.08.28 02:00:00,0.6129761
2022.08.28 04:00:00,0.5169373
2022.08.28 06:00:00,0.4401855
2022.08.28 08:00:00,0.3826294
2022.08.28 10:00:00,0.3442688
2022.08.28 12:00:00,0.3442688
2022.08.28 14:00:00,0.3826294
2022.08.28 16:00:00,0.6321716
2022.08.28 18:00:00,0.8822327
2022.08.28 20:00:00,0.8437195
2022.08.28 22:00:00,0.7475281
2022.08.29 00:00:00,0.6513977
2022.08.29 02:00:00,0.5361328
2022.08.29 04:00:00,0.4593506
2022.08.29 06:00:00,0.3826294
2022.08.29 08:00:00,0.3251038
2022.08.29 10:00:00,0.3059387
2022.08.29 12:00:00,0.6129761
2022.08.29 14:00:00,0.8437195
2022.08.29 16:00:00,0.8629761
2022.08.29 18:00:00,0.8437195
2022.08.29 20:00:00,0.7859802
2022.08.29 22:00:00,0.728302
2022.08.30 00:00:00,0.6706238
2022.08.30 02:00:00,0.5745544
2022.08.30 04:00:00,0.4977417
2022.08.30 06:00:00,0.42099
2022.08.30 08:00:00,0.3826294
2022.08.30 10:00:00,0.3442688
2022.08.30 12:00:00,0.3059387
2022.08.30 14:00:00,0.3634338
2022.08.30 16:00:00,0.5361328
2022.08.30 18:00:00,0.6706238
2022.08.30 20:00:00,0.6898499
2022.08.30 22:00:00,0.6129761
2022.08.31 00:00:00,0.5169373
2022.08.31 02:00:00,0.42099
2022.08.31 04:00:00,0.3442688
2022.08.31 06:00:00,0.3059387
2022.08.31 08:00:00,0.2676086
2022.08.31 10:00:00,0.2292786
2022.08.31 12:00:00,0.2292786
2022.08.31 14:00:00,0.2867737
2022.08.31 16:00:00,0.4785461
2022.08.31 18:00:00,0.6706238
2022.08.31 20:00:00,0.6513977
2022.08.31 22:00:00,0.5553589
2022.09.01 00:00:00,0.4593506
2022.09.01 02:00:00,0.3826294
2022.09.01 04:00:00,0.3059387
2022.09.01 06:00:00,0.2484436
2022.09.01 08:00:00,0.2101135
2022.09.01 10:00:00,0.190979
2022.09.01 12:00:00,0.190979
2022.09.01 14:00:00,0.190979
2022.09.01 16:00:00,0.2676086
2022.09.01 18:00:00,0.4401855
2022.09.01 20:00:00,0.4593506
2022.09.01 22:00:00,0.4017944
2022.09.02 00:00:00,0.3442688
2022.09.02 02:00:00,0.2867737
2022.09.02 04:00:00,0.2292786
2022.09.02 06:00:00,0.171814
2022.09.02 08:00:00,0.1526794
2022.09.02 10:00:00,0.1335144
2022.09.02 12:00:00,0.1526794
2022.09.02 14:00:00,0.171814
2022.09.02 16:00:00,0.2867737
2022.09.02 18:00:00,0.4977417
2022.09.02 20:00:00,0.4977417
2022.09.02 22:00:00,0.4401855
2022.09.03 00:00:00,0.3826294
2022.09.03 02:00:00,0.3059387
2022.09.03 04:00:00,0.2676086
2022.09.03 06:00:00,0.190979
2022.09.03 08:00:00,0.171814
2022.09.03 10:00:00,0.1526794
2022.09.03 12:00:00,0.1526794
2022.09.03 14:00:00,0.2292786
2022.09.03 16:00:00,0.5553589
2022.09.03 18:00:00,0.9014893
2022.09.03 20:00:00,0.9207458
2022.09.03 22:00:00,0.8244629
2022.09.04 00:00:00,0.6898499
2022.09.04 02:00:00,0.59375
2022.09.04 04:00:00,0.4977417
2022.09.04 06:00:00,0.42099
2022.09.04 08:00:00,0.3442688
2022.09.04 10:00:00,0.3059387
2022.09.04 12:00:00,0.6898499
2022.09.04 14:00:00,0.9978027
2022.09.04 16:00:00,1.577301
2022.09.04 18:00:00,1.693542
2022.09.04 20:00:00,1.616028
2022.09.04 22:00:00,1.499847
2022.09.05 00:00:00,1.38382
2022.09.05 02:00:00,1.267883
2022.09.05 04:00:00,1.113464
2022.09.05 06:00:00,0.9785156
2022.09.05 08:00:00,0.8437195
2022.09.05 10:00:00,0.8437195
2022.09.05 12:00:00,1.306519
2022.09.05 14:00:00,1.809906
2022.09.05 16:00:00,1.868164
2022.09.05 18:00:00,1.771118
2022.09.05 20:00:00,1.616028
2022.09.05 22:00:00,1.422485
2022.09.06 00:00:00,1.248566
2022.09.06 02:00:00,1.07489
2022.09.06 04:00:00,0.9014893
2022.09.06 06:00:00,0.7667542
2022.09.06 08:00:00,0.6706238
2022.09.06 10:00:00,0.5745544
2022.09.06 12:00:00,0.8437195
2022.09.06 14:00:00,1.287201
2022.09.06 16:00:00,1.906982
2022.09.06 18:00:00,2.062469
2022.09.06 20:00:00,1.945831
2022.09.06 22:00:00,1.73233
2022.09.07 00:00:00,1.499847
2022.09.07 02:00:00,1.287201
2022.09.07 04:00:00,1.094177
2022.09.07 06:00:00,0.9207458
2022.09.07 08:00:00,0.8052368
2022.09.07 10:00:00,0.7859802
2022.09.07 12:00:00,1.113464
2022.09.07 14:00:00,1.693542
2022.09.07 16:00:00,2.218201
2022.09.07 18:00:00,2.608551
2022.09.07 20:00:00,2.628113
2022.09.07 22:00:00,2.432709
2022.09.08 00:00:00,2.19873
2022.09.08 02:00:00,1.965271
2022.09.08 04:00:00,1.73233
2022.09.08 06:00:00,1.538574
2022.09.08 08:00:00,1.38382
2022.09.08 10:00:00,1.693542
2022.09.08 12:00:00,2.101379
2022.09.08 14:00:00,2.70636
2022.09.08 16:00:00,3.020081
2022.09.08 18:00:00,3.354523
2022.09.08 20:00:00,3.334808
2022.09.08 22:00:00,3.196991
2022.09.09 00:00:00,2.980804
2022.09.09 02:00:00,2.70636
2022.09.09 04:00:00,2.393677
2022.09.09 06:00:00,2.08194
2022.09.09 08:00:00,1.829315
2022.09.09 10:00:00,1.829315
2022.09.09 12:00:00,1.926422
2022.09.09 14:00:00,2.413177
2022.09.09 16:00:00,2.765106
2022.09.09 18:00:00,3.07901
2022.09.09 20:00:00,3.059357
2022.09.09 22:00:00,2.823883
2022.09.10 00:00:00,2.510834
2022.09.10 02:00:00,2.19873
2022.09.10 04:00:00,1.906982
2022.09.10 06:00:00,1.654785
2022.09.10 08:00:00,1.480499
2022.09.10 10:00:00,1.441833
2022.09.10 12:00:00,1.557922
2022.09.10 14:00:00,1.848724
2022.09.10 16:00:00,2.413177
2022.09.10 18:00:00,2.647675
2022.09.10 20:00:00,2.588989
2022.09.10 22:00:00,2.393677
2022.09.11 00:00:00,2.12085
2022.09.11 02:00:00,1.868164
2022.09.11 04:00:00,1.693542
2022.09.11 06:00:00,1.538574
2022.09.11 08:00:00,1.499847
2022.09.11 10:00:00,1.829315
2022.09.11 12:00:00,2.413177
2022.09.11 14:00:00,2.784698
2022.09.11 16:00:00,2.961182
2022.09.11 18:00:00,2.88269
2022.09.11 20:00:00,2.686798
2022.09.11 22:00:00,2.471771
2022.09.12 00:00:00,2.218201
2022.09.12 02:00:00,1.984711
2022.09.12 04:00:00,1.771118
2022.09.12 06:00:00,1.596649
2022.09.12 08:00:00,1.461151
2022.09.12 10:00:00,1.345154
2022.09.12 12:00:00,1.267883
2022.09.12 14:00:00,1.403137
2022.09.12 16:00:00,1.73233
2022.09.12 18:00:00,1.809906
2022.09.12 20:00:00,1.693542
2022.09.12 22:00:00,1.577301
2022.09.13 00:00:00,1.461151
2022.09.13 02:00:00,1.364471
2022.09.13 04:00:00,1.248566
2022.09.13 06:00:00,1.171356
2022.09.13 08:00:00,1.094177
2022.09.13 10:00:00,0.9978027
2022.09.13 12:00:00,0.9207458
2022.09.13 14:00:00,0.8629761
2022.09.13 16:00:00,0.8437195
2022.09.13 18:00:00,0.8244629
2022.09.13 20:00:00,0.7667542
2022.09.13 22:00:00,0.7090759
2022.09.14 00:00:00,0.6321716
2022.09.14 02:00:00,0.5553589
2022.09.14 04:00:00,0.4785461
2022.09.14 06:00:00,0.42099
2022.09.14 08:00:00,0.3442688
2022.09.14 10:00:00,0.2867737
2022.09.14 12:00:00,0.2676086
2022.09.14 14:00:00,0.4977417
2022.09.14 16:00:00,0.9400024
2022.09.14 18:00:00,1.017059
2022.09.14 20:00:00,0.9207458
2022.09.14 22:00:00,0.8052368
2022.09.15 00:00:00,0.6706238
2022.09.15 02:00:00,0.5745544
2022.09.15 04:00:00,0.4785461
2022.09.15 06:00:00,0.4017944
2022.09.15 08:00:00,0.3442688
2022.09.15 10:00:00,0.3059387
2022.09.15 12:00:00,0.2867737
2022.09.15 14:00:00,0.4593506
2022.09.15 16:00:00,0.9785156
2022.09.15 18:00:00,1.209961
2022.09.15 20:00:00,1.113464
2022.09.15 22:00:00,0.9400024
2022.09.16 00:00:00,0.7859802
2022.09.16 02:00:00,0.6513977
2022.09.16 04:00:00,0.5361328
2022.09.16 06:00:00,0.4401855
2022.09.16 08:00:00,0.3826294
2022.09.16 10:00:00,0.3251038
2022.09.16 12:00:00,0.3634338
2022.09.16 14:00:00,0.59375
2022.09.16 16:00:00,1.055603
2022.09.16 18:00:00,1.325836
2022.09.16 20:00:00,1.267883
2022.09.16 22:00:00,1.07489
2022.09.17 00:00:00,0.9014893
2022.09.17 02:00:00,0.7475281
2022.09.17 04:00:00,0.6129761
2022.09.17 06:00:00,0.4977417
2022.09.17 08:00:00,0.42099
2022.09.17 10:00:00,0.3634338
2022.09.17 12:00:00,0.3442688
2022.09.17 14:00:00,0.4017944
2022.09.17 16:00:00,0.6513977
2022.09.17 18:00:00,0.8437195
2022.09.17 20:00:00,0.7859802
2022.09.17 22:00:00,0.6706238
2022.09.18 00:00:00,0.5553589
2022.09.18 02:00:00,0.4593506
2022.09.18 04:00:00,0.3826294
2022.09.18 06:00:00,0.3059387
2022.09.18 08:00:00,0.2484436
2022.09.18 10:00:00,0.2101135
2022.09.18 12:00:00,0.2101135
2022.09.18 14:00:00,0.2676086
2022.09.18 16:00:00,0.5169373
2022.09.18 18:00:00,0.728302
2022.09.18 20:00:00,0.7475281
2022.09.18 22:00:00,0.6513977
2022.09.19 00:00:00,0.5553589
2022.09.19 02:00:00,0.4593506
2022.09.19 04:00:00,0.3826294
2022.09.19 06:00:00,0.3251038
2022.09.19 08:00:00,0.2676086
2022.09.19 10:00:00,0.2292786
2022.09.19 12:00:00,0.3251038
2022.09.19 14:00:00,0.42099
2022.09.19 16:00:00,0.5169373
2022.09.19 18:00:00,0.5169373
2022.09.19 20:00:00,0.4785461
2022.09.19 22:00:00,0.42099
2022.09.20 00:00:00,0.3634338
2022.09.20 02:00:00,0.3059387
2022.09.20 04:00:00,0.2676086
2022.09.20 06:00:00,0.2292786
2022.09.20 08:00:00,0.190979
2022.09.20 10:00:00,0.1526794
2022.09.20 12:00:00,0.1526794
2022.09.20 14:00:00,0.1526794
2022.09.20 16:00:00,0.190979
2022.09.20 18:00:00,0.190979
2022.09.20 20:00:00,0.171814
2022.09.20 22:00:00,0.1335144
2022.09.21 00:00:00,0.1143799
2022.09.21 02:00:00,0.09524536
2022.09.21 04:00:00,0.07611084
2022.09.21 06:00:00,0.0569458
2022.09.21 08:00:00,0.0569458
2022.09.21 10:00:00,0.03781128
2022.09.21 12:00:00,0.03781128
2022.09.21 14:00:00,0.1335144
2022.09.21 16:00:00,0.2867737
2022.09.21 18:00:00,0.2676086
2022.09.21 20:00:00,0.2292786
2022.09.21 22:00:00,0.190979
2022.09.22 00:00:00,0.1526794
2022.09.22 02:00:00,0.1143799
2022.09.22 04:00:00,0.09524536
2022.09.22 06:00:00,0.09524536
2022.09.22 08:00:00,0.07611084
2022.09.22 10:00:00,0.0569458
2022.09.22 12:00:00,0.0569458
2022.09.22 14:00:00,0.0569458
2022.09.22 16:00:00,0.0569458
2022.09.22 18:00:00,0.09524536
2022.09.22 20:00:00,0.1143799
2022.09.22 22:00:00,0.1143799
2022.09.23 00:00:00,0.1143799
2022.09.23 02:00:00,0.1143799
2022.09.23 04:00:00,0.1143799
2022.09.23 06:00:00,0.09524536
2022.09.23 08:00:00,0.07611084
2022.09.23 10:00:00,0.0569458
2022.09.23 12:00:00,0.0569458
2022.09.23 14:00:00,0.1143799
2022.09.23 16:00:00,0.3634338
2022.09.23 18:00:00,0.4785461
2022.09.23 20:00:00,0.4977417
2022.09.23 22:00:00,0.4401855
2022.09.24 00:00:00,0.3826294
2022.09.24 02:00:00,0.3059387
2022.09.24 04:00:00,0.2484436
2022.09.24 06:00:00,0.2101135
2022.09.24 08:00:00,0.171814
2022.09.24 10:00:00,0.1335144
2022.09.24 12:00:00,0.1335144
2022.09.24 14:00:00,0.171814
2022.09.24 16:00:00,0.4017944
2022.09.24 18:00:00,0.4785461
2022.09.24 20:00:00,0.42099
2022.09.24 22:00:00,0.3442688
2022.09.25 00:00:00,0.2676086
2022.09.25 02:00:00,0.2101135
2022.09.25 04:00:00,0.1526794
2022.09.25 06:00:00,0.1143799
2022.09.25 08:00:00,0.09524536
2022.09.25 10:00:00,0.07611084
2022.09.25 12:00:00,0.09524536
2022.09.25 14:00:00,0.07611084
2022.09.25 16:00:00,0.0569458
2022.09.25 18:00:00,0.03781128
2022.09.25 20:00:00,0.03781128
2022.09.25 22:00:00,0.03781128
2022.09.26 00:00:00,0.01870728
2022.09.26 02:00:00,0.01870728
2022.09.26 04:00:00,-0.0004272461
2022.09.26 06:00:00,-0.0004272461
2022.09.26 08:00:00,-0.01956177
2022.09.26 10:00:00,-0.01956177
2022.09.26 12:00:00,-0.01956177
2022.09.26 14:00:00,-0.01956177
2022.09.26 16:00:00,0.1335144
2022.09.26 18:00:00,0.3442688
2022.09.26 20:00:00,0.3826294
2022.09.26 22:00:00,0.3251038
2022.09.27 00:00:00,0.2484436
2022.09.27 02:00:00,0.190979
2022.09.27 04:00:00,0.1526794
2022.09.27 06:00:00,0.1143799
2022.09.27 08:00:00,0.09524536
2022.09.27 10:00:00,0.0569458
2022.09.27 12:00:00,0.0569458
2022.09.27 14:00:00,0.1526794
2022.09.27 16:00:00,0.59375
2022.09.27 18:00:00,0.7667542
2022.09.27 20:00:00,0.6706238
2022.09.27 22:00:00,0.5361328
2022.09.28 00:00:00,0.42099
2022.09.28 02:00:00,0.3251038
2022.09.28 04:00:00,0.2484436
2022.09.28 06:00:00,0.190979
2022.09.28 08:00:00,0.1526794
2022.09.28 10:00:00,0.1335144
2022.09.28 12:00:00,0.1143799
2022.09.28 14:00:00,0.1143799
2022.09.28 16:00:00,0.190979
2022.09.28 18:00:00,0.2676086
2022.09.28 20:00:00,0.2292786
2022.09.28 22:00:00,0.190979
2022.09.29 00:00:00,0.1526794
2022.09.29 02:00:00,0.1143799
2022.09.29 04:00:00,0.07611084
2022.09.29 06:00:00,0.0569458
2022.09.29 08:00:00,0.03781128
2022.09.29 10:00:00,0.03781128
2022.09.29 12:00:00,0.03781128
2022.09.29 14:00:00,0.01870728
2022.09.29 16:00:00,-0.0004272461
2022.09.29 18:00:00,-0.0004272461
2022.09.29 20:00:00,-0.0004272461
2022.09.29 22:00:00,-0.0004272461
2022.09.30 00:00:00,-0.0004272461
2022.09.30 02:00:00,-0.0004272461
2022.09.30 04:00:00,-0.0004272461
2022.09.30 06:00:00,-0.0004272461
2022.09.30 08:00:00,-0.01956177
2022.09.30 10:00:00,-0.0004272461
2022.09.30 12:00:00,-0.01956177
2022.09.30 14:00:00,-0.01956177
2022.09.30 16:00:00,-0.01956177
2022.09.30 18:00:00,-0.01956177
2022.09.30 20:00:00,-0.01956177
2022.09.30 22:00:00,-0.01956177
2022.10.01 00:00:00,-0.01956177
2022.10.01 02:00:00,-0.01956177
2022.10.01 04:00:00,-0.03869629
2022.10.01 06:00:00,-0.01956177
2022.10.01 08:00:00,-0.03869629
2022.10.01 10:00:00,-0.03869629
2022.10.01 12:00:00,-0.03869629
2022.10.01 14:00:00,-0.03869629
2022.10.01 16:00:00,-0.03869629
2022.10.01 18:00:00,-0.03869629
2022.10.01 20:00:00,-0.03869629
2022.10.01 22:00:00,-0.03869629
2022.10.02 00:00:00,-0.03869629
2022.10.02 02:00:00,-0.03869629
2022.10.02 04:00:00,-0.03869629
2022.10.02 06:00:00,-0.03869629
2022.10.02 08:00:00,-0.03869629
2022.10.02 10:00:00,-0.03869629
2022.10.02 12:00:00,-0.03869629
2022.10.02 14:00:00,-0.03869629
2022.10.02 16:00:00,-0.05780029
2022.10.02 18:00:00,-0.05780029
2022.10.02 20:00:00,-0.03869629
2022.10.02 22:00:00,-0.03869629
2022.10.03 00:00:00,-0.05780029
2022.10.03 02:00:00,-0.05780029
2022.10.03 04:00:00,-0.05780029
2022.10.03 06:00:00,-0.05780029
2022.10.03 08:00:00,-0.05780029
2022.10.03 10:00:00,-0.05780029
2022.10.03 12:00:00,-0.05780029
2022.10.03 14:00:00,-0.05780029
2022.10.03 16:00:00,-0.05780029
2022.10.03 18:00:00,-0.05780029
2022.10.03 20:00:00,-0.05780029
2022.10.03 22:00:00,-0.05780029
2022.10.04 00:00:00,-0.05780029
2022.10.04 02:00:00,-0.05780029
2022.10.04 04:00:00,-0.05780029
2022.10.04 06:00:00,-0.05780029
2022.10.04 08:00:00,-0.05780029
2022.10.04 10:00:00,-0.07693481
2022.10.04 12:00:00,-0.07693481
2022.10.04 14:00:00,-0.07693481
2022.10.04 16:00:00,-0.05780029
2022.10.04 18:00:00,-0.05780029
2022.10.04 20:00:00,-0.05780029
2022.10.04 22:00:00,-0.05780029
2022.10.05 00:00:00,-0.05780029
2022.10.05 02:00:00,-0.03869629
2022.10.05 04:00:00,-0.05780029
2022.10.05 06:00:00,-0.03869629
2022.10.05 08:00:00,-0.05780029
2022.10.05 10:00:00,-0.05780029
2022.10.05 12:00:00,-0.07693481
2022.10.05 14:00:00,-0.07693481
2022.10.05 16:00:00,-0.07693481
2022.10.05 18:00:00,-0.05780029
2022.10.05 20:00:00,-0.07693481
2022.10.05 22:00:00,-0.07693481
2022.10.06 00:00:00,-0.07693481
2022.10.06 02:00:00,-0.09603882
2022.10.06 04:00:00,-0.1151428
2022.10.06 06:00:00,-0.1151428
2022.10.06 08:00:00,-0.1342773
2022.10.06 10:00:00,-0.1533813
2022.10.06 12:00:00,-0.1724854
2022.10.06 14:00:00,-0.1915894
2022.10.06 16:00:00,-0.1724854
2022.10.06 18:00:00,-0.1915894
2022.10.06 20:00:00,-0.2106934
2022.10.06 22:00:00,-0.2297974
2022.10.07 00:00:00,-0.2679749
2022.10.07 02:00:00,-0.3252563
2022.10.07 04:00:00,-0.4015808
2022.10.07 06:00:00,-0.4969177
2022.10.07 08:00:00,-0.6112671
2022.10.07 10:00:00,-0.7255554
2022.10.07 12:00:00,-0.7826538
2022.10.07 14:00:00,-0.7445984
2022.10.07 16:00:00,-0.7065125
2022.10.07 18:00:00,-0.6684265
2022.10.07 20:00:00,-0.6684265
2022.10.07 22:00:00,-0.7065125
2022.10.08 00:00:00,-0.7445984
2022.10.08 02:00:00,-0.8207092
2022.10.08 04:00:00,-0.9158325
2022.10.08 06:00:00,-1.010895
2022.10.08 08:00:00,-1.143921
2022.10.08 10:00:00,-1.219879
2022.10.08 12:00:00,-1.219879
2022.10.08 14:00:00,-1.086914
2022.10.08 16:00:00,-0.934845
2022.10.08 18:00:00,-0.8207092
2022.10.08 20:00:00,-0.7636108
2022.10.08 22:00:00,-0.7636108
2022.10.09 00:00:00,-0.8397522
2022.10.09 02:00:00,-0.934845
2022.10.09 04:00:00,-1.04892
2022.10.09 06:00:00,-1.200897
2022.10.09 08:00:00,-1.333771
2022.10.09 10:00:00,-1.466553
2022.10.09 12:00:00,-1.447571
2022.10.09 14:00:00,-1.181885
2022.10.09 16:00:00,-0.9538574
2022.10.09 18:00:00,-0.8016968
2022.10.09 20:00:00,-0.7826538
2022.10.09 22:00:00,-0.8587646
2022.10.10 00:00:00,-0.9538574
2022.10.10 02:00:00,-1.04892
2022.10.10 04:00:00,-1.162903
2022.10.10 06:00:00,-1.276825
2022.10.10 08:00:00,-1.352753
2022.10.10 10:00:00,-1.333771
2022.10.10 12:00:00,-1.219879
2022.10.10 14:00:00,-1.086914
2022.10.10 16:00:00,-1.029907
2022.10.10 18:00:00,-1.105927
2022.10.10 20:00:00,-1.276825
2022.10.10 22:00:00,-1.542389
2022.10.11 00:00:00,-1.769745
2022.10.11 02:00:00,-2.07251
2022.10.11 04:00:00,-2.393799
2022.10.11 06:00:00,-2.733582
2022.10.11 08:00:00,-3.054108
2022.10.11 10:00:00,-3.280212
2022.10.11 12:00:00,-3.299042
2022.10.11 14:00:00,-3.110657
2022.10.11 16:00:00,-2.846741
2022.10.11 18:00:00,-2.733582
2022.10.11 20:00:00,-2.790161
2022.10.11 22:00:00,-2.959869
2022.10.12 00:00:00,-3.167175
2022.10.12 02:00:00,-3.412048
2022.10.12 04:00:00,-3.656769
2022.10.12 06:00:00,-3.920197
2022.10.12 08:00:00,-4.164703
2022.10.12 10:00:00,-4.39032
2022.10.12 12:00:00,-4.352722
2022.10.12 14:00:00,-3.957794
2022.10.12 16:00:00,-3.487366
2022.10.12 18:00:00,-3.242554
2022.10.12 20:00:00,-3.186035
2022.10.12 22:00:00,-3.242554
2022.10.13 00:00:00,-3.37439
2022.10.13 02:00:00,-3.525024
2022.10.13 04:00:00,-3.713226
2022.10.13 06:00:00,-3.920197
2022.10.13 08:00:00,-4.089478
2022.10.13 10:00:00,-4.164703
2022.10.13 12:00:00,-3.938995
2022.10.13 14:00:00,-3.487366
2022.10.13 16:00:00,-3.072968
2022.10.13 18:00:00,-2.90332
2022.10.13 20:00:00,-2.92218
2022.10.13 22:00:00,-3.054108
2022.10.14 00:00:00,-3.242554
2022.10.14 02:00:00,-3.430878
2022.10.14 04:00:00,-3.656769
2022.10.14 06:00:00,-3.863739
2022.10.14 08:00:00,-4.089478
2022.10.14 10:00:00,-4.2211
2022.10.14 12:00:00,-4.014252
2022.10.14 14:00:00,-3.543823
2022.10.14 16:00:00,-3.072968
2022.10.14 18:00:00,-2.865601
2022.10.14 20:00:00,-2.88446
2022.10.14 22:00:00,-2.997589
2022.10.15 00:00:00,-3.148346
2022.10.15 02:00:00,-3.336731
2022.10.15 04:00:00,-3.525024
2022.10.15 06:00:00,-3.732056
2022.10.15 08:00:00,-3.863739
2022.10.15 10:00:00,-3.957794
2022.10.15 12:00:00,-3.656769
2022.10.15 14:00:00,-3.223694
2022.10.15 16:00:00,-2.790161
2022.10.15 18:00:00,-2.582611
2022.10.15 20:00:00,-2.563721
2022.10.15 22:00:00,-2.676971
2022.10.16 00:00:00,-2.846741
2022.10.16 02:00:00,-3.016418
2022.10.16 04:00:00,-3.204865
2022.10.16 06:00:00,-3.412048
2022.10.16 08:00:00,-3.619141
2022.10.16 10:00:00,-3.619141
2022.10.16 12:00:00,-3.37439
2022.10.16 14:00:00,-2.959869
2022.10.16 16:00:00,-2.544861
2022.10.16 18:00:00,-2.374908
2022.10.16 20:00:00,-2.374908
2022.10.16 22:00:00,-2.48822
2022.10.17 00:00:00,-2.639221
2022.10.17 02:00:00,-2.809021
2022.10.17 04:00:00,-2.997589
2022.10.17 06:00:00,-3.186035
2022.10.17 08:00:00,-3.299042
2022.10.17 10:00:00,-3.223694
2022.10.17 12:00:00,-2.978729
2022.10.17 14:00:00,-2.639221
2022.10.17 16:00:00,-2.374908
2022.10.17 18:00:00,-2.318237
2022.10.17 20:00:00,-2.356018
2022.10.17 22:00:00,-2.45047
2022.10.18 00:00:00,-2.52597
2022.10.18 02:00:00,-2.601471
2022.10.18 04:00:00,-2.695831
2022.10.18 06:00:00,-2.771301
2022.10.18 08:00:00,-2.809021
2022.10.18 10:00:00,-2.695831
2022.10.18 12:00:00,-2.46933
2022.10.18 14:00:00,-2.261566
2022.10.18 16:00:00,-2.129242
2022.10.18 18:00:00,-2.110321
2022.10.18 20:00:00,-2.167053
2022.10.18 22:00:00,-2.280457
2022.10.19 00:00:00,-2.356018
2022.10.19 02:00:00,-2.43158
2022.10.19 04:00:00,-2.48822
2022.10.19 06:00:00,-2.507111
2022.10.19 08:00:00,-2.544861
2022.10.19 10:00:00,-2.563721
2022.10.19 12:00:00,-2.52597
2022.10.19 14:00:00,-2.46933
2022.10.19 16:00:00,-2.393799
2022.10.19 18:00:00,-2.318237
2022.10.19 20:00:00,-2.261566
2022.10.19 22:00:00,-2.204865
2022.10.20 00:00:00,-2.167053
2022.10.20 02:00:00,-2.110321
2022.10.20 04:00:00,-2.091431
2022.10.20 06:00:00,-2.091431
2022.10.20 08:00:00,-2.091431
2022.10.20 10:00:00,-2.091431
2022.10.20 12:00:00,-2.091431
2022.10.20 14:00:00,-2.053589
2022.10.20 16:00:00,-2.034698
2022.10.20 18:00:00,-2.015778
2022.10.20 20:00:00,-2.034698
2022.10.20 22:00:00,-2.053589
2022.10.21 00:00:00,-2.07251
2022.10.21 02:00:00,-2.110321
2022.10.21 04:00:00,-2.167053
2022.10.21 06:00:00,-2.185944
2022.10.21 08:00:00,-2.223755
2022.10.21 10:00:00,-2.261566
2022.10.21 12:00:00,-2.299347
2022.10.21 14:00:00,-2.261566
2022.10.21 16:00:00,-2.185944
2022.10.21 18:00:00,-2.148132
2022.10.21 20:00:00,-2.148132
2022.10.21 22:00:00,-2.204865
2022.10.22 00:00:00,-2.261566
2022.10.22 02:00:00,-2.356018
2022.10.22 04:00:00,-2.48822
2022.10.22 06:00:00,-2.620361
2022.10.22 08:00:00,-2.771301
2022.10.22 10:00:00,-2.90332
2022.10.22 12:00:00,-3.016418
2022.10.22 14:00:00,-2.997589
2022.10.22 16:00:00,-2.92218
2022.10.22 18:00:00,-2.865601
2022.10.22 20:00:00,-2.846741
2022.10.22 22:00:00,-2.88446
2022.10.23 00:00:00,-2.94101
2022.10.23 02:00:00,-3.016418
2022.10.23 04:00:00,-3.129517
2022.10.23 06:00:00,-3.261383
2022.10.23 08:00:00,-3.37439
2022.10.23 10:00:00,-3.468536
2022.10.23 12:00:00,-3.506195
2022.10.23 14:00:00,-3.468536
2022.10.23 16:00:00,-3.393219
2022.10.23 18:00:00,-3.336731
2022.10.23 20:00:00,-3.299042
2022.10.23 22:00:00,-3.299042
2022.10.24 00:00:00,-3.299042
2022.10.24 02:00:00,-3.336731
2022.10.24 04:00:00,-3.35556
2022.10.24 06:00:00,-3.393219
2022.10.24 08:00:00,-3.449707
2022.10.24 10:00:00,-3.449707
2022.10.24 12:00:00,-3.37439
2022.10.24 14:00:00,-3.223694
2022.10.24 16:00:00,-3.072968
2022.10.24 18:00:00,-2.92218
2022.10.24 20:00:00,-2.827881
2022.10.24 22:00:00,-2.752441
2022.10.25 00:00:00,-2.695831
2022.10.25 02:00:00,-2.639221
2022.10.25 04:00:00,-2.601471
2022.10.25 06:00:00,-2.563721
2022.10.25 08:00:00,-2.544861
2022.10.25 10:00:00,-2.52597
2022.10.25 12:00:00,-2.48822
2022.10.25 14:00:00,-2.45047
2022.10.25 16:00:00,-2.412689
2022.10.25 18:00:00,-2.393799
2022.10.25 20:00:00,-2.393799
2022.10.25 22:00:00,-2.393799
2022.10.26 00:00:00,-2.43158
2022.10.26 02:00:00,-2.46933
2022.10.26 04:00:00,-2.52597
2022.10.26 06:00:00,-2.582611
2022.10.26 08:00:00,-2.658112
2022.10.26 10:00:00,-2.695831
2022.10.26 12:00:00,-2.695831
2022.10.26 14:00:00,-2.676971
2022.10.26 16:00:00,-2.639221
2022.10.26 18:00:00,-2.601471
2022.10.26 20:00:00,-2.601471
2022.10.26 22:00:00,-2.639221
2022.10.27 00:00:00,-2.695831
2022.10.27 02:00:00,-2.771301
2022.10.27 04:00:00,-2.865601
2022.10.27 06:00:00,-2.978729
2022.10.27 08:00:00,-3.091827
2022.10.27 10:00:00,-3.204865
2022.10.27 12:00:00,-3.280212
2022.10.27 14:00:00,-3.317902
2022.10.27 16:00:00,-3.336731
2022.10.27 18:00:00,-3.393219
2022.10.27 20:00:00,-3.449707
2022.10.27 22:00:00,-3.543823
2022.10.28 00:00:00,-3.656769
2022.10.28 02:00:00,-3.788483
2022.10.28 04:00:00,-3.920197
2022.10.28 06:00:00,-4.070648
2022.10.28 08:00:00,-4.239899
2022.10.28 10:00:00,-4.371521
2022.10.28 12:00:00,-4.446716
2022.10.28 14:00:00,-4.409119
2022.10.28 16:00:00,-4.333923
2022.10.28 18:00:00,-4.296295
2022.10.28 20:00:00,-4.296295
2022.10.28 22:00:00,-4.352722
2022.10.29 00:00:00,-4.427917
2022.10.29 02:00:00,-4.521912
2022.10.29 04:00:00,-4.634674
2022.10.29 06:00:00,-4.747467
2022.10.29 08:00:00,-4.860229
2022.10.29 10:00:00,-4.991791
2022.10.29 12:00:00,-5.048157
2022.10.29 14:00:00,-4.991791
2022.10.29 16:00:00,-4.879028
2022.10.29 18:00:00,-4.785034
2022.10.29 20:00:00,-4.709869
2022.10.29 22:00:00,-4.653473
2022.10.30 00:00:00,-4.615875
2022.10.30 02:00:00,-4.597076
2022.10.30 04:00:00,-4.578308
2022.10.30 06:00:00,-4.597076
2022.10.30 08:00:00,-4.597076
2022.10.30 10:00:00,-4.559509
2022.10.30 12:00:00,-4.503113
2022.10.30 14:00:00,-4.352722
2022.10.30 16:00:00,-4.183502
2022.10.30 18:00:00,-4.070648
2022.10.30 20:00:00,-4.033051
2022.10.30 22:00:00,-4.033051
2022.10.31 00:00:00,-4.051849
2022.10.31 02:00:00,-4.089478
2022.10.31 04:00:00,-4.127075
2022.10.31 06:00:00,-4.183502
2022.10.31 08:00:00,-4.239899
2022.10.31 10:00:00,-4.296295
2022.10.31 12:00:00,-4.277496
2022.10.31 14:00:00,-4.183502
2022.10.31 16:00:00,-4.051849
2022.10.31 18:00:00,-3.976624
2022.10.31 20:00:00,-3.938995
2022.10.31 22:00:00,-3.920197
2022.11.01 00:00:00,-3.938995
2022.11.01 02:00:00,-3.976624
2022.11.01 04:00:00,-4.051849
2022.11.01 06:00:00,-4.164703
2022.11.01 08:00:00,-4.315125
2022.11.01 10:00:00,-4.465515
2022.11.01 12:00:00,-4.597076
2022.11.01 14:00:00,-4.653473
2022.11.01 16:00:00,-4.691071
2022.11.01 18:00:00,-4.728668
2022.11.01 20:00:00,-4.766235
2022.11.01 22:00:00,-4.841431
2022.11.02 00:00:00,-4.954193
2022.11.02 02:00:00,-5.066956
2022.11.02 04:00:00,-5.198517
2022.11.02 06:00:00,-5.330048
2022.11.02 08:00:00,-5.480408
2022.11.02 10:00:00,-5.612
2022.11.02 12:00:00,-5.705994
2022.11.02 14:00:00,-5.724792
2022.11.02 16:00:00,-5.687195
2022.11.02 18:00:00,-5.649597
2022.11.02 20:00:00,-5.612
2022.11.02 22:00:00,-5.612
2022.11.03 00:00:00,-5.630798
2022.11.03 02:00:00,-5.630798
2022.11.03 04:00:00,-5.630798
2022.11.03 06:00:00,-5.649597
2022.11.03 08:00:00,-5.687195
2022.11.03 10:00:00,-5.724792
2022.11.03 12:00:00,-5.724792
2022.11.03 14:00:00,-5.649597
2022.11.03 16:00:00,-5.555603
2022.11.03 18:00:00,-5.461639
2022.11.03 20:00:00,-5.405243
2022.11.03 22:00:00,-5.367645
2022.11.04 00:00:00,-5.330048
2022.11.04 02:00:00,-5.348846
2022.11.04 04:00:00,-5.29248
2022.11.04 06:00:00,-5.254883
2022.11.04 08:00:00,-5.217285
2022.11.04 10:00:00,-5.160919
2022.11.04 12:00:00,-5.104553
2022.11.04 14:00:00,-4.991791
2022.11.04 16:00:00,-4.841431
2022.11.04 18:00:00,-4.709869
2022.11.04 20:00:00,-4.615875
2022.11.04 22:00:00,-4.559509
2022.11.05 00:00:00,-4.503113
2022.11.05 02:00:00,-4.503113
2022.11.05 04:00:00,-4.503113
2022.11.05 06:00:00,-4.54071
2022.11.05 08:00:00,-4.559509
2022.11.05 10:00:00,-4.615875
2022.11.05 12:00:00,-4.634674
2022.11.05 14:00:00,-4.597076
2022.11.05 16:00:00,-4.503113
2022.11.05 18:00:00,-4.409119
2022.11.05 20:00:00,-4.352722
2022.11.05 22:00:00,-4.333923
2022.11.06 00:00:00,-4.315125
2022.11.06 02:00:00,-4.333923
2022.11.06 04:00:00,-4.333923
2022.11.06 06:00:00,-4.352722
2022.11.06 08:00:00,-4.409119
2022.11.06 10:00:00,-4.446716
2022.11.06 12:00:00,-4.465515
2022.11.06 14:00:00,-4.409119
2022.11.06 16:00:00,-4.352722
2022.11.06 18:00:00,-4.277496
2022.11.06 20:00:00,-4.258698
2022.11.06 22:00:00,-4.277496
2022.11.07 00:00:00,-4.296295
2022.11.07 02:00:00,-4.333923
2022.11.07 04:00:00,-4.352722
2022.11.07 06:00:00,-4.409119
2022.11.07 08:00:00,-4.465515
2022.11.07 10:00:00,-4.521912
2022.11.07 12:00:00,-4.578308
2022.11.07 14:00:00,-4.597076
2022.11.07 16:00:00,-4.578308
2022.11.07 18:00:00,-4.559509
2022.11.07 20:00:00,-4.559509
2022.11.07 22:00:00,-4.578308
2022.11.08 00:00:00,-4.597076
2022.11.08 02:00:00,-4.653473
2022.11.08 04:00:00,-4.691071
2022.11.08 06:00:00,-4.785034
2022.11.08 08:00:00,-4.822632
2022.11.08 10:00:00,-4.860229
2022.11.08 12:00:00,-4.879028
2022.11.08 14:00:00,-4.860229
2022.11.08 16:00:00,-4.841431
2022.11.08 18:00:00,-4.841431
2022.11.08 20:00:00,-4.841431
2022.11.08 22:00:00,-4.841431
2022.11.09 00:00:00,-4.841431
2022.11.09 02:00:00,-4.841431
2022.11.09 04:00:00,-4.841431
2022.11.09 06:00:00,-4.860229
2022.11.09 08:00:00,-4.860229
2022.11.09 10:00:00,-4.860229
2022.11.09 12:00:00,-4.841431
2022.11.09 14:00:00,-4.841431
2022.11.09 16:00:00,-4.841431
2022.11.09 18:00:00,-4.822632
2022.11.09 20:00:00,-4.822632
2022.11.09 22:00:00,-4.860229
2022.11.10 00:00:00,-4.897797
2022.11.10 02:00:00,-4.954193
2022.11.10 04:00:00,-5.010559
2022.11.10 06:00:00,-5.104553
2022.11.10 08:00:00,-5.198517
2022.11.10 10:00:00,-5.29248
2022.11.10 12:00:00,-5.386444
2022.11.10 14:00:00,-5.480408
2022.11.10 16:00:00,-5.536804
2022.11.10 18:00:00,-5.593201
2022.11.10 20:00:00,-5.649597
2022.11.10 22:00:00,-5.724792
2022.11.11 00:00:00,-5.799988
2022.11.11 02:00:00,-5.912781
2022.11.11 04:00:00,-6.006805
2022.11.11 06:00:00,-6.082031
2022.11.11 08:00:00,-6.194885
2022.11.11 10:00:00,-6.307739
2022.11.11 12:00:00,-6.401825
2022.11.11 14:00:00,-6.477081
2022.11.11 16:00:00,-6.533539
2022.11.11 18:00:00,-6.571198
2022.11.11 20:00:00,-6.627655
2022.11.11 22:00:00,-6.684143
2022.11.12 00:00:00,-6.740631
2022.11.12 02:00:00,-6.77829
2022.11.12 04:00:00,-6.834778
2022.11.12 06:00:00,-6.910126
2022.11.12 08:00:00,-6.985474
2022.11.12 10:00:00,-7.060852
2022.11.12 12:00:00,-7.117401
2022.11.12 14:00:00,-7.15509
2022.11.12 16:00:00,-7.17395
2022.11.12 18:00:00,-7.211639
2022.11.12 20:00:00,-7.211639
2022.11.12 22:00:00,-7.268188
2022.11.13 00:00:00,-7.305908
2022.11.13 02:00:00,-7.381348
2022.11.13 04:00:00,-7.437958
2022.11.13 06:00:00,-7.513428
2022.11.13 08:00:00,-7.607819
2022.11.13 10:00:00,-7.702209
2022.11.13 12:00:00,-7.777771
2022.11.13 14:00:00,-7.834442
2022.11.13 16:00:00,-7.891113
2022.11.13 18:00:00,-7.928925
2022.11.13 20:00:00,-7.966736
2022.11.13 22:00:00,-8.004517
2022.11.14 00:00:00,-8.061249
2022.11.14 02:00:00,-8.118011
2022.11.14 04:00:00,-8.174744
2022.11.14 06:00:00,-8.231506
2022.11.14 08:00:00,-8.30722
2022.11.14 10:00:00,-8.326172
2022.11.14 12:00:00,-8.345093
2022.11.14 14:00:00,-8.326172
2022.11.14 16:00:00,-8.326172
2022.11.14 18:00:00,-8.2883
2022.11.14 20:00:00,-8.2883
2022.11.14 22:00:00,-8.2883
2022.11.15 00:00:00,-8.2883
2022.11.15 02:00:00,-8.2883
2022.11.15 04:00:00,-8.2883
2022.11.15 06:00:00,-8.269379
2022.11.15 08:00:00,-8.2883
2022.11.15 10:00:00,-8.30722
2022.11.15 12:00:00,-8.2883
2022.11.15 14:00:00,-8.231506
2022.11.15 16:00:00,-8.174744
2022.11.15 18:00:00,-8.118011
2022.11.15 20:00:00,-8.08017
2022.11.15 22:00:00,-8.061249
2022.11.16 00:00:00,-8.08017
2022.11.16 02:00:00,-8.099091
2022.11.16 04:00:00,-8.136902
2022.11.16 06:00:00,-8.193665
2022.11.16 08:00:00,-8.269379
2022.11.16 10:00:00,-8.30722
2022.11.16 12:00:00,-8.326172
2022.11.16 14:00:00,-8.326172
2022.11.16 16:00:00,-8.269379
2022.11.16 18:00:00,-8.231506
2022.11.16 20:00:00,-8.174744
2022.11.16 22:00:00,-8.155823
2022.11.17 00:00:00,-8.136902
2022.11.17 02:00:00,-8.118011
2022.11.17 04:00:00,-8.08017
2022.11.17 06:00:00,-8.118011
2022.11.17 08:00:00,-8.136902
2022.11.17 10:00:00,-8.155823
2022.11.17 12:00:00,-8.155823
2022.11.17 14:00:00,-8.118011
2022.11.17 16:00:00,-8.099091
2022.11.17 18:00:00,-8.08017
2022.11.17 20:00:00,-8.099091
2022.11.17 22:00:00,-8.136902
2022.11.18 00:00:00,-8.212585
2022.11.18 02:00:00,-8.30722
2022.11.18 04:00:00,-8.401917
2022.11.18 06:00:00,-8.515594
2022.11.18 08:00:00,-8.610352
2022.11.18 10:00:00,-8.70517
2022.11.18 12:00:00,-8.781067
2022.11.18 14:00:00,-8.762085
2022.11.18 16:00:00,-8.724152
2022.11.18 18:00:00,-8.667236
2022.11.18 20:00:00,-8.629303
2022.11.18 22:00:00,-8.5914
2022.11.19 00:00:00,-8.572449
2022.11.19 02:00:00,-8.5914
2022.11.19 04:00:00,-8.610352
2022.11.19 06:00:00,-8.629303
2022.11.19 08:00:00,-8.648285
2022.11.19 10:00:00,-8.610352
2022.11.19 12:00:00,-8.572449
2022.11.19 14:00:00,-8.477692
2022.11.19 16:00:00,-8.364044
2022.11.19 18:00:00,-8.269379
2022.11.19 20:00:00,-8.174744
2022.11.19 22:00:00,-8.118011
2022.11.20 00:00:00,-8.099091
2022.11.20 02:00:00,-8.08017
2022.11.20 04:00:00,-8.099091
2022.11.20 06:00:00,-8.118011
2022.11.20 08:00:00,-8.155823
2022.11.20 10:00:00,-8.174744
2022.11.20 12:00:00,-8.193665
2022.11.20 14:00:00,-8.193665
2022.11.20 16:00:00,-8.174744
2022.11.20 18:00:00,-8.155823
2022.11.20 20:00:00,-8.136902
2022.11.20 22:00:00,-8.136902
2022.11.21 00:00:00,-8.136902
2022.11.21 02:00:00,-8.136902
2022.11.21 04:00:00,-8.155823
2022.11.21 06:00:00,-8.155823
2022.11.21 08:00:00,-8.174744
2022.11.21 10:00:00,-8.212585
2022.11.21 12:00:00,-8.212585
2022.11.21 14:00:00,-8.212585
2022.11.21 16:00:00,-8.193665
2022.11.21 18:00:00,-8.174744
2022.11.21 20:00:00,-8.174744
2022.11.21 22:00:00,-8.155823
2022.11.22 00:00:00,-8.155823
2022.11.22 02:00:00,-8.136902
2022.11.22 04:00:00,-8.155823
2022.11.22 06:00:00,-8.155823
2022.11.22 08:00:00,-8.174744
2022.11.22 10:00:00,-8.193665
2022.11.22 12:00:00,-8.174744
2022.11.22 14:00:00,-8.118011
2022.11.22 16:00:00,-8.08017
2022.11.22 18:00:00,-8.004517
2022.11.22 20:00:00,-7.966736
2022.11.22 22:00:00,-7.928925
2022.11.23 00:00:00,-7.872223
2022.11.23 02:00:00,-7.853333
2022.11.23 04:00:00,-7.815552
2022.11.23 06:00:00,-7.777771
2022.11.23 08:00:00,-7.758881
2022.11.23 10:00:00,-7.7211
2022.11.23 12:00:00,-7.683319
2022.11.23 14:00:00,-7.607819
2022.11.23 16:00:00,-7.551178
2022.11.23 18:00:00,-7.475677
2022.11.23 20:00:00,-7.419098
2022.11.23 22:00:00,-7.362488
2022.11.24 00:00:00,-7.305908
2022.11.24 02:00:00,-7.268188
2022.11.24 04:00:00,-7.268188
2022.11.24 06:00:00,-7.249359
2022.11.24 08:00:00,-7.249359
2022.11.24 10:00:00,-7.230499
2022.11.24 12:00:00,-7.211639
2022.11.24 14:00:00,-7.15509
2022.11.24 16:00:00,-7.117401
2022.11.24 18:00:00,-7.079681
2022.11.24 20:00:00,-7.060852
2022.11.24 22:00:00,-7.060852
2022.11.25 00:00:00,-7.098541
2022.11.25 02:00:00,-7.13623
2022.11.25 04:00:00,-7.17395
2022.11.25 06:00:00,-7.19278
2022.11.25 08:00:00,-7.230499
2022.11.25 10:00:00,-7.249359
2022.11.25 12:00:00,-7.268188
2022.11.25 14:00:00,-7.230499
2022.11.25 16:00:00,-7.17395
2022.11.25 18:00:00,-7.13623
2022.11.25 20:00:00,-7.098541
2022.11.25 22:00:00,-7.117401
2022.11.26 00:00:00,-7.13623
2022.11.26 02:00:00,-7.17395
2022.11.26 04:00:00,-7.249359
2022.11.26 06:00:00,-7.305908
2022.11.26 08:00:00,-7.381348
2022.11.26 10:00:00,-7.437958
2022.11.26 12:00:00,-7.456818
2022.11.26 14:00:00,-7.437958
2022.11.26 16:00:00,-7.419098
2022.11.26 18:00:00,-7.400238
2022.11.26 20:00:00,-7.362488
2022.11.26 22:00:00,-7.381348
2022.11.27 00:00:00,-7.400238
2022.11.27 02:00:00,-7.475677
2022.11.27 04:00:00,-7.551178
2022.11.27 06:00:00,-7.664459
2022.11.27 08:00:00,-7.796661
2022.11.27 10:00:00,-7.928925
2022.11.27 12:00:00,-8.042358
2022.11.27 14:00:00,-8.118011
2022.11.27 16:00:00,-8.174744
2022.11.27 18:00:00,-8.250458
2022.11.27 20:00:00,-8.326172
2022.11.27 22:00:00,-8.401917
2022.11.28 00:00:00,-8.477692
2022.11.28 02:00:00,-8.572449
2022.11.28 04:00:00,-8.667236
2022.11.28 06:00:00,-8.743103
2022.11.28 08:00:00,-8.800049
2022.11.28 10:00:00,-8.856964
2022.11.28 12:00:00,-8.837982
2022.11.28 14:00:00,-8.819
2022.11.28 16:00:00,-8.781067
2022.11.28 18:00:00,-8.743103
2022.11.28 20:00:00,-8.724152
2022.11.28 22:00:00,-8.724152
2022.11.29 00:00:00,-8.724152
2022.11.29 02:00:00,-8.70517
2022.11.29 04:00:00,-8.686218
2022.11.29 06:00:00,-8.667236
2022.11.29 08:00:00,-8.648285
2022.11.29 10:00:00,-8.5914
2022.11.29 12:00:00,-8.496643
2022.11.29 14:00:00,-8.420837
2022.11.29 16:00:00,-8.30722
2022.11.29 18:00:00,-8.231506
2022.11.29 20:00:00,-8.174744
2022.11.29 22:00:00,-8.136902
2022.11.30 00:00:00,-8.099091
2022.11.30 02:00:00,-8.099091
2022.11.30 04:00:00,-8.118011
2022.11.30 06:00:00,-8.155823
2022.11.30 08:00:00,-8.193665
2022.11.30 10:00:00,-8.250458
2022.11.30 12:00:00,-8.2883
2022.11.30 14:00:00,-8.30722
2022.11.30 16:00:00,-8.2883
2022.11.30 18:00:00,-8.30722
2022.11.30 20:00:00,-8.326172
2022.11.30 22:00:00,-8.345093
2022.12.01 00:00:00,-8.382965
2022.12.01 02:00:00,-8.45874
2022.12.01 04:00:00,-8.515594
2022.12.01 06:00:00,-8.553497
2022.12.01 08:00:00,-8.572449
2022.12.01 10:00:00,-8.610352
2022.12.01 12:00:00,-8.629303
2022.12.01 14:00:00,-8.5914
2022.12.01 16:00:00,-8.534546
2022.12.01 18:00:00,-8.496643
2022.12.01 20:00:00,-8.477692
2022.12.01 22:00:00,-8.45874
2022.12.02 00:00:00,-8.45874
2022.12.02 02:00:00,-8.496643
2022.12.02 04:00:00,-8.515594
2022.12.02 06:00:00,-8.553497
2022.12.02 08:00:00,-8.5914
2022.12.02 10:00:00,-8.5914
2022.12.02 12:00:00,-8.5914
2022.12.02 14:00:00,-8.553497
2022.12.02 16:00:00,-8.534546
2022.12.02 18:00:00,-8.553497
2022.12.02 20:00:00,-8.5914
2022.12.02 22:00:00,-8.667236
2022.12.03 00:00:00,-8.743103
2022.12.03 02:00:00,-8.856964
2022.12.03 04:00:00,-8.970917
2022.12.03 06:00:00,-9.103912
2022.12.03 08:00:00,-9.218018
2022.12.03 10:00:00,-9.37027
2022.12.03 12:00:00,-9.484528
2022.12.03 14:00:00,-9.56076
2022.12.03 16:00:00,-9.617981
2022.12.03 18:00:00,-9.675171
2022.12.03 20:00:00,-9.732422
2022.12.03 22:00:00,-9.827881
2022.12.04 00:00:00,-9.904266
2022.12.04 02:00:00,-9.999817
2022.12.04 04:00:00,-10.07632
2022.12.04 06:00:00,-10.13373
2022.12.04 08:00:00,-10.172
2022.12.04 10:00:00,-10.2103
2022.12.04 12:00:00,-10.22943
2022.12.04 14:00:00,-10.2103
2022.12.04 16:00:00,-10.13373
2022.12.04 18:00:00,-10.09546
2022.12.04 20:00:00,-10.05719
2022.12.04 22:00:00,-10.05719
2022.12.05 00:00:00,-10.03809
2022.12.05 02:00:00,-10.05719
2022.12.05 04:00:00,-10.05719
2022.12.05 06:00:00,-10.11459
2022.12.05 08:00:00,-10.172
2022.12.05 10:00:00,-10.2486
2022.12.05 12:00:00,-10.30606
2022.12.05 14:00:00,-10.32523
2022.12.05 16:00:00,-10.32523
2022.12.05 18:00:00,-10.30606
2022.12.05 20:00:00,-10.32523
2022.12.05 22:00:00,-10.34439
2022.12.06 00:00:00,-10.36356
2022.12.06 02:00:00,-10.38272
2022.12.06 04:00:00,-10.40189
2022.12.06 06:00:00,-10.42108
2022.12.06 08:00:00,-10.44025
2022.12.06 10:00:00,-10.44025
2022.12.06 12:00:00,-10.45944
2022.12.06 14:00:00,-10.44025
2022.12.06 16:00:00,-10.42108
2022.12.06 18:00:00,-10.42108
2022.12.06 20:00:00,-10.44025
2022.12.06 22:00:00,-10.47861
2022.12.07 00:00:00,-10.517
2022.12.07 02:00:00,-10.57458
2022.12.07 04:00:00,-10.67062
2022.12.07 06:00:00,-10.7475
2022.12.07 08:00:00,-10.84369
2022.12.07 10:00:00,-10.92068
2022.12.07 12:00:00,-10.97845
2022.12.07 14:00:00,-11.01697
2022.12.07 16:00:00,-11.01697
2022.12.07 18:00:00,-10.97845
2022.12.07 20:00:00,-10.9592
2022.12.07 22:00:00,-10.93994
2022.12.08 00:00:00,-10.92068
2022.12.08 02:00:00,-10.90143
2022.12.08 04:00:00,-10.88217
2022.12.08 06:00:00,-10.88217
2022.12.08 08:00:00,-10.88217
2022.12.08 10:00:00,-10.88217
2022.12.08 12:00:00,-10.90143
2022.12.08 14:00:00,-10.90143
2022.12.08 16:00:00,-10.90143
2022.12.08 18:00:00,-10.88217
2022.12.08 20:00:00,-10.88217
2022.12.08 22:00:00,-10.84369
2022.12.09 00:00:00,-10.84369
2022.12.09 02:00:00,-10.78595
2022.12.09 04:00:00,-10.7475
2022.12.09 06:00:00,-10.72827
2022.12.09 08:00:00,-10.70905
2022.12.09 10:00:00,-10.68985
2022.12.09 12:00:00,-10.6514
2022.12.09 14:00:00,-10.59378
2022.12.09 16:00:00,-10.517
2022.12.09 18:00:00,-10.45944
2022.12.09 20:00:00,-10.42108
2022.12.09 22:00:00,-10.40189
2022.12.10 00:00:00,-10.42108
2022.12.10 02:00:00,-10.44025
2022.12.10 04:00:00,-10.44025
2022.12.10 06:00:00,-10.4978
2022.12.10 08:00:00,-10.57458
2022.12.10 10:00:00,-10.67062
2022.12.10 12:00:00,-10.76672
2022.12.10 14:00:00,-10.84369
2022.12.10 16:00:00,-10.90143
2022.12.10 18:00:00,-10.99771
2022.12.10 20:00:00,-11.09409
2022.12.10 22:00:00,-11.22916
2022.12.11 00:00:00,-11.3837
2022.12.11 02:00:00,-11.53845
2022.12.11 04:00:00,-11.69345
2022.12.11 06:00:00,-11.8681
2022.12.11 08:00:00,-12.02356
2022.12.11 10:00:00,-12.17929
2022.12.11 12:00:00,-12.29626
2022.12.11 14:00:00,-12.3743
2022.12.11 16:00:00,-12.41336
2022.12.11 18:00:00,-12.45242
2022.12.11 20:00:00,-12.49152
2022.12.11 22:00:00,-12.53061
2022.12.12 00:00:00,-12.5697
2022.12.12 02:00:00,-12.60886
2022.12.12 04:00:00,-12.64798
2022.12.12 06:00:00,-12.70676
2022.12.12 08:00:00,-12.76553
2022.12.12 10:00:00,-12.82437
2022.12.12 12:00:00,-12.86362
2022.12.12 14:00:00,-12.84399
2022.12.12 16:00:00,-12.80475
2022.12.12 18:00:00,-12.76553
2022.12.12 20:00:00,-12.76553
2022.12.12 22:00:00,-12.76553
2022.12.13 00:00:00,-12.78516
2022.12.13 02:00:00,-12.82437
2022.12.13 04:00:00,-12.86362
2022.12.13 06:00:00,-12.94214
2022.12.13 08:00:00,-13.0011
2022.12.13 10:00:00,-13.07974
2022.12.13 12:00:00,-13.15848
2022.12.13 14:00:00,-13.17816
2022.12.13 16:00:00,-13.19788
2022.12.13 18:00:00,-13.19788
2022.12.13 20:00:00,-13.19788
2022.12.13 22:00:00,-13.21756
2022.12.14 00:00:00,-13.25699
2022.12.14 02:00:00,-13.29642
2022.12.14 04:00:00,-13.33588
2022.12.14 06:00:00,-13.37537
2022.12.14 08:00:00,-13.4346
2022.12.14 10:00:00,-13.47412
2022.12.14 12:00:00,-13.51367
2022.12.14 14:00:00,-13.51367
2022.12.14 16:00:00,-13.4939
2022.12.14 18:00:00,-13.47412
2022.12.14 20:00:00,-13.45435
2022.12.14 22:00:00,-13.47412
2022.12.15 00:00:00,-13.47412
2022.12.15 02:00:00,-13.4939
2022.12.15 04:00:00,-13.4939
2022.12.15 06:00:00,-13.53345
2022.12.15 08:00:00,-13.55322
2022.12.15 10:00:00,-13.5928
2022.12.15 12:00:00,-13.61261
2022.12.15 14:00:00,-13.61261
2022.12.15 16:00:00,-13.55322
2022.12.15 18:00:00,-13.51367
2022.12.15 20:00:00,-13.51367
2022.12.15 22:00:00,-13.51367
2022.12.16 00:00:00,-13.53345
2022.12.16 02:00:00,-13.573
2022.12.16 04:00:00,-13.61261
2022.12.16 06:00:00,-13.65219
2022.12.16 08:00:00,-13.69183
2022.12.16 10:00:00,-13.73148
2022.12.16 12:00:00,-13.75131
2022.12.16 14:00:00,-13.75131
2022.12.16 16:00:00,-13.71164
2022.12.16 18:00:00,-13.65219
2022.12.16 20:00:00,-13.63239
2022.12.16 22:00:00,-13.63239
2022.12.17 00:00:00,-13.63239
2022.12.17 02:00:00,-13.65219
2022.12.17 04:00:00,-13.69183
2022.12.17 06:00:00,-13.71164
2022.12.17 08:00:00,-13.75131
2022.12.17 10:00:00,-13.79099
2022.12.17 12:00:00,-13.83069
2022.12.17 14:00:00,-13.79099
2022.12.17 16:00:00,-13.75131
2022.12.17 18:00:00,-13.69183
2022.12.17 20:00:00,-13.67203
2022.12.17 22:00:00,-13.63239
2022.12.18 00:00:00,-13.61261
2022.12.18 02:00:00,-13.61261
2022.12.18 04:00:00,-13.61261
2022.12.18 06:00:00,-13.61261
2022.12.18 08:00:00,-13.61261
2022.12.18 10:00:00,-13.5928
2022.12.18 12:00:00,-13.61261
2022.12.18 14:00:00,-13.5928
2022.12.18 16:00:00,-13.53345
2022.12.18 18:00:00,-13.47412
2022.12.18 20:00:00,-13.45435
2022.12.18 22:00:00,-13.45435
2022.12.19 00:00:00,-13.47412
2022.12.19 02:00:00,-13.51367
2022.12.19 04:00:00,-13.55322
2022.12.19 06:00:00,-13.61261
2022.12.19 08:00:00,-13.67203
2022.12.19 10:00:00,-13.73148
2022.12.19 12:00:00,-13.79099
2022.12.19 14:00:00,-13.77115
2022.12.19 16:00:00,-13.75131
2022.12.19 18:00:00,-13.73148
2022.12.19 20:00:00,-13.73148
2022.12.19 22:00:00,-13.75131
2022.12.20 00:00:00,-13.79099
2022.12.20 02:00:00,-13.83069
2022.12.20 04:00:00,-13.87039
2022.12.20 06:00:00,-13.93002
2022.12.20 08:00:00,-13.98965
2022.12.20 10:00:00,-14.04938
2022.12.20 12:00:00,-14.0892
2022.12.20 14:00:00,-14.06927
2022.12.20 16:00:00,-14.02945
2022.12.20 18:00:00,-13.98965
2022.12.20 20:00:00,-13.98965
2022.12.20 22:00:00,-13.96979
2022.12.21 00:00:00,-13.98965
2022.12.21 02:00:00,-14.00955
2022.12.21 04:00:00,-14.02945
2022.12.21 06:00:00,-14.06927
2022.12.21 08:00:00,-14.12906
2022.12.21 10:00:00,-14.16891
2022.12.21 12:00:00,-14.2088
2022.12.21 14:00:00,-14.2088
2022.12.21 16:00:00,-14.16891
2022.12.21 18:00:00,-14.12906
2022.12.21 20:00:00,-14.06927
2022.12.21 22:00:00,-14.02945
2022.12.22 00:00:00,-13.98965
2022.12.22 02:00:00,-13.94989
2022.12.22 04:00:00,-13.91013
2022.12.22 06:00:00,-13.89026
2022.12.22 08:00:00,-13.89026
2022.12.22 10:00:00,-13.89026
2022.12.22 12:00:00,-13.87039
2022.12.22 14:00:00,-13.83069
2022.12.22 16:00:00,-13.75131
2022.12.22 18:00:00,-13.69183
2022.12.22 20:00:00,-13.61261
2022.12.22 22:00:00,-13.5928
2022.12.23 00:00:00,-13.573
2022.12.23 02:00:00,-13.5928
2022.12.23 04:00:00,-13.63239
2022.12.23 06:00:00,-13.69183
2022.12.23 08:00:00,-13.75131
2022.12.23 10:00:00,-13.81082
2022.12.23 12:00:00,-13.87039
2022.12.23 14:00:00,-13.89026
2022.12.23 16:00:00,-13.91013
2022.12.23 18:00:00,-13.91013
2022.12.23 20:00:00,-13.94989
2022.12.23 22:00:00,-14.02945
2022.12.24 00:00:00,-14.10913
2022.12.24 02:00:00,-14.2088
2022.12.24 04:00:00,-14.30862
2022.12.24 06:00:00,-14.42859
2022.12.24 08:00:00,-14.54874
2022.12.24 10:00:00,-14.6691
2022.12.24 12:00:00,-14.76953
2022.12.24 14:00:00,-14.80975
2022.12.24 16:00:00,-14.82986
2022.12.24 18:00:00,-14.82986
2022.12.24 20:00:00,-14.85001
2022.12.24 22:00:00,-14.89026
2022.12.25 00:00:00,-14.93054
2022.12.25 02:00:00,-14.99103
2022.12.25 04:00:00,-15.05154
2022.12.25 06:00:00,-15.11212
2022.12.25 08:00:00,-15.19299
2022.12.25 10:00:00,-15.27396
2022.12.25 12:00:00,-15.33472
2022.12.25 14:00:00,-15.33472
2022.12.25 16:00:00,-15.33472
2022.12.25 18:00:00,-15.29419
2022.12.25 20:00:00,-15.27396
2022.12.25 22:00:00,-15.29419
2022.12.26 00:00:00,-15.29419
2022.12.26 02:00:00,-15.31445
2022.12.26 04:00:00,-15.35501
2022.12.26 06:00:00,-15.39557
2022.12.26 08:00:00,-15.45645
2022.12.26 10:00:00,-15.5174
2022.12.26 12:00:00,-15.55804
2022.12.26 14:00:00,-15.53772
2022.12.26 16:00:00,-15.5174
2022.12.26 18:00:00,-15.47675
2022.12.26 20:00:00,-15.45645
2022.12.26 22:00:00,-15.47675
2022.12.27 00:00:00,-15.49707
2022.12.27 02:00:00,-15.5174
2022.12.27 04:00:00,-15.5784
2022.12.27 06:00:00,-15.63947
2022.12.27 08:00:00,-15.70056
2022.12.27 10:00:00,-15.80255
2022.12.27 12:00:00,-15.86383
2022.12.27 14:00:00,-15.86383
2022.12.27 16:00:00,-15.84341
2022.12.27 18:00:00,-15.84341
2022.12.27 20:00:00,-15.84341
2022.12.27 22:00:00,-15.86383
2022.12.28 00:00:00,-15.88428
2022.12.28 02:00:00,-15.94562
2022.12.28 04:00:00,-15.98654
2022.12.28 06:00:00,-16.02753
2022.12.28 08:00:00,-16.06851
2022.12.28 10:00:00,-16.13004
2022.12.28 12:00:00,-16.17108
2022.12.28 14:00:00,-16.15054
2022.12.28 16:00:00,-16.08899
2022.12.28 18:00:00,-16.02753
2022.12.28 20:00:00,-15.98654
2022.12.28 22:00:00,-15.92517
2022.12.29 00:00:00,-15.88428
2022.12.29 02:00:00,-15.86383
2022.12.29 04:00:00,-15.84341
2022.12.29 06:00:00,-15.82297
2022.12.29 08:00:00,-15.82297
2022.12.29 10:00:00,-15.82297
2022.12.29 12:00:00,-15.80255
2022.12.29 14:00:00,-15.76175
2022.12.29 16:00:00,-15.70056
2022.12.29 18:00:00,-15.61911
2022.12.29 20:00:00,-15.5784
2022.12.29 22:00:00,-15.53772
2022.12.30 00:00:00,-15.5174
2022.12.30 02:00:00,-15.5174
2022.12.30 04:00:00,-15.49707
2022.12.30 06:00:00,-15.47675
2022.12.30 08:00:00,-15.43616
2022.12.30 10:00:00,-15.41586
2022.12.30 12:00:00,-15.37527
2022.12.30 14:00:00,-15.31445
2022.12.30 16:00:00,-15.25369
2022.12.30 18:00:00,-15.19299
2022.12.30 20:00:00,-15.17276
2022.12.30 22:00:00,-15.17276
2022.12.31 00:00:00,-15.19299
2022.12.31 02:00:00,-15.23346
2022.12.31 04:00:00,-15.29419
2022.12.31 06:00:00,-15.33472
2022.12.31 08:00:00,-15.37527
2022.12.31 10:00:00,-15.39557
2022.12.31 12:00:00,-15.39557
2022.12.31 14:00:00,-15.33472
2022.12.31 16:00:00,-15.25369
2022.12.31 18:00:00,-15.17276
2022.12.31 20:00:00,-15.11212
2022.12.31 22:00:00,-15.09195
2023.01.01 00:00:00,-15.07175
2023.01.01 02:00:00,-15.09195
2023.01.01 04:00:00,-15.11212
2023.01.01 06:00:00,-15.17276
2023.01.01 08:00:00,-15.23346
2023.01.01 10:00:00,-15.29419
2023.01.01 12:00:00,-15.35501
2023.01.01 14:00:00,-15.37527
2023.01.01 16:00:00,-15.35501
2023.01.01 18:00:00,-15.35501
2023.01.01 20:00:00,-15.35501
2023.01.01 22:00:00,-15.39557
2023.01.02 00:00:00,-15.43616
2023.01.02 02:00:00,-15.49707
2023.01.02 04:00:00,-15.5784
2023.01.02 06:00:00,-15.65982
2023.01.02 08:00:00,-15.74136
2023.01.02 10:00:00,-15.84341
2023.01.02 12:00:00,-15.90472
2023.01.02 14:00:00,-15.94562
2023.01.02 16:00:00,-15.92517
2023.01.02 18:00:00,-15.88428
2023.01.02 20:00:00,-15.82297
2023.01.02 22:00:00,-15.78217
2023.01.03 00:00:00,-15.76175
2023.01.03 02:00:00,-15.68021
2023.01.03 04:00:00,-15.63947
2023.01.03 06:00:00,-15.59875
2023.01.03 08:00:00,-15.53772
2023.01.03 10:00:00,-15.5174
2023.01.03 12:00:00,-15.47675
2023.01.03 14:00:00,-15.39557
2023.01.03 16:00:00,-15.27396
2023.01.03 18:00:00,-15.15256
2023.01.03 20:00:00,-15.03137
2023.01.03 22:00:00,-14.93054
2023.01.04 00:00:00,-14.82986
2023.01.04 02:00:00,-14.72934
2023.01.04 04:00:00,-14.62894
2023.01.04 06:00:00,-14.52869
2023.01.04 08:00:00,-14.42859
2023.01.04 10:00:00,-14.3486
2023.01.04 12:00:00,-14.24872
2023.01.04 14:00:00,-14.14899
2023.01.04 16:00:00,-14.04938
2023.01.04 18:00:00,-13.93002
2023.01.04 20:00:00,-13.85052
2023.01.04 22:00:00,-13.79099
2023.01.05 00:00:00,-13.71164
2023.01.05 02:00:00,-13.67203
2023.01.05 04:00:00,-13.61261
2023.01.05 06:00:00,-13.5928
2023.01.05 08:00:00,-13.573
2023.01.05 10:00:00,-13.5928
2023.01.05 12:00:00,-13.5928
2023.01.05 14:00:00,-13.573
2023.01.05 16:00:00,-13.51367
2023.01.05 18:00:00,-13.4939
2023.01.05 20:00:00,-13.45435
2023.01.05 22:00:00,-13.45435
2023.01.06 00:00:00,-13.45435
2023.01.06 02:00:00,-13.47412
2023.01.06 04:00:00,-13.4939
2023.01.06 06:00:00,-13.51367
2023.01.06 08:00:00,-13.53345
2023.01.06 10:00:00,-13.53345
2023.01.06 12:00:00,-13.53345
2023.01.06 14:00:00,-13.47412
2023.01.06 16:00:00,-13.37537
2023.01.06 18:00:00,-13.25699
2023.01.06 20:00:00,-13.15848
2023.01.06 22:00:00,-13.06009
2023.01.07 00:00:00,-13.0011
2023.01.07 02:00:00,-12.94214
2023.01.07 04:00:00,-12.94214
2023.01.07 06:00:00,-12.94214
2023.01.07 08:00:00,-12.96179
2023.01.07 10:00:00,-12.98145
2023.01.07 12:00:00,-13.0011
2023.01.07 14:00:00,-12.98145
2023.01.07 16:00:00,-12.94214
2023.01.07 18:00:00,-12.92252
2023.01.07 20:00:00,-12.86362
2023.01.07 22:00:00,-12.84399
2023.01.08 00:00:00,-12.82437
2023.01.08 02:00:00,-12.78516
2023.01.08 04:00:00,-12.74594
2023.01.08 06:00:00,-12.72635
2023.01.08 08:00:00,-12.70676
2023.01.08 10:00:00,-12.70676
2023.01.08 12:00:00,-12.70676
2023.01.08 14:00:00,-12.66757
2023.01.08 16:00:00,-12.58926
2023.01.08 18:00:00,-12.53061
2023.01.08 20:00:00,-12.45242
2023.01.08 22:00:00,-12.41336
2023.01.09 00:00:00,-12.3743
2023.01.09 02:00:00,-12.29626
2023.01.09 04:00:00,-12.23776
2023.01.09 06:00:00,-12.19879
2023.01.09 08:00:00,-12.12088
2023.01.09 10:00:00,-12.08194
2023.01.09 12:00:00,-12.00412
2023.01.09 14:00:00,-11.92636
2023.01.09 16:00:00,-11.82925
2023.01.09 18:00:00,-11.75162
2023.01.09 20:00:00,-11.71283
2023.01.09 22:00:00,-11.73224
2023.01.10 00:00:00,-11.77103
2023.01.10 02:00:00,-11.80984
2023.01.10 04:00:00,-11.90695
2023.01.10 06:00:00,-11.98468
2023.01.10 08:00:00,-12.06247
2023.01.10 10:00:00,-12.14035
2023.01.10 12:00:00,-12.19879
2023.01.10 14:00:00,-12.21826
2023.01.10 16:00:00,-12.19879
2023.01.10 18:00:00,-12.15982
2023.01.10 20:00:00,-12.10141
2023.01.10 22:00:00,-12.08194
2023.01.11 00:00:00,-12.04303
2023.01.11 02:00:00,-12.02356
2023.01.11 04:00:00,-11.98468
2023.01.11 06:00:00,-11.9458
2023.01.11 08:00:00,-11.90695
2023.01.11 10:00:00,-11.8681
2023.01.11 12:00:00,-11.80984
2023.01.11 14:00:00,-11.77103
2023.01.11 16:00:00,-11.71283
2023.01.11 18:00:00,-11.67407
2023.01.11 20:00:00,-11.67407
2023.01.11 22:00:00,-11.69345
2023.01.12 00:00:00,-11.73224
2023.01.12 02:00:00,-11.79044
2023.01.12 04:00:00,-11.8681
2023.01.12 06:00:00,-11.9458
2023.01.12 08:00:00,-12.06247
2023.01.12 10:00:00,-12.17929
2023.01.12 12:00:00,-12.27676
2023.01.12 14:00:00,-12.3743
2023.01.12 16:00:00,-12.47195
2023.01.12 18:00:00,-12.55014
2023.01.12 20:00:00,-12.66757
2023.01.12 22:00:00,-12.82437
2023.01.13 00:00:00,-13.0011
2023.01.13 02:00:00,-13.19788
2023.01.13 04:00:00,-13.41486
2023.01.13 06:00:00,-13.63239
2023.01.13 08:00:00,-13.85052
2023.01.13 10:00:00,-14.0892
2023.01.13 12:00:00,-14.28864
2023.01.13 14:00:00,-14.44861
2023.01.13 16:00:00,-14.58884
2023.01.13 18:00:00,-14.6691
2023.01.13 20:00:00,-14.76953
2023.01.13 22:00:00,-14.85001
2023.01.14 00:00:00,-14.93054
2023.01.14 02:00:00,-14.99103
2023.01.14 04:00:00,-15.07175
2023.01.14 06:00:00,-15.15256
2023.01.14 08:00:00,-15.27396
2023.01.14 10:00:00,-15.39557
2023.01.14 12:00:00,-15.49707
2023.01.14 14:00:00,-15.5784
2023.01.14 16:00:00,-15.63947
2023.01.14 18:00:00,-15.70056
2023.01.14 20:00:00,-15.78217
2023.01.14 22:00:00,-15.86383
2023.01.15 00:00:00,-15.96609
2023.01.15 02:00:00,-16.06851
2023.01.15 04:00:00,-16.21216
2023.01.15 06:00:00,-16.33557
2023.01.15 08:00:00,-16.45923
2023.01.15 10:00:00,-16.60382
2023.01.15 12:00:00,-16.74875
2023.01.15 14:00:00,-16.81097
2023.01.15 16:00:00,-16.87329
2023.01.15 18:00:00,-16.91486
2023.01.15 20:00:00,-16.95645
2023.01.15 22:00:00,-17.01889
2023.01.16 00:00:00,-17.10226
2023.01.16 02:00:00,-17.18573
2023.01.16 04:00:00,-17.24843
2023.01.16 06:00:00,-17.37404
2023.01.16 08:00:00,-17.47894
2023.01.16 10:00:00,-17.58403
2023.01.16 12:00:00,-17.68932
2023.01.16 14:00:00,-17.73149
2023.01.16 16:00:00,-17.7737
2023.01.16 18:00:00,-17.7737
2023.01.16 20:00:00,-17.79482
2023.01.16 22:00:00,-17.81593
2023.01.17 00:00:00,-17.85822
2023.01.17 02:00:00,-17.92168
2023.01.17 04:00:00,-17.98523
2023.01.17 06:00:00,-18.04886
2023.01.17 08:00:00,-18.11255
2023.01.17 10:00:00,-18.17633
2023.01.17 12:00:00,-18.24019
2023.01.17 14:00:00,-18.26149
2023.01.17 16:00:00,-18.24019
2023.01.17 18:00:00,-18.1976
2023.01.17 20:00:00,-18.17633
2023.01.17 22:00:00,-18.17633
2023.01.18 00:00:00,-18.17633
2023.01.18 02:00:00,-18.1976
2023.01.18 04:00:00,-18.24019
2023.01.18 06:00:00,-18.26149
2023.01.18 08:00:00,-18.30412
2023.01.18 10:00:00,-18.36813
2023.01.18 12:00:00,-18.41084
2023.01.18 14:00:00,-18.43222
2023.01.18 16:00:00,-18.41084
2023.01.18 18:00:00,-18.36813
2023.01.18 20:00:00,-18.36813
2023.01.18 22:00:00,-18.38948
2023.01.19 00:00:00,-18.38948
2023.01.19 02:00:00,-18.43222
2023.01.19 04:00:00,-18.4536
2023.01.19 06:00:00,-18.4964
2023.01.19 08:00:00,-18.56065
2023.01.19 10:00:00,-18.60353
2023.01.19 12:00:00,-18.64644
2023.01.19 14:00:00,-18.62498
2023.01.19 16:00:00,-18.58208
2023.01.19 18:00:00,-18.51781
2023.01.19 20:00:00,-18.47499
2023.01.19 22:00:00,-18.4536
2023.01.20 00:00:00,-18.43222
2023.01.20 02:00:00,-18.4536
2023.01.20 04:00:00,-18.4536
2023.01.20 06:00:00,-18.47499
2023.01.20 08:00:00,-18.4964
2023.01.20 10:00:00,-18.53922
2023.01.20 12:00:00,-18.56065
2023.01.20 14:00:00,-18.56065
2023.01.20 16:00:00,-18.51781
2023.01.20 18:00:00,-18.47499
2023.01.20 20:00:00,-18.4536
2023.01.20 22:00:00,-18.43222
2023.01.21 00:00:00,-18.43222
2023.01.21 02:00:00,-18.43222
2023.01.21 04:00:00,-18.47499
2023.01.21 06:00:00,-18.4964
2023.01.21 08:00:00,-18.56065
2023.01.21 10:00:00,-18.60353
2023.01.21 12:00:00,-18.64644
2023.01.21 14:00:00,-18.62498
2023.01.21 16:00:00,-18.58208
2023.01.21 18:00:00,-18.51781
2023.01.21 20:00:00,-18.4536
2023.01.21 22:00:00,-18.41084
2023.01.22 00:00:00,-18.38948
2023.01.22 02:00:00,-18.38948
2023.01.22 04:00:00,-18.36813
2023.01.22 06:00:00,-18.36813
2023.01.22 08:00:00,-18.36813
2023.01.22 10:00:00,-18.38948
2023.01.22 12:00:00,-18.38948
2023.01.22 14:00:00,-18.34679
2023.01.22 16:00:00,-18.26149
2023.01.22 18:00:00,-18.17633
2023.01.22 20:00:00,-18.11255
2023.01.22 22:00:00,-18.02763
2023.01.23 00:00:00,-18.00642
2023.01.23 02:00:00,-18.00642
2023.01.23 04:00:00,-18.00642
2023.01.23 06:00:00,-18.02763
2023.01.23 08:00:00,-18.00642
2023.01.23 10:00:00,-18.02763
2023.01.23 12:00:00,-18.02763
2023.01.23 14:00:00,-17.96404
2023.01.23 16:00:00,-17.85822
2023.01.23 18:00:00,-17.73149
2023.01.23 20:00:00,-17.58403
2023.01.23 22:00:00,-17.52095
2023.01.24 00:00:00,-17.45795
2023.01.24 02:00:00,-17.41597
2023.01.24 04:00:00,-17.41597
2023.01.24 06:00:00,-17.43695
2023.01.24 08:00:00,-17.47894
2023.01.24 10:00:00,-17.54196
2023.01.24 12:00:00,-17.56299
2023.01.24 14:00:00,-17.54196
2023.01.24 16:00:00,-17.47894
2023.01.24 18:00:00,-17.395
2023.01.24 20:00:00,-17.33214
2023.01.24 22:00:00,-17.3112
2023.01.25 00:00:00,-17.3112
2023.01.25 02:00:00,-17.35309
2023.01.25 04:00:00,-17.395
2023.01.25 06:00:00,-17.43695
2023.01.25 08:00:00,-17.49994
2023.01.25 10:00:00,-17.56299
2023.01.25 12:00:00,-17.60507
2023.01.25 14:00:00,-17.56299
2023.01.25 16:00:00,-17.49994
2023.01.25 18:00:00,-17.41597
2023.01.25 20:00:00,-17.37404
2023.01.25 22:00:00,-17.37404
2023.01.26 00:00:00,-17.37404
2023.01.26 02:00:00,-17.395
2023.01.26 04:00:00,-17.41597
2023.01.26 06:00:00,-17.43695
2023.01.26 08:00:00,-17.43695
2023.01.26 10:00:00,-17.37404
2023.01.26 12:00:00,-17.29027
2023.01.26 14:00:00,-17.16486
2023.01.26 16:00:00,-16.99805
2023.01.26 18:00:00,-16.85251
2023.01.26 20:00:00,-16.74875
2023.01.26 22:00:00,-16.66589
2023.01.27 00:00:00,-16.62451
2023.01.27 02:00:00,-16.62451
2023.01.27 04:00:00,-16.66589
2023.01.27 06:00:00,-16.70731
2023.01.27 08:00:00,-16.7695
2023.01.27 10:00:00,-16.85251
2023.01.27 12:00:00,-16.91486
2023.01.27 14:00:00,-16.91486
2023.01.27 16:00:00,-16.85251
2023.01.27 18:00:00,-16.79022
2023.01.27 20:00:00,-16.74875
2023.01.27 22:00:00,-16.7695
2023.01.28 00:00:00,-16.79022
2023.01.28 02:00:00,-16.83173
2023.01.28 04:00:00,-16.89404
2023.01.28 06:00:00,-16.95645
2023.01.28 08:00:00,-17.0397
2023.01.28 10:00:00,-17.12311
2023.01.28 12:00:00,-17.18573
2023.01.28 14:00:00,-17.18573
2023.01.28 16:00:00,-17.12311
2023.01.28 18:00:00,-17.0397
2023.01.28 20:00:00,-16.95645
2023.01.28 22:00:00,-16.91486
2023.01.29 00:00:00,-16.81097
2023.01.29 02:00:00,-16.70731
2023.01.29 04:00:00,-16.62451
2023.01.29 06:00:00,-16.56247
2023.01.29 08:00:00,-16.45923
2023.01.29 10:00:00,-16.37677
2023.01.29 12:00:00,-16.2944
2023.01.29 14:00:00,-16.15054
2023.01.29 16:00:00,-15.94562
2023.01.29 18:00:00,-15.78217
2023.01.29 20:00:00,-15.65982
2023.01.29 22:00:00,-15.55804
2023.01.30 00:00:00,-15.49707
2023.01.30 02:00:00,-15.45645
2023.01.30 04:00:00,-15.45645
2023.01.30 06:00:00,-15.47675
2023.01.30 08:00:00,-15.45645
2023.01.30 10:00:00,-15.45645
2023.01.30 12:00:00,-15.39557
2023.01.30 14:00:00,-15.27396
2023.01.30 16:00:00,-15.11212
2023.01.30 18:00:00,-14.95071
2023.01.30 20:00:00,-14.80975
2023.01.30 22:00:00,-14.70926
2023.01.31 00:00:00,-14.64902
2023.01.31 02:00:00,-14.56879
2023.01.31 04:00:00,-14.50867
2023.01.31 06:00:00,-14.4686
2023.01.31 08:00:00,-14.4686
2023.01.31 10:00:00,-14.4686
2023.01.31 12:00:00,-14.4686
2023.01.31 14:00:00,-14.42859
2023.01.31 16:00:00,-14.32861
2023.01.31 18:00:00,-14.2088
2023.01.31 20:00:00,-14.16891
2023.01.31 22:00:00,-14.12906
2023.02.01 00:00:00,-14.12906
2023.02.01 02:00:00,-14.12906
2023.02.01 04:00:00,-14.14899
2023.02.01 06:00:00,-14.14899
2023.02.01 08:00:00,-14.16891
2023.02.01 10:00:00,-14.18884
2023.02.01 12:00:00,-14.16891
2023.02.01 14:00:00,-14.10913
2023.02.01 16:00:00,-14.02945
2023.02.01 18:00:00,-13.94989
2023.02.01 20:00:00,-13.89026
2023.02.01 22:00:00,-13.85052
2023.02.02 00:00:00,-13.83069
2023.02.02 02:00:00,-13.81082
2023.02.02 04:00:00,-13.81082
2023.02.02 06:00:00,-13.83069
2023.02.02 08:00:00,-13.85052
2023.02.02 10:00:00,-13.85052
2023.02.02 12:00:00,-13.83069
2023.02.02 14:00:00,-13.77115
2023.02.02 16:00:00,-13.65219
2023.02.02 18:00:00,-13.51367
2023.02.02 20:00:00,-13.39511
2023.02.02 22:00:00,-13.29642
2023.02.03 00:00:00,-13.21756
2023.02.03 02:00:00,-13.15848
2023.02.03 04:00:00,-13.11911
2023.02.03 06:00:00,-13.07974
2023.02.03 08:00:00,-13.07974
2023.02.03 10:00:00,-13.06009
2023.02.03 12:00:00,-13.02075
2023.02.03 14:00:00,-12.92252
2023.02.03 16:00:00,-12.82437
2023.02.03 18:00:00,-12.68716
2023.02.03 20:00:00,-12.60886
2023.02.03 22:00:00,-12.5697
2023.02.04 00:00:00,-12.53061
2023.02.04 02:00:00,-12.51105
2023.02.04 04:00:00,-12.49152
2023.02.04 06:00:00,-12.49152
2023.02.04 08:00:00,-12.49152
2023.02.04 10:00:00,-12.49152
2023.02.04 12:00:00,-12.47195
2023.02.04 14:00:00,-12.43289
2023.02.04 16:00:00,-12.3743
2023.02.04 18:00:00,-12.33527
2023.02.04 20:00:00,-12.29626
2023.02.04 22:00:00,-12.31577
2023.02.05 00:00:00,-12.3548
2023.02.05 02:00:00,-12.43289
2023.02.05 04:00:00,-12.53061
2023.02.05 06:00:00,-12.62842
2023.02.05 08:00:00,-12.72635
2023.02.05 10:00:00,-12.84399
2023.02.05 12:00:00,-12.92252
2023.02.05 14:00:00,-12.96179
2023.02.05 16:00:00,-12.94214
2023.02.05 18:00:00,-12.90286
2023.02.05 20:00:00,-12.90286
2023.02.05 22:00:00,-12.90286
2023.02.06 00:00:00,-12.92252
2023.02.06 02:00:00,-12.96179
2023.02.06 04:00:00,-13.02075
2023.02.06 06:00:00,-13.07974
2023.02.06 08:00:00,-13.11911
2023.02.06 10:00:00,-13.15848
2023.02.06 12:00:00,-13.15848
2023.02.06 14:00:00,-13.09943
2023.02.06 16:00:00,-13.04041
2023.02.06 18:00:00,-12.98145
2023.02.06 20:00:00,-12.94214
2023.02.06 22:00:00,-12.94214
2023.02.07 00:00:00,-12.98145
2023.02.07 02:00:00,-13.02075
2023.02.07 04:00:00,-13.09943
2023.02.07 06:00:00,-13.19788
2023.02.07 08:00:00,-13.29642
2023.02.07 10:00:00,-13.37537
2023.02.07 12:00:00,-13.4346
2023.02.07 14:00:00,-13.45435
2023.02.07 16:00:00,-13.45435
2023.02.07 18:00:00,-13.4346
2023.02.07 20:00:00,-13.41486
2023.02.07 22:00:00,-13.47412
2023.02.08 00:00:00,-13.51367
2023.02.08 02:00:00,-13.61261
2023.02.08 04:00:00,-13.71164
2023.02.08 06:00:00,-13.83069
2023.02.08 08:00:00,-13.94989
2023.02.08 10:00:00,-14.06927
2023.02.08 12:00:00,-14.16891
2023.02.08 14:00:00,-14.2088
2023.02.08 16:00:00,-14.18884
2023.02.08 18:00:00,-14.14899
2023.02.08 20:00:00,-14.10913
2023.02.08 22:00:00,-14.0892
2023.02.09 00:00:00,-14.06927
2023.02.09 02:00:00,-13.98965
2023.02.09 04:00:00,-13.94989
2023.02.09 06:00:00,-13.94989
2023.02.09 08:00:00,-13.91013
2023.02.09 10:00:00,-13.87039
2023.02.09 12:00:00,-13.79099
2023.02.09 14:00:00,-13.67203
2023.02.09 16:00:00,-13.51367
2023.02.09 18:00:00,-13.33588
2023.02.09 20:00:00,-13.21756
2023.02.09 22:00:00,-13.09943
2023.02.10 00:00:00,-13.0011
2023.02.10 02:00:00,-12.94214
2023.02.10 04:00:00,-12.88324
2023.02.10 06:00:00,-12.88324
2023.02.10 08:00:00,-12.90286
2023.02.10 10:00:00,-12.94214
2023.02.10 12:00:00,-12.94214
2023.02.10 14:00:00,-12.90286
2023.02.10 16:00:00,-12.82437
2023.02.10 18:00:00,-12.76553
2023.02.10 20:00:00,-12.70676
2023.02.10 22:00:00,-12.68716
2023.02.11 00:00:00,-12.70676
2023.02.11 02:00:00,-12.72635
2023.02.11 04:00:00,-12.76553
2023.02.11 06:00:00,-12.82437
2023.02.11 08:00:00,-12.88324
2023.02.11 10:00:00,-12.96179
2023.02.11 12:00:00,-13.04041
2023.02.11 14:00:00,-13.04041
2023.02.11 16:00:00,-13.02075
2023.02.11 18:00:00,-13.0011
2023.02.11 20:00:00,-13.0011
2023.02.11 22:00:00,-13.06009
2023.02.12 00:00:00,-13.11911
2023.02.12 02:00:00,-13.19788
2023.02.12 04:00:00,-13.2767
2023.02.12 06:00:00,-13.35562
2023.02.12 08:00:00,-13.4346
2023.02.12 10:00:00,-13.51367
2023.02.12 12:00:00,-13.55322
2023.02.12 14:00:00,-13.55322
2023.02.12 16:00:00,-13.51367
2023.02.12 18:00:00,-13.4939
2023.02.12 20:00:00,-13.4939
2023.02.12 22:00:00,-13.573
2023.02.13 00:00:00,-13.67203
2023.02.13 02:00:00,-13.79099
2023.02.13 04:00:00,-13.96979
2023.02.13 06:00:00,-14.10913
2023.02.13 08:00:00,-14.24872
2023.02.13 10:00:00,-14.38858
2023.02.13 12:00:00,-14.52869
2023.02.13 14:00:00,-14.56879
2023.02.13 16:00:00,-14.52869
2023.02.13 18:00:00,-14.4686
2023.02.13 20:00:00,-14.38858
2023.02.13 22:00:00,-14.3486
2023.02.14 00:00:00,-14.3486
2023.02.14 02:00:00,-14.36859
2023.02.14 04:00:00,-14.36859
2023.02.14 06:00:00,-14.38858
2023.02.14 08:00:00,-14.38858
2023.02.14 10:00:00,-14.38858
2023.02.14 12:00:00,-14.32861
2023.02.14 14:00:00,-14.2088
2023.02.14 16:00:00,-14.02945
2023.02.14 18:00:00,-13.87039
2023.02.14 20:00:00,-13.73148
2023.02.14 22:00:00,-13.63239
2023.02.15 00:00:00,-13.55322
2023.02.15 02:00:00,-13.51367
2023.02.15 04:00:00,-13.47412
2023.02.15 06:00:00,-13.45435
2023.02.15 08:00:00,-13.4346
2023.02.15 10:00:00,-13.37537
2023.02.15 12:00:00,-13.2767
2023.02.15 14:00:00,-13.13879
2023.02.15 16:00:00,-12.94214
2023.02.15 18:00:00,-12.78516
2023.02.15 20:00:00,-12.64798
2023.02.15 22:00:00,-12.53061
2023.02.16 00:00:00,-12.47195
2023.02.16 02:00:00,-12.41336
2023.02.16 04:00:00,-12.33527
2023.02.16 06:00:00,-12.29626
2023.02.16 08:00:00,-12.23776
2023.02.16 10:00:00,-12.17929
2023.02.16 12:00:00,-12.12088
2023.02.16 14:00:00,-12.02356
2023.02.16 16:00:00,-11.9458
2023.02.16 18:00:00,-11.84866
2023.02.16 20:00:00,-11.77103
2023.02.16 22:00:00,-11.67407
2023.02.17 00:00:00,-11.61594
2023.02.17 02:00:00,-11.53845
2023.02.17 04:00:00,-11.48041
2023.02.17 06:00:00,-11.42236
2023.02.17 08:00:00,-11.36435
2023.02.17 10:00:00,-11.32571
2023.02.17 12:00:00,-11.26776
2023.02.17 14:00:00,-11.22916
2023.02.17 16:00:00,-11.17123
2023.02.17 18:00:00,-11.11337
2023.02.17 20:00:00,-11.03625
2023.02.17 22:00:00,-10.99771
2023.02.18 00:00:00,-10.93994
2023.02.18 02:00:00,-10.90143
2023.02.18 04:00:00,-10.86292
2023.02.18 06:00:00,-10.84369
2023.02.18 08:00:00,-10.82443
2023.02.18 10:00:00,-10.78595
2023.02.18 12:00:00,-10.76672
2023.02.18 14:00:00,-10.72827
2023.02.18 16:00:00,-10.68985
2023.02.18 18:00:00,-10.6514
2023.02.18 20:00:00,-10.6322
2023.02.18 22:00:00,-10.59378
2023.02.19 00:00:00,-10.55539
2023.02.19 02:00:00,-10.517
2023.02.19 04:00:00,-10.4978
2023.02.19 06:00:00,-10.47861
2023.02.19 08:00:00,-10.45944
2023.02.19 10:00:00,-10.45944
2023.02.19 12:00:00,-10.45944
2023.02.19 14:00:00,-10.44025
2023.02.19 16:00:00,-10.44025
2023.02.19 18:00:00,-10.44025
2023.02.19 20:00:00,-10.44025
2023.02.19 22:00:00,-10.42108
2023.02.20 00:00:00,-10.42108
2023.02.20 02:00:00,-10.42108
2023.02.20 04:00:00,-10.42108
2023.02.20 06:00:00,-10.42108
2023.02.20 08:00:00,-10.42108
2023.02.20 10:00:00,-10.44025
2023.02.20 12:00:00,-10.45944
2023.02.20 14:00:00,-10.45944
2023.02.20 16:00:00,-10.45944
2023.02.20 18:00:00,-10.45944
2023.02.20 20:00:00,-10.45944
2023.02.20 22:00:00,-10.45944
2023.02.21 00:00:00,-10.45944
2023.02.21 02:00:00,-10.44025
2023.02.21 04:00:00,-10.44025
2023.02.21 06:00:00,-10.45944
2023.02.21 08:00:00,-10.47861
2023.02.21 10:00:00,-10.4978
2023.02.21 12:00:00,-10.517
2023.02.21 14:00:00,-10.517
2023.02.21 16:00:00,-10.53619
2023.02.21 18:00:00,-10.53619
2023.02.21 20:00:00,-10.53619
2023.02.21 22:00:00,-10.517
2023.02.22 00:00:00,-10.517
2023.02.22 02:00:00,-10.517
2023.02.22 04:00:00,-10.517
2023.02.22 06:00:00,-10.53619
2023.02.22 08:00:00,-10.53619
2023.02.22 10:00:00,-10.55539
2023.02.22 12:00:00,-10.57458
2023.02.22 14:00:00,-10.57458
2023.02.22 16:00:00,-10.59378
2023.02.22 18:00:00,-10.59378
2023.02.22 20:00:00,-10.59378
2023.02.22 22:00:00,-10.59378
2023.02.23 00:00:00,-10.59378
2023.02.23 02:00:00,-10.59378
2023.02.23 04:00:00,-10.59378
2023.02.23 06:00:00,-10.59378
2023.02.23 08:00:00,-10.61298
2023.02.23 10:00:00,-10.6322
2023.02.23 12:00:00,-10.6322
2023.02.23 14:00:00,-10.6322
2023.02.23 16:00:00,-10.6322
2023.02.23 18:00:00,-10.6322
2023.02.23 20:00:00,-10.61298
2023.02.23 22:00:00,-10.59378
2023.02.24 00:00:00,-10.59378
2023.02.24 02:00:00,-10.57458
2023.02.24 04:00:00,-10.57458
2023.02.24 06:00:00,-10.57458
2023.02.24 08:00:00,-10.55539
2023.02.24 10:00:00,-10.55539
2023.02.24 12:00:00,-10.53619
2023.02.24 14:00:00,-10.53619
2023.02.24 16:00:00,-10.517
2023.02.24 18:00:00,-10.47861
2023.02.24 20:00:00,-10.47861
2023.02.24 22:00:00,-10.44025
2023.02.25 00:00:00,-10.42108
2023.02.25 02:00:00,-10.38272
2023.02.25 04:00:00,-10.38272
2023.02.25 06:00:00,-10.38272
2023.02.25 08:00:00,-10.36356
2023.02.25 10:00:00,-10.34439
2023.02.25 12:00:00,-10.34439
2023.02.25 14:00:00,-10.34439
2023.02.25 16:00:00,-10.32523
2023.02.25 18:00:00,-10.30606
2023.02.25 20:00:00,-10.2869
2023.02.25 22:00:00,-10.26773
2023.02.26 00:00:00,-10.2486
2023.02.26 02:00:00,-10.22943
2023.02.26 04:00:00,-10.19113
2023.02.26 06:00:00,-10.172
2023.02.26 08:00:00,-10.19113
2023.02.26 10:00:00,-10.172
2023.02.26 12:00:00,-10.172
2023.02.26 14:00:00,-10.15286
2023.02.26 16:00:00,-10.15286
2023.02.26 18:00:00,-10.13373
2023.02.26 20:00:00,-10.11459
2023.02.26 22:00:00,-10.11459
2023.02.27 00:00:00,-10.09546
2023.02.27 02:00:00,-10.09546
2023.02.27 04:00:00,-10.11459
2023.02.27 06:00:00,-10.13373
2023.02.27 08:00:00,-10.13373
2023.02.27 10:00:00,-10.19113
2023.02.27 12:00:00,-10.2103
2023.02.27 14:00:00,-10.2486
2023.02.27 16:00:00,-10.26773
2023.02.27 18:00:00,-10.2869
2023.02.27 20:00:00,-10.2869
2023.02.27 22:00:00,-10.30606
2023.02.28 00:00:00,-10.32523
2023.02.28 02:00:00,-10.34439
2023.02.28 04:00:00,-10.36356
2023.02.28 06:00:00,-10.38272
2023.02.28 08:00:00,-10.42108
2023.02.28 10:00:00,-10.47861
2023.02.28 12:00:00,-10.4978
2023.02.28 14:00:00,-10.53619
2023.02.28 16:00:00,-10.55539
2023.02.28 18:00:00,-10.57458
2023.02.28 20:00:00,-10.59378
2023.02.28 22:00:00,-10.59378
2023.03.01 00:00:00,-10.59378
2023.03.01 02:00:00,-10.59378
2023.03.01 04:00:00,-10.61298
2023.03.01 06:00:00,-10.6322
2023.03.01 08:00:00,-10.67062
2023.03.01 10:00:00,-10.70905
2023.03.01 12:00:00,-10.72827
2023.03.01 14:00:00,-10.76672
2023.03.01 16:00:00,-10.80521
2023.03.01 18:00:00,-10.80521
2023.03.01 20:00:00,-10.80521
2023.03.01 22:00:00,-10.80521
2023.03.02 00:00:00,-10.82443
2023.03.02 02:00:00,-10.82443
2023.03.02 04:00:00,-10.84369
2023.03.02 06:00:00,-10.86292
2023.03.02 08:00:00,-10.88217
2023.03.02 10:00:00,-10.93994
2023.03.02 12:00:00,-10.9592
2023.03.02 14:00:00,-10.97845
2023.03.02 16:00:00,-10.99771
2023.03.02 18:00:00,-10.99771
2023.03.02 20:00:00,-10.97845
2023.03.02 22:00:00,-10.97845
2023.03.03 00:00:00,-10.9592
2023.03.03 02:00:00,-10.9592
2023.03.03 04:00:00,-10.9592
2023.03.03 06:00:00,-10.9592
2023.03.03 08:00:00,-10.97845
2023.03.03 10:00:00,-10.99771
2023.03.03 12:00:00,-11.01697
2023.03.03 14:00:00,-11.03625
2023.03.03 16:00:00,-11.03625
2023.03.03 18:00:00,-11.01697
2023.03.03 20:00:00,-11.01697
2023.03.03 22:00:00,-10.99771
2023.03.04 00:00:00,-10.97845
2023.03.04 02:00:00,-10.9592
2023.03.04 04:00:00,-10.9592
2023.03.04 06:00:00,-10.93994
2023.03.04 08:00:00,-10.93994
2023.03.04 10:00:00,-10.9592
2023.03.04 12:00:00,-10.93994
2023.03.04 14:00:00,-10.92068
2023.03.04 16:00:00,-10.90143
2023.03.04 18:00:00,-10.86292
2023.03.04 20:00:00,-10.82443
2023.03.04 22:00:00,-10.78595
2023.03.05 00:00:00,-10.7475
2023.03.05 02:00:00,-10.70905
2023.03.05 04:00:00,-10.68985
2023.03.05 06:00:00,-10.67062
2023.03.05 08:00:00,-10.67062
2023.03.05 10:00:00,-10.6514
2023.03.05 12:00:00,-10.6514
2023.03.05 14:00:00,-10.67062
2023.03.05 16:00:00,-10.6322
2023.03.05 18:00:00,-10.59378
2023.03.05 20:00:00,-10.57458
2023.03.05 22:00:00,-10.53619
2023.03.06 00:00:00,-10.4978
2023.03.06 02:00:00,-10.45944
2023.03.06 04:00:00,-10.44025
2023.03.06 06:00:00,-10.42108
2023.03.06 08:00:00,-10.40189
2023.03.06 10:00:00,-10.40189
2023.03.06 12:00:00,-10.38272
2023.03.06 14:00:00,-10.36356
2023.03.06 16:00:00,-10.34439
2023.03.06 18:00:00,-10.30606
2023.03.06 20:00:00,-10.26773
2023.03.06 22:00:00,-10.2103
2023.03.07 00:00:00,-10.172
2023.03.07 02:00:00,-10.13373
2023.03.07 04:00:00,-10.11459
2023.03.07 06:00:00,-10.09546
2023.03.07 08:00:00,-10.07632
2023.03.07 10:00:00,-10.05719
2023.03.07 12:00:00,-10.05719
2023.03.07 14:00:00,-10.05719
2023.03.07 16:00:00,-10.01895
2023.03.07 18:00:00,-9.980713
2023.03.07 20:00:00,-9.942474
2023.03.07 22:00:00,-9.904266
2023.03.08 00:00:00,-9.866058
2023.03.08 02:00:00,-9.846954
2023.03.08 04:00:00,-9.846954
2023.03.08 06:00:00,-9.827881
2023.03.08 08:00:00,-9.827881
2023.03.08 10:00:00,-9.846954
2023.03.08 12:00:00,-9.827881
2023.03.08 14:00:00,-9.808777
2023.03.08 16:00:00,-9.789673
2023.03.08 18:00:00,-9.732422
2023.03.08 20:00:00,-9.694275
2023.03.08 22:00:00,-9.637024
2023.03.09 00:00:00,-9.598907
2023.03.09 02:00:00,-9.56076
2023.03.09 04:00:00,-9.541718
2023.03.09 06:00:00,-9.522644
2023.03.09 08:00:00,-9.503601
2023.03.09 10:00:00,-9.503601
2023.03.09 12:00:00,-9.465485
2023.03.09 14:00:00,-9.446442
2023.03.09 16:00:00,-9.389313
2023.03.09 18:00:00,-9.351227
2023.03.09 20:00:00,-9.275085
2023.03.09 22:00:00,-9.218018
2023.03.10 00:00:00,-9.179993
2023.03.10 02:00:00,-9.122925
2023.03.10 04:00:00,-9.103912
2023.03.10 06:00:00,-9.08493
2023.03.10 08:00:00,-9.065918
2023.03.10 10:00:00,-9.065918
2023.03.10 12:00:00,-9.065918
2023.03.10 14:00:00,-9.046906
2023.03.10 16:00:00,-9.027893
2023.03.10 18:00:00,-8.989899
2023.03.10 20:00:00,-8.951904
2023.03.10 22:00:00,-8.932922
2023.03.11 00:00:00,-8.894958
2023.03.11 02:00:00,-8.875946
2023.03.11 04:00:00,-8.856964
2023.03.11 06:00:00,-8.837982
2023.03.11 08:00:00,-8.819
2023.03.11 10:00:00,-8.800049
2023.03.11 12:00:00,-8.781067
2023.03.11 14:00:00,-8.762085
2023.03.11 16:00:00,-8.724152
2023.03.11 18:00:00,-8.648285
2023.03.11 20:00:00,-8.5914
2023.03.11 22:00:00,-8.534546
2023.03.12 00:00:00,-8.477692
2023.03.12 02:00:00,-8.45874
2023.03.12 04:00:00,-8.420837
2023.03.12 06:00:00,-8.420837
2023.03.12 08:00:00,-8.420837
2023.03.12 10:00:00,-8.420837
2023.03.12 12:00:00,-8.420837
2023.03.12 14:00:00,-8.420837
2023.03.12 16:00:00,-8.401917
2023.03.12 18:00:00,-8.382965
2023.03.12 20:00:00,-8.345093
2023.03.12 22:00:00,-8.30722
2023.03.13 00:00:00,-8.2883
2023.03.13 02:00:00,-8.269379
2023.03.13 04:00:00,-8.269379
2023.03.13 06:00:00,-8.269379
2023.03.13 08:00:00,-8.269379
2023.03.13 10:00:00,-8.2883
2023.03.13 12:00:00,-8.269379
2023.03.13 14:00:00,-8.250458
2023.03.13 16:00:00,-8.212585
2023.03.13 18:00:00,-8.193665
2023.03.13 20:00:00,-8.174744
2023.03.13 22:00:00,-8.136902
2023.03.14 00:00:00,-8.136902
2023.03.14 02:00:00,-8.136902
2023.03.14 04:00:00,-8.136902
2023.03.14 06:00:00,-8.174744
2023.03.14 08:00:00,-8.193665
2023.03.14 10:00:00,-8.231506
2023.03.14 12:00:00,-8.269379
2023.03.14 14:00:00,-8.30722
2023.03.14 16:00:00,-8.326172
2023.03.14 18:00:00,-8.326172
2023.03.14 20:00:00,-8.30722
2023.03.14 22:00:00,-8.326172
2023.03.15 00:00:00,-8.326172
2023.03.15 02:00:00,-8.345093
2023.03.15 04:00:00,-8.364044
2023.03.15 06:00:00,-8.401917
2023.03.15 08:00:00,-8.439789
2023.03.15 10:00:00,-8.477692
2023.03.15 12:00:00,-8.515594
2023.03.15 14:00:00,-8.553497
2023.03.15 16:00:00,-8.553497
2023.03.15 18:00:00,-8.515594
2023.03.15 20:00:00,-8.496643
2023.03.15 22:00:00,-8.477692
2023.03.16 00:00:00,-8.45874
2023.03.16 02:00:00,-8.45874
2023.03.16 04:00:00,-8.45874
2023.03.16 06:00:00,-8.477692
2023.03.16 08:00:00,-8.477692
2023.03.16 10:00:00,-8.496643
2023.03.16 12:00:00,-8.515594
2023.03.16 14:00:00,-8.515594
2023.03.16 16:00:00,-8.496643
2023.03.16 18:00:00,-8.45874
2023.03.16 20:00:00,-8.439789
2023.03.16 22:00:00,-8.420837
2023.03.17 00:00:00,-8.401917
2023.03.17 02:00:00,-8.420837
2023.03.17 04:00:00,-8.420837
2023.03.17 06:00:00,-8.45874
2023.03.17 08:00:00,-8.477692
2023.03.17 10:00:00,-8.515594
2023.03.17 12:00:00,-8.534546
2023.03.17 14:00:00,-8.553497
2023.03.17 16:00:00,-8.534546
2023.03.17 18:00:00,-8.515594
2023.03.17 20:00:00,-8.477692
2023.03.17 22:00:00,-8.439789
2023.03.18 00:00:00,-8.420837
2023.03.18 02:00:00,-8.401917
2023.03.18 04:00:00,-8.401917
2023.03.18 06:00:00,-8.401917
2023.03.18 08:00:00,-8.401917
2023.03.18 10:00:00,-8.401917
2023.03.18 12:00:00,-8.382965
2023.03.18 14:00:00,-8.364044
2023.03.18 16:00:00,-8.30722
2023.03.18 18:00:00,-8.250458
2023.03.18 20:00:00,-8.193665
2023.03.18 22:00:00,-8.136902
2023.03.19 00:00:00,-8.099091
2023.03.19 02:00:00,-8.08017
2023.03.19 04:00:00,-8.061249
2023.03.19 06:00:00,-8.061249
2023.03.19 08:00:00,-8.08017
2023.03.19 10:00:00,-8.08017
2023.03.19 12:00:00,-8.118011
2023.03.19 14:00:00,-8.118011
2023.03.19 16:00:00,-8.099091
2023.03.19 18:00:00,-8.061249
2023.03.19 20:00:00,-8.042358
2023.03.19 22:00:00,-8.023438
2023.03.20 00:00:00,-8.023438
2023.03.20 02:00:00,-8.061249
2023.03.20 04:00:00,-8.099091
2023.03.20 06:00:00,-8.155823
2023.03.20 08:00:00,-8.212585
2023.03.20 10:00:00,-8.2883
2023.03.20 12:00:00,-8.345093
2023.03.20 14:00:00,-8.382965
2023.03.20 16:00:00,-8.401917
2023.03.20 18:00:00,-8.401917
2023.03.20 20:00:00,-8.364044
2023.03.20 22:00:00,-8.345093
2023.03.21 00:00:00,-8.345093
2023.03.21 02:00:00,-8.345093
2023.03.21 04:00:00,-8.364044
2023.03.21 06:00:00,-8.382965
2023.03.21 08:00:00,-8.420837
2023.03.21 10:00:00,-8.45874
2023.03.21 12:00:00,-8.496643
2023.03.21 14:00:00,-8.496643
2023.03.21 16:00:00,-8.496643
2023.03.21 18:00:00,-8.439789
2023.03.21 20:00:00,-8.382965
2023.03.21 22:00:00,-8.364044
2023.03.22 00:00:00,-8.326172
2023.03.22 02:00:00,-8.345093
2023.03.22 04:00:00,-8.345093
2023.03.22 06:00:00,-8.382965
2023.03.22 08:00:00,-8.420837
2023.03.22 10:00:00,-8.477692
2023.03.22 12:00:00,-8.515594
2023.03.22 14:00:00,-8.553497
2023.03.22 16:00:00,-8.553497
2023.03.22 18:00:00,-8.534546
2023.03.22 20:00:00,-8.477692
2023.03.22 22:00:00,-8.45874
2023.03.23 00:00:00,-8.439789
2023.03.23 02:00:00,-8.439789
2023.03.23 04:00:00,-8.45874
2023.03.23 06:00:00,-8.45874
2023.03.23 08:00:00,-8.477692
2023.03.23 10:00:00,-8.477692
2023.03.23 12:00:00,-8.496643
2023.03.23 14:00:00,-8.496643
2023.03.23 16:00:00,-8.477692
2023.03.23 18:00:00,-8.45874
2023.03.23 20:00:00,-8.420837
2023.03.23 22:00:00,-8.401917
2023.03.24 00:00:00,-8.382965
2023.03.24 02:00:00,-8.382965
2023.03.24 04:00:00,-8.401917
2023.03.24 06:00:00,-8.439789
2023.03.24 08:00:00,-8.477692
2023.03.24 10:00:00,-8.534546
2023.03.24 12:00:00,-8.5914
2023.03.24 14:00:00,-8.648285
2023.03.24 16:00:00,-8.667236
2023.03.24 18:00:00,-8.648285
2023.03.24 20:00:00,-8.648285
2023.03.24 22:00:00,-8.629303
2023.03.25 00:00:00,-8.629303
2023.03.25 02:00:00,-8.629303
2023.03.25 04:00:00,-8.629303
2023.03.25 06:00:00,-8.667236
2023.03.25 08:00:00,-8.70517
2023.03.25 10:00:00,-8.743103
2023.03.25 12:00:00,-8.781067
2023.03.25 14:00:00,-8.819
2023.03.25 16:00:00,-8.819
2023.03.25 18:00:00,-8.800049
2023.03.25 20:00:00,-8.762085
2023.03.25 22:00:00,-8.743103
2023.03.26 00:00:00,-8.70517
2023.03.26 02:00:00,-8.70517
2023.03.26 04:00:00,-8.686218
2023.03.26 06:00:00,-8.686218
2023.03.26 08:00:00,-8.724152
2023.03.26 10:00:00,-8.743103
2023.03.26 12:00:00,-8.762085
2023.03.26 14:00:00,-8.762085
2023.03.26 16:00:00,-8.762085
2023.03.26 18:00:00,-8.724152
2023.03.26 20:00:00,-8.667236
2023.03.26 22:00:00,-8.629303
2023.03.27 00:00:00,-8.610352
2023.03.27 02:00:00,-8.5914
2023.03.27 04:00:00,-8.572449
2023.03.27 06:00:00,-8.5914
2023.03.27 08:00:00,-8.610352
2023.03.27 10:00:00,-8.629303
2023.03.27 12:00:00,-8.667236
2023.03.27 14:00:00,-8.686218
2023.03.27 16:00:00,-8.667236
2023.03.27 18:00:00,-8.610352
2023.03.27 20:00:00,-8.572449
2023.03.27 22:00:00,-8.515594
2023.03.28 00:00:00,-8.477692
2023.03.28 02:00:00,-8.45874
2023.03.28 04:00:00,-8.45874
2023.03.28 06:00:00,-8.477692
2023.03.28 08:00:00,-8.496643
2023.03.28 10:00:00,-8.515594
2023.03.28 12:00:00,-8.553497
2023.03.28 14:00:00,-8.572449
2023.03.28 16:00:00,-8.553497
2023.03.28 18:00:00,-8.515594
2023.03.28 20:00:00,-8.45874
2023.03.28 22:00:00,-8.420837
2023.03.29 00:00:00,-8.382965
2023.03.29 02:00:00,-8.345093
2023.03.29 04:00:00,-8.364044
2023.03.29 06:00:00,-8.364044
2023.03.29 08:00:00,-8.401917
2023.03.29 10:00:00,-8.420837
2023.03.29 12:00:00,-8.439789
2023.03.29 14:00:00,-8.45874
2023.03.29 16:00:00,-8.439789
2023.03.29 18:00:00,-8.382965
2023.03.29 20:00:00,-8.326172
2023.03.29 22:00:00,-8.269379
2023.03.30 00:00:00,-8.212585
2023.03.30 02:00:00,-8.193665
2023.03.30 04:00:00,-8.155823
2023.03.30 06:00:00,-8.174744
2023.03.30 08:00:00,-8.174744
2023.03.30 10:00:00,-8.193665
2023.03.30 12:00:00,-8.193665
2023.03.30 14:00:00,-8.155823
2023.03.30 16:00:00,-8.118011
2023.03.30 18:00:00,-8.042358
2023.03.30 20:00:00,-7.966736
2023.03.30 22:00:00,-7.872223
2023.03.31 00:00:00,-7.815552
2023.03.31 02:00:00,-7.758881
2023.03.31 04:00:00,-7.7211
2023.03.31 06:00:00,-7.702209
2023.03.31 08:00:00,-7.702209
2023.03.31 10:00:00,-7.683319
2023.03.31 12:00:00,-7.645569
2023.03.31 14:00:00,-7.588928
2023.03.31 16:00:00,-7.513428
2023.03.31 18:00:00,-7.437958
2023.03.31 20:00:00,-7.343628
2023.03.31 22:00:00,-7.268188
2023.04.01 00:00:00,-7.211639
2023.04.01 02:00:00,-7.19278
2023.04.01 04:00:00,-7.17395
2023.04.01 06:00:00,-7.15509
2023.04.01 08:00:00,-7.17395
2023.04.01 10:00:00,-7.211639
2023.04.01 12:00:00,-7.230499
2023.04.01 14:00:00,-7.268188
2023.04.01 16:00:00,-7.249359
2023.04.01 18:00:00,-7.230499
2023.04.01 20:00:00,-7.19278
2023.04.01 22:00:00,-7.17395
2023.04.02 00:00:00,-7.15509
2023.04.02 02:00:00,-7.15509
2023.04.02 04:00:00,-7.17395
2023.04.02 06:00:00,-7.211639
2023.04.02 08:00:00,-7.249359
2023.04.02 10:00:00,-7.287048
2023.04.02 12:00:00,-7.343628
2023.04.02 14:00:00,-7.362488
2023.04.02 16:00:00,-7.362488
2023.04.02 18:00:00,-7.343628
2023.04.02 20:00:00,-7.305908
2023.04.02 22:00:00,-7.268188
2023.04.03 00:00:00,-7.249359
2023.04.03 02:00:00,-7.249359
2023.04.03 04:00:00,-7.268188
2023.04.03 06:00:00,-7.287048
2023.04.03 08:00:00,-7.343628
2023.04.03 10:00:00,-7.400238
2023.04.03 12:00:00,-7.437958
2023.04.03 14:00:00,-7.475677
2023.04.03 16:00:00,-7.494568
2023.04.03 18:00:00,-7.456818
2023.04.03 20:00:00,-7.419098
2023.04.03 22:00:00,-7.381348
2023.04.04 00:00:00,-7.362488
2023.04.04 02:00:00,-7.362488
2023.04.04 04:00:00,-7.381348
2023.04.04 06:00:00,-7.437958
2023.04.04 08:00:00,-7.494568
2023.04.04 10:00:00,-7.551178
2023.04.04 12:00:00,-7.607819
2023.04.04 14:00:00,-7.645569
2023.04.04 16:00:00,-7.664459
2023.04.04 18:00:00,-7.626678
2023.04.04 20:00:00,-7.570038
2023.04.04 22:00:00,-7.513428
2023.04.05 00:00:00,-7.494568
2023.04.05 02:00:00,-7.475677
2023.04.05 04:00:00,-7.475677
2023.04.05 06:00:00,-7.494568
2023.04.05 08:00:00,-7.532318
2023.04.05 10:00:00,-7.570038
2023.04.05 12:00:00,-7.626678
2023.04.05 14:00:00,-7.626678
2023.04.05 16:00:00,-7.626678
2023.04.05 18:00:00,-7.570038
2023.04.05 20:00:00,-7.513428
2023.04.05 22:00:00,-7.456818
2023.04.06 00:00:00,-7.400238
2023.04.06 02:00:00,-7.362488
2023.04.06 04:00:00,-7.343628
2023.04.06 06:00:00,-7.362488
2023.04.06 08:00:00,-7.362488
2023.04.06 10:00:00,-7.400238
2023.04.06 12:00:00,-7.419098
2023.04.06 14:00:00,-7.419098
2023.04.06 16:00:00,-7.362488
2023.04.06 18:00:00,-7.305908
2023.04.06 20:00:00,-7.249359
2023.04.06 22:00:00,-7.17395
2023.04.07 00:00:00,-7.13623
2023.04.07 02:00:00,-7.098541
2023.04.07 04:00:00,-7.079681
2023.04.07 06:00:00,-7.098541
2023.04.07 08:00:00,-7.117401
2023.04.07 10:00:00,-7.15509
2023.04.07 12:00:00,-7.17395
2023.04.07 14:00:00,-7.13623
2023.04.07 16:00:00,-7.098541
2023.04.07 18:00:00,-7.023163
2023.04.07 20:00:00,-6.947784
2023.04.07 22:00:00,-6.891296
2023.04.08 00:00:00,-6.834778
2023.04.08 02:00:00,-6.797119
2023.04.08 04:00:00,-6.77829
2023.04.08 06:00:00,-6.75946
2023.04.08 08:00:00,-6.740631
2023.04.08 10:00:00,-6.740631
2023.04.08 12:00:00,-6.702972
2023.04.08 14:00:00,-6.665314
2023.04.08 16:00:00,-6.608826
2023.04.08 18:00:00,-6.533539
2023.04.08 20:00:00,-6.477081
2023.04.08 22:00:00,-6.420624
2023.04.09 00:00:00,-6.382996
2023.04.09 02:00:00,-6.345367
2023.04.09 04:00:00,-6.326538
2023.04.09 06:00:00,-6.326538
2023.04.09 08:00:00,-6.326538
2023.04.09 10:00:00,-6.326538
2023.04.09 12:00:00,-6.326538
2023.04.09 14:00:00,-6.307739
2023.04.09 16:00:00,-6.270111
2023.04.09 18:00:00,-6.251312
2023.04.09 20:00:00,-6.213684
2023.04.09 22:00:00,-6.176056
2023.04.10 00:00:00,-6.157257
2023.04.10 02:00:00,-6.119629
2023.04.10 04:00:00,-6.119629
2023.04.10 06:00:00,-6.10083
2023.04.10 08:00:00,-6.10083
2023.04.10 10:00:00,-6.082031
2023.04.10 12:00:00,-6.082031
2023.04.10 14:00:00,-6.063232
2023.04.10 16:00:00,-6.025604
2023.04.10 18:00:00,-6.006805
2023.04.10 20:00:00,-5.969208
2023.04.10 22:00:00,-5.93158
2023.04.11 00:00:00,-5.912781
2023.04.11 02:00:00,-5.875183
2023.04.11 04:00:00,-5.875183
2023.04.11 06:00:00,-5.875183
2023.04.11 08:00:00,-5.875183
2023.04.11 10:00:00,-5.875183
2023.04.11 12:00:00,-5.875183
2023.04.11 14:00:00,-5.856384
2023.04.11 16:00:00,-5.837585
2023.04.11 18:00:00,-5.799988
2023.04.11 20:00:00,-5.781189
2023.04.11 22:00:00,-5.76239
2023.04.12 00:00:00,-5.743591
2023.04.12 02:00:00,-5.724792
2023.04.12 04:00:00,-5.724792
2023.04.12 06:00:00,-5.724792
2023.04.12 08:00:00,-5.724792
2023.04.12 10:00:00,-5.743591
2023.04.12 12:00:00,-5.743591
2023.04.12 14:00:00,-5.724792
2023.04.12 16:00:00,-5.705994
2023.04.12 18:00:00,-5.687195
2023.04.12 20:00:00,-5.649597
2023.04.12 22:00:00,-5.649597
2023.04.13 00:00:00,-5.630798
2023.04.13 02:00:00,-5.612
2023.04.13 04:00:00,-5.612
2023.04.13 06:00:00,-5.612
2023.04.13 08:00:00,-5.612
2023.04.13 10:00:00,-5.630798
2023.04.13 12:00:00,-5.649597
2023.04.13 14:00:00,-5.649597
2023.04.13 16:00:00,-5.668396
2023.04.13 18:00:00,-5.668396
2023.04.13 20:00:00,-5.649597
2023.04.13 22:00:00,-5.649597
2023.04.14 00:00:00,-5.649597
2023.04.14 02:00:00,-5.630798
2023.04.14 04:00:00,-5.649597
2023.04.14 06:00:00,-5.668396
2023.04.14 08:00:00,-5.687195
2023.04.14 10:00:00,-5.705994
2023.04.14 12:00:00,-5.724792
2023.04.14 14:00:00,-5.76239
2023.04.14 16:00:00,-5.724792
2023.04.14 18:00:00,-5.574402
2023.04.14 20:00:00,-5.405243
2023.04.14 22:00:00,-5.273682
2023.04.15 00:00:00,-5.179718
2023.04.15 02:00:00,-5.085754
2023.04.15 04:00:00,-5.029358
2023.04.15 06:00:00,-4.972992
2023.04.15 08:00:00,-4.954193
2023.04.15 10:00:00,-4.954193
2023.04.15 12:00:00,-4.954193
2023.04.15 14:00:00,-2.827881
2023.04.15 16:00:00,-1.143921
2023.04.15 18:00:00,-0.6874695
2023.04.15 20:00:00,-0.4969177
2023.04.15 22:00:00,-0.3825073
2023.04.16 00:00:00,-0.3252563
2023.04.16 02:00:00,-0.2679749
2023.04.16 04:00:00,-0.2297974
2023.04.16 06:00:00,-0.2106934
2023.04.16 08:00:00,-0.1915894
2023.04.16 10:00:00,-0.1724854
2023.04.16 12:00:00,-0.1533813
2023.04.16 14:00:00,-0.1342773
2023.04.16 16:00:00,-0.1151428
2023.04.16 18:00:00,-0.09603882
2023.04.16 20:00:00,-0.05780029
2023.04.16 22:00:00,-0.05780029
2023.04.17 00:00:00,-0.03869629
2023.04.17 02:00:00,-0.03869629
2023.04.17 04:00:00,-0.03869629
2023.04.17 06:00:00,-0.03869629
2023.04.17 08:00:00,-0.03869629
2023.04.17 10:00:00,-0.03869629
2023.04.17 12:00:00,-0.03869629
2023.04.17 14:00:00,-0.05780029
2023.04.17 16:00:00,-0.03869629
2023.04.17 18:00:00,-0.03869629
2023.04.17 20:00:00,-0.05780029
2023.04.17 22:00:00,-0.05780029
2023.04.18 00:00:00,-0.05780029
2023.04.18 02:00:00,-0.05780029
2023.04.18 04:00:00,-0.07693481
2023.04.18 06:00:00,-0.07693481
2023.04.18 08:00:00,-0.1342773
2023.04.18 10:00:00,-0.1915894
2023.04.18 12:00:00,-0.2870789
2023.04.18 14:00:00,-0.4015808
2023.04.18 16:00:00,-0.4778442
2023.04.18 18:00:00,-0.5350647
2023.04.18 20:00:00,-0.5541077
2023.04.18 22:00:00,-0.5922241
2023.04.19 00:00:00,-0.6493835
2023.04.19 02:00:00,-0.7065125
2023.04.19 04:00:00,-0.7636108
2023.04.19 06:00:00,-0.8397522
2023.04.19 08:00:00,-0.9158325
2023.04.19 10:00:00,-0.9918823
2023.04.19 12:00:00,-1.086914
2023.04.19 14:00:00,-1.143921
2023.04.19 16:00:00,-0.8397522
2023.04.19 18:00:00,-0.6874695
2023.04.19 20:00:00,-0.6112671
2023.04.19 22:00:00,-0.6112671
2023.04.20 00:00:00,-0.6303406
2023.04.20 02:00:00,-0.6684265
2023.04.20 04:00:00,-0.7826538
2023.04.20 06:00:00,-0.8778076
2023.04.20 08:00:00,-1.010895
2023.04.20 10:00:00,-1.124908
2023.04.20 12:00:00,-1.219879
2023.04.20 14:00:00,-1.295807
2023.04.20 16:00:00,-1.352753
2023.04.20 18:00:00,-1.409637
2023.04.20 20:00:00,-1.447571
2023.04.20 22:00:00,-1.504486
2023.04.21 00:00:00,-1.542389
2023.04.21 02:00:00,-1.580292
2023.04.21 04:00:00,-1.637146
2023.04.21 06:00:00,-1.675049
2023.04.21 08:00:00,-1.750793
2023.04.21 10:00:00,-1.788666
2023.04.21 12:00:00,-1.86441
2023.04.21 14:00:00,-0.9158325
2023.04.21 16:00:00,-0.1342773
2023.04.21 18:00:00,-0.1342773
2023.04.21 20:00:00,-0.2679749
2023.04.21 22:00:00,-0.4969177
2023.04.22 00:00:00,-0.6303406
2023.04.22 02:00:00,-0.7255554
2023.04.22 04:00:00,-0.8397522
2023.04.22 06:00:00,-0.934845
2023.04.22 08:00:00,-1.04892
2023.04.22 10:00:00,-1.162903
2023.04.22 12:00:00,-1.276825
2023.04.22 14:00:00,-1.371704
2023.04.22 16:00:00,-1.466553
2023.04.22 18:00:00,-1.523438
2023.04.22 20:00:00,-1.599243
2023.04.22 22:00:00,-1.656097
2023.04.23 00:00:00,-1.712921
2023.04.23 02:00:00,-1.807617
2023.04.23 04:00:00,-1.902252
2023.04.23 06:00:00,-2.034698
2023.04.23 08:00:00,-2.148132
2023.04.23 10:00:00,-2.280457
2023.04.23 12:00:00,-2.412689
2023.04.23 14:00:00,-0.01956177
2023.04.23 16:00:00,-0.01956177
2023.04.23 18:00:00,-0.01956177
2023.04.23 20:00:00,-0.01956177
2023.04.23 22:00:00,-0.01956177
2023.04.24 00:00:00,-0.05780029
2023.04.24 02:00:00,-0.4206543
2023.04.24 04:00:00,-0.8016968
2023.04.24 06:00:00,-1.04892
2023.04.24 08:00:00,-1.257843
2023.04.24 10:00:00,-0.2106934
2023.04.24 12:00:00,-0.03869629
2023.04.24 14:00:00,-0.03869629
2023.04.24 16:00:00,-0.03869629
2023.04.24 18:00:00,-0.05780029
2023.04.24 20:00:00,-0.07693481
2023.04.24 22:00:00,-0.09603882
2023.04.25 00:00:00,-0.1151428
2023.04.25 02:00:00,-0.1342773
2023.04.25 04:00:00,-0.1724854
2023.04.25 06:00:00,-0.1915894
2023.04.25 08:00:00,-0.2297974
2023.04.25 10:00:00,-0.2488708
2023.04.25 12:00:00,-0.2870789
2023.04.25 14:00:00,-0.3252563
2023.04.25 16:00:00,-0.3825073
2023.04.25 18:00:00,-0.4206543
2023.04.25 20:00:00,-0.4588013
2023.04.25 22:00:00,-0.4969177
2023.04.26 00:00:00,-0.5350647
2023.04.26 02:00:00,-0.5731812
2023.04.26 04:00:00,-0.6112671
2023.04.26 06:00:00,-0.6684265
2023.04.26 08:00:00,-0.7065125
2023.04.26 10:00:00,-0.7445984
2023.04.26 12:00:00,-0.7826538
2023.04.26 14:00:00,-0.8207092
2023.04.26 16:00:00,-0.8587646
2023.04.26 18:00:00,-0.8968201
2023.04.26 20:00:00,-0.934845
2023.04.26 22:00:00,-0.9728699
2023.04.27 00:00:00,-1.010895
2023.04.27 02:00:00,-1.04892
2023.04.27 04:00:00,-1.105927
2023.04.27 06:00:00,-1.143921
2023.04.27 08:00:00,-1.219879
2023.04.27 10:00:00,-1.295807
2023.04.27 12:00:00,-1.352753
2023.04.27 14:00:00,-0.4778442
2023.04.27 16:00:00,-0.3443298
2023.04.27 18:00:00,-0.4015808
2023.04.27 20:00:00,-0.5159912
2023.04.27 22:00:00,-0.6303406
2023.04.28 00:00:00,-0.7826538
2023.04.28 02:00:00,-0.9158325
2023.04.28 04:00:00,-1.04892
2023.04.28 06:00:00,-1.181885
2023.04.28 08:00:00,-1.314789
2023.04.28 10:00:00,-1.447571
2023.04.28 12:00:00,-1.542389
2023.04.28 14:00:00,-1.599243
2023.04.28 16:00:00,-1.447571
2023.04.28 18:00:00,-1.409637
2023.04.28 20:00:00,-1.428619
2023.04.28 22:00:00,-1.447571
2023.04.29 00:00:00,-1.504486
2023.04.29 02:00:00,-1.56134
2023.04.29 04:00:00,-1.618195
2023.04.29 06:00:00,-1.731873
2023.04.29 08:00:00,-1.826538
2023.04.29 10:00:00,-1.959015
2023.04.29 12:00:00,-2.015778
2023.04.29 14:00:00,-0.7065125
2023.04.29 16:00:00,-0.5541077
2023.04.29 18:00:00,-0.5541077
2023.04.29 20:00:00,-0.5541077
2023.04.29 22:00:00,-0.5731812
2023.04.30 00:00:00,-0.6303406
2023.04.30 02:00:00,-0.6684265
2023.04.30 04:00:00,-0.7445984
2023.04.30 06:00:00,-0.8016968
2023.04.30 08:00:00,-0.8968201
2023.04.30 10:00:00,-0.5731812
2023.04.30 12:00:00,-0.4015808
2023.04.30 14:00:00,-0.3634033
2023.04.30 16:00:00,-0.3443298
2023.04.30 18:00:00,-0.3634033
2023.04.30 20:00:00,-0.3634033
2023.04.30 22:00:00,-0.3825073
2023.05.01 00:00:00,-0.4015808
2023.05.01 02:00:00,-0.4015808
2023.05.01 04:00:00,-0.4206543
2023.05.01 06:00:00,-0.4206543
2023.05.01 08:00:00,-0.4588013
2023.05.01 10:00:00,-0.4015808
2023.05.01 12:00:00,-0.3252563
2023.05.01 14:00:00,-0.3061523
2023.05.01 16:00:00,-0.3061523
2023.05.01 18:00:00,-0.3061523
2023.05.01 20:00:00,-0.3252563
2023.05.01 22:00:00,-0.3443298
2023.05.02 00:00:00,-0.3634033
2023.05.02 02:00:00,-0.3825073
2023.05.02 04:00:00,-0.3825073
2023.05.02 06:00:00,-0.4015808
2023.05.02 08:00:00,-0.4206543
2023.05.02 10:00:00,-0.4206543
2023.05.02 12:00:00,-0.4397278
2023.05.02 14:00:00,-0.4397278
2023.05.02 16:00:00,-0.4588013
2023.05.02 18:00:00,-0.4778442
2023.05.02 20:00:00,-0.4778442
2023.05.02 22:00:00,-0.4778442
2023.05.03 00:00:00,-0.4969177
2023.05.03 02:00:00,-0.4969177
2023.05.03 04:00:00,-0.5159912
2023.05.03 06:00:00,-0.5350647
2023.05.03 08:00:00,-0.5350647
2023.05.03 10:00:00,-0.5731812
2023.05.03 12:00:00,-0.6112671
2023.05.03 14:00:00,-0.6303406
2023.05.03 16:00:00,-0.6493835
2023.05.03 18:00:00,-0.6684265
2023.05.03 20:00:00,-0.6684265
2023.05.03 22:00:00,-0.6874695
2023.05.04 00:00:00,-0.7255554
2023.05.04 02:00:00,-0.7826538
2023.05.04 04:00:00,-0.8587646
2023.05.04 06:00:00,-0.9728699
2023.05.04 08:00:00,-1.067932
2023.05.04 10:00:00,-1.143921
2023.05.04 12:00:00,-1.181885
2023.05.04 14:00:00,-1.200897
2023.05.04 16:00:00,-1.200897
2023.05.04 18:00:00,-1.200897
2023.05.04 20:00:00,-1.238861
2023.05.04 22:00:00,-1.295807
2023.05.05 00:00:00,-1.390686
2023.05.05 02:00:00,-1.504486
2023.05.05 04:00:00,-1.637146
2023.05.05 06:00:00,-1.807617
2023.05.05 08:00:00,-1.977936
2023.05.05 10:00:00,-2.110321
2023.05.05 12:00:00,-2.223755
2023.05.05 14:00:00,-2.280457
2023.05.05 16:00:00,-2.337128
2023.05.05 18:00:00,-2.374908
2023.05.05 20:00:00,-2.412689
2023.05.05 22:00:00,-2.48822
2023.05.06 00:00:00,-2.563721
2023.05.06 02:00:00,-2.695831
2023.05.06 04:00:00,-2.809021
2023.05.06 06:00:00,-2.959869
2023.05.06 08:00:00,-3.091827
2023.05.06 10:00:00,-3.223694
2023.05.06 12:00:00,-3.317902
2023.05.06 14:00:00,-3.336731
2023.05.06 16:00:00,-3.317902
2023.05.06 18:00:00,-3.280212
2023.05.06 20:00:00,-3.261383
2023.05.06 22:00:00,-3.280212
2023.05.07 00:00:00,-3.317902
2023.05.07 02:00:00,-3.412048
2023.05.07 04:00:00,-3.506195
2023.05.07 06:00:00,-3.619141
2023.05.07 08:00:00,-3.750854
2023.05.07 10:00:00,-3.84494
2023.05.07 12:00:00,-3.920197
2023.05.07 14:00:00,-3.920197
2023.05.07 16:00:00,-3.826111
2023.05.07 18:00:00,-3.732056
2023.05.07 20:00:00,-3.656769
2023.05.07 22:00:00,-3.619141
2023.05.08 00:00:00,-3.656769
2023.05.08 02:00:00,-3.732056
2023.05.08 04:00:00,-3.863739
2023.05.08 06:00:00,-3.995422
2023.05.08 08:00:00,-4.145874
2023.05.08 10:00:00,-4.258698
2023.05.08 12:00:00,-4.315125
2023.05.08 14:00:00,-3.769684
2023.05.08 16:00:00,-2.90332
2023.05.08 18:00:00,-2.46933
2023.05.08 20:00:00,-2.318237
2023.05.08 22:00:00,-2.261566
2023.05.09 00:00:00,-2.280457
2023.05.09 02:00:00,-2.356018
2023.05.09 04:00:00,-2.48822
2023.05.09 06:00:00,-2.658112
2023.05.09 08:00:00,-2.846741
2023.05.09 10:00:00,-2.978729
2023.05.09 12:00:00,-2.88446
2023.05.09 14:00:00,-2.185944
2023.05.09 16:00:00,-1.921173
2023.05.09 18:00:00,-1.807617
2023.05.09 20:00:00,-1.750793
2023.05.09 22:00:00,-1.750793
2023.05.10 00:00:00,-1.788666
2023.05.10 02:00:00,-1.902252
2023.05.10 04:00:00,-2.091431
2023.05.10 06:00:00,-2.299347
2023.05.10 08:00:00,-2.507111
2023.05.10 10:00:00,-2.695831
2023.05.10 12:00:00,-2.46933
2023.05.10 14:00:00,-2.053589
2023.05.10 16:00:00,-1.788666
2023.05.10 18:00:00,-1.599243
2023.05.10 20:00:00,-1.485504
2023.05.10 22:00:00,-1.390686
2023.05.11 00:00:00,-1.333771
2023.05.11 02:00:00,-1.352753
2023.05.11 04:00:00,-1.409637
2023.05.11 06:00:00,-1.523438
2023.05.11 08:00:00,-1.618195
2023.05.11 10:00:00,-1.599243
2023.05.11 12:00:00,-1.466553
2023.05.11 14:00:00,-1.333771
2023.05.11 16:00:00,-1.238861
2023.05.11 18:00:00,-1.181885
2023.05.11 20:00:00,-1.124908
2023.05.11 22:00:00,-1.086914
2023.05.12 00:00:00,-1.067932
2023.05.12 02:00:00,-1.105927
2023.05.12 04:00:00,-1.181885
2023.05.12 06:00:00,-1.295807
2023.05.12 08:00:00,-1.371704
2023.05.12 10:00:00,-1.314789
2023.05.12 12:00:00,-1.200897
2023.05.12 14:00:00,-1.124908
2023.05.12 16:00:00,-1.04892
2023.05.12 18:00:00,-0.9918823
2023.05.12 20:00:00,-0.9538574
2023.05.12 22:00:00,-0.934845
2023.05.13 00:00:00,-0.9158325
2023.05.13 02:00:00,-0.9728699
2023.05.13 04:00:00,-1.067932
2023.05.13 06:00:00,-1.181885
2023.05.13 08:00:00,-1.200897
2023.05.13 10:00:00,-1.105927
2023.05.13 12:00:00,-1.029907
2023.05.13 14:00:00,-0.9538574
2023.05.13 16:00:00,-0.8778076
2023.05.13 18:00:00,-0.8016968
2023.05.13 20:00:00,-0.7065125
2023.05.13 22:00:00,-0.6303406
2023.05.14 00:00:00,-0.5922241
2023.05.14 02:00:00,-0.6112671
2023.05.14 04:00:00,-0.6874695
2023.05.14 06:00:00,-0.7255554
2023.05.14 08:00:00,-0.6684265
2023.05.14 10:00:00,-0.5922241
2023.05.14 12:00:00,-0.5541077
2023.05.14 14:00:00,-0.5159912
2023.05.14 16:00:00,-0.4588013
2023.05.14 18:00:00,-0.4206543
2023.05.14 20:00:00,-0.3825073
2023.05.14 22:00:00,-0.3634033
2023.05.15 00:00:00,-0.3443298
2023.05.15 02:00:00,-0.3825073
2023.05.15 04:00:00,-0.4778442
2023.05.15 06:00:00,-0.5731812
2023.05.15 08:00:00,-0.5541077
2023.05.15 10:00:00,-0.4778442
2023.05.15 12:00:00,-0.4206543
2023.05.15 14:00:00,-0.3634033
2023.05.15 16:00:00,-0.3252563
2023.05.15 18:00:00,-0.2870789
2023.05.15 20:00:00,-0.2488708
2023.05.15 22:00:00,-0.2106934
2023.05.16 00:00:00,-0.2106934
2023.05.16 02:00:00,-0.2488708
2023.05.16 04:00:00,-0.3252563
2023.05.16 06:00:00,-0.3634033
2023.05.16 08:00:00,-0.3252563
2023.05.16 10:00:00,-0.2679749
2023.05.16 12:00:00,-0.2297974
2023.05.16 14:00:00,-0.2106934
2023.05.16 16:00:00,-0.1915894
2023.05.16 18:00:00,-0.1724854
2023.05.16 20:00:00,-0.1533813
2023.05.16 22:00:00,-0.1342773
2023.05.17 00:00:00,-0.1342773
2023.05.17 02:00:00,-0.1151428
2023.05.17 04:00:00,-0.1151428
2023.05.17 06:00:00,-0.1151428
2023.05.17 08:00:00,-0.1151428
2023.05.17 10:00:00,-0.1151428
2023.05.17 12:00:00,-0.09603882
2023.05.17 14:00:00,-0.1151428
2023.05.17 16:00:00,-0.09603882
2023.05.17 18:00:00,-0.09603882
2023.05.17 20:00:00,-0.09603882
2023.05.17 22:00:00,-0.07693481
2023.05.18 00:00:00,-0.07693481
2023.05.18 02:00:00,-0.07693481
2023.05.18 04:00:00,-0.07693481
2023.05.18 06:00:00,-0.07693481
2023.05.18 08:00:00,-0.07693481
2023.05.18 10:00:00,-0.07693481
2023.05.18 12:00:00,-0.05780029
2023.05.18 14:00:00,-0.05780029
2023.05.18 16:00:00,-0.05780029
2023.05.18 18:00:00,-0.05780029
2023.05.18 20:00:00,-0.05780029
2023.05.18 22:00:00,-0.05780029
2023.05.19 00:00:00,-0.05780029
2023.05.19 02:00:00,-0.05780029
2023.05.19 04:00:00,-0.05780029
2023.05.19 06:00:00,-0.03869629
2023.05.19 08:00:00,-0.05780029
2023.05.19 10:00:00,-0.03869629
2023.05.19 12:00:00,-0.03869629
2023.05.19 14:00:00,-0.03869629
2023.05.19 16:00:00,-0.03869629
2023.05.19 18:00:00,-0.03869629
2023.05.19 20:00:00,-0.03869629
2023.05.19 22:00:00,-0.03869629
2023.05.20 00:00:00,-0.03869629
2023.05.20 02:00:00,-0.03869629
2023.05.20 04:00:00,-0.03869629
2023.05.20 06:00:00,-0.03869629
2023.05.20 08:00:00,-0.03869629
2023.05.20 10:00:00,-0.03869629
2023.05.20 12:00:00,-0.01956177
2023.05.20 14:00:00,-0.01956177
2023.05.20 16:00:00,-0.03869629
2023.05.20 18:00:00,-0.03869629
2023.05.20 20:00:00,-0.01956177
2023.05.20 22:00:00,-0.03869629
2023.05.21 00:00:00,-0.01956177
2023.05.21 02:00:00,-0.03869629
2023.05.21 04:00:00,-0.01956177
2023.05.21 06:00:00,-0.01956177
2023.05.21 08:00:00,-0.01956177
2023.05.21 10:00:00,-0.01956177
2023.05.21 12:00:00,-0.03869629
2023.05.21 14:00:00,-0.01956177
2023.05.21 16:00:00,-0.01956177
2023.05.21 18:00:00,-0.01956177
2023.05.21 20:00:00,-0.01956177
2023.05.21 22:00:00,-0.03869629
2023.05.22 00:00:00,-0.03869629
2023.05.22 02:00:00,-0.01956177
2023.05.22 04:00:00,-0.01956177
2023.05.22 06:00:00,-0.01956177
2023.05.22 08:00:00,-0.01956177
2023.05.22 10:00:00,-0.01956177
2023.05.22 12:00:00,-0.01956177
2023.05.22 14:00:00,-0.01956177
2023.05.22 16:00:00,-0.01956177
2023.05.22 18:00:00,-0.01956177
2023.05.22 20:00:00,-0.03869629
2023.05.22 22:00:00,-0.01956177
2023.05.23 00:00:00,-0.01956177
2023.05.23 02:00:00,-0.01956177
2023.05.23 04:00:00,-0.01956177
2023.05.23 06:00:00,-0.01956177
2023.05.23 08:00:00,-0.01956177
2023.05.23 10:00:00,-0.01956177
2023.05.23 12:00:00,-0.01956177
2023.05.23 14:00:00,-0.01956177
2023.05.23 16:00:00,-0.01956177
2023.05.23 18:00:00,-0.01956177
2023.05.23 20:00:00,-0.01956177
2023.05.23 22:00:00,-0.01956177
2023.05.24 00:00:00,-0.01956177
2023.05.24 02:00:00,-0.01956177
2023.05.24 04:00:00,-0.01956177
2023.05.24 06:00:00,-0.01956177
2023.05.24 08:00:00,-0.01956177
2023.05.24 10:00:00,-0.01956177
2023.05.24 12:00:00,-0.01956177
2023.05.24 14:00:00,-0.01956177
2023.05.24 16:00:00,-0.01956177
2023.05.24 18:00:00,-0.01956177
2023.05.24 20:00:00,-0.01956177
2023.05.24 22:00:00,-0.01956177
2023.05.25 00:00:00,-0.01956177
2023.05.25 02:00:00,-0.01956177
2023.05.25 04:00:00,-0.01956177
2023.05.25 06:00:00,-0.01956177
2023.05.25 08:00:00,-0.01956177
2023.05.25 10:00:00,-0.01956177
2023.05.25 12:00:00,-0.01956177
2023.05.25 14:00:00,-0.01956177
2023.05.25 16:00:00,-0.01956177
2023.05.25 18:00:00,-0.01956177
2023.05.25 20:00:00,-0.01956177
2023.05.25 22:00:00,-0.01956177
2023.05.26 00:00:00,-0.01956177
2023.05.26 02:00:00,-0.01956177
2023.05.26 04:00:00,-0.01956177
2023.05.26 06:00:00,-0.01956177
2023.05.26 08:00:00,-0.01956177
2023.05.26 10:00:00,-0.01956177
2023.05.26 12:00:00,-0.01956177
2023.05.26 14:00:00,-0.01956177
2023.05.26 16:00:00,-0.01956177
2023.05.26 18:00:00,-0.01956177
2023.05.26 20:00:00,-0.01956177
2023.05.26 22:00:00,-0.01956177
2023.05.27 00:00:00,-0.01956177
2023.05.27 02:00:00,-0.01956177
2023.05.27 04:00:00,-0.01956177
2023.05.27 06:00:00,-0.01956177
2023.05.27 08:00:00,-0.01956177
2023.05.27 10:00:00,-0.01956177
2023.05.27 12:00:00,-0.01956177
2023.05.27 14:00:00,-0.01956177
2023.05.27 16:00:00,-0.01956177
2023.05.27 18:00:00,-0.01956177
2023.05.27 20:00:00,-0.01956177
2023.05.27 22:00:00,-0.01956177
2023.05.28 00:00:00,-0.01956177
2023.05.28 02:00:00,-0.01956177
2023.05.28 04:00:00,-0.01956177
2023.05.28 06:00:00,-0.01956177
2023.05.28 08:00:00,-0.01956177
2023.05.28 10:00:00,-0.01956177
2023.05.28 12:00:00,-0.01956177
2023.05.28 14:00:00,-0.01956177
2023.05.28 16:00:00,-0.01956177
2023.05.28 18:00:00,-0.01956177
2023.05.28 20:00:00,-0.01956177
2023.05.28 22:00:00,-0.01956177
2023.05.29 00:00:00,-0.01956177
2023.05.29 02:00:00,-0.01956177
2023.05.29 04:00:00,-0.01956177
2023.05.29 06:00:00,-0.01956177
2023.05.29 08:00:00,-0.01956177
2023.05.29 10:00:00,-0.01956177
2023.05.29 12:00:00,-0.01956177
2023.05.29 14:00:00,-0.01956177
2023.05.29 16:00:00,-0.01956177
2023.05.29 18:00:00,-0.01956177
2023.05.29 20:00:00,-0.01956177
2023.05.29 22:00:00,-0.01956177
2023.05.30 00:00:00,-0.01956177
2023.05.30 02:00:00,-0.01956177
2023.05.30 04:00:00,-0.01956177
2023.05.30 06:00:00,-0.01956177
2023.05.30 08:00:00,-0.01956177
2023.05.30 10:00:00,-0.01956177
2023.05.30 12:00:00,-0.01956177
2023.05.30 14:00:00,-0.01956177
2023.05.30 16:00:00,-0.01956177
2023.05.30 18:00:00,-0.01956177
2023.05.30 20:00:00,-0.01956177
2023.05.30 22:00:00,-0.01956177
2023.05.31 00:00:00,-0.01956177
2023.05.31 02:00:00,-0.01956177
2023.05.31 04:00:00,-0.01956177
2023.05.31 06:00:00,-0.01956177
2023.05.31 08:00:00,-0.01956177
2023.05.31 10:00:00,-0.01956177
2023.05.31 12:00:00,-0.01956177
2023.05.31 14:00:00,-0.01956177
2023.05.31 16:00:00,-0.01956177
2023.05.31 18:00:00,-0.01956177
2023.05.31 20:00:00,-0.01956177
2023.05.31 22:00:00,-0.01956177
2023.06.01 00:00:00,-0.01956177
2023.06.01 02:00:00,-0.01956177
2023.06.01 04:00:00,-0.01956177
2023.06.01 06:00:00,-0.01956177
2023.06.01 08:00:00,-0.01956177
2023.06.01 10:00:00,-0.01956177
2023.06.01 12:00:00,-0.01956177
2023.06.01 14:00:00,-0.01956177
2023.06.01 16:00:00,-0.01956177
2023.06.01 18:00:00,-0.01956177
2023.06.01 20:00:00,-0.01956177
2023.06.01 22:00:00,-0.01956177
2023.06.02 00:00:00,-0.01956177
2023.06.02 02:00:00,-0.01956177
2023.06.02 04:00:00,-0.01956177
2023.06.02 06:00:00,-0.01956177
2023.06.02 08:00:00,-0.01956177
2023.06.02 10:00:00,-0.01956177
2023.06.02 12:00:00,-0.01956177
2023.06.02 14:00:00,-0.01956177
2023.06.02 16:00:00,-0.01956177
2023.06.02 18:00:00,-0.01956177
2023.06.02 20:00:00,-0.01956177
2023.06.02 22:00:00,-0.01956177
2023.06.03 00:00:00,-0.01956177
2023.06.03 02:00:00,-0.01956177
2023.06.03 04:00:00,-0.01956177
2023.06.03 06:00:00,-0.01956177
2023.06.03 08:00:00,-0.01956177
2023.06.03 10:00:00,-0.01956177
2023.06.03 12:00:00,-0.01956177
2023.06.03 14:00:00,-0.01956177
2023.06.03 16:00:00,-0.01956177
2023.06.03 18:00:00,-0.01956177
2023.06.03 20:00:00,-0.01956177
2023.06.03 22:00:00,-0.01956177
2023.06.04 00:00:00,-0.01956177
2023.06.04 02:00:00,-0.01956177
2023.06.04 04:00:00,-0.01956177
2023.06.04 06:00:00,-0.01956177
2023.06.04 08:00:00,-0.01956177
2023.06.04 10:00:00,-0.01956177
2023.06.04 12:00:00,-0.01956177
2023.06.04 14:00:00,-0.01956177
2023.06.04 16:00:00,-0.01956177
2023.06.04 18:00:00,-0.01956177
2023.06.04 20:00:00,-0.01956177
2023.06.04 22:00:00,-0.01956177
2023.06.05 00:00:00,-0.01956177
2023.06.05 02:00:00,-0.01956177
2023.06.05 04:00:00,-0.01956177
2023.06.05 06:00:00,-0.01956177
2023.06.05 08:00:00,-0.01956177
2023.06.05 10:00:00,-0.01956177
2023.06.05 12:00:00,-0.01956177
2023.06.05 14:00:00,-0.01956177
2023.06.05 16:00:00,-0.01956177
2023.06.05 18:00:00,-0.01956177
2023.06.05 20:00:00,-0.01956177
2023.06.05 22:00:00,-0.01956177
2023.06.06 00:00:00,-0.01956177
2023.06.06 02:00:00,-0.01956177
2023.06.06 04:00:00,-0.01956177
2023.06.06 06:00:00,-0.01956177
2023.06.06 08:00:00,-0.01956177
2023.06.06 10:00:00,-0.01956177
2023.06.06 12:00:00,-0.01956177
2023.06.06 14:00:00,-0.01956177
2023.06.06 16:00:00,-0.01956177
2023.06.06 18:00:00,-0.01956177
2023.06.06 20:00:00,-0.01956177
2023.06.06 22:00:00,-0.01956177
2023.06.07 00:00:00,-0.01956177
2023.06.07 02:00:00,-0.01956177
2023.06.07 04:00:00,-0.01956177
2023.06.07 06:00:00,-0.01956177
2023.06.07 08:00:00,-0.01956177
2023.06.07 10:00:00,-0.01956177
2023.06.07 12:00:00,-0.01956177
2023.06.07 14:00:00,-0.01956177
2023.06.07 16:00:00,-0.01956177
2023.06.07 18:00:00,-0.01956177
2023.06.07 20:00:00,-0.01956177
2023.06.07 22:00:00,-0.01956177
2023.06.08 00:00:00,-0.01956177
2023.06.08 02:00:00,-0.01956177
2023.06.08 04:00:00,-0.01956177
2023.06.08 06:00:00,-0.01956177
2023.06.08 08:00:00,-0.01956177
2023.06.08 10:00:00,-0.01956177
2023.06.08 12:00:00,-0.01956177
2023.06.08 14:00:00,-0.01956177
2023.06.08 16:00:00,-0.01956177
2023.06.08 18:00:00,-0.01956177
2023.06.08 20:00:00,-0.01956177
2023.06.08 22:00:00,-0.01956177
2023.06.09 00:00:00,-0.01956177
2023.06.09 02:00:00,-0.01956177
2023.06.09 04:00:00,-0.01956177
2023.06.09 06:00:00,-0.01956177
2023.06.09 08:00:00,-0.01956177
2023.06.09 10:00:00,-0.01956177
2023.06.09 12:00:00,-0.01956177
2023.06.09 14:00:00,-0.0004272461
2023.06.09 16:00:00,-0.0004272461
2023.06.09 18:00:00,-0.01956177
2023.06.09 20:00:00,-0.0004272461
2023.06.09 22:00:00,-0.0004272461
2023.06.10 00:00:00,-0.0004272461
2023.06.10 02:00:00,-0.0004272461
2023.06.10 04:00:00,-0.01956177
2023.06.10 06:00:00,-0.01956177
2023.06.10 08:00:00,-0.0004272461
2023.06.10 10:00:00,-0.0004272461
2023.06.10 12:00:00,0.01870728
2023.06.10 14:00:00,0.1143799
2023.06.10 16:00:00,0.1143799
2023.06.10 18:00:00,0.1143799
2023.06.10 20:00:00,0.1335144
2023.06.10 22:00:00,0.09524536
2023.06.11 00:00:00,0.07611084
2023.06.11 02:00:00,0.03781128
2023.06.11 04:00:00,0.01870728
2023.06.11 06:00:00,-0.0004272461
2023.06.11 08:00:00,-0.0004272461
2023.06.11 10:00:00,0.09524536
2023.06.11 12:00:00,0.2292786
2023.06.11 14:00:00,0.3634338
2023.06.11 16:00:00,0.5361328
2023.06.11 18:00:00,0.6513977
2023.06.11 20:00:00,0.6706238
2023.06.11 22:00:00,0.6129761
2023.06.12 00:00:00,0.5361328
2023.06.12 02:00:00,0.4593506
2023.06.12 04:00:00,0.3634338
2023.06.12 06:00:00,0.3059387
2023.06.12 08:00:00,0.3634338
2023.06.12 10:00:00,0.5553589
2023.06.12 12:00:00,0.9207458
2023.06.12 14:00:00,1.267883
2023.06.12 16:00:00,1.229248
2023.06.12 18:00:00,1.152039
2023.06.12 20:00:00,1.017059
2023.06.12 22:00:00,0.8437195
2023.06.13 00:00:00,0.6513977
2023.06.13 02:00:00,0.4593506
2023.06.13 04:00:00,0.3251038
2023.06.13 06:00:00,0.2292786
2023.06.13 08:00:00,0.2292786
2023.06.13 10:00:00,0.6513977
2023.06.13 12:00:00,1.190643
2023.06.13 14:00:00,1.499847
2023.06.13 16:00:00,1.616028
2023.06.13 18:00:00,1.635406
2023.06.13 20:00:00,1.345154
2023.06.13 22:00:00,1.094177
2023.06.14 00:00:00,0.8822327
2023.06.14 02:00:00,0.6898499
2023.06.14 04:00:00,0.5553589
2023.06.14 06:00:00,0.4785461
2023.06.14 08:00:00,0.5745544
2023.06.14 10:00:00,0.7475281
2023.06.14 12:00:00,1.055603
2023.06.14 14:00:00,1.248566
2023.06.14 16:00:00,1.190643
2023.06.14 18:00:00,1.094177
2023.06.14 20:00:00,0.9400024
2023.06.14 22:00:00,0.7667542
2023.06.15 00:00:00,0.6129761
2023.06.15 02:00:00,0.4977417
2023.06.15 04:00:00,0.4017944
2023.06.15 06:00:00,0.3251038
2023.06.15 08:00:00,0.3634338
2023.06.15 10:00:00,0.4977417
2023.06.15 12:00:00,0.6898499
2023.06.15 14:00:00,0.959259
2023.06.15 16:00:00,1.306519
2023.06.15 18:00:00,1.38382
2023.06.15 20:00:00,1.229248
2023.06.15 22:00:00,1.036346
2023.06.16 00:00:00,0.8052368
2023.06.16 02:00:00,0.6129761
2023.06.16 04:00:00,0.4401855
2023.06.16 06:00:00,0.3059387
2023.06.16 08:00:00,0.2101135
2023.06.16 10:00:00,0.171814
2023.06.16 12:00:00,0.5169373
2023.06.16 14:00:00,1.190643
2023.06.16 16:00:00,1.771118
2023.06.16 18:00:00,2.335144
2023.06.16 20:00:00,2.491272
2023.06.16 22:00:00,2.237701
2023.06.17 00:00:00,1.887573
2023.06.17 02:00:00,1.519226
2023.06.17 04:00:00,1.209961
2023.06.17 06:00:00,0.9400024
2023.06.17 08:00:00,0.8822327
2023.06.17 10:00:00,1.190643
2023.06.17 12:00:00,1.461151
2023.06.17 14:00:00,2.413177
2023.06.17 16:00:00,2.745514
2023.06.17 18:00:00,2.569458
2023.06.17 20:00:00,2.354645
2023.06.17 22:00:00,2.04303
2023.06.18 00:00:00,1.712921
2023.06.18 02:00:00,1.422485
2023.06.18 04:00:00,1.113464
2023.06.18 06:00:00,0.8822327
2023.06.18 08:00:00,0.6898499
2023.06.18 10:00:00,0.9014893
2023.06.18 12:00:00,1.38382
2023.06.18 14:00:00,1.926422
2023.06.18 16:00:00,2.257172
2023.06.18 18:00:00,2.45224
2023.06.18 20:00:00,2.257172
2023.06.18 22:00:00,1.945831
2023.06.19 00:00:00,1.616028
2023.06.19 02:00:00,1.325836
2023.06.19 04:00:00,1.055603
2023.06.19 06:00:00,0.8629761
2023.06.19 08:00:00,0.7090759
2023.06.19 10:00:00,0.7090759
2023.06.19 12:00:00,0.9978027
2023.06.19 14:00:00,1.345154
2023.06.19 16:00:00,1.926422
2023.06.19 18:00:00,2.19873
2023.06.19 20:00:00,2.062469
2023.06.19 22:00:00,1.790527
2023.06.20 00:00:00,1.519226
2023.06.20 02:00:00,1.267883
2023.06.20 04:00:00,1.036346
2023.06.20 06:00:00,0.8437195
2023.06.20 08:00:00,0.7667542
2023.06.20 10:00:00,0.9014893
2023.06.20 12:00:00,1.190643
2023.06.20 14:00:00,1.577301
2023.06.20 16:00:00,2.101379
2023.06.20 18:00:00,2.218201
2023.06.20 20:00:00,2.02359
2023.06.20 22:00:00,1.751709
2023.06.21 00:00:00,1.480499
2023.06.21 02:00:00,1.209961
2023.06.21 04:00:00,0.9978027
2023.06.21 06:00:00,0.8244629
2023.06.21 08:00:00,0.728302
2023.06.21 10:00:00,0.9400024
2023.06.21 12:00:00,1.209961
2023.06.21 14:00:00,1.654785
2023.06.21 16:00:00,2.17926
2023.06.21 18:00:00,2.45224
2023.06.21 20:00:00,2.432709
2023.06.21 22:00:00,2.257172
2023.06.22 00:00:00,1.984711
2023.06.22 02:00:00,1.654785
2023.06.22 04:00:00,1.345154
2023.06.22 06:00:00,1.07489
2023.06.22 08:00:00,0.8822327
2023.06.22 10:00:00,0.8629761
2023.06.22 12:00:00,1.209961
2023.06.22 14:00:00,1.635406
2023.06.22 16:00:00,2.101379
2023.06.22 18:00:00,2.393677
2023.06.22 20:00:00,2.335144
2023.06.22 22:00:00,2.14032
2023.06.23 00:00:00,1.868164
2023.06.23 02:00:00,1.616028
2023.06.23 04:00:00,1.364471
2023.06.23 06:00:00,1.171356
2023.06.23 08:00:00,1.094177
2023.06.23 10:00:00,1.152039
2023.06.23 12:00:00,1.38382
2023.06.23 14:00:00,1.712921
2023.06.23 16:00:00,2.04303
2023.06.23 18:00:00,2.413177
2023.06.23 20:00:00,2.471771
2023.06.23 22:00:00,2.296143
2023.06.24 00:00:00,2.02359
2023.06.24 02:00:00,1.693542
2023.06.24 04:00:00,1.38382
2023.06.24 06:00:00,1.132751
2023.06.24 08:00:00,0.959259
2023.06.24 10:00:00,0.9785156
2023.06.24 12:00:00,1.113464
2023.06.24 14:00:00,1.461151
2023.06.24 16:00:00,1.751709
2023.06.24 18:00:00,1.945831
2023.06.24 20:00:00,1.906982
2023.06.24 22:00:00,1.654785
2023.06.25 00:00:00,1.364471
2023.06.25 02:00:00,1.07489
2023.06.25 04:00:00,0.8437195
2023.06.25 06:00:00,0.6513977
2023.06.25 08:00:00,0.4977417
2023.06.25 10:00:00,0.4593506
2023.06.25 12:00:00,0.8437195
2023.06.25 14:00:00,1.306519
2023.06.25 16:00:00,1.945831
2023.06.25 18:00:00,2.15979
2023.06.25 20:00:00,2.237701
2023.06.25 22:00:00,2.14032
2023.06.26 00:00:00,1.906982
2023.06.26 02:00:00,1.693542
2023.06.26 04:00:00,1.480499
2023.06.26 06:00:00,1.287201
2023.06.26 08:00:00,1.113464
2023.06.26 10:00:00,0.9978027
2023.06.26 12:00:00,0.9978027
2023.06.26 14:00:00,1.480499
2023.06.26 16:00:00,2.17926
2023.06.26 18:00:00,3.000427
2023.06.26 20:00:00,3.13797
2023.06.26 22:00:00,2.921936
2023.06.27 00:00:00,2.530365
2023.06.27 02:00:00,2.101379
2023.06.27 04:00:00,1.73233
2023.06.27 06:00:00,1.403137
2023.06.27 08:00:00,1.152039
2023.06.27 10:00:00,1.248566
2023.06.27 12:00:00,1.519226
2023.06.27 14:00:00,1.829315
2023.06.27 16:00:00,2.276672
2023.06.27 18:00:00,2.804291
2023.06.27 20:00:00,2.921936
2023.06.27 22:00:00,2.745514
2023.06.28 00:00:00,2.413177
2023.06.28 02:00:00,2.02359
2023.06.28 04:00:00,1.674164
2023.06.28 06:00:00,1.38382
2023.06.28 08:00:00,1.229248
2023.06.28 10:00:00,1.248566
2023.06.28 12:00:00,1.461151
2023.06.28 14:00:00,1.887573
2023.06.28 16:00:00,2.315643
2023.06.28 18:00:00,2.374176
2023.06.28 20:00:00,2.296143
2023.06.28 22:00:00,2.062469
2023.06.29 00:00:00,1.771118
2023.06.29 02:00:00,1.480499
2023.06.29 04:00:00,1.229248
2023.06.29 06:00:00,1.017059
2023.06.29 08:00:00,0.8822327
2023.06.29 10:00:00,0.9400024
2023.06.29 12:00:00,1.209961
2023.06.29 14:00:00,1.557922
2023.06.29 16:00:00,1.790527
2023.06.29 18:00:00,1.790527
2023.06.29 20:00:00,1.635406
2023.06.29 22:00:00,1.38382
2023.06.30 00:00:00,1.132751
2023.06.30 02:00:00,0.9014893
2023.06.30 04:00:00,0.7090759
2023.06.30 06:00:00,0.5553589
2023.06.30 08:00:00,0.4401855
2023.06.30 10:00:00,0.3634338
2023.06.30 12:00:00,0.4401855
2023.06.30 14:00:00,0.8052368
2023.06.30 16:00:00,1.190643
2023.06.30 18:00:00,1.325836
2023.06.30 20:00:00,1.287201
2023.06.30 22:00:00,1.190643
2023.07.01 00:00:00,1.017059
2023.07.01 02:00:00,0.8437195
2023.07.01 04:00:00,0.6706238
2023.07.01 06:00:00,0.5361328
2023.07.01 08:00:00,0.42099
2023.07.01 10:00:00,0.3442688
2023.07.01 12:00:00,0.3634338
2023.07.01 14:00:00,0.6321716
2023.07.01 16:00:00,1.055603
2023.07.01 18:00:00,1.712921
2023.07.01 20:00:00,2.00415
2023.07.01 22:00:00,1.887573
2023.07.02 00:00:00,1.654785
2023.07.02 02:00:00,1.38382
2023.07.02 04:00:00,1.132751
2023.07.02 06:00:00,0.9207458
2023.07.02 08:00:00,0.7667542
2023.07.02 10:00:00,0.728302
2023.07.02 12:00:00,1.132751
2023.07.02 14:00:00,1.519226
2023.07.02 16:00:00,2.00415
2023.07.02 18:00:00,2.745514
2023.07.02 20:00:00,3.059357
2023.07.02 22:00:00,2.961182
2023.07.03 00:00:00,2.686798
2023.07.03 02:00:00,2.374176
2023.07.03 04:00:00,2.04303
2023.07.03 06:00:00,1.73233
2023.07.03 08:00:00,1.577301
2023.07.03 10:00:00,1.693542
2023.07.03 12:00:00,1.712921
2023.07.03 14:00:00,2.04303
2023.07.03 16:00:00,2.471771
2023.07.03 18:00:00,2.745514
2023.07.03 20:00:00,2.725952
2023.07.03 22:00:00,2.510834
2023.07.04 00:00:00,2.237701
2023.07.04 02:00:00,1.965271
2023.07.04 04:00:00,1.674164
2023.07.04 06:00:00,1.422485
2023.07.04 08:00:00,1.209961
2023.07.04 10:00:00,1.171356
2023.07.04 12:00:00,1.38382
2023.07.04 14:00:00,1.654785
2023.07.04 16:00:00,2.08194
2023.07.04 18:00:00,2.335144
2023.07.04 20:00:00,2.315643
2023.07.04 22:00:00,2.15979
2023.07.05 00:00:00,1.945831
2023.07.05 02:00:00,1.73233
2023.07.05 04:00:00,1.480499
2023.07.05 06:00:00,1.287201
2023.07.05 08:00:00,1.248566
2023.07.05 10:00:00,1.345154
2023.07.05 12:00:00,1.441833
2023.07.05 14:00:00,1.712921
2023.07.05 16:00:00,1.965271
2023.07.05 18:00:00,2.569458
2023.07.05 20:00:00,2.784698
2023.07.05 22:00:00,2.667236
2023.07.06 00:00:00,2.393677
2023.07.06 02:00:00,2.062469
2023.07.06 04:00:00,1.73233
2023.07.06 06:00:00,1.441833
2023.07.06 08:00:00,1.287201
2023.07.06 10:00:00,1.345154
2023.07.06 12:00:00,1.345154
2023.07.06 14:00:00,1.461151
2023.07.06 16:00:00,1.926422
2023.07.06 18:00:00,2.393677
2023.07.06 20:00:00,2.628113
2023.07.06 22:00:00,2.549896
2023.07.07 00:00:00,2.296143
2023.07.07 02:00:00,2.00415
2023.07.07 04:00:00,1.693542
2023.07.07 06:00:00,1.441833
2023.07.07 08:00:00,1.345154
2023.07.07 10:00:00,1.38382
2023.07.07 12:00:00,1.616028
2023.07.07 14:00:00,1.848724
2023.07.07 16:00:00,2.276672
2023.07.07 18:00:00,2.608551
2023.07.07 20:00:00,2.549896
2023.07.07 22:00:00,2.335144
2023.07.08 00:00:00,2.101379
2023.07.08 02:00:00,1.887573
2023.07.08 04:00:00,1.635406
2023.07.08 06:00:00,1.403137
2023.07.08 08:00:00,1.229248
2023.07.08 10:00:00,1.364471
2023.07.08 12:00:00,1.693542
2023.07.08 14:00:00,2.14032
2023.07.08 16:00:00,2.354645
2023.07.08 18:00:00,2.276672
2023.07.08 20:00:00,2.15979
2023.07.08 22:00:00,2.00415
2023.07.09 00:00:00,1.771118
2023.07.09 02:00:00,1.519226
2023.07.09 04:00:00,1.267883
2023.07.09 06:00:00,1.036346
2023.07.09 08:00:00,0.8822327
2023.07.09 10:00:00,0.9207458
2023.07.09 12:00:00,1.094177
2023.07.09 14:00:00,1.229248
2023.07.09 16:00:00,1.403137
2023.07.09 18:00:00,1.868164
2023.07.09 20:00:00,2.08194
2023.07.09 22:00:00,1.984711
2023.07.10 00:00:00,1.790527
2023.07.10 02:00:00,1.557922
2023.07.10 04:00:00,1.325836
2023.07.10 06:00:00,1.132751
2023.07.10 08:00:00,1.017059
2023.07.10 10:00:00,1.248566
2023.07.10 12:00:00,1.751709
2023.07.10 14:00:00,1.906982
2023.07.10 16:00:00,2.296143
2023.07.10 18:00:00,2.530365
2023.07.10 20:00:00,2.510834
2023.07.10 22:00:00,2.335144
2023.07.11 00:00:00,2.062469
2023.07.11 02:00:00,1.751709
2023.07.11 04:00:00,1.499847
2023.07.11 06:00:00,1.306519
2023.07.11 08:00:00,1.229248
2023.07.11 10:00:00,7.751831
2023.07.11 12:00:00,8.742859
2023.07.11 14:00:00,8.551819
2023.07.11 16:00:00,8.742859
2023.07.11 18:00:00,6.591034
2023.07.11 20:00:00,4.325623
2023.07.11 22:00:00,2.765106
2023.07.12 00:00:00,1.693542
2023.07.12 02:00:00,0.8052368
2023.07.12 04:00:00,0.3251038
2023.07.12 06:00:00,0.5361328
2023.07.12 08:00:00,3.177307
2023.07.12 10:00:00,7.459656
2023.07.12 12:00:00,11.35413
2023.07.12 14:00:00,11.93729
2023.07.12 16:00:00,12.18607
2023.07.12 18:00:00,9.405701
2023.07.12 20:00:00,6.508881
2023.07.12 22:00:00,4.585144
2023.07.13 00:00:00,3.374237
2023.07.13 02:00:00,2.432709
2023.07.13 04:00:00,1.906982
2023.07.13 06:00:00,1.945831
2023.07.13 08:00:00,4.585144
2023.07.13 10:00:00,9.578033
2023.07.13 12:00:00,10.97638
2023.07.13 14:00:00,11.73465
2023.07.13 16:00:00,11.80209
2023.07.13 18:00:00,9.534912
2023.07.13 20:00:00,7.003235
2023.07.13 22:00:00,5.389069
2023.07.14 00:00:00,4.305695
2023.07.14 02:00:00,3.611115
2023.07.14 04:00:00,3.157623
2023.07.14 06:00:00,3.29541
2023.07.14 08:00:00,7.459656
2023.07.14 10:00:00,10.44772
2023.07.14 12:00:00,11.82462
2023.07.14 14:00:00,11.44339
2023.07.14 16:00:00,12.14075
2023.07.14 18:00:00,8.849274
2023.07.14 20:00:00,6.591034
2023.07.14 22:00:00,5.8349
2023.07.15 00:00:00,4.945892
2023.07.15 02:00:00,3.709991
2023.07.15 04:00:00,3.000427
2023.07.15 06:00:00,3.413666
2023.07.15 08:00:00,7.127411
2023.07.15 10:00:00,9.815826
2023.07.15 12:00:00,13.12476
2023.07.15 14:00:00,13.37976
2023.07.15 16:00:00,12.84811
2023.07.15 18:00:00,10.55743
2023.07.15 20:00:00,7.814606
2023.07.15 22:00:00,6.324432
2023.07.16 00:00:00,5.5914
2023.07.16 02:00:00,4.645142
2023.07.16 04:00:00,3.868439
2023.07.16 06:00:00,3.967621
2023.07.16 08:00:00,7.272552
2023.07.16 10:00:00,12.34506
2023.07.16 12:00:00,13.40302
2023.07.16 14:00:00,13.05545
2023.07.16 16:00:00,11.17603
2023.07.16 18:00:00,9.599609
2023.07.16 20:00:00,7.856506
2023.07.16 22:00:00,7.085999
2023.07.17 00:00:00,6.467865
2023.07.17 02:00:00,5.91626
2023.07.17 04:00:00,5.713043
2023.07.17 06:00:00,6.160889
2023.07.17 08:00:00,6.714417
2023.07.17 10:00:00,7.522156
2023.07.17 12:00:00,7.919373
2023.07.17 14:00:00,7.647339
2023.07.17 16:00:00,7.334869
2023.07.17 18:00:00,5.895905
2023.07.17 20:00:00,4.565155
2023.07.17 22:00:00,3.315094
2023.07.18 00:00:00,2.569458
2023.07.18 02:00:00,1.868164
2023.07.18 04:00:00,1.364471
2023.07.18 06:00:00,1.171356
2023.07.18 08:00:00,4.365479
2023.07.18 10:00:00,8.319153
2023.07.18 12:00:00,10.62335
2023.07.18 14:00:00,11.19824
2023.07.18 16:00:00,11.08719
2023.07.18 18:00:00,8.636658
2023.07.18 20:00:00,6.65271
2023.07.18 22:00:00,5.288116
2023.07.19 00:00:00,4.465271
2023.07.19 02:00:00,4.086792
2023.07.19 04:00:00,4.166321
2023.07.19 06:00:00,5.368866
2023.07.19 08:00:00,5.611633
2023.07.19 10:00:00,7.940369
2023.07.19 12:00:00,8.594238
2023.07.19 14:00:00,8.657867
2023.07.19 16:00:00,8.488281
2023.07.19 18:00:00,7.085999
2023.07.19 20:00:00,6.263062
2023.07.19 22:00:00,5.713043
2023.07.20 00:00:00,5.247772
2023.07.20 02:00:00,4.805389
2023.07.20 04:00:00,4.545166
2023.07.20 06:00:00,4.405396
2023.07.20 08:00:00,2.863098
2023.07.20 10:00:00,4.385437
2023.07.20 12:00:00,5.510406
2023.07.20 14:00:00,5.571136
2023.07.20 16:00:00,4.86557
2023.07.20 18:00:00,3.80899
2023.07.20 20:00:00,3.157623
2023.07.20 22:00:00,2.725952
2023.07.21 00:00:00,2.393677
2023.07.21 02:00:00,2.14032
2023.07.21 04:00:00,2.15979
2023.07.21 06:00:00,2.725952
2023.07.21 08:00:00,4.047028
2023.07.21 10:00:00,4.925812
2023.07.21 12:00:00,9.945984
2023.07.21 14:00:00,12.50455
2023.07.21 16:00:00,9.319763
2023.07.21 18:00:00,7.41803
2023.07.21 20:00:00,6.058838
2023.07.21 22:00:00,5.126862
2023.07.22 00:00:00,4.206116
2023.07.22 02:00:00,3.157623
2023.07.22 04:00:00,2.530365
2023.07.22 06:00:00,2.725952
2023.07.22 08:00:00,6.529419
2023.07.22 10:00:00,8.76413
2023.07.22 12:00:00,7.877441
2023.07.22 14:00:00,6.735016
2023.07.22 16:00:00,6.222168
2023.07.22 18:00:00,5.006165
2023.07.22 20:00:00,4.066895
2023.07.22 22:00:00,3.29541
2023.07.23 00:00:00,2.471771
2023.07.23 02:00:00,1.965271
2023.07.23 04:00:00,1.557922
2023.07.23 06:00:00,1.557922
2023.07.23 08:00:00,4.285767
2023.07.23 10:00:00,8.108429
2023.07.23 12:00:00,9.148224
2023.07.23 14:00:00,8.150513
2023.07.23 16:00:00,7.856506
2023.07.23 18:00:00,6.65271
2023.07.23 20:00:00,5.187317
2023.07.23 22:00:00,4.585144
2023.07.24 00:00:00,3.453125
2023.07.24 02:00:00,2.510834
2023.07.24 04:00:00,1.965271
2023.07.24 06:00:00,2.15979
2023.07.24 08:00:00,4.72522
2023.07.24 10:00:00,7.210297
2023.07.24 12:00:00,9.084015
2023.07.24 14:00:00,9.664398
2023.07.24 16:00:00,8.934509
2023.07.24 18:00:00,6.591034
2023.07.24 20:00:00,4.525177
2023.07.24 22:00:00,4.245941
2023.07.25 00:00:00,3.472839
2023.07.25 02:00:00,2.765106
2023.07.25 04:00:00,2.588989
2023.07.25 06:00:00,4.027161
2023.07.25 08:00:00,6.263062
2023.07.25 10:00:00,7.814606
2023.07.25 12:00:00,7.668213
2023.07.25 14:00:00,7.480499
2023.07.25 16:00:00,6.632141
2023.07.25 18:00:00,5.429504
2023.07.25 20:00:00,4.086792
2023.07.25 22:00:00,3.020081
2023.07.26 00:00:00,2.413177
2023.07.26 02:00:00,1.829315
2023.07.26 04:00:00,1.403137
2023.07.26 06:00:00,1.325836
2023.07.26 08:00:00,4.206116
2023.07.26 10:00:00,7.709991
2023.07.26 12:00:00,10.51352
2023.07.26 14:00:00,10.29453
2023.07.26 16:00:00,8.679108
2023.07.26 18:00:00,7.065308
2023.07.26 20:00:00,5.490173
2023.07.26 22:00:00,4.265839
2023.07.27 00:00:00,3.927917
2023.07.27 02:00:00,3.611115
2023.07.27 04:00:00,3.690216
2023.07.27 06:00:00,4.685181
2023.07.27 08:00:00,5.713043
2023.07.27 10:00:00,7.751831
2023.07.27 12:00:00,8.700348
2023.07.27 14:00:00,9.686005
2023.07.27 16:00:00,7.626434
2023.07.27 18:00:00,6.181305
2023.07.27 20:00:00,4.665161
2023.07.27 22:00:00,3.591339
2023.07.28 00:00:00,2.725952
2023.07.28 02:00:00,2.15979
2023.07.28 04:00:00,1.73233
2023.07.28 06:00:00,2.374176
2023.07.28 08:00:00,4.585144
2023.07.28 10:00:00,6.879303
2023.07.28 12:00:00,8.045349
2023.07.28 14:00:00,8.382538
2023.07.28 16:00:00,8.488281
2023.07.28 18:00:00,6.632141
2023.07.28 20:00:00,4.945892
2023.07.28 22:00:00,3.769379
2023.07.29 00:00:00,2.765106
2023.07.29 02:00:00,2.04303
2023.07.29 04:00:00,1.480499
2023.07.29 06:00:00,1.480499
2023.07.29 08:00:00,3.453125
2023.07.29 10:00:00,6.406342
2023.07.29 12:00:00,9.019897
2023.07.29 14:00:00,8.870575
2023.07.29 16:00:00,9.126831
2023.07.29 18:00:00,7.044617
2023.07.29 20:00:00,4.925812
2023.07.29 22:00:00,3.67041
2023.07.30 00:00:00,2.823883
2023.07.30 02:00:00,2.101379
2023.07.30 04:00:00,1.616028
2023.07.30 06:00:00,1.712921
2023.07.30 08:00:00,3.927917
2023.07.30 10:00:00,6.058838
2023.07.30 12:00:00,8.551819
2023.07.30 14:00:00,8.594238
2023.07.30 16:00:00,6.961914
2023.07.30 18:00:00,5.328491
2023.07.30 20:00:00,3.80899
2023.07.30 22:00:00,2.88269
2023.07.31 00:00:00,2.19873
2023.07.31 02:00:00,1.751709
2023.07.31 04:00:00,1.248566
2023.07.31 06:00:00,1.113464
2023.07.31 08:00:00,3.177307
2023.07.31 10:00:00,6.796814
2023.07.31 12:00:00,7.168854
2023.07.31 14:00:00,9.729248
2023.07.31 16:00:00,9.148224
2023.07.31 18:00:00,7.085999
2023.07.31 20:00:00,5.247772
2023.07.31 22:00:00,4.086792
2023.08.01 00:00:00,3.157623
2023.08.01 02:00:00,2.237701
2023.08.01 04:00:00,1.538574
2023.08.01 06:00:00,1.848724
2023.08.01 08:00:00,3.828796
2023.08.01 10:00:00,6.529419
2023.08.01 12:00:00,8.849274
2023.08.01 14:00:00,9.772522
2023.08.01 16:00:00,9.191071
2023.08.01 18:00:00,7.065308
2023.08.01 20:00:00,5.207458
2023.08.01 22:00:00,3.908081
2023.08.02 00:00:00,2.961182
2023.08.02 02:00:00,2.19873
2023.08.02 04:00:00,1.809906
2023.08.02 06:00:00,2.686798
2023.08.02 08:00:00,3.868439
2023.08.02 10:00:00,2.843475
2023.08.02 12:00:00,4.305695
2023.08.02 14:00:00,7.501312
2023.08.02 16:00:00,6.961914
2023.08.02 18:00:00,5.046387
2023.08.02 20:00:00,3.987457
2023.08.02 22:00:00,2.843475
2023.08.03 00:00:00,1.945831
2023.08.03 02:00:00,1.325836
2023.08.03 04:00:00,0.8437195
2023.08.03 06:00:00,0.6706238
2023.08.03 08:00:00,2.237701
2023.08.03 10:00:00,6.714417
2023.08.03 12:00:00,9.384216
2023.08.03 14:00:00,10.229
2023.08.03 16:00:00,8.594238
2023.08.03 18:00:00,6.426849
2023.08.03 20:00:00,4.425323
2023.08.03 22:00:00,3.177307
2023.08.04 00:00:00,2.335144
2023.08.04 02:00:00,1.577301
2023.08.04 04:00:00,1.152039
2023.08.04 06:00:00,1.209961
2023.08.04 08:00:00,3.80899
2023.08.04 10:00:00,8.53064
2023.08.04 12:00:00,11.51047
2023.08.04 14:00:00,10.14175
2023.08.04 16:00:00,9.405701
2023.08.04 18:00:00,7.189575
2023.08.04 20:00:00,6.140472
2023.08.04 22:00:00,5.066498
2023.08.05 00:00:00,4.445282
2023.08.05 02:00:00,4.206116
2023.08.05 04:00:00,3.80899
2023.08.05 06:00:00,3.888275
2023.08.05 08:00:00,5.490173
2023.08.05 10:00:00,7.231049
2023.08.05 12:00:00,10.05466
2023.08.05 14:00:00,9.534912
2023.08.05 16:00:00,7.438843
2023.08.05 18:00:00,5.571136
2023.08.05 20:00:00,4.126526
2023.08.05 22:00:00,3.157623
2023.08.06 00:00:00,2.588989
2023.08.06 02:00:00,2.218201
2023.08.06 04:00:00,1.790527
2023.08.06 06:00:00,1.712921
2023.08.06 08:00:00,4.027161
2023.08.06 10:00:00,5.977325
2023.08.06 12:00:00,7.563843
2023.08.06 14:00:00,7.085999
2023.08.06 16:00:00,6.385864
2023.08.06 18:00:00,5.086609
2023.08.06 20:00:00,3.888275
2023.08.06 22:00:00,3.354523
2023.08.07 00:00:00,2.667236
2023.08.07 02:00:00,2.08194
2023.08.07 04:00:00,1.771118
2023.08.07 06:00:00,2.765106
2023.08.07 08:00:00,4.206116
2023.08.07 10:00:00,5.672455
2023.08.07 12:00:00,4.585144
2023.08.07 14:00:00,4.86557
2023.08.07 16:00:00,4.106659
2023.08.07 18:00:00,2.686798
2023.08.07 20:00:00,2.14032
2023.08.07 22:00:00,1.848724
2023.08.08 00:00:00,1.616028
2023.08.08 02:00:00,1.441833
2023.08.08 04:00:00,1.267883
2023.08.08 06:00:00,1.229248
2023.08.08 08:00:00,1.267883
2023.08.08 10:00:00,3.453125
2023.08.08 12:00:00,5.733337
2023.08.08 14:00:00,6.65271
2023.08.08 16:00:00,5.997711
2023.08.08 18:00:00,4.007324
2023.08.08 20:00:00,2.647675
2023.08.08 22:00:00,1.674164
2023.08.09 00:00:00,1.190643
2023.08.09 02:00:00,0.9400024
2023.08.09 04:00:00,0.7475281
2023.08.09 06:00:00,1.190643
2023.08.09 08:00:00,2.765106
2023.08.09 10:00:00,5.409271
2023.08.09 12:00:00,7.898407
2023.08.09 14:00:00,8.424805
2023.08.09 16:00:00,7.314087
2023.08.09 18:00:00,5.147003
2023.08.09 20:00:00,3.472839
2023.08.09 22:00:00,2.02359
2023.08.10 00:00:00,1.38382
2023.08.10 02:00:00,0.8052368
2023.08.10 04:00:00,0.4593506
2023.08.10 06:00:00,0.42099
2023.08.10 08:00:00,2.471771
2023.08.10 10:00:00,8.573029
2023.08.10 12:00:00,8.045349
2023.08.10 14:00:00,7.397247
2023.08.10 16:00:00,6.570496
2023.08.10 18:00:00,4.805389
2023.08.10 20:00:00,3.472839
2023.08.10 22:00:00,2.549896
2023.08.11 00:00:00,1.965271
2023.08.11 02:00:00,1.422485
2023.08.11 04:00:00,1.055603
2023.08.11 06:00:00,1.036346
2023.08.11 08:00:00,3.908081
2023.08.11 10:00:00,5.247772
2023.08.11 12:00:00,6.899963
2023.08.11 14:00:00,6.181305
2023.08.11 16:00:00,5.733337
2023.08.11 18:00:00,4.206116
2023.08.11 20:00:00,2.804291
2023.08.11 22:00:00,1.887573
2023.08.12 00:00:00,1.248566
2023.08.12 02:00:00,0.728302
2023.08.12 04:00:00,0.3442688
2023.08.12 06:00:00,0.3826294
2023.08.12 08:00:00,1.654785
2023.08.12 10:00:00,4.166321
2023.08.12 12:00:00,7.584717
2023.08.12 14:00:00,8.045349
2023.08.12 16:00:00,6.879303
2023.08.12 18:00:00,5.026276
2023.08.12 20:00:00,3.630859
2023.08.12 22:00:00,2.765106
2023.08.13 00:00:00,2.04303
2023.08.13 02:00:00,1.190643
2023.08.13 04:00:00,0.6898499
2023.08.13 06:00:00,0.8437195
2023.08.13 08:00:00,1.73233
2023.08.13 10:00:00,3.987457
2023.08.13 12:00:00,6.673279
2023.08.13 14:00:00,8.806671
2023.08.13 16:00:00,7.438843
2023.08.13 18:00:00,4.405396
2023.08.13 20:00:00,2.70636
2023.08.13 22:00:00,0.9400024
2023.08.14 00:00:00,0.6129761
2023.08.14 02:00:00,-0.01956177
2023.08.14 04:00:00,0.03781128
2023.08.14 06:00:00,0.3826294
2023.08.14 08:00:00,1.596649
2023.08.14 10:00:00,3.709991
2023.08.14 12:00:00,6.385864
2023.08.14 14:00:00,8.7854
2023.08.14 16:00:00,6.735016
2023.08.14 18:00:00,4.285767
2023.08.14 20:00:00,2.569458
2023.08.14 22:00:00,1.248566
2023.08.15 00:00:00,0.3442688
2023.08.15 02:00:00,-0.6874695
2023.08.15 04:00:00,-0.4969177
2023.08.15 06:00:00,-0.2488708
2023.08.15 08:00:00,0.5745544
2023.08.15 10:00:00,3.216644
2023.08.15 12:00:00,6.467865
2023.08.15 14:00:00,8.636658
2023.08.15 16:00:00,6.941254
2023.08.15 18:00:00,3.789185
2023.08.15 20:00:00,2.393677
2023.08.15 22:00:00,1.152039
2023.08.16 00:00:00,0.01870728
2023.08.16 02:00:00,-0.4397278
2023.08.16 04:00:00,-0.7826538
2023.08.16 06:00:00,-0.5159912
2023.08.16 08:00:00,0.9400024
2023.08.16 10:00:00,3.532074
2023.08.16 12:00:00,3.393951
2023.08.16 14:00:00,5.53064
2023.08.16 16:00:00,4.986053
2023.08.16 18:00:00,3.650635
2023.08.16 20:00:00,2.14032
2023.08.16 22:00:00,0.9785156
2023.08.17 00:00:00,0.1526794
2023.08.17 02:00:00,-0.3443298
2023.08.17 04:00:00,-0.5541077
2023.08.17 06:00:00,-0.4588013
2023.08.17 08:00:00,1.868164
2023.08.17 10:00:00,8.087402
2023.08.17 12:00:00,8.615448
2023.08.17 14:00:00,7.231049
2023.08.17 16:00:00,5.389069
2023.08.17 18:00:00,3.769379
2023.08.17 20:00:00,2.784698
2023.08.17 22:00:00,2.04303
2023.08.18 00:00:00,1.345154
2023.08.18 02:00:00,0.8244629
2023.08.18 04:00:00,0.2867737
2023.08.18 06:00:00,0.2867737
2023.08.18 08:00:00,2.745514
2023.08.18 10:00:00,3.591339
2023.08.18 12:00:00,2.374176
2023.08.18 14:00:00,2.335144
2023.08.18 16:00:00,1.751709
2023.08.18 18:00:00,1.094177
2023.08.18 20:00:00,0.6513977
2023.08.18 22:00:00,0.2292786
2023.08.19 00:00:00,-0.1151428
2023.08.19 02:00:00,-0.4588013
2023.08.19 04:00:00,-0.6493835
2023.08.19 06:00:00,-0.5541077
2023.08.19 08:00:00,-0.0004272461
2023.08.19 10:00:00,5.611633
2023.08.19 12:00:00,7.438843
2023.08.19 14:00:00,8.76413
2023.08.19 16:00:00,7.940369
2023.08.19 18:00:00,5.449707
2023.08.19 20:00:00,3.611115
2023.08.19 22:00:00,2.374176
2023.08.20 00:00:00,1.461151
2023.08.20 02:00:00,1.596649
2023.08.20 04:00:00,1.538574
2023.08.20 06:00:00,2.765106
2023.08.20 08:00:00,6.160889
2023.08.20 10:00:00,9.04126
2023.08.20 12:00:00,7.397247
2023.08.20 14:00:00,9.859161
2023.08.20 16:00:00,8.488281
2023.08.20 18:00:00,6.34491
2023.08.20 20:00:00,4.74527
2023.08.20 22:00:00,3.512329
2023.08.21 00:00:00,2.45224
2023.08.21 02:00:00,2.393677
2023.08.21 04:00:00,1.829315
2023.08.21 06:00:00,2.17926
2023.08.21 08:00:00,4.885651
2023.08.21 10:00:00,7.044617
2023.08.21 12:00:00,7.898407
2023.08.21 14:00:00,9.924255
2023.08.21 16:00:00,8.298065
2023.08.21 18:00:00,6.263062
2023.08.21 20:00:00,4.72522
2023.08.21 22:00:00,3.67041
2023.08.22 00:00:00,2.745514
2023.08.22 02:00:00,2.218201
2023.08.22 04:00:00,1.809906
2023.08.22 06:00:00,2.686798
2023.08.22 08:00:00,4.385437
2023.08.22 10:00:00,4.325623
2023.08.22 12:00:00,5.409271
2023.08.22 14:00:00,8.213715
2023.08.22 16:00:00,6.632141
2023.08.22 18:00:00,4.805389
2023.08.22 20:00:00,3.354523
2023.08.22 22:00:00,2.374176
2023.08.23 00:00:00,1.577301
2023.08.23 02:00:00,0.959259
2023.08.23 04:00:00,0.4977417
2023.08.23 06:00:00,0.42099
2023.08.23 08:00:00,1.345154
2023.08.23 10:00:00,4.505188
2023.08.23 12:00:00,6.140472
2023.08.23 14:00:00,6.714417
2023.08.23 16:00:00,5.086609
2023.08.23 18:00:00,3.828796
2023.08.23 20:00:00,2.374176
2023.08.23 22:00:00,1.422485
2023.08.24 00:00:00,0.8437195
2023.08.24 02:00:00,0.4017944
2023.08.24 04:00:00,0.03781128
2023.08.24 06:00:00,-0.01956177
2023.08.24 08:00:00,0.3634338
2023.08.24 10:00:00,4.186218
2023.08.24 12:00:00,4.86557
2023.08.24 14:00:00,6.09964
2023.08.24 16:00:00,5.006165
2023.08.24 18:00:00,3.413666
2023.08.24 20:00:00,1.945831
2023.08.24 22:00:00,1.055603
2023.08.25 00:00:00,0.5361328
2023.08.25 02:00:00,0.190979
2023.08.25 04:00:00,-0.09603882
2023.08.25 06:00:00,-0.1342773
2023.08.25 08:00:00,1.557922
2023.08.25 10:00:00,6.201721
2023.08.25 12:00:00,6.714417
2023.08.25 14:00:00,6.079254
2023.08.25 16:00:00,4.986053
2023.08.25 18:00:00,3.43338
2023.08.25 20:00:00,2.45224
2023.08.25 22:00:00,1.926422
2023.08.26 00:00:00,1.596649
2023.08.26 02:00:00,1.364471
2023.08.26 04:00:00,1.209961
2023.08.26 06:00:00,1.07489
2023.08.26 08:00:00,0.959259
2023.08.26 10:00:00,0.8822327
2023.08.26 12:00:00,0.8052368
2023.08.26 14:00:00,0.7090759
2023.08.26 16:00:00,0.6321716
2023.08.26 18:00:00,0.5745544
2023.08.26 20:00:00,0.5169373
2023.08.26 22:00:00,0.4785461
2023.08.27 00:00:00,0.4401855
2023.08.27 02:00:00,0.42099
2023.08.27 04:00:00,0.3826294
2023.08.27 06:00:00,0.3634338
2023.08.27 08:00:00,0.3634338
2023.08.27 10:00:00,0.3442688
2023.08.27 12:00:00,0.2484436
2023.08.27 14:00:00,0.2292786
2023.08.27 16:00:00,0.171814
2023.08.27 18:00:00,0.1526794
2023.08.27 20:00:00,0.1526794
2023.08.27 22:00:00,0.1526794
2023.08.28 00:00:00,0.1526794
2023.08.28 02:00:00,0.1526794
2023.08.28 04:00:00,0.1526794
2023.08.28 06:00:00,0.1526794
2023.08.28 08:00:00,0.1335144
2023.08.28 10:00:00,0.1335144
2023.08.28 12:00:00,0.1335144
2023.08.28 14:00:00,0.1143799
2023.08.28 16:00:00,0.1143799
2023.08.28 18:00:00,0.09524536
2023.08.28 20:00:00,0.07611084
2023.08.28 22:00:00,0.07611084
2023.08.29 00:00:00,0.07611084
2023.08.29 02:00:00,0.07611084
2023.08.29 04:00:00,0.03781128
2023.08.29 06:00:00,0.01870728
2023.08.29 08:00:00,-0.0004272461
2023.08.29 10:00:00,-0.01956177
2023.08.29 12:00:00,-0.01956177
2023.08.29 14:00:00,-0.0004272461
2023.08.29 16:00:00,-0.0004272461
2023.08.29 18:00:00,-0.0004272461
2023.08.29 20:00:00,-0.0004272461
2023.08.29 22:00:00,-0.0004272461
2023.08.30 00:00:00,-0.0004272461
2023.08.30 02:00:00,-0.03869629
2023.08.30 04:00:00,-0.05780029
2023.08.30 06:00:00,-0.09603882
2023.08.30 08:00:00,-0.2488708
2023.08.30 10:00:00,-0.1151428
2023.08.30 12:00:00,-0.03869629
2023.08.30 14:00:00,-0.01956177
2023.08.30 16:00:00,-0.01956177
2023.08.30 18:00:00,-0.01956177
2023.08.30 20:00:00,-0.01956177
2023.08.30 22:00:00,-0.01956177
2023.08.31 00:00:00,-0.01956177
2023.08.31 02:00:00,-0.01956177
2023.08.31 04:00:00,-0.01956177
2023.08.31 06:00:00,-0.03869629
2023.08.31 08:00:00,-0.03869629
2023.08.31 10:00:00,-0.01956177
2023.08.31 12:00:00,-0.01956177
2023.08.31 14:00:00,-0.01956177
2023.08.31 16:00:00,-0.01956177
2023.08.31 18:00:00,-0.01956177
2023.08.31 20:00:00,-0.01956177
2023.08.31 22:00:00,-0.09603882
2023.09.01 00:00:00,-0.1915894
2023.09.01 02:00:00,-0.1151428
2023.09.01 04:00:00,-0.07693481
2023.09.01 06:00:00,-0.07693481
2023.09.01 08:00:00,-0.01956177
2023.09.01 10:00:00,1.771118
2023.09.01 12:00:00,6.755615
2023.09.01 14:00:00,8.594238
2023.09.01 16:00:00,5.91626
2023.09.01 18:00:00,3.789185
2023.09.01 20:00:00,2.471771
2023.09.01 22:00:00,1.577301
2023.09.02 00:00:00,0.6513977
2023.09.02 02:00:00,0.4977417
2023.09.02 04:00:00,0.2101135
2023.09.02 06:00:00,0.6129761
2023.09.02 08:00:00,3.987457
2023.09.02 10:00:00,5.79425
2023.09.02 12:00:00,8.213715
2023.09.02 14:00:00,8.150513
2023.09.02 16:00:00,6.776215
2023.09.02 18:00:00,4.285767
2023.09.02 20:00:00,2.784698
2023.09.02 22:00:00,0.9207458
2023.09.03 00:00:00,0.4017944
2023.09.03 02:00:00,-0.1342773
2023.09.03 04:00:00,0.07611084
2023.09.03 06:00:00,0.0569458
2023.09.03 08:00:00,1.616028
2023.09.03 10:00:00,6.160889
2023.09.03 12:00:00,6.549957
2023.09.03 14:00:00,4.186218
2023.09.03 16:00:00,2.863098
2023.09.03 18:00:00,1.984711
2023.09.03 20:00:00,0.9785156
2023.09.03 22:00:00,0.728302
2023.09.04 00:00:00,0.6898499
2023.09.04 02:00:00,0.4401855
2023.09.04 04:00:00,0.3634338
2023.09.04 06:00:00,0.4017944
2023.09.04 08:00:00,1.345154
2023.09.04 10:00:00,4.645142
2023.09.04 12:00:00,4.925812
2023.09.04 14:00:00,5.207458
2023.09.04 16:00:00,3.13797
2023.09.04 18:00:00,2.276672
2023.09.04 20:00:00,1.809906
2023.09.04 22:00:00,1.499847
2023.09.05 00:00:00,1.306519
2023.09.05 02:00:00,1.113464
2023.09.05 04:00:00,0.9785156
2023.09.05 06:00:00,0.8822327
2023.09.05 08:00:00,0.7859802
2023.09.05 10:00:00,0.7090759
2023.09.05 12:00:00,0.6129761
2023.09.05 14:00:00,0.5553589
2023.09.05 16:00:00,0.5169373
2023.09.05 18:00:00,0.4017944
2023.09.05 20:00:00,0.171814
2023.09.05 22:00:00,-0.1915894
2023.09.06 00:00:00,-0.5541077
2023.09.06 02:00:00,-0.8397522
2023.09.06 04:00:00,-1.124908
2023.09.06 06:00:00,-1.276825
2023.09.06 08:00:00,-0.8207092
2023.09.06 10:00:00,-0.1724854
2023.09.06 12:00:00,0.728302
2023.09.06 14:00:00,1.906982
2023.09.06 16:00:00,0.9014893
2023.09.06 18:00:00,0.1143799
2023.09.06 20:00:00,-0.09603882
2023.09.06 22:00:00,-0.2679749
2023.09.07 00:00:00,-0.4588013
2023.09.07 02:00:00,-0.5541077
2023.09.07 04:00:00,-0.4969177
2023.09.07 06:00:00,-0.1724854
2023.09.07 08:00:00,0.3634338
2023.09.07 10:00:00,1.461151
2023.09.07 12:00:00,5.713043
2023.09.07 14:00:00,6.693848
2023.09.07 16:00:00,4.7052
2023.09.07 18:00:00,2.647675
2023.09.07 20:00:00,1.017059
2023.09.07 22:00:00,0.07611084
2023.09.08 00:00:00,-0.05780029
2023.09.08 02:00:00,0.09524536
2023.09.08 04:00:00,-0.03869629
2023.09.08 06:00:00,0.5361328
2023.09.08 08:00:00,2.725952
2023.09.08 10:00:00,5.2276
2023.09.08 12:00:00,6.09964
2023.09.08 14:00:00,6.899963
2023.09.08 16:00:00,4.505188
2023.09.08 18:00:00,3.354523
2023.09.08 20:00:00,2.315643
2023.09.08 22:00:00,1.364471
2023.09.09 00:00:00,1.287201
2023.09.09 02:00:00,0.7667542
2023.09.09 04:00:00,0.3059387
2023.09.09 06:00:00,0.3826294
2023.09.09 08:00:00,1.73233
2023.09.09 10:00:00,5.066498
2023.09.09 12:00:00,8.679108
2023.09.09 14:00:00,8.024323
2023.09.09 16:00:00,5.895905
2023.09.09 18:00:00,3.709991
2023.09.09 20:00:00,2.647675
2023.09.09 22:00:00,1.287201
2023.09.10 00:00:00,0.3826294
2023.09.10 02:00:00,0.0569458
2023.09.10 04:00:00,-0.09603882
2023.09.10 06:00:00,0.03781128
2023.09.10 08:00:00,1.248566
2023.09.10 10:00:00,5.066498
2023.09.10 12:00:00,8.087402
2023.09.10 14:00:00,10.77753
2023.09.10 16:00:00,8.129456
2023.09.10 18:00:00,5.79425
2023.09.10 20:00:00,4.425323
2023.09.10 22:00:00,2.921936
2023.09.11 00:00:00,2.04303
2023.09.11 02:00:00,1.771118
2023.09.11 04:00:00,1.306519
2023.09.11 06:00:00,1.538574
2023.09.11 08:00:00,3.098663
2023.09.11 10:00:00,6.038452
2023.09.11 12:00:00,7.168854
2023.09.11 14:00:00,8.806671
2023.09.11 16:00:00,7.584717
2023.09.11 18:00:00,5.490173
2023.09.11 20:00:00,3.749573
2023.09.11 22:00:00,2.393677
2023.09.12 00:00:00,1.73233
2023.09.12 02:00:00,1.325836
2023.09.12 04:00:00,1.712921
2023.09.12 06:00:00,2.14032
2023.09.12 08:00:00,3.532074
2023.09.12 10:00:00,4.86557
2023.09.12 12:00:00,7.251801
2023.09.12 14:00:00,7.293335
2023.09.12 16:00:00,5.733337
2023.09.12 18:00:00,4.385437
2023.09.12 20:00:00,3.177307
2023.09.12 22:00:00,2.530365
2023.09.13 00:00:00,2.237701
2023.09.13 02:00:00,2.00415
2023.09.13 04:00:00,1.771118
2023.09.13 06:00:00,1.577301
2023.09.13 08:00:00,1.480499
2023.09.13 10:00:00,2.17926
2023.09.13 12:00:00,4.665161
2023.09.13 14:00:00,5.247772
2023.09.13 16:00:00,3.828796
2023.09.13 18:00:00,2.062469
2023.09.13 20:00:00,1.229248
2023.09.13 22:00:00,0.7475281
2023.09.14 00:00:00,0.2676086
2023.09.14 02:00:00,-0.1151428
2023.09.14 04:00:00,-0.2297974
2023.09.14 06:00:00,-0.0004272461
2023.09.14 08:00:00,0.7859802
2023.09.14 10:00:00,3.000427
2023.09.14 12:00:00,6.467865
2023.09.14 14:00:00,6.529419
2023.09.14 16:00:00,5.086609
2023.09.14 18:00:00,3.413666
2023.09.14 20:00:00,1.73233
2023.09.14 22:00:00,1.017059
2023.09.15 00:00:00,0.3059387
2023.09.15 02:00:00,0.2101135
2023.09.15 04:00:00,0.2484436
2023.09.15 06:00:00,0.3059387
2023.09.15 08:00:00,1.422485
2023.09.15 10:00:00,3.967621
2023.09.15 12:00:00,5.10675
2023.09.15 14:00:00,3.967621
2023.09.15 16:00:00,2.588989
2023.09.15 18:00:00,1.771118
2023.09.15 20:00:00,1.441833
2023.09.15 22:00:00,1.209961
2023.09.16 00:00:00,1.055603
2023.09.16 02:00:00,0.9400024
2023.09.16 04:00:00,0.8244629
2023.09.16 06:00:00,0.728302
2023.09.16 08:00:00,0.6706238
2023.09.16 10:00:00,2.17926
2023.09.16 12:00:00,6.283508
2023.09.16 14:00:00,5.733337
2023.09.16 16:00:00,4.007324
2023.09.16 18:00:00,2.510834
2023.09.16 20:00:00,1.480499
2023.09.16 22:00:00,0.8629761
2023.09.17 00:00:00,0.59375
2023.09.17 02:00:00,0.4017944
2023.09.17 04:00:00,0.2484436
2023.09.17 06:00:00,0.2484436
2023.09.17 08:00:00,1.345154
2023.09.17 10:00:00,3.118317
2023.09.17 12:00:00,3.868439
2023.09.17 14:00:00,3.848602
2023.09.17 16:00:00,2.588989
2023.09.17 18:00:00,1.751709
2023.09.17 20:00:00,1.364471
2023.09.17 22:00:00,1.132751
2023.09.18 00:00:00,0.9400024
2023.09.18 02:00:00,0.8052368
2023.09.18 04:00:00,0.6706238
2023.09.18 06:00:00,0.5745544
2023.09.18 08:00:00,0.4977417
2023.09.18 10:00:00,0.4401855
2023.09.18 12:00:00,0.42099
2023.09.18 14:00:00,0.3826294
2023.09.18 16:00:00,0.3442688
2023.09.18 18:00:00,0.3059387
2023.09.18 20:00:00,0.2676086
2023.09.18 22:00:00,0.2484436
2023.09.19 00:00:00,0.2292786
2023.09.19 02:00:00,0.171814
2023.09.19 04:00:00,0.1335144
2023.09.19 06:00:00,0.09524536
2023.09.19 08:00:00,0.07611084
2023.09.19 10:00:00,0.07611084
2023.09.19 12:00:00,0.0569458
2023.09.19 14:00:00,0.03781128
2023.09.19 16:00:00,0.03781128
2023.09.19 18:00:00,0.0569458
2023.09.19 20:00:00,0.03781128
2023.09.19 22:00:00,-0.0004272461
2023.09.20 00:00:00,-0.03869629
2023.09.20 02:00:00,-0.03869629
2023.09.20 04:00:00,-0.05780029
2023.09.20 06:00:00,-0.03869629
2023.09.20 08:00:00,-0.03869629
2023.09.20 10:00:00,-0.03869629
2023.09.20 12:00:00,-0.03869629
2023.09.20 14:00:00,-0.01956177
2023.09.20 16:00:00,-0.01956177
2023.09.20 18:00:00,-0.01956177
2023.09.20 20:00:00,-0.03869629
2023.09.20 22:00:00,-0.09603882
2023.09.21 00:00:00,-0.1915894
2023.09.21 02:00:00,-0.3634033
2023.09.21 04:00:00,-0.4397278
2023.09.21 06:00:00,-0.5159912
2023.09.21 08:00:00,-0.5159912
2023.09.21 10:00:00,-0.3061523
2023.09.21 12:00:00,-0.1533813
2023.09.21 14:00:00,-0.1151428
2023.09.21 16:00:00,-0.07693481
2023.09.21 18:00:00,-0.05780029
2023.09.21 20:00:00,-0.1533813
2023.09.21 22:00:00,-0.4588013
2023.09.22 00:00:00,-0.6874695
2023.09.22 02:00:00,-0.8397522
2023.09.22 04:00:00,-0.934845
2023.09.22 06:00:00,-0.8968201
2023.09.22 08:00:00,-0.4778442
2023.09.22 10:00:00,-0.2679749
2023.09.22 12:00:00,-0.1915894
2023.09.22 14:00:00,-0.1724854
2023.09.22 16:00:00,-0.2106934
2023.09.22 18:00:00,-0.3634033
2023.09.22 20:00:00,-0.4397278
2023.09.22 22:00:00,-0.4588013
2023.09.23 00:00:00,-0.4969177
2023.09.23 02:00:00,-0.5159912
2023.09.23 04:00:00,-0.5350647
2023.09.23 06:00:00,-0.5731812
2023.09.23 08:00:00,-0.6112671
2023.09.23 10:00:00,-0.4969177
2023.09.23 12:00:00,-0.3252563
2023.09.23 14:00:00,-0.2297974
2023.09.23 16:00:00,-0.1915894
2023.09.23 18:00:00,-0.1724854
2023.09.23 20:00:00,-0.1533813
2023.09.23 22:00:00,-0.2297974
2023.09.24 00:00:00,-0.5159912
2023.09.24 02:00:00,-0.8968201
2023.09.24 04:00:00,-1.238861
2023.09.24 06:00:00,-1.580292
2023.09.24 08:00:00,-1.769745
2023.09.24 10:00:00,-1.447571
2023.09.24 12:00:00,-0.8207092
2023.09.24 14:00:00,-0.3825073
2023.09.24 16:00:00,-0.2106934
2023.09.24 18:00:00,-0.1533813
2023.09.24 20:00:00,-0.1533813
2023.09.24 22:00:00,-0.3443298
2023.09.25 00:00:00,-0.7826538
2023.09.25 02:00:00,-1.276825
2023.09.25 04:00:00,-1.788666
2023.09.25 06:00:00,-2.299347
2023.09.25 08:00:00,-2.48822
2023.09.25 10:00:00,-1.731873
2023.09.25 12:00:00,-0.7255554
2023.09.25 14:00:00,-0.1342773
2023.09.25 16:00:00,-0.05780029
2023.09.25 18:00:00,-0.03869629
2023.09.25 20:00:00,-0.03869629
2023.09.25 22:00:00,-0.09603882
2023.09.26 00:00:00,-0.3634033
2023.09.26 02:00:00,-0.6112671
2023.09.26 04:00:00,-0.8587646
2023.09.26 06:00:00,-1.105927
2023.09.26 08:00:00,-0.9538574
2023.09.26 10:00:00,-0.3443298
2023.09.26 12:00:00,-0.01956177
2023.09.26 14:00:00,-0.01956177
2023.09.26 16:00:00,-0.03869629
2023.09.26 18:00:00,-0.01956177
2023.09.26 20:00:00,-0.01956177
2023.09.26 22:00:00,-0.07693481
2023.09.27 00:00:00,-0.3634033
2023.09.27 02:00:00,-0.6303406
2023.09.27 04:00:00,-0.8587646
2023.09.27 06:00:00,-0.8778076
2023.09.27 08:00:00,-0.4969177
2023.09.27 10:00:00,-0.05780029
2023.09.27 12:00:00,-0.01956177
2023.09.27 14:00:00,-0.01956177
2023.09.27 16:00:00,-0.01956177
2023.09.27 18:00:00,-0.01956177
2023.09.27 20:00:00,-0.3443298
2023.09.27 22:00:00,-0.6684265
2023.09.28 00:00:00,-1.029907
2023.09.28 02:00:00,-1.105927
2023.09.28 04:00:00,-1.295807
2023.09.28 06:00:00,-1.238861
2023.09.28 08:00:00,-0.4397278
2023.09.28 10:00:00,-0.01956177
2023.09.28 12:00:00,0.2292786
2023.09.28 14:00:00,-0.01956177
2023.09.28 16:00:00,-0.01956177
2023.09.28 18:00:00,-0.03869629
2023.09.28 20:00:00,-0.03869629
2023.09.28 22:00:00,-0.07693481
2023.09.29 00:00:00,-0.05780029
2023.09.29 02:00:00,-0.09603882
2023.09.29 04:00:00,-0.1151428
2023.09.29 06:00:00,-0.1151428
2023.09.29 08:00:00,-0.09603882
2023.09.29 10:00:00,-0.07693481
2023.09.29 12:00:00,-0.05780029
2023.09.29 14:00:00,-0.03869629
2023.09.29 16:00:00,-0.03869629
2023.09.29 18:00:00,-0.03869629
2023.09.29 20:00:00,-0.03869629
2023.09.29 22:00:00,-0.01956177
2023.09.30 00:00:00,-0.03869629
2023.09.30 02:00:00,-0.05780029
2023.09.30 04:00:00,-0.09603882
2023.09.30 06:00:00,-0.1342773
2023.09.30 08:00:00,-0.09603882
2023.09.30 10:00:00,-0.07693481
2023.09.30 12:00:00,-0.07693481
2023.09.30 14:00:00,-0.03869629
2023.09.30 16:00:00,-0.01956177
2023.09.30 18:00:00,-0.01956177
2023.09.30 20:00:00,-0.03869629
2023.09.30 22:00:00,-0.1342773
2023.10.01 00:00:00,-0.3634033
2023.10.01 02:00:00,-0.5922241
2023.10.01 04:00:00,-0.8397522
2023.10.01 06:00:00,-1.086914
2023.10.01 08:00:00,-1.162903
2023.10.01 10:00:00,-0.6303406
2023.10.01 12:00:00,-0.3252563
2023.10.01 14:00:00,-0.1724854
2023.10.01 16:00:00,-0.09603882
2023.10.01 18:00:00,-0.2679749
2023.10.01 20:00:00,-0.7445984
2023.10.01 22:00:00,-1.219879
2023.10.02 00:00:00,-1.542389
2023.10.02 02:00:00,-1.86441
2023.10.02 04:00:00,-2.299347
2023.10.02 06:00:00,-2.185944
2023.10.02 08:00:00,-1.750793
2023.10.02 10:00:00,-0.8207092
2023.10.02 12:00:00,-0.3252563
2023.10.02 14:00:00,-0.01956177
2023.10.02 16:00:00,-0.09603882
2023.10.02 18:00:00,-0.1151428
2023.10.02 20:00:00,-0.4969177
2023.10.02 22:00:00,-1.162903
2023.10.03 00:00:00,-1.618195
2023.10.03 02:00:00,-1.883331
2023.10.03 04:00:00,-2.129242
2023.10.03 06:00:00,-2.110321
2023.10.03 08:00:00,-1.333771
2023.10.03 10:00:00,-0.8778076
2023.10.03 12:00:00,-0.2870789
2023.10.03 14:00:00,-0.07693481
2023.10.03 16:00:00,-0.09603882
2023.10.03 18:00:00,-0.5350647
2023.10.03 20:00:00,-1.390686
2023.10.03 22:00:00,-2.110321
2023.10.04 00:00:00,-2.676971
2023.10.04 02:00:00,-3.186035
2023.10.04 04:00:00,-3.675598
2023.10.04 06:00:00,-3.938995
2023.10.04 08:00:00,-3.412048
2023.10.04 10:00:00,-1.959015
2023.10.04 12:00:00,-0.1151428
2023.10.04 14:00:00,-0.01956177
2023.10.04 16:00:00,-0.01956177
2023.10.04 18:00:00,-0.2870789
2023.10.04 20:00:00,-1.086914
2023.10.04 22:00:00,-1.731873
2023.10.05 00:00:00,-2.393799
2023.10.05 02:00:00,-2.809021
2023.10.05 04:00:00,-3.129517
2023.10.05 06:00:00,-2.978729
2023.10.05 08:00:00,-2.204865
2023.10.05 10:00:00,-0.6493835
2023.10.05 12:00:00,-0.03869629
2023.10.05 14:00:00,-0.01956177
2023.10.05 16:00:00,-0.03869629
2023.10.05 18:00:00,-0.2297974
2023.10.05 20:00:00,-0.9918823
2023.10.05 22:00:00,-1.921173
2023.10.06 00:00:00,-2.544861
2023.10.06 02:00:00,-3.072968
2023.10.06 04:00:00,-3.487366
2023.10.06 06:00:00,-3.619141
2023.10.06 08:00:00,-2.601471
2023.10.06 10:00:00,-0.9728699
2023.10.06 12:00:00,-0.2297974
2023.10.06 14:00:00,-0.1915894
2023.10.06 16:00:00,-0.2106934
2023.10.06 18:00:00,-0.6684265
2023.10.06 20:00:00,-0.9728699
2023.10.06 22:00:00,-1.200897
2023.10.07 00:00:00,-1.542389
2023.10.07 02:00:00,-1.542389
2023.10.07 04:00:00,-1.56134
2023.10.07 06:00:00,-1.409637
2023.10.07 08:00:00,-0.8968201
2023.10.07 10:00:00,-0.1724854
2023.10.07 12:00:00,-0.01956177
2023.10.07 14:00:00,-0.01956177
2023.10.07 16:00:00,-0.03869629
2023.10.07 18:00:00,-0.1151428
2023.10.07 20:00:00,-0.6112671
2023.10.07 22:00:00,-1.219879
2023.10.08 00:00:00,-1.656097
2023.10.08 02:00:00,-2.148132
2023.10.08 04:00:00,-2.45047
2023.10.08 06:00:00,-2.507111
2023.10.08 08:00:00,-1.845459
2023.10.08 10:00:00,-1.04892
2023.10.08 12:00:00,-0.01956177
2023.10.08 14:00:00,-0.01956177
2023.10.08 16:00:00,-0.1342773
2023.10.08 18:00:00,-0.2870789
2023.10.08 20:00:00,-0.7445984
2023.10.08 22:00:00,-1.105927
2023.10.09 00:00:00,-1.504486
2023.10.09 02:00:00,-1.902252
2023.10.09 04:00:00,-2.412689
2023.10.09 06:00:00,-2.809021
2023.10.09 08:00:00,-2.714691
2023.10.09 10:00:00,-1.295807
2023.10.09 12:00:00,-0.01956177
2023.10.09 14:00:00,-0.03869629
2023.10.09 16:00:00,-0.3252563
2023.10.09 18:00:00,-1.029907
2023.10.09 20:00:00,-1.675049
2023.10.09 22:00:00,-2.148132
2023.10.10 00:00:00,-2.544861
2023.10.10 02:00:00,-2.90332
2023.10.10 04:00:00,-3.261383
2023.10.10 06:00:00,-3.412048
2023.10.10 08:00:00,-2.865601
2023.10.10 10:00:00,-1.276825
2023.10.10 12:00:00,-0.1724854
2023.10.10 14:00:00,-0.0004272461
2023.10.10 16:00:00,-0.1915894
2023.10.10 18:00:00,-0.4588013
2023.10.10 20:00:00,-1.067932
2023.10.10 22:00:00,-1.769745
2023.10.11 00:00:00,-2.318237
2023.10.11 02:00:00,-2.88446
2023.10.11 04:00:00,-3.261383
2023.10.11 06:00:00,-3.468536
2023.10.11 08:00:00,-3.167175
2023.10.11 10:00:00,-1.485504
2023.10.11 12:00:00,0.07611084
2023.10.11 14:00:00,-0.07693481
2023.10.11 16:00:00,-0.2297974
2023.10.11 18:00:00,-0.5350647
2023.10.11 20:00:00,-1.105927
2023.10.11 22:00:00,-1.769745
2023.10.12 00:00:00,-2.204865
2023.10.12 02:00:00,-2.46933
2023.10.12 04:00:00,-2.827881
2023.10.12 06:00:00,-3.167175
2023.10.12 08:00:00,-2.865601
2023.10.12 10:00:00,-1.295807
2023.10.12 12:00:00,-0.1151428
2023.10.12 14:00:00,-0.03869629
2023.10.12 16:00:00,-0.2297974
2023.10.12 18:00:00,-0.5350647
2023.10.12 20:00:00,-0.9918823
2023.10.12 22:00:00,-1.390686
2023.10.13 00:00:00,-1.788666
2023.10.13 02:00:00,-2.034698
2023.10.13 04:00:00,-2.393799
2023.10.13 06:00:00,-2.507111
2023.10.13 08:00:00,-1.883331
2023.10.13 10:00:00,-0.8587646
2023.10.13 12:00:00,-0.3443298
2023.10.13 14:00:00,-0.1915894
2023.10.13 16:00:00,-0.3252563
2023.10.13 18:00:00,-0.4778442
2023.10.13 20:00:00,-0.6112671
2023.10.13 22:00:00,-0.7826538
2023.10.14 00:00:00,-0.8968201
2023.10.14 02:00:00,-0.9728699
2023.10.14 04:00:00,-1.086914
2023.10.14 06:00:00,-1.238861
2023.10.14 08:00:00,-1.314789
2023.10.14 10:00:00,-1.257843
2023.10.14 12:00:00,-1.162903
2023.10.14 14:00:00,-1.162903
2023.10.14 16:00:00,-1.409637
2023.10.14 18:00:00,-1.731873
2023.10.14 20:00:00,-2.091431
2023.10.14 22:00:00,-2.412689
2023.10.15 00:00:00,-2.714691
2023.10.15 02:00:00,-3.054108
2023.10.15 04:00:00,-3.393219
2023.10.15 06:00:00,-3.694397
2023.10.15 08:00:00,-3.901367
2023.10.15 10:00:00,-3.750854
2023.10.15 12:00:00,-3.261383
2023.10.15 14:00:00,-2.733582
2023.10.15 16:00:00,-2.846741
2023.10.15 18:00:00,-3.167175
2023.10.15 20:00:00,-3.562653
2023.10.15 22:00:00,-3.938995
2023.10.16 00:00:00,-4.296295
2023.10.16 02:00:00,-4.672272
2023.10.16 04:00:00,-4.991791
2023.10.16 06:00:00,-5.254883
2023.10.16 08:00:00,-5.424042
2023.10.16 10:00:00,-5.104553
2023.10.16 12:00:00,-4.315125
2023.10.16 14:00:00,-3.656769
2023.10.16 16:00:00,-3.788483
2023.10.16 18:00:00,-4.070648
2023.10.16 20:00:00,-4.371521
2023.10.16 22:00:00,-4.691071
2023.10.17 00:00:00,-5.010559
2023.10.17 02:00:00,-5.330048
2023.10.17 04:00:00,-5.630798
2023.10.17 06:00:00,-5.893982
2023.10.17 08:00:00,-5.950378
2023.10.17 10:00:00,-4.954193
2023.10.17 12:00:00,-3.995422
2023.10.17 14:00:00,-3.562653
2023.10.17 16:00:00,-3.863739
2023.10.17 18:00:00,-4.051849
2023.10.17 20:00:00,-4.239899
2023.10.17 22:00:00,-4.465515
2023.10.18 00:00:00,-4.691071
2023.10.18 02:00:00,-4.954193
2023.10.18 04:00:00,-5.123322
2023.10.18 06:00:00,-5.217285
2023.10.18 08:00:00,-5.066956
2023.10.18 10:00:00,-4.296295
2023.10.18 12:00:00,-3.637939
2023.10.18 14:00:00,-3.035278
2023.10.18 16:00:00,-3.054108
2023.10.18 18:00:00,-3.242554
2023.10.18 20:00:00,-3.468536
2023.10.18 22:00:00,-3.562653
2023.10.19 00:00:00,-3.562653
2023.10.19 02:00:00,-3.619141
2023.10.19 04:00:00,-3.750854
2023.10.19 06:00:00,-3.863739
2023.10.19 08:00:00,-3.901367
2023.10.19 10:00:00,-3.732056
2023.10.19 12:00:00,-3.261383
2023.10.19 14:00:00,-2.827881
2023.10.19 16:00:00,-2.658112
2023.10.19 18:00:00,-2.676971
2023.10.19 20:00:00,-2.809021
2023.10.19 22:00:00,-2.997589
2023.10.20 00:00:00,-3.223694
2023.10.20 02:00:00,-3.487366
2023.10.20 04:00:00,-3.769684
2023.10.20 06:00:00,-4.014252
2023.10.20 08:00:00,-4.202301
2023.10.20 10:00:00,-3.995422
2023.10.20 12:00:00,-3.35556
2023.10.20 14:00:00,-2.846741
2023.10.20 16:00:00,-2.695831
2023.10.20 18:00:00,-2.92218
2023.10.20 20:00:00,-3.261383
2023.10.20 22:00:00,-3.600311
2023.10.21 00:00:00,-3.957794
2023.10.21 02:00:00,-4.277496
2023.10.21 04:00:00,-4.559509
2023.10.21 06:00:00,-4.803833
2023.10.21 08:00:00,-4.860229
2023.10.21 10:00:00,-4.409119
2023.10.21 12:00:00,-3.637939
2023.10.21 14:00:00,-2.94101
2023.10.21 16:00:00,-2.92218
2023.10.21 18:00:00,-3.336731
2023.10.21 20:00:00,-3.769684
2023.10.21 22:00:00,-4.183502
2023.10.22 00:00:00,-4.559509
2023.10.22 02:00:00,-4.935394
2023.10.22 04:00:00,-5.273682
2023.10.22 06:00:00,-5.536804
2023.10.22 08:00:00,-5.405243
2023.10.22 10:00:00,-4.465515
2023.10.22 12:00:00,-3.656769
2023.10.22 14:00:00,-3.186035
2023.10.22 16:00:00,-3.242554
2023.10.22 18:00:00,-3.600311
2023.10.22 20:00:00,-4.070648
2023.10.22 22:00:00,-4.446716
2023.10.23 00:00:00,-4.785034
2023.10.23 02:00:00,-4.972992
2023.10.23 04:00:00,-5.104553
2023.10.23 06:00:00,-5.085754
2023.10.23 08:00:00,-4.672272
2023.10.23 10:00:00,-4.033051
2023.10.23 12:00:00,-3.430878
2023.10.23 14:00:00,-2.92218
2023.10.23 16:00:00,-2.846741
2023.10.23 18:00:00,-3.223694
2023.10.23 20:00:00,-3.562653
2023.10.23 22:00:00,-3.901367
2023.10.24 00:00:00,-4.2211
2023.10.24 02:00:00,-4.521912
2023.10.24 04:00:00,-4.766235
2023.10.24 06:00:00,-4.841431
2023.10.24 08:00:00,-4.709869
2023.10.24 10:00:00,-4.202301
2023.10.24 12:00:00,-3.430878
2023.10.24 14:00:00,-2.94101
2023.10.24 16:00:00,-3.37439
2023.10.24 18:00:00,-4.014252
2023.10.24 20:00:00,-4.615875
2023.10.24 22:00:00,-5.14212
2023.10.25 00:00:00,-5.649597
2023.10.25 02:00:00,-6.119629
2023.10.25 04:00:00,-6.533539
2023.10.25 06:00:00,-6.910126
2023.10.25 08:00:00,-6.891296
2023.10.25 10:00:00,-6.025604
2023.10.25 12:00:00,-4.691071
2023.10.25 14:00:00,-4.033051
2023.10.25 16:00:00,-4.352722
2023.10.25 18:00:00,-4.822632
2023.10.25 20:00:00,-5.236084
2023.10.25 22:00:00,-5.612
2023.10.26 00:00:00,-5.969208
2023.10.26 02:00:00,-6.28894
2023.10.26 04:00:00,-6.646484
2023.10.26 06:00:00,-6.853607
2023.10.26 08:00:00,-6.345367
2023.10.26 10:00:00,-5.254883
2023.10.26 12:00:00,-4.051849
2023.10.26 14:00:00,-3.317902
2023.10.26 16:00:00,-3.336731
2023.10.26 18:00:00,-3.637939
2023.10.26 20:00:00,-3.976624
2023.10.26 22:00:00,-4.258698
2023.10.27 00:00:00,-4.484314
2023.10.27 02:00:00,-4.597076
2023.10.27 04:00:00,-4.803833
2023.10.27 06:00:00,-4.935394
2023.10.27 08:00:00,-4.54071
2023.10.27 10:00:00,-3.769684
2023.10.27 12:00:00,-3.016418
2023.10.27 14:00:00,-2.601471
2023.10.27 16:00:00,-2.790161
2023.10.27 18:00:00,-3.091827
2023.10.27 20:00:00,-3.37439
2023.10.27 22:00:00,-3.487366
2023.10.28 00:00:00,-3.581482
2023.10.28 02:00:00,-3.694397
2023.10.28 04:00:00,-3.84494
2023.10.28 06:00:00,-3.920197
2023.10.28 08:00:00,-3.807312
2023.10.28 10:00:00,-3.506195
2023.10.28 12:00:00,-3.110657
2023.10.28 14:00:00,-2.92218
2023.10.28 16:00:00,-2.94101
2023.10.28 18:00:00,-3.129517
2023.10.28 20:00:00,-3.449707
2023.10.28 22:00:00,-3.788483
2023.10.29 00:00:00,-4.070648
2023.10.29 02:00:00,-4.258698
2023.10.29 04:00:00,-4.333923
2023.10.29 06:00:00,-4.371521
2023.10.29 08:00:00,-4.089478
2023.10.29 10:00:00,-3.468536
2023.10.29 12:00:00,-2.959869
2023.10.29 14:00:00,-2.752441
2023.10.29 16:00:00,-3.072968
2023.10.29 18:00:00,-3.430878
2023.10.29 20:00:00,-3.807312
2023.10.29 22:00:00,-4.202301
2023.10.30 00:00:00,-4.465515
2023.10.30 02:00:00,-4.691071
2023.10.30 04:00:00,-4.841431
2023.10.30 06:00:00,-4.954193
2023.10.30 08:00:00,-4.803833
2023.10.30 10:00:00,-4.070648
2023.10.30 12:00:00,-3.261383
2023.10.30 14:00:00,-2.827881
2023.10.30 16:00:00,-3.072968
2023.10.30 18:00:00,-3.430878
2023.10.30 20:00:00,-3.84494
2023.10.30 22:00:00,-4.258698
2023.10.31 00:00:00,-4.691071
2023.10.31 02:00:00,-5.010559
2023.10.31 04:00:00,-5.273682
2023.10.31 06:00:00,-5.348846
2023.10.31 08:00:00,-4.954193
2023.10.31 10:00:00,-4.2211
2023.10.31 12:00:00,-3.600311
2023.10.31 14:00:00,-3.299042
2023.10.31 16:00:00,-3.393219
2023.10.31 18:00:00,-3.543823
2023.10.31 20:00:00,-3.656769
2023.10.31 22:00:00,-3.750854
2023.11.01 00:00:00,-3.882568
2023.11.01 02:00:00,-4.033051
2023.11.01 04:00:00,-4.2211
2023.11.01 06:00:00,-4.409119
2023.11.01 08:00:00,-4.597076
2023.11.01 10:00:00,-4.672272
2023.11.01 12:00:00,-4.54071
2023.11.01 14:00:00,-4.446716
2023.11.01 16:00:00,-4.578308
2023.11.01 18:00:00,-4.785034
2023.11.01 20:00:00,-5.010559
2023.11.01 22:00:00,-5.179718
2023.11.02 00:00:00,-5.330048
2023.11.02 02:00:00,-5.480408
2023.11.02 04:00:00,-5.593201
2023.11.02 06:00:00,-5.687195
2023.11.02 08:00:00,-5.781189
2023.11.02 10:00:00,-5.818787
2023.11.02 12:00:00,-5.687195
2023.11.02 14:00:00,-5.574402
2023.11.02 16:00:00,-5.630798
2023.11.02 18:00:00,-5.743591
2023.11.02 20:00:00,-5.912781
2023.11.02 22:00:00,-6.10083
2023.11.03 00:00:00,-6.28894
2023.11.03 02:00:00,-6.495911
2023.11.03 04:00:00,-6.684143
2023.11.03 06:00:00,-6.872437
2023.11.03 08:00:00,-7.023163
2023.11.03 10:00:00,-7.004303
2023.11.03 12:00:00,-6.740631
2023.11.03 14:00:00,-6.514709
2023.11.03 16:00:00,-6.514709
2023.11.03 18:00:00,-6.589996
2023.11.03 20:00:00,-6.721802
2023.11.03 22:00:00,-6.872437
2023.11.04 00:00:00,-7.023163
2023.11.04 02:00:00,-7.17395
2023.11.04 04:00:00,-7.343628
2023.11.04 06:00:00,-7.513428
2023.11.04 08:00:00,-7.645569
2023.11.04 10:00:00,-7.626678
2023.11.04 12:00:00,-7.324768
2023.11.04 14:00:00,-7.023163
2023.11.04 16:00:00,-6.985474
2023.11.04 18:00:00,-7.041992
2023.11.04 20:00:00,-7.17395
2023.11.04 22:00:00,-7.324768
2023.11.05 00:00:00,-7.475677
2023.11.05 02:00:00,-7.588928
2023.11.05 04:00:00,-7.7211
2023.11.05 06:00:00,-7.853333
2023.11.05 08:00:00,-7.947815
2023.11.05 10:00:00,-7.872223
2023.11.05 12:00:00,-7.513428
2023.11.05 14:00:00,-7.19278
2023.11.05 16:00:00,-7.17395
2023.11.05 18:00:00,-7.268188
2023.11.05 20:00:00,-7.362488
2023.11.05 22:00:00,-7.456818
2023.11.06 00:00:00,-7.588928
2023.11.06 02:00:00,-7.7211
2023.11.06 04:00:00,-7.872223
2023.11.06 06:00:00,-8.042358
2023.11.06 08:00:00,-8.174744
2023.11.06 10:00:00,-8.099091
2023.11.06 12:00:00,-7.73999
2023.11.06 14:00:00,-7.419098
2023.11.06 16:00:00,-7.381348
2023.11.06 18:00:00,-7.475677
2023.11.06 20:00:00,-7.570038
2023.11.06 22:00:00,-7.702209
2023.11.07 00:00:00,-7.853333
2023.11.07 02:00:00,-8.004517
2023.11.07 04:00:00,-8.174744
2023.11.07 06:00:00,-8.345093
2023.11.07 08:00:00,-8.496643
2023.11.07 10:00:00,-8.420837
2023.11.07 12:00:00,-8.023438
2023.11.07 14:00:00,-7.645569
2023.11.07 16:00:00,-7.513428
2023.11.07 18:00:00,-7.494568
2023.11.07 20:00:00,-7.551178
2023.11.07 22:00:00,-7.588928
2023.11.08 00:00:00,-7.626678
2023.11.08 02:00:00,-7.683319
2023.11.08 04:00:00,-7.683319
2023.11.08 06:00:00,-7.683319
2023.11.08 08:00:00,-7.626678
2023.11.08 10:00:00,-7.362488
2023.11.08 12:00:00,-6.947784
2023.11.08 14:00:00,-6.608826
2023.11.08 16:00:00,-6.533539
2023.11.08 18:00:00,-6.589996
2023.11.08 20:00:00,-6.702972
2023.11.08 22:00:00,-6.834778
2023.11.09 00:00:00,-6.947784
2023.11.09 02:00:00,-7.041992
2023.11.09 04:00:00,-7.13623
2023.11.09 06:00:00,-7.211639
2023.11.09 08:00:00,-7.19278
2023.11.09 10:00:00,-6.966644
2023.11.09 12:00:00,-6.533539
2023.11.09 14:00:00,-6.157257
2023.11.09 16:00:00,-5.988007
2023.11.09 18:00:00,-5.93158
2023.11.09 20:00:00,-5.875183
2023.11.09 22:00:00,-5.856384
2023.11.10 00:00:00,-5.856384
2023.11.10 02:00:00,-5.875183
2023.11.10 04:00:00,-5.875183
2023.11.10 06:00:00,-5.893982
2023.11.10 08:00:00,-5.856384
2023.11.10 10:00:00,-5.799988
2023.11.10 12:00:00,-5.743591
2023.11.10 14:00:00,-5.724792
2023.11.10 16:00:00,-5.724792
2023.11.10 18:00:00,-5.781189
2023.11.10 20:00:00,-5.875183
2023.11.10 22:00:00,-6.006805
2023.11.11 00:00:00,-6.157257
2023.11.11 02:00:00,-6.28894
2023.11.11 04:00:00,-6.439453
2023.11.11 06:00:00,-6.608826
2023.11.11 08:00:00,-6.702972
2023.11.11 10:00:00,-6.740631
2023.11.11 12:00:00,-6.702972
2023.11.11 14:00:00,-6.665314
2023.11.11 16:00:00,-6.684143
2023.11.11 18:00:00,-6.75946
2023.11.11 20:00:00,-6.853607
2023.11.11 22:00:00,-6.928955
2023.11.12 00:00:00,-7.004303
2023.11.12 02:00:00,-7.041992
2023.11.12 04:00:00,-7.098541
2023.11.12 06:00:00,-7.117401
2023.11.12 08:00:00,-7.117401
2023.11.12 10:00:00,-7.079681
2023.11.12 12:00:00,-6.966644
2023.11.12 14:00:00,-6.891296
2023.11.12 16:00:00,-6.891296
2023.11.12 18:00:00,-6.947784
2023.11.12 20:00:00,-7.004303
2023.11.12 22:00:00,-7.098541
2023.11.13 00:00:00,-7.19278
2023.11.13 02:00:00,-7.268188
2023.11.13 04:00:00,-7.324768
2023.11.13 06:00:00,-7.381348
2023.11.13 08:00:00,-7.362488
2023.11.13 10:00:00,-7.324768
2023.11.13 12:00:00,-7.17395
2023.11.13 14:00:00,-7.13623
2023.11.13 16:00:00,-7.249359
2023.11.13 18:00:00,-7.419098
2023.11.13 20:00:00,-7.626678
2023.11.13 22:00:00,-7.853333
2023.11.14 00:00:00,-8.099091
2023.11.14 02:00:00,-8.382965
2023.11.14 04:00:00,-8.686218
2023.11.14 06:00:00,-8.989899
2023.11.14 08:00:00,-9.256073
2023.11.14 10:00:00,-9.427399
2023.11.14 12:00:00,-9.351227
2023.11.14 14:00:00,-9.294128
2023.11.14 16:00:00,-9.408356
2023.11.14 18:00:00,-9.598907
2023.11.14 20:00:00,-9.827881
2023.11.14 22:00:00,-10.05719
2023.11.15 00:00:00,-10.2869
2023.11.15 02:00:00,-10.53619
2023.11.15 04:00:00,-10.78595
2023.11.15 06:00:00,-11.03625
2023.11.15 08:00:00,-11.19055
2023.11.15 10:00:00,-11.17123
2023.11.15 12:00:00,-10.92068
2023.11.15 14:00:00,-10.70905
2023.11.15 16:00:00,-10.70905
2023.11.15 18:00:00,-10.78595
2023.11.15 20:00:00,-10.92068
2023.11.15 22:00:00,-10.99771
2023.11.16 00:00:00,-11.05551
2023.11.16 02:00:00,-11.22916
2023.11.16 04:00:00,-11.40302
2023.11.16 06:00:00,-11.59656
2023.11.16 08:00:00,-11.77103
2023.11.16 10:00:00,-11.82925
2023.11.16 12:00:00,-11.63531
2023.11.16 14:00:00,-11.44171
2023.11.16 16:00:00,-11.46106
2023.11.16 18:00:00,-11.53845
2023.11.16 20:00:00,-11.61594
2023.11.16 22:00:00,-11.71283
2023.11.17 00:00:00,-11.79044
2023.11.17 02:00:00,-11.8681
2023.11.17 04:00:00,-11.9458
2023.11.17 06:00:00,-12.00412
2023.11.17 08:00:00,-12.04303
2023.11.17 10:00:00,-11.92636
2023.11.17 12:00:00,-11.57718
2023.11.17 14:00:00,-11.24844
2023.11.17 16:00:00,-11.13266
2023.11.17 18:00:00,-11.13266
2023.11.17 20:00:00,-11.17123
2023.11.17 22:00:00,-11.19055
2023.11.18 00:00:00,-11.22916
2023.11.18 02:00:00,-11.28708
2023.11.18 04:00:00,-11.34503
2023.11.18 06:00:00,-11.3837
2023.11.18 08:00:00,-11.42236
2023.11.18 10:00:00,-11.32571
2023.11.18 12:00:00,-10.93994
2023.11.18 14:00:00,-10.61298
2023.11.18 16:00:00,-10.517
2023.11.18 18:00:00,-10.47861
2023.11.18 20:00:00,-10.47861
2023.11.18 22:00:00,-10.45944
2023.11.19 00:00:00,-10.42108
2023.11.19 02:00:00,-10.36356
2023.11.19 04:00:00,-10.30606
2023.11.19 06:00:00,-10.2103
2023.11.19 08:00:00,-10.01895
2023.11.19 10:00:00,-9.732422
2023.11.19 12:00:00,-9.408356
2023.11.19 14:00:00,-9.141937
2023.11.19 16:00:00,-8.970917
2023.11.19 18:00:00,-8.875946
2023.11.19 20:00:00,-8.819
2023.11.19 22:00:00,-8.762085
2023.11.20 00:00:00,-8.743103
2023.11.20 02:00:00,-8.686218
2023.11.20 04:00:00,-8.629303
2023.11.20 06:00:00,-8.572449
2023.11.20 08:00:00,-8.401917
2023.11.20 10:00:00,-8.155823
2023.11.20 12:00:00,-7.891113
2023.11.20 14:00:00,-7.73999
2023.11.20 16:00:00,-7.73999
2023.11.20 18:00:00,-7.891113
2023.11.20 20:00:00,-8.099091
2023.11.20 22:00:00,-8.345093
2023.11.21 00:00:00,-8.5914
2023.11.21 02:00:00,-8.837982
2023.11.21 04:00:00,-9.065918
2023.11.21 06:00:00,-9.275085
2023.11.21 08:00:00,-9.484528
2023.11.21 10:00:00,-9.541718
2023.11.21 12:00:00,-9.313141
2023.11.21 14:00:00,-9.141937
2023.11.21 16:00:00,-9.199005
2023.11.21 18:00:00,-9.351227
2023.11.21 20:00:00,-9.522644
2023.11.21 22:00:00,-9.713348
2023.11.22 00:00:00,-9.942474
2023.11.22 02:00:00,-10.15286
2023.11.22 04:00:00,-10.36356
2023.11.22 06:00:00,-10.53619
2023.11.22 08:00:00,-10.67062
2023.11.22 10:00:00,-10.6514
2023.11.22 12:00:00,-10.30606
2023.11.22 14:00:00,-10.05719
2023.11.22 16:00:00,-10.01895
2023.11.22 18:00:00,-10.07632
2023.11.22 20:00:00,-10.15286
2023.11.22 22:00:00,-10.26773
2023.11.23 00:00:00,-10.36356
2023.11.23 02:00:00,-10.47861
2023.11.23 04:00:00,-10.59378
2023.11.23 06:00:00,-10.70905
2023.11.23 08:00:00,-10.72827
2023.11.23 10:00:00,-10.6514
2023.11.23 12:00:00,-10.36356
2023.11.23 14:00:00,-10.03809
2023.11.23 16:00:00,-9.92337
2023.11.23 18:00:00,-9.866058
2023.11.23 20:00:00,-9.866058
2023.11.23 22:00:00,-9.961609
2023.11.24 00:00:00,-10.13373
2023.11.24 02:00:00,-10.38272
2023.11.24 04:00:00,-10.6514
2023.11.24 06:00:00,-10.92068
2023.11.24 08:00:00,-11.17123
2023.11.24 10:00:00,-11.28708
2023.11.24 12:00:00,-11.09409
2023.11.24 14:00:00,-10.92068
2023.11.24 16:00:00,-10.93994
2023.11.24 18:00:00,-11.01697
2023.11.24 20:00:00,-11.11337
2023.11.24 22:00:00,-11.15195
2023.11.25 00:00:00,-11.15195
2023.11.25 02:00:00,-11.09409
2023.11.25 04:00:00,-11.0748
2023.11.25 06:00:00,-11.09409
2023.11.25 08:00:00,-11.05551
2023.11.25 10:00:00,-10.92068
2023.11.25 12:00:00,-10.4978
2023.11.25 14:00:00,-10.2103
2023.11.25 16:00:00,-10.11459
2023.11.25 18:00:00,-10.15286
2023.11.25 20:00:00,-10.26773
2023.11.25 22:00:00,-10.36356
2023.11.26 00:00:00,-10.4978
2023.11.26 02:00:00,-10.6322
2023.11.26 04:00:00,-10.76672
2023.11.26 06:00:00,-10.90143
2023.11.26 08:00:00,-10.99771
2023.11.26 10:00:00,-10.97845
2023.11.26 12:00:00,-10.67062
2023.11.26 14:00:00,-10.42108
2023.11.26 16:00:00,-10.38272
2023.11.26 18:00:00,-10.42108
2023.11.26 20:00:00,-10.4978
2023.11.26 22:00:00,-10.57458
2023.11.27 00:00:00,-10.67062
2023.11.27 02:00:00,-10.80521
2023.11.27 04:00:00,-10.92068
2023.11.27 06:00:00,-11.05551
2023.11.27 08:00:00,-11.09409
2023.11.27 10:00:00,-11.01697
2023.11.27 12:00:00,-10.6514
2023.11.27 14:00:00,-10.36356
2023.11.27 16:00:00,-10.32523
2023.11.27 18:00:00,-10.36356
2023.11.27 20:00:00,-10.42108
2023.11.27 22:00:00,-10.517
2023.11.28 00:00:00,-10.61298
2023.11.28 02:00:00,-10.70905
2023.11.28 04:00:00,-10.80521
2023.11.28 06:00:00,-10.90143
2023.11.28 08:00:00,-10.92068
2023.11.28 10:00:00,-10.82443
2023.11.28 12:00:00,-10.47861
2023.11.28 14:00:00,-10.172
2023.11.28 16:00:00,-10.07632
2023.11.28 18:00:00,-10.07632
2023.11.28 20:00:00,-10.13373
2023.11.28 22:00:00,-10.26773
2023.11.29 00:00:00,-10.42108
2023.11.29 02:00:00,-10.59378
2023.11.29 04:00:00,-10.76672
2023.11.29 06:00:00,-10.9592
2023.11.29 08:00:00,-11.0748
2023.11.29 10:00:00,-11.03625
2023.11.29 12:00:00,-10.7475
2023.11.29 14:00:00,-10.4978
2023.11.29 16:00:00,-10.45944
2023.11.29 18:00:00,-10.4978
2023.11.29 20:00:00,-10.57458
2023.11.29 22:00:00,-10.68985
2023.11.30 00:00:00,-10.80521
2023.11.30 02:00:00,-10.93994
2023.11.30 04:00:00,-11.03625
2023.11.30 06:00:00,-11.11337
2023.11.30 08:00:00,-11.17123
2023.11.30 10:00:00,-11.0748
2023.11.30 12:00:00,-10.70905
2023.11.30 14:00:00,-10.45944
2023.11.30 16:00:00,-10.40189
2023.11.30 18:00:00,-10.45944
2023.11.30 20:00:00,-10.53619
2023.11.30 22:00:00,-10.59378
2023.12.01 00:00:00,-10.67062
2023.12.01 02:00:00,-10.7475
2023.12.01 04:00:00,-10.84369
2023.12.01 06:00:00,-10.9592
2023.12.01 08:00:00,-10.9592
2023.12.01 10:00:00,-10.78595
2023.12.01 12:00:00,-10.44025
2023.12.01 14:00:00,-10.26773
2023.12.01 16:00:00,-10.2103
2023.12.01 18:00:00,-10.30606
2023.12.01 20:00:00,-10.44025
2023.12.01 22:00:00,-10.6322
2023.12.02 00:00:00,-10.86292
2023.12.02 02:00:00,-11.13266
2023.12.02 04:00:00,-11.40302
2023.12.02 06:00:00,-11.69345
2023.12.02 08:00:00,-11.9458
2023.12.02 10:00:00,-12.04303
2023.12.02 12:00:00,-11.84866
2023.12.02 14:00:00,-11.67407
2023.12.02 16:00:00,-11.65469
2023.12.02 18:00:00,-11.75162
2023.12.02 20:00:00,-11.8681
2023.12.02 22:00:00,-12.00412
2023.12.03 00:00:00,-12.15982
2023.12.03 02:00:00,-12.33527
2023.12.03 04:00:00,-12.51105
2023.12.03 06:00:00,-12.70676
2023.12.03 08:00:00,-12.86362
2023.12.03 10:00:00,-12.94214
2023.12.03 12:00:00,-12.70676
2023.12.03 14:00:00,-12.51105
2023.12.03 16:00:00,-12.49152
2023.12.03 18:00:00,-12.58926
2023.12.03 20:00:00,-12.70676
2023.12.03 22:00:00,-12.84399
2023.12.04 00:00:00,-12.98145
2023.12.04 02:00:00,-13.07974
2023.12.04 04:00:00,-13.13879
2023.12.04 06:00:00,-13.11911
2023.12.04 08:00:00,-12.96179
2023.12.04 10:00:00,-12.60886
2023.12.04 12:00:00,-12.17929
2023.12.04 14:00:00,-11.8681
2023.12.04 16:00:00,-11.71283
2023.12.04 18:00:00,-11.63531
2023.12.04 20:00:00,-11.61594
2023.12.04 22:00:00,-11.67407
2023.12.05 00:00:00,-11.80984
2023.12.05 02:00:00,-11.96524
2023.12.05 04:00:00,-12.14035
2023.12.05 06:00:00,-12.29626
2023.12.05 08:00:00,-12.43289
2023.12.05 10:00:00,-12.47195
2023.12.05 12:00:00,-12.27676
2023.12.05 14:00:00,-12.12088
2023.12.05 16:00:00,-12.10141
2023.12.05 18:00:00,-12.15982
2023.12.05 20:00:00,-12.21826
2023.12.05 22:00:00,-12.31577
2023.12.06 00:00:00,-12.39383
2023.12.06 02:00:00,-12.49152
2023.12.06 04:00:00,-12.58926
2023.12.06 06:00:00,-12.66757
2023.12.06 08:00:00,-12.70676
2023.12.06 10:00:00,-12.58926
2023.12.06 12:00:00,-12.19879
2023.12.06 14:00:00,-11.92636
2023.12.06 16:00:00,-11.82925
2023.12.06 18:00:00,-11.80984
2023.12.06 20:00:00,-11.79044
2023.12.06 22:00:00,-11.79044
2023.12.07 00:00:00,-11.79044
2023.12.07 02:00:00,-11.82925
2023.12.07 04:00:00,-11.84866
2023.12.07 06:00:00,-11.8681
2023.12.07 08:00:00,-11.8681
2023.12.07 10:00:00,-11.75162
2023.12.07 12:00:00,-11.42236
2023.12.07 14:00:00,-11.19055
2023.12.07 16:00:00,-11.13266
2023.12.07 18:00:00,-11.15195
2023.12.07 20:00:00,-11.22916
2023.12.07 22:00:00,-11.28708
2023.12.08 00:00:00,-11.32571
2023.12.08 02:00:00,-11.40302
2023.12.08 04:00:00,-11.49976
2023.12.08 06:00:00,-11.5191
2023.12.08 08:00:00,-11.49976
2023.12.08 10:00:00,-11.42236
2023.12.08 12:00:00,-11.11337
2023.12.08 14:00:00,-10.82443
2023.12.08 16:00:00,-10.70905
2023.12.08 18:00:00,-10.67062
2023.12.08 20:00:00,-10.6514
2023.12.08 22:00:00,-10.6322
2023.12.09 00:00:00,-10.6514
2023.12.09 02:00:00,-10.67062
2023.12.09 04:00:00,-10.67062
2023.12.09 06:00:00,-10.6322
2023.12.09 08:00:00,-10.53619
2023.12.09 10:00:00,-10.2869
2023.12.09 12:00:00,-10.01895
2023.12.09 14:00:00,-9.885162
2023.12.09 16:00:00,-9.961609
2023.12.09 18:00:00,-10.15286
2023.12.09 20:00:00,-10.36356
2023.12.09 22:00:00,-10.55539
2023.12.10 00:00:00,-10.70905
2023.12.10 02:00:00,-10.90143
2023.12.10 04:00:00,-11.11337
2023.12.10 06:00:00,-11.36435
2023.12.10 08:00:00,-11.5191
2023.12.10 10:00:00,-11.55783
2023.12.10 12:00:00,-11.44171
2023.12.10 14:00:00,-11.3837
2023.12.10 16:00:00,-11.42236
2023.12.10 18:00:00,-11.5191
2023.12.10 20:00:00,-11.59656
2023.12.10 22:00:00,-11.67407
2023.12.11 00:00:00,-11.71283
2023.12.11 02:00:00,-11.73224
2023.12.11 04:00:00,-11.71283
2023.12.11 06:00:00,-11.67407
2023.12.11 08:00:00,-11.55783
2023.12.11 10:00:00,-11.17123
2023.12.11 12:00:00,-10.6514
2023.12.11 14:00:00,-10.32523
2023.12.11 16:00:00,-10.2486
2023.12.11 18:00:00,-10.22943
2023.12.11 20:00:00,-10.2486
2023.12.11 22:00:00,-10.2869
2023.12.12 00:00:00,-10.30606
2023.12.12 02:00:00,-10.32523
2023.12.12 04:00:00,-10.34439
2023.12.12 06:00:00,-10.36356
2023.12.12 08:00:00,-10.32523
2023.12.12 10:00:00,-10.172
2023.12.12 12:00:00,-10.03809
2023.12.12 14:00:00,-9.999817
2023.12.12 16:00:00,-10.2103
2023.12.12 18:00:00,-10.44025
2023.12.12 20:00:00,-10.70905
2023.12.12 22:00:00,-11.01697
2023.12.13 00:00:00,-11.26776
2023.12.13 02:00:00,-11.48041
2023.12.13 04:00:00,-11.73224
2023.12.13 06:00:00,-11.98468
2023.12.13 08:00:00,-12.23776
2023.12.13 10:00:00,-12.41336
2023.12.13 12:00:00,-12.49152
2023.12.13 14:00:00,-12.66757
2023.12.13 16:00:00,-13.06009
2023.12.13 18:00:00,-13.4939
2023.12.13 20:00:00,-13.94989
2023.12.13 22:00:00,-14.42859
2023.12.14 00:00:00,-14.9104
2023.12.14 02:00:00,-15.39557
2023.12.14 04:00:00,-15.88428
2023.12.14 06:00:00,-16.33557
2023.12.14 08:00:00,-16.7695
2023.12.14 10:00:00,-17.08139
2023.12.14 12:00:00,-17.12311
2023.12.14 14:00:00,-17.14398
2023.12.14 16:00:00,-17.33214
2023.12.14 18:00:00,-17.62611
2023.12.14 20:00:00,-17.90051
2023.12.14 22:00:00,-18.17633
2023.12.15 00:00:00,-18.4536
2023.12.15 02:00:00,-18.68939
2023.12.15 04:00:00,-18.86157
2023.12.15 06:00:00,-18.96948
2023.12.15 08:00:00,-18.96948
2023.12.15 10:00:00,-18.79694
2023.12.15 12:00:00,-18.34679
2023.12.15 14:00:00,-17.90051
2023.12.15 16:00:00,-17.62611
2023.12.15 18:00:00,-17.33214
2023.12.15 20:00:00,-17.06055
2023.12.15 22:00:00,-16.95645
2023.12.16 00:00:00,-16.85251
2023.12.16 02:00:00,-16.74875
2023.12.16 04:00:00,-16.66589
2023.12.16 06:00:00,-16.60382
2023.12.16 08:00:00,-16.50052
2023.12.16 10:00:00,-16.31497
2023.12.16 12:00:00,-15.98654
2023.12.16 14:00:00,-15.72095
2023.12.16 16:00:00,-15.5784
2023.12.16 18:00:00,-15.43616
2023.12.16 20:00:00,-15.33472
2023.12.16 22:00:00,-15.21323
2023.12.17 00:00:00,-15.11212
2023.12.17 02:00:00,-15.05154
2023.12.17 04:00:00,-14.99103
2023.12.17 06:00:00,-14.95071
2023.12.17 08:00:00,-14.99103
2023.12.17 10:00:00,-14.99103
2023.12.17 12:00:00,-14.93054
2023.12.17 14:00:00,-14.89026
2023.12.17 16:00:00,-14.99103
2023.12.17 18:00:00,-15.13235
2023.12.17 20:00:00,-15.29419
2023.12.17 22:00:00,-15.45645
2023.12.18 00:00:00,-15.59875
2023.12.18 02:00:00,-15.72095
2023.12.18 04:00:00,-15.84341
2023.12.18 06:00:00,-15.94562
2023.12.18 08:00:00,-16.048
2023.12.18 10:00:00,-16.08899
2023.12.18 12:00:00,-15.96609
2023.12.18 14:00:00,-15.84341
2023.12.18 16:00:00,-15.82297
2023.12.18 18:00:00,-15.90472
2023.12.18 20:00:00,-16.00702
2023.12.18 22:00:00,-16.15054
2023.12.19 00:00:00,-16.27383
2023.12.19 02:00:00,-16.39737
2023.12.19 04:00:00,-16.4386
2023.12.19 06:00:00,-16.4386
2023.12.19 08:00:00,-16.31497
2023.12.19 10:00:00,-16.00702
2023.12.19 12:00:00,-15.61911
2023.12.19 14:00:00,-15.27396
2023.12.19 16:00:00,-15.03137
2023.12.19 18:00:00,-14.89026
2023.12.19 20:00:00,-14.85001
2023.12.19 22:00:00,-14.82986
2023.12.20 00:00:00,-14.80975
2023.12.20 02:00:00,-14.80975
2023.12.20 04:00:00,-14.74945
2023.12.20 06:00:00,-14.6691
2023.12.20 08:00:00,-14.50867
2023.12.20 10:00:00,-14.22876
2023.12.20 12:00:00,-13.85052
2023.12.20 14:00:00,-13.51367
2023.12.20 16:00:00,-13.37537
2023.12.20 18:00:00,-13.33588
2023.12.20 20:00:00,-13.39511
2023.12.20 22:00:00,-13.573
2023.12.21 00:00:00,-13.81082
2023.12.21 02:00:00,-14.0892
2023.12.21 04:00:00,-14.3486
2023.12.21 06:00:00,-14.6691
2023.12.21 08:00:00,-14.93054
2023.12.21 10:00:00,-14.95071
2023.12.21 12:00:00,-14.54874
2023.12.21 14:00:00,-14.3486
2023.12.21 16:00:00,-14.42859
2023.12.21 18:00:00,-14.60889
2023.12.21 20:00:00,-14.80975
2023.12.21 22:00:00,-15.03137
2023.12.22 00:00:00,-15.25369
2023.12.22 02:00:00,-15.47675
2023.12.22 04:00:00,-15.68021
2023.12.22 06:00:00,-15.86383
2023.12.22 08:00:00,-16.00702
2023.12.22 10:00:00,-15.90472
2023.12.22 12:00:00,-15.41586
2023.12.22 14:00:00,-15.15256
2023.12.22 16:00:00,-15.15256
2023.12.22 18:00:00,-15.09195
2023.12.22 20:00:00,-15.15256
2023.12.22 22:00:00,-15.21323
2023.12.23 00:00:00,-15.25369
2023.12.23 02:00:00,-15.37527
2023.12.23 04:00:00,-15.5174
2023.12.23 06:00:00,-15.65982
2023.12.23 08:00:00,-15.70056
2023.12.23 10:00:00,-15.0112
2023.12.23 12:00:00,-14.06927
2023.12.23 14:00:00,-13.87039
2023.12.23 16:00:00,-13.91013
2023.12.23 18:00:00,-14.04938
2023.12.23 20:00:00,-14.22876
2023.12.23 22:00:00,-14.44861
2023.12.24 00:00:00,-14.64902
2023.12.24 02:00:00,-14.87012
2023.12.24 04:00:00,-15.05154
2023.12.24 06:00:00,-15.21323
2023.12.24 08:00:00,-15.31445
2023.12.24 10:00:00,-15.09195
2023.12.24 12:00:00,-14.4686
2023.12.24 14:00:00,-13.96979
2023.12.24 16:00:00,-13.75131
2023.12.24 18:00:00,-13.63239
2023.12.24 20:00:00,-13.61261
2023.12.24 22:00:00,-13.51367
2023.12.25 00:00:00,-13.45435
2023.12.25 02:00:00,-13.39511
2023.12.25 04:00:00,-13.23727
2023.12.25 06:00:00,-13.25699
2023.12.25 08:00:00,-13.29642
2023.12.25 10:00:00,-13.09943
2023.12.25 12:00:00,-12.45242
2023.12.25 14:00:00,-12.27676
2023.12.25 16:00:00,-12.45242
2023.12.25 18:00:00,-12.68716
2023.12.25 20:00:00,-12.94214
2023.12.25 22:00:00,-13.17816
2023.12.26 00:00:00,-13.41486
2023.12.26 02:00:00,-13.63239
2023.12.26 04:00:00,-13.79099
2023.12.26 06:00:00,-13.85052
2023.12.26 08:00:00,-13.73148
2023.12.26 10:00:00,-13.31616
2023.12.26 12:00:00,-12.60886
2023.12.26 14:00:00,-12.39383
2023.12.26 16:00:00,-12.49152
2023.12.26 18:00:00,-12.58926
2023.12.26 20:00:00,-12.74594
2023.12.26 22:00:00,-12.92252
2023.12.27 00:00:00,-13.11911
2023.12.27 02:00:00,-13.25699
2023.12.27 04:00:00,-13.37537
2023.12.27 06:00:00,-13.55322
2023.12.27 08:00:00,-13.61261
2023.12.27 10:00:00,-13.15848
2023.12.27 12:00:00,-12.25726
2023.12.27 14:00:00,-12.06247
2023.12.27 16:00:00,-12.02356
2023.12.27 18:00:00,-12.08194
2023.12.27 20:00:00,-12.10141
2023.12.27 22:00:00,-12.10141
2023.12.28 00:00:00,-12.08194
2023.12.28 02:00:00,-12.10141
2023.12.28 04:00:00,-12.14035
2023.12.28 06:00:00,-12.17929
2023.12.28 08:00:00,-12.27676
2023.12.28 10:00:00,-12.31577
2023.12.28 12:00:00,-12.10141
2023.12.28 14:00:00,-12.02356
2023.12.28 16:00:00,-12.19879
2023.12.28 18:00:00,-12.43289
2023.12.28 20:00:00,-12.60886
2023.12.28 22:00:00,-12.72635
2023.12.29 00:00:00,-12.72635
2023.12.29 02:00:00,-12.80475
2023.12.29 04:00:00,-13.0011
2023.12.29 06:00:00,-13.19788
2023.12.29 08:00:00,-13.37537
2023.12.29 10:00:00,-13.37537
2023.12.29 12:00:00,-13.04041
2023.12.29 14:00:00,-12.66757
2023.12.29 16:00:00,-12.55014
2023.12.29 18:00:00,-12.62842
2023.12.29 20:00:00,-12.72635
2023.12.29 22:00:00,-12.80475
2023.12.30 00:00:00,-12.80475
2023.12.30 02:00:00,-12.86362
2023.12.30 04:00:00,-12.98145
2023.12.30 06:00:00,-13.13879
2023.12.30 08:00:00,-13.23727
2023.12.30 10:00:00,-13.19788
2023.12.30 12:00:00,-12.96179
2023.12.30 14:00:00,-12.86362
2023.12.30 16:00:00,-12.94214
2023.12.30 18:00:00,-13.07974
2023.12.30 20:00:00,-13.21756
2023.12.30 22:00:00,-13.35562
2023.12.31 00:00:00,-13.47412
2023.12.31 02:00:00,-13.5928
2023.12.31 04:00:00,-13.71164
2023.12.31 06:00:00,-13.89026
2023.12.31 08:00:00,-14.06927
2023.12.31 10:00:00,-14.14899
2023.12.31 12:00:00,-13.91013
2023.12.31 14:00:00,-13.73148
2023.12.31 16:00:00,-13.79099
2023.12.31 18:00:00,-13.93002
2023.12.31 20:00:00,-14.14899
2023.12.31 22:00:00,-14.38858
2024.01.01 00:00:00,-14.60889
2024.01.01 02:00:00,-14.82986
2024.01.01 04:00:00,-15.05154
2024.01.01 06:00:00,-15.23346
2024.01.01 08:00:00,-15.39557
2024.01.01 10:00:00,-15.39557
2024.01.01 12:00:00,-15.03137
2024.01.01 14:00:00,-14.80975
2024.01.01 16:00:00,-14.85001
2024.01.01 18:00:00,-14.97086
2024.01.01 20:00:00,-15.13235
2024.01.01 22:00:00,-15.29419
2024.01.02 00:00:00,-15.45645
2024.01.02 02:00:00,-15.5784
2024.01.02 04:00:00,-15.63947
2024.01.02 06:00:00,-15.70056
2024.01.02 08:00:00,-15.74136
2024.01.02 10:00:00,-15.59875
2024.01.02 12:00:00,-15.03137
2024.01.02 14:00:00,-14.60889
2024.01.02 16:00:00,-14.50867
2024.01.02 18:00:00,-14.56879
2024.01.02 20:00:00,-14.6691
2024.01.02 22:00:00,-14.76953
2024.01.03 00:00:00,-14.89026
2024.01.03 02:00:00,-15.05154
2024.01.03 04:00:00,-15.23346
2024.01.03 06:00:00,-15.41586
2024.01.03 08:00:00,-15.5174
2024.01.03 10:00:00,-15.31445
2024.01.03 12:00:00,-14.85001
2024.01.03 14:00:00,-14.50867
2024.01.03 16:00:00,-14.42859
2024.01.03 18:00:00,-14.54874
2024.01.03 20:00:00,-14.72934
2024.01.03 22:00:00,-14.95071
2024.01.04 00:00:00,-15.17276
2024.01.04 02:00:00,-15.33472
2024.01.04 04:00:00,-15.53772
2024.01.04 06:00:00,-15.65982
2024.01.04 08:00:00,-15.72095
2024.01.04 10:00:00,-15.59875
2024.01.04 12:00:00,-15.23346
2024.01.04 14:00:00,-14.95071
2024.01.04 16:00:00,-14.89026
2024.01.04 18:00:00,-14.95071
2024.01.04 20:00:00,-15.11212
2024.01.04 22:00:00,-15.29419
2024.01.05 00:00:00,-15.45645
2024.01.05 02:00:00,-15.59875
2024.01.05 04:00:00,-15.65982
2024.01.05 06:00:00,-15.68021
2024.01.05 08:00:00,-15.5784
2024.01.05 10:00:00,-15.33472
2024.01.05 12:00:00,-14.85001
2024.01.05 14:00:00,-14.48865
2024.01.05 16:00:00,-14.42859
2024.01.05 18:00:00,-14.48865
2024.01.05 20:00:00,-14.58884
2024.01.05 22:00:00,-14.58884
2024.01.06 00:00:00,-14.60889
2024.01.06 02:00:00,-14.6691
2024.01.06 04:00:00,-14.60889
2024.01.06 06:00:00,-14.56879
2024.01.06 08:00:00,-14.44861
2024.01.06 10:00:00,-14.10913
2024.01.06 12:00:00,-13.65219
2024.01.06 14:00:00,-13.39511
2024.01.06 16:00:00,-13.4346
2024.01.06 18:00:00,-13.53345
2024.01.06 20:00:00,-13.67203
2024.01.06 22:00:00,-13.79099
2024.01.07 00:00:00,-13.89026
2024.01.07 02:00:00,-13.91013
2024.01.07 04:00:00,-13.93002
2024.01.07 06:00:00,-13.98965
2024.01.07 08:00:00,-14.04938
2024.01.07 10:00:00,-14.00955
2024.01.07 12:00:00,-13.91013
2024.01.07 14:00:00,-13.69183
2024.01.07 16:00:00,-13.55322
2024.01.07 18:00:00,-13.53345
2024.01.07 20:00:00,-13.55322
2024.01.07 22:00:00,-13.69183
2024.01.08 00:00:00,-13.85052
2024.01.08 02:00:00,-13.98965
2024.01.08 04:00:00,-14.10913
2024.01.08 06:00:00,-14.2088
2024.01.08 08:00:00,-14.26868
2024.01.08 10:00:00,-14.16891
2024.01.08 12:00:00,-13.79099
2024.01.08 14:00:00,-13.45435
2024.01.08 16:00:00,-13.35562
2024.01.08 18:00:00,-13.37537
2024.01.08 20:00:00,-13.47412
2024.01.08 22:00:00,-13.61261
2024.01.09 00:00:00,-13.77115
2024.01.09 02:00:00,-13.94989
2024.01.09 04:00:00,-14.12906
2024.01.09 06:00:00,-14.32861
2024.01.09 08:00:00,-14.40857
2024.01.09 10:00:00,-14.30862
2024.01.09 12:00:00,-13.85052
2024.01.09 14:00:00,-13.47412
2024.01.09 16:00:00,-13.35562
2024.01.09 18:00:00,-13.41486
2024.01.09 20:00:00,-13.45435
2024.01.09 22:00:00,-13.51367
2024.01.10 00:00:00,-13.55322
2024.01.10 02:00:00,-13.573
2024.01.10 04:00:00,-13.61261
2024.01.10 06:00:00,-13.61261
2024.01.10 08:00:00,-13.573
2024.01.10 10:00:00,-13.35562
2024.01.10 12:00:00,-12.84399
2024.01.10 14:00:00,-12.49152
2024.01.10 16:00:00,-12.31577
2024.01.10 18:00:00,-12.27676
2024.01.10 20:00:00,-12.29626
2024.01.10 22:00:00,-12.41336
2024.01.11 00:00:00,-12.58926
2024.01.11 02:00:00,-12.74594
2024.01.11 04:00:00,-12.88324
2024.01.11 06:00:00,-12.94214
2024.01.11 08:00:00,-12.86362
2024.01.11 10:00:00,-12.3548
2024.01.11 12:00:00,-11.53845
2024.01.11 14:00:00,-11.0748
2024.01.11 16:00:00,-11.03625
2024.01.11 18:00:00,-11.0748
2024.01.11 20:00:00,-11.11337
2024.01.11 22:00:00,-11.24844
2024.01.12 00:00:00,-11.32571
2024.01.12 02:00:00,-11.36435
2024.01.12 04:00:00,-11.3837
2024.01.12 06:00:00,-11.46106
2024.01.12 08:00:00,-11.57718
2024.01.12 10:00:00,-11.55783
2024.01.12 12:00:00,-11.19055
2024.01.12 14:00:00,-10.97845
2024.01.12 16:00:00,-11.09409
2024.01.12 18:00:00,-11.22916
2024.01.12 20:00:00,-11.3064
2024.01.12 22:00:00,-11.3837
2024.01.13 00:00:00,-11.40302
2024.01.13 02:00:00,-11.40302
2024.01.13 04:00:00,-11.49976
2024.01.13 06:00:00,-11.63531
2024.01.13 08:00:00,-11.57718
2024.01.13 10:00:00,-11.03625
2024.01.13 12:00:00,-10.45944
2024.01.13 14:00:00,-10.44025
2024.01.13 16:00:00,-10.57458
2024.01.13 18:00:00,-10.72827
2024.01.13 20:00:00,-10.93994
2024.01.13 22:00:00,-11.11337
2024.01.14 00:00:00,-11.19055
2024.01.14 02:00:00,-11.28708
2024.01.14 04:00:00,-11.48041
2024.01.14 06:00:00,-11.59656
2024.01.14 08:00:00,-11.65469
2024.01.14 10:00:00,-11.5191
2024.01.14 12:00:00,-11.03625
2024.01.14 14:00:00,-10.68985
2024.01.14 16:00:00,-10.68985
2024.01.14 18:00:00,-10.86292
2024.01.14 20:00:00,-11.15195
2024.01.14 22:00:00,-11.3064
2024.01.15 00:00:00,-11.3064
2024.01.15 02:00:00,-11.3064
2024.01.15 04:00:00,-11.32571
2024.01.15 06:00:00,-11.24844
2024.01.15 08:00:00,-11.13266
2024.01.15 10:00:00,-10.82443
2024.01.15 12:00:00,-10.47861
2024.01.15 14:00:00,-10.2869
2024.01.15 16:00:00,-10.30606
2024.01.15 18:00:00,-10.47861
2024.01.15 20:00:00,-10.68985
2024.01.15 22:00:00,-10.80521
2024.01.16 00:00:00,-10.90143
2024.01.16 02:00:00,-10.97845
2024.01.16 04:00:00,-11.05551
2024.01.16 06:00:00,-11.11337
2024.01.16 08:00:00,-11.0748
2024.01.16 10:00:00,-10.99771
2024.01.16 12:00:00,-10.82443
2024.01.16 14:00:00,-10.7475
2024.01.16 16:00:00,-10.86292
2024.01.16 18:00:00,-11.09409
2024.01.16 20:00:00,-11.34503
2024.01.16 22:00:00,-11.61594
2024.01.17 00:00:00,-11.84866
2024.01.17 02:00:00,-12.00412
2024.01.17 04:00:00,-12.06247
2024.01.17 06:00:00,-12.08194
2024.01.17 08:00:00,-12.12088
2024.01.17 10:00:00,-12.04303
2024.01.17 12:00:00,-11.75162
2024.01.17 14:00:00,-11.59656
2024.01.17 16:00:00,-11.69345
2024.01.17 18:00:00,-11.90695
2024.01.17 20:00:00,-12.17929
2024.01.17 22:00:00,-12.47195
2024.01.18 00:00:00,-12.82437
2024.01.18 02:00:00,-13.11911
2024.01.18 04:00:00,-13.39511
2024.01.18 06:00:00,-13.71164
2024.01.18 08:00:00,-14.06927
2024.01.18 10:00:00,-14.30862
2024.01.18 12:00:00,-14.12906
2024.01.18 14:00:00,-13.96979
2024.01.18 16:00:00,-14.18884
2024.01.18 18:00:00,-14.50867
2024.01.18 20:00:00,-14.89026
2024.01.18 22:00:00,-15.23346
2024.01.19 00:00:00,-15.59875
2024.01.19 02:00:00,-15.90472
2024.01.19 04:00:00,-16.23273
2024.01.19 06:00:00,-16.52115
2024.01.19 08:00:00,-16.7695
2024.01.19 10:00:00,-16.81097
2024.01.19 12:00:00,-16.41797
2024.01.19 14:00:00,-15.92517
2024.01.19 16:00:00,-15.70056
2024.01.19 18:00:00,-15.68021
2024.01.19 20:00:00,-15.72095
2024.01.19 22:00:00,-15.78217
2024.01.20 00:00:00,-15.90472
2024.01.20 02:00:00,-16.00702
2024.01.20 04:00:00,-16.08899
2024.01.20 06:00:00,-16.17108
2024.01.20 08:00:00,-16.02753
2024.01.20 10:00:00,-15.70056
2024.01.20 12:00:00,-15.35501
2024.01.20 14:00:00,-15.07175
2024.01.20 16:00:00,-14.9104
2024.01.20 18:00:00,-14.87012
2024.01.20 20:00:00,-14.87012
2024.01.20 22:00:00,-14.85001
2024.01.21 00:00:00,-14.80975
2024.01.21 02:00:00,-14.76953
2024.01.21 04:00:00,-14.70926
2024.01.21 06:00:00,-14.64902
2024.01.21 08:00:00,-14.56879
2024.01.21 10:00:00,-14.4686
2024.01.21 12:00:00,-14.3486
2024.01.21 14:00:00,-14.22876
2024.01.21 16:00:00,-14.12906
2024.01.21 18:00:00,-14.02945
2024.01.21 20:00:00,-13.96979
2024.01.21 22:00:00,-13.91013
2024.01.22 00:00:00,-13.89026
2024.01.22 02:00:00,-13.85052
2024.01.22 04:00:00,-13.83069
2024.01.22 06:00:00,-13.81082
2024.01.22 08:00:00,-13.79099
2024.01.22 10:00:00,-13.77115
2024.01.22 12:00:00,-13.75131
2024.01.22 14:00:00,-13.71164
2024.01.22 16:00:00,-13.71164
2024.01.22 18:00:00,-13.73148
2024.01.22 20:00:00,-13.79099
2024.01.22 22:00:00,-13.89026
2024.01.23 00:00:00,-13.98965
2024.01.23 02:00:00,-14.06927
2024.01.23 04:00:00,-14.14899
2024.01.23 06:00:00,-14.22876
2024.01.23 08:00:00,-14.28864
2024.01.23 10:00:00,-14.32861
2024.01.23 12:00:00,-14.28864
2024.01.23 14:00:00,-14.22876
2024.01.23 16:00:00,-14.18884
2024.01.23 18:00:00,-14.2088
2024.01.23 20:00:00,-14.26868
2024.01.23 22:00:00,-14.32861
2024.01.24 00:00:00,-14.40857
2024.01.24 02:00:00,-14.50867
2024.01.24 04:00:00,-14.62894
2024.01.24 06:00:00,-14.76953
2024.01.24 08:00:00,-14.89026
2024.01.24 10:00:00,-15.03137
2024.01.24 12:00:00,-15.09195
2024.01.24 14:00:00,-15.09195
2024.01.24 16:00:00,-15.11212
2024.01.24 18:00:00,-15.17276
2024.01.24 20:00:00,-15.27396
2024.01.24 22:00:00,-15.39557
2024.01.25 00:00:00,-15.49707
2024.01.25 02:00:00,-15.55804
2024.01.25 04:00:00,-15.61911
2024.01.25 06:00:00,-15.68021
2024.01.25 08:00:00,-15.70056
2024.01.25 10:00:00,-15.70056
2024.01.25 12:00:00,-15.65982
2024.01.25 14:00:00,-15.5784
2024.01.25 16:00:00,-15.53772
2024.01.25 18:00:00,-15.55804
2024.01.25 20:00:00,-15.5784
2024.01.25 22:00:00,-15.55804
2024.01.26 00:00:00,-15.53772
2024.01.26 02:00:00,-15.53772
2024.01.26 04:00:00,-15.53772
2024.01.26 06:00:00,-15.5784
2024.01.26 08:00:00,-15.55804
2024.01.26 10:00:00,-15.55804
2024.01.26 12:00:00,-15.49707
2024.01.26 14:00:00,-15.39557
2024.01.26 16:00:00,-15.27396
2024.01.26 18:00:00,-15.17276
2024.01.26 20:00:00,-15.09195
2024.01.26 22:00:00,-15.05154
2024.01.27 00:00:00,-15.07175
2024.01.27 02:00:00,-15.09195
2024.01.27 04:00:00,-15.13235
2024.01.27 06:00:00,-15.17276
2024.01.27 08:00:00,-15.21323
2024.01.27 10:00:00,-15.25369
2024.01.27 12:00:00,-15.23346
2024.01.27 14:00:00,-15.13235
2024.01.27 16:00:00,-15.11212
2024.01.27 18:00:00,-15.13235
2024.01.27 20:00:00,-15.25369
2024.01.27 22:00:00,-15.37527
2024.01.28 00:00:00,-15.47675
2024.01.28 02:00:00,-15.53772
2024.01.28 04:00:00,-15.5784
2024.01.28 06:00:00,-15.59875
2024.01.28 08:00:00,-15.61911
2024.01.28 10:00:00,-15.61911
2024.01.28 12:00:00,-15.5174
2024.01.28 14:00:00,-15.31445
2024.01.28 16:00:00,-15.15256
2024.01.28 18:00:00,-15.03137
2024.01.28 20:00:00,-15.0112
2024.01.28 22:00:00,-15.03137
2024.01.29 00:00:00,-15.05154
2024.01.29 02:00:00,-15.09195
2024.01.29 04:00:00,-15.11212
2024.01.29 06:00:00,-15.13235
2024.01.29 08:00:00,-15.05154
2024.01.29 10:00:00,-14.87012
2024.01.29 12:00:00,-14.56879
2024.01.29 14:00:00,-14.26868
2024.01.29 16:00:00,-14.04938
2024.01.29 18:00:00,-13.94989
2024.01.29 20:00:00,-13.87039
2024.01.29 22:00:00,-13.79099
2024.01.30 00:00:00,-13.73148
2024.01.30 02:00:00,-13.73148
2024.01.30 04:00:00,-13.75131
2024.01.30 06:00:00,-13.83069
2024.01.30 08:00:00,-13.96979
2024.01.30 10:00:00,-14.06927
2024.01.30 12:00:00,-13.98965
2024.01.30 14:00:00,-13.85052
2024.01.30 16:00:00,-13.83069
2024.01.30 18:00:00,-13.89026
2024.01.30 20:00:00,-13.94989
2024.01.30 22:00:00,-13.98965
2024.01.31 00:00:00,-14.04938
2024.01.31 02:00:00,-14.0892
2024.01.31 04:00:00,-14.14899
2024.01.31 06:00:00,-14.2088
2024.01.31 08:00:00,-14.24872
2024.01.31 10:00:00,-14.24872
2024.01.31 12:00:00,-14.12906
2024.01.31 14:00:00,-14.02945
2024.01.31 16:00:00,-14.04938
2024.01.31 18:00:00,-14.14899
2024.01.31 20:00:00,-14.28864
2024.01.31 22:00:00,-14.42859
2024.02.01 00:00:00,-14.56879
2024.02.01 02:00:00,-14.76953
2024.02.01 04:00:00,-14.99103
2024.02.01 06:00:00,-15.21323
2024.02.01 08:00:00,-15.35501
2024.02.01 10:00:00,-15.37527
2024.02.01 12:00:00,-15.29419
2024.02.01 14:00:00,-15.17276
2024.02.01 16:00:00,-15.15256
2024.02.01 18:00:00,-15.23346
2024.02.01 20:00:00,-15.37527
2024.02.01 22:00:00,-15.47675
2024.02.02 00:00:00,-15.59875
2024.02.02 02:00:00,-15.72095
2024.02.02 04:00:00,-15.86383
2024.02.02 06:00:00,-16.00702
2024.02.02 08:00:00,-16.08899
2024.02.02 10:00:00,-16.02753
2024.02.02 12:00:00,-15.90472
2024.02.02 14:00:00,-15.78217
2024.02.02 16:00:00,-15.72095
2024.02.02 18:00:00,-15.82297
2024.02.02 20:00:00,-15.96609
2024.02.02 22:00:00,-16.15054
2024.02.03 00:00:00,-16.31497
2024.02.03 02:00:00,-16.50052
2024.02.03 04:00:00,-16.68658
2024.02.03 06:00:00,-16.85251
2024.02.03 08:00:00,-17.08139
2024.02.03 10:00:00,-17.16486
2024.02.03 12:00:00,-16.99805
2024.02.03 14:00:00,-16.79022
2024.02.03 16:00:00,-16.66589
2024.02.03 18:00:00,-16.6452
2024.02.03 20:00:00,-16.66589
2024.02.03 22:00:00,-16.72803
2024.02.04 00:00:00,-16.74875
2024.02.04 02:00:00,-16.81097
2024.02.04 04:00:00,-16.89404
2024.02.04 06:00:00,-16.97723
2024.02.04 08:00:00,-16.95645
2024.02.04 10:00:00,-16.79022
2024.02.04 12:00:00,-16.41797
2024.02.04 14:00:00,-16.06851
2024.02.04 16:00:00,-15.94562
2024.02.04 18:00:00,-15.98654
2024.02.04 20:00:00,-16.15054
2024.02.04 22:00:00,-16.35617
2024.02.05 00:00:00,-16.56247
2024.02.05 02:00:00,-16.79022
2024.02.05 04:00:00,-16.99805
2024.02.05 06:00:00,-17.22752
2024.02.05 08:00:00,-17.395
2024.02.05 10:00:00,-17.33214
2024.02.05 12:00:00,-16.83173
2024.02.05 14:00:00,-16.27383
2024.02.05 16:00:00,-16.13004
2024.02.05 18:00:00,-16.19162
2024.02.05 20:00:00,-16.35617
2024.02.05 22:00:00,-16.50052
2024.02.06 00:00:00,-16.66589
2024.02.06 02:00:00,-16.79022
2024.02.06 04:00:00,-16.95645
2024.02.06 06:00:00,-17.12311
2024.02.06 08:00:00,-17.24843
2024.02.06 10:00:00,-17.22752
2024.02.06 12:00:00,-16.91486
2024.02.06 14:00:00,-16.50052
2024.02.06 16:00:00,-16.4386
2024.02.06 18:00:00,-16.54181
2024.02.06 20:00:00,-16.68658
2024.02.06 22:00:00,-16.87329
2024.02.07 00:00:00,-17.08139
2024.02.07 02:00:00,-17.3112
2024.02.07 04:00:00,-17.49994
2024.02.07 06:00:00,-17.64717
2024.02.07 08:00:00,-17.68932
2024.02.07 10:00:00,-17.56299
2024.02.07 12:00:00,-17.16486
2024.02.07 14:00:00,-16.68658
2024.02.07 16:00:00,-16.45923
2024.02.07 18:00:00,-16.50052
2024.02.07 20:00:00,-16.56247
2024.02.07 22:00:00,-16.66589
2024.02.08 00:00:00,-16.66589
2024.02.08 02:00:00,-16.6452
2024.02.08 04:00:00,-16.54181
2024.02.08 06:00:00,-16.39737
2024.02.08 08:00:00,-16.19162
2024.02.08 10:00:00,-15.90472
2024.02.08 12:00:00,-15.53772
2024.02.08 14:00:00,-15.19299
2024.02.08 16:00:00,-14.99103
2024.02.08 18:00:00,-14.9104
2024.02.08 20:00:00,-14.9104
2024.02.08 22:00:00,-14.95071
2024.02.09 00:00:00,-15.09195
2024.02.09 02:00:00,-15.29419
2024.02.09 04:00:00,-15.47675
2024.02.09 06:00:00,-15.68021
2024.02.09 08:00:00,-15.82297
2024.02.09 10:00:00,-15.82297
2024.02.09 12:00:00,-15.49707
2024.02.09 14:00:00,-15.11212
2024.02.09 16:00:00,-14.97086
2024.02.09 18:00:00,-14.99103
2024.02.09 20:00:00,-15.09195
2024.02.09 22:00:00,-15.17276
2024.02.10 00:00:00,-15.21323
2024.02.10 02:00:00,-15.37527
2024.02.10 04:00:00,-15.53772
2024.02.10 06:00:00,-15.72095
2024.02.10 08:00:00,-15.88428
2024.02.10 10:00:00,-15.88428
2024.02.10 12:00:00,-15.5784
2024.02.10 14:00:00,-15.13235
2024.02.10 16:00:00,-14.9104
2024.02.10 18:00:00,-14.9104
2024.02.10 20:00:00,-14.99103
2024.02.10 22:00:00,-15.09195
2024.02.11 00:00:00,-15.19299
2024.02.11 02:00:00,-15.29419
2024.02.11 04:00:00,-15.43616
2024.02.11 06:00:00,-15.55804
2024.02.11 08:00:00,-15.65982
2024.02.11 10:00:00,-15.5784
2024.02.11 12:00:00,-15.17276
2024.02.11 14:00:00,-14.62894
2024.02.11 16:00:00,-14.48865
2024.02.11 18:00:00,-14.48865
2024.02.11 20:00:00,-14.56879
2024.02.11 22:00:00,-14.62894
2024.02.12 00:00:00,-14.70926
2024.02.12 02:00:00,-14.74945
2024.02.12 04:00:00,-14.76953
2024.02.12 06:00:00,-14.76953
2024.02.12 08:00:00,-14.70926
2024.02.12 10:00:00,-14.30862
2024.02.12 12:00:00,-13.23727
2024.02.12 14:00:00,-12.74594
2024.02.12 16:00:00,-12.82437
2024.02.12 18:00:00,-12.94214
2024.02.12 20:00:00,-12.98145
2024.02.12 22:00:00,-13.02075
2024.02.13 00:00:00,-13.09943
2024.02.13 02:00:00,-13.15848
2024.02.13 04:00:00,-13.17816
2024.02.13 06:00:00,-13.23727
2024.02.13 08:00:00,-13.19788
2024.02.13 10:00:00,-13.07974
2024.02.13 12:00:00,-12.86362
2024.02.13 14:00:00,-12.62842
2024.02.13 16:00:00,-12.5697
2024.02.13 18:00:00,-12.70676
2024.02.13 20:00:00,-12.88324
2024.02.13 22:00:00,-13.13879
2024.02.14 00:00:00,-13.4346
2024.02.14 02:00:00,-13.73148
2024.02.14 04:00:00,-13.93002
2024.02.14 06:00:00,-14.0892
2024.02.14 08:00:00,-14.0892
2024.02.14 10:00:00,-13.96979
2024.02.14 12:00:00,-13.69183
2024.02.14 14:00:00,-13.35562
2024.02.14 16:00:00,-13.11911
2024.02.14 18:00:00,-12.98145
2024.02.14 20:00:00,-12.90286
2024.02.14 22:00:00,-12.82437
2024.02.15 00:00:00,-12.86362
2024.02.15 02:00:00,-12.98145
2024.02.15 04:00:00,-13.13879
2024.02.15 06:00:00,-13.21756
2024.02.15 08:00:00,-13.13879
2024.02.15 10:00:00,-12.84399
2024.02.15 12:00:00,-12.31577
2024.02.15 14:00:00,-11.8681
2024.02.15 16:00:00,-11.65469
2024.02.15 18:00:00,-11.63531
2024.02.15 20:00:00,-11.67407
2024.02.15 22:00:00,-11.69345
2024.02.16 00:00:00,-11.67407
2024.02.16 02:00:00,-11.63531
2024.02.16 04:00:00,-11.57718
2024.02.16 06:00:00,-11.49976
2024.02.16 08:00:00,-11.3837
2024.02.16 10:00:00,-11.15195
2024.02.16 12:00:00,-10.97845
2024.02.16 14:00:00,-10.76672
2024.02.16 16:00:00,-10.6514
2024.02.16 18:00:00,-10.6322
2024.02.16 20:00:00,-10.6322
2024.02.16 22:00:00,-10.6322
2024.02.17 00:00:00,-10.6514
2024.02.17 02:00:00,-10.72827
2024.02.17 04:00:00,-10.99771
2024.02.17 06:00:00,-11.46106
2024.02.17 08:00:00,-11.98468
2024.02.17 10:00:00,-12.25726
2024.02.17 12:00:00,-12.21826
2024.02.17 14:00:00,-12.02356
2024.02.17 16:00:00,-12.06247
2024.02.17 18:00:00,-12.29626
2024.02.17 20:00:00,-12.5697
2024.02.17 22:00:00,-12.84399
2024.02.18 00:00:00,-13.07974
2024.02.18 02:00:00,-13.2767
2024.02.18 04:00:00,-13.41486
2024.02.18 06:00:00,-13.51367
2024.02.18 08:00:00,-13.47412
2024.02.18 10:00:00,-13.11911
2024.02.18 12:00:00,-12.45242
2024.02.18 14:00:00,-11.96524
2024.02.18 16:00:00,-11.80984
2024.02.18 18:00:00,-11.84866
2024.02.18 20:00:00,-11.9458
2024.02.18 22:00:00,-12.04303
2024.02.19 00:00:00,-12.14035
2024.02.19 02:00:00,-12.23776
2024.02.19 04:00:00,-12.29626
2024.02.19 06:00:00,-12.3548
2024.02.19 08:00:00,-12.3548
2024.02.19 10:00:00,-12.10141
2024.02.19 12:00:00,-11.67407
2024.02.19 14:00:00,-11.34503
2024.02.19 16:00:00,-11.26776
2024.02.19 18:00:00,-11.34503
2024.02.19 20:00:00,-11.44171
2024.02.19 22:00:00,-11.55783
2024.02.20 00:00:00,-11.67407
2024.02.20 02:00:00,-11.79044
2024.02.20 04:00:00,-11.92636
2024.02.20 06:00:00,-12.10141
2024.02.20 08:00:00,-12.31577
2024.02.20 10:00:00,-12.47195
2024.02.20 12:00:00,-12.47195
2024.02.20 14:00:00,-12.39383
2024.02.20 16:00:00,-12.3548
2024.02.20 18:00:00,-12.3743
2024.02.20 20:00:00,-12.43289
2024.02.20 22:00:00,-12.53061
2024.02.21 00:00:00,-12.64798
2024.02.21 02:00:00,-12.82437
2024.02.21 04:00:00,-12.98145
2024.02.21 06:00:00,-13.13879
2024.02.21 08:00:00,-13.2767
2024.02.21 10:00:00,-13.35562
2024.02.21 12:00:00,-13.29642
2024.02.21 14:00:00,-13.13879
2024.02.21 16:00:00,-13.17816
2024.02.21 18:00:00,-13.37537
2024.02.21 20:00:00,-13.63239
2024.02.21 22:00:00,-13.91013
2024.02.22 00:00:00,-14.2088
2024.02.22 02:00:00,-14.48865
2024.02.22 04:00:00,-14.76953
2024.02.22 06:00:00,-15.03137
2024.02.22 08:00:00,-15.19299
2024.02.22 10:00:00,-15.23346
2024.02.22 12:00:00,-15.07175
2024.02.22 14:00:00,-14.82986
2024.02.22 16:00:00,-14.76953
2024.02.22 18:00:00,-14.89026
2024.02.22 20:00:00,-15.07175
2024.02.22 22:00:00,-15.29419
2024.02.23 00:00:00,-15.5174
2024.02.23 02:00:00,-15.74136
2024.02.23 04:00:00,-15.90472
2024.02.23 06:00:00,-16.00702
2024.02.23 08:00:00,-15.98654
2024.02.23 10:00:00,-15.78217
2024.02.23 12:00:00,-15.43616
2024.02.23 14:00:00,-15.09195
2024.02.23 16:00:00,-14.89026
2024.02.23 18:00:00,-14.87012
2024.02.23 20:00:00,-14.93054
2024.02.23 22:00:00,-14.99103
2024.02.24 00:00:00,-15.07175
2024.02.24 02:00:00,-15.13235
2024.02.24 04:00:00,-15.21323
2024.02.24 06:00:00,-15.29419
2024.02.24 08:00:00,-15.31445
2024.02.24 10:00:00,-15.17276
2024.02.24 12:00:00,-14.85001
2024.02.24 14:00:00,-14.48865
2024.02.24 16:00:00,-14.3486
2024.02.24 18:00:00,-14.40857
2024.02.24 20:00:00,-14.54874
2024.02.24 22:00:00,-14.76953
2024.02.25 00:00:00,-14.97086
2024.02.25 02:00:00,-15.19299
2024.02.25 04:00:00,-15.37527
2024.02.25 06:00:00,-15.53772
2024.02.25 08:00:00,-15.5784
2024.02.25 10:00:00,-15.45645
2024.02.25 12:00:00,-15.07175
2024.02.25 14:00:00,-14.60889
2024.02.25 16:00:00,-14.38858
2024.02.25 18:00:00,-14.36859
2024.02.25 20:00:00,-14.44861
2024.02.25 22:00:00,-14.56879
2024.02.26 00:00:00,-14.68918
2024.02.26 02:00:00,-14.78964
2024.02.26 04:00:00,-14.89026
2024.02.26 06:00:00,-14.95071
2024.02.26 08:00:00,-14.97086
2024.02.26 10:00:00,-14.80975
2024.02.26 12:00:00,-14.38858
2024.02.26 14:00:00,-13.94989
2024.02.26 16:00:00,-13.77115
2024.02.26 18:00:00,-13.79099
2024.02.26 20:00:00,-13.85052
2024.02.26 22:00:00,-13.91013
2024.02.27 00:00:00,-14.02945
2024.02.27 02:00:00,-14.24872
2024.02.27 04:00:00,-14.42859
2024.02.27 06:00:00,-14.58884
2024.02.27 08:00:00,-14.70926
2024.02.27 10:00:00,-14.74945
2024.02.27 12:00:00,-14.62894
2024.02.27 14:00:00,-14.42859
2024.02.27 16:00:00,-14.36859
2024.02.27 18:00:00,-14.4686
2024.02.27 20:00:00,-14.62894
2024.02.27 22:00:00,-14.85001
2024.02.28 00:00:00,-15.11212
2024.02.28 02:00:00,-15.39557
2024.02.28 04:00:00,-15.68021
2024.02.28 06:00:00,-16.00702
2024.02.28 08:00:00,-16.2944
2024.02.28 10:00:00,-16.47986
2024.02.28 12:00:00,-16.41797
2024.02.28 14:00:00,-16.13004
2024.02.28 16:00:00,-15.94562
2024.02.28 18:00:00,-15.96609
2024.02.28 20:00:00,-16.02753
2024.02.28 22:00:00,-16.17108
2024.02.29 00:00:00,-16.31497
2024.02.29 02:00:00,-16.47986
2024.02.29 04:00:00,-16.66589
2024.02.29 06:00:00,-16.83173
2024.02.29 08:00:00,-16.99805
2024.02.29 10:00:00,-17.0397
2024.02.29 12:00:00,-16.85251
2024.02.29 14:00:00,-16.45923
2024.02.29 16:00:00,-16.21216
2024.02.29 18:00:00,-16.17108
2024.02.29 20:00:00,-16.19162
2024.02.29 22:00:00,-16.23273
2024.03.01 00:00:00,-16.23273
2024.03.01 02:00:00,-16.2944
2024.03.01 04:00:00,-16.35617
2024.03.01 06:00:00,-16.41797
2024.03.01 08:00:00,-16.45923
2024.03.01 10:00:00,-16.41797
2024.03.01 12:00:00,-16.15054
2024.03.01 14:00:00,-15.70056
2024.03.01 16:00:00,-15.37527
2024.03.01 18:00:00,-15.25369
2024.03.01 20:00:00,-15.23346
2024.03.01 22:00:00,-15.25369
2024.03.02 00:00:00,-15.25369
2024.03.02 02:00:00,-15.25369
2024.03.02 04:00:00,-15.23346
2024.03.02 06:00:00,-15.17276
2024.03.02 08:00:00,-15.09195
2024.03.02 10:00:00,-14.82986
2024.03.02 12:00:00,-14.40857
2024.03.02 14:00:00,-13.94989
2024.03.02 16:00:00,-13.67203
2024.03.02 18:00:00,-13.55322
2024.03.02 20:00:00,-13.4939
2024.03.02 22:00:00,-13.45435
2024.03.03 00:00:00,-13.4346
2024.03.03 02:00:00,-13.4346
2024.03.03 04:00:00,-13.39511
2024.03.03 06:00:00,-13.37537
2024.03.03 08:00:00,-13.2767
2024.03.03 10:00:00,-13.06009
2024.03.03 12:00:00,-12.82437
2024.03.03 14:00:00,-12.60886
2024.03.03 16:00:00,-12.49152
2024.03.03 18:00:00,-12.45242
2024.03.03 20:00:00,-12.45242
2024.03.03 22:00:00,-12.49152
2024.03.04 00:00:00,-12.58926
2024.03.04 02:00:00,-12.70676
2024.03.04 04:00:00,-12.84399
2024.03.04 06:00:00,-12.96179
2024.03.04 08:00:00,-13.04041
2024.03.04 10:00:00,-13.06009
2024.03.04 12:00:00,-12.92252
2024.03.04 14:00:00,-12.72635
2024.03.04 16:00:00,-12.60886
2024.03.04 18:00:00,-12.60886
2024.03.04 20:00:00,-12.70676
2024.03.04 22:00:00,-12.84399
2024.03.05 00:00:00,-13.02075
2024.03.05 02:00:00,-13.19788
2024.03.05 04:00:00,-13.37537
2024.03.05 06:00:00,-13.55322
2024.03.05 08:00:00,-13.71164
2024.03.05 10:00:00,-13.83069
2024.03.05 12:00:00,-13.75131
2024.03.05 14:00:00,-13.53345
2024.03.05 16:00:00,-13.37537
2024.03.05 18:00:00,-13.37537
2024.03.05 20:00:00,-13.45435
2024.03.05 22:00:00,-13.5928
2024.03.06 00:00:00,-13.75131
2024.03.06 02:00:00,-13.93002
2024.03.06 04:00:00,-14.06927
2024.03.06 06:00:00,-14.2088
2024.03.06 08:00:00,-14.32861
2024.03.06 10:00:00,-14.3486
2024.03.06 12:00:00,-14.2088
2024.03.06 14:00:00,-13.91013
2024.03.06 16:00:00,-13.65219
2024.03.06 18:00:00,-13.55322
2024.03.06 20:00:00,-13.53345
2024.03.06 22:00:00,-13.55322
2024.03.07 00:00:00,-13.573
2024.03.07 02:00:00,-13.61261
2024.03.07 04:00:00,-13.69183
2024.03.07 06:00:00,-13.79099
2024.03.07 08:00:00,-13.85052
2024.03.07 10:00:00,-13.81082
2024.03.07 12:00:00,-13.5928
2024.03.07 14:00:00,-13.25699
2024.03.07 16:00:00,-13.0011
2024.03.07 18:00:00,-12.94214
2024.03.07 20:00:00,-12.98145
2024.03.07 22:00:00,-13.06009
2024.03.08 00:00:00,-13.15848
2024.03.08 02:00:00,-13.29642
2024.03.08 04:00:00,-13.41486
2024.03.08 06:00:00,-13.53345
2024.03.08 08:00:00,-13.63239
2024.03.08 10:00:00,-13.63239
2024.03.08 12:00:00,-13.4346
2024.03.08 14:00:00,-13.09943
2024.03.08 16:00:00,-12.86362
2024.03.08 18:00:00,-12.78516
2024.03.08 20:00:00,-12.82437
2024.03.08 22:00:00,-12.90286
2024.03.09 00:00:00,-13.04041
2024.03.09 02:00:00,-13.19788
2024.03.09 04:00:00,-13.39511
2024.03.09 06:00:00,-13.573
2024.03.09 08:00:00,-13.75131
2024.03.09 10:00:00,-13.81082
2024.03.09 12:00:00,-13.63239
2024.03.09 14:00:00,-13.23727
2024.03.09 16:00:00,-12.98145
2024.03.09 18:00:00,-12.86362
2024.03.09 20:00:00,-12.80475
2024.03.09 22:00:00,-12.78516
2024.03.10 00:00:00,-12.78516
2024.03.10 02:00:00,-12.78516
2024.03.10 04:00:00,-12.74594
2024.03.10 06:00:00,-12.72635
2024.03.10 08:00:00,-12.66757
2024.03.10 10:00:00,-12.47195
2024.03.10 12:00:00,-11.8681
2024.03.10 14:00:00,-11.13266
2024.03.10 16:00:00,-10.84369
2024.03.10 18:00:00,-10.92068
2024.03.10 20:00:00,-11.03625
2024.03.10 22:00:00,-11.22916
2024.03.11 00:00:00,-11.36435
2024.03.11 02:00:00,-11.49976
2024.03.11 04:00:00,-11.69345
2024.03.11 06:00:00,-11.8681
2024.03.11 08:00:00,-11.98468
2024.03.11 10:00:00,-11.88751
2024.03.11 12:00:00,-11.42236
2024.03.11 14:00:00,-10.76672
2024.03.11 16:00:00,-10.44025
2024.03.11 18:00:00,-10.47861
2024.03.11 20:00:00,-10.70905
2024.03.11 22:00:00,-10.97845
2024.03.12 00:00:00,-11.28708
2024.03.12 02:00:00,-11.59656
2024.03.12 04:00:00,-11.88751
2024.03.12 06:00:00,-12.10141
2024.03.12 08:00:00,-12.00412
2024.03.12 10:00:00,-11.49976
2024.03.12 12:00:00,-10.67062
2024.03.12 14:00:00,-9.827881
2024.03.12 16:00:00,-9.598907
2024.03.12 18:00:00,-9.732422
2024.03.12 20:00:00,-9.904266
2024.03.12 22:00:00,-10.15286
2024.03.13 00:00:00,-10.36356
2024.03.13 02:00:00,-10.53619
2024.03.13 04:00:00,-10.67062
2024.03.13 06:00:00,-10.70905
2024.03.13 08:00:00,-10.2869
2024.03.13 10:00:00,-9.522644
2024.03.13 12:00:00,-8.837982
2024.03.13 14:00:00,-8.496643
2024.03.13 16:00:00,-8.5914
2024.03.13 18:00:00,-8.875946
2024.03.13 20:00:00,-9.141937
2024.03.13 22:00:00,-9.427399
2024.03.14 00:00:00,-9.770599
2024.03.14 02:00:00,-10.2103
2024.03.14 04:00:00,-10.70905
2024.03.14 06:00:00,-11.22916
2024.03.14 08:00:00,-11.65469
2024.03.14 10:00:00,-11.71283
2024.03.14 12:00:00,-11.40302
2024.03.14 14:00:00,-11.03625
2024.03.14 16:00:00,-11.0748
2024.03.14 18:00:00,-11.28708
2024.03.14 20:00:00,-11.5191
2024.03.14 22:00:00,-11.69345
2024.03.15 00:00:00,-11.88751
2024.03.15 02:00:00,-12.12088
2024.03.15 04:00:00,-12.53061
2024.03.15 06:00:00,-13.07974
2024.03.15 08:00:00,-13.51367
2024.03.15 10:00:00,-13.29642
2024.03.15 12:00:00,-12.47195
2024.03.15 14:00:00,-11.57718
2024.03.15 16:00:00,-11.79044
2024.03.15 18:00:00,-12.3548
2024.03.15 20:00:00,-12.80475
2024.03.15 22:00:00,-13.17816
2024.03.16 00:00:00,-13.55322
2024.03.16 02:00:00,-13.85052
2024.03.16 04:00:00,-14.0892
2024.03.16 06:00:00,-14.14899
2024.03.16 08:00:00,-13.93002
2024.03.16 10:00:00,-13.41486
2024.03.16 12:00:00,-12.68716
2024.03.16 14:00:00,-12.3548
2024.03.16 16:00:00,-12.3743
2024.03.16 18:00:00,-12.70676
2024.03.16 20:00:00,-13.09943
2024.03.16 22:00:00,-13.51367
2024.03.17 00:00:00,-13.93002
2024.03.17 02:00:00,-14.36859
2024.03.17 04:00:00,-14.78964
2024.03.17 06:00:00,-15.17276
2024.03.17 08:00:00,-15.43616
2024.03.17 10:00:00,-15.29419
2024.03.17 12:00:00,-14.58884
2024.03.17 14:00:00,-13.65219
2024.03.17 16:00:00,-13.23727
2024.03.17 18:00:00,-13.23727
2024.03.17 20:00:00,-13.4346
2024.03.17 22:00:00,-13.69183
2024.03.18 00:00:00,-13.96979
2024.03.18 02:00:00,-14.24872
2024.03.18 04:00:00,-14.50867
2024.03.18 06:00:00,-14.78964
2024.03.18 08:00:00,-14.95071
2024.03.18 10:00:00,-14.62894
2024.03.18 12:00:00,-13.71164
2024.03.18 14:00:00,-12.49152
2024.03.18 16:00:00,-11.61594
2024.03.18 18:00:00,-11.55783
2024.03.18 20:00:00,-11.79044
2024.03.18 22:00:00,-12.10141
2024.03.19 00:00:00,-12.41336
2024.03.19 02:00:00,-12.68716
2024.03.19 04:00:00,-12.98145
2024.03.19 06:00:00,-13.19788
2024.03.19 08:00:00,-13.15848
2024.03.19 10:00:00,-12.55014
2024.03.19 12:00:00,-11.40302
2024.03.19 14:00:00,-10.19113
2024.03.19 16:00:00,-9.617981
2024.03.19 18:00:00,-9.56076
2024.03.19 20:00:00,-9.579834
2024.03.19 22:00:00,-9.579834
2024.03.20 00:00:00,-9.617981
2024.03.20 02:00:00,-9.637024
2024.03.20 04:00:00,-9.656097
2024.03.20 06:00:00,-9.56076
2024.03.20 08:00:00,-9.16095
2024.03.20 10:00:00,-8.45874
2024.03.20 12:00:00,-7.607819
2024.03.20 14:00:00,-6.10083
2024.03.20 16:00:00,-5.612
2024.03.20 18:00:00,-5.574402
2024.03.20 20:00:00,-5.705994
2024.03.20 22:00:00,-5.875183
2024.03.21 00:00:00,-6.025604
2024.03.21 02:00:00,-6.176056
2024.03.21 04:00:00,-6.270111
2024.03.21 06:00:00,-6.345367
2024.03.21 08:00:00,-6.382996
2024.03.21 10:00:00,-6.307739
2024.03.21 12:00:00,-6.138458
2024.03.21 14:00:00,-5.893982
2024.03.21 16:00:00,-5.724792
2024.03.21 18:00:00,-5.705994
2024.03.21 20:00:00,-5.76239
2024.03.21 22:00:00,-5.912781
2024.03.22 00:00:00,-6.138458
2024.03.22 02:00:00,-6.382996
2024.03.22 04:00:00,-6.684143
2024.03.22 06:00:00,-6.985474
2024.03.22 08:00:00,-7.211639
2024.03.22 10:00:00,-7.230499
2024.03.22 12:00:00,-6.928955
2024.03.22 14:00:00,-6.495911
2024.03.22 16:00:00,-6.28894
2024.03.22 18:00:00,-6.345367
2024.03.22 20:00:00,-6.571198
2024.03.22 22:00:00,-6.797119
2024.03.23 00:00:00,-6.966644
2024.03.23 02:00:00,-7.117401
2024.03.23 04:00:00,-7.268188
2024.03.23 06:00:00,-7.437958
2024.03.23 08:00:00,-7.607819
2024.03.23 10:00:00,-7.570038
2024.03.23 12:00:00,-6.420624
2024.03.23 14:00:00,-0.4397278
2024.03.23 16:00:00,-2.790161
2024.03.23 18:00:00,-3.562653
2024.03.23 20:00:00,-4.446716
2024.03.23 22:00:00,-5.236084
2024.03.24 00:00:00,-5.875183
2024.03.24 02:00:00,-6.420624
2024.03.24 04:00:00,-6.966644
2024.03.24 06:00:00,-7.456818
2024.03.24 08:00:00,-7.777771
2024.03.24 10:00:00,-7.645569
2024.03.24 12:00:00,-7.060852
2024.03.24 14:00:00,-6.401825
2024.03.24 16:00:00,-6.063232
2024.03.24 18:00:00,-6.232483
2024.03.24 20:00:00,-6.533539
2024.03.24 22:00:00,-6.928955
2024.03.25 00:00:00,-7.362488
2024.03.25 02:00:00,-7.73999
2024.03.25 04:00:00,-8.118011
2024.03.25 06:00:00,-8.439789
2024.03.25 08:00:00,-8.572449
2024.03.25 10:00:00,-8.250458
2024.03.25 12:00:00,-6.721802
2024.03.25 14:00:00,-2.318237
2024.03.25 16:00:00,-3.412048
2024.03.25 18:00:00,-4.333923
2024.03.25 20:00:00,-5.160919
2024.03.25 22:00:00,-5.875183
2024.03.26 00:00:00,-6.571198
2024.03.26 02:00:00,-7.19278
2024.03.26 04:00:00,-7.777771
2024.03.26 06:00:00,-8.2883
2024.03.26 08:00:00,-8.5914
2024.03.26 10:00:00,-8.250458
2024.03.26 12:00:00,-7.13623
2024.03.26 14:00:00,-3.581482
2024.03.26 16:00:00,-2.676971
2024.03.26 18:00:00,-3.091827
2024.03.26 20:00:00,-3.826111
2024.03.26 22:00:00,-4.484314
2024.03.27 00:00:00,-4.935394
2024.03.27 02:00:00,-5.217285
2024.03.27 04:00:00,-5.574402
2024.03.27 06:00:00,-6.006805
2024.03.27 08:00:00,-6.082031
2024.03.27 10:00:00,-5.217285
2024.03.27 12:00:00,-1.712921
2024.03.27 14:00:00,-1.143921
2024.03.27 16:00:00,-0.934845
2024.03.27 18:00:00,-0.8587646
2024.03.27 20:00:00,-1.029907
2024.03.27 22:00:00,-1.56134
2024.03.28 00:00:00,-1.996857
2024.03.28 02:00:00,-2.45047
2024.03.28 04:00:00,-3.016418
2024.03.28 06:00:00,-3.525024
2024.03.28 08:00:00,-3.487366
2024.03.28 10:00:00,-2.204865
2024.03.28 12:00:00,-1.105927
2024.03.28 14:00:00,-0.8397522
2024.03.28 16:00:00,-0.6874695
2024.03.28 18:00:00,-0.7065125
2024.03.28 20:00:00,-1.257843
2024.03.28 22:00:00,-2.034698
2024.03.29 00:00:00,-2.733582
2024.03.29 02:00:00,-3.299042
2024.03.29 04:00:00,-3.675598
2024.03.29 06:00:00,-3.863739
2024.03.29 08:00:00,-3.393219
2024.03.29 10:00:00,-1.826538
2024.03.29 12:00:00,-1.143921
2024.03.29 14:00:00,-0.8397522
2024.03.29 16:00:00,-0.7065125
2024.03.29 18:00:00,-1.314789
2024.03.29 20:00:00,-2.337128
2024.03.29 22:00:00,-2.997589
2024.03.30 00:00:00,-3.525024
2024.03.30 02:00:00,-4.108276
2024.03.30 04:00:00,-4.503113
2024.03.30 06:00:00,-4.202301
2024.03.30 08:00:00,-3.167175
2024.03.30 10:00:00,-2.148132
2024.03.30 12:00:00,-1.769745
2024.03.30 14:00:00,-1.902252
2024.03.30 16:00:00,-2.110321
2024.03.30 18:00:00,-2.280457
2024.03.30 20:00:00,-2.43158
2024.03.30 22:00:00,-2.563721
2024.03.31 00:00:00,-2.733582
2024.03.31 02:00:00,-2.92218
2024.03.31 04:00:00,-3.091827
2024.03.31 06:00:00,-3.223694
2024.03.31 08:00:00,-3.299042
2024.03.31 10:00:00,-3.317902
2024.03.31 12:00:00,-3.242554
2024.03.31 14:00:00,-3.167175
2024.03.31 16:00:00,-3.204865
2024.03.31 18:00:00,-3.336731
2024.03.31 20:00:00,-3.487366
2024.03.31 22:00:00,-3.656769
2024.04.01 00:00:00,-3.826111
2024.04.01 02:00:00,-3.995422
2024.04.01 04:00:00,-4.145874
2024.04.01 06:00:00,-4.277496
2024.04.01 08:00:00,-4.371521
2024.04.01 10:00:00,-4.39032
2024.04.01 12:00:00,-4.371521
2024.04.01 14:00:00,-4.315125
2024.04.01 16:00:00,-4.315125
2024.04.01 18:00:00,-4.427917
2024.04.01 20:00:00,-4.597076
2024.04.01 22:00:00,-4.766235
2024.04.02 00:00:00,-4.954193
2024.04.02 02:00:00,-5.14212
2024.04.02 04:00:00,-5.29248
2024.04.02 06:00:00,-5.442841
2024.04.02 08:00:00,-5.574402
2024.04.02 10:00:00,-5.630798
2024.04.02 12:00:00,-5.518005
2024.04.02 14:00:00,-5.311279
2024.04.02 16:00:00,-5.236084
2024.04.02 18:00:00,-5.29248
2024.04.02 20:00:00,-5.442841
2024.04.02 22:00:00,-5.612
2024.04.03 00:00:00,-5.799988
2024.04.03 02:00:00,-5.950378
2024.04.03 04:00:00,-6.119629
2024.04.03 06:00:00,-6.270111
2024.04.03 08:00:00,-6.345367
2024.04.03 10:00:00,-6.270111
2024.04.03 12:00:00,-6.10083
2024.04.03 14:00:00,-5.93158
2024.04.03 16:00:00,-5.856384
2024.04.03 18:00:00,-5.875183
2024.04.03 20:00:00,-5.950378
2024.04.03 22:00:00,-6.044403
2024.04.04 00:00:00,-6.157257
2024.04.04 02:00:00,-6.270111
2024.04.04 04:00:00,-6.401825
2024.04.04 06:00:00,-6.514709
2024.04.04 08:00:00,-6.533539
2024.04.04 10:00:00,-6.401825
2024.04.04 12:00:00,-6.138458
2024.04.04 14:00:00,-5.912781
2024.04.04 16:00:00,-5.781189
2024.04.04 18:00:00,-5.799988
2024.04.04 20:00:00,-5.912781
2024.04.04 22:00:00,-6.025604
2024.04.05 00:00:00,-6.176056
2024.04.05 02:00:00,-6.345367
2024.04.05 04:00:00,-6.514709
2024.04.05 06:00:00,-6.684143
2024.04.05 08:00:00,-6.797119
2024.04.05 10:00:00,-6.740631
2024.04.05 12:00:00,-6.514709
2024.04.05 14:00:00,-6.28894
2024.04.05 16:00:00,-6.176056
2024.04.05 18:00:00,-6.157257
2024.04.05 20:00:00,-6.157257
2024.04.05 22:00:00,-6.213684
2024.04.06 00:00:00,-6.307739
2024.04.06 02:00:00,-6.439453
2024.04.06 04:00:00,-6.589996
2024.04.06 06:00:00,-6.740631
2024.04.06 08:00:00,-6.853607
2024.04.06 10:00:00,-6.815948
2024.04.06 12:00:00,-6.627655
2024.04.06 14:00:00,-6.364166
2024.04.06 16:00:00,-6.194885
2024.04.06 18:00:00,-6.176056
2024.04.06 20:00:00,-6.251312
2024.04.06 22:00:00,-6.307739
2024.04.07 00:00:00,-6.345367
2024.04.07 02:00:00,-6.382996
2024.04.07 04:00:00,-6.458252
2024.04.07 06:00:00,-6.533539
2024.04.07 08:00:00,-6.589996
2024.04.07 10:00:00,-6.495911
2024.04.07 12:00:00,-6.232483
2024.04.07 14:00:00,-5.988007
2024.04.07 16:00:00,-5.856384
2024.04.07 18:00:00,-5.818787
2024.04.07 20:00:00,-5.856384
2024.04.07 22:00:00,-5.93158
2024.04.08 00:00:00,-6.025604
2024.04.08 02:00:00,-6.138458
2024.04.08 04:00:00,-6.28894
2024.04.08 06:00:00,-6.420624
2024.04.08 08:00:00,-6.495911
2024.04.08 10:00:00,-6.477081
2024.04.08 12:00:00,-6.232483
2024.04.08 14:00:00,-5.875183
2024.04.08 16:00:00,-5.630798
2024.04.08 18:00:00,-5.461639
2024.04.08 20:00:00,-5.480408
2024.04.08 22:00:00,-5.536804
2024.04.09 00:00:00,-5.649597
2024.04.09 02:00:00,-5.799988
2024.04.09 04:00:00,-5.969208
2024.04.09 06:00:00,-6.082031
2024.04.09 08:00:00,-6.10083
2024.04.09 10:00:00,-5.912781
2024.04.09 12:00:00,-5.461639
2024.04.09 14:00:00,-3.280212
2024.04.09 16:00:00,-2.129242
2024.04.09 18:00:00,-1.996857
2024.04.09 20:00:00,-2.299347
2024.04.09 22:00:00,-2.695831
2024.04.10 00:00:00,-3.129517
2024.04.10 02:00:00,-3.562653
2024.04.10 04:00:00,-3.938995
2024.04.10 06:00:00,-4.239899
2024.04.10 08:00:00,-4.39032
2024.04.10 10:00:00,-4.164703
2024.04.10 12:00:00,-2.733582
2024.04.10 14:00:00,-1.731873
2024.04.10 16:00:00,-1.352753
2024.04.10 18:00:00,-1.371704
2024.04.10 20:00:00,-1.86441
2024.04.10 22:00:00,-2.46933
2024.04.11 00:00:00,-3.035278
2024.04.11 02:00:00,-3.600311
2024.04.11 04:00:00,-4.164703
2024.04.11 06:00:00,-4.634674
2024.04.11 08:00:00,-4.822632
2024.04.11 10:00:00,-4.277496
2024.04.11 12:00:00,-2.714691
2024.04.11 14:00:00,-1.769745
2024.04.11 16:00:00,-1.390686
2024.04.11 18:00:00,-1.352753
2024.04.11 20:00:00,-2.034698
2024.04.11 22:00:00,-2.790161
2024.04.12 00:00:00,-3.37439
2024.04.12 02:00:00,-3.807312
2024.04.12 04:00:00,-4.051849
2024.04.12 06:00:00,-4.014252
2024.04.12 08:00:00,-3.788483
2024.04.12 10:00:00,-3.261383
2024.04.12 12:00:00,-1.977936
2024.04.12 14:00:00,-1.409637
2024.04.12 16:00:00,-1.124908
2024.04.12 18:00:00,-1.029907
2024.04.12 20:00:00,-1.428619
2024.04.12 22:00:00,-1.977936
2024.04.13 00:00:00,-2.356018
2024.04.13 02:00:00,-2.601471
2024.04.13 04:00:00,-2.92218
2024.04.13 06:00:00,-3.204865
2024.04.13 08:00:00,-3.072968
2024.04.13 10:00:00,-2.318237
2024.04.13 12:00:00,-1.428619
2024.04.13 14:00:00,-1.04892
2024.04.13 16:00:00,-0.8397522
2024.04.13 18:00:00,-0.7255554
2024.04.13 20:00:00,-0.6874695
2024.04.13 22:00:00,-0.8587646
2024.04.14 00:00:00,-1.04892
2024.04.14 02:00:00,-1.200897
2024.04.14 04:00:00,-1.371704
2024.04.14 06:00:00,-1.352753
2024.04.14 08:00:00,-1.086914
2024.04.14 10:00:00,-0.7826538
2024.04.14 12:00:00,-0.6112671
2024.04.14 14:00:00,-0.5159912
2024.04.14 16:00:00,-0.4778442
2024.04.14 18:00:00,-0.4397278
2024.04.14 20:00:00,-0.4206543
2024.04.14 22:00:00,-0.5350647
2024.04.15 00:00:00,-0.8587646
2024.04.15 02:00:00,-1.200897
2024.04.15 04:00:00,-1.523438
2024.04.15 06:00:00,-1.485504
2024.04.15 08:00:00,-0.9728699
2024.04.15 10:00:00,-0.6684265
2024.04.15 12:00:00,-0.5350647
2024.04.15 14:00:00,-0.4397278
2024.04.15 16:00:00,-0.3825073
2024.04.15 18:00:00,-0.3443298
2024.04.15 20:00:00,-0.3252563
2024.04.15 22:00:00,-0.3252563
2024.04.16 00:00:00,-0.4015808
2024.04.16 02:00:00,-0.5159912
2024.04.16 04:00:00,-0.7065125
2024.04.16 06:00:00,-0.6303406
2024.04.16 08:00:00,-0.4778442
2024.04.16 10:00:00,-0.3634033
2024.04.16 12:00:00,-0.3061523
2024.04.16 14:00:00,-0.2870789
2024.04.16 16:00:00,-0.2679749
2024.04.16 18:00:00,-0.2488708
2024.04.16 20:00:00,-0.2488708
2024.04.16 22:00:00,-0.4206543
2024.04.17 00:00:00,-0.7255554
2024.04.17 02:00:00,-0.9728699
2024.04.17 04:00:00,-1.238861
2024.04.17 06:00:00,-1.181885
2024.04.17 08:00:00,-0.9158325
2024.04.17 10:00:00,-0.5541077
2024.04.17 12:00:00,-0.4206543
2024.04.17 14:00:00,-0.3443298
2024.04.17 16:00:00,-0.3061523
2024.04.17 18:00:00,-0.2870789
2024.04.17 20:00:00,-0.3825073
2024.04.17 22:00:00,-0.9728699
2024.04.18 00:00:00,-1.675049
2024.04.18 02:00:00,-2.280457
2024.04.18 04:00:00,-2.790161
2024.04.18 06:00:00,-3.035278
2024.04.18 08:00:00,-2.053589
2024.04.18 10:00:00,-1.105927
2024.04.18 12:00:00,-0.7065125
2024.04.18 14:00:00,-0.5159912
2024.04.18 16:00:00,-0.4015808
2024.04.18 18:00:00,-0.4588013
2024.04.18 20:00:00,-0.7636108
2024.04.18 22:00:00,-1.599243
2024.04.19 00:00:00,-2.204865
2024.04.19 02:00:00,-2.620361
2024.04.19 04:00:00,-2.752441
2024.04.19 06:00:00,-1.996857
2024.04.19 08:00:00,-1.029907
2024.04.19 10:00:00,-0.6303406
2024.04.19 12:00:00,-0.4397278
2024.04.19 14:00:00,-0.3443298
2024.04.19 16:00:00,-0.2870789
2024.04.19 18:00:00,-0.2679749
2024.04.19 20:00:00,-0.2679749
2024.04.19 22:00:00,-0.4015808
2024.04.20 00:00:00,-0.9158325
2024.04.20 02:00:00,-1.447571
2024.04.20 04:00:00,-1.788666
2024.04.20 06:00:00,-1.04892
2024.04.20 08:00:00,-0.5350647
2024.04.20 10:00:00,-0.3443298
2024.04.20 12:00:00,-0.2679749
2024.04.20 14:00:00,-0.2106934
2024.04.20 16:00:00,-0.1724854
2024.04.20 18:00:00,-0.1533813
2024.04.20 20:00:00,-0.1724854
2024.04.20 22:00:00,-0.4588013
2024.04.21 00:00:00,-0.8207092
2024.04.21 02:00:00,-1.333771
2024.04.21 04:00:00,-1.807617
2024.04.21 06:00:00,-1.769745
2024.04.21 08:00:00,-0.9158325
2024.04.21 10:00:00,-0.3061523
2024.04.21 12:00:00,-0.1724854
2024.04.21 14:00:00,-0.1151428
2024.04.21 16:00:00,-0.09603882
2024.04.21 18:00:00,-0.07693481
2024.04.21 20:00:00,-0.1151428
2024.04.21 22:00:00,-0.3252563
2024.04.22 00:00:00,-0.4397278
2024.04.22 02:00:00,-0.6493835
2024.04.22 04:00:00,-0.8397522
2024.04.22 06:00:00,-0.5731812
2024.04.22 08:00:00,-0.2488708
2024.04.22 10:00:00,-0.09603882
2024.04.22 12:00:00,-0.07693481
2024.04.22 14:00:00,-0.05780029
2024.04.22 16:00:00,-0.05780029
2024.04.22 18:00:00,-0.05780029
2024.04.22 20:00:00,-0.05780029
2024.04.22 22:00:00,-0.2488708
2024.04.23 00:00:00,-0.3634033
2024.04.23 02:00:00,-0.4588013
2024.04.23 04:00:00,-0.5541077
2024.04.23 06:00:00,-0.4015808
2024.04.23 08:00:00,-0.1342773
2024.04.23 10:00:00,-0.03869629
2024.04.23 12:00:00,-0.01956177
2024.04.23 14:00:00,-0.03869629
2024.04.23 16:00:00,-0.05780029
2024.04.23 18:00:00,-0.03869629
2024.04.23 20:00:00,-0.03869629
2024.04.23 22:00:00,-0.03869629
2024.04.24 00:00:00,-0.03869629
2024.04.24 02:00:00,-0.03869629
2024.04.24 04:00:00,-0.03869629
2024.04.24 06:00:00,-0.03869629
2024.04.24 08:00:00,-0.03869629
2024.04.24 10:00:00,-0.03869629
2024.04.24 12:00:00,-0.03869629
2024.04.24 14:00:00,-0.03869629
2024.04.24 16:00:00,-0.03869629
2024.04.24 18:00:00,-0.03869629
2024.04.24 20:00:00,-0.03869629
2024.04.24 22:00:00,-0.03869629
2024.04.25 00:00:00,-0.01956177
2024.04.25 02:00:00,-0.03869629
2024.04.25 04:00:00,-0.03869629
2024.04.25 06:00:00,-0.03869629
2024.04.25 08:00:00,-0.03869629
2024.04.25 10:00:00,-0.03869629
2024.04.25 12:00:00,-0.03869629
2024.04.25 14:00:00,-0.03869629
2024.04.25 16:00:00,-0.03869629
2024.04.25 18:00:00,-0.01956177
2024.04.25 20:00:00,-0.03869629
2024.04.25 22:00:00,-0.01956177
2024.04.26 00:00:00,-0.03869629
2024.04.26 02:00:00,-0.03869629
2024.04.26 04:00:00,-0.03869629
2024.04.26 06:00:00,-0.03869629
2024.04.26 08:00:00,-0.05780029
2024.04.26 10:00:00,-0.03869629
2024.04.26 12:00:00,-0.03869629
2024.04.26 14:00:00,-0.01956177
2024.04.26 16:00:00,-0.03869629
2024.04.26 18:00:00,-0.01956177
2024.04.26 20:00:00,-0.03869629
2024.04.26 22:00:00,-0.03869629
2024.04.27 00:00:00,-0.05780029
2024.04.27 02:00:00,-0.2106934
2024.04.27 04:00:00,-0.3061523
2024.04.27 06:00:00,-0.1915894
2024.04.27 08:00:00,-0.09603882
2024.04.27 10:00:00,-0.0004272461
2024.04.27 12:00:00,0.03781128
2024.04.27 14:00:00,0.1335144
2024.04.27 16:00:00,0.03781128
2024.04.27 18:00:00,-0.03869629
2024.04.27 20:00:00,-0.09603882
2024.04.27 22:00:00,-0.1724854
2024.04.28 00:00:00,-0.2297974
2024.04.28 02:00:00,-0.2488708
2024.04.28 04:00:00,-0.2488708
2024.04.28 06:00:00,-0.1342773
2024.04.28 08:00:00,-0.01956177
2024.04.28 10:00:00,0.09524536
2024.04.28 12:00:00,0.09524536
2024.04.28 14:00:00,-0.0004272461
2024.04.28 16:00:00,-0.01956177
2024.04.28 18:00:00,-0.01956177
2024.04.28 20:00:00,-0.01956177
2024.04.28 22:00:00,-0.01956177
2024.04.29 00:00:00,-0.03869629
2024.04.29 02:00:00,-0.05780029
2024.04.29 04:00:00,-0.09603882
2024.04.29 06:00:00,-0.05780029
2024.04.29 08:00:00,-0.05780029
2024.04.29 10:00:00,0.07611084
2024.04.29 12:00:00,0.4401855
2024.04.29 14:00:00,0.3442688
2024.04.29 16:00:00,0.01870728
2024.04.29 18:00:00,-0.01956177
2024.04.29 20:00:00,-0.01956177
2024.04.29 22:00:00,-0.01956177
2024.04.30 00:00:00,-0.01956177
2024.04.30 02:00:00,-0.01956177
2024.04.30 04:00:00,-0.03869629
2024.04.30 06:00:00,-0.03869629
2024.04.30 08:00:00,-0.01956177
2024.04.30 10:00:00,-0.01956177
2024.04.30 12:00:00,0.728302
2024.04.30 14:00:00,0.1143799
2024.04.30 16:00:00,-0.01956177
2024.04.30 18:00:00,-0.01956177
2024.04.30 20:00:00,-0.05780029
2024.04.30 22:00:00,-0.09603882
2024.05.01 00:00:00,-0.1151428
2024.05.01 02:00:00,-0.1342773
2024.05.01 04:00:00,-0.1342773
2024.05.01 06:00:00,-0.05780029
2024.05.01 08:00:00,0.2484436
2024.05.01 10:00:00,0.5553589
2024.05.01 12:00:00,1.519226
2024.05.01 14:00:00,0.2101135
2024.05.01 16:00:00,0.01870728
2024.05.01 18:00:00,-0.0004272461
2024.05.01 20:00:00,-0.01956177
2024.05.01 22:00:00,-0.01956177
2024.05.02 00:00:00,-0.01956177
2024.05.02 02:00:00,-0.01956177
2024.05.02 04:00:00,-0.03869629
2024.05.02 06:00:00,-0.03869629
2024.05.02 08:00:00,-0.03869629
2024.05.02 10:00:00,-0.01956177
2024.05.02 12:00:00,-0.01956177
2024.05.02 14:00:00,-0.01956177
2024.05.02 16:00:00,-0.01956177
2024.05.02 18:00:00,-0.01956177
2024.05.02 20:00:00,-0.03869629
2024.05.02 22:00:00,-0.03869629
2024.05.03 00:00:00,-0.1724854
2024.05.03 02:00:00,-0.4206543
2024.05.03 04:00:00,-0.5541077
2024.05.03 06:00:00,-0.5350647
2024.05.03 08:00:00,-0.2870789
2024.05.03 10:00:00,-0.1342773
2024.05.03 12:00:00,-0.09603882
2024.05.03 14:00:00,-0.01956177
2024.05.03 16:00:00,-0.01956177
2024.05.03 18:00:00,-0.01956177
2024.05.03 20:00:00,-0.03869629
2024.05.03 22:00:00,-0.2488708
2024.05.04 00:00:00,-0.4397278
2024.05.04 02:00:00,-0.3252563
2024.05.04 04:00:00,-0.2488708
2024.05.04 06:00:00,-0.1151428
2024.05.04 08:00:00,-0.0004272461
2024.05.04 10:00:00,1.441833
2024.05.04 12:00:00,1.422485
2024.05.04 14:00:00,1.480499
2024.05.04 16:00:00,1.132751
2024.05.04 18:00:00,0.1335144
2024.05.04 20:00:00,-0.03869629
2024.05.04 22:00:00,-0.05780029
2024.05.05 00:00:00,-0.09603882
2024.05.05 02:00:00,-0.1915894
2024.05.05 04:00:00,-0.2297974
2024.05.05 06:00:00,-0.1724854
2024.05.05 08:00:00,0.3059387
2024.05.05 10:00:00,2.608551
2024.05.05 12:00:00,3.848602
2024.05.05 14:00:00,3.709991
2024.05.05 16:00:00,2.00415
2024.05.05 18:00:00,0.8052368
2024.05.05 20:00:00,0.0569458
2024.05.05 22:00:00,-0.1533813
2024.05.06 00:00:00,-0.1151428
2024.05.06 02:00:00,-0.1151428
2024.05.06 04:00:00,-0.2297974
2024.05.06 06:00:00,-0.1915894
2024.05.06 08:00:00,-0.0004272461
2024.05.06 10:00:00,2.432709
2024.05.06 12:00:00,3.29541
2024.05.06 14:00:00,3.749573
2024.05.06 16:00:00,1.751709
2024.05.06 18:00:00,0.5745544
2024.05.06 20:00:00,0.2292786
2024.05.06 22:00:00,0.1143799
2024.05.07 00:00:00,0.01870728
2024.05.07 02:00:00,-0.01956177
2024.05.07 04:00:00,-0.03869629
2024.05.07 06:00:00,-0.05780029
2024.05.07 08:00:00,-0.03869629
2024.05.07 10:00:00,-0.01956177
2024.05.07 12:00:00,1.73233
2024.05.07 14:00:00,4.685181
2024.05.07 16:00:00,3.591339
2024.05.07 18:00:00,1.017059
2024.05.07 20:00:00,-0.0004272461
2024.05.07 22:00:00,-0.4206543
2024.05.08 00:00:00,-0.8397522
2024.05.08 02:00:00,-1.162903
2024.05.08 04:00:00,-1.219879
2024.05.08 06:00:00,-0.7826538
2024.05.08 08:00:00,-0.1533813
2024.05.08 10:00:00,2.101379
2024.05.08 12:00:00,5.753632
2024.05.08 14:00:00,9.341217
2024.05.08 16:00:00,8.424805
2024.05.08 18:00:00,4.645142
2024.05.08 20:00:00,2.101379
2024.05.08 22:00:00,0.7475281
2024.05.09 00:00:00,0.0569458
2024.05.09 02:00:00,-0.1915894
2024.05.09 04:00:00,-0.3252563
2024.05.09 06:00:00,-0.1724854
2024.05.09 08:00:00,0.2292786
2024.05.09 10:00:00,3.848602
2024.05.09 12:00:00,6.365387
2024.05.09 14:00:00,10.40393
2024.05.09 16:00:00,11.19824
2024.05.09 18:00:00,7.127411
2024.05.09 20:00:00,4.226013
2024.05.09 22:00:00,1.809906
2024.05.10 00:00:00,0.3059387
2024.05.10 02:00:00,-0.2870789
2024.05.10 04:00:00,-0.1533813
2024.05.10 06:00:00,0.8822327
2024.05.10 08:00:00,4.665161
2024.05.10 10:00:00,7.940369
2024.05.10 12:00:00,8.150513
2024.05.10 14:00:00,6.34491
2024.05.10 16:00:00,4.245941
2024.05.10 18:00:00,1.538574
2024.05.10 20:00:00,0.4017944
2024.05.10 22:00:00,-0.3061523
2024.05.11 00:00:00,-0.4588013
2024.05.11 02:00:00,-0.7826538
2024.05.11 04:00:00,-0.7255554
2024.05.11 06:00:00,0.9400024
2024.05.11 08:00:00,3.729767
2024.05.11 10:00:00,6.632141
2024.05.11 12:00:00,9.255371
2024.05.11 14:00:00,8.382538
2024.05.11 16:00:00,5.5914
2024.05.11 18:00:00,4.027161
2024.05.11 20:00:00,2.921936
2024.05.11 22:00:00,1.848724
2024.05.12 00:00:00,1.055603
2024.05.12 02:00:00,0.1526794
2024.05.12 04:00:00,-0.2870789
2024.05.12 06:00:00,1.036346
2024.05.12 08:00:00,3.334808
2024.05.12 10:00:00,6.591034
2024.05.12 12:00:00,9.513336
2024.05.12 14:00:00,8.913208
2024.05.12 16:00:00,7.210297
2024.05.12 18:00:00,5.550873
2024.05.12 20:00:00,4.027161
2024.05.12 22:00:00,2.549896
2024.05.13 00:00:00,1.519226
2024.05.13 02:00:00,1.07489
2024.05.13 04:00:00,0.728302
2024.05.13 06:00:00,0.9207458
2024.05.13 08:00:00,2.00415
2024.05.13 10:00:00,2.101379
2024.05.13 12:00:00,3.630859
2024.05.13 14:00:00,7.148132
2024.05.13 16:00:00,6.283508
2024.05.13 18:00:00,4.166321
2024.05.13 20:00:00,2.510834
2024.05.13 22:00:00,1.171356
2024.05.14 00:00:00,0.2101135
2024.05.14 02:00:00,-0.4778442
2024.05.14 04:00:00,-0.8587646
2024.05.14 06:00:00,-0.6493835
2024.05.14 08:00:00,-0.1342773
2024.05.14 10:00:00,2.14032
2024.05.14 12:00:00,6.673279
2024.05.14 14:00:00,10.0329
2024.05.14 16:00:00,10.46967
2024.05.14 18:00:00,7.044617
2024.05.14 20:00:00,4.325623
2024.05.14 22:00:00,2.608551
2024.05.15 00:00:00,1.267883
2024.05.15 02:00:00,0.59375
2024.05.15 04:00:00,0.1335144
2024.05.15 06:00:00,0.09524536
2024.05.15 08:00:00,0.8629761
2024.05.15 10:00:00,4.945892
2024.05.15 12:00:00,9.062653
2024.05.15 14:00:00,12.18607
2024.05.15 16:00:00,12.57306
2024.05.15 18:00:00,8.977203
2024.05.15 20:00:00,6.058838
2024.05.15 22:00:00,4.365479
2024.05.16 00:00:00,3.177307
2024.05.16 02:00:00,2.15979
2024.05.16 04:00:00,1.403137
2024.05.16 06:00:00,1.364471
2024.05.16 08:00:00,2.88269
2024.05.16 10:00:00,5.2276
2024.05.16 12:00:00,8.573029
2024.05.16 14:00:00,9.837494
2024.05.16 16:00:00,8.827972
2024.05.16 18:00:00,6.65271
2024.05.16 20:00:00,4.945892
2024.05.16 22:00:00,3.334808
2024.05.17 00:00:00,2.863098
2024.05.17 02:00:00,2.413177
2024.05.17 04:00:00,1.945831
2024.05.17 06:00:00,1.674164
2024.05.17 08:00:00,3.256012
2024.05.17 10:00:00,7.334869
2024.05.17 12:00:00,7.023926
2024.05.17 14:00:00,7.334869
2024.05.17 16:00:00,5.997711
2024.05.17 18:00:00,4.106659
2024.05.17 20:00:00,3.118317
2024.05.17 22:00:00,2.374176
2024.05.18 00:00:00,1.771118
2024.05.18 02:00:00,1.248566
2024.05.18 04:00:00,0.8244629
2024.05.18 06:00:00,0.7090759
2024.05.18 08:00:00,4.086792
2024.05.18 10:00:00,7.563843
2024.05.18 12:00:00,8.129456
2024.05.18 14:00:00,9.599609
2024.05.18 16:00:00,8.679108
2024.05.18 18:00:00,6.549957
2024.05.18 20:00:00,4.885651
2024.05.18 22:00:00,3.492584
2024.05.19 00:00:00,2.17926
2024.05.19 02:00:00,1.635406
2024.05.19 04:00:00,1.055603
2024.05.19 06:00:00,0.8437195
2024.05.19 08:00:00,3.828796
2024.05.19 10:00:00,3.967621
2024.05.19 12:00:00,4.186218
2024.05.19 14:00:00,3.039703
2024.05.19 16:00:00,2.02359
2024.05.19 18:00:00,1.635406
2024.05.19 20:00:00,1.345154
2024.05.19 22:00:00,1.132751
2024.05.20 00:00:00,0.9400024
2024.05.20 02:00:00,0.7667542
2024.05.20 04:00:00,0.6321716
2024.05.20 06:00:00,0.4977417
2024.05.20 08:00:00,3.334808
2024.05.20 10:00:00,3.059357
2024.05.20 12:00:00,3.512329
2024.05.20 14:00:00,3.020081
2024.05.20 16:00:00,3.729767
2024.05.20 18:00:00,2.530365
2024.05.20 20:00:00,1.829315
2024.05.20 22:00:00,1.441833
2024.05.21 00:00:00,1.209961
2024.05.21 02:00:00,1.017059
2024.05.21 04:00:00,0.8629761
2024.05.21 06:00:00,0.728302
2024.05.21 08:00:00,0.6513977
2024.05.21 10:00:00,0.6321716
2024.05.21 12:00:00,2.491272
2024.05.21 14:00:00,5.895905
2024.05.21 16:00:00,5.429504
2024.05.21 18:00:00,3.848602
2024.05.21 20:00:00,2.237701
2024.05.21 22:00:00,1.364471
2024.05.22 00:00:00,0.9014893
2024.05.22 02:00:00,0.1335144
2024.05.22 04:00:00,0.07611084
2024.05.22 06:00:00,0.07611084
2024.05.22 08:00:00,0.9207458
2024.05.22 10:00:00,4.465271
2024.05.22 12:00:00,6.591034
2024.05.22 14:00:00,8.742859
2024.05.22 16:00:00,8.53064
2024.05.22 18:00:00,5.95697
2024.05.22 20:00:00,3.729767
2024.05.22 22:00:00,2.569458
2024.05.23 00:00:00,1.364471
2024.05.23 02:00:00,1.480499
2024.05.23 04:00:00,1.461151
2024.05.23 06:00:00,1.984711
2024.05.23 08:00:00,1.519226
2024.05.23 10:00:00,1.267883
2024.05.23 12:00:00,1.306519
2024.05.23 14:00:00,3.393951
2024.05.23 16:00:00,3.749573
2024.05.23 18:00:00,2.413177
2024.05.23 20:00:00,1.848724
2024.05.23 22:00:00,1.519226
2024.05.24 00:00:00,1.267883
2024.05.24 02:00:00,1.07489
2024.05.24 04:00:00,0.8629761
2024.05.24 06:00:00,0.7090759
2024.05.24 08:00:00,0.6129761
2024.05.24 10:00:00,1.132751
2024.05.24 12:00:00,6.058838
2024.05.24 14:00:00,7.438843
2024.05.24 16:00:00,6.714417
2024.05.24 18:00:00,4.685181
2024.05.24 20:00:00,3.729767
2024.05.24 22:00:00,2.88269
2024.05.25 00:00:00,2.374176
2024.05.25 02:00:00,2.00415
2024.05.25 04:00:00,1.712921
2024.05.25 06:00:00,1.480499
2024.05.25 08:00:00,1.306519
2024.05.25 10:00:00,1.209961
2024.05.25 12:00:00,3.709991
2024.05.25 14:00:00,7.751831
2024.05.25 16:00:00,7.877441
2024.05.25 18:00:00,5.611633
2024.05.25 20:00:00,3.967621
2024.05.25 22:00:00,2.725952
2024.05.26 00:00:00,1.771118
2024.05.26 02:00:00,1.345154
2024.05.26 04:00:00,1.094177
2024.05.26 06:00:00,1.441833
2024.05.26 08:00:00,2.804291
2024.05.26 10:00:00,4.74527
2024.05.26 12:00:00,5.247772
2024.05.26 14:00:00,5.409271
2024.05.26 16:00:00,4.76532
2024.05.26 18:00:00,2.569458
2024.05.26 20:00:00,1.848724
2024.05.26 22:00:00,1.557922
2024.05.27 00:00:00,1.345154
2024.05.27 02:00:00,1.113464
2024.05.27 04:00:00,0.8437195
2024.05.27 06:00:00,0.6321716
2024.05.27 08:00:00,0.4977417
2024.05.27 10:00:00,0.4977417
2024.05.27 12:00:00,0.5361328
2024.05.27 14:00:00,4.186218
2024.05.27 16:00:00,5.91626
2024.05.27 18:00:00,3.315094
2024.05.27 20:00:00,1.267883
2024.05.27 22:00:00,0.3059387
2024.05.28 00:00:00,-0.6112671
2024.05.28 02:00:00,-0.7636108
2024.05.28 04:00:00,-0.8587646
2024.05.28 06:00:00,-0.7255554
2024.05.28 08:00:00,-0.03869629
2024.05.28 10:00:00,1.693542
2024.05.28 12:00:00,4.805389
2024.05.28 14:00:00,7.314087
2024.05.28 16:00:00,6.058838
2024.05.28 18:00:00,4.345551
2024.05.28 20:00:00,2.961182
2024.05.28 22:00:00,1.906982
2024.05.29 00:00:00,0.9978027
2024.05.29 02:00:00,0.4401855
2024.05.29 04:00:00,0.2867737
2024.05.29 06:00:00,0.5745544
2024.05.29 08:00:00,1.499847
2024.05.29 10:00:00,3.67041
2024.05.29 12:00:00,5.936615
2024.05.29 14:00:00,4.245941
2024.05.29 16:00:00,3.098663
2024.05.29 18:00:00,2.393677
2024.05.29 20:00:00,1.906982
2024.05.29 22:00:00,1.557922
2024.05.30 00:00:00,1.267883
2024.05.30 02:00:00,1.036346
2024.05.30 04:00:00,0.7667542
2024.05.30 06:00:00,0.6513977
2024.05.30 08:00:00,0.6129761
2024.05.30 10:00:00,0.9785156
2024.05.30 12:00:00,3.927917
2024.05.30 14:00:00,3.80899
2024.05.30 16:00:00,4.825439
2024.05.30 18:00:00,2.784698
2024.05.30 20:00:00,1.325836
2024.05.30 22:00:00,0.3251038
2024.05.31 00:00:00,-0.1342773
2024.05.31 02:00:00,-0.4778442
2024.05.31 04:00:00,-0.3825073
2024.05.31 06:00:00,-0.1724854
2024.05.31 08:00:00,0.07611084
2024.05.31 10:00:00,2.00415
2024.05.31 12:00:00,5.10675
2024.05.31 14:00:00,5.46994
2024.05.31 16:00:00,5.87558
2024.05.31 18:00:00,3.848602
2024.05.31 20:00:00,1.790527
2024.05.31 22:00:00,0.4401855
2024.06.01 00:00:00,-0.1342773
2024.06.01 02:00:00,-0.7826538
2024.06.01 04:00:00,-1.010895
2024.06.01 06:00:00,-0.7636108
2024.06.01 08:00:00,-0.05780029
2024.06.01 10:00:00,1.538574
2024.06.01 12:00:00,4.465271
2024.06.01 14:00:00,5.652191
2024.06.01 16:00:00,4.7052
2024.06.01 18:00:00,3.43338
2024.06.01 20:00:00,1.499847
2024.06.01 22:00:00,0.3251038
2024.06.02 00:00:00,-0.1151428
2024.06.02 02:00:00,-0.3825073
2024.06.02 04:00:00,-0.3634033
2024.06.02 06:00:00,-0.07693481
2024.06.02 08:00:00,0.2292786
2024.06.02 10:00:00,2.588989
2024.06.02 12:00:00,4.925812
2024.06.02 14:00:00,5.571136
2024.06.02 16:00:00,4.925812
2024.06.02 18:00:00,2.980804
2024.06.02 20:00:00,2.14032
2024.06.02 22:00:00,1.596649
2024.06.03 00:00:00,1.132751
2024.06.03 02:00:00,0.5553589
2024.06.03 04:00:00,0.1526794
2024.06.03 06:00:00,0.07611084
2024.06.03 08:00:00,0.3442688
2024.06.03 10:00:00,3.374237
2024.06.03 12:00:00,4.945892
2024.06.03 14:00:00,5.773956
2024.06.03 16:00:00,5.571136
2024.06.03 18:00:00,3.690216
2024.06.03 20:00:00,2.843475
2024.06.03 22:00:00,2.315643
2024.06.04 00:00:00,1.906982
2024.06.04 02:00:00,1.616028
2024.06.04 04:00:00,1.38382
2024.06.04 06:00:00,1.229248
2024.06.04 08:00:00,1.094177
2024.06.04 10:00:00,0.9978027
2024.06.04 12:00:00,2.12085
2024.06.04 14:00:00,3.492584
2024.06.04 16:00:00,2.823883
2024.06.04 18:00:00,1.461151
2024.06.04 20:00:00,0.5169373
2024.06.04 22:00:00,-0.2488708
2024.06.05 00:00:00,-0.9158325
2024.06.05 02:00:00,-1.352753
2024.06.05 04:00:00,-1.485504
2024.06.05 06:00:00,-1.124908
2024.06.05 08:00:00,-0.2488708
2024.06.05 10:00:00,0.6898499
2024.06.05 12:00:00,2.374176
2024.06.05 14:00:00,4.027161
2024.06.05 16:00:00,5.53064
2024.06.05 18:00:00,4.027161
2024.06.05 20:00:00,1.616028
2024.06.05 22:00:00,0.4401855
2024.06.06 00:00:00,-0.2488708
2024.06.06 02:00:00,-0.2488708
2024.06.06 04:00:00,-0.2106934
2024.06.06 06:00:00,-0.01956177
2024.06.06 08:00:00,2.04303
2024.06.06 10:00:00,2.961182
2024.06.06 12:00:00,3.650635
2024.06.06 14:00:00,3.630859
2024.06.06 16:00:00,2.296143
2024.06.06 18:00:00,1.616028
2024.06.06 20:00:00,1.229248
2024.06.06 22:00:00,0.9400024
2024.06.07 00:00:00,0.7090759
2024.06.07 02:00:00,0.5553589
2024.06.07 04:00:00,0.4401855
2024.06.07 06:00:00,0.3826294
2024.06.07 08:00:00,0.3826294
2024.06.07 10:00:00,3.80899
2024.06.07 12:00:00,4.445282
2024.06.07 14:00:00,4.265839
2024.06.07 16:00:00,5.207458
2024.06.07 18:00:00,3.709991
2024.06.07 20:00:00,2.062469
2024.06.07 22:00:00,1.07489
2024.06.08 00:00:00,0.4401855
2024.06.08 02:00:00,0.0569458
2024.06.08 04:00:00,-0.2679749
2024.06.08 06:00:00,-0.07693481
2024.06.08 08:00:00,0.190979
2024.06.08 10:00:00,3.472839
2024.06.08 12:00:00,5.368866
2024.06.08 14:00:00,6.324432
2024.06.08 16:00:00,6.838043
2024.06.08 18:00:00,5.147003
2024.06.08 20:00:00,3.07901
2024.06.08 22:00:00,1.635406
2024.06.09 00:00:00,0.7859802
2024.06.09 02:00:00,0.3251038
2024.06.09 04:00:00,0.0569458
2024.06.09 06:00:00,0.09524536
2024.06.09 08:00:00,1.345154
2024.06.09 10:00:00,5.026276
2024.06.09 12:00:00,5.046387
2024.06.09 14:00:00,5.490173
2024.06.09 16:00:00,6.242615
2024.06.09 18:00:00,4.72522
2024.06.09 20:00:00,3.177307
2024.06.09 22:00:00,2.237701
2024.06.10 00:00:00,1.306519
2024.06.10 02:00:00,0.5745544
2024.06.10 04:00:00,0.2676086
2024.06.10 06:00:00,0.4977417
2024.06.10 08:00:00,1.809906
2024.06.10 10:00:00,4.545166
2024.06.10 12:00:00,8.340271
2024.06.10 14:00:00,7.835541
2024.06.10 16:00:00,7.085999
2024.06.10 18:00:00,5.672455
2024.06.10 20:00:00,4.345551
2024.06.10 22:00:00,3.000427
2024.06.11 00:00:00,1.926422
2024.06.11 02:00:00,1.229248
2024.06.11 04:00:00,1.055603
2024.06.11 06:00:00,1.248566
2024.06.11 08:00:00,2.647675
2024.06.11 10:00:00,4.986053
2024.06.11 12:00:00,6.755615
2024.06.11 14:00:00,8.234772
2024.06.11 16:00:00,8.087402
2024.06.11 18:00:00,6.693848
2024.06.11 20:00:00,4.72522
2024.06.11 22:00:00,3.315094
2024.06.12 00:00:00,2.628113
2024.06.12 02:00:00,2.08194
2024.06.12 04:00:00,1.596649
2024.06.12 06:00:00,2.14032
2024.06.12 08:00:00,3.472839
2024.06.12 10:00:00,5.267944
2024.06.12 12:00:00,5.086609
2024.06.12 14:00:00,4.445282
2024.06.12 16:00:00,4.565155
2024.06.12 18:00:00,3.492584
2024.06.12 20:00:00,2.647675
2024.06.12 22:00:00,1.965271
2024.06.13 00:00:00,1.557922
2024.06.13 02:00:00,1.287201
2024.06.13 04:00:00,1.055603
2024.06.13 06:00:00,0.8822327
2024.06.13 08:00:00,2.14032
2024.06.13 10:00:00,2.354645
2024.06.13 12:00:00,5.046387
2024.06.13 14:00:00,5.389069
2024.06.13 16:00:00,3.315094
2024.06.13 18:00:00,2.45224
2024.06.13 20:00:00,1.965271
2024.06.13 22:00:00,1.635406
2024.06.14 00:00:00,1.422485
2024.06.14 02:00:00,1.209961
2024.06.14 04:00:00,0.9978027
2024.06.14 06:00:00,0.8052368
2024.06.14 08:00:00,0.728302
2024.06.14 10:00:00,3.177307
2024.06.14 12:00:00,4.505188
2024.06.14 14:00:00,6.632141
2024.06.14 16:00:00,6.632141
2024.06.14 18:00:00,5.308289
2024.06.14 20:00:00,3.216644
2024.06.14 22:00:00,1.771118
2024.06.15 00:00:00,0.9785156
2024.06.15 02:00:00,0.6513977
2024.06.15 04:00:00,0.4785461
2024.06.15 06:00:00,1.055603
2024.06.15 08:00:00,3.07901
2024.06.15 10:00:00,4.166321
2024.06.15 12:00:00,6.385864
2024.06.15 14:00:00,7.293335
2024.06.15 16:00:00,5.46994
2024.06.15 18:00:00,3.868439
2024.06.15 20:00:00,2.823883
2024.06.15 22:00:00,2.218201
2024.06.16 00:00:00,1.848724
2024.06.16 02:00:00,1.519226
2024.06.16 04:00:00,1.190643
2024.06.16 06:00:00,0.9207458
2024.06.16 08:00:00,1.945831
2024.06.16 10:00:00,4.405396
2024.06.16 12:00:00,6.591034
2024.06.16 14:00:00,6.838043
2024.06.16 16:00:00,5.977325
2024.06.16 18:00:00,3.987457
2024.06.16 20:00:00,2.961182
2024.06.16 22:00:00,1.926422
2024.06.17 00:00:00,1.229248
2024.06.17 02:00:00,0.5553589
2024.06.17 04:00:00,0.3442688
2024.06.17 06:00:00,0.6129761
2024.06.17 08:00:00,2.725952
2024.06.17 10:00:00,3.118317
2024.06.17 12:00:00,4.665161
2024.06.17 14:00:00,6.447357
2024.06.17 16:00:00,5.550873
2024.06.17 18:00:00,4.245941
2024.06.17 20:00:00,3.039703
2024.06.17 22:00:00,2.00415
2024.06.18 00:00:00,1.248566
2024.06.18 02:00:00,0.6706238
2024.06.18 04:00:00,0.4401855
2024.06.18 06:00:00,0.4401855
2024.06.18 08:00:00,2.374176
2024.06.18 10:00:00,4.146423
2024.06.18 12:00:00,6.796814
2024.06.18 14:00:00,7.168854
2024.06.18 16:00:00,6.018066
2024.06.18 18:00:00,4.385437
2024.06.18 20:00:00,3.020081
2024.06.18 22:00:00,2.17926
2024.06.19 00:00:00,1.790527
2024.06.19 02:00:00,1.519226
2024.06.19 04:00:00,1.364471
2024.06.19 06:00:00,1.965271
2024.06.19 08:00:00,3.453125
2024.06.19 10:00:00,5.409271
2024.06.19 12:00:00,6.899963
2024.06.19 14:00:00,7.459656
2024.06.19 16:00:00,8.150513
2024.06.19 18:00:00,6.982574
2024.06.19 20:00:00,4.925812
2024.06.19 22:00:00,3.354523
2024.06.20 00:00:00,2.19873
2024.06.20 02:00:00,1.248566
2024.06.20 04:00:00,0.7475281
2024.06.20 06:00:00,0.8629761
2024.06.20 08:00:00,2.725952
2024.06.20 10:00:00,6.058838
2024.06.20 12:00:00,7.106689
2024.06.20 14:00:00,7.709991
2024.06.20 16:00:00,7.689117
2024.06.20 18:00:00,5.167145
2024.06.20 20:00:00,4.345551
2024.06.20 22:00:00,3.374237
2024.06.21 00:00:00,2.588989
2024.06.21 02:00:00,1.712921
2024.06.21 04:00:00,1.422485
2024.06.21 06:00:00,1.577301
2024.06.21 08:00:00,4.625153
2024.06.21 10:00:00,8.424805
2024.06.21 12:00:00,10.16354
2024.06.21 14:00:00,9.924255
2024.06.21 16:00:00,6.673279
2024.06.21 18:00:00,4.7052
2024.06.21 20:00:00,3.729767
2024.06.21 22:00:00,3.059357
2024.06.22 00:00:00,2.588989
2024.06.22 02:00:00,2.257172
2024.06.22 04:00:00,2.02359
2024.06.22 06:00:00,1.848724
2024.06.22 08:00:00,1.693542
2024.06.22 10:00:00,3.413666
2024.06.22 12:00:00,4.106659
2024.06.22 14:00:00,5.429504
2024.06.22 16:00:00,5.5914
2024.06.22 18:00:00,4.245941
2024.06.22 20:00:00,3.472839
2024.06.22 22:00:00,2.804291
2024.06.23 00:00:00,2.062469
2024.06.23 02:00:00,1.557922
2024.06.23 04:00:00,1.809906
2024.06.23 06:00:00,3.611115
2024.06.23 08:00:00,6.201721
2024.06.23 10:00:00,9.084015
2024.06.23 12:00:00,7.189575
2024.06.23 14:00:00,5.571136
2024.06.23 16:00:00,6.961914
2024.06.23 18:00:00,6.079254
2024.06.23 20:00:00,5.046387
2024.06.23 22:00:00,4.265839
2024.06.24 00:00:00,3.236328
2024.06.24 02:00:00,2.45224
2024.06.24 04:00:00,1.906982
2024.06.24 06:00:00,2.608551
2024.06.24 08:00:00,5.611633
2024.06.24 10:00:00,6.549957
2024.06.24 12:00:00,8.913208
2024.06.24 14:00:00,9.191071
2024.06.24 16:00:00,7.98233
2024.06.24 18:00:00,6.673279
2024.06.24 20:00:00,5.692749
2024.06.24 22:00:00,4.86557
2024.06.25 00:00:00,4.166321
2024.06.25 02:00:00,3.709991
2024.06.25 04:00:00,3.413666
2024.06.25 06:00:00,3.650635
2024.06.25 08:00:00,5.95697
2024.06.25 10:00:00,9.276825
2024.06.25 12:00:00,10.60138
2024.06.25 14:00:00,8.849274
2024.06.25 16:00:00,6.508881
2024.06.25 18:00:00,5.207458
2024.06.25 20:00:00,4.027161
2024.06.25 22:00:00,3.059357
2024.06.26 00:00:00,2.335144
2024.06.26 02:00:00,1.829315
2024.06.26 04:00:00,1.422485
2024.06.26 06:00:00,1.325836
2024.06.26 08:00:00,5.167145
2024.06.26 10:00:00,8.721619
2024.06.26 12:00:00,7.835541
2024.06.26 14:00:00,7.605591
2024.06.26 16:00:00,6.385864
2024.06.26 18:00:00,5.389069
2024.06.26 20:00:00,4.007324
2024.06.26 22:00:00,3.157623
2024.06.27 00:00:00,2.45224
2024.06.27 02:00:00,2.04303
2024.06.27 04:00:00,1.751709
2024.06.27 06:00:00,2.961182
2024.06.27 08:00:00,6.406342
2024.06.27 10:00:00,6.385864
2024.06.27 12:00:00,5.348663
2024.06.27 14:00:00,6.570496
2024.06.27 16:00:00,6.058838
2024.06.27 18:00:00,5.187317
2024.06.27 20:00:00,4.066895
2024.06.27 22:00:00,3.07901
2024.06.28 00:00:00,2.315643
2024.06.28 02:00:00,1.712921
2024.06.28 04:00:00,1.38382
2024.06.28 06:00:00,1.480499
2024.06.28 08:00:00,3.769379
2024.06.28 10:00:00,5.550873
2024.06.28 12:00:00,5.631927
2024.06.28 14:00:00,7.065308
2024.06.28 16:00:00,7.772736
2024.06.28 18:00:00,6.611572
2024.06.28 20:00:00,4.925812
2024.06.28 22:00:00,3.709991
2024.06.29 00:00:00,2.784698
2024.06.29 02:00:00,2.432709
2024.06.29 04:00:00,2.471771
2024.06.29 06:00:00,3.334808
2024.06.29 08:00:00,4.945892
2024.06.29 10:00:00,6.817444
2024.06.29 12:00:00,7.168854
2024.06.29 14:00:00,6.488373
2024.06.29 16:00:00,4.385437
2024.06.29 18:00:00,3.848602
2024.06.29 20:00:00,3.000427
2024.06.29 22:00:00,2.315643
2024.06.30 00:00:00,1.809906
2024.06.30 02:00:00,1.287201
2024.06.30 04:00:00,0.9014893
2024.06.30 06:00:00,0.7667542
2024.06.30 08:00:00,2.17926
2024.06.30 10:00:00,8.129456
2024.06.30 12:00:00,8.806671
2024.06.30 14:00:00,7.334869
2024.06.30 16:00:00,6.018066
2024.06.30 18:00:00,4.785339
2024.06.30 20:00:00,3.492584
2024.06.30 22:00:00,2.784698
2024.07.01 00:00:00,2.257172
2024.07.01 02:00:00,1.906982
2024.07.01 04:00:00,1.809906
2024.07.01 06:00:00,2.257172
2024.07.01 08:00:00,5.267944
2024.07.01 10:00:00,7.334869
2024.07.01 12:00:00,6.65271
2024.07.01 14:00:00,7.793671
2024.07.01 16:00:00,6.776215
2024.07.01 18:00:00,5.510406
2024.07.01 20:00:00,4.106659
2024.07.01 22:00:00,3.196991
2024.07.02 00:00:00,2.647675
2024.07.02 02:00:00,2.14032
2024.07.02 04:00:00,1.848724
2024.07.02 06:00:00,1.73233
2024.07.02 08:00:00,1.557922
2024.07.02 10:00:00,1.926422
2024.07.02 12:00:00,4.905731
2024.07.02 14:00:00,6.242615
2024.07.02 16:00:00,5.814575
2024.07.02 18:00:00,3.334808
2024.07.02 20:00:00,1.771118
2024.07.02 22:00:00,1.094177
2024.07.03 00:00:00,0.728302
2024.07.03 02:00:00,0.3251038
2024.07.03 04:00:00,0.07611084
2024.07.03 06:00:00,0.190979
2024.07.03 08:00:00,0.4593506
2024.07.03 10:00:00,2.491272
2024.07.03 12:00:00,4.785339
2024.07.03 14:00:00,6.038452
2024.07.03 16:00:00,7.563843
2024.07.03 18:00:00,5.652191
2024.07.03 20:00:00,3.650635
2024.07.03 22:00:00,2.374176
2024.07.04 00:00:00,1.577301
2024.07.04 02:00:00,0.9400024
2024.07.04 04:00:00,0.8629761
2024.07.04 06:00:00,1.07489
2024.07.04 08:00:00,2.725952
2024.07.04 10:00:00,4.7052
2024.07.04 12:00:00,6.201721
2024.07.04 14:00:00,8.679108
2024.07.04 16:00:00,8.50946
2024.07.04 18:00:00,7.085999
2024.07.04 20:00:00,5.611633
2024.07.04 22:00:00,4.206116
2024.07.05 00:00:00,3.275726
2024.07.05 02:00:00,2.432709
2024.07.05 04:00:00,2.02359
2024.07.05 06:00:00,2.00415
2024.07.05 08:00:00,3.216644
2024.07.05 10:00:00,4.565155
2024.07.05 12:00:00,6.120056
2024.07.05 14:00:00,8.934509
2024.07.05 16:00:00,9.126831
2024.07.05 18:00:00,7.148132
2024.07.05 20:00:00,5.126862
2024.07.05 22:00:00,3.927917
2024.07.06 00:00:00,3.157623
2024.07.06 02:00:00,2.686798
2024.07.06 04:00:00,2.335144
2024.07.06 06:00:00,2.062469
2024.07.06 08:00:00,1.829315
2024.07.06 10:00:00,1.829315
2024.07.06 12:00:00,5.611633
2024.07.06 14:00:00,5.652191
2024.07.06 16:00:00,4.485229
2024.07.06 18:00:00,3.196991
2024.07.06 20:00:00,2.530365
2024.07.06 22:00:00,2.02359
2024.07.07 00:00:00,1.499847
2024.07.07 02:00:00,1.017059
2024.07.07 04:00:00,0.6898499
2024.07.07 06:00:00,0.59375
2024.07.07 08:00:00,2.471771
2024.07.07 10:00:00,4.565155
2024.07.07 12:00:00,7.293335
2024.07.07 14:00:00,7.730896
2024.07.07 16:00:00,7.272552
2024.07.07 18:00:00,5.8349
2024.07.07 20:00:00,4.305695
2024.07.07 22:00:00,3.039703
2024.07.08 00:00:00,2.04303
2024.07.08 02:00:00,1.229248
2024.07.08 04:00:00,0.9400024
2024.07.08 06:00:00,1.751709
2024.07.08 08:00:00,3.80899
2024.07.08 10:00:00,4.965973
2024.07.08 12:00:00,5.167145
2024.07.08 14:00:00,6.920593
2024.07.08 16:00:00,7.334869
2024.07.08 18:00:00,5.611633
2024.07.08 20:00:00,4.545166
2024.07.08 22:00:00,3.848602
2024.07.09 00:00:00,3.13797
2024.07.09 02:00:00,2.510834
2024.07.09 04:00:00,2.08194
2024.07.09 06:00:00,2.647675
2024.07.09 08:00:00,3.591339
2024.07.09 10:00:00,4.885651
2024.07.09 12:00:00,6.673279
2024.07.09 14:00:00,6.776215
2024.07.09 16:00:00,7.961334
2024.07.09 18:00:00,6.406342
2024.07.09 20:00:00,4.925812
2024.07.09 22:00:00,3.729767
2024.07.10 00:00:00,3.000427
2024.07.10 02:00:00,1.965271
2024.07.10 04:00:00,1.461151
2024.07.10 06:00:00,1.790527
2024.07.10 08:00:00,2.902313
2024.07.10 10:00:00,5.895905
2024.07.10 12:00:00,9.599609
2024.07.10 14:00:00,8.7854
2024.07.10 16:00:00,7.314087
2024.07.10 18:00:00,5.753632
2024.07.10 20:00:00,4.86557
2024.07.10 22:00:00,4.106659
2024.07.11 00:00:00,3.256012
2024.07.11 02:00:00,2.413177
2024.07.11 04:00:00,2.296143
2024.07.11 06:00:00,2.765106
2024.07.11 08:00:00,3.927917
2024.07.11 10:00:00,5.2276
2024.07.11 12:00:00,5.977325
2024.07.11 14:00:00,6.796814
2024.07.11 16:00:00,6.018066
2024.07.11 18:00:00,4.7052
2024.07.11 20:00:00,3.492584
2024.07.11 22:00:00,2.510834
2024.07.12 00:00:00,1.616028
2024.07.12 02:00:00,0.9978027
2024.07.12 04:00:00,1.036346
2024.07.12 06:00:00,1.674164
2024.07.12 08:00:00,2.961182
2024.07.12 10:00:00,4.7052
2024.07.12 12:00:00,6.611572
2024.07.12 14:00:00,6.570496
2024.07.12 16:00:00,5.5914
2024.07.12 18:00:00,4.385437
2024.07.12 20:00:00,3.039703
2024.07.12 22:00:00,2.08194
2024.07.13 00:00:00,1.287201
2024.07.13 02:00:00,0.6898499
2024.07.13 04:00:00,0.59375
2024.07.13 06:00:00,0.7859802
2024.07.13 08:00:00,2.628113
2024.07.13 10:00:00,4.465271
2024.07.13 12:00:00,4.365479
2024.07.13 14:00:00,6.65271
2024.07.13 16:00:00,6.018066
2024.07.13 18:00:00,4.365479
2024.07.13 20:00:00,3.29541
2024.07.13 22:00:00,2.491272
2024.07.14 00:00:00,2.335144
2024.07.14 02:00:00,2.14032
2024.07.14 04:00:00,2.14032
2024.07.14 06:00:00,2.354645
2024.07.14 08:00:00,3.29541
2024.07.14 10:00:00,3.000427
2024.07.14 12:00:00,3.571594
2024.07.14 14:00:00,3.472839
2024.07.14 16:00:00,3.630859
2024.07.14 18:00:00,2.88269
2024.07.14 20:00:00,2.608551
2024.07.14 22:00:00,2.237701
2024.07.15 00:00:00,1.848724
2024.07.15 02:00:00,1.499847
2024.07.15 04:00:00,1.248566
2024.07.15 06:00:00,1.171356
2024.07.15 08:00:00,1.461151
2024.07.15 10:00:00,6.34491
2024.07.15 12:00:00,9.212494
2024.07.15 14:00:00,11.4881
2024.07.15 16:00:00,8.403656
2024.07.15 18:00:00,6.591034
2024.07.15 20:00:00,5.10675
2024.07.15 22:00:00,4.047028
2024.07.16 00:00:00,3.275726
2024.07.16 02:00:00,2.667236
2024.07.16 04:00:00,2.393677
2024.07.16 06:00:00,3.157623
2024.07.16 08:00:00,5.328491
2024.07.16 10:00:00,7.919373
2024.07.16 12:00:00,7.355652
2024.07.16 14:00:00,9.084015
2024.07.16 16:00:00,9.902557
2024.07.16 18:00:00,7.438843
2024.07.16 20:00:00,5.510406
2024.07.16 22:00:00,4.047028
2024.07.17 00:00:00,3.236328
2024.07.17 02:00:00,2.491272
2024.07.17 04:00:00,1.829315
2024.07.17 06:00:00,2.510834
2024.07.17 08:00:00,4.84552
2024.07.17 10:00:00,7.542999
2024.07.17 12:00:00,7.41803
2024.07.17 14:00:00,9.062653
2024.07.17 16:00:00,11.22049
2024.07.17 18:00:00,9.105408
2024.07.17 20:00:00,6.673279
2024.07.17 22:00:00,5.53064
2024.07.18 00:00:00,4.84552
2024.07.18 02:00:00,3.591339
2024.07.18 04:00:00,3.888275
2024.07.18 06:00:00,4.166321
2024.07.18 08:00:00,5.046387
2024.07.18 10:00:00,6.140472
2024.07.18 12:00:00,6.140472
2024.07.18 14:00:00,6.140472
2024.07.18 16:00:00,5.753632
2024.07.18 18:00:00,4.465271
2024.07.18 20:00:00,3.551819
2024.07.18 22:00:00,2.765106
2024.07.19 00:00:00,2.296143
2024.07.19 02:00:00,1.829315
2024.07.19 04:00:00,1.480499
2024.07.19 06:00:00,1.809906
2024.07.19 08:00:00,3.059357
2024.07.19 10:00:00,4.72522
2024.07.19 12:00:00,5.126862
2024.07.19 14:00:00,7.334869
2024.07.19 16:00:00,7.605591
2024.07.19 18:00:00,6.324432
2024.07.19 20:00:00,4.545166
2024.07.19 22:00:00,3.256012
2024.07.20 00:00:00,2.218201
2024.07.20 02:00:00,1.499847
2024.07.20 04:00:00,1.38382
2024.07.20 06:00:00,1.403137
2024.07.20 08:00:00,3.769379
2024.07.20 10:00:00,6.406342
2024.07.20 12:00:00,8.150513
2024.07.20 14:00:00,9.513336
2024.07.20 16:00:00,11.10938
2024.07.20 18:00:00,8.913208
2024.07.20 20:00:00,6.714417
2024.07.20 22:00:00,5.288116
2024.07.21 00:00:00,3.987457
2024.07.21 02:00:00,3.13797
2024.07.21 04:00:00,2.432709
2024.07.21 06:00:00,2.628113
2024.07.21 08:00:00,4.505188
2024.07.21 10:00:00,6.426849
2024.07.21 12:00:00,7.647339
2024.07.21 14:00:00,8.234772
2024.07.21 16:00:00,8.361389
2024.07.21 18:00:00,7.023926
2024.07.21 20:00:00,5.855225
2024.07.21 22:00:00,4.605133
2024.07.22 00:00:00,3.927917
2024.07.22 02:00:00,3.13797
2024.07.22 04:00:00,2.471771
2024.07.22 06:00:00,2.647675
2024.07.22 08:00:00,3.611115
2024.07.22 10:00:00,6.426849
2024.07.22 12:00:00,10.31641
2024.07.22 14:00:00,12.16342
2024.07.22 16:00:00,10.57941
2024.07.22 18:00:00,6.508881
2024.07.22 20:00:00,5.026276
2024.07.22 22:00:00,3.927917
2024.07.23 00:00:00,2.941559
2024.07.23 02:00:00,2.413177
2024.07.23 04:00:00,1.848724
2024.07.23 06:00:00,1.654785
2024.07.23 08:00:00,4.585144
2024.07.23 10:00:00,7.376434
2024.07.23 12:00:00,8.445953
2024.07.23 14:00:00,7.376434
2024.07.23 16:00:00,6.632141
2024.07.23 18:00:00,5.713043
2024.07.23 20:00:00,5.046387
2024.07.23 22:00:00,4.545166
2024.07.24 00:00:00,3.987457
2024.07.24 02:00:00,3.650635
2024.07.24 04:00:00,3.413666
2024.07.24 06:00:00,4.106659
2024.07.24 08:00:00,5.409271
2024.07.24 10:00:00,6.632141
2024.07.24 12:00:00,8.594238
2024.07.24 14:00:00,8.7854
2024.07.24 16:00:00,8.53064
2024.07.24 18:00:00,7.106689
2024.07.24 20:00:00,5.53064
2024.07.24 22:00:00,4.405396
2024.07.25 00:00:00,3.472839
2024.07.25 02:00:00,2.70636
2024.07.25 04:00:00,2.12085
2024.07.25 06:00:00,2.04303
2024.07.25 08:00:00,4.365479
2024.07.25 10:00:00,9.750885
2024.07.25 12:00:00,9.276825
2024.07.25 14:00:00,9.019897
2024.07.25 16:00:00,7.814606
2024.07.25 18:00:00,6.079254
2024.07.25 20:00:00,4.425323
2024.07.25 22:00:00,3.729767
2024.07.26 00:00:00,3.098663
2024.07.26 02:00:00,2.471771
2024.07.26 04:00:00,1.965271
2024.07.26 06:00:00,1.848724
2024.07.26 08:00:00,3.334808
2024.07.26 10:00:00,5.692749
2024.07.26 12:00:00,8.7854
2024.07.26 14:00:00,10.60138
2024.07.26 16:00:00,10.07642
2024.07.26 18:00:00,8.53064
2024.07.26 20:00:00,6.693848
2024.07.26 22:00:00,5.389069
2024.07.27 00:00:00,4.425323
2024.07.27 02:00:00,3.630859
2024.07.27 04:00:00,3.039703
2024.07.27 06:00:00,3.020081
2024.07.27 08:00:00,4.285767
2024.07.27 10:00:00,7.438843
2024.07.27 12:00:00,9.664398
2024.07.27 14:00:00,9.837494
2024.07.27 16:00:00,10.97638
2024.07.27 18:00:00,9.642792
2024.07.27 20:00:00,7.877441
2024.07.27 22:00:00,6.058838
2024.07.28 00:00:00,5.977325
2024.07.28 02:00:00,5.187317
2024.07.28 04:00:00,4.7052
2024.07.28 06:00:00,5.490173
2024.07.28 08:00:00,5.977325
2024.07.28 10:00:00,7.003235
2024.07.28 12:00:00,8.50946
2024.07.28 14:00:00,9.729248
2024.07.28 16:00:00,10.77753
2024.07.28 18:00:00,8.150513
2024.07.28 20:00:00,6.632141
2024.07.28 22:00:00,5.348663
2024.07.29 00:00:00,4.345551
2024.07.29 02:00:00,3.591339
2024.07.29 04:00:00,3.650635
2024.07.29 06:00:00,4.505188
2024.07.29 08:00:00,7.168854
2024.07.29 10:00:00,9.427216
2024.07.29 12:00:00,11.57761
2024.07.29 14:00:00,13.10162
2024.07.29 16:00:00,12.005
2024.07.29 18:00:00,10.05466
2024.07.29 20:00:00,8.50946
2024.07.29 22:00:00,7.272552
2024.07.30 00:00:00,6.222168
2024.07.30 02:00:00,5.733337
2024.07.30 04:00:00,5.692749
2024.07.30 06:00:00,6.385864
2024.07.30 08:00:00,8.891876
2024.07.30 10:00:00,9.729248
2024.07.30 12:00:00,9.642792
2024.07.30 14:00:00,9.772522
2024.07.30 16:00:00,8.977203
2024.07.30 18:00:00,8.045349
2024.07.30 20:00:00,7.272552
2024.07.30 22:00:00,6.693848
2024.07.31 00:00:00,6.283508
2024.07.31 02:00:00,6.018066
2024.07.31 04:00:00,5.713043
2024.07.31 06:00:00,5.672455
2024.07.31 08:00:00,7.272552
2024.07.31 10:00:00,9.470276
2024.07.31 12:00:00,9.255371
2024.07.31 14:00:00,8.998535
2024.07.31 16:00:00,8.234772
2024.07.31 18:00:00,7.065308
2024.07.31 20:00:00,5.713043
2024.07.31 22:00:00,4.545166
2024.08.01 00:00:00,3.749573
2024.08.01 02:00:00,3.07901
2024.08.01 04:00:00,2.471771
2024.08.01 06:00:00,2.14032
2024.08.01 08:00:00,3.315094
2024.08.01 10:00:00,6.549957
2024.08.01 12:00:00,9.276825
2024.08.01 14:00:00,9.902557
2024.08.01 16:00:00,10.42581
2024.08.01 18:00:00,9.04126
2024.08.01 20:00:00,7.127411
2024.08.01 22:00:00,5.773956
2024.08.02 00:00:00,5.2276
2024.08.02 02:00:00,4.84552
2024.08.02 04:00:00,4.74527
2024.08.02 06:00:00,5.147003
2024.08.02 08:00:00,5.773956
2024.08.02 10:00:00,7.210297
2024.08.02 12:00:00,7.438843
2024.08.02 14:00:00,7.003235
2024.08.02 16:00:00,7.689117
2024.08.02 18:00:00,6.303955
2024.08.02 20:00:00,5.308289
2024.08.02 22:00:00,4.325623
2024.08.03 00:00:00,3.472839
2024.08.03 02:00:00,2.902313
2024.08.03 04:00:00,2.510834
2024.08.03 06:00:00,2.784698
2024.08.03 08:00:00,4.106659
2024.08.03 10:00:00,5.611633
2024.08.03 12:00:00,8.045349
2024.08.03 14:00:00,8.003326
2024.08.03 16:00:00,7.647339
2024.08.03 18:00:00,6.549957
2024.08.03 20:00:00,5.510406
2024.08.03 22:00:00,4.945892
2024.08.04 00:00:00,4.445282
2024.08.04 02:00:00,4.126526
2024.08.04 04:00:00,4.027161
2024.08.04 06:00:00,4.465271
2024.08.04 08:00:00,5.895905
2024.08.04 10:00:00,6.838043
2024.08.04 12:00:00,7.709991
2024.08.04 14:00:00,7.689117
2024.08.04 16:00:00,8.17157
2024.08.04 18:00:00,6.406342
2024.08.04 20:00:00,5.066498
2024.08.04 22:00:00,3.967621
2024.08.05 00:00:00,3.13797
2024.08.05 02:00:00,2.471771
2024.08.05 04:00:00,2.00415
2024.08.05 06:00:00,2.062469
2024.08.05 08:00:00,4.226013
2024.08.05 10:00:00,8.066376
2024.08.05 12:00:00,8.657867
2024.08.05 14:00:00,8.913208
2024.08.05 16:00:00,8.361389
2024.08.05 18:00:00,6.508881
2024.08.05 20:00:00,5.10675
2024.08.05 22:00:00,4.345551
2024.08.06 00:00:00,3.630859
2024.08.06 02:00:00,3.334808
2024.08.06 04:00:00,3.196991
2024.08.06 06:00:00,3.413666
2024.08.06 08:00:00,4.625153
2024.08.06 10:00:00,5.46994
2024.08.06 12:00:00,5.753632
2024.08.06 14:00:00,5.490173
2024.08.06 16:00:00,4.485229
2024.08.06 18:00:00,3.334808
2024.08.06 20:00:00,2.765106
2024.08.06 22:00:00,2.374176
2024.08.07 00:00:00,2.15979
2024.08.07 02:00:00,1.945831
2024.08.07 04:00:00,1.596649
2024.08.07 06:00:00,1.654785
2024.08.07 08:00:00,2.784698
2024.08.07 10:00:00,4.265839
2024.08.07 12:00:00,5.167145
2024.08.07 14:00:00,6.385864
2024.08.07 16:00:00,6.570496
2024.08.07 18:00:00,5.066498
2024.08.07 20:00:00,3.947754
2024.08.07 22:00:00,3.020081
2024.08.08 00:00:00,2.00415
2024.08.08 02:00:00,1.306519
2024.08.08 04:00:00,0.8822327
2024.08.08 06:00:00,0.7667542
2024.08.08 08:00:00,1.480499
2024.08.08 10:00:00,4.245941
2024.08.08 12:00:00,6.920593
2024.08.08 14:00:00,8.827972
2024.08.08 16:00:00,8.934509
2024.08.08 18:00:00,7.168854
2024.08.08 20:00:00,5.631927
2024.08.08 22:00:00,4.265839
2024.08.09 00:00:00,3.532074
2024.08.09 02:00:00,2.686798
2024.08.09 04:00:00,2.15979
2024.08.09 06:00:00,2.062469
2024.08.09 08:00:00,4.245941
2024.08.09 10:00:00,5.977325
2024.08.09 12:00:00,8.298065
2024.08.09 14:00:00,10.29453
2024.08.09 16:00:00,10.20718
2024.08.09 18:00:00,8.150513
2024.08.09 20:00:00,7.127411
2024.08.09 22:00:00,5.977325
2024.08.10 00:00:00,4.72522
2024.08.10 02:00:00,3.987457
2024.08.10 04:00:00,3.512329
2024.08.10 06:00:00,3.967621
2024.08.10 08:00:00,5.086609
2024.08.10 10:00:00,5.95697
2024.08.10 12:00:00,7.438843
2024.08.10 14:00:00,9.924255
2024.08.10 16:00:00,8.276947
2024.08.10 18:00:00,6.611572
2024.08.10 20:00:00,5.46994
2024.08.10 22:00:00,4.72522
2024.08.11 00:00:00,4.126526
2024.08.11 02:00:00,3.374237
2024.08.11 04:00:00,2.804291
2024.08.11 06:00:00,2.88269
2024.08.11 08:00:00,4.066895
2024.08.11 10:00:00,5.692749
2024.08.11 12:00:00,6.529419
2024.08.11 14:00:00,6.899963
2024.08.11 16:00:00,6.982574
2024.08.11 18:00:00,5.87558
2024.08.11 20:00:00,4.485229
2024.08.11 22:00:00,3.532074
2024.08.12 00:00:00,2.628113
2024.08.12 02:00:00,2.12085
2024.08.12 04:00:00,2.02359
2024.08.12 06:00:00,1.984711
2024.08.12 08:00:00,3.118317
2024.08.12 10:00:00,5.2276
2024.08.12 12:00:00,7.168854
2024.08.12 14:00:00,8.806671
2024.08.12 16:00:00,7.231049
2024.08.12 18:00:00,5.997711
2024.08.12 20:00:00,4.945892
2024.08.12 22:00:00,4.066895
2024.08.13 00:00:00,3.393951
2024.08.13 02:00:00,2.804291
2024.08.13 04:00:00,2.218201
2024.08.13 06:00:00,1.848724
2024.08.13 08:00:00,3.374237
2024.08.13 10:00:00,6.611572
2024.08.13 12:00:00,8.742859
2024.08.13 14:00:00,9.513336
2024.08.13 16:00:00,9.621185
2024.08.13 18:00:00,7.709991
2024.08.13 20:00:00,6.303955
2024.08.13 22:00:00,5.147003
2024.08.14 00:00:00,4.265839
2024.08.14 02:00:00,3.67041
2024.08.14 04:00:00,3.098663
2024.08.14 06:00:00,3.275726
2024.08.14 08:00:00,5.187317
2024.08.14 10:00:00,6.426849
2024.08.14 12:00:00,8.849274
2024.08.14 14:00:00,9.126831
2024.08.14 16:00:00,8.467102
2024.08.14 18:00:00,6.796814
2024.08.14 20:00:00,5.692749
2024.08.14 22:00:00,4.945892
2024.08.15 00:00:00,4.265839
2024.08.15 02:00:00,3.571594
2024.08.15 04:00:00,3.020081
2024.08.15 06:00:00,3.157623
2024.08.15 08:00:00,6.242615
2024.08.15 10:00:00,9.924255
2024.08.15 12:00:00,9.513336
2024.08.15 14:00:00,9.945984
2024.08.15 16:00:00,9.298279
2024.08.15 18:00:00,7.98233
2024.08.15 20:00:00,6.529419
2024.08.15 22:00:00,5.510406
2024.08.16 00:00:00,4.665161
2024.08.16 02:00:00,4.066895
2024.08.16 04:00:00,3.354523
2024.08.16 06:00:00,3.828796
2024.08.16 08:00:00,5.733337
2024.08.16 10:00:00,8.977203
2024.08.16 12:00:00,10.01117
2024.08.16 14:00:00,11.02069
2024.08.16 16:00:00,11.065
2024.08.16 18:00:00,9.405701
2024.08.16 20:00:00,7.689117
2024.08.16 22:00:00,6.365387
2024.08.17 00:00:00,6.038452
2024.08.17 02:00:00,5.652191
2024.08.17 04:00:00,4.905731
2024.08.17 06:00:00,5.510406
2024.08.17 08:00:00,7.772736
2024.08.17 10:00:00,9.686005
2024.08.17 12:00:00,11.6673
2024.08.17 14:00:00,10.44772
2024.08.17 16:00:00,9.105408
2024.08.17 18:00:00,8.192627
2024.08.17 20:00:00,6.714417
2024.08.17 22:00:00,6.406342
2024.08.18 00:00:00,6.160889
2024.08.18 02:00:00,5.510406
2024.08.18 04:00:00,5.066498
2024.08.18 06:00:00,5.855225
2024.08.18 08:00:00,7.647339
2024.08.18 10:00:00,9.578033
2024.08.18 12:00:00,18.6084
2024.08.18 14:00:00,10.11996
