Logger: #A50200 'PT1000TEMP' - USP_EXP2 (V2.10, Jan 22 2010)
No,Time,#1:oC,#HK-Bat:V
1,11.08.2010 09:56:40,13.2194,3.657
2,11.08.2010 10:00:00,13.2696,3.634
3,11.08.2010 11:00:00,18.087
4,11.08.2010 12:00:00,23.8857
5,11.08.2010 13:00:00,30.1106
6,11.08.2010 14:00:00,35.1922
7,11.08.2010 15:00:00,38.4834
8,11.08.2010 16:00:00,34.0282,3.690
9,11.08.2010 17:00:00,31.0396
10,11.08.2010 18:00:00,28.4922
11,11.08.2010 19:00:00,26.4786,3.662
12,11.08.2010 20:00:00,26.0876
13,11.08.2010 21:00:00,24.4475
14,11.08.2010 22:00:00,23.2526
15,11.08.2010 23:00:00,21.93
16,12.08.2010 00:00:00,20.0941
17,12.08.2010 01:00:00,18.5468,3.645
18,12.08.2010 02:00:00,17.3458
19,12.08.2010 03:00:00,16.3709
20,12.08.2010 04:00:00,15.5516
21,12.08.2010 05:00:00,14.8384
22,12.08.2010 06:00:00,14.166
23,12.08.2010 07:00:00,13.5685,3.631
24,12.08.2010 08:00:00,13.2476
25,12.08.2010 09:00:00,17.3338
26,12.08.2010 10:00:00,22.5408
27,12.08.2010 11:00:00,20.6944
28,12.08.2010 12:00:00,20.2435
29,12.08.2010 13:00:00,27.5784,3.655
30,12.08.2010 14:00:00,27.6718
31,12.08.2010 15:00:00,29.7257
32,12.08.2010 16:00:00,27.7358
33,12.08.2010 16:59:58,27.089,3.657
34,12.08.2010 18:00:00,17.8013,3.646
35,12.08.2010 19:00:00,10.539
36,12.08.2010 20:00:00,9.44422
37,12.08.2010 21:00:00,8.71066
38,12.08.2010 22:00:00,8.68394
39,12.08.2010 23:00:00,8.52714
40,13.08.2010 00:00:00,8.04121,3.625
41,13.08.2010 01:00:00,7.56016
42,13.08.2010 02:00:00,7.22926
43,13.08.2010 03:00:00,7.00697
44,13.08.2010 04:00:00,6.69644
45,13.08.2010 05:00:00,6.68708
46,13.08.2010 06:00:00,6.65737,3.622
47,13.08.2010 07:00:00,6.48817
48,13.08.2010 08:00:00,6.92134
49,13.08.2010 09:00:00,7.10319
50,13.08.2010 10:00:00,7.44183
51,13.08.2010 11:00:00,8.58041
52,13.08.2010 12:00:00,7.54711,3.624
53,13.08.2010 13:00:00,7.40519
54,13.08.2010 14:00:00,9.7762
55,13.08.2010 15:00:00,12.1452
56,13.08.2010 16:00:00,12.2149
57,13.08.2010 17:00:00,13.4993
58,13.08.2010 18:00:00,11.5964,3.631
59,13.08.2010 19:00:00,10.533
60,13.08.2010 20:00:00,9.86603
61,13.08.2010 21:00:00,9.33859
62,13.08.2010 22:00:00,8.70016
63,13.08.2010 23:00:00,8.44004
64,14.08.2010 00:00:00,8.202,3.625
65,14.08.2010 01:00:00,8.00752
66,14.08.2010 02:00:00,7.63299
67,14.08.2010 03:00:00,7.26756
68,14.08.2010 04:00:00,7.17234
69,14.08.2010 05:00:00,7.10176
70,14.08.2010 06:00:00,6.77279,3.620
71,14.08.2010 07:00:00,6.79523
72,14.08.2010 08:00:00,7.13755
73,14.08.2010 09:00:00,7.72563
74,14.08.2010 10:00:00,7.81769
75,14.08.2010 11:00:00,7.24932
76,14.08.2010 12:00:00,6.73392,3.618
77,14.08.2010 13:00:00,7.24772
78,14.08.2010 14:00:00,6.99948
79,14.08.2010 15:00:00,7.3646
80,14.08.2010 16:00:00,7.3583
81,14.08.2010 17:00:00,6.95631
82,14.08.2010 18:00:00,7.0154,3.618
83,14.08.2010 19:00:00,6.64102
84,14.08.2010 20:00:00,6.37451
85,14.08.2010 21:00:00,6.44285
86,14.08.2010 22:00:00,6.44049
87,14.08.2010 23:00:00,6.09406
88,15.08.2010 00:00:00,5.83699,3.618
89,15.08.2010 01:00:00,5.62292
90,15.08.2010 02:00:00,5.43098
91,15.08.2010 03:00:00,5.24958
92,15.08.2010 04:00:00,5.28664
93,15.08.2010 05:00:00,5.16053
94,15.08.2010 06:00:00,5.10227,3.611
95,15.08.2010 07:00:00,5.08449
96,15.08.2010 08:00:00,5.23132
97,15.08.2010 09:00:00,5.26969
98,15.08.2010 10:00:00,5.52515
99,15.08.2010 11:00:00,6.13479
100,15.08.2010 12:00:00,7.01674,3.618
101,15.08.2010 13:00:00,7.95997
102,15.08.2010 14:00:00,7.43556
103,15.08.2010 15:00:00,7.51107
104,15.08.2010 16:00:00,8.86682
105,15.08.2010 17:00:00,10.7334
106,15.08.2010 18:00:00,9.46306,3.622
107,15.08.2010 19:00:00,8.09617
108,15.08.2010 20:00:00,7.42528
109,15.08.2010 21:00:00,7.11875
110,15.08.2010 22:00:00,6.83234
111,15.08.2010 23:00:00,6.53096
112,16.08.2010 00:00:00,6.36818,3.615
113,16.08.2010 01:00:00,5.79699
114,16.08.2010 02:00:00,5.64187
115,16.08.2010 03:00:00,5.48802
116,16.08.2010 04:00:00,5.15753
117,16.08.2010 05:00:00,4.53332
118,16.08.2010 06:00:00,4.30335,3.608
119,16.08.2010 07:00:00,4.2791
120,16.08.2010 08:00:00,4.41407
121,16.08.2010 09:00:00,4.78233
122,16.08.2010 10:00:00,5.33635
123,16.08.2010 11:00:00,5.97218
124,16.08.2010 12:00:00,6.46666,3.615
125,16.08.2010 13:00:00,7.06181
126,16.08.2010 14:00:00,7.99312
127,16.08.2010 15:00:00,9.53721
128,16.08.2010 16:00:00,11.698
129,16.08.2010 17:00:00,10.9771
130,16.08.2010 18:00:00,9.54525,3.624
131,16.08.2010 19:00:00,8.52118
132,16.08.2010 20:00:00,8.13213
133,16.08.2010 21:00:00,7.3571
134,16.08.2010 22:00:00,7.02597
135,16.08.2010 23:00:00,6.48585
136,17.08.2010 00:00:00,5.95532,3.612
137,17.08.2010 01:00:00,5.62105
138,17.08.2010 02:00:00,5.31038
139,17.08.2010 03:00:00,4.96409
140,17.08.2010 04:00:00,4.67825
141,17.08.2010 05:00:00,4.38906
142,17.08.2010 06:00:00,4.09946,3.609
143,17.08.2010 07:00:00,3.99748
144,17.08.2010 08:00:00,4.30973
145,17.08.2010 09:00:00,4.70841
146,17.08.2010 10:00:00,5.22173
147,17.08.2010 11:00:00,5.65353
148,17.08.2010 12:00:00,6.42059,3.615
149,17.08.2010 13:00:00,7.35518
150,17.08.2010 14:00:00,8.22191
151,17.08.2010 15:00:00,9.81368
152,17.08.2010 16:00:00,12.0287
153,17.08.2010 17:00:00,12.2407
154,17.08.2010 18:00:00,11.2701,3.628
155,17.08.2010 19:00:00,9.55917
156,17.08.2010 20:00:00,8.79747
157,17.08.2010 21:00:00,8.18591
158,17.08.2010 22:00:00,7.7904
159,17.08.2010 23:00:00,7.70213
160,18.08.2010 00:00:00,7.42516,3.614
161,18.08.2010 01:00:00,6.8342
162,18.08.2010 02:00:00,6.30461
163,18.08.2010 03:00:00,5.77465
164,18.08.2010 04:00:00,5.17171
165,18.08.2010 05:00:00,4.78209
166,18.08.2010 06:00:00,4.51371,3.610
167,18.08.2010 07:00:00,4.26744
168,18.08.2010 08:00:00,4.61093
169,18.08.2010 09:00:00,5.09366
170,18.08.2010 10:00:00,5.67117
171,18.08.2010 11:00:00,6.35537
172,18.08.2010 12:00:00,6.98936,3.615
173,18.08.2010 13:00:00,7.90888
174,18.08.2010 14:00:00,5.62456
175,18.08.2010 15:00:00,8.57621
176,18.08.2010 16:00:00,8.27193
177,18.08.2010 17:00:00,7.4794
178,18.08.2010 18:00:00,7.65204,3.613
179,18.08.2010 19:00:00,8.08531
180,18.08.2010 20:00:00,6.76304
181,18.08.2010 21:00:00,6.50853
182,18.08.2010 22:00:00,6.22867
183,18.08.2010 23:00:00,5.83397
184,19.08.2010 00:00:00,5.49825,3.609
185,19.08.2010 01:00:00,5.14268
186,19.08.2010 02:00:00,4.83958
187,19.08.2010 03:00:00,4.56726
188,19.08.2010 04:00:00,4.1974
189,19.08.2010 05:00:00,4.08996
190,19.08.2010 06:00:00,3.8898,3.606
191,19.08.2010 07:00:00,3.8596
192,19.08.2010 08:00:00,4.04652
193,19.08.2010 09:00:00,4.40495
194,19.08.2010 10:00:00,4.96868
195,19.08.2010 11:00:00,5.63483
196,19.08.2010 12:00:00,6.35162,3.613
197,19.08.2010 13:00:00,7.15156
198,19.08.2010 14:00:00,8.32297
199,19.08.2010 15:00:00,10.3438
200,19.08.2010 16:00:00,13.9709
201,19.08.2010 17:00:00,14.828
202,19.08.2010 18:00:00,13.8817,3.643
203,19.08.2010 19:00:00,12.7421
204,19.08.2010 20:00:00,11.3914
205,19.08.2010 21:00:00,10.3835
206,19.08.2010 22:00:00,9.68668
207,19.08.2010 23:00:00,9.0155
208,20.08.2010 00:00:00,8.46771,3.614
209,20.08.2010 01:00:00,7.99963
210,20.08.2010 02:00:00,7.57484
211,20.08.2010 03:00:00,7.17962
212,20.08.2010 04:00:00,6.76396
213,20.08.2010 05:00:00,6.39208
214,20.08.2010 06:00:00,6.03273,3.605
215,20.08.2010 07:00:00,5.7976
216,20.08.2010 08:00:00,5.8464
217,20.08.2010 09:00:00,5.94244
218,20.08.2010 10:00:00,6.09402
219,20.08.2010 11:00:00,6.28028
220,20.08.2010 12:00:00,6.7341,3.608
221,20.08.2010 13:00:00,7.37279
222,20.08.2010 14:00:00,8.23254
223,20.08.2010 15:00:00,9.33788
224,20.08.2010 16:00:00,11.2274
225,20.08.2010 17:00:00,12.191
226,20.08.2010 18:00:00,12.2886,3.634
227,20.08.2010 19:00:00,11.5495
228,20.08.2010 20:00:00,10.6905
229,20.08.2010 21:00:00,10.0457
230,20.08.2010 22:00:00,9.6669
231,20.08.2010 23:00:00,9.13407
232,21.08.2010 00:00:00,8.68243,3.612
233,21.08.2010 01:00:00,8.32395
234,21.08.2010 02:00:00,7.91967
235,21.08.2010 03:00:00,7.51184
236,21.08.2010 04:00:00,7.16316
237,21.08.2010 05:00:00,6.80397
238,21.08.2010 06:00:00,6.48188,3.605
239,21.08.2010 07:00:00,6.22689
240,21.08.2010 08:00:00,6.27845
241,21.08.2010 09:00:00,6.49154
242,21.08.2010 10:00:00,6.82578
243,21.08.2010 11:00:00,7.17274
244,21.08.2010 12:00:00,7.55932,3.610
245,21.08.2010 13:00:00,8.39673
246,21.08.2010 14:00:00,9.29069
247,21.08.2010 15:00:00,9.44895
248,21.08.2010 16:00:00,9.3075
249,21.08.2010 17:00:00,9.00896
250,21.08.2010 18:00:00,8.85722,3.615
251,21.08.2010 19:00:00,9.02573
252,21.08.2010 20:00:00,8.47355
253,21.08.2010 21:00:00,7.78869
254,21.08.2010 22:00:00,7.26308
255,21.08.2010 23:00:00,6.76597
256,22.08.2010 00:00:00,6.49074,3.608
257,22.08.2010 01:00:00,6.14004
258,22.08.2010 02:00:00,5.8656
259,22.08.2010 03:00:00,5.45651
260,22.08.2010 04:00:00,5.24348
261,22.08.2010 05:00:00,5.07166
262,22.08.2010 06:00:00,4.77421,3.598
263,22.08.2010 07:00:00,4.58928
264,22.08.2010 08:00:00,4.61343
265,22.08.2010 09:00:00,4.78779
266,22.08.2010 10:00:00,5.11687
267,22.08.2010 11:00:00,5.54867
268,22.08.2010 12:00:00,6.20525,3.609
269,22.08.2010 13:00:00,7.13395
270,22.08.2010 14:00:00,8.32511
271,22.08.2010 15:00:00,9.75677
272,22.08.2010 16:00:00,11.3371
273,22.08.2010 17:00:00,11.965
274,22.08.2010 18:00:00,11.5986,3.629
275,22.08.2010 19:00:00,10.8767
276,22.08.2010 20:00:00,10.069
277,22.08.2010 21:00:00,9.44829
278,22.08.2010 22:00:00,8.88821
279,22.08.2010 23:00:00,8.38609
280,23.08.2010 00:00:00,7.9068,3.603
281,23.08.2010 01:00:00,7.48028
282,23.08.2010 02:00:00,7.12814
283,23.08.2010 03:00:00,6.75785
284,23.08.2010 04:00:00,6.41118
285,23.08.2010 05:00:00,6.13705
286,23.08.2010 06:00:00,5.851,3.601
287,23.08.2010 07:00:00,5.70172
288,23.08.2010 08:00:00,5.79309
289,23.08.2010 09:00:00,6.12962
290,23.08.2010 10:00:00,6.44923
291,23.08.2010 11:00:00,6.81543
292,23.08.2010 12:00:00,7.51979,3.610
293,23.08.2010 13:00:00,8.10958
294,23.08.2010 14:00:00,8.56083
295,23.08.2010 15:00:00,9.48138
296,23.08.2010 16:00:00,8.41297
297,23.08.2010 17:00:00,7.6225
298,23.08.2010 18:00:00,7.38554,3.607
299,23.08.2010 19:00:00,7.1448
300,23.08.2010 20:00:00,6.93134
301,23.08.2010 21:00:00,6.71425
302,23.08.2010 22:00:00,6.33808
303,23.08.2010 23:00:00,5.95467
304,24.08.2010 00:00:00,5.79797,3.599
305,24.08.2010 01:00:00,5.64058
306,24.08.2010 02:00:00,5.32178
307,24.08.2010 03:00:00,5.0468
308,24.08.2010 04:00:00,4.99736
309,24.08.2010 05:00:00,4.94271
310,24.08.2010 06:00:00,4.8913,3.597
311,24.08.2010 07:00:00,4.7859
312,24.08.2010 08:00:00,4.76691
313,24.08.2010 09:00:00,4.96691
314,24.08.2010 10:00:00,5.08158
315,24.08.2010 11:00:00,5.32367
316,24.08.2010 12:00:00,5.7196,3.607
317,24.08.2010 13:00:00,6.38383
318,24.08.2010 14:00:00,7.13843
319,24.08.2010 15:00:00,7.47696
320,24.08.2010 16:00:00,7.37471
321,24.08.2010 17:00:00,7.26454
322,24.08.2010 18:00:00,6.99459,3.603
323,24.08.2010 19:00:00,6.73666
324,24.08.2010 20:00:00,6.46042
325,24.08.2010 21:00:00,6.20572
326,24.08.2010 22:00:00,5.94282
327,24.08.2010 23:00:00,5.85813
328,25.08.2010 00:00:00,5.65171,3.598
329,25.08.2010 01:00:00,5.44322
330,25.08.2010 02:00:00,5.32432
331,25.08.2010 03:00:00,5.25481
332,25.08.2010 04:00:00,5.14804
333,25.08.2010 05:00:00,4.8733
334,25.08.2010 06:00:00,4.46804,3.596
335,25.08.2010 07:00:00,4.17987
336,25.08.2010 08:00:00,3.98878
337,25.08.2010 09:00:00,3.77378
338,25.08.2010 10:00:00,3.58955
339,25.08.2010 11:00:00,3.57066
340,25.08.2010 12:00:00,3.68532,3.597
341,25.08.2010 13:00:00,3.94331
342,25.08.2010 14:00:00,4.18956
343,25.08.2010 15:00:00,4.36808
344,25.08.2010 16:00:00,4.61824
345,25.08.2010 17:00:00,4.68348
346,25.08.2010 18:00:00,4.7553,3.598
347,25.08.2010 19:00:00,4.78386
348,25.08.2010 20:00:00,4.59364
349,25.08.2010 21:00:00,4.3488
350,25.08.2010 22:00:00,4.13284
351,25.08.2010 23:00:00,4.03377
352,26.08.2010 00:00:00,3.9317,3.597
353,26.08.2010 01:00:00,3.82093
354,26.08.2010 02:00:00,3.67245
355,26.08.2010 03:00:00,3.40112
356,26.08.2010 04:00:00,3.14107
357,26.08.2010 05:00:00,2.95083
358,26.08.2010 06:00:00,2.75651,3.591
359,26.08.2010 07:00:00,2.6518
360,26.08.2010 08:00:00,2.64157
361,26.08.2010 09:00:00,2.83845
362,26.08.2010 10:00:00,3.23035
363,26.08.2010 11:00:00,3.71487
364,26.08.2010 12:00:00,4.52722,3.601
365,26.08.2010 13:00:00,5.30305
366,26.08.2010 14:00:00,6.14298
367,26.08.2010 15:00:00,6.97367
368,26.08.2010 16:00:00,7.61037
369,26.08.2010 17:00:00,8.26454
370,26.08.2010 18:00:00,8.91797,3.623
371,26.08.2010 19:00:00,8.30618
372,26.08.2010 20:00:00,7.51287
373,26.08.2010 21:00:00,6.95616
374,26.08.2010 22:00:00,6.46348
375,26.08.2010 23:00:00,6.05546
376,27.08.2010 00:00:00,5.74701,3.597
377,27.08.2010 01:00:00,5.46131
378,27.08.2010 02:00:00,5.22906
379,27.08.2010 03:00:00,5.06927
380,27.08.2010 04:00:00,4.93834
381,27.08.2010 05:00:00,4.83893
382,27.08.2010 06:00:00,4.73785,3.594
383,27.08.2010 07:00:00,4.65611
384,27.08.2010 08:00:00,4.69081
385,27.08.2010 09:00:00,4.8341
386,27.08.2010 10:00:00,5.10199
387,27.08.2010 11:00:00,5.44491
388,27.08.2010 12:00:00,5.48918,3.598
389,27.08.2010 13:00:00,5.90612
390,27.08.2010 14:00:00,6.52684
391,27.08.2010 15:00:00,7.96453
392,27.08.2010 16:00:00,8.24667
393,27.08.2010 17:00:00,8.17399
394,27.08.2010 18:00:00,8.16869,3.612
395,27.08.2010 19:00:00,7.85616
396,27.08.2010 20:00:00,7.27013
397,27.08.2010 21:00:00,6.74892
398,27.08.2010 22:00:00,6.25816
399,27.08.2010 23:00:00,5.80849
400,28.08.2010 00:00:00,5.46706,3.592
401,28.08.2010 01:00:00,5.12954
402,28.08.2010 02:00:00,4.7607
403,28.08.2010 03:00:00,4.39395
404,28.08.2010 04:00:00,4.07856
405,28.08.2010 05:00:00,3.76352
406,28.08.2010 06:00:00,3.4973,3.583
407,28.08.2010 07:00:00,3.30146
408,28.08.2010 08:00:00,3.27389
409,28.08.2010 09:00:00,3.3611
410,28.08.2010 10:00:00,3.5847
411,28.08.2010 11:00:00,3.94727
412,28.08.2010 12:00:00,4.43671,3.596
413,28.08.2010 13:00:00,5.34096
414,28.08.2010 14:00:00,7.07416
415,28.08.2010 15:00:00,9.13158
416,28.08.2010 16:00:00,11.0943
417,28.08.2010 17:00:00,12.1424
418,28.08.2010 18:00:00,11.8367,3.641
419,28.08.2010 19:00:00,10.552
420,28.08.2010 20:00:00,9.40349
421,28.08.2010 21:00:00,8.56598
422,28.08.2010 22:00:00,7.88744
423,28.08.2010 23:00:00,7.30293
424,29.08.2010 00:00:00,6.80877,3.594
425,29.08.2010 01:00:00,6.35642
426,29.08.2010 02:00:00,5.90871
427,29.08.2010 03:00:00,5.49321
428,29.08.2010 04:00:00,5.17241
429,29.08.2010 05:00:00,4.852
430,29.08.2010 06:00:00,4.51083,3.582
431,29.08.2010 07:00:00,4.22132
432,29.08.2010 08:00:00,4.21856
433,29.08.2010 09:00:00,4.30875
434,29.08.2010 10:00:00,4.4795
435,29.08.2010 11:00:00,4.73415
436,29.08.2010 12:00:00,5.15457,3.597
437,29.08.2010 13:00:00,5.92449
438,29.08.2010 14:00:00,7.27334
439,29.08.2010 15:00:00,9.11917
440,29.08.2010 16:00:00,11.1522
441,29.08.2010 17:00:00,12.1696
442,29.08.2010 18:00:00,12.0005,3.641
443,29.08.2010 19:00:00,11.345
444,29.08.2010 20:00:00,10.2557
445,29.08.2010 21:00:00,9.41028
446,29.08.2010 22:00:00,8.79257
447,29.08.2010 23:00:00,8.2016
448,30.08.2010 00:00:00,7.69977,3.595
449,30.08.2010 01:00:00,7.20536
450,30.08.2010 02:00:00,6.77416
451,30.08.2010 03:00:00,6.41561
452,30.08.2010 04:00:00,6.09203
453,30.08.2010 05:00:00,5.87497
454,30.08.2010 06:00:00,5.58372,3.584
455,30.08.2010 07:00:00,5.28344
456,30.08.2010 08:00:00,5.27402
457,30.08.2010 09:00:00,5.54171
458,30.08.2010 10:00:00,5.96088
459,30.08.2010 11:00:00,6.18103
460,30.08.2010 12:00:00,6.53879,3.601
461,30.08.2010 13:00:00,6.75708
462,30.08.2010 14:00:00,7.26313
463,30.08.2010 15:00:00,7.00589
464,30.08.2010 16:00:00,8.3834
465,30.08.2010 17:00:00,9.86434
466,30.08.2010 18:00:00,9.12979,3.608
467,30.08.2010 19:00:00,8.37588
468,30.08.2010 20:00:00,7.85224
469,30.08.2010 21:00:00,7.36811
470,30.08.2010 22:00:00,6.798
471,30.08.2010 23:00:00,6.29337
472,31.08.2010 00:00:00,5.94163,3.590
473,31.08.2010 01:00:00,5.68962
474,31.08.2010 02:00:00,5.53862
475,31.08.2010 03:00:00,5.36331
476,31.08.2010 04:00:00,5.09436
477,31.08.2010 05:00:00,4.85351
478,31.08.2010 06:00:00,4.59661,3.586
479,31.08.2010 07:00:00,4.33646
480,31.08.2010 08:00:00,4.31945
481,31.08.2010 09:00:00,4.50992
482,31.08.2010 10:00:00,4.94873
483,31.08.2010 11:00:00,5.51873
484,31.08.2010 12:00:00,6.18469,3.602
485,31.08.2010 13:00:00,7.03077
486,31.08.2010 14:00:00,8.06613
487,31.08.2010 15:00:00,8.3234
488,31.08.2010 16:00:00,8.11375
489,31.08.2010 17:00:00,9.34519
490,31.08.2010 18:00:00,9.5302,3.617
491,31.08.2010 19:00:00,8.29582
492,31.08.2010 20:00:00,7.83305
493,31.08.2010 21:00:00,7.4232
494,31.08.2010 22:00:00,6.9781
495,31.08.2010 23:00:00,6.62635
496,01.09.2010 00:00:00,6.19472,3.590
497,01.09.2010 01:00:00,5.9319
498,01.09.2010 02:00:00,5.63727
499,01.09.2010 03:00:00,5.32087
500,01.09.2010 04:00:00,4.9957
501,01.09.2010 05:00:00,4.66221
502,01.09.2010 06:00:00,4.36217,3.584
503,01.09.2010 07:00:00,4.13712
504,01.09.2010 08:00:00,4.04891
505,01.09.2010 09:00:00,4.34862
506,01.09.2010 10:00:00,4.87712
507,01.09.2010 11:00:00,5.47738
508,01.09.2010 12:00:00,6.09417,3.597
509,01.09.2010 13:00:00,6.74693
510,01.09.2010 14:00:00,7.07745
511,01.09.2010 15:00:00,8.63711
512,01.09.2010 16:00:00,10.1362
513,01.09.2010 17:00:00,10.2202
514,01.09.2010 18:00:00,9.33225,3.614
515,01.09.2010 19:00:00,8.78593
516,01.09.2010 20:00:00,8.44012
517,01.09.2010 21:00:00,8.14663
518,01.09.2010 22:00:00,7.83008
519,01.09.2010 23:00:00,7.60447
520,02.09.2010 00:00:00,7.37893,3.597
521,02.09.2010 01:00:00,7.13003
522,02.09.2010 02:00:00,6.80757
523,02.09.2010 03:00:00,6.67116
524,02.09.2010 04:00:00,6.55691
525,02.09.2010 05:00:00,6.35107
526,02.09.2010 06:00:00,6.05549,3.586
527,02.09.2010 07:00:00,5.93237
528,02.09.2010 08:00:00,5.75705
529,02.09.2010 09:00:00,5.77258
530,02.09.2010 10:00:00,5.99974
531,02.09.2010 11:00:00,6.51806
532,02.09.2010 12:00:00,6.64157,3.595
533,02.09.2010 13:00:00,6.48616
534,02.09.2010 14:00:00,6.93422
535,02.09.2010 15:00:00,7.0242
536,02.09.2010 16:00:00,8.01071
537,02.09.2010 17:00:00,7.479
538,02.09.2010 18:00:00,7.67027,3.602
539,02.09.2010 19:00:00,7.31024
540,02.09.2010 20:00:00,6.9049
541,02.09.2010 21:00:00,6.61931
542,02.09.2010 22:00:00,6.29334
543,02.09.2010 23:00:00,6.01004
544,03.09.2010 00:00:00,5.73704,3.585
545,03.09.2010 01:00:00,5.50342
546,03.09.2010 02:00:00,5.35304
547,03.09.2010 03:00:00,5.33699
548,03.09.2010 04:00:00,5.24754
549,03.09.2010 05:00:00,5.12994
550,03.09.2010 06:00:00,4.97369,3.581
551,03.09.2010 07:00:00,4.84343
552,03.09.2010 08:00:00,4.79867
553,03.09.2010 09:00:00,4.99162
554,03.09.2010 10:00:00,5.3901
555,03.09.2010 11:00:00,5.89966
556,03.09.2010 12:00:00,6.62451,3.603
557,03.09.2010 13:00:00,7.72381
558,03.09.2010 14:00:00,8.993
559,03.09.2010 15:00:00,10.4668
560,03.09.2010 16:00:00,12.5911
561,03.09.2010 17:00:00,13.5738
562,03.09.2010 18:00:00,13.3222,3.649
563,03.09.2010 19:00:00,12.1204
564,03.09.2010 20:00:00,10.7544
565,03.09.2010 21:00:00,9.67163
566,03.09.2010 22:00:00,8.86249
567,03.09.2010 23:00:00,8.17157
568,04.09.2010 00:00:00,7.5588,3.592
569,04.09.2010 01:00:00,7.04022
570,04.09.2010 02:00:00,6.55132
571,04.09.2010 03:00:00,6.06857
572,04.09.2010 04:00:00,5.67197
573,04.09.2010 05:00:00,5.2772
574,04.09.2010 06:00:00,4.82223,3.573
575,04.09.2010 07:00:00,4.50106
576,04.09.2010 08:00:00,4.44437
577,04.09.2010 09:00:00,4.58329
578,04.09.2010 10:00:00,4.90847
579,04.09.2010 11:00:00,5.43483
580,04.09.2010 12:00:00,6.09289,3.592
581,04.09.2010 13:00:00,7.0936
582,04.09.2010 14:00:00,8.85526
583,04.09.2010 15:00:00,11.1813
584,04.09.2010 16:00:00,13.472
585,04.09.2010 17:00:00,14.466
586,04.09.2010 18:00:00,14.19,3.652
587,04.09.2010 19:00:00,12.8684
588,04.09.2010 20:00:00,11.3321
589,04.09.2010 21:00:00,10.2544
590,04.09.2010 22:00:00,9.32198
591,04.09.2010 23:00:00,8.56676
592,05.09.2010 00:00:00,7.86226,3.589
593,05.09.2010 01:00:00,7.20416
594,05.09.2010 02:00:00,6.65141
595,05.09.2010 03:00:00,6.11697
596,05.09.2010 04:00:00,5.63585
597,05.09.2010 05:00:00,5.24218
598,05.09.2010 06:00:00,4.76883,3.571
599,05.09.2010 07:00:00,4.40656
600,05.09.2010 08:00:00,4.36542
601,05.09.2010 09:00:00,4.34074
602,05.09.2010 10:00:00,4.39907
603,05.09.2010 11:00:00,4.64257
604,05.09.2010 12:00:00,5.28127,3.588
605,05.09.2010 13:00:00,6.31063
606,05.09.2010 14:00:00,7.9411
607,05.09.2010 15:00:00,10.4368
608,05.09.2010 16:00:00,12.8733
609,05.09.2010 17:00:00,13.9732
610,05.09.2010 18:00:00,13.6508,3.646
611,05.09.2010 19:00:00,12.0547
612,05.09.2010 20:00:00,10.5551
613,05.09.2010 21:00:00,9.59625
614,05.09.2010 22:00:00,8.83709
615,05.09.2010 23:00:00,8.08986
616,06.09.2010 00:00:00,7.47777,3.590
617,06.09.2010 01:00:00,6.91817
618,06.09.2010 02:00:00,6.41681
619,06.09.2010 03:00:00,5.92893
620,06.09.2010 04:00:00,5.43516
621,06.09.2010 05:00:00,5.03868
622,06.09.2010 06:00:00,4.68147,3.574
623,06.09.2010 07:00:00,4.36539
624,06.09.2010 08:00:00,4.3568
625,06.09.2010 09:00:00,4.52015
626,06.09.2010 10:00:00,4.71066
627,06.09.2010 11:00:00,5.15934
628,06.09.2010 12:00:00,6.0352,3.596
629,06.09.2010 13:00:00,7.35946
630,06.09.2010 14:00:00,9.18166
631,06.09.2010 15:00:00,11.1944
632,06.09.2010 16:00:00,13.1963
633,06.09.2010 17:00:00,14.0682
634,06.09.2010 18:00:00,13.5112,3.642
635,06.09.2010 19:00:00,11.9552
636,06.09.2010 20:00:00,10.6903
637,06.09.2010 21:00:00,9.88135
638,06.09.2010 22:00:00,9.3317
639,06.09.2010 23:00:00,8.87044
640,07.09.2010 00:00:00,8.43582,3.596
641,07.09.2010 01:00:00,7.93267
642,07.09.2010 02:00:00,7.36671
643,07.09.2010 03:00:00,6.99477
644,07.09.2010 04:00:00,6.63377
645,07.09.2010 05:00:00,6.07877
646,07.09.2010 06:00:00,5.64859,3.577
647,07.09.2010 07:00:00,5.31739
648,07.09.2010 08:00:00,5.25478
649,07.09.2010 09:00:00,5.45548
650,07.09.2010 10:00:00,5.70319
651,07.09.2010 11:00:00,6.11762
652,07.09.2010 12:00:00,6.98526,3.595
653,07.09.2010 13:00:00,7.97984
654,07.09.2010 14:00:00,9.31527
655,07.09.2010 15:00:00,10.9959
656,07.09.2010 16:00:00,10.2393
657,07.09.2010 17:00:00,8.91133
658,07.09.2010 18:00:00,8.43652,3.601
659,07.09.2010 19:00:00,8.05431
660,07.09.2010 20:00:00,7.14859
661,07.09.2010 21:00:00,6.64557
662,07.09.2010 22:00:00,6.34991
663,07.09.2010 23:00:00,6.16495
664,08.09.2010 00:00:00,5.99791,3.581
665,08.09.2010 01:00:00,5.89138
666,08.09.2010 02:00:00,5.77753
667,08.09.2010 03:00:00,5.52984
668,08.09.2010 04:00:00,5.23583
669,08.09.2010 05:00:00,5.06086
670,08.09.2010 06:00:00,4.90155,3.581
671,08.09.2010 07:00:00,4.6304
672,08.09.2010 08:00:00,4.57528
673,08.09.2010 09:00:00,4.77747
674,08.09.2010 10:00:00,5.12433
675,08.09.2010 11:00:00,5.58985
676,08.09.2010 12:00:00,6.2797,3.591
677,08.09.2010 13:00:00,6.66193
678,08.09.2010 14:00:00,6.89133
679,08.09.2010 15:00:00,8.19068
680,08.09.2010 16:00:00,9.21375
681,08.09.2010 17:00:00,8.5646
682,08.09.2010 18:00:00,7.94006,3.599
683,08.09.2010 19:00:00,7.6145
684,08.09.2010 20:00:00,7.28371
685,08.09.2010 21:00:00,7.01915
686,08.09.2010 22:00:00,6.81023
687,08.09.2010 23:00:00,6.65447
688,09.09.2010 00:00:00,6.33166,3.587
689,09.09.2010 01:00:00,5.9816
690,09.09.2010 02:00:00,5.83195
691,09.09.2010 03:00:00,5.74719
692,09.09.2010 04:00:00,5.43159
693,09.09.2010 05:00:00,4.9822
694,09.09.2010 06:00:00,4.68482,3.572
695,09.09.2010 07:00:00,4.55314
696,09.09.2010 08:00:00,4.56312
697,09.09.2010 09:00:00,4.63818
698,09.09.2010 10:00:00,4.91366
699,09.09.2010 11:00:00,5.28679
700,09.09.2010 12:00:00,5.77734,3.591
701,09.09.2010 13:00:00,6.05493
702,09.09.2010 14:00:00,6.93271
703,09.09.2010 15:00:00,8.25481
704,09.09.2010 16:00:00,8.55182
705,09.09.2010 17:00:00,9.63331
706,09.09.2010 18:00:00,9.38552,3.614
707,09.09.2010 19:00:00,8.63754
708,09.09.2010 20:00:00,7.99083
709,09.09.2010 21:00:00,7.2576
710,09.09.2010 22:00:00,6.61887
711,09.09.2010 23:00:00,6.14457
712,10.09.2010 00:00:00,5.69815,3.578
713,10.09.2010 01:00:00,5.34317
714,10.09.2010 02:00:00,4.99526
715,10.09.2010 03:00:00,4.6686
716,10.09.2010 04:00:00,4.34383
717,10.09.2010 05:00:00,4.10646
718,10.09.2010 06:00:00,3.90014,3.570
719,10.09.2010 07:00:00,3.75833
720,10.09.2010 08:00:00,3.56063
721,10.09.2010 09:00:00,3.57643
722,10.09.2010 10:00:00,3.78536
723,10.09.2010 11:00:00,4.20906
724,10.09.2010 12:00:00,4.68159,3.585
725,10.09.2010 13:00:00,4.92325
726,10.09.2010 14:00:00,5.275
727,10.09.2010 15:00:00,6.08851
728,10.09.2010 16:00:00,6.81128
729,10.09.2010 17:00:00,7.69238
730,10.09.2010 18:00:00,7.64817,3.601
731,10.09.2010 19:00:00,7.02659
732,10.09.2010 20:00:00,6.51733
733,10.09.2010 21:00:00,5.95075
734,10.09.2010 22:00:00,5.55249
735,10.09.2010 23:00:00,5.1455
736,11.09.2010 00:00:00,4.77276,3.577
737,11.09.2010 01:00:00,4.44196
738,11.09.2010 02:00:00,4.13525
739,11.09.2010 03:00:00,3.86427
740,11.09.2010 04:00:00,3.55089
741,11.09.2010 05:00:00,3.29264
742,11.09.2010 06:00:00,3.04166,3.570
743,11.09.2010 07:00:00,2.91196
744,11.09.2010 08:00:00,2.7548
745,11.09.2010 09:00:00,2.7148
746,11.09.2010 10:00:00,2.95095
747,11.09.2010 11:00:00,3.25484
748,11.09.2010 12:00:00,3.7991,3.581
749,11.09.2010 13:00:00,4.55553
750,11.09.2010 14:00:00,5.68642
751,11.09.2010 15:00:00,7.20007
752,11.09.2010 16:00:00,8.03727
753,11.09.2010 17:00:00,8.05693
754,11.09.2010 18:00:00,7.316,3.598
755,11.09.2010 19:00:00,6.46525
756,11.09.2010 20:00:00,5.82276
757,11.09.2010 21:00:00,5.379
758,11.09.2010 22:00:00,4.97698
759,11.09.2010 23:00:00,4.69422
760,12.09.2010 00:00:00,4.37058,3.576
761,12.09.2010 01:00:00,4.12468
762,12.09.2010 02:00:00,3.77058
763,12.09.2010 03:00:00,3.49719
764,12.09.2010 04:00:00,3.24675
765,12.09.2010 05:00:00,3.06602
766,12.09.2010 06:00:00,2.98178,3.572
767,12.09.2010 07:00:00,2.87951
768,12.09.2010 08:00:00,2.70653
769,12.09.2010 09:00:00,2.70333
770,12.09.2010 10:00:00,2.92958
771,12.09.2010 11:00:00,3.34203
772,12.09.2010 12:00:00,3.70703,3.582
773,12.09.2010 13:00:00,4.17825
774,12.09.2010 14:00:00,4.7553
775,12.09.2010 15:00:00,5.04306
776,12.09.2010 16:00:00,5.83016
777,12.09.2010 17:00:00,5.92503
778,12.09.2010 18:00:00,5.27146,3.583
779,12.09.2010 19:00:00,4.47938
780,12.09.2010 20:00:00,3.90651
781,12.09.2010 21:00:00,3.48707
782,12.09.2010 22:00:00,3.06043
783,12.09.2010 23:00:00,2.74366
784,13.09.2010 00:00:00,2.481,3.570
785,13.09.2010 01:00:00,2.17048
786,13.09.2010 02:00:00,1.9813
787,13.09.2010 03:00:00,1.82596
788,13.09.2010 04:00:00,1.66409
789,13.09.2010 05:00:00,1.53906
790,13.09.2010 06:00:00,1.37209,3.572
791,13.09.2010 07:00:00,1.26911
792,13.09.2010 08:00:00,1.21498
793,13.09.2010 09:00:00,1.25712
794,13.09.2010 10:00:00,1.36996
795,13.09.2010 11:00:00,1.67413
796,13.09.2010 12:00:00,2.0548,3.577
797,13.09.2010 13:00:00,2.73115
798,13.09.2010 14:00:00,3.57799
799,13.09.2010 15:00:00,5.45263
800,13.09.2010 16:00:00,6.72291
801,13.09.2010 17:00:00,6.12446
802,13.09.2010 18:00:00,5.73213,3.592
803,13.09.2010 19:00:00,5.00964
804,13.09.2010 20:00:00,4.46441
805,13.09.2010 21:00:00,4.03395
806,13.09.2010 22:00:00,3.65963
807,13.09.2010 23:00:00,3.40439
808,14.09.2010 00:00:00,3.10123,3.573
809,14.09.2010 01:00:00,2.74174
810,14.09.2010 02:00:00,2.42669
811,14.09.2010 03:00:00,2.22304
812,14.09.2010 04:00:00,2.00616
813,14.09.2010 05:00:00,1.81015
814,14.09.2010 06:00:00,1.62441,3.568
815,14.09.2010 07:00:00,1.44954
816,14.09.2010 08:00:00,1.32538
817,14.09.2010 09:00:00,1.22623
818,14.09.2010 10:00:00,1.19997
819,14.09.2010 11:00:00,1.28138
820,14.09.2010 12:00:00,1.56902,3.570
821,14.09.2010 13:00:00,2.20604
822,14.09.2010 14:00:00,3.75735
823,14.09.2010 15:00:00,5.74535
824,14.09.2010 16:00:00,7.13453
825,14.09.2010 17:00:00,7.32684
826,14.09.2010 18:00:00,6.92492,3.603
827,14.09.2010 19:00:00,6.25635
828,14.09.2010 20:00:00,5.54595
829,14.09.2010 21:00:00,4.9724
830,14.09.2010 22:00:00,4.49593
831,14.09.2010 23:00:00,4.04782
832,15.09.2010 00:00:00,3.58467,3.574
833,15.09.2010 01:00:00,3.27712
834,15.09.2010 02:00:00,2.98563
835,15.09.2010 03:00:00,2.6841
836,15.09.2010 04:00:00,2.52031
837,15.09.2010 05:00:00,2.31394
838,15.09.2010 06:00:00,2.11753,3.563
839,15.09.2010 07:00:00,1.92642
840,15.09.2010 08:00:00,1.91119
841,15.09.2010 09:00:00,1.99061
842,15.09.2010 10:00:00,2.20158
843,15.09.2010 11:00:00,2.57213
844,15.09.2010 12:00:00,3.09228,3.577
845,15.09.2010 13:00:00,3.80692
846,15.09.2010 14:00:00,4.82923
847,15.09.2010 15:00:00,6.17522
848,15.09.2010 16:00:00,6.73996
849,15.09.2010 17:00:00,6.93113
850,15.09.2010 18:00:00,6.16432,3.594
851,15.09.2010 19:00:00,5.41747
852,15.09.2010 20:00:00,4.72099
853,15.09.2010 21:00:00,4.32003
854,15.09.2010 22:00:00,3.89636
855,15.09.2010 23:00:00,3.524
856,16.09.2010 00:00:00,3.19411,3.569
857,16.09.2010 01:00:00,2.90153
858,16.09.2010 02:00:00,2.61745
859,16.09.2010 03:00:00,2.42782
860,16.09.2010 04:00:00,2.25494
861,16.09.2010 05:00:00,2.16642
862,16.09.2010 06:00:00,2.18271,3.562
863,16.09.2010 07:00:00,2.14506
864,16.09.2010 08:00:00,2.21691
865,16.09.2010 09:00:00,2.37526
866,16.09.2010 10:00:00,2.81443
867,16.09.2010 11:00:00,3.44567
868,16.09.2010 12:00:00,4.16221,3.582
869,16.09.2010 13:00:00,5.13337
870,16.09.2010 14:00:00,5.38426
871,16.09.2010 15:00:00,5.38615
872,16.09.2010 16:00:00,5.21592
873,16.09.2010 17:00:00,5.50333
874,16.09.2010 18:00:00,4.9822,3.583
875,16.09.2010 19:00:00,4.56069
876,16.09.2010 20:00:00,4.18165
877,16.09.2010 21:00:00,3.99256
878,16.09.2010 22:00:00,3.62665
879,16.09.2010 23:00:00,3.21533
880,17.09.2010 00:00:00,2.99495,3.563
881,17.09.2010 01:00:00,2.85805
882,17.09.2010 02:00:00,2.79477
883,17.09.2010 03:00:00,2.74033
884,17.09.2010 04:00:00,2.61559
885,17.09.2010 05:00:00,2.37395
886,17.09.2010 06:00:00,2.28168,3.562
887,17.09.2010 07:00:00,2.20002
888,17.09.2010 08:00:00,2.16951
889,17.09.2010 09:00:00,2.18949
890,17.09.2010 10:00:00,2.41632
891,17.09.2010 11:00:00,2.77473
892,17.09.2010 12:00:00,3.19295,3.575
893,17.09.2010 13:00:00,3.46436
894,17.09.2010 14:00:00,3.40793
895,17.09.2010 15:00:00,3.44091
896,17.09.2010 16:00:00,3.58097
897,17.09.2010 17:00:00,4.31782
898,17.09.2010 18:00:00,4.07695,3.576
899,17.09.2010 19:00:00,3.65579
900,17.09.2010 20:00:00,3.30738
901,17.09.2010 21:00:00,3.00282
902,17.09.2010 22:00:00,2.71062
903,17.09.2010 23:00:00,2.46913
904,18.09.2010 00:00:00,2.29999,3.562
905,18.09.2010 01:00:00,2.15046
906,18.09.2010 02:00:00,1.98832
907,18.09.2010 03:00:00,1.84058
908,18.09.2010 04:00:00,1.71529
909,18.09.2010 05:00:00,1.62423
910,18.09.2010 06:00:00,1.52138,3.562
911,18.09.2010 07:00:00,1.35761
912,18.09.2010 08:00:00,1.28651
913,18.09.2010 09:00:00,1.26679
914,18.09.2010 10:00:00,1.27329
915,18.09.2010 11:00:00,1.33322
916,18.09.2010 12:00:00,1.53982,3.565
917,18.09.2010 13:00:00,1.79754
918,18.09.2010 14:00:00,2.42532
919,18.09.2010 15:00:00,2.34218
920,18.09.2010 16:00:00,2.77229
921,18.09.2010 17:00:00,2.71517
922,18.09.2010 18:00:00,2.13563,3.568
923,18.09.2010 19:00:00,1.79384
924,18.09.2010 20:00:00,1.60759
925,18.09.2010 21:00:00,1.457
926,18.09.2010 22:00:00,1.37128
927,18.09.2010 23:00:00,1.30671
928,19.09.2010 00:00:00,1.26472,3.562
929,19.09.2010 01:00:00,1.085
930,19.09.2010 02:00:00,0.934113
931,19.09.2010 03:00:00,0.825132
932,19.09.2010 04:00:00,0.731894
933,19.09.2010 05:00:00,0.667335
934,19.09.2010 06:00:00,0.614605,3.564
935,19.09.2010 07:00:00,0.566463
936,19.09.2010 08:00:00,0.533001
937,19.09.2010 09:00:00,0.52538
938,19.09.2010 10:00:00,0.527666
939,19.09.2010 11:00:00,0.532057
940,19.09.2010 12:00:00,0.546335,3.564
941,19.09.2010 13:00:00,0.56421
942,19.09.2010 14:00:00,0.847879
943,19.09.2010 15:00:00,3.03366
944,19.09.2010 16:00:00,4.7691
945,19.09.2010 17:00:00,4.62031
946,19.09.2010 18:00:00,4.18671,3.584
947,19.09.2010 19:00:00,3.0354
948,19.09.2010 20:00:00,2.39968
949,19.09.2010 21:00:00,1.94401
950,19.09.2010 22:00:00,1.65279
951,19.09.2010 23:00:00,1.46343
952,20.09.2010 00:00:00,1.29584,3.561
953,20.09.2010 01:00:00,1.12844
954,20.09.2010 02:00:00,0.986533
955,20.09.2010 03:00:00,0.875464
956,20.09.2010 04:00:00,0.757209
957,20.09.2010 05:00:00,0.67252
958,20.09.2010 06:00:00,0.603819,3.560
959,20.09.2010 07:00:00,0.53792
960,20.09.2010 08:00:00,0.504441
961,20.09.2010 09:00:00,0.47285
962,20.09.2010 10:00:00,0.462597
963,20.09.2010 11:00:00,0.460129
964,20.09.2010 12:00:00,0.519831,3.561
965,20.09.2010 13:00:00,0.781014
966,20.09.2010 14:00:00,1.99822
967,20.09.2010 15:00:00,3.89346
968,20.09.2010 16:00:00,4.49721
969,20.09.2010 17:00:00,4.52086
970,20.09.2010 18:00:00,4.02289,3.580
971,20.09.2010 19:00:00,3.18736
972,20.09.2010 20:00:00,2.75749
973,20.09.2010 21:00:00,2.5521
974,20.09.2010 22:00:00,2.31122
975,20.09.2010 23:00:00,2.0997
976,21.09.2010 00:00:00,1.88806,3.562
977,21.09.2010 01:00:00,1.71831
978,21.09.2010 02:00:00,1.56222
979,21.09.2010 03:00:00,1.43811
980,21.09.2010 04:00:00,1.29831
981,21.09.2010 05:00:00,1.11328
982,21.09.2010 06:00:00,0.985805,3.559
983,21.09.2010 07:00:00,0.875812
984,21.09.2010 08:00:00,0.76786
985,21.09.2010 09:00:00,0.696277
986,21.09.2010 10:00:00,0.705984
987,21.09.2010 11:00:00,0.852254
988,21.09.2010 12:00:00,1.32313,3.561
989,21.09.2010 13:00:00,1.93738
990,21.09.2010 14:00:00,3.03268
991,21.09.2010 15:00:00,3.69429
992,21.09.2010 16:00:00,4.64844
993,21.09.2010 17:00:00,4.37494
994,21.09.2010 18:00:00,3.86494,3.579
995,21.09.2010 19:00:00,3.47419
996,21.09.2010 20:00:00,3.06895
997,21.09.2010 21:00:00,2.68617
998,21.09.2010 22:00:00,2.43622
999,21.09.2010 23:00:00,2.15091
1000,22.09.2010 00:00:00,1.93541,3.561
1001,22.09.2010 01:00:00,1.74444
1002,22.09.2010 02:00:00,1.59484
1003,22.09.2010 03:00:00,1.39844
1004,22.09.2010 04:00:00,1.25047
1005,22.09.2010 05:00:00,1.14965
1006,22.09.2010 06:00:00,1.02824,3.553
1007,22.09.2010 07:00:00,0.935091
1008,22.09.2010 08:00:00,0.926874
1009,22.09.2010 09:00:00,1.05585
1010,22.09.2010 10:00:00,1.27677
1011,22.09.2010 11:00:00,1.67816
1012,22.09.2010 12:00:00,2.19443,3.569
1013,22.09.2010 13:00:00,3.21514
1014,22.09.2010 14:00:00,4.65712
1015,22.09.2010 15:00:00,6.37032
1016,22.09.2010 16:00:00,8.25187
1017,22.09.2010 17:00:00,8.5
1018,22.09.2010 18:00:00,7.14268,3.611
1019,22.09.2010 19:00:00,6.28572
1020,22.09.2010 20:00:00,5.40531
1021,22.09.2010 21:00:00,4.7855
1022,22.09.2010 22:00:00,4.33249
1023,22.09.2010 23:00:00,3.9551
1024,23.09.2010 00:00:00,3.6084,3.570
1025,23.09.2010 01:00:00,3.444
1026,23.09.2010 02:00:00,3.33444
1027,23.09.2010 03:00:00,3.20681
1028,23.09.2010 04:00:00,3.0758
1029,23.09.2010 05:00:00,2.948
1030,23.09.2010 06:00:00,2.80987,3.563
1031,23.09.2010 07:00:00,2.6876
1032,23.09.2010 08:00:00,2.63137
1033,23.09.2010 09:00:00,2.67253
1034,23.09.2010 10:00:00,2.9262
1035,23.09.2010 11:00:00,3.3413
1036,23.09.2010 12:00:00,3.826,3.578
1037,23.09.2010 13:00:00,4.52896
1038,23.09.2010 14:00:00,4.77475
1039,23.09.2010 15:00:00,4.92872
1040,23.09.2010 16:00:00,5.06652
1041,23.09.2010 17:00:00,4.90097
1042,23.09.2010 18:00:00,4.57913,3.582
1043,23.09.2010 19:00:00,4.12297
1044,23.09.2010 20:00:00,3.56298
1045,23.09.2010 21:00:00,3.26885
1046,23.09.2010 22:00:00,3.01229
1047,23.09.2010 23:00:00,2.83429
1048,24.09.2010 00:00:00,2.51086,3.555
1049,24.09.2010 01:00:00,2.18956
1050,24.09.2010 02:00:00,1.94858
1051,24.09.2010 03:00:00,1.6874
1052,24.09.2010 04:00:00,1.49599
1053,24.09.2010 05:00:00,1.31796
1054,24.09.2010 06:00:00,1.22681,3.548
1055,24.09.2010 07:00:00,1.10611
1056,24.09.2010 08:00:00,1.00096
1057,24.09.2010 09:00:00,0.985921
1058,24.09.2010 10:00:00,1.04288
1059,24.09.2010 11:00:00,1.23878
1060,24.09.2010 12:00:00,1.68614,3.561
1061,24.09.2010 13:00:00,2.60899
1062,24.09.2010 14:00:00,3.12779
1063,24.09.2010 15:00:00,3.49916
1064,24.09.2010 16:00:00,3.56776
1065,24.09.2010 17:00:00,3.48286
1066,24.09.2010 18:00:00,3.43282,3.571
1067,24.09.2010 19:00:00,3.21911
1068,24.09.2010 20:00:00,2.97437
1069,24.09.2010 21:00:00,2.82453
1070,24.09.2010 22:00:00,2.67863
1071,24.09.2010 23:00:00,2.53689
1072,25.09.2010 00:00:00,2.44605,3.562
1073,25.09.2010 01:00:00,2.3466
1074,25.09.2010 02:00:00,2.2473
1075,25.09.2010 03:00:00,2.12152
1076,25.09.2010 04:00:00,1.95876
1077,25.09.2010 05:00:00,1.87051
1078,25.09.2010 06:00:00,1.74545,3.557
1079,25.09.2010 07:00:00,1.55813
1080,25.09.2010 08:00:00,1.4341
1081,25.09.2010 09:00:00,1.37165
1082,25.09.2010 10:00:00,1.42699
1083,25.09.2010 11:00:00,1.50716
1084,25.09.2010 12:00:00,1.71059,3.559
1085,25.09.2010 13:00:00,2.18644
1086,25.09.2010 14:00:00,3.16919
1087,25.09.2010 15:00:00,4.13937
1088,25.09.2010 16:00:00,5.09295
1089,25.09.2010 17:00:00,4.52657
1090,25.09.2010 18:00:00,3.78746,3.574
1091,25.09.2010 19:00:00,3.19664
1092,25.09.2010 20:00:00,2.65501
1093,25.09.2010 21:00:00,2.21318
1094,25.09.2010 22:00:00,2.10528
1095,25.09.2010 23:00:00,1.78357
1096,26.09.2010 00:00:00,1.60774,3.554
1097,26.09.2010 01:00:00,1.4565
1098,26.09.2010 02:00:00,1.34946
1099,26.09.2010 03:00:00,1.20814
1100,26.09.2010 04:00:00,0.990345
1101,26.09.2010 05:00:00,0.885752
1102,26.09.2010 06:00:00,0.787477,3.550
1103,26.09.2010 07:00:00,0.706929
1104,26.09.2010 08:00:00,0.65534
1105,26.09.2010 09:00:00,0.61482
1106,26.09.2010 10:00:00,0.606619
1107,26.09.2010 11:00:00,0.618066
1108,26.09.2010 12:00:00,0.782721,3.553
1109,26.09.2010 13:00:00,1.16869
1110,26.09.2010 14:00:00,1.85357
1111,26.09.2010 15:00:00,2.61443
1112,26.09.2010 16:00:00,3.17993
1113,26.09.2010 17:00:00,3.20064
1114,26.09.2010 18:00:00,2.67315,3.568
1115,26.09.2010 19:00:00,2.24309
1116,26.09.2010 20:00:00,1.81771
1117,26.09.2010 21:00:00,1.57772
1118,26.09.2010 22:00:00,1.35001
1119,26.09.2010 23:00:00,1.12296
1120,27.09.2010 00:00:00,0.917579,3.553
1121,27.09.2010 01:00:00,0.777802
1122,27.09.2010 02:00:00,0.693079
1123,27.09.2010 03:00:00,0.618266
1124,27.09.2010 04:00:00,0.536447
1125,27.09.2010 05:00:00,0.485258
1126,27.09.2010 06:00:00,0.440383,3.554
1127,27.09.2010 07:00:00,0.402714
1128,27.09.2010 08:00:00,0.37949
1129,27.09.2010 09:00:00,0.350751
1130,27.09.2010 10:00:00,0.346394
1131,27.09.2010 11:00:00,0.362197
1132,27.09.2010 12:00:00,0.351911,3.555
1133,27.09.2010 13:00:00,0.483702
1134,27.09.2010 14:00:00,0.666788
1135,27.09.2010 15:00:00,1.47148
1136,27.09.2010 16:00:00,1.2512
1137,27.09.2010 17:00:00,1.29889
1138,27.09.2010 18:00:00,1.00579,3.557
1139,27.09.2010 19:00:00,0.734909
1140,27.09.2010 20:00:00,0.649459
1141,27.09.2010 21:00:00,0.542492
1142,27.09.2010 22:00:00,0.491304
1143,27.09.2010 23:00:00,0.42019
1144,28.09.2010 00:00:00,0.398889,3.555
1145,28.09.2010 01:00:00,0.385601
1146,28.09.2010 02:00:00,0.346427
1147,28.09.2010 03:00:00,0.29814
1148,28.09.2010 04:00:00,0.26791
1149,28.09.2010 05:00:00,0.236918
1150,28.09.2010 06:00:00,0.204967,3.553
1151,28.09.2010 07:00:00,0.159698
1152,28.09.2010 08:00:00,0.114462
1153,28.09.2010 09:00:00,0.0935755
1154,28.09.2010 10:00:00,0.0835056
1155,28.09.2010 11:00:00,0.0734339
1156,28.09.2010 12:00:00,0.0703869,3.556
1157,28.09.2010 13:00:00,0.0783863
1158,28.09.2010 14:00:00,0.137104
1159,28.09.2010 15:00:00,2.60601
1160,28.09.2010 16:00:00,4.37345
1161,28.09.2010 17:00:00,4.44114
1162,28.09.2010 18:00:00,3.59651,3.582
1163,28.09.2010 19:00:00,2.98634
1164,28.09.2010 20:00:00,2.54761
1165,28.09.2010 21:00:00,2.20839
1166,28.09.2010 22:00:00,2.05099
1167,28.09.2010 23:00:00,1.84653
1168,29.09.2010 00:00:00,1.63103,3.559
1169,29.09.2010 01:00:00,1.354
1170,29.09.2010 02:00:00,1.15281
1171,29.09.2010 03:00:00,0.964598
1172,29.09.2010 04:00:00,0.829705
1173,29.09.2010 05:00:00,0.722733
1174,29.09.2010 06:00:00,0.635941,3.551
1175,29.09.2010 07:00:00,0.54231
1176,29.09.2010 08:00:00,0.487296
1177,29.09.2010 09:00:00,0.453867
1178,29.09.2010 10:00:00,0.43273
1179,29.09.2010 11:00:00,0.486136
1180,29.09.2010 12:00:00,0.686551,3.554
1181,29.09.2010 13:00:00,1.59341
1182,29.09.2010 14:00:00,4.10697
1183,29.09.2010 15:00:00,7.17009
1184,29.09.2010 16:00:00,7.89839
1185,29.09.2010 17:00:00,8.54683
1186,29.09.2010 18:00:00,7.37808,3.616
1187,29.09.2010 19:00:00,6.17913
1188,29.09.2010 20:00:00,5.23349
1189,29.09.2010 21:00:00,4.49056
1190,29.09.2010 22:00:00,3.88359
1191,29.09.2010 23:00:00,3.36393
1192,30.09.2010 00:00:00,2.9324,3.564
1193,30.09.2010 01:00:00,2.53768
1194,30.09.2010 02:00:00,2.18822
1195,30.09.2010 03:00:00,1.89286
1196,30.09.2010 04:00:00,1.64175
1197,30.09.2010 05:00:00,1.41988
1198,30.09.2010 06:00:00,1.23221,3.548
1199,30.09.2010 07:00:00,1.04499
1200,30.09.2010 08:00:00,0.951046
1201,30.09.2010 09:00:00,0.937527
1202,30.09.2010 10:00:00,0.992566
1203,30.09.2010 11:00:00,1.12445
1204,30.09.2010 12:00:00,1.43234,3.558
1205,30.09.2010 13:00:00,2.61309
1206,30.09.2010 14:00:00,4.58631
1207,30.09.2010 15:00:00,6.81586
1208,30.09.2010 16:00:00,7.7387
1209,30.09.2010 17:00:00,7.83836
1210,30.09.2010 18:00:00,7.17751,3.608
1211,30.09.2010 19:00:00,6.13672
1212,30.09.2010 20:00:00,5.42953
1213,30.09.2010 21:00:00,4.8811
1214,30.09.2010 22:00:00,4.37519
1215,30.09.2010 23:00:00,3.91338
1216,01.10.2010 00:00:00,3.52579,3.572
1217,01.10.2010 01:00:00,3.20387
1218,01.10.2010 02:00:00,2.97296
1219,01.10.2010 03:00:00,2.7744
1220,01.10.2010 04:00:00,2.53714
1221,01.10.2010 05:00:00,2.42129
1222,01.10.2010 06:00:00,2.36379,3.558
1223,01.10.2010 07:00:00,2.20323
1224,01.10.2010 08:00:00,2.11813
1225,01.10.2010 09:00:00,2.17665
1226,01.10.2010 10:00:00,2.29383
1227,01.10.2010 11:00:00,2.36303
1228,01.10.2010 12:00:00,2.07061,3.556
1229,01.10.2010 13:00:00,1.78332
1230,01.10.2010 14:00:00,2.32721
1231,01.10.2010 15:00:00,4.30849
1232,01.10.2010 16:00:00,4.46646
1233,01.10.2010 17:00:00,3.66058
1234,01.10.2010 18:00:00,3.00188,3.564
1235,01.10.2010 19:00:00,2.73148
1236,01.10.2010 20:00:00,2.53608
1237,01.10.2010 21:00:00,2.36797
1238,01.10.2010 22:00:00,2.11136
1239,01.10.2010 23:00:00,1.80907
1240,02.10.2010 00:00:00,1.46215,3.548
1241,02.10.2010 01:00:00,1.30273
1242,02.10.2010 02:00:00,1.16415
1243,02.10.2010 03:00:00,1.03819
1244,02.10.2010 04:00:00,0.961567
1245,02.10.2010 05:00:00,0.907506
1246,02.10.2010 06:00:00,0.830153,3.547
1247,02.10.2010 07:00:00,0.701593
1248,02.10.2010 08:00:00,0.669653
1249,02.10.2010 09:00:00,0.664865
1250,02.10.2010 10:00:00,0.683503
1251,02.10.2010 11:00:00,0.791054
1252,02.10.2010 12:00:00,1.02461,3.552
1253,02.10.2010 13:00:00,2.08501
1254,02.10.2010 14:00:00,4.118
1255,02.10.2010 15:00:00,6.48847
1256,02.10.2010 16:00:00,7.15262
1257,02.10.2010 17:00:00,6.99565
1258,02.10.2010 18:00:00,6.5507,3.604
1259,02.10.2010 19:00:00,5.70744
1260,02.10.2010 20:00:00,5.08902
1261,02.10.2010 21:00:00,4.51618
1262,02.10.2010 22:00:00,3.95656
1263,02.10.2010 23:00:00,3.45648
1264,03.10.2010 00:00:00,3.05115,3.566
1265,03.10.2010 01:00:00,2.67091
1266,03.10.2010 02:00:00,2.35597
1267,03.10.2010 03:00:00,2.07141
1268,03.10.2010 04:00:00,1.81665
1269,03.10.2010 05:00:00,1.51677
1270,03.10.2010 06:00:00,1.28403,3.546
1271,03.10.2010 07:00:00,1.14657
1272,03.10.2010 08:00:00,0.990279
1273,03.10.2010 09:00:00,0.935241
1274,03.10.2010 10:00:00,0.944966
1275,03.10.2010 11:00:00,1.03218
1276,03.10.2010 12:00:00,1.30494,3.553
1277,03.10.2010 13:00:00,2.38796
1278,03.10.2010 14:00:00,4.34086
1279,03.10.2010 15:00:00,6.95154
1280,03.10.2010 16:00:00,8.36908
1281,03.10.2010 17:00:00,8.3345
1282,03.10.2010 18:00:00,7.33189,3.613
1283,03.10.2010 19:00:00,6.00861
1284,03.10.2010 20:00:00,5.05778
1285,03.10.2010 21:00:00,4.39526
1286,03.10.2010 22:00:00,3.86983
1287,03.10.2010 23:00:00,3.40817
1288,04.10.2010 00:00:00,3.01817,3.564
1289,04.10.2010 01:00:00,2.64679
1290,04.10.2010 02:00:00,2.34127
1291,04.10.2010 03:00:00,2.06491
1292,04.10.2010 04:00:00,1.81893
1293,04.10.2010 05:00:00,1.59997
1294,04.10.2010 06:00:00,1.39312,3.547
1295,04.10.2010 07:00:00,1.22376
1296,04.10.2010 08:00:00,1.13876
1297,04.10.2010 09:00:00,1.19084
1298,04.10.2010 10:00:00,1.27052
1299,04.10.2010 11:00:00,1.43011
1300,04.10.2010 12:00:00,1.97893,3.565
1301,04.10.2010 13:00:00,3.34576
1302,04.10.2010 14:00:00,5.35831
1303,04.10.2010 15:00:00,7.18408
1304,04.10.2010 16:00:00,7.84097
1305,04.10.2010 17:00:00,7.71185
1306,04.10.2010 18:00:00,6.75826,3.606
1307,04.10.2010 19:00:00,5.93973
1308,04.10.2010 20:00:00,5.22627
1309,04.10.2010 21:00:00,4.62166
1310,04.10.2010 22:00:00,4.13248
1311,04.10.2010 23:00:00,3.64708
1312,05.10.2010 00:00:00,3.22421,3.566
1313,05.10.2010 01:00:00,2.85039
1314,05.10.2010 02:00:00,2.52069
1315,05.10.2010 03:00:00,2.24898
1316,05.10.2010 04:00:00,1.98955
1317,05.10.2010 05:00:00,1.74905
1318,05.10.2010 06:00:00,1.54308,3.548
1319,05.10.2010 07:00:00,1.3565
1320,05.10.2010 08:00:00,1.26893
1321,05.10.2010 09:00:00,1.26017
1322,05.10.2010 10:00:00,1.33685
1323,05.10.2010 11:00:00,1.55432
1324,05.10.2010 12:00:00,2.0164,3.563
1325,05.10.2010 13:00:00,2.9446
1326,05.10.2010 14:00:00,4.5106
1327,05.10.2010 15:00:00,5.74569
1328,05.10.2010 16:00:00,5.25273
1329,05.10.2010 17:00:00,4.70859
1330,05.10.2010 18:00:00,4.26411,3.580
1331,05.10.2010 19:00:00,3.66
1332,05.10.2010 20:00:00,3.1541
1333,05.10.2010 21:00:00,2.81198
1334,05.10.2010 22:00:00,2.43531
1335,05.10.2010 23:00:00,2.19105
1336,06.10.2010 00:00:00,2.03627,3.554
1337,06.10.2010 01:00:00,1.82028
1338,06.10.2010 02:00:00,1.63696
1339,06.10.2010 03:00:00,1.48562
1340,06.10.2010 04:00:00,1.38076
1341,06.10.2010 05:00:00,1.28898
1342,06.10.2010 06:00:00,1.20988,3.549
1343,06.10.2010 07:00:00,1.14407
1344,06.10.2010 08:00:00,1.06898
1345,06.10.2010 09:00:00,1.05604
1346,06.10.2010 10:00:00,1.178
1347,06.10.2010 11:00:00,1.45178
1348,06.10.2010 12:00:00,2.04369,3.564
1349,06.10.2010 13:00:00,3.06481
1350,06.10.2010 14:00:00,3.92382
1351,06.10.2010 15:00:00,4.88223
1352,06.10.2010 16:00:00,5.218
1353,06.10.2010 17:00:00,4.57389
1354,06.10.2010 18:00:00,3.9281,3.580
1355,06.10.2010 19:00:00,3.3763
1356,06.10.2010 20:00:00,2.95168
1357,06.10.2010 21:00:00,2.67954
1358,06.10.2010 22:00:00,2.48506
1359,06.10.2010 23:00:00,2.2115
1360,07.10.2010 00:00:00,2.06169,3.555
1361,07.10.2010 01:00:00,1.80957
1362,07.10.2010 02:00:00,1.62155
1363,07.10.2010 03:00:00,1.49389
1364,07.10.2010 04:00:00,1.31564
1365,07.10.2010 05:00:00,1.24479
1366,07.10.2010 06:00:00,1.14569,3.549
1367,07.10.2010 07:00:00,0.979444
1368,07.10.2010 08:00:00,0.8806
1369,07.10.2010 09:00:00,0.990925
1370,07.10.2010 10:00:00,1.22969
1371,07.10.2010 11:00:00,1.39667
1372,07.10.2010 12:00:00,1.75931,3.563
1373,07.10.2010 13:00:00,2.37264
1374,07.10.2010 14:00:00,2.96646
1375,07.10.2010 15:00:00,3.01036
1376,07.10.2010 16:00:00,2.91043
1377,07.10.2010 17:00:00,2.36238
1378,07.10.2010 18:00:00,2.19044,3.559
1379,07.10.2010 19:00:00,1.95093
1380,07.10.2010 20:00:00,1.72189
1381,07.10.2010 21:00:00,1.56209
1382,07.10.2010 22:00:00,1.44326
1383,07.10.2010 23:00:00,1.36575
1384,08.10.2010 00:00:00,1.29834,3.552
1385,08.10.2010 01:00:00,1.21447
1386,08.10.2010 02:00:00,1.17999
1387,08.10.2010 03:00:00,1.11358
1388,08.10.2010 04:00:00,1.05933
1389,08.10.2010 05:00:00,0.970513
1390,08.10.2010 06:00:00,0.806512,3.550
1391,08.10.2010 07:00:00,0.71758
1392,08.10.2010 08:00:00,0.664865
1393,08.10.2010 09:00:00,0.581324
1394,08.10.2010 10:00:00,0.593101
1395,08.10.2010 11:00:00,0.671328
1396,08.10.2010 12:00:00,0.800382,3.553
1397,08.10.2010 13:00:00,1.08881
1398,08.10.2010 14:00:00,1.09393
1399,08.10.2010 15:00:00,0.982872
1400,08.10.2010 16:00:00,0.977736
1401,08.10.2010 17:00:00,1.05963
1402,08.10.2010 18:00:00,0.964963,3.556
1403,08.10.2010 19:00:00,0.830865
1404,08.10.2010 20:00:00,0.72747
1405,08.10.2010 21:00:00,0.674193
1406,08.10.2010 22:00:00,0.63175
1407,08.10.2010 23:00:00,0.593864
1408,09.10.2010 00:00:00,0.547279,3.554
1409,09.10.2010 01:00:00,0.523674
1410,09.10.2010 02:00:00,0.517959
1411,09.10.2010 03:00:00,0.49475
1412,09.10.2010 04:00:00,0.466987
1413,09.10.2010 05:00:00,0.475552
1414,09.10.2010 06:00:00,0.471774,3.556
1415,09.10.2010 07:00:00,0.465612
1416,09.10.2010 08:00:00,0.45973
1417,09.10.2010 09:00:00,0.444507
1418,09.10.2010 10:00:00,0.440681
1419,09.10.2010 11:00:00,0.449262
1420,09.10.2010 12:00:00,0.448715,3.554
1421,09.10.2010 13:00:00,0.454596
1422,09.10.2010 14:00:00,0.484099
1423,09.10.2010 15:00:00,0.993212
1424,09.10.2010 16:00:00,1.64861
1425,09.10.2010 17:00:00,1.32447
1426,09.10.2010 18:00:00,0.956232,3.554
1427,09.10.2010 19:00:00,0.791436
1428,09.10.2010 20:00:00,0.69891
1429,09.10.2010 21:00:00,0.606437
1430,09.10.2010 22:00:00,0.504821
1431,09.10.2010 23:00:00,0.431603
1432,10.10.2010 00:00:00,0.389744,3.558
1433,10.10.2010 01:00:00,0.346609
1434,10.10.2010 02:00:00,0.311226
1435,10.10.2010 03:00:00,0.278545
1436,10.10.2010 04:00:00,0.227394
1437,10.10.2010 05:00:00,0.177403
1438,10.10.2010 06:00:00,0.137866,3.553
1439,10.10.2010 07:00:00,0.106296
1440,10.10.2010 08:00:00,0.0707846
1441,10.10.2010 09:00:00,0.0580311
1442,10.10.2010 10:00:00,0.0398273
1443,10.10.2010 11:00:00,0.0194864
1444,10.10.2010 12:00:00,-0.00577068,3.558
1445,10.10.2010 13:00:00,-0.0101423
1446,10.10.2010 14:00:00,-0.00196171
1447,10.10.2010 15:00:00,0.0259476
1448,10.10.2010 16:00:00,0.0396452
1449,10.10.2010 17:00:00,0.0531273
1450,10.10.2010 18:00:00,0.0667925,3.559
1451,10.10.2010 19:00:00,0.0738316
1452,10.10.2010 20:00:00,0.0745621
1453,10.10.2010 21:00:00,0.0827427
1454,10.10.2010 22:00:00,0.0719109
1455,10.10.2010 23:00:00,0.0498648
1456,11.10.2010 00:00:00,0.0141716,3.556
1457,11.10.2010 01:00:00,-0.0114851
1458,11.10.2010 02:00:00,-0.047924
1459,11.10.2010 03:00:00,-0.0884027
1460,11.10.2010 04:00:00,-0.109669
1461,11.10.2010 05:00:00,-0.132077
1462,11.10.2010 06:00:00,-0.142909,3.556
1463,11.10.2010 07:00:00,-0.176894
1464,11.10.2010 08:00:00,-0.213331
1465,11.10.2010 09:00:00,-0.234232
1466,11.10.2010 10:00:00,-0.248293
1467,11.10.2010 11:00:00,-0.24296
1468,11.10.2010 12:00:00,-0.217918,3.559
1469,11.10.2010 13:00:00,-0.193789
1470,11.10.2010 14:00:00,-0.180489
1471,11.10.2010 15:00:00,-0.170999
1472,11.10.2010 16:00:00,-0.159803
1473,11.10.2010 17:00:00,-0.150875
1474,11.10.2010 18:00:00,-0.159224,3.555
1475,11.10.2010 19:00:00,-0.178236
1476,11.10.2010 20:00:00,-0.188669
1477,11.10.2010 21:00:00,-0.200627
1478,11.10.2010 22:00:00,-0.204436
1479,11.10.2010 23:00:00,-0.204254
1480,12.10.2010 00:00:00,-0.209373,3.555
1481,12.10.2010 01:00:00,-0.206507
1482,12.10.2010 02:00:00,-0.206904
1483,12.10.2010 03:00:00,-0.216578
1484,12.10.2010 04:00:00,-0.212569
1485,12.10.2010 05:00:00,-0.212205
1486,12.10.2010 06:00:00,-0.224163,3.558
1487,12.10.2010 07:00:00,-0.243142
1488,12.10.2010 08:00:00,-0.242778
1489,12.10.2010 09:00:00,-0.250546
1490,12.10.2010 10:00:00,-0.262718
1491,12.10.2010 11:00:00,-0.270865
1492,12.10.2010 12:00:00,-0.260614,3.557
1493,12.10.2010 13:00:00,-0.222457
1494,12.10.2010 14:00:00,-0.190193
1495,12.10.2010 15:00:00,-0.154286
1496,12.10.2010 16:00:00,-0.141783
1497,12.10.2010 17:00:00,-0.133799
1498,12.10.2010 18:00:00,-0.122205,3.556
1499,12.10.2010 19:00:00,-0.12431
1500,12.10.2010 20:00:00,-0.119175
1501,12.10.2010 21:00:00,-0.112351
1502,12.10.2010 22:00:00,-0.113263
1503,12.10.2010 23:00:00,-0.113478
1504,13.10.2010 00:00:00,-0.120682,3.553
1505,13.10.2010 01:00:00,-0.136631
1506,13.10.2010 02:00:00,-0.161707
1507,13.10.2010 03:00:00,-0.20043
1508,13.10.2010 04:00:00,-0.241636
1509,13.10.2010 05:00:00,-0.273517
1510,13.10.2010 06:00:00,-0.30066,3.555
1511,13.10.2010 07:00:00,-0.318133
1512,13.10.2010 08:00:00,-0.352879
1513,13.10.2010 09:00:00,-0.395176
1514,13.10.2010 10:00:00,-0.394612
1515,13.10.2010 11:00:00,-0.351537
1516,13.10.2010 12:00:00,-0.324029,3.555
1517,13.10.2010 13:00:00,-0.28511
1518,13.10.2010 14:00:00,-0.264027
1519,13.10.2010 15:00:00,-0.234414
1520,13.10.2010 16:00:00,-0.215998
1521,13.10.2010 17:00:00,-0.195312
1522,13.10.2010 18:00:00,-0.184481,3.554
1523,13.10.2010 19:00:00,-0.177838
1524,13.10.2010 20:00:00,-0.16853
1525,13.10.2010 21:00:00,-0.163992
1526,13.10.2010 22:00:00,-0.157153
1527,13.10.2010 23:00:00,-0.158677
1528,14.10.2010 00:00:00,-0.16323,3.554
1529,14.10.2010 01:00:00,-0.16646
1530,14.10.2010 02:00:00,-0.168166
1531,14.10.2010 03:00:00,-0.172705
1532,14.10.2010 04:00:00,-0.185424
1533,14.10.2010 05:00:00,-0.227972
1534,14.10.2010 06:00:00,-0.282459,3.552
1535,14.10.2010 07:00:00,-0.371262
1536,14.10.2010 08:00:00,-0.432371
1537,14.10.2010 09:00:00,-0.442042
1538,14.10.2010 10:00:00,-0.428777
1539,14.10.2010 11:00:00,-0.389113
1540,14.10.2010 12:00:00,-0.339762,3.556
1541,14.10.2010 13:00:00,-0.29917
1542,14.10.2010 14:00:00,-0.27885
1543,14.10.2010 15:00:00,-0.241056
1544,14.10.2010 16:00:00,-0.197962
1545,14.10.2010 17:00:00,-0.172157
1546,14.10.2010 18:00:00,-0.160365,3.554
1547,14.10.2010 19:00:00,-0.155447
1548,14.10.2010 20:00:00,-0.150328
1549,14.10.2010 21:00:00,-0.142909
1550,14.10.2010 22:00:00,-0.138736
1551,14.10.2010 23:00:00,-0.137393
1552,15.10.2010 00:00:00,-0.135687,3.554
1553,15.10.2010 01:00:00,-0.13226
1554,15.10.2010 02:00:00,-0.137609
1555,15.10.2010 03:00:00,-0.135323
1556,15.10.2010 04:00:00,-0.139862
1557,15.10.2010 05:00:00,-0.134561
1558,15.10.2010 06:00:00,-0.135687,3.554
1559,15.10.2010 07:00:00,-0.135505
1560,15.10.2010 08:00:00,-0.133037
1561,15.10.2010 09:00:00,-0.139316
1562,15.10.2010 10:00:00,-0.140624
1563,15.10.2010 11:00:00,-0.140806
1564,15.10.2010 12:00:00,-0.134743,3.551
1565,15.10.2010 13:00:00,-0.140044
1566,15.10.2010 14:00:00,-0.13968
1567,15.10.2010 15:00:00,-0.133601
1568,15.10.2010 16:00:00,-0.128086
1569,15.10.2010 17:00:00,-0.122387
1570,15.10.2010 18:00:00,-0.123548,3.552
1571,15.10.2010 19:00:00,-0.119738
1572,15.10.2010 20:00:00,-0.114422
1573,15.10.2010 21:00:00,-0.115548
1574,15.10.2010 22:00:00,-0.115366
1575,15.10.2010 23:00:00,-0.113478
1576,16.10.2010 00:00:00,-0.112534,3.554
1577,16.10.2010 01:00:00,-0.114024
1578,16.10.2010 02:00:00,-0.11424
1579,16.10.2010 03:00:00,-0.11573
1580,16.10.2010 04:00:00,-0.117652
1581,16.10.2010 05:00:00,-0.122602
1582,16.10.2010 06:00:00,-0.124856,3.549
1583,16.10.2010 07:00:00,-0.125834
1584,16.10.2010 08:00:00,-0.120134
1585,16.10.2010 09:00:00,-0.122387
1586,16.10.2010 10:00:00,-0.128666
1587,16.10.2010 11:00:00,-0.12373
1588,16.10.2010 12:00:00,-0.123548,3.553
1589,16.10.2010 13:00:00,-0.120317
1590,16.10.2010 14:00:00,-0.120317
1591,16.10.2010 15:00:00,-0.117072
1592,16.10.2010 16:00:00,-0.11934
1593,16.10.2010 17:00:00,-0.115946
1594,16.10.2010 18:00:00,-0.11573,3.552
1595,16.10.2010 19:00:00,-0.11308
1596,16.10.2010 20:00:00,-0.109669
1597,16.10.2010 21:00:00,-0.109304
1598,16.10.2010 22:00:00,-0.107382
1599,16.10.2010 23:00:00,-0.110431
1600,17.10.2010 00:00:00,-0.10417,3.551
1601,17.10.2010 01:00:00,-0.106438
1602,17.10.2010 02:00:00,-0.107962
1603,17.10.2010 03:00:00,-0.110249
1604,17.10.2010 04:00:00,-0.108542
1605,17.10.2010 05:00:00,-0.109089
1606,17.10.2010 06:00:00,-0.108542,3.550
1607,17.10.2010 07:00:00,-0.104534
1608,17.10.2010 08:00:00,-0.10301
1609,17.10.2010 09:00:00,-0.1072
1610,17.10.2010 10:00:00,-0.109122
1611,17.10.2010 11:00:00,-0.112534
1612,17.10.2010 12:00:00,-0.102282,3.551
1613,17.10.2010 13:00:00,-0.106256
1614,17.10.2010 14:00:00,-0.0916319
1615,17.10.2010 15:00:00,-0.0929556
1616,17.10.2010 16:00:00,-0.089529
1617,17.10.2010 17:00:00,-0.0975285
1618,17.10.2010 18:00:00,-0.101702,3.554
1619,17.10.2010 19:00:00,-0.0935354
1620,17.10.2010 20:00:00,-0.0982904
1621,17.10.2010 21:00:00,-0.0933533
1622,17.10.2010 22:00:00,-0.0971308
1623,17.10.2010 23:00:00,-0.0942984
1624,18.10.2010 00:00:00,-0.0931711,3.551
1625,18.10.2010 01:00:00,-0.0982904
1626,18.10.2010 02:00:00,-0.0964022
1627,18.10.2010 03:00:00,-0.0954247
1628,18.10.2010 04:00:00,-0.0923939
1629,18.10.2010 05:00:00,-0.0975285
1630,18.10.2010 06:00:00,-0.0994167,3.552
1631,18.10.2010 07:00:00,-0.0964022
1632,18.10.2010 08:00:00,-0.0990515
1633,18.10.2010 09:00:00,-0.0984726
1634,18.10.2010 10:00:00,-0.0994167
1635,18.10.2010 11:00:00,-0.103408
1636,18.10.2010 12:00:00,-0.105494,3.553
1637,18.10.2010 13:00:00,-0.100758
1638,18.10.2010 14:00:00,-0.0772057
1639,18.10.2010 15:00:00,0.00868797
1640,18.10.2010 16:00:00,0.143167
1641,18.10.2010 17:00:00,0.138048
1642,18.10.2010 18:00:00,0.0158777,3.555
1643,18.10.2010 19:00:00,0.00352192
1644,18.10.2010 20:00:00,0.000657082
1645,18.10.2010 21:00:00,-0.00921631
1646,18.10.2010 22:00:00,0.0291452
1647,18.10.2010 23:00:00,0.0553799
1648,19.10.2010 00:00:00,0.0840855,3.551
1649,19.10.2010 01:00:00,0.0859737
1650,19.10.2010 02:00:00,0.103084
1651,19.10.2010 03:00:00,0.0905447
1652,19.10.2010 04:00:00,0.093791
1653,19.10.2010 05:00:00,0.0901623
1654,19.10.2010 06:00:00,0.0770626,3.553
1655,19.10.2010 07:00:00,0.0677366
1656,19.10.2010 08:00:00,0.0523329
1657,19.10.2010 09:00:00,0.046072
1658,19.10.2010 10:00:00,0.0396128
1659,19.10.2010 11:00:00,0.0285978
1660,19.10.2010 12:00:00,0.0187254,3.554
1661,19.10.2010 13:00:00,0.0422955
1662,19.10.2010 14:00:00,0.355917
1663,19.10.2010 15:00:00,0.681216
1664,19.10.2010 16:00:00,0.981366
1665,19.10.2010 17:00:00,0.490757
1666,19.10.2010 18:00:00,0.363108,3.553
1667,19.10.2010 19:00:00,0.35991
1668,19.10.2010 20:00:00,0.371838
1669,19.10.2010 21:00:00,0.402648
1670,19.10.2010 22:00:00,0.355337
1671,19.10.2010 23:00:00,0.310066
1672,20.10.2010 00:00:00,0.296186,3.554
1673,20.10.2010 01:00:00,0.286695
1674,20.10.2010 02:00:00,0.282337
1675,20.10.2010 03:00:00,0.269186
1676,20.10.2010 04:00:00,0.238377
1677,20.10.2010 05:00:00,0.193355
1678,20.10.2010 06:00:00,0.141096,3.553
1679,20.10.2010 07:00:00,0.114064
1680,20.10.2010 08:00:00,0.0821629
1681,20.10.2010 09:00:00,0.0683165
1682,20.10.2010 10:00:00,0.0542212
1683,20.10.2010 11:00:00,0.0363817
1684,20.10.2010 12:00:00,0.0449123,3.556
1685,20.10.2010 13:00:00,0.0409546
1686,20.10.2010 14:00:00,0.0812521
1687,20.10.2010 15:00:00,0.634052
1688,20.10.2010 16:00:00,0.993725
1689,20.10.2010 17:00:00,0.939664
1690,20.10.2010 18:00:00,0.480471,3.556
1691,20.10.2010 19:00:00,0.364084
1692,20.10.2010 20:00:00,0.289743
1693,20.10.2010 21:00:00,0.23041
1694,20.10.2010 22:00:00,0.181362
1695,20.10.2010 23:00:00,0.145237
1696,21.10.2010 00:00:00,0.125295,3.554
1697,21.10.2010 01:00:00,0.111447
1698,21.10.2010 02:00:00,0.10098
1699,21.10.2010 03:00:00,0.0791483
1700,21.10.2010 04:00:00,0.0601349
1701,21.10.2010 05:00:00,0.0502625
1702,21.10.2010 06:00:00,0.0303049,3.553
1703,21.10.2010 07:00:00,0.0152979
1704,21.10.2010 08:00:00,0.00636959
1705,21.10.2010 09:00:00,-0.00293827
1706,21.10.2010 10:00:00,-0.0143499
1707,21.10.2010 11:00:00,-0.0211744
1708,21.10.2010 12:00:00,-0.0306969,3.551
1709,21.10.2010 13:00:00,-0.0312443
1710,21.10.2010 14:00:00,-0.0333481
1711,21.10.2010 15:00:00,-0.0365448
1712,21.10.2010 16:00:00,-0.0304823
1713,21.10.2010 17:00:00,-0.0384817
1714,21.10.2010 18:00:00,-0.0453062,3.554
1715,21.10.2010 19:00:00,-0.0500603
1716,21.10.2010 20:00:00,-0.0586061
1717,21.10.2010 21:00:00,-0.0640888
1718,21.10.2010 22:00:00,-0.0827379
1719,21.10.2010 23:00:00,-0.0992346
1720,22.10.2010 00:00:00,-0.129063,3.553
1721,22.10.2010 01:00:00,-0.172157
1722,22.10.2010 02:00:00,-0.218863
1723,22.10.2010 03:00:00,-0.26025
1724,22.10.2010 04:00:00,-0.313776
1725,22.10.2010 05:00:00,-0.382457
1726,22.10.2010 06:00:00,-0.455523,3.553
1727,22.10.2010 07:00:00,-0.545049
1728,22.10.2010 08:00:00,-0.643861
1729,22.10.2010 09:00:00,-0.7358
1730,22.10.2010 10:00:00,-0.77011
1731,22.10.2010 11:00:00,-0.815432
1732,22.10.2010 12:00:00,-0.844046,3.554
1733,22.10.2010 13:00:00,-0.815432
1734,22.10.2010 14:00:00,-0.798559
1735,22.10.2010 15:00:00,-0.808594
1736,22.10.2010 16:00:00,-0.85105
1737,22.10.2010 17:00:00,-0.893887
1738,22.10.2010 18:00:00,-0.93823,3.558
1739,22.10.2010 19:00:00,-0.975138
1740,22.10.2010 20:00:00,-1.0297
1741,22.10.2010 21:00:00,-1.06265
1742,22.10.2010 22:00:00,-1.08064
1743,22.10.2010 23:00:00,-1.15355
1744,23.10.2010 00:00:00,-1.18096,3.561
1745,23.10.2010 01:00:00,-1.18762
1746,23.10.2010 02:00:00,-1.22434
1747,23.10.2010 03:00:00,-1.2005
1748,23.10.2010 04:00:00,-1.25388
1749,23.10.2010 05:00:00,-1.29383
1750,23.10.2010 06:00:00,-1.38468,3.557
1751,23.10.2010 07:00:00,-1.47484
1752,23.10.2010 08:00:00,-1.5819
1753,23.10.2010 09:00:00,-1.71935
1754,23.10.2010 10:00:00,-1.75731
1755,23.10.2010 11:00:00,-1.74183
1756,23.10.2010 12:00:00,-1.65944,3.559
1757,23.10.2010 13:00:00,-1.45881
1758,23.10.2010 14:00:00,-1.28438
1759,23.10.2010 15:00:00,-0.982539
1760,23.10.2010 16:00:00,-0.848203
1761,23.10.2010 17:00:00,-0.928179
1762,23.10.2010 18:00:00,-1.09581,3.559
1763,23.10.2010 19:00:00,-1.26352
1764,23.10.2010 20:00:00,-1.41128
1765,23.10.2010 21:00:00,-1.60953
1766,23.10.2010 22:00:00,-1.75226
1767,23.10.2010 23:00:00,-1.90906
1768,24.10.2010 00:00:00,-2.07791,3.557
1769,24.10.2010 01:00:00,-2.21357
1770,24.10.2010 02:00:00,-2.37452
1771,24.10.2010 03:00:00,-2.50507
1772,24.10.2010 04:00:00,-2.58843
1773,24.10.2010 05:00:00,-2.75096
1774,24.10.2010 06:00:00,-2.81731,3.561
1775,24.10.2010 07:00:00,-2.95464
1776,24.10.2010 08:00:00,-3.04949
1777,24.10.2010 09:00:00,-3.07473
1778,24.10.2010 10:00:00,-2.93887
1779,24.10.2010 11:00:00,-2.79594
1780,24.10.2010 12:00:00,-2.53559,3.559
1781,24.10.2010 13:00:00,-2.15877
1782,24.10.2010 14:00:00,-1.73377
1783,24.10.2010 15:00:00,-1.38468
1784,24.10.2010 16:00:00,-1.35686
1785,24.10.2010 17:00:00,-1.41285
1786,24.10.2010 18:00:00,-1.54208,3.555
1787,24.10.2010 19:00:00,-1.59213
1788,24.10.2010 20:00:00,-1.69143
1789,24.10.2010 21:00:00,-1.8252
1790,24.10.2010 22:00:00,-1.97593
1791,24.10.2010 23:00:00,-2.14723
1792,25.10.2010 00:00:00,-2.31038,3.553
1793,25.10.2010 01:00:00,-2.45413
1794,25.10.2010 02:00:00,-2.57991
1795,25.10.2010 03:00:00,-2.72328
1796,25.10.2010 04:00:00,-2.91926
1797,25.10.2010 05:00:00,-3.0316
1798,25.10.2010 06:00:00,-3.13842,3.558
1799,25.10.2010 07:00:00,-3.37948
1800,25.10.2010 08:00:00,-3.58013
1801,25.10.2010 09:00:00,-3.64611
1802,25.10.2010 10:00:00,-3.4835
1803,25.10.2010 11:00:00,-3.22712
1804,25.10.2010 12:00:00,-2.84463,3.560
1805,25.10.2010 13:00:00,-2.40736
1806,25.10.2010 14:00:00,-1.86945
1807,25.10.2010 15:00:00,-1.41135
1808,25.10.2010 16:00:00,-1.23554
1809,25.10.2010 17:00:00,-1.25727
1810,25.10.2010 18:00:00,-1.37807,3.552
1811,25.10.2010 19:00:00,-1.54654
1812,25.10.2010 20:00:00,-1.78704
1813,25.10.2010 21:00:00,-2.00128
1814,25.10.2010 22:00:00,-2.21334
1815,25.10.2010 23:00:00,-2.48071
1816,26.10.2010 00:00:00,-2.71285,3.552
1817,26.10.2010 01:00:00,-2.87725
1818,26.10.2010 02:00:00,-3.08394
1819,26.10.2010 03:00:00,-3.26518
1820,26.10.2010 04:00:00,-3.49135
1821,26.10.2010 05:00:00,-3.64821
1822,26.10.2010 06:00:00,-3.94541,3.560
1823,26.10.2010 07:00:00,-4.13679
1824,26.10.2010 08:00:00,-4.4103
1825,26.10.2010 09:00:00,-4.59446
1826,26.10.2010 10:00:00,-4.39957
1827,26.10.2010 11:00:00,-4.05828
1828,26.10.2010 12:00:00,-3.4507,3.558
1829,26.10.2010 13:00:00,-2.70003
1830,26.10.2010 14:00:00,-2.01336
1831,26.10.2010 15:00:00,-1.49782
1832,26.10.2010 16:00:00,-1.23042
1833,26.10.2010 17:00:00,-1.19845
1834,26.10.2010 18:00:00,-1.4176,3.553
1835,26.10.2010 19:00:00,-1.77794
1836,26.10.2010 20:00:00,-2.07661
1837,26.10.2010 21:00:00,-2.42313
1838,26.10.2010 22:00:00,-2.67418
1839,26.10.2010 23:00:00,-2.83781
1840,27.10.2010 00:00:00,-3.05373,3.551
1841,27.10.2010 01:00:00,-3.19208
1842,27.10.2010 02:00:00,-3.35701
1843,27.10.2010 03:00:00,-3.71382
1844,27.10.2010 04:00:00,-3.96374
1845,27.10.2010 05:00:00,-4.09172
1846,27.10.2010 06:00:00,-4.16185,3.558
1847,27.10.2010 07:00:00,-4.3499
1848,27.10.2010 08:00:00,-4.29414
1849,27.10.2010 09:00:00,-4.26367
1850,27.10.2010 10:00:00,-4.10065
1851,27.10.2010 11:00:00,-3.47785
1852,27.10.2010 12:00:00,-2.7711,3.555
1853,27.10.2010 13:00:00,-2.20676
1854,27.10.2010 14:00:00,-1.65378
1855,27.10.2010 15:00:00,-1.21375
1856,27.10.2010 16:00:00,-1.00393
1857,27.10.2010 17:00:00,-0.903358
1858,27.10.2010 18:00:00,-0.848219,3.567
1859,27.10.2010 19:00:00,-0.844592
1860,27.10.2010 20:00:00,-1.03557
1861,27.10.2010 21:00:00,-1.54695
1862,27.10.2010 22:00:00,-2.12381
1863,27.10.2010 23:00:00,-2.48708
1864,28.10.2010 00:00:00,-2.80369,3.544
1865,28.10.2010 01:00:00,-3.18864
1866,28.10.2010 02:00:00,-3.37083
1867,28.10.2010 03:00:00,-3.56797
1868,28.10.2010 04:00:00,-3.75975
1869,28.10.2010 05:00:00,-3.98469
1870,28.10.2010 06:00:00,-4.08409,3.554
1871,28.10.2010 07:00:00,-4.16179
1872,28.10.2010 08:00:00,-4.30552
1873,28.10.2010 09:00:00,-4.29334
1874,28.10.2010 10:00:00,-4.00178
1875,28.10.2010 11:00:00,-3.28234
1876,28.10.2010 12:00:00,-2.53858,3.556
1877,28.10.2010 13:00:00,-1.91061
1878,28.10.2010 14:00:00,-1.358
1879,28.10.2010 15:00:00,-0.971379
1880,28.10.2010 16:00:00,-0.847076
1881,28.10.2010 17:00:00,-0.794386
1882,28.10.2010 18:00:00,-0.774101,3.567
1883,28.10.2010 19:00:00,-0.755522
1884,28.10.2010 20:00:00,-0.784516
1885,28.10.2010 21:00:00,-0.959805
1886,28.10.2010 22:00:00,-1.36895
1887,28.10.2010 23:00:00,-1.74658
1888,29.10.2010 00:00:00,-2.00318,3.547
1889,29.10.2010 01:00:00,-2.24507
1890,29.10.2010 02:00:00,-2.39661
1891,29.10.2010 03:00:00,-2.34529
1892,29.10.2010 04:00:00,-2.42111
1893,29.10.2010 05:00:00,-2.44867
1894,29.10.2010 06:00:00,-2.55295,3.543
1895,29.10.2010 07:00:00,-2.65248
1896,29.10.2010 08:00:00,-2.55369
1897,29.10.2010 09:00:00,-2.46614
1898,29.10.2010 10:00:00,-2.17742
1899,29.10.2010 11:00:00,-1.98444
1900,29.10.2010 12:00:00,-1.75412,3.553
1901,29.10.2010 13:00:00,-1.56245
1902,29.10.2010 14:00:00,-1.26146
1903,29.10.2010 15:00:00,-1.11907
1904,29.10.2010 16:00:00,-1.08463
1905,29.10.2010 17:00:00,-1.14864
1906,29.10.2010 18:00:00,-1.26244,3.558
1907,29.10.2010 19:00:00,-1.43457
1908,29.10.2010 20:00:00,-1.52574
1909,29.10.2010 21:00:00,-1.58702
1910,29.10.2010 22:00:00,-1.59857
1911,29.10.2010 23:00:00,-1.60556
1912,30.10.2010 00:00:00,-1.65719,3.553
1913,30.10.2010 01:00:00,-1.66986
1914,30.10.2010 02:00:00,-1.69258
1915,30.10.2010 03:00:00,-1.90457
1916,30.10.2010 04:00:00,-2.11029
1917,30.10.2010 05:00:00,-2.33058
1918,30.10.2010 06:00:00,-2.44074,3.542
1919,30.10.2010 07:00:00,-2.60986
1920,30.10.2010 08:00:00,-2.78878
1921,30.10.2010 09:00:00,-2.85888
1922,30.10.2010 10:00:00,-2.79596
1923,30.10.2010 11:00:00,-2.41937
1924,30.10.2010 12:00:00,-1.95673,3.553
1925,30.10.2010 13:00:00,-1.47772
1926,30.10.2010 14:00:00,-0.952802
1927,30.10.2010 15:00:00,-0.578418
1928,30.10.2010 16:00:00,-0.467844
1929,30.10.2010 17:00:00,-0.415297
1930,30.10.2010 18:00:00,-0.385123,3.566
1931,30.10.2010 19:00:00,-0.376212
1932,30.10.2010 20:00:00,-0.358178
1933,30.10.2010 21:00:00,-0.351901
1934,30.10.2010 22:00:00,-0.357052
1935,30.10.2010 23:00:00,-0.360249
1936,31.10.2010 00:00:00,-0.36313,3.558
1937,31.10.2010 01:00:00,-0.423644
1938,31.10.2010 02:00:00,-0.985387
1939,31.10.2010 03:00:00,-1.71978
1940,31.10.2010 04:00:00,-2.35305
1941,31.10.2010 05:00:00,-2.80529
1942,31.10.2010 06:00:00,-2.9072,3.537
1943,31.10.2010 07:00:00,-2.89825
1944,31.10.2010 08:00:00,-3.0483
1945,31.10.2010 09:00:00,-3.12341
1946,31.10.2010 10:00:00,-2.89932
1947,31.10.2010 11:00:00,-2.59763
1948,31.10.2010 12:00:00,-2.12401,3.553
1949,31.10.2010 13:00:00,-1.74092
1950,31.10.2010 14:00:00,-1.44068
1951,31.10.2010 15:00:00,-1.25901
1952,31.10.2010 16:00:00,-1.2677
1953,31.10.2010 17:00:00,-1.5099
1954,31.10.2010 18:00:00,-1.89775,3.547
1955,31.10.2010 19:00:00,-2.09794
1956,31.10.2010 20:00:00,-2.27207
1957,31.10.2010 21:00:00,-2.2966
1958,31.10.2010 22:00:00,-2.5079
1959,31.10.2010 23:00:00,-2.99694
1960,01.11.2010 00:00:00,-3.16013,3.546
1961,01.11.2010 01:00:00,-3.41764
1962,01.11.2010 02:00:00,-3.97696
1963,01.11.2010 03:00:00,-4.14354
1964,01.11.2010 04:00:00,-4.29005
1965,01.11.2010 05:00:00,-4.32699
1966,01.11.2010 06:00:00,-4.46479,3.550
1967,01.11.2010 07:00:00,-4.55503
1968,01.11.2010 08:00:00,-4.60468
1969,01.11.2010 09:00:00,-4.56957
1970,01.11.2010 10:00:00,-4.19492
1971,01.11.2010 11:00:00,-3.68499
1972,01.11.2010 12:00:00,-2.98277,3.554
1973,01.11.2010 13:00:00,-2.26642
1974,01.11.2010 14:00:00,-1.63052
1975,01.11.2010 15:00:00,-1.23762
1976,01.11.2010 16:00:00,-1.16037
1977,01.11.2010 17:00:00,-1.36898
1978,01.11.2010 18:00:00,-1.98467,3.549
1979,01.11.2010 19:00:00,-2.58156
1980,01.11.2010 20:00:00,-2.84327
1981,01.11.2010 21:00:00,-3.25615
1982,01.11.2010 22:00:00,-3.5088
1983,01.11.2010 23:00:00,-3.80154
1984,02.11.2010 00:00:00,-3.88171,3.548
1985,02.11.2010 01:00:00,-3.91387
1986,02.11.2010 02:00:00,-4.15476
1987,02.11.2010 03:00:00,-4.38958
1988,02.11.2010 04:00:00,-4.46489
1989,02.11.2010 05:00:00,-4.61151
1990,02.11.2010 06:00:00,-4.75127,3.555
1991,02.11.2010 07:00:00,-4.86818
1992,02.11.2010 08:00:00,-4.95257
1993,02.11.2010 09:00:00,-4.92983
1994,02.11.2010 10:00:00,-4.51535
1995,02.11.2010 11:00:00,-3.53999
1996,02.11.2010 12:00:00,-2.67437,3.556
1997,02.11.2010 13:00:00,-1.8713
1998,02.11.2010 14:00:00,-1.22967
1999,02.11.2010 15:00:00,-0.954309
2000,02.11.2010 16:00:00,-0.905428
2001,02.11.2010 17:00:00,-0.943893
2002,02.11.2010 18:00:00,-1.02422,3.565
2003,02.11.2010 19:00:00,-1.19368
2004,02.11.2010 20:00:00,-1.77832
2005,02.11.2010 21:00:00,-2.3847
2006,02.11.2010 22:00:00,-2.69288
2007,02.11.2010 23:00:00,-2.94625
2008,03.11.2010 00:00:00,-3.10276,3.542
2009,03.11.2010 01:00:00,-3.31037
2010,03.11.2010 02:00:00,-3.45425
2011,03.11.2010 03:00:00,-3.61553
2012,03.11.2010 04:00:00,-3.72431
2013,03.11.2010 05:00:00,-3.92326
2014,03.11.2010 06:00:00,-4.10897,3.548
2015,03.11.2010 07:00:00,-4.19844
2016,03.11.2010 08:00:00,-4.1936
2017,03.11.2010 09:00:00,-3.9768
2018,03.11.2010 10:00:00,-3.82564
2019,03.11.2010 11:00:00,-3.08922
2020,03.11.2010 12:00:00,-2.36934,3.556
2021,03.11.2010 13:00:00,-1.67515
2022,03.11.2010 14:00:00,-1.15225
2023,03.11.2010 15:00:00,-0.89975
2024,03.11.2010 16:00:00,-0.818446
2025,03.11.2010 17:00:00,-0.786786
2026,03.11.2010 18:00:00,-0.783573,3.567
2027,03.11.2010 19:00:00,-0.825633
2028,03.11.2010 20:00:00,-0.90657
2029,03.11.2010 21:00:00,-1.25103
2030,03.11.2010 22:00:00,-1.72975
2031,03.11.2010 23:00:00,-2.09374
2032,04.11.2010 00:00:00,-2.30406,3.546
2033,04.11.2010 01:00:00,-2.33058
2034,04.11.2010 02:00:00,-2.31134
2035,04.11.2010 03:00:00,-2.34829
2036,04.11.2010 04:00:00,-2.36024
2037,04.11.2010 05:00:00,-2.37925
2038,04.11.2010 06:00:00,-2.53086,3.545
2039,04.11.2010 07:00:00,-2.48253
2040,04.11.2010 08:00:00,-2.36689
2041,04.11.2010 09:00:00,-2.28448
2042,04.11.2010 10:00:00,-2.25466
2043,04.11.2010 11:00:00,-2.23125
2044,04.11.2010 12:00:00,-2.20858,3.553
2045,04.11.2010 13:00:00,-2.18616
2046,04.11.2010 14:00:00,-2.15273
2047,04.11.2010 15:00:00,-2.10514
2048,04.11.2010 16:00:00,-2.00755
2049,04.11.2010 17:00:00,-1.90949
2050,04.11.2010 18:00:00,-1.87757,3.554
2051,04.11.2010 19:00:00,-1.88716
2052,04.11.2010 20:00:00,-1.94422
2053,04.11.2010 21:00:00,-2.0247
2054,04.11.2010 22:00:00,-2.10402
2055,04.11.2010 23:00:00,-2.22691
2056,05.11.2010 00:00:00,-2.35471,3.547
2057,05.11.2010 01:00:00,-2.51431
2058,05.11.2010 02:00:00,-2.65576
2059,05.11.2010 03:00:00,-2.82808
2060,05.11.2010 04:00:00,-2.96498
2061,05.11.2010 05:00:00,-3.13483
2062,05.11.2010 06:00:00,-3.30139,3.540
2063,05.11.2010 07:00:00,-3.40069
2064,05.11.2010 08:00:00,-3.5541
2065,05.11.2010 09:00:00,-3.71862
2066,05.11.2010 10:00:00,-3.86556
2067,05.11.2010 11:00:00,-3.95026
2068,05.11.2010 12:00:00,-3.8443,3.544
2069,05.11.2010 13:00:00,-3.63123
2070,05.11.2010 14:00:00,-3.32541
2071,05.11.2010 15:00:00,-3.03252
2072,05.11.2010 16:00:00,-2.77284
2073,05.11.2010 17:00:00,-2.61594
2074,05.11.2010 18:00:00,-2.5339,3.548
2075,05.11.2010 19:00:00,-2.53575
2076,05.11.2010 20:00:00,-2.55879
2077,05.11.2010 21:00:00,-2.63063
2078,05.11.2010 22:00:00,-2.63515
2079,05.11.2010 23:00:00,-2.69154
2080,06.11.2010 00:00:00,-2.72998,3.546
2081,06.11.2010 01:00:00,-2.75623
2082,06.11.2010 02:00:00,-2.70967
2083,06.11.2010 03:00:00,-2.68439
2084,06.11.2010 04:00:00,-2.66674
2085,06.11.2010 05:00:00,-2.70155
2086,06.11.2010 06:00:00,-2.71571,3.547
2087,06.11.2010 07:00:00,-2.88029
2088,06.11.2010 08:00:00,-2.95451
2089,06.11.2010 09:00:00,-3.0549
2090,06.11.2010 10:00:00,-3.10364
2091,06.11.2010 11:00:00,-3.11434
2092,06.11.2010 12:00:00,-3.00718,3.549
2093,06.11.2010 13:00:00,-2.82502
2094,06.11.2010 14:00:00,-2.5971
2095,06.11.2010 15:00:00,-2.43283
2096,06.11.2010 16:00:00,-2.30535
2097,06.11.2010 17:00:00,-2.20599
2098,06.11.2010 18:00:00,-2.17466,3.553
2099,06.11.2010 19:00:00,-2.15991
2100,06.11.2010 20:00:00,-2.12628
2101,06.11.2010 21:00:00,-2.13005
2102,06.11.2010 22:00:00,-2.27265
2103,06.11.2010 23:00:00,-2.34451
2104,07.11.2010 00:00:00,-2.35189,3.546
2105,07.11.2010 01:00:00,-2.4274
2106,07.11.2010 02:00:00,-2.47851
2107,07.11.2010 03:00:00,-2.50772
2108,07.11.2010 04:00:00,-2.50173
2109,07.11.2010 05:00:00,-2.53018
2110,07.11.2010 06:00:00,-2.57885,3.547
2111,07.11.2010 07:00:00,-2.67075
2112,07.11.2010 08:00:00,-2.75729
2113,07.11.2010 09:00:00,-2.91567
2114,07.11.2010 10:00:00,-3.15895
2115,07.11.2010 11:00:00,-3.16344
2116,07.11.2010 12:00:00,-3.06225,3.544
2117,07.11.2010 13:00:00,-2.83599
2118,07.11.2010 14:00:00,-2.6424
2119,07.11.2010 15:00:00,-2.56827
2120,07.11.2010 16:00:00,-2.57023
2121,07.11.2010 17:00:00,-2.58883
2122,07.11.2010 18:00:00,-2.6428,3.545
2123,07.11.2010 19:00:00,-2.70908
2124,07.11.2010 20:00:00,-2.64066
2125,07.11.2010 21:00:00,-2.58516
2126,07.11.2010 22:00:00,-2.59538
2127,07.11.2010 23:00:00,-2.67174
2128,08.11.2010 00:00:00,-2.74994,3.546
2129,08.11.2010 01:00:00,-2.9372
2130,08.11.2010 02:00:00,-3.17459
2131,08.11.2010 03:00:00,-3.35058
2132,08.11.2010 04:00:00,-3.49201
2133,08.11.2010 05:00:00,-3.56868
2134,08.11.2010 06:00:00,-3.69031,3.539
2135,08.11.2010 07:00:00,-3.78681
2136,08.11.2010 08:00:00,-4.01466
2137,08.11.2010 09:00:00,-4.2368
2138,08.11.2010 10:00:00,-4.48544
2139,08.11.2010 11:00:00,-4.33673
2140,08.11.2010 12:00:00,-3.9585,3.540
2141,08.11.2010 13:00:00,-3.42099
2142,08.11.2010 14:00:00,-2.92732
2143,08.11.2010 15:00:00,-2.9117
2144,08.11.2010 16:00:00,-2.91279
2145,08.11.2010 17:00:00,-2.99434
2146,08.11.2010 18:00:00,-2.94036,3.546
2147,08.11.2010 19:00:00,-3.12665
2148,08.11.2010 20:00:00,-3.28591
2149,08.11.2010 21:00:00,-3.43266
2150,08.11.2010 22:00:00,-3.63459
2151,08.11.2010 23:00:00,-3.64177
2152,09.11.2010 00:00:00,-3.76939,3.540
2153,09.11.2010 01:00:00,-3.80248
2154,09.11.2010 02:00:00,-4.01159
2155,09.11.2010 03:00:00,-4.41386
2156,09.11.2010 04:00:00,-4.58923
2157,09.11.2010 05:00:00,-4.68046
2158,09.11.2010 06:00:00,-4.84585,3.536
2159,09.11.2010 07:00:00,-4.91529
2160,09.11.2010 08:00:00,-5.00848
2161,09.11.2010 09:00:00,-5.23064
2162,09.11.2010 10:00:00,-5.39084
2163,09.11.2010 11:00:00,-5.20589
2164,09.11.2010 12:00:00,-4.59259,3.536
2165,09.11.2010 13:00:00,-3.84424
2166,09.11.2010 14:00:00,-3.16139
2167,09.11.2010 15:00:00,-3.02169
2168,09.11.2010 16:00:00,-2.95678
2169,09.11.2010 17:00:00,-3.00616
2170,09.11.2010 18:00:00,-3.10438,3.546
2171,09.11.2010 19:00:00,-3.38046
2172,09.11.2010 20:00:00,-3.75421
2173,09.11.2010 21:00:00,-4.06014
2174,09.11.2010 22:00:00,-4.31963
2175,09.11.2010 23:00:00,-4.555
2176,10.11.2010 00:00:00,-4.78778,3.538
2177,10.11.2010 01:00:00,-5.00445
2178,10.11.2010 02:00:00,-5.27562
2179,10.11.2010 03:00:00,-5.45523
2180,10.11.2010 04:00:00,-5.62364
2181,10.11.2010 05:00:00,-5.87344
2182,10.11.2010 06:00:00,-5.97297,3.531
2183,10.11.2010 07:00:00,-6.11654
2184,10.11.2010 08:00:00,-6.29845
2185,10.11.2010 09:00:00,-6.51723
2186,10.11.2010 10:00:00,-6.48921
2187,10.11.2010 11:00:00,-6.17162
2188,10.11.2010 12:00:00,-5.38906,3.536
2189,10.11.2010 13:00:00,-4.3627
2190,10.11.2010 14:00:00,-3.4701
2191,10.11.2010 15:00:00,-3.29985
2192,10.11.2010 16:00:00,-3.34783
2193,10.11.2010 17:00:00,-3.4187
2194,10.11.2010 18:00:00,-3.55255,3.545
2195,10.11.2010 19:00:00,-3.8377
2196,10.11.2010 20:00:00,-4.17454
2197,10.11.2010 21:00:00,-4.3536
2198,10.11.2010 22:00:00,-4.58113
2199,10.11.2010 23:00:00,-4.71255
2200,11.11.2010 00:00:00,-4.89523,3.535
2201,11.11.2010 01:00:00,-4.85384
2202,11.11.2010 02:00:00,-4.98856
2203,11.11.2010 03:00:00,-5.05408
2204,11.11.2010 04:00:00,-5.08829
2205,11.11.2010 05:00:00,-5.21925
2206,11.11.2010 06:00:00,-5.58569,3.534
2207,11.11.2010 07:00:00,-5.85653
2208,11.11.2010 08:00:00,-6.09276
2209,11.11.2010 09:00:00,-6.40013
2210,11.11.2010 10:00:00,-6.53442
2211,11.11.2010 11:00:00,-6.03143
2212,11.11.2010 12:00:00,-5.0986,3.540
2213,11.11.2010 13:00:00,-4.03792
2214,11.11.2010 14:00:00,-3.01347
2215,11.11.2010 15:00:00,-2.73696
2216,11.11.2010 16:00:00,-3.10713
2217,11.11.2010 17:00:00,-3.54383
2218,11.11.2010 18:00:00,-3.90288,3.542
2219,11.11.2010 19:00:00,-4.47833
2220,11.11.2010 20:00:00,-4.8346
2221,11.11.2010 21:00:00,-5.17564
2222,11.11.2010 22:00:00,-5.4692
2223,11.11.2010 23:00:00,-5.64346
2224,12.11.2010 00:00:00,-5.99164,3.526
2225,12.11.2010 01:00:00,-6.30569
2226,12.11.2010 02:00:00,-6.45341
2227,12.11.2010 03:00:00,-6.68617
2228,12.11.2010 04:00:00,-6.9396
2229,12.11.2010 05:00:00,-7.22013
2230,12.11.2010 06:00:00,-7.33887,3.528
2231,12.11.2010 07:00:00,-7.44526
2232,12.11.2010 08:00:00,-7.70828
2233,12.11.2010 09:00:00,-7.70667
2234,12.11.2010 10:00:00,-7.64796
2235,12.11.2010 11:00:00,-7.06779
2236,12.11.2010 12:00:00,-5.76798,3.538
2237,12.11.2010 13:00:00,-4.42944
2238,12.11.2010 14:00:00,-3.46765
2239,12.11.2010 15:00:00,-3.63631
2240,12.11.2010 16:00:00,-4.05446
2241,12.11.2010 17:00:00,-4.38023
2242,12.11.2010 18:00:00,-4.63414,3.540
2243,12.11.2010 19:00:00,-5.06412
2244,12.11.2010 20:00:00,-5.37869
2245,12.11.2010 21:00:00,-5.77811
2246,12.11.2010 22:00:00,-6.12224
2247,12.11.2010 23:00:00,-6.33121
2248,13.11.2010 00:00:00,-6.54852,3.530
2249,13.11.2010 01:00:00,-6.81215
2250,13.11.2010 02:00:00,-6.88637
2251,13.11.2010 03:00:00,-7.12794
2252,13.11.2010 04:00:00,-7.24107
2253,13.11.2010 05:00:00,-7.45289
2254,13.11.2010 06:00:00,-7.66591,3.523
2255,13.11.2010 07:00:00,-7.78144
2256,13.11.2010 08:00:00,-7.93114
2257,13.11.2010 09:00:00,-8.03777
2258,13.11.2010 10:00:00,-7.97542
2259,13.11.2010 11:00:00,-7.29051
2260,13.11.2010 12:00:00,-5.79299,3.542
2261,13.11.2010 13:00:00,-4.2681
2262,13.11.2010 14:00:00,-3.19713
2263,13.11.2010 15:00:00,-3.27738
2264,13.11.2010 16:00:00,-3.69769
2265,13.11.2010 17:00:00,-4.04399
2266,13.11.2010 18:00:00,-4.44901,3.541
2267,13.11.2010 19:00:00,-5.09342
2268,13.11.2010 20:00:00,-5.57261
2269,13.11.2010 21:00:00,-5.83843
2270,13.11.2010 22:00:00,-6.26173
2271,13.11.2010 23:00:00,-6.52313
2272,14.11.2010 00:00:00,-6.70766,3.521
2273,14.11.2010 01:00:00,-6.85705
2274,14.11.2010 02:00:00,-7.05547
2275,14.11.2010 03:00:00,-7.28175
2276,14.11.2010 04:00:00,-7.36124
2277,14.11.2010 05:00:00,-7.50103
2278,14.11.2010 06:00:00,-7.64697,3.522
2279,14.11.2010 07:00:00,-7.71216
2280,14.11.2010 08:00:00,-7.71322
2281,14.11.2010 09:00:00,-7.77176
2282,14.11.2010 10:00:00,-7.67417
2283,14.11.2010 11:00:00,-6.63217
2284,14.11.2010 12:00:00,-5.10543,3.547
2285,14.11.2010 13:00:00,-3.73324
2286,14.11.2010 14:00:00,-3.07777
2287,14.11.2010 15:00:00,-3.5741
2288,14.11.2010 16:00:00,-3.93896
2289,14.11.2010 17:00:00,-4.27372
2290,14.11.2010 18:00:00,-4.66788,3.541
2291,14.11.2010 19:00:00,-4.94443
2292,14.11.2010 20:00:00,-5.31471
2293,14.11.2010 21:00:00,-5.70632
2294,14.11.2010 22:00:00,-6.01344
2295,14.11.2010 23:00:00,-6.23551
2296,15.11.2010 00:00:00,-6.43395,3.522
2297,15.11.2010 01:00:00,-6.61477
2298,15.11.2010 02:00:00,-6.82617
2299,15.11.2010 03:00:00,-6.98631
2300,15.11.2010 04:00:00,-7.11239
2301,15.11.2010 05:00:00,-7.31745
2302,15.11.2010 06:00:00,-7.53411,3.520
2303,15.11.2010 07:00:00,-7.72676
2304,15.11.2010 08:00:00,-7.92437
2305,15.11.2010 09:00:00,-8.00308
2306,15.11.2010 10:00:00,-7.81328
2307,15.11.2010 11:00:00,-6.57887
2308,15.11.2010 12:00:00,-4.94981,3.546
2309,15.11.2010 13:00:00,-3.36429
2310,15.11.2010 14:00:00,-2.52735
2311,15.11.2010 15:00:00,-2.74699
2312,15.11.2010 16:00:00,-3.66794
2313,15.11.2010 17:00:00,-4.30335
2314,15.11.2010 18:00:00,-4.77207,3.540
2315,15.11.2010 19:00:00,-5.09332
2316,15.11.2010 20:00:00,-5.31512
2317,15.11.2010 21:00:00,-5.51742
2318,15.11.2010 22:00:00,-5.66891
2319,15.11.2010 23:00:00,-5.80926
2320,16.11.2010 00:00:00,-6.16235,3.521
2321,16.11.2010 01:00:00,-6.30344
2322,16.11.2010 02:00:00,-6.41715
2323,16.11.2010 03:00:00,-6.63579
2324,16.11.2010 04:00:00,-6.67616
2325,16.11.2010 05:00:00,-6.75378
2326,16.11.2010 06:00:00,-6.93699,3.517
2327,16.11.2010 07:00:00,-7.33533
2328,16.11.2010 08:00:00,-7.59708
2329,16.11.2010 09:00:00,-7.39591
2330,16.11.2010 10:00:00,-7.08757
2331,16.11.2010 11:00:00,-6.58663
2332,16.11.2010 12:00:00,-5.54725,3.538
2333,16.11.2010 13:00:00,-4.40082
2334,16.11.2010 14:00:00,-4.6778
2335,16.11.2010 15:00:00,-5.11095
2336,16.11.2010 16:00:00,-5.28959
2337,16.11.2010 17:00:00,-5.47066
2338,16.11.2010 18:00:00,-5.62701,3.532
2339,16.11.2010 19:00:00,-6.01336
2340,16.11.2010 20:00:00,-6.30797
2341,16.11.2010 21:00:00,-6.5063
2342,16.11.2010 22:00:00,-6.72341
2343,16.11.2010 23:00:00,-6.89997
2344,17.11.2010 00:00:00,-7.20511,3.520
2345,17.11.2010 01:00:00,-7.45307
2346,17.11.2010 02:00:00,-7.82313
2347,17.11.2010 03:00:00,-8.03374
2348,17.11.2010 04:00:00,-7.99105
2349,17.11.2010 05:00:00,-7.78693
2350,17.11.2010 06:00:00,-7.80676,3.515
2351,17.11.2010 07:00:00,-7.59636
2352,17.11.2010 08:00:00,-7.48845
2353,17.11.2010 09:00:00,-7.11656
2354,17.11.2010 10:00:00,-6.90645
2355,17.11.2010 11:00:00,-6.29422
2356,17.11.2010 12:00:00,-4.80179,3.554
2357,17.11.2010 13:00:00,-3.56041
2358,17.11.2010 14:00:00,-2.90308
2359,17.11.2010 15:00:00,-3.59416
2360,17.11.2010 16:00:00,-4.07005
2361,17.11.2010 17:00:00,-4.37952
2362,17.11.2010 18:00:00,-4.83027,3.547
2363,17.11.2010 19:00:00,-5.01647
2364,17.11.2010 20:00:00,-5.17637
2365,17.11.2010 21:00:00,-5.41209
2366,17.11.2010 22:00:00,-5.59635
2367,17.11.2010 23:00:00,-5.87429
2368,18.11.2010 00:00:00,-6.12776,3.524
2369,18.11.2010 01:00:00,-6.29909
2370,18.11.2010 02:00:00,-6.54837
2371,18.11.2010 03:00:00,-6.78528
2372,18.11.2010 04:00:00,-7.0248
2373,18.11.2010 05:00:00,-7.19777
2374,18.11.2010 06:00:00,-7.43159,3.509
2375,18.11.2010 07:00:00,-7.53718
2376,18.11.2010 08:00:00,-7.69073
2377,18.11.2010 09:00:00,-7.7883
2378,18.11.2010 10:00:00,-7.67247
2379,18.11.2010 11:00:00,-5.95237
2380,18.11.2010 12:00:00,-4.24408,3.558
2381,18.11.2010 13:00:00,-3.01236
2382,18.11.2010 14:00:00,-2.4868
2383,18.11.2010 15:00:00,-2.97829
2384,18.11.2010 16:00:00,-3.66925
2385,18.11.2010 17:00:00,-4.14925
2386,18.11.2010 18:00:00,-4.60673,3.544
2387,18.11.2010 19:00:00,-5.05041
2388,18.11.2010 20:00:00,-5.39344
2389,18.11.2010 21:00:00,-5.71867
2390,18.11.2010 22:00:00,-5.96431
2391,18.11.2010 23:00:00,-6.24285
2392,19.11.2010 00:00:00,-6.52733,3.517
2393,19.11.2010 01:00:00,-6.75546
2394,19.11.2010 02:00:00,-6.85861
2395,19.11.2010 03:00:00,-7.05451
2396,19.11.2010 04:00:00,-7.18744
2397,19.11.2010 05:00:00,-7.30662
2398,19.11.2010 06:00:00,-7.35149,3.511
2399,19.11.2010 07:00:00,-7.44942
2400,19.11.2010 08:00:00,-7.59052
2401,19.11.2010 09:00:00,-7.56719
2402,19.11.2010 10:00:00,-7.48392
2403,19.11.2010 11:00:00,-6.08949
2404,19.11.2010 12:00:00,-4.87517,3.549
2405,19.11.2010 13:00:00,-3.65547
2406,19.11.2010 14:00:00,-3.42427
2407,19.11.2010 15:00:00,-4.05226
2408,19.11.2010 16:00:00,-4.45028
2409,19.11.2010 17:00:00,-4.89421
2410,19.11.2010 18:00:00,-5.35612,3.533
2411,19.11.2010 19:00:00,-5.595
2412,19.11.2010 20:00:00,-5.67896
2413,19.11.2010 21:00:00,-5.80048
2414,19.11.2010 22:00:00,-6.00655
2415,19.11.2010 23:00:00,-6.25117
2416,20.11.2010 00:00:00,-6.42105,3.525
2417,20.11.2010 01:00:00,-6.53705
2418,20.11.2010 02:00:00,-6.6231
2419,20.11.2010 03:00:00,-6.72573
2420,20.11.2010 04:00:00,-6.77566
2421,20.11.2010 05:00:00,-6.77402
2422,20.11.2010 06:00:00,-6.75931,3.522
2423,20.11.2010 07:00:00,-6.83285
2424,20.11.2010 08:00:00,-6.7643
2425,20.11.2010 09:00:00,-6.90223
2426,20.11.2010 10:00:00,-6.86408
2427,20.11.2010 11:00:00,-5.95178
2428,20.11.2010 12:00:00,-5.15953,3.546
2429,20.11.2010 13:00:00,-5.01912
2430,20.11.2010 14:00:00,-5.30066
2431,20.11.2010 15:00:00,-5.42271
2432,20.11.2010 16:00:00,-5.54976
2433,20.11.2010 17:00:00,-5.70171
2434,20.11.2010 18:00:00,-5.88558,3.532
2435,20.11.2010 19:00:00,-6.08189
2436,20.11.2010 20:00:00,-6.15534
2437,20.11.2010 21:00:00,-6.2228
2438,20.11.2010 22:00:00,-6.15377
2439,20.11.2010 23:00:00,-6.08354
2440,21.11.2010 00:00:00,-6.15987,3.528
2441,21.11.2010 01:00:00,-6.27201
2442,21.11.2010 02:00:00,-6.45392
2443,21.11.2010 03:00:00,-6.63812
2444,21.11.2010 04:00:00,-6.61968
2445,21.11.2010 05:00:00,-6.64171
2446,21.11.2010 06:00:00,-6.57131,3.526
2447,21.11.2010 07:00:00,-6.54991
2448,21.11.2010 08:00:00,-6.60883
2449,21.11.2010 09:00:00,-6.58073
2450,21.11.2010 10:00:00,-6.33483
2451,21.11.2010 11:00:00,-5.98163
2452,21.11.2010 12:00:00,-5.34403,3.540
2453,21.11.2010 13:00:00,-5.27638
2454,21.11.2010 14:00:00,-5.27145
2455,21.11.2010 15:00:00,-5.41917
2456,21.11.2010 16:00:00,-5.65151
2457,21.11.2010 17:00:00,-5.73023
2458,21.11.2010 18:00:00,-5.78418,3.539
2459,21.11.2010 19:00:00,-5.83978
2460,21.11.2010 20:00:00,-5.91926
2461,21.11.2010 21:00:00,-6.0024
2462,21.11.2010 22:00:00,-6.15534
2463,21.11.2010 23:00:00,-6.19617
2464,22.11.2010 00:00:00,-6.20328,3.531
2465,22.11.2010 01:00:00,-6.19777
2466,22.11.2010 02:00:00,-6.21708
2467,22.11.2010 03:00:00,-6.24547
2468,22.11.2010 04:00:00,-6.28851
2469,22.11.2010 05:00:00,-6.3408
2470,22.11.2010 06:00:00,-6.37758,3.528
2471,22.11.2010 07:00:00,-6.49106
2472,22.11.2010 08:00:00,-6.63308
2473,22.11.2010 09:00:00,-6.75502
2474,22.11.2010 10:00:00,-6.80392
2475,22.11.2010 11:00:00,-6.71645
2476,22.11.2010 12:00:00,-6.47851,3.528
2477,22.11.2010 13:00:00,-6.42411
2478,22.11.2010 14:00:00,-6.38823
2479,22.11.2010 15:00:00,-6.39719
2480,22.11.2010 16:00:00,-6.47874
2481,22.11.2010 17:00:00,-6.53263
2482,22.11.2010 18:00:00,-6.58668,3.529
2483,22.11.2010 19:00:00,-6.74936
2484,22.11.2010 20:00:00,-7.10315
2485,22.11.2010 21:00:00,-7.55082
2486,22.11.2010 22:00:00,-7.77009
2487,22.11.2010 23:00:00,-7.8251
2488,23.11.2010 00:00:00,-7.87597,3.517
2489,23.11.2010 01:00:00,-7.67486
2490,23.11.2010 02:00:00,-7.63897
2491,23.11.2010 03:00:00,-7.78628
2492,23.11.2010 04:00:00,-8.07786
2493,23.11.2010 05:00:00,-8.3206
2494,23.11.2010 06:00:00,-8.55063,3.507
2495,23.11.2010 07:00:00,-8.70288
2496,23.11.2010 08:00:00,-8.84672
2497,23.11.2010 09:00:00,-8.88656
2498,23.11.2010 10:00:00,-8.92434
2499,23.11.2010 11:00:00,-7.69373
2500,23.11.2010 12:00:00,-7.64066,3.527
2501,23.11.2010 13:00:00,-7.66295
2502,23.11.2010 14:00:00,-7.47647
2503,23.11.2010 15:00:00,-7.41297
2504,23.11.2010 16:00:00,-7.44709
2505,23.11.2010 17:00:00,-7.55422
2506,23.11.2010 18:00:00,-7.87301,3.524
2507,23.11.2010 19:00:00,-7.9948
2508,23.11.2010 20:00:00,-8.07703
2509,23.11.2010 21:00:00,-8.23278
2510,23.11.2010 22:00:00,-8.2808
2511,23.11.2010 23:00:00,-8.40834
2512,24.11.2010 00:00:00,-8.51412,3.511
2513,24.11.2010 01:00:00,-8.63545
2514,24.11.2010 02:00:00,-8.85885
2515,24.11.2010 03:00:00,-9.0118
2516,24.11.2010 04:00:00,-9.23216
2517,24.11.2010 05:00:00,-9.33406
2518,24.11.2010 06:00:00,-9.49005,3.504
2519,24.11.2010 07:00:00,-9.6986
2520,24.11.2010 08:00:00,-9.75224
2521,24.11.2010 09:00:00,-9.83738
2522,24.11.2010 10:00:00,-9.708
2523,24.11.2010 11:00:00,-7.63402
2524,24.11.2010 12:00:00,-7.44296,3.535
2525,24.11.2010 13:00:00,-7.66305
2526,24.11.2010 14:00:00,-7.53469
2527,24.11.2010 15:00:00,-7.37345
2528,24.11.2010 16:00:00,-7.18866
2529,24.11.2010 17:00:00,-7.18306
2530,24.11.2010 18:00:00,-7.42085,3.528
2531,24.11.2010 19:00:00,-7.68846
2532,24.11.2010 20:00:00,-7.90057
2533,24.11.2010 21:00:00,-8.18644
2534,24.11.2010 22:00:00,-8.38958
2535,24.11.2010 23:00:00,-8.5409
2536,25.11.2010 00:00:00,-8.68347,3.511
2537,25.11.2010 01:00:00,-8.79448
2538,25.11.2010 02:00:00,-8.86007
2539,25.11.2010 03:00:00,-8.90306
2540,25.11.2010 04:00:00,-9.03991
2541,25.11.2010 05:00:00,-9.24873
2542,25.11.2010 06:00:00,-9.43738,3.504
2543,25.11.2010 07:00:00,-9.41809
2544,25.11.2010 08:00:00,-9.56012
2545,25.11.2010 09:00:00,-9.63861
2546,25.11.2010 10:00:00,-9.65309
2547,25.11.2010 11:00:00,-7.60764
2548,25.11.2010 12:00:00,-7.0816,3.541
2549,25.11.2010 13:00:00,-7.55713
2550,25.11.2010 14:00:00,-7.38018
2551,25.11.2010 15:00:00,-7.25982
2552,25.11.2010 16:00:00,-7.20271
2553,25.11.2010 17:00:00,-7.34245
2554,25.11.2010 18:00:00,-7.51873,3.528
2555,25.11.2010 19:00:00,-7.44118
2556,25.11.2010 20:00:00,-7.34477
2557,25.11.2010 21:00:00,-7.3389
2558,25.11.2010 22:00:00,-7.37859
2559,25.11.2010 23:00:00,-7.59001
2560,26.11.2010 00:00:00,-7.69686,3.525
2561,26.11.2010 01:00:00,-7.65251
2562,26.11.2010 02:00:00,-7.63156
2563,26.11.2010 03:00:00,-7.56946
2564,26.11.2010 04:00:00,-7.45998
2565,26.11.2010 05:00:00,-7.30016
2566,26.11.2010 06:00:00,-7.26819,3.530
2567,26.11.2010 07:00:00,-7.35227
2568,26.11.2010 08:00:00,-7.57336
2569,26.11.2010 09:00:00,-7.66636
2570,26.11.2010 10:00:00,-7.65505
2571,26.11.2010 11:00:00,-7.17455
2572,26.11.2010 12:00:00,-6.59316,3.537
2573,26.11.2010 13:00:00,-6.15082
2574,26.11.2010 14:00:00,-5.82383
2575,26.11.2010 15:00:00,-5.75728
2576,26.11.2010 16:00:00,-5.71633
2577,26.11.2010 17:00:00,-5.66567
2578,26.11.2010 18:00:00,-5.9903,3.542
2579,26.11.2010 19:00:00,-6.22358
2580,26.11.2010 20:00:00,-6.45096
2581,26.11.2010 21:00:00,-6.54701
2582,26.11.2010 22:00:00,-6.67226
2583,26.11.2010 23:00:00,-6.76811
2584,27.11.2010 00:00:00,-6.72421,3.533
2585,27.11.2010 01:00:00,-6.76979
2586,27.11.2010 02:00:00,-6.81847
2587,27.11.2010 03:00:00,-6.93752
2588,27.11.2010 04:00:00,-7.1997
2589,27.11.2010 05:00:00,-7.63041
2590,27.11.2010 06:00:00,-7.90389,3.516
2591,27.11.2010 07:00:00,-8.14928
2592,27.11.2010 08:00:00,-8.32287
2593,27.11.2010 09:00:00,-8.56008
2594,27.11.2010 10:00:00,-8.71289
2595,27.11.2010 11:00:00,-6.67989
2596,27.11.2010 12:00:00,-5.87103,3.542
2597,27.11.2010 13:00:00,-6.54972
2598,27.11.2010 14:00:00,-6.58604
2599,27.11.2010 15:00:00,-6.52437
2600,27.11.2010 16:00:00,-6.46413
2601,27.11.2010 17:00:00,-6.60406
2602,27.11.2010 18:00:00,-6.98158,3.531
2603,27.11.2010 19:00:00,-7.37393
2604,27.11.2010 20:00:00,-7.71507
2605,27.11.2010 21:00:00,-8.02475
2606,27.11.2010 22:00:00,-8.20661
2607,27.11.2010 23:00:00,-8.39957
2608,28.11.2010 00:00:00,-8.56183,3.511
2609,28.11.2010 01:00:00,-8.68937
2610,28.11.2010 02:00:00,-8.85763
2611,28.11.2010 03:00:00,-9.07522
2612,28.11.2010 04:00:00,-9.26727
2613,28.11.2010 05:00:00,-9.39207
2614,28.11.2010 06:00:00,-9.55328,3.500
2615,28.11.2010 07:00:00,-9.66196
2616,28.11.2010 08:00:00,-9.89582
2617,28.11.2010 09:00:00,-10.0108
2618,28.11.2010 10:00:00,-9.92841
2619,28.11.2010 11:00:00,-7.74729
2620,28.11.2010 12:00:00,-7.15366,3.532
2621,28.11.2010 13:00:00,-7.86125
2622,28.11.2010 14:00:00,-7.88686
2623,28.11.2010 15:00:00,-7.81784
2624,28.11.2010 16:00:00,-7.78288
2625,28.11.2010 17:00:00,-7.91468
2626,28.11.2010 18:00:00,-8.18179,3.521
2627,28.11.2010 19:00:00,-8.4471
2628,28.11.2010 20:00:00,-8.62093
2629,28.11.2010 21:00:00,-8.76873
2630,28.11.2010 22:00:00,-8.85321
2631,28.11.2010 23:00:00,-8.80241
2632,29.11.2010 00:00:00,-8.91151,3.511
2633,29.11.2010 01:00:00,-9.12908
2634,29.11.2010 02:00:00,-9.27846
2635,29.11.2010 03:00:00,-9.43223
2636,29.11.2010 04:00:00,-9.60403
2637,29.11.2010 05:00:00,-9.74327
2638,29.11.2010 06:00:00,-9.88487,3.500
2639,29.11.2010 07:00:00,-10.0916
2640,29.11.2010 08:00:00,-10.2979
2641,29.11.2010 09:00:00,-10.3641
2642,29.11.2010 10:00:00,-10.4037
2643,29.11.2010 11:00:00,-8.07112
2644,29.11.2010 12:00:00,-7.25407,3.536
2645,29.11.2010 13:00:00,-7.97633
2646,29.11.2010 14:00:00,-7.97573
2647,29.11.2010 15:00:00,-7.87052
2648,29.11.2010 16:00:00,-7.83012
2649,29.11.2010 17:00:00,-7.966
2650,29.11.2010 18:00:00,-8.19466,3.527
2651,29.11.2010 19:00:00,-8.41426
2652,29.11.2010 20:00:00,-8.53827
2653,29.11.2010 21:00:00,-8.64773
2654,29.11.2010 22:00:00,-8.64277
2655,29.11.2010 23:00:00,-8.69895
2656,30.11.2010 00:00:00,-8.78874,3.518
2657,30.11.2010 01:00:00,-8.92128
2658,30.11.2010 02:00:00,-9.18772
2659,30.11.2010 03:00:00,-9.4477
2660,30.11.2010 04:00:00,-9.63196
2661,30.11.2010 05:00:00,-9.73677
2662,30.11.2010 06:00:00,-9.93619,3.501
2663,30.11.2010 07:00:00,-10.1135
2664,30.11.2010 08:00:00,-10.296
2665,30.11.2010 09:00:00,-10.4993
2666,30.11.2010 10:00:00,-10.5125
2667,30.11.2010 11:00:00,-8.56212
2668,30.11.2010 12:00:00,-8.00354,3.528
2669,30.11.2010 13:00:00,-8.31224
2670,30.11.2010 14:00:00,-8.2259
2671,30.11.2010 15:00:00,-8.10758
2672,30.11.2010 16:00:00,-8.1019
2673,30.11.2010 17:00:00,-8.27162
2674,30.11.2010 18:00:00,-8.57483,3.522
2675,30.11.2010 19:00:00,-8.71122
2676,30.11.2010 20:00:00,-8.7637
2677,30.11.2010 21:00:00,-8.95377
2678,30.11.2010 22:00:00,-9.14397
2679,30.11.2010 23:00:00,-9.36985
2680,01.12.2010 00:00:00,-9.58727,3.509
2681,01.12.2010 01:00:00,-9.71829
2682,01.12.2010 02:00:00,-9.8532
2683,01.12.2010 03:00:00,-9.99981
2684,01.12.2010 04:00:00,-10.1448
2685,01.12.2010 05:00:00,-10.3213
2686,01.12.2010 06:00:00,-10.4672,3.500
2687,01.12.2010 07:00:00,-10.6119
2688,01.12.2010 08:00:00,-10.7727
2689,01.12.2010 09:00:00,-10.8603
2690,01.12.2010 10:00:00,-10.8673
2691,01.12.2010 11:00:00,-8.92299
2692,01.12.2010 12:00:00,-8.11435,3.531
2693,01.12.2010 13:00:00,-8.61928
2694,01.12.2010 14:00:00,-8.51898
2695,01.12.2010 15:00:00,-8.33443
2696,01.12.2010 16:00:00,-8.17185
2697,01.12.2010 17:00:00,-8.13806
2698,01.12.2010 18:00:00,-8.21077,3.527
2699,01.12.2010 19:00:00,-8.12949
2700,01.12.2010 20:00:00,-8.03996
2701,01.12.2010 21:00:00,-8.11672
2702,01.12.2010 22:00:00,-8.3091
2703,01.12.2010 23:00:00,-8.56103
2704,02.12.2010 00:00:00,-8.81711,3.519
2705,02.12.2010 01:00:00,-9.02754
2706,02.12.2010 02:00:00,-9.27565
2707,02.12.2010 03:00:00,-9.44463
2708,02.12.2010 04:00:00,-9.54623
2709,02.12.2010 05:00:00,-9.65275
2710,02.12.2010 06:00:00,-9.8125,3.507
2711,02.12.2010 07:00:00,-9.91438
2712,02.12.2010 08:00:00,-10.1535
2713,02.12.2010 09:00:00,-10.2265
2714,02.12.2010 10:00:00,-10.3102
2715,02.12.2010 11:00:00,-8.63945
2716,02.12.2010 12:00:00,-8.19498,3.529
2717,02.12.2010 13:00:00,-8.1511
2718,02.12.2010 14:00:00,-8.01421
2719,02.12.2010 15:00:00,-7.84765
2720,02.12.2010 16:00:00,-7.78584
2721,02.12.2010 17:00:00,-7.78998
2722,02.12.2010 18:00:00,-7.82272,3.530
2723,02.12.2010 19:00:00,-7.83228
2724,02.12.2010 20:00:00,-7.82956
2725,02.12.2010 21:00:00,-7.94484
2726,02.12.2010 22:00:00,-8.06575
2727,02.12.2010 23:00:00,-8.17059
2728,03.12.2010 00:00:00,-8.26793,3.527
2729,03.12.2010 01:00:00,-8.25123
2730,03.12.2010 02:00:00,-8.12802
2731,03.12.2010 03:00:00,-8.13778
2732,03.12.2010 04:00:00,-8.13036
2733,03.12.2010 05:00:00,-8.08959
2734,03.12.2010 06:00:00,-8.08784,3.529
2735,03.12.2010 07:00:00,-8.12276
2736,03.12.2010 08:00:00,-8.19331
2737,03.12.2010 09:00:00,-8.15121
2738,03.12.2010 10:00:00,-8.10867
2739,03.12.2010 11:00:00,-7.96645
2740,03.12.2010 12:00:00,-7.78541,3.528
2741,03.12.2010 13:00:00,-7.58858
2742,03.12.2010 14:00:00,-7.38606
2743,03.12.2010 15:00:00,-7.2034
2744,03.12.2010 16:00:00,-7.04883
2745,03.12.2010 17:00:00,-6.91273
2746,03.12.2010 18:00:00,-6.78156,3.539
2747,03.12.2010 19:00:00,-6.68807
2748,03.12.2010 20:00:00,-6.58468
2749,03.12.2010 21:00:00,-6.52339
2750,03.12.2010 22:00:00,-6.46855
2751,03.12.2010 23:00:00,-6.40679
2752,04.12.2010 00:00:00,-6.3607,3.545
2753,04.12.2010 01:00:00,-6.32524
2754,04.12.2010 02:00:00,-6.29405
2755,04.12.2010 03:00:00,-6.27439
2756,04.12.2010 04:00:00,-6.25071
2757,04.12.2010 05:00:00,-6.23892
2758,04.12.2010 06:00:00,-6.22621,3.544
2759,04.12.2010 07:00:00,-6.23242
2760,04.12.2010 08:00:00,-6.2334
2761,04.12.2010 09:00:00,-6.23753
2762,04.12.2010 10:00:00,-6.23826
2763,04.12.2010 11:00:00,-6.24444
2764,04.12.2010 12:00:00,-6.25487,3.542
2765,04.12.2010 13:00:00,-6.26535
2766,04.12.2010 14:00:00,-6.27152
2767,04.12.2010 15:00:00,-6.26542
2768,04.12.2010 16:00:00,-6.24125
2769,04.12.2010 17:00:00,-6.20273
2770,04.12.2010 18:00:00,-6.16577,3.545
2771,04.12.2010 19:00:00,-6.12798
2772,04.12.2010 20:00:00,-6.08956
2773,04.12.2010 21:00:00,-6.07772
2774,04.12.2010 22:00:00,-6.08518
2775,04.12.2010 23:00:00,-6.10903
2776,05.12.2010 00:00:00,-6.14606,3.543
2777,05.12.2010 01:00:00,-6.18572
2778,05.12.2010 02:00:00,-6.23857
2779,05.12.2010 03:00:00,-6.29942
2780,05.12.2010 04:00:00,-6.37308
2781,05.12.2010 05:00:00,-6.44397
2782,05.12.2010 06:00:00,-6.52807,3.538
2783,05.12.2010 07:00:00,-6.61145
2784,05.12.2010 08:00:00,-6.7174
2785,05.12.2010 09:00:00,-6.80139
2786,05.12.2010 10:00:00,-6.88308
2787,05.12.2010 11:00:00,-6.99386
2788,05.12.2010 12:00:00,-7.0775,3.536
2789,05.12.2010 13:00:00,-7.1591
2790,05.12.2010 14:00:00,-7.21213
2791,05.12.2010 15:00:00,-7.23831
2792,05.12.2010 16:00:00,-7.22324
2793,05.12.2010 17:00:00,-7.1747
2794,05.12.2010 18:00:00,-7.10937,3.532
2795,05.12.2010 19:00:00,-7.05944
2796,05.12.2010 20:00:00,-7.02825
2797,05.12.2010 21:00:00,-6.99963
2798,05.12.2010 22:00:00,-7.00398
2799,05.12.2010 23:00:00,-7.03501
2800,06.12.2010 00:00:00,-7.07065,3.532
2801,06.12.2010 01:00:00,-7.11806
2802,06.12.2010 02:00:00,-7.19268
2803,06.12.2010 03:00:00,-7.26842
2804,06.12.2010 04:00:00,-7.35792
2805,06.12.2010 05:00:00,-7.44194
2806,06.12.2010 06:00:00,-7.54143,3.527
2807,06.12.2010 07:00:00,-7.63841
2808,06.12.2010 08:00:00,-7.7261
2809,06.12.2010 09:00:00,-7.82138
2810,06.12.2010 10:00:00,-7.91259
2811,06.12.2010 11:00:00,-8.01111
2812,06.12.2010 12:00:00,-8.11445,3.518
2813,06.12.2010 13:00:00,-8.1967
2814,06.12.2010 14:00:00,-8.22628
2815,06.12.2010 15:00:00,-8.22196
2816,06.12.2010 16:00:00,-8.16874
2817,06.12.2010 17:00:00,-8.08303
2818,06.12.2010 18:00:00,-7.97279,3.522
2819,06.12.2010 19:00:00,-7.87536
2820,06.12.2010 20:00:00,-7.77688
2821,06.12.2010 21:00:00,-7.70776
2822,06.12.2010 22:00:00,-7.67415
2823,06.12.2010 23:00:00,-7.66849
2824,07.12.2010 00:00:00,-7.66132,3.522
2825,07.12.2010 01:00:00,-7.6761
2826,07.12.2010 02:00:00,-7.69454
2827,07.12.2010 03:00:00,-7.74041
2828,07.12.2010 04:00:00,-7.7806
2829,07.12.2010 05:00:00,-7.82701
2830,07.12.2010 06:00:00,-7.88276,3.525
2831,07.12.2010 07:00:00,-7.93083
2832,07.12.2010 08:00:00,-7.99386
2833,07.12.2010 09:00:00,-8.04881
2834,07.12.2010 10:00:00,-8.11449
2835,07.12.2010 11:00:00,-8.16651
2836,07.12.2010 12:00:00,-8.21748,3.519
2837,07.12.2010 13:00:00,-8.25148
2838,07.12.2010 14:00:00,-8.24376
2839,07.12.2010 15:00:00,-8.18523
2840,07.12.2010 16:00:00,-8.09046
2841,07.12.2010 17:00:00,-7.94371
2842,07.12.2010 18:00:00,-7.78584,3.523
2843,07.12.2010 19:00:00,-7.64988
2844,07.12.2010 20:00:00,-7.52593
2845,07.12.2010 21:00:00,-7.41652
2846,07.12.2010 22:00:00,-7.35966
2847,07.12.2010 23:00:00,-7.32918
2848,08.12.2010 00:00:00,-7.31082,3.527
2849,08.12.2010 01:00:00,-7.31771
2850,08.12.2010 02:00:00,-7.33115
2851,08.12.2010 03:00:00,-7.37175
2852,08.12.2010 04:00:00,-7.40741
2853,08.12.2010 05:00:00,-7.47052
2854,08.12.2010 06:00:00,-7.52816,3.527
2855,08.12.2010 07:00:00,-7.58183
2856,08.12.2010 08:00:00,-7.65038
2857,08.12.2010 09:00:00,-7.71748
2858,08.12.2010 10:00:00,-7.78656
2859,08.12.2010 11:00:00,-7.86216
2860,08.12.2010 12:00:00,-7.92349,3.522
2861,08.12.2010 13:00:00,-7.96698
2862,08.12.2010 14:00:00,-7.97086
2863,08.12.2010 15:00:00,-7.90911
2864,08.12.2010 16:00:00,-7.8051
2865,08.12.2010 17:00:00,-7.67359
2866,08.12.2010 18:00:00,-7.52915,3.523
2867,08.12.2010 19:00:00,-7.39158
2868,08.12.2010 20:00:00,-7.27488
2869,08.12.2010 21:00:00,-7.19294
2870,08.12.2010 22:00:00,-7.13542
2871,08.12.2010 23:00:00,-7.11876
2872,09.12.2010 00:00:00,-7.12279,3.528
2873,09.12.2010 01:00:00,-7.15059
2874,09.12.2010 02:00:00,-7.19691
2875,09.12.2010 03:00:00,-7.25817
2876,09.12.2010 04:00:00,-7.32039
2877,09.12.2010 05:00:00,-7.39173
2878,09.12.2010 06:00:00,-7.47905,3.527
2879,09.12.2010 07:00:00,-7.56984
2880,09.12.2010 08:00:00,-7.65598
2881,09.12.2010 09:00:00,-7.73911
2882,09.12.2010 10:00:00,-7.83304
2883,09.12.2010 11:00:00,-7.91987
2884,09.12.2010 12:00:00,-8.01522,3.519
2885,09.12.2010 13:00:00,-8.07118
2886,09.12.2010 14:00:00,-8.08937
2887,09.12.2010 15:00:00,-8.03092
2888,09.12.2010 16:00:00,-7.93228
2889,09.12.2010 17:00:00,-7.7915
2890,09.12.2010 18:00:00,-7.64048,3.524
2891,09.12.2010 19:00:00,-7.49047
2892,09.12.2010 20:00:00,-7.37098
2893,09.12.2010 21:00:00,-7.29073
2894,09.12.2010 22:00:00,-7.25161
2895,09.12.2010 23:00:00,-7.23821
2896,10.12.2010 00:00:00,-7.25234,3.526
2897,10.12.2010 01:00:00,-7.28084
2898,10.12.2010 02:00:00,-7.32586
2899,10.12.2010 03:00:00,-7.39343
2900,10.12.2010 04:00:00,-7.46671
2901,10.12.2010 05:00:00,-7.54725
2902,10.12.2010 06:00:00,-7.62633,3.526
2903,10.12.2010 07:00:00,-7.71588
2904,10.12.2010 08:00:00,-7.81497
2905,10.12.2010 09:00:00,-7.9047
2906,10.12.2010 10:00:00,-8.00992
2907,10.12.2010 11:00:00,-8.10991
2908,10.12.2010 12:00:00,-8.20197,3.515
2909,10.12.2010 13:00:00,-8.25766
2910,10.12.2010 14:00:00,-8.26205
2911,10.12.2010 15:00:00,-8.21452
2912,10.12.2010 16:00:00,-8.09985
2913,10.12.2010 17:00:00,-7.93755
2914,10.12.2010 18:00:00,-7.77541,3.521
2915,10.12.2010 19:00:00,-7.6323
2916,10.12.2010 20:00:00,-7.51689
2917,10.12.2010 21:00:00,-7.42591
2918,10.12.2010 22:00:00,-7.38944
2919,10.12.2010 23:00:00,-7.37711
2920,11.12.2010 00:00:00,-7.39239,3.528
2921,11.12.2010 01:00:00,-7.41945
2922,11.12.2010 02:00:00,-7.47685
2923,11.12.2010 03:00:00,-7.5389
2924,11.12.2010 04:00:00,-7.60662
2925,11.12.2010 05:00:00,-7.67774
2926,11.12.2010 06:00:00,-7.7517,3.520
2927,11.12.2010 07:00:00,-7.83632
2928,11.12.2010 08:00:00,-7.91752
2929,11.12.2010 09:00:00,-8.00334
2930,11.12.2010 10:00:00,-8.10604
2931,11.12.2010 11:00:00,-8.19182
2932,11.12.2010 12:00:00,-8.27292,3.516
2933,11.12.2010 13:00:00,-8.3168
2934,11.12.2010 14:00:00,-8.31416
2935,11.12.2010 15:00:00,-8.25027
2936,11.12.2010 16:00:00,-8.13233
2937,11.12.2010 17:00:00,-7.97838
2938,11.12.2010 18:00:00,-7.81678,3.522
2939,11.12.2010 19:00:00,-7.67918
2940,11.12.2010 20:00:00,-7.5703
2941,11.12.2010 21:00:00,-7.49754
2942,11.12.2010 22:00:00,-7.45349
2943,11.12.2010 23:00:00,-7.4447
2944,12.12.2010 00:00:00,-7.46332,3.525
2945,12.12.2010 01:00:00,-7.4953
2946,12.12.2010 02:00:00,-7.54578
2947,12.12.2010 03:00:00,-7.60467
2948,12.12.2010 04:00:00,-7.67549
2949,12.12.2010 05:00:00,-7.75211
2950,12.12.2010 06:00:00,-7.84282,3.519
2951,12.12.2010 07:00:00,-7.9189
2952,12.12.2010 08:00:00,-8.01169
2953,12.12.2010 09:00:00,-8.12405
2954,12.12.2010 10:00:00,-8.21237
2955,12.12.2010 11:00:00,-8.30218
2956,12.12.2010 12:00:00,-8.38981,3.514
2957,12.12.2010 13:00:00,-8.45488
2958,12.12.2010 14:00:00,-8.44637
2959,12.12.2010 15:00:00,-8.3768
2960,12.12.2010 16:00:00,-8.23937
2961,12.12.2010 17:00:00,-8.0657
2962,12.12.2010 18:00:00,-7.88554,3.519
2963,12.12.2010 19:00:00,-7.7189
2964,12.12.2010 20:00:00,-7.59335
2965,12.12.2010 21:00:00,-7.51737
2966,12.12.2010 22:00:00,-7.47411
2967,12.12.2010 23:00:00,-7.46416
2968,13.12.2010 00:00:00,-7.48631,3.524
2969,13.12.2010 01:00:00,-7.5256
2970,13.12.2010 02:00:00,-7.58828
2971,13.12.2010 03:00:00,-7.65385
2972,13.12.2010 04:00:00,-7.72648
2973,13.12.2010 05:00:00,-7.81217
2974,13.12.2010 06:00:00,-7.91439,3.521
2975,13.12.2010 07:00:00,-8.01012
2976,13.12.2010 08:00:00,-8.11858
2977,13.12.2010 09:00:00,-8.22151
2978,13.12.2010 10:00:00,-8.32766
2979,13.12.2010 11:00:00,-8.43674
2980,13.12.2010 12:00:00,-8.5315,3.514
2981,13.12.2010 13:00:00,-8.58983
2982,13.12.2010 14:00:00,-8.59511
2983,13.12.2010 15:00:00,-8.52111
2984,13.12.2010 16:00:00,-8.38645
2985,13.12.2010 17:00:00,-8.21249
2986,13.12.2010 18:00:00,-8.0117,3.520
2987,13.12.2010 19:00:00,-7.84927
2988,13.12.2010 20:00:00,-7.71183
2989,13.12.2010 21:00:00,-7.62817
2990,13.12.2010 22:00:00,-7.58302
2991,13.12.2010 23:00:00,-7.5756
2992,14.12.2010 00:00:00,-7.5991,3.524
2993,14.12.2010 01:00:00,-7.65238
2994,14.12.2010 02:00:00,-7.70638
2995,14.12.2010 03:00:00,-7.79078
2996,14.12.2010 04:00:00,-7.88478
2997,14.12.2010 05:00:00,-7.98335
2998,14.12.2010 06:00:00,-8.09264,3.516
2999,14.12.2010 07:00:00,-8.20164
3000,14.12.2010 08:00:00,-8.30412
3001,14.12.2010 09:00:00,-8.42205
3002,14.12.2010 10:00:00,-8.53809
3003,14.12.2010 11:00:00,-8.66144
3004,14.12.2010 12:00:00,-8.77038,3.510
3005,14.12.2010 13:00:00,-8.838
3006,14.12.2010 14:00:00,-8.84076
3007,14.12.2010 15:00:00,-8.76071
3008,14.12.2010 16:00:00,-8.61745
3009,14.12.2010 17:00:00,-8.43747
3010,14.12.2010 18:00:00,-8.24841,3.514
3011,14.12.2010 19:00:00,-8.07609
3012,14.12.2010 20:00:00,-7.9506
3013,14.12.2010 21:00:00,-7.87771
3014,14.12.2010 22:00:00,-7.84478
3015,14.12.2010 23:00:00,-7.84516
3016,15.12.2010 00:00:00,-7.87182,3.524
3017,15.12.2010 01:00:00,-7.91052
3018,15.12.2010 02:00:00,-7.95335
3019,15.12.2010 03:00:00,-8.00841
3020,15.12.2010 04:00:00,-8.05815
3021,15.12.2010 05:00:00,-8.09877
3022,15.12.2010 06:00:00,-8.14237,3.520
3023,15.12.2010 07:00:00,-8.18928
3024,15.12.2010 08:00:00,-8.23593
3025,15.12.2010 09:00:00,-8.29377
3026,15.12.2010 10:00:00,-8.34986
3027,15.12.2010 11:00:00,-8.4072
3028,15.12.2010 12:00:00,-8.45556,3.514
3029,15.12.2010 13:00:00,-8.45668
3030,15.12.2010 14:00:00,-8.40644
3031,15.12.2010 15:00:00,-8.29272
3032,15.12.2010 16:00:00,-8.13043
3033,15.12.2010 17:00:00,-7.92752
3034,15.12.2010 18:00:00,-7.72295,3.522
3035,15.12.2010 19:00:00,-7.55639
3036,15.12.2010 20:00:00,-7.43554
3037,15.12.2010 21:00:00,-7.36607
3038,15.12.2010 22:00:00,-7.34136
3039,15.12.2010 23:00:00,-7.33986
3040,16.12.2010 00:00:00,-7.38215,3.527
3041,16.12.2010 01:00:00,-7.43303
3042,16.12.2010 02:00:00,-7.51846
3043,16.12.2010 03:00:00,-7.60366
3044,16.12.2010 04:00:00,-7.70205
3045,16.12.2010 05:00:00,-7.80099
3046,16.12.2010 06:00:00,-7.90743,3.522
3047,16.12.2010 07:00:00,-8.01995
3048,16.12.2010 08:00:00,-8.1244
3049,16.12.2010 09:00:00,-8.22969
3050,16.12.2010 10:00:00,-8.32939
3051,16.12.2010 11:00:00,-8.43207
3052,16.12.2010 12:00:00,-8.51688,3.511
3053,16.12.2010 13:00:00,-8.57367
3054,16.12.2010 14:00:00,-8.5559
3055,16.12.2010 15:00:00,-8.47051
3056,16.12.2010 16:00:00,-8.34978
3057,16.12.2010 17:00:00,-8.20401
3058,16.12.2010 18:00:00,-8.06166,3.516
3059,16.12.2010 19:00:00,-7.94892
3060,16.12.2010 20:00:00,-7.87343
3061,16.12.2010 21:00:00,-7.82414
3062,16.12.2010 22:00:00,-7.80885
3063,16.12.2010 23:00:00,-7.82786
3064,17.12.2010 00:00:00,-7.86994,3.521
3065,17.12.2010 01:00:00,-7.91491
3066,17.12.2010 02:00:00,-7.9779
3067,17.12.2010 03:00:00,-8.04343
3068,17.12.2010 04:00:00,-8.1091
3069,17.12.2010 05:00:00,-8.17081
3070,17.12.2010 06:00:00,-8.22964,3.515
3071,17.12.2010 07:00:00,-8.29562
3072,17.12.2010 08:00:00,-8.37413
3073,17.12.2010 09:00:00,-8.46292
3074,17.12.2010 10:00:00,-8.55646
3075,17.12.2010 11:00:00,-8.649
3076,17.12.2010 12:00:00,-8.73752,3.509
3077,17.12.2010 13:00:00,-8.78566
3078,17.12.2010 14:00:00,-8.77831
3079,17.12.2010 15:00:00,-8.69578
3080,17.12.2010 16:00:00,-8.54298
3081,17.12.2010 17:00:00,-8.36197
3082,17.12.2010 18:00:00,-8.16995,3.517
3083,17.12.2010 19:00:00,-8.00612
3084,17.12.2010 20:00:00,-7.89694
3085,17.12.2010 21:00:00,-7.83324
3086,17.12.2010 22:00:00,-7.80418
3087,17.12.2010 23:00:00,-7.81652
3088,18.12.2010 00:00:00,-7.85907,3.521
3089,18.12.2010 01:00:00,-7.91306
3090,18.12.2010 02:00:00,-7.99591
3091,18.12.2010 03:00:00,-8.09976
3092,18.12.2010 04:00:00,-8.20035
3093,18.12.2010 05:00:00,-8.31423
3094,18.12.2010 06:00:00,-8.42765,3.511
3095,18.12.2010 07:00:00,-8.55206
3096,18.12.2010 08:00:00,-8.67442
3097,18.12.2010 09:00:00,-8.80635
3098,18.12.2010 10:00:00,-8.9361
3099,18.12.2010 11:00:00,-9.05605
3100,18.12.2010 12:00:00,-9.17218,3.505
3101,18.12.2010 13:00:00,-9.24022
3102,18.12.2010 14:00:00,-9.24075
3103,18.12.2010 15:00:00,-9.15645
3104,18.12.2010 16:00:00,-9.00366
3105,18.12.2010 17:00:00,-8.80625
3106,18.12.2010 18:00:00,-8.61743,3.513
3107,18.12.2010 19:00:00,-8.48637
3108,18.12.2010 20:00:00,-8.37742
3109,18.12.2010 21:00:00,-8.33012
3110,18.12.2010 22:00:00,-8.32853
3111,18.12.2010 23:00:00,-8.35606
3112,19.12.2010 00:00:00,-8.40994,3.512
3113,19.12.2010 01:00:00,-8.49015
3114,19.12.2010 02:00:00,-8.57636
3115,19.12.2010 03:00:00,-8.68608
3116,19.12.2010 04:00:00,-8.79856
3117,19.12.2010 05:00:00,-8.92342
3118,19.12.2010 06:00:00,-9.04713,3.507
3119,19.12.2010 07:00:00,-9.17559
3120,19.12.2010 08:00:00,-9.3102
3121,19.12.2010 09:00:00,-9.43811
3122,19.12.2010 10:00:00,-9.57789
3123,19.12.2010 11:00:00,-9.6898
3124,19.12.2010 12:00:00,-9.80957,3.498
3125,19.12.2010 13:00:00,-9.86656
3126,19.12.2010 14:00:00,-9.87209
3127,19.12.2010 15:00:00,-9.79214
3128,19.12.2010 16:00:00,-9.6356
3129,19.12.2010 17:00:00,-9.46361
3130,19.12.2010 18:00:00,-9.29913,3.504
3131,19.12.2010 19:00:00,-9.15845
3132,19.12.2010 20:00:00,-9.06467
3133,19.12.2010 21:00:00,-8.99946
3134,19.12.2010 22:00:00,-8.94794
3135,19.12.2010 23:00:00,-8.90644
3136,20.12.2010 00:00:00,-8.87472,3.510
3137,20.12.2010 01:00:00,-8.85188
3138,20.12.2010 02:00:00,-8.83131
3139,20.12.2010 03:00:00,-8.82363
3140,20.12.2010 04:00:00,-8.79801
3141,20.12.2010 05:00:00,-8.78442
3142,20.12.2010 06:00:00,-8.75974,3.512
3143,20.12.2010 07:00:00,-8.75361
3144,20.12.2010 08:00:00,-8.73414
3145,20.12.2010 09:00:00,-8.71955
3146,20.12.2010 10:00:00,-8.69231
3147,20.12.2010 11:00:00,-8.6698
3148,20.12.2010 12:00:00,-8.6467,3.512
3149,20.12.2010 13:00:00,-8.6055
3150,20.12.2010 14:00:00,-8.55091
3151,20.12.2010 15:00:00,-8.47525
3152,20.12.2010 16:00:00,-8.40281
3153,20.12.2010 17:00:00,-8.32102
3154,20.12.2010 18:00:00,-8.23463,3.516
3155,20.12.2010 19:00:00,-8.18825
3156,20.12.2010 20:00:00,-8.1485
3157,20.12.2010 21:00:00,-8.13163
3158,20.12.2010 22:00:00,-8.12159
3159,20.12.2010 23:00:00,-8.10371
3160,21.12.2010 00:00:00,-8.09061,3.521
3161,21.12.2010 01:00:00,-8.07402
3162,21.12.2010 02:00:00,-8.06203
3163,21.12.2010 03:00:00,-8.04418
3164,21.12.2010 04:00:00,-8.03584
3165,21.12.2010 05:00:00,-8.04939
3166,21.12.2010 06:00:00,-8.07338,3.518
3167,21.12.2010 07:00:00,-8.09515
3168,21.12.2010 08:00:00,-8.13383
3169,21.12.2010 09:00:00,-8.18919
3170,21.12.2010 10:00:00,-8.24277
3171,21.12.2010 11:00:00,-8.30273
3172,21.12.2010 12:00:00,-8.36468,3.516
3173,21.12.2010 13:00:00,-8.39159
3174,21.12.2010 14:00:00,-8.37388
3175,21.12.2010 15:00:00,-8.28956
3176,21.12.2010 16:00:00,-8.17527
3177,21.12.2010 17:00:00,-8.05352
3178,21.12.2010 18:00:00,-7.95064,3.521
3179,21.12.2010 19:00:00,-7.87833
3180,21.12.2010 20:00:00,-7.8267
3181,21.12.2010 21:00:00,-7.79347
3182,21.12.2010 22:00:00,-7.77748
3183,21.12.2010 23:00:00,-7.77663
3184,22.12.2010 00:00:00,-7.79018,3.523
3185,22.12.2010 01:00:00,-7.81102
3186,22.12.2010 02:00:00,-7.82442
3187,22.12.2010 03:00:00,-7.84524
3188,22.12.2010 04:00:00,-7.87037
3189,22.12.2010 05:00:00,-7.89471
3190,22.12.2010 06:00:00,-7.91325,3.522
3191,22.12.2010 07:00:00,-7.93357
3192,22.12.2010 08:00:00,-7.95409
3193,22.12.2010 09:00:00,-7.96661
3194,22.12.2010 10:00:00,-7.97278
3195,22.12.2010 11:00:00,-7.98271
3196,22.12.2010 12:00:00,-7.98057,3.517
3197,22.12.2010 13:00:00,-7.97542
3198,22.12.2010 14:00:00,-7.96946
3199,22.12.2010 15:00:00,-7.95292
3200,22.12.2010 16:00:00,-7.93928
3201,22.12.2010 17:00:00,-7.92204
3202,22.12.2010 18:00:00,-7.92091,3.522
3203,22.12.2010 19:00:00,-7.93111
3204,22.12.2010 20:00:00,-7.95151
3205,22.12.2010 21:00:00,-7.98642
3206,22.12.2010 22:00:00,-8.02786
3207,22.12.2010 23:00:00,-8.07863
3208,23.12.2010 00:00:00,-8.14332,3.519
3209,23.12.2010 01:00:00,-8.21517
3210,23.12.2010 02:00:00,-8.27547
3211,23.12.2010 03:00:00,-8.34243
3212,23.12.2010 04:00:00,-8.41563
3213,23.12.2010 05:00:00,-8.49662
3214,23.12.2010 06:00:00,-8.57399,3.513
3215,23.12.2010 07:00:00,-8.66804
3216,23.12.2010 08:00:00,-8.75516
3217,23.12.2010 09:00:00,-8.85716
3218,23.12.2010 10:00:00,-8.95906
3219,23.12.2010 11:00:00,-9.05945
3220,23.12.2010 12:00:00,-9.16382,3.505
3221,23.12.2010 13:00:00,-9.22494
3222,23.12.2010 14:00:00,-9.23443
3223,23.12.2010 15:00:00,-9.1878
3224,23.12.2010 16:00:00,-9.14141
3225,23.12.2010 17:00:00,-9.06908
3226,23.12.2010 18:00:00,-9.03882,3.508
3227,23.12.2010 19:00:00,-9.01467
3228,23.12.2010 20:00:00,-9.0296
3229,23.12.2010 21:00:00,-9.06659
3230,23.12.2010 22:00:00,-9.13273
3231,23.12.2010 23:00:00,-9.20844
3232,24.12.2010 00:00:00,-9.30022,3.506
3233,24.12.2010 01:00:00,-9.39763
3234,24.12.2010 02:00:00,-9.50293
3235,24.12.2010 03:00:00,-9.60827
3236,24.12.2010 04:00:00,-9.69971
3237,24.12.2010 05:00:00,-9.80848
3238,24.12.2010 06:00:00,-9.90853,3.497
3239,24.12.2010 07:00:00,-10.0221
3240,24.12.2010 08:00:00,-10.1164
3241,24.12.2010 09:00:00,-10.2048
3242,24.12.2010 10:00:00,-10.2967
3243,24.12.2010 11:00:00,-10.3748
3244,24.12.2010 12:00:00,-10.4396,3.490
3245,24.12.2010 13:00:00,-10.4656
3246,24.12.2010 14:00:00,-10.4054
3247,24.12.2010 15:00:00,-10.3027
3248,24.12.2010 16:00:00,-10.1517
3249,24.12.2010 17:00:00,-9.99869
3250,24.12.2010 18:00:00,-9.86596,3.500
3251,24.12.2010 19:00:00,-9.74418
3252,24.12.2010 20:00:00,-9.65093
3253,24.12.2010 21:00:00,-9.60931
3254,24.12.2010 22:00:00,-9.5977
3255,24.12.2010 23:00:00,-9.59914
3256,25.12.2010 00:00:00,-9.61884,3.500
3257,25.12.2010 01:00:00,-9.65765
3258,25.12.2010 02:00:00,-9.71528
3259,25.12.2010 03:00:00,-9.78523
3260,25.12.2010 04:00:00,-9.86563
3261,25.12.2010 05:00:00,-9.93603
3262,25.12.2010 06:00:00,-10.0066,3.497
3263,25.12.2010 07:00:00,-10.0809
3264,25.12.2010 08:00:00,-10.1611
3265,25.12.2010 09:00:00,-10.2458
3266,25.12.2010 10:00:00,-10.3257
3267,25.12.2010 11:00:00,-10.4021
3268,25.12.2010 12:00:00,-10.4759,3.492
3269,25.12.2010 13:00:00,-10.4939
3270,25.12.2010 14:00:00,-10.4313
3271,25.12.2010 15:00:00,-10.3179
3272,25.12.2010 16:00:00,-10.1599
3273,25.12.2010 17:00:00,-10.0094
3274,25.12.2010 18:00:00,-9.86144,3.498
3275,25.12.2010 19:00:00,-9.7241
3276,25.12.2010 20:00:00,-9.62987
3277,25.12.2010 21:00:00,-9.58578
3278,25.12.2010 22:00:00,-9.56304
3279,25.12.2010 23:00:00,-9.56331
3280,26.12.2010 00:00:00,-9.59016,3.499
3281,26.12.2010 01:00:00,-9.63075
3282,26.12.2010 02:00:00,-9.68589
3283,26.12.2010 03:00:00,-9.75245
3284,26.12.2010 04:00:00,-9.82841
3285,26.12.2010 05:00:00,-9.91697
3286,26.12.2010 06:00:00,-10.0079,3.497
3287,26.12.2010 07:00:00,-10.1006
3288,26.12.2010 08:00:00,-10.1922
3289,26.12.2010 09:00:00,-10.2961
3290,26.12.2010 10:00:00,-10.3879
3291,26.12.2010 11:00:00,-10.475
3292,26.12.2010 12:00:00,-10.5565,3.492
3293,26.12.2010 13:00:00,-10.5685
3294,26.12.2010 14:00:00,-10.5413
3295,26.12.2010 15:00:00,-10.4287
3296,26.12.2010 16:00:00,-10.29
3297,26.12.2010 17:00:00,-10.1328
3298,26.12.2010 18:00:00,-9.98565,3.495
3299,26.12.2010 19:00:00,-9.87065
3300,26.12.2010 20:00:00,-9.7803
3301,26.12.2010 21:00:00,-9.71721
3302,26.12.2010 22:00:00,-9.68358
3303,26.12.2010 23:00:00,-9.69045
3304,27.12.2010 00:00:00,-9.71637,3.499
3305,27.12.2010 01:00:00,-9.76481
3306,27.12.2010 02:00:00,-9.82465
3307,27.12.2010 03:00:00,-9.89299
3308,27.12.2010 04:00:00,-9.97262
3309,27.12.2010 05:00:00,-10.0654
3310,27.12.2010 06:00:00,-10.1505,3.496
3311,27.12.2010 07:00:00,-10.2596
3312,27.12.2010 08:00:00,-10.3499
3313,27.12.2010 09:00:00,-10.4429
3314,27.12.2010 10:00:00,-10.5523
3315,27.12.2010 11:00:00,-10.6434
3316,27.12.2010 12:00:00,-10.7244,3.489
3317,27.12.2010 13:00:00,-10.7612
3318,27.12.2010 14:00:00,-10.7136
3319,27.12.2010 15:00:00,-10.5974
3320,27.12.2010 16:00:00,-10.4474
3321,27.12.2010 17:00:00,-10.2975
3322,27.12.2010 18:00:00,-10.1333,3.494
3323,27.12.2010 19:00:00,-10.0069
3324,27.12.2010 20:00:00,-9.89953
3325,27.12.2010 21:00:00,-9.83
3326,27.12.2010 22:00:00,-9.80265
3327,27.12.2010 23:00:00,-9.79983
3328,28.12.2010 00:00:00,-9.81978,3.500
3329,28.12.2010 01:00:00,-9.86324
3330,28.12.2010 02:00:00,-9.91286
3331,28.12.2010 03:00:00,-9.98289
3332,28.12.2010 04:00:00,-10.0652
3333,28.12.2010 05:00:00,-10.1357
3334,28.12.2010 06:00:00,-10.2317,3.494
3335,28.12.2010 07:00:00,-10.3267
3336,28.12.2010 08:00:00,-10.4214
3337,28.12.2010 09:00:00,-10.5172
3338,28.12.2010 10:00:00,-10.6105
3339,28.12.2010 11:00:00,-10.717
3340,28.12.2010 12:00:00,-10.7929,3.486
3341,28.12.2010 13:00:00,-10.8269
3342,28.12.2010 14:00:00,-10.7879
3343,28.12.2010 15:00:00,-10.6718
3344,28.12.2010 16:00:00,-10.5258
3345,28.12.2010 17:00:00,-10.3566
3346,28.12.2010 18:00:00,-10.2023,3.494
3347,28.12.2010 19:00:00,-10.0693
3348,28.12.2010 20:00:00,-9.97138
3349,28.12.2010 21:00:00,-9.90366
3350,28.12.2010 22:00:00,-9.87506
3351,28.12.2010 23:00:00,-9.87401
3352,29.12.2010 00:00:00,-9.89161,3.500
3353,29.12.2010 01:00:00,-9.92716
3354,29.12.2010 02:00:00,-9.98992
3355,29.12.2010 03:00:00,-10.0598
3356,29.12.2010 04:00:00,-10.1199
3357,29.12.2010 05:00:00,-10.2044
3358,29.12.2010 06:00:00,-10.3036,3.495
3359,29.12.2010 07:00:00,-10.3966
3360,29.12.2010 08:00:00,-10.4846
3361,29.12.2010 09:00:00,-10.5749
3362,29.12.2010 10:00:00,-10.6761
3363,29.12.2010 11:00:00,-10.7584
3364,29.12.2010 12:00:00,-10.8363,3.488
3365,29.12.2010 13:00:00,-10.8675
3366,29.12.2010 14:00:00,-10.8206
3367,29.12.2010 15:00:00,-10.7056
3368,29.12.2010 16:00:00,-10.5547
3369,29.12.2010 17:00:00,-10.3826
3370,29.12.2010 18:00:00,-10.2265,3.494
3371,29.12.2010 19:00:00,-10.0888
3372,29.12.2010 20:00:00,-9.99091
3373,29.12.2010 21:00:00,-9.94042
3374,29.12.2010 22:00:00,-9.90018
3375,29.12.2010 23:00:00,-9.90044
3376,30.12.2010 00:00:00,-9.92663,3.501
3377,30.12.2010 01:00:00,-9.96689
3378,30.12.2010 02:00:00,-10.0324
3379,30.12.2010 03:00:00,-10.1017
3380,30.12.2010 04:00:00,-10.1726
3381,30.12.2010 05:00:00,-10.2738
3382,30.12.2010 06:00:00,-10.3658,3.492
3383,30.12.2010 07:00:00,-10.4649
3384,30.12.2010 08:00:00,-10.5701
3385,30.12.2010 09:00:00,-10.6691
3386,30.12.2010 10:00:00,-10.7687
3387,30.12.2010 11:00:00,-10.8578
3388,30.12.2010 12:00:00,-10.9512,3.486
3389,30.12.2010 13:00:00,-10.9795
3390,30.12.2010 14:00:00,-10.9431
3391,30.12.2010 15:00:00,-10.8211
3392,30.12.2010 16:00:00,-10.6756
3393,30.12.2010 17:00:00,-10.5103
3394,30.12.2010 18:00:00,-10.3495,3.495
3395,30.12.2010 19:00:00,-10.2229
3396,30.12.2010 20:00:00,-10.1245
3397,30.12.2010 21:00:00,-10.0662
3398,30.12.2010 22:00:00,-10.0435
3399,30.12.2010 23:00:00,-10.034
3400,31.12.2010 00:00:00,-10.0619,3.499
3401,31.12.2010 01:00:00,-10.0943
3402,31.12.2010 02:00:00,-10.1472
3403,31.12.2010 03:00:00,-10.2232
3404,31.12.2010 04:00:00,-10.308
3405,31.12.2010 05:00:00,-10.387
3406,31.12.2010 06:00:00,-10.4672,3.491
3407,31.12.2010 07:00:00,-10.5541
3408,31.12.2010 08:00:00,-10.6375
3409,31.12.2010 09:00:00,-10.735
3410,31.12.2010 10:00:00,-10.8278
3411,31.12.2010 11:00:00,-10.9279
3412,31.12.2010 12:00:00,-11.0112,3.487
3413,31.12.2010 13:00:00,-11.0461
3414,31.12.2010 14:00:00,-11.0173
3415,31.12.2010 15:00:00,-10.9319
3416,31.12.2010 16:00:00,-10.8316
3417,31.12.2010 17:00:00,-10.7067
3418,31.12.2010 18:00:00,-10.5925,3.492
3419,31.12.2010 19:00:00,-10.5033
3420,31.12.2010 20:00:00,-10.4478
3421,31.12.2010 21:00:00,-10.4241
3422,31.12.2010 22:00:00,-10.4304
3423,31.12.2010 23:00:00,-10.4705
3424,01.01.2011 00:00:00,-10.5366,3.489
3425,01.01.2011 01:00:00,-10.5872
3426,01.01.2011 02:00:00,-10.6963
3427,01.01.2011 03:00:00,-10.795
3428,01.01.2011 04:00:00,-10.8793
3429,01.01.2011 05:00:00,-10.9996
3430,01.01.2011 06:00:00,-11.12,3.484
3431,01.01.2011 07:00:00,-11.2253
3432,01.01.2011 08:00:00,-11.3389
3433,01.01.2011 09:00:00,-11.4565
3434,01.01.2011 10:00:00,-11.5616
3435,01.01.2011 11:00:00,-11.663
3436,01.01.2011 12:00:00,-11.7403,3.479
3437,01.01.2011 13:00:00,-11.76
3438,01.01.2011 14:00:00,-11.7128
3439,01.01.2011 15:00:00,-11.6026
3440,01.01.2011 16:00:00,-11.4701
3441,01.01.2011 17:00:00,-11.3419
3442,01.01.2011 18:00:00,-11.224,3.483
3443,01.01.2011 19:00:00,-11.1235
3444,01.01.2011 20:00:00,-11.0712
3445,01.01.2011 21:00:00,-11.0424
3446,01.01.2011 22:00:00,-11.0556
3447,01.01.2011 23:00:00,-11.1006
3448,02.01.2011 00:00:00,-11.1548,3.483
3449,02.01.2011 01:00:00,-11.2267
3450,02.01.2011 02:00:00,-11.3013
3451,02.01.2011 03:00:00,-11.3724
3452,02.01.2011 04:00:00,-11.4707
3453,02.01.2011 05:00:00,-11.5479
3454,02.01.2011 06:00:00,-11.6358,3.478
3455,02.01.2011 07:00:00,-11.7347
3456,02.01.2011 08:00:00,-11.8379
3457,02.01.2011 09:00:00,-11.9407
3458,02.01.2011 10:00:00,-12.0384
3459,02.01.2011 11:00:00,-12.1478
3460,02.01.2011 12:00:00,-12.2444,3.472
3461,02.01.2011 13:00:00,-12.2775
3462,02.01.2011 14:00:00,-12.2041
3463,02.01.2011 15:00:00,-12.0664
3464,02.01.2011 16:00:00,-11.9137
3465,02.01.2011 17:00:00,-11.7389
3466,02.01.2011 18:00:00,-11.603,3.476
3467,02.01.2011 19:00:00,-11.4889
3468,02.01.2011 20:00:00,-11.4316
3469,02.01.2011 21:00:00,-11.3948
3470,02.01.2011 22:00:00,-11.3891
3471,02.01.2011 23:00:00,-11.4268
3472,03.01.2011 00:00:00,-11.4581,3.481
3473,03.01.2011 01:00:00,-11.4958
3474,03.01.2011 02:00:00,-11.5532
3475,03.01.2011 03:00:00,-11.5864
3476,03.01.2011 04:00:00,-11.6357
3477,03.01.2011 05:00:00,-11.6709
3478,03.01.2011 06:00:00,-11.704,3.480
3479,03.01.2011 07:00:00,-11.7202
3480,03.01.2011 08:00:00,-11.7259
3481,03.01.2011 09:00:00,-11.7358
3482,03.01.2011 10:00:00,-11.7475
3483,03.01.2011 11:00:00,-11.741
3484,03.01.2011 12:00:00,-11.7325,3.476
3485,03.01.2011 13:00:00,-11.6479
3486,03.01.2011 14:00:00,-11.5234
3487,03.01.2011 15:00:00,-11.3338
3488,03.01.2011 16:00:00,-11.1347
3489,03.01.2011 17:00:00,-10.9459
3490,03.01.2011 18:00:00,-10.7877,3.488
3491,03.01.2011 19:00:00,-10.6453
3492,03.01.2011 20:00:00,-10.546
3493,03.01.2011 21:00:00,-10.4568
3494,03.01.2011 22:00:00,-10.3873
3495,03.01.2011 23:00:00,-10.3325
3496,04.01.2011 00:00:00,-10.3005,3.496
3497,04.01.2011 01:00:00,-10.2742
3498,04.01.2011 02:00:00,-10.2582
3499,04.01.2011 03:00:00,-10.2423
3500,04.01.2011 04:00:00,-10.2305
3501,04.01.2011 05:00:00,-10.2351
3502,04.01.2011 06:00:00,-10.2416,3.497
3503,04.01.2011 07:00:00,-10.2595
3504,04.01.2011 08:00:00,-10.2942
3505,04.01.2011 09:00:00,-10.3285
3506,04.01.2011 10:00:00,-10.3753
3507,04.01.2011 11:00:00,-10.4327
3508,04.01.2011 12:00:00,-10.4901,3.492
3509,04.01.2011 13:00:00,-10.5285
3510,04.01.2011 14:00:00,-10.5333
3511,04.01.2011 15:00:00,-10.4926
3512,04.01.2011 16:00:00,-10.3979
3513,04.01.2011 17:00:00,-10.3133
3514,04.01.2011 18:00:00,-10.2059,3.498
3515,04.01.2011 19:00:00,-10.1184
3516,04.01.2011 20:00:00,-10.0561
3517,04.01.2011 21:00:00,-10.0084
3518,04.01.2011 22:00:00,-9.96636
3519,04.01.2011 23:00:00,-9.94704
3520,05.01.2011 00:00:00,-9.94209,3.499
3521,05.01.2011 01:00:00,-9.92541
3522,05.01.2011 02:00:00,-9.9136
3523,05.01.2011 03:00:00,-9.91018
3524,05.01.2011 04:00:00,-9.91085
3525,05.01.2011 05:00:00,-9.9101
3526,05.01.2011 06:00:00,-9.91101,3.498
3527,05.01.2011 07:00:00,-9.91816
3528,05.01.2011 08:00:00,-9.92995
3529,05.01.2011 09:00:00,-9.93812
3530,05.01.2011 10:00:00,-9.95213
3531,05.01.2011 11:00:00,-9.95688
3532,05.01.2011 12:00:00,-9.96454,3.499
3533,05.01.2011 13:00:00,-9.94443
3534,05.01.2011 14:00:00,-9.91149
3535,05.01.2011 15:00:00,-9.86707
3536,05.01.2011 16:00:00,-9.80873
3537,05.01.2011 17:00:00,-9.75085
3538,05.01.2011 18:00:00,-9.70376,3.502
3539,05.01.2011 19:00:00,-9.68519
3540,05.01.2011 20:00:00,-9.68595
3541,05.01.2011 21:00:00,-9.70599
3542,05.01.2011 22:00:00,-9.74169
3543,05.01.2011 23:00:00,-9.80071
3544,06.01.2011 00:00:00,-9.86124,3.500
3545,06.01.2011 01:00:00,-9.94092
3546,06.01.2011 02:00:00,-10.0378
3547,06.01.2011 03:00:00,-10.1211
3548,06.01.2011 04:00:00,-10.2243
3549,06.01.2011 05:00:00,-10.3359
3550,06.01.2011 06:00:00,-10.4513,3.492
3551,06.01.2011 07:00:00,-10.5664
3552,06.01.2011 08:00:00,-10.6912
3553,06.01.2011 09:00:00,-10.8049
3554,06.01.2011 10:00:00,-10.9106
3555,06.01.2011 11:00:00,-11.0072
3556,06.01.2011 12:00:00,-11.0927,3.484
3557,06.01.2011 13:00:00,-11.1245
3558,06.01.2011 14:00:00,-11.108
3559,06.01.2011 15:00:00,-11.0304
3560,06.01.2011 16:00:00,-10.9443
3561,06.01.2011 17:00:00,-10.8527
3562,06.01.2011 18:00:00,-10.7691,3.487
3563,06.01.2011 19:00:00,-10.6963
3564,06.01.2011 20:00:00,-10.6537
3565,06.01.2011 21:00:00,-10.6437
3566,06.01.2011 22:00:00,-10.651
3567,06.01.2011 23:00:00,-10.6895
3568,07.01.2011 00:00:00,-10.7334,3.487
3569,07.01.2011 01:00:00,-10.792
3570,07.01.2011 02:00:00,-10.8449
3571,07.01.2011 03:00:00,-10.8887
3572,07.01.2011 04:00:00,-10.9452
3573,07.01.2011 05:00:00,-10.9927
3574,07.01.2011 06:00:00,-11.0201,3.485
3575,07.01.2011 07:00:00,-11.0395
3576,07.01.2011 08:00:00,-11.0705
3577,07.01.2011 09:00:00,-11.0982
3578,07.01.2011 10:00:00,-11.1228
3579,07.01.2011 11:00:00,-11.1359
3580,07.01.2011 12:00:00,-11.1628,3.484
3581,07.01.2011 13:00:00,-11.1658
3582,07.01.2011 14:00:00,-11.1545
3583,07.01.2011 15:00:00,-11.1182
3584,07.01.2011 16:00:00,-11.0453
3585,07.01.2011 17:00:00,-10.9684
3586,07.01.2011 18:00:00,-10.885,3.488
3587,07.01.2011 19:00:00,-10.8382
3588,07.01.2011 20:00:00,-10.8038
3589,07.01.2011 21:00:00,-10.7899
3590,07.01.2011 22:00:00,-10.7936
3591,07.01.2011 23:00:00,-10.8245
3592,08.01.2011 00:00:00,-10.8554,3.487
3593,08.01.2011 01:00:00,-10.9141
3594,08.01.2011 02:00:00,-10.9809
3595,08.01.2011 03:00:00,-11.0448
3596,08.01.2011 04:00:00,-11.1303
3597,08.01.2011 05:00:00,-11.2247
3598,08.01.2011 06:00:00,-11.3198,3.483
3599,08.01.2011 07:00:00,-11.4076
3600,08.01.2011 08:00:00,-11.5038
3601,08.01.2011 09:00:00,-11.5896
3602,08.01.2011 10:00:00,-11.7039
3603,08.01.2011 11:00:00,-11.7844
3604,08.01.2011 12:00:00,-11.8879,3.475
3605,08.01.2011 13:00:00,-11.925
3606,08.01.2011 14:00:00,-11.9261
3607,08.01.2011 15:00:00,-11.8417
3608,08.01.2011 16:00:00,-11.7325
3609,08.01.2011 17:00:00,-11.6109
3610,08.01.2011 18:00:00,-11.509,3.477
3611,08.01.2011 19:00:00,-11.4264
3612,08.01.2011 20:00:00,-11.3639
3613,08.01.2011 21:00:00,-11.3299
3614,08.01.2011 22:00:00,-11.3249
3615,08.01.2011 23:00:00,-11.3429
3616,09.01.2011 00:00:00,-11.3916,3.481
3617,09.01.2011 01:00:00,-11.4444
3618,09.01.2011 02:00:00,-11.5078
3619,09.01.2011 03:00:00,-11.5823
3620,09.01.2011 04:00:00,-11.6688
3621,09.01.2011 05:00:00,-11.7541
3622,09.01.2011 06:00:00,-11.8549,3.477
3623,09.01.2011 07:00:00,-11.954
3624,09.01.2011 08:00:00,-12.0535
3625,09.01.2011 09:00:00,-12.1549
3626,09.01.2011 10:00:00,-12.2661
3627,09.01.2011 11:00:00,-12.3476
3628,09.01.2011 12:00:00,-12.41,3.467
3629,09.01.2011 13:00:00,-12.4541
3630,09.01.2011 14:00:00,-12.4127
3631,09.01.2011 15:00:00,-12.3208
3632,09.01.2011 16:00:00,-12.1968
3633,09.01.2011 17:00:00,-12.061
3634,09.01.2011 18:00:00,-11.9359,3.474
3635,09.01.2011 19:00:00,-11.8049
3636,09.01.2011 20:00:00,-11.723
3637,09.01.2011 21:00:00,-11.6375
3638,09.01.2011 22:00:00,-11.5977
3639,09.01.2011 23:00:00,-11.5794
3640,10.01.2011 00:00:00,-11.569,3.478
3641,10.01.2011 01:00:00,-11.5832
3642,10.01.2011 02:00:00,-11.6029
3643,10.01.2011 03:00:00,-11.6367
3644,10.01.2011 04:00:00,-11.6884
3645,10.01.2011 05:00:00,-11.7286
3646,10.01.2011 06:00:00,-11.7966,3.476
3647,10.01.2011 07:00:00,-11.8555
3648,10.01.2011 08:00:00,-11.928
3649,10.01.2011 09:00:00,-11.9962
3650,10.01.2011 10:00:00,-12.0752
3651,10.01.2011 11:00:00,-12.1484
3652,10.01.2011 12:00:00,-12.2258,3.468
3653,10.01.2011 13:00:00,-12.2608
3654,10.01.2011 14:00:00,-12.2165
3655,10.01.2011 15:00:00,-12.1177
3656,10.01.2011 16:00:00,-11.9857
3657,10.01.2011 17:00:00,-11.8436
3658,10.01.2011 18:00:00,-11.7066,3.477
3659,10.01.2011 19:00:00,-11.5789
3660,10.01.2011 20:00:00,-11.4903
3661,10.01.2011 21:00:00,-11.4307
3662,10.01.2011 22:00:00,-11.3994
3663,10.01.2011 23:00:00,-11.3993
3664,11.01.2011 00:00:00,-11.4201,3.482
3665,11.01.2011 01:00:00,-11.4434
3666,11.01.2011 02:00:00,-11.4919
3667,11.01.2011 03:00:00,-11.5441
3668,11.01.2011 04:00:00,-11.5968
3669,11.01.2011 05:00:00,-11.6592
3670,11.01.2011 06:00:00,-11.7247,3.475
3671,11.01.2011 07:00:00,-11.7924
3672,11.01.2011 08:00:00,-11.8811
3673,11.01.2011 09:00:00,-11.9533
3674,11.01.2011 10:00:00,-12.0312
3675,11.01.2011 11:00:00,-12.1324
3676,11.01.2011 12:00:00,-12.2062,3.472
3677,11.01.2011 13:00:00,-12.2424
3678,11.01.2011 14:00:00,-12.2066
3679,11.01.2011 15:00:00,-12.1154
3680,11.01.2011 16:00:00,-11.9778
3681,11.01.2011 17:00:00,-11.8286
3682,11.01.2011 18:00:00,-11.684,3.477
3683,11.01.2011 19:00:00,-11.5667
3684,11.01.2011 20:00:00,-11.4699
3685,11.01.2011 21:00:00,-11.4034
3686,11.01.2011 22:00:00,-11.3662
3687,11.01.2011 23:00:00,-11.3829
3688,12.01.2011 00:00:00,-11.4038,3.480
3689,12.01.2011 01:00:00,-11.436
3690,12.01.2011 02:00:00,-11.4941
3691,12.01.2011 03:00:00,-11.565
3692,12.01.2011 04:00:00,-11.6486
3693,12.01.2011 05:00:00,-11.737
3694,12.01.2011 06:00:00,-11.8394,3.475
3695,12.01.2011 07:00:00,-11.9479
3696,12.01.2011 08:00:00,-12.0526
3697,12.01.2011 09:00:00,-12.1634
3698,12.01.2011 10:00:00,-12.2836
3699,12.01.2011 11:00:00,-12.3828
3700,12.01.2011 12:00:00,-12.48,3.468
3701,12.01.2011 13:00:00,-12.534
3702,12.01.2011 14:00:00,-12.5002
3703,12.01.2011 15:00:00,-12.4286
3704,12.01.2011 16:00:00,-12.3
3705,12.01.2011 17:00:00,-12.1422
3706,12.01.2011 18:00:00,-12.0099,3.472
3707,12.01.2011 19:00:00,-11.8934
3708,12.01.2011 20:00:00,-11.8084
3709,12.01.2011 21:00:00,-11.758
3710,12.01.2011 22:00:00,-11.745
3711,12.01.2011 23:00:00,-11.7522
3712,13.01.2011 00:00:00,-11.795,3.474
3713,13.01.2011 01:00:00,-11.8418
3714,13.01.2011 02:00:00,-11.9297
3715,13.01.2011 03:00:00,-12.009
3716,13.01.2011 04:00:00,-12.1017
3717,13.01.2011 05:00:00,-12.2023
3718,13.01.2011 06:00:00,-12.3181,3.469
3719,13.01.2011 07:00:00,-12.4204
3720,13.01.2011 08:00:00,-12.5364
3721,13.01.2011 09:00:00,-12.6551
3722,13.01.2011 10:00:00,-12.7798
3723,13.01.2011 11:00:00,-12.8907
3724,13.01.2011 12:00:00,-13.0038,3.461
3725,13.01.2011 13:00:00,-13.0405
3726,13.01.2011 14:00:00,-13.0264
3727,13.01.2011 15:00:00,-12.9238
3728,13.01.2011 16:00:00,-12.7868
3729,13.01.2011 17:00:00,-12.6221
3730,13.01.2011 18:00:00,-12.4617,3.467
3731,13.01.2011 19:00:00,-12.3283
3732,13.01.2011 20:00:00,-12.2149
3733,13.01.2011 21:00:00,-12.1333
3734,13.01.2011 22:00:00,-12.0905
3735,13.01.2011 23:00:00,-12.0711
3736,14.01.2011 00:00:00,-12.0746,3.473
3737,14.01.2011 01:00:00,-12.0928
3738,14.01.2011 02:00:00,-12.1273
3739,14.01.2011 03:00:00,-12.1856
3740,14.01.2011 04:00:00,-12.2487
3741,14.01.2011 05:00:00,-12.3081
3742,14.01.2011 06:00:00,-12.3741,3.470
3743,14.01.2011 07:00:00,-12.4329
3744,14.01.2011 08:00:00,-12.4985
3745,14.01.2011 09:00:00,-12.5599
3746,14.01.2011 10:00:00,-12.6224
3747,14.01.2011 11:00:00,-12.6573
3748,14.01.2011 12:00:00,-12.6662,3.464
3749,14.01.2011 13:00:00,-12.6568
3750,14.01.2011 14:00:00,-12.5982
3751,14.01.2011 15:00:00,-12.4866
3752,14.01.2011 16:00:00,-12.3761
3753,14.01.2011 17:00:00,-12.2371
3754,14.01.2011 18:00:00,-12.0872,3.470
3755,14.01.2011 19:00:00,-11.9688
3756,14.01.2011 20:00:00,-11.8781
3757,14.01.2011 21:00:00,-11.8033
3758,14.01.2011 22:00:00,-11.7385
3759,14.01.2011 23:00:00,-11.7203
3760,15.01.2011 00:00:00,-11.7014,3.478
3761,15.01.2011 01:00:00,-11.6876
3762,15.01.2011 02:00:00,-11.6755
3763,15.01.2011 03:00:00,-11.6676
3764,15.01.2011 04:00:00,-11.6896
3765,15.01.2011 05:00:00,-11.7062
3766,15.01.2011 06:00:00,-11.7369,3.476
3767,15.01.2011 07:00:00,-11.7762
3768,15.01.2011 08:00:00,-11.8377
3769,15.01.2011 09:00:00,-11.8913
3770,15.01.2011 10:00:00,-11.9469
3771,15.01.2011 11:00:00,-11.9989
3772,15.01.2011 12:00:00,-12.0278,3.473
3773,15.01.2011 13:00:00,-12.0229
3774,15.01.2011 14:00:00,-11.975
3775,15.01.2011 15:00:00,-11.8756
3776,15.01.2011 16:00:00,-11.7433
3777,15.01.2011 17:00:00,-11.6034
3778,15.01.2011 18:00:00,-11.4932,3.478
3779,15.01.2011 19:00:00,-11.3886
3780,15.01.2011 20:00:00,-11.3139
3781,15.01.2011 21:00:00,-11.2589
3782,15.01.2011 22:00:00,-11.2287
3783,15.01.2011 23:00:00,-11.214
3784,16.01.2011 00:00:00,-11.2254,3.484
3785,16.01.2011 01:00:00,-11.2363
3786,16.01.2011 02:00:00,-11.2643
3787,16.01.2011 03:00:00,-11.3107
3788,16.01.2011 04:00:00,-11.3741
3789,16.01.2011 05:00:00,-11.4337
3790,16.01.2011 06:00:00,-11.4885,3.482
3791,16.01.2011 07:00:00,-11.5638
3792,16.01.2011 08:00:00,-11.6286
3793,16.01.2011 09:00:00,-11.7105
3794,16.01.2011 10:00:00,-11.7782
3795,16.01.2011 11:00:00,-11.8795
3796,16.01.2011 12:00:00,-11.9454,3.473
3797,16.01.2011 13:00:00,-11.9824
3798,16.01.2011 14:00:00,-11.9353
3799,16.01.2011 15:00:00,-11.8231
3800,16.01.2011 16:00:00,-11.6886
3801,16.01.2011 17:00:00,-11.5299
3802,16.01.2011 18:00:00,-11.3973,3.480
3803,16.01.2011 19:00:00,-11.266
3804,16.01.2011 20:00:00,-11.1759
3805,16.01.2011 21:00:00,-11.1239
3806,16.01.2011 22:00:00,-11.0862
3807,16.01.2011 23:00:00,-11.0754
3808,17.01.2011 00:00:00,-11.0879,3.488
3809,17.01.2011 01:00:00,-11.1004
3810,17.01.2011 02:00:00,-11.127
3811,17.01.2011 03:00:00,-11.1537
3812,17.01.2011 04:00:00,-11.2
3813,17.01.2011 05:00:00,-11.2544
3814,17.01.2011 06:00:00,-11.2977,3.481
3815,17.01.2011 07:00:00,-11.3333
3816,17.01.2011 08:00:00,-11.3798
3817,17.01.2011 09:00:00,-11.4117
3818,17.01.2011 10:00:00,-11.4287
3819,17.01.2011 11:00:00,-11.4347
3820,17.01.2011 12:00:00,-11.4197,3.481
3821,17.01.2011 13:00:00,-11.3781
3822,17.01.2011 14:00:00,-11.3175
3823,17.01.2011 15:00:00,-11.2246
3824,17.01.2011 16:00:00,-11.1268
3825,17.01.2011 17:00:00,-11.0172
3826,17.01.2011 18:00:00,-10.9335,3.486
3827,17.01.2011 19:00:00,-10.854
3828,17.01.2011 20:00:00,-10.804
3829,17.01.2011 21:00:00,-10.7559
3830,17.01.2011 22:00:00,-10.7164
3831,17.01.2011 23:00:00,-10.6977
3832,18.01.2011 00:00:00,-10.6728,3.490
3833,18.01.2011 01:00:00,-10.6445
3834,18.01.2011 02:00:00,-10.6462
3835,18.01.2011 03:00:00,-10.6446
3836,18.01.2011 04:00:00,-10.6385
3837,18.01.2011 05:00:00,-10.6428
3838,18.01.2011 06:00:00,-10.6652,3.487
3839,18.01.2011 07:00:00,-10.6929
3840,18.01.2011 08:00:00,-10.72
3841,18.01.2011 09:00:00,-10.7516
3842,18.01.2011 10:00:00,-10.7863
3843,18.01.2011 11:00:00,-10.8102
3844,18.01.2011 12:00:00,-10.8371,3.489
3845,18.01.2011 13:00:00,-10.8393
3846,18.01.2011 14:00:00,-10.816
3847,18.01.2011 15:00:00,-10.755
3848,18.01.2011 16:00:00,-10.6675
3849,18.01.2011 17:00:00,-10.5685
3850,18.01.2011 18:00:00,-10.4566,3.493
3851,18.01.2011 19:00:00,-10.3679
3852,18.01.2011 20:00:00,-10.2978
3853,18.01.2011 21:00:00,-10.2435
3854,18.01.2011 22:00:00,-10.2112
3855,18.01.2011 23:00:00,-10.1855
3856,19.01.2011 00:00:00,-10.1831,3.493
3857,19.01.2011 01:00:00,-10.1992
3858,19.01.2011 02:00:00,-10.2355
3859,19.01.2011 03:00:00,-10.2869
3860,19.01.2011 04:00:00,-10.3375
3861,19.01.2011 05:00:00,-10.3959
3862,19.01.2011 06:00:00,-10.4776,3.492
3863,19.01.2011 07:00:00,-10.5497
3864,19.01.2011 08:00:00,-10.6273
3865,19.01.2011 09:00:00,-10.703
3866,19.01.2011 10:00:00,-10.7629
3867,19.01.2011 11:00:00,-10.8183
3868,19.01.2011 12:00:00,-10.8546,3.488
3869,19.01.2011 13:00:00,-10.8773
3870,19.01.2011 14:00:00,-10.8685
3871,19.01.2011 15:00:00,-10.8588
3872,19.01.2011 16:00:00,-10.8221
3873,19.01.2011 17:00:00,-10.7747
3874,19.01.2011 18:00:00,-10.7099,3.489
3875,19.01.2011 19:00:00,-10.6717
3876,19.01.2011 20:00:00,-10.626
3877,19.01.2011 21:00:00,-10.6065
3878,19.01.2011 22:00:00,-10.6109
3879,19.01.2011 23:00:00,-10.6266
3880,20.01.2011 00:00:00,-10.6585,3.487
3881,20.01.2011 01:00:00,-10.7067
3882,20.01.2011 02:00:00,-10.7598
3883,20.01.2011 03:00:00,-10.8195
3884,20.01.2011 04:00:00,-10.8727
3885,20.01.2011 05:00:00,-10.9518
3886,20.01.2011 06:00:00,-11.019,3.483
3887,20.01.2011 07:00:00,-11.1089
3888,20.01.2011 08:00:00,-11.1896
3889,20.01.2011 09:00:00,-11.2674
3890,20.01.2011 10:00:00,-11.3488
3891,20.01.2011 11:00:00,-11.4341
3892,20.01.2011 12:00:00,-11.4925,3.478
3893,20.01.2011 13:00:00,-11.5321
3894,20.01.2011 14:00:00,-11.5213
3895,20.01.2011 15:00:00,-11.4809
3896,20.01.2011 16:00:00,-11.3831
3897,20.01.2011 17:00:00,-11.2619
3898,20.01.2011 18:00:00,-11.1371,3.481
3899,20.01.2011 19:00:00,-11.0251
3900,20.01.2011 20:00:00,-10.9431
3901,20.01.2011 21:00:00,-10.8657
3902,20.01.2011 22:00:00,-10.8276
3903,20.01.2011 23:00:00,-10.8135
3904,21.01.2011 00:00:00,-10.815,3.489
3905,21.01.2011 01:00:00,-10.8294
3906,21.01.2011 02:00:00,-10.8557
3907,21.01.2011 03:00:00,-10.8951
3908,21.01.2011 04:00:00,-10.9637
3909,21.01.2011 05:00:00,-11.0199
3910,21.01.2011 06:00:00,-11.0985,3.484
3911,21.01.2011 07:00:00,-11.1651
3912,21.01.2011 08:00:00,-11.2494
3913,21.01.2011 09:00:00,-11.3287
3914,21.01.2011 10:00:00,-11.4052
3915,21.01.2011 11:00:00,-11.4853
3916,21.01.2011 12:00:00,-11.5558,3.478
3917,21.01.2011 13:00:00,-11.5911
3918,21.01.2011 14:00:00,-11.5794
3919,21.01.2011 15:00:00,-11.5157
3920,21.01.2011 16:00:00,-11.4148
3921,21.01.2011 17:00:00,-11.295
3922,21.01.2011 18:00:00,-11.1638,3.482
3923,21.01.2011 19:00:00,-11.0425
3924,21.01.2011 20:00:00,-10.9678
3925,21.01.2011 21:00:00,-10.886
3926,21.01.2011 22:00:00,-10.846
3927,21.01.2011 23:00:00,-10.8206
3928,22.01.2011 00:00:00,-10.8154,3.486
3929,22.01.2011 01:00:00,-10.823
3930,22.01.2011 02:00:00,-10.8421
3931,22.01.2011 03:00:00,-10.8639
3932,22.01.2011 04:00:00,-10.9049
3933,22.01.2011 05:00:00,-10.9454
3934,22.01.2011 06:00:00,-10.9807,3.484
3935,22.01.2011 07:00:00,-10.9973
3936,22.01.2011 08:00:00,-11.012
3937,22.01.2011 09:00:00,-11.0297
3938,22.01.2011 10:00:00,-11.0417
3939,22.01.2011 11:00:00,-11.0493
3940,22.01.2011 12:00:00,-11.0498,3.483
3941,22.01.2011 13:00:00,-11.0284
3942,22.01.2011 14:00:00,-11.0047
3943,22.01.2011 15:00:00,-10.9604
3944,22.01.2011 16:00:00,-10.8995
3945,22.01.2011 17:00:00,-10.8446
3946,22.01.2011 18:00:00,-10.7953,3.488
3947,22.01.2011 19:00:00,-10.7321
3948,22.01.2011 20:00:00,-10.6992
3949,22.01.2011 21:00:00,-10.6758
3950,22.01.2011 22:00:00,-10.6762
3951,22.01.2011 23:00:00,-10.6893
3952,23.01.2011 00:00:00,-10.7175,3.489
3953,23.01.2011 01:00:00,-10.7502
3954,23.01.2011 02:00:00,-10.8099
3955,23.01.2011 03:00:00,-10.8575
3956,23.01.2011 04:00:00,-10.9182
3957,23.01.2011 05:00:00,-10.9894
3958,23.01.2011 06:00:00,-11.0557,3.483
3959,23.01.2011 07:00:00,-11.1273
3960,23.01.2011 08:00:00,-11.2011
3961,23.01.2011 09:00:00,-11.2695
3962,23.01.2011 10:00:00,-11.335
3963,23.01.2011 11:00:00,-11.3867
3964,23.01.2011 12:00:00,-11.4372,3.478
3965,23.01.2011 13:00:00,-11.4479
3966,23.01.2011 14:00:00,-11.4287
3967,23.01.2011 15:00:00,-11.3767
3968,23.01.2011 16:00:00,-11.3121
3969,23.01.2011 17:00:00,-11.2362
3970,23.01.2011 18:00:00,-11.1458,3.483
3971,23.01.2011 19:00:00,-11.0684
3972,23.01.2011 20:00:00,-11.0014
3973,23.01.2011 21:00:00,-10.9614
3974,23.01.2011 22:00:00,-10.9335
3975,23.01.2011 23:00:00,-10.894
3976,24.01.2011 00:00:00,-10.8737,3.486
3977,24.01.2011 01:00:00,-10.865
3978,24.01.2011 02:00:00,-10.8585
3979,24.01.2011 03:00:00,-10.8579
3980,24.01.2011 04:00:00,-10.8578
3981,24.01.2011 05:00:00,-10.8741
3982,24.01.2011 06:00:00,-10.905,3.484
3983,24.01.2011 07:00:00,-10.9452
3984,24.01.2011 08:00:00,-10.9775
3985,24.01.2011 09:00:00,-11.0047
3986,24.01.2011 10:00:00,-11.0387
3987,24.01.2011 11:00:00,-11.0738
3988,24.01.2011 12:00:00,-11.1108,3.481
3989,24.01.2011 13:00:00,-11.1144
3990,24.01.2011 14:00:00,-11.1196
3991,24.01.2011 15:00:00,-11.1227
3992,24.01.2011 16:00:00,-11.1088
3993,24.01.2011 17:00:00,-11.0885
3994,24.01.2011 18:00:00,-11.0688,3.485
3995,24.01.2011 19:00:00,-11.036
3996,24.01.2011 20:00:00,-11.0187
3997,24.01.2011 21:00:00,-10.9936
3998,24.01.2011 22:00:00,-10.9735
3999,24.01.2011 23:00:00,-10.9475
4000,25.01.2011 00:00:00,-10.9207,3.484
4001,25.01.2011 01:00:00,-10.8821
4002,25.01.2011 02:00:00,-10.8588
4003,25.01.2011 03:00:00,-10.8457
4004,25.01.2011 04:00:00,-10.823
4005,25.01.2011 05:00:00,-10.8058
4006,25.01.2011 06:00:00,-10.789,3.485
4007,25.01.2011 07:00:00,-10.7771
4008,25.01.2011 08:00:00,-10.7649
4009,25.01.2011 09:00:00,-10.7623
4010,25.01.2011 10:00:00,-10.7535
4011,25.01.2011 11:00:00,-10.7603
4012,25.01.2011 12:00:00,-10.7768,3.488
4013,25.01.2011 13:00:00,-10.7896
4014,25.01.2011 14:00:00,-10.8089
4015,25.01.2011 15:00:00,-10.8201
4016,25.01.2011 16:00:00,-10.8387
4017,25.01.2011 17:00:00,-10.8438
4018,25.01.2011 18:00:00,-10.8481,3.487
4019,25.01.2011 19:00:00,-10.8356
4020,25.01.2011 20:00:00,-10.8261
4021,25.01.2011 21:00:00,-10.8112
4022,25.01.2011 22:00:00,-10.7984
4023,25.01.2011 23:00:00,-10.7751
4024,26.01.2011 00:00:00,-10.7588,3.484
4025,26.01.2011 01:00:00,-10.7426
4026,26.01.2011 02:00:00,-10.7446
4027,26.01.2011 03:00:00,-10.7366
4028,26.01.2011 04:00:00,-10.7463
4029,26.01.2011 05:00:00,-10.7486
4030,26.01.2011 06:00:00,-10.7691,3.486
4031,26.01.2011 07:00:00,-10.7896
4032,26.01.2011 08:00:00,-10.816
4033,26.01.2011 09:00:00,-10.8407
4034,26.01.2011 10:00:00,-10.8641
4035,26.01.2011 11:00:00,-10.8967
4036,26.01.2011 12:00:00,-10.946,3.487
4037,26.01.2011 13:00:00,-10.9805
4038,26.01.2011 14:00:00,-11.0171
4039,26.01.2011 15:00:00,-11.0637
4040,26.01.2011 16:00:00,-11.0946
4041,26.01.2011 17:00:00,-11.1254
4042,26.01.2011 18:00:00,-11.141,3.480
4043,26.01.2011 19:00:00,-11.1388
4044,26.01.2011 20:00:00,-11.145
4045,26.01.2011 21:00:00,-11.1227
4046,26.01.2011 22:00:00,-11.1093
4047,26.01.2011 23:00:00,-11.0876
4048,27.01.2011 00:00:00,-11.0751,3.483
4049,27.01.2011 01:00:00,-11.0628
4050,27.01.2011 02:00:00,-11.0603
4051,27.01.2011 03:00:00,-11.0651
4052,27.01.2011 04:00:00,-11.0743
4053,27.01.2011 05:00:00,-11.0883
4054,27.01.2011 06:00:00,-11.1114,3.484
4055,27.01.2011 07:00:00,-11.1268
4056,27.01.2011 08:00:00,-11.1586
4057,27.01.2011 09:00:00,-11.2008
4058,27.01.2011 10:00:00,-11.2407
4059,27.01.2011 11:00:00,-11.2798
4060,27.01.2011 12:00:00,-11.3217,3.479
4061,27.01.2011 13:00:00,-11.3692
4062,27.01.2011 14:00:00,-11.4227
4063,27.01.2011 15:00:00,-11.4752
4064,27.01.2011 16:00:00,-11.5029
4065,27.01.2011 17:00:00,-11.5376
4066,27.01.2011 18:00:00,-11.5463,3.476
4067,27.01.2011 19:00:00,-11.5549
4068,27.01.2011 20:00:00,-11.5382
4069,27.01.2011 21:00:00,-11.527
4070,27.01.2011 22:00:00,-11.5035
4071,27.01.2011 23:00:00,-11.4701
4072,28.01.2011 00:00:00,-11.4421,3.480
4073,28.01.2011 01:00:00,-11.4163
4074,28.01.2011 02:00:00,-11.4132
4075,28.01.2011 03:00:00,-11.4038
4076,28.01.2011 04:00:00,-11.3904
4077,28.01.2011 05:00:00,-11.3908
4078,28.01.2011 06:00:00,-11.4086,3.478
4079,28.01.2011 07:00:00,-11.4181
4080,28.01.2011 08:00:00,-11.4353
4081,28.01.2011 09:00:00,-11.4554
4082,28.01.2011 10:00:00,-11.4762
4083,28.01.2011 11:00:00,-11.4992
4084,28.01.2011 12:00:00,-11.5284,3.476
4085,28.01.2011 13:00:00,-11.5654
4086,28.01.2011 14:00:00,-11.5873
4087,28.01.2011 15:00:00,-11.6051
4088,28.01.2011 16:00:00,-11.6298
4089,28.01.2011 17:00:00,-11.6346
4090,28.01.2011 18:00:00,-11.6308,3.478
4091,28.01.2011 19:00:00,-11.6192
4092,28.01.2011 20:00:00,-11.588
4093,28.01.2011 21:00:00,-11.5606
4094,28.01.2011 22:00:00,-11.5252
4095,28.01.2011 23:00:00,-11.479
4096,29.01.2011 00:00:00,-11.4497,3.478
4097,29.01.2011 01:00:00,-11.4165
4098,29.01.2011 02:00:00,-11.3976
4099,29.01.2011 03:00:00,-11.3706
4100,29.01.2011 04:00:00,-11.3553
4101,29.01.2011 05:00:00,-11.3547
4102,29.01.2011 06:00:00,-11.3489,3.480
4103,29.01.2011 07:00:00,-11.3491
4104,29.01.2011 08:00:00,-11.3515
4105,29.01.2011 09:00:00,-11.3607
4106,29.01.2011 10:00:00,-11.3709
4107,29.01.2011 11:00:00,-11.398
4108,29.01.2011 12:00:00,-11.4084,3.479
4109,29.01.2011 13:00:00,-11.4241
4110,29.01.2011 14:00:00,-11.4447
4111,29.01.2011 15:00:00,-11.4547
4112,29.01.2011 16:00:00,-11.4677
4113,29.01.2011 17:00:00,-11.4667
4114,29.01.2011 18:00:00,-11.4486,3.479
4115,29.01.2011 19:00:00,-11.4284
4116,29.01.2011 20:00:00,-11.3912
4117,29.01.2011 21:00:00,-11.3559
4118,29.01.2011 22:00:00,-11.3173
4119,29.01.2011 23:00:00,-11.2758
4120,30.01.2011 00:00:00,-11.2386,3.480
4121,30.01.2011 01:00:00,-11.1944
4122,30.01.2011 02:00:00,-11.1607
4123,30.01.2011 03:00:00,-11.1401
4124,30.01.2011 04:00:00,-11.1315
4125,30.01.2011 05:00:00,-11.1172
4126,30.01.2011 06:00:00,-11.1123,3.480
4127,30.01.2011 07:00:00,-11.1039
4128,30.01.2011 08:00:00,-11.1047
4129,30.01.2011 09:00:00,-11.1116
4130,30.01.2011 10:00:00,-11.1049
4131,30.01.2011 11:00:00,-11.1129
4132,30.01.2011 12:00:00,-11.1209,3.481
4133,30.01.2011 13:00:00,-11.113
4134,30.01.2011 14:00:00,-11.1205
4135,30.01.2011 15:00:00,-11.1211
4136,30.01.2011 16:00:00,-11.1165
4137,30.01.2011 17:00:00,-11.1031
4138,30.01.2011 18:00:00,-11.0796,3.483
4139,30.01.2011 19:00:00,-11.0332
4140,30.01.2011 20:00:00,-11.0042
4141,30.01.2011 21:00:00,-10.9691
4142,30.01.2011 22:00:00,-10.9118
4143,30.01.2011 23:00:00,-10.8628
4144,31.01.2011 00:00:00,-10.8344,3.486
4145,31.01.2011 01:00:00,-10.7927
4146,31.01.2011 02:00:00,-10.7475
4147,31.01.2011 03:00:00,-10.711
4148,31.01.2011 04:00:00,-10.6794
4149,31.01.2011 05:00:00,-10.6599
4150,31.01.2011 06:00:00,-10.6331,3.486
4151,31.01.2011 07:00:00,-10.6217
4152,31.01.2011 08:00:00,-10.6025
4153,31.01.2011 09:00:00,-10.5965
4154,31.01.2011 10:00:00,-10.5956
4155,31.01.2011 11:00:00,-10.5982
4156,31.01.2011 12:00:00,-10.5936,3.487
4157,31.01.2011 13:00:00,-10.5948
4158,31.01.2011 14:00:00,-10.5795
4159,31.01.2011 15:00:00,-10.5863
4160,31.01.2011 16:00:00,-10.5716
4161,31.01.2011 17:00:00,-10.5616
4162,31.01.2011 18:00:00,-10.5321,3.489
4163,31.01.2011 19:00:00,-10.4881
4164,31.01.2011 20:00:00,-10.4527
4165,31.01.2011 21:00:00,-10.4065
4166,31.01.2011 22:00:00,-10.3656
4167,31.01.2011 23:00:00,-10.3204
4168,01.02.2011 00:00:00,-10.2818,3.489
4169,01.02.2011 01:00:00,-10.2343
4170,01.02.2011 02:00:00,-10.1836
4171,01.02.2011 03:00:00,-10.1452
4172,01.02.2011 04:00:00,-10.1092
4173,01.02.2011 05:00:00,-10.0749
4174,01.02.2011 06:00:00,-10.0447,3.493
4175,01.02.2011 07:00:00,-10.0136
4176,01.02.2011 08:00:00,-9.97874
4177,01.02.2011 09:00:00,-9.94653
4178,01.02.2011 10:00:00,-9.92533
4179,01.02.2011 11:00:00,-9.89973
4180,01.02.2011 12:00:00,-9.87566,3.497
4181,01.02.2011 13:00:00,-9.85305
4182,01.02.2011 14:00:00,-9.8277
4183,01.02.2011 15:00:00,-9.79877
4184,01.02.2011 16:00:00,-9.76893
4185,01.02.2011 17:00:00,-9.73901
4186,01.02.2011 18:00:00,-9.70466,3.496
4187,01.02.2011 19:00:00,-9.66318
4188,01.02.2011 20:00:00,-9.6289
4189,01.02.2011 21:00:00,-9.59183
4190,01.02.2011 22:00:00,-9.54876
4191,01.02.2011 23:00:00,-9.51107
4192,02.02.2011 00:00:00,-9.47464,3.501
4193,02.02.2011 01:00:00,-9.42382
4194,02.02.2011 02:00:00,-9.39454
4195,02.02.2011 03:00:00,-9.35266
4196,02.02.2011 04:00:00,-9.32126
4197,02.02.2011 05:00:00,-9.28587
4198,02.02.2011 06:00:00,-9.25147,3.503
4199,02.02.2011 07:00:00,-9.21915
4200,02.02.2011 08:00:00,-9.18247
4201,02.02.2011 09:00:00,-9.15976
4202,02.02.2011 10:00:00,-9.14015
4203,02.02.2011 11:00:00,-9.11554
4204,02.02.2011 12:00:00,-9.0761,3.505
4205,02.02.2011 13:00:00,-9.04488
4206,02.02.2011 14:00:00,-9.03174
4207,02.02.2011 15:00:00,-9.00164
4208,02.02.2011 16:00:00,-8.98293
4209,02.02.2011 17:00:00,-8.95843
4210,02.02.2011 18:00:00,-8.9215,3.505
4211,02.02.2011 19:00:00,-8.88455
4212,02.02.2011 20:00:00,-8.84286
4213,02.02.2011 21:00:00,-8.80039
4214,02.02.2011 22:00:00,-8.75706
4215,02.02.2011 23:00:00,-8.72327
4216,03.02.2011 00:00:00,-8.67082,3.510
4217,03.02.2011 01:00:00,-8.62683
4218,03.02.2011 02:00:00,-8.5837
4219,03.02.2011 03:00:00,-8.55
4220,03.02.2011 04:00:00,-8.51134
4221,03.02.2011 05:00:00,-8.47338
4222,03.02.2011 06:00:00,-8.44642,3.514
4223,03.02.2011 07:00:00,-8.4192
4224,03.02.2011 08:00:00,-8.38794
4225,03.02.2011 09:00:00,-8.36075
4226,03.02.2011 10:00:00,-8.34253
4227,03.02.2011 11:00:00,-8.31989
4228,03.02.2011 12:00:00,-8.3073,3.512
4229,03.02.2011 13:00:00,-8.29584
4230,03.02.2011 14:00:00,-8.27952
4231,03.02.2011 15:00:00,-8.26498
4232,03.02.2011 16:00:00,-8.25576
4233,03.02.2011 17:00:00,-8.23937
4234,03.02.2011 18:00:00,-8.23002,3.516
4235,03.02.2011 19:00:00,-8.22093
4236,03.02.2011 20:00:00,-8.21143
4237,03.02.2011 21:00:00,-8.17966
4238,03.02.2011 22:00:00,-8.15752
4239,03.02.2011 23:00:00,-8.13529
4240,04.02.2011 00:00:00,-8.11019,3.518
4241,04.02.2011 01:00:00,-8.09453
4242,04.02.2011 02:00:00,-8.0694
4243,04.02.2011 03:00:00,-8.04182
4244,04.02.2011 04:00:00,-8.02408
4245,04.02.2011 05:00:00,-8.0121
4246,04.02.2011 06:00:00,-7.99994,3.518
4247,04.02.2011 07:00:00,-7.99642
4248,04.02.2011 08:00:00,-7.98955
4249,04.02.2011 09:00:00,-7.9838
4250,04.02.2011 10:00:00,-7.98751
4251,04.02.2011 11:00:00,-7.99394
4252,04.02.2011 12:00:00,-7.99082,3.516
4253,04.02.2011 13:00:00,-7.99374
4254,04.02.2011 14:00:00,-7.99488
4255,04.02.2011 15:00:00,-7.99695
4256,04.02.2011 16:00:00,-8.00042
4257,04.02.2011 17:00:00,-8.00387
4258,04.02.2011 18:00:00,-7.99959,3.519
4259,04.02.2011 19:00:00,-7.99097
4260,04.02.2011 20:00:00,-7.97408
4261,04.02.2011 21:00:00,-7.94943
4262,04.02.2011 22:00:00,-7.92519
4263,04.02.2011 23:00:00,-7.89519
4264,05.02.2011 00:00:00,-7.86862,3.518
4265,05.02.2011 01:00:00,-7.83909
4266,05.02.2011 02:00:00,-7.80254
4267,05.02.2011 03:00:00,-7.77807
4268,05.02.2011 04:00:00,-7.75659
4269,05.02.2011 05:00:00,-7.74008
4270,05.02.2011 06:00:00,-7.72244,3.519
4271,05.02.2011 07:00:00,-7.70669
4272,05.02.2011 08:00:00,-7.68694
4273,05.02.2011 09:00:00,-7.66897
4274,05.02.2011 10:00:00,-7.66467
4275,05.02.2011 11:00:00,-7.64962
4276,05.02.2011 12:00:00,-7.63263,3.525
4277,05.02.2011 13:00:00,-7.62224
4278,05.02.2011 14:00:00,-7.60408
4279,05.02.2011 15:00:00,-7.59163
4280,05.02.2011 16:00:00,-7.58086
4281,05.02.2011 17:00:00,-7.57051
4282,05.02.2011 18:00:00,-7.56101,3.524
4283,05.02.2011 19:00:00,-7.53796
4284,05.02.2011 20:00:00,-7.52719
4285,05.02.2011 21:00:00,-7.50808
4286,05.02.2011 22:00:00,-7.49096
4287,05.02.2011 23:00:00,-7.46846
4288,06.02.2011 00:00:00,-7.44825,3.525
4289,06.02.2011 01:00:00,-7.43022
4290,06.02.2011 02:00:00,-7.40472
4291,06.02.2011 03:00:00,-7.39302
4292,06.02.2011 04:00:00,-7.37985
4293,06.02.2011 05:00:00,-7.36413
4294,06.02.2011 06:00:00,-7.35258,3.525
4295,06.02.2011 07:00:00,-7.34776
4296,06.02.2011 08:00:00,-7.32824
4297,06.02.2011 09:00:00,-7.32427
4298,06.02.2011 10:00:00,-7.30773
4299,06.02.2011 11:00:00,-7.30469
4300,06.02.2011 12:00:00,-7.30292,3.527
4301,06.02.2011 13:00:00,-7.30056
4302,06.02.2011 14:00:00,-7.29142
4303,06.02.2011 15:00:00,-7.28869
4304,06.02.2011 16:00:00,-7.29223
4305,06.02.2011 17:00:00,-7.28879
4306,06.02.2011 18:00:00,-7.28688,3.526
4307,06.02.2011 19:00:00,-7.29159
4308,06.02.2011 20:00:00,-7.27855
4309,06.02.2011 21:00:00,-7.26161
4310,06.02.2011 22:00:00,-7.24264
4311,06.02.2011 23:00:00,-7.22515
4312,07.02.2011 00:00:00,-7.22081,3.524
4313,07.02.2011 01:00:00,-7.19347
4314,07.02.2011 02:00:00,-7.18205
4315,07.02.2011 03:00:00,-7.16511
4316,07.02.2011 04:00:00,-7.14925
4317,07.02.2011 05:00:00,-7.13618
4318,07.02.2011 06:00:00,-7.1268,3.527
4319,07.02.2011 07:00:00,-7.12186
4320,07.02.2011 08:00:00,-7.11575
4321,07.02.2011 09:00:00,-7.10216
4322,07.02.2011 10:00:00,-7.10229
4323,07.02.2011 11:00:00,-7.09334
4324,07.02.2011 12:00:00,-7.0919,3.529
4325,07.02.2011 13:00:00,-7.08942
4326,07.02.2011 14:00:00,-7.08749
4327,07.02.2011 15:00:00,-7.08521
4328,07.02.2011 16:00:00,-7.07754
4329,07.02.2011 17:00:00,-7.07349
4330,07.02.2011 18:00:00,-7.06227,3.529
4331,07.02.2011 19:00:00,-7.05732
4332,07.02.2011 20:00:00,-7.05982
4333,07.02.2011 21:00:00,-7.04602
4334,07.02.2011 22:00:00,-7.04409
4335,07.02.2011 23:00:00,-7.02533
4336,08.02.2011 00:00:00,-7.01923,3.528
4337,08.02.2011 01:00:00,-7.00419
4338,08.02.2011 02:00:00,-6.99808
4339,08.02.2011 03:00:00,-6.99118
4340,08.02.2011 04:00:00,-6.9717
4341,08.02.2011 05:00:00,-6.97261
4342,08.02.2011 06:00:00,-6.96165,3.530
4343,08.02.2011 07:00:00,-6.95375
4344,08.02.2011 08:00:00,-6.95609
4345,08.02.2011 09:00:00,-6.95533
4346,08.02.2011 10:00:00,-6.94715
4347,08.02.2011 11:00:00,-6.94408
4348,08.02.2011 12:00:00,-6.94287,3.530
4349,08.02.2011 13:00:00,-6.94094
4350,08.02.2011 14:00:00,-6.94519
4351,08.02.2011 15:00:00,-6.94588
4352,08.02.2011 16:00:00,-6.94636
4353,08.02.2011 17:00:00,-6.95005
4354,08.02.2011 18:00:00,-6.9515,3.527
4355,08.02.2011 19:00:00,-6.94871
4356,08.02.2011 20:00:00,-6.95309
4357,08.02.2011 21:00:00,-6.95172
4358,08.02.2011 22:00:00,-6.94129
4359,08.02.2011 23:00:00,-6.9334
4360,09.02.2011 00:00:00,-6.92395,3.529
4361,09.02.2011 01:00:00,-6.91767
4362,09.02.2011 02:00:00,-6.91002
4363,09.02.2011 03:00:00,-6.90174
4364,09.02.2011 04:00:00,-6.89395
4365,09.02.2011 05:00:00,-6.89463
4366,09.02.2011 06:00:00,-6.88873,3.530
4367,09.02.2011 07:00:00,-6.88684
4368,09.02.2011 08:00:00,-6.88503
4369,09.02.2011 09:00:00,-6.88726
4370,09.02.2011 10:00:00,-6.8863
4371,09.02.2011 11:00:00,-6.88172
4372,09.02.2011 12:00:00,-6.88078,3.529
4373,09.02.2011 13:00:00,-6.88579
4374,09.02.2011 14:00:00,-6.88936
4375,09.02.2011 15:00:00,-6.89
4376,09.02.2011 16:00:00,-6.88992
4377,09.02.2011 17:00:00,-6.89385
4378,09.02.2011 18:00:00,-6.8921,3.531
4379,09.02.2011 19:00:00,-6.88789
4380,09.02.2011 20:00:00,-6.88769
4381,09.02.2011 21:00:00,-6.88395
4382,09.02.2011 22:00:00,-6.87389
4383,09.02.2011 23:00:00,-6.87334
4384,10.02.2011 00:00:00,-6.8705,3.530
4385,10.02.2011 01:00:00,-6.86934
4386,10.02.2011 02:00:00,-6.85736
4387,10.02.2011 03:00:00,-6.85442
4388,10.02.2011 04:00:00,-6.84947
4389,10.02.2011 05:00:00,-6.84351
4390,10.02.2011 06:00:00,-6.84004,3.531
4391,10.02.2011 07:00:00,-6.83404
4392,10.02.2011 08:00:00,-6.82706
4393,10.02.2011 09:00:00,-6.82339
4394,10.02.2011 10:00:00,-6.81144
4395,10.02.2011 11:00:00,-6.80931
4396,10.02.2011 12:00:00,-6.80316,3.529
4397,10.02.2011 13:00:00,-6.80996
4398,10.02.2011 14:00:00,-6.80734
4399,10.02.2011 15:00:00,-6.80967
4400,10.02.2011 16:00:00,-6.80878
4401,10.02.2011 17:00:00,-6.80789
4402,10.02.2011 18:00:00,-6.80989,3.530
4403,10.02.2011 19:00:00,-6.81239
4404,10.02.2011 20:00:00,-6.81047
4405,10.02.2011 21:00:00,-6.80303
4406,10.02.2011 22:00:00,-6.80191
4407,10.02.2011 23:00:00,-6.79222
4408,11.02.2011 00:00:00,-6.78877,3.533
4409,11.02.2011 01:00:00,-6.78663
4410,11.02.2011 02:00:00,-6.78389
4411,11.02.2011 03:00:00,-6.77953
4412,11.02.2011 04:00:00,-6.77518
4413,11.02.2011 05:00:00,-6.77685
4414,11.02.2011 06:00:00,-6.78351,3.529
4415,11.02.2011 07:00:00,-6.79492
4416,11.02.2011 08:00:00,-6.78944
4417,11.02.2011 09:00:00,-6.80779
4418,11.02.2011 10:00:00,-6.8189
4419,11.02.2011 11:00:00,-6.83331
4420,11.02.2011 12:00:00,-6.84207,3.529
4421,11.02.2011 13:00:00,-6.86681
4422,11.02.2011 14:00:00,-6.87572
4423,11.02.2011 15:00:00,-6.89291
4424,11.02.2011 16:00:00,-6.91534
4425,11.02.2011 17:00:00,-6.92602
4426,11.02.2011 18:00:00,-6.94423,3.531
4427,11.02.2011 19:00:00,-6.95996
4428,11.02.2011 20:00:00,-6.97244
4429,11.02.2011 21:00:00,-6.97287
4430,11.02.2011 22:00:00,-6.97945
4431,11.02.2011 23:00:00,-6.98143
4432,12.02.2011 00:00:00,-6.98264,3.527
4433,12.02.2011 01:00:00,-6.96978
4434,12.02.2011 02:00:00,-6.96669
4435,12.02.2011 03:00:00,-6.97102
4436,12.02.2011 04:00:00,-6.96636
4437,12.02.2011 05:00:00,-6.96738
4438,12.02.2011 06:00:00,-6.96843,3.527
4439,12.02.2011 07:00:00,-6.97542
4440,12.02.2011 08:00:00,-6.98196
4441,12.02.2011 09:00:00,-6.98608
4442,12.02.2011 10:00:00,-6.98404
4443,12.02.2011 11:00:00,-6.99128
4444,12.02.2011 12:00:00,-6.99543,3.529
4445,12.02.2011 13:00:00,-7.00221
4446,12.02.2011 14:00:00,-7.00647
4447,12.02.2011 15:00:00,-7.01839
4448,12.02.2011 16:00:00,-7.02369
4449,12.02.2011 17:00:00,-7.02429
4450,12.02.2011 18:00:00,-7.03209,3.526
4451,12.02.2011 19:00:00,-7.02624
4452,12.02.2011 20:00:00,-7.02844
4453,12.02.2011 21:00:00,-7.02295
4454,12.02.2011 22:00:00,-7.01363
4455,12.02.2011 23:00:00,-7.00359
4456,13.02.2011 00:00:00,-6.99644,3.529
4457,13.02.2011 01:00:00,-6.96907
4458,13.02.2011 02:00:00,-6.9617
4459,13.02.2011 03:00:00,-6.95286
4460,13.02.2011 04:00:00,-6.93515
4461,13.02.2011 05:00:00,-6.93258
4462,13.02.2011 06:00:00,-6.92687,3.531
4463,13.02.2011 07:00:00,-6.91068
4464,13.02.2011 08:00:00,-6.90476
4465,13.02.2011 09:00:00,-6.89417
4466,13.02.2011 10:00:00,-6.88916
4467,13.02.2011 11:00:00,-6.88922
4468,13.02.2011 12:00:00,-6.88237,3.531
4469,13.02.2011 13:00:00,-6.87407
4470,13.02.2011 14:00:00,-6.87281
4471,13.02.2011 15:00:00,-6.86936
4472,13.02.2011 16:00:00,-6.86966
4473,13.02.2011 17:00:00,-6.86485
4474,13.02.2011 18:00:00,-6.86022,3.532
4475,13.02.2011 19:00:00,-6.85575
4476,13.02.2011 20:00:00,-6.84946
4477,13.02.2011 21:00:00,-6.83688
4478,13.02.2011 22:00:00,-6.82202
4479,13.02.2011 23:00:00,-6.8047
4480,14.02.2011 00:00:00,-6.79387,3.531
4481,14.02.2011 01:00:00,-6.77852
4482,14.02.2011 02:00:00,-6.75604
4483,14.02.2011 03:00:00,-6.74931
4484,14.02.2011 04:00:00,-6.73029
4485,14.02.2011 05:00:00,-6.71831
4486,14.02.2011 06:00:00,-6.71323,3.532
4487,14.02.2011 07:00:00,-6.69095
4488,14.02.2011 08:00:00,-6.69169
4489,14.02.2011 09:00:00,-6.66551
4490,14.02.2011 10:00:00,-6.66426
4491,14.02.2011 11:00:00,-6.65359
4492,14.02.2011 12:00:00,-6.63257,3.532
4493,14.02.2011 13:00:00,-6.61807
4494,14.02.2011 14:00:00,-6.61348
4495,14.02.2011 15:00:00,-6.60049
4496,14.02.2011 16:00:00,-6.59482
4497,14.02.2011 17:00:00,-6.59025
4498,14.02.2011 18:00:00,-6.58219,3.530
4499,14.02.2011 19:00:00,-6.57554
4500,14.02.2011 20:00:00,-6.5702
4501,14.02.2011 21:00:00,-6.55708
4502,14.02.2011 22:00:00,-6.5492
4503,14.02.2011 23:00:00,-6.53533
4504,15.02.2011 00:00:00,-6.53243,3.533
4505,15.02.2011 01:00:00,-6.50838
4506,15.02.2011 02:00:00,-6.50253
4507,15.02.2011 03:00:00,-6.48884
4508,15.02.2011 04:00:00,-6.48346
4509,15.02.2011 05:00:00,-6.47683
4510,15.02.2011 06:00:00,-6.4665,3.534
4511,15.02.2011 07:00:00,-6.46265
4512,15.02.2011 08:00:00,-6.46932
4513,15.02.2011 09:00:00,-6.46921
4514,15.02.2011 10:00:00,-6.47038
4515,15.02.2011 11:00:00,-6.47195
4516,15.02.2011 12:00:00,-6.47127,3.534
4517,15.02.2011 13:00:00,-6.4705
4518,15.02.2011 14:00:00,-6.47739
4519,15.02.2011 15:00:00,-6.48982
4520,15.02.2011 16:00:00,-6.5003
4521,15.02.2011 17:00:00,-6.50647
4522,15.02.2011 18:00:00,-6.51533,3.533
4523,15.02.2011 19:00:00,-6.52463
4524,15.02.2011 20:00:00,-6.52693
4525,15.02.2011 21:00:00,-6.53286
4526,15.02.2011 22:00:00,-6.53415
4527,15.02.2011 23:00:00,-6.53448
4528,16.02.2011 00:00:00,-6.53235,3.534
4529,16.02.2011 01:00:00,-6.52384
4530,16.02.2011 02:00:00,-6.51243
4531,16.02.2011 03:00:00,-6.5162
4532,16.02.2011 04:00:00,-6.51584
4533,16.02.2011 05:00:00,-6.51223
4534,16.02.2011 06:00:00,-6.51513,3.536
4535,16.02.2011 07:00:00,-6.51554
4536,16.02.2011 08:00:00,-6.52276
4537,16.02.2011 09:00:00,-6.52597
4538,16.02.2011 10:00:00,-6.53123
4539,16.02.2011 11:00:00,-6.53286
4540,16.02.2011 12:00:00,-6.54163,3.531
4541,16.02.2011 13:00:00,-6.54478
4542,16.02.2011 14:00:00,-6.56255
4543,16.02.2011 15:00:00,-6.56376
4544,16.02.2011 16:00:00,-6.57994
4545,16.02.2011 17:00:00,-6.60042
4546,16.02.2011 18:00:00,-6.59867,3.530
4547,16.02.2011 19:00:00,-6.61559
4548,16.02.2011 20:00:00,-6.63039
4549,16.02.2011 21:00:00,-6.63429
4550,16.02.2011 22:00:00,-6.64429
4551,16.02.2011 23:00:00,-6.64769
4552,17.02.2011 00:00:00,-6.64112,3.534
4553,17.02.2011 01:00:00,-6.63323
4554,17.02.2011 02:00:00,-6.63293
4555,17.02.2011 03:00:00,-6.62892
4556,17.02.2011 04:00:00,-6.62731
4557,17.02.2011 05:00:00,-6.6169
4558,17.02.2011 06:00:00,-6.61047,3.531
4559,17.02.2011 07:00:00,-6.62941
4560,17.02.2011 08:00:00,-6.6213
4561,17.02.2011 09:00:00,-6.63098
4562,17.02.2011 10:00:00,-6.63726
4563,17.02.2011 11:00:00,-6.64721
4564,17.02.2011 12:00:00,-6.66505,3.531
4565,17.02.2011 13:00:00,-6.66242
4566,17.02.2011 14:00:00,-6.68422
4567,17.02.2011 15:00:00,-6.70087
4568,17.02.2011 16:00:00,-6.70445
4569,17.02.2011 17:00:00,-6.72792
4570,17.02.2011 18:00:00,-6.725,3.530
4571,17.02.2011 19:00:00,-6.74528
4572,17.02.2011 20:00:00,-6.75067
4573,17.02.2011 21:00:00,-6.75538
4574,17.02.2011 22:00:00,-6.75622
4575,17.02.2011 23:00:00,-6.75594
4576,18.02.2011 00:00:00,-6.7494,3.529
4577,18.02.2011 01:00:00,-6.75154
4578,18.02.2011 02:00:00,-6.74933
4579,18.02.2011 03:00:00,-6.73497
4580,18.02.2011 04:00:00,-6.73171
4581,18.02.2011 05:00:00,-6.72811
4582,18.02.2011 06:00:00,-6.72859,3.528
4583,18.02.2011 07:00:00,-6.73725
4584,18.02.2011 08:00:00,-6.73847
4585,18.02.2011 09:00:00,-6.74735
4586,18.02.2011 10:00:00,-6.74738
4587,18.02.2011 11:00:00,-6.7515
4588,18.02.2011 12:00:00,-6.76092,3.528
4589,18.02.2011 13:00:00,-6.77726
4590,18.02.2011 14:00:00,-6.79154
4591,18.02.2011 15:00:00,-6.80544
4592,18.02.2011 16:00:00,-6.81865
4593,18.02.2011 17:00:00,-6.83093
4594,18.02.2011 18:00:00,-6.84017,3.531
4595,18.02.2011 19:00:00,-6.85004
4596,18.02.2011 20:00:00,-6.85405
4597,18.02.2011 21:00:00,-6.85209
4598,18.02.2011 22:00:00,-6.85129
4599,18.02.2011 23:00:00,-6.8461
4600,19.02.2011 00:00:00,-6.84271,3.528
4601,19.02.2011 01:00:00,-6.83475
4602,19.02.2011 02:00:00,-6.82025
4603,19.02.2011 03:00:00,-6.8227
4604,19.02.2011 04:00:00,-6.81486
4605,19.02.2011 05:00:00,-6.80298
4606,19.02.2011 06:00:00,-6.79361,3.528
4607,19.02.2011 07:00:00,-6.79622
4608,19.02.2011 08:00:00,-6.78473
4609,19.02.2011 09:00:00,-6.79093
4610,19.02.2011 10:00:00,-6.78625
4611,19.02.2011 11:00:00,-6.78374
4612,19.02.2011 12:00:00,-6.79363,3.531
4613,19.02.2011 13:00:00,-6.79334
4614,19.02.2011 14:00:00,-6.79095
4615,19.02.2011 15:00:00,-6.8006
4616,19.02.2011 16:00:00,-6.81022
4617,19.02.2011 17:00:00,-6.80539
4618,19.02.2011 18:00:00,-6.80576,3.527
4619,19.02.2011 19:00:00,-6.8066
4620,19.02.2011 20:00:00,-6.80215
4621,19.02.2011 21:00:00,-6.7888
4622,19.02.2011 22:00:00,-6.78394
4623,19.02.2011 23:00:00,-6.77136
4624,20.02.2011 00:00:00,-6.76039,3.528
4625,20.02.2011 01:00:00,-6.74976
4626,20.02.2011 02:00:00,-6.73697
4627,20.02.2011 03:00:00,-6.71869
4628,20.02.2011 04:00:00,-6.71331
4629,20.02.2011 05:00:00,-6.70262
4630,20.02.2011 06:00:00,-6.69265,3.532
4631,20.02.2011 07:00:00,-6.68478
4632,20.02.2011 08:00:00,-6.67447
4633,20.02.2011 09:00:00,-6.66444
4634,20.02.2011 10:00:00,-6.67645
4635,20.02.2011 11:00:00,-6.67404
4636,20.02.2011 12:00:00,-6.65617,3.529
4637,20.02.2011 13:00:00,-6.64508
4638,20.02.2011 14:00:00,-6.64726
4639,20.02.2011 15:00:00,-6.65153
4640,20.02.2011 16:00:00,-6.63766
4641,20.02.2011 17:00:00,-6.64478
4642,20.02.2011 18:00:00,-6.6467,3.530
4643,20.02.2011 19:00:00,-6.64738
4644,20.02.2011 20:00:00,-6.64936
4645,20.02.2011 21:00:00,-6.64596
4646,20.02.2011 22:00:00,-6.6213
4647,20.02.2011 23:00:00,-6.63417
4648,21.02.2011 00:00:00,-6.62411,3.534
4649,21.02.2011 01:00:00,-6.59933
4650,21.02.2011 02:00:00,-6.60055
4651,21.02.2011 03:00:00,-6.58951
4652,21.02.2011 04:00:00,-6.58677
4653,21.02.2011 05:00:00,-6.58209
4654,21.02.2011 06:00:00,-6.57581,3.529
4655,21.02.2011 07:00:00,-6.57892
4656,21.02.2011 08:00:00,-6.57215
4657,21.02.2011 09:00:00,-6.57429
4658,21.02.2011 10:00:00,-6.56738
4659,21.02.2011 11:00:00,-6.56467
4660,21.02.2011 12:00:00,-6.56215,3.534
4661,21.02.2011 13:00:00,-6.55488
4662,21.02.2011 14:00:00,-6.56014
4663,21.02.2011 15:00:00,-6.55941
4664,21.02.2011 16:00:00,-6.55453
4665,21.02.2011 17:00:00,-6.55968
4666,21.02.2011 18:00:00,-6.55146,3.532
4667,21.02.2011 19:00:00,-6.55072
4668,21.02.2011 20:00:00,-6.54711
4669,21.02.2011 21:00:00,-6.54676
4670,21.02.2011 22:00:00,-6.54475
4671,21.02.2011 23:00:00,-6.5369
4672,22.02.2011 00:00:00,-6.53295,3.531
4673,22.02.2011 01:00:00,-6.51681
4674,22.02.2011 02:00:00,-6.50904
4675,22.02.2011 03:00:00,-6.50237
4676,22.02.2011 04:00:00,-6.49744
4677,22.02.2011 05:00:00,-6.49068
4678,22.02.2011 06:00:00,-6.48582,3.531
4679,22.02.2011 07:00:00,-6.47779
4680,22.02.2011 08:00:00,-6.46992
4681,22.02.2011 09:00:00,-6.46838
4682,22.02.2011 10:00:00,-6.45959
4683,22.02.2011 11:00:00,-6.448
4684,22.02.2011 12:00:00,-6.43975,3.530
4685,22.02.2011 13:00:00,-6.42266
4686,22.02.2011 14:00:00,-6.41418
4687,22.02.2011 15:00:00,-6.40659
4688,22.02.2011 16:00:00,-6.39528
4689,22.02.2011 17:00:00,-6.39325
4690,22.02.2011 18:00:00,-6.38732,3.532
4691,22.02.2011 19:00:00,-6.37779
4692,22.02.2011 20:00:00,-6.3673
4693,22.02.2011 21:00:00,-6.34948
4694,22.02.2011 22:00:00,-6.34148
4695,22.02.2011 23:00:00,-6.32876
4696,23.02.2011 00:00:00,-6.31058,3.533
4697,23.02.2011 01:00:00,-6.30051
4698,23.02.2011 02:00:00,-6.2938
4699,23.02.2011 03:00:00,-6.27218
4700,23.02.2011 04:00:00,-6.26315
4701,23.02.2011 05:00:00,-6.24834
4702,23.02.2011 06:00:00,-6.23328,3.534
4703,23.02.2011 07:00:00,-6.22445
4704,23.02.2011 08:00:00,-6.21019
4705,23.02.2011 09:00:00,-6.19918
4706,23.02.2011 10:00:00,-6.18448
4707,23.02.2011 11:00:00,-6.18045
4708,23.02.2011 12:00:00,-6.17696,3.534
4709,23.02.2011 13:00:00,-6.16851
4710,23.02.2011 14:00:00,-6.15797
4711,23.02.2011 15:00:00,-6.15061
4712,23.02.2011 16:00:00,-6.14198
4713,23.02.2011 17:00:00,-6.13117
4714,23.02.2011 18:00:00,-6.12143,3.534
4715,23.02.2011 19:00:00,-6.11998
4716,23.02.2011 20:00:00,-6.11245
4717,23.02.2011 21:00:00,-6.09457
4718,23.02.2011 22:00:00,-6.08232
4719,23.02.2011 23:00:00,-6.06785
4720,24.02.2011 00:00:00,-6.04723,3.536
4721,24.02.2011 01:00:00,-6.03318
4722,24.02.2011 02:00:00,-6.02037
4723,24.02.2011 03:00:00,-6.00972
4724,24.02.2011 04:00:00,-6.00337
4725,24.02.2011 05:00:00,-5.99512
4726,24.02.2011 06:00:00,-5.98458,3.534
4727,24.02.2011 07:00:00,-5.97398
4728,24.02.2011 08:00:00,-5.9672
4729,24.02.2011 09:00:00,-5.96072
4730,24.02.2011 10:00:00,-5.95098
4731,24.02.2011 11:00:00,-5.93633
4732,24.02.2011 12:00:00,-5.93228,3.537
4733,24.02.2011 13:00:00,-5.93291
4734,24.02.2011 14:00:00,-5.92541
4735,24.02.2011 15:00:00,-5.92079
4736,24.02.2011 16:00:00,-5.91978
4737,24.02.2011 17:00:00,-5.91623
4738,24.02.2011 18:00:00,-5.91182,3.539
4739,24.02.2011 19:00:00,-5.90064
4740,24.02.2011 20:00:00,-5.90256
4741,24.02.2011 21:00:00,-5.89763
4742,24.02.2011 22:00:00,-5.89545
4743,24.02.2011 23:00:00,-5.88295
4744,25.02.2011 00:00:00,-5.87282,3.536
4745,25.02.2011 01:00:00,-5.86655
4746,25.02.2011 02:00:00,-5.86342
4747,25.02.2011 03:00:00,-5.85445
4748,25.02.2011 04:00:00,-5.85772
4749,25.02.2011 05:00:00,-5.8495
4750,25.02.2011 06:00:00,-5.8483,3.537
4751,25.02.2011 07:00:00,-5.83704
4752,25.02.2011 08:00:00,-5.84053
4753,25.02.2011 09:00:00,-5.83682
4754,25.02.2011 10:00:00,-5.84216
4755,25.02.2011 11:00:00,-5.83803
4756,25.02.2011 12:00:00,-5.83404,3.538
4757,25.02.2011 13:00:00,-5.82839
4758,25.02.2011 14:00:00,-5.83628
4759,25.02.2011 15:00:00,-5.83209
4760,25.02.2011 16:00:00,-5.83406
4761,25.02.2011 17:00:00,-5.83616
4762,25.02.2011 18:00:00,-5.84486,3.538
4763,25.02.2011 19:00:00,-5.84492
4764,25.02.2011 20:00:00,-5.85253
4765,25.02.2011 21:00:00,-5.84855
4766,25.02.2011 22:00:00,-5.84405
4767,25.02.2011 23:00:00,-5.84944
4768,26.02.2011 00:00:00,-5.8378,3.536
4769,26.02.2011 01:00:00,-5.84488
4770,26.02.2011 02:00:00,-5.83132
4771,26.02.2011 03:00:00,-5.83175
4772,26.02.2011 04:00:00,-5.8273
4773,26.02.2011 05:00:00,-5.82227
4774,26.02.2011 06:00:00,-5.81677,3.537
4775,26.02.2011 07:00:00,-5.81731
4776,26.02.2011 08:00:00,-5.81156
4777,26.02.2011 09:00:00,-5.81399
4778,26.02.2011 10:00:00,-5.80837
4779,26.02.2011 11:00:00,-5.80739
4780,26.02.2011 12:00:00,-5.81148,3.538
4781,26.02.2011 13:00:00,-5.79832
4782,26.02.2011 14:00:00,-5.79513
4783,26.02.2011 15:00:00,-5.80334
4784,26.02.2011 16:00:00,-5.80529
4785,26.02.2011 17:00:00,-5.79398
4786,26.02.2011 18:00:00,-5.79865,3.537
4787,26.02.2011 19:00:00,-5.7938
4788,26.02.2011 20:00:00,-5.80002
4789,26.02.2011 21:00:00,-5.79025
4790,26.02.2011 22:00:00,-5.79177
4791,26.02.2011 23:00:00,-5.78234
4792,27.02.2011 00:00:00,-5.78296,3.539
4793,27.02.2011 01:00:00,-5.77707
4794,27.02.2011 02:00:00,-5.77196
4795,27.02.2011 03:00:00,-5.76667
4796,27.02.2011 04:00:00,-5.76203
4797,27.02.2011 05:00:00,-5.75854
4798,27.02.2011 06:00:00,-5.75348,3.540
4799,27.02.2011 07:00:00,-5.75437
4800,27.02.2011 08:00:00,-5.7574
4801,27.02.2011 09:00:00,-5.75449
4802,27.02.2011 10:00:00,-5.74767
4803,27.02.2011 11:00:00,-5.75275
4804,27.02.2011 12:00:00,-5.74999,3.540
4805,27.02.2011 13:00:00,-5.74857
4806,27.02.2011 14:00:00,-5.74963
4807,27.02.2011 15:00:00,-5.74895
4808,27.02.2011 16:00:00,-5.75313
4809,27.02.2011 17:00:00,-5.74533
4810,27.02.2011 18:00:00,-5.75179,3.538
4811,27.02.2011 19:00:00,-5.75196
4812,27.02.2011 20:00:00,-5.75539
4813,27.02.2011 21:00:00,-5.75498
4814,27.02.2011 22:00:00,-5.75495
4815,27.02.2011 23:00:00,-5.7524
4816,28.02.2011 00:00:00,-5.74767,3.540
4817,28.02.2011 01:00:00,-5.74366
4818,28.02.2011 02:00:00,-5.7388
4819,28.02.2011 03:00:00,-5.73977
4820,28.02.2011 04:00:00,-5.7406
4821,28.02.2011 05:00:00,-5.74607
4822,28.02.2011 06:00:00,-5.74549,3.537
4823,28.02.2011 07:00:00,-5.75173
4824,28.02.2011 08:00:00,-5.75376
4825,28.02.2011 09:00:00,-5.75728
4826,28.02.2011 10:00:00,-5.76976
4827,28.02.2011 11:00:00,-5.76713
4828,28.02.2011 12:00:00,-5.78306,3.536
4829,28.02.2011 13:00:00,-5.78375
4830,28.02.2011 14:00:00,-5.79513
4831,28.02.2011 15:00:00,-5.80344
4832,28.02.2011 16:00:00,-5.82492
4833,28.02.2011 17:00:00,-5.8234
4834,28.02.2011 18:00:00,-5.84215,3.538
4835,28.02.2011 19:00:00,-5.84836
4836,28.02.2011 20:00:00,-5.85792
4837,28.02.2011 21:00:00,-5.86172
4838,28.02.2011 22:00:00,-5.86184
4839,28.02.2011 23:00:00,-5.8662
4840,01.03.2011 00:00:00,-5.86508,3.536
4841,01.03.2011 01:00:00,-5.86018
4842,01.03.2011 02:00:00,-5.8649
4843,01.03.2011 03:00:00,-5.85818
4844,01.03.2011 04:00:00,-5.85339
4845,01.03.2011 05:00:00,-5.85517
4846,01.03.2011 06:00:00,-5.85694,3.538
4847,01.03.2011 07:00:00,-5.86344
4848,01.03.2011 08:00:00,-5.86767
4849,01.03.2011 09:00:00,-5.86901
4850,01.03.2011 10:00:00,-5.86999
4851,01.03.2011 11:00:00,-5.8742
4852,01.03.2011 12:00:00,-5.88641,3.537
4853,01.03.2011 13:00:00,-5.88556
4854,01.03.2011 14:00:00,-5.89211
4855,01.03.2011 15:00:00,-5.90403
4856,01.03.2011 16:00:00,-5.91035
4857,01.03.2011 17:00:00,-5.9157
4858,01.03.2011 18:00:00,-5.92208,3.535
4859,01.03.2011 19:00:00,-5.93323
4860,01.03.2011 20:00:00,-5.93184
4861,01.03.2011 21:00:00,-5.94401
4862,01.03.2011 22:00:00,-5.94171
4863,01.03.2011 23:00:00,-5.94351
4864,02.03.2011 00:00:00,-5.94114,3.538
4865,02.03.2011 01:00:00,-5.94558
4866,02.03.2011 02:00:00,-5.94498
4867,02.03.2011 03:00:00,-5.94831
4868,02.03.2011 04:00:00,-5.94126
4869,02.03.2011 05:00:00,-5.94501
4870,02.03.2011 06:00:00,-5.94359,3.534
4871,02.03.2011 07:00:00,-5.93966
4872,02.03.2011 08:00:00,-5.94399
4873,02.03.2011 09:00:00,-5.94578
4874,02.03.2011 10:00:00,-5.9484
4875,02.03.2011 11:00:00,-5.94992
4876,02.03.2011 12:00:00,-5.95569,3.535
4877,02.03.2011 13:00:00,-5.95698
4878,02.03.2011 14:00:00,-5.96269
4879,02.03.2011 15:00:00,-5.96398
4880,02.03.2011 16:00:00,-5.97036
4881,02.03.2011 17:00:00,-5.97658
4882,02.03.2011 18:00:00,-5.98144,3.536
4883,02.03.2011 19:00:00,-5.97762
4884,02.03.2011 20:00:00,-5.98456
4885,02.03.2011 21:00:00,-5.98696
4886,02.03.2011 22:00:00,-5.98049
4887,02.03.2011 23:00:00,-5.97858
4888,03.03.2011 00:00:00,-5.97329,3.534
4889,03.03.2011 01:00:00,-5.96462
4890,03.03.2011 02:00:00,-5.9595
4891,03.03.2011 03:00:00,-5.95361
4892,03.03.2011 04:00:00,-5.94366
4893,03.03.2011 05:00:00,-5.94788
4894,03.03.2011 06:00:00,-5.9346,3.535
4895,03.03.2011 07:00:00,-5.93091
4896,03.03.2011 08:00:00,-5.9223
4897,03.03.2011 09:00:00,-5.92398
4898,03.03.2011 10:00:00,-5.91158
4899,03.03.2011 11:00:00,-5.91531
4900,03.03.2011 12:00:00,-5.91334,3.538
4901,03.03.2011 13:00:00,-5.91058
4902,03.03.2011 14:00:00,-5.91152
4903,03.03.2011 15:00:00,-5.91335
4904,03.03.2011 16:00:00,-5.91008
4905,03.03.2011 17:00:00,-5.90891
4906,03.03.2011 18:00:00,-5.90806,3.537
4907,03.03.2011 19:00:00,-5.91271
4908,03.03.2011 20:00:00,-5.90697
4909,03.03.2011 21:00:00,-5.90383
4910,03.03.2011 22:00:00,-5.90104
4911,03.03.2011 23:00:00,-5.88999
4912,04.03.2011 00:00:00,-5.89173,3.535
4913,04.03.2011 01:00:00,-5.8835
4914,04.03.2011 02:00:00,-5.87487
4915,04.03.2011 03:00:00,-5.87655
4916,04.03.2011 04:00:00,-5.86919
4917,04.03.2011 05:00:00,-5.86713
4918,04.03.2011 06:00:00,-5.85939,3.536
4919,04.03.2011 07:00:00,-5.85245
4920,04.03.2011 08:00:00,-5.85886
4921,04.03.2011 09:00:00,-5.85658
4922,04.03.2011 10:00:00,-5.86023
4923,04.03.2011 11:00:00,-5.8556
4924,04.03.2011 12:00:00,-5.86749,3.535
4925,04.03.2011 13:00:00,-5.86533
4926,04.03.2011 14:00:00,-5.8688
4927,04.03.2011 15:00:00,-5.87677
4928,04.03.2011 16:00:00,-5.88979
4929,04.03.2011 17:00:00,-5.89145
4930,04.03.2011 18:00:00,-5.89897,3.533
4931,04.03.2011 19:00:00,-5.90236
4932,04.03.2011 20:00:00,-5.90416
4933,04.03.2011 21:00:00,-5.90712
4934,04.03.2011 22:00:00,-5.90339
4935,04.03.2011 23:00:00,-5.90441
4936,05.03.2011 00:00:00,-5.89973,3.536
4937,05.03.2011 01:00:00,-5.90256
4938,05.03.2011 02:00:00,-5.90097
4939,05.03.2011 03:00:00,-5.89017
4940,05.03.2011 04:00:00,-5.88894
4941,05.03.2011 05:00:00,-5.88444
4942,05.03.2011 06:00:00,-5.87326,3.537
4943,05.03.2011 07:00:00,-5.87539
4944,05.03.2011 08:00:00,-5.86888
4945,05.03.2011 09:00:00,-5.86251
4946,05.03.2011 10:00:00,-5.86213
4947,05.03.2011 11:00:00,-5.8638
4948,05.03.2011 12:00:00,-5.86179,3.538
4949,05.03.2011 13:00:00,-5.86586
4950,05.03.2011 14:00:00,-5.87146
4951,05.03.2011 15:00:00,-5.87042
4952,05.03.2011 16:00:00,-5.86891
4953,05.03.2011 17:00:00,-5.87439
4954,05.03.2011 18:00:00,-5.87207,3.533
4955,05.03.2011 19:00:00,-5.87118
4956,05.03.2011 20:00:00,-5.87125
4957,05.03.2011 21:00:00,-5.86875
4958,05.03.2011 22:00:00,-5.86561
4959,05.03.2011 23:00:00,-5.85327
4960,06.03.2011 00:00:00,-5.85415,3.536
4961,06.03.2011 01:00:00,-5.84354
4962,06.03.2011 02:00:00,-5.82249
4963,06.03.2011 03:00:00,-5.8255
4964,06.03.2011 04:00:00,-5.81105
4965,06.03.2011 05:00:00,-5.80476
4966,06.03.2011 06:00:00,-5.79947,3.536
4967,06.03.2011 07:00:00,-5.79941
4968,06.03.2011 08:00:00,-5.79293
4969,06.03.2011 09:00:00,-5.79913
4970,06.03.2011 10:00:00,-5.79281
4971,06.03.2011 11:00:00,-5.79089
4972,06.03.2011 12:00:00,-5.80162,3.535
4973,06.03.2011 13:00:00,-5.7949
4974,06.03.2011 14:00:00,-5.79508
4975,06.03.2011 15:00:00,-5.80412
4976,06.03.2011 16:00:00,-5.81883
4977,06.03.2011 17:00:00,-5.81958
4978,06.03.2011 18:00:00,-5.82451,3.535
4979,06.03.2011 19:00:00,-5.82553
4980,06.03.2011 20:00:00,-5.82474
4981,06.03.2011 21:00:00,-5.82727
4982,06.03.2011 22:00:00,-5.83071
4983,06.03.2011 23:00:00,-5.82176
4984,07.03.2011 00:00:00,-5.81811,3.536
4985,07.03.2011 01:00:00,-5.81596
4986,07.03.2011 02:00:00,-5.80579
4987,07.03.2011 03:00:00,-5.79997
4988,07.03.2011 04:00:00,-5.7968
4989,07.03.2011 05:00:00,-5.7981
4990,07.03.2011 06:00:00,-5.7858,3.537
4991,07.03.2011 07:00:00,-5.79005
4992,07.03.2011 08:00:00,-5.79101
4993,07.03.2011 09:00:00,-5.78425
4994,07.03.2011 10:00:00,-5.78164
4995,07.03.2011 11:00:00,-5.78491
4996,07.03.2011 12:00:00,-5.78436,3.535
4997,07.03.2011 13:00:00,-5.78034
4998,07.03.2011 14:00:00,-5.78593
4999,07.03.2011 15:00:00,-5.7901
5000,07.03.2011 16:00:00,-5.78691
5001,07.03.2011 17:00:00,-5.78951
5002,07.03.2011 18:00:00,-5.78863,3.537
5003,07.03.2011 19:00:00,-5.79073
5004,07.03.2011 20:00:00,-5.7884
5005,07.03.2011 21:00:00,-5.78178
5006,07.03.2011 22:00:00,-5.77517
5007,07.03.2011 23:00:00,-5.77304
5008,08.03.2011 00:00:00,-5.76295,3.535
5009,08.03.2011 01:00:00,-5.75025
5010,08.03.2011 02:00:00,-5.73999
5011,08.03.2011 03:00:00,-5.72499
5012,08.03.2011 04:00:00,-5.7152
5013,08.03.2011 05:00:00,-5.7055
5014,08.03.2011 06:00:00,-5.70227,3.535
5015,08.03.2011 07:00:00,-5.69318
5016,08.03.2011 08:00:00,-5.69088
5017,08.03.2011 09:00:00,-5.68567
5018,08.03.2011 10:00:00,-5.68005
5019,08.03.2011 11:00:00,-5.67554
5020,08.03.2011 12:00:00,-5.67028,3.538
5021,08.03.2011 13:00:00,-5.66439
5022,08.03.2011 14:00:00,-5.66519
5023,08.03.2011 15:00:00,-5.66072
5024,08.03.2011 16:00:00,-5.65315
5025,08.03.2011 17:00:00,-5.64791
5026,08.03.2011 18:00:00,-5.64826,3.538
5027,08.03.2011 19:00:00,-5.64626
5028,08.03.2011 20:00:00,-5.64179
5029,08.03.2011 21:00:00,-5.63607
5030,08.03.2011 22:00:00,-5.62413
5031,08.03.2011 23:00:00,-5.61426
5032,09.03.2011 00:00:00,-5.60737,3.538
5033,09.03.2011 01:00:00,-5.59715
5034,09.03.2011 02:00:00,-5.59149
5035,09.03.2011 03:00:00,-5.58111
5036,09.03.2011 04:00:00,-5.56993
5037,09.03.2011 05:00:00,-5.56003
5038,09.03.2011 06:00:00,-5.5489,3.539
5039,09.03.2011 07:00:00,-5.55209
5040,09.03.2011 08:00:00,-5.53652
5041,09.03.2011 09:00:00,-5.5338
5042,09.03.2011 10:00:00,-5.53422
5043,09.03.2011 11:00:00,-5.52522
5044,09.03.2011 12:00:00,-5.53256,3.539
5045,09.03.2011 13:00:00,-5.53402
5046,09.03.2011 14:00:00,-5.54025
5047,09.03.2011 15:00:00,-5.54687
5048,09.03.2011 16:00:00,-5.54475
5049,09.03.2011 17:00:00,-5.55634
5050,09.03.2011 18:00:00,-5.56514,3.539
5051,09.03.2011 19:00:00,-5.56924
5052,09.03.2011 20:00:00,-5.56646
5053,09.03.2011 21:00:00,-5.56955
5054,09.03.2011 22:00:00,-5.56658
5055,09.03.2011 23:00:00,-5.5659
5056,10.03.2011 00:00:00,-5.56413,3.536
5057,10.03.2011 01:00:00,-5.5574
5058,10.03.2011 02:00:00,-5.55619
5059,10.03.2011 03:00:00,-5.54235
5060,10.03.2011 04:00:00,-5.54073
5061,10.03.2011 05:00:00,-5.5449
5062,10.03.2011 06:00:00,-5.53086,3.538
5063,10.03.2011 07:00:00,-5.5321
5064,10.03.2011 08:00:00,-5.52926
5065,10.03.2011 09:00:00,-5.52575
5066,10.03.2011 10:00:00,-5.53744
5067,10.03.2011 11:00:00,-5.53179
5068,10.03.2011 12:00:00,-5.53602,3.539
5069,10.03.2011 13:00:00,-5.54245
5070,10.03.2011 14:00:00,-5.54589
5071,10.03.2011 15:00:00,-5.55679
5072,10.03.2011 16:00:00,-5.56527
5073,10.03.2011 17:00:00,-5.57131
5074,10.03.2011 18:00:00,-5.57663,3.540
5075,10.03.2011 19:00:00,-5.57977
5076,10.03.2011 20:00:00,-5.57942
5077,10.03.2011 21:00:00,-5.58179
5078,10.03.2011 22:00:00,-5.58371
5079,10.03.2011 23:00:00,-5.57598
5080,11.03.2011 00:00:00,-5.57296,3.540
5081,11.03.2011 01:00:00,-5.56739
5082,11.03.2011 02:00:00,-5.5549
5083,11.03.2011 03:00:00,-5.54973
5084,11.03.2011 04:00:00,-5.54078
5085,11.03.2011 05:00:00,-5.53318
5086,11.03.2011 06:00:00,-5.52192,3.538
5087,11.03.2011 07:00:00,-5.5274
5088,11.03.2011 08:00:00,-5.51244
5089,11.03.2011 09:00:00,-5.50819
5090,11.03.2011 10:00:00,-5.50488
5091,11.03.2011 11:00:00,-5.50225
5092,11.03.2011 12:00:00,-5.49911,3.540
5093,11.03.2011 13:00:00,-5.49806
5094,11.03.2011 14:00:00,-5.4861
5095,11.03.2011 15:00:00,-5.4882
5096,11.03.2011 16:00:00,-5.48504
5097,11.03.2011 17:00:00,-5.47656
5098,11.03.2011 18:00:00,-5.47368,3.538
5099,11.03.2011 19:00:00,-5.46971
5100,11.03.2011 20:00:00,-5.46259
5101,11.03.2011 21:00:00,-5.455
5102,11.03.2011 22:00:00,-5.44733
5103,11.03.2011 23:00:00,-5.4425
5104,12.03.2011 00:00:00,-5.43402,3.538
5105,12.03.2011 01:00:00,-5.43436
5106,12.03.2011 02:00:00,-5.42055
5107,12.03.2011 03:00:00,-5.40774
5108,12.03.2011 04:00:00,-5.39979
5109,12.03.2011 05:00:00,-5.39354
5110,12.03.2011 06:00:00,-5.38371,3.542
5111,12.03.2011 07:00:00,-5.37637
5112,12.03.2011 08:00:00,-5.36802
5113,12.03.2011 09:00:00,-5.35746
5114,12.03.2011 10:00:00,-5.35116
5115,12.03.2011 11:00:00,-5.34504
5116,12.03.2011 12:00:00,-5.33908,3.540
5117,12.03.2011 13:00:00,-5.325
5118,12.03.2011 14:00:00,-5.32314
5119,12.03.2011 15:00:00,-5.31321
5120,12.03.2011 16:00:00,-5.3091
5121,12.03.2011 17:00:00,-5.30593
5122,12.03.2011 18:00:00,-5.29834,3.542
5123,12.03.2011 19:00:00,-5.29244
5124,12.03.2011 20:00:00,-5.28974
5125,12.03.2011 21:00:00,-5.27742
5126,12.03.2011 22:00:00,-5.2786
5127,12.03.2011 23:00:00,-5.27203
5128,13.03.2011 00:00:00,-5.26348,3.540
5129,13.03.2011 01:00:00,-5.25072
5130,13.03.2011 02:00:00,-5.24751
5131,13.03.2011 03:00:00,-5.24253
5132,13.03.2011 04:00:00,-5.23724
5133,13.03.2011 05:00:00,-5.22943
5134,13.03.2011 06:00:00,-5.22224,3.541
5135,13.03.2011 07:00:00,-5.21541
5136,13.03.2011 08:00:00,-5.21399
5137,13.03.2011 09:00:00,-5.21119
5138,13.03.2011 10:00:00,-5.20944
5139,13.03.2011 11:00:00,-5.20683
5140,13.03.2011 12:00:00,-5.2063,3.538
5141,13.03.2011 13:00:00,-5.20918
5142,13.03.2011 14:00:00,-5.20432
5143,13.03.2011 15:00:00,-5.20441
5144,13.03.2011 16:00:00,-5.21121
5145,13.03.2011 17:00:00,-5.20719
5146,13.03.2011 18:00:00,-5.21068,3.541
5147,13.03.2011 19:00:00,-5.21677
5148,13.03.2011 20:00:00,-5.21597
5149,13.03.2011 21:00:00,-5.21751
5150,13.03.2011 22:00:00,-5.21991
5151,13.03.2011 23:00:00,-5.2187
5152,14.03.2011 00:00:00,-5.22193,3.543
5153,14.03.2011 01:00:00,-5.22513
5154,14.03.2011 02:00:00,-5.22217
5155,14.03.2011 03:00:00,-5.22277
5156,14.03.2011 04:00:00,-5.22075
5157,14.03.2011 05:00:00,-5.22189
5158,14.03.2011 06:00:00,-5.21572,3.539
5159,14.03.2011 07:00:00,-5.2127
5160,14.03.2011 08:00:00,-5.21305
5161,14.03.2011 09:00:00,-5.21055
5162,14.03.2011 10:00:00,-5.20476
5163,14.03.2011 11:00:00,-5.20726
5164,14.03.2011 12:00:00,-5.20635,3.541
5165,14.03.2011 13:00:00,-5.20228
5166,14.03.2011 14:00:00,-5.206
5167,14.03.2011 15:00:00,-5.20278
5168,14.03.2011 16:00:00,-5.2038
5169,14.03.2011 17:00:00,-5.20131
5170,14.03.2011 18:00:00,-5.20149,3.543
5171,14.03.2011 19:00:00,-5.2021
5172,14.03.2011 20:00:00,-5.20084
5173,14.03.2011 21:00:00,-5.19692
5174,14.03.2011 22:00:00,-5.19282
5175,14.03.2011 23:00:00,-5.19315
5176,15.03.2011 00:00:00,-5.18462,3.541
5177,15.03.2011 01:00:00,-5.17832
5178,15.03.2011 02:00:00,-5.17749
5179,15.03.2011 03:00:00,-5.1723
5180,15.03.2011 04:00:00,-5.1684
5181,15.03.2011 05:00:00,-5.15869
5182,15.03.2011 06:00:00,-5.15307,3.539
5183,15.03.2011 07:00:00,-5.1424
5184,15.03.2011 08:00:00,-5.13802
5185,15.03.2011 09:00:00,-5.13379
5186,15.03.2011 10:00:00,-5.12421
5187,15.03.2011 11:00:00,-5.1192
5188,15.03.2011 12:00:00,-5.11316,3.543
5189,15.03.2011 13:00:00,-5.11667
5190,15.03.2011 14:00:00,-5.11874
5191,15.03.2011 15:00:00,-5.11254
5192,15.03.2011 16:00:00,-5.10635
5193,15.03.2011 17:00:00,-5.10079
5194,15.03.2011 18:00:00,-5.09924,3.542
5195,15.03.2011 19:00:00,-5.0955
5196,15.03.2011 20:00:00,-5.08841
5197,15.03.2011 21:00:00,-5.07969
5198,15.03.2011 22:00:00,-5.07181
5199,15.03.2011 23:00:00,-5.06724
5200,16.03.2011 00:00:00,-5.05871,3.542
5201,16.03.2011 01:00:00,-5.041
5202,16.03.2011 02:00:00,-5.03369
5203,16.03.2011 03:00:00,-5.02596
5204,16.03.2011 04:00:00,-5.01032
5205,16.03.2011 05:00:00,-5.00202
5206,16.03.2011 06:00:00,-4.99057,3.547
5207,16.03.2011 07:00:00,-4.98737
5208,16.03.2011 08:00:00,-4.96537
5209,16.03.2011 09:00:00,-4.95583
5210,16.03.2011 10:00:00,-4.94349
5211,16.03.2011 11:00:00,-4.93312
5212,16.03.2011 12:00:00,-4.92955,3.545
5213,16.03.2011 13:00:00,-4.91521
5214,16.03.2011 14:00:00,-4.90866
5215,16.03.2011 15:00:00,-4.90026
5216,16.03.2011 16:00:00,-4.89679
5217,16.03.2011 17:00:00,-4.89317
5218,16.03.2011 18:00:00,-4.8843,3.544
5219,16.03.2011 19:00:00,-4.88002
5220,16.03.2011 20:00:00,-4.87851
5221,16.03.2011 21:00:00,-4.87663
5222,16.03.2011 22:00:00,-4.8632
5223,16.03.2011 23:00:00,-4.86045
5224,17.03.2011 00:00:00,-4.85667,3.545
5225,17.03.2011 01:00:00,-4.85526
5226,17.03.2011 02:00:00,-4.84481
5227,17.03.2011 03:00:00,-4.84258
5228,17.03.2011 04:00:00,-4.83593
5229,17.03.2011 05:00:00,-4.84079
5230,17.03.2011 06:00:00,-4.82572,3.545
5231,17.03.2011 07:00:00,-4.8393
5232,17.03.2011 08:00:00,-4.83345
5233,17.03.2011 09:00:00,-4.83814
5234,17.03.2011 10:00:00,-4.83565
5235,17.03.2011 11:00:00,-4.84263
5236,17.03.2011 12:00:00,-4.85133,3.543
5237,17.03.2011 13:00:00,-4.8542
5238,17.03.2011 14:00:00,-4.85943
5239,17.03.2011 15:00:00,-4.86484
5240,17.03.2011 16:00:00,-4.87167
5241,17.03.2011 17:00:00,-4.87506
5242,17.03.2011 18:00:00,-4.88477,3.543
5243,17.03.2011 19:00:00,-4.89965
5244,17.03.2011 20:00:00,-4.9043
5245,17.03.2011 21:00:00,-4.90696
5246,17.03.2011 22:00:00,-4.91247
5247,17.03.2011 23:00:00,-4.92203
5248,18.03.2011 00:00:00,-4.91968,3.544
5249,18.03.2011 01:00:00,-4.92088
5250,18.03.2011 02:00:00,-4.92948
5251,18.03.2011 03:00:00,-4.93322
5252,18.03.2011 04:00:00,-4.94099
5253,18.03.2011 05:00:00,-4.93529
5254,18.03.2011 06:00:00,-4.94395,3.545
5255,18.03.2011 07:00:00,-4.951
5256,18.03.2011 08:00:00,-4.95737
5257,18.03.2011 09:00:00,-4.96393
5258,18.03.2011 10:00:00,-4.96095
5259,18.03.2011 11:00:00,-4.96494
5260,18.03.2011 12:00:00,-4.96688,3.544
5261,18.03.2011 13:00:00,-4.97175
5262,18.03.2011 14:00:00,-4.98078
5263,18.03.2011 15:00:00,-4.98273
5264,18.03.2011 16:00:00,-4.99152
5265,18.03.2011 17:00:00,-4.99345
5266,18.03.2011 18:00:00,-5.00108,3.542
5267,18.03.2011 19:00:00,-5.01096
5268,18.03.2011 20:00:00,-5.00845
5269,18.03.2011 21:00:00,-5.01786
5270,18.03.2011 22:00:00,-5.01831
5271,18.03.2011 23:00:00,-5.02694
5272,19.03.2011 00:00:00,-5.02497,3.543
5273,19.03.2011 01:00:00,-5.02188
5274,19.03.2011 02:00:00,-5.02833
5275,19.03.2011 03:00:00,-5.03001
5276,19.03.2011 04:00:00,-5.03203
5277,19.03.2011 05:00:00,-5.03193
5278,19.03.2011 06:00:00,-5.0346,3.544
5279,19.03.2011 07:00:00,-5.03972
5280,19.03.2011 08:00:00,-5.04617
5281,19.03.2011 09:00:00,-5.04669
5282,19.03.2011 10:00:00,-5.05251
5283,19.03.2011 11:00:00,-5.05505
5284,19.03.2011 12:00:00,-5.06319,3.540
5285,19.03.2011 13:00:00,-5.06159
5286,19.03.2011 14:00:00,-5.07405
5287,19.03.2011 15:00:00,-5.08093
5288,19.03.2011 16:00:00,-5.08763
5289,19.03.2011 17:00:00,-5.10053
5290,19.03.2011 18:00:00,-5.11758,3.541
5291,19.03.2011 19:00:00,-5.11879
5292,19.03.2011 20:00:00,-5.11996
5293,19.03.2011 21:00:00,-5.13088
5294,19.03.2011 22:00:00,-5.13632
5295,19.03.2011 23:00:00,-5.14513
5296,20.03.2011 00:00:00,-5.15171,3.544
5297,20.03.2011 01:00:00,-5.15012
5298,20.03.2011 02:00:00,-5.16466
5299,20.03.2011 03:00:00,-5.16203
5300,20.03.2011 04:00:00,-5.1696
5301,20.03.2011 05:00:00,-5.16468
5302,20.03.2011 06:00:00,-5.16772,3.539
5303,20.03.2011 07:00:00,-5.16984
5304,20.03.2011 08:00:00,-5.17225
5305,20.03.2011 09:00:00,-5.17093
5306,20.03.2011 10:00:00,-5.17523
5307,20.03.2011 11:00:00,-5.17695
5308,20.03.2011 12:00:00,-5.18811,3.542
5309,20.03.2011 13:00:00,-5.18426
5310,20.03.2011 14:00:00,-5.18956
5311,20.03.2011 15:00:00,-5.19734
5312,20.03.2011 16:00:00,-5.20036
5313,20.03.2011 17:00:00,-5.2042
5314,20.03.2011 18:00:00,-5.21513,3.539
5315,20.03.2011 19:00:00,-5.21906
5316,20.03.2011 20:00:00,-5.23057
5317,20.03.2011 21:00:00,-5.23562
5318,20.03.2011 22:00:00,-5.24417
5319,20.03.2011 23:00:00,-5.25379
5320,21.03.2011 00:00:00,-5.25502,3.538
5321,21.03.2011 01:00:00,-5.25619
5322,21.03.2011 02:00:00,-5.26598
5323,21.03.2011 03:00:00,-5.26345
5324,21.03.2011 04:00:00,-5.26555
5325,21.03.2011 05:00:00,-5.27089
5326,21.03.2011 06:00:00,-5.27244,3.537
5327,21.03.2011 07:00:00,-5.28172
5328,21.03.2011 08:00:00,-5.27043
5329,21.03.2011 09:00:00,-5.28108
5330,21.03.2011 10:00:00,-5.28042
5331,21.03.2011 11:00:00,-5.29012
5332,21.03.2011 12:00:00,-5.29607,3.538
5333,21.03.2011 13:00:00,-5.29986
5334,21.03.2011 14:00:00,-5.30638
5335,21.03.2011 15:00:00,-5.30881
5336,21.03.2011 16:00:00,-5.31519
5337,21.03.2011 17:00:00,-5.32209
5338,21.03.2011 18:00:00,-5.32501,3.541
5339,21.03.2011 19:00:00,-5.33402
5340,21.03.2011 20:00:00,-5.3387
5341,21.03.2011 21:00:00,-5.34072
5342,21.03.2011 22:00:00,-5.34977
5343,21.03.2011 23:00:00,-5.3457
5344,22.03.2011 00:00:00,-5.35651,3.537
5345,22.03.2011 01:00:00,-5.35476
5346,22.03.2011 02:00:00,-5.35688
5347,22.03.2011 03:00:00,-5.36121
5348,22.03.2011 04:00:00,-5.36103
5349,22.03.2011 05:00:00,-5.36351
5350,22.03.2011 06:00:00,-5.35879,3.538
5351,22.03.2011 07:00:00,-5.36896
5352,22.03.2011 08:00:00,-5.37001
5353,22.03.2011 09:00:00,-5.37298
5354,22.03.2011 10:00:00,-5.37144
5355,22.03.2011 11:00:00,-5.3769
5356,22.03.2011 12:00:00,-5.38732,3.539
5357,22.03.2011 13:00:00,-5.39423
5358,22.03.2011 14:00:00,-5.39693
5359,22.03.2011 15:00:00,-5.4062
5360,22.03.2011 16:00:00,-5.41434
5361,22.03.2011 17:00:00,-5.41303
5362,22.03.2011 18:00:00,-5.42709,3.536
5363,22.03.2011 19:00:00,-5.43881
5364,22.03.2011 20:00:00,-5.45055
5365,22.03.2011 21:00:00,-5.45444
5366,22.03.2011 22:00:00,-5.45869
5367,22.03.2011 23:00:00,-5.45731
5368,23.03.2011 00:00:00,-5.46968,3.537
5369,23.03.2011 01:00:00,-5.47372
5370,23.03.2011 02:00:00,-5.47125
5371,23.03.2011 03:00:00,-5.47426
5372,23.03.2011 04:00:00,-5.47408
5373,23.03.2011 05:00:00,-5.47636
5374,23.03.2011 06:00:00,-5.47492,3.538
5375,23.03.2011 07:00:00,-5.4844
5376,23.03.2011 08:00:00,-5.48028
5377,23.03.2011 09:00:00,-5.48002
5378,23.03.2011 10:00:00,-5.48876
5379,23.03.2011 11:00:00,-5.49343
5380,23.03.2011 12:00:00,-5.49549,3.535
5381,23.03.2011 13:00:00,-5.49918
5382,23.03.2011 14:00:00,-5.49966
5383,23.03.2011 15:00:00,-5.51224
5384,23.03.2011 16:00:00,-5.52114
5385,23.03.2011 17:00:00,-5.52342
5386,23.03.2011 18:00:00,-5.52736,3.535
5387,23.03.2011 19:00:00,-5.54865
5388,23.03.2011 20:00:00,-5.54844
5389,23.03.2011 21:00:00,-5.55542
5390,23.03.2011 22:00:00,-5.56042
5391,23.03.2011 23:00:00,-5.55616
5392,24.03.2011 00:00:00,-5.56456,3.536
5393,24.03.2011 01:00:00,-5.55866
5394,24.03.2011 02:00:00,-5.56091
5395,24.03.2011 03:00:00,-5.55862
5396,24.03.2011 04:00:00,-5.56147
5397,24.03.2011 05:00:00,-5.55862
5398,24.03.2011 06:00:00,-5.56145,3.536
5399,24.03.2011 07:00:00,-5.56367
5400,24.03.2011 08:00:00,-5.56107
5401,24.03.2011 09:00:00,-5.56142
5402,24.03.2011 10:00:00,-5.56072
5403,24.03.2011 11:00:00,-5.56666
5404,24.03.2011 12:00:00,-5.56577,3.535
5405,24.03.2011 13:00:00,-5.57172
5406,24.03.2011 14:00:00,-5.57681
5407,24.03.2011 15:00:00,-5.57904
5408,24.03.2011 16:00:00,-5.58524
5409,24.03.2011 17:00:00,-5.58705
5410,24.03.2011 18:00:00,-5.59908,3.535
5411,24.03.2011 19:00:00,-5.60416
5412,24.03.2011 20:00:00,-5.60586
5413,24.03.2011 21:00:00,-5.60819
5414,24.03.2011 22:00:00,-5.6118
5415,24.03.2011 23:00:00,-5.61071
5416,25.03.2011 00:00:00,-5.61033,3.536
5417,25.03.2011 01:00:00,-5.60512
5418,25.03.2011 02:00:00,-5.60826
5419,25.03.2011 03:00:00,-5.60532
5420,25.03.2011 04:00:00,-5.59862
5421,25.03.2011 05:00:00,-5.59753
5422,25.03.2011 06:00:00,-5.59723,3.537
5423,25.03.2011 07:00:00,-5.59697
5424,25.03.2011 08:00:00,-5.588
5425,25.03.2011 09:00:00,-5.58944
5426,25.03.2011 10:00:00,-5.58333
5427,25.03.2011 11:00:00,-5.58514
5428,25.03.2011 12:00:00,-5.58381,3.533
5429,25.03.2011 13:00:00,-5.58675
5430,25.03.2011 14:00:00,-5.58867
5431,25.03.2011 15:00:00,-5.58743
5432,25.03.2011 16:00:00,-5.58971
5433,25.03.2011 17:00:00,-5.59483
5434,25.03.2011 18:00:00,-5.59358,3.537
5435,25.03.2011 19:00:00,-5.59492
5436,25.03.2011 20:00:00,-5.59146
5437,25.03.2011 21:00:00,-5.58579
5438,25.03.2011 22:00:00,-5.58524
5439,25.03.2011 23:00:00,-5.57689
5440,26.03.2011 00:00:00,-5.56869,3.537
5441,26.03.2011 01:00:00,-5.56238
5442,26.03.2011 02:00:00,-5.54773
5443,26.03.2011 03:00:00,-5.53116
5444,26.03.2011 04:00:00,-5.52539
5445,26.03.2011 05:00:00,-5.51224
5446,26.03.2011 06:00:00,-5.50221,3.537
5447,26.03.2011 07:00:00,-5.49278
5448,26.03.2011 08:00:00,-5.47719
5449,26.03.2011 09:00:00,-5.46723
5450,26.03.2011 10:00:00,-5.44956
5451,26.03.2011 11:00:00,-5.44283
5452,26.03.2011 12:00:00,-5.43802,3.538
5453,26.03.2011 13:00:00,-5.42418
5454,26.03.2011 14:00:00,-5.41111
5455,26.03.2011 15:00:00,-5.40847
5456,26.03.2011 16:00:00,-5.39319
5457,26.03.2011 17:00:00,-5.38649
5458,26.03.2011 18:00:00,-5.37543,3.538
5459,26.03.2011 19:00:00,-5.35985
5460,26.03.2011 20:00:00,-5.34894
5461,26.03.2011 21:00:00,-5.33654
5462,26.03.2011 22:00:00,-5.32796
5463,26.03.2011 23:00:00,-5.31415
5464,27.03.2011 00:00:00,-5.3028,3.538
5465,27.03.2011 01:00:00,-5.28336
5466,27.03.2011 02:00:00,-5.27173
5467,27.03.2011 03:00:00,-5.25447
5468,27.03.2011 04:00:00,-5.23287
5469,27.03.2011 05:00:00,-5.22282
5470,27.03.2011 06:00:00,-5.21406,3.538
5471,27.03.2011 07:00:00,-5.20407
5472,27.03.2011 08:00:00,-5.18824
5473,27.03.2011 09:00:00,-5.17622
5474,27.03.2011 10:00:00,-5.17128
5475,27.03.2011 11:00:00,-5.16464
5476,27.03.2011 12:00:00,-5.1613,3.539
5477,27.03.2011 13:00:00,-5.15393
5478,27.03.2011 14:00:00,-5.15168
5479,27.03.2011 15:00:00,-5.14774
5480,27.03.2011 16:00:00,-5.1408
5481,27.03.2011 17:00:00,-5.13837
5482,27.03.2011 18:00:00,-5.13314,3.543
5483,27.03.2011 19:00:00,-5.121
5484,27.03.2011 20:00:00,-5.11259
5485,27.03.2011 21:00:00,-5.10438
5486,27.03.2011 22:00:00,-5.09524
5487,27.03.2011 23:00:00,-5.08714
5488,28.03.2011 00:00:00,-5.07599,3.539
5489,28.03.2011 01:00:00,-5.05783
5490,28.03.2011 02:00:00,-5.04336
5491,28.03.2011 03:00:00,-5.03481
5492,28.03.2011 04:00:00,-5.01627
5493,28.03.2011 05:00:00,-5.00369
5494,28.03.2011 06:00:00,-4.98837,3.542
5495,28.03.2011 07:00:00,-4.97619
5496,28.03.2011 08:00:00,-4.96089
5497,28.03.2011 09:00:00,-4.93803
5498,28.03.2011 10:00:00,-4.92629
5499,28.03.2011 11:00:00,-4.92006
5500,28.03.2011 12:00:00,-4.90368,3.542
5501,28.03.2011 13:00:00,-4.89373
5502,28.03.2011 14:00:00,-4.88063
5503,28.03.2011 15:00:00,-4.86909
5504,28.03.2011 16:00:00,-4.85476
5505,28.03.2011 17:00:00,-4.84058
5506,28.03.2011 18:00:00,-4.83844,3.542
5507,28.03.2011 19:00:00,-4.81985
5508,28.03.2011 20:00:00,-4.80517
5509,28.03.2011 21:00:00,-4.80055
5510,28.03.2011 22:00:00,-4.78153
5511,28.03.2011 23:00:00,-4.76079
5512,29.03.2011 00:00:00,-4.74153,3.541
5513,29.03.2011 01:00:00,-4.74394
5514,29.03.2011 02:00:00,-4.71949
5515,29.03.2011 03:00:00,-4.69022
5516,29.03.2011 04:00:00,-4.67838
5517,29.03.2011 05:00:00,-4.65862
5518,29.03.2011 06:00:00,-4.63873,3.543
5519,29.03.2011 07:00:00,-4.62496
5520,29.03.2011 08:00:00,-4.6064
5521,29.03.2011 09:00:00,-4.58938
5522,29.03.2011 10:00:00,-4.57572
5523,29.03.2011 11:00:00,-4.55637
5524,29.03.2011 12:00:00,-4.54995,3.547
5525,29.03.2011 13:00:00,-4.54467
5526,29.03.2011 14:00:00,-4.53652
5527,29.03.2011 15:00:00,-4.53038
5528,29.03.2011 16:00:00,-4.51861
5529,29.03.2011 17:00:00,-4.50868
5530,29.03.2011 18:00:00,-4.5039,3.544
5531,29.03.2011 19:00:00,-4.50366
5532,29.03.2011 20:00:00,-4.49752
5533,29.03.2011 21:00:00,-4.48546
5534,29.03.2011 22:00:00,-4.48275
5535,29.03.2011 23:00:00,-4.47324
5536,30.03.2011 00:00:00,-4.45544,3.546
5537,30.03.2011 01:00:00,-4.44274
5538,30.03.2011 02:00:00,-4.41712
5539,30.03.2011 03:00:00,-4.40701
5540,30.03.2011 04:00:00,-4.39017
5541,30.03.2011 05:00:00,-4.37605
5542,30.03.2011 06:00:00,-4.35969,3.550
5543,30.03.2011 07:00:00,-4.34857
5544,30.03.2011 08:00:00,-4.33605
5545,30.03.2011 09:00:00,-4.31994
5546,30.03.2011 10:00:00,-4.312
5547,30.03.2011 11:00:00,-4.30333
5548,30.03.2011 12:00:00,-4.29718,3.547
5549,30.03.2011 13:00:00,-4.29533
5550,30.03.2011 14:00:00,-4.28668
5551,30.03.2011 15:00:00,-4.29083
5552,30.03.2011 16:00:00,-4.28092
5553,30.03.2011 17:00:00,-4.27544
5554,30.03.2011 18:00:00,-4.27157,3.547
5555,30.03.2011 19:00:00,-4.27047
5556,30.03.2011 20:00:00,-4.26453
5557,30.03.2011 21:00:00,-4.26281
5558,30.03.2011 22:00:00,-4.24488
5559,30.03.2011 23:00:00,-4.23591
5560,31.03.2011 00:00:00,-4.22832,3.548
5561,31.03.2011 01:00:00,-4.2103
5562,31.03.2011 02:00:00,-4.19727
5563,31.03.2011 03:00:00,-4.18789
5564,31.03.2011 04:00:00,-4.16999
5565,31.03.2011 05:00:00,-4.15496
5566,31.03.2011 06:00:00,-4.14013,3.550
5567,31.03.2011 07:00:00,-4.12579
5568,31.03.2011 08:00:00,-4.11066
5569,31.03.2011 09:00:00,-4.09646
5570,31.03.2011 10:00:00,-4.0875
5571,31.03.2011 11:00:00,-4.08053
5572,31.03.2011 12:00:00,-4.07115,3.548
5573,31.03.2011 13:00:00,-4.05471
5574,31.03.2011 14:00:00,-4.0384
5575,31.03.2011 15:00:00,-4.03147
5576,31.03.2011 16:00:00,-4.01867
5577,31.03.2011 17:00:00,-4.00902
5578,31.03.2011 18:00:00,-4.00268,3.553
5579,31.03.2011 19:00:00,-3.99784
5580,31.03.2011 20:00:00,-3.98442
5581,31.03.2011 21:00:00,-3.98012
5582,31.03.2011 22:00:00,-3.96811
5583,31.03.2011 23:00:00,-3.95863
5584,01.04.2011 00:00:00,-3.94852,3.551
5585,01.04.2011 01:00:00,-3.92551
5586,01.04.2011 02:00:00,-3.91501
5587,01.04.2011 03:00:00,-3.90004
5588,01.04.2011 04:00:00,-3.88629
5589,01.04.2011 05:00:00,-3.8743
5590,01.04.2011 06:00:00,-3.85898,3.553
5591,01.04.2011 07:00:00,-3.84473
5592,01.04.2011 08:00:00,-3.83962
5593,01.04.2011 09:00:00,-3.8261
5594,01.04.2011 10:00:00,-3.81295
5595,01.04.2011 11:00:00,-3.80494
5596,01.04.2011 12:00:00,-3.79906,3.552
5597,01.04.2011 13:00:00,-3.793
5598,01.04.2011 14:00:00,-3.78895
5599,01.04.2011 15:00:00,-3.78486
5600,01.04.2011 16:00:00,-3.7779
5601,01.04.2011 17:00:00,-3.77585
5602,01.04.2011 18:00:00,-3.77522,3.554
5603,01.04.2011 19:00:00,-3.75745
5604,01.04.2011 20:00:00,-3.7667
5605,01.04.2011 21:00:00,-3.75601
5606,01.04.2011 22:00:00,-3.75642
5607,01.04.2011 23:00:00,-3.75396
5608,02.04.2011 00:00:00,-3.74043,3.554
5609,02.04.2011 01:00:00,-3.73204
5610,02.04.2011 02:00:00,-3.72281
5611,02.04.2011 03:00:00,-3.72077
5612,02.04.2011 04:00:00,-3.70681
5613,02.04.2011 05:00:00,-3.7078
5614,02.04.2011 06:00:00,-3.70439,3.551
5615,02.04.2011 07:00:00,-3.69571
5616,02.04.2011 08:00:00,-3.68871
5617,02.04.2011 09:00:00,-3.69063
5618,02.04.2011 10:00:00,-3.68876
5619,02.04.2011 11:00:00,-3.67633
5620,02.04.2011 12:00:00,-3.68009,3.554
5621,02.04.2011 13:00:00,-3.6692
5622,02.04.2011 14:00:00,-3.67564
5623,02.04.2011 15:00:00,-3.66917
5624,02.04.2011 16:00:00,-3.66877
5625,02.04.2011 17:00:00,-3.6653
5626,02.04.2011 18:00:00,-3.66364,3.555
5627,02.04.2011 19:00:00,-3.67236
5628,02.04.2011 20:00:00,-3.67
5629,02.04.2011 21:00:00,-3.65919
5630,02.04.2011 22:00:00,-3.66336
5631,02.04.2011 23:00:00,-3.66115
5632,03.04.2011 00:00:00,-3.6589,3.553
5633,03.04.2011 01:00:00,-3.65324
5634,03.04.2011 02:00:00,-3.64665
5635,03.04.2011 03:00:00,-3.64387
5636,03.04.2011 04:00:00,-3.64305
5637,03.04.2011 05:00:00,-3.6363
5638,03.04.2011 06:00:00,-3.62865,3.554
5639,03.04.2011 07:00:00,-3.62804
5640,03.04.2011 08:00:00,-3.6228
5641,03.04.2011 09:00:00,-3.62149
5642,03.04.2011 10:00:00,-3.62152
5643,03.04.2011 11:00:00,-3.61829
5644,03.04.2011 12:00:00,-3.61735,3.554
5645,03.04.2011 13:00:00,-3.61826
5646,03.04.2011 14:00:00,-3.6138
5647,03.04.2011 15:00:00,-3.61171
5648,03.04.2011 16:00:00,-3.61307
5649,03.04.2011 17:00:00,-3.60648
5650,03.04.2011 18:00:00,-3.60776,3.557
5651,03.04.2011 19:00:00,-3.61049
5652,03.04.2011 20:00:00,-3.60324
5653,03.04.2011 21:00:00,-3.60532
5654,03.04.2011 22:00:00,-3.5976
5655,03.04.2011 23:00:00,-3.59723
5656,04.04.2011 00:00:00,-3.59349,3.554
5657,04.04.2011 01:00:00,-3.5899
5658,04.04.2011 02:00:00,-3.58693
5659,04.04.2011 03:00:00,-3.57973
5660,04.04.2011 04:00:00,-3.56995
5661,04.04.2011 05:00:00,-3.57204
5662,04.04.2011 06:00:00,-3.56787,3.554
5663,04.04.2011 07:00:00,-3.56355
5664,04.04.2011 08:00:00,-3.55776
5665,04.04.2011 09:00:00,-3.55682
5666,04.04.2011 10:00:00,-3.55056
5667,04.04.2011 11:00:00,-3.55283
5668,04.04.2011 12:00:00,-3.54641,3.555
5669,04.04.2011 13:00:00,-3.54929
5670,04.04.2011 14:00:00,-3.54646
5671,04.04.2011 15:00:00,-3.54474
5672,04.04.2011 16:00:00,-3.53949
5673,04.04.2011 17:00:00,-3.54113
5674,04.04.2011 18:00:00,-3.54024,3.554
5675,04.04.2011 19:00:00,-3.54922
5676,04.04.2011 20:00:00,-3.54523
5677,04.04.2011 21:00:00,-3.54548
5678,04.04.2011 22:00:00,-3.53696
5679,04.04.2011 23:00:00,-3.53923
5680,05.04.2011 00:00:00,-3.53589,3.555
5681,05.04.2011 01:00:00,-3.54515
5682,05.04.2011 02:00:00,-3.53613
5683,05.04.2011 03:00:00,-3.53559
5684,05.04.2011 04:00:00,-3.53357
5685,05.04.2011 05:00:00,-3.54012
5686,05.04.2011 06:00:00,-3.54652,3.556
5687,05.04.2011 07:00:00,-3.54993
5688,05.04.2011 08:00:00,-3.54442
5689,05.04.2011 09:00:00,-3.54699
5690,05.04.2011 10:00:00,-3.55544
5691,05.04.2011 11:00:00,-3.55854
5692,05.04.2011 12:00:00,-3.56616,3.557
5693,05.04.2011 13:00:00,-3.57516
5694,05.04.2011 14:00:00,-3.57197
5695,05.04.2011 15:00:00,-3.58013
5696,05.04.2011 16:00:00,-3.59288
5697,05.04.2011 17:00:00,-3.60049
5698,05.04.2011 18:00:00,-3.60764,3.553
5699,05.04.2011 19:00:00,-3.62184
5700,05.04.2011 20:00:00,-3.62753
5701,05.04.2011 21:00:00,-3.6337
5702,05.04.2011 22:00:00,-3.64073
5703,05.04.2011 23:00:00,-3.64968
5704,06.04.2011 00:00:00,-3.66115,3.553
5705,06.04.2011 01:00:00,-3.66801
5706,06.04.2011 02:00:00,-3.67122
5707,06.04.2011 03:00:00,-3.67984
5708,06.04.2011 04:00:00,-3.68659
5709,06.04.2011 05:00:00,-3.69503
5710,06.04.2011 06:00:00,-3.70593,3.556
5711,06.04.2011 07:00:00,-3.7238
5712,06.04.2011 08:00:00,-3.73442
5713,06.04.2011 09:00:00,-3.74119
5714,06.04.2011 10:00:00,-3.74855
5715,06.04.2011 11:00:00,-3.76522
5716,06.04.2011 12:00:00,-3.77067,3.552
5717,06.04.2011 13:00:00,-3.78405
5718,06.04.2011 14:00:00,-3.79196
5719,06.04.2011 15:00:00,-3.8019
5720,06.04.2011 16:00:00,-3.8071
5721,06.04.2011 17:00:00,-3.82013
5722,06.04.2011 18:00:00,-3.8287,3.550
5723,06.04.2011 19:00:00,-3.84144
5724,06.04.2011 20:00:00,-3.85281
5725,06.04.2011 21:00:00,-3.86212
5726,06.04.2011 22:00:00,-3.87681
5727,06.04.2011 23:00:00,-3.89105
5728,07.04.2011 00:00:00,-3.89977,3.553
5729,07.04.2011 01:00:00,-3.89845
5730,07.04.2011 02:00:00,-3.91234
5731,07.04.2011 03:00:00,-3.92239
5732,07.04.2011 04:00:00,-3.9311
5733,07.04.2011 05:00:00,-3.93893
5734,07.04.2011 06:00:00,-3.95302,3.552
5735,07.04.2011 07:00:00,-3.95747
5736,07.04.2011 08:00:00,-3.96252
5737,07.04.2011 09:00:00,-3.97251
5738,07.04.2011 10:00:00,-3.97268
5739,07.04.2011 11:00:00,-3.98536
5740,07.04.2011 12:00:00,-3.9924,3.549
5741,07.04.2011 13:00:00,-4.00072
5742,07.04.2011 14:00:00,-4.00919
5743,07.04.2011 15:00:00,-4.01807
5744,07.04.2011 16:00:00,-4.03092
5745,07.04.2011 17:00:00,-4.04186
5746,07.04.2011 18:00:00,-4.05837,3.552
5747,07.04.2011 19:00:00,-4.0624
5748,07.04.2011 20:00:00,-4.0734
5749,07.04.2011 21:00:00,-4.08306
5750,07.04.2011 22:00:00,-4.09408
5751,07.04.2011 23:00:00,-4.09711
5752,08.04.2011 00:00:00,-4.10348,3.549
5753,08.04.2011 01:00:00,-4.11317
5754,08.04.2011 02:00:00,-4.11982
5755,08.04.2011 03:00:00,-4.12636
5756,08.04.2011 04:00:00,-4.12483
5757,08.04.2011 05:00:00,-4.13443
5758,08.04.2011 06:00:00,-4.14344,3.549
5759,08.04.2011 07:00:00,-4.14611
5760,08.04.2011 08:00:00,-4.15155
5761,08.04.2011 09:00:00,-4.15889
5762,08.04.2011 10:00:00,-4.16306
5763,08.04.2011 11:00:00,-4.16821
5764,08.04.2011 12:00:00,-4.17581,3.550
5765,08.04.2011 13:00:00,-4.1774
5766,08.04.2011 14:00:00,-4.1841
5767,08.04.2011 15:00:00,-4.19221
5768,08.04.2011 16:00:00,-4.19557
5769,08.04.2011 17:00:00,-4.20724
5770,08.04.2011 18:00:00,-4.21942,3.548
5771,08.04.2011 19:00:00,-4.22031
5772,08.04.2011 20:00:00,-4.23139
5773,08.04.2011 21:00:00,-4.23664
5774,08.04.2011 22:00:00,-4.24395
5775,08.04.2011 23:00:00,-4.25273
5776,09.04.2011 00:00:00,-4.25007,3.548
5777,09.04.2011 01:00:00,-4.25773
5778,09.04.2011 02:00:00,-4.25741
5779,09.04.2011 03:00:00,-4.26281
5780,09.04.2011 04:00:00,-4.26488
5781,09.04.2011 05:00:00,-4.27487
5782,09.04.2011 06:00:00,-4.27096,3.547
5783,09.04.2011 07:00:00,-4.27738
5784,09.04.2011 08:00:00,-4.28087
5785,09.04.2011 09:00:00,-4.27869
5786,09.04.2011 10:00:00,-4.28856
5787,09.04.2011 11:00:00,-4.28917
5788,09.04.2011 12:00:00,-4.29366,3.548
5789,09.04.2011 13:00:00,-4.2968
5790,09.04.2011 14:00:00,-4.29698
5791,09.04.2011 15:00:00,-4.30328
5792,09.04.2011 16:00:00,-4.30522
5793,09.04.2011 17:00:00,-4.31964
5794,09.04.2011 18:00:00,-4.32073,3.547
5795,09.04.2011 19:00:00,-4.33312
5796,09.04.2011 20:00:00,-4.33349
5797,09.04.2011 21:00:00,-4.33617
5798,09.04.2011 22:00:00,-4.34139
5799,09.04.2011 23:00:00,-4.34454
5800,10.04.2011 00:00:00,-4.34604,3.545
5801,10.04.2011 01:00:00,-4.35322
5802,10.04.2011 02:00:00,-4.35248
5803,10.04.2011 03:00:00,-4.35449
5804,10.04.2011 04:00:00,-4.3478
5805,10.04.2011 05:00:00,-4.35461
5806,10.04.2011 06:00:00,-4.35815,3.546
5807,10.04.2011 07:00:00,-4.35041
5808,10.04.2011 08:00:00,-4.35153
5809,10.04.2011 09:00:00,-4.35382
5810,10.04.2011 10:00:00,-4.34665
5811,10.04.2011 11:00:00,-4.34821
5812,10.04.2011 12:00:00,-4.34639,3.547
5813,10.04.2011 13:00:00,-4.35267
5814,10.04.2011 14:00:00,-4.33891
5815,10.04.2011 15:00:00,-4.34118
5816,10.04.2011 16:00:00,-4.3451
5817,10.04.2011 17:00:00,-4.34386
5818,10.04.2011 18:00:00,-4.33919,3.548
5819,10.04.2011 19:00:00,-4.34637
5820,10.04.2011 20:00:00,-4.33665
5821,10.04.2011 21:00:00,-4.33857
5822,10.04.2011 22:00:00,-4.33605
5823,10.04.2011 23:00:00,-4.3344
5824,11.04.2011 00:00:00,-4.3256,3.545
5825,11.04.2011 01:00:00,-4.32651
5826,11.04.2011 02:00:00,-4.3182
5827,11.04.2011 03:00:00,-4.30596
5828,11.04.2011 04:00:00,-4.30818
5829,11.04.2011 05:00:00,-4.29376
5830,11.04.2011 06:00:00,-4.28216,3.548
5831,11.04.2011 07:00:00,-4.27948
5832,11.04.2011 08:00:00,-4.27859
5833,11.04.2011 09:00:00,-4.26142
5834,11.04.2011 10:00:00,-4.25563
5835,11.04.2011 11:00:00,-4.24848
5836,11.04.2011 12:00:00,-4.24757,3.548
5837,11.04.2011 13:00:00,-4.23649
5838,11.04.2011 14:00:00,-4.23206
5839,11.04.2011 15:00:00,-4.23039
5840,11.04.2011 16:00:00,-4.22546
5841,11.04.2011 17:00:00,-4.21745
5842,11.04.2011 18:00:00,-4.21161,3.546
5843,11.04.2011 19:00:00,-4.20905
5844,11.04.2011 20:00:00,-4.20478
5845,11.04.2011 21:00:00,-4.19646
5846,11.04.2011 22:00:00,-4.18847
5847,11.04.2011 23:00:00,-4.18167
5848,12.04.2011 00:00:00,-4.17317,3.548
5849,12.04.2011 01:00:00,-4.16376
5850,12.04.2011 02:00:00,-4.15426
5851,12.04.2011 03:00:00,-4.13354
5852,12.04.2011 04:00:00,-4.11732
5853,12.04.2011 05:00:00,-4.11049
5854,12.04.2011 06:00:00,-4.0937,3.548
5855,12.04.2011 07:00:00,-4.07934
5856,12.04.2011 08:00:00,-4.07517
5857,12.04.2011 09:00:00,-4.06541
5858,12.04.2011 10:00:00,-4.05852
5859,12.04.2011 11:00:00,-4.04136
5860,12.04.2011 12:00:00,-4.02139,3.548
5861,12.04.2011 13:00:00,-4.0133
5862,12.04.2011 14:00:00,-4.00867
5863,12.04.2011 15:00:00,-3.99883
5864,12.04.2011 16:00:00,-3.99177
5865,12.04.2011 17:00:00,-3.9833
5866,12.04.2011 18:00:00,-3.97946,3.550
5867,12.04.2011 19:00:00,-3.96962
5868,12.04.2011 20:00:00,-3.96682
5869,12.04.2011 21:00:00,-3.95106
5870,12.04.2011 22:00:00,-3.94121
5871,12.04.2011 23:00:00,-3.92149
5872,13.04.2011 00:00:00,-3.90841,3.551
5873,13.04.2011 01:00:00,-3.88295
5874,13.04.2011 02:00:00,-3.87089
5875,13.04.2011 03:00:00,-3.85497
5876,13.04.2011 04:00:00,-3.83762
5877,13.04.2011 05:00:00,-3.82172
5878,13.04.2011 06:00:00,-3.80404,3.552
5879,13.04.2011 07:00:00,-3.78513
5880,13.04.2011 08:00:00,-3.77318
5881,13.04.2011 09:00:00,-3.75033
5882,13.04.2011 10:00:00,-3.73819
5883,13.04.2011 11:00:00,-3.71457
5884,13.04.2011 12:00:00,-3.69561,3.550
5885,13.04.2011 13:00:00,-3.6851
5886,13.04.2011 14:00:00,-3.66419
5887,13.04.2011 15:00:00,-3.66149
5888,13.04.2011 16:00:00,-3.64808
5889,13.04.2011 17:00:00,-3.63684
5890,13.04.2011 18:00:00,-3.62708,3.552
5891,13.04.2011 19:00:00,-3.60489
5892,13.04.2011 20:00:00,-3.58186
5893,13.04.2011 21:00:00,-3.55736
5894,13.04.2011 22:00:00,-3.541
5895,13.04.2011 23:00:00,-3.48324
5896,14.04.2011 00:00:00,-3.16051,3.558
5897,14.04.2011 01:00:00,-2.75381
5898,14.04.2011 02:00:00,-2.41715
5899,14.04.2011 03:00:00,-2.1618
5900,14.04.2011 04:00:00,-2.02852
5901,14.04.2011 05:00:00,-1.91255
5902,14.04.2011 06:00:00,-1.85585,3.574
5903,14.04.2011 07:00:00,-1.79044
5904,14.04.2011 08:00:00,-1.75718
5905,14.04.2011 09:00:00,-1.73432
5906,14.04.2011 10:00:00,-1.73582
5907,14.04.2011 11:00:00,-1.73561
5908,14.04.2011 12:00:00,-1.7632,3.575
5909,14.04.2011 13:00:00,-1.79428
5910,14.04.2011 14:00:00,-1.84414
5911,14.04.2011 15:00:00,-1.90199
5912,14.04.2011 16:00:00,-1.98247
5913,14.04.2011 17:00:00,-2.01342
5914,14.04.2011 18:00:00,-1.79954,3.580
5915,14.04.2011 19:00:00,-1.60445
5916,14.04.2011 20:00:00,-1.46148
5917,14.04.2011 21:00:00,-1.33774
5918,14.04.2011 22:00:00,-1.26317
5919,14.04.2011 23:00:00,-1.20204
5920,15.04.2011 00:00:00,-1.14485,3.585
5921,15.04.2011 01:00:00,-1.09599
5922,15.04.2011 02:00:00,-1.07536
5923,15.04.2011 03:00:00,-1.04713
5924,15.04.2011 04:00:00,-1.02345
5925,15.04.2011 05:00:00,-1.00624
5926,15.04.2011 06:00:00,-0.982738,3.583
5927,15.04.2011 07:00:00,-0.975519
5928,15.04.2011 08:00:00,-0.96888
5929,15.04.2011 09:00:00,-0.968515
5930,15.04.2011 10:00:00,-0.970982
5931,15.04.2011 11:00:00,-0.977986
5932,15.04.2011 12:00:00,-0.994643,3.586
5933,15.04.2011 13:00:00,-1.00602
5934,15.04.2011 14:00:00,-1.02877
5935,15.04.2011 15:00:00,-1.04697
5936,15.04.2011 16:00:00,-1.07516
5937,15.04.2011 17:00:00,-1.00206
5938,15.04.2011 18:00:00,-0.71212,3.581
5939,15.04.2011 19:00:00,-0.152034
5940,15.04.2011 20:00:00,-0.0857525
5941,15.04.2011 21:00:00,-0.0819426
5942,15.04.2011 22:00:00,-0.0821257
5943,15.04.2011 23:00:00,-0.0880051
5944,16.04.2011 00:00:00,-0.0980749,3.586
5945,16.04.2011 01:00:00,-0.109487
5946,16.04.2011 02:00:00,-0.117072
5947,16.04.2011 03:00:00,-0.12373
5948,16.04.2011 04:00:00,-0.134378
5949,16.04.2011 05:00:00,-0.129792
5950,16.04.2011 06:00:00,-0.133981,3.589
5951,16.04.2011 07:00:00,-0.13968
5952,16.04.2011 08:00:00,-0.141386
5953,16.04.2011 09:00:00,-0.143671
5954,16.04.2011 10:00:00,-0.143853
5955,16.04.2011 11:00:00,-0.145377
5956,16.04.2011 12:00:00,-0.144797,3.588
5957,16.04.2011 13:00:00,-0.144615
5958,16.04.2011 14:00:00,-0.149749
5959,16.04.2011 15:00:00,-0.146139
5960,16.04.2011 16:00:00,-0.146701
5961,16.04.2011 17:00:00,-0.152216
5962,16.04.2011 18:00:00,-0.151637,3.588
5963,16.04.2011 19:00:00,-0.156755
5964,16.04.2011 20:00:00,-0.1577
5965,16.04.2011 21:00:00,-0.151272
5966,16.04.2011 22:00:00,-0.154684
5967,16.04.2011 23:00:00,-0.159041
5968,17.04.2011 00:00:00,-0.15109,3.589
5969,17.04.2011 01:00:00,-0.161707
5970,17.04.2011 02:00:00,-0.159041
5971,17.04.2011 03:00:00,-0.158097
5972,17.04.2011 04:00:00,-0.160945
5973,17.04.2011 05:00:00,-0.156391
5974,17.04.2011 06:00:00,-0.153922,3.588
5975,17.04.2011 07:00:00,-0.164174
5976,17.04.2011 08:00:00,-0.159803
5977,17.04.2011 09:00:00,-0.16323
5978,17.04.2011 10:00:00,-0.157915
5979,17.04.2011 11:00:00,-0.160763
5980,17.04.2011 12:00:00,-0.162104,3.587
5981,17.04.2011 13:00:00,-0.168166
5982,17.04.2011 14:00:00,-0.162071
5983,17.04.2011 15:00:00,-0.159803
5984,17.04.2011 16:00:00,-0.160945
5985,17.04.2011 17:00:00,-0.161707
5986,17.04.2011 18:00:00,-0.166278,3.585
5987,17.04.2011 19:00:00,-0.165698
5988,17.04.2011 20:00:00,-0.16646
5989,17.04.2011 21:00:00,-0.165698
5990,17.04.2011 22:00:00,-0.166278
5991,17.04.2011 23:00:00,-0.166096
5992,18.04.2011 00:00:00,-0.16911,3.587
5993,18.04.2011 01:00:00,-0.172522
5994,18.04.2011 02:00:00,-0.170237
5995,18.04.2011 03:00:00,-0.170237
5996,18.04.2011 04:00:00,-0.171578
5997,18.04.2011 05:00:00,-0.172125
5998,18.04.2011 06:00:00,-0.16911,3.588
5999,18.04.2011 07:00:00,-0.1786
6000,18.04.2011 08:00:00,-0.169872
6001,18.04.2011 09:00:00,-0.17653
6002,18.04.2011 10:00:00,-0.175006
6003,18.04.2011 11:00:00,-0.17595
6004,18.04.2011 12:00:00,-0.171578,3.588
6005,18.04.2011 13:00:00,-0.176132
6006,18.04.2011 14:00:00,-0.183933
6007,18.04.2011 15:00:00,-0.181648
6008,18.04.2011 16:00:00,-0.183537
6009,18.04.2011 17:00:00,-0.177076
6010,18.04.2011 18:00:00,-0.185639,3.586
6011,18.04.2011 19:00:00,-0.190773
6012,18.04.2011 20:00:00,-0.184298
6013,18.04.2011 21:00:00,-0.185242
6014,18.04.2011 22:00:00,-0.179942
6015,18.04.2011 23:00:00,-0.184298
6016,19.04.2011 00:00:00,-0.17918,3.589
6017,19.04.2011 01:00:00,-0.187145
6018,19.04.2011 02:00:00,-0.189613
6019,19.04.2011 03:00:00,-0.186186
6020,19.04.2011 04:00:00,-0.189249
6021,19.04.2011 05:00:00,-0.189613
6022,19.04.2011 06:00:00,-0.185822,3.590
6023,19.04.2011 07:00:00,-0.188869
6024,19.04.2011 08:00:00,-0.185242
6025,19.04.2011 09:00:00,-0.188487
6026,19.04.2011 10:00:00,-0.187907
6027,19.04.2011 11:00:00,-0.191534
6028,19.04.2011 12:00:00,-0.189646,3.586
6029,19.04.2011 13:00:00,-0.196256
6030,19.04.2011 14:00:00,-0.195891
6031,19.04.2011 15:00:00,-0.196836
6032,19.04.2011 16:00:00,-0.1972
6033,19.04.2011 17:00:00,-0.190955
6034,19.04.2011 18:00:00,-0.194185,3.588
6035,19.04.2011 19:00:00,-0.206904
6036,19.04.2011 20:00:00,-0.191137
6037,19.04.2011 21:00:00,-0.195891
6038,19.04.2011 22:00:00,-0.196256
6039,19.04.2011 23:00:00,-0.194551
6040,20.04.2011 00:00:00,-0.194368,3.589
6041,20.04.2011 01:00:00,-0.197018
6042,20.04.2011 02:00:00,-0.194551
6043,20.04.2011 03:00:00,-0.197962
6044,20.04.2011 04:00:00,-0.191899
6045,20.04.2011 05:00:00,-0.196439
6046,20.04.2011 06:00:00,-0.192264,3.586
6047,20.04.2011 07:00:00,-0.196074
6048,20.04.2011 08:00:00,-0.195495
6049,20.04.2011 09:00:00,-0.194368
6050,20.04.2011 10:00:00,-0.198359
6051,20.04.2011 11:00:00,-0.207087
6052,20.04.2011 12:00:00,-0.197018,3.589
6053,20.04.2011 13:00:00,-0.204222
6054,20.04.2011 14:00:00,-0.199668
6055,20.04.2011 15:00:00,-0.198724
6056,20.04.2011 16:00:00,-0.199304
6057,20.04.2011 17:00:00,-0.202151
6058,20.04.2011 18:00:00,-0.201207,3.587
6059,20.04.2011 19:00:00,-0.201969
6060,20.04.2011 20:00:00,-0.193789
6061,20.04.2011 21:00:00,-0.197962
6062,20.04.2011 22:00:00,-0.198177
6063,20.04.2011 23:00:00,-0.197598
6064,21.04.2011 00:00:00,-0.196836,3.587
6065,21.04.2011 01:00:00,-0.202731
6066,21.04.2011 02:00:00,-0.200828
6067,21.04.2011 03:00:00,-0.198144
6068,21.04.2011 04:00:00,-0.20101
6069,21.04.2011 05:00:00,-0.201207
6070,21.04.2011 06:00:00,-0.200828,3.586
6071,21.04.2011 07:00:00,-0.209555
6072,21.04.2011 08:00:00,-0.201571
6073,21.04.2011 09:00:00,-0.197598
6074,21.04.2011 10:00:00,-0.206507
6075,21.04.2011 11:00:00,-0.197018
6076,21.04.2011 12:00:00,-0.199883,3.587
6077,21.04.2011 13:00:00,-0.201969
6078,21.04.2011 14:00:00,-0.202731
6079,21.04.2011 15:00:00,-0.20538
6080,21.04.2011 16:00:00,-0.203095
6081,21.04.2011 17:00:00,-0.204802
6082,21.04.2011 18:00:00,-0.20596,3.589
6083,21.04.2011 19:00:00,-0.212387
6084,21.04.2011 20:00:00,-0.199883
6085,21.04.2011 21:00:00,-0.199121
6086,21.04.2011 22:00:00,-0.200248
6087,21.04.2011 23:00:00,-0.201772
6088,22.04.2011 00:00:00,-0.202913,3.586
6089,22.04.2011 01:00:00,-0.207666
6090,22.04.2011 02:00:00,-0.202913
6091,22.04.2011 03:00:00,-0.207269
6092,22.04.2011 04:00:00,-0.203095
6093,22.04.2011 05:00:00,-0.201772
6094,22.04.2011 06:00:00,-0.210681,3.587
6095,22.04.2011 07:00:00,-0.206142
6096,22.04.2011 08:00:00,-0.206325
6097,22.04.2011 09:00:00,-0.204618
6098,22.04.2011 10:00:00,-0.205198
6099,22.04.2011 11:00:00,-0.211079
6100,22.04.2011 12:00:00,-0.203675,3.590
6101,22.04.2011 13:00:00,-0.213331
6102,22.04.2011 14:00:00,-0.208031
6103,22.04.2011 15:00:00,-0.205746
6104,22.04.2011 16:00:00,-0.205746
6105,22.04.2011 17:00:00,-0.211443
6106,22.04.2011 18:00:00,-0.207849,3.587
6107,22.04.2011 19:00:00,-0.219045
6108,22.04.2011 20:00:00,-0.209373
6109,22.04.2011 21:00:00,-0.212602
6110,22.04.2011 22:00:00,-0.210681
6111,22.04.2011 23:00:00,-0.21184
6112,23.04.2011 00:00:00,-0.206904,3.587
6113,23.04.2011 01:00:00,-0.215633
6114,23.04.2011 02:00:00,-0.216212
6115,23.04.2011 03:00:00,-0.215053
6116,23.04.2011 04:00:00,-0.210863
6117,23.04.2011 05:00:00,-0.214869
6118,23.04.2011 06:00:00,-0.21449,3.589
6119,23.04.2011 07:00:00,-0.218283
6120,23.04.2011 08:00:00,-0.213546
6121,23.04.2011 09:00:00,-0.212967
6122,23.04.2011 10:00:00,-0.214869
6123,23.04.2011 11:00:00,-0.216792
6124,23.04.2011 12:00:00,-0.214672,3.587
6125,23.04.2011 13:00:00,-0.222093
6126,23.04.2011 14:00:00,-0.217736
6127,23.04.2011 15:00:00,-0.220171
6128,23.04.2011 16:00:00,-0.215053
6129,23.04.2011 17:00:00,-0.220171
6130,23.04.2011 18:00:00,-0.222093,3.587
6131,23.04.2011 19:00:00,-0.220569
6132,23.04.2011 20:00:00,-0.222457
6133,23.04.2011 21:00:00,-0.216212
6134,23.04.2011 22:00:00,-0.219989
6135,23.04.2011 23:00:00,-0.217736
6136,24.04.2011 00:00:00,-0.214108,3.590
6137,24.04.2011 01:00:00,-0.225289
6138,24.04.2011 02:00:00,-0.216394
6139,24.04.2011 03:00:00,-0.212023
6140,24.04.2011 04:00:00,-0.216212
6141,24.04.2011 05:00:00,-0.214108
6142,24.04.2011 06:00:00,-0.21603,3.588
6143,24.04.2011 07:00:00,-0.218283
6144,24.04.2011 08:00:00,-0.216578
6145,24.04.2011 09:00:00,-0.209373
6146,24.04.2011 10:00:00,-0.209737
6147,24.04.2011 11:00:00,-0.21184
6148,24.04.2011 12:00:00,-0.211079,3.589
6149,24.04.2011 13:00:00,-0.219409
6150,24.04.2011 14:00:00,-0.212205
6151,24.04.2011 15:00:00,-0.208031
6152,24.04.2011 16:00:00,-0.21449
6153,24.04.2011 17:00:00,-0.208428
6154,24.04.2011 18:00:00,-0.210135,3.589
6155,24.04.2011 19:00:00,-0.222855
6156,24.04.2011 20:00:00,-0.212205
6157,24.04.2011 21:00:00,-0.206142
6158,24.04.2011 22:00:00,-0.20331
6159,24.04.2011 23:00:00,-0.209373
6160,25.04.2011 00:00:00,-0.206722,3.588
6161,25.04.2011 01:00:00,-0.214108
6162,25.04.2011 02:00:00,-0.205746
6163,25.04.2011 03:00:00,-0.207666
6164,25.04.2011 04:00:00,-0.205746
6165,25.04.2011 05:00:00,-0.207849
6166,25.04.2011 06:00:00,-0.207087,3.587
6167,25.04.2011 07:00:00,-0.214308
6168,25.04.2011 08:00:00,-0.206325
6169,25.04.2011 09:00:00,-0.200627
6170,25.04.2011 10:00:00,-0.199121
6171,25.04.2011 11:00:00,-0.20596
6172,25.04.2011 12:00:00,-0.199668,3.586
6173,25.04.2011 13:00:00,-0.206904
6174,25.04.2011 14:00:00,-0.206325
6175,25.04.2011 15:00:00,-0.201969
6176,25.04.2011 16:00:00,-0.197598
6177,25.04.2011 17:00:00,-0.1972
6178,25.04.2011 18:00:00,-0.20101,3.587
6179,25.04.2011 19:00:00,-0.214672
6180,25.04.2011 20:00:00,-0.200066
6181,25.04.2011 21:00:00,-0.195129
6182,25.04.2011 22:00:00,-0.20043
6183,25.04.2011 23:00:00,-0.19266
6184,26.04.2011 00:00:00,-0.196439,3.588
6185,26.04.2011 01:00:00,-0.202731
6186,26.04.2011 02:00:00,-0.19778
6187,26.04.2011 03:00:00,-0.198359
6188,26.04.2011 04:00:00,-0.195312
6189,26.04.2011 05:00:00,-0.195495
6190,26.04.2011 06:00:00,-0.197598,3.588
6191,26.04.2011 07:00:00,-0.20101
6192,26.04.2011 08:00:00,-0.193606
6193,26.04.2011 09:00:00,-0.192478
6194,26.04.2011 10:00:00,-0.192478
6195,26.04.2011 11:00:00,-0.188669
6196,26.04.2011 12:00:00,-0.193241,3.587
6197,26.04.2011 13:00:00,-0.196074
6198,26.04.2011 14:00:00,-0.19266
6199,26.04.2011 15:00:00,-0.188487
6200,26.04.2011 16:00:00,-0.192843
6201,26.04.2011 17:00:00,-0.19074
6202,26.04.2011 18:00:00,-0.190375,3.589
6203,26.04.2011 19:00:00,-0.193789
6204,26.04.2011 20:00:00,-0.191352
6205,26.04.2011 21:00:00,-0.184877
6206,26.04.2011 22:00:00,-0.188669
6207,26.04.2011 23:00:00,-0.187163
6208,27.04.2011 00:00:00,-0.183537,3.590
6209,27.04.2011 01:00:00,-0.191534
6210,27.04.2011 02:00:00,-0.193058
6211,27.04.2011 03:00:00,-0.19266
6212,27.04.2011 04:00:00,-0.194185
6213,27.04.2011 05:00:00,-0.191716
6214,27.04.2011 06:00:00,-0.186401,3.586
6215,27.04.2011 07:00:00,-0.191319
6216,27.04.2011 08:00:00,-0.187163
6217,27.04.2011 09:00:00,-0.187346
6218,27.04.2011 10:00:00,-0.188107
6219,27.04.2011 11:00:00,-0.179942
6220,27.04.2011 12:00:00,-0.180704,3.587
6221,27.04.2011 13:00:00,-0.189795
6222,27.04.2011 14:00:00,-0.184663
6223,27.04.2011 15:00:00,-0.184695
6224,27.04.2011 16:00:00,-0.188851
6225,27.04.2011 17:00:00,-0.18506
6226,27.04.2011 18:00:00,-0.183537,3.589
6227,27.04.2011 19:00:00,-0.176894
6228,27.04.2011 20:00:00,-0.180339
6229,27.04.2011 21:00:00,-0.178418
6230,27.04.2011 22:00:00,-0.181101
6231,27.04.2011 23:00:00,-0.182227
6232,28.04.2011 00:00:00,-0.181648,3.586
6233,28.04.2011 01:00:00,-0.182775
6234,28.04.2011 02:00:00,-0.18241
6235,28.04.2011 03:00:00,-0.181251
6236,28.04.2011 04:00:00,-0.183171
6237,28.04.2011 05:00:00,-0.184115
6238,28.04.2011 06:00:00,-0.180306,3.589
6239,28.04.2011 07:00:00,-0.176348
6240,28.04.2011 08:00:00,-0.178054
6241,28.04.2011 09:00:00,-0.178236
6242,28.04.2011 10:00:00,-0.178816
6243,28.04.2011 11:00:00,-0.177872
6244,28.04.2011 12:00:00,-0.173864,3.587
6245,28.04.2011 13:00:00,-0.177292
6246,28.04.2011 14:00:00,-0.180522
6247,28.04.2011 15:00:00,-0.175189
6248,28.04.2011 16:00:00,-0.177076
6249,28.04.2011 17:00:00,-0.172157
6250,28.04.2011 18:00:00,-0.179362,3.587
6251,28.04.2011 19:00:00,-0.172705
6252,28.04.2011 20:00:00,-0.172339
6253,28.04.2011 21:00:00,-0.175768
6254,28.04.2011 22:00:00,-0.173864
6255,28.04.2011 23:00:00,-0.177292
6256,29.04.2011 00:00:00,-0.171761,3.586
6257,29.04.2011 01:00:00,-0.180704
6258,29.04.2011 02:00:00,-0.175006
6259,29.04.2011 03:00:00,-0.175371
6260,29.04.2011 04:00:00,-0.177656
6261,29.04.2011 05:00:00,-0.17711
6262,29.04.2011 06:00:00,-0.174824,3.586
6263,29.04.2011 07:00:00,-0.179362
6264,29.04.2011 08:00:00,-0.170054
6265,29.04.2011 09:00:00,-0.171761
6266,29.04.2011 10:00:00,-0.172157
6267,29.04.2011 11:00:00,-0.178054
6268,29.04.2011 12:00:00,-0.172339,3.589
6269,29.04.2011 13:00:00,-0.183171
6270,29.04.2011 14:00:00,-0.170816
6271,29.04.2011 15:00:00,-0.173864
6272,29.04.2011 16:00:00,-0.175768
6273,29.04.2011 17:00:00,-0.175371
6274,29.04.2011 18:00:00,-0.177292,3.586
6275,29.04.2011 19:00:00,-0.172522
6276,29.04.2011 20:00:00,-0.174626
6277,29.04.2011 21:00:00,-0.166278
6278,29.04.2011 22:00:00,-0.167802
6279,29.04.2011 23:00:00,-0.170054
6280,30.04.2011 00:00:00,-0.172705,3.587
6281,30.04.2011 01:00:00,-0.170816
6282,30.04.2011 02:00:00,-0.172339
6283,30.04.2011 03:00:00,-0.167006
6284,30.04.2011 04:00:00,-0.166278
6285,30.04.2011 05:00:00,-0.173864
6286,30.04.2011 06:00:00,-0.170816,3.589
6287,30.04.2011 07:00:00,-0.178998
6288,30.04.2011 08:00:00,-0.172522
6289,30.04.2011 09:00:00,-0.162651
6290,30.04.2011 10:00:00,-0.170269
6291,30.04.2011 11:00:00,-0.169872
6292,30.04.2011 12:00:00,-0.173682,3.587
6293,30.04.2011 13:00:00,-0.179727
6294,30.04.2011 14:00:00,-0.173101
6295,30.04.2011 15:00:00,-0.170999
6296,30.04.2011 16:00:00,-0.166278
6297,30.04.2011 17:00:00,-0.169292
6298,30.04.2011 18:00:00,-0.166824,3.587
6299,30.04.2011 19:00:00,-0.165516
6300,30.04.2011 20:00:00,-0.163048
6301,30.04.2011 21:00:00,-0.16853
6302,30.04.2011 22:00:00,-0.165516
6303,30.04.2011 23:00:00,-0.167222
6304,01.05.2011 00:00:00,-0.163992,3.587
6305,01.05.2011 01:00:00,-0.168348
6306,01.05.2011 02:00:00,-0.16969
6307,01.05.2011 03:00:00,-0.167006
6308,01.05.2011 04:00:00,-0.16381
6309,01.05.2011 05:00:00,-0.170237
6310,01.05.2011 06:00:00,-0.171943,3.587
6311,01.05.2011 07:00:00,-0.170816
6312,01.05.2011 08:00:00,-0.162469
6313,01.05.2011 09:00:00,-0.165698
6314,01.05.2011 10:00:00,-0.167222
6315,01.05.2011 11:00:00,-0.165118
6316,01.05.2011 12:00:00,-0.163445,3.588
6317,01.05.2011 13:00:00,-0.166278
6318,01.05.2011 14:00:00,-0.165698
6319,01.05.2011 15:00:00,-0.160565
6320,01.05.2011 16:00:00,-0.166062
6321,01.05.2011 17:00:00,-0.159421
6322,01.05.2011 18:00:00,-0.163992,3.590
6323,01.05.2011 19:00:00,-0.171975
6324,01.05.2011 20:00:00,-0.164174
6325,01.05.2011 21:00:00,-0.165698
6326,01.05.2011 22:00:00,-0.165334
6327,01.05.2011 23:00:00,-0.162469
6328,02.05.2011 00:00:00,-0.161144,3.587
6329,02.05.2011 01:00:00,-0.160763
6330,02.05.2011 02:00:00,-0.162104
6331,02.05.2011 03:00:00,-0.161889
6332,02.05.2011 04:00:00,-0.158279
6333,02.05.2011 05:00:00,-0.159224
6334,02.05.2011 06:00:00,-0.159621,3.590
6335,02.05.2011 07:00:00,-0.165698
6336,02.05.2011 08:00:00,-0.160763
6337,02.05.2011 09:00:00,-0.159041
6338,02.05.2011 10:00:00,-0.161707
6339,02.05.2011 11:00:00,-0.162469
6340,02.05.2011 12:00:00,-0.159621,3.588
6341,02.05.2011 13:00:00,-0.16646
6342,02.05.2011 14:00:00,-0.158859
6343,02.05.2011 15:00:00,-0.155993
6344,02.05.2011 16:00:00,-0.161343
6345,02.05.2011 17:00:00,-0.160565
6346,02.05.2011 18:00:00,-0.159041,3.588
6347,02.05.2011 19:00:00,-0.163628
6348,02.05.2011 20:00:00,-0.157915
6349,02.05.2011 21:00:00,-0.155993
6350,02.05.2011 22:00:00,-0.15316
6351,02.05.2011 23:00:00,-0.157153
6352,03.05.2011 00:00:00,-0.160945,3.587
6353,03.05.2011 01:00:00,-0.158859
6354,03.05.2011 02:00:00,-0.160565
6355,03.05.2011 03:00:00,-0.156391
6356,03.05.2011 04:00:00,-0.154684
6357,03.05.2011 05:00:00,-0.157335
6358,03.05.2011 06:00:00,-0.158279,3.585
6359,03.05.2011 07:00:00,-0.15432
6360,03.05.2011 08:00:00,-0.157733
6361,03.05.2011 09:00:00,-0.158677
6362,03.05.2011 10:00:00,-0.152034
6363,03.05.2011 11:00:00,-0.152581
6364,03.05.2011 12:00:00,-0.155993,3.587
6365,03.05.2011 13:00:00,-0.156971
6366,03.05.2011 14:00:00,-0.153525
6367,03.05.2011 15:00:00,-0.154502
6368,03.05.2011 16:00:00,-0.158097
6369,03.05.2011 17:00:00,-0.150328
6370,03.05.2011 18:00:00,-0.15374,3.588
6371,03.05.2011 19:00:00,-0.159621
6372,03.05.2011 20:00:00,-0.157551
6373,03.05.2011 21:00:00,-0.158859
6374,03.05.2011 22:00:00,-0.15432
6375,03.05.2011 23:00:00,-0.149749
6376,04.05.2011 00:00:00,-0.150511,3.587
6377,04.05.2011 01:00:00,-0.145939
6378,04.05.2011 02:00:00,-0.150328
6379,04.05.2011 03:00:00,-0.152398
6380,04.05.2011 04:00:00,-0.156755
6381,04.05.2011 05:00:00,-0.149931
6382,04.05.2011 06:00:00,-0.153342,3.586
6383,04.05.2011 07:00:00,-0.155629
6384,04.05.2011 08:00:00,-0.154502
6385,04.05.2011 09:00:00,-0.151272
6386,04.05.2011 10:00:00,-0.15109
6387,04.05.2011 11:00:00,-0.147861
6388,04.05.2011 12:00:00,-0.146321,3.588
6389,04.05.2011 13:00:00,-0.144979
6390,04.05.2011 14:00:00,-0.149169
6391,04.05.2011 15:00:00,-0.151819
6392,04.05.2011 16:00:00,-0.150511
6393,04.05.2011 17:00:00,-0.143853
6394,04.05.2011 18:00:00,-0.144979,3.589
6395,04.05.2011 19:00:00,-0.144035
6396,04.05.2011 20:00:00,-0.148225
6397,04.05.2011 21:00:00,-0.148805
6398,04.05.2011 22:00:00,-0.147281
6399,04.05.2011 23:00:00,-0.146519
6400,05.05.2011 00:00:00,-0.145559,3.586
6401,05.05.2011 01:00:00,-0.147463
6402,05.05.2011 02:00:00,-0.148623
6403,05.05.2011 03:00:00,-0.145559
6404,05.05.2011 04:00:00,-0.149384
6405,05.05.2011 05:00:00,-0.148987
6406,05.05.2011 06:00:00,-0.146321,3.587
6407,05.05.2011 07:00:00,-0.151272
6408,05.05.2011 08:00:00,-0.150328
6409,05.05.2011 09:00:00,-0.152398
6410,05.05.2011 10:00:00,-0.150511
6411,05.05.2011 11:00:00,-0.153342
6412,05.05.2011 12:00:00,-0.149567,3.589
6413,05.05.2011 13:00:00,-0.144035
6414,05.05.2011 14:00:00,-0.148987
6415,05.05.2011 15:00:00,-0.146321
6416,05.05.2011 16:00:00,-0.148805
6417,05.05.2011 17:00:00,-0.149931
6418,05.05.2011 18:00:00,-0.144218,3.586
6419,05.05.2011 19:00:00,-0.144035
6420,05.05.2011 20:00:00,-0.146321
6421,05.05.2011 21:00:00,-0.139862
6422,05.05.2011 22:00:00,-0.145195
6423,05.05.2011 23:00:00,-0.144433
6424,06.05.2011 00:00:00,-0.14233,3.589
6425,06.05.2011 01:00:00,-0.1391
6426,06.05.2011 02:00:00,-0.136267
6427,06.05.2011 03:00:00,-0.137973
6428,06.05.2011 04:00:00,-0.145939
6429,06.05.2011 05:00:00,-0.14175
6430,06.05.2011 06:00:00,-0.14026,3.587
6431,06.05.2011 07:00:00,-0.133237
6432,06.05.2011 08:00:00,-0.132839
6433,06.05.2011 09:00:00,-0.134743
6434,06.05.2011 10:00:00,-0.138187
6435,06.05.2011 11:00:00,-0.138918
6436,06.05.2011 12:00:00,-0.133219,3.586
6437,06.05.2011 13:00:00,-0.128484
6438,06.05.2011 14:00:00,-0.130736
6439,06.05.2011 15:00:00,-0.137973
6440,06.05.2011 16:00:00,-0.133601
6441,06.05.2011 17:00:00,-0.134561
6442,06.05.2011 18:00:00,-0.133402,3.585
6443,06.05.2011 19:00:00,-0.130554
6444,06.05.2011 20:00:00,-0.131895
6445,06.05.2011 21:00:00,-0.126778
6446,06.05.2011 22:00:00,-0.129246
6447,06.05.2011 23:00:00,-0.125834
6448,07.05.2011 00:00:00,-0.128666,3.587
6449,07.05.2011 01:00:00,-0.128086
6450,07.05.2011 02:00:00,-0.125436
6451,07.05.2011 03:00:00,-0.119555
6452,07.05.2011 04:00:00,-0.115184
6453,07.05.2011 05:00:00,-0.118596
6454,07.05.2011 06:00:00,-0.1205,3.590
6455,07.05.2011 07:00:00,-0.122602
6456,07.05.2011 08:00:00,-0.121476
6457,07.05.2011 09:00:00,-0.12242
6458,07.05.2011 10:00:00,-0.119738
6459,07.05.2011 11:00:00,-0.11747
6460,07.05.2011 12:00:00,-0.115764,3.586
6461,07.05.2011 13:00:00,-0.113842
6462,07.05.2011 14:00:00,-0.120317
6463,07.05.2011 15:00:00,-0.116708
6464,07.05.2011 16:00:00,-0.114604
6465,07.05.2011 17:00:00,-0.11366
6466,07.05.2011 18:00:00,-0.118414,3.587
6467,07.05.2011 19:00:00,-0.11631
6468,07.05.2011 20:00:00,-0.113478
6469,07.05.2011 21:00:00,-0.113842
6470,07.05.2011 22:00:00,-0.11424
6471,07.05.2011 23:00:00,-0.111772
6472,08.05.2011 00:00:00,-0.112716,3.590
6473,08.05.2011 01:00:00,-0.112898
6474,08.05.2011 02:00:00,-0.119738
6475,08.05.2011 03:00:00,-0.107962
6476,08.05.2011 04:00:00,-0.106835
6477,08.05.2011 05:00:00,-0.118016
6478,08.05.2011 06:00:00,-0.115366,3.587
6479,08.05.2011 07:00:00,-0.107414
6480,08.05.2011 08:00:00,-0.106653
6481,08.05.2011 09:00:00,-0.108725
6482,08.05.2011 10:00:00,-0.108542
6483,08.05.2011 11:00:00,-0.10475
6484,08.05.2011 12:00:00,-0.109122,3.587
6485,08.05.2011 13:00:00,-0.103408
6486,08.05.2011 14:00:00,-0.109487
6487,08.05.2011 15:00:00,-0.112319
6488,08.05.2011 16:00:00,-0.108907
6489,08.05.2011 17:00:00,-0.104352
6490,08.05.2011 18:00:00,-0.10417,3.590
6491,08.05.2011 19:00:00,-0.108144
6492,08.05.2011 20:00:00,-0.101702
6493,08.05.2011 21:00:00,-0.107232
6494,08.05.2011 22:00:00,-0.100758
6495,08.05.2011 23:00:00,-0.102828
6496,09.05.2011 00:00:00,-0.101702,3.586
6497,09.05.2011 01:00:00,-0.1072
6498,09.05.2011 02:00:00,-0.10152
6499,09.05.2011 03:00:00,-0.100758
6500,09.05.2011 04:00:00,-0.110613
6501,09.05.2011 05:00:00,-0.0990515
6502,09.05.2011 06:00:00,-0.0967665,3.587
6503,09.05.2011 07:00:00,-0.102248
6504,09.05.2011 08:00:00,-0.100361
6505,09.05.2011 09:00:00,-0.100575
6506,09.05.2011 10:00:00,-0.102464
6507,09.05.2011 11:00:00,-0.100575
6508,09.05.2011 12:00:00,-0.0990515,3.590
6509,09.05.2011 13:00:00,-0.102828
6510,09.05.2011 14:00:00,-0.0942984
6511,09.05.2011 15:00:00,-0.105676
6512,09.05.2011 16:00:00,-0.104352
6513,09.05.2011 17:00:00,-0.0971308
6514,09.05.2011 18:00:00,-0.0960045,3.587
6515,09.05.2011 19:00:00,-0.100361
6516,09.05.2011 20:00:00,-0.094696
6517,09.05.2011 21:00:00,-0.0984726
6518,09.05.2011 22:00:00,-0.0986547
6519,09.05.2011 23:00:00,-0.0986547
6520,10.05.2011 00:00:00,-0.0933533,3.589
6521,10.05.2011 01:00:00,-0.10152
6522,10.05.2011 02:00:00,-0.0973463
6523,10.05.2011 03:00:00,-0.0948782
6524,10.05.2011 04:00:00,-0.0944805
6525,10.05.2011 05:00:00,-0.0954247
6526,10.05.2011 06:00:00,-0.0946627,3.587
6527,10.05.2011 07:00:00,-0.0956402
6528,10.05.2011 08:00:00,-0.0948782
6529,10.05.2011 09:00:00,-0.0914497
6530,10.05.2011 10:00:00,-0.0965843
6531,10.05.2011 11:00:00,-0.0893469
6532,10.05.2011 12:00:00,-0.091814,3.587
6533,10.05.2011 13:00:00,-0.0958223
6534,10.05.2011 14:00:00,-0.0866966
6535,10.05.2011 15:00:00,-0.0999956
6536,10.05.2011 16:00:00,-0.0922117
6537,10.05.2011 17:00:00,-0.0874586
6538,10.05.2011 18:00:00,-0.0967665,3.587
6539,10.05.2011 19:00:00,-0.096981
6540,10.05.2011 20:00:00,-0.0956402
6541,10.05.2011 21:00:00,-0.0902901
6542,10.05.2011 22:00:00,-0.0889816
6543,10.05.2011 23:00:00,-0.0905056
6544,11.05.2011 00:00:00,-0.0861168,3.585
6545,11.05.2011 01:00:00,-0.0920115
6546,11.05.2011 02:00:00,-0.0931711
6547,11.05.2011 03:00:00,-0.0927734
6548,11.05.2011 04:00:00,-0.0849905
6549,11.05.2011 05:00:00,-0.0889816
6550,11.05.2011 06:00:00,-0.0923939,3.587
6551,11.05.2011 07:00:00,-0.0901079
6552,11.05.2011 08:00:00,-0.0893469
6553,11.05.2011 09:00:00,-0.0876408
6554,11.05.2011 10:00:00,-0.0901079
6555,11.05.2011 11:00:00,-0.0851727
6556,11.05.2011 12:00:00,-0.0855703,3.588
6557,11.05.2011 13:00:00,-0.0884027
6558,11.05.2011 14:00:00,-0.0889816
6559,11.05.2011 15:00:00,-0.0872765
6560,11.05.2011 16:00:00,-0.0836487
6561,11.05.2011 17:00:00,-0.0815783
6562,11.05.2011 18:00:00,-0.0870609,3.587
6563,11.05.2011 19:00:00,-0.0880375
6564,11.05.2011 20:00:00,-0.0865145
6565,11.05.2011 21:00:00,-0.0846262
6566,11.05.2011 22:00:00,-0.0899258
6567,11.05.2011 23:00:00,-0.0855703
6568,12.05.2011 00:00:00,-0.0831022,3.585
6569,12.05.2011 01:00:00,-0.0916319
6570,12.05.2011 02:00:00,-0.085537
6571,12.05.2011 03:00:00,-0.0849905
6572,12.05.2011 04:00:00,-0.0859346
6573,12.05.2011 05:00:00,-0.0842285
6574,12.05.2011 06:00:00,-0.0813961,3.588
6575,12.05.2011 07:00:00,-0.0846262
6576,12.05.2011 08:00:00,-0.0791092
6577,12.05.2011 09:00:00,-0.0865145
6578,12.05.2011 10:00:00,-0.0815783
6579,12.05.2011 11:00:00,-0.0829201
6580,12.05.2011 12:00:00,-0.0836487,3.588
6581,12.05.2011 13:00:00,-0.0701666
6582,12.05.2011 14:00:00,-0.0768089
6583,12.05.2011 15:00:00,-0.0771885
6584,12.05.2011 16:00:00,-0.0885849
6585,12.05.2011 17:00:00,-0.0831022
6586,12.05.2011 18:00:00,-0.0758648,3.586
6587,12.05.2011 19:00:00,-0.0834665
6588,12.05.2011 20:00:00,-0.0813637
6589,12.05.2011 21:00:00,-0.0821581
6590,12.05.2011 22:00:00,-0.079689
6591,12.05.2011 23:00:00,-0.0804176
6592,13.05.2011 00:00:00,-0.0792913,3.587
6593,13.05.2011 01:00:00,-0.0817604
6594,13.05.2011 02:00:00,-0.0758648
6595,13.05.2011 03:00:00,-0.0834665
6596,13.05.2011 04:00:00,-0.0811815
6597,13.05.2011 05:00:00,-0.0840464
6598,13.05.2011 06:00:00,-0.0724525,3.589
6599,13.05.2011 07:00:00,-0.0796566
6600,13.05.2011 08:00:00,-0.0779676
6601,13.05.2011 09:00:00,-0.0783472
6602,13.05.2011 10:00:00,-0.0800533
6603,13.05.2011 11:00:00,-0.0817604
6604,13.05.2011 12:00:00,-0.0855703,3.586
6605,13.05.2011 13:00:00,-0.0766268
6606,13.05.2011 14:00:00,-0.0806007
6607,13.05.2011 15:00:00,-0.0758648
6608,13.05.2011 16:00:00,-0.0749207
6609,13.05.2011 17:00:00,-0.0819426
6610,13.05.2011 18:00:00,-0.0794735,3.587
6611,13.05.2011 19:00:00,-0.0800533
6612,13.05.2011 20:00:00,-0.0766268
6613,13.05.2011 21:00:00,-0.0735788
6614,13.05.2011 22:00:00,-0.0768089
6615,13.05.2011 23:00:00,-0.0777683
6616,14.05.2011 00:00:00,-0.075285,3.586
6617,14.05.2011 01:00:00,-0.0713263
6618,14.05.2011 02:00:00,-0.0775709
6619,14.05.2011 03:00:00,-0.0716906
6620,14.05.2011 04:00:00,-0.0703497
6621,14.05.2011 05:00:00,-0.0716906
6622,14.05.2011 06:00:00,-0.0804176,3.587
6623,14.05.2011 07:00:00,-0.0758648
6624,14.05.2011 08:00:00,-0.0762615
6625,14.05.2011 09:00:00,-0.0747385
6626,14.05.2011 10:00:00,-0.0791092
6627,14.05.2011 11:00:00,-0.0764446
6628,14.05.2011 12:00:00,-0.0747385,3.584
6629,14.05.2011 13:00:00,-0.0777683
6630,14.05.2011 14:00:00,-0.0669365
6631,14.05.2011 15:00:00,-0.0416784
6632,14.05.2011 16:00:00,0.0631971
6633,14.05.2011 17:00:00,0.863288
6634,14.05.2011 18:00:00,1.12713,3.603
6635,14.05.2011 19:00:00,0.32587
6636,14.05.2011 20:00:00,0.169222
6637,14.05.2011 21:00:00,0.10651
6638,14.05.2011 22:00:00,0.0458899
6639,14.05.2011 23:00:00,0.0056076
6640,15.05.2011 00:00:00,-0.0331335,3.591
6641,15.05.2011 01:00:00,-0.0432024
6642,15.05.2011 02:00:00,-0.0574474
6643,15.05.2011 03:00:00,-0.0348396
6644,15.05.2011 04:00:00,-0.0308466
6645,15.05.2011 05:00:00,-0.0437813
6646,15.05.2011 06:00:00,-0.0724525,3.586
6647,15.05.2011 07:00:00,-0.0538521
6648,15.05.2011 08:00:00,0.00275993
6649,15.05.2011 09:00:00,0.142802
6650,15.05.2011 10:00:00,0.0772276
6651,15.05.2011 11:00:00,0.815424
6652,15.05.2011 12:00:00,1.08555,3.601
6653,15.05.2011 13:00:00,3.06333
6654,15.05.2011 14:00:00,4.2055
6655,15.05.2011 15:00:00,3.63057
6656,15.05.2011 16:00:00,3.73362
6657,15.05.2011 17:00:00,3.65587
6658,15.05.2011 18:00:00,2.55686,3.614
6659,15.05.2011 19:00:00,2.09494
6660,15.05.2011 20:00:00,1.65013
6661,15.05.2011 21:00:00,1.02269
6662,15.05.2011 22:00:00,0.751873
6663,15.05.2011 23:00:00,0.600937
6664,16.05.2011 00:00:00,0.398309,3.593
6665,16.05.2011 01:00:00,0.254577
6666,16.05.2011 02:00:00,0.189745
6667,16.05.2011 03:00:00,0.124566
6668,16.05.2011 04:00:00,0.103846
6669,16.05.2011 05:00:00,0.0477943
6670,16.05.2011 06:00:00,0.0430574,3.588
6671,16.05.2011 07:00:00,0.0580645
6672,16.05.2011 08:00:00,0.236141
6673,16.05.2011 09:00:00,0.535867
6674,16.05.2011 10:00:00,1.05738
6675,16.05.2011 11:00:00,1.90223
6676,16.05.2011 12:00:00,2.83195,3.615
6677,16.05.2011 13:00:00,3.57178
6678,16.05.2011 14:00:00,4.16695
6679,16.05.2011 15:00:00,4.68917
6680,16.05.2011 16:00:00,5.27938
6681,16.05.2011 17:00:00,5.27438
6682,16.05.2011 18:00:00,4.62398,3.631
6683,16.05.2011 19:00:00,4.09072
6684,16.05.2011 20:00:00,3.12617
6685,16.05.2011 21:00:00,2.33512
6686,16.05.2011 22:00:00,1.7499
6687,16.05.2011 23:00:00,1.20015
6688,17.05.2011 00:00:00,0.814844,3.597
6689,17.05.2011 01:00:00,0.68009
6690,17.05.2011 02:00:00,0.75416
6691,17.05.2011 03:00:00,0.791866
6692,17.05.2011 04:00:00,0.828794
6693,17.05.2011 05:00:00,0.512077
6694,17.05.2011 06:00:00,0.616923,3.597
6695,17.05.2011 07:00:00,0.607381
6696,17.05.2011 08:00:00,0.312387
6697,17.05.2011 09:00:00,0.435562
6698,17.05.2011 10:00:00,0.70827
6699,17.05.2011 11:00:00,1.18032
6700,17.05.2011 12:00:00,1.81521,3.607
6701,17.05.2011 13:00:00,3.03845
6702,17.05.2011 14:00:00,4.13717
6703,17.05.2011 15:00:00,5.25277
6704,17.05.2011 16:00:00,7.70976
6705,17.05.2011 17:00:00,6.50263
6706,17.05.2011 18:00:00,4.15042,3.629
6707,17.05.2011 19:00:00,3.41644
6708,17.05.2011 20:00:00,2.71749
6709,17.05.2011 21:00:00,1.99409
6710,17.05.2011 22:00:00,1.50048
6711,17.05.2011 23:00:00,1.11931
6712,18.05.2011 00:00:00,0.841352,3.597
6713,18.05.2011 01:00:00,0.543469
6714,18.05.2011 02:00:00,0.468113
6715,18.05.2011 03:00:00,0.467202
6716,18.05.2011 04:00:00,0.427778
6717,18.05.2011 05:00:00,0.244505
6718,18.05.2011 06:00:00,0.165991,3.592
6719,18.05.2011 07:00:00,0.146977
6720,18.05.2011 08:00:00,0.336505
6721,18.05.2011 09:00:00,0.494534
6722,18.05.2011 10:00:00,0.46924
6723,18.05.2011 11:00:00,0.441642
6724,18.05.2011 12:00:00,0.834493,3.596
6725,18.05.2011 13:00:00,1.3288
6726,18.05.2011 14:00:00,2.09414
6727,18.05.2011 15:00:00,2.83548
6728,18.05.2011 16:00:00,2.54707
6729,18.05.2011 17:00:00,1.66405
6730,18.05.2011 18:00:00,1.03874,3.597
6731,18.05.2011 19:00:00,0.758499
6732,18.05.2011 20:00:00,0.452493
6733,18.05.2011 21:00:00,0.209704
6734,18.05.2011 22:00:00,0.104407
6735,18.05.2011 23:00:00,0.0628004
6736,19.05.2011 00:00:00,0.0605145,3.588
6737,19.05.2011 01:00:00,0.0314312
6738,19.05.2011 02:00:00,0.00978279
6739,19.05.2011 03:00:00,-0.0015974
6740,19.05.2011 04:00:00,-0.0154762
6741,19.05.2011 05:00:00,-0.0201969
6742,19.05.2011 06:00:00,-0.0236254,3.589
6743,19.05.2011 07:00:00,-0.0314264
6744,19.05.2011 08:00:00,-0.0249672
6745,19.05.2011 09:00:00,-0.0177622
6746,19.05.2011 10:00:00,0.00370407
6747,19.05.2011 11:00:00,0.102686
6748,19.05.2011 12:00:00,0.312965,3.588
6749,19.05.2011 13:00:00,0.844036
6750,19.05.2011 14:00:00,1.8251
6751,19.05.2011 15:00:00,1.38949
6752,19.05.2011 16:00:00,1.63946
6753,19.05.2011 17:00:00,1.49997
6754,19.05.2011 18:00:00,0.65138,3.594
6755,19.05.2011 19:00:00,0.317504
6756,19.05.2011 20:00:00,0.136524
6757,19.05.2011 21:00:00,0.0567226
6758,19.05.2011 22:00:00,0.00484562
6759,19.05.2011 23:00:00,-0.0148964
6760,20.05.2011 00:00:00,-0.0281963,3.590
6761,20.05.2011 01:00:00,-0.0395746
6762,20.05.2011 02:00:00,-0.0559235
6763,20.05.2011 03:00:00,-0.0542164
6764,20.05.2011 04:00:00,-0.053669
6765,20.05.2011 05:00:00,-0.0469799
6766,20.05.2011 06:00:00,-0.0485039,3.588
6767,20.05.2011 07:00:00,-0.0547962
6768,20.05.2011 08:00:00,-0.0574474
6769,20.05.2011 09:00:00,-0.0561056
6770,20.05.2011 10:00:00,-0.0593681
6771,20.05.2011 11:00:00,-0.0582085
6772,20.05.2011 12:00:00,-0.0553751,3.586
6773,20.05.2011 13:00:00,-0.0629292
6774,20.05.2011 14:00:00,-0.0515661
6775,20.05.2011 15:00:00,-0.0230789
6776,20.05.2011 16:00:00,0.0387011
6777,20.05.2011 17:00:00,0.0871325
6778,20.05.2011 18:00:00,0.152508,3.591
6779,20.05.2011 19:00:00,0.112971
6780,20.05.2011 20:00:00,0.0667925
6781,20.05.2011 21:00:00,0.0107269
6782,20.05.2011 22:00:00,-0.0190706
6783,20.05.2011 23:00:00,-0.0384483
6784,21.05.2011 00:00:00,-0.0450916,3.589
6785,21.05.2011 01:00:00,-0.0489006
6786,21.05.2011 02:00:00,-0.0464334
6787,21.05.2011 03:00:00,-0.0498447
6788,21.05.2011 04:00:00,-0.0500269
6789,21.05.2011 05:00:00,-0.0574474
6790,21.05.2011 06:00:00,-0.0665712,3.586
6791,21.05.2011 07:00:00,-0.0587883
6792,21.05.2011 08:00:00,-0.0610743
6793,21.05.2011 09:00:00,-0.061985
6794,21.05.2011 10:00:00,-0.0604944
6795,21.05.2011 11:00:00,-0.0595503
6796,21.05.2011 12:00:00,-0.0604944,3.587
6797,21.05.2011 13:00:00,-0.0591526
6798,21.05.2011 14:00:00,-0.0504246
6799,21.05.2011 15:00:00,-0.0439644
6800,21.05.2011 16:00:00,-0.0299025
6801,21.05.2011 17:00:00,-0.00217724
6802,21.05.2011 18:00:00,0.00294209,3.587
6803,21.05.2011 19:00:00,-0.0035181
6804,21.05.2011 20:00:00,-0.0190706
6805,21.05.2011 21:00:00,-0.0377045
6806,21.05.2011 22:00:00,-0.0361805
6807,21.05.2011 23:00:00,-0.0485039
6808,22.05.2011 00:00:00,-0.0517664,3.586
6809,22.05.2011 01:00:00,-0.053669
6810,22.05.2011 02:00:00,-0.0540342
6811,22.05.2011 03:00:00,-0.0652304
6812,22.05.2011 04:00:00,-0.072999
6813,22.05.2011 05:00:00,-0.075285
6814,22.05.2011 06:00:00,-0.0836487,3.581
6815,22.05.2011 07:00:00,-0.0834665
6816,22.05.2011 08:00:00,-0.0916319
6817,22.05.2011 09:00:00,-0.0958223
6818,22.05.2011 10:00:00,-0.0859346
6819,22.05.2011 11:00:00,-0.0806332
6820,22.05.2011 12:00:00,-0.0739765,3.583
6821,22.05.2011 13:00:00,-0.0637064
6822,22.05.2011 14:00:00,-0.0528746
6823,22.05.2011 15:00:00,-0.0393925
6824,22.05.2011 16:00:00,-0.00254154
6825,22.05.2011 17:00:00,0.0238771
6826,22.05.2011 18:00:00,0.0920515,3.588
6827,22.05.2011 19:00:00,0.129867
6828,22.05.2011 20:00:00,0.125295
6829,22.05.2011 21:00:00,0.0648708
6830,22.05.2011 22:00:00,0.0295429
6831,22.05.2011 23:00:00,0.00333977
6832,23.05.2011 00:00:00,-0.0151119,3.586
6833,23.05.2011 01:00:00,-0.0209589
6834,23.05.2011 02:00:00,-0.0310621
6835,23.05.2011 03:00:00,-0.0246019
6836,23.05.2011 04:00:00,-0.0243874
6837,23.05.2011 05:00:00,-0.0308466
6838,23.05.2011 06:00:00,-0.0335312,3.587
6839,23.05.2011 07:00:00,-0.0327692
6840,23.05.2011 08:00:00,-0.0375042
6841,23.05.2011 09:00:00,-0.041132
6842,23.05.2011 10:00:00,-0.0426226
6843,23.05.2011 11:00:00,-0.0462503
6844,23.05.2011 12:00:00,-0.0428381,3.589
6845,23.05.2011 13:00:00,-0.0350218
6846,23.05.2011 14:00:00,0.0398273
6847,23.05.2011 15:00:00,0.731098
6848,23.05.2011 16:00:00,1.05262
6849,23.05.2011 17:00:00,1.1527
6850,23.05.2011 18:00:00,1.18776,3.602
6851,23.05.2011 19:00:00,0.998314
6852,23.05.2011 20:00:00,0.919251
6853,23.05.2011 21:00:00,0.615961
6854,23.05.2011 22:00:00,0.387094
6855,23.05.2011 23:00:00,0.266536
6856,24.05.2011 00:00:00,0.199633,3.588
6857,24.05.2011 01:00:00,0.14262
6858,24.05.2011 02:00:00,0.117146
6859,24.05.2011 03:00:00,0.0702047
6860,24.05.2011 04:00:00,0.0573025
6861,24.05.2011 05:00:00,0.0333519
6862,24.05.2011 06:00:00,0.0101795,3.587
6863,24.05.2011 07:00:00,-0.00330353
6864,24.05.2011 08:00:00,-0.0226994
6865,24.05.2011 09:00:00,-0.0175467
6866,24.05.2011 10:00:00,-0.0192862
6867,24.05.2011 11:00:00,-0.0050087
6868,24.05.2011 12:00:00,0.182307,3.590
6869,24.05.2011 13:00:00,1.04248
6870,24.05.2011 14:00:00,1.88743
6871,24.05.2011 15:00:00,3.02218
6872,24.05.2011 16:00:00,4.05294
6873,24.05.2011 17:00:00,3.82612
6874,24.05.2011 18:00:00,3.82167,3.621
6875,24.05.2011 19:00:00,3.08538
6876,24.05.2011 20:00:00,2.39855
6877,24.05.2011 21:00:00,1.63487
6878,24.05.2011 22:00:00,1.03791
6879,24.05.2011 23:00:00,0.769965
6880,25.05.2011 00:00:00,0.687529,3.594
6881,25.05.2011 01:00:00,0.623765
6882,25.05.2011 02:00:00,0.53605
6883,25.05.2011 03:00:00,0.440565
6884,25.05.2011 04:00:00,0.306307
6885,25.05.2011 05:00:00,0.246029
6886,25.05.2011 06:00:00,0.22438,3.588
6887,25.05.2011 07:00:00,0.238409
6888,25.05.2011 08:00:00,0.282917
6889,25.05.2011 09:00:00,0.307781
6890,25.05.2011 10:00:00,0.360092
6891,25.05.2011 11:00:00,0.434469
6892,25.05.2011 12:00:00,0.630624,3.592
6893,25.05.2011 13:00:00,0.836813
6894,25.05.2011 14:00:00,0.916835
6895,25.05.2011 15:00:00,1.15441
6896,25.05.2011 16:00:00,1.57802
6897,25.05.2011 17:00:00,1.74025
6898,25.05.2011 18:00:00,1.35437,3.600
6899,25.05.2011 19:00:00,1.01296
6900,25.05.2011 20:00:00,0.847829
6901,25.05.2011 21:00:00,0.733965
6902,25.05.2011 22:00:00,0.601865
6903,25.05.2011 23:00:00,0.571631
6904,26.05.2011 00:00:00,0.527302,3.591
6905,26.05.2011 01:00:00,0.462629
6906,26.05.2011 02:00:00,0.387856
6907,26.05.2011 03:00:00,0.255951
6908,26.05.2011 04:00:00,0.19738
6909,26.05.2011 05:00:00,0.206871
6910,26.05.2011 06:00:00,0.185603,3.587
6911,26.05.2011 07:00:00,0.137684
6912,26.05.2011 08:00:00,0.177586
6913,26.05.2011 09:00:00,0.213331
6914,26.05.2011 10:00:00,0.496457
6915,26.05.2011 11:00:00,0.909146
6916,26.05.2011 12:00:00,1.69806,3.602
6917,26.05.2011 13:00:00,2.25594
6918,26.05.2011 14:00:00,2.75068
6919,26.05.2011 15:00:00,3.58417
6920,26.05.2011 16:00:00,3.97952
6921,26.05.2011 17:00:00,3.70804
6922,26.05.2011 18:00:00,4.04057,3.625
6923,26.05.2011 19:00:00,3.29388
6924,26.05.2011 20:00:00,2.78701
6925,26.05.2011 21:00:00,2.32719
6926,26.05.2011 22:00:00,1.89454
6927,26.05.2011 23:00:00,1.54149
6928,27.05.2011 00:00:00,1.05735,3.598
6929,27.05.2011 01:00:00,0.832605
6930,27.05.2011 02:00:00,0.686369
6931,27.05.2011 03:00:00,0.59789
6932,27.05.2011 04:00:00,0.467351
6933,27.05.2011 05:00:00,0.38822
6934,27.05.2011 06:00:00,0.325687,3.591
6935,27.05.2011 07:00:00,0.273394
6936,27.05.2011 08:00:00,0.242038
6937,27.05.2011 09:00:00,0.158753
6938,27.05.2011 10:00:00,0.131392
6939,27.05.2011 11:00:00,0.20399
6940,27.05.2011 12:00:00,0.493226,3.588
6941,27.05.2011 13:00:00,1.24895
6942,27.05.2011 14:00:00,2.14155
6943,27.05.2011 15:00:00,2.50576
6944,27.05.2011 16:00:00,2.37065
6945,27.05.2011 17:00:00,3.3283
6946,27.05.2011 18:00:00,2.75815,3.610
6947,27.05.2011 19:00:00,1.92235
6948,27.05.2011 20:00:00,1.30722
6949,27.05.2011 21:00:00,0.923461
6950,27.05.2011 22:00:00,0.701925
6951,27.05.2011 23:00:00,0.550642
6952,28.05.2011 00:00:00,0.425276,3.592
6953,28.05.2011 01:00:00,0.344687
6954,28.05.2011 02:00:00,0.284806
6955,28.05.2011 03:00:00,0.214093
6956,28.05.2011 04:00:00,0.150405
6957,28.05.2011 05:00:00,0.102504
6958,28.05.2011 06:00:00,0.0654831,3.585
6959,28.05.2011 07:00:00,0.0257654
6960,28.05.2011 08:00:00,-0.00101757
6961,28.05.2011 09:00:00,-0.0325527
6962,28.05.2011 10:00:00,-0.0692234
6963,28.05.2011 11:00:00,-0.0901079
6964,28.05.2011 12:00:00,-0.0831022,3.584
6965,28.05.2011 13:00:00,-0.0733967
6966,28.05.2011 14:00:00,-0.0289583
6967,28.05.2011 15:00:00,0.00999737
6968,28.05.2011 16:00:00,0.226996
6969,28.05.2011 17:00:00,0.702538
6970,28.05.2011 18:00:00,2.74446,3.614
6971,28.05.2011 19:00:00,2.95498
6972,28.05.2011 20:00:00,2.68727
6973,28.05.2011 21:00:00,2.29757
6974,28.05.2011 22:00:00,1.9904
6975,28.05.2011 23:00:00,1.7463
6976,29.05.2011 00:00:00,1.36883,3.597
6977,29.05.2011 01:00:00,0.993361
6978,29.05.2011 02:00:00,0.774107
6979,29.05.2011 03:00:00,0.554901
6980,29.05.2011 04:00:00,0.419826
6981,29.05.2011 05:00:00,0.337267
6982,29.05.2011 06:00:00,0.294497,3.590
6983,29.05.2011 07:00:00,0.24868
6984,29.05.2011 08:00:00,0.212205
6985,29.05.2011 09:00:00,0.179292
6986,29.05.2011 10:00:00,0.212354
6987,29.05.2011 11:00:00,0.488256
6988,29.05.2011 12:00:00,1.13073,3.602
6989,29.05.2011 13:00:00,2.19544
6990,29.05.2011 14:00:00,2.92445
6991,29.05.2011 15:00:00,3.36188
6992,29.05.2011 16:00:00,2.55418
6993,29.05.2011 17:00:00,2.67354
6994,29.05.2011 18:00:00,3.00532,3.616
6995,29.05.2011 19:00:00,3.0198
6996,29.05.2011 20:00:00,2.75419
6997,29.05.2011 21:00:00,2.54587
6998,29.05.2011 22:00:00,2.33064
6999,29.05.2011 23:00:00,2.07842
7000,30.05.2011 00:00:00,1.93711,3.601
7001,30.05.2011 01:00:00,1.82195
7002,30.05.2011 02:00:00,1.53145
7003,30.05.2011 03:00:00,1.29773
7004,30.05.2011 04:00:00,1.15628
7005,30.05.2011 05:00:00,1.00307
7006,30.05.2011 06:00:00,0.87467,3.592
7007,30.05.2011 07:00:00,0.722518
7008,30.05.2011 08:00:00,0.744584
7009,30.05.2011 09:00:00,1.01586
7010,30.05.2011 10:00:00,1.20869
7011,30.05.2011 11:00:00,1.9657
7012,30.05.2011 12:00:00,2.37505,3.611
7013,30.05.2011 13:00:00,2.59666
7014,30.05.2011 14:00:00,3.42626
7015,30.05.2011 15:00:00,4.23913
7016,30.05.2011 16:00:00,4.96717
7017,30.05.2011 17:00:00,5.04437
7018,30.05.2011 18:00:00,4.32228,3.624
7019,30.05.2011 19:00:00,3.76047
7020,30.05.2011 20:00:00,3.03528
7021,30.05.2011 21:00:00,2.12928
7022,30.05.2011 22:00:00,1.76839
7023,30.05.2011 23:00:00,1.66518
7024,31.05.2011 00:00:00,1.63925,3.601
7025,31.05.2011 01:00:00,1.58105
7026,31.05.2011 02:00:00,1.36984
7027,31.05.2011 03:00:00,1.06272
7028,31.05.2011 04:00:00,0.960406
7029,31.05.2011 05:00:00,0.96478
7030,31.05.2011 06:00:00,0.77298,3.593
7031,31.05.2011 07:00:00,0.737196
7032,31.05.2011 08:00:00,0.701627
7033,31.05.2011 09:00:00,0.786465
7034,31.05.2011 10:00:00,0.96874
7035,31.05.2011 11:00:00,1.09564
7036,31.05.2011 12:00:00,1.13091,3.599
7037,31.05.2011 13:00:00,2.24825
7038,31.05.2011 14:00:00,2.65073
7039,31.05.2011 15:00:00,1.99348
7040,31.05.2011 16:00:00,1.99134
7041,31.05.2011 17:00:00,1.88675
7042,31.05.2011 18:00:00,2.2669,3.608
7043,31.05.2011 19:00:00,1.79593
7044,31.05.2011 20:00:00,1.36633
7045,31.05.2011 21:00:00,1.06858
7046,31.05.2011 22:00:00,1.0038
7047,31.05.2011 23:00:00,0.812955
7048,01.06.2011 00:00:00,0.623765,3.592
7049,01.06.2011 01:00:00,0.538318
7050,01.06.2011 02:00:00,0.450604
7051,01.06.2011 03:00:00,0.351149
7052,01.06.2011 04:00:00,0.292028
7053,01.06.2011 05:00:00,0.237647
7054,01.06.2011 06:00:00,0.189381,3.587
7055,01.06.2011 07:00:00,0.142984
7056,01.06.2011 08:00:00,0.128525
7057,01.06.2011 09:00:00,0.106693
7058,01.06.2011 10:00:00,0.0856085
7059,01.06.2011 11:00:00,0.0850296
7060,01.06.2011 12:00:00,0.0933933,3.587
7061,01.06.2011 13:00:00,0.203261
7062,01.06.2011 14:00:00,0.76216
7063,01.06.2011 15:00:00,2.15262
7064,01.06.2011 16:00:00,3.6917
7065,01.06.2011 17:00:00,5.3542
7066,01.06.2011 18:00:00,6.11798,3.647
7067,01.06.2011 19:00:00,5.76503
7068,01.06.2011 20:00:00,4.72488
7069,01.06.2011 21:00:00,3.88152
7070,01.06.2011 22:00:00,3.22052
7071,01.06.2011 23:00:00,2.66718
7072,02.06.2011 00:00:00,2.22065,3.606
7073,02.06.2011 01:00:00,1.89838
7074,02.06.2011 02:00:00,1.60345
7075,02.06.2011 03:00:00,1.38285
7076,02.06.2011 04:00:00,1.17442
7077,02.06.2011 05:00:00,1.02105
7078,02.06.2011 06:00:00,0.894898,3.594
7079,02.06.2011 07:00:00,0.80401
7080,02.06.2011 08:00:00,0.684298
7081,02.06.2011 09:00:00,0.593897
7082,02.06.2011 10:00:00,0.562686
7083,02.06.2011 11:00:00,0.650619
7084,02.06.2011 12:00:00,0.950134,3.595
7085,02.06.2011 13:00:00,1.65991
7086,02.06.2011 14:00:00,2.41406
7087,02.06.2011 15:00:00,3.36804
7088,02.06.2011 16:00:00,4.63534
7089,02.06.2011 17:00:00,5.00454
7090,02.06.2011 18:00:00,5.62841,3.640
7091,02.06.2011 19:00:00,5.46297
7092,02.06.2011 20:00:00,4.83741
7093,02.06.2011 21:00:00,4.23097
7094,02.06.2011 22:00:00,3.67879
7095,02.06.2011 23:00:00,2.82587
7096,03.06.2011 00:00:00,2.51856,3.608
7097,03.06.2011 01:00:00,2.29068
7098,03.06.2011 02:00:00,1.84802
7099,03.06.2011 03:00:00,1.61924
7100,03.06.2011 04:00:00,1.36146
7101,03.06.2011 05:00:00,1.03856
7102,03.06.2011 06:00:00,0.843092,3.591
7103,03.06.2011 07:00:00,0.695514
7104,03.06.2011 08:00:00,0.600555
7105,03.06.2011 09:00:00,0.511863
7106,03.06.2011 10:00:00,0.460857
7107,03.06.2011 11:00:00,0.535652
7108,03.06.2011 12:00:00,0.861713,3.591
7109,03.06.2011 13:00:00,1.75301
7110,03.06.2011 14:00:00,2.79805
7111,03.06.2011 15:00:00,3.70785
7112,03.06.2011 16:00:00,4.21439
7113,03.06.2011 17:00:00,4.47122
7114,03.06.2011 18:00:00,4.19624,3.625
7115,03.06.2011 19:00:00,3.40833
7116,03.06.2011 20:00:00,2.62768
7117,03.06.2011 21:00:00,2.47853
7118,03.06.2011 22:00:00,2.30613
7119,03.06.2011 23:00:00,2.16596
7120,04.06.2011 00:00:00,1.99809,3.603
7121,04.06.2011 01:00:00,1.88885
7122,04.06.2011 02:00:00,1.67403
7123,04.06.2011 03:00:00,1.43758
7124,04.06.2011 04:00:00,1.25569
7125,04.06.2011 05:00:00,1.07423
7126,04.06.2011 06:00:00,0.903728,3.594
7127,04.06.2011 07:00:00,0.783484
7128,04.06.2011 08:00:00,0.828214
7129,04.06.2011 09:00:00,1.28959
7130,04.06.2011 10:00:00,1.86303
7131,04.06.2011 11:00:00,2.39666
7132,04.06.2011 12:00:00,2.78012,3.614
7133,04.06.2011 13:00:00,3.39195
7134,04.06.2011 14:00:00,3.67535
7135,04.06.2011 15:00:00,4.1686
7136,04.06.2011 16:00:00,4.27452
7137,04.06.2011 17:00:00,4.30854
7138,04.06.2011 18:00:00,4.00758,3.624
7139,04.06.2011 19:00:00,3.75677
7140,04.06.2011 20:00:00,3.33019
7141,04.06.2011 21:00:00,3.07442
7142,04.06.2011 22:00:00,3.07063
7143,04.06.2011 23:00:00,2.96124
7144,05.06.2011 00:00:00,2.61843,3.608
7145,05.06.2011 01:00:00,2.38274
7146,05.06.2011 02:00:00,1.78876
7147,05.06.2011 03:00:00,1.55245
7148,05.06.2011 04:00:00,1.33765
7149,05.06.2011 05:00:00,1.26646
7150,05.06.2011 06:00:00,1.31034,3.595
7151,05.06.2011 07:00:00,1.3887
7152,05.06.2011 08:00:00,1.35471
7153,05.06.2011 09:00:00,1.20965
7154,05.06.2011 10:00:00,1.21404
7155,05.06.2011 11:00:00,1.59399
7156,05.06.2011 12:00:00,1.98106,3.608
7157,05.06.2011 13:00:00,2.68581
7158,05.06.2011 14:00:00,3.36708
7159,05.06.2011 15:00:00,3.94263
7160,05.06.2011 16:00:00,4.88854
7161,05.06.2011 17:00:00,6.08597
7162,05.06.2011 18:00:00,7.19842,3.653
7163,05.06.2011 19:00:00,7.24085
7164,05.06.2011 20:00:00,6.08619
7165,05.06.2011 21:00:00,5.12896
7166,05.06.2011 22:00:00,4.34867
7167,05.06.2011 23:00:00,3.82622
7168,06.06.2011 00:00:00,3.32925,3.617
7169,06.06.2011 01:00:00,2.88263
7170,06.06.2011 02:00:00,2.47667
7171,06.06.2011 03:00:00,2.1532
7172,06.06.2011 04:00:00,1.90491
7173,06.06.2011 05:00:00,1.67171
7174,06.06.2011 06:00:00,1.47609,3.595
7175,06.06.2011 07:00:00,1.40432
7176,06.06.2011 08:00:00,1.35211
7177,06.06.2011 09:00:00,1.34958
7178,06.06.2011 10:00:00,1.38543
7179,06.06.2011 11:00:00,1.56608
7180,06.06.2011 12:00:00,2.06927,3.607
7181,06.06.2011 13:00:00,3.07295
7182,06.06.2011 14:00:00,4.4003
7183,06.06.2011 15:00:00,5.08409
7184,06.06.2011 16:00:00,5.99936
7185,06.06.2011 17:00:00,4.26193
7186,06.06.2011 18:00:00,3.64299,3.617
7187,06.06.2011 19:00:00,3.96447
7188,06.06.2011 20:00:00,3.75128
7189,06.06.2011 21:00:00,3.3413
7190,06.06.2011 22:00:00,3.07921
7191,06.06.2011 23:00:00,2.69014
7192,07.06.2011 00:00:00,2.41595,3.607
7193,07.06.2011 01:00:00,2.17521
7194,07.06.2011 02:00:00,1.89823
7195,07.06.2011 03:00:00,1.69998
7196,07.06.2011 04:00:00,1.61714
7197,07.06.2011 05:00:00,1.44442
7198,07.06.2011 06:00:00,1.3168,3.599
7199,07.06.2011 07:00:00,1.31186
7200,07.06.2011 08:00:00,1.36197
7201,07.06.2011 09:00:00,1.71402
7202,07.06.2011 10:00:00,2.14179
7203,07.06.2011 11:00:00,2.32935
7204,07.06.2011 12:00:00,3.05527,3.614
7205,07.06.2011 13:00:00,3.05207
7206,07.06.2011 14:00:00,3.75292
7207,07.06.2011 15:00:00,4.24339
7208,07.06.2011 16:00:00,4.74629
7209,07.06.2011 17:00:00,5.29507
7210,07.06.2011 18:00:00,4.9121,3.629
7211,07.06.2011 19:00:00,4.0016
7212,07.06.2011 20:00:00,3.33498
7213,07.06.2011 21:00:00,3.08843
7214,07.06.2011 22:00:00,2.71346
7215,07.06.2011 23:00:00,2.1398
7216,08.06.2011 00:00:00,1.83227,3.603
7217,08.06.2011 01:00:00,1.6794
7218,08.06.2011 02:00:00,1.50618
7219,08.06.2011 03:00:00,1.2775
7220,08.06.2011 04:00:00,1.14755
7221,08.06.2011 05:00:00,1.05378
7222,08.06.2011 06:00:00,1.01758,3.594
7223,08.06.2011 07:00:00,1.0705
7224,08.06.2011 08:00:00,1.25029
7225,08.06.2011 09:00:00,1.74749
7226,08.06.2011 10:00:00,2.00679
7227,08.06.2011 11:00:00,2.41062
7228,08.06.2011 12:00:00,2.27792,3.606
7229,08.06.2011 13:00:00,3.09082
7230,08.06.2011 14:00:00,4.05632
7231,08.06.2011 15:00:00,4.57742
7232,08.06.2011 16:00:00,4.69374
7233,08.06.2011 17:00:00,4.29107
7234,08.06.2011 18:00:00,4.31419,3.626
7235,08.06.2011 19:00:00,3.28634
7236,08.06.2011 20:00:00,2.94644
7237,08.06.2011 21:00:00,2.59245
7238,08.06.2011 22:00:00,2.32978
7239,08.06.2011 23:00:00,2.23507
7240,09.06.2011 00:00:00,1.84623,3.599
7241,09.06.2011 01:00:00,1.63964
7242,09.06.2011 02:00:00,1.42724
7243,09.06.2011 03:00:00,1.42175
7244,09.06.2011 04:00:00,1.27793
7245,09.06.2011 05:00:00,1.25395
7246,09.06.2011 06:00:00,1.18395,3.592
7247,09.06.2011 07:00:00,1.06079
7248,09.06.2011 08:00:00,1.21999
7249,09.06.2011 09:00:00,1.45471
7250,09.06.2011 10:00:00,1.5555
7251,09.06.2011 11:00:00,1.69784
7252,09.06.2011 12:00:00,2.3382,3.612
7253,09.06.2011 13:00:00,3.21029
7254,09.06.2011 14:00:00,4.07097
7255,09.06.2011 15:00:00,4.92404
7256,09.06.2011 16:00:00,5.1854
7257,09.06.2011 17:00:00,4.52708
7258,09.06.2011 18:00:00,4.21213,3.624
7259,09.06.2011 19:00:00,3.56757
7260,09.06.2011 20:00:00,3.30328
7261,09.06.2011 21:00:00,2.98069
7262,09.06.2011 22:00:00,2.63162
7263,09.06.2011 23:00:00,2.31291
7264,10.06.2011 00:00:00,2.33152,3.608
7265,10.06.2011 01:00:00,2.3827
7266,10.06.2011 02:00:00,1.97074
7267,10.06.2011 03:00:00,1.72653
7268,10.06.2011 04:00:00,1.6646
7269,10.06.2011 05:00:00,1.55361
7270,10.06.2011 06:00:00,1.37118,3.596
7271,10.06.2011 07:00:00,1.30063
7272,10.06.2011 08:00:00,1.39614
7273,10.06.2011 09:00:00,1.50887
7274,10.06.2011 10:00:00,1.96464
7275,10.06.2011 11:00:00,2.81247
7276,10.06.2011 12:00:00,3.50909,3.619
7277,10.06.2011 13:00:00,4.12102
7278,10.06.2011 14:00:00,4.77791
7279,10.06.2011 15:00:00,5.66734
7280,10.06.2011 16:00:00,6.37704
7281,10.06.2011 17:00:00,6.56299
7282,10.06.2011 18:00:00,6.2805,3.639
7283,10.06.2011 19:00:00,5.59538
7284,10.06.2011 20:00:00,5.00262
7285,10.06.2011 21:00:00,4.78895
7286,10.06.2011 22:00:00,4.52999
7287,10.06.2011 23:00:00,4.31648
7288,11.06.2011 00:00:00,4.25809,3.621
7289,11.06.2011 01:00:00,3.59646
7290,11.06.2011 02:00:00,3.02396
7291,11.06.2011 03:00:00,2.73798
7292,11.06.2011 04:00:00,2.63983
7293,11.06.2011 05:00:00,2.46788
7294,11.06.2011 06:00:00,2.22823,3.604
7295,11.06.2011 07:00:00,2.15036
7296,11.06.2011 08:00:00,2.22163
7297,11.06.2011 09:00:00,2.63053
7298,11.06.2011 10:00:00,3.37305
7299,11.06.2011 11:00:00,3.99165
7300,11.06.2011 12:00:00,4.77653,3.629
7301,11.06.2011 13:00:00,5.47753
7302,11.06.2011 14:00:00,6.30027
7303,11.06.2011 15:00:00,5.96026
7304,11.06.2011 16:00:00,6.16247
7305,11.06.2011 17:00:00,5.73286
7306,11.06.2011 18:00:00,5.32037,3.631
7307,11.06.2011 19:00:00,5.24109
7308,11.06.2011 20:00:00,4.95918
7309,11.06.2011 21:00:00,4.5744
7310,11.06.2011 22:00:00,4.28334
7311,11.06.2011 23:00:00,3.94296
7312,12.06.2011 00:00:00,3.58049,3.615
7313,12.06.2011 01:00:00,3.2014
7314,12.06.2011 02:00:00,3.03979
7315,12.06.2011 03:00:00,2.98906
7316,12.06.2011 04:00:00,2.82239
7317,12.06.2011 05:00:00,2.63641
7318,12.06.2011 06:00:00,2.52911,3.607
7319,12.06.2011 07:00:00,2.64536
7320,12.06.2011 08:00:00,2.92061
7321,12.06.2011 09:00:00,3.44731
7322,12.06.2011 10:00:00,3.57218
7323,12.06.2011 11:00:00,4.02989
7324,12.06.2011 12:00:00,5.03661,3.633
7325,12.06.2011 13:00:00,5.91234
7326,12.06.2011 14:00:00,5.96414
7327,12.06.2011 15:00:00,6.4268
7328,12.06.2011 16:00:00,6.78932
7329,12.06.2011 17:00:00,8.05816
7330,12.06.2011 18:00:00,6.78128,3.640
7331,12.06.2011 19:00:00,5.835
7332,12.06.2011 20:00:00,5.27176
7333,12.06.2011 21:00:00,5.03197
7334,12.06.2011 22:00:00,4.8529
7335,12.06.2011 23:00:00,4.66183
7336,13.06.2011 00:00:00,4.35124,3.622
7337,13.06.2011 01:00:00,4.08773
7338,13.06.2011 02:00:00,3.8026
7339,13.06.2011 03:00:00,3.58802
7340,13.06.2011 04:00:00,3.41886
7341,13.06.2011 05:00:00,3.33871
7342,13.06.2011 06:00:00,3.32454,3.614
7343,13.06.2011 07:00:00,3.31061
7344,13.06.2011 08:00:00,3.43629
7345,13.06.2011 09:00:00,3.91808
7346,13.06.2011 10:00:00,4.27467
7347,13.06.2011 11:00:00,4.59099
7348,13.06.2011 12:00:00,5.18234,3.630
7349,13.06.2011 13:00:00,5.72851
7350,13.06.2011 14:00:00,6.16324
7351,13.06.2011 15:00:00,6.58964
7352,13.06.2011 16:00:00,6.64081
7353,13.06.2011 17:00:00,6.09714
7354,13.06.2011 18:00:00,6.25572,3.639
7355,13.06.2011 19:00:00,5.55939
7356,13.06.2011 20:00:00,5.56626
7357,13.06.2011 21:00:00,5.26146
7358,13.06.2011 22:00:00,4.61708
7359,13.06.2011 23:00:00,4.19759
7360,14.06.2011 00:00:00,3.96175,3.619
7361,14.06.2011 01:00:00,3.64411
7362,14.06.2011 02:00:00,3.32356
7363,14.06.2011 03:00:00,3.23162
7364,14.06.2011 04:00:00,3.04211
7365,14.06.2011 05:00:00,2.84074
7366,14.06.2011 06:00:00,2.78325,3.610
7367,14.06.2011 07:00:00,2.84981
7368,14.06.2011 08:00:00,3.05338
7369,14.06.2011 09:00:00,3.41273
7370,14.06.2011 10:00:00,3.74458
7371,14.06.2011 11:00:00,4.14551
7372,14.06.2011 12:00:00,4.73835,3.627
7373,14.06.2011 13:00:00,5.12355
7374,14.06.2011 14:00:00,5.76876
7375,14.06.2011 15:00:00,6.65603
7376,14.06.2011 16:00:00,6.7145
7377,14.06.2011 17:00:00,6.34556
7378,14.06.2011 18:00:00,6.3632,3.640
7379,14.06.2011 19:00:00,5.63706
7380,14.06.2011 20:00:00,5.27619
7381,14.06.2011 21:00:00,5.01294
7382,14.06.2011 22:00:00,4.67725
7383,14.06.2011 23:00:00,4.18307
7384,15.06.2011 00:00:00,4.19676,3.624
7385,15.06.2011 01:00:00,3.99601
7386,15.06.2011 02:00:00,3.71319
7387,15.06.2011 03:00:00,3.60089
7388,15.06.2011 04:00:00,3.42491
7389,15.06.2011 05:00:00,3.35388
7390,15.06.2011 06:00:00,3.01946,3.609
7391,15.06.2011 07:00:00,2.7464
7392,15.06.2011 08:00:00,2.9294
7393,15.06.2011 09:00:00,3.29206
7394,15.06.2011 10:00:00,3.58681
7395,15.06.2011 11:00:00,3.9549
7396,15.06.2011 12:00:00,4.77411,3.629
7397,15.06.2011 13:00:00,5.42016
7398,15.06.2011 14:00:00,6.01102
7399,15.06.2011 15:00:00,6.889
7400,15.06.2011 16:00:00,6.27903
7401,15.06.2011 17:00:00,8.53961
7402,15.06.2011 18:00:00,8.21001,3.653
7403,15.06.2011 19:00:00,6.05438
7404,15.06.2011 20:00:00,5.69179
7405,15.06.2011 21:00:00,5.32288
7406,15.06.2011 22:00:00,4.92676
7407,15.06.2011 23:00:00,4.42752
7408,16.06.2011 00:00:00,4.09344,3.620
7409,16.06.2011 01:00:00,3.8161
7410,16.06.2011 02:00:00,3.68189
7411,16.06.2011 03:00:00,3.55724
7412,16.06.2011 04:00:00,3.43917
7413,16.06.2011 05:00:00,3.18784
7414,16.06.2011 06:00:00,2.76283,3.606
7415,16.06.2011 07:00:00,2.58708
7416,16.06.2011 08:00:00,3.02807
7417,16.06.2011 09:00:00,3.41508
7418,16.06.2011 10:00:00,4.0276
7419,16.06.2011 11:00:00,4.52809
7420,16.06.2011 12:00:00,5.09436,3.632
7421,16.06.2011 13:00:00,5.57821
7422,16.06.2011 14:00:00,5.10808
7423,16.06.2011 15:00:00,4.22913
7424,16.06.2011 16:00:00,4.58601
7425,16.06.2011 17:00:00,5.74545
7426,16.06.2011 18:00:00,5.24454,3.630
7427,16.06.2011 19:00:00,4.3284
7428,16.06.2011 20:00:00,3.18799
7429,16.06.2011 21:00:00,2.91812
7430,16.06.2011 22:00:00,2.81848
7431,16.06.2011 23:00:00,2.61019
7432,17.06.2011 00:00:00,2.42111,3.607
7433,17.06.2011 01:00:00,2.37465
7434,17.06.2011 02:00:00,2.29257
7435,17.06.2011 03:00:00,2.21926
7436,17.06.2011 04:00:00,2.08138
7437,17.06.2011 05:00:00,1.86676
7438,17.06.2011 06:00:00,1.87955,3.604
7439,17.06.2011 07:00:00,2.07129
7440,17.06.2011 08:00:00,2.3795
7441,17.06.2011 09:00:00,2.69224
7442,17.06.2011 10:00:00,3.09606
7443,17.06.2011 11:00:00,3.55093
7444,17.06.2011 12:00:00,4.1354,3.624
7445,17.06.2011 13:00:00,4.77922
7446,17.06.2011 14:00:00,5.75028
7447,17.06.2011 15:00:00,6.1596
7448,17.06.2011 16:00:00,6.88607
7449,17.06.2011 17:00:00,5.3713
7450,17.06.2011 18:00:00,5.32241,3.633
7451,17.06.2011 19:00:00,5.03152
7452,17.06.2011 20:00:00,4.78874
7453,17.06.2011 21:00:00,4.5722
7454,17.06.2011 22:00:00,4.36725
7455,17.06.2011 23:00:00,4.21856
7456,18.06.2011 00:00:00,3.73754,3.618
7457,18.06.2011 01:00:00,3.40207
7458,18.06.2011 02:00:00,3.22045
7459,18.06.2011 03:00:00,3.17121
7460,18.06.2011 04:00:00,3.13283
7461,18.06.2011 05:00:00,3.05673
7462,18.06.2011 06:00:00,2.7277,3.607
7463,18.06.2011 07:00:00,2.65846
7464,18.06.2011 08:00:00,2.68425
7465,18.06.2011 09:00:00,2.9911
7466,18.06.2011 10:00:00,3.07562
7467,18.06.2011 11:00:00,3.44531
7468,18.06.2011 12:00:00,4.18039,3.625
7469,18.06.2011 13:00:00,4.94934
7470,18.06.2011 14:00:00,5.33195
7471,18.06.2011 15:00:00,4.46049
7472,18.06.2011 16:00:00,5.64834
7473,18.06.2011 17:00:00,5.04718
7474,18.06.2011 18:00:00,3.9124,3.617
7475,18.06.2011 19:00:00,3.15463
7476,18.06.2011 20:00:00,2.92638
7477,18.06.2011 21:00:00,2.80682
7478,18.06.2011 22:00:00,2.41297
7479,18.06.2011 23:00:00,2.3734
7480,19.06.2011 00:00:00,2.27334,3.605
7481,19.06.2011 01:00:00,1.94792
7482,19.06.2011 02:00:00,1.78861
7483,19.06.2011 03:00:00,1.62099
7484,19.06.2011 04:00:00,1.48873
7485,19.06.2011 05:00:00,1.43703
7486,19.06.2011 06:00:00,1.23011,3.598
7487,19.06.2011 07:00:00,1.22688
7488,19.06.2011 08:00:00,1.26954
7489,19.06.2011 09:00:00,1.33493
7490,19.06.2011 10:00:00,1.78491
7491,19.06.2011 11:00:00,2.18409
7492,19.06.2011 12:00:00,2.23143,3.606
7493,19.06.2011 13:00:00,3.00718
7494,19.06.2011 14:00:00,4.14155
7495,19.06.2011 15:00:00,3.83379
7496,19.06.2011 16:00:00,4.27361
7497,19.06.2011 17:00:00,4.19886
7498,19.06.2011 18:00:00,3.58721,3.614
7499,19.06.2011 19:00:00,3.41099
7500,19.06.2011 20:00:00,3.25547
7501,19.06.2011 21:00:00,2.85069
7502,19.06.2011 22:00:00,2.23279
7503,19.06.2011 23:00:00,1.94654
7504,20.06.2011 00:00:00,1.77477,3.601
7505,20.06.2011 01:00:00,1.49138
7506,20.06.2011 02:00:00,1.26804
7507,20.06.2011 03:00:00,1.12848
7508,20.06.2011 04:00:00,1.07627
7509,20.06.2011 05:00:00,1.02202
7510,20.06.2011 06:00:00,0.995317,3.595
7511,20.06.2011 07:00:00,0.994884
7512,20.06.2011 08:00:00,1.06003
7513,20.06.2011 09:00:00,1.06575
7514,20.06.2011 10:00:00,1.22438
7515,20.06.2011 11:00:00,2.10122
7516,20.06.2011 12:00:00,2.82196,3.609
7517,20.06.2011 13:00:00,3.34394
7518,20.06.2011 14:00:00,4.3262
7519,20.06.2011 15:00:00,5.43562
7520,20.06.2011 16:00:00,6.22045
7521,20.06.2011 17:00:00,6.63326
7522,20.06.2011 18:00:00,6.76872,3.645
7523,20.06.2011 19:00:00,6.04232
7524,20.06.2011 20:00:00,4.99846
7525,20.06.2011 21:00:00,4.24349
7526,20.06.2011 22:00:00,3.72495
7527,20.06.2011 23:00:00,3.47248
7528,21.06.2011 00:00:00,3.2239,3.615
7529,21.06.2011 01:00:00,2.94917
7530,21.06.2011 02:00:00,2.57869
7531,21.06.2011 03:00:00,2.02775
7532,21.06.2011 04:00:00,1.83597
7533,21.06.2011 05:00:00,1.82984
7534,21.06.2011 06:00:00,1.78052,3.598
7535,21.06.2011 07:00:00,1.93983
7536,21.06.2011 08:00:00,2.15515
7537,21.06.2011 09:00:00,1.93106
7538,21.06.2011 10:00:00,1.79421
7539,21.06.2011 11:00:00,2.61208
7540,21.06.2011 12:00:00,3.41102,3.616
7541,21.06.2011 13:00:00,4.10816
7542,21.06.2011 14:00:00,4.98001
7543,21.06.2011 15:00:00,5.50461
7544,21.06.2011 16:00:00,5.54015
7545,21.06.2011 17:00:00,6.18766
7546,21.06.2011 18:00:00,5.92279,3.635
7547,21.06.2011 19:00:00,5.08311
7548,21.06.2011 20:00:00,4.56853
7549,21.06.2011 21:00:00,4.25953
7550,21.06.2011 22:00:00,3.82701
7551,21.06.2011 23:00:00,3.47285
7552,22.06.2011 00:00:00,3.28611,3.614
7553,22.06.2011 01:00:00,3.02676
7554,22.06.2011 02:00:00,2.78053
7555,22.06.2011 03:00:00,2.56993
7556,22.06.2011 04:00:00,2.36684
7557,22.06.2011 05:00:00,2.34224
7558,22.06.2011 06:00:00,2.1351,3.599
7559,22.06.2011 07:00:00,2.13846
7560,22.06.2011 08:00:00,2.33797
7561,22.06.2011 09:00:00,2.72052
7562,22.06.2011 10:00:00,3.21864
7563,22.06.2011 11:00:00,3.68162
7564,22.06.2011 12:00:00,4.3937,3.624
7565,22.06.2011 13:00:00,5.12387
7566,22.06.2011 14:00:00,5.49309
7567,22.06.2011 15:00:00,5.61152
7568,22.06.2011 16:00:00,5.37852
7569,22.06.2011 17:00:00,5.36103
7570,22.06.2011 18:00:00,5.7493,3.637
7571,22.06.2011 19:00:00,5.07166
7572,22.06.2011 20:00:00,4.64982
7573,22.06.2011 21:00:00,4.30998
7574,22.06.2011 22:00:00,3.78279
7575,22.06.2011 23:00:00,3.61734
7576,23.06.2011 00:00:00,3.55884,3.614
7577,23.06.2011 01:00:00,3.34972
7578,23.06.2011 02:00:00,3.18686
7579,23.06.2011 03:00:00,3.03475
7580,23.06.2011 04:00:00,2.99037
7581,23.06.2011 05:00:00,2.80054
7582,23.06.2011 06:00:00,2.62933,3.606
7583,23.06.2011 07:00:00,2.64979
7584,23.06.2011 08:00:00,2.98264
7585,23.06.2011 09:00:00,3.37769
7586,23.06.2011 10:00:00,3.66068
7587,23.06.2011 11:00:00,4.10742
7588,23.06.2011 12:00:00,4.50599,3.627
7589,23.06.2011 13:00:00,5.24778
7590,23.06.2011 14:00:00,6.07229
7591,23.06.2011 15:00:00,7.02353
7592,23.06.2011 16:00:00,6.74323
7593,23.06.2011 17:00:00,7.31296
7594,23.06.2011 18:00:00,7.87204,3.652
7595,23.06.2011 19:00:00,7.27194
7596,23.06.2011 20:00:00,6.58488
7597,23.06.2011 21:00:00,5.96843
7598,23.06.2011 22:00:00,5.44414
7599,23.06.2011 23:00:00,5.13973
7600,24.06.2011 00:00:00,4.87944,3.625
7601,24.06.2011 01:00:00,4.45391
7602,24.06.2011 02:00:00,4.20198
7603,24.06.2011 03:00:00,3.90601
7604,24.06.2011 04:00:00,3.71649
7605,24.06.2011 05:00:00,3.61664
7606,24.06.2011 06:00:00,3.45373,3.615
7607,24.06.2011 07:00:00,3.36476
7608,24.06.2011 08:00:00,3.47645
7609,24.06.2011 09:00:00,3.85059
7610,24.06.2011 10:00:00,4.43249
7611,24.06.2011 11:00:00,4.90244
7612,24.06.2011 12:00:00,5.38099,3.632
7613,24.06.2011 13:00:00,5.8904
7614,24.06.2011 14:00:00,6.52861
7615,24.06.2011 15:00:00,7.24477
7616,24.06.2011 16:00:00,8.54673
7617,24.06.2011 17:00:00,10.0774
7618,24.06.2011 18:00:00,10.7309,3.670
7619,24.06.2011 19:00:00,10.7254
7620,24.06.2011 20:00:00,9.71848
7621,24.06.2011 21:00:00,8.50829
7622,24.06.2011 22:00:00,7.73101
7623,24.06.2011 23:00:00,7.13838
7624,25.06.2011 00:00:00,6.62155,3.641
7625,25.06.2011 01:00:00,6.15859
7626,25.06.2011 02:00:00,5.74758
7627,25.06.2011 03:00:00,5.3948
7628,25.06.2011 04:00:00,5.07258
7629,25.06.2011 05:00:00,4.78685
7630,25.06.2011 06:00:00,4.54007,3.622
7631,25.06.2011 07:00:00,4.56102
7632,25.06.2011 08:00:00,4.8218
7633,25.06.2011 09:00:00,5.24235
7634,25.06.2011 10:00:00,5.73352
7635,25.06.2011 11:00:00,6.33371
7636,25.06.2011 12:00:00,7.01198,3.646
7637,25.06.2011 13:00:00,7.6477
7638,25.06.2011 14:00:00,8.35248
7639,25.06.2011 15:00:00,9.13082
7640,25.06.2011 16:00:00,9.96342
7641,25.06.2011 17:00:00,11.1088
7642,25.06.2011 18:00:00,10.4895,3.667
7643,25.06.2011 19:00:00,10.0126
7644,25.06.2011 20:00:00,8.91394
7645,25.06.2011 21:00:00,8.42304
7646,25.06.2011 22:00:00,7.75343
7647,25.06.2011 23:00:00,7.38081
7648,26.06.2011 00:00:00,7.2455,3.646
7649,26.06.2011 01:00:00,6.58959
7650,26.06.2011 02:00:00,5.754
7651,26.06.2011 03:00:00,5.41882
7652,26.06.2011 04:00:00,5.04736
7653,26.06.2011 05:00:00,4.31407
7654,26.06.2011 06:00:00,3.75155,3.616
7655,26.06.2011 07:00:00,3.35922
7656,26.06.2011 08:00:00,3.27047
7657,26.06.2011 09:00:00,3.27589
7658,26.06.2011 10:00:00,3.48139
7659,26.06.2011 11:00:00,3.51511
7660,26.06.2011 12:00:00,4.05059,3.619
7661,26.06.2011 13:00:00,4.42564
7662,26.06.2011 14:00:00,5.02274
7663,26.06.2011 15:00:00,6.21828
7664,26.06.2011 16:00:00,7.30606
7665,26.06.2011 17:00:00,9.17759
7666,26.06.2011 18:00:00,8.27515,3.652
7667,26.06.2011 19:00:00,7.54726
7668,26.06.2011 20:00:00,6.63053
7669,26.06.2011 21:00:00,6.19631
7670,26.06.2011 22:00:00,5.7024
7671,26.06.2011 23:00:00,5.28192
7672,27.06.2011 00:00:00,4.90427,3.628
7673,27.06.2011 01:00:00,4.55714
7674,27.06.2011 02:00:00,4.2248
7675,27.06.2011 03:00:00,3.92886
7676,27.06.2011 04:00:00,3.65778
7677,27.06.2011 05:00:00,3.37688
7678,27.06.2011 06:00:00,3.14894,3.612
7679,27.06.2011 07:00:00,3.13175
7680,27.06.2011 08:00:00,3.22342
7681,27.06.2011 09:00:00,3.58115
7682,27.06.2011 10:00:00,4.07199
7683,27.06.2011 11:00:00,4.45855
7684,27.06.2011 12:00:00,5.0206,3.629
7685,27.06.2011 13:00:00,5.52346
7686,27.06.2011 14:00:00,6.45861
7687,27.06.2011 15:00:00,6.28793
7688,27.06.2011 16:00:00,7.28511
7689,27.06.2011 17:00:00,8.81859
7690,27.06.2011 18:00:00,7.18625,3.644
7691,27.06.2011 19:00:00,6.33466
7692,27.06.2011 20:00:00,6.08266
7693,27.06.2011 21:00:00,5.69249
7694,27.06.2011 22:00:00,5.36004
7695,27.06.2011 23:00:00,5.16221
7696,28.06.2011 00:00:00,4.78197,3.627
7697,28.06.2011 01:00:00,4.48527
7698,28.06.2011 02:00:00,4.38194
7699,28.06.2011 03:00:00,4.17734
7700,28.06.2011 04:00:00,3.82045
7701,28.06.2011 05:00:00,3.54277
7702,28.06.2011 06:00:00,3.4143,3.614
7703,28.06.2011 07:00:00,3.60793
7704,28.06.2011 08:00:00,3.9026
7705,28.06.2011 09:00:00,4.17392
7706,28.06.2011 10:00:00,4.62428
7707,28.06.2011 11:00:00,4.95462
7708,28.06.2011 12:00:00,5.45648,3.632
7709,28.06.2011 13:00:00,5.9847
7710,28.06.2011 14:00:00,6.48374
7711,28.06.2011 15:00:00,6.9819
7712,28.06.2011 16:00:00,5.94247
7713,28.06.2011 17:00:00,6.06807
7714,28.06.2011 18:00:00,6.11352,3.639
7715,28.06.2011 19:00:00,5.842
7716,28.06.2011 20:00:00,5.41824
7717,28.06.2011 21:00:00,5.3044
7718,28.06.2011 22:00:00,4.91646
7719,28.06.2011 23:00:00,4.62706
7720,29.06.2011 00:00:00,4.04669,3.619
7721,29.06.2011 01:00:00,3.64027
7722,29.06.2011 02:00:00,3.42219
7723,29.06.2011 03:00:00,3.37529
7724,29.06.2011 04:00:00,3.09238
7725,29.06.2011 05:00:00,2.83101
7726,29.06.2011 06:00:00,2.78197,3.610
7727,29.06.2011 07:00:00,2.93865
7728,29.06.2011 08:00:00,2.96521
7729,29.06.2011 09:00:00,3.23438
7730,29.06.2011 10:00:00,3.57223
7731,29.06.2011 11:00:00,3.28803
7732,29.06.2011 12:00:00,3.54433,3.618
7733,29.06.2011 13:00:00,3.3468
7734,29.06.2011 14:00:00,3.23184
7735,29.06.2011 15:00:00,4.39516
7736,29.06.2011 16:00:00,6.38377
7737,29.06.2011 17:00:00,5.7045
7738,29.06.2011 18:00:00,5.12662,3.631
7739,29.06.2011 19:00:00,5.06106
7740,29.06.2011 20:00:00,4.4759
7741,29.06.2011 21:00:00,4.38738
7742,29.06.2011 22:00:00,4.30008
7743,29.06.2011 23:00:00,4.18525
7744,30.06.2011 00:00:00,3.99039,3.617
7745,30.06.2011 01:00:00,3.79083
7746,30.06.2011 02:00:00,3.55887
7747,30.06.2011 03:00:00,3.44009
7748,30.06.2011 04:00:00,3.35911
7749,30.06.2011 05:00:00,2.842
7750,30.06.2011 06:00:00,2.5745,3.609
7751,30.06.2011 07:00:00,2.59474
7752,30.06.2011 08:00:00,2.62973
7753,30.06.2011 09:00:00,3.01297
7754,30.06.2011 10:00:00,3.03735
7755,30.06.2011 11:00:00,2.96176
7756,30.06.2011 12:00:00,2.98279,3.614
7757,30.06.2011 13:00:00,4.06067
7758,30.06.2011 14:00:00,4.33869
7759,30.06.2011 15:00:00,4.74561
7760,30.06.2011 16:00:00,4.90031
7761,30.06.2011 17:00:00,4.45253
7762,30.06.2011 18:00:00,5.26801,3.629
7763,30.06.2011 19:00:00,3.36803
7764,30.06.2011 20:00:00,2.81354
7765,30.06.2011 21:00:00,2.65937
7766,30.06.2011 22:00:00,2.67983
7767,30.06.2011 23:00:00,2.64921
7768,01.07.2011 00:00:00,2.1196,3.602
7769,01.07.2011 01:00:00,1.87687
7770,01.07.2011 02:00:00,1.7571
7771,01.07.2011 03:00:00,1.58993
7772,01.07.2011 04:00:00,1.54259
7773,01.07.2011 05:00:00,1.45117
7774,01.07.2011 06:00:00,1.33895,3.597
7775,01.07.2011 07:00:00,1.33017
7776,01.07.2011 08:00:00,1.25776
7777,01.07.2011 09:00:00,1.24516
7778,01.07.2011 10:00:00,1.3507
7779,01.07.2011 11:00:00,1.33932
7780,01.07.2011 12:00:00,1.09777,3.593
7781,01.07.2011 13:00:00,1.6914
7782,01.07.2011 14:00:00,2.19246
7783,01.07.2011 15:00:00,2.98853
7784,01.07.2011 16:00:00,4.36391
7785,01.07.2011 17:00:00,3.94755
7786,01.07.2011 18:00:00,3.39645,3.616
7787,01.07.2011 19:00:00,4.23286
7788,01.07.2011 20:00:00,3.25315
7789,01.07.2011 21:00:00,2.66971
7790,01.07.2011 22:00:00,2.44181
7791,01.07.2011 23:00:00,2.1463
7792,02.07.2011 00:00:00,1.89991,3.603
7793,02.07.2011 01:00:00,1.79376
7794,02.07.2011 02:00:00,1.59904
7795,02.07.2011 03:00:00,1.46139
7796,02.07.2011 04:00:00,1.47173
7797,02.07.2011 05:00:00,1.45397
7798,02.07.2011 06:00:00,1.43721,3.596
7799,02.07.2011 07:00:00,1.47952
7800,02.07.2011 08:00:00,1.61061
7801,02.07.2011 09:00:00,2.01849
7802,02.07.2011 10:00:00,2.40274
7803,02.07.2011 11:00:00,2.90211
7804,02.07.2011 12:00:00,3.52921,3.617
7805,02.07.2011 13:00:00,3.83166
7806,02.07.2011 14:00:00,3.47623
7807,02.07.2011 15:00:00,3.33067
7808,02.07.2011 16:00:00,2.85372
7809,02.07.2011 17:00:00,2.10415
7810,02.07.2011 18:00:00,1.83594,3.603
7811,02.07.2011 19:00:00,1.96714
7812,02.07.2011 20:00:00,1.55352
7813,02.07.2011 21:00:00,1.30462
7814,02.07.2011 22:00:00,1.16201
7815,02.07.2011 23:00:00,1.05567
7816,03.07.2011 00:00:00,0.989947,3.592
7817,03.07.2011 01:00:00,0.916054
7818,03.07.2011 02:00:00,0.876409
7819,03.07.2011 03:00:00,0.831659
7820,03.07.2011 04:00:00,0.767678
7821,03.07.2011 05:00:00,0.720843
7822,03.07.2011 06:00:00,0.659367,3.591
7823,03.07.2011 07:00:00,0.595603
7824,03.07.2011 08:00:00,0.542128
7825,03.07.2011 09:00:00,0.529372
7826,03.07.2011 10:00:00,0.528792
7827,03.07.2011 11:00:00,0.527849
7828,03.07.2011 12:00:00,0.551455,3.591
7829,03.07.2011 13:00:00,1.01949
7830,03.07.2011 14:00:00,2.81909
7831,03.07.2011 15:00:00,4.70214
7832,03.07.2011 16:00:00,6.86761
7833,03.07.2011 17:00:00,8.18824
7834,03.07.2011 18:00:00,8.53151,3.658
7835,03.07.2011 19:00:00,8.23387
7836,03.07.2011 20:00:00,7.33497
7837,03.07.2011 21:00:00,6.16624
7838,03.07.2011 22:00:00,5.19722
7839,03.07.2011 23:00:00,4.58409
7840,04.07.2011 00:00:00,4.20531,3.622
7841,04.07.2011 01:00:00,3.81715
7842,04.07.2011 02:00:00,3.43853
7843,04.07.2011 03:00:00,3.08608
7844,04.07.2011 04:00:00,2.75184
7845,04.07.2011 05:00:00,2.47688
7846,04.07.2011 06:00:00,2.29978,3.603
7847,04.07.2011 07:00:00,2.27999
7848,04.07.2011 08:00:00,2.38695
7849,04.07.2011 09:00:00,2.7116
7850,04.07.2011 10:00:00,3.26067
7851,04.07.2011 11:00:00,3.85734
7852,04.07.2011 12:00:00,4.60577,3.625
7853,04.07.2011 13:00:00,5.3469
7854,04.07.2011 14:00:00,5.91058
7855,04.07.2011 15:00:00,6.6497
7856,04.07.2011 16:00:00,8.43796
7857,04.07.2011 17:00:00,9.83699
7858,04.07.2011 18:00:00,10.2134,3.669
7859,04.07.2011 19:00:00,9.36346
7860,04.07.2011 20:00:00,8.28775
7861,04.07.2011 21:00:00,7.67608
7862,04.07.2011 22:00:00,7.1965
7863,04.07.2011 23:00:00,6.54866
7864,05.07.2011 00:00:00,5.99624,3.637
7865,05.07.2011 01:00:00,5.59269
7866,05.07.2011 02:00:00,5.01007
7867,05.07.2011 03:00:00,4.35628
7868,05.07.2011 04:00:00,4.10262
7869,05.07.2011 05:00:00,3.87712
7870,05.07.2011 06:00:00,3.58235,3.613
7871,05.07.2011 07:00:00,3.47318
7872,05.07.2011 08:00:00,3.6306
7873,05.07.2011 09:00:00,4.05077
7874,05.07.2011 10:00:00,4.54422
7875,05.07.2011 11:00:00,5.09175
7876,05.07.2011 12:00:00,5.70269,3.632
7877,05.07.2011 13:00:00,6.37081
7878,05.07.2011 14:00:00,7.73863
7879,05.07.2011 15:00:00,9.17791
7880,05.07.2011 16:00:00,10.597
7881,05.07.2011 17:00:00,11.3804
7882,05.07.2011 18:00:00,10.971,3.671
7883,05.07.2011 19:00:00,9.61528
7884,05.07.2011 20:00:00,8.73718
7885,05.07.2011 21:00:00,8.08981
7886,05.07.2011 22:00:00,7.43742
7887,05.07.2011 23:00:00,7.01525
7888,06.07.2011 00:00:00,6.56763,3.638
7889,06.07.2011 01:00:00,6.2515
7890,06.07.2011 02:00:00,5.7761
7891,06.07.2011 03:00:00,5.33972
7892,06.07.2011 04:00:00,4.94509
7893,06.07.2011 05:00:00,4.6036
7894,06.07.2011 06:00:00,4.34391,3.620
7895,06.07.2011 07:00:00,4.32726
7896,06.07.2011 08:00:00,4.49862
7897,06.07.2011 09:00:00,4.7827
7898,06.07.2011 10:00:00,5.20486
7899,06.07.2011 11:00:00,5.64801
7900,06.07.2011 12:00:00,6.10257,3.636
7901,06.07.2011 13:00:00,6.87158
7902,06.07.2011 14:00:00,7.11722
7903,06.07.2011 15:00:00,6.75448
7904,06.07.2011 16:00:00,9.12635
7905,06.07.2011 17:00:00,9.25667
7906,06.07.2011 18:00:00,8.25906,3.650
7907,06.07.2011 19:00:00,7.99312
7908,06.07.2011 20:00:00,7.2488
7909,06.07.2011 21:00:00,6.40406
7910,06.07.2011 22:00:00,6.10205
7911,06.07.2011 23:00:00,5.9148
7912,07.07.2011 00:00:00,5.58063,3.632
7913,07.07.2011 01:00:00,5.2254
7914,07.07.2011 02:00:00,4.75047
7915,07.07.2011 03:00:00,4.46379
7916,07.07.2011 04:00:00,4.11768
7917,07.07.2011 05:00:00,3.74962
7918,07.07.2011 06:00:00,3.41596,3.614
7919,07.07.2011 07:00:00,3.31013
7920,07.07.2011 08:00:00,3.40613
7921,07.07.2011 09:00:00,3.80032
7922,07.07.2011 10:00:00,4.45722
7923,07.07.2011 11:00:00,5.06377
7924,07.07.2011 12:00:00,5.80084,3.635
7925,07.07.2011 13:00:00,6.38163
7926,07.07.2011 14:00:00,7.0843
7927,07.07.2011 15:00:00,8.22057
7928,07.07.2011 16:00:00,8.35588
7929,07.07.2011 17:00:00,8.84384
7930,07.07.2011 18:00:00,9.36917,3.657
7931,07.07.2011 19:00:00,7.92897
7932,07.07.2011 20:00:00,7.12226
7933,07.07.2011 21:00:00,6.66003
7934,07.07.2011 22:00:00,6.11291
7935,07.07.2011 23:00:00,5.71562
7936,08.07.2011 00:00:00,5.47149,3.631
7937,08.07.2011 01:00:00,5.05293
7938,08.07.2011 02:00:00,4.71526
7939,08.07.2011 03:00:00,4.39624
7940,08.07.2011 04:00:00,4.0949
7941,08.07.2011 05:00:00,3.74954
7942,08.07.2011 06:00:00,3.54595,3.617
7943,08.07.2011 07:00:00,3.73336
7944,08.07.2011 08:00:00,4.05752
7945,08.07.2011 09:00:00,4.52625
7946,08.07.2011 10:00:00,5.13157
7947,08.07.2011 11:00:00,5.97664
7948,08.07.2011 12:00:00,6.83845,3.641
7949,08.07.2011 13:00:00,7.26097
7950,08.07.2011 14:00:00,8.2285
7951,08.07.2011 15:00:00,9.1463
7952,08.07.2011 16:00:00,10.4057
7953,08.07.2011 17:00:00,11.3631
7954,08.07.2011 18:00:00,10.83,3.668
7955,08.07.2011 19:00:00,9.71966
7956,08.07.2011 20:00:00,8.67414
7957,08.07.2011 21:00:00,8.11085
7958,08.07.2011 22:00:00,7.58543
7959,08.07.2011 23:00:00,7.2417
7960,09.07.2011 00:00:00,6.93091,3.644
7961,09.07.2011 01:00:00,6.50364
7962,09.07.2011 02:00:00,6.35449
7963,09.07.2011 03:00:00,6.15312
7964,09.07.2011 04:00:00,5.80158
7965,09.07.2011 05:00:00,5.52893
7966,09.07.2011 06:00:00,5.45588,3.631
7967,09.07.2011 07:00:00,5.46104
7968,09.07.2011 08:00:00,5.74252
7969,09.07.2011 09:00:00,6.07366
7970,09.07.2011 10:00:00,6.96172
7971,09.07.2011 11:00:00,7.79716
7972,09.07.2011 12:00:00,8.21361,3.651
7973,09.07.2011 13:00:00,7.88774
7974,09.07.2011 14:00:00,6.50749
7975,09.07.2011 15:00:00,6.23637
7976,09.07.2011 16:00:00,6.44739
7977,09.07.2011 17:00:00,6.39869
7978,09.07.2011 18:00:00,6.83939,3.642
7979,09.07.2011 19:00:00,6.86122
7980,09.07.2011 20:00:00,6.43642
7981,09.07.2011 21:00:00,6.11015
7982,09.07.2011 22:00:00,5.8472
7983,09.07.2011 23:00:00,5.53899
7984,10.07.2011 00:00:00,5.3224,3.628
7985,10.07.2011 01:00:00,5.18463
7986,10.07.2011 02:00:00,5.0345
7987,10.07.2011 03:00:00,4.89193
7988,10.07.2011 04:00:00,4.74397
7989,10.07.2011 05:00:00,4.39722
7990,10.07.2011 06:00:00,4.09435,3.621
7991,10.07.2011 07:00:00,3.96031
7992,10.07.2011 08:00:00,4.13332
7993,10.07.2011 09:00:00,4.56734
7994,10.07.2011 10:00:00,5.16343
7995,10.07.2011 11:00:00,5.93071
7996,10.07.2011 12:00:00,6.82555,3.646
7997,10.07.2011 13:00:00,7.70362
7998,10.07.2011 14:00:00,7.89199
7999,10.07.2011 15:00:00,7.23926
8000,10.07.2011 16:00:00,7.13973
8001,10.07.2011 17:00:00,8.33486
8002,10.07.2011 18:00:00,10.1389,3.664
8003,10.07.2011 19:00:00,9.37685
8004,10.07.2011 20:00:00,8.69317
8005,10.07.2011 21:00:00,7.91768
8006,10.07.2011 22:00:00,7.14783
8007,10.07.2011 23:00:00,6.63958
8008,11.07.2011 00:00:00,6.19224,3.639
8009,11.07.2011 01:00:00,5.74807
8010,11.07.2011 02:00:00,5.32084
8011,11.07.2011 03:00:00,4.89057
8012,11.07.2011 04:00:00,4.48041
8013,11.07.2011 05:00:00,4.11997
8014,11.07.2011 06:00:00,3.85431,3.618
8015,11.07.2011 07:00:00,3.75961
8016,11.07.2011 08:00:00,3.97039
8017,11.07.2011 09:00:00,4.32919
8018,11.07.2011 10:00:00,4.76061
8019,11.07.2011 11:00:00,5.26221
8020,11.07.2011 12:00:00,5.87064,3.636
8021,11.07.2011 13:00:00,6.92786
8022,11.07.2011 14:00:00,8.26112
8023,11.07.2011 15:00:00,9.58344
8024,11.07.2011 16:00:00,11.1349
8025,11.07.2011 17:00:00,12.3131
8026,11.07.2011 18:00:00,12.7159,3.683
8027,11.07.2011 19:00:00,12.0312
8028,11.07.2011 20:00:00,10.4484
8029,11.07.2011 21:00:00,9.47284
8030,11.07.2011 22:00:00,8.74406
8031,11.07.2011 23:00:00,8.16589
8032,12.07.2011 00:00:00,7.65116,3.646
8033,12.07.2011 01:00:00,7.17278
8034,12.07.2011 02:00:00,6.72997
8035,12.07.2011 03:00:00,6.27512
8036,12.07.2011 04:00:00,5.94196
8037,12.07.2011 05:00:00,5.61323
8038,12.07.2011 06:00:00,5.31297,3.633
8039,12.07.2011 07:00:00,5.282
8040,12.07.2011 08:00:00,5.44827
8041,12.07.2011 09:00:00,5.78249
8042,12.07.2011 10:00:00,6.29302
8043,12.07.2011 11:00:00,6.83584
8044,12.07.2011 12:00:00,7.38975,3.648
8045,12.07.2011 13:00:00,8.0078
8046,12.07.2011 14:00:00,8.94445
8047,12.07.2011 15:00:00,10.1807
8048,12.07.2011 16:00:00,11.7929
8049,12.07.2011 17:00:00,13.193
8050,12.07.2011 18:00:00,13.7806,3.685
8051,12.07.2011 19:00:00,13.2234
8052,12.07.2011 20:00:00,11.8912
8053,12.07.2011 21:00:00,10.8303
8054,12.07.2011 22:00:00,9.89696
8055,12.07.2011 23:00:00,9.26195
8056,13.07.2011 00:00:00,8.75125,3.655
8057,13.07.2011 01:00:00,8.35303
8058,13.07.2011 02:00:00,7.86292
8059,13.07.2011 03:00:00,7.45426
8060,13.07.2011 04:00:00,7.10254
8061,13.07.2011 05:00:00,6.74518
8062,13.07.2011 06:00:00,6.43558,3.638
8063,13.07.2011 07:00:00,6.41867
8064,13.07.2011 08:00:00,6.68243
8065,13.07.2011 09:00:00,7.04249
8066,13.07.2011 10:00:00,7.53232
8067,13.07.2011 11:00:00,7.8982
8068,13.07.2011 12:00:00,8.3422,3.656
8069,13.07.2011 13:00:00,9.16171
8070,13.07.2011 14:00:00,8.79596
8071,13.07.2011 15:00:00,9.6593
8072,13.07.2011 16:00:00,10.1567
8073,13.07.2011 17:00:00,9.93958
8074,13.07.2011 18:00:00,11.4448,3.671
8075,13.07.2011 19:00:00,11.617
8076,13.07.2011 20:00:00,10.6615
8077,13.07.2011 21:00:00,9.80973
8078,13.07.2011 22:00:00,9.49751
8079,13.07.2011 23:00:00,9.09522
8080,14.07.2011 00:00:00,8.75333,3.657
8081,14.07.2011 01:00:00,8.27759
8082,14.07.2011 02:00:00,7.82963
8083,14.07.2011 03:00:00,7.36344
8084,14.07.2011 04:00:00,7.08804
8085,14.07.2011 05:00:00,6.76665
8086,14.07.2011 06:00:00,6.61241,3.641
8087,14.07.2011 07:00:00,6.54105
8088,14.07.2011 08:00:00,6.8609
8089,14.07.2011 09:00:00,7.01525
8090,14.07.2011 10:00:00,7.47973
8091,14.07.2011 11:00:00,7.66656
8092,14.07.2011 12:00:00,7.87886,3.649
8093,14.07.2011 13:00:00,8.21698
8094,14.07.2011 14:00:00,8.16924
8095,14.07.2011 15:00:00,9.82819
8096,14.07.2011 16:00:00,10.5492
8097,14.07.2011 17:00:00,8.27417
8098,14.07.2011 18:00:00,8.32151,3.653
8099,14.07.2011 19:00:00,8.65996
8100,14.07.2011 20:00:00,8.31879
8101,14.07.2011 21:00:00,8.03687
8102,14.07.2011 22:00:00,7.83192
8103,14.07.2011 23:00:00,6.67437
8104,15.07.2011 00:00:00,6.75738,3.641
8105,15.07.2011 01:00:00,6.72474
8106,15.07.2011 02:00:00,6.72877
8107,15.07.2011 03:00:00,6.25681
8108,15.07.2011 04:00:00,5.86563
8109,15.07.2011 05:00:00,5.66817
8110,15.07.2011 06:00:00,5.62423,3.634
8111,15.07.2011 07:00:00,5.55184
8112,15.07.2011 08:00:00,5.70844
8113,15.07.2011 09:00:00,5.77233
8114,15.07.2011 10:00:00,5.85679
8115,15.07.2011 11:00:00,6.10139
8116,15.07.2011 12:00:00,6.93262,3.641
8117,15.07.2011 13:00:00,7.88075
8118,15.07.2011 14:00:00,8.6629
8119,15.07.2011 15:00:00,9.83397
8120,15.07.2011 16:00:00,11.067
8121,15.07.2011 17:00:00,12.2833
8122,15.07.2011 18:00:00,10.6385,3.667
8123,15.07.2011 19:00:00,9.50056
8124,15.07.2011 20:00:00,8.84322
8125,15.07.2011 21:00:00,8.23878
8126,15.07.2011 22:00:00,7.68836
8127,15.07.2011 23:00:00,7.22236
8128,16.07.2011 00:00:00,6.63005,3.643
8129,16.07.2011 01:00:00,6.2408
8130,16.07.2011 02:00:00,5.88763
8131,16.07.2011 03:00:00,5.45704
8132,16.07.2011 04:00:00,5.1133
8133,16.07.2011 05:00:00,4.74732
8134,16.07.2011 06:00:00,4.4615,3.620
8135,16.07.2011 07:00:00,4.36431
8136,16.07.2011 08:00:00,4.4036
8137,16.07.2011 09:00:00,4.49481
8138,16.07.2011 10:00:00,4.84525
8139,16.07.2011 11:00:00,5.30886
8140,16.07.2011 12:00:00,5.92047,3.636
8141,16.07.2011 13:00:00,6.98061
8142,16.07.2011 14:00:00,8.33946
8143,16.07.2011 15:00:00,9.75044
8144,16.07.2011 16:00:00,11.5348
8145,16.07.2011 17:00:00,12.866
8146,16.07.2011 18:00:00,12.906,3.682
8147,16.07.2011 19:00:00,11.2783
8148,16.07.2011 20:00:00,10.4446
8149,16.07.2011 21:00:00,9.44517
8150,16.07.2011 22:00:00,8.51563
8151,16.07.2011 23:00:00,8.01859
8152,17.07.2011 00:00:00,7.58173,3.649
8153,17.07.2011 01:00:00,7.16366
8154,17.07.2011 02:00:00,6.72004
8155,17.07.2011 03:00:00,6.28952
8156,17.07.2011 04:00:00,5.84001
8157,17.07.2011 05:00:00,5.45694
8158,17.07.2011 06:00:00,5.12876,3.626
8159,17.07.2011 07:00:00,5.03686
8160,17.07.2011 08:00:00,5.19666
8161,17.07.2011 09:00:00,5.36525
8162,17.07.2011 10:00:00,5.74701
8163,17.07.2011 11:00:00,6.42164
8164,17.07.2011 12:00:00,7.2081,3.646
8165,17.07.2011 13:00:00,7.1761
8166,17.07.2011 14:00:00,7.75955
8167,17.07.2011 15:00:00,7.16159
8168,17.07.2011 16:00:00,7.02157
8169,17.07.2011 17:00:00,6.42671
8170,17.07.2011 18:00:00,7.8428,3.649
8171,17.07.2011 19:00:00,8.59888
8172,17.07.2011 20:00:00,8.16702
8173,17.07.2011 21:00:00,7.44354
8174,17.07.2011 22:00:00,7.01243
8175,17.07.2011 23:00:00,6.60376
8176,18.07.2011 00:00:00,6.18172,3.637
8177,18.07.2011 01:00:00,5.86804
8178,18.07.2011 02:00:00,5.59881
8179,18.07.2011 03:00:00,5.46282
8180,18.07.2011 04:00:00,5.35682
8181,18.07.2011 05:00:00,5.14061
8182,18.07.2011 06:00:00,4.87294,3.630
8183,18.07.2011 07:00:00,4.81242
8184,18.07.2011 08:00:00,5.27342
8185,18.07.2011 09:00:00,5.59385
8186,18.07.2011 10:00:00,5.88506
8187,18.07.2011 11:00:00,6.54682
8188,18.07.2011 12:00:00,6.78542,3.644
8189,18.07.2011 13:00:00,8.0335
8190,18.07.2011 14:00:00,9.31984
8191,18.07.2011 15:00:00,9.75095
8192,18.07.2011 16:00:00,9.69559
8193,18.07.2011 17:00:00,9.71492
8194,18.07.2011 18:00:00,11.5154,3.675
8195,18.07.2011 19:00:00,10.8135
8196,18.07.2011 20:00:00,9.87261
8197,18.07.2011 21:00:00,9.29319
8198,18.07.2011 22:00:00,8.84013
8199,18.07.2011 23:00:00,8.28056
8200,19.07.2011 00:00:00,8.07347,3.652
8201,19.07.2011 01:00:00,7.81195
8202,19.07.2011 02:00:00,7.47384
8203,19.07.2011 03:00:00,7.25992
8204,19.07.2011 04:00:00,7.01338
8205,19.07.2011 05:00:00,6.88947
8206,19.07.2011 06:00:00,6.8331,3.641
8207,19.07.2011 07:00:00,6.81571
8208,19.07.2011 08:00:00,6.77053
8209,19.07.2011 09:00:00,6.73287
8210,19.07.2011 10:00:00,6.69855
8211,19.07.2011 11:00:00,6.69644
8212,19.07.2011 12:00:00,6.70882,3.641
8213,19.07.2011 13:00:00,6.32283
8214,19.07.2011 14:00:00,5.30146
8215,19.07.2011 15:00:00,5.42813
8216,19.07.2011 16:00:00,5.46152
8217,19.07.2011 17:00:00,6.26207
8218,19.07.2011 18:00:00,6.60034,3.639
8219,19.07.2011 19:00:00,7.4211
8220,19.07.2011 20:00:00,6.90716
8221,19.07.2011 21:00:00,6.14927
8222,19.07.2011 22:00:00,5.34112
8223,19.07.2011 23:00:00,4.92459
8224,20.07.2011 00:00:00,4.65,3.625
8225,20.07.2011 01:00:00,4.34303
8226,20.07.2011 02:00:00,4.04133
8227,20.07.2011 03:00:00,3.81812
8228,20.07.2011 04:00:00,3.54222
8229,20.07.2011 05:00:00,3.21838
8230,20.07.2011 06:00:00,2.95282,3.613
8231,20.07.2011 07:00:00,2.8977
8232,20.07.2011 08:00:00,3.0404
8233,20.07.2011 09:00:00,3.21246
8234,20.07.2011 10:00:00,3.57223
8235,20.07.2011 11:00:00,4.32565
8236,20.07.2011 12:00:00,5.14242,3.631
8237,20.07.2011 13:00:00,5.93652
8238,20.07.2011 14:00:00,6.18622
8239,20.07.2011 15:00:00,6.76864
8240,20.07.2011 16:00:00,7.82277
8241,20.07.2011 17:00:00,9.53385
8242,20.07.2011 18:00:00,8.2576,3.653
8243,20.07.2011 19:00:00,8.81655
8244,20.07.2011 20:00:00,7.82133
8245,20.07.2011 21:00:00,7.09579
8246,20.07.2011 22:00:00,6.60395
8247,20.07.2011 23:00:00,6.14233
8248,21.07.2011 00:00:00,5.74044,3.636
8249,21.07.2011 01:00:00,5.32532
8250,21.07.2011 02:00:00,4.99773
8251,21.07.2011 03:00:00,4.641
8252,21.07.2011 04:00:00,4.21231
8253,21.07.2011 05:00:00,3.7903
8254,21.07.2011 06:00:00,3.38114,3.615
8255,21.07.2011 07:00:00,3.21639
8256,21.07.2011 08:00:00,3.18921
8257,21.07.2011 09:00:00,3.35193
8258,21.07.2011 10:00:00,3.72331
8259,21.07.2011 11:00:00,4.09123
8260,21.07.2011 12:00:00,4.68348,3.625
8261,21.07.2011 13:00:00,5.2995
8262,21.07.2011 14:00:00,6.16315
8263,21.07.2011 15:00:00,7.21306
8264,21.07.2011 16:00:00,8.61167
8265,21.07.2011 17:00:00,9.01741
8266,21.07.2011 18:00:00,9.99917,3.664
8267,21.07.2011 19:00:00,9.85603
8268,21.07.2011 20:00:00,8.87705
8269,21.07.2011 21:00:00,7.91632
8270,21.07.2011 22:00:00,7.24993
8271,21.07.2011 23:00:00,6.69023
8272,22.07.2011 00:00:00,6.16679,3.638
8273,22.07.2011 01:00:00,5.67315
8274,22.07.2011 02:00:00,5.26086
8275,22.07.2011 03:00:00,4.92847
8276,22.07.2011 04:00:00,4.44974
8277,22.07.2011 05:00:00,4.14655
8278,22.07.2011 06:00:00,3.82575,3.617
8279,22.07.2011 07:00:00,3.77742
8280,22.07.2011 08:00:00,4.05327
8281,22.07.2011 09:00:00,4.35967
8282,22.07.2011 10:00:00,4.98597
8283,22.07.2011 11:00:00,5.64797
8284,22.07.2011 12:00:00,6.33508,3.638
8285,22.07.2011 13:00:00,6.90942
8286,22.07.2011 14:00:00,7.27337
8287,22.07.2011 15:00:00,7.75738
8288,22.07.2011 16:00:00,9.12522
8289,22.07.2011 17:00:00,7.55234
8290,22.07.2011 18:00:00,7.58893,3.649
8291,22.07.2011 19:00:00,7.57564
8292,22.07.2011 20:00:00,7.30499
8293,22.07.2011 21:00:00,7.09194
8294,22.07.2011 22:00:00,6.73051
8295,22.07.2011 23:00:00,6.31347
8296,23.07.2011 00:00:00,5.97561,3.635
8297,23.07.2011 01:00:00,5.64975
8298,23.07.2011 02:00:00,5.33587
8299,23.07.2011 03:00:00,5.07226
8300,23.07.2011 04:00:00,4.97708
8301,23.07.2011 05:00:00,4.90452
8302,23.07.2011 06:00:00,4.80652,3.624
8303,23.07.2011 07:00:00,4.83377
8304,23.07.2011 08:00:00,5.14638
8305,23.07.2011 09:00:00,5.42935
8306,23.07.2011 10:00:00,5.82529
8307,23.07.2011 11:00:00,6.41729
8308,23.07.2011 12:00:00,6.82215,3.642
8309,23.07.2011 13:00:00,7.59008
8310,23.07.2011 14:00:00,8.70252
8311,23.07.2011 15:00:00,8.76161
8312,23.07.2011 16:00:00,10.4479
8313,23.07.2011 17:00:00,11.3862
8314,23.07.2011 18:00:00,12.2156,3.679
8315,23.07.2011 19:00:00,11.1647
8316,23.07.2011 20:00:00,10.1472
8317,23.07.2011 21:00:00,9.18031
8318,23.07.2011 22:00:00,8.50606
8319,23.07.2011 23:00:00,7.89809
8320,24.07.2011 00:00:00,7.37873,3.646
8321,24.07.2011 01:00:00,6.81069
8322,24.07.2011 02:00:00,6.42959
8323,24.07.2011 03:00:00,6.02979
8324,24.07.2011 04:00:00,5.67651
8325,24.07.2011 05:00:00,5.31588
8326,24.07.2011 06:00:00,5.02604,3.628
8327,24.07.2011 07:00:00,4.92698
8328,24.07.2011 08:00:00,5.10303
8329,24.07.2011 09:00:00,5.38066
8330,24.07.2011 10:00:00,5.94123
8331,24.07.2011 11:00:00,6.44927
8332,24.07.2011 12:00:00,7.13505,3.646
8333,24.07.2011 13:00:00,8.14231
8334,24.07.2011 14:00:00,8.39921
8335,24.07.2011 15:00:00,9.18395
8336,24.07.2011 16:00:00,11.5669
8337,24.07.2011 17:00:00,12.2715
8338,24.07.2011 18:00:00,11.9551,3.677
8339,24.07.2011 19:00:00,11.2023
8340,24.07.2011 20:00:00,10.401
8341,24.07.2011 21:00:00,9.67283
8342,24.07.2011 22:00:00,9.14934
8343,24.07.2011 23:00:00,8.64264
8344,25.07.2011 00:00:00,8.10372,3.650
8345,25.07.2011 01:00:00,7.6965
8346,25.07.2011 02:00:00,7.34492
8347,25.07.2011 03:00:00,6.97287
8348,25.07.2011 04:00:00,6.60765
8349,25.07.2011 05:00:00,6.28992
8350,25.07.2011 06:00:00,6.26387,3.638
8351,25.07.2011 07:00:00,6.30014
8352,25.07.2011 08:00:00,6.47051
8353,25.07.2011 09:00:00,6.79217
8354,25.07.2011 10:00:00,7.2911
8355,25.07.2011 11:00:00,7.65094
8356,25.07.2011 12:00:00,8.06513,3.650
8357,25.07.2011 13:00:00,8.79112
8358,25.07.2011 14:00:00,9.62063
8359,25.07.2011 15:00:00,10.0657
8360,25.07.2011 16:00:00,10.7472
8361,25.07.2011 17:00:00,12.2445
8362,25.07.2011 18:00:00,12.6996,3.679
8363,25.07.2011 19:00:00,12.0745
8364,25.07.2011 20:00:00,10.3099
8365,25.07.2011 21:00:00,8.45749
8366,25.07.2011 22:00:00,7.40984
8367,25.07.2011 23:00:00,6.98293
8368,26.07.2011 00:00:00,6.58695,3.644
8369,26.07.2011 01:00:00,6.18625
8370,26.07.2011 02:00:00,5.85871
8371,26.07.2011 03:00:00,5.51023
8372,26.07.2011 04:00:00,5.26305
8373,26.07.2011 05:00:00,4.89578
8374,26.07.2011 06:00:00,4.62685,3.625
8375,26.07.2011 07:00:00,4.6344
8376,26.07.2011 08:00:00,4.76256
8377,26.07.2011 09:00:00,4.73483
8378,26.07.2011 10:00:00,4.84346
8379,26.07.2011 11:00:00,5.26682
8380,26.07.2011 12:00:00,5.93303,3.635
8381,26.07.2011 13:00:00,6.71924
8382,26.07.2011 14:00:00,7.8595
8383,26.07.2011 15:00:00,9.06561
8384,26.07.2011 16:00:00,10.8189
8385,26.07.2011 17:00:00,10.6626
8386,26.07.2011 18:00:00,9.60277,3.664
8387,26.07.2011 19:00:00,8.97214
8388,26.07.2011 20:00:00,8.25916
8389,26.07.2011 21:00:00,7.68003
8390,26.07.2011 22:00:00,7.15847
8391,26.07.2011 23:00:00,6.72288
8392,27.07.2011 00:00:00,6.33212,3.641
8393,27.07.2011 01:00:00,6.12562
8394,27.07.2011 02:00:00,5.6579
8395,27.07.2011 03:00:00,5.31103
8396,27.07.2011 04:00:00,5.07574
8397,27.07.2011 05:00:00,4.95453
8398,27.07.2011 06:00:00,4.78796,3.626
8399,27.07.2011 07:00:00,4.50098
8400,27.07.2011 08:00:00,4.55763
8401,27.07.2011 09:00:00,4.65141
8402,27.07.2011 10:00:00,4.86078
8403,27.07.2011 11:00:00,5.69569
8404,27.07.2011 12:00:00,6.72698,3.640
8405,27.07.2011 13:00:00,7.72618
8406,27.07.2011 14:00:00,8.77309
8407,27.07.2011 15:00:00,10.1713
8408,27.07.2011 16:00:00,11.5979
8409,27.07.2011 17:00:00,13.5077
8410,27.07.2011 18:00:00,13.7209,3.685
8411,27.07.2011 19:00:00,13.1773
8412,27.07.2011 20:00:00,11.4244
8413,27.07.2011 21:00:00,10.1044
8414,27.07.2011 22:00:00,9.17304
8415,27.07.2011 23:00:00,8.40047
8416,28.07.2011 00:00:00,7.73463,3.652
8417,28.07.2011 01:00:00,7.16635
8418,28.07.2011 02:00:00,6.52783
8419,28.07.2011 03:00:00,5.88616
8420,28.07.2011 04:00:00,5.3473
8421,28.07.2011 05:00:00,4.88674
8422,28.07.2011 06:00:00,4.53521,3.625
8423,28.07.2011 07:00:00,4.42122
8424,28.07.2011 08:00:00,4.63521
8425,28.07.2011 09:00:00,4.73748
8426,28.07.2011 10:00:00,5.15542
8427,28.07.2011 11:00:00,5.70719
8428,28.07.2011 12:00:00,6.47592,3.640
8429,28.07.2011 13:00:00,7.23474
8430,28.07.2011 14:00:00,8.24496
8431,28.07.2011 15:00:00,10.1129
8432,28.07.2011 16:00:00,12.4926
8433,28.07.2011 17:00:00,14.3474
8434,28.07.2011 18:00:00,14.4344,3.690
8435,28.07.2011 19:00:00,13.0406
8436,28.07.2011 20:00:00,11.2942
8437,28.07.2011 21:00:00,10.1782
8438,28.07.2011 22:00:00,9.48206
8439,28.07.2011 23:00:00,8.88401
8440,29.07.2011 00:00:00,8.30545,3.655
8441,29.07.2011 01:00:00,7.87268
8442,29.07.2011 02:00:00,7.25846
8443,29.07.2011 03:00:00,6.8094
8444,29.07.2011 04:00:00,6.34951
8445,29.07.2011 05:00:00,5.9851
8446,29.07.2011 06:00:00,5.70251,3.634
8447,29.07.2011 07:00:00,5.63138
8448,29.07.2011 08:00:00,5.81242
8449,29.07.2011 09:00:00,6.00638
8450,29.07.2011 10:00:00,6.39966
8451,29.07.2011 11:00:00,7.3066
8452,29.07.2011 12:00:00,7.49701,3.646
8453,29.07.2011 13:00:00,6.81637
8454,29.07.2011 14:00:00,7.42596
8455,29.07.2011 15:00:00,9.45389
8456,29.07.2011 16:00:00,11.2217
8457,29.07.2011 17:00:00,11.3328
8458,29.07.2011 18:00:00,10.1227,3.669
8459,29.07.2011 19:00:00,9.44862
8460,29.07.2011 20:00:00,8.82183
8461,29.07.2011 21:00:00,8.40919
8462,29.07.2011 22:00:00,8.07048
8463,29.07.2011 23:00:00,7.66097
8464,30.07.2011 00:00:00,7.17962,3.645
8465,30.07.2011 01:00:00,6.88628
8466,30.07.2011 02:00:00,6.54463
8467,30.07.2011 03:00:00,6.38561
8468,30.07.2011 04:00:00,6.21023
8469,30.07.2011 05:00:00,6.16189
8470,30.07.2011 06:00:00,6.13176,3.638
8471,30.07.2011 07:00:00,6.12544
8472,30.07.2011 08:00:00,6.20235
8473,30.07.2011 09:00:00,6.35668
8474,30.07.2011 10:00:00,6.66446
8475,30.07.2011 11:00:00,7.01467
8476,30.07.2011 12:00:00,7.37838,3.648
8477,30.07.2011 13:00:00,8.13195
8478,30.07.2011 14:00:00,9.31112
8479,30.07.2011 15:00:00,9.04573
8480,30.07.2011 16:00:00,8.64503
8481,30.07.2011 17:00:00,10.4323
8482,30.07.2011 18:00:00,8.82985,3.659
8483,30.07.2011 19:00:00,7.69972
8484,30.07.2011 20:00:00,7.20526
8485,30.07.2011 21:00:00,6.93789
8486,30.07.2011 22:00:00,6.84389
8487,30.07.2011 23:00:00,6.51497
8488,31.07.2011 00:00:00,6.04378,3.635
8489,31.07.2011 01:00:00,5.7341
8490,31.07.2011 02:00:00,5.44895
8491,31.07.2011 03:00:00,5.24545
8492,31.07.2011 04:00:00,5.16602
8493,31.07.2011 05:00:00,5.12143
8494,31.07.2011 06:00:00,5.12234,3.628
8495,31.07.2011 07:00:00,5.1304
8496,31.07.2011 08:00:00,5.37427
8497,31.07.2011 09:00:00,5.63019
8498,31.07.2011 10:00:00,5.74407
8499,31.07.2011 11:00:00,6.07013
8500,31.07.2011 12:00:00,6.31452,3.641
8501,31.07.2011 13:00:00,6.66945
8502,31.07.2011 14:00:00,6.8379
8503,31.07.2011 15:00:00,7.17867
8504,31.07.2011 16:00:00,7.38857
8505,31.07.2011 17:00:00,7.49087
8506,31.07.2011 18:00:00,7.14369,3.643
8507,31.07.2011 19:00:00,7.26719
8508,31.07.2011 20:00:00,6.77217
8509,31.07.2011 21:00:00,6.39077
8510,31.07.2011 22:00:00,6.05717
8511,31.07.2011 23:00:00,5.59981
8512,01.08.2011 00:00:00,5.14746,3.630
8513,01.08.2011 01:00:00,4.71861
8514,01.08.2011 02:00:00,4.40665
8515,01.08.2011 03:00:00,4.16967
8516,01.08.2011 04:00:00,4.00715
8517,01.08.2011 05:00:00,3.72135
8518,01.08.2011 06:00:00,3.38799,3.614
8519,01.08.2011 07:00:00,3.23807
8520,01.08.2011 08:00:00,3.34399
8521,01.08.2011 09:00:00,3.61193
8522,01.08.2011 10:00:00,4.43964
8523,01.08.2011 11:00:00,5.21964
8524,01.08.2011 12:00:00,6.26949,3.640
8525,01.08.2011 13:00:00,7.54745
8526,01.08.2011 14:00:00,8.15696
8527,01.08.2011 15:00:00,9.23421
8528,01.08.2011 16:00:00,10.2837
8529,01.08.2011 17:00:00,9.95754
8530,01.08.2011 18:00:00,8.99703,3.660
8531,01.08.2011 19:00:00,9.13927
8532,01.08.2011 20:00:00,8.5782
8533,01.08.2011 21:00:00,7.84393
8534,01.08.2011 22:00:00,7.28517
8535,01.08.2011 23:00:00,6.80024
8536,02.08.2011 00:00:00,6.35336,3.641
8537,02.08.2011 01:00:00,6.14185
8538,02.08.2011 02:00:00,5.77439
8539,02.08.2011 03:00:00,5.7243
8540,02.08.2011 04:00:00,5.7174
8541,02.08.2011 05:00:00,5.00876
8542,02.08.2011 06:00:00,5.00612,3.628
8543,02.08.2011 07:00:00,5.032
8544,02.08.2011 08:00:00,5.05335
8545,02.08.2011 09:00:00,5.08137
8546,02.08.2011 10:00:00,5.50711
8547,02.08.2011 11:00:00,6.14668
8548,02.08.2011 12:00:00,6.73192,3.641
8549,02.08.2011 13:00:00,7.40748
8550,02.08.2011 14:00:00,8.56326
8551,02.08.2011 15:00:00,9.96051
8552,02.08.2011 16:00:00,12.2334
8553,02.08.2011 17:00:00,13.655
8554,02.08.2011 18:00:00,13.6161,3.690
8555,02.08.2011 19:00:00,12.1102
8556,02.08.2011 20:00:00,10.599
8557,02.08.2011 21:00:00,9.09042
8558,02.08.2011 22:00:00,8.26196
8559,02.08.2011 23:00:00,7.73558
8560,03.08.2011 00:00:00,7.1957,3.647
8561,03.08.2011 01:00:00,6.80504
8562,03.08.2011 02:00:00,6.45697
8563,03.08.2011 03:00:00,6.14907
8564,03.08.2011 04:00:00,5.85438
8565,03.08.2011 05:00:00,5.52196
8566,03.08.2011 06:00:00,5.2059,3.632
8567,03.08.2011 07:00:00,5.07936
8568,03.08.2011 08:00:00,5.25783
8569,03.08.2011 09:00:00,5.59631
8570,03.08.2011 10:00:00,5.90823
8571,03.08.2011 11:00:00,6.3013
8572,03.08.2011 12:00:00,6.8861,3.643
8573,03.08.2011 13:00:00,7.77337
8574,03.08.2011 14:00:00,9.37572
8575,03.08.2011 15:00:00,11.0841
8576,03.08.2011 16:00:00,12.7641
8577,03.08.2011 17:00:00,13.9193
8578,03.08.2011 18:00:00,13.6102,3.687
8579,03.08.2011 19:00:00,12.2893
8580,03.08.2011 20:00:00,10.8309
8581,03.08.2011 21:00:00,10.1973
8582,03.08.2011 22:00:00,9.53935
8583,03.08.2011 23:00:00,8.95531
8584,04.08.2011 00:00:00,8.48239,3.654
8585,04.08.2011 01:00:00,8.01134
8586,04.08.2011 02:00:00,7.4665
8587,04.08.2011 03:00:00,7.0511
8588,04.08.2011 04:00:00,6.67281
8589,04.08.2011 05:00:00,6.34077
8590,04.08.2011 06:00:00,5.97271,3.633
8591,04.08.2011 07:00:00,5.86532
8592,04.08.2011 08:00:00,6.01567
8593,04.08.2011 09:00:00,6.2782
8594,04.08.2011 10:00:00,6.59362
8595,04.08.2011 11:00:00,7.02016
8596,04.08.2011 12:00:00,7.63829,3.649
8597,04.08.2011 13:00:00,8.33786
8598,04.08.2011 14:00:00,9.12746
8599,04.08.2011 15:00:00,11.2112
8600,04.08.2011 16:00:00,13.2957
8601,04.08.2011 17:00:00,14.472
8602,04.08.2011 18:00:00,14.0549,3.690
8603,04.08.2011 19:00:00,12.8121
8604,04.08.2011 20:00:00,11.7274
8605,04.08.2011 21:00:00,10.9779
8606,04.08.2011 22:00:00,10.3171
8607,04.08.2011 23:00:00,9.59442
8608,05.08.2011 00:00:00,9.02178,3.659
8609,05.08.2011 01:00:00,8.48823
8610,05.08.2011 02:00:00,7.98666
8611,05.08.2011 03:00:00,7.55259
8612,05.08.2011 04:00:00,7.1665
8613,05.08.2011 05:00:00,6.78673
8614,05.08.2011 06:00:00,6.42692,3.637
8615,05.08.2011 07:00:00,6.31782
8616,05.08.2011 08:00:00,6.61507
8617,05.08.2011 09:00:00,7.02136
8618,05.08.2011 10:00:00,7.22254
8619,05.08.2011 11:00:00,7.55256
8620,05.08.2011 12:00:00,8.68185,3.653
8621,05.08.2011 13:00:00,9.8199
8622,05.08.2011 14:00:00,10.869
8623,05.08.2011 15:00:00,12.1138
8624,05.08.2011 16:00:00,13.6909
8625,05.08.2011 17:00:00,15.2303
8626,05.08.2011 18:00:00,14.6204,3.693
8627,05.08.2011 19:00:00,13.0129
8628,05.08.2011 20:00:00,11.8566
8629,05.08.2011 21:00:00,11.1224
8630,05.08.2011 22:00:00,10.4467
8631,05.08.2011 23:00:00,9.70966
8632,06.08.2011 00:00:00,9.12776,3.657
8633,06.08.2011 01:00:00,8.67467
8634,06.08.2011 02:00:00,8.07324
8635,06.08.2011 03:00:00,7.63565
8636,06.08.2011 04:00:00,7.22486
8637,06.08.2011 05:00:00,6.73837
8638,06.08.2011 06:00:00,6.25783,3.638
8639,06.08.2011 07:00:00,6.14809
8640,06.08.2011 08:00:00,6.36754
8641,06.08.2011 09:00:00,6.51516
8642,06.08.2011 10:00:00,6.88598
8643,06.08.2011 11:00:00,7.31321
8644,06.08.2011 12:00:00,7.9785,3.653
8645,06.08.2011 13:00:00,9.00746
8646,06.08.2011 14:00:00,10.4925
8647,06.08.2011 15:00:00,12.0834
8648,06.08.2011 16:00:00,14.1728
8649,06.08.2011 17:00:00,15.402
8650,06.08.2011 18:00:00,14.4822,3.690
8651,06.08.2011 19:00:00,13.2962
8652,06.08.2011 20:00:00,12.1269
8653,06.08.2011 21:00:00,11.2607
8654,06.08.2011 22:00:00,10.4875
8655,06.08.2011 23:00:00,9.77174
8656,07.08.2011 00:00:00,9.24406,3.660
8657,07.08.2011 01:00:00,8.71773
8658,07.08.2011 02:00:00,8.27618
8659,07.08.2011 03:00:00,7.89893
8660,07.08.2011 04:00:00,7.53835
8661,07.08.2011 05:00:00,7.15452
8662,07.08.2011 06:00:00,6.81481,3.642
8663,07.08.2011 07:00:00,6.7782
8664,07.08.2011 08:00:00,7.04554
8665,07.08.2011 09:00:00,7.26646
8666,07.08.2011 10:00:00,7.66485
8667,07.08.2011 11:00:00,8.01547
8668,07.08.2011 12:00:00,8.61588,3.656
8669,07.08.2011 13:00:00,9.28692
8670,07.08.2011 14:00:00,9.98045
8671,07.08.2011 15:00:00,10.3782
8672,07.08.2011 16:00:00,12.0261
8673,07.08.2011 17:00:00,11.6132
8674,07.08.2011 18:00:00,11.4518,3.670
8675,07.08.2011 19:00:00,11.1526
8676,07.08.2011 20:00:00,9.98854
8677,07.08.2011 21:00:00,9.48367
8678,07.08.2011 22:00:00,8.95702
8679,07.08.2011 23:00:00,8.21897
8680,08.08.2011 00:00:00,8.12463,3.652
8681,08.08.2011 01:00:00,7.80654
8682,08.08.2011 02:00:00,7.33086
8683,08.08.2011 03:00:00,6.83484
8684,08.08.2011 04:00:00,6.32157
8685,08.08.2011 05:00:00,6.10484
8686,08.08.2011 06:00:00,5.97612,3.638
8687,08.08.2011 07:00:00,6.02068
8688,08.08.2011 08:00:00,5.47999
8689,08.08.2011 09:00:00,5.59643
8690,08.08.2011 10:00:00,5.71798
8691,08.08.2011 11:00:00,6.5124
8692,08.08.2011 12:00:00,7.0199,3.643
8693,08.08.2011 13:00:00,6.12024
8694,08.08.2011 14:00:00,7.27413
8695,08.08.2011 15:00:00,8.01076
8696,08.08.2011 16:00:00,8.39643
8697,08.08.2011 17:00:00,8.09014
8698,08.08.2011 18:00:00,7.93667,3.652
8699,08.08.2011 19:00:00,7.62496
8700,08.08.2011 20:00:00,7.06926
8701,08.08.2011 21:00:00,6.91817
8702,08.08.2011 22:00:00,6.88387
8703,08.08.2011 23:00:00,6.58038
8704,09.08.2011 00:00:00,6.38484,3.642
8705,09.08.2011 01:00:00,6.01298
8706,09.08.2011 02:00:00,5.61555
8707,09.08.2011 03:00:00,5.21136
8708,09.08.2011 04:00:00,4.95559
8709,09.08.2011 05:00:00,4.71008
8710,09.08.2011 06:00:00,4.4455,3.624
8711,09.08.2011 07:00:00,4.31212
8712,09.08.2011 08:00:00,4.33826
8713,09.08.2011 09:00:00,4.59499
8714,09.08.2011 10:00:00,5.03406
8715,09.08.2011 11:00:00,5.38234
8716,09.08.2011 12:00:00,6.30715,3.638
8717,09.08.2011 13:00:00,7.15647
8718,09.08.2011 14:00:00,7.97594
8719,09.08.2011 15:00:00,9.61473
8720,09.08.2011 16:00:00,9.47556
8721,09.08.2011 17:00:00,9.8559
8722,09.08.2011 18:00:00,8.52133,3.659
8723,09.08.2011 19:00:00,7.20199
8724,09.08.2011 20:00:00,6.73171
8725,09.08.2011 21:00:00,6.56929
8726,09.08.2011 22:00:00,6.19102
8727,09.08.2011 23:00:00,6.07064
8728,10.08.2011 00:00:00,5.63679,3.635
8729,10.08.2011 01:00:00,5.36067
8730,10.08.2011 02:00:00,5.13123
8731,10.08.2011 03:00:00,4.85
8732,10.08.2011 04:00:00,4.62061
8733,10.08.2011 05:00:00,4.37622
8734,10.08.2011 06:00:00,4.21558,3.624
8735,10.08.2011 07:00:00,3.98573
8736,10.08.2011 08:00:00,3.95042
8737,10.08.2011 09:00:00,4.2485
8738,10.08.2011 10:00:00,4.3503
8739,10.08.2011 11:00:00,4.98743
8740,10.08.2011 12:00:00,5.49611,3.637
8741,10.08.2011 13:00:00,5.8307
8742,10.08.2011 14:00:00,5.44054
8743,10.08.2011 15:00:00,6.32518
8744,10.08.2011 16:00:00,6.36518
8745,10.08.2011 17:00:00,6.36256
8746,10.08.2011 18:00:00,6.62363,3.643
8747,10.08.2011 19:00:00,5.69053
8748,10.08.2011 20:00:00,4.83319
8749,10.08.2011 21:00:00,4.81828
8750,10.08.2011 22:00:00,4.96923
8751,10.08.2011 23:00:00,4.13226
8752,11.08.2011 00:00:00,4.1408,3.625
8753,11.08.2011 01:00:00,3.88827
8754,11.08.2011 02:00:00,3.63352
8755,11.08.2011 03:00:00,3.43999
8756,11.08.2011 04:00:00,3.39928
8757,11.08.2011 05:00:00,3.11967
8758,11.08.2011 06:00:00,2.35371,3.609
8759,11.08.2011 07:00:00,2.34468
8760,11.08.2011 08:00:00,2.21422
8761,11.08.2011 09:00:00,2.53757
8762,11.08.2011 10:00:00,2.84745
8763,11.08.2011 11:00:00,3.18439
8764,11.08.2011 12:00:00,2.87847,3.615
8765,11.08.2011 13:00:00,2.7279
8766,11.08.2011 14:00:00,3.8552
8767,11.08.2011 15:00:00,3.73054
8768,11.08.2011 16:00:00,5.62096
8769,11.08.2011 17:00:00,5.50066
8770,11.08.2011 18:00:00,3.57175,3.623
8771,11.08.2011 19:00:00,3.66846
8772,11.08.2011 20:00:00,3.08397
8773,11.08.2011 21:00:00,2.72293
8774,11.08.2011 22:00:00,2.39883
8775,11.08.2011 23:00:00,2.26917
8776,12.08.2011 00:00:00,1.99141,3.603
8777,12.08.2011 01:00:00,1.90397
8778,12.08.2011 02:00:00,1.73394
8779,12.08.2011 03:00:00,1.56317
8780,12.08.2011 04:00:00,1.47496
8781,12.08.2011 05:00:00,1.33456
8782,12.08.2011 06:00:00,1.20835,3.597
8783,12.08.2011 07:00:00,1.12198
8784,12.08.2011 08:00:00,1.09128
8785,12.08.2011 09:00:00,1.1094
8786,12.08.2011 10:00:00,1.20988
8787,12.08.2011 11:00:00,1.47533
8788,12.08.2011 12:00:00,2.25861,3.609
8789,12.08.2011 13:00:00,3.79314
8790,12.08.2011 14:00:00,4.7647
8791,12.08.2011 15:00:00,6.28405
8792,12.08.2011 16:00:00,8.11662
8793,12.08.2011 17:00:00,9.12847
8794,12.08.2011 18:00:00,8.0609,3.656
8795,12.08.2011 19:00:00,7.1702
8796,12.08.2011 20:00:00,6.22094
8797,12.08.2011 21:00:00,5.6579
8798,12.08.2011 22:00:00,5.17425
8799,12.08.2011 23:00:00,4.81294
8800,13.08.2011 00:00:00,4.36141,3.625
8801,13.08.2011 01:00:00,3.93765
8802,13.08.2011 02:00:00,3.53413
8803,13.08.2011 03:00:00,3.17216
8804,13.08.2011 04:00:00,2.76472
8805,13.08.2011 05:00:00,2.43992
8806,13.08.2011 06:00:00,2.26254,3.607
8807,13.08.2011 07:00:00,2.16102
8808,13.08.2011 08:00:00,2.20961
8809,13.08.2011 09:00:00,2.38158
8810,13.08.2011 10:00:00,2.74986
8811,13.08.2011 11:00:00,3.27276
