4      5.000   3536.266      0.000   3536.244     10.000   3536.478     15.000   3536.152    162.64000
4     10.000   3536.478      5.000   3536.266     15.000   3536.152     20.000   3535.809    224.19000
4     15.000   3536.152     10.000   3536.478     20.000   3535.809     25.000   3536.244    282.14999
4     20.000   3535.809     15.000   3536.152     25.000   3536.244     30.000   3535.974    224.64000
4     25.000   3536.244     20.000   3535.809     30.000   3535.974     35.000   3535.861    150.50000
4     30.000   3535.974     25.000   3536.244     35.000   3535.861     40.000   3535.916     85.90000
4     35.000   3535.861     30.000   3535.974     40.000   3535.916     45.000   3536.297     85.86000
4     40.000   3535.916     35.000   3535.861     45.000   3536.297     50.000   3536.002    109.91000
4     45.000   3536.297     40.000   3535.916     50.000   3536.002     55.000   3536.658    118.71000
4     50.000   3536.002     45.000   3536.297     55.000   3536.658     60.000   3536.894    181.64000
4     55.000   3536.658     50.000   3536.002     60.000   3536.894     65.000   3537.003    151.91000
4     60.000   3536.894     55.000   3536.658     65.000   3537.003     70.000   3536.123    105.64000
4     65.000   3537.003     60.000   3536.894     70.000   3536.123     75.000   3536.578    105.29000
4     70.000   3536.123     65.000   3537.003     75.000   3536.578     80.000   3537.228    165.00000
4     75.000   3536.578     70.000   3536.123     80.000   3537.228     85.000   3536.619    215.41000
4     80.000   3537.228     75.000   3536.578     85.000   3536.619     90.000   3535.969    199.39999
4     85.000   3536.619     80.000   3537.228     90.000   3535.969     95.000   3536.352    208.80000
4     90.000   3535.969     85.000   3536.619     95.000   3536.352    100.000   3535.908     99.74000
4     95.000   3536.352     90.000   3535.969    100.000   3535.908    105.000   3535.457     76.83000
4    100.000   3535.908     95.000   3536.352    105.000   3535.457    110.000   3534.277     76.49000
4    105.000   3535.457    100.000   3535.908    110.000   3534.277    115.000   3534.712     55.28000
4    110.000   3534.277    105.000   3535.457    115.000   3534.712    120.000   3535.212    173.20000
4    115.000   3534.712    110.000   3534.277    120.000   3535.212    125.000   3534.914     97.74000
4    120.000   3535.212    115.000   3534.712    125.000   3534.914    130.000   3534.113    185.86000
4    125.000   3534.914    120.000   3535.212    130.000   3534.113    135.000   3532.749    143.67000
4    120.000   3535.212    125.000   3534.914    130.000   3534.113    135.000   3532.749    143.85001
4    125.000   3534.914    130.000   3534.113    135.000   3532.749    140.000   3533.766    118.20000
4    130.000   3534.113    125.000   3534.914    135.000   3532.749    140.000   3533.766    118.11000
4    130.000   3534.113    135.000   3532.749    140.000   3533.766    145.000   3533.086    107.05000
4    135.000   3532.749    130.000   3534.113    140.000   3533.766    145.000   3533.086    107.12000
4    140.000   3533.766    135.000   3532.749    145.000   3533.086    150.000   3532.774    110.34000
4    135.000   3532.749    140.000   3533.766    145.000   3533.086    150.000   3532.774    110.59000
4    145.000   3533.086    140.000   3533.766    150.000   3532.774    155.000   3532.336    105.41000
4    140.000   3533.766    145.000   3533.086    150.000   3532.774    155.000   3532.336    105.13000
4    145.000   3533.086    150.000   3532.774    155.000   3532.336    160.000   3531.841    150.53000
4    150.000   3532.774    145.000   3533.086    155.000   3532.336    160.000   3531.841    150.23000
4    155.000   3532.336    150.000   3532.774    160.000   3531.841    165.000   3531.676    138.14999
4    150.000   3532.774    155.000   3532.336    160.000   3531.841    165.000   3531.676    138.20000
4    160.000   3531.841    155.000   3532.336    165.000   3531.676    170.000   3531.827    163.20000
4    155.000   3532.336    160.000   3531.841    165.000   3531.676    170.000   3531.827    162.92999
4    165.000   3531.676    160.000   3531.841    170.000   3531.827    175.000   3531.568    135.78999
4    160.000   3531.841    165.000   3531.676    170.000   3531.827    175.000   3531.568    135.96001
4    170.000   3531.827    165.000   3531.676    175.000   3531.568    180.000   3531.403    154.59000
4    165.000   3531.676    170.000   3531.827    175.000   3531.568    180.000   3531.403    154.55000
4    175.000   3531.568    170.000   3531.827    180.000   3531.403    185.000   3531.192    133.28999
4    170.000   3531.827    175.000   3531.568    180.000   3531.403    185.000   3531.192    133.17999
4    175.000   3531.568    180.000   3531.403    185.000   3531.192    190.000   3531.906    112.01000
4    180.000   3531.403    175.000   3531.568    185.000   3531.192    190.000   3531.906    112.04000
4    185.000   3531.192    180.000   3531.403    190.000   3531.906    195.000   3531.375     76.50000
4    180.000   3531.403    185.000   3531.192    190.000   3531.906    195.000   3531.375     76.95000
4    185.000   3531.192    190.000   3531.906    195.000   3531.375    200.000   3531.340     67.98000
4    190.000   3531.906    185.000   3531.192    195.000   3531.375    200.000   3531.340     67.65000
4    190.000   3531.906    195.000   3531.375    200.000   3531.340    205.000   3531.047     44.68000
4    195.000   3531.375    190.000   3531.906    200.000   3531.340    205.000   3531.047     44.33000
4    195.000   3531.375    200.000   3531.340    205.000   3531.047    210.000   3531.996     88.02000
4    200.000   3531.340    195.000   3531.375    205.000   3531.047    210.000   3531.996     87.75000
4    205.000   3531.047    200.000   3531.340    210.000   3531.996    215.000   3531.006     80.12000
4    200.000   3531.340    205.000   3531.047    210.000   3531.996    215.000   3531.006     80.65000
4    210.000   3531.996    205.000   3531.047    215.000   3531.006    220.000   3530.621    106.23000
4    205.000   3531.047    210.000   3531.996    215.000   3531.006    220.000   3530.621    106.23000
4    210.000   3531.996    215.000   3531.006    220.000   3530.621    225.000   3530.616    126.72000
4    215.000   3531.006    210.000   3531.996    220.000   3530.621    225.000   3530.616    126.83000
4    215.000   3531.006    220.000   3530.621    225.000   3530.616    230.000   3529.883     81.15000
4    220.000   3530.621    215.000   3531.006    225.000   3530.616    230.000   3529.883     81.10000
4    225.000   3530.616    220.000   3530.621    230.000   3529.883    235.000   3529.435     96.02000
4    220.000   3530.621    225.000   3530.616    230.000   3529.883    235.000   3529.435     96.07000
4    225.000   3530.616    230.000   3529.883    235.000   3529.435    240.000   3529.129     83.77000
4    235.000   3529.435    240.000   3529.129    245.000   3529.688    250.000   3530.310    103.15000
4    240.000   3529.129    245.000   3529.688    250.000   3530.310    255.000   3530.336    105.36000
4    245.000   3529.688    250.000   3530.310    255.000   3530.336    260.000   3530.283     81.52000
4    250.000   3530.310    255.000   3530.336    260.000   3530.283    265.000   3530.628     74.22500
4    255.000   3530.336    260.000   3530.283    265.000   3530.628    270.000   3530.340    127.51000
4    260.000   3530.283    265.000   3530.628    270.000   3530.340    275.000   3529.132    143.67000
4    265.000   3530.628    270.000   3530.340    275.000   3529.132    280.000   3528.217    132.55000
4    270.000   3530.340    275.000   3529.132    280.000   3528.217    285.000   3527.264    111.60000
4    275.000   3529.132    280.000   3528.217    285.000   3527.264    290.000   3527.672    111.21000
4    280.000   3528.217    285.000   3527.264    290.000   3527.672    295.000   3529.983    109.51000
4    285.000   3527.264    290.000   3527.672    295.000   3529.983    300.000   3531.271    133.21001
4    290.000   3527.672    295.000   3529.983    300.000   3531.271    305.000   3531.428    132.63000
4    295.000   3529.983    300.000   3531.271    305.000   3531.428    310.000   3531.441    104.44000
4    325.000   3529.592    330.000   3529.857    335.000   3529.834    340.000   3529.214     94.43000
4    330.000   3529.857    335.000   3529.834    340.000   3529.214    345.000   3529.238    126.78000
4    335.000   3529.834    340.000   3529.214    345.000   3529.238    350.000   3529.773    123.15000
4    340.000   3529.214    345.000   3529.238    350.000   3529.773    355.000   3530.493    128.03999
4    345.000   3529.238    350.000   3529.773    355.000   3530.493    360.000   3529.237     51.29000
4    350.000   3529.773    355.000   3530.493    360.000   3529.237    365.000   3528.668     86.03000
4    355.000   3530.493    360.000   3529.237    365.000   3528.668    370.000   3528.795     97.08000
4    360.000   3529.237    365.000   3528.668    370.000   3528.795    375.000   3528.793    172.71001
4    365.000   3528.668    370.000   3528.795    375.000   3528.793    380.000   3528.198    204.80000
4    370.000   3528.795    375.000   3528.793    380.000   3528.198    385.000   3528.404    198.64999
4    375.000   3528.793    380.000   3528.198    385.000   3528.404    390.000   3528.534    170.50000
4    380.000   3528.198    385.000   3528.404    390.000   3528.534    395.000   3528.117    253.67000
4    385.000   3528.404    390.000   3528.534    395.000   3528.117    400.000   3527.942    176.57001
4    390.000   3528.534    395.000   3528.117    400.000   3527.942    405.000   3528.261    144.36000
4    395.000   3528.117    400.000   3527.942    405.000   3528.261    410.000   3528.820    108.21000
4    400.000   3527.942    405.000   3528.261    410.000   3528.820    415.000   3528.086     96.30000
4    405.000   3528.261    410.000   3528.820    415.000   3528.086    420.000   3528.102     69.10000
4    410.000   3528.820    415.000   3528.086    420.000   3528.102    425.000   3527.629     69.73500
4    415.000   3528.086    420.000   3528.102    425.000   3527.629    430.000   3528.047     43.31000
4    420.000   3528.102    425.000   3527.629    430.000   3528.047    435.000   3527.743     51.34500
4    425.000   3527.629    430.000   3528.047    435.000   3527.743    440.000   3527.326     61.50000
4    430.000   3528.047    435.000   3527.743    440.000   3527.326    445.000   3527.956     88.11000
4    435.000   3527.743    440.000   3527.326    445.000   3527.956    450.000   3527.941     73.31500
4    440.000   3527.326    445.000   3527.956    450.000   3527.941    455.000   3528.823     79.63500
4    445.000   3527.956    450.000   3527.941    455.000   3528.823    460.000   3528.951    156.67000
4    450.000   3527.941    455.000   3528.823    460.000   3528.951    465.000   3528.468    288.67999
4    455.000   3528.823    460.000   3528.951    465.000   3528.468    470.000   3528.471    329.95001
4    460.000   3528.951    465.000   3528.468    470.000   3528.471    475.000   3528.141    290.84000
4    465.000   3528.468    470.000   3528.471    475.000   3528.141    480.000   3527.527     79.87000
4    470.000   3528.471    475.000   3528.141    480.000   3527.527    485.000   3527.177    123.00000
4    475.000   3528.141    480.000   3527.527    485.000   3527.177    490.000   3527.388    134.62000
4    480.000   3527.527    485.000   3527.177    490.000   3527.388    495.000   3526.652    168.32001
4    485.000   3527.177    490.000   3527.388    495.000   3526.652    500.000   3527.534    117.87000
4    490.000   3527.388    495.000   3526.652    500.000   3527.534    505.000   3527.118    126.71000
4    495.000   3526.652    500.000   3527.534    505.000   3527.118    510.000   3527.157     99.02500
4    500.000   3527.534    505.000   3527.118    510.000   3527.157    515.000   3525.908    171.92000
4    505.000   3527.118    510.000   3527.157    515.000   3525.908    520.000   3526.905    130.06000
4    510.000   3527.157    515.000   3525.908    520.000   3526.905    525.000   3526.745    139.91000
4    515.000   3525.908    520.000   3526.905    525.000   3526.745    530.000   3526.591    144.16000
4    520.000   3526.905    525.000   3526.745    530.000   3526.591    535.000   3527.357    121.24000
4    525.000   3526.745    530.000   3526.591    535.000   3527.357    540.000   3526.634    121.57000
4    530.000   3526.591    535.000   3527.357    540.000   3526.634    545.000   3525.510    127.94000
4    535.000   3527.357    540.000   3526.634    545.000   3525.510    550.000   3526.853    132.19000
4    540.000   3526.634    545.000   3525.510    550.000   3526.853    555.000   3526.048    139.88000
4    545.000   3525.510    550.000   3526.853    555.000   3526.048    560.000   3526.487    144.78999
4    550.000   3526.853    555.000   3526.048    560.000   3526.487    565.000   3527.398    196.12000
4    555.000   3526.048    560.000   3526.487    565.000   3527.398    570.000   3526.960    149.10001
4    560.000   3526.487    565.000   3527.398    570.000   3526.960    575.000   3526.592    135.00999
4    565.000   3527.398    570.000   3526.960    575.000   3526.592    580.000   3527.394    134.49001
4    570.000   3526.960    575.000   3526.592    580.000   3527.394    585.000   3526.593     58.36500
4    575.000   3526.592    580.000   3527.394    585.000   3526.593    590.000   3527.791     45.57500
4    580.000   3527.394    585.000   3526.593    590.000   3527.791    595.000   3527.384     29.39500
4    585.000   3526.593    590.000   3527.791    595.000   3527.384    600.000   3529.998     31.88000
4    590.000   3527.791    595.000   3527.384    600.000   3529.998    605.000   3529.582    103.90000
4    595.000   3527.384    600.000   3529.998    605.000   3529.582    610.000   3528.825    108.90000
4    600.000   3529.998    605.000   3529.582    610.000   3528.825    615.000   3528.415    132.87000
4    605.000   3529.582    610.000   3528.825    615.000   3528.415    620.000   3528.510    145.59000
4    610.000   3528.825    615.000   3528.415    620.000   3528.510    625.000   3527.819    152.31000
4    615.000   3528.415    620.000   3528.510    625.000   3527.819    630.000   3528.454    145.75999
4    620.000   3528.510    625.000   3527.819    630.000   3528.454    635.000   3528.886    158.42999
4    625.000   3527.819    630.000   3528.454    635.000   3528.886    640.000   3527.488    155.10001
4    630.000   3528.454    635.000   3528.886    640.000   3527.488    645.000   3527.672    153.36000
4    635.000   3528.886    640.000   3527.488    645.000   3527.672    650.000   3528.200    104.04000
4    640.000   3527.488    645.000   3527.672    650.000   3528.200    655.000   3529.473     68.18000
4    650.000   3528.200    655.000   3529.473    660.000   3529.993    665.000   3530.034     69.59000
4    655.000   3529.473    660.000   3529.993    665.000   3530.034    670.000   3530.643     69.13500
4    660.000   3529.993    665.000   3530.034    670.000   3530.643    675.000   3527.818    109.63000
4    665.000   3530.034    670.000   3530.643    675.000   3527.818    680.000   3526.413    154.03999
4    670.000   3530.643    675.000   3527.818    680.000   3526.413    685.000   3526.269    189.17000
4    675.000   3527.818    680.000   3526.413    685.000   3526.269    690.000   3526.612    313.51001
4    680.000   3526.413    685.000   3526.269    690.000   3526.612    695.000   3526.329    358.76001
4    685.000   3526.269    690.000   3526.612    695.000   3526.329    700.000   3526.876    173.23000
4    690.000   3526.612    695.000   3526.329    700.000   3526.876    705.000   3524.158    197.58000
4    700.000   3526.876    705.000   3524.158    710.000   3524.108    715.000   3526.427    283.82001
4    705.000   3524.158    710.000   3524.108    715.000   3526.427    720.000   3525.501    184.50000
4    710.000   3524.108    715.000   3526.427    720.000   3525.501    725.000   3525.778    224.56000
4    715.000   3526.427    720.000   3525.501    725.000   3525.778    730.000   3525.740    254.91000
4    720.000   3525.501    725.000   3525.778    730.000   3525.740    735.000   3524.771    163.31000
4    725.000   3525.778    730.000   3525.740    735.000   3524.771    740.000   3524.128    190.27000
4    730.000   3525.740    735.000   3524.771    740.000   3524.128    745.000   3522.933    127.80000
4    735.000   3524.771    740.000   3524.128    745.000   3522.933    750.000   3522.061    121.37000
4    740.000   3524.128    745.000   3522.933    750.000   3522.061    755.000   3521.187    134.20000
4    745.000   3522.933    750.000   3522.061    755.000   3521.187    760.000   3520.309    142.20000
4    750.000   3522.061    755.000   3521.187    760.000   3520.309    765.000   3520.193    178.33000
4    755.000   3521.187    760.000   3520.309    765.000   3520.193    770.000   3520.998    151.66000
4    760.000   3520.309    765.000   3520.193    770.000   3520.998    775.000   3518.842    115.87000
4    765.000   3520.193    770.000   3520.998    775.000   3518.842    780.000   3516.981    142.62000
4    770.000   3520.998    775.000   3518.842    780.000   3516.981    785.000   3516.559    158.35001
4    775.000   3518.842    780.000   3516.981    785.000   3516.559    790.000   3518.217    237.12000
4    780.000   3516.981    785.000   3516.559    790.000   3518.217    795.000   3519.814    171.71001
4    785.000   3516.559    790.000   3518.217    795.000   3519.814    800.000   3517.544    150.75000
4    790.000   3518.217    795.000   3519.814    800.000   3517.544    805.000   3518.710     64.02000
4    795.000   3519.814    800.000   3517.544    805.000   3518.710    810.000   3518.812     65.34000
4    800.000   3517.544    805.000   3518.710    810.000   3518.812    815.000   3518.638     53.75000
4    805.000   3518.710    810.000   3518.812    815.000   3518.638    820.000   3517.048     66.17000
4    810.000   3518.812    815.000   3518.638    820.000   3517.048    825.000   3517.013     76.23000
4    815.000   3518.638    820.000   3517.048    825.000   3517.013    830.000   3517.136     85.01000
4    820.000   3517.048    825.000   3517.013    830.000   3517.136    835.000   3516.854     80.99000
4      5.000   3536.266      0.000   3536.244     15.000   3536.152     20.000   3535.809    239.64000
4     10.000   3536.478      5.000   3536.266     20.000   3535.809     25.000   3536.244    219.00000
4     15.000   3536.152     10.000   3536.478     25.000   3536.244     30.000   3535.974    305.60999
4     20.000   3535.809     15.000   3536.152     30.000   3535.974     35.000   3535.861    243.66000
4     25.000   3536.244     20.000   3535.809     35.000   3535.861     40.000   3535.916    110.30000
4     30.000   3535.974     25.000   3536.244     40.000   3535.916     45.000   3536.297     96.67000
4     35.000   3535.861     30.000   3535.974     45.000   3536.297     50.000   3536.002    172.55000
4     40.000   3535.916     35.000   3535.861     50.000   3536.002     55.000   3536.658    210.00999
4     45.000   3536.297     40.000   3535.916     55.000   3536.658     60.000   3536.894    224.08000
4     50.000   3536.002     45.000   3536.297     60.000   3536.894     65.000   3537.003    148.24001
4     55.000   3536.658     50.000   3536.002     65.000   3537.003     70.000   3536.123    222.74001
4     60.000   3536.894     55.000   3536.658     70.000   3536.123     75.000   3536.578    299.91000
4     65.000   3537.003     60.000   3536.894     75.000   3536.578     80.000   3537.228    217.07001
4     70.000   3536.123     65.000   3537.003     80.000   3537.228     85.000   3536.619    172.20000
4     75.000   3536.578     70.000   3536.123     85.000   3536.619     90.000   3535.969    374.23001
4     80.000   3537.228     75.000   3536.578     90.000   3535.969     95.000   3536.352    362.51001
4     85.000   3536.619     80.000   3537.228     95.000   3536.352    100.000   3535.908    156.72000
4     90.000   3535.969     85.000   3536.619    100.000   3535.908    105.000   3535.457    123.92000
4     95.000   3536.352     90.000   3535.969    105.000   3535.457    110.000   3534.277    245.11000
4    100.000   3535.908     95.000   3536.352    110.000   3534.277    115.000   3534.712     86.13000
4    105.000   3535.457    100.000   3535.908    115.000   3534.712    120.000   3535.212    125.99000
4    110.000   3534.277    105.000   3535.457    120.000   3535.212    125.000   3534.914    206.80000
4    115.000   3534.712    110.000   3534.277    125.000   3534.914    130.000   3534.113    185.87000
4    120.000   3535.212    115.000   3534.712    130.000   3534.113    135.000   3532.749    270.12000
4    120.000   3535.212    125.000   3534.914    135.000   3532.749    140.000   3533.766    188.50000
4    125.000   3534.914    120.000   3535.212    135.000   3532.749    140.000   3533.766    188.46001
4    130.000   3534.113    125.000   3534.914    140.000   3533.766    145.000   3533.086    178.09000
4    125.000   3534.914    130.000   3534.113    140.000   3533.766    145.000   3533.086    178.06000
4    130.000   3534.113    135.000   3532.749    145.000   3533.086    150.000   3532.774    177.10001
4    135.000   3532.749    130.000   3534.113    145.000   3533.086    150.000   3532.774    176.80000
4    135.000   3532.749    140.000   3533.766    150.000   3532.774    155.000   3532.336    163.39999
4    140.000   3533.766    135.000   3532.749    150.000   3532.774    155.000   3532.336    163.50000
4    145.000   3533.086    140.000   3533.766    155.000   3532.336    160.000   3531.841    195.28000
4    140.000   3533.766    145.000   3533.086    155.000   3532.336    160.000   3531.841    195.12000
4    145.000   3533.086    150.000   3532.774    160.000   3531.841    165.000   3531.676    191.59000
4    150.000   3532.774    145.000   3533.086    160.000   3531.841    165.000   3531.676    191.02000
4    150.000   3532.774    155.000   3532.336    165.000   3531.676    170.000   3531.827    198.87000
4    155.000   3532.336    150.000   3532.774    165.000   3531.676    170.000   3531.827    199.02000
4    155.000   3532.336    160.000   3531.841    170.000   3531.827    175.000   3531.568    208.67000
4    160.000   3531.841    155.000   3532.336    170.000   3531.827    175.000   3531.568    208.87000
4    165.000   3531.676    160.000   3531.841    175.000   3531.568    180.000   3531.403    162.45000
4    160.000   3531.841    165.000   3531.676    175.000   3531.568    180.000   3531.403    162.88000
4    170.000   3531.827    165.000   3531.676    180.000   3531.403    185.000   3531.192    148.70000
4    165.000   3531.676    170.000   3531.827    180.000   3531.403    185.000   3531.192    148.74001
4    170.000   3531.827    175.000   3531.568    185.000   3531.192    190.000   3531.906    148.74001
4    175.000   3531.568    170.000   3531.827    185.000   3531.192    190.000   3531.906    148.70000
4    180.000   3531.403    175.000   3531.568    190.000   3531.906    195.000   3531.375    114.04000
4    175.000   3531.568    180.000   3531.403    190.000   3531.906    195.000   3531.375    114.70000
4    180.000   3531.403    185.000   3531.192    195.000   3531.375    200.000   3531.340    115.02000
4    185.000   3531.192    180.000   3531.403    195.000   3531.375    200.000   3531.340    114.47000
4    190.000   3531.906    185.000   3531.192    200.000   3531.340    205.000   3531.047     98.04000
4    185.000   3531.192    190.000   3531.906    200.000   3531.340    205.000   3531.047     98.55000
4    190.000   3531.906    195.000   3531.375    205.000   3531.047    210.000   3531.996    104.80000
4    195.000   3531.375    190.000   3531.906    205.000   3531.047    210.000   3531.996    104.12000
4    200.000   3531.340    195.000   3531.375    210.000   3531.996    215.000   3531.006    215.37000
4    195.000   3531.375    200.000   3531.340    210.000   3531.996    215.000   3531.006    215.80000
4    205.000   3531.047    200.000   3531.340    215.000   3531.006    220.000   3530.621     94.25000
4    200.000   3531.340    205.000   3531.047    215.000   3531.006    220.000   3530.621     94.95000
4    205.000   3531.047    210.000   3531.996    220.000   3530.621    225.000   3530.616    202.59000
4    210.000   3531.996    205.000   3531.047    220.000   3530.621    225.000   3530.616    202.64000
4    210.000   3531.996    215.000   3531.006    225.000   3530.616    230.000   3529.883    214.50000
4    215.000   3531.006    210.000   3531.996    225.000   3530.616    230.000   3529.883    214.61000
4    220.000   3530.621    215.000   3531.006    230.000   3529.883    235.000   3529.435    157.00000
4    215.000   3531.006    220.000   3530.621    230.000   3529.883    235.000   3529.435    156.96001
4    220.000   3530.621    225.000   3530.616    235.000   3529.435    240.000   3529.129    149.94000
4    230.000   3529.883    235.000   3529.435    245.000   3529.688    250.000   3530.310    210.78999
4    235.000   3529.435    240.000   3529.129    250.000   3530.310    255.000   3530.336    102.30000
4    240.000   3529.129    245.000   3529.688    255.000   3530.336    260.000   3530.283    169.28000
4    245.000   3529.688    250.000   3530.310    260.000   3530.283    265.000   3530.628    129.00000
4    250.000   3530.310    255.000   3530.336    265.000   3530.628    270.000   3530.340    164.49001
4    255.000   3530.336    260.000   3530.283    270.000   3530.340    275.000   3529.132    170.33000
4    265.000   3530.628    270.000   3530.340    280.000   3528.217    285.000   3527.264    242.02000
4    270.000   3530.340    275.000   3529.132    285.000   3527.264    290.000   3527.672    153.86000
4    275.000   3529.132    280.000   3528.217    290.000   3527.672    295.000   3529.983    149.39999
4    285.000   3527.264    290.000   3527.672    300.000   3531.271    305.000   3531.428    157.16000
4    290.000   3527.672    295.000   3529.983    305.000   3531.428    310.000   3531.441    167.69000
4    305.000   3531.428    310.000   3531.441    320.000   3529.981    325.000   3529.592    113.36000
4    310.000   3531.441    315.000   3530.702    325.000   3529.592    330.000   3529.857    157.84000
4    315.000   3530.702    320.000   3529.981    330.000   3529.857    335.000   3529.834    104.29000
4    320.000   3529.981    325.000   3529.592    335.000   3529.834    340.000   3529.214    107.49000
4    330.000   3529.857    335.000   3529.834    345.000   3529.238    350.000   3529.773    148.42999
4    335.000   3529.834    340.000   3529.214    350.000   3529.773    355.000   3530.493    146.21001
4    340.000   3529.214    345.000   3529.238    355.000   3530.493    360.000   3529.237    109.77000
4    345.000   3529.238    350.000   3529.773    360.000   3529.237    365.000   3528.668    107.43000
4    350.000   3529.773    355.000   3530.493    365.000   3528.668    370.000   3528.795    116.46000
4    355.000   3530.493    360.000   3529.237    370.000   3528.795    375.000   3528.793    218.41000
4    360.000   3529.237    365.000   3528.668    375.000   3528.793    380.000   3528.198    267.04001
4    365.000   3528.668    370.000   3528.795    380.000   3528.198    385.000   3528.404    239.13000
4    370.000   3528.795    375.000   3528.793    385.000   3528.404    390.000   3528.534    272.39999
4    375.000   3528.793    380.000   3528.198    390.000   3528.534    395.000   3528.117    400.16000
4    380.000   3528.198    385.000   3528.404    395.000   3528.117    400.000   3527.942    296.92999
4    385.000   3528.404    390.000   3528.534    400.000   3527.942    405.000   3528.261    169.55000
4    390.000   3528.534    395.000   3528.117    405.000   3528.261    410.000   3528.820    236.52000
4    395.000   3528.117    400.000   3527.942    410.000   3528.820    415.000   3528.086    160.34000
4    400.000   3527.942    405.000   3528.261    415.000   3528.086    420.000   3528.102     91.17000
4    405.000   3528.261    410.000   3528.820    420.000   3528.102    425.000   3527.629     94.12500
4    410.000   3528.820    415.000   3528.086    425.000   3527.629    430.000   3528.047     65.13000
4    415.000   3528.086    420.000   3528.102    430.000   3528.047    435.000   3527.743     43.50500
4    420.000   3528.102    425.000   3527.629    435.000   3527.743    440.000   3527.326     69.64500
4    425.000   3527.629    430.000   3528.047    440.000   3527.326    445.000   3527.956     85.74500
4    430.000   3528.047    435.000   3527.743    445.000   3527.956    450.000   3527.941    119.37000
4    435.000   3527.743    440.000   3527.326    450.000   3527.941    455.000   3528.823     98.36000
4    440.000   3527.326    445.000   3527.956    455.000   3528.823    460.000   3528.951    149.42000
4    445.000   3527.956    450.000   3527.941    460.000   3528.951    465.000   3528.468    309.37000
4    450.000   3527.941    455.000   3528.823    465.000   3528.468    470.000   3528.471    294.78000
4    455.000   3528.823    460.000   3528.951    470.000   3528.471    475.000   3528.141    258.94000
4    460.000   3528.951    465.000   3528.468    475.000   3528.141    480.000   3527.527    196.71001
4    465.000   3528.468    470.000   3528.471    480.000   3527.527    485.000   3527.177    285.31000
4    470.000   3528.471    475.000   3528.141    485.000   3527.177    490.000   3527.388    276.09000
4    475.000   3528.141    480.000   3527.527    490.000   3527.388    495.000   3526.652    118.61000
4    480.000   3527.527    485.000   3527.177    495.000   3526.652    500.000   3527.534    192.00999
4    485.000   3527.177    490.000   3527.388    500.000   3527.534    505.000   3527.118    335.67001
4    490.000   3527.388    495.000   3526.652    505.000   3527.118    510.000   3527.157    184.64999
4    495.000   3526.652    500.000   3527.534    510.000   3527.157    515.000   3525.908    146.08000
4    500.000   3527.534    505.000   3527.118    515.000   3525.908    520.000   3526.905    240.67000
4    505.000   3527.118    510.000   3527.157    520.000   3526.905    525.000   3526.745    212.67999
4    510.000   3527.157    515.000   3525.908    525.000   3526.745    530.000   3526.591    253.23000
4    515.000   3525.908    520.000   3526.905    530.000   3526.591    535.000   3527.357    187.75999
4    520.000   3526.905    525.000   3526.745    535.000   3527.357    540.000   3526.634    157.38000
4    525.000   3526.745    530.000   3526.591    540.000   3526.634    545.000   3525.510    210.92000
4    530.000   3526.591    535.000   3527.357    545.000   3525.510    550.000   3526.853    241.61000
4    535.000   3527.357    540.000   3526.634    550.000   3526.853    555.000   3526.048    239.38000
4    540.000   3526.634    545.000   3525.510    555.000   3526.048    560.000   3526.487    167.74001
4    545.000   3525.510    550.000   3526.853    560.000   3526.487    565.000   3527.398    269.29001
4    550.000   3526.853    555.000   3526.048    565.000   3527.398    570.000   3526.960    236.08000
4    555.000   3526.048    560.000   3526.487    570.000   3526.960    575.000   3526.592    137.14000
4    560.000   3526.487    565.000   3527.398    575.000   3526.592    580.000   3527.394    275.98001
4    565.000   3527.398    570.000   3526.960    580.000   3527.394    585.000   3526.593     91.89000
4    570.000   3526.960    575.000   3526.592    585.000   3526.593    590.000   3527.791     58.62500
4    575.000   3526.592    580.000   3527.394    590.000   3527.791    595.000   3527.384     66.72000
4    580.000   3527.394    585.000   3526.593    595.000   3527.384    600.000   3529.998     33.91000
4    585.000   3526.593    590.000   3527.791    600.000   3529.998    605.000   3529.582     44.84000
4    590.000   3527.791    595.000   3527.384    605.000   3529.582    610.000   3528.825    132.48000
4    595.000   3527.384    600.000   3529.998    610.000   3528.825    615.000   3528.415    137.00000
4    600.000   3529.998    605.000   3529.582    615.000   3528.415    620.000   3528.510    185.32001
4    605.000   3529.582    610.000   3528.825    620.000   3528.510    625.000   3527.819    206.42999
4    610.000   3528.825    615.000   3528.415    625.000   3527.819    630.000   3528.454    210.64999
4    615.000   3528.415    620.000   3528.510    630.000   3528.454    635.000   3528.886    225.96001
4    620.000   3528.510    625.000   3527.819    635.000   3528.886    640.000   3527.488    248.49001
4    625.000   3527.819    630.000   3528.454    640.000   3527.488    645.000   3527.672    226.98000
4    630.000   3528.454    635.000   3528.886    645.000   3527.672    650.000   3528.200    179.61000
4    635.000   3528.886    640.000   3527.488    650.000   3528.200    655.000   3529.473    118.56000
4    640.000   3527.488    645.000   3527.672    655.000   3529.473    660.000   3529.993     93.85000
4    645.000   3527.672    650.000   3528.200    660.000   3529.993    665.000   3530.034    144.30000
4    650.000   3528.200    655.000   3529.473    665.000   3530.034    670.000   3530.643     91.46000
4    655.000   3529.473    660.000   3529.993    670.000   3530.643    675.000   3527.818     75.80000
4    660.000   3529.993    665.000   3530.034    675.000   3527.818    680.000   3526.413    255.21001
4    665.000   3530.034    670.000   3530.643    680.000   3526.413    685.000   3526.269    283.16000
4    670.000   3530.643    675.000   3527.818    685.000   3526.269    690.000   3526.612    285.51999
4    675.000   3527.818    680.000   3526.413    690.000   3526.612    695.000   3526.329    402.10999
4    680.000   3526.413    685.000   3526.269    695.000   3526.329    700.000   3526.876    324.25000
4    685.000   3526.269    690.000   3526.612    700.000   3526.876    705.000   3524.158    380.62000
4    690.000   3526.612    695.000   3526.329    705.000   3524.158    710.000   3524.108    172.46001
4    695.000   3526.329    700.000   3526.876    710.000   3524.108    715.000   3526.427    241.02000
4    700.000   3526.876    705.000   3524.158    715.000   3526.427    720.000   3525.501    548.62000
4    705.000   3524.158    710.000   3524.108    720.000   3525.501    725.000   3525.778    261.04001
4    710.000   3524.108    715.000   3526.427    725.000   3525.778    730.000   3525.740    365.60001
4    715.000   3526.427    720.000   3525.501    730.000   3525.740    735.000   3524.771    319.17001
4    720.000   3525.501    725.000   3525.778    735.000   3524.771    740.000   3524.128    285.88000
4    725.000   3525.778    730.000   3525.740    740.000   3524.128    745.000   3522.933    211.56000
4    730.000   3525.740    735.000   3524.771    745.000   3522.933    750.000   3522.061    148.71001
4    735.000   3524.771    740.000   3524.128    750.000   3522.061    755.000   3521.187    215.58000
4    740.000   3524.128    745.000   3522.933    755.000   3521.187    760.000   3520.309    191.66000
4    745.000   3522.933    750.000   3522.061    760.000   3520.309    765.000   3520.193    185.55000
4    750.000   3522.061    755.000   3521.187    765.000   3520.193    770.000   3520.998    198.21001
4    755.000   3521.187    760.000   3520.309    770.000   3520.998    775.000   3518.842    187.58000
4    760.000   3520.309    765.000   3520.193    775.000   3518.842    780.000   3516.981    178.70000
4    765.000   3520.193    770.000   3520.998    780.000   3516.981    785.000   3516.559    181.44000
4    770.000   3520.998    775.000   3518.842    785.000   3516.559    790.000   3518.217    258.01001
4    775.000   3518.842    780.000   3516.981    790.000   3518.217    795.000   3519.814    208.48000
4    780.000   3516.981    785.000   3516.559    795.000   3519.814    800.000   3517.544    165.44000
4    785.000   3516.559    790.000   3518.217    800.000   3517.544    805.000   3518.710    205.63000
4    790.000   3518.217    795.000   3519.814    805.000   3518.710    810.000   3518.812    136.42999
4    795.000   3519.814    800.000   3517.544    810.000   3518.812    815.000   3518.638     79.92000
4    800.000   3517.544    805.000   3518.710    815.000   3518.638    820.000   3517.048     91.13000
4    805.000   3518.710    810.000   3518.812    820.000   3517.048    825.000   3517.013    112.57000
4    810.000   3518.812    815.000   3518.638    825.000   3517.013    830.000   3517.136    114.84000
4    815.000   3518.638    820.000   3517.048    830.000   3517.136    835.000   3516.854    103.02000
4      5.000   3536.266      0.000   3536.244     20.000   3535.809     25.000   3536.244    210.91000
4     10.000   3536.478      5.000   3536.266     25.000   3536.244     30.000   3535.974    195.37000
4     15.000   3536.152     10.000   3536.478     30.000   3535.974     35.000   3535.861    272.73999
4     20.000   3535.809     15.000   3536.152     35.000   3535.861     40.000   3535.916    170.35001
4     25.000   3536.244     20.000   3535.809     40.000   3535.916     45.000   3536.297    114.03000
4     30.000   3535.974     25.000   3536.244     45.000   3536.297     50.000   3536.002    170.21001
4     35.000   3535.861     30.000   3535.974     50.000   3536.002     55.000   3536.658    268.47000
4     40.000   3535.916     35.000   3535.861     55.000   3536.658     60.000   3536.894    316.39999
4     45.000   3536.297     40.000   3535.916     60.000   3536.894     65.000   3537.003    154.78000
4     50.000   3536.002     45.000   3536.297     65.000   3537.003     70.000   3536.123    194.80000
4     55.000   3536.658     50.000   3536.002     70.000   3536.123     75.000   3536.578    520.32001
4     60.000   3536.894     55.000   3536.658     75.000   3536.578     80.000   3537.228    509.69000
4     65.000   3537.003     60.000   3536.894     80.000   3537.228     85.000   3536.619    203.21001
4     70.000   3536.123     65.000   3537.003     85.000   3536.619     90.000   3535.969    238.23000
4     75.000   3536.578     70.000   3536.123     90.000   3535.969     95.000   3536.352    570.79999
4     80.000   3537.228     75.000   3536.578     95.000   3536.352    100.000   3535.908    232.81000
4     85.000   3536.619     80.000   3537.228    100.000   3535.908    105.000   3535.457    168.67999
4     90.000   3535.969     85.000   3536.619    105.000   3535.457    110.000   3534.277    331.17999
4     95.000   3536.352     90.000   3535.969    110.000   3534.277    115.000   3534.712    238.48000
4    100.000   3535.908     95.000   3536.352    115.000   3534.712    120.000   3535.212    174.94000
4    105.000   3535.457    100.000   3535.908    120.000   3535.212    125.000   3534.914    131.78999
4    110.000   3534.277    105.000   3535.457    125.000   3534.914    130.000   3534.113    310.42999
4    115.000   3534.712    110.000   3534.277    130.000   3534.113    135.000   3532.749    212.42000
4    120.000   3535.212    115.000   3534.712    135.000   3532.749    140.000   3533.766    295.09000
4    125.000   3534.914    120.000   3535.212    140.000   3533.766    145.000   3533.086    238.58000
4    120.000   3535.212    125.000   3534.914    140.000   3533.766    145.000   3533.086    238.53000
4    125.000   3534.914    130.000   3534.113    145.000   3533.086    150.000   3532.774    256.94000
4    130.000   3534.113    125.000   3534.914    145.000   3533.086    150.000   3532.774    256.45999
4    130.000   3534.113    135.000   3532.749    150.000   3532.774    155.000   3532.336    236.55000
4    135.000   3532.749    130.000   3534.113    150.000   3532.774    155.000   3532.336    236.73000
4    135.000   3532.749    140.000   3533.766    155.000   3532.336    160.000   3531.841    257.98999
4    140.000   3533.766    135.000   3532.749    155.000   3532.336    160.000   3531.841    257.82999
4    140.000   3533.766    145.000   3533.086    160.000   3531.841    165.000   3531.676    224.49001
4    145.000   3533.086    140.000   3533.766    160.000   3531.841    165.000   3531.676    224.32001
4    150.000   3532.774    145.000   3533.086    165.000   3531.676    170.000   3531.827    246.64999
4    145.000   3533.086    150.000   3532.774    165.000   3531.676    170.000   3531.827    246.84000
4    155.000   3532.336    150.000   3532.774    170.000   3531.827    175.000   3531.568    229.25000
4    150.000   3532.774    155.000   3532.336    170.000   3531.827    175.000   3531.568    229.10001
4    160.000   3531.841    155.000   3532.336    175.000   3531.568    180.000   3531.403    234.52000
4    155.000   3532.336    160.000   3531.841    175.000   3531.568    180.000   3531.403    234.39999
4    160.000   3531.841    165.000   3531.676    180.000   3531.403    185.000   3531.192    169.88000
4    165.000   3531.676    160.000   3531.841    180.000   3531.403    185.000   3531.192    169.63000
4    170.000   3531.827    165.000   3531.676    185.000   3531.192    190.000   3531.906    183.72000
4    165.000   3531.676    170.000   3531.827    185.000   3531.192    190.000   3531.906    183.98000
4    170.000   3531.827    175.000   3531.568    190.000   3531.906    195.000   3531.375    148.19000
4    175.000   3531.568    170.000   3531.827    190.000   3531.906    195.000   3531.375    147.36000
4    180.000   3531.403    175.000   3531.568    195.000   3531.375    200.000   3531.340    178.36000
4    175.000   3531.568    180.000   3531.403    195.000   3531.375    200.000   3531.340    178.92999
4    180.000   3531.403    185.000   3531.192    200.000   3531.340    205.000   3531.047    130.16000
4    185.000   3531.192    180.000   3531.403    200.000   3531.340    205.000   3531.047    129.56000
4    190.000   3531.906    185.000   3531.192    205.000   3531.047    210.000   3531.996    199.08000
4    185.000   3531.192    190.000   3531.906    205.000   3531.047    210.000   3531.996    199.61000
4    190.000   3531.906    195.000   3531.375    210.000   3531.996    215.000   3531.006    213.84000
4    195.000   3531.375    190.000   3531.906    210.000   3531.996    215.000   3531.006    212.60001
4    200.000   3531.340    195.000   3531.375    215.000   3531.006    220.000   3530.621    196.96001
4    195.000   3531.375    200.000   3531.340    215.000   3531.006    220.000   3530.621    197.46001
4    200.000   3531.340    205.000   3531.047    220.000   3530.621    225.000   3530.616    138.34000
4    205.000   3531.047    200.000   3531.340    220.000   3530.621    225.000   3530.616    137.45000
4    205.000   3531.047    210.000   3531.996    225.000   3530.616    230.000   3529.883    275.95999
4    210.000   3531.996    205.000   3531.047    225.000   3530.616    230.000   3529.883    276.00000
4    215.000   3531.006    210.000   3531.996    230.000   3529.883    235.000   3529.435    363.25000
4    210.000   3531.996    215.000   3531.006    230.000   3529.883    235.000   3529.435    362.67999
4    215.000   3531.006    220.000   3530.621    235.000   3529.435    240.000   3529.129    201.50000
4    225.000   3530.616    230.000   3529.883    245.000   3529.688    250.000   3530.310    215.30000
4    230.000   3529.883    235.000   3529.435    250.000   3530.310    255.000   3530.336    176.35001
4    235.000   3529.435    240.000   3529.129    255.000   3530.336    260.000   3530.283    145.30000
4    240.000   3529.129    245.000   3529.688    260.000   3530.283    265.000   3530.628    252.73000
4    245.000   3529.688    250.000   3530.310    265.000   3530.628    270.000   3530.340    235.50999
4    250.000   3530.310    255.000   3530.336    270.000   3530.340    275.000   3529.132    187.53999
4    255.000   3530.336    260.000   3530.283    275.000   3529.132    280.000   3528.217    215.48000
4    260.000   3530.283    265.000   3530.628    280.000   3528.217    285.000   3527.264    299.89001
4    265.000   3530.628    270.000   3530.340    285.000   3527.264    290.000   3527.672    270.38000
4    270.000   3530.340    275.000   3529.132    290.000   3527.672    295.000   3529.983    186.85001
4    280.000   3528.217    285.000   3527.264    300.000   3531.271    305.000   3531.428    178.71001
4    290.000   3527.672    295.000   3529.983    310.000   3531.441    315.000   3530.702    294.89999
4    300.000   3531.271    305.000   3531.428    320.000   3529.981    325.000   3529.592    143.71001
4    305.000   3531.428    310.000   3531.441    325.000   3529.592    330.000   3529.857    141.48000
4    315.000   3530.702    320.000   3529.981    335.000   3529.834    340.000   3529.214    135.28999
4    320.000   3529.981    325.000   3529.592    340.000   3529.214    345.000   3529.238    166.14000
4    330.000   3529.857    335.000   3529.834    350.000   3529.773    355.000   3530.493    151.02000
4    335.000   3529.834    340.000   3529.214    355.000   3530.493    360.000   3529.237     98.51000
4    340.000   3529.214    345.000   3529.238    360.000   3529.237    365.000   3528.668    205.28999
4    345.000   3529.238    350.000   3529.773    365.000   3528.668    370.000   3528.795    140.10001
4    350.000   3529.773    355.000   3530.493    370.000   3528.795    375.000   3528.793    214.14999
4    355.000   3530.493    360.000   3529.237    375.000   3528.793    380.000   3528.198    267.01001
4    360.000   3529.237    365.000   3528.668    380.000   3528.198    385.000   3528.404    278.45999
4    365.000   3528.668    370.000   3528.795    385.000   3528.404    390.000   3528.534    275.32001
4    370.000   3528.795    375.000   3528.793    390.000   3528.534    395.000   3528.117    524.88000
4    375.000   3528.793    380.000   3528.198    395.000   3528.117    400.000   3527.942    371.51999
4    380.000   3528.198    385.000   3528.404    400.000   3527.942    405.000   3528.261    240.97000
4    385.000   3528.404    390.000   3528.534    405.000   3528.261    410.000   3528.820    232.99001
4    390.000   3528.534    395.000   3528.117    410.000   3528.820    415.000   3528.086    282.35001
4    395.000   3528.117    400.000   3527.942    415.000   3528.086    420.000   3528.102    124.35000
4    400.000   3527.942    405.000   3528.261    420.000   3528.102    425.000   3527.629    107.87000
4    405.000   3528.261    410.000   3528.820    425.000   3527.629    430.000   3528.047     86.78000
4    410.000   3528.820    415.000   3528.086    430.000   3528.047    435.000   3527.743     70.83500
4    415.000   3528.086    420.000   3528.102    435.000   3527.743    440.000   3527.326     53.97000
4    420.000   3528.102    425.000   3527.629    440.000   3527.326    445.000   3527.956     88.49500
4    425.000   3527.629    430.000   3528.047    445.000   3527.956    450.000   3527.941    112.50000
4    430.000   3528.047    435.000   3527.743    450.000   3527.941    455.000   3528.823    136.74001
4    435.000   3527.743    440.000   3527.326    455.000   3528.823    460.000   3528.951    177.94000
4    440.000   3527.326    445.000   3527.956    460.000   3528.951    465.000   3528.468    253.55000
4    445.000   3527.956    450.000   3527.941    465.000   3528.468    470.000   3528.471    267.20999
4    450.000   3527.941    455.000   3528.823    470.000   3528.471    475.000   3528.141    211.20000
4    455.000   3528.823    460.000   3528.951    475.000   3528.141    480.000   3527.527    213.45000
4    460.000   3528.951    465.000   3528.468    480.000   3527.527    485.000   3527.177    597.15002
4    465.000   3528.468    470.000   3528.471    485.000   3527.177    490.000   3527.388    504.91000
4    470.000   3528.471    475.000   3528.141    490.000   3527.388    495.000   3526.652    208.74001
4    475.000   3528.141    480.000   3527.527    495.000   3526.652    500.000   3527.534    111.54000
4    480.000   3527.527    485.000   3527.177    500.000   3527.534    505.000   3527.118    422.34000
4    485.000   3527.177    490.000   3527.388    505.000   3527.118    510.000   3527.157    379.89001
4    490.000   3527.388    495.000   3526.652    510.000   3527.157    515.000   3525.908    238.32001
4    495.000   3526.652    500.000   3527.534    515.000   3525.908    520.000   3526.905    164.57001
4    500.000   3527.534    505.000   3527.118    520.000   3526.905    525.000   3526.745    324.37000
4    505.000   3527.118    510.000   3527.157    525.000   3526.745    530.000   3526.591    300.60001
4    510.000   3527.157    515.000   3525.908    530.000   3526.591    535.000   3527.357    289.00000
4    515.000   3525.908    520.000   3526.905    535.000   3527.357    540.000   3526.634    226.25999
4    520.000   3526.905    525.000   3526.745    540.000   3526.634    545.000   3525.510    239.48000
4    525.000   3526.745    530.000   3526.591    545.000   3525.510    550.000   3526.853    331.76999
4    530.000   3526.591    535.000   3527.357    550.000   3526.853    555.000   3526.048    341.45001
4    535.000   3527.357    540.000   3526.634    555.000   3526.048    560.000   3526.487    225.12000
4    540.000   3526.634    545.000   3525.510    560.000   3526.487    565.000   3527.398    261.10001
4    545.000   3525.510    550.000   3526.853    565.000   3527.398    570.000   3526.960    257.20001
4    550.000   3526.853    555.000   3526.048    570.000   3526.960    575.000   3526.592    188.05000
4    555.000   3526.048    560.000   3526.487    575.000   3526.592    580.000   3527.394    224.74001
4    560.000   3526.487    565.000   3527.398    580.000   3527.394    585.000   3526.593    146.25999
4    565.000   3527.398    570.000   3526.960    585.000   3526.593    590.000   3527.791     78.31000
4    570.000   3526.960    575.000   3526.592    590.000   3527.791    595.000   3527.384     74.40000
4    575.000   3526.592    580.000   3527.394    595.000   3527.384    600.000   3529.998     72.54000
4    580.000   3527.394    585.000   3526.593    600.000   3529.998    605.000   3529.582     49.55000
4    585.000   3526.593    590.000   3527.791    605.000   3529.582    610.000   3528.825     56.55000
4    590.000   3527.791    595.000   3527.384    610.000   3528.825    615.000   3528.415    152.63000
4    595.000   3527.384    600.000   3529.998    615.000   3528.415    620.000   3528.510    165.39000
4    600.000   3529.998    605.000   3529.582    620.000   3528.510    625.000   3527.819    236.67000
4    605.000   3529.582    610.000   3528.825    625.000   3527.819    630.000   3528.454    252.25999
4    610.000   3528.825    615.000   3528.415    630.000   3528.454    635.000   3528.886    287.20999
4    615.000   3528.415    620.000   3528.510    635.000   3528.886    640.000   3527.488    292.82001
4    620.000   3528.510    625.000   3527.819    640.000   3527.488    645.000   3527.672    296.10001
4    625.000   3527.819    630.000   3528.454    645.000   3527.672    650.000   3528.200    222.60001
4    630.000   3528.454    635.000   3528.886    650.000   3528.200    655.000   3529.473    174.33000
4    635.000   3528.886    640.000   3527.488    655.000   3529.473    660.000   3529.993    140.62000
4    640.000   3527.488    645.000   3527.672    660.000   3529.993    665.000   3530.034    242.42000
4    645.000   3527.672    650.000   3528.200    665.000   3530.034    670.000   3530.643    152.45000
4    650.000   3528.200    655.000   3529.473    670.000   3530.643    675.000   3527.818     88.44500
4    655.000   3529.473    660.000   3529.993    675.000   3527.818    680.000   3526.413    146.17000
4    660.000   3529.993    665.000   3530.034    680.000   3526.413    685.000   3526.269    396.39999
4    665.000   3530.034    670.000   3530.643    685.000   3526.269    690.000   3526.612    359.23001
4    670.000   3530.643    675.000   3527.818    690.000   3526.612    695.000   3526.329    307.07999
4    675.000   3527.818    680.000   3526.413    695.000   3526.329    700.000   3526.876    296.26001
4    680.000   3526.413    685.000   3526.269    700.000   3526.876    705.000   3524.158    601.84003
4    685.000   3526.269    690.000   3526.612    705.000   3524.158    710.000   3524.108    275.29001
4    690.000   3526.612    695.000   3526.329    710.000   3524.108    715.000   3526.427    296.39999
4    695.000   3526.329    700.000   3526.876    715.000   3526.427    720.000   3525.501    377.54001
4    700.000   3526.876    705.000   3524.158    720.000   3525.501    725.000   3525.778    630.57001
4    705.000   3524.158    710.000   3524.108    725.000   3525.778    730.000   3525.740    323.91000
4    710.000   3524.108    715.000   3526.427    730.000   3525.740    735.000   3524.771    378.64001
4    715.000   3526.427    720.000   3525.501    735.000   3524.771    740.000   3524.128    485.14999
4    720.000   3525.501    725.000   3525.778    740.000   3524.128    745.000   3522.933    290.78000
4    725.000   3525.778    730.000   3525.740    745.000   3522.933    750.000   3522.061    225.37000
4    730.000   3525.740    735.000   3524.771    750.000   3522.061    755.000   3521.187    244.99001
4    735.000   3524.771    740.000   3524.128    755.000   3521.187    760.000   3520.309    280.92999
4    740.000   3524.128    745.000   3522.933    760.000   3520.309    765.000   3520.193    225.42999
4    745.000   3522.933    750.000   3522.061    765.000   3520.193    770.000   3520.998    192.77000
4    750.000   3522.061    755.000   3521.187    770.000   3520.998    775.000   3518.842    237.94000
4    755.000   3521.187    760.000   3520.309    775.000   3518.842    780.000   3516.981    262.76999
4    760.000   3520.309    765.000   3520.193    780.000   3516.981    785.000   3516.559    239.56000
4    765.000   3520.193    770.000   3520.998    785.000   3516.559    790.000   3518.217    302.95999
4    770.000   3520.998    775.000   3518.842    790.000   3518.217    795.000   3519.814    230.85001
4    775.000   3518.842    780.000   3516.981    795.000   3519.814    800.000   3517.544    185.78999
4    780.000   3516.981    785.000   3516.559    800.000   3517.544    805.000   3518.710    187.00000
4    785.000   3516.559    790.000   3518.217    805.000   3518.710    810.000   3518.812    342.20001
4    790.000   3518.217    795.000   3519.814    810.000   3518.812    815.000   3518.638    166.38000
4    795.000   3519.814    800.000   3517.544    815.000   3518.638    820.000   3517.048    121.47000
4    800.000   3517.544    805.000   3518.710    820.000   3517.048    825.000   3517.013    132.39000
4    805.000   3518.710    810.000   3518.812    825.000   3517.013    830.000   3517.136    155.80000
4    810.000   3518.812    815.000   3518.638    830.000   3517.136    835.000   3516.854    119.57000
4      5.000   3536.266      0.000   3536.244     25.000   3536.244     30.000   3535.974    172.72000
4     10.000   3536.478      5.000   3536.266     30.000   3535.974     35.000   3535.861    161.46001
4     15.000   3536.152     10.000   3536.478     35.000   3535.861     40.000   3535.916    180.84000
4     20.000   3535.809     15.000   3536.152     40.000   3535.916     45.000   3536.297    169.82001
4     25.000   3536.244     20.000   3535.809     45.000   3536.297     50.000   3536.002    203.95000
4     30.000   3535.974     25.000   3536.244     50.000   3536.002     55.000   3536.658    246.16000
4     35.000   3535.861     30.000   3535.974     55.000   3536.658     60.000   3536.894    354.72000
4     40.000   3535.916     35.000   3535.861     60.000   3536.894     65.000   3537.003    212.41000
4     45.000   3536.297     40.000   3535.916     65.000   3537.003     70.000   3536.123    194.89999
4     50.000   3536.002     45.000   3536.297     70.000   3536.123     75.000   3536.578    438.22000
4     55.000   3536.658     50.000   3536.002     75.000   3536.578     80.000   3537.228    754.40002
4     60.000   3536.894     55.000   3536.658     80.000   3537.228     85.000   3536.619    462.70001
4     65.000   3537.003     60.000   3536.894     85.000   3536.619     90.000   3535.969    277.12000
4     70.000   3536.123     65.000   3537.003     90.000   3535.969     95.000   3536.352    335.45001
4     75.000   3536.578     70.000   3536.123     95.000   3536.352    100.000   3535.908    329.32999
4     80.000   3537.228     75.000   3536.578    100.000   3535.908    105.000   3535.457    253.67999
4     85.000   3536.619     80.000   3537.228    105.000   3535.457    110.000   3534.277    394.39999
4     90.000   3535.969     85.000   3536.619    110.000   3534.277    115.000   3534.712    304.48001
4     95.000   3536.352     90.000   3535.969    115.000   3534.712    120.000   3535.212    443.51001
4    100.000   3535.908     95.000   3536.352    120.000   3535.212    125.000   3534.914    172.94000
4    105.000   3535.457    100.000   3535.908    125.000   3534.914    130.000   3534.113    202.85001
4    110.000   3534.277    105.000   3535.457    130.000   3534.113    135.000   3532.749    329.73999
4    115.000   3534.712    110.000   3534.277    135.000   3532.749    140.000   3533.766    220.77000
4    120.000   3535.212    115.000   3534.712    140.000   3533.766    145.000   3533.086    348.26001
4    125.000   3534.914    120.000   3535.212    145.000   3533.086    150.000   3532.774    311.17999
4    120.000   3535.212    125.000   3534.914    145.000   3533.086    150.000   3532.774    311.67001
4    125.000   3534.914    130.000   3534.113    150.000   3532.774    155.000   3532.336    309.44000
4    130.000   3534.113    125.000   3534.914    150.000   3532.774    155.000   3532.336    309.76999
4    130.000   3534.113    135.000   3532.749    155.000   3532.336    160.000   3531.841    338.51001
4    135.000   3532.749    130.000   3534.113    155.000   3532.336    160.000   3531.841    338.37000
4    135.000   3532.749    140.000   3533.766    160.000   3531.841    165.000   3531.676    272.82999
4    140.000   3533.766    135.000   3532.749    160.000   3531.841    165.000   3531.676    272.42999
4    140.000   3533.766    145.000   3533.086    165.000   3531.676    170.000   3531.827    272.60999
4    145.000   3533.086    140.000   3533.766    165.000   3531.676    170.000   3531.827    272.76999
4    145.000   3533.086    150.000   3532.774    170.000   3531.827    175.000   3531.568    269.97000
4    150.000   3532.774    145.000   3533.086    170.000   3531.827    175.000   3531.568    269.64001
4    150.000   3532.774    155.000   3532.336    175.000   3531.568    180.000   3531.403    243.34000
4    155.000   3532.336    150.000   3532.774    175.000   3531.568    180.000   3531.403    243.39000
4    155.000   3532.336    160.000   3531.841    180.000   3531.403    185.000   3531.192    236.98000
4    160.000   3531.841    155.000   3532.336    180.000   3531.403    185.000   3531.192    236.88000
4    165.000   3531.676    160.000   3531.841    185.000   3531.192    190.000   3531.906    205.22000
4    160.000   3531.841    165.000   3531.676    185.000   3531.192    190.000   3531.906    206.07001
4    165.000   3531.676    170.000   3531.827    190.000   3531.906    195.000   3531.375    175.09000
4    170.000   3531.827    165.000   3531.676    190.000   3531.906    195.000   3531.375    174.02000
4    170.000   3531.827    175.000   3531.568    195.000   3531.375    200.000   3531.340    227.35001
4    175.000   3531.568    170.000   3531.827    195.000   3531.375    200.000   3531.340    227.13000
4    175.000   3531.568    180.000   3531.403    200.000   3531.340    205.000   3531.047    172.34000
4    180.000   3531.403    175.000   3531.568    200.000   3531.340    205.000   3531.047    171.60001
4    180.000   3531.403    185.000   3531.192    205.000   3531.047    210.000   3531.996    243.95000
4    185.000   3531.192    180.000   3531.403    205.000   3531.047    210.000   3531.996    243.45000
4    190.000   3531.906    185.000   3531.192    210.000   3531.996    215.000   3531.006    354.26999
4    185.000   3531.192    190.000   3531.906    210.000   3531.996    215.000   3531.006    354.85001
4    195.000   3531.375    190.000   3531.906    215.000   3531.006    220.000   3530.621    178.25000
4    190.000   3531.906    195.000   3531.375    215.000   3531.006    220.000   3530.621    179.57001
4    200.000   3531.340    195.000   3531.375    220.000   3530.621    225.000   3530.616    254.17999
4    195.000   3531.375    200.000   3531.340    220.000   3530.621    225.000   3530.616    254.64000
4    205.000   3531.047    200.000   3531.340    225.000   3530.616    230.000   3529.883    168.11000
4    200.000   3531.340    205.000   3531.047    225.000   3530.616    230.000   3529.883    169.30000
4    210.000   3531.996    205.000   3531.047    230.000   3529.883    235.000   3529.435    409.94000
4    205.000   3531.047    210.000   3531.996    230.000   3529.883    235.000   3529.435    409.60001
4    210.000   3531.996    215.000   3531.006    235.000   3529.435    240.000   3529.129    418.91000
4    220.000   3530.621    225.000   3530.616    245.000   3529.688    250.000   3530.310    272.85001
4    225.000   3530.616    230.000   3529.883    250.000   3530.310    255.000   3530.336    179.50999
4    230.000   3529.883    235.000   3529.435    255.000   3530.336    260.000   3530.283    239.10001
4    235.000   3529.435    240.000   3529.129    260.000   3530.283    265.000   3530.628    183.47000
4    240.000   3529.129    245.000   3529.688    265.000   3530.628    270.000   3530.340    398.85999
4    245.000   3529.688    250.000   3530.310    270.000   3530.340    275.000   3529.132    244.99001
4    250.000   3530.310    255.000   3530.336    275.000   3529.132    280.000   3528.217    229.39000
4    255.000   3530.336    260.000   3530.283    280.000   3528.217    285.000   3527.264    274.64001
4    260.000   3530.283    265.000   3530.628    285.000   3527.264    290.000   3527.672    303.14999
4    265.000   3530.628    270.000   3530.340    290.000   3527.672    295.000   3529.983    306.48001
4    275.000   3529.132    280.000   3528.217    300.000   3531.271    305.000   3531.428    197.75999
4    280.000   3528.217    285.000   3527.264    305.000   3531.428    310.000   3531.441    186.19000
4    285.000   3527.264    290.000   3527.672    310.000   3531.441    315.000   3530.702    276.82001
4    300.000   3531.271    305.000   3531.428    325.000   3529.592    330.000   3529.857    167.60001
4    305.000   3531.428    310.000   3531.441    330.000   3529.857    335.000   3529.834    156.46001
4    315.000   3530.702    320.000   3529.981    340.000   3529.214    345.000   3529.238    190.63000
4    320.000   3529.981    325.000   3529.592    345.000   3529.238    350.000   3529.773    144.69000
4    330.000   3529.857    335.000   3529.834    355.000   3530.493    360.000   3529.237     98.29000
4    335.000   3529.834    340.000   3529.214    360.000   3529.237    365.000   3528.668    170.89999
4    340.000   3529.214    345.000   3529.238    365.000   3528.668    370.000   3528.795    255.61000
4    345.000   3529.238    350.000   3529.773    370.000   3528.795    375.000   3528.793    231.75000
4    350.000   3529.773    355.000   3530.493    375.000   3528.793    380.000   3528.198    236.75999
4    355.000   3530.493    360.000   3529.237    380.000   3528.198    385.000   3528.404    247.48000
4    360.000   3529.237    365.000   3528.668    385.000   3528.404    390.000   3528.534    292.89999
4    365.000   3528.668    370.000   3528.795    390.000   3528.534    395.000   3528.117    479.26999
4    370.000   3528.795    375.000   3528.793    395.000   3528.117    400.000   3527.942    434.89999
4    375.000   3528.793    380.000   3528.198    400.000   3527.942    405.000   3528.261    278.14999
4    380.000   3528.198    385.000   3528.404    405.000   3528.261    410.000   3528.820    297.04001
4    385.000   3528.404    390.000   3528.534    410.000   3528.820    415.000   3528.086    247.03999
4    390.000   3528.534    395.000   3528.117    415.000   3528.086    420.000   3528.102    199.89000
4    395.000   3528.117    400.000   3527.942    420.000   3528.102    425.000   3527.629    145.69000
4    400.000   3527.942    405.000   3528.261    425.000   3527.629    430.000   3528.047     94.53500
4    405.000   3528.261    410.000   3528.820    430.000   3528.047    435.000   3527.743     93.99000
4    410.000   3528.820    415.000   3528.086    435.000   3527.743    440.000   3527.326     84.07500
4    415.000   3528.086    420.000   3528.102    440.000   3527.326    445.000   3527.956     65.23000
4    420.000   3528.102    425.000   3527.629    445.000   3527.956    450.000   3527.941    114.57000
4    425.000   3527.629    430.000   3528.047    450.000   3527.941    455.000   3528.823    127.13000
4    430.000   3528.047    435.000   3527.743    455.000   3528.823    460.000   3528.951    225.67999
4    435.000   3527.743    440.000   3527.326    460.000   3528.951    465.000   3528.468    281.42999
4    440.000   3527.326    445.000   3527.956    465.000   3528.468    470.000   3528.471    211.48000
4    445.000   3527.956    450.000   3527.941    470.000   3528.471    475.000   3528.141    190.55000
4    450.000   3527.941    455.000   3528.823    475.000   3528.141    480.000   3527.527    178.62000
4    455.000   3528.823    460.000   3528.951    480.000   3527.527    485.000   3527.177    628.78003
4    460.000   3528.951    465.000   3528.468    485.000   3527.177    490.000   3527.388    934.65002
4    465.000   3528.468    470.000   3528.471    490.000   3527.388    495.000   3526.652    353.95001
4    470.000   3528.471    475.000   3528.141    495.000   3526.652    500.000   3527.534    186.37000
4    475.000   3528.141    480.000   3527.527    500.000   3527.534    505.000   3527.118    226.41000
4    480.000   3527.527    485.000   3527.177    505.000   3527.118    510.000   3527.157    413.64999
4    485.000   3527.177    490.000   3527.388    510.000   3527.157    515.000   3525.908    467.92001
4    490.000   3527.388    495.000   3526.652    515.000   3525.908    520.000   3526.905    252.81000
4    495.000   3526.652    500.000   3527.534    520.000   3526.905    525.000   3526.745    204.75999
4    500.000   3527.534    505.000   3527.118    525.000   3526.745    530.000   3526.591    421.60001
4    505.000   3527.118    510.000   3527.157    530.000   3526.591    535.000   3527.357    315.32999
4    510.000   3527.157    515.000   3525.908    535.000   3527.357    540.000   3526.634    334.97000
4    515.000   3525.908    520.000   3526.905    540.000   3526.634    545.000   3525.510    301.98999
4    520.000   3526.905    525.000   3526.745    545.000   3525.510    550.000   3526.853    353.35999
4    525.000   3526.745    530.000   3526.591    550.000   3526.853    555.000   3526.048    424.17001
4    530.000   3526.591    535.000   3527.357    555.000   3526.048    560.000   3526.487    288.45001
4    535.000   3527.357    540.000   3526.634    560.000   3526.487    565.000   3527.398    320.70999
4    540.000   3526.634    545.000   3525.510    565.000   3527.398    570.000   3526.960    228.77000
4    545.000   3525.510    550.000   3526.853    570.000   3526.960    575.000   3526.592    191.38000
4    550.000   3526.853    555.000   3526.048    575.000   3526.592    580.000   3527.394    281.35999
4    555.000   3526.048    560.000   3526.487    580.000   3527.394    585.000   3526.593    108.05000
4    560.000   3526.487    565.000   3527.398    585.000   3526.593    590.000   3527.791    111.71000
4    565.000   3527.398    570.000   3526.960    590.000   3527.791    595.000   3527.384     97.76500
4    570.000   3526.960    575.000   3526.592    595.000   3527.384    600.000   3529.998     75.68000
4    575.000   3526.592    580.000   3527.394    600.000   3529.998    605.000   3529.582    102.75000
4    580.000   3527.394    585.000   3526.593    605.000   3529.582    610.000   3528.825     60.26000
4    585.000   3526.593    590.000   3527.791    610.000   3528.825    615.000   3528.415     66.86000
4    590.000   3527.791    595.000   3527.384    615.000   3528.415    620.000   3528.510    176.23000
4    595.000   3527.384    600.000   3529.998    620.000   3528.510    625.000   3527.819    201.69000
4    600.000   3529.998    605.000   3529.582    625.000   3527.819    630.000   3528.454    271.70001
4    605.000   3529.582    610.000   3528.825    630.000   3528.454    635.000   3528.886    326.64999
4    610.000   3528.825    615.000   3528.415    635.000   3528.886    640.000   3527.488    340.88000
4    615.000   3528.415    620.000   3528.510    640.000   3527.488    645.000   3527.672    319.64999
4    620.000   3528.510    625.000   3527.819    645.000   3527.672    650.000   3528.200    265.39001
4    625.000   3527.819    630.000   3528.454    650.000   3528.200    655.000   3529.473    194.53999
4    630.000   3528.454    635.000   3528.886    655.000   3529.473    660.000   3529.993    192.36000
4    635.000   3528.886    640.000   3527.488    660.000   3529.993    665.000   3530.034    332.39001
4    640.000   3527.488    645.000   3527.672    665.000   3530.034    670.000   3530.643    233.05000
4    645.000   3527.672    650.000   3528.200    670.000   3530.643    675.000   3527.818    142.75999
4    650.000   3528.200    655.000   3529.473    675.000   3527.818    680.000   3526.413    163.67999
4    655.000   3529.473    660.000   3529.993    680.000   3526.413    685.000   3526.269    218.07001
4    660.000   3529.993    665.000   3530.034    685.000   3526.269    690.000   3526.612    455.79001
4    665.000   3530.034    670.000   3530.643    690.000   3526.612    695.000   3526.329    360.51999
4    670.000   3530.643    675.000   3527.818    695.000   3526.329    700.000   3526.876    202.73000
4    675.000   3527.818    680.000   3526.413    700.000   3526.876    705.000   3524.158    530.21002
4    680.000   3526.413    685.000   3526.269    705.000   3524.158    710.000   3524.108    399.73999
4    685.000   3526.269    690.000   3526.612    710.000   3524.108    715.000   3526.427    480.85001
4    690.000   3526.612    695.000   3526.329    715.000   3526.427    720.000   3525.501    481.57001
4    695.000   3526.329    700.000   3526.876    720.000   3525.501    725.000   3525.778    371.07001
4    700.000   3526.876    705.000   3524.158    725.000   3525.778    730.000   3525.740    677.73999
4    705.000   3524.158    710.000   3524.108    730.000   3525.740    735.000   3524.771    309.79001
4    710.000   3524.108    715.000   3526.427    735.000   3524.771    740.000   3524.128    520.75000
4    715.000   3526.427    720.000   3525.501    740.000   3524.128    745.000   3522.933    465.59000
4    720.000   3525.501    725.000   3525.778    745.000   3522.933    750.000   3522.061    297.14999
4    725.000   3525.778    730.000   3525.740    750.000   3522.061    755.000   3521.187    343.59000
4    730.000   3525.740    735.000   3524.771    755.000   3521.187    760.000   3520.309    301.04001
4    735.000   3524.771    740.000   3524.128    760.000   3520.309    765.000   3520.193    313.56000
4    740.000   3524.128    745.000   3522.933    765.000   3520.193    770.000   3520.998    226.53999
4    745.000   3522.933    750.000   3522.061    770.000   3520.998    775.000   3518.842    221.96001
4    750.000   3522.061    755.000   3521.187    775.000   3518.842    780.000   3516.981    311.50000
4    755.000   3521.187    760.000   3520.309    780.000   3516.981    785.000   3516.559    324.16000
4    760.000   3520.309    765.000   3520.193    785.000   3516.559    790.000   3518.217    398.09000
4    765.000   3520.193    770.000   3520.998    790.000   3518.217    795.000   3519.814    258.92001
4    770.000   3520.998    775.000   3518.842    795.000   3519.814    800.000   3517.544    192.16000
4    775.000   3518.842    780.000   3516.981    800.000   3517.544    805.000   3518.710    194.00999
4    780.000   3516.981    785.000   3516.559    805.000   3518.710    810.000   3518.812    280.26001
4    785.000   3516.559    790.000   3518.217    810.000   3518.812    815.000   3518.638    371.50000
4    790.000   3518.217    795.000   3519.814    815.000   3518.638    820.000   3517.048    248.55000
4    795.000   3519.814    800.000   3517.544    820.000   3517.048    825.000   3517.013    168.95000
4    800.000   3517.544    805.000   3518.710    825.000   3517.013    830.000   3517.136    170.49001
4    805.000   3518.710    810.000   3518.812    830.000   3517.136    835.000   3516.854    154.42999
4      5.000   3536.266      0.000   3536.244     30.000   3535.974     35.000   3535.861    147.60001
4     10.000   3536.478      5.000   3536.266     35.000   3535.861     40.000   3535.916    109.92000
4     15.000   3536.152     10.000   3536.478     40.000   3535.916     45.000   3536.297    176.36000
4     20.000   3535.809     15.000   3536.152     45.000   3536.297     50.000   3536.002    295.53000
4     25.000   3536.244     20.000   3535.809     50.000   3536.002     55.000   3536.658    290.25000
4     30.000   3535.974     25.000   3536.244     55.000   3536.658     60.000   3536.894    305.35999
4     35.000   3535.861     30.000   3535.974     60.000   3536.894     65.000   3537.003    227.10001
4     40.000   3535.916     35.000   3535.861     65.000   3537.003     70.000   3536.123    263.39001
4     45.000   3536.297     40.000   3535.916     70.000   3536.123     75.000   3536.578    391.44000
4     50.000   3536.002     45.000   3536.297     75.000   3536.578     80.000   3537.228    582.02002
4     55.000   3536.658     50.000   3536.002     80.000   3537.228     85.000   3536.619    628.02002
4     60.000   3536.894     55.000   3536.658     85.000   3536.619     90.000   3535.969    639.81000
4     65.000   3537.003     60.000   3536.894     90.000   3535.969     95.000   3536.352    367.98001
4     70.000   3536.123     65.000   3537.003     95.000   3536.352    100.000   3535.908    186.59000
4     75.000   3536.578     70.000   3536.123    100.000   3535.908    105.000   3535.457    341.00000
4     80.000   3537.228     75.000   3536.578    105.000   3535.457    110.000   3534.277    566.79999
4     85.000   3536.619     80.000   3537.228    110.000   3534.277    115.000   3534.712    328.14001
4     90.000   3535.969     85.000   3536.619    115.000   3534.712    120.000   3535.212    534.28998
4     95.000   3536.352     90.000   3535.969    120.000   3535.212    125.000   3534.914    421.14999
4    100.000   3535.908     95.000   3536.352    125.000   3534.914    130.000   3534.113    241.96001
4    105.000   3535.457    100.000   3535.908    130.000   3534.113    135.000   3532.749    202.89999
4    110.000   3534.277    105.000   3535.457    135.000   3532.749    140.000   3533.766    336.51999
4    115.000   3534.712    110.000   3534.277    140.000   3533.766    145.000   3533.086    251.67999
4    120.000   3535.212    115.000   3534.712    145.000   3533.086    150.000   3532.774    431.72000
4    125.000   3534.914    120.000   3535.212    150.000   3532.774    155.000   3532.336    349.60001
4    120.000   3535.212    125.000   3534.914    150.000   3532.774    155.000   3532.336    349.42999
4    130.000   3534.113    125.000   3534.914    155.000   3532.336    160.000   3531.841    418.20999
4    125.000   3534.914    130.000   3534.113    155.000   3532.336    160.000   3531.841    418.10999
4    135.000   3532.749    130.000   3534.113    160.000   3531.841    165.000   3531.676    338.76001
4    130.000   3534.113    135.000   3532.749    160.000   3531.841    165.000   3531.676    339.41000
4    140.000   3533.766    135.000   3532.749    165.000   3531.676    170.000   3531.827    318.84000
4    135.000   3532.749    140.000   3533.766    165.000   3531.676    170.000   3531.827    318.98001
4    145.000   3533.086    140.000   3533.766    170.000   3531.827    175.000   3531.568    291.34000
4    140.000   3533.766    145.000   3533.086    170.000   3531.827    175.000   3531.568    291.09000
4    150.000   3532.774    145.000   3533.086    175.000   3531.568    180.000   3531.403    282.66000
4    145.000   3533.086    150.000   3532.774    175.000   3531.568    180.000   3531.403    283.26999
4    150.000   3532.774    155.000   3532.336    180.000   3531.403    185.000   3531.192    247.86000
4    155.000   3532.336    150.000   3532.774    180.000   3531.403    185.000   3531.192    247.91000
4    160.000   3531.841    155.000   3532.336    185.000   3531.192    190.000   3531.906    286.45999
4    155.000   3532.336    160.000   3531.841    185.000   3531.192    190.000   3531.906    286.26001
4    165.000   3531.676    160.000   3531.841    190.000   3531.906    195.000   3531.375    187.82001
4    160.000   3531.841    165.000   3531.676    190.000   3531.906    195.000   3531.375    189.08000
4    165.000   3531.676    170.000   3531.827    195.000   3531.375    200.000   3531.340    256.57999
4    170.000   3531.827    165.000   3531.676    195.000   3531.375    200.000   3531.340    256.19000
4    170.000   3531.827    175.000   3531.568    200.000   3531.340    205.000   3531.047    201.07001
4    175.000   3531.568    170.000   3531.827    200.000   3531.340    205.000   3531.047    200.67999
4    180.000   3531.403    175.000   3531.568    205.000   3531.047    210.000   3531.996    303.50000
4    175.000   3531.568    180.000   3531.403    205.000   3531.047    210.000   3531.996    303.70999
4    180.000   3531.403    185.000   3531.192    210.000   3531.996    215.000   3531.006    402.09000
4    185.000   3531.192    180.000   3531.403    210.000   3531.996    215.000   3531.006    401.82001
4    190.000   3531.906    185.000   3531.192    215.000   3531.006    220.000   3530.621    278.45001
4    185.000   3531.192    190.000   3531.906    215.000   3531.006    220.000   3530.621    279.32001
4    195.000   3531.375    190.000   3531.906    220.000   3530.621    225.000   3530.616    218.53999
4    190.000   3531.906    195.000   3531.375    220.000   3530.621    225.000   3530.616    219.89999
4    200.000   3531.340    195.000   3531.375    225.000   3530.616    230.000   3529.883    291.85001
4    195.000   3531.375    200.000   3531.340    225.000   3530.616    230.000   3529.883    292.57001
4    200.000   3531.340    205.000   3531.047    230.000   3529.883    235.000   3529.435    239.25000
4    205.000   3531.047    200.000   3531.340    230.000   3529.883    235.000   3529.435    237.98000
4    205.000   3531.047    210.000   3531.996    235.000   3529.435    240.000   3529.129    426.26001
4    215.000   3531.006    220.000   3530.621    245.000   3529.688    250.000   3530.310    325.56000
4    220.000   3530.621    225.000   3530.616    250.000   3530.310    255.000   3530.336    224.09000
4    225.000   3530.616    230.000   3529.883    255.000   3530.336    260.000   3530.283    241.30000
4    230.000   3529.883    235.000   3529.435    260.000   3530.283    265.000   3530.628    288.98001
4    235.000   3529.435    240.000   3529.129    265.000   3530.628    270.000   3530.340    312.95001
4    240.000   3529.129    245.000   3529.688    270.000   3530.340    275.000   3529.132    399.95999
4    245.000   3529.688    250.000   3530.310    275.000   3529.132    280.000   3528.217    290.13000
4    250.000   3530.310    255.000   3530.336    280.000   3528.217    285.000   3527.264    256.57001
4    255.000   3530.336    260.000   3530.283    285.000   3527.264    290.000   3527.672    280.20001
4    260.000   3530.283    265.000   3530.628    290.000   3527.672    295.000   3529.983    331.01999
4    270.000   3530.340    275.000   3529.132    300.000   3531.271    305.000   3531.428    222.19000
4    275.000   3529.132    280.000   3528.217    305.000   3531.428    310.000   3531.441    199.75000
4    290.000   3527.672    295.000   3529.983    320.000   3529.981    325.000   3529.592    249.78999
4    295.000   3529.983    300.000   3531.271    325.000   3529.592    330.000   3529.857    254.72000
4    300.000   3531.271    305.000   3531.428    330.000   3529.857    335.000   3529.834    183.33000
4    305.000   3531.428    310.000   3531.441    335.000   3529.834    340.000   3529.214    191.45000
4    315.000   3530.702    320.000   3529.981    345.000   3529.238    350.000   3529.773    157.08000
4    320.000   3529.981    325.000   3529.592    350.000   3529.773    355.000   3530.493    134.53999
4    325.000   3529.592    330.000   3529.857    355.000   3530.493    360.000   3529.237    107.12000
4    330.000   3529.857    335.000   3529.834    360.000   3529.237    365.000   3528.668    162.36000
4    335.000   3529.834    340.000   3529.214    365.000   3528.668    370.000   3528.795    213.46001
4    340.000   3529.214    345.000   3529.238    370.000   3528.795    375.000   3528.793    423.26001
4    345.000   3529.238    350.000   3529.773    375.000   3528.793    380.000   3528.198    240.97000
4    350.000   3529.773    355.000   3530.493    380.000   3528.198    385.000   3528.404    205.39999
4    355.000   3530.493    360.000   3529.237    385.000   3528.404    390.000   3528.534    249.21001
4    360.000   3529.237    365.000   3528.668    390.000   3528.534    395.000   3528.117    478.37000
4    365.000   3528.668    370.000   3528.795    395.000   3528.117    400.000   3527.942    374.45999
4    370.000   3528.795    375.000   3528.793    400.000   3527.942    405.000   3528.261    316.95999
4    375.000   3528.793    380.000   3528.198    405.000   3528.261    410.000   3528.820    332.95999
4    380.000   3528.198    385.000   3528.404    410.000   3528.820    415.000   3528.086    301.28000
4    385.000   3528.404    390.000   3528.534    415.000   3528.086    420.000   3528.102    165.27000
4    390.000   3528.534    395.000   3528.117    420.000   3528.102    425.000   3527.629    236.24001
4    395.000   3528.117    400.000   3527.942    425.000   3527.629    430.000   3528.047    129.96001
4    400.000   3527.942    405.000   3528.261    430.000   3528.047    435.000   3527.743    100.65000
4    405.000   3528.261    410.000   3528.820    435.000   3527.743    440.000   3527.326    107.39000
4    410.000   3528.820    415.000   3528.086    440.000   3527.326    445.000   3527.956     99.76500
4    415.000   3528.086    420.000   3528.102    445.000   3527.956    450.000   3527.941     83.69000
4    420.000   3528.102    425.000   3527.629    450.000   3527.941    455.000   3528.823    132.69000
4    425.000   3527.629    430.000   3528.047    455.000   3528.823    460.000   3528.951    210.12000
4    430.000   3528.047    435.000   3527.743    460.000   3528.951    465.000   3528.468    336.20999
4    435.000   3527.743    440.000   3527.326    465.000   3528.468    470.000   3528.471    230.25999
4    440.000   3527.326    445.000   3527.956    470.000   3528.471    475.000   3528.141    157.17000
4    445.000   3527.956    450.000   3527.941    475.000   3528.141    480.000   3527.527    158.28000
4    450.000   3527.941    455.000   3528.823    480.000   3527.527    485.000   3527.177    486.54001
4    455.000   3528.823    460.000   3528.951    485.000   3527.177    490.000   3527.388    917.90002
4    460.000   3528.951    465.000   3528.468    490.000   3527.388    495.000   3526.652    633.42999
4    465.000   3528.468    470.000   3528.471    495.000   3526.652    500.000   3527.534    302.84000
4    470.000   3528.471    475.000   3528.141    500.000   3527.534    505.000   3527.118    364.88000
4    475.000   3528.141    480.000   3527.527    505.000   3527.118    510.000   3527.157    214.74001
4    480.000   3527.527    485.000   3527.177    510.000   3527.157    515.000   3525.908    490.20999
4    485.000   3527.177    490.000   3527.388    515.000   3525.908    520.000   3526.905    487.34000
4    490.000   3527.388    495.000   3526.652    520.000   3526.905    525.000   3526.745    306.29001
4    495.000   3526.652    500.000   3527.534    525.000   3526.745    530.000   3526.591    266.12000
4    500.000   3527.534    505.000   3527.118    530.000   3526.591    535.000   3527.357    430.17999
4    505.000   3527.118    510.000   3527.157    535.000   3527.357    540.000   3526.634    377.57999
4    510.000   3527.157    515.000   3525.908    540.000   3526.634    545.000   3525.510    418.64999
4    515.000   3525.908    520.000   3526.905    545.000   3525.510    550.000   3526.853    413.92001
4    520.000   3526.905    525.000   3526.745    550.000   3526.853    555.000   3526.048    429.32001
4    525.000   3526.745    530.000   3526.591    555.000   3526.048    560.000   3526.487    340.48999
4    530.000   3526.591    535.000   3527.357    560.000   3526.487    565.000   3527.398    392.76999
4    535.000   3527.357    540.000   3526.634    565.000   3527.398    570.000   3526.960    264.38000
4    540.000   3526.634    545.000   3525.510    570.000   3526.960    575.000   3526.592    167.46001
4    545.000   3525.510    550.000   3526.853    575.000   3526.592    580.000   3527.394    271.45001
4    550.000   3526.853    555.000   3526.048    580.000   3527.394    585.000   3526.593    130.94000
4    555.000   3526.048    560.000   3526.487    585.000   3526.593    590.000   3527.791     80.33500
4    560.000   3526.487    565.000   3527.398    590.000   3527.791    595.000   3527.384    138.34000
4    565.000   3527.398    570.000   3526.960    595.000   3527.384    600.000   3529.998     98.90000
4    570.000   3526.960    575.000   3526.592    600.000   3529.998    605.000   3529.582     97.71000
4    575.000   3526.592    580.000   3527.394    605.000   3529.582    610.000   3528.825    124.41000
4    580.000   3527.394    585.000   3526.593    610.000   3528.825    615.000   3528.415     71.22000
4    585.000   3526.593    590.000   3527.791    615.000   3528.415    620.000   3528.510     77.88000
4    590.000   3527.791    595.000   3527.384    620.000   3528.510    625.000   3527.819    213.74001
4    595.000   3527.384    600.000   3529.998    625.000   3527.819    630.000   3528.454    229.20000
4    600.000   3529.998    605.000   3529.582    630.000   3528.454    635.000   3528.886    338.39999
4    605.000   3529.582    610.000   3528.825    635.000   3528.886    640.000   3527.488    372.39001
4    610.000   3528.825    615.000   3528.415    640.000   3527.488    645.000   3527.672    359.09000
4    615.000   3528.415    620.000   3528.510    645.000   3527.672    650.000   3528.200    277.26999
4    620.000   3528.510    625.000   3527.819    650.000   3528.200    655.000   3529.473    221.31000
4    625.000   3527.819    630.000   3528.454    655.000   3529.473    660.000   3529.993    203.00000
4    630.000   3528.454    635.000   3528.886    660.000   3529.993    665.000   3530.034    424.48001
4    635.000   3528.886    640.000   3527.488    665.000   3530.034    670.000   3530.643    300.37000
4    640.000   3527.488    645.000   3527.672    670.000   3530.643    675.000   3527.818    213.24001
4    645.000   3527.672    650.000   3528.200    675.000   3527.818    680.000   3526.413    260.82999
4    650.000   3528.200    655.000   3529.473    680.000   3526.413    685.000   3526.269    239.38000
4    655.000   3529.473    660.000   3529.993    685.000   3526.269    690.000   3526.612    237.91000
4    660.000   3529.993    665.000   3530.034    690.000   3526.612    695.000   3526.329    431.87000
4    665.000   3530.034    670.000   3530.643    695.000   3526.329    700.000   3526.876    236.96001
4    670.000   3530.643    675.000   3527.818    700.000   3526.876    705.000   3524.158    373.70001
4    675.000   3527.818    680.000   3526.413    705.000   3524.158    710.000   3524.108    350.82999
4    680.000   3526.413    685.000   3526.269    710.000   3524.108    715.000   3526.427    666.51001
4    685.000   3526.269    690.000   3526.612    715.000   3526.427    720.000   3525.501    731.01001
4    690.000   3526.612    695.000   3526.329    720.000   3525.501    725.000   3525.778    480.94000
4    695.000   3526.329    700.000   3526.876    725.000   3525.778    730.000   3525.740    371.06000
4    700.000   3526.876    705.000   3524.158    730.000   3525.740    735.000   3524.771    604.65002
4    705.000   3524.158    710.000   3524.108    735.000   3524.771    740.000   3524.128    409.35999
4    710.000   3524.108    715.000   3526.427    740.000   3524.128    745.000   3522.933    474.54001
4    715.000   3526.427    720.000   3525.501    745.000   3522.933    750.000   3522.061    461.87000
4    720.000   3525.501    725.000   3525.778    750.000   3522.061    755.000   3521.187    435.73001
4    725.000   3525.778    730.000   3525.740    755.000   3521.187    760.000   3520.309    404.63000
4    730.000   3525.740    735.000   3524.771    760.000   3520.309    765.000   3520.193    320.04001
4    735.000   3524.771    740.000   3524.128    765.000   3520.193    770.000   3520.998    319.01999
4    740.000   3524.128    745.000   3522.933    770.000   3520.998    775.000   3518.842    265.54001
4    745.000   3522.933    750.000   3522.061    775.000   3518.842    780.000   3516.981    281.39001
4    750.000   3522.061    755.000   3521.187    780.000   3516.981    785.000   3516.559    372.63000
4    755.000   3521.187    760.000   3520.309    785.000   3516.559    790.000   3518.217    515.75000
4    760.000   3520.309    765.000   3520.193    790.000   3518.217    795.000   3519.814    332.28000
4    765.000   3520.193    770.000   3520.998    795.000   3519.814    800.000   3517.544    205.69000
4    770.000   3520.998    775.000   3518.842    800.000   3517.544    805.000   3518.710    190.56000
4    775.000   3518.842    780.000   3516.981    805.000   3518.710    810.000   3518.812    275.82001
4    780.000   3516.981    785.000   3516.559    810.000   3518.812    815.000   3518.638    288.70999
4    785.000   3516.559    790.000   3518.217    815.000   3518.638    820.000   3517.048    520.83002
4    790.000   3518.217    795.000   3519.814    820.000   3517.048    825.000   3517.013    344.31000
4    795.000   3519.814    800.000   3517.544    825.000   3517.013    830.000   3517.136    212.69000
4    800.000   3517.544    805.000   3518.710    830.000   3517.136    835.000   3516.854    157.95000
4      5.000   3536.266      0.000   3536.244     35.000   3535.861     40.000   3535.916    104.74000
4     10.000   3536.478      5.000   3536.266     40.000   3535.916     45.000   3536.297    107.50000
4     15.000   3536.152     10.000   3536.478     45.000   3536.297     50.000   3536.002    288.88000
4     20.000   3535.809     15.000   3536.152     50.000   3536.002     55.000   3536.658    411.26001
4     25.000   3536.244     20.000   3535.809     55.000   3536.658     60.000   3536.894    347.59000
4     30.000   3535.974     25.000   3536.244     60.000   3536.894     65.000   3537.003    192.78999
4     35.000   3535.861     30.000   3535.974     65.000   3537.003     70.000   3536.123    274.70999
4     40.000   3535.916     35.000   3535.861     70.000   3536.123     75.000   3536.578    485.53000
4     45.000   3536.297     40.000   3535.916     75.000   3536.578     80.000   3537.228    490.17999
4     50.000   3536.002     45.000   3536.297     80.000   3537.228     85.000   3536.619    461.47000
4     55.000   3536.658     50.000   3536.002     85.000   3536.619     90.000   3535.969    818.64001
4     60.000   3536.894     55.000   3536.658     90.000   3535.969     95.000   3536.352    796.54999
4     65.000   3537.003     60.000   3536.894     95.000   3536.352    100.000   3535.908    196.53999
4     70.000   3536.123     65.000   3537.003    100.000   3535.908    105.000   3535.457    175.28000
4     75.000   3536.578     70.000   3536.123    105.000   3535.457    110.000   3534.277    721.52002
4     80.000   3537.228     75.000   3536.578    110.000   3534.277    115.000   3534.712    451.76999
4     85.000   3536.619     80.000   3537.228    115.000   3534.712    120.000   3535.212    547.35999
4     90.000   3535.969     85.000   3536.619    120.000   3535.212    125.000   3534.914    479.54001
4     95.000   3536.352     90.000   3535.969    125.000   3534.914    130.000   3534.113    557.35999
4    100.000   3535.908     95.000   3536.352    130.000   3534.113    135.000   3532.749    239.19000
4    105.000   3535.457    100.000   3535.908    135.000   3532.749    140.000   3533.766    198.89000
4    110.000   3534.277    105.000   3535.457    140.000   3533.766    145.000   3533.086    376.66000
4    115.000   3534.712    110.000   3534.277    145.000   3533.086    150.000   3532.774    303.73999
4    120.000   3535.212    115.000   3534.712    150.000   3532.774    155.000   3532.336    468.76999
4    125.000   3534.914    120.000   3535.212    155.000   3532.336    160.000   3531.841    446.35999
4    120.000   3535.212    125.000   3534.914    155.000   3532.336    160.000   3531.841    446.42999
4    130.000   3534.113    125.000   3534.914    160.000   3531.841    165.000   3531.676    422.37000
4    125.000   3534.914    130.000   3534.113    160.000   3531.841    165.000   3531.676    421.39999
4    130.000   3534.113    135.000   3532.749    165.000   3531.676    170.000   3531.827    384.42999
4    135.000   3532.749    130.000   3534.113    165.000   3531.676    170.000   3531.827    384.32001
4    135.000   3532.749    140.000   3533.766    170.000   3531.827    175.000   3531.568    335.09000
4    140.000   3533.766    135.000   3532.749    170.000   3531.827    175.000   3531.568    334.98999
4    145.000   3533.086    140.000   3533.766    175.000   3531.568    180.000   3531.403    304.17001
4    140.000   3533.766    145.000   3533.086    175.000   3531.568    180.000   3531.403    303.92999
4    150.000   3532.774    145.000   3533.086    180.000   3531.403    185.000   3531.192    294.32999
4    145.000   3533.086    150.000   3532.774    180.000   3531.403    185.000   3531.192    294.57001
4    150.000   3532.774    155.000   3532.336    185.000   3531.192    190.000   3531.906    291.91000
4    155.000   3532.336    150.000   3532.774    185.000   3531.192    190.000   3531.906    291.89999
4    160.000   3531.841    155.000   3532.336    190.000   3531.906    195.000   3531.375    252.00000
4    155.000   3532.336    160.000   3531.841    190.000   3531.906    195.000   3531.375    253.30000
4    165.000   3531.676    160.000   3531.841    195.000   3531.375    200.000   3531.340    263.87000
4    160.000   3531.841    165.000   3531.676    195.000   3531.375    200.000   3531.340    264.78000
4    165.000   3531.676    170.000   3531.827    200.000   3531.340    205.000   3531.047    216.71001
4    170.000   3531.827    165.000   3531.676    200.000   3531.340    205.000   3531.047    216.55000
4    175.000   3531.568    170.000   3531.827    205.000   3531.047    210.000   3531.996    343.35001
4    170.000   3531.827    175.000   3531.568    205.000   3531.047    210.000   3531.996    343.14999
4    175.000   3531.568    180.000   3531.403    210.000   3531.996    215.000   3531.006    475.82001
4    180.000   3531.403    175.000   3531.568    210.000   3531.996    215.000   3531.006    475.64999
4    185.000   3531.192    180.000   3531.403    215.000   3531.006    220.000   3530.621    301.29999
4    180.000   3531.403    185.000   3531.192    215.000   3531.006    220.000   3530.621    301.47000
4    185.000   3531.192    190.000   3531.906    220.000   3530.621    225.000   3530.616    327.35999
4    190.000   3531.906    185.000   3531.192    220.000   3530.621    225.000   3530.616    327.09000
4    190.000   3531.906    195.000   3531.375    225.000   3530.616    230.000   3529.883    246.39000
4    195.000   3531.375    190.000   3531.906    225.000   3530.616    230.000   3529.883    244.53000
4    195.000   3531.375    200.000   3531.340    230.000   3529.883    235.000   3529.435    394.72000
4    200.000   3531.340    195.000   3531.375    230.000   3529.883    235.000   3529.435    394.26001
4    200.000   3531.340    205.000   3531.047    235.000   3529.435    240.000   3529.129    242.59000
4    205.000   3531.047    210.000   3531.996    240.000   3529.129    245.000   3529.688    548.70001
4    210.000   3531.996    215.000   3531.006    245.000   3529.688    250.000   3530.310    623.78003
4    215.000   3531.006    220.000   3530.621    250.000   3530.310    255.000   3530.336    266.53000
4    220.000   3530.621    225.000   3530.616    255.000   3530.336    260.000   3530.283    294.29999
4    225.000   3530.616    230.000   3529.883    260.000   3530.283    265.000   3530.628    291.39001
4    230.000   3529.883    235.000   3529.435    265.000   3530.628    270.000   3530.340    479.48001
4    235.000   3529.435    240.000   3529.129    270.000   3530.340    275.000   3529.132    247.03999
4    245.000   3529.688    250.000   3530.310    280.000   3528.217    285.000   3527.264    317.37000
4    250.000   3530.310    255.000   3530.336    285.000   3527.264    290.000   3527.672    270.42001
4    255.000   3530.336    260.000   3530.283    290.000   3527.672    295.000   3529.983    308.23999
4    265.000   3530.628    270.000   3530.340    300.000   3531.271    305.000   3531.428    335.32001
4    270.000   3530.340    275.000   3529.132    305.000   3531.428    310.000   3531.441    221.58000
4    285.000   3527.264    290.000   3527.672    320.000   3529.981    325.000   3529.592    222.78000
4    290.000   3527.672    295.000   3529.983    325.000   3529.592    330.000   3529.857    268.32999
4    295.000   3529.983    300.000   3531.271    330.000   3529.857    335.000   3529.834    266.45001
4    300.000   3531.271    305.000   3531.428    335.000   3529.834    340.000   3529.214    207.82001
4    305.000   3531.428    310.000   3531.441    340.000   3529.214    345.000   3529.238    260.92999
4    315.000   3530.702    320.000   3529.981    350.000   3529.773    355.000   3530.493    142.96001
4    320.000   3529.981    325.000   3529.592    355.000   3530.493    360.000   3529.237    142.21001
4    325.000   3529.592    330.000   3529.857    360.000   3529.237    365.000   3528.668    176.39999
4    330.000   3529.857    335.000   3529.834    365.000   3528.668    370.000   3528.795    202.32001
4    335.000   3529.834    340.000   3529.214    370.000   3528.795    375.000   3528.793    344.26001
4    340.000   3529.214    345.000   3529.238    375.000   3528.793    380.000   3528.198    438.85999
4    345.000   3529.238    350.000   3529.773    380.000   3528.198    385.000   3528.404    216.59000
4    350.000   3529.773    355.000   3530.493    385.000   3528.404    390.000   3528.534    206.45000
4    355.000   3530.493    360.000   3529.237    390.000   3528.534    395.000   3528.117    400.53000
4    360.000   3529.237    365.000   3528.668    395.000   3528.117    400.000   3527.942    363.57001
4    365.000   3528.668    370.000   3528.795    400.000   3527.942    405.000   3528.261    278.29999
4    370.000   3528.795    375.000   3528.793    405.000   3528.261    410.000   3528.820    369.92999
4    375.000   3528.793    380.000   3528.198    410.000   3528.820    415.000   3528.086    321.51001
4    380.000   3528.198    385.000   3528.404    415.000   3528.086    420.000   3528.102    193.63000
4    385.000   3528.404    390.000   3528.534    420.000   3528.102    425.000   3527.629    195.66000
4    390.000   3528.534    395.000   3528.117    425.000   3527.629    430.000   3528.047    214.24001
4    395.000   3528.117    400.000   3527.942    430.000   3528.047    435.000   3527.743    142.39999
4    400.000   3527.942    405.000   3528.261    435.000   3527.743    440.000   3527.326    114.44000
4    405.000   3528.261    410.000   3528.820    440.000   3527.326    445.000   3527.956    125.78000
4    410.000   3528.820    415.000   3528.086    445.000   3527.956    450.000   3527.941    128.31000
4    415.000   3528.086    420.000   3528.102    450.000   3527.941    455.000   3528.823     99.27500
4    420.000   3528.102    425.000   3527.629    455.000   3528.823    460.000   3528.951    223.00999
4    425.000   3527.629    430.000   3528.047    460.000   3528.951    465.000   3528.468    308.51999
4    430.000   3528.047    435.000   3527.743    465.000   3528.468    470.000   3528.471    262.26999
4    435.000   3527.743    440.000   3527.326    470.000   3528.471    475.000   3528.141    167.77000
4    440.000   3527.326    445.000   3527.956    475.000   3528.141    480.000   3527.527    129.00999
4    445.000   3527.956    450.000   3527.941    480.000   3527.527    485.000   3527.177    412.48999
4    450.000   3527.941    455.000   3528.823    485.000   3527.177    490.000   3527.388    678.69000
4    455.000   3528.823    460.000   3528.951    490.000   3527.388    495.000   3526.652    588.90997
4    460.000   3528.951    465.000   3528.468    495.000   3526.652    500.000   3527.534    530.31000
4    465.000   3528.468    470.000   3528.471    500.000   3527.534    505.000   3527.118    581.71002
4    470.000   3528.471    475.000   3528.141    505.000   3527.118    510.000   3527.157    333.82999
4    475.000   3528.141    480.000   3527.527    510.000   3527.157    515.000   3525.908    244.62000
4    480.000   3527.527    485.000   3527.177    515.000   3525.908    520.000   3526.905    495.51001
4    485.000   3527.177    490.000   3527.388    520.000   3526.905    525.000   3526.745    582.70001
4    490.000   3527.388    495.000   3526.652    525.000   3526.745    530.000   3526.591    394.47000
4    495.000   3526.652    500.000   3527.534    530.000   3526.591    535.000   3527.357    273.22000
4    500.000   3527.534    505.000   3527.118    535.000   3527.357    540.000   3526.634    507.92999
4    505.000   3527.118    510.000   3527.157    540.000   3526.634    545.000   3525.510    450.23001
4    510.000   3527.157    515.000   3525.908    545.000   3525.510    550.000   3526.853    552.38000
4    515.000   3525.908    520.000   3526.905    550.000   3526.853    555.000   3526.048    477.64999
4    520.000   3526.905    525.000   3526.745    555.000   3526.048    560.000   3526.487    331.82001
4    525.000   3526.745    530.000   3526.591    560.000   3526.487    565.000   3527.398    457.45999
4    530.000   3526.591    535.000   3527.357    565.000   3527.398    570.000   3526.960    307.84000
4    535.000   3527.357    540.000   3526.634    570.000   3526.960    575.000   3526.592    190.77000
4    540.000   3526.634    545.000   3525.510    575.000   3526.592    580.000   3527.394    233.13000
4    545.000   3525.510    550.000   3526.853    580.000   3527.394    585.000   3526.593    126.85000
4    550.000   3526.853    555.000   3526.048    585.000   3526.593    590.000   3527.791    100.58000
4    555.000   3526.048    560.000   3526.487    590.000   3527.791    595.000   3527.384    104.15000
4    560.000   3526.487    565.000   3527.398    595.000   3527.384    600.000   3529.998    136.92999
4    565.000   3527.398    570.000   3526.960    600.000   3529.998    605.000   3529.582    127.51000
4    570.000   3526.960    575.000   3526.592    605.000   3529.582    610.000   3528.825    116.05000
4    575.000   3526.592    580.000   3527.394    610.000   3528.825    615.000   3528.415    148.08000
4    580.000   3527.394    585.000   3526.593    615.000   3528.415    620.000   3528.510     82.44000
4    585.000   3526.593    590.000   3527.791    620.000   3528.510    625.000   3527.819     96.37000
4    590.000   3527.791    595.000   3527.384    625.000   3527.819    630.000   3528.454    239.85001
4    595.000   3527.384    600.000   3529.998    630.000   3528.454    635.000   3528.886    283.31000
4    600.000   3529.998    605.000   3529.582    635.000   3528.886    640.000   3527.488    363.98999
4    605.000   3529.582    610.000   3528.825    640.000   3527.488    645.000   3527.672    405.54001
4    610.000   3528.825    615.000   3528.415    645.000   3527.672    650.000   3528.200    306.35001
4    615.000   3528.415    620.000   3528.510    650.000   3528.200    655.000   3529.473    222.42000
4    620.000   3528.510    625.000   3527.819    655.000   3529.473    660.000   3529.993    227.96001
4    625.000   3527.819    630.000   3528.454    660.000   3529.993    665.000   3530.034    432.34000
4    630.000   3528.454    635.000   3528.886    665.000   3530.034    670.000   3530.643    370.92001
4    635.000   3528.886    640.000   3527.488    670.000   3530.643    675.000   3527.818    274.57999
4    640.000   3527.488    645.000   3527.672    675.000   3527.818    680.000   3526.413    385.66000
4    645.000   3527.672    650.000   3528.200    680.000   3526.413    685.000   3526.269    380.66000
4    650.000   3528.200    655.000   3529.473    685.000   3526.269    690.000   3526.612    256.42999
4    655.000   3529.473    660.000   3529.993    690.000   3526.612    695.000   3526.329    223.28000
4    660.000   3529.993    665.000   3530.034    695.000   3526.329    700.000   3526.876    270.95999
4    665.000   3530.034    670.000   3530.643    700.000   3526.876    705.000   3524.158    425.54999
4    670.000   3530.643    675.000   3527.818    705.000   3524.158    710.000   3524.108    257.73999
4    675.000   3527.818    680.000   3526.413    710.000   3524.108    715.000   3526.427    562.22998
4    680.000   3526.413    685.000   3526.269    715.000   3526.427    720.000   3525.501    974.03003
4    685.000   3526.269    690.000   3526.612    720.000   3525.501    725.000   3525.778    700.91998
4    690.000   3526.612    695.000   3526.329    725.000   3525.778    730.000   3525.740    485.12000
4    695.000   3526.329    700.000   3526.876    730.000   3525.740    735.000   3524.771    317.23001
4    700.000   3526.876    705.000   3524.158    735.000   3524.771    740.000   3524.128    759.57001
4    705.000   3524.158    710.000   3524.108    740.000   3524.128    745.000   3522.933    352.42001
4    710.000   3524.108    715.000   3526.427    745.000   3522.933    750.000   3522.061    460.59000
4    715.000   3526.427    720.000   3525.501    750.000   3522.061    755.000   3521.187    658.29999
4    720.000   3525.501    725.000   3525.778    755.000   3521.187    760.000   3520.309    495.85001
4    725.000   3525.778    730.000   3525.740    760.000   3520.309    765.000   3520.193    420.26001
4    730.000   3525.740    735.000   3524.771    765.000   3520.193    770.000   3520.998    312.17999
4    735.000   3524.771    740.000   3524.128    770.000   3520.998    775.000   3518.842    352.76999
4    740.000   3524.128    745.000   3522.933    775.000   3518.842    780.000   3516.981    335.60001
4    745.000   3522.933    750.000   3522.061    780.000   3516.981    785.000   3516.559    332.03000
4    750.000   3522.061    755.000   3521.187    785.000   3516.559    790.000   3518.217    584.82001
4    755.000   3521.187    760.000   3520.309    790.000   3518.217    795.000   3519.814    412.35001
4    760.000   3520.309    765.000   3520.193    795.000   3519.814    800.000   3517.544    243.23000
4    765.000   3520.193    770.000   3520.998    800.000   3517.544    805.000   3518.710    195.70000
4    770.000   3520.998    775.000   3518.842    805.000   3518.710    810.000   3518.812    262.44000
4    775.000   3518.842    780.000   3516.981    810.000   3518.812    815.000   3518.638    275.29001
4    780.000   3516.981    785.000   3516.559    815.000   3518.638    820.000   3517.048    391.72000
4    785.000   3516.559    790.000   3518.217    820.000   3517.048    825.000   3517.013    689.46002
4    790.000   3518.217    795.000   3519.814    825.000   3517.013    830.000   3517.136    431.42001
4    795.000   3519.814    800.000   3517.544    830.000   3517.136    835.000   3516.854    198.98000
4      5.000   3536.266      0.000   3536.244     40.000   3535.916     45.000   3536.297     98.95000
4     10.000   3536.478      5.000   3536.266     45.000   3536.297     50.000   3536.002    146.08000
4     15.000   3536.152     10.000   3536.478     50.000   3536.002     55.000   3536.658    396.04001
4     20.000   3535.809     15.000   3536.152     55.000   3536.658     60.000   3536.894    476.92001
4     25.000   3536.244     20.000   3535.809     60.000   3536.894     65.000   3537.003    218.82001
4     35.000   3535.861     30.000   3535.974     70.000   3536.123     75.000   3536.578    486.75000
4     40.000   3535.916     35.000   3535.861     75.000   3536.578     80.000   3537.228    582.04999
4     45.000   3536.297     40.000   3535.916     80.000   3537.228     85.000   3536.619    377.28000
4     50.000   3536.002     45.000   3536.297     85.000   3536.619     90.000   3535.969    573.09998
4     55.000   3536.658     50.000   3536.002     90.000   3535.969     95.000   3536.352    968.37000
4     60.000   3536.894     55.000   3536.658     95.000   3536.352    100.000   3535.908    406.22000
4     65.000   3537.003     60.000   3536.894    100.000   3535.908    105.000   3535.457    183.73000
4     70.000   3536.123     65.000   3537.003    105.000   3535.457    110.000   3534.277    392.41000
4     75.000   3536.578     70.000   3536.123    110.000   3534.277    115.000   3534.712    553.92999
4     80.000   3537.228     75.000   3536.578    115.000   3534.712    120.000   3535.212    742.75000
4     85.000   3536.619     80.000   3537.228    120.000   3535.212    125.000   3534.914    487.79999
4     90.000   3535.969     85.000   3536.619    125.000   3534.914    130.000   3534.113    623.31000
4     95.000   3536.352     90.000   3535.969    130.000   3534.113    135.000   3532.749    551.81000
4    100.000   3535.908     95.000   3536.352    135.000   3532.749    140.000   3533.766    236.37000
4    105.000   3535.457    100.000   3535.908    140.000   3533.766    145.000   3533.086    216.49001
4    110.000   3534.277    105.000   3535.457    145.000   3533.086    150.000   3532.774    447.84000
4    115.000   3534.712    110.000   3534.277    150.000   3532.774    155.000   3532.336    322.29999
4    120.000   3535.212    115.000   3534.712    155.000   3532.336    160.000   3531.841    589.40002
4    120.000   3535.212    125.000   3534.914    160.000   3531.841    165.000   3531.676    385.53000
4    125.000   3534.914    120.000   3535.212    160.000   3531.841    165.000   3531.676    383.57001
4    125.000   3534.914    130.000   3534.113    165.000   3531.676    170.000   3531.827    403.20999
4    130.000   3534.113    125.000   3534.914    165.000   3531.676    170.000   3531.827    401.19000
4    130.000   3534.113    135.000   3532.749    170.000   3531.827    175.000   3531.568    397.69000
4    135.000   3532.749    130.000   3534.113    170.000   3531.827    175.000   3531.568    397.67001
4    135.000   3532.749    140.000   3533.766    175.000   3531.568    180.000   3531.403    347.64999
4    140.000   3533.766    135.000   3532.749    175.000   3531.568    180.000   3531.403    347.48001
4    145.000   3533.086    140.000   3533.766    180.000   3531.403    185.000   3531.192    306.79999
4    140.000   3533.766    145.000   3533.086    180.000   3531.403    185.000   3531.192    306.82999
4    145.000   3533.086    150.000   3532.774    185.000   3531.192    190.000   3531.906    334.26001
4    150.000   3532.774    145.000   3533.086    185.000   3531.192    190.000   3531.906    332.67001
4    150.000   3532.774    155.000   3532.336    190.000   3531.906    195.000   3531.375    254.25999
4    155.000   3532.336    150.000   3532.774    190.000   3531.906    195.000   3531.375    253.16000
4    155.000   3532.336    160.000   3531.841    195.000   3531.375    200.000   3531.340    344.14001
4    160.000   3531.841    155.000   3532.336    195.000   3531.375    200.000   3531.340    343.89999
4    165.000   3531.676    160.000   3531.841    200.000   3531.340    205.000   3531.047    217.74001
4    160.000   3531.841    165.000   3531.676    200.000   3531.340    205.000   3531.047    218.86000
4    165.000   3531.676    170.000   3531.827    205.000   3531.047    210.000   3531.996    378.20001
4    170.000   3531.827    165.000   3531.676    205.000   3531.047    210.000   3531.996    378.56000
4    170.000   3531.827    175.000   3531.568    210.000   3531.996    215.000   3531.006    521.78003
4    175.000   3531.568    170.000   3531.827    210.000   3531.996    215.000   3531.006    522.38000
4    175.000   3531.568    180.000   3531.403    215.000   3531.006    220.000   3530.621    347.48001
4    180.000   3531.403    175.000   3531.568    215.000   3531.006    220.000   3530.621    346.73001
4    185.000   3531.192    180.000   3531.403    220.000   3530.621    225.000   3530.616    340.81000
4    180.000   3531.403    185.000   3531.192    220.000   3530.621    225.000   3530.616    341.45999
4    185.000   3531.192    190.000   3531.906    225.000   3530.616    230.000   3529.883    356.26999
4    190.000   3531.906    185.000   3531.192    225.000   3530.616    230.000   3529.883    354.57001
4    195.000   3531.375    190.000   3531.906    230.000   3529.883    235.000   3529.435    325.51001
4    190.000   3531.906    195.000   3531.375    230.000   3529.883    235.000   3529.435    327.32001
4    195.000   3531.375    200.000   3531.340    235.000   3529.435    240.000   3529.129    385.85001
4    200.000   3531.340    205.000   3531.047    240.000   3529.129    245.000   3529.688    303.70001
4    205.000   3531.047    210.000   3531.996    245.000   3529.688    250.000   3530.310    576.85999
4    210.000   3531.996    215.000   3531.006    250.000   3530.310    255.000   3530.336    513.64001
4    215.000   3531.006    220.000   3530.621    255.000   3530.336    260.000   3530.283    345.57999
4    220.000   3530.621    225.000   3530.616    260.000   3530.283    265.000   3530.628    351.42001
4    225.000   3530.616    230.000   3529.883    265.000   3530.628    270.000   3530.340    465.37000
4    230.000   3529.883    235.000   3529.435    270.000   3530.340    275.000   3529.132    369.17001
4    235.000   3529.435    240.000   3529.129    275.000   3529.132    280.000   3528.217    247.03000
4    240.000   3529.129    245.000   3529.688    280.000   3528.217    285.000   3527.264    445.54999
4    250.000   3530.310    255.000   3530.336    290.000   3527.672    295.000   3529.983    294.35999
4    255.000   3530.336    260.000   3530.283    295.000   3529.983    300.000   3531.271    377.79001
4    260.000   3530.283    265.000   3530.628    300.000   3531.271    305.000   3531.428    338.04001
4    265.000   3530.628    270.000   3530.340    305.000   3531.428    310.000   3531.441    329.92001
4    285.000   3527.264    290.000   3527.672    325.000   3529.592    330.000   3529.857    252.60001
4    290.000   3527.672    295.000   3529.983    330.000   3529.857    335.000   3529.834    253.23000
4    295.000   3529.983    300.000   3531.271    335.000   3529.834    340.000   3529.214    284.54999
4    300.000   3531.271    305.000   3531.428    340.000   3529.214    345.000   3529.238    279.76001
4    305.000   3531.428    310.000   3531.441    345.000   3529.238    350.000   3529.773    208.10001
4    320.000   3529.981    325.000   3529.592    360.000   3529.237    365.000   3528.668    226.46001
4    325.000   3529.592    330.000   3529.857    365.000   3528.668    370.000   3528.795    223.05000
4    330.000   3529.857    335.000   3529.834    370.000   3528.795    375.000   3528.793    322.10001
4    335.000   3529.834    340.000   3529.214    375.000   3528.793    380.000   3528.198    358.95001
4    340.000   3529.214    345.000   3529.238    380.000   3528.198    385.000   3528.404    372.17001
4    345.000   3529.238    350.000   3529.773    385.000   3528.404    390.000   3528.534    205.49001
4    350.000   3529.773    355.000   3530.493    390.000   3528.534    395.000   3528.117    317.54999
4    355.000   3530.493    360.000   3529.237    395.000   3528.117    400.000   3527.942    295.04001
4    360.000   3529.237    365.000   3528.668    400.000   3527.942    405.000   3528.261    245.57001
4    365.000   3528.668    370.000   3528.795    405.000   3528.261    410.000   3528.820    291.69000
4    370.000   3528.795    375.000   3528.793    410.000   3528.820    415.000   3528.086    349.34000
4    375.000   3528.793    380.000   3528.198    415.000   3528.086    420.000   3528.102    209.80000
4    380.000   3528.198    385.000   3528.404    420.000   3528.102    425.000   3527.629    230.77000
4    385.000   3528.404    390.000   3528.534    425.000   3527.629    430.000   3528.047    182.53999
4    390.000   3528.534    395.000   3528.117    430.000   3528.047    435.000   3527.743    236.38000
4    395.000   3528.117    400.000   3527.942    435.000   3527.743    440.000   3527.326    158.64999
4    400.000   3527.942    405.000   3528.261    440.000   3527.326    445.000   3527.956    131.22000
4    405.000   3528.261    410.000   3528.820    445.000   3527.956    450.000   3527.941    159.20000
4    410.000   3528.820    415.000   3528.086    450.000   3527.941    455.000   3528.823    155.31000
4    415.000   3528.086    420.000   3528.102    455.000   3528.823    460.000   3528.951    167.97000
4    420.000   3528.102    425.000   3527.629    460.000   3528.951    465.000   3528.468    322.39001
4    425.000   3527.629    430.000   3528.047    465.000   3528.468    470.000   3528.471    241.12000
4    430.000   3528.047    435.000   3527.743    470.000   3528.471    475.000   3528.141    193.20000
4    435.000   3527.743    440.000   3527.326    475.000   3528.141    480.000   3527.527    135.60001
4    440.000   3527.326    445.000   3527.956    480.000   3527.527    485.000   3527.177    338.45999
4    445.000   3527.956    450.000   3527.941    485.000   3527.177    490.000   3527.388    564.87000
4    450.000   3527.941    455.000   3528.823    490.000   3527.388    495.000   3526.652    435.38000
4    455.000   3528.823    460.000   3528.951    495.000   3526.652    500.000   3527.534    473.91000
4    460.000   3528.951    465.000   3528.468    500.000   3527.534    505.000   3527.118    991.13000
4    465.000   3528.468    470.000   3528.471    505.000   3527.118    510.000   3527.157    527.21997
4    470.000   3528.471    475.000   3528.141    510.000   3527.157    515.000   3525.908    378.35999
4    475.000   3528.141    480.000   3527.527    515.000   3525.908    520.000   3526.905    238.67000
4    480.000   3527.527    485.000   3527.177    520.000   3526.905    525.000   3526.745    576.66998
4    485.000   3527.177    490.000   3527.388    525.000   3526.745    530.000   3526.591    695.65997
4    490.000   3527.388    495.000   3526.652    530.000   3526.591    535.000   3527.357    397.70999
4    495.000   3526.652    500.000   3527.534    535.000   3527.357    540.000   3526.634    301.23999
4    500.000   3527.534    505.000   3527.118    540.000   3526.634    545.000   3525.510    585.82001
4    505.000   3527.118    510.000   3527.157    545.000   3525.510    550.000   3526.853    576.46002
4    510.000   3527.157    515.000   3525.908    550.000   3526.853    555.000   3526.048    618.38000
4    515.000   3525.908    520.000   3526.905    555.000   3526.048    560.000   3526.487    360.97000
4    520.000   3526.905    525.000   3526.745    560.000   3526.487    565.000   3527.398    443.50000
4    525.000   3526.745    530.000   3526.591    565.000   3527.398    570.000   3526.960    360.44000
4    530.000   3526.591    535.000   3527.357    570.000   3526.960    575.000   3526.592    219.70000
4    535.000   3527.357    540.000   3526.634    575.000   3526.592    580.000   3527.394    259.51999
4    540.000   3526.634    545.000   3525.510    580.000   3527.394    585.000   3526.593    110.92000
4    545.000   3525.510    550.000   3526.853    585.000   3526.593    590.000   3527.791    101.60000
4    550.000   3526.853    555.000   3526.048    590.000   3527.791    595.000   3527.384    144.49001
4    555.000   3526.048    560.000   3526.487    595.000   3527.384    600.000   3529.998    104.74000
4    560.000   3526.487    565.000   3527.398    600.000   3529.998    605.000   3529.582    184.96001
4    565.000   3527.398    570.000   3526.960    605.000   3529.582    610.000   3528.825    152.60001
4    570.000   3526.960    575.000   3526.592    610.000   3528.825    615.000   3528.415    136.67000
4    575.000   3526.592    580.000   3527.394    615.000   3528.415    620.000   3528.510    171.25000
4    580.000   3527.394    585.000   3526.593    620.000   3528.510    625.000   3527.819    102.37000
4    585.000   3526.593    590.000   3527.791    625.000   3527.819    630.000   3528.454    109.75000
4    590.000   3527.791    595.000   3527.384    630.000   3528.454    635.000   3528.886    291.98001
4    595.000   3527.384    600.000   3529.998    635.000   3528.886    640.000   3527.488    302.04999
4    600.000   3529.998    605.000   3529.582    640.000   3527.488    645.000   3527.672    337.66000
4    610.000   3528.825    615.000   3528.415    650.000   3528.200    655.000   3529.473    241.78000
4    615.000   3528.415    620.000   3528.510    655.000   3529.473    660.000   3529.993    227.94000
4    620.000   3528.510    625.000   3527.819    660.000   3529.993    665.000   3530.034    469.42999
4    625.000   3527.819    630.000   3528.454    665.000   3530.034    670.000   3530.643    370.79001
4    630.000   3528.454    635.000   3528.886    670.000   3530.643    675.000   3527.818    334.28000
4    635.000   3528.886    640.000   3527.488    675.000   3527.818    680.000   3526.413    486.60999
4    640.000   3527.488    645.000   3527.672    680.000   3526.413    685.000   3526.269    559.22998
4    645.000   3527.672    650.000   3528.200    685.000   3526.269    690.000   3526.612    402.01999
4    650.000   3528.200    655.000   3529.473    690.000   3526.612    695.000   3526.329    235.97000
4    655.000   3529.473    660.000   3529.993    695.000   3526.329    700.000   3526.876    146.44000
4    660.000   3529.993    665.000   3530.034    700.000   3526.876    705.000   3524.158    503.35999
4    665.000   3530.034    670.000   3530.643    705.000   3524.158    710.000   3524.108    280.14001
4    670.000   3530.643    675.000   3527.818    710.000   3524.108    715.000   3526.427    387.26999
4    675.000   3527.818    680.000   3526.413    715.000   3526.427    720.000   3525.501    812.00000
4    680.000   3526.413    685.000   3526.269    720.000   3525.501    725.000   3525.778    901.22998
4    685.000   3526.269    690.000   3526.612    725.000   3525.778    730.000   3525.740    687.57001
4    690.000   3526.612    695.000   3526.329    730.000   3525.740    735.000   3524.771    430.69000
4    695.000   3526.329    700.000   3526.876    735.000   3524.771    740.000   3524.128    383.87000
4    700.000   3526.876    705.000   3524.158    740.000   3524.128    745.000   3522.933    635.75000
4    705.000   3524.158    710.000   3524.108    745.000   3522.933    750.000   3522.061    320.09000
4    710.000   3524.108    715.000   3526.427    750.000   3522.061    755.000   3521.187    638.34998
4    715.000   3526.427    720.000   3525.501    755.000   3521.187    760.000   3520.309    737.08002
4    720.000   3525.501    725.000   3525.778    760.000   3520.309    765.000   3520.193    495.89999
4    725.000   3525.778    730.000   3525.740    765.000   3520.193    770.000   3520.998    382.95999
4    730.000   3525.740    735.000   3524.771    770.000   3520.998    775.000   3518.842    344.28000
4    735.000   3524.771    740.000   3524.128    775.000   3518.842    780.000   3516.981    437.50000
4    740.000   3524.128    745.000   3522.933    780.000   3516.981    785.000   3516.559    386.04999
4    745.000   3522.933    750.000   3522.061    785.000   3516.559    790.000   3518.217    515.46002
4    750.000   3522.061    755.000   3521.187    790.000   3518.217    795.000   3519.814    458.16000
4    755.000   3521.187    760.000   3520.309    795.000   3519.814    800.000   3517.544    294.60999
4    760.000   3520.309    765.000   3520.193    800.000   3517.544    805.000   3518.710    241.21001
4    765.000   3520.193    770.000   3520.998    805.000   3518.710    810.000   3518.812    263.34000
4    770.000   3520.998    775.000   3518.842    810.000   3518.812    815.000   3518.638    257.87000
4    775.000   3518.842    780.000   3516.981    815.000   3518.638    820.000   3517.048    365.63000
4    780.000   3516.981    785.000   3516.559    820.000   3517.048    825.000   3517.013    506.97000
4    785.000   3516.559    790.000   3518.217    825.000   3517.013    830.000   3517.136    833.85999
4    790.000   3518.217    795.000   3519.814    830.000   3517.136    835.000   3516.854    393.89999
4      5.000   3536.266      0.000   3536.244     45.000   3536.297     50.000   3536.002    163.23000
4     10.000   3536.478      5.000   3536.266     50.000   3536.002     55.000   3536.658    255.97000
4     15.000   3536.152     10.000   3536.478     55.000   3536.658     60.000   3536.894    472.29999
4     20.000   3535.809     15.000   3536.152     60.000   3536.894     65.000   3537.003    289.39999
4     25.000   3536.244     20.000   3535.809     65.000   3537.003     70.000   3536.123    245.11000
4     30.000   3535.974     25.000   3536.244     70.000   3536.123     75.000   3536.578    391.41000
4     35.000   3535.861     30.000   3535.974     75.000   3536.578     80.000   3537.228    563.79999
4     40.000   3535.916     35.000   3535.861     80.000   3537.228     85.000   3536.619    443.04001
4     45.000   3536.297     40.000   3535.916     85.000   3536.619     90.000   3535.969    466.62000
4     50.000   3536.002     45.000   3536.297     90.000   3535.969     95.000   3536.352    664.60999
4     55.000   3536.658     50.000   3536.002     95.000   3536.352    100.000   3535.908    476.98999
4     60.000   3536.894     55.000   3536.658    100.000   3535.908    105.000   3535.457    385.51001
4     65.000   3537.003     60.000   3536.894    105.000   3535.457    110.000   3534.277    396.03000
4     70.000   3536.123     65.000   3537.003    110.000   3534.277    115.000   3534.712    320.51999
4     75.000   3536.578     70.000   3536.123    115.000   3534.712    120.000   3535.212    887.58002
4     80.000   3537.228     75.000   3536.578    120.000   3535.212    125.000   3534.914    666.06000
4     85.000   3536.619     80.000   3537.228    125.000   3534.914    130.000   3534.113    606.32001
4     90.000   3535.969     85.000   3536.619    130.000   3534.113    135.000   3532.749    598.46997
4     95.000   3536.352     90.000   3535.969    135.000   3532.749    140.000   3533.766    546.46002
4    100.000   3535.908     95.000   3536.352    140.000   3533.766    145.000   3533.086    256.54999
4    105.000   3535.457    100.000   3535.908    145.000   3533.086    150.000   3532.774    252.17000
4    110.000   3534.277    105.000   3535.457    150.000   3532.774    155.000   3532.336    471.35001
4    115.000   3534.712    110.000   3534.277    155.000   3532.336    160.000   3531.841    401.82001
4    120.000   3535.212    115.000   3534.712    160.000   3531.841    165.000   3531.676    540.44000
4    120.000   3535.212    125.000   3534.914    165.000   3531.676    170.000   3531.827    503.34000
4    125.000   3534.914    120.000   3535.212    165.000   3531.676    170.000   3531.827    505.81000
4    130.000   3534.113    125.000   3534.914    170.000   3531.827    175.000   3531.568    445.04999
4    125.000   3534.914    130.000   3534.113    170.000   3531.827    175.000   3531.568    444.98001
4    135.000   3532.749    130.000   3534.113    175.000   3531.568    180.000   3531.403    410.64999
4    130.000   3534.113    135.000   3532.749    175.000   3531.568    180.000   3531.403    411.01999
4    140.000   3533.766    135.000   3532.749    180.000   3531.403    185.000   3531.192    359.60999
4    135.000   3532.749    140.000   3533.766    180.000   3531.403    185.000   3531.192    359.48999
4    140.000   3533.766    145.000   3533.086    185.000   3531.192    190.000   3531.906    365.44000
4    145.000   3533.086    140.000   3533.766    185.000   3531.192    190.000   3531.906    366.32999
4    150.000   3532.774    145.000   3533.086    190.000   3531.906    195.000   3531.375    287.64001
4    145.000   3533.086    150.000   3532.774    190.000   3531.906    195.000   3531.375    289.63000
4    150.000   3532.774    155.000   3532.336    195.000   3531.375    200.000   3531.340    342.31000
4    155.000   3532.336    150.000   3532.774    195.000   3531.375    200.000   3531.340    342.45001
4    160.000   3531.841    155.000   3532.336    200.000   3531.340    205.000   3531.047    278.37000
4    155.000   3532.336    160.000   3531.841    200.000   3531.340    205.000   3531.047    279.51001
4    165.000   3531.676    160.000   3531.841    205.000   3531.047    210.000   3531.996    392.32999
4    160.000   3531.841    165.000   3531.676    205.000   3531.047    210.000   3531.996    392.28000
4    165.000   3531.676    170.000   3531.827    210.000   3531.996    215.000   3531.006    561.69000
4    170.000   3531.827    165.000   3531.676    210.000   3531.996    215.000   3531.006    561.70001
4    175.000   3531.568    170.000   3531.827    215.000   3531.006    220.000   3530.621    374.64999
4    170.000   3531.827    175.000   3531.568    215.000   3531.006    220.000   3530.621    374.53000
4    180.000   3531.403    175.000   3531.568    220.000   3530.621    225.000   3530.616    384.67001
4    175.000   3531.568    180.000   3531.403    220.000   3530.621    225.000   3530.616    384.91000
4    185.000   3531.192    180.000   3531.403    225.000   3530.616    230.000   3529.883    365.94000
4    180.000   3531.403    185.000   3531.192    225.000   3530.616    230.000   3529.883    365.82001
4    185.000   3531.192    190.000   3531.906    230.000   3529.883    235.000   3529.435    464.17001
4    190.000   3531.906    185.000   3531.192    230.000   3529.883    235.000   3529.435    464.01001
4    190.000   3531.906    195.000   3531.375    235.000   3529.435    240.000   3529.129    312.50000
4    195.000   3531.375    200.000   3531.340    240.000   3529.129    245.000   3529.688    471.20001
4    200.000   3531.340    205.000   3531.047    245.000   3529.688    250.000   3530.310    319.92001
4    205.000   3531.047    210.000   3531.996    250.000   3530.310    255.000   3530.336    480.73001
4    210.000   3531.996    215.000   3531.006    255.000   3530.336    260.000   3530.283    653.69000
4    215.000   3531.006    220.000   3530.621    260.000   3530.283    265.000   3530.628    409.98001
4    220.000   3530.621    225.000   3530.616    265.000   3530.628    270.000   3530.340    542.66998
4    225.000   3530.616    230.000   3529.883    270.000   3530.340    275.000   3529.132    350.14001
4    230.000   3529.883    235.000   3529.435    275.000   3529.132    280.000   3528.217    361.95999
4    240.000   3529.129    245.000   3529.688    285.000   3527.264    290.000   3527.672    500.41000
4    245.000   3529.688    250.000   3530.310    290.000   3527.672    295.000   3529.983    352.97000
4    255.000   3530.336    260.000   3530.283    300.000   3531.271    305.000   3531.428    315.62000
4    260.000   3530.283    265.000   3530.628    305.000   3531.428    310.000   3531.441    322.85999
4    265.000   3530.628    270.000   3530.340    310.000   3531.441    315.000   3530.702    452.81000
4    285.000   3527.264    290.000   3527.672    330.000   3529.857    335.000   3529.834    263.44000
4    290.000   3527.672    295.000   3529.983    335.000   3529.834    340.000   3529.214    332.89999
4    300.000   3531.271    305.000   3531.428    345.000   3529.238    350.000   3529.773    227.92000
4    305.000   3531.428    310.000   3531.441    350.000   3529.773    355.000   3530.493    203.22000
4    320.000   3529.981    325.000   3529.592    365.000   3528.668    370.000   3528.795    278.79001
4    325.000   3529.592    330.000   3529.857    370.000   3528.795    375.000   3528.793    347.37000
4    330.000   3529.857    335.000   3529.834    375.000   3528.793    380.000   3528.198    336.17999
4    335.000   3529.834    340.000   3529.214    380.000   3528.198    385.000   3528.404    320.51001
4    340.000   3529.214    345.000   3529.238    385.000   3528.404    390.000   3528.534    378.45999
4    345.000   3529.238    350.000   3529.773    390.000   3528.534    395.000   3528.117    314.57001
4    350.000   3529.773    355.000   3530.493    395.000   3528.117    400.000   3527.942    228.47000
4    355.000   3530.493    360.000   3529.237    400.000   3527.942    405.000   3528.261    206.30000
4    360.000   3529.237    365.000   3528.668    405.000   3528.261    410.000   3528.820    315.79001
4    365.000   3528.668    370.000   3528.795    410.000   3528.820    415.000   3528.086    292.09000
4    370.000   3528.795    375.000   3528.793    415.000   3528.086    420.000   3528.102    229.28999
4    375.000   3528.793    380.000   3528.198    420.000   3528.102    425.000   3527.629    261.35001
4    380.000   3528.198    385.000   3528.404    425.000   3527.629    430.000   3528.047    213.94000
4    385.000   3528.404    390.000   3528.534    430.000   3528.047    435.000   3527.743    196.80000
4    390.000   3528.534    395.000   3528.117    435.000   3527.743    440.000   3527.326    263.79001
4    395.000   3528.117    400.000   3527.942    440.000   3527.326    445.000   3527.956    183.69000
4    400.000   3527.942    405.000   3528.261    445.000   3527.956    450.000   3527.941    170.12000
4    405.000   3528.261    410.000   3528.820    450.000   3527.941    455.000   3528.823    194.44000
4    410.000   3528.820    415.000   3528.086    455.000   3528.823    460.000   3528.951    261.19000
4    415.000   3528.086    420.000   3528.102    460.000   3528.951    465.000   3528.468    241.00999
4    420.000   3528.102    425.000   3527.629    465.000   3528.468    470.000   3528.471    252.30000
4    425.000   3527.629    430.000   3528.047    470.000   3528.471    475.000   3528.141    173.71001
4    430.000   3528.047    435.000   3527.743    475.000   3528.141    480.000   3527.527    154.14000
4    435.000   3527.743    440.000   3527.326    480.000   3527.527    485.000   3527.177    342.85001
4    440.000   3527.326    445.000   3527.956    485.000   3527.177    490.000   3527.388    457.38000
4    445.000   3527.956    450.000   3527.941    490.000   3527.388    495.000   3526.652    368.56000
4    450.000   3527.941    455.000   3528.823    495.000   3526.652    500.000   3527.534    349.29001
4    455.000   3528.823    460.000   3528.951    500.000   3527.534    505.000   3527.118    888.59003
4    460.000   3528.951    465.000   3528.468    505.000   3527.118    510.000   3527.157    882.15997
4    465.000   3528.468    470.000   3528.471    510.000   3527.157    515.000   3525.908    593.29999
4    470.000   3528.471    475.000   3528.141    515.000   3525.908    520.000   3526.905    366.17001
4    475.000   3528.141    480.000   3527.527    520.000   3526.905    525.000   3526.745    273.56000
4    480.000   3527.527    485.000   3527.177    525.000   3526.745    530.000   3526.591    679.37000
4    485.000   3527.177    490.000   3527.388    530.000   3526.591    535.000   3527.357    697.20001
4    490.000   3527.388    495.000   3526.652    535.000   3527.357    540.000   3526.634    433.73001
4    495.000   3526.652    500.000   3527.534    540.000   3526.634    545.000   3525.510    344.64999
4    500.000   3527.534    505.000   3527.118    545.000   3525.510    550.000   3526.853    733.29999
4    505.000   3527.118    510.000   3527.157    550.000   3526.853    555.000   3526.048    625.87000
4    510.000   3527.157    515.000   3525.908    555.000   3526.048    560.000   3526.487    463.01001
4    515.000   3525.908    520.000   3526.905    560.000   3526.487    565.000   3527.398    476.39999
4    520.000   3526.905    525.000   3526.745    565.000   3527.398    570.000   3526.960    355.00000
4    525.000   3526.745    530.000   3526.591    570.000   3526.960    575.000   3526.592    259.31000
4    530.000   3526.591    535.000   3527.357    575.000   3526.592    580.000   3527.394    291.82001
4    535.000   3527.357    540.000   3526.634    580.000   3527.394    585.000   3526.593    122.90000
4    540.000   3526.634    545.000   3525.510    585.000   3526.593    590.000   3527.791     91.21500
4    545.000   3525.510    550.000   3526.853    590.000   3527.791    595.000   3527.384    156.39999
4    550.000   3526.853    555.000   3526.048    595.000   3527.384    600.000   3529.998    153.64999
4    555.000   3526.048    560.000   3526.487    600.000   3529.998    605.000   3529.582    146.62000
4    560.000   3526.487    565.000   3527.398    605.000   3529.582    610.000   3528.825    222.61000
4    565.000   3527.398    570.000   3526.960    610.000   3528.825    615.000   3528.415    181.99001
4    570.000   3526.960    575.000   3526.592    615.000   3528.415    620.000   3528.510    155.85001
4    575.000   3526.592    580.000   3527.394    620.000   3528.510    625.000   3527.819    212.85001
4    580.000   3527.394    585.000   3526.593    625.000   3527.819    630.000   3528.454    117.84000
4    585.000   3526.593    590.000   3527.791    630.000   3528.454    635.000   3528.886    134.59000
4    590.000   3527.791    595.000   3527.384    635.000   3528.886    640.000   3527.488    309.12000
4    595.000   3527.384    600.000   3529.998    640.000   3527.488    645.000   3527.672    312.39001
4    605.000   3529.582    610.000   3528.825    650.000   3528.200    655.000   3529.473    248.07001
4    610.000   3528.825    615.000   3528.415    655.000   3529.473    660.000   3529.993    241.58000
4    615.000   3528.415    620.000   3528.510    660.000   3529.993    665.000   3530.034    462.07999
4    620.000   3528.510    625.000   3527.819    665.000   3530.034    670.000   3530.643    400.23001
4    625.000   3527.819    630.000   3528.454    670.000   3530.643    675.000   3527.818    334.38000
4    630.000   3528.454    635.000   3528.886    675.000   3527.818    680.000   3526.413    584.64001
4    635.000   3528.886    640.000   3527.488    680.000   3526.413    685.000   3526.269    695.67999
4    640.000   3527.488    645.000   3527.672    685.000   3526.269    690.000   3526.612    582.09003
4    645.000   3527.672    650.000   3528.200    690.000   3526.612    695.000   3526.329    363.95001
4    650.000   3528.200    655.000   3529.473    695.000   3526.329    700.000   3526.876    149.58000
4    655.000   3529.473    660.000   3529.993    700.000   3526.876    705.000   3524.158    261.12000
4    660.000   3529.993    665.000   3530.034    705.000   3524.158    710.000   3524.108    342.17001
4    665.000   3530.034    670.000   3530.643    710.000   3524.108    715.000   3526.427    442.29001
4    670.000   3530.643    675.000   3527.818    715.000   3526.427    720.000   3525.501    557.52002
4    675.000   3527.818    680.000   3526.413    720.000   3525.501    725.000   3525.778    734.77002
4    680.000   3526.413    685.000   3526.269    725.000   3525.778    730.000   3525.740    865.00000
4    685.000   3526.269    690.000   3526.612    730.000   3525.740    735.000   3524.771    603.75000
4    690.000   3526.612    695.000   3526.329    735.000   3524.771    740.000   3524.128    535.90997
4    695.000   3526.329    700.000   3526.876    740.000   3524.128    745.000   3522.933    325.62000
4    700.000   3526.876    705.000   3524.158    745.000   3522.933    750.000   3522.061    573.40997
4    705.000   3524.158    710.000   3524.108    750.000   3522.061    755.000   3521.187    430.48999
4    710.000   3524.108    715.000   3526.427    755.000   3521.187    760.000   3520.309    689.40002
4    715.000   3526.427    720.000   3525.501    760.000   3520.309    765.000   3520.193    729.88000
4    720.000   3525.501    725.000   3525.778    765.000   3520.193    770.000   3520.998    484.23999
4    725.000   3525.778    730.000   3525.740    770.000   3520.998    775.000   3518.842    465.10999
4    730.000   3525.740    735.000   3524.771    775.000   3518.842    780.000   3516.981    437.53000
4    735.000   3524.771    740.000   3524.128    780.000   3516.981    785.000   3516.559    506.70001
4    740.000   3524.128    745.000   3522.933    785.000   3516.559    790.000   3518.217    578.33002
4    745.000   3522.933    750.000   3522.061    790.000   3518.217    795.000   3519.814    393.10001
4    750.000   3522.061    755.000   3521.187    795.000   3519.814    800.000   3517.544    313.00000
4    755.000   3521.187    760.000   3520.309    800.000   3517.544    805.000   3518.710    281.22000
4    760.000   3520.309    765.000   3520.193    805.000   3518.710    810.000   3518.812    316.37000
4    765.000   3520.193    770.000   3520.998    810.000   3518.812    815.000   3518.638    257.60999
4    770.000   3520.998    775.000   3518.842    815.000   3518.638    820.000   3517.048    338.17999
4    775.000   3518.842    780.000   3516.981    820.000   3517.048    825.000   3517.013    467.57001
4    780.000   3516.981    785.000   3516.559    825.000   3517.013    830.000   3517.136    602.92999
4    785.000   3516.559    790.000   3518.217    830.000   3517.136    835.000   3516.854    735.70001
4      5.000   3536.266      0.000   3536.244     50.000   3536.002     55.000   3536.658    258.13000
4     10.000   3536.478      5.000   3536.266     55.000   3536.658     60.000   3536.894    298.29999
4     15.000   3536.152     10.000   3536.478     60.000   3536.894     65.000   3537.003    289.48001
4     20.000   3535.809     15.000   3536.152     65.000   3537.003     70.000   3536.123    323.85999
4     25.000   3536.244     20.000   3535.809     70.000   3536.123     75.000   3536.578    414.48001
4     30.000   3535.974     25.000   3536.244     75.000   3536.578     80.000   3537.228    418.67001
4     35.000   3535.861     30.000   3535.974     80.000   3537.228     85.000   3536.619    415.60999
4     40.000   3535.916     35.000   3535.861     85.000   3536.619     90.000   3535.969    541.91998
4     45.000   3536.297     40.000   3535.916     90.000   3535.969     95.000   3536.352    524.09003
4     50.000   3536.002     45.000   3536.297     95.000   3536.352    100.000   3535.908    326.29999
4     55.000   3536.658     50.000   3536.002    100.000   3535.908    105.000   3535.457    445.28000
4     60.000   3536.894     55.000   3536.658    105.000   3535.457    110.000   3534.277    790.08002
4     65.000   3537.003     60.000   3536.894    110.000   3534.277    115.000   3534.712    314.67001
4     70.000   3536.123     65.000   3537.003    115.000   3534.712    120.000   3535.212    509.42001
4     75.000   3536.578     70.000   3536.123    120.000   3535.212    125.000   3534.914    785.46997
4     80.000   3537.228     75.000   3536.578    125.000   3534.914    130.000   3534.113    814.10999
4     85.000   3536.619     80.000   3537.228    130.000   3534.113    135.000   3532.749    588.06000
4     90.000   3535.969     85.000   3536.619    135.000   3532.749    140.000   3533.766    580.47998
4     95.000   3536.352     90.000   3535.969    140.000   3533.766    145.000   3533.086    590.52002
4    100.000   3535.908     95.000   3536.352    145.000   3533.086    150.000   3532.774    296.64999
4    105.000   3535.457    100.000   3535.908    150.000   3532.774    155.000   3532.336    264.57999
4    110.000   3534.277    105.000   3535.457    155.000   3532.336    160.000   3531.841    577.90002
4    115.000   3534.712    110.000   3534.277    160.000   3531.841    165.000   3531.676    365.16000
4    120.000   3535.212    115.000   3534.712    165.000   3531.676    170.000   3531.827    578.97998
4    120.000   3535.212    125.000   3534.914    170.000   3531.827    175.000   3531.568    454.91000
4    125.000   3534.914    120.000   3535.212    170.000   3531.827    175.000   3531.568    455.57001
4    130.000   3534.113    125.000   3534.914    175.000   3531.568    180.000   3531.403    467.82001
4    125.000   3534.914    130.000   3534.113    175.000   3531.568    180.000   3531.403    467.89001
4    130.000   3534.113    135.000   3532.749    180.000   3531.403    185.000   3531.192    433.95001
4    135.000   3532.749    130.000   3534.113    180.000   3531.403    185.000   3531.192    435.17001
4    140.000   3533.766    135.000   3532.749    185.000   3531.192    190.000   3531.906    401.06000
4    135.000   3532.749    140.000   3533.766    185.000   3531.192    190.000   3531.906    402.26001
4    140.000   3533.766    145.000   3533.086    190.000   3531.906    195.000   3531.375    304.35999
4    145.000   3533.086    140.000   3533.766    190.000   3531.906    195.000   3531.375    302.85001
4    145.000   3533.086    150.000   3532.774    195.000   3531.375    200.000   3531.340    386.04001
4    150.000   3532.774    145.000   3533.086    195.000   3531.375    200.000   3531.340    384.76999
4    150.000   3532.774    155.000   3532.336    200.000   3531.340    205.000   3531.047    270.13000
4    155.000   3532.336    150.000   3532.774    200.000   3531.340    205.000   3531.047    269.62000
4    155.000   3532.336    160.000   3531.841    205.000   3531.047    210.000   3531.996    498.72000
4    160.000   3531.841    155.000   3532.336    205.000   3531.047    210.000   3531.996    498.89999
4    160.000   3531.841    165.000   3531.676    210.000   3531.996    215.000   3531.006    575.84998
4    165.000   3531.676    160.000   3531.841    210.000   3531.996    215.000   3531.006    574.91998
4    170.000   3531.827    165.000   3531.676    215.000   3531.006    220.000   3530.621    394.16000
4    165.000   3531.676    170.000   3531.827    215.000   3531.006    220.000   3530.621    395.00000
4    170.000   3531.827    175.000   3531.568    220.000   3530.621    225.000   3530.616    408.07999
4    175.000   3531.568    170.000   3531.827    220.000   3530.621    225.000   3530.616    408.07999
4    180.000   3531.403    175.000   3531.568    225.000   3530.616    230.000   3529.883    402.29001
4    175.000   3531.568    180.000   3531.403    225.000   3530.616    230.000   3529.883    403.23999
4    185.000   3531.192    180.000   3531.403    230.000   3529.883    235.000   3529.435    465.39999
4    180.000   3531.403    185.000   3531.192    230.000   3529.883    235.000   3529.435    465.72000
4    185.000   3531.192    190.000   3531.906    235.000   3529.435    240.000   3529.129    429.70999
4    190.000   3531.906    195.000   3531.375    240.000   3529.129    245.000   3529.688    379.50000
4    195.000   3531.375    200.000   3531.340    245.000   3529.688    250.000   3530.310    491.37000
4    200.000   3531.340    205.000   3531.047    250.000   3530.310    255.000   3530.336    254.88000
4    205.000   3531.047    210.000   3531.996    255.000   3530.336    260.000   3530.283    597.32001
4    210.000   3531.996    215.000   3531.006    260.000   3530.283    265.000   3530.628    772.23999
4    215.000   3531.006    220.000   3530.621    265.000   3530.628    270.000   3530.340    617.88000
4    220.000   3530.621    225.000   3530.616    270.000   3530.340    275.000   3529.132    401.10001
4    225.000   3530.616    230.000   3529.883    275.000   3529.132    280.000   3528.217    341.42999
4    235.000   3529.435    240.000   3529.129    285.000   3527.264    290.000   3527.672    326.41000
4    240.000   3529.129    245.000   3529.688    290.000   3527.672    295.000   3529.983    563.82001
4    245.000   3529.688    250.000   3530.310    295.000   3529.983    300.000   3531.271    451.62000
4    250.000   3530.310    255.000   3530.336    300.000   3531.271    305.000   3531.428    312.20999
4    255.000   3530.336    260.000   3530.283    305.000   3531.428    310.000   3531.441    306.14001
4    270.000   3530.340    275.000   3529.132    320.000   3529.981    325.000   3529.592    227.19000
4    285.000   3527.264    290.000   3527.672    335.000   3529.834    340.000   3529.214    307.41000
4    295.000   3529.983    300.000   3531.271    345.000   3529.238    350.000   3529.773    292.79001
4    300.000   3531.271    305.000   3531.428    350.000   3529.773    355.000   3530.493    218.63000
4    305.000   3531.428    310.000   3531.441    355.000   3530.493    360.000   3529.237    199.74001
4    320.000   3529.981    325.000   3529.592    370.000   3528.795    375.000   3528.793    432.20999
4    325.000   3529.592    330.000   3529.857    375.000   3528.793    380.000   3528.198    361.34000
4    330.000   3529.857    335.000   3529.834    380.000   3528.198    385.000   3528.404    305.14001
4    335.000   3529.834    340.000   3529.214    385.000   3528.404    390.000   3528.534    324.51999
4    340.000   3529.214    345.000   3529.238    390.000   3528.534    395.000   3528.117    573.14001
4    345.000   3529.238    350.000   3529.773    395.000   3528.117    400.000   3527.942    232.25000
4    350.000   3529.773    355.000   3530.493    400.000   3527.942    405.000   3528.261    162.66000
4    355.000   3530.493    360.000   3529.237    405.000   3528.261    410.000   3528.820    238.36000
4    360.000   3529.237    365.000   3528.668    410.000   3528.820    415.000   3528.086    272.63000
4    365.000   3528.668    370.000   3528.795    415.000   3528.086    420.000   3528.102    191.10001
4    370.000   3528.795    375.000   3528.793    420.000   3528.102    425.000   3527.629    296.85001
4    375.000   3528.793    380.000   3528.198    425.000   3527.629    430.000   3528.047    249.00000
4    380.000   3528.198    385.000   3528.404    430.000   3528.047    435.000   3527.743    238.95000
4    385.000   3528.404    390.000   3528.534    435.000   3527.743    440.000   3527.326    223.83000
4    390.000   3528.534    395.000   3528.117    440.000   3527.326    445.000   3527.956    302.03000
4    395.000   3528.117    400.000   3527.942    445.000   3527.956    450.000   3527.941    237.28999
4    400.000   3527.942    405.000   3528.261    450.000   3527.941    455.000   3528.823    203.28999
4    405.000   3528.261    410.000   3528.820    455.000   3528.823    460.000   3528.951    334.73001
4    410.000   3528.820    415.000   3528.086    460.000   3528.951    465.000   3528.468    376.04999
4    415.000   3528.086    420.000   3528.102    465.000   3528.468    470.000   3528.471    187.78999
4    420.000   3528.102    425.000   3527.629    470.000   3528.471    475.000   3528.141    184.39000
4    425.000   3527.629    430.000   3528.047    475.000   3528.141    480.000   3527.527    136.39999
4    430.000   3528.047    435.000   3527.743    480.000   3527.527    485.000   3527.177    386.39999
4    435.000   3527.743    440.000   3527.326    485.000   3527.177    490.000   3527.388    458.60001
4    440.000   3527.326    445.000   3527.956    490.000   3527.388    495.000   3526.652    299.78000
4    445.000   3527.956    450.000   3527.941    495.000   3526.652    500.000   3527.534    299.37000
4    450.000   3527.941    455.000   3528.823    500.000   3527.534    505.000   3527.118    640.65997
4    455.000   3528.823    460.000   3528.951    505.000   3527.118    510.000   3527.157    787.53003
4    460.000   3528.951    465.000   3528.468    510.000   3527.157    515.000   3525.908    991.89001
4    465.000   3528.468    470.000   3528.471    515.000   3525.908    520.000   3526.905    567.50000
4    470.000   3528.471    475.000   3528.141    520.000   3526.905    525.000   3526.745    416.23999
4    475.000   3528.141    480.000   3527.527    525.000   3526.745    530.000   3526.591    329.82001
4    480.000   3527.527    485.000   3527.177    530.000   3526.591    535.000   3527.357    657.96997
4    485.000   3527.177    490.000   3527.388    535.000   3527.357    540.000   3526.634    797.14001
4    490.000   3527.388    495.000   3526.652    540.000   3526.634    545.000   3525.510    493.48999
4    495.000   3526.652    500.000   3527.534    545.000   3525.510    550.000   3526.853    438.82001
4    500.000   3527.534    505.000   3527.118    550.000   3526.853    555.000   3526.048    794.23999
4    505.000   3527.118    510.000   3527.157    555.000   3526.048    560.000   3526.487    460.87000
4    510.000   3527.157    515.000   3525.908    560.000   3526.487    565.000   3527.398    600.38000
4    515.000   3525.908    520.000   3526.905    565.000   3527.398    570.000   3526.960    373.12000
4    520.000   3526.905    525.000   3526.745    570.000   3526.960    575.000   3526.592    259.54001
4    525.000   3526.745    530.000   3526.591    575.000   3526.592    580.000   3527.394    344.51999
4    530.000   3526.591    535.000   3527.357    580.000   3527.394    585.000   3526.593    137.84000
4    535.000   3527.357    540.000   3526.634    585.000   3526.593    590.000   3527.791    102.32000
4    540.000   3526.634    545.000   3525.510    590.000   3527.791    595.000   3527.384    146.17999
4    545.000   3525.510    550.000   3526.853    595.000   3527.384    600.000   3529.998    170.06000
4    550.000   3526.853    555.000   3526.048    600.000   3529.998    605.000   3529.582    214.67999
4    555.000   3526.048    560.000   3526.487    605.000   3529.582    610.000   3528.825    178.98000
4    560.000   3526.487    565.000   3527.398    610.000   3528.825    615.000   3528.415    264.78000
4    565.000   3527.398    570.000   3526.960    615.000   3528.415    620.000   3528.510    207.78000
4    570.000   3526.960    575.000   3526.592    620.000   3528.510    625.000   3527.819    191.75999
4    575.000   3526.592    580.000   3527.394    625.000   3527.819    630.000   3528.454    247.21001
4    580.000   3527.394    585.000   3526.593    630.000   3528.454    635.000   3528.886    144.19000
4    585.000   3526.593    590.000   3527.791    635.000   3528.886    640.000   3527.488    143.50999
4    590.000   3527.791    595.000   3527.384    640.000   3527.488    645.000   3527.672    308.10001
4    595.000   3527.384    600.000   3529.998    645.000   3527.672    650.000   3528.200    258.31000
4    600.000   3529.998    605.000   3529.582    650.000   3528.200    655.000   3529.473    246.57001
4    605.000   3529.582    610.000   3528.825    655.000   3529.473    660.000   3529.993    244.82001
4    610.000   3528.825    615.000   3528.415    660.000   3529.993    665.000   3530.034    489.12000
4    615.000   3528.415    620.000   3528.510    665.000   3530.034    670.000   3530.643    394.34000
4    620.000   3528.510    625.000   3527.819    670.000   3530.643    675.000   3527.818    362.20001
4    625.000   3527.819    630.000   3528.454    675.000   3527.818    680.000   3526.413    579.88000
4    630.000   3528.454    635.000   3528.886    680.000   3526.413    685.000   3526.269    832.34998
4    635.000   3528.886    640.000   3527.488    685.000   3526.269    690.000   3526.612    718.02002
4    640.000   3527.488    645.000   3527.672    690.000   3526.612    695.000   3526.329    520.78003
4    645.000   3527.672    650.000   3528.200    695.000   3526.329    700.000   3526.876    225.36000
4    650.000   3528.200    655.000   3529.473    700.000   3526.876    705.000   3524.158    283.48001
4    655.000   3529.473    660.000   3529.993    705.000   3524.158    710.000   3524.108    167.70000
4    660.000   3529.993    665.000   3530.034    710.000   3524.108    715.000   3526.427    518.28998
4    665.000   3530.034    670.000   3530.643    715.000   3526.427    720.000   3525.501    623.67999
4    670.000   3530.643    675.000   3527.818    720.000   3525.501    725.000   3525.778    494.17001
4    675.000   3527.818    680.000   3526.413    725.000   3525.778    730.000   3525.740    697.53998
4    680.000   3526.413    685.000   3526.269    730.000   3525.740    735.000   3524.771    748.78003
4    685.000   3526.269    690.000   3526.612    735.000   3524.771    740.000   3524.128    742.47998
4    690.000   3526.612    695.000   3526.329    740.000   3524.128    745.000   3522.933    453.76001
4    695.000   3526.329    700.000   3526.876    745.000   3522.933    750.000   3522.061    306.95001
4    700.000   3526.876    705.000   3524.158    750.000   3522.061    755.000   3521.187    762.06000
4    705.000   3524.158    710.000   3524.108    755.000   3521.187    760.000   3520.309    470.53000
4    710.000   3524.108    715.000   3526.427    760.000   3520.309    765.000   3520.193    680.96002
4    715.000   3526.427    720.000   3525.501    765.000   3520.193    770.000   3520.998    726.04999
4    720.000   3525.501    725.000   3525.778    770.000   3520.998    775.000   3518.842    590.63000
4    725.000   3525.778    730.000   3525.740    775.000   3518.842    780.000   3516.981    568.03998
4    730.000   3525.740    735.000   3524.771    780.000   3516.981    785.000   3516.559    517.82001
4    735.000   3524.771    740.000   3524.128    785.000   3516.559    790.000   3518.217    795.40997
4    740.000   3524.128    745.000   3522.933    790.000   3518.217    795.000   3519.814    427.66000
4    745.000   3522.933    750.000   3522.061    795.000   3519.814    800.000   3517.544    252.27000
4    750.000   3522.061    755.000   3521.187    800.000   3517.544    805.000   3518.710    290.94000
4    755.000   3521.187    760.000   3520.309    805.000   3518.710    810.000   3518.812    359.82999
4    760.000   3520.309    765.000   3520.193    810.000   3518.812    815.000   3518.638    299.20001
4    765.000   3520.193    770.000   3520.998    815.000   3518.638    820.000   3517.048    336.76999
4    770.000   3520.998    775.000   3518.842    820.000   3517.048    825.000   3517.013    430.14999
4    775.000   3518.842    780.000   3516.981    825.000   3517.013    830.000   3517.136    549.25000
4    780.000   3516.981    785.000   3516.559    830.000   3517.136    835.000   3516.854    525.90002
4      5.000   3536.266      0.000   3536.244     55.000   3536.658     60.000   3536.894    290.50000
4     10.000   3536.478      5.000   3536.266     60.000   3536.894     65.000   3537.003    171.23000
4     15.000   3536.152     10.000   3536.478     65.000   3537.003     70.000   3536.123    333.45999
4     20.000   3535.809     15.000   3536.152     70.000   3536.123     75.000   3536.578    666.09003
4     25.000   3536.244     20.000   3535.809     75.000   3536.578     80.000   3537.228    524.79999
4     30.000   3535.974     25.000   3536.244     80.000   3537.228     85.000   3536.619    301.84000
4     35.000   3535.861     30.000   3535.974     85.000   3536.619     90.000   3535.969    489.07001
4     40.000   3535.916     35.000   3535.861     90.000   3535.969     95.000   3536.352    578.53998
4     45.000   3536.297     40.000   3535.916     95.000   3536.352    100.000   3535.908    249.13000
4     50.000   3536.002     45.000   3536.297    100.000   3535.908    105.000   3535.457    300.35999
4     55.000   3536.658     50.000   3536.002    105.000   3535.457    110.000   3534.277    890.81000
4     60.000   3536.894     55.000   3536.658    110.000   3534.277    115.000   3534.712    594.66998
4     65.000   3537.003     60.000   3536.894    115.000   3534.712    120.000   3535.212    497.73999
4     70.000   3536.123     65.000   3537.003    120.000   3535.212    125.000   3534.914    426.14001
4     75.000   3536.578     70.000   3536.123    125.000   3534.914    130.000   3534.113    938.45001
4     80.000   3537.228     75.000   3536.578    130.000   3534.113    135.000   3532.749    797.07001
4     85.000   3536.619     80.000   3537.228    135.000   3532.749    140.000   3533.766    575.45001
4     90.000   3535.969     85.000   3536.619    140.000   3533.766    145.000   3533.086    615.96997
4     95.000   3536.352     90.000   3535.969    145.000   3533.086    150.000   3532.774    676.26001
4    100.000   3535.908     95.000   3536.352    150.000   3532.774    155.000   3532.336    305.57001
4    105.000   3535.457    100.000   3535.908    155.000   3532.336    160.000   3531.841    320.25000
4    110.000   3534.277    105.000   3535.457    160.000   3531.841    165.000   3531.676    526.42999
4    115.000   3534.712    110.000   3534.277    165.000   3531.676    170.000   3531.827    385.20999
4    120.000   3535.212    115.000   3534.712    170.000   3531.827    175.000   3531.568    565.45001
4    125.000   3534.914    120.000   3535.212    175.000   3531.568    180.000   3531.403    473.82999
4    120.000   3535.212    125.000   3534.914    175.000   3531.568    180.000   3531.403    473.19000
4    130.000   3534.113    125.000   3534.914    180.000   3531.403    185.000   3531.192    486.60999
4    125.000   3534.914    130.000   3534.113    180.000   3531.403    185.000   3531.192    486.38000
4    135.000   3532.749    130.000   3534.113    185.000   3531.192    190.000   3531.906    461.31000
4    130.000   3534.113    135.000   3532.749    185.000   3531.192    190.000   3531.906    463.98001
4    140.000   3533.766    135.000   3532.749    190.000   3531.906    195.000   3531.375    335.69000
4    135.000   3532.749    140.000   3533.766    190.000   3531.906    195.000   3531.375    337.48001
4    145.000   3533.086    140.000   3533.766    195.000   3531.375    200.000   3531.340    396.63000
4    140.000   3533.766    145.000   3533.086    195.000   3531.375    200.000   3531.340    395.91000
4    145.000   3533.086    150.000   3532.774    200.000   3531.340    205.000   3531.047    296.69000
4    150.000   3532.774    145.000   3533.086    200.000   3531.340    205.000   3531.047    296.44000
4    155.000   3532.336    150.000   3532.774    205.000   3531.047    210.000   3531.996    479.06000
4    150.000   3532.774    155.000   3532.336    205.000   3531.047    210.000   3531.996    478.89999
4    155.000   3532.336    160.000   3531.841    210.000   3531.996    215.000   3531.006    724.87000
4    160.000   3531.841    155.000   3532.336    210.000   3531.996    215.000   3531.006    725.89001
4    160.000   3531.841    165.000   3531.676    215.000   3531.006    220.000   3530.621    396.81000
4    165.000   3531.676    160.000   3531.841    215.000   3531.006    220.000   3530.621    395.44000
4    170.000   3531.827    165.000   3531.676    220.000   3530.621    225.000   3530.616    423.70999
4    165.000   3531.676    170.000   3531.827    220.000   3530.621    225.000   3530.616    424.09000
4    175.000   3531.568    170.000   3531.827    225.000   3530.616    230.000   3529.883    426.39001
4    170.000   3531.827    175.000   3531.568    225.000   3530.616    230.000   3529.883    425.76001
4    180.000   3531.403    175.000   3531.568    230.000   3529.883    235.000   3529.435    513.65002
4    175.000   3531.568    180.000   3531.403    230.000   3529.883    235.000   3529.435    511.59000
4    180.000   3531.403    185.000   3531.192    235.000   3529.435    240.000   3529.129    428.54999
4    185.000   3531.192    190.000   3531.906    240.000   3529.129    245.000   3529.688    519.51001
4    190.000   3531.906    195.000   3531.375    245.000   3529.688    250.000   3530.310    395.97000
4    195.000   3531.375    200.000   3531.340    250.000   3530.310    255.000   3530.336    392.73999
4    200.000   3531.340    205.000   3531.047    255.000   3530.336    260.000   3530.283    322.14999
4    205.000   3531.047    210.000   3531.996    260.000   3530.283    265.000   3530.628    703.16998
4    210.000   3531.996    215.000   3531.006    265.000   3530.628    270.000   3530.340   1129.90002
4    215.000   3531.006    220.000   3530.621    270.000   3530.340    275.000   3529.132    450.41000
4    220.000   3530.621    225.000   3530.616    275.000   3529.132    280.000   3528.217    387.98999
4    230.000   3529.883    235.000   3529.435    285.000   3527.264    290.000   3527.672    436.26999
4    235.000   3529.435    240.000   3529.129    290.000   3527.672    295.000   3529.983    312.95999
4    245.000   3529.688    250.000   3530.310    300.000   3531.271    305.000   3531.428    368.64999
4    250.000   3530.310    255.000   3530.336    305.000   3531.428    310.000   3531.441    306.06000
4    255.000   3530.336    260.000   3530.283    310.000   3531.441    315.000   3530.702    424.53000
4    265.000   3530.628    270.000   3530.340    320.000   3529.981    325.000   3529.592    309.76999
4    270.000   3530.340    275.000   3529.132    325.000   3529.592    330.000   3529.857    267.45999
4    275.000   3529.132    280.000   3528.217    330.000   3529.857    335.000   3529.834    271.98001
4    285.000   3527.264    290.000   3527.672    340.000   3529.214    345.000   3529.238    411.67999
4    290.000   3527.672    295.000   3529.983    345.000   3529.238    350.000   3529.773    318.98001
4    295.000   3529.983    300.000   3531.271    350.000   3529.773    355.000   3530.493    281.78000
4    300.000   3531.271    305.000   3531.428    355.000   3530.493    360.000   3529.237    226.77000
4    305.000   3531.428    310.000   3531.441    360.000   3529.237    365.000   3528.668    298.85001
4    310.000   3531.441    315.000   3530.702    365.000   3528.668    370.000   3528.795    452.70999
4    320.000   3529.981    325.000   3529.592    375.000   3528.793    380.000   3528.198    446.04001
4    325.000   3529.592    330.000   3529.857    380.000   3528.198    385.000   3528.404    332.50000
4    330.000   3529.857    335.000   3529.834    385.000   3528.404    390.000   3528.534    309.01001
4    335.000   3529.834    340.000   3529.214    390.000   3528.534    395.000   3528.117    497.01999
4    340.000   3529.214    345.000   3529.238    395.000   3528.117    400.000   3527.942    410.94000
4    345.000   3529.238    350.000   3529.773    400.000   3527.942    405.000   3528.261    165.28999
4    350.000   3529.773    355.000   3530.493    405.000   3528.261    410.000   3528.820    181.48000
4    355.000   3530.493    360.000   3529.237    410.000   3528.820    415.000   3528.086    212.92000
4    360.000   3529.237    365.000   3528.668    415.000   3528.086    420.000   3528.102    180.32001
4    365.000   3528.668    370.000   3528.795    420.000   3528.102    425.000   3527.629    248.56000
4    370.000   3528.795    375.000   3528.793    425.000   3527.629    430.000   3528.047    282.82001
4    375.000   3528.793    380.000   3528.198    430.000   3528.047    435.000   3527.743    277.82999
4    380.000   3528.198    385.000   3528.404    435.000   3527.743    440.000   3527.326    256.45999
4    385.000   3528.404    390.000   3528.534    440.000   3527.326    445.000   3527.956    249.61000
4    390.000   3528.534    395.000   3528.117    445.000   3527.956    450.000   3527.941    393.78000
4    395.000   3528.117    400.000   3527.942    450.000   3527.941    455.000   3528.823    291.26001
4    400.000   3527.942    405.000   3528.261    455.000   3528.823    460.000   3528.951    342.91000
4    405.000   3528.261    410.000   3528.820    460.000   3528.951    465.000   3528.468    468.78000
4    410.000   3528.820    415.000   3528.086    465.000   3528.468    470.000   3528.471    291.76001
4    415.000   3528.086    420.000   3528.102    470.000   3528.471    475.000   3528.141    134.89000
4    420.000   3528.102    425.000   3527.629    475.000   3528.141    480.000   3527.527    146.25999
4    425.000   3527.629    430.000   3528.047    480.000   3527.527    485.000   3527.177    337.79001
4    430.000   3528.047    435.000   3527.743    485.000   3527.177    490.000   3527.388    505.51001
4    435.000   3527.743    440.000   3527.326    490.000   3527.388    495.000   3526.652    299.22000
4    440.000   3527.326    445.000   3527.956    495.000   3526.652    500.000   3527.534    241.89999
4    445.000   3527.956    450.000   3527.941    500.000   3527.534    505.000   3527.118    547.64001
4    450.000   3527.941    455.000   3528.823    505.000   3527.118    510.000   3527.157    561.32001
4    455.000   3528.823    460.000   3528.951    510.000   3527.157    515.000   3525.908    868.96002
4    460.000   3528.951    465.000   3528.468    515.000   3525.908    520.000   3526.905    943.63000
4    465.000   3528.468    470.000   3528.471    520.000   3526.905    525.000   3526.745    640.42999
4    470.000   3528.471    475.000   3528.141    525.000   3526.745    530.000   3526.591    493.35999
4    475.000   3528.141    480.000   3527.527    530.000   3526.591    535.000   3527.357    318.66000
4    480.000   3527.527    485.000   3527.177    535.000   3527.357    540.000   3526.634    754.48999
4    485.000   3527.177    490.000   3527.388    540.000   3526.634    545.000   3525.510    884.88000
4    490.000   3527.388    495.000   3526.652    545.000   3525.510    550.000   3526.853    621.04999
4    495.000   3526.652    500.000   3527.534    550.000   3526.853    555.000   3526.048    477.73999
4    500.000   3527.534    505.000   3527.118    555.000   3526.048    560.000   3526.487    588.07001
4    505.000   3527.118    510.000   3527.157    560.000   3526.487    565.000   3527.398    597.15997
4    510.000   3527.157    515.000   3525.908    565.000   3527.398    570.000   3526.960    462.51999
4    515.000   3525.908    520.000   3526.905    570.000   3526.960    575.000   3526.592    270.10999
4    520.000   3526.905    525.000   3526.745    575.000   3526.592    580.000   3527.394    342.20999
4    525.000   3526.745    530.000   3526.591    580.000   3527.394    585.000   3526.593    164.53999
4    530.000   3526.591    535.000   3527.357    585.000   3526.593    590.000   3527.791    118.07000
4    535.000   3527.357    540.000   3526.634    590.000   3527.791    595.000   3527.384    168.49001
4    540.000   3526.634    545.000   3525.510    595.000   3527.384    600.000   3529.998    159.42000
4    545.000   3525.510    550.000   3526.853    600.000   3529.998    605.000   3529.582    238.53999
4    550.000   3526.853    555.000   3526.048    605.000   3529.582    610.000   3528.825    262.54001
4    555.000   3526.048    560.000   3526.487    610.000   3528.825    615.000   3528.415    214.37000
4    560.000   3526.487    565.000   3527.398    615.000   3528.415    620.000   3528.510    304.64999
4    565.000   3527.398    570.000   3526.960    620.000   3528.510    625.000   3527.819    257.42999
4    570.000   3526.960    575.000   3526.592    625.000   3527.819    630.000   3528.454    222.50999
4    575.000   3526.592    580.000   3527.394    630.000   3528.454    635.000   3528.886    300.70999
4    580.000   3527.394    585.000   3526.593    635.000   3528.886    640.000   3527.488    153.14000
4    585.000   3526.593    590.000   3527.791    640.000   3527.488    645.000   3527.672    140.72000
4    590.000   3527.791    595.000   3527.384    645.000   3527.672    650.000   3528.200    253.63000
4    595.000   3527.384    600.000   3529.998    650.000   3528.200    655.000   3529.473    190.42000
4    600.000   3529.998    605.000   3529.582    655.000   3529.473    660.000   3529.993    237.71001
4    605.000   3529.582    610.000   3528.825    660.000   3529.993    665.000   3530.034    489.41000
4    610.000   3528.825    615.000   3528.415    665.000   3530.034    670.000   3530.643    413.23999
4    615.000   3528.415    620.000   3528.510    670.000   3530.643    675.000   3527.818    351.26001
4    620.000   3528.510    625.000   3527.819    675.000   3527.818    680.000   3526.413    626.42999
4    625.000   3527.819    630.000   3528.454    680.000   3526.413    685.000   3526.269    821.38000
4    630.000   3528.454    635.000   3528.886    685.000   3526.269    690.000   3526.612    841.00000
4    635.000   3528.886    640.000   3527.488    690.000   3526.612    695.000   3526.329    635.84998
4    640.000   3527.488    645.000   3527.672    695.000   3526.329    700.000   3526.876    321.23001
4    645.000   3527.672    650.000   3528.200    700.000   3526.876    705.000   3524.158    441.94000
4    650.000   3528.200    655.000   3529.473    705.000   3524.158    710.000   3524.108    194.32001
4    655.000   3529.473    660.000   3529.993    710.000   3524.108    715.000   3526.427    278.82001
4    660.000   3529.993    665.000   3530.034    715.000   3526.427    720.000   3525.501    730.81000
4    665.000   3530.034    670.000   3530.643    720.000   3525.501    725.000   3525.778    550.06000
4    670.000   3530.643    675.000   3527.818    725.000   3525.778    730.000   3525.740    464.17001
4    675.000   3527.818    680.000   3526.413    730.000   3525.740    735.000   3524.771    599.51001
4    680.000   3526.413    685.000   3526.269    735.000   3524.771    740.000   3524.128    907.89001
4    685.000   3526.269    690.000   3526.612    740.000   3524.128    745.000   3522.933    619.94000
4    690.000   3526.612    695.000   3526.329    745.000   3522.933    750.000   3522.061    419.60001
4    695.000   3526.329    700.000   3526.876    750.000   3522.061    755.000   3521.187    410.75000
4    700.000   3526.876    705.000   3524.158    755.000   3521.187    760.000   3520.309    816.77002
4    705.000   3524.158    710.000   3524.108    760.000   3520.309    765.000   3520.193    450.64001
4    710.000   3524.108    715.000   3526.427    765.000   3520.193    770.000   3520.998    645.71997
4    715.000   3526.427    720.000   3525.501    770.000   3520.998    775.000   3518.842    797.40002
4    720.000   3525.501    725.000   3525.778    775.000   3518.842    780.000   3516.981    691.90997
4    725.000   3525.778    730.000   3525.740    780.000   3516.981    785.000   3516.559    651.09003
4    730.000   3525.740    735.000   3524.771    785.000   3516.559    790.000   3518.217    782.06000
4    735.000   3524.771    740.000   3524.128    790.000   3518.217    795.000   3519.814    592.09998
4    740.000   3524.128    745.000   3522.933    795.000   3519.814    800.000   3517.544    306.35999
4    745.000   3522.933    750.000   3522.061    800.000   3517.544    805.000   3518.710    234.17999
4    750.000   3522.061    755.000   3521.187    805.000   3518.710    810.000   3518.812    357.12000
4    755.000   3521.187    760.000   3520.309    810.000   3518.812    815.000   3518.638    320.53000
4    760.000   3520.309    765.000   3520.193    815.000   3518.638    820.000   3517.048    372.89999
4    765.000   3520.193    770.000   3520.998    820.000   3517.048    825.000   3517.013    428.53000
4    770.000   3520.998    775.000   3518.842    825.000   3517.013    830.000   3517.136    506.48999
4    775.000   3518.842    780.000   3516.981    830.000   3517.136    835.000   3516.854    479.89999
4      5.000   3536.266      0.000   3536.244     60.000   3536.894     65.000   3537.003    172.17999
4     10.000   3536.478      5.000   3536.266     65.000   3537.003     70.000   3536.123    189.88000
4     15.000   3536.152     10.000   3536.478     70.000   3536.123     75.000   3536.578    602.44000
4     20.000   3535.809     15.000   3536.152     75.000   3536.578     80.000   3537.228    715.37000
4     25.000   3536.244     20.000   3535.809     80.000   3537.228     85.000   3536.619    401.88000
4     30.000   3535.974     25.000   3536.244     85.000   3536.619     90.000   3535.969    405.79001
4     35.000   3535.861     30.000   3535.974     90.000   3535.969     95.000   3536.352    519.08002
4     40.000   3535.916     35.000   3535.861     95.000   3536.352    100.000   3535.908    250.58000
4     45.000   3536.297     40.000   3535.916    100.000   3535.908    105.000   3535.457    209.80000
4     50.000   3536.002     45.000   3536.297    105.000   3535.457    110.000   3534.277    570.71997
4     55.000   3536.658     50.000   3536.002    110.000   3534.277    115.000   3534.712    655.16998
4     60.000   3536.894     55.000   3536.658    115.000   3534.712    120.000   3535.212    904.42999
4     65.000   3537.003     60.000   3536.894    120.000   3535.212    125.000   3534.914    419.04999
4     70.000   3536.123     65.000   3537.003    125.000   3534.914    130.000   3534.113    525.66998
4     75.000   3536.578     70.000   3536.123    130.000   3534.113    135.000   3532.749    915.72998
4     80.000   3537.228     75.000   3536.578    135.000   3532.749    140.000   3533.766    786.57001
4     85.000   3536.619     80.000   3537.228    140.000   3533.766    145.000   3533.086    608.44000
4     90.000   3535.969     85.000   3536.619    145.000   3533.086    150.000   3532.774    694.85999
4     95.000   3536.352     90.000   3535.969    150.000   3532.774    155.000   3532.336    694.03998
4    100.000   3535.908     95.000   3536.352    155.000   3532.336    160.000   3531.841    371.54001
4    105.000   3535.457    100.000   3535.908    160.000   3531.841    165.000   3531.676    291.97000
4    110.000   3534.277    105.000   3535.457    165.000   3531.676    170.000   3531.827    565.41998
4    115.000   3534.712    110.000   3534.277    170.000   3531.827    175.000   3531.568    382.78000
4    120.000   3535.212    115.000   3534.712    175.000   3531.568    180.000   3531.403    590.44000
4    120.000   3535.212    125.000   3534.914    180.000   3531.403    185.000   3531.192    465.51001
4    125.000   3534.914    120.000   3535.212    180.000   3531.403    185.000   3531.192    465.07999
4    130.000   3534.113    125.000   3534.914    185.000   3531.192    190.000   3531.906    554.12000
4    125.000   3534.914    130.000   3534.113    185.000   3531.192    190.000   3531.906    553.84998
4    135.000   3532.749    130.000   3534.113    190.000   3531.906    195.000   3531.375    387.47000
4    130.000   3534.113    135.000   3532.749    190.000   3531.906    195.000   3531.375    389.76999
4    140.000   3533.766    135.000   3532.749    195.000   3531.375    200.000   3531.340    438.26001
4    135.000   3532.749    140.000   3533.766    195.000   3531.375    200.000   3531.340    438.78000
4    145.000   3533.086    140.000   3533.766    200.000   3531.340    205.000   3531.047    303.88000
4    140.000   3533.766    145.000   3533.086    200.000   3531.340    205.000   3531.047    305.95001
4    145.000   3533.086    150.000   3532.774    205.000   3531.047    210.000   3531.996    532.76001
4    150.000   3532.774    145.000   3533.086    205.000   3531.047    210.000   3531.996    532.60999
4    150.000   3532.774    155.000   3532.336    210.000   3531.996    215.000   3531.006    685.21002
4    155.000   3532.336    150.000   3532.774    210.000   3531.996    215.000   3531.006    686.33002
4    155.000   3532.336    160.000   3531.841    215.000   3531.006    220.000   3530.621    491.14999
4    160.000   3531.841    155.000   3532.336    215.000   3531.006    220.000   3530.621    491.92001
4    165.000   3531.676    160.000   3531.841    220.000   3530.621    225.000   3530.616    420.98001
4    160.000   3531.841    165.000   3531.676    220.000   3530.621    225.000   3530.616    421.76999
4    170.000   3531.827    165.000   3531.676    225.000   3530.616    230.000   3529.883    438.03000
4    165.000   3531.676    170.000   3531.827    225.000   3530.616    230.000   3529.883    439.34000
4    175.000   3531.568    170.000   3531.827    230.000   3529.883    235.000   3529.435    543.96997
4    170.000   3531.827    175.000   3531.568    230.000   3529.883    235.000   3529.435    537.79999
4    175.000   3531.568    180.000   3531.403    235.000   3529.435    240.000   3529.129    449.98999
4    180.000   3531.403    185.000   3531.192    240.000   3529.129    245.000   3529.688    507.63000
4    185.000   3531.192    190.000   3531.906    245.000   3529.688    250.000   3530.310    537.45001
4    190.000   3531.906    195.000   3531.375    250.000   3530.310    255.000   3530.336    324.56000
4    195.000   3531.375    200.000   3531.340    255.000   3530.336    260.000   3530.283    495.48999
4    200.000   3531.340    205.000   3531.047    260.000   3530.283    265.000   3530.628    373.26999
4    205.000   3531.047    210.000   3531.996    265.000   3530.628    270.000   3530.340    996.76001
4    210.000   3531.996    215.000   3531.006    270.000   3530.340    275.000   3529.132    812.08002
4    215.000   3531.006    220.000   3530.621    275.000   3529.132    280.000   3528.217    433.14999
4    225.000   3530.616    230.000   3529.883    285.000   3527.264    290.000   3527.672    401.87000
4    230.000   3529.883    235.000   3529.435    290.000   3527.672    295.000   3529.983    436.32001
4    235.000   3529.435    240.000   3529.129    295.000   3529.983    300.000   3531.271    286.95001
4    245.000   3529.688    250.000   3530.310    305.000   3531.428    310.000   3531.441    347.66000
4    260.000   3530.283    265.000   3530.628    320.000   3529.981    325.000   3529.592    322.10999
4    265.000   3530.628    270.000   3530.340    325.000   3529.592    330.000   3529.857    406.97000
4    270.000   3530.340    275.000   3529.132    330.000   3529.857    335.000   3529.834    289.42999
4    275.000   3529.132    280.000   3528.217    335.000   3529.834    340.000   3529.214    325.67001
4    285.000   3527.264    290.000   3527.672    345.000   3529.238    350.000   3529.773    336.56000
4    290.000   3527.672    295.000   3529.983    350.000   3529.773    355.000   3530.493    306.38000
4    300.000   3531.271    305.000   3531.428    360.000   3529.237    365.000   3528.668    359.92001
4    305.000   3531.428    310.000   3531.441    365.000   3528.668    370.000   3528.795    365.60999
4    320.000   3529.981    325.000   3529.592    380.000   3528.198    385.000   3528.404    401.34000
4    325.000   3529.592    330.000   3529.857    385.000   3528.404    390.000   3528.534    334.56000
4    330.000   3529.857    335.000   3529.834    390.000   3528.534    395.000   3528.117    473.67001
4    335.000   3529.834    340.000   3529.214    395.000   3528.117    400.000   3527.942    366.29001
4    340.000   3529.214    345.000   3529.238    400.000   3527.942    405.000   3528.261    297.67001
4    345.000   3529.238    350.000   3529.773    405.000   3528.261    410.000   3528.820    187.44000
4    350.000   3529.773    355.000   3530.493    410.000   3528.820    415.000   3528.086    161.21001
4    355.000   3530.493    360.000   3529.237    415.000   3528.086    420.000   3528.102    140.64999
4    360.000   3529.237    365.000   3528.668    420.000   3528.102    425.000   3527.629    239.25999
4    365.000   3528.668    370.000   3528.795    425.000   3527.629    430.000   3528.047    251.81000
4    370.000   3528.795    375.000   3528.793    430.000   3528.047    435.000   3527.743    325.16000
4    375.000   3528.793    380.000   3528.198    435.000   3527.743    440.000   3527.326    306.76001
4    380.000   3528.198    385.000   3528.404    440.000   3527.326    445.000   3527.956    292.60001
4    385.000   3528.404    390.000   3528.534    445.000   3527.956    450.000   3527.941    328.32999
4    390.000   3528.534    395.000   3528.117    450.000   3527.941    455.000   3528.823    477.22000
4    395.000   3528.117    400.000   3527.942    455.000   3528.823    460.000   3528.951    490.73001
4    400.000   3527.942    405.000   3528.261    460.000   3528.951    465.000   3528.468    479.67999
4    405.000   3528.261    410.000   3528.820    465.000   3528.468    470.000   3528.471    362.92999
4    410.000   3528.820    415.000   3528.086    470.000   3528.471    475.000   3528.141    211.14999
4    415.000   3528.086    420.000   3528.102    475.000   3528.141    480.000   3527.527    104.66000
4    420.000   3528.102    425.000   3527.629    480.000   3527.527    485.000   3527.177    347.82001
4    425.000   3527.629    430.000   3528.047    485.000   3527.177    490.000   3527.388    442.42001
4    430.000   3528.047    435.000   3527.743    490.000   3527.388    495.000   3526.652    329.32999
4    435.000   3527.743    440.000   3527.326    495.000   3526.652    500.000   3527.534    241.87000
4    440.000   3527.326    445.000   3527.956    500.000   3527.534    505.000   3527.118    445.72000
4    445.000   3527.956    450.000   3527.941    505.000   3527.118    510.000   3527.157    479.70999
4    450.000   3527.941    455.000   3528.823    510.000   3527.157    515.000   3525.908    623.59998
4    455.000   3528.823    460.000   3528.951    515.000   3525.908    520.000   3526.905    813.26001
4    460.000   3528.951    465.000   3528.468    520.000   3526.905    525.000   3526.745   1061.80005
4    465.000   3528.468    470.000   3528.471    525.000   3526.745    530.000   3526.591    765.78998
4    470.000   3528.471    475.000   3528.141    530.000   3526.591    535.000   3527.357    481.70999
4    475.000   3528.141    480.000   3527.527    535.000   3527.357    540.000   3526.634    350.62000
4    480.000   3527.527    485.000   3527.177    540.000   3526.634    545.000   3525.510    826.34998
4    485.000   3527.177    490.000   3527.388    545.000   3525.510    550.000   3526.853   1086.59998
4    490.000   3527.388    495.000   3526.652    550.000   3526.853    555.000   3526.048    665.19000
4    495.000   3526.652    500.000   3527.534    555.000   3526.048    560.000   3526.487    348.35999
4    500.000   3527.534    505.000   3527.118    560.000   3526.487    565.000   3527.398    788.28998
4    505.000   3527.118    510.000   3527.157    565.000   3527.398    570.000   3526.960    466.48001
4    510.000   3527.157    515.000   3525.908    570.000   3526.960    575.000   3526.592    333.23001
4    515.000   3525.908    520.000   3526.905    575.000   3526.592    580.000   3527.394    350.56000
4    520.000   3526.905    525.000   3526.745    580.000   3527.394    585.000   3526.593    160.38000
4    525.000   3526.745    530.000   3526.591    585.000   3526.593    590.000   3527.791    137.89999
4    530.000   3526.591    535.000   3527.357    590.000   3527.791    595.000   3527.384    212.17999
4    535.000   3527.357    540.000   3526.634    595.000   3527.384    600.000   3529.998    183.17999
4    540.000   3526.634    545.000   3525.510    600.000   3529.998    605.000   3529.582    229.56000
4    545.000   3525.510    550.000   3526.853    605.000   3529.582    610.000   3528.825    293.17999
4    550.000   3526.853    555.000   3526.048    610.000   3528.825    615.000   3528.415    315.45999
4    555.000   3526.048    560.000   3526.487    615.000   3528.415    620.000   3528.510    247.50999
4    560.000   3526.487    565.000   3527.398    620.000   3528.510    625.000   3527.819    375.48999
4    565.000   3527.398    570.000   3526.960    625.000   3527.819    630.000   3528.454    299.63000
4    570.000   3526.960    575.000   3526.592    630.000   3528.454    635.000   3528.886    268.84000
4    575.000   3526.592    580.000   3527.394    635.000   3528.886    640.000   3527.488    313.45999
4    580.000   3527.394    585.000   3526.593    640.000   3527.488    645.000   3527.672    147.12000
4    585.000   3526.593    590.000   3527.791    645.000   3527.672    650.000   3528.200    115.28000
4    590.000   3527.791    595.000   3527.384    650.000   3528.200    655.000   3529.473    189.35001
4    595.000   3527.384    600.000   3529.998    655.000   3529.473    660.000   3529.993    181.48000
4    600.000   3529.998    605.000   3529.582    660.000   3529.993    665.000   3530.034    468.79999
4    605.000   3529.582    610.000   3528.825    665.000   3530.034    670.000   3530.643    410.10001
4    610.000   3528.825    615.000   3528.415    670.000   3530.643    675.000   3527.818    372.26001
4    615.000   3528.415    620.000   3528.510    675.000   3527.818    680.000   3526.413    609.07001
4    620.000   3528.510    625.000   3527.819    680.000   3526.413    685.000   3526.269    876.98999
4    625.000   3527.819    630.000   3528.454    685.000   3526.269    690.000   3526.612    823.57001
4    630.000   3528.454    635.000   3528.886    690.000   3526.612    695.000   3526.329    738.60999
4    635.000   3528.886    640.000   3527.488    695.000   3526.329    700.000   3526.876    394.01001
4    640.000   3527.488    645.000   3527.672    700.000   3526.876    705.000   3524.158    633.47998
4    645.000   3527.672    650.000   3528.200    705.000   3524.158    710.000   3524.108    306.29999
4    650.000   3528.200    655.000   3529.473    710.000   3524.108    715.000   3526.427    314.78000
4    655.000   3529.473    660.000   3529.993    715.000   3526.427    720.000   3525.501    384.39001
4    660.000   3529.993    665.000   3530.034    720.000   3525.501    725.000   3525.778    638.48999
4    665.000   3530.034    670.000   3530.643    725.000   3525.778    730.000   3525.740    513.16998
4    670.000   3530.643    675.000   3527.818    730.000   3525.740    735.000   3524.771    395.60001
4    675.000   3527.818    680.000   3526.413    735.000   3524.771    740.000   3524.128    720.00000
4    680.000   3526.413    685.000   3526.269    740.000   3524.128    745.000   3522.933    753.33002
4    685.000   3526.269    690.000   3526.612    745.000   3522.933    750.000   3522.061    564.33002
4    690.000   3526.612    695.000   3526.329    750.000   3522.061    755.000   3521.187    561.52002
4    695.000   3526.329    700.000   3526.876    755.000   3521.187    760.000   3520.309    427.84000
4    700.000   3526.876    705.000   3524.158    760.000   3520.309    765.000   3520.193    780.70001
4    705.000   3524.158    710.000   3524.108    765.000   3520.193    770.000   3520.998    448.73999
4    710.000   3524.108    715.000   3526.427    770.000   3520.998    775.000   3518.842    723.91998
4    715.000   3526.427    720.000   3525.501    775.000   3518.842    780.000   3516.981    962.17999
4    720.000   3525.501    725.000   3525.778    780.000   3516.981    785.000   3516.559    797.96997
4    725.000   3525.778    730.000   3525.740    785.000   3516.559    790.000   3518.217    988.01001
4    730.000   3525.740    735.000   3524.771    790.000   3518.217    795.000   3519.814    566.47998
4    735.000   3524.771    740.000   3524.128    795.000   3519.814    800.000   3517.544    402.35001
4    740.000   3524.128    745.000   3522.933    800.000   3517.544    805.000   3518.710    264.32001
4    745.000   3522.933    750.000   3522.061    805.000   3518.710    810.000   3518.812    304.29001
4    750.000   3522.061    755.000   3521.187    810.000   3518.812    815.000   3518.638    334.10001
4    755.000   3521.187    760.000   3520.309    815.000   3518.638    820.000   3517.048    387.32999
4    760.000   3520.309    765.000   3520.193    820.000   3517.048    825.000   3517.013    442.10001
4    765.000   3520.193    770.000   3520.998    825.000   3517.013    830.000   3517.136    455.25000
4    770.000   3520.998    775.000   3518.842    830.000   3517.136    835.000   3516.854    475.26999
4      5.000   3536.266      0.000   3536.244     65.000   3537.003     70.000   3536.123    203.08000
4     10.000   3536.478      5.000   3536.266     70.000   3536.123     75.000   3536.578    367.42999
4     15.000   3536.152     10.000   3536.478     75.000   3536.578     80.000   3537.228    659.04999
4     20.000   3535.809     15.000   3536.152     80.000   3537.228     85.000   3536.619    532.85999
4     25.000   3536.244     20.000   3535.809     85.000   3536.619     90.000   3535.969    480.64999
4     30.000   3535.974     25.000   3536.244     90.000   3535.969     95.000   3536.352    448.69000
4     35.000   3535.861     30.000   3535.974     95.000   3536.352    100.000   3535.908    247.63000
4     40.000   3535.916     35.000   3535.861    100.000   3535.908    105.000   3535.457    247.88000
4     45.000   3536.297     40.000   3535.916    105.000   3535.457    110.000   3534.277    416.03000
4     50.000   3536.002     45.000   3536.297    110.000   3534.277    115.000   3534.712    408.57999
4     55.000   3536.658     50.000   3536.002    115.000   3534.712    120.000   3535.212   1002.50000
4     60.000   3536.894     55.000   3536.658    120.000   3535.212    125.000   3534.914    805.28998
4     65.000   3537.003     60.000   3536.894    125.000   3534.914    130.000   3534.113    506.00000
4     70.000   3536.123     65.000   3537.003    130.000   3534.113    135.000   3532.749    491.53000
4     75.000   3536.578     70.000   3536.123    135.000   3532.749    140.000   3533.766    900.69000
4     80.000   3537.228     75.000   3536.578    140.000   3533.766    145.000   3533.086    831.21002
4     85.000   3536.619     80.000   3537.228    145.000   3533.086    150.000   3532.774    684.10999
4     90.000   3535.969     85.000   3536.619    150.000   3532.774    155.000   3532.336    705.84003
4     95.000   3536.352     90.000   3535.969    155.000   3532.336    160.000   3531.841    828.66998
4    100.000   3535.908     95.000   3536.352    160.000   3531.841    165.000   3531.676    332.09000
4    105.000   3535.457    100.000   3535.908    165.000   3531.676    170.000   3531.827    320.06000
4    110.000   3534.277    105.000   3535.457    170.000   3531.827    175.000   3531.568    562.70001
4    115.000   3534.712    110.000   3534.277    175.000   3531.568    180.000   3531.403    400.85999
4    120.000   3535.212    115.000   3534.712    180.000   3531.403    185.000   3531.192    623.77002
4    125.000   3534.914    120.000   3535.212    185.000   3531.192    190.000   3531.906    572.85999
4    120.000   3535.212    125.000   3534.914    185.000   3531.192    190.000   3531.906    568.67999
4    125.000   3534.914    130.000   3534.113    190.000   3531.906    195.000   3531.375    446.91000
4    130.000   3534.113    125.000   3534.914    190.000   3531.906    195.000   3531.375    444.00000
4    135.000   3532.749    130.000   3534.113    195.000   3531.375    200.000   3531.340    505.14001
4    130.000   3534.113    135.000   3532.749    195.000   3531.375    200.000   3531.340    506.70999
4    140.000   3533.766    135.000   3532.749    200.000   3531.340    205.000   3531.047    328.95001
4    135.000   3532.749    140.000   3533.766    200.000   3531.340    205.000   3531.047    329.32999
4    140.000   3533.766    145.000   3533.086    205.000   3531.047    210.000   3531.996    538.03998
4    145.000   3533.086    140.000   3533.766    205.000   3531.047    210.000   3531.996    537.23999
4    145.000   3533.086    150.000   3532.774    210.000   3531.996    215.000   3531.006    750.75000
4    150.000   3532.774    145.000   3533.086    210.000   3531.996    215.000   3531.006    750.42999
4    150.000   3532.774    155.000   3532.336    215.000   3531.006    220.000   3530.621    461.57001
4    155.000   3532.336    150.000   3532.774    215.000   3531.006    220.000   3530.621    462.53000
4    155.000   3532.336    160.000   3531.841    220.000   3530.621    225.000   3530.616    518.91998
4    160.000   3531.841    155.000   3532.336    220.000   3530.621    225.000   3530.616    518.17999
4    165.000   3531.676    160.000   3531.841    225.000   3530.616    230.000   3529.883    431.87000
4    160.000   3531.841    165.000   3531.676    225.000   3530.616    230.000   3529.883    433.62000
4    165.000   3531.676    170.000   3531.827    230.000   3529.883    235.000   3529.435    532.31000
4    170.000   3531.827    165.000   3531.676    230.000   3529.883    235.000   3529.435    524.13000
4    170.000   3531.827    175.000   3531.568    235.000   3529.435    240.000   3529.129    456.20001
4    175.000   3531.568    180.000   3531.403    240.000   3529.129    245.000   3529.688    539.47998
4    180.000   3531.403    185.000   3531.192    245.000   3529.688    250.000   3530.310    525.07001
4    185.000   3531.192    190.000   3531.906    250.000   3530.310    255.000   3530.336    446.67001
4    190.000   3531.906    195.000   3531.375    255.000   3530.336    260.000   3530.283    409.73001
4    195.000   3531.375    200.000   3531.340    260.000   3530.283    265.000   3530.628    572.78003
4    200.000   3531.340    205.000   3531.047    265.000   3530.628    270.000   3530.340    540.77002
4    205.000   3531.047    210.000   3531.996    270.000   3530.340    275.000   3529.132    707.51001
4    210.000   3531.996    215.000   3531.006    275.000   3529.132    280.000   3528.217    779.94000
4    220.000   3530.621    225.000   3530.616    285.000   3527.264    290.000   3527.672    446.53000
4    225.000   3530.616    230.000   3529.883    290.000   3527.672    295.000   3529.983    397.26999
4    230.000   3529.883    235.000   3529.435    295.000   3529.983    300.000   3531.271    395.79999
4    235.000   3529.435    240.000   3529.129    300.000   3531.271    305.000   3531.428    271.64999
4    245.000   3529.688    250.000   3530.310    310.000   3531.441    315.000   3530.702    492.07999
4    255.000   3530.336    260.000   3530.283    320.000   3529.981    325.000   3529.592    305.07999
4    260.000   3530.283    265.000   3530.628    325.000   3529.592    330.000   3529.857    391.60999
4    265.000   3530.628    270.000   3530.340    330.000   3529.857    335.000   3529.834    462.23999
4    270.000   3530.340    275.000   3529.132    335.000   3529.834    340.000   3529.214    377.66000
4    275.000   3529.132    280.000   3528.217    340.000   3529.214    345.000   3529.238    437.85001
4    285.000   3527.264    290.000   3527.672    350.000   3529.773    355.000   3530.493    266.34000
4    290.000   3527.672    295.000   3529.983    355.000   3530.493    360.000   3529.237    337.88000
4    300.000   3531.271    305.000   3531.428    365.000   3528.668    370.000   3528.795    434.64999
4    305.000   3531.428    310.000   3531.441    370.000   3528.795    375.000   3528.793    545.12000
4    320.000   3529.981    325.000   3529.592    385.000   3528.404    390.000   3528.534    407.59000
4    325.000   3529.592    330.000   3529.857    390.000   3528.534    395.000   3528.117    509.20999
4    330.000   3529.857    335.000   3529.834    395.000   3528.117    400.000   3527.942    350.60001
4    335.000   3529.834    340.000   3529.214    400.000   3527.942    405.000   3528.261    270.04001
4    340.000   3529.214    345.000   3529.238    405.000   3528.261    410.000   3528.820    331.03000
4    345.000   3529.238    350.000   3529.773    410.000   3528.820    415.000   3528.086    171.77000
4    350.000   3529.773    355.000   3530.493    415.000   3528.086    420.000   3528.102    103.39000
4    355.000   3530.493    360.000   3529.237    420.000   3528.102    425.000   3527.629    188.39000
4    360.000   3529.237    365.000   3528.668    425.000   3527.629    430.000   3528.047    237.95000
4    365.000   3528.668    370.000   3528.795    430.000   3528.047    435.000   3527.743    273.76999
4    370.000   3528.795    375.000   3528.793    435.000   3527.743    440.000   3527.326    347.60001
4    375.000   3528.793    380.000   3528.198    440.000   3527.326    445.000   3527.956    345.53000
4    380.000   3528.198    385.000   3528.404    445.000   3527.956    450.000   3527.941    370.44000
4    385.000   3528.404    390.000   3528.534    450.000   3527.941    455.000   3528.823    386.48001
4    390.000   3528.534    395.000   3528.117    455.000   3528.823    460.000   3528.951    789.97998
4    395.000   3528.117    400.000   3527.942    460.000   3528.951    465.000   3528.468    687.96997
4    400.000   3527.942    405.000   3528.261    465.000   3528.468    470.000   3528.471    365.76001
4    405.000   3528.261    410.000   3528.820    470.000   3528.471    475.000   3528.141    251.06000
4    410.000   3528.820    415.000   3528.086    475.000   3528.141    480.000   3527.527    141.10001
4    415.000   3528.086    420.000   3528.102    480.000   3527.527    485.000   3527.177    251.81000
4    420.000   3528.102    425.000   3527.629    485.000   3527.177    490.000   3527.388    455.91000
4    425.000   3527.629    430.000   3528.047    490.000   3527.388    495.000   3526.652    288.22000
4    430.000   3528.047    435.000   3527.743    495.000   3526.652    500.000   3527.534    264.06000
4    435.000   3527.743    440.000   3527.326    500.000   3527.534    505.000   3527.118    442.67001
4    440.000   3527.326    445.000   3527.956    505.000   3527.118    510.000   3527.157    391.07999
4    445.000   3527.956    450.000   3527.941    510.000   3527.157    515.000   3525.908    538.40002
4    450.000   3527.941    455.000   3528.823    515.000   3525.908    520.000   3526.905    583.41998
4    455.000   3528.823    460.000   3528.951    520.000   3526.905    525.000   3526.745    902.06000
4    460.000   3528.951    465.000   3528.468    525.000   3526.745    530.000   3526.591   1251.50000
4    465.000   3528.468    470.000   3528.471    530.000   3526.591    535.000   3527.357    755.73999
4    470.000   3528.471    475.000   3528.141    535.000   3527.357    540.000   3526.634    525.91998
4    475.000   3528.141    480.000   3527.527    540.000   3526.634    545.000   3525.510    379.57001
4    480.000   3527.527    485.000   3527.177    545.000   3525.510    550.000   3526.853   1002.79999
4    485.000   3527.177    490.000   3527.388    550.000   3526.853    555.000   3526.048   1151.90002
4    490.000   3527.388    495.000   3526.652    555.000   3526.048    560.000   3526.487    488.16000
4    495.000   3526.652    500.000   3527.534    560.000   3526.487    565.000   3527.398    462.06000
4    500.000   3527.534    505.000   3527.118    565.000   3527.398    570.000   3526.960    601.53003
4    505.000   3527.118    510.000   3527.157    570.000   3526.960    575.000   3526.592    336.10999
4    510.000   3527.157    515.000   3525.908    575.000   3526.592    580.000   3527.394    441.95999
4    515.000   3525.908    520.000   3526.905    580.000   3527.394    585.000   3526.593    168.22000
4    520.000   3526.905    525.000   3526.745    585.000   3526.593    590.000   3527.791    130.64999
4    525.000   3526.745    530.000   3526.591    590.000   3527.791    595.000   3527.384    227.36000
4    530.000   3526.591    535.000   3527.357    595.000   3527.384    600.000   3529.998    219.28999
4    535.000   3527.357    540.000   3526.634    600.000   3529.998    605.000   3529.582    264.39001
4    540.000   3526.634    545.000   3525.510    605.000   3529.582    610.000   3528.825    284.32999
4    545.000   3525.510    550.000   3526.853    610.000   3528.825    615.000   3528.415    352.51001
4    550.000   3526.853    555.000   3526.048    615.000   3528.415    620.000   3528.510    361.88000
4    555.000   3526.048    560.000   3526.487    620.000   3528.510    625.000   3527.819    302.23999
4    560.000   3526.487    565.000   3527.398    625.000   3527.819    630.000   3528.454    426.89001
4    565.000   3527.398    570.000   3526.960    630.000   3528.454    635.000   3528.886    361.76999
4    570.000   3526.960    575.000   3526.592    635.000   3528.886    640.000   3527.488    275.66000
4    575.000   3526.592    580.000   3527.394    640.000   3527.488    645.000   3527.672    303.57999
4    580.000   3527.394    585.000   3526.593    645.000   3527.672    650.000   3528.200    119.69000
4    585.000   3526.593    590.000   3527.791    650.000   3528.200    655.000   3529.473     84.72000
4    590.000   3527.791    595.000   3527.384    655.000   3529.473    660.000   3529.993    181.71001
4    595.000   3527.384    600.000   3529.998    660.000   3529.993    665.000   3530.034    361.72000
4    600.000   3529.998    605.000   3529.582    665.000   3530.034    670.000   3530.643    389.85001
4    605.000   3529.582    610.000   3528.825    670.000   3530.643    675.000   3527.818    369.51999
4    610.000   3528.825    615.000   3528.415    675.000   3527.818    680.000   3526.413    637.83002
4    615.000   3528.415    620.000   3528.510    680.000   3526.413    685.000   3526.269    861.71002
4    620.000   3528.510    625.000   3527.819    685.000   3526.269    690.000   3526.612    879.13000
4    625.000   3527.819    630.000   3528.454    690.000   3526.612    695.000   3526.329    718.17999
4    630.000   3528.454    635.000   3528.886    695.000   3526.329    700.000   3526.876    464.64999
4    635.000   3528.886    640.000   3527.488    700.000   3526.876    705.000   3524.158    779.81000
4    640.000   3527.488    645.000   3527.672    705.000   3524.158    710.000   3524.108    442.38000
4    645.000   3527.672    650.000   3528.200    710.000   3524.108    715.000   3526.427    444.20001
4    650.000   3528.200    655.000   3529.473    715.000   3526.427    720.000   3525.501    387.89001
4    655.000   3529.473    660.000   3529.993    720.000   3525.501    725.000   3525.778    338.41000
4    660.000   3529.993    665.000   3530.034    725.000   3525.778    730.000   3525.740    594.62000
4    665.000   3530.034    670.000   3530.643    730.000   3525.740    735.000   3524.771    437.62000
4    670.000   3530.643    675.000   3527.818    735.000   3524.771    740.000   3524.128    468.51999
4    675.000   3527.818    680.000   3526.413    740.000   3524.128    745.000   3522.933    596.19000
4    680.000   3526.413    685.000   3526.269    745.000   3522.933    750.000   3522.061    686.25000
4    685.000   3526.269    690.000   3526.612    750.000   3522.061    755.000   3521.187    749.48999
4    690.000   3526.612    695.000   3526.329    755.000   3521.187    760.000   3520.309    600.09998
4    695.000   3526.329    700.000   3526.876    760.000   3520.309    765.000   3520.193    418.48999
4    700.000   3526.876    705.000   3524.158    765.000   3520.193    770.000   3520.998    764.89001
4    705.000   3524.158    710.000   3524.108    770.000   3520.998    775.000   3518.842    490.25000
4    710.000   3524.108    715.000   3526.427    775.000   3518.842    780.000   3516.981    868.34998
4    715.000   3526.427    720.000   3525.501    780.000   3516.981    785.000   3516.559   1103.40002
4    720.000   3525.501    725.000   3525.778    785.000   3516.559    790.000   3518.217   1212.00000
4    725.000   3525.778    730.000   3525.740    790.000   3518.217    795.000   3519.814    716.46997
4    730.000   3525.740    735.000   3524.771    795.000   3519.814    800.000   3517.544    372.42999
4    735.000   3524.771    740.000   3524.128    800.000   3517.544    805.000   3518.710    336.03000
4    740.000   3524.128    745.000   3522.933    805.000   3518.710    810.000   3518.812    329.09000
4    745.000   3522.933    750.000   3522.061    810.000   3518.812    815.000   3518.638    291.42999
4    750.000   3522.061    755.000   3521.187    815.000   3518.638    820.000   3517.048    417.67001
4    755.000   3521.187    760.000   3520.309    820.000   3517.048    825.000   3517.013    458.78000
4    760.000   3520.309    765.000   3520.193    825.000   3517.013    830.000   3517.136    465.81000
4      5.000   3536.266      0.000   3536.244     70.000   3536.123     75.000   3536.578    380.37000
4     10.000   3536.478      5.000   3536.266     75.000   3536.578     80.000   3537.228    401.32999
4     15.000   3536.152     10.000   3536.478     80.000   3537.228     85.000   3536.619    493.67001
4     20.000   3535.809     15.000   3536.152     85.000   3536.619     90.000   3535.969    633.59998
4     25.000   3536.244     20.000   3535.809     90.000   3535.969     95.000   3536.352    504.06000
4     30.000   3535.974     25.000   3536.244     95.000   3536.352    100.000   3535.908    219.83000
4     35.000   3535.861     30.000   3535.974    100.000   3535.908    105.000   3535.457    258.10999
4     40.000   3535.916     35.000   3535.861    105.000   3535.457    110.000   3534.277    494.87000
4     45.000   3536.297     40.000   3535.916    110.000   3534.277    115.000   3534.712    330.87000
4     50.000   3536.002     45.000   3536.297    115.000   3534.712    120.000   3535.212    709.35999
4     55.000   3536.658     50.000   3536.002    120.000   3535.212    125.000   3534.914    867.69000
4     60.000   3536.894     55.000   3536.658    125.000   3534.914    130.000   3534.113    946.85999
4     65.000   3537.003     60.000   3536.894    130.000   3534.113    135.000   3532.749    479.37000
4     70.000   3536.123     65.000   3537.003    135.000   3532.749    140.000   3533.766    462.62000
4     75.000   3536.578     70.000   3536.123    140.000   3533.766    145.000   3533.086    943.67999
4     80.000   3537.228     75.000   3536.578    145.000   3533.086    150.000   3532.774    932.12000
4     85.000   3536.619     80.000   3537.228    150.000   3532.774    155.000   3532.336    688.23999
4     90.000   3535.969     85.000   3536.619    155.000   3532.336    160.000   3531.841    839.98999
4     95.000   3536.352     90.000   3535.969    160.000   3531.841    165.000   3531.676    744.77002
4    100.000   3535.908     95.000   3536.352    165.000   3531.676    170.000   3531.827    355.28000
4    105.000   3535.457    100.000   3535.908    170.000   3531.827    175.000   3531.568    327.26999
4    110.000   3534.277    105.000   3535.457    175.000   3531.568    180.000   3531.403    581.40002
4    115.000   3534.712    110.000   3534.277    180.000   3531.403    185.000   3531.192    426.10001
4    120.000   3535.212    115.000   3534.712    185.000   3531.192    190.000   3531.906    675.88000
4    120.000   3535.212    125.000   3534.914    190.000   3531.906    195.000   3531.375    437.94000
4    125.000   3534.914    120.000   3535.212    190.000   3531.906    195.000   3531.375    436.88000
4    130.000   3534.113    125.000   3534.914    195.000   3531.375    200.000   3531.340    581.82001
4    125.000   3534.914    130.000   3534.113    195.000   3531.375    200.000   3531.340    580.44000
4    135.000   3532.749    130.000   3534.113    200.000   3531.340    205.000   3531.047    370.87000
4    130.000   3534.113    135.000   3532.749    200.000   3531.340    205.000   3531.047    370.75000
4    140.000   3533.766    135.000   3532.749    205.000   3531.047    210.000   3531.996    581.58002
4    135.000   3532.749    140.000   3533.766    205.000   3531.047    210.000   3531.996    581.02002
4    145.000   3533.086    140.000   3533.766    210.000   3531.996    215.000   3531.006    760.90002
4    140.000   3533.766    145.000   3533.086    210.000   3531.996    215.000   3531.006    758.48999
4    150.000   3532.774    145.000   3533.086    215.000   3531.006    220.000   3530.621    500.01999
4    145.000   3533.086    150.000   3532.774    215.000   3531.006    220.000   3530.621    502.12000
4    150.000   3532.774    155.000   3532.336    220.000   3530.621    225.000   3530.616    484.29001
4    155.000   3532.336    150.000   3532.774    220.000   3530.621    225.000   3530.616    484.20001
4    155.000   3532.336    160.000   3531.841    225.000   3530.616    230.000   3529.883    531.91998
4    160.000   3531.841    155.000   3532.336    225.000   3530.616    230.000   3529.883    535.03998
4    165.000   3531.676    160.000   3531.841    230.000   3529.883    235.000   3529.435    539.21002
4    160.000   3531.841    165.000   3531.676    230.000   3529.883    235.000   3529.435    539.39001
4    165.000   3531.676    170.000   3531.827    235.000   3529.435    240.000   3529.129    501.01001
4    170.000   3531.827    175.000   3531.568    240.000   3529.129    245.000   3529.688    552.06000
4    175.000   3531.568    180.000   3531.403    245.000   3529.688    250.000   3530.310    552.37000
4    180.000   3531.403    185.000   3531.192    250.000   3530.310    255.000   3530.336    439.48001
4    185.000   3531.192    190.000   3531.906    255.000   3530.336    260.000   3530.283    560.83002
4    190.000   3531.906    195.000   3531.375    260.000   3530.283    265.000   3530.628    477.69000
4    195.000   3531.375    200.000   3531.340    265.000   3530.628    270.000   3530.340    822.34003
4    200.000   3531.340    205.000   3531.047    270.000   3530.340    275.000   3529.132    382.09000
4    205.000   3531.047    210.000   3531.996    275.000   3529.132    280.000   3528.217    678.60999
4    215.000   3531.006    220.000   3530.621    285.000   3527.264    290.000   3527.672    489.12000
4    220.000   3530.621    225.000   3530.616    290.000   3527.672    295.000   3529.983    439.79001
4    225.000   3530.616    230.000   3529.883    295.000   3529.983    300.000   3531.271    358.13000
4    230.000   3529.883    235.000   3529.435    300.000   3531.271    305.000   3531.428    374.28000
4    235.000   3529.435    240.000   3529.129    305.000   3531.428    310.000   3531.441    276.57001
4    250.000   3530.310    255.000   3530.336    320.000   3529.981    325.000   3529.592    299.01001
4    255.000   3530.336    260.000   3530.283    325.000   3529.592    330.000   3529.857    362.82001
4    260.000   3530.283    265.000   3530.628    330.000   3529.857    335.000   3529.834    416.48999
4    265.000   3530.628    270.000   3530.340    335.000   3529.834    340.000   3529.214    561.98999
4    270.000   3530.340    275.000   3529.132    340.000   3529.214    345.000   3529.238    493.62000
4    285.000   3527.264    290.000   3527.672    355.000   3530.493    360.000   3529.237    285.23999
4    290.000   3527.672    295.000   3529.983    360.000   3529.237    365.000   3528.668    508.13000
4    300.000   3531.271    305.000   3531.428    370.000   3528.795    375.000   3528.793    643.77002
4    305.000   3531.428    310.000   3531.441    375.000   3528.793    380.000   3528.198    549.79999
4    310.000   3531.441    315.000   3530.702    380.000   3528.198    385.000   3528.404    619.04999
4    320.000   3529.981    325.000   3529.592    390.000   3528.534    395.000   3528.117    614.71997
4    325.000   3529.592    330.000   3529.857    395.000   3528.117    400.000   3527.942    374.23001
4    330.000   3529.857    335.000   3529.834    400.000   3527.942    405.000   3528.261    259.78000
4    335.000   3529.834    340.000   3529.214    405.000   3528.261    410.000   3528.820    302.67001
4    340.000   3529.214    345.000   3529.238    410.000   3528.820    415.000   3528.086    296.17001
4    345.000   3529.238    350.000   3529.773    415.000   3528.086    420.000   3528.102    119.56000
4    350.000   3529.773    355.000   3530.493    420.000   3528.102    425.000   3527.629    143.92999
4    355.000   3530.493    360.000   3529.237    425.000   3527.629    430.000   3528.047    184.99001
4    360.000   3529.237    365.000   3528.668    430.000   3528.047    435.000   3527.743    262.73001
4    365.000   3528.668    370.000   3528.795    435.000   3527.743    440.000   3527.326    311.26999
4    370.000   3528.795    375.000   3528.793    440.000   3527.326    445.000   3527.956    396.73001
4    375.000   3528.793    380.000   3528.198    445.000   3527.956    450.000   3527.941    452.72000
4    380.000   3528.198    385.000   3528.404    450.000   3527.941    455.000   3528.823    458.69000
4    385.000   3528.404    390.000   3528.534    455.000   3528.823    460.000   3528.951    649.66998
4    390.000   3528.534    395.000   3528.117    460.000   3528.951    465.000   3528.468   1107.90002
4    395.000   3528.117    400.000   3527.942    465.000   3528.468    470.000   3528.471    524.62000
4    400.000   3527.942    405.000   3528.261    470.000   3528.471    475.000   3528.141    265.41000
4    405.000   3528.261    410.000   3528.820    475.000   3528.141    480.000   3527.527    216.31000
4    410.000   3528.820    415.000   3528.086    480.000   3527.527    485.000   3527.177    383.45999
4    415.000   3528.086    420.000   3528.102    485.000   3527.177    490.000   3527.388    330.00000
4    420.000   3528.102    425.000   3527.629    490.000   3527.388    495.000   3526.652    309.34000
4    425.000   3527.629    430.000   3528.047    495.000   3526.652    500.000   3527.534    232.14000
4    430.000   3528.047    435.000   3527.743    500.000   3527.534    505.000   3527.118    476.07001
4    435.000   3527.743    440.000   3527.326    505.000   3527.118    510.000   3527.157    385.81000
4    440.000   3527.326    445.000   3527.956    510.000   3527.157    515.000   3525.908    438.95999
4    445.000   3527.956    450.000   3527.941    515.000   3525.908    520.000   3526.905    506.89999
4    450.000   3527.941    455.000   3528.823    520.000   3526.905    525.000   3526.745    647.32001
4    455.000   3528.823    460.000   3528.951    525.000   3526.745    530.000   3526.591   1078.09998
4    460.000   3528.951    465.000   3528.468    530.000   3526.591    535.000   3527.357   1220.19995
4    465.000   3528.468    470.000   3528.471    535.000   3527.357    540.000   3526.634    809.33002
4    470.000   3528.471    475.000   3528.141    540.000   3526.634    545.000   3525.510    567.98999
4    475.000   3528.141    480.000   3527.527    545.000   3525.510    550.000   3526.853    463.00000
4    480.000   3527.527    485.000   3527.177    550.000   3526.853    555.000   3526.048   1049.90002
4    485.000   3527.177    490.000   3527.388    555.000   3526.048    560.000   3526.487    849.47998
4    490.000   3527.388    495.000   3526.652    560.000   3526.487    565.000   3527.398    644.63000
4    495.000   3526.652    500.000   3527.534    565.000   3527.398    570.000   3526.960    360.12000
4    500.000   3527.534    505.000   3527.118    570.000   3526.960    575.000   3526.592    432.84000
4    505.000   3527.118    510.000   3527.157    575.000   3526.592    580.000   3527.394    440.62000
4    510.000   3527.157    515.000   3525.908    580.000   3527.394    585.000   3526.593    212.33000
4    515.000   3525.908    520.000   3526.905    585.000   3526.593    590.000   3527.791    142.14999
4    520.000   3526.905    525.000   3526.745    590.000   3527.791    595.000   3527.384    219.89000
4    525.000   3526.745    530.000   3526.591    595.000   3527.384    600.000   3529.998    270.82999
4    530.000   3526.591    535.000   3527.357    600.000   3529.998    605.000   3529.582    314.51999
4    535.000   3527.357    540.000   3526.634    605.000   3529.582    610.000   3528.825    326.29999
4    540.000   3526.634    545.000   3525.510    610.000   3528.825    615.000   3528.415    341.57999
4    545.000   3525.510    550.000   3526.853    615.000   3528.415    620.000   3528.510    404.98001
4    550.000   3526.853    555.000   3526.048    620.000   3528.510    625.000   3527.819    447.35999
4    555.000   3526.048    560.000   3526.487    625.000   3527.819    630.000   3528.454    341.95001
4    560.000   3526.487    565.000   3527.398    630.000   3528.454    635.000   3528.886    512.84003
4    565.000   3527.398    570.000   3526.960    635.000   3528.886    640.000   3527.488    378.62000
4    570.000   3526.960    575.000   3526.592    640.000   3527.488    645.000   3527.672    264.75000
4    575.000   3526.592    580.000   3527.394    645.000   3527.672    650.000   3528.200    246.73000
4    580.000   3527.394    585.000   3526.593    650.000   3528.200    655.000   3529.473     86.63000
4    585.000   3526.593    590.000   3527.791    655.000   3529.473    660.000   3529.993     82.33000
4    590.000   3527.791    595.000   3527.384    660.000   3529.993    665.000   3530.034    354.92001
4    595.000   3527.384    600.000   3529.998    665.000   3530.034    670.000   3530.643    297.66000
4    600.000   3529.998    605.000   3529.582    670.000   3530.643    675.000   3527.818    360.39999
4    605.000   3529.582    610.000   3528.825    675.000   3527.818    680.000   3526.413    630.35999
4    610.000   3528.825    615.000   3528.415    680.000   3526.413    685.000   3526.269    892.32001
4    615.000   3528.415    620.000   3528.510    685.000   3526.269    690.000   3526.612    842.08002
4    620.000   3528.510    625.000   3527.819    690.000   3526.612    695.000   3526.329    758.34998
4    625.000   3527.819    630.000   3528.454    695.000   3526.329    700.000   3526.876    451.51001
4    630.000   3528.454    635.000   3528.886    700.000   3526.876    705.000   3524.158    899.01001
4    635.000   3528.886    640.000   3527.488    705.000   3524.158    710.000   3524.108    533.81000
4    640.000   3527.488    645.000   3527.672    710.000   3524.108    715.000   3526.427    667.84003
4    645.000   3527.672    650.000   3528.200    715.000   3526.427    720.000   3525.501    682.15002
4    650.000   3528.200    655.000   3529.473    720.000   3525.501    725.000   3525.778    361.01001
4    655.000   3529.473    660.000   3529.993    725.000   3525.778    730.000   3525.740    315.48999
4    660.000   3529.993    665.000   3530.034    730.000   3525.740    735.000   3524.771    506.35999
4    665.000   3530.034    670.000   3530.643    735.000   3524.771    740.000   3524.128    524.15997
4    670.000   3530.643    675.000   3527.818    740.000   3524.128    745.000   3522.933    385.66000
4    675.000   3527.818    680.000   3526.413    745.000   3522.933    750.000   3522.061    545.14001
4    680.000   3526.413    685.000   3526.269    750.000   3522.061    755.000   3521.187    906.52002
4    685.000   3526.269    690.000   3526.612    755.000   3521.187    760.000   3520.309    800.19000
4    690.000   3526.612    695.000   3526.329    760.000   3520.309    765.000   3520.193    581.96997
4    695.000   3526.329    700.000   3526.876    765.000   3520.193    770.000   3520.998    392.37000
4    700.000   3526.876    705.000   3524.158    770.000   3520.998    775.000   3518.842    835.65002
4    705.000   3524.158    710.000   3524.108    775.000   3518.842    780.000   3516.981    581.27002
4    710.000   3524.108    715.000   3526.427    780.000   3516.981    785.000   3516.559    989.78003
4    715.000   3526.427    720.000   3525.501    785.000   3516.559    790.000   3518.217   1693.09998
4    720.000   3525.501    725.000   3525.778    790.000   3518.217    795.000   3519.814    876.65002
4    725.000   3525.778    730.000   3525.740    795.000   3519.814    800.000   3517.544    461.23001
4    730.000   3525.740    735.000   3524.771    800.000   3517.544    805.000   3518.710    326.01001
4    735.000   3524.771    740.000   3524.128    805.000   3518.710    810.000   3518.812    418.29001
4    740.000   3524.128    745.000   3522.933    810.000   3518.812    815.000   3518.638    304.25000
4    745.000   3522.933    750.000   3522.061    815.000   3518.638    820.000   3517.048    346.01001
4    750.000   3522.061    755.000   3521.187    820.000   3517.048    825.000   3517.013    522.33002
4    755.000   3521.187    760.000   3520.309    825.000   3517.013    830.000   3517.136    619.72998
4    760.000   3520.309    765.000   3520.193    830.000   3517.136    835.000   3516.854    426.85001
4      5.000   3536.266      0.000   3536.244     75.000   3536.578     80.000   3537.228    418.82001
4     10.000   3536.478      5.000   3536.266     80.000   3537.228     85.000   3536.619    301.73001
4     15.000   3536.152     10.000   3536.478     85.000   3536.619     90.000   3535.969    586.96002
4     20.000   3535.809     15.000   3536.152     90.000   3535.969     95.000   3536.352    684.59003
4     25.000   3536.244     20.000   3535.809     95.000   3536.352    100.000   3535.908    234.39999
4     30.000   3535.974     25.000   3536.244    100.000   3535.908    105.000   3535.457    200.59000
4     35.000   3535.861     30.000   3535.974    105.000   3535.457    110.000   3534.277    460.39001
4     40.000   3535.916     35.000   3535.861    110.000   3534.277    115.000   3534.712    351.76999
4     45.000   3536.297     40.000   3535.916    115.000   3534.712    120.000   3535.212    514.92999
4     50.000   3536.002     45.000   3536.297    120.000   3535.212    125.000   3534.914    571.39001
4     55.000   3536.658     50.000   3536.002    125.000   3534.914    130.000   3534.113   1018.90002
4     60.000   3536.894     55.000   3536.658    130.000   3534.113    135.000   3532.749    902.79999
4     65.000   3537.003     60.000   3536.894    135.000   3532.749    140.000   3533.766    457.51999
4     70.000   3536.123     65.000   3537.003    140.000   3533.766    145.000   3533.086    479.73999
4     75.000   3536.578     70.000   3536.123    145.000   3533.086    150.000   3532.774   1048.69995
4     80.000   3537.228     75.000   3536.578    150.000   3532.774    155.000   3532.336    935.37000
4     85.000   3536.619     80.000   3537.228    155.000   3532.336    160.000   3531.841    814.41998
4     90.000   3535.969     85.000   3536.619    160.000   3531.841    165.000   3531.676    747.17999
4     95.000   3536.352     90.000   3535.969    165.000   3531.676    170.000   3531.827    791.35999
4    100.000   3535.908     95.000   3536.352    170.000   3531.827    175.000   3531.568    361.01001
4    105.000   3535.457    100.000   3535.908    175.000   3531.568    180.000   3531.403    325.23001
4    110.000   3534.277    105.000   3535.457    180.000   3531.403    185.000   3531.192    583.91998
4    115.000   3534.712    110.000   3534.277    185.000   3531.192    190.000   3531.906    452.87000
4    120.000   3535.212    115.000   3534.712    190.000   3531.906    195.000   3531.375    537.69000
4    125.000   3534.914    120.000   3535.212    195.000   3531.375    200.000   3531.340    557.78003
4    120.000   3535.212    125.000   3534.914    195.000   3531.375    200.000   3531.340    554.91998
4    130.000   3534.113    125.000   3534.914    200.000   3531.340    205.000   3531.047    421.91000
4    125.000   3534.914    130.000   3534.113    200.000   3531.340    205.000   3531.047    424.19000
4    135.000   3532.749    130.000   3534.113    205.000   3531.047    210.000   3531.996    647.63000
4    130.000   3534.113    135.000   3532.749    205.000   3531.047    210.000   3531.996    646.28998
4    135.000   3532.749    140.000   3533.766    210.000   3531.996    215.000   3531.006    806.21002
4    140.000   3533.766    135.000   3532.749    210.000   3531.996    215.000   3531.006    805.71002
4    145.000   3533.086    140.000   3533.766    215.000   3531.006    220.000   3530.621    502.41000
4    140.000   3533.766    145.000   3533.086    215.000   3531.006    220.000   3530.621    500.31000
4    150.000   3532.774    145.000   3533.086    220.000   3530.621    225.000   3530.616    520.89001
4    145.000   3533.086    150.000   3532.774    220.000   3530.621    225.000   3530.616    519.75000
4    155.000   3532.336    150.000   3532.774    225.000   3530.616    230.000   3529.883    493.64001
4    150.000   3532.774    155.000   3532.336    225.000   3530.616    230.000   3529.883    492.00000
4    160.000   3531.841    155.000   3532.336    230.000   3529.883    235.000   3529.435    645.13000
4    155.000   3532.336    160.000   3531.841    230.000   3529.883    235.000   3529.435    647.59003
4    160.000   3531.841    165.000   3531.676    235.000   3529.435    240.000   3529.129    477.00000
4    165.000   3531.676    170.000   3531.827    240.000   3529.129    245.000   3529.688    566.03003
4    170.000   3531.827    175.000   3531.568    245.000   3529.688    250.000   3530.310    565.98999
4    175.000   3531.568    180.000   3531.403    250.000   3530.310    255.000   3530.336    468.34000
4    180.000   3531.403    185.000   3531.192    255.000   3530.336    260.000   3530.283    551.59998
4    185.000   3531.192    190.000   3531.906    260.000   3530.283    265.000   3530.628    660.34998
4    190.000   3531.906    195.000   3531.375    265.000   3530.628    270.000   3530.340    677.41998
4    195.000   3531.375    200.000   3531.340    270.000   3530.340    275.000   3529.132    579.10999
4    200.000   3531.340    205.000   3531.047    275.000   3529.132    280.000   3528.217    359.85999
4    210.000   3531.996    215.000   3531.006    285.000   3527.264    290.000   3527.672    866.21997
4    215.000   3531.006    220.000   3530.621    290.000   3527.672    295.000   3529.983    479.87000
4    220.000   3530.621    225.000   3530.616    295.000   3529.983    300.000   3531.271    396.97000
4    225.000   3530.616    230.000   3529.883    300.000   3531.271    305.000   3531.428    338.97000
4    230.000   3529.883    235.000   3529.435    305.000   3531.428    310.000   3531.441    379.25000
4    235.000   3529.435    240.000   3529.129    310.000   3531.441    315.000   3530.702    352.50000
4    245.000   3529.688    250.000   3530.310    320.000   3529.981    325.000   3529.592    350.23001
4    250.000   3530.310    255.000   3530.336    325.000   3529.592    330.000   3529.857    338.48001
4    255.000   3530.336    260.000   3530.283    330.000   3529.857    335.000   3529.834    375.57001
4    260.000   3530.283    265.000   3530.628    335.000   3529.834    340.000   3529.214    501.98999
4    265.000   3530.628    270.000   3530.340    340.000   3529.214    345.000   3529.238    734.37000
4    280.000   3528.217    285.000   3527.264    355.000   3530.493    360.000   3529.237    222.67000
4    285.000   3527.264    290.000   3527.672    360.000   3529.237    365.000   3528.668    442.56000
4    290.000   3527.672    295.000   3529.983    365.000   3528.668    370.000   3528.795    614.96997
4    300.000   3531.271    305.000   3531.428    375.000   3528.793    380.000   3528.198    648.19000
4    305.000   3531.428    310.000   3531.441    380.000   3528.198    385.000   3528.404    494.98001
4    310.000   3531.441    315.000   3530.702    385.000   3528.404    390.000   3528.534    629.69000
4    320.000   3529.981    325.000   3529.592    395.000   3528.117    400.000   3527.942    448.39999
4    325.000   3529.592    330.000   3529.857    400.000   3527.942    405.000   3528.261    275.92001
4    330.000   3529.857    335.000   3529.834    405.000   3528.261    410.000   3528.820    290.37000
4    335.000   3529.834    340.000   3529.214    410.000   3528.820    415.000   3528.086    270.92999
4    340.000   3529.214    345.000   3529.238    415.000   3528.086    420.000   3528.102    194.37000
4    345.000   3529.238    350.000   3529.773    420.000   3528.102    425.000   3527.629    152.81000
4    350.000   3529.773    355.000   3530.493    425.000   3527.629    430.000   3528.047    135.61000
4    355.000   3530.493    360.000   3529.237    430.000   3528.047    435.000   3527.743    208.23000
4    360.000   3529.237    365.000   3528.668    435.000   3527.743    440.000   3527.326    291.70999
4    365.000   3528.668    370.000   3528.795    440.000   3527.326    445.000   3527.956    340.79001
4    370.000   3528.795    375.000   3528.793    445.000   3527.956    450.000   3527.941    515.84998
4    375.000   3528.793    380.000   3528.198    450.000   3527.941    455.000   3528.823    543.47998
4    380.000   3528.198    385.000   3528.404    455.000   3528.823    460.000   3528.951    781.46002
4    385.000   3528.404    390.000   3528.534    460.000   3528.951    465.000   3528.468    884.04999
4    390.000   3528.534    395.000   3528.117    465.000   3528.468    470.000   3528.471    833.08002
4    395.000   3528.117    400.000   3527.942    470.000   3528.471    475.000   3528.141    365.29999
4    400.000   3527.942    405.000   3528.261    475.000   3528.141    480.000   3527.527    206.32001
4    405.000   3528.261    410.000   3528.820    480.000   3527.527    485.000   3527.177    455.76999
4    410.000   3528.820    415.000   3528.086    485.000   3527.177    490.000   3527.388    503.07999
4    415.000   3528.086    420.000   3528.102    490.000   3527.388    495.000   3526.652    219.64000
4    420.000   3528.102    425.000   3527.629    495.000   3526.652    500.000   3527.534    252.74001
4    425.000   3527.629    430.000   3528.047    500.000   3527.534    505.000   3527.118    422.14999
4    430.000   3528.047    435.000   3527.743    505.000   3527.118    510.000   3527.157    419.28000
4    435.000   3527.743    440.000   3527.326    510.000   3527.157    515.000   3525.908    428.10001
4    440.000   3527.326    445.000   3527.956    515.000   3525.908    520.000   3526.905    414.70999
4    445.000   3527.956    450.000   3527.941    520.000   3526.905    525.000   3526.745    560.16998
4    450.000   3527.941    455.000   3528.823    525.000   3526.745    530.000   3526.591    761.20001
4    455.000   3528.823    460.000   3528.951    530.000   3526.591    535.000   3527.357   1056.80005
4    460.000   3528.951    465.000   3528.468    535.000   3527.357    540.000   3526.634   1305.40002
4    465.000   3528.468    470.000   3528.471    540.000   3526.634    545.000   3525.510    872.34003
4    470.000   3528.471    475.000   3528.141    545.000   3525.510    550.000   3526.853    691.62000
4    475.000   3528.141    480.000   3527.527    550.000   3526.853    555.000   3526.048    493.20999
4    480.000   3527.527    485.000   3527.177    555.000   3526.048    560.000   3526.487    778.34998
4    485.000   3527.177    490.000   3527.388    560.000   3526.487    565.000   3527.398   1116.30005
4    490.000   3527.388    495.000   3526.652    565.000   3527.398    570.000   3526.960    500.94000
4    495.000   3526.652    500.000   3527.534    570.000   3526.960    575.000   3526.592    265.01001
4    500.000   3527.534    505.000   3527.118    575.000   3526.592    580.000   3527.394    559.46002
4    505.000   3527.118    510.000   3527.157    580.000   3527.394    585.000   3526.593    205.83000
4    510.000   3527.157    515.000   3525.908    585.000   3526.593    590.000   3527.791    176.05000
4    515.000   3525.908    520.000   3526.905    590.000   3527.791    595.000   3527.384    240.61000
4    520.000   3526.905    525.000   3526.745    595.000   3527.384    600.000   3529.998    240.87000
4    525.000   3526.745    530.000   3526.591    600.000   3529.998    605.000   3529.582    371.23001
4    530.000   3526.591    535.000   3527.357    605.000   3529.582    610.000   3528.825    385.47000
4    535.000   3527.357    540.000   3526.634    610.000   3528.825    615.000   3528.415    390.92999
4    540.000   3526.634    545.000   3525.510    615.000   3528.415    620.000   3528.510    392.98999
4    545.000   3525.510    550.000   3526.853    620.000   3528.510    625.000   3527.819    497.60999
4    550.000   3526.853    555.000   3526.048    625.000   3527.819    630.000   3528.454    509.13000
4    555.000   3526.048    560.000   3526.487    630.000   3528.454    635.000   3528.886    410.32999
4    560.000   3526.487    565.000   3527.398    635.000   3528.886    640.000   3527.488    531.46002
4    565.000   3527.398    570.000   3526.960    640.000   3527.488    645.000   3527.672    352.82001
4    570.000   3526.960    575.000   3526.592    645.000   3527.672    650.000   3528.200    214.20000
4    575.000   3526.592    580.000   3527.394    650.000   3528.200    655.000   3529.473    182.38000
4    580.000   3527.394    585.000   3526.593    655.000   3529.473    660.000   3529.993     86.83000
4    585.000   3526.593    590.000   3527.791    660.000   3529.993    665.000   3530.034    161.46001
4    590.000   3527.791    595.000   3527.384    665.000   3530.034    670.000   3530.643    292.64001
4    595.000   3527.384    600.000   3529.998    670.000   3530.643    675.000   3527.818    270.45001
4    600.000   3529.998    605.000   3529.582    675.000   3527.818    680.000   3526.413    603.87000
4    605.000   3529.582    610.000   3528.825    680.000   3526.413    685.000   3526.269    873.90002
4    610.000   3528.825    615.000   3528.415    685.000   3526.269    690.000   3526.612    875.02002
4    615.000   3528.415    620.000   3528.510    690.000   3526.612    695.000   3526.329    726.89001
4    620.000   3528.510    625.000   3527.819    695.000   3526.329    700.000   3526.876    467.45999
4    625.000   3527.819    630.000   3528.454    700.000   3526.876    705.000   3524.158    872.27002
4    630.000   3528.454    635.000   3528.886    705.000   3524.158    710.000   3524.108    607.21002
4    635.000   3528.886    640.000   3527.488    710.000   3524.108    715.000   3526.427    803.84998
4    640.000   3527.488    645.000   3527.672    715.000   3526.427    720.000   3525.501    910.83002
4    645.000   3527.672    650.000   3528.200    720.000   3525.501    725.000   3525.778    563.27002
4    650.000   3528.200    655.000   3529.473    725.000   3525.778    730.000   3525.740    334.75000
4    655.000   3529.473    660.000   3529.993    730.000   3525.740    735.000   3524.771    271.23999
4    660.000   3529.993    665.000   3530.034    735.000   3524.771    740.000   3524.128    600.63000
4    665.000   3530.034    670.000   3530.643    740.000   3524.128    745.000   3522.933    432.64001
4    670.000   3530.643    675.000   3527.818    745.000   3522.933    750.000   3522.061    357.53000
4    675.000   3527.818    680.000   3526.413    750.000   3522.061    755.000   3521.187    719.44000
4    680.000   3526.413    685.000   3526.269    755.000   3521.187    760.000   3520.309    961.59003
4    685.000   3526.269    690.000   3526.612    760.000   3520.309    765.000   3520.193    770.82001
4    690.000   3526.612    695.000   3526.329    765.000   3520.193    770.000   3520.998    567.65997
4    695.000   3526.329    700.000   3526.876    770.000   3520.998    775.000   3518.842    441.28000
4    700.000   3526.876    705.000   3524.158    775.000   3518.842    780.000   3516.981    989.84998
4    705.000   3524.158    710.000   3524.108    780.000   3516.981    785.000   3516.559    673.64001
4    710.000   3524.108    715.000   3526.427    785.000   3516.559    790.000   3518.217   1491.09998
4    715.000   3526.427    720.000   3525.501    790.000   3518.217    795.000   3519.814   1202.09998
4    720.000   3525.501    725.000   3525.778    795.000   3519.814    800.000   3517.544    547.66998
4    725.000   3525.778    730.000   3525.740    800.000   3517.544    805.000   3518.710    405.78000
4    730.000   3525.740    735.000   3524.771    805.000   3518.710    810.000   3518.812    401.79001
4    735.000   3524.771    740.000   3524.128    810.000   3518.812    815.000   3518.638    390.82001
4    740.000   3524.128    745.000   3522.933    815.000   3518.638    820.000   3517.048    380.54999
4    745.000   3522.933    750.000   3522.061    820.000   3517.048    825.000   3517.013    414.56000
4    750.000   3522.061    755.000   3521.187    825.000   3517.013    830.000   3517.136    605.96997
4    755.000   3521.187    760.000   3520.309    830.000   3517.136    835.000   3516.854    514.78003
4      5.000   3536.266      0.000   3536.244     80.000   3537.228     85.000   3536.619    303.41000
4     10.000   3536.478      5.000   3536.266     85.000   3536.619     90.000   3535.969    351.54999
4     15.000   3536.152     10.000   3536.478     90.000   3535.969     95.000   3536.352    642.34003
4     20.000   3535.809     15.000   3536.152     95.000   3536.352    100.000   3535.908    327.85999
4     25.000   3536.244     20.000   3535.809    100.000   3535.908    105.000   3535.457    228.31000
4     30.000   3535.974     25.000   3536.244    105.000   3535.457    110.000   3534.277    374.56000
4     35.000   3535.861     30.000   3535.974    110.000   3534.277    115.000   3534.712    315.00000
4     40.000   3535.916     35.000   3535.861    115.000   3534.712    120.000   3535.212    519.78998
4     45.000   3536.297     40.000   3535.916    120.000   3535.212    125.000   3534.914    423.31000
4     50.000   3536.002     45.000   3536.297    125.000   3534.914    130.000   3534.113    674.70001
4     55.000   3536.658     50.000   3536.002    130.000   3534.113    135.000   3532.749    978.53998
4     60.000   3536.894     55.000   3536.658    135.000   3532.749    140.000   3533.766    884.00000
4     65.000   3537.003     60.000   3536.894    140.000   3533.766    145.000   3533.086    473.04999
4     70.000   3536.123     65.000   3537.003    145.000   3533.086    150.000   3532.774    525.69000
4     75.000   3536.578     70.000   3536.123    150.000   3532.774    155.000   3532.336   1050.00000
4     80.000   3537.228     75.000   3536.578    155.000   3532.336    160.000   3531.841   1102.40002
4     85.000   3536.619     80.000   3537.228    160.000   3531.841    165.000   3531.676    718.53998
4     90.000   3535.969     85.000   3536.619    165.000   3531.676    170.000   3531.827    791.01001
4     95.000   3536.352     90.000   3535.969    170.000   3531.827    175.000   3531.568    782.39001
4    100.000   3535.908     95.000   3536.352    175.000   3531.568    180.000   3531.403    360.75000
4    105.000   3535.457    100.000   3535.908    180.000   3531.403    185.000   3531.192    330.63000
4    110.000   3534.277    105.000   3535.457    185.000   3531.192    190.000   3531.906    648.53003
4    115.000   3534.712    110.000   3534.277    190.000   3531.906    195.000   3531.375    357.01999
4    120.000   3535.212    115.000   3534.712    195.000   3531.375    200.000   3531.340    700.37000
4    120.000   3535.212    125.000   3534.914    200.000   3531.340    205.000   3531.047    412.06000
4    125.000   3534.914    120.000   3535.212    200.000   3531.340    205.000   3531.047    406.89001
4    130.000   3534.113    125.000   3534.914    205.000   3531.047    210.000   3531.996    694.47998
4    125.000   3534.914    130.000   3534.113    205.000   3531.047    210.000   3531.996    692.72998
4    130.000   3534.113    135.000   3532.749    210.000   3531.996    215.000   3531.006    886.15997
4    135.000   3532.749    130.000   3534.113    210.000   3531.996    215.000   3531.006    884.76001
4    135.000   3532.749    140.000   3533.766    215.000   3531.006    220.000   3530.621    530.81000
4    140.000   3533.766    135.000   3532.749    215.000   3531.006    220.000   3530.621    529.77002
4    145.000   3533.086    140.000   3533.766    220.000   3530.621    225.000   3530.616    517.27002
4    140.000   3533.766    145.000   3533.086    220.000   3530.621    225.000   3530.616    516.59003
4    150.000   3532.774    145.000   3533.086    225.000   3530.616    230.000   3529.883    524.10999
4    145.000   3533.086    150.000   3532.774    225.000   3530.616    230.000   3529.883    526.20001
4    155.000   3532.336    150.000   3532.774    230.000   3529.883    235.000   3529.435    603.58002
4    150.000   3532.774    155.000   3532.336    230.000   3529.883    235.000   3529.435    603.06000
4    155.000   3532.336    160.000   3531.841    235.000   3529.435    240.000   3529.129    593.40002
4    160.000   3531.841    165.000   3531.676    240.000   3529.129    245.000   3529.688    557.25000
4    165.000   3531.676    170.000   3531.827    245.000   3529.688    250.000   3530.310    579.72998
4    170.000   3531.827    175.000   3531.568    250.000   3530.310    255.000   3530.336    487.89999
4    175.000   3531.568    180.000   3531.403    255.000   3530.336    260.000   3530.283    582.29999
4    180.000   3531.403    185.000   3531.192    260.000   3530.283    265.000   3530.628    643.12000
4    185.000   3531.192    190.000   3531.906    265.000   3530.628    270.000   3530.340    919.46997
4    190.000   3531.906    195.000   3531.375    270.000   3530.340    275.000   3529.132    474.38000
4    195.000   3531.375    200.000   3531.340    275.000   3529.132    280.000   3528.217    541.71997
4    205.000   3531.047    210.000   3531.996    285.000   3527.264    290.000   3527.672    740.58002
4    210.000   3531.996    215.000   3531.006    290.000   3527.672    295.000   3529.983    843.78998
4    215.000   3531.006    220.000   3530.621    295.000   3529.983    300.000   3531.271    432.45001
4    220.000   3530.621    225.000   3530.616    300.000   3531.271    305.000   3531.428    374.51001
4    225.000   3530.616    230.000   3529.883    305.000   3531.428    310.000   3531.441    341.97000
4    230.000   3529.883    235.000   3529.435    310.000   3531.441    315.000   3530.702    469.48001
4    245.000   3529.688    250.000   3530.310    325.000   3529.592    330.000   3529.857    396.60001
4    250.000   3530.310    255.000   3530.336    330.000   3529.857    335.000   3529.834    351.57001
4    255.000   3530.336    260.000   3530.283    335.000   3529.834    340.000   3529.214    454.32999
4    260.000   3530.283    265.000   3530.628    340.000   3529.214    345.000   3529.238    655.13000
4    275.000   3529.132    280.000   3528.217    355.000   3530.493    360.000   3529.237    270.34000
4    280.000   3528.217    285.000   3527.264    360.000   3529.237    365.000   3528.668    341.01999
4    285.000   3527.264    290.000   3527.672    365.000   3528.668    370.000   3528.795    528.88000
4    290.000   3527.672    295.000   3529.983    370.000   3528.795    375.000   3528.793    898.48999
4    300.000   3531.271    305.000   3531.428    380.000   3528.198    385.000   3528.404    565.90002
4    305.000   3531.428    310.000   3531.441    385.000   3528.404    390.000   3528.534    490.67001
4    320.000   3529.981    325.000   3529.592    400.000   3527.942    405.000   3528.261    331.45999
4    325.000   3529.592    330.000   3529.857    405.000   3528.261    410.000   3528.820    307.82999
4    330.000   3529.857    335.000   3529.834    410.000   3528.820    415.000   3528.086    260.16000
4    335.000   3529.834    340.000   3529.214    415.000   3528.086    420.000   3528.102    183.67999
4    340.000   3529.214    345.000   3529.238    420.000   3528.102    425.000   3527.629    270.32999
4    345.000   3529.238    350.000   3529.773    425.000   3527.629    430.000   3528.047    160.80000
4    350.000   3529.773    355.000   3530.493    430.000   3528.047    435.000   3527.743    159.34000
4    355.000   3530.493    360.000   3529.237    435.000   3527.743    440.000   3527.326    224.42999
4    360.000   3529.237    365.000   3528.668    440.000   3527.326    445.000   3527.956    320.76999
4    365.000   3528.668    370.000   3528.795    445.000   3527.956    450.000   3527.941    446.79999
4    370.000   3528.795    375.000   3528.793    450.000   3527.941    455.000   3528.823    635.03003
4    375.000   3528.793    380.000   3528.198    455.000   3528.823    460.000   3528.951    896.54999
4    380.000   3528.198    385.000   3528.404    460.000   3528.951    465.000   3528.468   1061.30005
4    385.000   3528.404    390.000   3528.534    465.000   3528.468    470.000   3528.471    662.54999
4    390.000   3528.534    395.000   3528.117    470.000   3528.471    475.000   3528.141    589.42999
4    395.000   3528.117    400.000   3527.942    475.000   3528.141    480.000   3527.527    280.69000
4    400.000   3527.942    405.000   3528.261    480.000   3527.527    485.000   3527.177    479.73999
4    405.000   3528.261    410.000   3528.820    485.000   3527.177    490.000   3527.388    602.52002
4    410.000   3528.820    415.000   3528.086    490.000   3527.388    495.000   3526.652    326.44000
4    415.000   3528.086    420.000   3528.102    495.000   3526.652    500.000   3527.534    180.88000
4    420.000   3528.102    425.000   3527.629    500.000   3527.534    505.000   3527.118    444.87000
4    425.000   3527.629    430.000   3528.047    505.000   3527.118    510.000   3527.157    361.23001
4    430.000   3528.047    435.000   3527.743    510.000   3527.157    515.000   3525.908    467.98999
4    435.000   3527.743    440.000   3527.326    515.000   3525.908    520.000   3526.905    397.29999
4    440.000   3527.326    445.000   3527.956    520.000   3526.905    525.000   3526.745    459.03000
4    445.000   3527.956    450.000   3527.941    525.000   3526.745    530.000   3526.591    655.95001
4    450.000   3527.941    455.000   3528.823    530.000   3526.591    535.000   3527.357    736.27002
4    455.000   3528.823    460.000   3528.951    535.000   3527.357    540.000   3526.634   1100.59998
4    460.000   3528.951    465.000   3528.468    540.000   3526.634    545.000   3525.510   1396.00000
4    465.000   3528.468    470.000   3528.471    545.000   3525.510    550.000   3526.853   1054.19995
4    470.000   3528.471    475.000   3528.141    550.000   3526.853    555.000   3526.048    715.27002
4    475.000   3528.141    480.000   3527.527    555.000   3526.048    560.000   3526.487    352.35999
4    480.000   3527.527    485.000   3527.177    560.000   3526.487    565.000   3527.398   1006.59998
4    485.000   3527.177    490.000   3527.388    565.000   3527.398    570.000   3526.960    848.62000
4    490.000   3527.388    495.000   3526.652    570.000   3526.960    575.000   3526.592    364.51999
4    495.000   3526.652    500.000   3527.534    575.000   3526.592    580.000   3527.394    343.17999
4    500.000   3527.534    505.000   3527.118    580.000   3527.394    585.000   3526.593    266.67001
4    505.000   3527.118    510.000   3527.157    585.000   3526.593    590.000   3527.791    174.50999
4    510.000   3527.157    515.000   3525.908    590.000   3527.791    595.000   3527.384    304.28000
4    515.000   3525.908    520.000   3526.905    595.000   3527.384    600.000   3529.998    259.70001
4    520.000   3526.905    525.000   3526.745    600.000   3529.998    605.000   3529.582    363.01001
4    525.000   3526.745    530.000   3526.591    605.000   3529.582    610.000   3528.825    456.32999
4    530.000   3526.591    535.000   3527.357    610.000   3528.825    615.000   3528.415    458.20001
4    535.000   3527.357    540.000   3526.634    615.000   3528.415    620.000   3528.510    447.14999
4    540.000   3526.634    545.000   3525.510    620.000   3528.510    625.000   3527.819    479.92001
4    545.000   3525.510    550.000   3526.853    625.000   3527.819    630.000   3528.454    564.04999
4    550.000   3526.853    555.000   3526.048    630.000   3528.454    635.000   3528.886    608.56000
4    555.000   3526.048    560.000   3526.487    635.000   3528.886    640.000   3527.488    413.42999
4    560.000   3526.487    565.000   3527.398    640.000   3527.488    645.000   3527.672    508.59000
4    565.000   3527.398    570.000   3526.960    645.000   3527.672    650.000   3528.200    283.10001
4    570.000   3526.960    575.000   3526.592    650.000   3528.200    655.000   3529.473    159.05000
4    575.000   3526.592    580.000   3527.394    655.000   3529.473    660.000   3529.993    184.95000
4    580.000   3527.394    585.000   3526.593    660.000   3529.993    665.000   3530.034    168.14000
4    585.000   3526.593    590.000   3527.791    665.000   3530.034    670.000   3530.643    134.97000
4    590.000   3527.791    595.000   3527.384    670.000   3530.643    675.000   3527.818    264.89999
4    595.000   3527.384    600.000   3529.998    675.000   3527.818    680.000   3526.413    452.79001
4    600.000   3529.998    605.000   3529.582    680.000   3526.413    685.000   3526.269    817.23999
4    605.000   3529.582    610.000   3528.825    685.000   3526.269    690.000   3526.612    854.52002
4    610.000   3528.825    615.000   3528.415    690.000   3526.612    695.000   3526.329    748.26001
4    615.000   3528.415    620.000   3528.510    695.000   3526.329    700.000   3526.876    453.20001
4    620.000   3528.510    625.000   3527.819    700.000   3526.876    705.000   3524.158    928.45001
4    625.000   3527.819    630.000   3528.454    705.000   3524.158    710.000   3524.108    586.07001
4    630.000   3528.454    635.000   3528.886    710.000   3524.108    715.000   3526.427    938.01001
4    635.000   3528.886    640.000   3527.488    715.000   3526.427    720.000   3525.501   1152.09998
4    640.000   3527.488    645.000   3527.672    720.000   3525.501    725.000   3525.778    792.32001
4    645.000   3527.672    650.000   3528.200    725.000   3525.778    730.000   3525.740    521.33002
4    650.000   3528.200    655.000   3529.473    730.000   3525.740    735.000   3524.771    288.48001
4    655.000   3529.473    660.000   3529.993    735.000   3524.771    740.000   3524.128    326.41000
4    660.000   3529.993    665.000   3530.034    740.000   3524.128    745.000   3522.933    496.03000
4    665.000   3530.034    670.000   3530.643    745.000   3522.933    750.000   3522.061    392.98999
4    670.000   3530.643    675.000   3527.818    750.000   3522.061    755.000   3521.187    469.92999
4    675.000   3527.818    680.000   3526.413    755.000   3521.187    760.000   3520.309    759.95001
4    680.000   3526.413    685.000   3526.269    760.000   3520.309    765.000   3520.193    923.90997
4    685.000   3526.269    690.000   3526.612    765.000   3520.193    770.000   3520.998    764.52002
4    690.000   3526.612    695.000   3526.329    770.000   3520.998    775.000   3518.842    633.13000
4    695.000   3526.329    700.000   3526.876    775.000   3518.842    780.000   3516.981    522.60999
4    700.000   3526.876    705.000   3524.158    780.000   3516.981    785.000   3516.559   1137.30005
4    705.000   3524.158    710.000   3524.108    785.000   3516.559    790.000   3518.217   1035.90002
4    710.000   3524.108    715.000   3526.427    790.000   3518.217    795.000   3519.814   1057.30005
4    715.000   3526.427    720.000   3525.501    795.000   3519.814    800.000   3517.544    780.67999
4    720.000   3525.501    725.000   3525.778    800.000   3517.544    805.000   3518.710    488.26999
4    725.000   3525.778    730.000   3525.740    805.000   3518.710    810.000   3518.812    498.79001
4    730.000   3525.740    735.000   3524.771    810.000   3518.812    815.000   3518.638    374.67999
4    735.000   3524.771    740.000   3524.128    815.000   3518.638    820.000   3517.048    496.13000
4    740.000   3524.128    745.000   3522.933    820.000   3517.048    825.000   3517.013    461.89001
4    745.000   3522.933    750.000   3522.061    825.000   3517.013    830.000   3517.136    468.03000
4    750.000   3522.061    755.000   3521.187    830.000   3517.136    835.000   3516.854    494.62000
4      5.000   3536.266      0.000   3536.244     85.000   3536.619     90.000   3535.969    358.95001
4     10.000   3536.478      5.000   3536.266     90.000   3535.969     95.000   3536.352    392.06000
4     15.000   3536.152     10.000   3536.478     95.000   3536.352    100.000   3535.908    305.35001
4     20.000   3535.809     15.000   3536.152    100.000   3535.908    105.000   3535.457    311.50000
4     25.000   3536.244     20.000   3535.809    105.000   3535.457    110.000   3534.277    427.07999
4     30.000   3535.974     25.000   3536.244    110.000   3534.277    115.000   3534.712    262.29001
4     35.000   3535.861     30.000   3535.974    115.000   3534.712    120.000   3535.212    480.19000
4     40.000   3535.916     35.000   3535.861    120.000   3535.212    125.000   3534.914    455.88000
4     45.000   3536.297     40.000   3535.916    125.000   3534.914    130.000   3534.113    483.47000
4     50.000   3536.002     45.000   3536.297    130.000   3534.113    135.000   3532.749    642.69000
4     55.000   3536.658     50.000   3536.002    135.000   3532.749    140.000   3533.766    949.81000
4     60.000   3536.894     55.000   3536.658    140.000   3533.766    145.000   3533.086    919.85999
4     65.000   3537.003     60.000   3536.894    145.000   3533.086    150.000   3532.774    519.90002
4     70.000   3536.123     65.000   3537.003    150.000   3532.774    155.000   3532.336    521.50000
4     75.000   3536.578     70.000   3536.123    155.000   3532.336    160.000   3531.841   1222.80005
4     80.000   3537.228     75.000   3536.578    160.000   3531.841    165.000   3531.676    967.60999
4     85.000   3536.619     80.000   3537.228    165.000   3531.676    170.000   3531.827    752.63000
4     90.000   3535.969     85.000   3536.619    170.000   3531.827    175.000   3531.568    791.34998
4     95.000   3536.352     90.000   3535.969    175.000   3531.568    180.000   3531.403    795.51001
4    105.000   3535.457    100.000   3535.908    185.000   3531.192    190.000   3531.906    337.01999
4    110.000   3534.277    105.000   3535.457    190.000   3531.906    195.000   3531.375    513.32001
4    115.000   3534.712    110.000   3534.277    195.000   3531.375    200.000   3531.340    464.34000
4    120.000   3535.212    115.000   3534.712    200.000   3531.340    205.000   3531.047    495.76001
4    125.000   3534.914    120.000   3535.212    205.000   3531.047    210.000   3531.996    671.81000
4    120.000   3535.212    125.000   3534.914    205.000   3531.047    210.000   3531.996    671.72998
4    130.000   3534.113    125.000   3534.914    210.000   3531.996    215.000   3531.006    960.29999
4    125.000   3534.914    130.000   3534.113    210.000   3531.996    215.000   3531.006    957.03003
4    135.000   3532.749    130.000   3534.113    215.000   3531.006    220.000   3530.621    580.98999
4    130.000   3534.113    135.000   3532.749    215.000   3531.006    220.000   3530.621    583.41998
4    140.000   3533.766    135.000   3532.749    220.000   3530.621    225.000   3530.616    543.79999
4    135.000   3532.749    140.000   3533.766    220.000   3530.621    225.000   3530.616    544.10999
4    145.000   3533.086    140.000   3533.766    225.000   3530.616    230.000   3529.883    524.58002
4    140.000   3533.766    145.000   3533.086    225.000   3530.616    230.000   3529.883    520.76001
4    150.000   3532.774    145.000   3533.086    230.000   3529.883    235.000   3529.435    651.97998
4    145.000   3533.086    150.000   3532.774    230.000   3529.883    235.000   3529.435    650.10999
4    150.000   3532.774    155.000   3532.336    235.000   3529.435    240.000   3529.129    529.65002
4    155.000   3532.336    160.000   3531.841    240.000   3529.129    245.000   3529.688    669.77002
4    160.000   3531.841    165.000   3531.676    245.000   3529.688    250.000   3530.310    570.03998
4    165.000   3531.676    170.000   3531.827    250.000   3530.310    255.000   3530.336    491.12000
4    170.000   3531.827    175.000   3531.568    255.000   3530.336    260.000   3530.283    602.03003
4    175.000   3531.568    180.000   3531.403    260.000   3530.283    265.000   3530.628    684.84998
4    180.000   3531.403    185.000   3531.192    265.000   3530.628    270.000   3530.340    895.47998
4    185.000   3531.192    190.000   3531.906    270.000   3530.340    275.000   3529.132    641.46002
4    190.000   3531.906    195.000   3531.375    275.000   3529.132    280.000   3528.217    447.07999
4    200.000   3531.340    205.000   3531.047    285.000   3527.264    290.000   3527.672    394.60001
4    205.000   3531.047    210.000   3531.996    290.000   3527.672    295.000   3529.983    718.59003
4    210.000   3531.996    215.000   3531.006    295.000   3529.983    300.000   3531.271    763.19000
4    215.000   3531.006    220.000   3530.621    300.000   3531.271    305.000   3531.428    407.29999
4    220.000   3530.621    225.000   3530.616    305.000   3531.428    310.000   3531.441    379.01001
4    225.000   3530.616    230.000   3529.883    310.000   3531.441    315.000   3530.702    418.41000
4    230.000   3529.883    235.000   3529.435    315.000   3530.702    320.000   3529.981    246.75999
4    235.000   3529.435    240.000   3529.129    320.000   3529.981    325.000   3529.592    214.35001
4    245.000   3529.688    250.000   3530.310    330.000   3529.857    335.000   3529.834    407.17001
4    250.000   3530.310    255.000   3530.336    335.000   3529.834    340.000   3529.214    412.51001
4    255.000   3530.336    260.000   3530.283    340.000   3529.214    345.000   3529.238    587.34998
4    270.000   3530.340    275.000   3529.132    355.000   3530.493    360.000   3529.237    282.35001
4    280.000   3528.217    285.000   3527.264    365.000   3528.668    370.000   3528.795    420.01001
4    285.000   3527.264    290.000   3527.672    370.000   3528.795    375.000   3528.793    769.82001
4    290.000   3527.672    295.000   3529.983    375.000   3528.793    380.000   3528.198    887.01001
4    300.000   3531.271    305.000   3531.428    385.000   3528.404    390.000   3528.534    577.90002
4    305.000   3531.428    310.000   3531.441    390.000   3528.534    395.000   3528.117    727.40002
4    320.000   3529.981    325.000   3529.592    405.000   3528.261    410.000   3528.820    364.95001
4    325.000   3529.592    330.000   3529.857    410.000   3528.820    415.000   3528.086    269.76999
4    330.000   3529.857    335.000   3529.834    415.000   3528.086    420.000   3528.102    174.95000
4    335.000   3529.834    340.000   3529.214    420.000   3528.102    425.000   3527.629    253.14999
4    340.000   3529.214    345.000   3529.238    425.000   3527.629    430.000   3528.047    260.97000
4    345.000   3529.238    350.000   3529.773    430.000   3528.047    435.000   3527.743    166.64000
4    350.000   3529.773    355.000   3530.493    435.000   3527.743    440.000   3527.326    162.20000
4    355.000   3530.493    360.000   3529.237    440.000   3527.326    445.000   3527.956    248.83000
4    360.000   3529.237    365.000   3528.668    445.000   3527.956    450.000   3527.941    422.38000
4    365.000   3528.668    370.000   3528.795    450.000   3527.941    455.000   3528.823    523.15997
4    370.000   3528.795    375.000   3528.793    455.000   3528.823    460.000   3528.951   1030.40002
4    375.000   3528.793    380.000   3528.198    460.000   3528.951    465.000   3528.468   1232.30005
4    380.000   3528.198    385.000   3528.404    465.000   3528.468    470.000   3528.471    803.71002
4    385.000   3528.404    390.000   3528.534    470.000   3528.471    475.000   3528.141    499.84000
4    390.000   3528.534    395.000   3528.117    475.000   3528.141    480.000   3527.527    446.39999
4    395.000   3528.117    400.000   3527.942    480.000   3527.527    485.000   3527.177    663.04999
4    400.000   3527.942    405.000   3528.261    485.000   3527.177    490.000   3527.388    616.69000
4    405.000   3528.261    410.000   3528.820    490.000   3527.388    495.000   3526.652    422.82999
4    410.000   3528.820    415.000   3528.086    495.000   3526.652    500.000   3527.534    261.57999
4    415.000   3528.086    420.000   3528.102    500.000   3527.534    505.000   3527.118    317.54999
4    420.000   3528.102    425.000   3527.629    505.000   3527.118    510.000   3527.157    388.39999
4    425.000   3527.629    430.000   3528.047    510.000   3527.157    515.000   3525.908    400.60999
4    430.000   3528.047    435.000   3527.743    515.000   3525.908    520.000   3526.905    432.67001
4    435.000   3527.743    440.000   3527.326    520.000   3526.905    525.000   3526.745    441.10999
4    440.000   3527.326    445.000   3527.956    525.000   3526.745    530.000   3526.591    536.44000
4    445.000   3527.956    450.000   3527.941    530.000   3526.591    535.000   3527.357    623.71002
4    450.000   3527.941    455.000   3528.823    535.000   3527.357    540.000   3526.634    772.51001
4    455.000   3528.823    460.000   3528.951    540.000   3526.634    545.000   3525.510   1166.90002
4    460.000   3528.951    465.000   3528.468    545.000   3525.510    550.000   3526.853   1680.69995
4    465.000   3528.468    470.000   3528.471    550.000   3526.853    555.000   3526.048   1099.19995
4    470.000   3528.471    475.000   3528.141    555.000   3526.048    560.000   3526.487    517.62000
4    475.000   3528.141    480.000   3527.527    560.000   3526.487    565.000   3527.398    476.92999
4    480.000   3527.527    485.000   3527.177    565.000   3527.398    570.000   3526.960    762.84998
4    485.000   3527.177    490.000   3527.388    570.000   3526.960    575.000   3526.592    618.84998
4    490.000   3527.388    495.000   3526.652    575.000   3526.592    580.000   3527.394    471.59000
4    495.000   3526.652    500.000   3527.534    580.000   3527.394    585.000   3526.593    161.37000
4    500.000   3527.534    505.000   3527.118    585.000   3526.593    590.000   3527.791    227.73000
4    505.000   3527.118    510.000   3527.157    590.000   3527.791    595.000   3527.384    313.87000
4    510.000   3527.157    515.000   3525.908    595.000   3527.384    600.000   3529.998    326.51001
4    515.000   3525.908    520.000   3526.905    600.000   3529.998    605.000   3529.582    385.04001
4    520.000   3526.905    525.000   3526.745    605.000   3529.582    610.000   3528.825    445.35001
4    525.000   3526.745    530.000   3526.591    610.000   3528.825    615.000   3528.415    543.66998
4    530.000   3526.591    535.000   3527.357    615.000   3528.415    620.000   3528.510    516.72998
4    535.000   3527.357    540.000   3526.634    620.000   3528.510    625.000   3527.819    543.72998
4    540.000   3526.634    545.000   3525.510    625.000   3527.819    630.000   3528.454    538.78998
4    545.000   3525.510    550.000   3526.853    630.000   3528.454    635.000   3528.886    672.52002
4    550.000   3526.853    555.000   3526.048    635.000   3528.886    640.000   3527.488    633.47998
4    555.000   3526.048    560.000   3526.487    640.000   3527.488    645.000   3527.672    409.50000
4    560.000   3526.487    565.000   3527.398    645.000   3527.672    650.000   3528.200    410.76001
4    565.000   3527.398    570.000   3526.960    650.000   3528.200    655.000   3529.473    203.75000
4    570.000   3526.960    575.000   3526.592    655.000   3529.473    660.000   3529.993    162.52000
4    575.000   3526.592    580.000   3527.394    660.000   3529.993    665.000   3530.034    347.67999
4    580.000   3527.394    585.000   3526.593    665.000   3530.034    670.000   3530.643    144.11000
4    585.000   3526.593    590.000   3527.791    670.000   3530.643    675.000   3527.818    120.32000
4    590.000   3527.791    595.000   3527.384    675.000   3527.818    680.000   3526.413    443.59000
4    595.000   3527.384    600.000   3529.998    680.000   3526.413    685.000   3526.269    623.59998
4    600.000   3529.998    605.000   3529.582    685.000   3526.269    690.000   3526.612    807.41998
4    605.000   3529.582    610.000   3528.825    690.000   3526.612    695.000   3526.329    725.98999
4    610.000   3528.825    615.000   3528.415    695.000   3526.329    700.000   3526.876    467.39999
4    615.000   3528.415    620.000   3528.510    700.000   3526.876    705.000   3524.158    869.84998
4    620.000   3528.510    625.000   3527.819    705.000   3524.158    710.000   3524.108    629.96002
4    625.000   3527.819    630.000   3528.454    710.000   3524.108    715.000   3526.427    907.77002
4    630.000   3528.454    635.000   3528.886    715.000   3526.427    720.000   3525.501   1278.69995
4    635.000   3528.886    640.000   3527.488    720.000   3525.501    725.000   3525.778    964.46997
4    640.000   3527.488    645.000   3527.672    725.000   3525.778    730.000   3525.740    727.69000
4    645.000   3527.672    650.000   3528.200    730.000   3525.740    735.000   3524.771    446.88000
4    650.000   3528.200    655.000   3529.473    735.000   3524.771    740.000   3524.128    339.72000
4    655.000   3529.473    660.000   3529.993    740.000   3524.128    745.000   3522.933    266.42001
4    660.000   3529.993    665.000   3530.034    745.000   3522.933    750.000   3522.061    456.16000
4    665.000   3530.034    670.000   3530.643    750.000   3522.061    755.000   3521.187    512.51001
4    670.000   3530.643    675.000   3527.818    755.000   3521.187    760.000   3520.309    492.10999
4    675.000   3527.818    680.000   3526.413    760.000   3520.309    765.000   3520.193    731.45001
4    680.000   3526.413    685.000   3526.269    765.000   3520.193    770.000   3520.998    903.39001
4    685.000   3526.269    690.000   3526.612    770.000   3520.998    775.000   3518.842    844.71997
4    690.000   3526.612    695.000   3526.329    775.000   3518.842    780.000   3516.981    758.04999
4    695.000   3526.329    700.000   3526.876    780.000   3516.981    785.000   3516.559    590.39001
4    700.000   3526.876    705.000   3524.158    785.000   3516.559    790.000   3518.217   1725.90002
4    705.000   3524.158    710.000   3524.108    790.000   3518.217    795.000   3519.814    726.14001
4    710.000   3524.108    715.000   3526.427    795.000   3519.814    800.000   3517.544    672.90002
4    715.000   3526.427    720.000   3525.501    800.000   3517.544    805.000   3518.710    683.60999
4    720.000   3525.501    725.000   3525.778    805.000   3518.710    810.000   3518.812    607.76001
4    725.000   3525.778    730.000   3525.740    810.000   3518.812    815.000   3518.638    458.07999
4    730.000   3525.740    735.000   3524.771    815.000   3518.638    820.000   3517.048    465.85999
4    735.000   3524.771    740.000   3524.128    820.000   3517.048    825.000   3517.013    604.15997
4    740.000   3524.128    745.000   3522.933    825.000   3517.013    830.000   3517.136    521.00000
4    745.000   3522.933    750.000   3522.061    830.000   3517.136    835.000   3516.854    394.85001
4      5.000   3536.266      0.000   3536.244     90.000   3535.969     95.000   3536.352    414.04999
4     10.000   3536.478      5.000   3536.266     95.000   3536.352    100.000   3535.908    196.19000
4     15.000   3536.152     10.000   3536.478    100.000   3535.908    105.000   3535.457    290.85999
4     20.000   3535.809     15.000   3536.152    105.000   3535.457    110.000   3534.277    615.62000
4     25.000   3536.244     20.000   3535.809    110.000   3534.277    115.000   3534.712    307.62000
4     30.000   3535.974     25.000   3536.244    115.000   3534.712    120.000   3535.212    408.23999
4     35.000   3535.861     30.000   3535.974    120.000   3535.212    125.000   3534.914    431.39001
4     40.000   3535.916     35.000   3535.861    125.000   3534.914    130.000   3534.113    514.95001
4     45.000   3536.297     40.000   3535.916    130.000   3534.113    135.000   3532.749    473.63000
4     50.000   3536.002     45.000   3536.297    135.000   3532.749    140.000   3533.766    609.35999
4     55.000   3536.658     50.000   3536.002    140.000   3533.766    145.000   3533.086    980.98999
4     60.000   3536.894     55.000   3536.658    145.000   3533.086    150.000   3532.774    992.23999
4     65.000   3537.003     60.000   3536.894    150.000   3532.774    155.000   3532.336    515.78003
4     70.000   3536.123     65.000   3537.003    155.000   3532.336    160.000   3531.841    602.62000
4     75.000   3536.578     70.000   3536.123    160.000   3531.841    165.000   3531.676   1066.19995
4     80.000   3537.228     75.000   3536.578    165.000   3531.676    170.000   3531.827   1006.79999
4     85.000   3536.619     80.000   3537.228    170.000   3531.827    175.000   3531.568    739.64001
4     90.000   3535.969     85.000   3536.619    175.000   3531.568    180.000   3531.403    788.09003
4     95.000   3536.352     90.000   3535.969    180.000   3531.403    185.000   3531.192    785.38000
4    100.000   3535.908     95.000   3536.352    185.000   3531.192    190.000   3531.906    370.39999
4    105.000   3535.457    100.000   3535.908    190.000   3531.906    195.000   3531.375    257.67999
4    110.000   3534.277    105.000   3535.457    195.000   3531.375    200.000   3531.340    648.88000
4    115.000   3534.712    110.000   3534.277    200.000   3531.340    205.000   3531.047    325.87000
4    120.000   3535.212    115.000   3534.712    205.000   3531.047    210.000   3531.996    804.23999
4    125.000   3534.914    120.000   3535.212    210.000   3531.996    215.000   3531.006    931.72998
4    120.000   3535.212    125.000   3534.914    210.000   3531.996    215.000   3531.006    923.70001
4    130.000   3534.113    125.000   3534.914    215.000   3531.006    220.000   3530.621    629.78998
4    125.000   3534.914    130.000   3534.113    215.000   3531.006    220.000   3530.621    627.34003
4    135.000   3532.749    130.000   3534.113    220.000   3530.621    225.000   3530.616    594.57001
4    130.000   3534.113    135.000   3532.749    220.000   3530.621    225.000   3530.616    592.88000
4    140.000   3533.766    135.000   3532.749    225.000   3530.616    230.000   3529.883    542.67999
4    135.000   3532.749    140.000   3533.766    225.000   3530.616    230.000   3529.883    544.09003
4    145.000   3533.086    140.000   3533.766    230.000   3529.883    235.000   3529.435    622.56000
4    140.000   3533.766    145.000   3533.086    230.000   3529.883    235.000   3529.435    626.00000
4    145.000   3533.086    150.000   3532.774    235.000   3529.435    240.000   3529.129    550.52002
4    150.000   3532.774    155.000   3532.336    240.000   3529.129    245.000   3529.688    609.70001
4    155.000   3532.336    160.000   3531.841    245.000   3529.688    250.000   3530.310    685.34998
4    160.000   3531.841    165.000   3531.676    250.000   3530.310    255.000   3530.336    474.34000
4    165.000   3531.676    170.000   3531.827    255.000   3530.336    260.000   3530.283    611.21002
4    170.000   3531.827    175.000   3531.568    260.000   3530.283    265.000   3530.628    707.50000
4    175.000   3531.568    180.000   3531.403    265.000   3530.628    270.000   3530.340    938.79999
4    180.000   3531.403    185.000   3531.192    270.000   3530.340    275.000   3529.132    619.88000
4    185.000   3531.192    190.000   3531.906    275.000   3529.132    280.000   3528.217    609.27002
4    195.000   3531.375    200.000   3531.340    285.000   3527.264    290.000   3527.672    588.22998
4    200.000   3531.340    205.000   3531.047    290.000   3527.672    295.000   3529.983    379.32999
4    205.000   3531.047    210.000   3531.996    295.000   3529.983    300.000   3531.271    652.44000
4    210.000   3531.996    215.000   3531.006    300.000   3531.271    305.000   3531.428    718.94000
4    215.000   3531.006    220.000   3530.621    305.000   3531.428    310.000   3531.441    411.51999
4    220.000   3530.621    225.000   3530.616    310.000   3531.441    315.000   3530.702    462.67999
4    225.000   3530.616    230.000   3529.883    315.000   3530.702    320.000   3529.981    225.19000
4    230.000   3529.883    235.000   3529.435    320.000   3529.981    325.000   3529.592    273.64001
4    245.000   3529.688    250.000   3530.310    335.000   3529.834    340.000   3529.214    495.29999
4    250.000   3530.310    255.000   3530.336    340.000   3529.214    345.000   3529.238    525.84003
4    265.000   3530.628    270.000   3530.340    355.000   3530.493    360.000   3529.237    371.14001
4    270.000   3530.340    275.000   3529.132    360.000   3529.237    365.000   3528.668    426.20001
4    280.000   3528.217    285.000   3527.264    370.000   3528.795    375.000   3528.793    596.88000
4    285.000   3527.264    290.000   3527.672    375.000   3528.793    380.000   3528.198    759.23999
4    290.000   3527.672    295.000   3529.983    380.000   3528.198    385.000   3528.404    808.03003
4    300.000   3531.271    305.000   3531.428    390.000   3528.534    395.000   3528.117    844.71002
4    305.000   3531.428    310.000   3531.441    395.000   3528.117    400.000   3527.942    521.89001
4    325.000   3529.592    330.000   3529.857    415.000   3528.086    420.000   3528.102    178.91000
4    330.000   3529.857    335.000   3529.834    420.000   3528.102    425.000   3527.629    239.67000
4    335.000   3529.834    340.000   3529.214    425.000   3527.629    430.000   3528.047    248.96001
4    340.000   3529.214    345.000   3529.238    430.000   3528.047    435.000   3527.743    301.01001
4    345.000   3529.238    350.000   3529.773    435.000   3527.743    440.000   3527.326    197.53000
4    350.000   3529.773    355.000   3530.493    440.000   3527.326    445.000   3527.956    185.07001
4    355.000   3530.493    360.000   3529.237    445.000   3527.956    450.000   3527.941    322.82001
4    360.000   3529.237    365.000   3528.668    450.000   3527.941    455.000   3528.823    497.60999
4    365.000   3528.668    370.000   3528.795    455.000   3528.823    460.000   3528.951    893.34998
4    370.000   3528.795    375.000   3528.793    460.000   3528.951    465.000   3528.468   1430.19995
4    375.000   3528.793    380.000   3528.198    465.000   3528.468    470.000   3528.471    913.38000
4    380.000   3528.198    385.000   3528.404    470.000   3528.471    475.000   3528.141    552.71997
4    385.000   3528.404    390.000   3528.534    475.000   3528.141    480.000   3527.527    383.03000
4    390.000   3528.534    395.000   3528.117    480.000   3527.527    485.000   3527.177   1075.90002
4    395.000   3528.117    400.000   3527.942    485.000   3527.177    490.000   3527.388    857.39001
4    400.000   3527.942    405.000   3528.261    490.000   3527.388    495.000   3526.652    416.92999
4    405.000   3528.261    410.000   3528.820    495.000   3526.652    500.000   3527.534    341.79001
4    410.000   3528.820    415.000   3528.086    500.000   3527.534    505.000   3527.118    473.69000
4    415.000   3528.086    420.000   3528.102    505.000   3527.118    510.000   3527.157    274.23001
4    420.000   3528.102    425.000   3527.629    510.000   3527.157    515.000   3525.908    442.73001
4    425.000   3527.629    430.000   3528.047    515.000   3525.908    520.000   3526.905    373.79999
4    430.000   3528.047    435.000   3527.743    520.000   3526.905    525.000   3526.745    482.85999
4    435.000   3527.743    440.000   3527.326    525.000   3526.745    530.000   3526.591    508.70999
4    440.000   3527.326    445.000   3527.956    530.000   3526.591    535.000   3527.357    519.00000
4    445.000   3527.956    450.000   3527.941    535.000   3527.357    540.000   3526.634    662.10999
4    450.000   3527.941    455.000   3528.823    540.000   3526.634    545.000   3525.510    823.96002
4    455.000   3528.823    460.000   3528.951    545.000   3525.510    550.000   3526.853   1408.40002
4    460.000   3528.951    465.000   3528.468    550.000   3526.853    555.000   3526.048   1745.19995
4    465.000   3528.468    470.000   3528.471    555.000   3526.048    560.000   3526.487    793.84003
4    470.000   3528.471    475.000   3528.141    560.000   3526.487    565.000   3527.398    683.84998
4    475.000   3528.141    480.000   3527.527    565.000   3527.398    570.000   3526.960    366.29001
4    480.000   3527.527    485.000   3527.177    570.000   3526.960    575.000   3526.592    553.82001
4    485.000   3527.177    490.000   3527.388    575.000   3526.592    580.000   3527.394    792.42999
4    490.000   3527.388    495.000   3526.652    580.000   3527.394    585.000   3526.593    214.08000
4    495.000   3526.652    500.000   3527.534    585.000   3526.593    590.000   3527.791    135.82001
4    500.000   3527.534    505.000   3527.118    590.000   3527.791    595.000   3527.384    403.51999
4    505.000   3527.118    510.000   3527.157    595.000   3527.384    600.000   3529.998    340.97000
4    510.000   3527.157    515.000   3525.908    600.000   3529.998    605.000   3529.582    485.54999
4    515.000   3525.908    520.000   3526.905    605.000   3529.582    610.000   3528.825    470.75000
4    520.000   3526.905    525.000   3526.745    610.000   3528.825    615.000   3528.415    530.22998
4    525.000   3526.745    530.000   3526.591    615.000   3528.415    620.000   3528.510    617.53003
4    530.000   3526.591    535.000   3527.357    620.000   3528.510    625.000   3527.819    630.40997
4    535.000   3527.357    540.000   3526.634    625.000   3527.819    630.000   3528.454    608.20001
4    540.000   3526.634    545.000   3525.510    630.000   3528.454    635.000   3528.886    640.58002
4    545.000   3525.510    550.000   3526.853    635.000   3528.886    640.000   3527.488    685.57001
4    550.000   3526.853    555.000   3526.048    640.000   3527.488    645.000   3527.672    594.15997
4    555.000   3526.048    560.000   3526.487    645.000   3527.672    650.000   3528.200    332.20001
4    560.000   3526.487    565.000   3527.398    650.000   3528.200    655.000   3529.473    295.95001
4    565.000   3527.398    570.000   3526.960    655.000   3529.473    660.000   3529.993    208.80000
4    570.000   3526.960    575.000   3526.592    660.000   3529.993    665.000   3530.034    299.76999
4    575.000   3526.592    580.000   3527.394    665.000   3530.034    670.000   3530.643    296.59000
4    580.000   3527.394    585.000   3526.593    670.000   3530.643    675.000   3527.818    124.53000
4    585.000   3526.593    590.000   3527.791    675.000   3527.818    680.000   3526.413    202.73000
4    590.000   3527.791    595.000   3527.384    680.000   3526.413    685.000   3526.269    606.29999
4    595.000   3527.384    600.000   3529.998    685.000   3526.269    690.000   3526.612    596.15002
4    600.000   3529.998    605.000   3529.582    690.000   3526.612    695.000   3526.329    679.03003
4    605.000   3529.582    610.000   3528.825    695.000   3526.329    700.000   3526.876    444.67001
4    610.000   3528.825    615.000   3528.415    700.000   3526.876    705.000   3524.158    908.33002
4    615.000   3528.415    620.000   3528.510    705.000   3524.158    710.000   3524.108    589.88000
4    620.000   3528.510    625.000   3527.819    710.000   3524.108    715.000   3526.427    941.84998
4    625.000   3527.819    630.000   3528.454    715.000   3526.427    720.000   3525.501   1246.90002
4    630.000   3528.454    635.000   3528.886    720.000   3525.501    725.000   3525.778   1092.59998
4    635.000   3528.886    640.000   3527.488    725.000   3525.778    730.000   3525.740    888.46002
4    640.000   3527.488    645.000   3527.672    730.000   3525.740    735.000   3524.771    623.87000
4    645.000   3527.672    650.000   3528.200    735.000   3524.771    740.000   3524.128    523.94000
4    650.000   3528.200    655.000   3529.473    740.000   3524.128    745.000   3522.933    275.53000
4    655.000   3529.473    660.000   3529.993    745.000   3522.933    750.000   3522.061    240.48000
4    660.000   3529.993    665.000   3530.034    750.000   3522.061    755.000   3521.187    601.39001
4    665.000   3530.034    670.000   3530.643    755.000   3521.187    760.000   3520.309    540.14001
4    670.000   3530.643    675.000   3527.818    760.000   3520.309    765.000   3520.193    472.88000
4    675.000   3527.818    680.000   3526.413    765.000   3520.193    770.000   3520.998    713.71997
4    680.000   3526.413    685.000   3526.269    770.000   3520.998    775.000   3518.842   1003.00000
4    685.000   3526.269    690.000   3526.612    775.000   3518.842    780.000   3516.981   1007.20001
4    690.000   3526.612    695.000   3526.329    780.000   3516.981    785.000   3516.559    873.82001
4    695.000   3526.329    700.000   3526.876    785.000   3516.559    790.000   3518.217    874.45001
4    700.000   3526.876    705.000   3524.158    790.000   3518.217    795.000   3519.814   1208.30005
4    705.000   3524.158    710.000   3524.108    795.000   3519.814    800.000   3517.544    442.01999
4    710.000   3524.108    715.000   3526.427    800.000   3517.544    805.000   3518.710    574.04999
4    715.000   3526.427    720.000   3525.501    805.000   3518.710    810.000   3518.812    824.41998
4    720.000   3525.501    725.000   3525.778    810.000   3518.812    815.000   3518.638    549.59998
4    725.000   3525.778    730.000   3525.740    815.000   3518.638    820.000   3517.048    569.03003
4    730.000   3525.740    735.000   3524.771    820.000   3517.048    825.000   3517.013    566.45001
4    735.000   3524.771    740.000   3524.128    825.000   3517.013    830.000   3517.136    682.71002
4    740.000   3524.128    745.000   3522.933    830.000   3517.136    835.000   3516.854    439.79999
4      5.000   3536.266      0.000   3536.244     95.000   3536.352    100.000   3535.908    173.14000
4     10.000   3536.478      5.000   3536.266    100.000   3535.908    105.000   3535.457    195.30000
4     15.000   3536.152     10.000   3536.478    105.000   3535.457    110.000   3534.277    608.48999
4     20.000   3535.809     15.000   3536.152    110.000   3534.277    115.000   3534.712    455.87000
4     25.000   3536.244     20.000   3535.809    115.000   3534.712    120.000   3535.212    474.82001
4     30.000   3535.974     25.000   3536.244    120.000   3535.212    125.000   3534.914    367.57001
4     35.000   3535.861     30.000   3535.974    125.000   3534.914    130.000   3534.113    490.84000
4     40.000   3535.916     35.000   3535.861    130.000   3534.113    135.000   3532.749    507.75000
4     45.000   3536.297     40.000   3535.916    135.000   3532.749    140.000   3533.766    459.53000
4     50.000   3536.002     45.000   3536.297    140.000   3533.766    145.000   3533.086    618.37000
4     55.000   3536.658     50.000   3536.002    145.000   3533.086    150.000   3532.774   1068.19995
4     60.000   3536.894     55.000   3536.658    150.000   3532.774    155.000   3532.336    989.89001
4     65.000   3537.003     60.000   3536.894    155.000   3532.336    160.000   3531.841    595.84003
4     70.000   3536.123     65.000   3537.003    160.000   3531.841    165.000   3531.676    540.28998
4     75.000   3536.578     70.000   3536.123    165.000   3531.676    170.000   3531.827   1106.19995
4     80.000   3537.228     75.000   3536.578    170.000   3531.827    175.000   3531.568    984.63000
4     85.000   3536.619     80.000   3537.228    175.000   3531.568    180.000   3531.403    742.00000
4     90.000   3535.969     85.000   3536.619    180.000   3531.403    185.000   3531.192    818.75000
4     95.000   3536.352     90.000   3535.969    185.000   3531.192    190.000   3531.906    861.57001
4    100.000   3535.908     95.000   3536.352    190.000   3531.906    195.000   3531.375    279.42001
4    105.000   3535.457    100.000   3535.908    195.000   3531.375    200.000   3531.340    319.51001
4    110.000   3534.277    105.000   3535.457    200.000   3531.340    205.000   3531.047    465.42001
4    115.000   3534.712    110.000   3534.277    205.000   3531.047    210.000   3531.996    531.15997
4    120.000   3535.212    115.000   3534.712    210.000   3531.996    215.000   3531.006   1093.80005
4    125.000   3534.914    120.000   3535.212    215.000   3531.006    220.000   3530.621    604.10999
4    120.000   3535.212    125.000   3534.914    215.000   3531.006    220.000   3530.621    599.15002
4    125.000   3534.914    130.000   3534.113    220.000   3530.621    225.000   3530.616    638.15997
4    130.000   3534.113    125.000   3534.914    220.000   3530.621    225.000   3530.616    637.46002
4    135.000   3532.749    130.000   3534.113    225.000   3530.616    230.000   3529.883    581.73999
4    130.000   3534.113    135.000   3532.749    225.000   3530.616    230.000   3529.883    585.78003
4    140.000   3533.766    135.000   3532.749    230.000   3529.883    235.000   3529.435    665.41998
4    135.000   3532.749    140.000   3533.766    230.000   3529.883    235.000   3529.435    661.48999
4    140.000   3533.766    145.000   3533.086    235.000   3529.435    240.000   3529.129    565.84003
4    145.000   3533.086    150.000   3532.774    240.000   3529.129    245.000   3529.688    648.69000
4    150.000   3532.774    155.000   3532.336    245.000   3529.688    250.000   3530.310    624.03003
4    155.000   3532.336    160.000   3531.841    250.000   3530.310    255.000   3530.336    571.16998
4    160.000   3531.841    165.000   3531.676    255.000   3530.336    260.000   3530.283    595.33002
4    165.000   3531.676    170.000   3531.827    260.000   3530.283    265.000   3530.628    720.53998
4    170.000   3531.827    175.000   3531.568    265.000   3530.628    270.000   3530.340    959.01001
4    175.000   3531.568    180.000   3531.403    270.000   3530.340    275.000   3529.132    645.26001
4    180.000   3531.403    185.000   3531.192    275.000   3529.132    280.000   3528.217    578.96997
4    190.000   3531.906    195.000   3531.375    285.000   3527.264    290.000   3527.672    485.34000
4    195.000   3531.375    200.000   3531.340    290.000   3527.672    295.000   3529.983    571.84998
4    200.000   3531.340    205.000   3531.047    295.000   3529.983    300.000   3531.271    336.56000
4    205.000   3531.047    210.000   3531.996    300.000   3531.271    305.000   3531.428    616.39001
4    210.000   3531.996    215.000   3531.006    305.000   3531.428    310.000   3531.441    728.12000
4    215.000   3531.006    220.000   3530.621    310.000   3531.441    315.000   3530.702    500.29999
4    220.000   3530.621    225.000   3530.616    315.000   3530.702    320.000   3529.981    249.30000
4    225.000   3530.616    230.000   3529.883    320.000   3529.981    325.000   3529.592    241.97000
4    240.000   3529.129    245.000   3529.688    335.000   3529.834    340.000   3529.214    657.53003
4    245.000   3529.688    250.000   3530.310    340.000   3529.214    345.000   3529.238    655.12000
4    260.000   3530.283    265.000   3530.628    355.000   3530.493    360.000   3529.237    344.81000
4    265.000   3530.628    270.000   3530.340    360.000   3529.237    365.000   3528.668    524.96997
4    270.000   3530.340    275.000   3529.132    365.000   3528.668    370.000   3528.795    513.63000
4    280.000   3528.217    285.000   3527.264    375.000   3528.793    380.000   3528.198    584.97998
4    285.000   3527.264    290.000   3527.672    380.000   3528.198    385.000   3528.404    667.81000
4    290.000   3527.672    295.000   3529.983    385.000   3528.404    390.000   3528.534    774.62000
4    300.000   3531.271    305.000   3531.428    395.000   3528.117    400.000   3527.942    593.09003
4    305.000   3531.428    310.000   3531.441    400.000   3527.942    405.000   3528.261    379.51999
4    325.000   3529.592    330.000   3529.857    420.000   3528.102    425.000   3527.629    253.32001
4    330.000   3529.857    335.000   3529.834    425.000   3527.629    430.000   3528.047    241.67999
4    335.000   3529.834    340.000   3529.214    430.000   3528.047    435.000   3527.743    279.91000
4    340.000   3529.214    345.000   3529.238    435.000   3527.743    440.000   3527.326    312.10001
4    345.000   3529.238    350.000   3529.773    440.000   3527.326    445.000   3527.956    207.92000
4    350.000   3529.773    355.000   3530.493    445.000   3527.956    450.000   3527.941    233.42000
4    355.000   3530.493    360.000   3529.237    450.000   3527.941    455.000   3528.823    386.42001
4    360.000   3529.237    365.000   3528.668    455.000   3528.823    460.000   3528.951    821.07001
4    365.000   3528.668    370.000   3528.795    460.000   3528.951    465.000   3528.468   1178.59998
4    370.000   3528.795    375.000   3528.793    465.000   3528.468    470.000   3528.471   1049.19995
4    375.000   3528.793    380.000   3528.198    470.000   3528.471    475.000   3528.141    658.41998
4    380.000   3528.198    385.000   3528.404    475.000   3528.141    480.000   3527.527    414.88000
4    385.000   3528.404    390.000   3528.534    480.000   3527.527    485.000   3527.177    874.13000
4    390.000   3528.534    395.000   3528.117    485.000   3527.177    490.000   3527.388   1386.30005
4    395.000   3528.117    400.000   3527.942    490.000   3527.388    495.000   3526.652    570.67999
4    400.000   3527.942    405.000   3528.261    495.000   3526.652    500.000   3527.534    329.63000
4    405.000   3528.261    410.000   3528.820    500.000   3527.534    505.000   3527.118    592.27002
4    410.000   3528.820    415.000   3528.086    505.000   3527.118    510.000   3527.157    398.37000
4    415.000   3528.086    420.000   3528.102    510.000   3527.157    515.000   3525.908    310.29999
4    420.000   3528.102    425.000   3527.629    515.000   3525.908    520.000   3526.905    411.12000
4    425.000   3527.629    430.000   3528.047    520.000   3526.905    525.000   3526.745    411.39001
4    430.000   3528.047    435.000   3527.743    525.000   3526.745    530.000   3526.591    552.16998
4    435.000   3527.743    440.000   3527.326    530.000   3526.591    535.000   3527.357    484.09000
4    440.000   3527.326    445.000   3527.956    535.000   3527.357    540.000   3526.634    544.96997
4    445.000   3527.956    450.000   3527.941    540.000   3526.634    545.000   3525.510    694.90997
4    450.000   3527.941    455.000   3528.823    545.000   3525.510    550.000   3526.853    979.83002
4    455.000   3528.823    460.000   3528.951    550.000   3526.853    555.000   3526.048   1446.00000
4    460.000   3528.951    465.000   3528.468    555.000   3526.048    560.000   3526.487   1255.50000
4    465.000   3528.468    470.000   3528.471    560.000   3526.487    565.000   3527.398   1039.80005
4    470.000   3528.471    475.000   3528.141    565.000   3527.398    570.000   3526.960    510.14999
4    475.000   3528.141    480.000   3527.527    570.000   3526.960    575.000   3526.592    260.42001
4    480.000   3527.527    485.000   3527.177    575.000   3526.592    580.000   3527.394    696.92999
4    485.000   3527.177    490.000   3527.388    580.000   3527.394    585.000   3526.593    385.88000
4    490.000   3527.388    495.000   3526.652    585.000   3526.593    590.000   3527.791    174.75999
4    495.000   3526.652    500.000   3527.534    590.000   3527.791    595.000   3527.384    239.89000
4    500.000   3527.534    505.000   3527.118    595.000   3527.384    600.000   3529.998    429.59000
4    505.000   3527.118    510.000   3527.157    600.000   3529.998    605.000   3529.582    495.01001
4    510.000   3527.157    515.000   3525.908    605.000   3529.582    610.000   3528.825    592.48999
4    515.000   3525.908    520.000   3526.905    610.000   3528.825    615.000   3528.415    559.35999
4    520.000   3526.905    525.000   3526.745    615.000   3528.415    620.000   3528.510    604.39001
4    525.000   3526.745    530.000   3526.591    620.000   3528.510    625.000   3527.819    743.28998
4    530.000   3526.591    535.000   3527.357    625.000   3527.819    630.000   3528.454    708.58002
4    535.000   3527.357    540.000   3526.634    630.000   3528.454    635.000   3528.886    720.44000
4    540.000   3526.634    545.000   3525.510    635.000   3528.886    640.000   3527.488    647.78998
4    545.000   3525.510    550.000   3526.853    640.000   3527.488    645.000   3527.672    653.25000
4    550.000   3526.853    555.000   3526.048    645.000   3527.672    650.000   3528.200    473.38000
4    555.000   3526.048    560.000   3526.487    650.000   3528.200    655.000   3529.473    246.46001
4    560.000   3526.487    565.000   3527.398    655.000   3529.473    660.000   3529.993    293.64999
4    565.000   3527.398    570.000   3526.960    660.000   3529.993    665.000   3530.034    392.62000
4    570.000   3526.960    575.000   3526.592    665.000   3530.034    670.000   3530.643    257.35999
4    575.000   3526.592    580.000   3527.394    670.000   3530.643    675.000   3527.818    263.44000
4    580.000   3527.394    585.000   3526.593    675.000   3527.818    680.000   3526.413    214.70000
4    585.000   3526.593    590.000   3527.791    680.000   3526.413    685.000   3526.269    281.79001
4    590.000   3527.791    595.000   3527.384    685.000   3526.269    690.000   3526.612    580.40997
4    595.000   3527.384    600.000   3529.998    690.000   3526.612    695.000   3526.329    504.13000
4    600.000   3529.998    605.000   3529.582    695.000   3526.329    700.000   3526.876    421.62000
4    605.000   3529.582    610.000   3528.825    700.000   3526.876    705.000   3524.158    875.23999
4    610.000   3528.825    615.000   3528.415    705.000   3524.158    710.000   3524.108    596.20001
4    615.000   3528.415    620.000   3528.510    710.000   3524.108    715.000   3526.427    912.58002
4    620.000   3528.510    625.000   3527.819    715.000   3526.427    720.000   3525.501   1329.40002
4    625.000   3527.819    630.000   3528.454    720.000   3525.501    725.000   3525.778   1056.30005
4    630.000   3528.454    635.000   3528.886    725.000   3525.778    730.000   3525.740   1007.20001
4    635.000   3528.886    640.000   3527.488    730.000   3525.740    735.000   3524.771    763.32001
4    640.000   3527.488    645.000   3527.672    735.000   3524.771    740.000   3524.128    722.17999
4    645.000   3527.672    650.000   3528.200    740.000   3524.128    745.000   3522.933    431.37000
4    650.000   3528.200    655.000   3529.473    745.000   3522.933    750.000   3522.061    256.29001
4    655.000   3529.473    660.000   3529.993    750.000   3522.061    755.000   3521.187    317.31000
4    660.000   3529.993    665.000   3530.034    755.000   3521.187    760.000   3520.309    634.27002
4    665.000   3530.034    670.000   3530.643    760.000   3520.309    765.000   3520.193    523.03998
4    670.000   3530.643    675.000   3527.818    765.000   3520.193    770.000   3520.998    476.87000
4    675.000   3527.818    680.000   3526.413    770.000   3520.998    775.000   3518.842    790.76001
4    680.000   3526.413    685.000   3526.269    775.000   3518.842    780.000   3516.981   1200.30005
4    685.000   3526.269    690.000   3526.612    780.000   3516.981    785.000   3516.559   1166.40002
4    690.000   3526.612    695.000   3526.329    785.000   3516.559    790.000   3518.217   1338.30005
4    695.000   3526.329    700.000   3526.876    790.000   3518.217    795.000   3519.814    613.29999
4    700.000   3526.876    705.000   3524.158    795.000   3519.814    800.000   3517.544    734.27002
4    705.000   3524.158    710.000   3524.108    800.000   3517.544    805.000   3518.710    419.89001
4    710.000   3524.108    715.000   3526.427    805.000   3518.710    810.000   3518.812    698.15002
4    715.000   3526.427    720.000   3525.501    810.000   3518.812    815.000   3518.638    759.34003
4    720.000   3525.501    725.000   3525.778    815.000   3518.638    820.000   3517.048    667.54999
4    725.000   3525.778    730.000   3525.740    820.000   3517.048    825.000   3517.013    746.03998
4    730.000   3525.740    735.000   3524.771    825.000   3517.013    830.000   3517.136    649.92999
4    735.000   3524.771    740.000   3524.128    830.000   3517.136    835.000   3516.854    591.96002
4     10.000   3536.478      5.000   3536.266    105.000   3535.457    110.000   3534.277    388.14999
4     15.000   3536.152     10.000   3536.478    110.000   3534.277    115.000   3534.712    470.87000
4     20.000   3535.809     15.000   3536.152    115.000   3534.712    120.000   3535.212    677.84998
4     25.000   3536.244     20.000   3535.809    120.000   3535.212    125.000   3534.914    432.70001
4     30.000   3535.974     25.000   3536.244    125.000   3534.914    130.000   3534.113    419.51001
4     35.000   3535.861     30.000   3535.974    130.000   3534.113    135.000   3532.749    479.13000
4     40.000   3535.916     35.000   3535.861    135.000   3532.749    140.000   3533.766    494.98001
4     45.000   3536.297     40.000   3535.916    140.000   3533.766    145.000   3533.086    470.79999
4     50.000   3536.002     45.000   3536.297    145.000   3533.086    150.000   3532.774    674.37000
4     55.000   3536.658     50.000   3536.002    150.000   3532.774    155.000   3532.336   1047.80005
4     60.000   3536.894     55.000   3536.658    155.000   3532.336    160.000   3531.841   1168.59998
4     65.000   3537.003     60.000   3536.894    160.000   3531.841    165.000   3531.676    517.02002
4     70.000   3536.123     65.000   3537.003    165.000   3531.676    170.000   3531.827    558.46997
4     75.000   3536.578     70.000   3536.123    170.000   3531.827    175.000   3531.568   1074.69995
4     80.000   3537.228     75.000   3536.578    175.000   3531.568    180.000   3531.403    983.52002
4     85.000   3536.619     80.000   3537.228    180.000   3531.403    185.000   3531.192    749.78003
4     90.000   3535.969     85.000   3536.619    185.000   3531.192    190.000   3531.906    810.44000
4     95.000   3536.352     90.000   3535.969    190.000   3531.906    195.000   3531.375    670.90997
4    100.000   3535.908     95.000   3536.352    195.000   3531.375    200.000   3531.340    352.76001
4    105.000   3535.457    100.000   3535.908    200.000   3531.340    205.000   3531.047    226.67000
4    110.000   3534.277    105.000   3535.457    205.000   3531.047    210.000   3531.996    774.19000
4    115.000   3534.712    110.000   3534.277    210.000   3531.996    215.000   3531.006    720.76001
4    120.000   3535.212    115.000   3534.712    215.000   3531.006    220.000   3530.621    713.40997
4    120.000   3535.212    125.000   3534.914    220.000   3530.621    225.000   3530.616    609.73999
4    125.000   3534.914    120.000   3535.212    220.000   3530.621    225.000   3530.616    608.92999
4    125.000   3534.914    130.000   3534.113    225.000   3530.616    230.000   3529.883    635.77002
4    130.000   3534.113    125.000   3534.914    225.000   3530.616    230.000   3529.883    634.65002
4    135.000   3532.749    130.000   3534.113    230.000   3529.883    235.000   3529.435    725.88000
4    130.000   3534.113    135.000   3532.749    230.000   3529.883    235.000   3529.435    721.29999
4    135.000   3532.749    140.000   3533.766    235.000   3529.435    240.000   3529.129    561.89001
4    140.000   3533.766    145.000   3533.086    240.000   3529.129    245.000   3529.688    629.78003
4    145.000   3533.086    150.000   3532.774    245.000   3529.688    250.000   3530.310    655.91998
4    150.000   3532.774    155.000   3532.336    250.000   3530.310    255.000   3530.336    520.84003
4    155.000   3532.336    160.000   3531.841    255.000   3530.336    260.000   3530.283    718.07001
4    160.000   3531.841    165.000   3531.676    260.000   3530.283    265.000   3530.628    700.12000
4    165.000   3531.676    170.000   3531.827    265.000   3530.628    270.000   3530.340    983.70001
4    170.000   3531.827    175.000   3531.568    270.000   3530.340    275.000   3529.132    663.28998
4    175.000   3531.568    180.000   3531.403    275.000   3529.132    280.000   3528.217    611.59998
4    185.000   3531.192    190.000   3531.906    285.000   3527.264    290.000   3527.672    658.71002
4    190.000   3531.906    195.000   3531.375    290.000   3527.672    295.000   3529.983    466.87000
4    195.000   3531.375    200.000   3531.340    295.000   3529.983    300.000   3531.271    507.85999
4    200.000   3531.340    205.000   3531.047    300.000   3531.271    305.000   3531.428    316.39999
4    205.000   3531.047    210.000   3531.996    305.000   3531.428    310.000   3531.441    623.66998
4    215.000   3531.006    220.000   3530.621    315.000   3530.702    320.000   3529.981    271.56000
4    220.000   3530.621    225.000   3530.616    320.000   3529.981    325.000   3529.592    268.94000
4    240.000   3529.129    245.000   3529.688    340.000   3529.214    345.000   3529.238    778.89001
4    250.000   3530.310    255.000   3530.336    350.000   3529.773    355.000   3530.493    350.26999
4    255.000   3530.336    260.000   3530.283    355.000   3530.493    360.000   3529.237    359.82999
4    260.000   3530.283    265.000   3530.628    360.000   3529.237    365.000   3528.668    526.42999
4    265.000   3530.628    270.000   3530.340    365.000   3528.668    370.000   3528.795    618.71997
4    270.000   3530.340    275.000   3529.132    370.000   3528.795    375.000   3528.793    726.59003
4    280.000   3528.217    285.000   3527.264    380.000   3528.198    385.000   3528.404    534.64001
4    285.000   3527.264    290.000   3527.672    385.000   3528.404    390.000   3528.534    662.62000
4    290.000   3527.672    295.000   3529.983    390.000   3528.534    395.000   3528.117   1138.19995
4    300.000   3531.271    305.000   3531.428    400.000   3527.942    405.000   3528.261    433.45001
4    305.000   3531.428    310.000   3531.441    405.000   3528.261    410.000   3528.820    418.23999
4    320.000   3529.981    325.000   3529.592    420.000   3528.102    425.000   3527.629    299.98001
4    325.000   3529.592    330.000   3529.857    425.000   3527.629    430.000   3528.047    243.94000
4    330.000   3529.857    335.000   3529.834    430.000   3528.047    435.000   3527.743    267.51001
4    335.000   3529.834    340.000   3529.214    435.000   3527.743    440.000   3527.326    299.06000
4    340.000   3529.214    345.000   3529.238    440.000   3527.326    445.000   3527.956    350.75000
4    345.000   3529.238    350.000   3529.773    445.000   3527.956    450.000   3527.941    277.29999
4    350.000   3529.773    355.000   3530.493    450.000   3527.941    455.000   3528.823    294.69000
4    355.000   3530.493    360.000   3529.237    455.000   3528.823    460.000   3528.951    636.46002
4    360.000   3529.237    365.000   3528.668    460.000   3528.951    465.000   3528.468   1104.69995
4    365.000   3528.668    370.000   3528.795    465.000   3528.468    470.000   3528.471    875.35999
4    370.000   3528.795    375.000   3528.793    470.000   3528.471    475.000   3528.141    719.22998
4    375.000   3528.793    380.000   3528.198    475.000   3528.141    480.000   3527.527    494.57001
4    380.000   3528.198    385.000   3528.404    480.000   3527.527    485.000   3527.177    939.69000
4    385.000   3528.404    390.000   3528.534    485.000   3527.177    490.000   3527.388   1102.59998
4    390.000   3528.534    395.000   3528.117    490.000   3527.388    495.000   3526.652    901.95001
4    395.000   3528.117    400.000   3527.942    495.000   3526.652    500.000   3527.534    459.10001
4    400.000   3527.942    405.000   3528.261    500.000   3527.534    505.000   3527.118    585.08002
4    405.000   3528.261    410.000   3528.820    505.000   3527.118    510.000   3527.157    501.91000
4    410.000   3528.820    415.000   3528.086    510.000   3527.157    515.000   3525.908    445.01999
4    415.000   3528.086    420.000   3528.102    515.000   3525.908    520.000   3526.905    286.48001
4    420.000   3528.102    425.000   3527.629    520.000   3526.905    525.000   3526.745    457.34000
4    425.000   3527.629    430.000   3528.047    525.000   3526.745    530.000   3526.591    471.60001
4    430.000   3528.047    435.000   3527.743    530.000   3526.591    535.000   3527.357    534.02002
4    435.000   3527.743    440.000   3527.326    535.000   3527.357    540.000   3526.634    500.70001
4    440.000   3527.326    445.000   3527.956    540.000   3526.634    545.000   3525.510    568.32001
4    445.000   3527.956    450.000   3527.941    545.000   3525.510    550.000   3526.853    836.71997
4    450.000   3527.941    455.000   3528.823    550.000   3526.853    555.000   3526.048   1003.90002
4    455.000   3528.823    460.000   3528.951    555.000   3526.048    560.000   3526.487   1030.00000
4    460.000   3528.951    465.000   3528.468    560.000   3526.487    565.000   3527.398   1636.90002
4    465.000   3528.468    470.000   3528.471    565.000   3527.398    570.000   3526.960    799.96002
4    470.000   3528.471    475.000   3528.141    570.000   3526.960    575.000   3526.592    371.20999
4    475.000   3528.141    480.000   3527.527    575.000   3526.592    580.000   3527.394    345.45999
4    480.000   3527.527    485.000   3527.177    580.000   3527.394    585.000   3526.593    324.76999
4    485.000   3527.177    490.000   3527.388    585.000   3526.593    590.000   3527.791    335.29001
4    495.000   3526.652    500.000   3527.534    595.000   3527.384    600.000   3529.998    245.00999
4    500.000   3527.534    505.000   3527.118    600.000   3529.998    605.000   3529.582    630.08002
4    505.000   3527.118    510.000   3527.157    605.000   3529.582    610.000   3528.825    598.96997
4    510.000   3527.157    515.000   3525.908    610.000   3528.825    615.000   3528.415    700.96002
4    515.000   3525.908    520.000   3526.905    615.000   3528.415    620.000   3528.510    634.85999
4    520.000   3526.905    525.000   3526.745    620.000   3528.510    625.000   3527.819    729.53998
4    525.000   3526.745    530.000   3526.591    625.000   3527.819    630.000   3528.454    827.40997
4    530.000   3526.591    535.000   3527.357    630.000   3528.454    635.000   3528.886    836.87000
4    535.000   3527.357    540.000   3526.634    635.000   3528.886    640.000   3527.488    728.40997
4    540.000   3526.634    545.000   3525.510    640.000   3527.488    645.000   3527.672    626.56000
4    545.000   3525.510    550.000   3526.853    645.000   3527.672    650.000   3528.200    523.81000
4    550.000   3526.853    555.000   3526.048    650.000   3528.200    655.000   3529.473    341.14999
4    555.000   3526.048    560.000   3526.487    655.000   3529.473    660.000   3529.993    241.53999
4    560.000   3526.487    565.000   3527.398    660.000   3529.993    665.000   3530.034    556.21997
4    565.000   3527.398    570.000   3526.960    665.000   3530.034    670.000   3530.643    343.07001
4    570.000   3526.960    575.000   3526.592    670.000   3530.643    675.000   3527.818    226.92000
4    575.000   3526.592    580.000   3527.394    675.000   3527.818    680.000   3526.413    449.47000
4    580.000   3527.394    585.000   3526.593    680.000   3526.413    685.000   3526.269    298.70001
4    585.000   3526.593    590.000   3527.791    685.000   3526.269    690.000   3526.612    269.04999
4    590.000   3527.791    595.000   3527.384    690.000   3526.612    695.000   3526.329    486.75000
4    595.000   3527.384    600.000   3529.998    695.000   3526.329    700.000   3526.876    320.70999
4    600.000   3529.998    605.000   3529.582    700.000   3526.876    705.000   3524.158    835.84003
4    605.000   3529.582    610.000   3528.825    705.000   3524.158    710.000   3524.108    573.59003
4    610.000   3528.825    615.000   3528.415    710.000   3524.108    715.000   3526.427    924.54999
4    615.000   3528.415    620.000   3528.510    715.000   3526.427    720.000   3525.501   1189.09998
4    620.000   3528.510    625.000   3527.819    720.000   3525.501    725.000   3525.778   1097.69995
4    625.000   3527.819    630.000   3528.454    725.000   3525.778    730.000   3525.740    964.21002
4    630.000   3528.454    635.000   3528.886    730.000   3525.740    735.000   3524.771    853.77002
4    635.000   3528.886    640.000   3527.488    735.000   3524.771    740.000   3524.128    894.20001
4    640.000   3527.488    645.000   3527.672    740.000   3524.128    745.000   3522.933    593.01001
4    645.000   3527.672    650.000   3528.200    745.000   3522.933    750.000   3522.061    406.23001
4    650.000   3528.200    655.000   3529.473    750.000   3522.061    755.000   3521.187    345.28000
4    655.000   3529.473    660.000   3529.993    755.000   3521.187    760.000   3520.309    338.19000
4    660.000   3529.993    665.000   3530.034    760.000   3520.309    765.000   3520.193    613.45001
4    665.000   3530.034    670.000   3530.643    765.000   3520.193    770.000   3520.998    486.69000
4    670.000   3530.643    675.000   3527.818    770.000   3520.998    775.000   3518.842    515.96002
4    675.000   3527.818    680.000   3526.413    775.000   3518.842    780.000   3516.981    941.16998
4    680.000   3526.413    685.000   3526.269    780.000   3516.981    785.000   3516.559   1379.40002
4    685.000   3526.269    690.000   3526.612    785.000   3516.559    790.000   3518.217   1777.69995
4    690.000   3526.612    695.000   3526.329    790.000   3518.217    795.000   3519.814    929.28003
4    695.000   3526.329    700.000   3526.876    795.000   3519.814    800.000   3517.544    385.88000
4    700.000   3526.876    705.000   3524.158    800.000   3517.544    805.000   3518.710    658.66998
4    705.000   3524.158    710.000   3524.108    805.000   3518.710    810.000   3518.812    497.07001
4    710.000   3524.108    715.000   3526.427    810.000   3518.812    815.000   3518.638    643.39001
4    715.000   3526.427    720.000   3525.501    815.000   3518.638    820.000   3517.048    921.34003
4    720.000   3525.501    725.000   3525.778    820.000   3517.048    825.000   3517.013    742.08002
4    725.000   3525.778    730.000   3525.740    825.000   3517.013    830.000   3517.136    833.26001
4    730.000   3525.740    735.000   3524.771    830.000   3517.136    835.000   3516.854    587.50000
4     10.000   3536.478      5.000   3536.266    110.000   3534.277    115.000   3534.712    220.82001
4     20.000   3535.809     15.000   3536.152    120.000   3535.212    125.000   3534.914    621.06000
4     25.000   3536.244     20.000   3535.809    125.000   3534.914    130.000   3534.113    495.56000
4     30.000   3535.974     25.000   3536.244    130.000   3534.113    135.000   3532.749    400.10001
4     35.000   3535.861     30.000   3535.974    135.000   3532.749    140.000   3533.766    471.48001
4     40.000   3535.916     35.000   3535.861    140.000   3533.766    145.000   3533.086    513.25000
4     45.000   3536.297     40.000   3535.916    145.000   3533.086    150.000   3532.774    512.77002
4     50.000   3536.002     45.000   3536.297    150.000   3532.774    155.000   3532.336    664.21997
4     55.000   3536.658     50.000   3536.002    155.000   3532.336    160.000   3531.841   1202.90002
4     60.000   3536.894     55.000   3536.658    160.000   3531.841    165.000   3531.676    994.85999
4     65.000   3537.003     60.000   3536.894    165.000   3531.676    170.000   3531.827    544.62000
4     70.000   3536.123     65.000   3537.003    170.000   3531.827    175.000   3531.568    550.40002
4     75.000   3536.578     70.000   3536.123    175.000   3531.568    180.000   3531.403   1082.09998
4     80.000   3537.228     75.000   3536.578    180.000   3531.403    185.000   3531.192   1017.20001
4     85.000   3536.619     80.000   3537.228    185.000   3531.192    190.000   3531.906    790.38000
4     90.000   3535.969     85.000   3536.619    190.000   3531.906    195.000   3531.375    620.65002
4     95.000   3536.352     90.000   3535.969    195.000   3531.375    200.000   3531.340    844.77002
4    100.000   3535.908     95.000   3536.352    200.000   3531.340    205.000   3531.047    235.74001
4    105.000   3535.457    100.000   3535.908    205.000   3531.047    210.000   3531.996    418.82999
4    110.000   3534.277    105.000   3535.457    210.000   3531.996    215.000   3531.006   1043.80005
4    115.000   3534.712    110.000   3534.277    215.000   3531.006    220.000   3530.621    469.92001
4    120.000   3535.212    115.000   3534.712    220.000   3530.621    225.000   3530.616    719.69000
4    125.000   3534.914    120.000   3535.212    225.000   3530.616    230.000   3529.883    606.64001
4    120.000   3535.212    125.000   3534.914    225.000   3530.616    230.000   3529.883    605.01001
4    125.000   3534.914    130.000   3534.113    230.000   3529.883    235.000   3529.435    753.25000
4    130.000   3534.113    125.000   3534.914    230.000   3529.883    235.000   3529.435    747.29999
4    130.000   3534.113    135.000   3532.749    235.000   3529.435    240.000   3529.129    588.41998
4    135.000   3532.749    140.000   3533.766    240.000   3529.129    245.000   3529.688    650.54999
4    140.000   3533.766    145.000   3533.086    245.000   3529.688    250.000   3530.310    641.33002
4    145.000   3533.086    150.000   3532.774    250.000   3530.310    255.000   3530.336    544.28003
4    150.000   3532.774    155.000   3532.336    255.000   3530.336    260.000   3530.283    653.15002
4    155.000   3532.336    160.000   3531.841    260.000   3530.283    265.000   3530.628    839.46997
4    160.000   3531.841    165.000   3531.676    265.000   3530.628    270.000   3530.340    960.48999
4    165.000   3531.676    170.000   3531.827    270.000   3530.340    275.000   3529.132    673.65002
4    170.000   3531.827    175.000   3531.568    275.000   3529.132    280.000   3528.217    625.22998
4    180.000   3531.403    185.000   3531.192    285.000   3527.264    290.000   3527.672    629.53998
4    185.000   3531.192    190.000   3531.906    290.000   3527.672    295.000   3529.983    627.21997
4    190.000   3531.906    195.000   3531.375    295.000   3529.983    300.000   3531.271    415.79001
4    195.000   3531.375    200.000   3531.340    300.000   3531.271    305.000   3531.428    474.73999
4    200.000   3531.340    205.000   3531.047    305.000   3531.428    310.000   3531.441    319.48001
4    210.000   3531.996    215.000   3531.006    315.000   3530.702    320.000   3529.981    485.03000
4    215.000   3531.006    220.000   3530.621    320.000   3529.981    325.000   3529.592    289.76999
4    240.000   3529.129    245.000   3529.688    345.000   3529.238    350.000   3529.773    436.48001
4    245.000   3529.688    250.000   3530.310    350.000   3529.773    355.000   3530.493    418.57001
4    250.000   3530.310    255.000   3530.336    355.000   3530.493    360.000   3529.237    349.29001
4    255.000   3530.336    260.000   3530.283    360.000   3529.237    365.000   3528.668    528.89001
4    260.000   3530.283    265.000   3530.628    365.000   3528.668    370.000   3528.795    619.67999
4    265.000   3530.628    270.000   3530.340    370.000   3528.795    375.000   3528.793    896.59003
4    270.000   3530.340    275.000   3529.132    375.000   3528.793    380.000   3528.198    712.92999
4    280.000   3528.217    285.000   3527.264    385.000   3528.404    390.000   3528.534    512.81000
4    285.000   3527.264    290.000   3527.672    390.000   3528.534    395.000   3528.117    958.75000
4    290.000   3527.672    295.000   3529.983    395.000   3528.117    400.000   3527.942    817.72998
4    300.000   3531.271    305.000   3531.428    405.000   3528.261    410.000   3528.820    469.03000
4    305.000   3531.428    310.000   3531.441    410.000   3528.820    415.000   3528.086    364.03000
4    325.000   3529.592    330.000   3529.857    430.000   3528.047    435.000   3527.743    277.16000
4    330.000   3529.857    335.000   3529.834    435.000   3527.743    440.000   3527.326    289.48001
4    335.000   3529.834    340.000   3529.214    440.000   3527.326    445.000   3527.956    326.95999
4    340.000   3529.214    345.000   3529.238    445.000   3527.956    450.000   3527.941    448.70001
4    345.000   3529.238    350.000   3529.773    450.000   3527.941    455.000   3528.823    306.41000
4    350.000   3529.773    355.000   3530.493    455.000   3528.823    460.000   3528.951    473.76001
4    355.000   3530.493    360.000   3529.237    460.000   3528.951    465.000   3528.468    853.63000
4    360.000   3529.237    365.000   3528.668    465.000   3528.468    470.000   3528.471    806.21997
4    365.000   3528.668    370.000   3528.795    470.000   3528.471    475.000   3528.141    658.47998
4    370.000   3528.795    375.000   3528.793    475.000   3528.141    480.000   3527.527    552.38000
4    375.000   3528.793    380.000   3528.198    480.000   3527.527    485.000   3527.177   1157.30005
4    380.000   3528.198    385.000   3528.404    485.000   3527.177    490.000   3527.388   1216.90002
4    385.000   3528.404    390.000   3528.534    490.000   3527.388    495.000   3526.652    742.12000
4    390.000   3528.534    395.000   3528.117    495.000   3526.652    500.000   3527.534    727.98999
4    395.000   3528.117    400.000   3527.942    500.000   3527.534    505.000   3527.118    814.81000
4    400.000   3527.942    405.000   3528.261    505.000   3527.118    510.000   3527.157    505.92001
4    405.000   3528.261    410.000   3528.820    510.000   3527.157    515.000   3525.908    587.08002
4    410.000   3528.820    415.000   3528.086    515.000   3525.908    520.000   3526.905    408.07001
4    415.000   3528.086    420.000   3528.102    520.000   3526.905    525.000   3526.745    315.03000
4    420.000   3528.102    425.000   3527.629    525.000   3526.745    530.000   3526.591    517.42999
4    425.000   3527.629    430.000   3528.047    530.000   3526.591    535.000   3527.357    436.51999
4    430.000   3528.047    435.000   3527.743    535.000   3527.357    540.000   3526.634    558.04999
4    435.000   3527.743    440.000   3527.326    540.000   3526.634    545.000   3525.510    530.46997
4    440.000   3527.326    445.000   3527.956    545.000   3525.510    550.000   3526.853    672.21002
4    445.000   3527.956    450.000   3527.941    550.000   3526.853    555.000   3526.048    843.28003
4    450.000   3527.941    455.000   3528.823    555.000   3526.048    560.000   3526.487    719.48999
4    455.000   3528.823    460.000   3528.951    560.000   3526.487    565.000   3527.398   1359.00000
4    460.000   3528.951    465.000   3528.468    565.000   3527.398    570.000   3526.960   1250.90002
4    465.000   3528.468    470.000   3528.471    570.000   3526.960    575.000   3526.592    582.02002
4    470.000   3528.471    475.000   3528.141    575.000   3526.592    580.000   3527.394    466.81000
4    480.000   3527.527    485.000   3527.177    585.000   3526.593    590.000   3527.791    274.95001
4    485.000   3527.177    490.000   3527.388    590.000   3527.791    595.000   3527.384    640.81000
4    495.000   3526.652    500.000   3527.534    600.000   3529.998    605.000   3529.582    374.20999
4    500.000   3527.534    505.000   3527.118    605.000   3529.582    610.000   3528.825    757.85999
4    505.000   3527.118    510.000   3527.157    610.000   3528.825    615.000   3528.415    707.71997
4    510.000   3527.157    515.000   3525.908    615.000   3528.415    620.000   3528.510    790.95001
4    515.000   3525.908    520.000   3526.905    620.000   3528.510    625.000   3527.819    760.40002
4    520.000   3526.905    525.000   3526.745    625.000   3527.819    630.000   3528.454    793.78003
4    525.000   3526.745    530.000   3526.591    630.000   3528.454    635.000   3528.886    975.07001
4    530.000   3526.591    535.000   3527.357    635.000   3528.886    640.000   3527.488    847.12000
4    535.000   3527.357    540.000   3526.634    640.000   3527.488    645.000   3527.672    697.27002
4    540.000   3526.634    545.000   3525.510    645.000   3527.672    650.000   3528.200    503.25000
4    545.000   3525.510    550.000   3526.853    650.000   3528.200    655.000   3529.473    379.95001
4    550.000   3526.853    555.000   3526.048    655.000   3529.473    660.000   3529.993    341.44000
4    555.000   3526.048    560.000   3526.487    660.000   3529.993    665.000   3530.034    453.00000
4    560.000   3526.487    565.000   3527.398    665.000   3530.034    670.000   3530.643    476.03000
4    565.000   3527.398    570.000   3526.960    670.000   3530.643    675.000   3527.818    293.73001
4    570.000   3526.960    575.000   3526.592    675.000   3527.818    680.000   3526.413    388.59000
4    575.000   3526.592    580.000   3527.394    680.000   3526.413    685.000   3526.269    622.46997
4    580.000   3527.394    585.000   3526.593    685.000   3526.269    690.000   3526.612    286.95999
4    585.000   3526.593    590.000   3527.791    690.000   3526.612    695.000   3526.329    223.67000
4    590.000   3527.791    595.000   3527.384    695.000   3526.329    700.000   3526.876    307.09000
4    595.000   3527.384    600.000   3529.998    700.000   3526.876    705.000   3524.158    600.22998
4    600.000   3529.998    605.000   3529.582    705.000   3524.158    710.000   3524.108    556.90997
4    605.000   3529.582    610.000   3528.825    710.000   3524.108    715.000   3526.427    882.51001
4    610.000   3528.825    615.000   3528.415    715.000   3526.427    720.000   3525.501   1253.50000
4    615.000   3528.415    620.000   3528.510    720.000   3525.501    725.000   3525.778   1019.29999
4    620.000   3528.510    625.000   3527.819    725.000   3525.778    730.000   3525.740   1004.79999
4    625.000   3527.819    630.000   3528.454    730.000   3525.740    735.000   3524.771    818.64001
4    630.000   3528.454    635.000   3528.886    735.000   3524.771    740.000   3524.128   1004.00000
4    635.000   3528.886    640.000   3527.488    740.000   3524.128    745.000   3522.933    747.31000
4    640.000   3527.488    645.000   3527.672    745.000   3522.933    750.000   3522.061    559.51001
4    645.000   3527.672    650.000   3528.200    750.000   3522.061    755.000   3521.187    541.20001
4    650.000   3528.200    655.000   3529.473    755.000   3521.187    760.000   3520.309    361.89001
4    655.000   3529.473    660.000   3529.993    760.000   3520.309    765.000   3520.193    327.32001
4    660.000   3529.993    665.000   3530.034    765.000   3520.193    770.000   3520.998    601.37000
4    665.000   3530.034    670.000   3530.643    770.000   3520.998    775.000   3518.842    558.87000
4    670.000   3530.643    675.000   3527.818    775.000   3518.842    780.000   3516.981    608.79999
4    675.000   3527.818    680.000   3526.413    780.000   3516.981    785.000   3516.559   1085.19995
4    680.000   3526.413    685.000   3526.269    785.000   3516.559    790.000   3518.217   2103.80005
4    685.000   3526.269    690.000   3526.612    790.000   3518.217    795.000   3519.814   1229.09998
4    690.000   3526.612    695.000   3526.329    795.000   3519.814    800.000   3517.544    573.84998
4    695.000   3526.329    700.000   3526.876    800.000   3517.544    805.000   3518.710    309.94000
4    700.000   3526.876    705.000   3524.158    805.000   3518.710    810.000   3518.812    791.03998
4    705.000   3524.158    710.000   3524.108    810.000   3518.812    815.000   3518.638    440.69000
4    710.000   3524.108    715.000   3526.427    815.000   3518.638    820.000   3517.048    794.91998
4    715.000   3526.427    720.000   3525.501    820.000   3517.048    825.000   3517.013   1105.30005
4    720.000   3525.501    725.000   3525.778    825.000   3517.013    830.000   3517.136    827.33002
4    725.000   3525.778    730.000   3525.740    830.000   3517.136    835.000   3516.854    700.45001
4      5.000   3536.266      0.000   3536.244    110.000   3534.277    115.000   3534.712    283.73999
4     10.000   3536.478      5.000   3536.266    115.000   3534.712    120.000   3535.212    432.57999
4     15.000   3536.152     10.000   3536.478    120.000   3535.212    125.000   3534.914    583.98999
4     20.000   3535.809     15.000   3536.152    125.000   3534.914    130.000   3534.113    722.47998
4     25.000   3536.244     20.000   3535.809    130.000   3534.113    135.000   3532.749    490.51001
4     30.000   3535.974     25.000   3536.244    135.000   3532.749    140.000   3533.766    391.91000
4     35.000   3535.861     30.000   3535.974    140.000   3533.766    145.000   3533.086    480.07999
4     40.000   3535.916     35.000   3535.861    145.000   3533.086    150.000   3532.774    553.78003
4     45.000   3536.297     40.000   3535.916    150.000   3532.774    155.000   3532.336    502.54999
4     50.000   3536.002     45.000   3536.297    155.000   3532.336    160.000   3531.841    764.02002
4     55.000   3536.658     50.000   3536.002    160.000   3531.841    165.000   3531.676   1047.00000
4     60.000   3536.894     55.000   3536.658    165.000   3531.676    170.000   3531.827   1019.09998
4     65.000   3537.003     60.000   3536.894    170.000   3531.827    175.000   3531.568    526.20001
4     70.000   3536.123     65.000   3537.003    175.000   3531.568    180.000   3531.403    541.45001
4     75.000   3536.578     70.000   3536.123    180.000   3531.403    185.000   3531.192   1077.40002
4     80.000   3537.228     75.000   3536.578    185.000   3531.192    190.000   3531.906   1049.80005
4     85.000   3536.619     80.000   3537.228    190.000   3531.906    195.000   3531.375    609.66998
4     90.000   3535.969     85.000   3536.619    195.000   3531.375    200.000   3531.340    771.72998
4     95.000   3536.352     90.000   3535.969    200.000   3531.340    205.000   3531.047    603.73999
4    100.000   3535.908     95.000   3536.352    205.000   3531.047    210.000   3531.996    436.35999
4    105.000   3535.457    100.000   3535.908    210.000   3531.996    215.000   3531.006    560.81000
4    110.000   3534.277    105.000   3535.457    215.000   3531.006    220.000   3530.621    675.98999
4    115.000   3534.712    110.000   3534.277    220.000   3530.621    225.000   3530.616    475.23999
4    120.000   3535.212    115.000   3534.712    225.000   3530.616    230.000   3529.883    705.31000
4    125.000   3534.914    120.000   3535.212    230.000   3529.883    235.000   3529.435    696.90002
4    120.000   3535.212    125.000   3534.914    230.000   3529.883    235.000   3529.435    702.25000
4    125.000   3534.914    130.000   3534.113    235.000   3529.435    240.000   3529.129    650.16998
4    130.000   3534.113    135.000   3532.749    240.000   3529.129    245.000   3529.688    695.91998
4    135.000   3532.749    140.000   3533.766    245.000   3529.688    250.000   3530.310    658.69000
4    140.000   3533.766    145.000   3533.086    250.000   3530.310    255.000   3530.336    536.08002
4    145.000   3533.086    150.000   3532.774    255.000   3530.336    260.000   3530.283    681.28003
4    150.000   3532.774    155.000   3532.336    260.000   3530.283    265.000   3530.628    766.23999
4    155.000   3532.336    160.000   3531.841    265.000   3530.628    270.000   3530.340   1150.90002
4    160.000   3531.841    165.000   3531.676    270.000   3530.340    275.000   3529.132    657.66998
4    165.000   3531.676    170.000   3531.827    275.000   3529.132    280.000   3528.217    640.65002
4    175.000   3531.568    180.000   3531.403    285.000   3527.264    290.000   3527.672    656.09003
4    180.000   3531.403    185.000   3531.192    290.000   3527.672    295.000   3529.983    615.67999
4    185.000   3531.192    190.000   3531.906    295.000   3529.983    300.000   3531.271    554.78998
4    190.000   3531.906    195.000   3531.375    300.000   3531.271    305.000   3531.428    391.97000
4    195.000   3531.375    200.000   3531.340    305.000   3531.428    310.000   3531.441    479.48001
4    200.000   3531.340    205.000   3531.047    310.000   3531.441    315.000   3530.702    388.45999
4    205.000   3531.047    210.000   3531.996    315.000   3530.702    320.000   3529.981    417.07001
4    210.000   3531.996    215.000   3531.006    320.000   3529.981    325.000   3529.592    505.53000
4    245.000   3529.688    250.000   3530.310    355.000   3530.493    360.000   3529.237    421.17999
4    250.000   3530.310    255.000   3530.336    360.000   3529.237    365.000   3528.668    539.15997
4    255.000   3530.336    260.000   3530.283    365.000   3528.668    370.000   3528.795    607.60999
4    260.000   3530.283    265.000   3530.628    370.000   3528.795    375.000   3528.793    882.40002
4    265.000   3530.628    270.000   3530.340    375.000   3528.793    380.000   3528.198    867.50000
4    270.000   3530.340    275.000   3529.132    380.000   3528.198    385.000   3528.404    609.27002
4    280.000   3528.217    285.000   3527.264    390.000   3528.534    395.000   3528.117    742.29999
4    285.000   3527.264    290.000   3527.672    395.000   3528.117    400.000   3527.942    669.88000
4    290.000   3527.672    295.000   3529.983    400.000   3527.942    405.000   3528.261    589.09998
4    300.000   3531.271    305.000   3531.428    410.000   3528.820    415.000   3528.086    405.00000
4    305.000   3531.428    310.000   3531.441    415.000   3528.086    420.000   3528.102    237.67999
4    325.000   3529.592    330.000   3529.857    435.000   3527.743    440.000   3527.326    288.42001
4    330.000   3529.857    335.000   3529.834    440.000   3527.326    445.000   3527.956    315.78000
4    335.000   3529.834    340.000   3529.214    445.000   3527.956    450.000   3527.941    424.45999
4    340.000   3529.214    345.000   3529.238    450.000   3527.941    455.000   3528.823    552.62000
4    345.000   3529.238    350.000   3529.773    455.000   3528.823    460.000   3528.951    500.98999
4    350.000   3529.773    355.000   3530.493    460.000   3528.951    465.000   3528.468    650.71997
4    355.000   3530.493    360.000   3529.237    465.000   3528.468    470.000   3528.471    629.04999
4    360.000   3529.237    365.000   3528.668    470.000   3528.471    475.000   3528.141    592.03998
4    365.000   3528.668    370.000   3528.795    475.000   3528.141    480.000   3527.527    496.57001
4    370.000   3528.795    375.000   3528.793    480.000   3527.527    485.000   3527.177   1299.40002
4    375.000   3528.793    380.000   3528.198    485.000   3527.177    490.000   3527.388   1468.19995
4    380.000   3528.198    385.000   3528.404    490.000   3527.388    495.000   3526.652    829.41998
4    385.000   3528.404    390.000   3528.534    495.000   3526.652    500.000   3527.534    594.15002
4    390.000   3528.534    395.000   3528.117    500.000   3527.534    505.000   3527.118   1285.80005
4    395.000   3528.117    400.000   3527.942    505.000   3527.118    510.000   3527.157    681.73999
4    400.000   3527.942    405.000   3528.261    510.000   3527.157    515.000   3525.908    568.09003
4    405.000   3528.261    410.000   3528.820    515.000   3525.908    520.000   3526.905    537.15002
4    410.000   3528.820    415.000   3528.086    520.000   3526.905    525.000   3526.745    437.32999
4    415.000   3528.086    420.000   3528.102    525.000   3526.745    530.000   3526.591    356.07001
4    420.000   3528.102    425.000   3527.629    530.000   3526.591    535.000   3527.357    489.23001
4    425.000   3527.629    430.000   3528.047    535.000   3527.357    540.000   3526.634    464.29001
4    430.000   3528.047    435.000   3527.743    540.000   3526.634    545.000   3525.510    573.28003
4    435.000   3527.743    440.000   3527.326    545.000   3525.510    550.000   3526.853    625.22998
4    440.000   3527.326    445.000   3527.956    550.000   3526.853    555.000   3526.048    687.01001
4    445.000   3527.956    450.000   3527.941    555.000   3526.048    560.000   3526.487    605.04999
4    450.000   3527.941    455.000   3528.823    560.000   3526.487    565.000   3527.398    928.91998
4    455.000   3528.823    460.000   3528.951    565.000   3527.398    570.000   3526.960   1033.19995
4    460.000   3528.951    465.000   3528.468    570.000   3526.960    575.000   3526.592    914.53998
4    465.000   3528.468    470.000   3528.471    575.000   3526.592    580.000   3527.394    728.89001
4    470.000   3528.471    475.000   3528.141    580.000   3527.394    585.000   3526.593    197.27000
4    475.000   3528.141    480.000   3527.527    585.000   3526.593    590.000   3527.791    141.19000
4    485.000   3527.177    490.000   3527.388    595.000   3527.384    600.000   3529.998    587.32001
4    490.000   3527.388    495.000   3526.652    600.000   3529.998    605.000   3529.582    547.53998
4    495.000   3526.652    500.000   3527.534    605.000   3529.582    610.000   3528.825    461.16000
4    500.000   3527.534    505.000   3527.118    610.000   3528.825    615.000   3528.415    904.53003
4    505.000   3527.118    510.000   3527.157    615.000   3528.415    620.000   3528.510    793.12000
4    510.000   3527.157    515.000   3525.908    620.000   3528.510    625.000   3527.819    949.26001
4    515.000   3525.908    520.000   3526.905    625.000   3527.819    630.000   3528.454    830.38000
4    520.000   3526.905    525.000   3526.745    630.000   3528.454    635.000   3528.886    933.95001
4    525.000   3526.745    530.000   3526.591    635.000   3528.886    640.000   3527.488    969.82001
4    530.000   3526.591    535.000   3527.357    640.000   3527.488    645.000   3527.672    782.70001
4    535.000   3527.357    540.000   3526.634    645.000   3527.672    650.000   3528.200    554.46997
4    540.000   3526.634    545.000   3525.510    650.000   3528.200    655.000   3529.473    366.16000
4    545.000   3525.510    550.000   3526.853    655.000   3529.473    660.000   3529.993    377.95999
4    550.000   3526.853    555.000   3526.048    660.000   3529.993    665.000   3530.034    642.77002
4    555.000   3526.048    560.000   3526.487    665.000   3530.034    670.000   3530.643    378.34000
4    560.000   3526.487    565.000   3527.398    670.000   3530.643    675.000   3527.818    419.42001
4    565.000   3527.398    570.000   3526.960    675.000   3527.818    680.000   3526.413    513.08002
4    570.000   3526.960    575.000   3526.592    680.000   3526.413    685.000   3526.269    528.59003
4    575.000   3526.592    580.000   3527.394    685.000   3526.269    690.000   3526.612    602.01001
4    580.000   3527.394    585.000   3526.593    690.000   3526.612    695.000   3526.329    237.89999
4    585.000   3526.593    590.000   3527.791    695.000   3526.329    700.000   3526.876    138.17999
4    590.000   3527.791    595.000   3527.384    700.000   3526.876    705.000   3524.158    587.15002
4    595.000   3527.384    600.000   3529.998    705.000   3524.158    710.000   3524.108    387.73001
4    600.000   3529.998    605.000   3529.582    710.000   3524.108    715.000   3526.427    813.20001
4    605.000   3529.582    610.000   3528.825    715.000   3526.427    720.000   3525.501   1205.69995
4    610.000   3528.825    615.000   3528.415    720.000   3525.501    725.000   3525.778   1043.90002
4    615.000   3528.415    620.000   3528.510    725.000   3525.778    730.000   3525.740    924.83002
4    620.000   3528.510    625.000   3527.819    730.000   3525.740    735.000   3524.771    849.75000
4    625.000   3527.819    630.000   3528.454    735.000   3524.771    740.000   3524.128    961.22998
4    630.000   3528.454    635.000   3528.886    740.000   3524.128    745.000   3522.933    825.03003
4    635.000   3528.886    640.000   3527.488    745.000   3522.933    750.000   3522.061    686.34003
4    640.000   3527.488    645.000   3527.672    750.000   3522.061    755.000   3521.187    757.34998
4    645.000   3527.672    650.000   3528.200    755.000   3521.187    760.000   3520.309    572.32001
4    650.000   3528.200    655.000   3529.473    760.000   3520.309    765.000   3520.193    352.01999
4    655.000   3529.473    660.000   3529.993    765.000   3520.193    770.000   3520.998    324.64001
4    660.000   3529.993    665.000   3530.034    770.000   3520.998    775.000   3518.842    669.83002
4    665.000   3530.034    670.000   3530.643    775.000   3518.842    780.000   3516.981    674.48999
4    670.000   3530.643    675.000   3527.818    780.000   3516.981    785.000   3516.559    699.81000
4    675.000   3527.818    680.000   3526.413    785.000   3516.559    790.000   3518.217   1650.80005
4    680.000   3526.413    685.000   3526.269    790.000   3518.217    795.000   3519.814   1456.30005
4    685.000   3526.269    690.000   3526.612    795.000   3519.814    800.000   3517.544    748.26001
4    690.000   3526.612    695.000   3526.329    800.000   3517.544    805.000   3518.710    505.81000
4    695.000   3526.329    700.000   3526.876    805.000   3518.710    810.000   3518.812    380.32999
4    700.000   3526.876    705.000   3524.158    810.000   3518.812    815.000   3518.638    701.15997
4    705.000   3524.158    710.000   3524.108    815.000   3518.638    820.000   3517.048    498.79999
4    710.000   3524.108    715.000   3526.427    820.000   3517.048    825.000   3517.013    952.71002
4    715.000   3526.427    720.000   3525.501    825.000   3517.013    830.000   3517.136   1252.50000
4     10.000   3536.478      5.000   3536.266    120.000   3535.212    125.000   3534.914    368.91000
4     15.000   3536.152     10.000   3536.478    125.000   3534.914    130.000   3534.113    690.78003
4     20.000   3535.809     15.000   3536.152    130.000   3534.113    135.000   3532.749    708.98999
4     25.000   3536.244     20.000   3535.809    135.000   3532.749    140.000   3533.766    487.81000
4     30.000   3535.974     25.000   3536.244    140.000   3533.766    145.000   3533.086    414.26001
4     35.000   3535.861     30.000   3535.974    145.000   3533.086    150.000   3532.774    516.47998
4     40.000   3535.916     35.000   3535.861    150.000   3532.774    155.000   3532.336    547.96997
4     45.000   3536.297     40.000   3535.916    155.000   3532.336    160.000   3531.841    575.84003
4     50.000   3536.002     45.000   3536.297    160.000   3531.841    165.000   3531.676    653.89001
4     55.000   3536.658     50.000   3536.002    165.000   3531.676    170.000   3531.827   1075.80005
4     60.000   3536.894     55.000   3536.658    170.000   3531.827    175.000   3531.568   1021.70001
4     65.000   3537.003     60.000   3536.894    175.000   3531.568    180.000   3531.403    523.76001
4     70.000   3536.123     65.000   3537.003    180.000   3531.403    185.000   3531.192    517.70001
4     75.000   3536.578     70.000   3536.123    185.000   3531.192    190.000   3531.906   1135.90002
4     80.000   3537.228     75.000   3536.578    190.000   3531.906    195.000   3531.375    773.15997
4     85.000   3536.619     80.000   3537.228    195.000   3531.375    200.000   3531.340    757.72998
4     90.000   3535.969     85.000   3536.619    200.000   3531.340    205.000   3531.047    528.83002
4     95.000   3536.352     90.000   3535.969    205.000   3531.047    210.000   3531.996    999.65002
4    100.000   3535.908     95.000   3536.352    210.000   3531.996    215.000   3531.006    580.12000
4    105.000   3535.457    100.000   3535.908    215.000   3531.006    220.000   3530.621    346.98001
4    110.000   3534.277    105.000   3535.457    220.000   3530.621    225.000   3530.616    680.46997
4    115.000   3534.712    110.000   3534.277    225.000   3530.616    230.000   3529.883    456.45999
4    120.000   3535.212    115.000   3534.712    230.000   3529.883    235.000   3529.435    845.84998
4    120.000   3535.212    125.000   3534.914    235.000   3529.435    240.000   3529.129    629.72998
4    125.000   3534.914    130.000   3534.113    240.000   3529.129    245.000   3529.688    736.59998
4    130.000   3534.113    135.000   3532.749    245.000   3529.688    250.000   3530.310    695.37000
4    135.000   3532.749    140.000   3533.766    250.000   3530.310    255.000   3530.336    548.53998
4    140.000   3533.766    145.000   3533.086    255.000   3530.336    260.000   3530.283    669.76001
4    145.000   3533.086    150.000   3532.774    260.000   3530.283    265.000   3530.628    804.20001
4    150.000   3532.774    155.000   3532.336    265.000   3530.628    270.000   3530.340   1042.59998
4    155.000   3532.336    160.000   3531.841    270.000   3530.340    275.000   3529.132    794.78003
4    160.000   3531.841    165.000   3531.676    275.000   3529.132    280.000   3528.217    617.40002
4    170.000   3531.827    175.000   3531.568    285.000   3527.264    290.000   3527.672    669.03003
4    175.000   3531.568    180.000   3531.403    290.000   3527.672    295.000   3529.983    623.52002
4    180.000   3531.403    185.000   3531.192    295.000   3529.983    300.000   3531.271    554.08002
4    185.000   3531.192    190.000   3531.906    300.000   3531.271    305.000   3531.428    526.40997
4    190.000   3531.906    195.000   3531.375    305.000   3531.428    310.000   3531.441    398.67999
4    200.000   3531.340    205.000   3531.047    315.000   3530.702    320.000   3529.981    205.47000
4    205.000   3531.047    210.000   3531.996    320.000   3529.981    325.000   3529.592    431.64999
4    245.000   3529.688    250.000   3530.310    360.000   3529.237    365.000   3528.668    616.57001
4    250.000   3530.310    255.000   3530.336    365.000   3528.668    370.000   3528.795    639.84003
4    255.000   3530.336    260.000   3530.283    370.000   3528.795    375.000   3528.793    874.04999
4    260.000   3530.283    265.000   3530.628    375.000   3528.793    380.000   3528.198    854.57001
4    265.000   3530.628    270.000   3530.340    380.000   3528.198    385.000   3528.404    774.69000
4    270.000   3530.340    275.000   3529.132    385.000   3528.404    390.000   3528.534    614.21002
4    280.000   3528.217    285.000   3527.264    395.000   3528.117    400.000   3527.942    523.07001
4    285.000   3527.264    290.000   3527.672    400.000   3527.942    405.000   3528.261    488.95999
4    290.000   3527.672    295.000   3529.983    405.000   3528.261    410.000   3528.820    644.37000
4    300.000   3531.271    305.000   3531.428    415.000   3528.086    420.000   3528.102    258.26999
4    305.000   3531.428    310.000   3531.441    420.000   3528.102    425.000   3527.629    334.28000
4    325.000   3529.592    330.000   3529.857    440.000   3527.326    445.000   3527.956    320.32999
4    330.000   3529.857    335.000   3529.834    445.000   3527.956    450.000   3527.941    408.57999
4    335.000   3529.834    340.000   3529.214    450.000   3527.941    455.000   3528.823    504.09000
4    340.000   3529.214    345.000   3529.238    455.000   3528.823    460.000   3528.951    893.84998
4    345.000   3529.238    350.000   3529.773    460.000   3528.951    465.000   3528.468    662.19000
4    350.000   3529.773    355.000   3530.493    465.000   3528.468    470.000   3528.471    475.87000
4    355.000   3530.493    360.000   3529.237    470.000   3528.471    475.000   3528.141    440.79001
4    360.000   3529.237    365.000   3528.668    475.000   3528.141    480.000   3527.527    461.09000
4    365.000   3528.668    370.000   3528.795    480.000   3527.527    485.000   3527.177   1080.59998
4    370.000   3528.795    375.000   3528.793    485.000   3527.177    490.000   3527.388   1650.40002
4    375.000   3528.793    380.000   3528.198    490.000   3527.388    495.000   3526.652    970.15997
4    380.000   3528.198    385.000   3528.404    495.000   3526.652    500.000   3527.534    658.16998
4    385.000   3528.404    390.000   3528.534    500.000   3527.534    505.000   3527.118   1015.00000
4    390.000   3528.534    395.000   3528.117    505.000   3527.118    510.000   3527.157   1086.90002
4    395.000   3528.117    400.000   3527.942    510.000   3527.157    515.000   3525.908    774.29999
4    400.000   3527.942    405.000   3528.261    515.000   3525.908    520.000   3526.905    522.59003
4    405.000   3528.261    410.000   3528.820    520.000   3526.905    525.000   3526.745    594.01001
4    410.000   3528.820    415.000   3528.086    525.000   3526.745    530.000   3526.591    500.35001
4    415.000   3528.086    420.000   3528.102    530.000   3526.591    535.000   3527.357    328.94000
4    420.000   3528.102    425.000   3527.629    535.000   3527.357    540.000   3526.634    507.47000
4    425.000   3527.629    430.000   3528.047    540.000   3526.634    545.000   3525.510    480.88000
4    430.000   3528.047    435.000   3527.743    545.000   3525.510    550.000   3526.853    684.25000
4    435.000   3527.743    440.000   3527.326    550.000   3526.853    555.000   3526.048    616.73999
4    440.000   3527.326    445.000   3527.956    555.000   3526.048    560.000   3526.487    491.25000
4    445.000   3527.956    450.000   3527.941    560.000   3526.487    565.000   3527.398    783.21997
4    450.000   3527.941    455.000   3528.823    565.000   3527.398    570.000   3526.960    716.59998
4    455.000   3528.823    460.000   3528.951    570.000   3526.960    575.000   3526.592    756.57001
4    460.000   3528.951    465.000   3528.468    575.000   3526.592    580.000   3527.394   1155.09998
4    465.000   3528.468    470.000   3528.471    580.000   3527.394    585.000   3526.593    325.48999
4    475.000   3528.141    480.000   3527.527    590.000   3527.791    595.000   3527.384    244.14000
4    485.000   3527.177    490.000   3527.388    600.000   3529.998    605.000   3529.582    921.14001
4    490.000   3527.388    495.000   3526.652    605.000   3529.582    610.000   3528.825    648.90997
4    495.000   3526.652    500.000   3527.534    610.000   3528.825    615.000   3528.415    551.04999
4    500.000   3527.534    505.000   3527.118    615.000   3528.415    620.000   3528.510   1006.70001
4    505.000   3527.118    510.000   3527.157    620.000   3528.510    625.000   3527.819    948.44000
4    510.000   3527.157    515.000   3525.908    625.000   3527.819    630.000   3528.454   1030.90002
4    515.000   3525.908    520.000   3526.905    630.000   3528.454    635.000   3528.886    975.54999
4    520.000   3526.905    525.000   3526.745    635.000   3528.886    640.000   3527.488    945.12000
4    525.000   3526.745    530.000   3526.591    640.000   3527.488    645.000   3527.672    924.07001
4    530.000   3526.591    535.000   3527.357    645.000   3527.672    650.000   3528.200    619.06000
4    535.000   3527.357    540.000   3526.634    650.000   3528.200    655.000   3529.473    401.82999
4    540.000   3526.634    545.000   3525.510    655.000   3529.473    660.000   3529.993    358.20999
4    545.000   3525.510    550.000   3526.853    660.000   3529.993    665.000   3530.034    706.01001
4    550.000   3526.853    555.000   3526.048    665.000   3530.034    670.000   3530.643    554.15002
4    555.000   3526.048    560.000   3526.487    670.000   3530.643    675.000   3527.818    348.54999
4    560.000   3526.487    565.000   3527.398    675.000   3527.818    680.000   3526.413    724.21002
4    565.000   3527.398    570.000   3526.960    680.000   3526.413    685.000   3526.269    711.03003
4    570.000   3526.960    575.000   3526.592    685.000   3526.269    690.000   3526.612    517.71997
4    575.000   3526.592    580.000   3527.394    690.000   3526.612    695.000   3526.329    490.98999
4    580.000   3527.394    585.000   3526.593    695.000   3526.329    700.000   3526.876    138.89999
4    585.000   3526.593    590.000   3527.791    700.000   3526.876    705.000   3524.158    269.07999
4    590.000   3527.791    595.000   3527.384    705.000   3524.158    710.000   3524.108    379.79999
4    595.000   3527.384    600.000   3529.998    710.000   3524.108    715.000   3526.427    617.78998
4    600.000   3529.998    605.000   3529.582    715.000   3526.427    720.000   3525.501   1175.80005
4    605.000   3529.582    610.000   3528.825    720.000   3525.501    725.000   3525.778    985.91998
4    610.000   3528.825    615.000   3528.415    725.000   3525.778    730.000   3525.740    946.66998
4    615.000   3528.415    620.000   3528.510    730.000   3525.740    735.000   3524.771    778.17999
4    620.000   3528.510    625.000   3527.819    735.000   3524.771    740.000   3524.128    994.20001
4    625.000   3527.819    630.000   3528.454    740.000   3524.128    745.000   3522.933    786.79999
4    630.000   3528.454    635.000   3528.886    745.000   3522.933    750.000   3522.061    763.03998
4    635.000   3528.886    640.000   3527.488    750.000   3522.061    755.000   3521.187    907.60999
4    640.000   3527.488    645.000   3527.672    755.000   3521.187    760.000   3520.309    784.26001
4    645.000   3527.672    650.000   3528.200    760.000   3520.309    765.000   3520.193    560.26001
4    650.000   3528.200    655.000   3529.473    765.000   3520.193    770.000   3520.998    394.32999
4    655.000   3529.473    660.000   3529.993    770.000   3520.998    775.000   3518.842    368.79999
4    660.000   3529.993    665.000   3530.034    775.000   3518.842    780.000   3516.981    800.95001
4    665.000   3530.034    670.000   3530.643    780.000   3516.981    785.000   3516.559    775.96997
4    670.000   3530.643    675.000   3527.818    785.000   3516.559    790.000   3518.217   1037.40002
4    675.000   3527.818    680.000   3526.413    790.000   3518.217    795.000   3519.814   1137.40002
4    680.000   3526.413    685.000   3526.269    795.000   3519.814    800.000   3517.544    890.09998
4    685.000   3526.269    690.000   3526.612    800.000   3517.544    805.000   3518.710    669.78003
4    690.000   3526.612    695.000   3526.329    805.000   3518.710    810.000   3518.812    608.25000
4    695.000   3526.329    700.000   3526.876    810.000   3518.812    815.000   3518.638    351.63000
4    700.000   3526.876    705.000   3524.158    815.000   3518.638    820.000   3517.048    835.28998
4    705.000   3524.158    710.000   3524.108    820.000   3517.048    825.000   3517.013    612.10999
4    710.000   3524.108    715.000   3526.427    825.000   3517.013    830.000   3517.136   1069.40002
4    715.000   3526.427    720.000   3525.501    830.000   3517.136    835.000   3516.854   1044.80005
4      5.000   3536.266      0.000   3536.244    120.000   3535.212    125.000   3534.914    397.41000
4     10.000   3536.478      5.000   3536.266    125.000   3534.914    130.000   3534.113    441.48001
4     15.000   3536.152     10.000   3536.478    130.000   3534.113    135.000   3532.749    661.65002
4     20.000   3535.809     15.000   3536.152    135.000   3532.749    140.000   3533.766    694.51001
4     25.000   3536.244     20.000   3535.809    140.000   3533.766    145.000   3533.086    506.29001
4     30.000   3535.974     25.000   3536.244    145.000   3533.086    150.000   3532.774    444.76999
4     35.000   3535.861     30.000   3535.974    150.000   3532.774    155.000   3532.336    524.34003
4     40.000   3535.916     35.000   3535.861    155.000   3532.336    160.000   3531.841    624.59998
4     45.000   3536.297     40.000   3535.916    160.000   3531.841    165.000   3531.676    489.39999
4     50.000   3536.002     45.000   3536.297    165.000   3531.676    170.000   3531.827    676.87000
4     55.000   3536.658     50.000   3536.002    170.000   3531.827    175.000   3531.568   1024.30005
4     60.000   3536.894     55.000   3536.658    175.000   3531.568    180.000   3531.403    997.27002
4     65.000   3537.003     60.000   3536.894    180.000   3531.403    185.000   3531.192    473.39001
4     70.000   3536.123     65.000   3537.003    185.000   3531.192    190.000   3531.906    548.91998
4     75.000   3536.578     70.000   3536.123    190.000   3531.906    195.000   3531.375    865.52002
4     80.000   3537.228     75.000   3536.578    195.000   3531.375    200.000   3531.340   1010.70001
4     85.000   3536.619     80.000   3537.228    200.000   3531.340    205.000   3531.047    526.54999
4     90.000   3535.969     85.000   3536.619    205.000   3531.047    210.000   3531.996    944.84003
4     95.000   3536.352     90.000   3535.969    210.000   3531.996    215.000   3531.006   1327.40002
4    100.000   3535.908     95.000   3536.352    215.000   3531.006    220.000   3530.621    355.91000
4    105.000   3535.457    100.000   3535.908    220.000   3530.621    225.000   3530.616    348.63000
4    110.000   3534.277    105.000   3535.457    225.000   3530.616    230.000   3529.883    668.91998
4    115.000   3534.712    110.000   3534.277    230.000   3529.883    235.000   3529.435    553.42999
4    120.000   3535.212    125.000   3534.914    240.000   3529.129    245.000   3529.688    690.58002
4    125.000   3534.914    130.000   3534.113    245.000   3529.688    250.000   3530.310    736.90002
4    130.000   3534.113    135.000   3532.749    250.000   3530.310    255.000   3530.336    587.73999
4    135.000   3532.749    140.000   3533.766    255.000   3530.336    260.000   3530.283    686.07001
4    140.000   3533.766    145.000   3533.086    260.000   3530.283    265.000   3530.628    782.40002
4    145.000   3533.086    150.000   3532.774    265.000   3530.628    270.000   3530.340   1100.59998
4    150.000   3532.774    155.000   3532.336    270.000   3530.340    275.000   3529.132    714.66998
4    155.000   3532.336    160.000   3531.841    275.000   3529.132    280.000   3528.217    737.97998
4    165.000   3531.676    170.000   3531.827    285.000   3527.264    290.000   3527.672    679.03998
4    170.000   3531.827    175.000   3531.568    290.000   3527.672    295.000   3529.983    647.81000
4    175.000   3531.568    180.000   3531.403    295.000   3529.983    300.000   3531.271    557.35999
4    180.000   3531.403    185.000   3531.192    300.000   3531.271    305.000   3531.428    520.27002
4    185.000   3531.192    190.000   3531.906    305.000   3531.428    310.000   3531.441    531.31000
4    195.000   3531.375    200.000   3531.340    315.000   3530.702    320.000   3529.981    307.87000
4    200.000   3531.340    205.000   3531.047    320.000   3529.981    325.000   3529.592    223.67000
4    245.000   3529.688    250.000   3530.310    365.000   3528.668    370.000   3528.795    717.63000
4    250.000   3530.310    255.000   3530.336    370.000   3528.795    375.000   3528.793    895.52002
4    255.000   3530.336    260.000   3530.283    375.000   3528.793    380.000   3528.198    847.39001
4    260.000   3530.283    265.000   3530.628    380.000   3528.198    385.000   3528.404    746.65997
4    265.000   3530.628    270.000   3530.340    385.000   3528.404    390.000   3528.534    735.12000
4    270.000   3530.340    275.000   3529.132    390.000   3528.534    395.000   3528.117    866.41998
4    280.000   3528.217    285.000   3527.264    400.000   3527.942    405.000   3528.261    372.92999
4    285.000   3527.264    290.000   3527.672    405.000   3528.261    410.000   3528.820    525.79999
4    290.000   3527.672    295.000   3529.983    410.000   3528.820    415.000   3528.086    579.39001
4    300.000   3531.271    305.000   3531.428    420.000   3528.102    425.000   3527.629    375.95999
4    305.000   3531.428    310.000   3531.441    425.000   3527.629    430.000   3528.047    327.06000
4    325.000   3529.592    330.000   3529.857    445.000   3527.956    450.000   3527.941    416.32999
4    330.000   3529.857    335.000   3529.834    450.000   3527.941    455.000   3528.823    481.59000
4    335.000   3529.834    340.000   3529.214    455.000   3528.823    460.000   3528.951    804.73999
4    340.000   3529.214    345.000   3529.238    460.000   3528.951    465.000   3528.468   1204.40002
4    345.000   3529.238    350.000   3529.773    465.000   3528.468    470.000   3528.471    473.94000
4    350.000   3529.773    355.000   3530.493    470.000   3528.471    475.000   3528.141    310.89999
4    360.000   3529.237    365.000   3528.668    480.000   3527.527    485.000   3527.177   1020.20001
4    365.000   3528.668    370.000   3528.795    485.000   3527.177    490.000   3527.388   1365.69995
4    370.000   3528.795    375.000   3528.793    490.000   3527.388    495.000   3526.652   1069.09998
4    375.000   3528.793    380.000   3528.198    495.000   3526.652    500.000   3527.534    766.72998
4    380.000   3528.198    385.000   3528.404    500.000   3527.534    505.000   3527.118   1155.59998
4    385.000   3528.404    390.000   3528.534    505.000   3527.118    510.000   3527.157    875.22998
4    390.000   3528.534    395.000   3528.117    510.000   3527.157    515.000   3525.908   1213.59998
4    395.000   3528.117    400.000   3527.942    515.000   3525.908    520.000   3526.905    703.85999
4    400.000   3527.942    405.000   3528.261    520.000   3526.905    525.000   3526.745    575.94000
4    405.000   3528.261    410.000   3528.820    525.000   3526.745    530.000   3526.591    644.26001
4    410.000   3528.820    415.000   3528.086    530.000   3526.591    535.000   3527.357    456.79001
4    415.000   3528.086    420.000   3528.102    535.000   3527.357    540.000   3526.634    352.78000
4    420.000   3528.102    425.000   3527.629    540.000   3526.634    545.000   3525.510    531.35999
4    425.000   3527.629    430.000   3528.047    545.000   3525.510    550.000   3526.853    560.69000
4    430.000   3528.047    435.000   3527.743    550.000   3526.853    555.000   3526.048    702.77002
4    435.000   3527.743    440.000   3527.326    555.000   3526.048    560.000   3526.487    448.92999
4    440.000   3527.326    445.000   3527.956    560.000   3526.487    565.000   3527.398    634.09003
4    445.000   3527.956    450.000   3527.941    565.000   3527.398    570.000   3526.960    562.47998
4    450.000   3527.941    455.000   3528.823    570.000   3526.960    575.000   3526.592    522.90997
4    455.000   3528.823    460.000   3528.951    575.000   3526.592    580.000   3527.394    940.01001
4    460.000   3528.951    465.000   3528.468    580.000   3527.394    585.000   3526.593    550.97998
4    465.000   3528.468    470.000   3528.471    585.000   3526.593    590.000   3527.791    269.98001
4    470.000   3528.471    475.000   3528.141    590.000   3527.791    595.000   3527.384    319.04999
4    480.000   3527.527    485.000   3527.177    600.000   3529.998    605.000   3529.582    827.89001
4    485.000   3527.177    490.000   3527.388    605.000   3529.582    610.000   3528.825   1111.80005
4    490.000   3527.388    495.000   3526.652    610.000   3528.825    615.000   3528.415    756.66998
4    495.000   3526.652    500.000   3527.534    615.000   3528.415    620.000   3528.510    618.58002
4    500.000   3527.534    505.000   3527.118    620.000   3528.510    625.000   3527.819   1197.19995
4    505.000   3527.118    510.000   3527.157    625.000   3527.819    630.000   3528.454   1040.30005
4    510.000   3527.157    515.000   3525.908    630.000   3528.454    635.000   3528.886   1205.80005
4    515.000   3525.908    520.000   3526.905    635.000   3528.886    640.000   3527.488    975.59998
4    520.000   3526.905    525.000   3526.745    640.000   3527.488    645.000   3527.672    898.25000
4    525.000   3526.745    530.000   3526.591    645.000   3527.672    650.000   3528.200    734.07001
4    530.000   3526.591    535.000   3527.357    650.000   3528.200    655.000   3529.473    443.82999
4    535.000   3527.357    540.000   3526.634    655.000   3529.473    660.000   3529.993    394.88000
4    540.000   3526.634    545.000   3525.510    660.000   3529.993    665.000   3530.034    672.29999
4    545.000   3525.510    550.000   3526.853    665.000   3530.034    670.000   3530.643    605.28003
4    550.000   3526.853    555.000   3526.048    670.000   3530.643    675.000   3527.818    489.75000
4    555.000   3526.048    560.000   3526.487    675.000   3527.818    680.000   3526.413    588.65997
4    560.000   3526.487    565.000   3527.398    680.000   3526.413    685.000   3526.269    997.82001
4    565.000   3527.398    570.000   3526.960    685.000   3526.269    690.000   3526.612    685.46997
4    570.000   3526.960    575.000   3526.592    690.000   3526.612    695.000   3526.329    422.81000
4    575.000   3526.592    580.000   3527.394    695.000   3526.329    700.000   3526.876    282.59000
4    580.000   3527.394    585.000   3526.593    700.000   3526.876    705.000   3524.158    284.10999
4    585.000   3526.593    590.000   3527.791    705.000   3524.158    710.000   3524.108    176.25000
4    590.000   3527.791    595.000   3527.384    710.000   3524.108    715.000   3526.427    595.01001
4    600.000   3529.998    605.000   3529.582    720.000   3525.501    725.000   3525.778    944.41998
4    605.000   3529.582    610.000   3528.825    725.000   3525.778    730.000   3525.740    900.32001
4    610.000   3528.825    615.000   3528.415    730.000   3525.740    735.000   3524.771    801.23999
4    615.000   3528.415    620.000   3528.510    735.000   3524.771    740.000   3524.128    903.84003
4    620.000   3528.510    625.000   3527.819    740.000   3524.128    745.000   3522.933    818.01001
4    625.000   3527.819    630.000   3528.454    745.000   3522.933    750.000   3522.061    723.59003
4    630.000   3528.454    635.000   3528.886    750.000   3522.061    755.000   3521.187   1011.59998
4    635.000   3528.886    640.000   3527.488    755.000   3521.187    760.000   3520.309    957.06000
4    640.000   3527.488    645.000   3527.672    760.000   3520.309    765.000   3520.193    764.59998
4    645.000   3527.672    650.000   3528.200    765.000   3520.193    770.000   3520.998    579.40997
4    650.000   3528.200    655.000   3529.473    770.000   3520.998    775.000   3518.842    415.35001
4    655.000   3529.473    660.000   3529.993    775.000   3518.842    780.000   3516.981    435.76999
4    660.000   3529.993    665.000   3530.034    780.000   3516.981    785.000   3516.559    925.15002
4    665.000   3530.034    670.000   3530.643    785.000   3516.559    790.000   3518.217   1202.90002
4    670.000   3530.643    675.000   3527.818    790.000   3518.217    795.000   3519.814    720.95001
4    675.000   3527.818    680.000   3526.413    795.000   3519.814    800.000   3517.544    693.53003
4    680.000   3526.413    685.000   3526.269    800.000   3517.544    805.000   3518.710    784.46002
4    685.000   3526.269    690.000   3526.612    805.000   3518.710    810.000   3518.812    800.65997
4    690.000   3526.612    695.000   3526.329    810.000   3518.812    815.000   3518.638    556.59998
4    695.000   3526.329    700.000   3526.876    815.000   3518.638    820.000   3517.048    446.34000
4    700.000   3526.876    705.000   3524.158    820.000   3517.048    825.000   3517.013   1016.40002
4    705.000   3524.158    710.000   3524.108    825.000   3517.013    830.000   3517.136    688.21997
4    710.000   3524.108    715.000   3526.427    830.000   3517.136    835.000   3516.854    898.57001
4      5.000   3536.266      0.000   3536.244    125.000   3534.914    130.000   3534.113    481.89999
4     10.000   3536.478      5.000   3536.266    130.000   3534.113    135.000   3532.749    431.17999
4     15.000   3536.152     10.000   3536.478    135.000   3532.749    140.000   3533.766    637.23999
4     20.000   3535.809     15.000   3536.152    140.000   3533.766    145.000   3533.086    718.25000
4     25.000   3536.244     20.000   3535.809    145.000   3533.086    150.000   3532.774    552.31000
4     30.000   3535.974     25.000   3536.244    150.000   3532.774    155.000   3532.336    425.01001
4     35.000   3535.861     30.000   3535.974    155.000   3532.336    160.000   3531.841    594.82001
4     40.000   3535.916     35.000   3535.861    160.000   3531.841    165.000   3531.676    532.98999
4     45.000   3536.297     40.000   3535.916    165.000   3531.676    170.000   3531.827    508.85999
4     50.000   3536.002     45.000   3536.297    170.000   3531.827    175.000   3531.568    671.12000
4     55.000   3536.658     50.000   3536.002    175.000   3531.568    180.000   3531.403   1026.40002
4     65.000   3537.003     60.000   3536.894    185.000   3531.192    190.000   3531.906    553.91998
4     70.000   3536.123     65.000   3537.003    190.000   3531.906    195.000   3531.375    420.82001
4     75.000   3536.578     70.000   3536.123    195.000   3531.375    200.000   3531.340   1090.40002
4     80.000   3537.228     75.000   3536.578    200.000   3531.340    205.000   3531.047    698.01001
4     85.000   3536.619     80.000   3537.228    205.000   3531.047    210.000   3531.996    876.96002
4     90.000   3535.969     85.000   3536.619    210.000   3531.996    215.000   3531.006   1243.69995
4     95.000   3536.352     90.000   3535.969    215.000   3531.006    220.000   3530.621    860.57001
4    100.000   3535.908     95.000   3536.352    220.000   3530.621    225.000   3530.616    352.48001
4    105.000   3535.457    100.000   3535.908    225.000   3530.616    230.000   3529.883    333.29001
4    110.000   3534.277    105.000   3535.457    230.000   3529.883    235.000   3529.435    785.07001
4    120.000   3535.212    125.000   3534.914    245.000   3529.688    250.000   3530.310    693.89001
4    125.000   3534.914    130.000   3534.113    250.000   3530.310    255.000   3530.336    648.53003
4    130.000   3534.113    135.000   3532.749    255.000   3530.336    260.000   3530.283    725.51001
4    135.000   3532.749    140.000   3533.766    260.000   3530.283    265.000   3530.628    808.26001
4    140.000   3533.766    145.000   3533.086    265.000   3530.628    270.000   3530.340   1068.19995
4    145.000   3533.086    150.000   3532.774    270.000   3530.340    275.000   3529.132    745.57001
4    150.000   3532.774    155.000   3532.336    275.000   3529.132    280.000   3528.217    672.12000
4    160.000   3531.841    165.000   3531.676    285.000   3527.264    290.000   3527.672    661.35999
4    165.000   3531.676    170.000   3531.827    290.000   3527.672    295.000   3529.983    655.35999
4    170.000   3531.827    175.000   3531.568    295.000   3529.983    300.000   3531.271    591.73999
4    175.000   3531.568    180.000   3531.403    300.000   3531.271    305.000   3531.428    529.40002
4    180.000   3531.403    185.000   3531.192    305.000   3531.428    310.000   3531.441    536.29999
4    185.000   3531.192    190.000   3531.906    310.000   3531.441    315.000   3530.702    639.17999
4    190.000   3531.906    195.000   3531.375    315.000   3530.702    320.000   3529.981    260.01001
4    195.000   3531.375    200.000   3531.340    320.000   3529.981    325.000   3529.592    340.45001
4    245.000   3529.688    250.000   3530.310    370.000   3528.795    375.000   3528.793   1021.20001
4    250.000   3530.310    255.000   3530.336    375.000   3528.793    380.000   3528.198    844.45001
4    255.000   3530.336    260.000   3530.283    380.000   3528.198    385.000   3528.404    732.21002
4    260.000   3530.283    265.000   3530.628    385.000   3528.404    390.000   3528.534    731.16998
4    265.000   3530.628    270.000   3530.340    390.000   3528.534    395.000   3528.117   1069.90002
4    270.000   3530.340    275.000   3529.132    395.000   3528.117    400.000   3527.942    590.48999
4    280.000   3528.217    285.000   3527.264    405.000   3528.261    410.000   3528.820    410.07001
4    285.000   3527.264    290.000   3527.672    410.000   3528.820    415.000   3528.086    457.73001
4    300.000   3531.271    305.000   3531.428    425.000   3527.629    430.000   3528.047    352.35999
4    305.000   3531.428    310.000   3531.441    430.000   3528.047    435.000   3527.743    369.60999
4    325.000   3529.592    330.000   3529.857    450.000   3527.941    455.000   3528.823    497.19000
4    330.000   3529.857    335.000   3529.834    455.000   3528.823    460.000   3528.951    779.72998
4    335.000   3529.834    340.000   3529.214    460.000   3528.951    465.000   3528.468   1087.90002
4    340.000   3529.214    345.000   3529.238    465.000   3528.468    470.000   3528.471    879.92999
4    345.000   3529.238    350.000   3529.773    470.000   3528.471    475.000   3528.141    381.75000
4    360.000   3529.237    365.000   3528.668    485.000   3527.177    490.000   3527.388   1270.90002
4    365.000   3528.668    370.000   3528.795    490.000   3527.388    495.000   3526.652    931.58002
4    370.000   3528.795    375.000   3528.793    495.000   3526.652    500.000   3527.534    844.21002
4    375.000   3528.793    380.000   3528.198    500.000   3527.534    505.000   3527.118   1342.09998
4    380.000   3528.198    385.000   3528.404    505.000   3527.118    510.000   3527.157    951.07001
4    385.000   3528.404    390.000   3528.534    510.000   3527.157    515.000   3525.908    983.96002
4    390.000   3528.534    395.000   3528.117    515.000   3525.908    520.000   3526.905   1112.30005
4    395.000   3528.117    400.000   3527.942    520.000   3526.905    525.000   3526.745    765.91998
4    400.000   3527.942    405.000   3528.261    525.000   3526.745    530.000   3526.591    637.71002
4    405.000   3528.261    410.000   3528.820    530.000   3526.591    535.000   3527.357    604.72998
4    410.000   3528.820    415.000   3528.086    535.000   3527.357    540.000   3526.634    477.12000
4    415.000   3528.086    420.000   3528.102    540.000   3526.634    545.000   3525.510    360.84000
4    420.000   3528.102    425.000   3527.629    545.000   3525.510    550.000   3526.853    616.50000
4    425.000   3527.629    430.000   3528.047    550.000   3526.853    555.000   3526.048    553.56000
4    430.000   3528.047    435.000   3527.743    555.000   3526.048    560.000   3526.487    495.89001
4    435.000   3527.743    440.000   3527.326    560.000   3526.487    565.000   3527.398    582.04999
4    440.000   3527.326    445.000   3527.956    565.000   3527.398    570.000   3526.960    488.16000
4    445.000   3527.956    450.000   3527.941    570.000   3526.960    575.000   3526.592    408.19000
4    450.000   3527.941    455.000   3528.823    575.000   3526.592    580.000   3527.394    649.32001
4    455.000   3528.823    460.000   3528.951    580.000   3527.394    585.000   3526.593    414.14999
4    460.000   3528.951    465.000   3528.468    585.000   3526.593    590.000   3527.791    473.14001
4    465.000   3528.468    470.000   3528.471    590.000   3527.791    595.000   3527.384    521.39001
4    480.000   3527.527    485.000   3527.177    605.000   3529.582    610.000   3528.825    991.90002
4    485.000   3527.177    490.000   3527.388    610.000   3528.825    615.000   3528.415   1299.59998
4    490.000   3527.388    495.000   3526.652    615.000   3528.415    620.000   3528.510    836.56000
4    495.000   3526.652    500.000   3527.534    620.000   3528.510    625.000   3527.819    724.65997
4    500.000   3527.534    505.000   3527.118    625.000   3527.819    630.000   3528.454   1307.40002
4    505.000   3527.118    510.000   3527.157    630.000   3528.454    635.000   3528.886   1208.80005
4    510.000   3527.157    515.000   3525.908    635.000   3528.886    640.000   3527.488   1220.40002
4    515.000   3525.908    520.000   3526.905    640.000   3527.488    645.000   3527.672    926.71002
4    520.000   3526.905    525.000   3526.745    645.000   3527.672    650.000   3528.200    714.38000
4    525.000   3526.745    530.000   3526.591    650.000   3528.200    655.000   3529.473    530.59998
4    530.000   3526.591    535.000   3527.357    655.000   3529.473    660.000   3529.993    446.48999
4    535.000   3527.357    540.000   3526.634    660.000   3529.993    665.000   3530.034    734.51001
4    540.000   3526.634    545.000   3525.510    665.000   3530.034    670.000   3530.643    565.48999
4    545.000   3525.510    550.000   3526.853    670.000   3530.643    675.000   3527.818    537.95001
4    550.000   3526.853    555.000   3526.048    675.000   3527.818    680.000   3526.413    844.47998
4    555.000   3526.048    560.000   3526.487    680.000   3526.413    685.000   3526.269    793.46002
4    560.000   3526.487    565.000   3527.398    685.000   3526.269    690.000   3526.612    957.89001
4    565.000   3527.398    570.000   3526.960    690.000   3526.612    695.000   3526.329    556.04999
4    570.000   3526.960    575.000   3526.592    695.000   3526.329    700.000   3526.876    235.48000
4    575.000   3526.592    580.000   3527.394    700.000   3526.876    705.000   3524.158    608.17999
4    580.000   3527.394    585.000   3526.593    705.000   3524.158    710.000   3524.108    193.70000
4    585.000   3526.593    590.000   3527.791    710.000   3524.108    715.000   3526.427    271.47000
4    600.000   3529.998    605.000   3529.582    725.000   3525.778    730.000   3525.740    864.65002
4    605.000   3529.582    610.000   3528.825    730.000   3525.740    735.000   3524.771    750.26001
4    610.000   3528.825    615.000   3528.415    735.000   3524.771    740.000   3524.128    932.03998
4    615.000   3528.415    620.000   3528.510    740.000   3524.128    745.000   3522.933    727.46002
4    620.000   3528.510    625.000   3527.819    745.000   3522.933    750.000   3522.061    754.89001
4    625.000   3527.819    630.000   3528.454    750.000   3522.061    755.000   3521.187    953.46002
4    630.000   3528.454    635.000   3528.886    755.000   3521.187    760.000   3520.309   1066.00000
4    635.000   3528.886    640.000   3527.488    760.000   3520.309    765.000   3520.193    944.76001
4    645.000   3527.672    650.000   3528.200    770.000   3520.998    775.000   3518.842    637.57001
4    650.000   3528.200    655.000   3529.473    775.000   3518.842    780.000   3516.981    472.70999
4    655.000   3529.473    660.000   3529.993    780.000   3516.981    785.000   3516.559    508.70999
4    660.000   3529.993    665.000   3530.034    785.000   3516.559    790.000   3518.217   1403.50000
4    665.000   3530.034    670.000   3530.643    790.000   3518.217    795.000   3519.814    824.81000
4    670.000   3530.643    675.000   3527.818    795.000   3519.814    800.000   3517.544    422.98999
4    675.000   3527.818    680.000   3526.413    800.000   3517.544    805.000   3518.710    606.33002
4    680.000   3526.413    685.000   3526.269    805.000   3518.710    810.000   3518.812    941.57001
4    685.000   3526.269    690.000   3526.612    810.000   3518.812    815.000   3518.638    712.26001
4    690.000   3526.612    695.000   3526.329    815.000   3518.638    820.000   3517.048    667.97998
4    695.000   3526.329    700.000   3526.876    820.000   3517.048    825.000   3517.013    530.72998
4    700.000   3526.876    705.000   3524.158    825.000   3517.013    830.000   3517.136   1132.50000
4    705.000   3524.158    710.000   3524.108    830.000   3517.136    835.000   3516.854    581.58002
4      5.000   3536.266      0.000   3536.244    130.000   3534.113    135.000   3532.749    431.89999
4     10.000   3536.478      5.000   3536.266    135.000   3532.749    140.000   3533.766    415.26999
4     15.000   3536.152     10.000   3536.478    140.000   3533.766    145.000   3533.086    657.44000
4     20.000   3535.809     15.000   3536.152    145.000   3533.086    150.000   3532.774    777.32001
4     25.000   3536.244     20.000   3535.809    150.000   3532.774    155.000   3532.336    542.32001
4     30.000   3535.974     25.000   3536.244    155.000   3532.336    160.000   3531.841    523.92999
4     35.000   3535.861     30.000   3535.974    160.000   3531.841    165.000   3531.676    522.21997
4     40.000   3535.916     35.000   3535.861    165.000   3531.676    170.000   3531.827    539.60999
4     45.000   3536.297     40.000   3535.916    170.000   3531.827    175.000   3531.568    474.13000
4     50.000   3536.002     45.000   3536.297    175.000   3531.568    180.000   3531.403    649.13000
4     55.000   3536.658     50.000   3536.002    180.000   3531.403    185.000   3531.192   1022.50000
4     60.000   3536.894     55.000   3536.658    185.000   3531.192    190.000   3531.906    990.57001
4     65.000   3537.003     60.000   3536.894    190.000   3531.906    195.000   3531.375    427.95999
4     70.000   3536.123     65.000   3537.003    195.000   3531.375    200.000   3531.340    521.16998
4     75.000   3536.578     70.000   3536.123    200.000   3531.340    205.000   3531.047    744.09998
4     80.000   3537.228     75.000   3536.578    205.000   3531.047    210.000   3531.996   1153.30005
4     85.000   3536.619     80.000   3537.228    210.000   3531.996    215.000   3531.006   1169.00000
4     90.000   3535.969     85.000   3536.619    215.000   3531.006    220.000   3530.621    772.78003
4     95.000   3536.352     90.000   3535.969    220.000   3530.621    225.000   3530.616    842.45001
4    100.000   3535.908     95.000   3536.352    225.000   3530.616    230.000   3529.883    327.63000
4    105.000   3535.457    100.000   3535.908    230.000   3529.883    235.000   3529.435    411.63000
4    120.000   3535.212    125.000   3534.914    250.000   3530.310    255.000   3530.336    601.50000
4    125.000   3534.914    130.000   3534.113    255.000   3530.336    260.000   3530.283    779.56000
4    130.000   3534.113    135.000   3532.749    260.000   3530.283    265.000   3530.628    866.52002
4    135.000   3532.749    140.000   3533.766    265.000   3530.628    270.000   3530.340   1090.40002
4    140.000   3533.766    145.000   3533.086    270.000   3530.340    275.000   3529.132    731.71997
4    145.000   3533.086    150.000   3532.774    275.000   3529.132    280.000   3528.217    692.57001
4    155.000   3532.336    160.000   3531.841    285.000   3527.264    290.000   3527.672    785.71997
4    160.000   3531.841    165.000   3531.676    290.000   3527.672    295.000   3529.983    633.32001
4    165.000   3531.676    170.000   3531.827    295.000   3529.983    300.000   3531.271    588.66998
4    170.000   3531.827    175.000   3531.568    300.000   3531.271    305.000   3531.428    558.58002
4    175.000   3531.568    180.000   3531.403    305.000   3531.428    310.000   3531.441    531.40997
4    185.000   3531.192    190.000   3531.906    315.000   3530.702    320.000   3529.981    349.10001
4    190.000   3531.906    195.000   3531.375    320.000   3529.981    325.000   3529.592    278.20999
4    245.000   3529.688    250.000   3530.310    375.000   3528.793    380.000   3528.198    985.69000
4    250.000   3530.310    255.000   3530.336    380.000   3528.198    385.000   3528.404    744.89001
4    255.000   3530.336    260.000   3530.283    385.000   3528.404    390.000   3528.534    707.50000
4    260.000   3530.283    265.000   3530.628    390.000   3528.534    395.000   3528.117   1043.50000
4    265.000   3530.628    270.000   3530.340    395.000   3528.117    400.000   3527.942    760.46997
4    270.000   3530.340    275.000   3529.132    400.000   3527.942    405.000   3528.261    416.35999
4    280.000   3528.217    285.000   3527.264    410.000   3528.820    415.000   3528.086    338.16000
4    285.000   3527.264    290.000   3527.672    415.000   3528.086    420.000   3528.102    295.19000
4    290.000   3527.672    295.000   3529.983    420.000   3528.102    425.000   3527.629    514.89001
4    300.000   3531.271    305.000   3531.428    430.000   3528.047    435.000   3527.743    411.85001
4    305.000   3531.428    310.000   3531.441    435.000   3527.743    440.000   3527.326    385.57001
4    320.000   3529.981    325.000   3529.592    450.000   3527.941    455.000   3528.823    598.21002
4    325.000   3529.592    330.000   3529.857    455.000   3528.823    460.000   3528.951    788.91998
4    330.000   3529.857    335.000   3529.834    460.000   3528.951    465.000   3528.468   1034.90002
4    335.000   3529.834    340.000   3529.214    465.000   3528.468    470.000   3528.471    782.92999
4    340.000   3529.214    345.000   3529.238    470.000   3528.471    475.000   3528.141    590.28003
4    360.000   3529.237    365.000   3528.668    490.000   3527.388    495.000   3526.652    828.56000
4    365.000   3528.668    370.000   3528.795    495.000   3526.652    500.000   3527.534    728.84998
4    370.000   3528.795    375.000   3528.793    500.000   3527.534    505.000   3527.118   1479.19995
4    375.000   3528.793    380.000   3528.198    505.000   3527.118    510.000   3527.157   1134.90002
4    380.000   3528.198    385.000   3528.404    510.000   3527.157    515.000   3525.908   1072.80005
4    385.000   3528.404    390.000   3528.534    515.000   3525.908    520.000   3526.905    904.46002
4    390.000   3528.534    395.000   3528.117    520.000   3526.905    525.000   3526.745   1181.40002
4    395.000   3528.117    400.000   3527.942    525.000   3526.745    530.000   3526.591    845.63000
4    400.000   3527.942    405.000   3528.261    530.000   3526.591    535.000   3527.357    597.39001
4    405.000   3528.261    410.000   3528.820    535.000   3527.357    540.000   3526.634    651.15002
4    410.000   3528.820    415.000   3528.086    540.000   3526.634    545.000   3525.510    501.56000
4    415.000   3528.086    420.000   3528.102    545.000   3525.510    550.000   3526.853    417.04001
4    420.000   3528.102    425.000   3527.629    550.000   3526.853    555.000   3526.048    627.15002
4    425.000   3527.629    430.000   3528.047    555.000   3526.048    560.000   3526.487    397.09000
4    430.000   3528.047    435.000   3527.743    560.000   3526.487    565.000   3527.398    641.40997
4    435.000   3527.743    440.000   3527.326    565.000   3527.398    570.000   3526.960    392.23001
4    440.000   3527.326    445.000   3527.956    570.000   3526.960    575.000   3526.592    342.47000
4    445.000   3527.956    450.000   3527.941    575.000   3526.592    580.000   3527.394    513.46997
4    450.000   3527.941    455.000   3528.823    580.000   3527.394    585.000   3526.593    313.89001
4    455.000   3528.823    460.000   3528.951    585.000   3526.593    590.000   3527.791    323.32999
4    460.000   3528.951    465.000   3528.468    590.000   3527.791    595.000   3527.384    818.87000
4    480.000   3527.527    485.000   3527.177    610.000   3528.825    615.000   3528.415   1167.90002
4    485.000   3527.177    490.000   3527.388    615.000   3528.415    620.000   3528.510   1447.90002
4    490.000   3527.388    495.000   3526.652    620.000   3528.510    625.000   3527.819   1021.00000
4    495.000   3526.652    500.000   3527.534    625.000   3527.819    630.000   3528.454    780.72998
4    500.000   3527.534    505.000   3527.118    630.000   3528.454    635.000   3528.886   1525.90002
4    505.000   3527.118    510.000   3527.157    635.000   3528.886    640.000   3527.488   1217.19995
4    510.000   3527.157    515.000   3525.908    640.000   3527.488    645.000   3527.672   1140.80005
4    515.000   3525.908    520.000   3526.905    645.000   3527.672    650.000   3528.200    733.51001
4    520.000   3526.905    525.000   3526.745    650.000   3528.200    655.000   3529.473    502.79001
4    525.000   3526.745    530.000   3526.591    655.000   3529.473    660.000   3529.993    515.41998
4    530.000   3526.591    535.000   3527.357    660.000   3529.993    665.000   3530.034    821.09003
4    535.000   3527.357    540.000   3526.634    665.000   3530.034    670.000   3530.643    622.19000
4    540.000   3526.634    545.000   3525.510    670.000   3530.643    675.000   3527.818    513.85999
4    545.000   3525.510    550.000   3526.853    675.000   3527.818    680.000   3526.413    918.75000
4    550.000   3526.853    555.000   3526.048    680.000   3526.413    685.000   3526.269   1162.69995
4    555.000   3526.048    560.000   3526.487    685.000   3526.269    690.000   3526.612    764.81000
4    560.000   3526.487    565.000   3527.398    690.000   3526.612    695.000   3526.329    786.98999
4    565.000   3527.398    570.000   3526.960    695.000   3526.329    700.000   3526.876    317.32999
4    570.000   3526.960    575.000   3526.592    700.000   3526.876    705.000   3524.158    527.13000
4    575.000   3526.592    580.000   3527.394    705.000   3524.158    710.000   3524.108    431.01001
4    580.000   3527.394    585.000   3526.593    710.000   3524.108    715.000   3526.427    286.69000
4    600.000   3529.998    605.000   3529.582    730.000   3525.740    735.000   3524.771    721.78998
4    605.000   3529.582    610.000   3528.825    735.000   3524.771    740.000   3524.128    869.92999
4    610.000   3528.825    615.000   3528.415    740.000   3524.128    745.000   3522.933    755.17999
4    615.000   3528.415    620.000   3528.510    745.000   3522.933    750.000   3522.061    670.62000
4    620.000   3528.510    625.000   3527.819    750.000   3522.061    755.000   3521.187    995.04999
4    625.000   3527.819    630.000   3528.454    755.000   3521.187    760.000   3520.309   1014.90002
4    630.000   3528.454    635.000   3528.886    760.000   3520.309    765.000   3520.193   1038.40002
4    635.000   3528.886    640.000   3527.488    765.000   3520.193    770.000   3520.998    887.03003
4    640.000   3527.488    645.000   3527.672    770.000   3520.998    775.000   3518.842    912.14001
4    645.000   3527.672    650.000   3528.200    775.000   3518.842    780.000   3516.981    755.27002
4    650.000   3528.200    655.000   3529.473    780.000   3516.981    785.000   3516.559    550.46997
4    655.000   3529.473    660.000   3529.993    785.000   3516.559    790.000   3518.217    779.06000
4    660.000   3529.993    665.000   3530.034    790.000   3518.217    795.000   3519.814    966.38000
4    665.000   3530.034    670.000   3530.643    795.000   3519.814    800.000   3517.544    518.81000
4    670.000   3530.643    675.000   3527.818    800.000   3517.544    805.000   3518.710    358.20999
4    675.000   3527.818    680.000   3526.413    805.000   3518.710    810.000   3518.812    723.50000
4    680.000   3526.413    685.000   3526.269    810.000   3518.812    815.000   3518.638    855.03003
4    685.000   3526.269    690.000   3526.612    815.000   3518.638    820.000   3517.048    846.94000
4    690.000   3526.612    695.000   3526.329    820.000   3517.048    825.000   3517.013    799.90997
4    695.000   3526.329    700.000   3526.876    825.000   3517.013    830.000   3517.136    596.71997
4    700.000   3526.876    705.000   3524.158    830.000   3517.136    835.000   3516.854    952.87000
4      5.000   3536.266      0.000   3536.244    135.000   3532.749    140.000   3533.766    404.85999
4     10.000   3536.478      5.000   3536.266    140.000   3533.766    145.000   3533.086    422.63000
4     15.000   3536.152     10.000   3536.478    145.000   3533.086    150.000   3532.774    712.28003
4     20.000   3535.809     15.000   3536.152    150.000   3532.774    155.000   3532.336    767.15997
4     25.000   3536.244     20.000   3535.809    155.000   3532.336    160.000   3531.841    628.52002
4     30.000   3535.974     25.000   3536.244    160.000   3531.841    165.000   3531.676    438.06000
4     35.000   3535.861     30.000   3535.974    165.000   3531.676    170.000   3531.827    507.50000
4     40.000   3535.916     35.000   3535.861    170.000   3531.827    175.000   3531.568    509.70999
4     45.000   3536.297     40.000   3535.916    175.000   3531.568    180.000   3531.403    482.44000
4     50.000   3536.002     45.000   3536.297    180.000   3531.403    185.000   3531.192    642.40997
4     55.000   3536.658     50.000   3536.002    185.000   3531.192    190.000   3531.906   1085.19995
4     60.000   3536.894     55.000   3536.658    190.000   3531.906    195.000   3531.375    754.65002
4     65.000   3537.003     60.000   3536.894    195.000   3531.375    200.000   3531.340    506.12000
4     70.000   3536.123     65.000   3537.003    200.000   3531.340    205.000   3531.047    359.32999
4     75.000   3536.578     70.000   3536.123    205.000   3531.047    210.000   3531.996   1240.69995
4     80.000   3537.228     75.000   3536.578    210.000   3531.996    215.000   3531.006   1481.00000
4     85.000   3536.619     80.000   3537.228    215.000   3531.006    220.000   3530.621    741.09003
4     90.000   3535.969     85.000   3536.619    220.000   3530.621    225.000   3530.616    773.88000
4     95.000   3536.352     90.000   3535.969    225.000   3530.616    230.000   3529.883    837.95001
4    100.000   3535.908     95.000   3536.352    230.000   3529.883    235.000   3529.435    429.20999
4    120.000   3535.212    125.000   3534.914    255.000   3530.336    260.000   3530.283    734.00000
4    125.000   3534.914    130.000   3534.113    260.000   3530.283    265.000   3530.628    938.53998
4    130.000   3534.113    135.000   3532.749    265.000   3530.628    270.000   3530.340   1161.90002
4    135.000   3532.749    140.000   3533.766    270.000   3530.340    275.000   3529.132    742.96002
4    140.000   3533.766    145.000   3533.086    275.000   3529.132    280.000   3528.217    680.00000
4    150.000   3532.774    155.000   3532.336    285.000   3527.264    290.000   3527.672    707.67999
4    155.000   3532.336    160.000   3531.841    290.000   3527.672    295.000   3529.983    769.46997
4    160.000   3531.841    165.000   3531.676    295.000   3529.983    300.000   3531.271    565.02002
4    165.000   3531.676    170.000   3531.827    300.000   3531.271    305.000   3531.428    553.35999
4    170.000   3531.827    175.000   3531.568    305.000   3531.428    310.000   3531.441    574.09003
4    175.000   3531.568    180.000   3531.403    310.000   3531.441    315.000   3530.702    638.96997
4    180.000   3531.403    185.000   3531.192    315.000   3530.702    320.000   3529.981    350.29001
4    185.000   3531.192    190.000   3531.906    320.000   3529.981    325.000   3529.592    365.79999
4    245.000   3529.688    250.000   3530.310    380.000   3528.198    385.000   3528.404    871.25000
4    250.000   3530.310    255.000   3530.336    385.000   3528.404    390.000   3528.534    732.34998
4    255.000   3530.336    260.000   3530.283    390.000   3528.534    395.000   3528.117   1013.90002
4    260.000   3530.283    265.000   3530.628    395.000   3528.117    400.000   3527.942    712.35999
4    265.000   3530.628    270.000   3530.340    400.000   3527.942    405.000   3528.261    545.95001
4    270.000   3530.340    275.000   3529.132    405.000   3528.261    410.000   3528.820    451.23999
4    275.000   3529.132    280.000   3528.217    410.000   3528.820    415.000   3528.086    386.07001
4    280.000   3528.217    285.000   3527.264    415.000   3528.086    420.000   3528.102    213.11000
4    285.000   3527.264    290.000   3527.672    420.000   3528.102    425.000   3527.629    415.14999
4    300.000   3531.271    305.000   3531.428    435.000   3527.743    440.000   3527.326    417.67001
4    305.000   3531.428    310.000   3531.441    440.000   3527.326    445.000   3527.956    420.50000
4    320.000   3529.981    325.000   3529.592    455.000   3528.823    460.000   3528.951    963.69000
4    325.000   3529.592    330.000   3529.857    460.000   3528.951    465.000   3528.468   1069.80005
4    330.000   3529.857    335.000   3529.834    465.000   3528.468    470.000   3528.471    741.71997
4    335.000   3529.834    340.000   3529.214    470.000   3528.471    475.000   3528.141    537.65002
4    360.000   3529.237    365.000   3528.668    495.000   3526.652    500.000   3527.534    650.52002
4    365.000   3528.668    370.000   3528.795    500.000   3527.534    505.000   3527.118   1258.50000
4    370.000   3528.795    375.000   3528.793    505.000   3527.118    510.000   3527.157   1214.69995
4    375.000   3528.793    380.000   3528.198    510.000   3527.157    515.000   3525.908   1268.30005
4    380.000   3528.198    385.000   3528.404    515.000   3525.908    520.000   3526.905    997.23999
4    385.000   3528.404    390.000   3528.534    520.000   3526.905    525.000   3526.745    976.60999
4    390.000   3528.534    395.000   3528.117    525.000   3526.745    530.000   3526.591   1341.40002
4    395.000   3528.117    400.000   3527.942    530.000   3526.591    535.000   3527.357    772.51001
4    400.000   3527.942    405.000   3528.261    535.000   3527.357    540.000   3526.634    615.65997
4    405.000   3528.261    410.000   3528.820    540.000   3526.634    545.000   3525.510    651.34998
4    410.000   3528.820    415.000   3528.086    545.000   3525.510    550.000   3526.853    582.42999
4    415.000   3528.086    420.000   3528.102    550.000   3526.853    555.000   3526.048    413.07999
4    420.000   3528.102    425.000   3527.629    555.000   3526.048    560.000   3526.487    453.03000
4    425.000   3527.629    430.000   3528.047    560.000   3526.487    565.000   3527.398    515.40002
4    430.000   3528.047    435.000   3527.743    565.000   3527.398    570.000   3526.960    506.29001
4    435.000   3527.743    440.000   3527.326    570.000   3526.960    575.000   3526.592    269.98001
4    440.000   3527.326    445.000   3527.956    575.000   3526.592    580.000   3527.394    434.92001
4    445.000   3527.956    450.000   3527.941    580.000   3527.394    585.000   3526.593    209.02000
4    450.000   3527.941    455.000   3528.823    585.000   3526.593    590.000   3527.791    271.67999
4    455.000   3528.823    460.000   3528.951    590.000   3527.791    595.000   3527.384    640.41998
4    480.000   3527.527    485.000   3527.177    615.000   3528.415    620.000   3528.510   1300.40002
4    485.000   3527.177    490.000   3527.388    620.000   3528.510    625.000   3527.819   1728.09998
4    490.000   3527.388    495.000   3526.652    625.000   3527.819    630.000   3528.454   1088.59998
4    495.000   3526.652    500.000   3527.534    630.000   3528.454    635.000   3528.886    917.03003
4    500.000   3527.534    505.000   3527.118    635.000   3528.886    640.000   3527.488   1503.19995
4    505.000   3527.118    510.000   3527.157    640.000   3527.488    645.000   3527.672   1120.00000
4    510.000   3527.157    515.000   3525.908    645.000   3527.672    650.000   3528.200    894.77002
4    515.000   3525.908    520.000   3526.905    650.000   3528.200    655.000   3529.473    518.78003
4    520.000   3526.905    525.000   3526.745    655.000   3529.473    660.000   3529.993    478.82999
4    525.000   3526.745    530.000   3526.591    660.000   3529.993    665.000   3530.034    956.90002
4    530.000   3526.591    535.000   3527.357    665.000   3530.034    670.000   3530.643    701.53003
4    535.000   3527.357    540.000   3526.634    670.000   3530.643    675.000   3527.818    556.21002
4    540.000   3526.634    545.000   3525.510    675.000   3527.818    680.000   3526.413    862.95001
4    545.000   3525.510    550.000   3526.853    680.000   3526.413    685.000   3526.269   1262.90002
4    550.000   3526.853    555.000   3526.048    685.000   3526.269    690.000   3526.612   1120.69995
4    555.000   3526.048    560.000   3526.487    690.000   3526.612    695.000   3526.329    623.41998
4    560.000   3526.487    565.000   3527.398    695.000   3526.329    700.000   3526.876    462.76999
4    565.000   3527.398    570.000   3526.960    700.000   3526.876    705.000   3524.158    689.65002
4    575.000   3526.592    580.000   3527.394    710.000   3524.108    715.000   3526.427    587.53998
4    600.000   3529.998    605.000   3529.582    735.000   3524.771    740.000   3524.128    848.96997
4    605.000   3529.582    610.000   3528.825    740.000   3524.128    745.000   3522.933    687.38000
4    610.000   3528.825    615.000   3528.415    745.000   3522.933    750.000   3522.061    695.06000
4    615.000   3528.415    620.000   3528.510    750.000   3522.061    755.000   3521.187    898.60999
4    620.000   3528.510    625.000   3527.819    755.000   3521.187    760.000   3520.309   1053.69995
4    625.000   3527.819    630.000   3528.454    760.000   3520.309    765.000   3520.193    989.82001
4    630.000   3528.454    635.000   3528.886    765.000   3520.193    770.000   3520.998   1038.30005
4    635.000   3528.886    640.000   3527.488    770.000   3520.998    775.000   3518.842   1040.80005
4    640.000   3527.488    645.000   3527.672    775.000   3518.842    780.000   3516.981   1026.80005
4    645.000   3527.672    650.000   3528.200    780.000   3516.981    785.000   3516.559    861.54999
4    650.000   3528.200    655.000   3529.473    785.000   3516.559    790.000   3518.217    806.28003
4    655.000   3529.473    660.000   3529.993    790.000   3518.217    795.000   3519.814    524.78998
4    660.000   3529.993    665.000   3530.034    795.000   3519.814    800.000   3517.544    587.90002
4    670.000   3530.643    675.000   3527.818    805.000   3518.710    810.000   3518.812    433.79001
4    675.000   3527.818    680.000   3526.413    810.000   3518.812    815.000   3518.638    651.82001
4    680.000   3526.413    685.000   3526.269    815.000   3518.638    820.000   3517.048   1001.90002
4    685.000   3526.269    690.000   3526.612    820.000   3517.048    825.000   3517.013   1030.59998
4    690.000   3526.612    695.000   3526.329    825.000   3517.013    830.000   3517.136    895.52002
4    695.000   3526.329    700.000   3526.876    830.000   3517.136    835.000   3516.854    508.37000
4      5.000   3536.266      0.000   3536.244    140.000   3533.766    145.000   3533.086    413.04999
4     10.000   3536.478      5.000   3536.266    145.000   3533.086    150.000   3532.774    463.51999
4     15.000   3536.152     10.000   3536.478    150.000   3532.774    155.000   3532.336    706.57001
4     20.000   3535.809     15.000   3536.152    155.000   3532.336    160.000   3531.841    887.72998
4     25.000   3536.244     20.000   3535.809    160.000   3531.841    165.000   3531.676    537.06000
4     30.000   3535.974     25.000   3536.244    165.000   3531.676    170.000   3531.827    437.97000
4     35.000   3535.861     30.000   3535.974    170.000   3531.827    175.000   3531.568    485.82999
4     40.000   3535.916     35.000   3535.861    175.000   3531.568    180.000   3531.403    508.85999
4     45.000   3536.297     40.000   3535.916    180.000   3531.403    185.000   3531.192    471.67999
4     50.000   3536.002     45.000   3536.297    185.000   3531.192    190.000   3531.906    675.00000
4     55.000   3536.658     50.000   3536.002    190.000   3531.906    195.000   3531.375    823.33002
4     60.000   3536.894     55.000   3536.658    195.000   3531.375    200.000   3531.340    932.01001
4     65.000   3537.003     60.000   3536.894    200.000   3531.340    205.000   3531.047    368.98999
4     70.000   3536.123     65.000   3537.003    205.000   3531.047    210.000   3531.996    643.62000
4     75.000   3536.578     70.000   3536.123    210.000   3531.996    215.000   3531.006   1617.00000
4     80.000   3537.228     75.000   3536.578    215.000   3531.006    220.000   3530.621    959.78003
4     85.000   3536.619     80.000   3537.228    220.000   3530.621    225.000   3530.616    728.53003
4     90.000   3535.969     85.000   3536.619    225.000   3530.616    230.000   3529.883    742.12000
4     95.000   3536.352     90.000   3535.969    230.000   3529.883    235.000   3529.435    972.76001
4    120.000   3535.212    125.000   3534.914    260.000   3530.283    265.000   3530.628    871.38000
4    125.000   3534.914    130.000   3534.113    265.000   3530.628    270.000   3530.340   1219.50000
4    130.000   3534.113    135.000   3532.749    270.000   3530.340    275.000   3529.132    783.90997
4    135.000   3532.749    140.000   3533.766    275.000   3529.132    280.000   3528.217    698.19000
4    145.000   3533.086    150.000   3532.774    285.000   3527.264    290.000   3527.672    737.50000
4    150.000   3532.774    155.000   3532.336    290.000   3527.672    295.000   3529.983    689.98999
4    155.000   3532.336    160.000   3531.841    295.000   3529.983    300.000   3531.271    694.34003
4    160.000   3531.841    165.000   3531.676    300.000   3531.271    305.000   3531.428    534.15002
4    165.000   3531.676    170.000   3531.827    305.000   3531.428    310.000   3531.441    564.62000
4    175.000   3531.568    180.000   3531.403    315.000   3530.702    320.000   3529.981    356.31000
4    180.000   3531.403    185.000   3531.192    320.000   3529.981    325.000   3529.592    376.67999
4    245.000   3529.688    250.000   3530.310    385.000   3528.404    390.000   3528.534    825.35999
4    255.000   3530.336    260.000   3530.283    395.000   3528.117    400.000   3527.942    697.81000
4    260.000   3530.283    265.000   3530.628    400.000   3527.942    405.000   3528.261    513.03003
4    265.000   3530.628    270.000   3530.340    405.000   3528.261    410.000   3528.820    589.33002
4    270.000   3530.340    275.000   3529.132    410.000   3528.820    415.000   3528.086    335.07999
4    275.000   3529.132    280.000   3528.217    415.000   3528.086    420.000   3528.102    235.52000
4    280.000   3528.217    285.000   3527.264    420.000   3528.102    425.000   3527.629    317.45001
4    285.000   3527.264    290.000   3527.672    425.000   3527.629    430.000   3528.047    403.98001
4    290.000   3527.672    295.000   3529.983    430.000   3528.047    435.000   3527.743    557.60999
4    300.000   3531.271    305.000   3531.428    440.000   3527.326    445.000   3527.956    469.03000
4    305.000   3531.428    310.000   3531.441    445.000   3527.956    450.000   3527.941    544.34003
4    310.000   3531.441    315.000   3530.702    450.000   3527.941    455.000   3528.823    861.57001
4    320.000   3529.981    325.000   3529.592    460.000   3528.951    465.000   3528.468   1277.80005
4    325.000   3529.592    330.000   3529.857    465.000   3528.468    470.000   3528.471    764.92999
4    330.000   3529.857    335.000   3529.834    470.000   3528.471    475.000   3528.141    532.53998
4    360.000   3529.237    365.000   3528.668    500.000   3527.534    505.000   3527.118   1132.69995
4    365.000   3528.668    370.000   3528.795    505.000   3527.118    510.000   3527.157   1074.30005
4    370.000   3528.795    375.000   3528.793    510.000   3527.157    515.000   3525.908   1367.30005
4    375.000   3528.793    380.000   3528.198    515.000   3525.908    520.000   3526.905   1140.80005
4    380.000   3528.198    385.000   3528.404    520.000   3526.905    525.000   3526.745   1079.40002
4    385.000   3528.404    390.000   3528.534    525.000   3526.745    530.000   3526.591   1091.50000
4    390.000   3528.534    395.000   3528.117    530.000   3526.591    535.000   3527.357   1241.80005
4    395.000   3528.117    400.000   3527.942    535.000   3527.357    540.000   3526.634    808.41998
4    400.000   3527.942    405.000   3528.261    540.000   3526.634    545.000   3525.510    647.19000
4    405.000   3528.261    410.000   3528.820    545.000   3525.510    550.000   3526.853    752.46997
4    410.000   3528.820    415.000   3528.086    550.000   3526.853    555.000   3526.048    560.65002
4    415.000   3528.086    420.000   3528.102    555.000   3526.048    560.000   3526.487    298.53000
4    420.000   3528.102    425.000   3527.629    560.000   3526.487    565.000   3527.398    575.65002
4    425.000   3527.629    430.000   3528.047    565.000   3527.398    570.000   3526.960    360.85999
4    435.000   3527.743    440.000   3527.326    575.000   3526.592    580.000   3527.394    332.09000
4    440.000   3527.326    445.000   3527.956    580.000   3527.394    585.000   3526.593    196.37000
4    450.000   3527.941    455.000   3528.823    590.000   3527.791    595.000   3527.384    455.78000
4    480.000   3527.527    485.000   3527.177    620.000   3528.510    625.000   3527.819   1523.09998
4    485.000   3527.177    490.000   3527.388    625.000   3527.819    630.000   3528.454   1852.30005
4    490.000   3527.388    495.000   3526.652    630.000   3528.454    635.000   3528.886   1268.90002
4    495.000   3526.652    500.000   3527.534    635.000   3528.886    640.000   3527.488    899.83002
4    500.000   3527.534    505.000   3527.118    640.000   3527.488    645.000   3527.672   1414.50000
4    505.000   3527.118    510.000   3527.157    645.000   3527.672    650.000   3528.200    872.25000
4    510.000   3527.157    515.000   3525.908    650.000   3528.200    655.000   3529.473    633.00000
4    515.000   3525.908    520.000   3526.905    655.000   3529.473    660.000   3529.993    494.20001
4    520.000   3526.905    525.000   3526.745    660.000   3529.993    665.000   3530.034    912.51001
4    525.000   3526.745    530.000   3526.591    665.000   3530.034    670.000   3530.643    806.31000
4    530.000   3526.591    535.000   3527.357    670.000   3530.643    675.000   3527.818    620.28003
4    535.000   3527.357    540.000   3526.634    675.000   3527.818    680.000   3526.413    946.77002
4    540.000   3526.634    545.000   3525.510    680.000   3526.413    685.000   3526.269   1186.69995
4    545.000   3525.510    550.000   3526.853    685.000   3526.269    690.000   3526.612   1203.19995
4    550.000   3526.853    555.000   3526.048    690.000   3526.612    695.000   3526.329    912.57001
4    555.000   3526.048    560.000   3526.487    695.000   3526.329    700.000   3526.876    371.34000
4    560.000   3526.487    565.000   3527.398    700.000   3526.876    705.000   3524.158    962.56000
4    565.000   3527.398    570.000   3526.960    705.000   3524.158    710.000   3524.108    485.47000
4    570.000   3526.960    575.000   3526.592    710.000   3524.108    715.000   3526.427    499.42999
4    600.000   3529.998    605.000   3529.582    740.000   3524.128    745.000   3522.933    715.20001
4    605.000   3529.582    610.000   3528.825    745.000   3522.933    750.000   3522.061    622.47998
4    610.000   3528.825    615.000   3528.415    750.000   3522.061    755.000   3521.187    934.09003
4    615.000   3528.415    620.000   3528.510    755.000   3521.187    760.000   3520.309    951.08002
4    620.000   3528.510    625.000   3527.819    760.000   3520.309    765.000   3520.193   1028.50000
4    625.000   3527.819    630.000   3528.454    765.000   3520.193    770.000   3520.998    982.87000
4    630.000   3528.454    635.000   3528.886    770.000   3520.998    775.000   3518.842   1164.80005
4    635.000   3528.886    640.000   3527.488    775.000   3518.842    780.000   3516.981   1228.30005
4    640.000   3527.488    645.000   3527.672    780.000   3516.981    785.000   3516.559   1199.80005
4    645.000   3527.672    650.000   3528.200    785.000   3516.559    790.000   3518.217   1284.59998
4    650.000   3528.200    655.000   3529.473    790.000   3518.217    795.000   3519.814    555.44000
4    655.000   3529.473    660.000   3529.993    795.000   3519.814    800.000   3517.544    319.19000
4    660.000   3529.993    665.000   3530.034    800.000   3517.544    805.000   3518.710    506.75000
4    670.000   3530.643    675.000   3527.818    810.000   3518.812    815.000   3518.638    392.14999
4    675.000   3527.818    680.000   3526.413    815.000   3518.638    820.000   3517.048    778.77002
4    680.000   3526.413    685.000   3526.269    820.000   3517.048    825.000   3517.013   1222.09998
4    685.000   3526.269    690.000   3526.612    825.000   3517.013    830.000   3517.136   1149.00000
4    690.000   3526.612    695.000   3526.329    830.000   3517.136    835.000   3516.854    767.13000
4      5.000   3536.266      0.000   3536.244    145.000   3533.086    150.000   3532.774    437.94000
4     10.000   3536.478      5.000   3536.266    150.000   3532.774    155.000   3532.336    448.60001
4     15.000   3536.152     10.000   3536.478    155.000   3532.336    160.000   3531.841    830.78003
4     20.000   3535.809     15.000   3536.152    160.000   3531.841    165.000   3531.676    771.13000
4     25.000   3536.244     20.000   3535.809    165.000   3531.676    170.000   3531.827    541.02002
4     30.000   3535.974     25.000   3536.244    170.000   3531.827    175.000   3531.568    438.10999
4     35.000   3535.861     30.000   3535.974    175.000   3531.568    180.000   3531.403    487.98999
4     40.000   3535.916     35.000   3535.861    180.000   3531.403    185.000   3531.192    538.28998
4     45.000   3536.297     40.000   3535.916    185.000   3531.192    190.000   3531.906    527.07001
4     50.000   3536.002     45.000   3536.297    190.000   3531.906    195.000   3531.375    502.23999
4     55.000   3536.658     50.000   3536.002    195.000   3531.375    200.000   3531.340   1003.59998
4     60.000   3536.894     55.000   3536.658    200.000   3531.340    205.000   3531.047    621.54999
4     65.000   3537.003     60.000   3536.894    205.000   3531.047    210.000   3531.996    602.57001
4     70.000   3536.123     65.000   3537.003    210.000   3531.996    215.000   3531.006    815.85999
4     75.000   3536.578     70.000   3536.123    215.000   3531.006    220.000   3530.621   1036.50000
4     80.000   3537.228     75.000   3536.578    220.000   3530.621    225.000   3530.616    957.39001
4     85.000   3536.619     80.000   3537.228    225.000   3530.616    230.000   3529.883    708.46997
4     90.000   3535.969     85.000   3536.619    230.000   3529.883    235.000   3529.435    901.50000
4    120.000   3535.212    125.000   3534.914    265.000   3530.628    270.000   3530.340   1144.90002
4    125.000   3534.914    130.000   3534.113    270.000   3530.340    275.000   3529.132    828.71002
4    130.000   3534.113    135.000   3532.749    275.000   3529.132    280.000   3528.217    728.78998
4    140.000   3533.766    145.000   3533.086    285.000   3527.264    290.000   3527.672    717.65997
4    145.000   3533.086    150.000   3532.774    290.000   3527.672    295.000   3529.983    696.78003
4    150.000   3532.774    155.000   3532.336    295.000   3529.983    300.000   3531.271    621.09998
4    155.000   3532.336    160.000   3531.841    300.000   3531.271    305.000   3531.428    657.57001
4    160.000   3531.841    165.000   3531.676    305.000   3531.428    310.000   3531.441    550.34003
4    170.000   3531.827    175.000   3531.568    315.000   3530.702    320.000   3529.981    379.92001
4    175.000   3531.568    180.000   3531.403    320.000   3529.981    325.000   3529.592    368.51001
4    245.000   3529.688    250.000   3530.310    390.000   3528.534    395.000   3528.117   1181.59998
4    250.000   3530.310    255.000   3530.336    395.000   3528.117    400.000   3527.942    689.53003
4    255.000   3530.336    260.000   3530.283    400.000   3527.942    405.000   3528.261    509.81000
4    260.000   3530.283    265.000   3530.628    405.000   3528.261    410.000   3528.820    547.84003
4    265.000   3530.628    270.000   3530.340    410.000   3528.820    415.000   3528.086    547.29999
4    280.000   3528.217    285.000   3527.264    425.000   3527.629    430.000   3528.047    287.06000
4    285.000   3527.264    290.000   3527.672    430.000   3528.047    435.000   3527.743    452.03000
4    300.000   3531.271    305.000   3531.428    445.000   3527.956    450.000   3527.941    587.22998
4    305.000   3531.428    310.000   3531.441    450.000   3527.941    455.000   3528.823    646.62000
4    320.000   3529.981    325.000   3529.592    465.000   3528.468    470.000   3528.471    912.38000
4    325.000   3529.592    330.000   3529.857    470.000   3528.471    475.000   3528.141    526.50000
4    360.000   3529.237    365.000   3528.668    505.000   3527.118    510.000   3527.157    954.84003
4    365.000   3528.668    370.000   3528.795    510.000   3527.157    515.000   3525.908   1196.59998
4    370.000   3528.795    375.000   3528.793    515.000   3525.908    520.000   3526.905   1259.59998
4    375.000   3528.793    380.000   3528.198    520.000   3526.905    525.000   3526.745   1223.19995
4    380.000   3528.198    385.000   3528.404    525.000   3526.745    530.000   3526.591   1162.40002
4    385.000   3528.404    390.000   3528.534    530.000   3526.591    535.000   3527.357   1024.59998
4    390.000   3528.534    395.000   3528.117    535.000   3527.357    540.000   3526.634   1279.30005
4    395.000   3528.117    400.000   3527.942    540.000   3526.634    545.000   3525.510    826.70001
4    400.000   3527.942    405.000   3528.261    545.000   3525.510    550.000   3526.853    731.37000
4    405.000   3528.261    410.000   3528.820    550.000   3526.853    555.000   3526.048    767.40997
4    410.000   3528.820    415.000   3528.086    555.000   3526.048    560.000   3526.487    399.03000
4    415.000   3528.086    420.000   3528.102    560.000   3526.487    565.000   3527.398    369.76999
4    425.000   3527.629    430.000   3528.047    570.000   3526.960    575.000   3526.592    235.75999
4    445.000   3527.956    450.000   3527.941    590.000   3527.791    595.000   3527.384    343.72000
4    480.000   3527.527    485.000   3527.177    625.000   3527.819    630.000   3528.454   1655.30005
4    485.000   3527.177    490.000   3527.388    630.000   3528.454    635.000   3528.886   2139.89990
4    490.000   3527.388    495.000   3526.652    635.000   3528.886    640.000   3527.488   1328.09998
4    495.000   3526.652    500.000   3527.534    640.000   3527.488    645.000   3527.672    860.44000
4    500.000   3527.534    505.000   3527.118    645.000   3527.672    650.000   3528.200   1111.30005
4    505.000   3527.118    510.000   3527.157    650.000   3528.200    655.000   3529.473    602.04999
4    510.000   3527.157    515.000   3525.908    655.000   3529.473    660.000   3529.993    603.72998
4    515.000   3525.908    520.000   3526.905    660.000   3529.993    665.000   3530.034    930.65997
4    520.000   3526.905    525.000   3526.745    665.000   3530.034    670.000   3530.643    762.71002
4    525.000   3526.745    530.000   3526.591    670.000   3530.643    675.000   3527.818    726.38000
4    530.000   3526.591    535.000   3527.357    675.000   3527.818    680.000   3526.413   1057.19995
4    535.000   3527.357    540.000   3526.634    680.000   3526.413    685.000   3526.269   1291.19995
4    540.000   3526.634    545.000   3525.510    685.000   3526.269    690.000   3526.612   1131.00000
4    545.000   3525.510    550.000   3526.853    690.000   3526.612    695.000   3526.329    989.41998
4    550.000   3526.853    555.000   3526.048    695.000   3526.329    700.000   3526.876    528.94000
4    555.000   3526.048    560.000   3526.487    700.000   3526.876    705.000   3524.158    790.91998
4    560.000   3526.487    565.000   3527.398    705.000   3524.158    710.000   3524.108    672.33002
4    565.000   3527.398    570.000   3526.960    710.000   3524.108    715.000   3526.427    664.31000
4    600.000   3529.998    605.000   3529.582    745.000   3522.933    750.000   3522.061    652.96997
4    605.000   3529.582    610.000   3528.825    750.000   3522.061    755.000   3521.187    850.56000
4    610.000   3528.825    615.000   3528.415    755.000   3521.187    760.000   3520.309    969.37000
4    615.000   3528.415    620.000   3528.510    760.000   3520.309    765.000   3520.193    908.34003
4    620.000   3528.510    625.000   3527.819    765.000   3520.193    770.000   3520.998    979.90997
4    625.000   3527.819    630.000   3528.454    770.000   3520.998    775.000   3518.842   1106.90002
4    630.000   3528.454    635.000   3528.886    775.000   3518.842    780.000   3516.981   1378.30005
4    635.000   3528.886    640.000   3527.488    780.000   3516.981    785.000   3516.559   1422.30005
4    640.000   3527.488    645.000   3527.672    785.000   3516.559    790.000   3518.217   1725.50000
4    645.000   3527.672    650.000   3528.200    790.000   3518.217    795.000   3519.814    886.54999
4    650.000   3528.200    655.000   3529.473    795.000   3519.814    800.000   3517.544    292.78000
4    655.000   3529.473    660.000   3529.993    800.000   3517.544    805.000   3518.710    284.26001
4    660.000   3529.993    665.000   3530.034    805.000   3518.710    810.000   3518.812    603.09003
4    670.000   3530.643    675.000   3527.818    815.000   3518.638    820.000   3517.048    476.16000
4    675.000   3527.818    680.000   3526.413    820.000   3517.048    825.000   3517.013    945.78003
4    680.000   3526.413    685.000   3526.269    825.000   3517.013    830.000   3517.136   1369.59998
4    685.000   3526.269    690.000   3526.612    830.000   3517.136    835.000   3516.854    976.28003
4      5.000   3536.266      0.000   3536.244    150.000   3532.774    155.000   3532.336    442.39001
4     10.000   3536.478      5.000   3536.266    155.000   3532.336    160.000   3531.841    501.48001
4     15.000   3536.152     10.000   3536.478    160.000   3531.841    165.000   3531.676    719.53003
4     20.000   3535.809     15.000   3536.152    165.000   3531.676    170.000   3531.827    789.25000
4     25.000   3536.244     20.000   3535.809    170.000   3531.827    175.000   3531.568    525.13000
4     30.000   3535.974     25.000   3536.244    175.000   3531.568    180.000   3531.403    411.42001
4     40.000   3535.916     35.000   3535.861    185.000   3531.192    190.000   3531.906    524.75000
4     45.000   3536.297     40.000   3535.916    190.000   3531.906    195.000   3531.375    361.04001
4     50.000   3536.002     45.000   3536.297    195.000   3531.375    200.000   3531.340    647.53003
4     55.000   3536.658     50.000   3536.002    200.000   3531.340    205.000   3531.047    699.50000
4     60.000   3536.894     55.000   3536.658    205.000   3531.047    210.000   3531.996   1117.90002
4     65.000   3537.003     60.000   3536.894    210.000   3531.996    215.000   3531.006    825.41998
4     70.000   3536.123     65.000   3537.003    215.000   3531.006    220.000   3530.621    521.50000
4     75.000   3536.578     70.000   3536.123    220.000   3530.621    225.000   3530.616   1022.20001
4     80.000   3537.228     75.000   3536.578    225.000   3530.616    230.000   3529.883    923.67999
4     85.000   3536.619     80.000   3537.228    230.000   3529.883    235.000   3529.435    843.12000
4    120.000   3535.212    125.000   3534.914    270.000   3530.340    275.000   3529.132    779.08002
4    125.000   3534.914    130.000   3534.113    275.000   3529.132    280.000   3528.217    787.65002
4    135.000   3532.749    140.000   3533.766    285.000   3527.264    290.000   3527.672    726.65002
4    140.000   3533.766    145.000   3533.086    290.000   3527.672    295.000   3529.983    693.62000
4    145.000   3533.086    150.000   3532.774    295.000   3529.983    300.000   3531.271    620.14001
4    150.000   3532.774    155.000   3532.336    300.000   3531.271    305.000   3531.428    590.00000
4    155.000   3532.336    160.000   3531.841    305.000   3531.428    310.000   3531.441    671.14001
4    165.000   3531.676    170.000   3531.827    315.000   3530.702    320.000   3529.981    386.14001
4    170.000   3531.827    175.000   3531.568    320.000   3529.981    325.000   3529.592    410.09000
4    250.000   3530.310    255.000   3530.336    400.000   3527.942    405.000   3528.261    493.07001
4    255.000   3530.336    260.000   3530.283    405.000   3528.261    410.000   3528.820    530.83002
4    260.000   3530.283    265.000   3530.628    410.000   3528.820    415.000   3528.086    460.79001
4    265.000   3530.628    270.000   3530.340    415.000   3528.086    420.000   3528.102    380.67001
4    270.000   3530.340    275.000   3529.132    420.000   3528.102    425.000   3527.629    338.26001
4    275.000   3529.132    280.000   3528.217    425.000   3527.629    430.000   3528.047    316.69000
4    280.000   3528.217    285.000   3527.264    430.000   3528.047    435.000   3527.743    336.07999
4    285.000   3527.264    290.000   3527.672    435.000   3527.743    440.000   3527.326    467.76001
4    290.000   3527.672    295.000   3529.983    440.000   3527.326    445.000   3527.956    664.04999
4    300.000   3531.271    305.000   3531.428    450.000   3527.941    455.000   3528.823    733.71002
4    305.000   3531.428    310.000   3531.441    455.000   3528.823    460.000   3528.951   1040.19995
4    310.000   3531.441    315.000   3530.702    460.000   3528.951    465.000   3528.468   1847.69995
4    360.000   3529.237    365.000   3528.668    510.000   3527.157    515.000   3525.908   1052.50000
4    365.000   3528.668    370.000   3528.795    515.000   3525.908    520.000   3526.905   1083.30005
4    370.000   3528.795    375.000   3528.793    520.000   3526.905    525.000   3526.745   1339.50000
4    375.000   3528.793    380.000   3528.198    525.000   3526.745    530.000   3526.591   1391.19995
4    380.000   3528.198    385.000   3528.404    530.000   3526.591    535.000   3527.357   1036.59998
4    385.000   3528.404    390.000   3528.534    535.000   3527.357    540.000   3526.634   1057.09998
4    390.000   3528.534    395.000   3528.117    540.000   3526.634    545.000   3525.510   1314.40002
4    395.000   3528.117    400.000   3527.942    545.000   3525.510    550.000   3526.853    984.09003
4    400.000   3527.942    405.000   3528.261    550.000   3526.853    555.000   3526.048    748.41998
4    405.000   3528.261    410.000   3528.820    555.000   3526.048    560.000   3526.487    527.53998
4    410.000   3528.820    415.000   3528.086    560.000   3526.487    565.000   3527.398    510.14999
4    415.000   3528.086    420.000   3528.102    565.000   3527.398    570.000   3526.960    268.60999
4    425.000   3527.629    430.000   3528.047    575.000   3526.592    580.000   3527.394    305.88000
4    440.000   3527.326    445.000   3527.956    590.000   3527.791    595.000   3527.384    300.48999
4    480.000   3527.527    485.000   3527.177    630.000   3528.454    635.000   3528.886   1901.69995
4    485.000   3527.177    490.000   3527.388    635.000   3528.886    640.000   3527.488   2115.80005
4    490.000   3527.388    495.000   3526.652    640.000   3527.488    645.000   3527.672   1160.90002
4    495.000   3526.652    500.000   3527.534    645.000   3527.672    650.000   3528.200    685.29999
4    500.000   3527.534    505.000   3527.118    650.000   3528.200    655.000   3529.473    787.02002
4    505.000   3527.118    510.000   3527.157    655.000   3529.473    660.000   3529.993    593.59998
4    510.000   3527.157    515.000   3525.908    660.000   3529.993    665.000   3530.034   1133.40002
4    515.000   3525.908    520.000   3526.905    665.000   3530.034    670.000   3530.643    778.25000
4    520.000   3526.905    525.000   3526.745    670.000   3530.643    675.000   3527.818    689.19000
4    525.000   3526.745    530.000   3526.591    675.000   3527.818    680.000   3526.413   1224.90002
4    530.000   3526.591    535.000   3527.357    680.000   3526.413    685.000   3526.269   1448.00000
4    535.000   3527.357    540.000   3526.634    685.000   3526.269    690.000   3526.612   1232.59998
4    540.000   3526.634    545.000   3525.510    690.000   3526.612    695.000   3526.329    926.41998
4    545.000   3525.510    550.000   3526.853    695.000   3526.329    700.000   3526.876    565.79999
4    550.000   3526.853    555.000   3526.048    700.000   3526.876    705.000   3524.158   1132.09998
4    555.000   3526.048    560.000   3526.487    705.000   3524.158    710.000   3524.108    535.41998
4    560.000   3526.487    565.000   3527.398    710.000   3524.108    715.000   3526.427    957.58002
4    600.000   3529.998    605.000   3529.582    750.000   3522.061    755.000   3521.187    821.38000
4    605.000   3529.582    610.000   3528.825    755.000   3521.187    760.000   3520.309    901.78003
4    610.000   3528.825    615.000   3528.415    760.000   3520.309    765.000   3520.193    941.82001
4    615.000   3528.415    620.000   3528.510    765.000   3520.193    770.000   3520.998    989.63000
4    620.000   3528.510    625.000   3527.819    770.000   3520.998    775.000   3518.842   1121.69995
4    625.000   3527.819    630.000   3528.454    775.000   3518.842    780.000   3516.981   1311.30005
4    630.000   3528.454    635.000   3528.886    780.000   3516.981    785.000   3516.559   1590.69995
4    635.000   3528.886    640.000   3527.488    785.000   3516.559    790.000   3518.217   2189.00000
4    640.000   3527.488    645.000   3527.672    790.000   3518.217    795.000   3519.814   1183.90002
4    645.000   3527.672    650.000   3528.200    795.000   3519.814    800.000   3517.544    516.35999
4    650.000   3528.200    655.000   3529.473    800.000   3517.544    805.000   3518.710    254.63000
4    655.000   3529.473    660.000   3529.993    805.000   3518.710    810.000   3518.812    342.66000
4    660.000   3529.993    665.000   3530.034    810.000   3518.812    815.000   3518.638    543.94000
4    665.000   3530.034    670.000   3530.643    815.000   3518.638    820.000   3517.048    597.16998
4    670.000   3530.643    675.000   3527.818    820.000   3517.048    825.000   3517.013    594.64001
4    675.000   3527.818    680.000   3526.413    825.000   3517.013    830.000   3517.136   1059.69995
4    680.000   3526.413    685.000   3526.269    830.000   3517.136    835.000   3516.854   1162.40002
4      5.000   3536.266      0.000   3536.244    155.000   3532.336    160.000   3531.841    545.08002
4     10.000   3536.478      5.000   3536.266    160.000   3531.841    165.000   3531.676    435.23999
4     15.000   3536.152     10.000   3536.478    165.000   3531.676    170.000   3531.827    738.97998
4     20.000   3535.809     15.000   3536.152    170.000   3531.827    175.000   3531.568    780.10999
4     25.000   3536.244     20.000   3535.809    175.000   3531.568    180.000   3531.403    518.58002
4     35.000   3535.861     30.000   3535.974    185.000   3531.192    190.000   3531.906    476.04001
4     40.000   3535.916     35.000   3535.861    190.000   3531.906    195.000   3531.375    406.42001
4     45.000   3536.297     40.000   3535.916    195.000   3531.375    200.000   3531.340    475.89001
4     50.000   3536.002     45.000   3536.297    200.000   3531.340    205.000   3531.047    407.72000
4     55.000   3536.658     50.000   3536.002    205.000   3531.047    210.000   3531.996   1192.19995
4     60.000   3536.894     55.000   3536.658    210.000   3531.996    215.000   3531.006   1446.19995
4     65.000   3537.003     60.000   3536.894    215.000   3531.006    220.000   3530.621    518.66998
4     70.000   3536.123     65.000   3537.003    220.000   3530.621    225.000   3530.616    516.71997
4     75.000   3536.578     70.000   3536.123    225.000   3530.616    230.000   3529.883    988.14001
4     80.000   3537.228     75.000   3536.578    230.000   3529.883    235.000   3529.435   1081.19995
4    120.000   3535.212    125.000   3534.914    275.000   3529.132    280.000   3528.217    734.42999
4    130.000   3534.113    135.000   3532.749    285.000   3527.264    290.000   3527.672    771.65002
4    135.000   3532.749    140.000   3533.766    290.000   3527.672    295.000   3529.983    697.56000
4    140.000   3533.766    145.000   3533.086    295.000   3529.983    300.000   3531.271    630.71002
4    145.000   3533.086    150.000   3532.774    300.000   3531.271    305.000   3531.428    586.37000
4    150.000   3532.774    155.000   3532.336    305.000   3531.428    310.000   3531.441    602.46997
4    160.000   3531.841    165.000   3531.676    315.000   3530.702    320.000   3529.981    356.78000
4    165.000   3531.676    170.000   3531.827    320.000   3529.981    325.000   3529.592    395.51001
4    255.000   3530.336    260.000   3530.283    410.000   3528.820    415.000   3528.086    475.53000
4    260.000   3530.283    265.000   3530.628    415.000   3528.086    420.000   3528.102    294.22000
4    265.000   3530.628    270.000   3530.340    420.000   3528.102    425.000   3527.629    462.59000
4    275.000   3529.132    280.000   3528.217    430.000   3528.047    435.000   3527.743    394.85001
4    280.000   3528.217    285.000   3527.264    435.000   3527.743    440.000   3527.326    335.57999
4    285.000   3527.264    290.000   3527.672    440.000   3527.326    445.000   3527.956    516.03003
4    290.000   3527.672    295.000   3529.983    445.000   3527.956    450.000   3527.941    857.84998
4    300.000   3531.271    305.000   3531.428    455.000   3528.823    460.000   3528.951   1171.40002
4    305.000   3531.428    310.000   3531.441    460.000   3528.951    465.000   3528.468   1374.69995
4    310.000   3531.441    315.000   3530.702    465.000   3528.468    470.000   3528.471   1317.19995
4    360.000   3529.237    365.000   3528.668    515.000   3525.908    520.000   3526.905    944.76001
4    365.000   3528.668    370.000   3528.795    520.000   3526.905    525.000   3526.745   1163.59998
4    370.000   3528.795    375.000   3528.793    525.000   3526.745    530.000   3526.591   1476.59998
4    375.000   3528.793    380.000   3528.198    530.000   3526.591    535.000   3527.357   1277.00000
4    380.000   3528.198    385.000   3528.404    535.000   3527.357    540.000   3526.634   1109.80005
4    385.000   3528.404    390.000   3528.534    540.000   3526.634    545.000   3525.510   1051.80005
4    390.000   3528.534    395.000   3528.117    545.000   3525.510    550.000   3526.853   1521.59998
4    395.000   3528.117    400.000   3527.942    550.000   3526.853    555.000   3526.048    938.46997
4    400.000   3527.942    405.000   3528.261    555.000   3526.048    560.000   3526.487    523.72998
4    405.000   3528.261    410.000   3528.820    560.000   3526.487    565.000   3527.398    684.79999
4    415.000   3528.086    420.000   3528.102    570.000   3526.960    575.000   3526.592    185.13000
4    435.000   3527.743    440.000   3527.326    590.000   3527.791    595.000   3527.384    233.78000
4    480.000   3527.527    485.000   3527.177    635.000   3528.886    640.000   3527.488   1871.90002
4    485.000   3527.177    490.000   3527.388    640.000   3527.488    645.000   3527.672   1953.69995
4    490.000   3527.388    495.000   3526.652    645.000   3527.672    650.000   3528.200    902.50000
4    495.000   3526.652    500.000   3527.534    650.000   3528.200    655.000   3529.473    475.45999
4    500.000   3527.534    505.000   3527.118    655.000   3529.473    660.000   3529.993    762.65002
4    505.000   3527.118    510.000   3527.157    660.000   3529.993    665.000   3530.034   1108.59998
4    510.000   3527.157    515.000   3525.908    665.000   3530.034    670.000   3530.643    946.96997
4    515.000   3525.908    520.000   3526.905    670.000   3530.643    675.000   3527.818    703.22998
4    520.000   3526.905    525.000   3526.745    675.000   3527.818    680.000   3526.413   1154.40002
4    525.000   3526.745    530.000   3526.591    680.000   3526.413    685.000   3526.269   1663.90002
4    530.000   3526.591    535.000   3527.357    685.000   3526.269    690.000   3526.612   1377.59998
4    535.000   3527.357    540.000   3526.634    690.000   3526.612    695.000   3526.329   1001.00000
4    540.000   3526.634    545.000   3525.510    695.000   3526.329    700.000   3526.876    554.42999
4    545.000   3525.510    550.000   3526.853    700.000   3526.876    705.000   3524.158   1239.69995
4    550.000   3526.853    555.000   3526.048    705.000   3524.158    710.000   3524.108    786.01001
4    555.000   3526.048    560.000   3526.487    710.000   3524.108    715.000   3526.427    766.57001
4    600.000   3529.998    605.000   3529.582    755.000   3521.187    760.000   3520.309    881.98999
4    605.000   3529.582    610.000   3528.825    760.000   3520.309    765.000   3520.193    842.90997
4    610.000   3528.825    615.000   3528.415    765.000   3520.193    770.000   3520.998    956.04999
4    615.000   3528.415    620.000   3528.510    770.000   3520.998    775.000   3518.842   1048.50000
4    620.000   3528.510    625.000   3527.819    775.000   3518.842    780.000   3516.981   1344.19995
4    625.000   3527.819    630.000   3528.454    780.000   3516.981    785.000   3516.559   1512.69995
4    630.000   3528.454    635.000   3528.886    785.000   3516.559    790.000   3518.217   2407.50000
4    635.000   3528.886    640.000   3527.488    790.000   3518.217    795.000   3519.814   1501.00000
4    640.000   3527.488    645.000   3527.672    795.000   3519.814    800.000   3517.544    623.15997
4    645.000   3527.672    650.000   3528.200    800.000   3517.544    805.000   3518.710    423.01001
4    650.000   3528.200    655.000   3529.473    805.000   3518.710    810.000   3518.812    293.63000
4    655.000   3529.473    660.000   3529.993    810.000   3518.812    815.000   3518.638    305.79999
4    660.000   3529.993    665.000   3530.034    815.000   3518.638    820.000   3517.048    660.00000
4    665.000   3530.034    670.000   3530.643    820.000   3517.048    825.000   3517.013    686.28003
4    670.000   3530.643    675.000   3527.818    825.000   3517.013    830.000   3517.136    655.92999
4    675.000   3527.818    680.000   3526.413    830.000   3517.136    835.000   3516.854    894.28003
4      5.000   3536.266      0.000   3536.244    160.000   3531.841    165.000   3531.676    445.64999
4     10.000   3536.478      5.000   3536.266    165.000   3531.676    170.000   3531.827    478.50000
4     15.000   3536.152     10.000   3536.478    170.000   3531.827    175.000   3531.568    732.09003
4     20.000   3535.809     15.000   3536.152    175.000   3531.568    180.000   3531.403    757.41998
4     25.000   3536.244     20.000   3535.809    180.000   3531.403    185.000   3531.192    587.03003
4     30.000   3535.974     25.000   3536.244    185.000   3531.192    190.000   3531.906    387.39001
4     35.000   3535.861     30.000   3535.974    190.000   3531.906    195.000   3531.375    354.39001
4     40.000   3535.916     35.000   3535.861    195.000   3531.375    200.000   3531.340    500.06000
4     45.000   3536.297     40.000   3535.916    200.000   3531.340    205.000   3531.047    322.17999
4     50.000   3536.002     45.000   3536.297    205.000   3531.047    210.000   3531.996    736.33002
4     55.000   3536.658     50.000   3536.002    210.000   3531.996    215.000   3531.006   1562.80005
4     60.000   3536.894     55.000   3536.658    215.000   3531.006    220.000   3530.621    874.54999
4     65.000   3537.003     60.000   3536.894    220.000   3530.621    225.000   3530.616    517.67999
4     70.000   3536.123     65.000   3537.003    225.000   3530.616    230.000   3529.883    484.35001
4     75.000   3536.578     70.000   3536.123    230.000   3529.883    235.000   3529.435   1169.30005
4    125.000   3534.914    130.000   3534.113    285.000   3527.264    290.000   3527.672    829.44000
4    130.000   3534.113    135.000   3532.749    290.000   3527.672    295.000   3529.983    719.58002
4    135.000   3532.749    140.000   3533.766    295.000   3529.983    300.000   3531.271    624.17999
4    140.000   3533.766    145.000   3533.086    300.000   3531.271    305.000   3531.428    603.64001
4    145.000   3533.086    150.000   3532.774    305.000   3531.428    310.000   3531.441    611.03003
4    155.000   3532.336    160.000   3531.841    315.000   3530.702    320.000   3529.981    425.79999
4    160.000   3531.841    165.000   3531.676    320.000   3529.981    325.000   3529.592    375.22000
4    250.000   3530.310    255.000   3530.336    410.000   3528.820    415.000   3528.086    411.69000
4    255.000   3530.336    260.000   3530.283    415.000   3528.086    420.000   3528.102    317.23999
4    260.000   3530.283    265.000   3530.628    420.000   3528.102    425.000   3527.629    411.75000
4    265.000   3530.628    270.000   3530.340    425.000   3527.629    430.000   3528.047    508.37000
4    270.000   3530.340    275.000   3529.132    430.000   3528.047    435.000   3527.743    369.41000
4    275.000   3529.132    280.000   3528.217    435.000   3527.743    440.000   3527.326    384.85001
4    280.000   3528.217    285.000   3527.264    440.000   3527.326    445.000   3527.956    373.39999
4    285.000   3527.264    290.000   3527.672    445.000   3527.956    450.000   3527.941    664.38000
4    290.000   3527.672    295.000   3529.983    450.000   3527.941    455.000   3528.823    968.09998
4    300.000   3531.271    305.000   3531.428    460.000   3528.951    465.000   3528.468   1563.50000
4    305.000   3531.428    310.000   3531.441    465.000   3528.468    470.000   3528.471    987.14001
4    360.000   3529.237    365.000   3528.668    520.000   3526.905    525.000   3526.745   1012.90002
4    365.000   3528.668    370.000   3528.795    525.000   3526.745    530.000   3526.591   1293.69995
4    370.000   3528.795    375.000   3528.793    530.000   3526.591    535.000   3527.357   1358.30005
4    375.000   3528.793    380.000   3528.198    535.000   3527.357    540.000   3526.634   1303.69995
4    380.000   3528.198    385.000   3528.404    540.000   3526.634    545.000   3525.510   1116.09998
4    385.000   3528.404    390.000   3528.534    545.000   3525.510    550.000   3526.853   1223.40002
4    390.000   3528.534    395.000   3528.117    550.000   3526.853    555.000   3526.048   1464.09998
4    395.000   3528.117    400.000   3527.942    555.000   3526.048    560.000   3526.487    660.08002
4    400.000   3527.942    405.000   3528.261    560.000   3526.487    565.000   3527.398    667.89001
4    405.000   3528.261    410.000   3528.820    565.000   3527.398    570.000   3526.960    490.07999
4    415.000   3528.086    420.000   3528.102    575.000   3526.592    580.000   3527.394    244.48000
4    480.000   3527.527    485.000   3527.177    640.000   3527.488    645.000   3527.672   1728.00000
4    485.000   3527.177    490.000   3527.388    645.000   3527.672    650.000   3528.200   1509.59998
4    490.000   3527.388    495.000   3526.652    650.000   3528.200    655.000   3529.473    606.87000
4    495.000   3526.652    500.000   3527.534    655.000   3529.473    660.000   3529.993    415.14001
4    500.000   3527.534    505.000   3527.118    660.000   3529.993    665.000   3530.034   1369.50000
4    505.000   3527.118    510.000   3527.157    665.000   3530.034    670.000   3530.643    935.03998
4    510.000   3527.157    515.000   3525.908    670.000   3530.643    675.000   3527.818    851.62000
4    515.000   3525.908    520.000   3526.905    675.000   3527.818    680.000   3526.413   1178.19995
4    520.000   3526.905    525.000   3526.745    680.000   3526.413    685.000   3526.269   1576.19995
4    525.000   3526.745    530.000   3526.591    685.000   3526.269    690.000   3526.612   1587.50000
4    530.000   3526.591    535.000   3527.357    690.000   3526.612    695.000   3526.329   1115.40002
4    535.000   3527.357    540.000   3526.634    695.000   3526.329    700.000   3526.876    584.60999
4    540.000   3526.634    545.000   3525.510    700.000   3526.876    705.000   3524.158   1159.69995
4    545.000   3525.510    550.000   3526.853    705.000   3524.158    710.000   3524.108    848.84003
4    550.000   3526.853    555.000   3526.048    710.000   3524.108    715.000   3526.427   1107.30005
4    600.000   3529.998    605.000   3529.582    760.000   3520.309    765.000   3520.193    857.77002
4    605.000   3529.582    610.000   3528.825    765.000   3520.193    770.000   3520.998    917.89001
4    610.000   3528.825    615.000   3528.415    770.000   3520.998    775.000   3518.842   1050.80005
4    615.000   3528.415    620.000   3528.510    775.000   3518.842    780.000   3516.981   1209.59998
4    620.000   3528.510    625.000   3527.819    780.000   3516.981    785.000   3516.559   1541.40002
4    625.000   3527.819    630.000   3528.454    785.000   3516.559    790.000   3518.217   2262.60010
4    630.000   3528.454    635.000   3528.886    790.000   3518.217    795.000   3519.814   1631.09998
4    640.000   3527.488    645.000   3527.672    800.000   3517.544    805.000   3518.710    496.19000
4    645.000   3527.672    650.000   3528.200    805.000   3518.710    810.000   3518.812    512.56000
4    650.000   3528.200    655.000   3529.473    810.000   3518.812    815.000   3518.638    257.42001
4    655.000   3529.473    660.000   3529.993    815.000   3518.638    820.000   3517.048    351.34000
4    660.000   3529.993    665.000   3530.034    820.000   3517.048    825.000   3517.013    803.84998
4    665.000   3530.034    670.000   3530.643    825.000   3517.013    830.000   3517.136    782.46997
4    670.000   3530.643    675.000   3527.818    830.000   3517.136    835.000   3516.854    557.34003
4      5.000   3536.266      0.000   3536.244    165.000   3531.676    170.000   3531.827    457.56000
4     10.000   3536.478      5.000   3536.266    170.000   3531.827    175.000   3531.568    453.50000
4     15.000   3536.152     10.000   3536.478    175.000   3531.568    180.000   3531.403    714.15997
4     20.000   3535.809     15.000   3536.152    180.000   3531.403    185.000   3531.192    814.29999
4     25.000   3536.244     20.000   3535.809    185.000   3531.192    190.000   3531.906    554.81000
4     30.000   3535.974     25.000   3536.244    190.000   3531.906    195.000   3531.375    271.60999
4     35.000   3535.861     30.000   3535.974    195.000   3531.375    200.000   3531.340    449.62000
4     40.000   3535.916     35.000   3535.861    200.000   3531.340    205.000   3531.047    337.25000
4     45.000   3536.297     40.000   3535.916    205.000   3531.047    210.000   3531.996    525.31000
4     50.000   3536.002     45.000   3536.297    210.000   3531.996    215.000   3531.006    957.64001
4     55.000   3536.658     50.000   3536.002    215.000   3531.006    220.000   3530.621    959.20001
4     60.000   3536.894     55.000   3536.658    220.000   3530.621    225.000   3530.616    863.25000
4     65.000   3537.003     60.000   3536.894    225.000   3530.616    230.000   3529.883    479.76001
4     70.000   3536.123     65.000   3537.003    230.000   3529.883    235.000   3529.435    589.56000
4    120.000   3535.212    125.000   3534.914    285.000   3527.264    290.000   3527.672    774.32001
4    125.000   3534.914    130.000   3534.113    290.000   3527.672    295.000   3529.983    771.22998
4    130.000   3534.113    135.000   3532.749    295.000   3529.983    300.000   3531.271    644.47998
4    135.000   3532.749    140.000   3533.766    300.000   3531.271    305.000   3531.428    590.25000
4    140.000   3533.766    145.000   3533.086    305.000   3531.428    310.000   3531.441    619.53998
4    145.000   3533.086    150.000   3532.774    310.000   3531.441    315.000   3530.702    740.72998
4    150.000   3532.774    155.000   3532.336    315.000   3530.702    320.000   3529.981    389.20001
4    155.000   3532.336    160.000   3531.841    320.000   3529.981    325.000   3529.592    483.35001
4    250.000   3530.310    255.000   3530.336    415.000   3528.086    420.000   3528.102    249.36000
4    255.000   3530.336    260.000   3530.283    420.000   3528.102    425.000   3527.629    421.07001
4    260.000   3530.283    265.000   3530.628    425.000   3527.629    430.000   3528.047    386.89999
4    265.000   3530.628    270.000   3530.340    430.000   3528.047    435.000   3527.743    512.27002
4    270.000   3530.340    275.000   3529.132    435.000   3527.743    440.000   3527.326    316.81000
4    275.000   3529.132    280.000   3528.217    440.000   3527.326    445.000   3527.956    439.87000
4    280.000   3528.217    285.000   3527.264    445.000   3527.956    450.000   3527.941    484.32999
4    285.000   3527.264    290.000   3527.672    450.000   3527.941    455.000   3528.823    800.85999
4    290.000   3527.672    295.000   3529.983    455.000   3528.823    460.000   3528.951   1556.80005
4    300.000   3531.271    305.000   3531.428    465.000   3528.468    470.000   3528.471   1127.00000
4    305.000   3531.428    310.000   3531.441    470.000   3528.471    475.000   3528.141    678.21002
4    360.000   3529.237    365.000   3528.668    525.000   3526.745    530.000   3526.591   1134.40002
4    365.000   3528.668    370.000   3528.795    530.000   3526.591    535.000   3527.357   1189.69995
4    370.000   3528.795    375.000   3528.793    535.000   3527.357    540.000   3526.634   1382.50000
4    375.000   3528.793    380.000   3528.198    540.000   3526.634    545.000   3525.510   1332.69995
4    380.000   3528.198    385.000   3528.404    545.000   3525.510    550.000   3526.853   1285.80005
4    385.000   3528.404    390.000   3528.534    550.000   3526.853    555.000   3526.048   1232.50000
4    390.000   3528.534    395.000   3528.117    555.000   3526.048    560.000   3526.487   1034.90002
4    395.000   3528.117    400.000   3527.942    560.000   3526.487    565.000   3527.398    867.57001
4    400.000   3527.942    405.000   3528.261    565.000   3527.398    570.000   3526.960    500.23999
4    405.000   3528.261    410.000   3528.820    570.000   3526.960    575.000   3526.592    372.44000
4    415.000   3528.086    420.000   3528.102    580.000   3527.394    585.000   3526.593    105.08000
4    425.000   3527.629    430.000   3528.047    590.000   3527.791    595.000   3527.384    199.14999
4    480.000   3527.527    485.000   3527.177    645.000   3527.672    650.000   3528.200   1344.30005
4    485.000   3527.177    490.000   3527.388    650.000   3528.200    655.000   3529.473   1060.19995
4    490.000   3527.388    495.000   3526.652    655.000   3529.473    660.000   3529.993    555.63000
4    495.000   3526.652    500.000   3527.534    660.000   3529.993    665.000   3530.034    836.04999
4    500.000   3527.534    505.000   3527.118    665.000   3530.034    670.000   3530.643   1170.59998
4    505.000   3527.118    510.000   3527.157    670.000   3530.643    675.000   3527.818    824.34003
4    510.000   3527.157    515.000   3525.908    675.000   3527.818    680.000   3526.413   1417.40002
4    515.000   3525.908    520.000   3526.905    680.000   3526.413    685.000   3526.269   1602.69995
4    520.000   3526.905    525.000   3526.745    685.000   3526.269    690.000   3526.612   1478.69995
4    525.000   3526.745    530.000   3526.591    690.000   3526.612    695.000   3526.329   1286.09998
4    530.000   3526.591    535.000   3527.357    695.000   3526.329    700.000   3526.876    634.67999
4    535.000   3527.357    540.000   3526.634    700.000   3526.876    705.000   3524.158   1250.00000
4    540.000   3526.634    545.000   3525.510    705.000   3524.158    710.000   3524.108    786.47998
4    545.000   3525.510    550.000   3526.853    710.000   3524.108    715.000   3526.427   1190.09998
4    600.000   3529.998    605.000   3529.582    765.000   3520.193    770.000   3520.998    701.72998
4    605.000   3529.582    610.000   3528.825    770.000   3520.998    775.000   3518.842    987.20001
4    610.000   3528.825    615.000   3528.415    775.000   3518.842    780.000   3516.981   1221.09998
4    615.000   3528.415    620.000   3528.510    780.000   3516.981    785.000   3516.559   1388.09998
4    620.000   3528.510    625.000   3527.819    785.000   3516.559    790.000   3518.217   2345.39990
4    625.000   3527.819    630.000   3528.454    790.000   3518.217    795.000   3519.814   1556.80005
4    630.000   3528.454    635.000   3528.886    795.000   3519.814    800.000   3517.544    991.33002
4    640.000   3527.488    645.000   3527.672    805.000   3518.710    810.000   3518.812    619.97998
4    645.000   3527.672    650.000   3528.200    810.000   3518.812    815.000   3518.638    450.04001
4    650.000   3528.200    655.000   3529.473    815.000   3518.638    820.000   3517.048    323.10001
4    655.000   3529.473    660.000   3529.993    820.000   3517.048    825.000   3517.013    430.79001
4    660.000   3529.993    665.000   3530.034    825.000   3517.013    830.000   3517.136    907.64001
4    665.000   3530.034    670.000   3530.643    830.000   3517.136    835.000   3516.854    660.52002