4      0.000   3192.405     15.000   3191.550      5.000   3191.740     10.000   3191.546   3036.89990
4      5.000   3191.740     20.000   3189.879     10.000   3191.546     15.000   3191.550   3031.50000
4     10.000   3191.546     25.000   3190.536     15.000   3191.550     20.000   3189.879   2605.89990
4     15.000   3191.550     30.000   3190.148     20.000   3189.879     25.000   3190.536   3102.19995
4     20.000   3189.879     35.000   3188.367     25.000   3190.536     30.000   3190.148   2721.60010
4     25.000   3190.536     40.000   3188.108     30.000   3190.148     35.000   3188.367   3289.10010
4     30.000   3190.148     45.000   3187.650     35.000   3188.367     40.000   3188.108   2958.00000
4     35.000   3188.367     50.000   3187.233     40.000   3188.108     45.000   3187.650   2640.80005
4     40.000   3188.108     55.000   3187.506     45.000   3187.650     50.000   3187.233   3129.80005
4     45.000   3187.650     60.000   3187.493     50.000   3187.233     55.000   3187.506   2442.89990
4     50.000   3187.233     65.000   3186.431     55.000   3187.506     60.000   3187.493   2696.10010
4     55.000   3187.506     70.000   3185.017     60.000   3187.493     65.000   3186.431   2797.80005
4     60.000   3187.493     75.000   3184.053     65.000   3186.431     70.000   3185.017   2730.19995
4     65.000   3186.431     80.000   3182.694     70.000   3185.017     75.000   3184.053   2259.89990
4     70.000   3185.017     85.000   3182.081     75.000   3184.053     80.000   3182.694   2704.00000
4     75.000   3184.053     90.000   3181.788     80.000   3182.694     85.000   3182.081   2462.60010
4     80.000   3182.694     95.000   3181.787     85.000   3182.081     90.000   3181.788   3385.39990
4     85.000   3182.081    100.000   3177.987     90.000   3181.788     95.000   3181.787   2841.10010
4     90.000   3181.788    105.000   3178.241     95.000   3181.787    100.000   3177.987   5099.29980
4     95.000   3181.787    110.000   3177.561    100.000   3177.987    105.000   3178.241   5961.39990
4    100.000   3177.987    115.000   3177.298    105.000   3178.241    110.000   3177.561   5425.60010
4    105.000   3178.241    120.000   3176.399    110.000   3177.561    115.000   3177.298   6416.89990
4    110.000   3177.561    125.000   3176.056    115.000   3177.298    120.000   3176.399   6150.79980
4    115.000   3177.298    130.000   3175.582    120.000   3176.399    125.000   3176.056  18106.00000
4    120.000   3176.399    135.000   3175.166    125.000   3176.056    130.000   3175.582   9601.59961
4    125.000   3176.056    140.000   3172.969    130.000   3175.582    135.000   3175.166  18730.00000
4    130.000   3175.582    145.000   3173.129    135.000   3175.166    140.000   3172.969  10954.00000
4    135.000   3175.166    150.000   3173.915    140.000   3172.969    145.000   3173.129   9045.20020
4    140.000   3172.969    155.000   3173.350    145.000   3173.129    150.000   3173.915   9523.29980
4    145.000   3173.129    160.000   3172.272    150.000   3173.915    155.000   3173.350   4511.29980
4    150.000   3173.915    165.000   3174.350    155.000   3173.350    160.000   3172.272   3587.89990
4    155.000   3173.350    170.000   3173.269    160.000   3172.272    165.000   3174.350   4763.60010
4    160.000   3172.272    175.000   3173.967    165.000   3174.350    170.000   3173.269   2569.60010
4    165.000   3174.350    180.000   3171.951    170.000   3173.269    175.000   3173.967   5390.29980
4    170.000   3173.269    185.000   3172.360    175.000   3173.967    180.000   3171.951   3960.50000
4    175.000   3173.967    190.000   3172.259    180.000   3171.951    185.000   3172.360   6964.79980
4    180.000   3171.951    195.000   3171.310    185.000   3172.360    190.000   3172.259   4519.89990
4    185.000   3172.360    200.000   3173.162    190.000   3172.259    195.000   3171.310   5611.20020
4    190.000   3172.259    205.000   3174.806    195.000   3171.310    200.000   3173.162   8820.20020
4    195.000   3171.310    210.000   3174.330    200.000   3173.162    205.000   3174.806   7867.39990
4    200.000   3173.162    215.000   3173.045    205.000   3174.806    210.000   3174.330  13347.00000
4    205.000   3174.806    220.000   3173.542    210.000   3174.330    215.000   3173.045   8083.20020
4    210.000   3174.330    225.000   3173.867    215.000   3173.045    220.000   3173.542   6178.20020
4    215.000   3173.045    230.000   3173.642    220.000   3173.542    225.000   3173.867   4950.89990
4    220.000   3173.542    235.000   3174.965    225.000   3173.867    230.000   3173.642   8394.09961
4    230.000   3173.642    245.000   3175.169    235.000   3174.965    240.000   3175.089   5975.89990
4    240.000   3175.089    255.000   3172.278    245.000   3175.169    250.000   3173.237   7022.29980
4    245.000   3175.169    260.000   3171.464    250.000   3173.237    255.000   3172.278  18020.00000
4    250.000   3173.237    265.000   3170.733    255.000   3172.278    260.000   3171.464   5043.60010
4    255.000   3172.278    270.000   3170.992    260.000   3171.464    265.000   3170.733   6530.00000
4    260.000   3171.464    275.000   3169.293    265.000   3170.733    270.000   3170.992   6868.10010
4    265.000   3170.733    280.000   3166.297    270.000   3170.992    275.000   3169.293   6280.00000
4    270.000   3170.992    285.000   3165.180    275.000   3169.293    280.000   3166.297   6900.39990
4    275.000   3169.293    290.000   3163.392    280.000   3166.297    285.000   3165.180  11691.00000
4    280.000   3166.297    295.000   3159.678    285.000   3165.180    290.000   3163.392   9037.79980
4    285.000   3165.180    300.000   3157.169    290.000   3163.392    295.000   3159.678  11046.00000
4    290.000   3163.392    305.000   3155.087    295.000   3159.678    300.000   3157.169  14694.00000
4    295.000   3159.678    310.000   3153.710    300.000   3157.169    305.000   3155.087  49941.00000
4    300.000   3157.169    315.000   3153.424    305.000   3155.087    310.000   3153.710  59232.00000
4    305.000   3155.087    320.000   3153.620    310.000   3153.710    315.000   3153.424  59849.00000
4    310.000   3153.710    325.000   3152.537    315.000   3153.424    320.000   3153.620  55788.00000
4    315.000   3153.424    330.000   3151.597    320.000   3153.620    325.000   3152.537  54525.00000
4    320.000   3153.620    335.000   3151.104    325.000   3152.537    330.000   3151.597  75843.00000
4    325.000   3152.537    340.000   3150.342    330.000   3151.597    335.000   3151.104  50804.00000
4    330.000   3151.597    345.000   3147.336    335.000   3151.104    340.000   3150.342  78188.00000
4    335.000   3151.104    350.000   3144.556    340.000   3150.342    345.000   3147.336  46171.00000
4    340.000   3150.342    355.000   3143.625    345.000   3147.336    350.000   3144.556  56572.00000
4    345.000   3147.336    360.000   3143.336    350.000   3144.556    355.000   3143.625  30452.00000
4    350.000   3144.556    365.000   3141.693    355.000   3143.625    360.000   3143.336  60011.00000
4    355.000   3143.625    370.000   3140.477    360.000   3143.336    365.000   3141.693  33022.00000
4    360.000   3143.336    375.000   3139.216    365.000   3141.693    370.000   3140.477  32424.00000
4    365.000   3141.693    380.000   3141.359    370.000   3140.477    375.000   3139.216  43016.00000
4    370.000   3140.477    385.000   3142.444    375.000   3139.216    380.000   3141.359  34944.00000
4    375.000   3139.216    390.000   3142.881    380.000   3141.359    385.000   3142.444  37940.00000
4    385.000   3142.444    400.000   3140.285    390.000   3142.881    395.000   3141.314  39526.00000
4    390.000   3142.881    405.000   3141.239    395.000   3141.314    400.000   3140.285  36412.00000
4    395.000   3141.314    410.000   3141.273    400.000   3140.285    405.000   3141.239  44823.00000
4    400.000   3140.285    415.000   3139.506    405.000   3141.239    410.000   3141.273  43879.00000
4    405.000   3141.239    420.000   3137.565    410.000   3141.273    415.000   3139.506  39403.00000
4    410.000   3141.273    425.000   3136.998    415.000   3139.506    420.000   3137.565  42284.00000
4    415.000   3139.506    430.000   3135.815    420.000   3137.565    425.000   3136.998  42881.00000
4    420.000   3137.565    435.000   3134.556    425.000   3136.998    430.000   3135.815  38244.00000
4    425.000   3136.998    440.000   3133.721    430.000   3135.815    435.000   3134.556  34380.00000
4    430.000   3135.815    445.000   3133.236    435.000   3134.556    440.000   3133.721  44805.00000
4    435.000   3134.556    450.000   3132.501    440.000   3133.721    445.000   3133.236  31342.00000
4    440.000   3133.721    455.000   3131.632    445.000   3133.236    450.000   3132.501  41939.00000
4    445.000   3133.236    460.000   3132.190    450.000   3132.501    455.000   3131.632  34722.00000
4    475.000   3129.859    490.000   3126.461    480.000   3127.896    485.000   3127.799  33717.00000
4    480.000   3127.896    495.000   3125.846    485.000   3127.799    490.000   3126.461  49094.00000
4    485.000   3127.799    500.000   3126.291    490.000   3126.461    495.000   3125.846  48084.00000
4    490.000   3126.461    505.000   3126.752    495.000   3125.846    500.000   3126.291  37841.00000
4    495.000   3125.846    510.000   3126.187    500.000   3126.291    505.000   3126.752  50436.00000
4    500.000   3126.291    515.000   3124.577    505.000   3126.752    510.000   3126.187  47321.00000
4    505.000   3126.752    520.000   3122.764    510.000   3126.187    515.000   3124.577  34777.00000
4    510.000   3126.187    525.000   3120.842    515.000   3124.577    520.000   3122.764  52576.00000
4    515.000   3124.577    530.000   3122.116    520.000   3122.764    525.000   3120.842  41948.00000
4    520.000   3122.764    535.000   3120.351    525.000   3120.842    530.000   3122.116  34148.00000
4    525.000   3120.842    540.000   3118.537    530.000   3122.116    535.000   3120.351  53711.00000
4    530.000   3122.116    545.000   3118.402    535.000   3120.351    540.000   3118.537  36975.00000
4    535.000   3120.351    550.000   3116.732    540.000   3118.537    545.000   3118.402  37128.00000
4    540.000   3118.537    555.000   3115.278    545.000   3118.402    550.000   3116.732  40261.00000
4    545.000   3118.402    560.000   3114.061    550.000   3116.732    555.000   3115.278  32257.00000
4    550.000   3116.732    565.000   3114.019    555.000   3115.278    560.000   3114.061  36791.00000
4    555.000   3115.278    570.000   3113.400    560.000   3114.061    565.000   3114.019  34230.00000
4    560.000   3114.061    575.000   3112.055    565.000   3114.019    570.000   3113.400  23690.00000
4    565.000   3114.019    580.000   3110.929    570.000   3113.400    575.000   3112.055  44727.00000
4    570.000   3113.400    585.000   3109.943    575.000   3112.055    580.000   3110.929  27129.00000
4    575.000   3112.055    590.000   3108.194    580.000   3110.929    585.000   3109.943  25798.00000
4    580.000   3110.929    595.000   3107.404    585.000   3109.943    590.000   3108.194  32931.00000
4      0.000   3192.405     30.000   3190.148     10.000   3191.546     20.000   3189.879   2762.60010
4      5.000   3191.740     35.000   3188.367     15.000   3191.550     25.000   3190.536   2631.30005
4     10.000   3191.546     40.000   3188.108     20.000   3189.879     30.000   3190.148   2679.89990
4     15.000   3191.550     45.000   3187.650     25.000   3190.536     35.000   3188.367   2857.89990
4     20.000   3189.879     50.000   3187.233     30.000   3190.148     40.000   3188.108   2755.19995
4     25.000   3190.536     55.000   3187.506     35.000   3188.367     45.000   3187.650   2665.69995
4     30.000   3190.148     60.000   3187.493     40.000   3188.108     50.000   3187.233   2949.69995
4     35.000   3188.367     65.000   3186.431     45.000   3187.650     55.000   3187.506   3014.00000
4     40.000   3188.108     70.000   3185.017     50.000   3187.233     60.000   3187.493   2419.50000
4     45.000   3187.650     75.000   3184.053     55.000   3187.506     65.000   3186.431   2495.60010
4     50.000   3187.233     80.000   3182.694     60.000   3187.493     70.000   3185.017   2714.89990
4     55.000   3187.506     85.000   3182.081     65.000   3186.431     75.000   3184.053   2567.30005
4     60.000   3187.493     90.000   3181.788     70.000   3185.017     80.000   3182.694   2771.69995
4     65.000   3186.431     95.000   3181.787     75.000   3184.053     85.000   3182.081   3626.00000
4     70.000   3185.017    100.000   3177.987     80.000   3182.694     90.000   3181.788   3781.89990
4     75.000   3184.053    105.000   3178.241     85.000   3182.081     95.000   3181.787   2926.30005
4     80.000   3182.694    110.000   3177.561     90.000   3181.788    100.000   3177.987   4067.50000
4     85.000   3182.081    115.000   3177.298     95.000   3181.787    105.000   3178.241   5096.50000
4     90.000   3181.788    120.000   3176.399    100.000   3177.987    110.000   3177.561   5073.39990
4     95.000   3181.787    125.000   3176.056    105.000   3178.241    115.000   3177.298   4874.89990
4    100.000   3177.987    130.000   3175.582    110.000   3177.561    120.000   3176.399   5268.50000
4    105.000   3178.241    135.000   3175.166    115.000   3177.298    125.000   3176.056   7047.39990
4    110.000   3177.561    140.000   3172.969    120.000   3176.399    130.000   3175.582   8157.79980
4    115.000   3177.298    145.000   3173.129    125.000   3176.056    135.000   3175.166   7412.50000
4    120.000   3176.399    150.000   3173.915    130.000   3175.582    140.000   3172.969   5401.00000
4    130.000   3175.582    160.000   3172.272    140.000   3172.969    150.000   3173.915  13833.00000
4    135.000   3175.166    165.000   3174.350    145.000   3173.129    155.000   3173.350   9720.70020
4    140.000   3172.969    170.000   3173.269    150.000   3173.915    160.000   3172.272   5804.39990
4    145.000   3173.129    175.000   3173.967    155.000   3173.350    165.000   3174.350   7204.70020
4    150.000   3173.915    180.000   3171.951    160.000   3172.272    170.000   3173.269   6899.79980
4    155.000   3173.350    185.000   3172.360    165.000   3174.350    175.000   3173.967   6352.89990
4    160.000   3172.272    190.000   3172.259    170.000   3173.269    180.000   3171.951   8590.79980
4    165.000   3174.350    195.000   3171.310    175.000   3173.967    185.000   3172.360  11760.00000
4    170.000   3173.269    200.000   3173.162    180.000   3171.951    190.000   3172.259  11454.00000
4    175.000   3173.967    205.000   3174.806    185.000   3172.360    195.000   3171.310   9164.70020
4    180.000   3171.951    210.000   3174.330    190.000   3172.259    200.000   3173.162   8744.59961
4    185.000   3172.360    215.000   3173.045    195.000   3171.310    205.000   3174.806  11250.00000
4    190.000   3172.259    220.000   3173.542    200.000   3173.162    210.000   3174.330  17136.00000
4    195.000   3171.310    225.000   3173.867    205.000   3174.806    215.000   3173.045  17535.00000
4    200.000   3173.162    230.000   3173.642    210.000   3174.330    220.000   3173.542  10043.00000
4    205.000   3174.806    235.000   3174.965    215.000   3173.045    225.000   3173.867   8302.59961
4    210.000   3174.330    240.000   3175.089    220.000   3173.542    230.000   3173.642  15252.00000
4    215.000   3173.045    245.000   3175.169    225.000   3173.867    235.000   3174.965  14280.00000
4    225.000   3173.867    255.000   3172.278    235.000   3174.965    245.000   3175.169   6844.89990
4    230.000   3173.642    260.000   3171.464    240.000   3175.089    250.000   3173.237  12758.00000
4    235.000   3174.965    265.000   3170.733    245.000   3175.169    255.000   3172.278  23056.00000
4    240.000   3175.089    270.000   3170.992    250.000   3173.237    260.000   3171.464  19720.00000
4    245.000   3175.169    275.000   3169.293    255.000   3172.278    265.000   3170.733   7729.10010
4    250.000   3173.237    280.000   3166.297    260.000   3171.464    270.000   3170.992   9727.70020
4    255.000   3172.278    285.000   3165.180    265.000   3170.733    275.000   3169.293   9362.20020
4    260.000   3171.464    290.000   3163.392    270.000   3170.992    280.000   3166.297   9295.90039
4    265.000   3170.733    295.000   3159.678    275.000   3169.293    285.000   3165.180  16757.00000
4    270.000   3170.992    300.000   3157.169    280.000   3166.297    290.000   3163.392  20618.00000
4    275.000   3169.293    305.000   3155.087    285.000   3165.180    295.000   3159.678  16095.00000
4    280.000   3166.297    310.000   3153.710    290.000   3163.392    300.000   3157.169  14233.00000
4    285.000   3165.180    315.000   3153.424    295.000   3159.678    305.000   3155.087  60292.00000
4    290.000   3163.392    320.000   3153.620    300.000   3157.169    310.000   3153.710 105851.00000
4    295.000   3159.678    325.000   3152.537    305.000   3155.087    315.000   3153.424  99750.00000
4    300.000   3157.169    330.000   3151.597    310.000   3153.710    320.000   3153.620  67332.00000
4    305.000   3155.087    335.000   3151.104    315.000   3153.424    325.000   3152.537  83147.00000
4    315.000   3153.424    345.000   3147.336    325.000   3152.537    335.000   3151.104 103807.00000
4    325.000   3152.537    355.000   3143.625    335.000   3151.104    345.000   3147.336 106258.00000
4    330.000   3151.597    360.000   3143.336    340.000   3150.342    350.000   3144.556  81670.00000
4    340.000   3150.342    370.000   3140.477    350.000   3144.556    360.000   3143.336  84468.00000
4    350.000   3144.556    380.000   3141.359    360.000   3143.336    370.000   3140.477  62596.00000
4    355.000   3143.625    385.000   3142.444    365.000   3141.693    375.000   3139.216  69234.00000
4    360.000   3143.336    390.000   3142.881    370.000   3140.477    380.000   3141.359  70564.00000
4    365.000   3141.693    395.000   3141.314    375.000   3139.216    385.000   3142.444  68534.00000
4    370.000   3140.477    400.000   3140.285    380.000   3141.359    390.000   3142.881  66619.00000
4    375.000   3139.216    405.000   3141.239    385.000   3142.444    395.000   3141.314  69730.00000
4    380.000   3141.359    410.000   3141.273    390.000   3142.881    400.000   3140.285  64117.00000
4    385.000   3142.444    415.000   3139.506    395.000   3141.314    405.000   3141.239  70632.00000
4    390.000   3142.881    420.000   3137.565    400.000   3140.285    410.000   3141.273  74043.00000
4    395.000   3141.314    425.000   3136.998    405.000   3141.239    415.000   3139.506  80026.00000
4    400.000   3140.285    430.000   3135.815    410.000   3141.273    420.000   3137.565  68728.00000
4    405.000   3141.239    435.000   3134.556    415.000   3139.506    425.000   3136.998  74484.00000
4    410.000   3141.273    440.000   3133.721    420.000   3137.565    430.000   3135.815  68184.00000
4    415.000   3139.506    445.000   3133.236    425.000   3136.998    435.000   3134.556  65615.00000
4    420.000   3137.565    450.000   3132.501    430.000   3135.815    440.000   3133.721  78015.00000
4    425.000   3136.998    455.000   3131.632    435.000   3134.556    445.000   3133.236  73421.00000
4    430.000   3135.815    460.000   3132.190    440.000   3133.721    450.000   3132.501  61846.00000
4    450.000   3132.501    480.000   3127.896    460.000   3132.190    470.000   3129.130  55210.00000
4    455.000   3131.632    485.000   3127.799    465.000   3130.837    475.000   3129.859  76114.00000
4    460.000   3132.190    490.000   3126.461    470.000   3129.130    480.000   3127.896  91511.00000
4    465.000   3130.837    495.000   3125.846    475.000   3129.859    485.000   3127.799  73324.00000
4    470.000   3129.130    500.000   3126.291    480.000   3127.896    490.000   3126.461  75513.00000
4    475.000   3129.859    505.000   3126.752    485.000   3127.799    495.000   3125.846  91918.00000
4    480.000   3127.896    510.000   3126.187    490.000   3126.461    500.000   3126.291  76560.00000
4    485.000   3127.799    515.000   3124.577    495.000   3125.846    505.000   3126.752  77248.00000
4    490.000   3126.461    520.000   3122.764    500.000   3126.291    510.000   3126.187  88545.00000
4    495.000   3125.846    525.000   3120.842    505.000   3126.752    515.000   3124.577  77398.00000
4    500.000   3126.291    530.000   3122.116    510.000   3126.187    520.000   3122.764  86397.00000
4    505.000   3126.752    535.000   3120.351    515.000   3124.577    525.000   3120.842  86191.00000
4    510.000   3126.187    540.000   3118.537    520.000   3122.764    530.000   3122.116  67540.00000
4    515.000   3124.577    545.000   3118.402    525.000   3120.842    535.000   3120.351  78737.00000
4    520.000   3122.764    550.000   3116.732    530.000   3122.116    540.000   3118.537  86626.00000
4    525.000   3120.842    555.000   3115.278    535.000   3120.351    545.000   3118.402  71293.00000
4    530.000   3122.116    560.000   3114.061    540.000   3118.537    550.000   3116.732  70094.00000
4    535.000   3120.351    565.000   3114.019    545.000   3118.402    555.000   3115.278  73309.00000
4    540.000   3118.537    570.000   3113.400    550.000   3116.732    560.000   3114.061  72765.00000
4    545.000   3118.402    575.000   3112.055    555.000   3115.278    565.000   3114.019  61211.00000
4    550.000   3116.732    580.000   3110.929    560.000   3114.061    570.000   3113.400  50079.00000
4    555.000   3115.278    585.000   3109.943    565.000   3114.019    575.000   3112.055  62559.00000
4    560.000   3114.061    590.000   3108.194    570.000   3113.400    580.000   3110.929  68952.00000
4    565.000   3114.019    595.000   3107.404    575.000   3112.055    585.000   3109.943  52636.00000
4      0.000   3192.405     45.000   3187.650     15.000   3191.550     30.000   3190.148   2728.19995
4      5.000   3191.740     50.000   3187.233     20.000   3189.879     35.000   3188.367   2746.39990
4     10.000   3191.546     55.000   3187.506     25.000   3190.536     40.000   3188.108   2814.50000
4     15.000   3191.550     60.000   3187.493     30.000   3190.148     45.000   3187.650   2918.30005
4     20.000   3189.879     65.000   3186.431     35.000   3188.367     50.000   3187.233   2970.80005
4     25.000   3190.536     70.000   3185.017     40.000   3188.108     55.000   3187.506   2760.89990
4     30.000   3190.148     75.000   3184.053     45.000   3187.650     60.000   3187.493   2726.89990
4     35.000   3188.367     80.000   3182.694     50.000   3187.233     65.000   3186.431   2531.10010
4     40.000   3188.108     85.000   3182.081     55.000   3187.506     70.000   3185.017   2657.19995
4     45.000   3187.650     90.000   3181.788     60.000   3187.493     75.000   3184.053   2662.19995
4     50.000   3187.233     95.000   3181.787     65.000   3186.431     80.000   3182.694   3385.10010
4     55.000   3187.506    100.000   3177.987     70.000   3185.017     85.000   3182.081   3549.30005
4     60.000   3187.493    105.000   3178.241     75.000   3184.053     90.000   3181.788   3486.39990
4     65.000   3186.431    110.000   3177.561     80.000   3182.694     95.000   3181.787   3128.19995
4     70.000   3185.017    115.000   3177.298     85.000   3182.081    100.000   3177.987   3521.89990
4     75.000   3184.053    120.000   3176.399     90.000   3181.788    105.000   3178.241   4072.10010
4     80.000   3182.694    125.000   3176.056     95.000   3181.787    110.000   3177.561   4905.39990
4     85.000   3182.081    130.000   3175.582    100.000   3177.987    115.000   3177.298   5005.89990
4     90.000   3181.788    135.000   3175.166    105.000   3178.241    120.000   3176.399   5418.60010
4     95.000   3181.787    140.000   3172.969    110.000   3177.561    125.000   3176.056   5976.29980
4    100.000   3177.987    145.000   3173.129    115.000   3177.298    130.000   3175.582   7091.00000
4    105.000   3178.241    150.000   3173.915    120.000   3176.399    135.000   3175.166   5606.00000
4    110.000   3177.561    155.000   3173.350    125.000   3176.056    140.000   3172.969   6782.70020
4    115.000   3177.298    160.000   3172.272    130.000   3175.582    145.000   3173.129  10006.00000
4    120.000   3176.399    165.000   3174.350    135.000   3175.166    150.000   3173.915  13340.00000
4    125.000   3176.056    170.000   3173.269    140.000   3172.969    155.000   3173.350  14082.00000
4    130.000   3175.582    175.000   3173.967    145.000   3173.129    160.000   3172.272  11543.00000
4    135.000   3175.166    180.000   3171.951    150.000   3173.915    165.000   3174.350   7984.50000
4    140.000   3172.969    185.000   3172.360    155.000   3173.350    170.000   3173.269   7050.10010
4    145.000   3173.129    190.000   3172.259    160.000   3172.272    175.000   3173.967  10097.00000
4    150.000   3173.915    195.000   3171.310    165.000   3174.350    180.000   3171.951  11669.00000
4    155.000   3173.350    200.000   3173.162    170.000   3173.269    185.000   3172.360  17775.00000
4    160.000   3172.272    205.000   3174.806    175.000   3173.967    190.000   3172.259  17310.00000
4    165.000   3174.350    210.000   3174.330    180.000   3171.951    195.000   3171.310  13939.00000
4    170.000   3173.269    215.000   3173.045    185.000   3172.360    200.000   3173.162  10656.00000
4    175.000   3173.967    220.000   3173.542    190.000   3172.259    205.000   3174.806  13351.00000
4    180.000   3171.951    225.000   3173.867    195.000   3171.310    210.000   3174.330  20961.00000
4    185.000   3172.360    230.000   3173.642    200.000   3173.162    215.000   3173.045  22112.00000
4    190.000   3172.259    235.000   3174.965    205.000   3174.806    220.000   3173.542  20282.00000
4    195.000   3171.310    240.000   3175.089    210.000   3174.330    225.000   3173.867  14462.00000
4    200.000   3173.162    245.000   3175.169    215.000   3173.045    230.000   3173.642  16546.00000
4    205.000   3174.806    250.000   3173.237    220.000   3173.542    235.000   3174.965  17852.00000
4    210.000   3174.330    255.000   3172.278    225.000   3173.867    240.000   3175.089  14008.00000
4    215.000   3173.045    260.000   3171.464    230.000   3173.642    245.000   3175.169  10765.00000
4    220.000   3173.542    265.000   3170.733    235.000   3174.965    250.000   3173.237  14245.00000
4    225.000   3173.867    270.000   3170.992    240.000   3175.089    255.000   3172.278  27684.00000
4    230.000   3173.642    275.000   3169.293    245.000   3175.169    260.000   3171.464  30653.00000
4    235.000   3174.965    280.000   3166.297    250.000   3173.237    265.000   3170.733  26721.00000
4    240.000   3175.089    285.000   3165.180    255.000   3172.278    270.000   3170.992  11165.00000
4    245.000   3175.169    290.000   3163.392    260.000   3171.464    275.000   3169.293  10793.00000
4    250.000   3173.237    295.000   3159.678    265.000   3170.733    280.000   3166.297  13672.00000
4    255.000   3172.278    300.000   3157.169    270.000   3170.992    285.000   3165.180  23570.00000
4    260.000   3171.464    305.000   3155.087    275.000   3169.293    290.000   3163.392  25422.00000
4    265.000   3170.733    310.000   3153.710    280.000   3166.297    295.000   3159.678  21107.00000
4    270.000   3170.992    315.000   3153.424    285.000   3165.180    300.000   3157.169  19071.00000
4    275.000   3169.293    320.000   3153.620    290.000   3163.392    305.000   3155.087  65939.00000
4    280.000   3166.297    325.000   3152.537    295.000   3159.678    310.000   3153.710 127176.00000
4    285.000   3165.180    330.000   3151.597    300.000   3157.169    315.000   3153.424 132280.00000
4    290.000   3163.392    335.000   3151.104    305.000   3155.087    320.000   3153.620 109575.00000
4    300.000   3157.169    345.000   3147.336    315.000   3153.424    330.000   3151.597  76737.00000
4    315.000   3153.424    360.000   3143.336    330.000   3151.597    345.000   3147.336 120324.00000
4    320.000   3153.620    365.000   3141.693    335.000   3151.104    350.000   3144.556 117030.00000
4    330.000   3151.597    375.000   3139.216    345.000   3147.336    360.000   3143.336 110439.00000
4    335.000   3151.104    380.000   3141.359    350.000   3144.556    365.000   3141.693  95857.00000
4    340.000   3150.342    385.000   3142.444    355.000   3143.625    370.000   3140.477 101702.00000
4    345.000   3147.336    390.000   3142.881    360.000   3143.336    375.000   3139.216  87318.00000
4    350.000   3144.556    395.000   3141.314    365.000   3141.693    380.000   3141.359  94361.00000
4    355.000   3143.625    400.000   3140.285    370.000   3140.477    385.000   3142.444  98755.00000
4    360.000   3143.336    405.000   3141.239    375.000   3139.216    390.000   3142.881  89975.00000
4    365.000   3141.693    410.000   3141.273    380.000   3141.359    395.000   3141.314  89466.00000
4    370.000   3140.477    415.000   3139.506    385.000   3142.444    400.000   3140.285  88293.00000
4    375.000   3139.216    420.000   3137.565    390.000   3142.881    405.000   3141.239  89966.00000
4    380.000   3141.359    425.000   3136.998    395.000   3141.314    410.000   3141.273  90715.00000
4    385.000   3142.444    430.000   3135.815    400.000   3140.285    415.000   3139.506  96367.00000
4    390.000   3142.881    435.000   3134.556    405.000   3141.239    420.000   3137.565 100733.00000
4    395.000   3141.314    440.000   3133.721    410.000   3141.273    425.000   3136.998  96214.00000
4    400.000   3140.285    445.000   3133.236    415.000   3139.506    430.000   3135.815  95670.00000
4    405.000   3141.239    450.000   3132.501    420.000   3137.565    435.000   3134.556  91994.00000
4    410.000   3141.273    455.000   3131.632    425.000   3136.998    440.000   3133.721 101644.00000
4    415.000   3139.506    460.000   3132.190    430.000   3135.815    445.000   3133.236  92500.00000
4    425.000   3136.998    470.000   3129.130    440.000   3133.721    455.000   3131.632  89504.00000
4    430.000   3135.815    475.000   3129.859    445.000   3133.236    460.000   3132.190 102180.00000
4    435.000   3134.556    480.000   3127.896    450.000   3132.501    465.000   3130.837  94251.00000
4    440.000   3133.721    485.000   3127.799    455.000   3131.632    470.000   3129.130  98932.00000
4    450.000   3132.501    495.000   3125.846    465.000   3130.837    480.000   3127.896 101637.00000
4    455.000   3131.632    500.000   3126.291    470.000   3129.130    485.000   3127.799 101091.00000
4    460.000   3132.190    505.000   3126.752    475.000   3129.859    490.000   3126.461 105754.00000
4    465.000   3130.837    510.000   3126.187    480.000   3127.896    495.000   3125.846 103841.00000
4    470.000   3129.130    515.000   3124.577    485.000   3127.799    500.000   3126.291 111484.00000
4    475.000   3129.859    520.000   3122.764    490.000   3126.461    505.000   3126.752 111688.00000
4    480.000   3127.896    525.000   3120.842    495.000   3125.846    510.000   3126.187 109884.00000
4    485.000   3127.799    530.000   3122.116    500.000   3126.291    515.000   3124.577 112176.00000
4    490.000   3126.461    535.000   3120.351    505.000   3126.752    520.000   3122.764 116012.00000
4    495.000   3125.846    540.000   3118.537    510.000   3126.187    525.000   3120.842 108654.00000
4    500.000   3126.291    545.000   3118.402    515.000   3124.577    530.000   3122.116 106736.00000
4    505.000   3126.752    550.000   3116.732    520.000   3122.764    535.000   3120.351 105194.00000
4    510.000   3126.187    555.000   3115.278    525.000   3120.842    540.000   3118.537 104753.00000
4    515.000   3124.577    560.000   3114.061    530.000   3122.116    545.000   3118.402 108186.00000
4    520.000   3122.764    565.000   3114.019    535.000   3120.351    550.000   3116.732 104291.00000
4    525.000   3120.842    570.000   3113.400    540.000   3118.537    555.000   3115.278 107135.00000
4    530.000   3122.116    575.000   3112.055    545.000   3118.402    560.000   3114.061  99334.00000
4    535.000   3120.351    580.000   3110.929    550.000   3116.732    565.000   3114.019  94637.00000
4    540.000   3118.537    585.000   3109.943    555.000   3115.278    570.000   3113.400  82726.00000
4    545.000   3118.402    590.000   3108.194    560.000   3114.061    575.000   3112.055  87966.00000
4    550.000   3116.732    595.000   3107.404    565.000   3114.019    580.000   3110.929  90146.00000
4      0.000   3192.405     60.000   3187.493     20.000   3189.879     40.000   3188.108   2933.00000
4      5.000   3191.740     65.000   3186.431     25.000   3190.536     45.000   3187.650   2920.50000
4     10.000   3191.546     70.000   3185.017     30.000   3190.148     50.000   3187.233   3072.39990
4     15.000   3191.550     75.000   3184.053     35.000   3188.367     55.000   3187.506   2937.60010
4     20.000   3189.879     80.000   3182.694     40.000   3188.108     60.000   3187.493   2787.80005
4     25.000   3190.536     85.000   3182.081     45.000   3187.650     65.000   3186.431   2792.89990
4     30.000   3190.148     90.000   3181.788     50.000   3187.233     70.000   3185.017   2733.30005
4     35.000   3188.367     95.000   3181.787     55.000   3187.506     75.000   3184.053   2877.19995
4     40.000   3188.108    100.000   3177.987     60.000   3187.493     80.000   3182.694   3223.39990
4     45.000   3187.650    105.000   3178.241     65.000   3186.431     85.000   3182.081   3274.39990
4     50.000   3187.233    110.000   3177.561     70.000   3185.017     90.000   3181.788   3400.89990
4     55.000   3187.506    115.000   3177.298     75.000   3184.053     95.000   3181.787   3185.00000
4     60.000   3187.493    120.000   3176.399     80.000   3182.694    100.000   3177.987   3697.89990
4     65.000   3186.431    125.000   3176.056     85.000   3182.081    105.000   3178.241   4370.20020
4     70.000   3185.017    130.000   3175.582     90.000   3181.788    110.000   3177.561   4342.20020
4     75.000   3184.053    135.000   3175.166     95.000   3181.787    115.000   3177.298   5199.79980
4     80.000   3182.694    140.000   3172.969    100.000   3177.987    120.000   3176.399   5804.00000
4     85.000   3182.081    145.000   3173.129    105.000   3178.241    125.000   3176.056   5550.79980
4     90.000   3181.788    150.000   3173.915    110.000   3177.561    130.000   3175.582   5635.60010
4     95.000   3181.787    155.000   3173.350    115.000   3177.298    135.000   3175.166   5602.20020
4    100.000   3177.987    160.000   3172.272    120.000   3176.399    140.000   3172.969   7224.89990
4    105.000   3178.241    165.000   3174.350    125.000   3176.056    145.000   3173.129  11154.00000
4    110.000   3177.561    170.000   3173.269    130.000   3175.582    150.000   3173.915  14910.00000
4    115.000   3177.298    175.000   3173.967    135.000   3175.166    155.000   3173.350  15171.00000
4    120.000   3176.399    180.000   3171.951    140.000   3172.969    160.000   3172.272  14724.00000
4    125.000   3176.056    185.000   3172.360    145.000   3173.129    165.000   3174.350  12176.00000
4    130.000   3175.582    190.000   3172.259    150.000   3173.915    170.000   3173.269   8974.00000
4    135.000   3175.166    195.000   3171.310    155.000   3173.350    175.000   3173.967  10427.00000
4    140.000   3172.969    200.000   3173.162    160.000   3172.272    180.000   3171.951  13222.00000
4    145.000   3173.129    205.000   3174.806    165.000   3174.350    185.000   3172.360  19393.00000
4    150.000   3173.915    210.000   3174.330    170.000   3173.269    190.000   3172.259  19523.00000
4    155.000   3173.350    215.000   3173.045    175.000   3173.967    195.000   3171.310  17352.00000
4    160.000   3172.272    220.000   3173.542    180.000   3171.951    200.000   3173.162  17861.00000
4    165.000   3174.350    225.000   3173.867    185.000   3172.360    205.000   3174.806  17302.00000
4    170.000   3173.269    230.000   3173.642    190.000   3172.259    210.000   3174.330  21860.00000
4    175.000   3173.967    235.000   3174.965    195.000   3171.310    215.000   3173.045  24108.00000
4    180.000   3171.951    240.000   3175.089    200.000   3173.162    220.000   3173.542  25032.00000
4    185.000   3172.360    245.000   3175.169    205.000   3174.806    225.000   3173.867  25379.00000
4    190.000   3172.259    250.000   3173.237    210.000   3174.330    230.000   3173.642  23089.00000
4    195.000   3171.310    255.000   3172.278    215.000   3173.045    235.000   3174.965  14672.00000
4    200.000   3173.162    260.000   3171.464    220.000   3173.542    240.000   3175.089  14711.00000
4    205.000   3174.806    265.000   3170.733    225.000   3173.867    245.000   3175.169  16946.00000
4    210.000   3174.330    270.000   3170.992    230.000   3173.642    250.000   3173.237  18027.00000
4    215.000   3173.045    275.000   3169.293    235.000   3174.965    255.000   3172.278  33634.00000
4    220.000   3173.542    280.000   3166.297    240.000   3175.089    260.000   3171.464  34529.00000
4    225.000   3173.867    285.000   3165.180    245.000   3175.169    265.000   3170.733  31884.00000
4    230.000   3173.642    290.000   3163.392    250.000   3173.237    270.000   3170.992  32421.00000
4    235.000   3174.965    295.000   3159.678    255.000   3172.278    275.000   3169.293  15662.00000
4    240.000   3175.089    300.000   3157.169    260.000   3171.464    280.000   3166.297  18002.00000
4    245.000   3175.169    305.000   3155.087    265.000   3170.733    285.000   3165.180  23271.00000
4    250.000   3173.237    310.000   3153.710    270.000   3170.992    290.000   3163.392  22279.00000
4    255.000   3172.278    315.000   3153.424    275.000   3169.293    295.000   3159.678  26799.00000
4    260.000   3171.464    320.000   3153.620    280.000   3166.297    300.000   3157.169  28203.00000
4    265.000   3170.733    325.000   3152.537    285.000   3165.180    305.000   3155.087  73424.00000
4    270.000   3170.992    330.000   3151.597    290.000   3163.392    310.000   3153.710 115941.00000
4    275.000   3169.293    335.000   3151.104    295.000   3159.678    315.000   3153.424 135481.00000
4    280.000   3166.297    340.000   3150.342    300.000   3157.169    320.000   3153.620 122300.00000
4    285.000   3165.180    345.000   3147.336    305.000   3155.087    325.000   3152.537 100890.00000
4    290.000   3163.392    350.000   3144.556    310.000   3153.710    330.000   3151.597  92935.00000
4    295.000   3159.678    355.000   3143.625    315.000   3153.424    335.000   3151.104  93428.00000
4    300.000   3157.169    360.000   3143.336    320.000   3153.620    340.000   3150.342  87389.00000
4    305.000   3155.087    365.000   3141.693    325.000   3152.537    345.000   3147.336 120214.00000
4    310.000   3153.710    370.000   3140.477    330.000   3151.597    350.000   3144.556 135130.00000
4    315.000   3153.424    375.000   3139.216    335.000   3151.104    355.000   3143.625 132078.00000
4    320.000   3153.620    380.000   3141.359    340.000   3150.342    360.000   3143.336 122491.00000
4    325.000   3152.537    385.000   3142.444    345.000   3147.336    365.000   3141.693 125965.00000
4    330.000   3151.597    390.000   3142.881    350.000   3144.556    370.000   3140.477 110410.00000
4    335.000   3151.104    395.000   3141.314    355.000   3143.625    375.000   3139.216 121500.00000
4    340.000   3150.342    400.000   3140.285    360.000   3143.336    380.000   3141.359 116638.00000
4    345.000   3147.336    405.000   3141.239    365.000   3141.693    385.000   3142.444 114379.00000
4    350.000   3144.556    410.000   3141.273    370.000   3140.477    390.000   3142.881 119783.00000
4    355.000   3143.625    415.000   3139.506    375.000   3139.216    395.000   3141.314 108737.00000
4    360.000   3143.336    420.000   3137.565    380.000   3141.359    400.000   3140.285 107637.00000
4    370.000   3140.477    430.000   3135.815    390.000   3142.881    410.000   3141.273 108391.00000
4    375.000   3139.216    435.000   3134.556    395.000   3141.314    415.000   3139.506 112727.00000
4    380.000   3141.359    440.000   3133.721    400.000   3140.285    420.000   3137.565 109780.00000
4    385.000   3142.444    445.000   3133.236    405.000   3141.239    425.000   3136.998 119697.00000
4    390.000   3142.881    450.000   3132.501    410.000   3141.273    430.000   3135.815 110184.00000
4    395.000   3141.314    455.000   3131.632    415.000   3139.506    435.000   3134.556 119391.00000
4    405.000   3141.239    465.000   3130.837    425.000   3136.998    445.000   3133.236 113198.00000
4    410.000   3141.273    470.000   3129.130    430.000   3135.815    450.000   3132.501 116490.00000
4    415.000   3139.506    475.000   3129.859    435.000   3134.556    455.000   3131.632 114997.00000
4    420.000   3137.565    480.000   3127.896    440.000   3133.721    460.000   3132.190 106054.00000
4    425.000   3136.998    485.000   3127.799    445.000   3133.236    465.000   3130.837 120742.00000
4    430.000   3135.815    490.000   3126.461    450.000   3132.501    470.000   3129.130 110747.00000
4    435.000   3134.556    495.000   3125.846    455.000   3131.632    475.000   3129.859 122724.00000
4    440.000   3133.721    500.000   3126.291    460.000   3132.190    480.000   3127.896 122537.00000
4    445.000   3133.236    505.000   3126.752    465.000   3130.837    485.000   3127.799 111271.00000
4    450.000   3132.501    510.000   3126.187    470.000   3129.130    490.000   3126.461 121719.00000
4    455.000   3131.632    515.000   3124.577    475.000   3129.859    495.000   3125.846 125781.00000
4    460.000   3132.190    520.000   3122.764    480.000   3127.896    500.000   3126.291 121519.00000
4    465.000   3130.837    525.000   3120.842    485.000   3127.799    505.000   3126.752 140069.00000
4    470.000   3129.130    530.000   3122.116    490.000   3126.461    510.000   3126.187 135739.00000
4    475.000   3129.859    535.000   3120.351    495.000   3125.846    515.000   3124.577 126661.00000
4    480.000   3127.896    540.000   3118.537    500.000   3126.291    520.000   3122.764 143652.00000
4    485.000   3127.799    545.000   3118.402    505.000   3126.752    525.000   3120.842 131126.00000
4    490.000   3126.461    550.000   3116.732    510.000   3126.187    530.000   3122.116 120813.00000
4    495.000   3125.846    555.000   3115.278    515.000   3124.577    535.000   3120.351 134556.00000
4    500.000   3126.291    560.000   3114.061    520.000   3122.764    540.000   3118.537 121654.00000
4    505.000   3126.752    565.000   3114.019    525.000   3120.842    545.000   3118.402 127961.00000
4    510.000   3126.187    570.000   3113.400    530.000   3122.116    550.000   3116.732 141690.00000
4    515.000   3124.577    575.000   3112.055    535.000   3120.351    555.000   3115.278 121801.00000
4    520.000   3122.764    580.000   3110.929    540.000   3118.537    560.000   3114.061 131358.00000
4    525.000   3120.842    585.000   3109.943    545.000   3118.402    565.000   3114.019 124995.00000
4    530.000   3122.116    590.000   3108.194    550.000   3116.732    570.000   3113.400 108363.00000
4    535.000   3120.351    595.000   3107.404    555.000   3115.278    575.000   3112.055 120289.00000
4      0.000   3192.405     75.000   3184.053     25.000   3190.536     50.000   3187.233   3171.69995
4      5.000   3191.740     80.000   3182.694     30.000   3190.148     55.000   3187.506   3085.10010
4     10.000   3191.546     85.000   3182.081     35.000   3188.367     60.000   3187.493   2960.80005
4     15.000   3191.550     90.000   3181.788     40.000   3188.108     65.000   3186.431   2946.19995
4     20.000   3189.879     95.000   3181.787     45.000   3187.650     70.000   3185.017   3111.60010
4     25.000   3190.536    100.000   3177.987     50.000   3187.233     75.000   3184.053   2876.69995
4     30.000   3190.148    105.000   3178.241     55.000   3187.506     80.000   3182.694   2965.10010
4     35.000   3188.367    110.000   3177.561     60.000   3187.493     85.000   3182.081   3237.60010
4     40.000   3188.108    115.000   3177.298     65.000   3186.431     90.000   3181.788   3346.00000
4     45.000   3187.650    120.000   3176.399     70.000   3185.017     95.000   3181.787   3248.30005
4     50.000   3187.233    125.000   3176.056     75.000   3184.053    100.000   3177.987   4054.30005
4     55.000   3187.506    130.000   3175.582     80.000   3182.694    105.000   3178.241   4440.39990
4     60.000   3187.493    135.000   3175.166     85.000   3182.081    110.000   3177.561   4758.00000
4     65.000   3186.431    140.000   3172.969     90.000   3181.788    115.000   3177.298   5286.89990
4     70.000   3185.017    145.000   3173.129     95.000   3181.787    120.000   3176.399   5548.89990
4     75.000   3184.053    150.000   3173.915    100.000   3177.987    125.000   3176.056   4846.39990
4     80.000   3182.694    155.000   3173.350    105.000   3178.241    130.000   3175.582   5712.50000
4     85.000   3182.081    160.000   3172.272    110.000   3177.561    135.000   3175.166   6172.00000
4     90.000   3181.788    165.000   3174.350    115.000   3177.298    140.000   3172.969   7347.50000
4     95.000   3181.787    170.000   3173.269    120.000   3176.399    145.000   3173.129  12025.00000
4    100.000   3177.987    175.000   3173.967    125.000   3176.056    150.000   3173.915  16131.00000
4    105.000   3178.241    180.000   3171.951    130.000   3175.582    155.000   3173.350  16423.00000
4    110.000   3177.561    185.000   3172.360    135.000   3175.166    160.000   3172.272  15578.00000
4    115.000   3177.298    190.000   3172.259    140.000   3172.969    165.000   3174.350  16391.00000
4    120.000   3176.399    195.000   3171.310    145.000   3173.129    170.000   3173.269  13721.00000
4    125.000   3176.056    200.000   3173.162    150.000   3173.915    175.000   3173.967  12593.00000
4    130.000   3175.582    205.000   3174.806    155.000   3173.350    180.000   3171.951  14608.00000
4    135.000   3175.166    210.000   3174.330    160.000   3172.272    185.000   3172.360  17239.00000
4    140.000   3172.969    215.000   3173.045    165.000   3174.350    190.000   3172.259  17148.00000
4    145.000   3173.129    220.000   3173.542    170.000   3173.269    195.000   3171.310  20758.00000
4    150.000   3173.915    225.000   3173.867    175.000   3173.967    200.000   3173.162  22240.00000
4    155.000   3173.350    230.000   3173.642    180.000   3171.951    205.000   3174.806  23095.00000
4    160.000   3172.272    235.000   3174.965    185.000   3172.360    210.000   3174.330  26427.00000
4    165.000   3174.350    240.000   3175.089    190.000   3172.259    215.000   3173.045  28900.00000
4    170.000   3173.269    245.000   3175.169    195.000   3171.310    220.000   3173.542  27562.00000
4    175.000   3173.967    250.000   3173.237    200.000   3173.162    225.000   3173.867  27758.00000
4    180.000   3171.951    255.000   3172.278    205.000   3174.806    230.000   3173.642  24344.00000
4    185.000   3172.360    260.000   3171.464    210.000   3174.330    235.000   3174.965  20157.00000
4    190.000   3172.259    265.000   3170.733    215.000   3173.045    240.000   3175.089  17273.00000
4    195.000   3171.310    270.000   3170.992    220.000   3173.542    245.000   3175.169  18668.00000
4    200.000   3173.162    275.000   3169.293    225.000   3173.867    250.000   3173.237  23170.00000
4    205.000   3174.806    280.000   3166.297    230.000   3173.642    255.000   3172.278  35775.00000
4    210.000   3174.330    285.000   3165.180    235.000   3174.965    260.000   3171.464  36754.00000
4    215.000   3173.045    290.000   3163.392    240.000   3175.089    265.000   3170.733  38885.00000
4    220.000   3173.542    295.000   3159.678    245.000   3175.169    270.000   3170.992  39237.00000
4    225.000   3173.867    300.000   3157.169    250.000   3173.237    275.000   3169.293  35756.00000
4    230.000   3173.642    305.000   3155.087    255.000   3172.278    280.000   3166.297  21373.00000
4    235.000   3174.965    310.000   3153.710    260.000   3171.464    285.000   3165.180  23654.00000
4    240.000   3175.089    315.000   3153.424    265.000   3170.733    290.000   3163.392  24109.00000
4    245.000   3175.169    320.000   3153.620    270.000   3170.992    295.000   3159.678  24535.00000
4    250.000   3173.237    325.000   3152.537    275.000   3169.293    300.000   3157.169  29019.00000
4    255.000   3172.278    330.000   3151.597    280.000   3166.297    305.000   3155.087  78935.00000
4    260.000   3171.464    335.000   3151.104    285.000   3165.180    310.000   3153.710 123602.00000
4    270.000   3170.992    345.000   3147.336    295.000   3159.678    320.000   3153.620 122287.00000
4    280.000   3166.297    355.000   3143.625    305.000   3155.087    330.000   3151.597 115296.00000
4    285.000   3165.180    360.000   3143.336    310.000   3153.710    335.000   3151.104  88640.00000
4    290.000   3163.392    365.000   3141.693    315.000   3153.424    340.000   3150.342 100681.00000
4    295.000   3159.678    370.000   3140.477    320.000   3153.620    345.000   3147.336  97341.00000
4    300.000   3157.169    375.000   3139.216    325.000   3152.537    350.000   3144.556  94453.00000
4    305.000   3155.087    380.000   3141.359    330.000   3151.597    355.000   3143.625 110244.00000
4    310.000   3153.710    385.000   3142.444    335.000   3151.104    360.000   3143.336 151160.00000
4    315.000   3153.424    390.000   3142.881    340.000   3150.342    365.000   3141.693 128360.00000
4    320.000   3153.620    395.000   3141.314    345.000   3147.336    370.000   3140.477 115809.00000
4    325.000   3152.537    400.000   3140.285    350.000   3144.556    375.000   3139.216 119573.00000
4    330.000   3151.597    405.000   3141.239    355.000   3143.625    380.000   3141.359 125574.00000
4    335.000   3151.104    410.000   3141.273    360.000   3143.336    385.000   3142.444 110802.00000
4    340.000   3150.342    415.000   3139.506    365.000   3141.693    390.000   3142.881 125896.00000
4    345.000   3147.336    420.000   3137.565    370.000   3140.477    395.000   3141.314 121648.00000
4    355.000   3143.625    430.000   3135.815    380.000   3141.359    405.000   3141.239 123393.00000
4    360.000   3143.336    435.000   3134.556    385.000   3142.444    410.000   3141.273 125484.00000
4    370.000   3140.477    445.000   3133.236    395.000   3141.314    420.000   3137.565 120594.00000
4    375.000   3139.216    450.000   3132.501    400.000   3140.285    425.000   3136.998 131493.00000
4    380.000   3141.359    455.000   3131.632    405.000   3141.239    430.000   3135.815 132901.00000
4    385.000   3142.444    460.000   3132.190    410.000   3141.273    435.000   3134.556 129337.00000
4    390.000   3142.881    465.000   3130.837    415.000   3139.506    440.000   3133.721 138125.00000
4    405.000   3141.239    480.000   3127.896    430.000   3135.815    455.000   3131.632 116390.00000
4    410.000   3141.273    485.000   3127.799    435.000   3134.556    460.000   3132.190 128966.00000
4    415.000   3139.506    490.000   3126.461    440.000   3133.721    465.000   3130.837 123122.00000
4    420.000   3137.565    495.000   3125.846    445.000   3133.236    470.000   3129.130 127303.00000
4    425.000   3136.998    500.000   3126.291    450.000   3132.501    475.000   3129.859 133015.00000
4    430.000   3135.815    505.000   3126.752    455.000   3131.632    480.000   3127.896 137797.00000
4    435.000   3134.556    510.000   3126.187    460.000   3132.190    485.000   3127.799 125774.00000
4    440.000   3133.721    515.000   3124.577    465.000   3130.837    490.000   3126.461 137300.00000
4    445.000   3133.236    520.000   3122.764    470.000   3129.130    495.000   3125.846 142370.00000
4    450.000   3132.501    525.000   3120.842    475.000   3129.859    500.000   3126.291 137708.00000
4    455.000   3131.632    530.000   3122.116    480.000   3127.896    505.000   3126.752 145934.00000
4    460.000   3132.190    535.000   3120.351    485.000   3127.799    510.000   3126.187 156507.00000
4    465.000   3130.837    540.000   3118.537    490.000   3126.461    515.000   3124.577 148225.00000
4    470.000   3129.130    545.000   3118.402    495.000   3125.846    520.000   3122.764 147450.00000
4    475.000   3129.859    550.000   3116.732    500.000   3126.291    525.000   3120.842 151866.00000
4    480.000   3127.896    555.000   3115.278    505.000   3126.752    530.000   3122.116 140318.00000
4    485.000   3127.799    560.000   3114.061    510.000   3126.187    535.000   3120.351 139588.00000
4    490.000   3126.461    565.000   3114.019    515.000   3124.577    540.000   3118.537 149527.00000
4    495.000   3125.846    570.000   3113.400    520.000   3122.764    545.000   3118.402 143600.00000
4    500.000   3126.291    575.000   3112.055    525.000   3120.842    550.000   3116.732 143288.00000
4    505.000   3126.752    580.000   3110.929    530.000   3122.116    555.000   3115.278 154813.00000
4    510.000   3126.187    585.000   3109.943    535.000   3120.351    560.000   3114.061 147629.00000
4    515.000   3124.577    590.000   3108.194    540.000   3118.537    565.000   3114.019 144143.00000
4    520.000   3122.764    595.000   3107.404    545.000   3118.402    570.000   3113.400 140882.00000
4      0.000   3192.405     90.000   3181.788     30.000   3190.148     60.000   3187.493   3217.80005
4      5.000   3191.740     95.000   3181.787     35.000   3188.367     65.000   3186.431   3193.30005
4     10.000   3191.546    100.000   3177.987     40.000   3188.108     70.000   3185.017   3213.30005
4     15.000   3191.550    105.000   3178.241     45.000   3187.650     75.000   3184.053   2988.00000
4     20.000   3189.879    110.000   3177.561     50.000   3187.233     80.000   3182.694   3025.19995
4     25.000   3190.536    115.000   3177.298     55.000   3187.506     85.000   3182.081   3150.50000
4     30.000   3190.148    120.000   3176.399     60.000   3187.493     90.000   3181.788   3429.19995
4     35.000   3188.367    125.000   3176.056     65.000   3186.431     95.000   3181.787   3487.80005
4     40.000   3188.108    130.000   3175.582     70.000   3185.017    100.000   3177.987   3937.39990
4     45.000   3187.650    135.000   3175.166     75.000   3184.053    105.000   3178.241   4792.39990
4     50.000   3187.233    140.000   3172.969     80.000   3182.694    110.000   3177.561   5065.79980
4     55.000   3187.506    145.000   3173.129     85.000   3182.081    115.000   3177.298   5033.10010
4     60.000   3187.493    150.000   3173.915     90.000   3181.788    120.000   3176.399   4682.29980
4     65.000   3186.431    155.000   3173.350     95.000   3181.787    125.000   3176.056   5340.29980
4     70.000   3185.017    160.000   3172.272    100.000   3177.987    130.000   3175.582   6343.39990
4     75.000   3184.053    165.000   3174.350    105.000   3178.241    135.000   3175.166   6260.39990
4     80.000   3182.694    170.000   3173.269    110.000   3177.561    140.000   3172.969   8225.29980
4     85.000   3182.081    175.000   3173.967    115.000   3177.298    145.000   3173.129  12598.00000
4     90.000   3181.788    180.000   3171.951    120.000   3176.399    150.000   3173.915  16882.00000
4     95.000   3181.787    185.000   3172.360    125.000   3176.056    155.000   3173.350  16560.00000
4    100.000   3177.987    190.000   3172.259    130.000   3175.582    160.000   3172.272  16853.00000
4    105.000   3178.241    195.000   3171.310    135.000   3175.166    165.000   3174.350  18363.00000
4    110.000   3177.561    200.000   3173.162    140.000   3172.969    170.000   3173.269  17860.00000
4    115.000   3177.298    205.000   3174.806    145.000   3173.129    175.000   3173.967  16975.00000
4    120.000   3176.399    210.000   3174.330    150.000   3173.915    180.000   3171.951  14368.00000
4    125.000   3176.056    215.000   3173.045    155.000   3173.350    185.000   3172.360  17788.00000
4    130.000   3175.582    220.000   3173.542    160.000   3172.272    190.000   3172.259  19209.00000
4    135.000   3175.166    225.000   3173.867    165.000   3174.350    195.000   3171.310  19648.00000
4    140.000   3172.969    230.000   3173.642    170.000   3173.269    200.000   3173.162  21117.00000
4    145.000   3173.129    235.000   3174.965    175.000   3173.967    205.000   3174.806  25444.00000
4    150.000   3173.915    240.000   3175.089    180.000   3171.951    210.000   3174.330  33966.00000
4    155.000   3173.350    245.000   3175.169    185.000   3172.360    215.000   3173.045  32659.00000
4    160.000   3172.272    250.000   3173.237    190.000   3172.259    220.000   3173.542  31176.00000
4    165.000   3174.350    255.000   3172.278    195.000   3171.310    225.000   3173.867  24877.00000
4    170.000   3173.269    260.000   3171.464    200.000   3173.162    230.000   3173.642  26455.00000
4    175.000   3173.967    265.000   3170.733    205.000   3174.806    235.000   3174.965  26049.00000
4    180.000   3171.951    270.000   3170.992    210.000   3174.330    240.000   3175.089  20950.00000
4    185.000   3172.360    275.000   3169.293    215.000   3173.045    245.000   3175.169  21581.00000
4    190.000   3172.259    280.000   3166.297    220.000   3173.542    250.000   3173.237  26274.00000
4    195.000   3171.310    285.000   3165.180    225.000   3173.867    255.000   3172.278  39445.00000
4    200.000   3173.162    290.000   3163.392    230.000   3173.642    260.000   3171.464  36452.00000
4    205.000   3174.806    295.000   3159.678    235.000   3174.965    265.000   3170.733  40497.00000
4    210.000   3174.330    300.000   3157.169    240.000   3175.089    270.000   3170.992  46837.00000
4    215.000   3173.045    305.000   3155.087    245.000   3175.169    275.000   3169.293  41808.00000
4    220.000   3173.542    310.000   3153.710    250.000   3173.237    280.000   3166.297  34581.00000
4    230.000   3173.642    320.000   3153.620    260.000   3171.464    290.000   3163.392  26529.00000
4    235.000   3174.965    325.000   3152.537    265.000   3170.733    295.000   3159.678  26735.00000
4    240.000   3175.089    330.000   3151.597    270.000   3170.992    300.000   3157.169  27430.00000
4    245.000   3175.169    335.000   3151.104    275.000   3169.293    305.000   3155.087  70703.00000
4    250.000   3173.237    340.000   3150.342    280.000   3166.297    310.000   3153.710 101505.00000
4    255.000   3172.278    345.000   3147.336    285.000   3165.180    315.000   3153.424 118447.00000
4    265.000   3170.733    355.000   3143.625    295.000   3159.678    325.000   3152.537 123804.00000
4    270.000   3170.992    360.000   3143.336    300.000   3157.169    330.000   3151.597 120671.00000
4    275.000   3169.293    365.000   3141.693    305.000   3155.087    335.000   3151.104 115234.00000
4    280.000   3166.297    370.000   3140.477    310.000   3153.710    340.000   3150.342 109015.00000
4    285.000   3165.180    375.000   3139.216    315.000   3153.424    345.000   3147.336 104217.00000
4    290.000   3163.392    380.000   3141.359    320.000   3153.620    350.000   3144.556  98613.00000
4    295.000   3159.678    385.000   3142.444    325.000   3152.537    355.000   3143.625  94440.00000
4    300.000   3157.169    390.000   3142.881    330.000   3151.597    360.000   3143.336  97552.00000
4    305.000   3155.087    395.000   3141.314    335.000   3151.104    365.000   3141.693 117074.00000
4    310.000   3153.710    400.000   3140.285    340.000   3150.342    370.000   3140.477 127378.00000
4    315.000   3153.424    405.000   3141.239    345.000   3147.336    375.000   3139.216 130104.00000
4    320.000   3153.620    410.000   3141.273    350.000   3144.556    380.000   3141.359 117171.00000
4    325.000   3152.537    415.000   3139.506    355.000   3143.625    385.000   3142.444 126397.00000
4    330.000   3151.597    420.000   3137.565    360.000   3143.336    390.000   3142.881 119612.00000
4    335.000   3151.104    425.000   3136.998    365.000   3141.693    395.000   3141.314 122349.00000
4    340.000   3150.342    430.000   3135.815    370.000   3140.477    400.000   3140.285 132471.00000
4    345.000   3147.336    435.000   3134.556    375.000   3139.216    405.000   3141.239 129685.00000
4    350.000   3144.556    440.000   3133.721    380.000   3141.359    410.000   3141.273 132701.00000
4    355.000   3143.625    445.000   3133.236    385.000   3142.444    415.000   3139.506 133643.00000
4    360.000   3143.336    450.000   3132.501    390.000   3142.881    420.000   3137.565 140508.00000
4    375.000   3139.216    465.000   3130.837    405.000   3141.239    435.000   3134.556 134921.00000
4    385.000   3142.444    475.000   3129.859    415.000   3139.506    445.000   3133.236 140978.00000
4    390.000   3142.881    480.000   3127.896    420.000   3137.565    450.000   3132.501 128124.00000
4    395.000   3141.314    485.000   3127.799    425.000   3136.998    455.000   3131.632 128625.00000
4    400.000   3140.285    490.000   3126.461    430.000   3135.815    460.000   3132.190 132268.00000
4    405.000   3141.239    495.000   3125.846    435.000   3134.556    465.000   3130.837 137815.00000
4    410.000   3141.273    500.000   3126.291    440.000   3133.721    470.000   3129.130 127618.00000
4    415.000   3139.506    505.000   3126.752    445.000   3133.236    475.000   3129.859 139949.00000
4    420.000   3137.565    510.000   3126.187    450.000   3132.501    480.000   3127.896 137997.00000
4    425.000   3136.998    515.000   3124.577    455.000   3131.632    485.000   3127.799 143164.00000
4    430.000   3135.815    520.000   3122.764    460.000   3132.190    490.000   3126.461 144448.00000
4    435.000   3134.556    525.000   3120.842    465.000   3130.837    495.000   3125.846 146026.00000
4    440.000   3133.721    530.000   3122.116    470.000   3129.130    500.000   3126.291 157620.00000
4    445.000   3133.236    535.000   3120.351    475.000   3129.859    505.000   3126.752 152014.00000
4    450.000   3132.501    540.000   3118.537    480.000   3127.896    510.000   3126.187 145589.00000
4    455.000   3131.632    545.000   3118.402    485.000   3127.799    515.000   3124.577 159380.00000
4    460.000   3132.190    550.000   3116.732    490.000   3126.461    520.000   3122.764 162221.00000
4    465.000   3130.837    555.000   3115.278    495.000   3125.846    525.000   3120.842 154455.00000
4    470.000   3129.130    560.000   3114.061    500.000   3126.291    530.000   3122.116 147325.00000
4    475.000   3129.859    565.000   3114.019    505.000   3126.752    535.000   3120.351 157726.00000
4    480.000   3127.896    570.000   3113.400    510.000   3126.187    540.000   3118.537 158788.00000
4    485.000   3127.799    575.000   3112.055    515.000   3124.577    545.000   3118.402 154849.00000
4    490.000   3126.461    580.000   3110.929    520.000   3122.764    550.000   3116.732 156676.00000
4    495.000   3125.846    585.000   3109.943    525.000   3120.842    555.000   3115.278 158382.00000
4    500.000   3126.291    590.000   3108.194    530.000   3122.116    560.000   3114.061 168124.00000
4    505.000   3126.752    595.000   3107.404    535.000   3120.351    565.000   3114.019 160089.00000
4      0.000   3192.405    105.000   3178.241     35.000   3188.367     70.000   3185.017   3227.69995
4      5.000   3191.740    110.000   3177.561     40.000   3188.108     75.000   3184.053   3124.19995
4     10.000   3191.546    115.000   3177.298     45.000   3187.650     80.000   3182.694   3243.69995
4     15.000   3191.550    120.000   3176.399     50.000   3187.233     85.000   3182.081   3320.60010
4     20.000   3189.879    125.000   3176.056     55.000   3187.506     90.000   3181.788   3536.50000
4     25.000   3190.536    130.000   3175.582     60.000   3187.493     95.000   3181.787   3500.60010
4     30.000   3190.148    135.000   3175.166     65.000   3186.431    100.000   3177.987   4169.10010
4     35.000   3188.367    140.000   3172.969     70.000   3185.017    105.000   3178.241   4828.79980
4     40.000   3188.108    145.000   3173.129     75.000   3184.053    110.000   3177.561   4784.89990
4     45.000   3187.650    150.000   3173.915     80.000   3182.694    115.000   3177.298   4524.79980
4     50.000   3187.233    155.000   3173.350     85.000   3182.081    120.000   3176.399   4936.70020
4     55.000   3187.506    160.000   3172.272     90.000   3181.788    125.000   3176.056   5505.39990
4     60.000   3187.493    165.000   3174.350     95.000   3181.787    130.000   3175.582   6681.89990
4     65.000   3186.431    170.000   3173.269    100.000   3177.987    135.000   3175.166   7317.00000
4     70.000   3185.017    175.000   3173.967    105.000   3178.241    140.000   3172.969   8679.50000
4     75.000   3184.053    180.000   3171.951    110.000   3177.561    145.000   3173.129  13278.00000
4     80.000   3182.694    185.000   3172.360    115.000   3177.298    150.000   3173.915  16783.00000
4     85.000   3182.081    190.000   3172.259    120.000   3176.399    155.000   3173.350  17878.00000
4     90.000   3181.788    195.000   3171.310    125.000   3176.056    160.000   3172.272  18647.00000
4     95.000   3181.787    200.000   3173.162    130.000   3175.582    165.000   3174.350  19282.00000
4    100.000   3177.987    205.000   3174.806    135.000   3175.166    170.000   3173.269  19552.00000
4    105.000   3178.241    210.000   3174.330    140.000   3172.969    175.000   3173.967  18959.00000
4    110.000   3177.561    215.000   3173.045    145.000   3173.129    180.000   3171.951  17695.00000
4    115.000   3177.298    220.000   3173.542    150.000   3173.915    185.000   3172.360  19934.00000
4    120.000   3176.399    225.000   3173.867    155.000   3173.350    190.000   3172.259  20960.00000
4    125.000   3176.056    230.000   3173.642    160.000   3172.272    195.000   3171.310  20279.00000
4    130.000   3175.582    235.000   3174.965    165.000   3174.350    200.000   3173.162  22240.00000
4    135.000   3175.166    240.000   3175.089    170.000   3173.269    205.000   3174.806  26825.00000
4    140.000   3172.969    245.000   3175.169    175.000   3173.967    210.000   3174.330  33737.00000
4    145.000   3173.129    250.000   3173.237    180.000   3171.951    215.000   3173.045  36102.00000
4    150.000   3173.915    255.000   3172.278    185.000   3172.360    220.000   3173.542  27671.00000
4    155.000   3173.350    260.000   3171.464    190.000   3172.259    225.000   3173.867  28009.00000
4    160.000   3172.272    265.000   3170.733    195.000   3171.310    230.000   3173.642  30036.00000
4    165.000   3174.350    270.000   3170.992    200.000   3173.162    235.000   3174.965  29740.00000
4    170.000   3173.269    275.000   3169.293    205.000   3174.806    240.000   3175.089  27498.00000
4    175.000   3173.967    280.000   3166.297    210.000   3174.330    245.000   3175.169  24825.00000
4    180.000   3171.951    285.000   3165.180    215.000   3173.045    250.000   3173.237  26496.00000
4    185.000   3172.360    290.000   3163.392    220.000   3173.542    255.000   3172.278  43133.00000
4    190.000   3172.259    295.000   3159.678    225.000   3173.867    260.000   3171.464  44282.00000
4    195.000   3171.310    300.000   3157.169    230.000   3173.642    265.000   3170.733  41931.00000
4    200.000   3173.162    305.000   3155.087    235.000   3174.965    270.000   3170.992  40931.00000
4    205.000   3174.806    310.000   3153.710    240.000   3175.089    275.000   3169.293  37218.00000
4    210.000   3174.330    315.000   3153.424    245.000   3175.169    280.000   3166.297  40194.00000
4    215.000   3173.045    320.000   3153.620    250.000   3173.237    285.000   3165.180  41965.00000
4    220.000   3173.542    325.000   3152.537    255.000   3172.278    290.000   3163.392  28440.00000
4    225.000   3173.867    330.000   3151.597    260.000   3171.464    295.000   3159.678  27301.00000
4    230.000   3173.642    335.000   3151.104    265.000   3170.733    300.000   3157.169  30150.00000
4    235.000   3174.965    340.000   3150.342    270.000   3170.992    305.000   3155.087  63502.00000
4    240.000   3175.089    345.000   3147.336    275.000   3169.293    310.000   3153.710  96263.00000
4    245.000   3175.169    350.000   3144.556    280.000   3166.297    315.000   3153.424  99074.00000
4    250.000   3173.237    355.000   3143.625    285.000   3165.180    320.000   3153.620 110707.00000
4    255.000   3172.278    360.000   3143.336    290.000   3163.392    325.000   3152.537 109020.00000
4    260.000   3171.464    365.000   3141.693    295.000   3159.678    330.000   3151.597 123696.00000
4    265.000   3170.733    370.000   3140.477    300.000   3157.169    335.000   3151.104 129900.00000
4    270.000   3170.992    375.000   3139.216    305.000   3155.087    340.000   3150.342 122468.00000
4    275.000   3169.293    380.000   3141.359    310.000   3153.710    345.000   3147.336 102947.00000
4    280.000   3166.297    385.000   3142.444    315.000   3153.424    350.000   3144.556 110705.00000
4    285.000   3165.180    390.000   3142.881    320.000   3153.620    355.000   3143.625 102756.00000
4    290.000   3163.392    395.000   3141.314    325.000   3152.537    360.000   3143.336 102247.00000
4    295.000   3159.678    400.000   3140.285    330.000   3151.597    365.000   3141.693  94342.00000
4    300.000   3157.169    405.000   3141.239    335.000   3151.104    370.000   3140.477  90414.00000
4    305.000   3155.087    410.000   3141.273    340.000   3150.342    375.000   3139.216 104518.00000
4    310.000   3153.710    415.000   3139.506    345.000   3147.336    380.000   3141.359 126511.00000
4    315.000   3153.424    420.000   3137.565    350.000   3144.556    385.000   3142.444 118069.00000
4    320.000   3153.620    425.000   3136.998    355.000   3143.625    390.000   3142.881 121831.00000
4    325.000   3152.537    430.000   3135.815    360.000   3143.336    395.000   3141.314 122766.00000
4    330.000   3151.597    435.000   3134.556    365.000   3141.693    400.000   3140.285 115598.00000
4    335.000   3151.104    440.000   3133.721    370.000   3140.477    405.000   3141.239 126554.00000
4    340.000   3150.342    445.000   3133.236    375.000   3139.216    410.000   3141.273 134711.00000
4    345.000   3147.336    450.000   3132.501    380.000   3141.359    415.000   3139.506 146438.00000
4    355.000   3143.625    460.000   3132.190    390.000   3142.881    425.000   3136.998 139603.00000
4    360.000   3143.336    465.000   3130.837    395.000   3141.314    430.000   3135.815 147618.00000
4    370.000   3140.477    475.000   3129.859    405.000   3141.239    440.000   3133.721 147634.00000
4    375.000   3139.216    480.000   3127.896    410.000   3141.273    445.000   3133.236 133424.00000
4    380.000   3141.359    485.000   3127.799    415.000   3139.506    450.000   3132.501 139169.00000
4    385.000   3142.444    490.000   3126.461    420.000   3137.565    455.000   3131.632 135233.00000
4    390.000   3142.881    495.000   3125.846    425.000   3136.998    460.000   3132.190 135629.00000
4    395.000   3141.314    500.000   3126.291    430.000   3135.815    465.000   3130.837 138831.00000
4    400.000   3140.285    505.000   3126.752    435.000   3134.556    470.000   3129.130 138133.00000
4    405.000   3141.239    510.000   3126.187    440.000   3133.721    475.000   3129.859 137526.00000
4    410.000   3141.273    515.000   3124.577    445.000   3133.236    480.000   3127.896 148161.00000
4    415.000   3139.506    520.000   3122.764    450.000   3132.501    485.000   3127.799 138920.00000
4    420.000   3137.565    525.000   3120.842    455.000   3131.632    490.000   3126.461 155110.00000
4    425.000   3136.998    530.000   3122.116    460.000   3132.190    495.000   3125.846 161702.00000
4    430.000   3135.815    535.000   3120.351    465.000   3130.837    500.000   3126.291 149772.00000
4    435.000   3134.556    540.000   3118.537    470.000   3129.130    505.000   3126.752 162303.00000
4    440.000   3133.721    545.000   3118.402    475.000   3129.859    510.000   3126.187 162555.00000
4    445.000   3133.236    550.000   3116.732    480.000   3127.896    515.000   3124.577 155596.00000
4    450.000   3132.501    555.000   3115.278    485.000   3127.799    520.000   3122.764 163469.00000
4    455.000   3131.632    560.000   3114.061    490.000   3126.461    525.000   3120.842 160536.00000
4    460.000   3132.190    565.000   3114.019    495.000   3125.846    530.000   3122.116 156937.00000
4    465.000   3130.837    570.000   3113.400    500.000   3126.291    535.000   3120.351 162239.00000
4    470.000   3129.130    575.000   3112.055    505.000   3126.752    540.000   3118.537 157606.00000
4    475.000   3129.859    580.000   3110.929    510.000   3126.187    545.000   3118.402 163277.00000
4    480.000   3127.896    585.000   3109.943    515.000   3124.577    550.000   3116.732 172718.00000
4    485.000   3127.799    590.000   3108.194    520.000   3122.764    555.000   3115.278 163592.00000
4    490.000   3126.461    595.000   3107.404    525.000   3120.842    560.000   3114.061 173670.00000
4      0.000   3192.405    120.000   3176.399     40.000   3188.108     80.000   3182.694   3406.89990
4      5.000   3191.740    125.000   3176.056     45.000   3187.650     85.000   3182.081   3552.80005
4     10.000   3191.546    130.000   3175.582     50.000   3187.233     90.000   3181.788   3579.89990
4     15.000   3191.550    135.000   3175.166     55.000   3187.506     95.000   3181.787   3677.10010
4     20.000   3189.879    140.000   3172.969     60.000   3187.493    100.000   3177.987   4252.79980
4     25.000   3190.536    145.000   3173.129     65.000   3186.431    105.000   3178.241   4566.50000
4     30.000   3190.148    150.000   3173.915     70.000   3185.017    110.000   3177.561   4233.60010
4     35.000   3188.367    155.000   3173.350     75.000   3184.053    115.000   3177.298   4666.00000
4     40.000   3188.108    160.000   3172.272     80.000   3182.694    120.000   3176.399   5107.89990
4     45.000   3187.650    165.000   3174.350     85.000   3182.081    125.000   3176.056   5585.79980
4     50.000   3187.233    170.000   3173.269     90.000   3181.788    130.000   3175.582   7110.00000
4     55.000   3187.506    175.000   3173.967     95.000   3181.787    135.000   3175.166   7884.89990
4     60.000   3187.493    180.000   3171.951    100.000   3177.987    140.000   3172.969   9471.40039
4     65.000   3186.431    185.000   3172.360    105.000   3178.241    145.000   3173.129  13236.00000
4     70.000   3185.017    190.000   3172.259    110.000   3177.561    150.000   3173.915  17973.00000
4     75.000   3184.053    195.000   3171.310    115.000   3177.298    155.000   3173.350  19197.00000
4     80.000   3182.694    200.000   3173.162    120.000   3176.399    160.000   3172.272  20018.00000
4     85.000   3182.081    205.000   3174.806    125.000   3176.056    165.000   3174.350  20894.00000
4     90.000   3181.788    210.000   3174.330    130.000   3175.582    170.000   3173.269  18524.00000
4     95.000   3181.787    215.000   3173.045    135.000   3175.166    175.000   3173.967  19498.00000
4    100.000   3177.987    220.000   3173.542    140.000   3172.969    180.000   3171.951  21329.00000
4    105.000   3178.241    225.000   3173.867    145.000   3173.129    185.000   3172.360  24208.00000
4    110.000   3177.561    230.000   3173.642    150.000   3173.915    190.000   3172.259  21756.00000
4    115.000   3177.298    235.000   3174.965    155.000   3173.350    195.000   3171.310  22748.00000
4    120.000   3176.399    240.000   3175.089    160.000   3172.272    200.000   3173.162  24871.00000
4    125.000   3176.056    245.000   3175.169    165.000   3174.350    205.000   3174.806  27841.00000
4    130.000   3175.582    250.000   3173.237    170.000   3173.269    210.000   3174.330  34610.00000
4    135.000   3175.166    255.000   3172.278    175.000   3173.967    215.000   3173.045  28536.00000
4    140.000   3172.969    260.000   3171.464    180.000   3171.951    220.000   3173.542  28607.00000
4    145.000   3173.129    265.000   3170.733    185.000   3172.360    225.000   3173.867  28563.00000
4    150.000   3173.915    270.000   3170.992    190.000   3172.259    230.000   3173.642  32383.00000
4    155.000   3173.350    275.000   3169.293    195.000   3171.310    235.000   3174.965  33325.00000
4    160.000   3172.272    280.000   3166.297    200.000   3173.162    240.000   3175.089  32883.00000
4    165.000   3174.350    285.000   3165.180    205.000   3174.806    245.000   3175.169  31502.00000
4    170.000   3173.269    290.000   3163.392    210.000   3174.330    250.000   3173.237  30062.00000
4    175.000   3173.967    295.000   3159.678    215.000   3173.045    255.000   3172.278  43609.00000
4    180.000   3171.951    300.000   3157.169    220.000   3173.542    260.000   3171.464  46635.00000
4    185.000   3172.360    305.000   3155.087    225.000   3173.867    265.000   3170.733  44826.00000
4    190.000   3172.259    310.000   3153.710    230.000   3173.642    270.000   3170.992  36139.00000
4    195.000   3171.310    315.000   3153.424    235.000   3174.965    275.000   3169.293  34968.00000
4    200.000   3173.162    320.000   3153.620    240.000   3175.089    280.000   3166.297  36234.00000
4    205.000   3174.806    325.000   3152.537    245.000   3175.169    285.000   3165.180  40947.00000
4    210.000   3174.330    330.000   3151.597    250.000   3173.237    290.000   3163.392  41976.00000
4    215.000   3173.045    335.000   3151.104    255.000   3172.278    295.000   3159.678  29499.00000
4    220.000   3173.542    340.000   3150.342    260.000   3171.464    300.000   3157.169  28302.00000
4    225.000   3173.867    345.000   3147.336    265.000   3170.733    305.000   3155.087  58260.00000
4    230.000   3173.642    350.000   3144.556    270.000   3170.992    310.000   3153.710  91928.00000
4    235.000   3174.965    355.000   3143.625    275.000   3169.293    315.000   3153.424  98338.00000
4    240.000   3175.089    360.000   3143.336    280.000   3166.297    320.000   3153.620  96731.00000
4    250.000   3173.237    370.000   3140.477    290.000   3163.392    330.000   3151.597 114408.00000
4    255.000   3172.278    375.000   3139.216    295.000   3159.678    335.000   3151.104 128922.00000
4    260.000   3171.464    380.000   3141.359    300.000   3157.169    340.000   3150.342 137011.00000
4    265.000   3170.733    385.000   3142.444    305.000   3155.087    345.000   3147.336 123850.00000
4    270.000   3170.992    390.000   3142.881    310.000   3153.710    350.000   3144.556 112551.00000
4    275.000   3169.293    395.000   3141.314    315.000   3153.424    355.000   3143.625 101753.00000
4    280.000   3166.297    400.000   3140.285    320.000   3153.620    360.000   3143.336 107448.00000
4    285.000   3165.180    405.000   3141.239    325.000   3152.537    365.000   3141.693  97885.00000
4    290.000   3163.392    410.000   3141.273    330.000   3151.597    370.000   3140.477  90318.00000
4    295.000   3159.678    415.000   3139.506    335.000   3151.104    375.000   3139.216  86617.00000
4    300.000   3157.169    420.000   3137.565    340.000   3150.342    380.000   3141.359  83619.00000
4    305.000   3155.087    425.000   3136.998    345.000   3147.336    385.000   3142.444  99342.00000
4    310.000   3153.710    430.000   3135.815    350.000   3144.556    390.000   3142.881 113507.00000
4    315.000   3153.424    435.000   3134.556    355.000   3143.625    395.000   3141.314 125622.00000
4    320.000   3153.620    440.000   3133.721    360.000   3143.336    400.000   3140.285 113584.00000
4    325.000   3152.537    445.000   3133.236    365.000   3141.693    405.000   3141.239 115175.00000
4    330.000   3151.597    450.000   3132.501    370.000   3140.477    410.000   3141.273 128467.00000
4    335.000   3151.104    455.000   3131.632    375.000   3139.216    415.000   3139.506 135757.00000
4    340.000   3150.342    460.000   3132.190    380.000   3141.359    420.000   3137.565 141120.00000
4    345.000   3147.336    465.000   3130.837    385.000   3142.444    425.000   3136.998 147278.00000
4    350.000   3144.556    470.000   3129.130    390.000   3142.881    430.000   3135.815 152020.00000
4    355.000   3143.625    475.000   3129.859    395.000   3141.314    435.000   3134.556 140052.00000
4    360.000   3143.336    480.000   3127.896    400.000   3140.285    440.000   3133.721 145145.00000
4    365.000   3141.693    485.000   3127.799    405.000   3141.239    445.000   3133.236 144004.00000
4    370.000   3140.477    490.000   3126.461    410.000   3141.273    450.000   3132.501 134127.00000
4    375.000   3139.216    495.000   3125.846    415.000   3139.506    455.000   3131.632 138028.00000
4    380.000   3141.359    500.000   3126.291    420.000   3137.565    460.000   3132.190 142738.00000
4    385.000   3142.444    505.000   3126.752    425.000   3136.998    465.000   3130.837 141948.00000
4    390.000   3142.881    510.000   3126.187    430.000   3135.815    470.000   3129.130 139233.00000
4    395.000   3141.314    515.000   3124.577    435.000   3134.556    475.000   3129.859 148151.00000
4    400.000   3140.285    520.000   3122.764    440.000   3133.721    480.000   3127.896 142518.00000
4    405.000   3141.239    525.000   3120.842    445.000   3133.236    485.000   3127.799 144245.00000
4    410.000   3141.273    530.000   3122.116    450.000   3132.501    490.000   3126.461 153100.00000
4    415.000   3139.506    535.000   3120.351    455.000   3131.632    495.000   3125.846 160178.00000
4    420.000   3137.565    540.000   3118.537    460.000   3132.190    500.000   3126.291 157866.00000
4    425.000   3136.998    545.000   3118.402    465.000   3130.837    505.000   3126.752 161220.00000
4    430.000   3135.815    550.000   3116.732    470.000   3129.130    510.000   3126.187 166167.00000
4    435.000   3134.556    555.000   3115.278    475.000   3129.859    515.000   3124.577 158024.00000
4    440.000   3133.721    560.000   3114.061    480.000   3127.896    520.000   3122.764 164283.00000
4    445.000   3133.236    565.000   3114.019    485.000   3127.799    525.000   3120.842 171287.00000
4    450.000   3132.501    570.000   3113.400    490.000   3126.461    530.000   3122.116 151987.00000
4    455.000   3131.632    575.000   3112.055    495.000   3125.846    535.000   3120.351 162322.00000
4    460.000   3132.190    580.000   3110.929    500.000   3126.291    540.000   3118.537 173150.00000
4    465.000   3130.837    585.000   3109.943    505.000   3126.752    545.000   3118.402 160759.00000
4    470.000   3129.130    590.000   3108.194    510.000   3126.187    550.000   3116.732 168281.00000
4    475.000   3129.859    595.000   3107.404    515.000   3124.577    555.000   3115.278 176275.00000
4      0.000   3192.405    135.000   3175.166     45.000   3187.650     90.000   3181.788   3880.69995
4      5.000   3191.740    140.000   3172.969     50.000   3187.233     95.000   3181.787   3726.60010
4     10.000   3191.546    145.000   3173.129     55.000   3187.506    100.000   3177.987   4045.80005
4     15.000   3191.550    150.000   3173.915     60.000   3187.493    105.000   3178.241   4153.89990
4     20.000   3189.879    155.000   3173.350     65.000   3186.431    110.000   3177.561   4374.39990
4     25.000   3190.536    160.000   3172.272     70.000   3185.017    115.000   3177.298   4755.29980
4     30.000   3190.148    165.000   3174.350     75.000   3184.053    120.000   3176.399   5192.89990
4     35.000   3188.367    170.000   3173.269     80.000   3182.694    125.000   3176.056   5976.70020
4     40.000   3188.108    175.000   3173.967     85.000   3182.081    130.000   3175.582   7259.50000
4     45.000   3187.650    180.000   3171.951     90.000   3181.788    135.000   3175.166   7992.70020
4     50.000   3187.233    185.000   3172.360     95.000   3181.787    140.000   3172.969   9646.29980
4     55.000   3187.506    190.000   3172.259    100.000   3177.987    145.000   3173.129  14219.00000
4     60.000   3187.493    195.000   3171.310    105.000   3178.241    150.000   3173.915  18988.00000
4     65.000   3186.431    200.000   3173.162    110.000   3177.561    155.000   3173.350  20342.00000
4     70.000   3185.017    205.000   3174.806    115.000   3177.298    160.000   3172.272  20764.00000
4     75.000   3184.053    210.000   3174.330    120.000   3176.399    165.000   3174.350  19838.00000
4     80.000   3182.694    215.000   3173.045    125.000   3176.056    170.000   3173.269  19054.00000
4     85.000   3182.081    220.000   3173.542    130.000   3175.582    175.000   3173.967  20898.00000
4     90.000   3181.788    225.000   3173.867    135.000   3175.166    180.000   3171.951  23252.00000
4     95.000   3181.787    230.000   3173.642    140.000   3172.969    185.000   3172.360  25834.00000
4    100.000   3177.987    235.000   3174.965    145.000   3173.129    190.000   3172.259  25853.00000
4    120.000   3176.399    255.000   3172.278    165.000   3174.350    210.000   3174.330  28083.00000
4    125.000   3176.056    260.000   3171.464    170.000   3173.269    215.000   3173.045  31002.00000
4    130.000   3175.582    265.000   3170.733    175.000   3173.967    220.000   3173.542  30295.00000
4    135.000   3175.166    270.000   3170.992    180.000   3171.951    225.000   3173.867  29373.00000
4    140.000   3172.969    275.000   3169.293    185.000   3172.360    230.000   3173.642  31117.00000
4    145.000   3173.129    280.000   3166.297    190.000   3172.259    235.000   3174.965  33818.00000
4    150.000   3173.915    285.000   3165.180    195.000   3171.310    240.000   3175.089  34169.00000
4    155.000   3173.350    290.000   3163.392    200.000   3173.162    245.000   3175.169  36314.00000
4    160.000   3172.272    295.000   3159.678    205.000   3174.806    250.000   3173.237  38973.00000
4    165.000   3174.350    300.000   3157.169    210.000   3174.330    255.000   3172.278  49544.00000
4    170.000   3173.269    305.000   3155.087    215.000   3173.045    260.000   3171.464  42655.00000
4    175.000   3173.967    310.000   3153.710    220.000   3173.542    265.000   3170.733  38055.00000
4    180.000   3171.951    315.000   3153.424    225.000   3173.867    270.000   3170.992  36071.00000
4    185.000   3172.360    320.000   3153.620    230.000   3173.642    275.000   3169.293  33533.00000
4    190.000   3172.259    325.000   3152.537    235.000   3174.965    280.000   3166.297  35000.00000
4    195.000   3171.310    330.000   3151.597    240.000   3175.089    285.000   3165.180  37571.00000
4    200.000   3173.162    335.000   3151.104    245.000   3175.169    290.000   3163.392  38316.00000
4    205.000   3174.806    340.000   3150.342    250.000   3173.237    295.000   3159.678  35840.00000
4    210.000   3174.330    345.000   3147.336    255.000   3172.278    300.000   3157.169  28888.00000
4    215.000   3173.045    350.000   3144.556    260.000   3171.464    305.000   3155.087  58692.00000
4    220.000   3173.542    355.000   3143.625    265.000   3170.733    310.000   3153.710  86670.00000
4    240.000   3175.089    375.000   3139.216    285.000   3165.180    330.000   3151.597 107827.00000
4    250.000   3173.237    385.000   3142.444    295.000   3159.678    340.000   3150.342 134466.00000
4    255.000   3172.278    390.000   3142.881    300.000   3157.169    345.000   3147.336 140128.00000
4    260.000   3171.464    395.000   3141.314    305.000   3155.087    350.000   3144.556 129308.00000
4    265.000   3170.733    400.000   3140.285    310.000   3153.710    355.000   3143.625 109220.00000
4    270.000   3170.992    405.000   3141.239    315.000   3153.424    360.000   3143.336 108503.00000
4    275.000   3169.293    410.000   3141.273    320.000   3153.620    365.000   3141.693  97491.00000
4    280.000   3166.297    415.000   3139.506    325.000   3152.537    370.000   3140.477  91027.00000
4    285.000   3165.180    420.000   3137.565    330.000   3151.597    375.000   3139.216  89550.00000
4    290.000   3163.392    425.000   3136.998    335.000   3151.104    380.000   3141.359  83508.00000
4    295.000   3159.678    430.000   3135.815    340.000   3150.342    385.000   3142.444  79790.00000
4    300.000   3157.169    435.000   3134.556    345.000   3147.336    390.000   3142.881  79168.00000
4    305.000   3155.087    440.000   3133.721    350.000   3144.556    395.000   3141.314  93992.00000
4    310.000   3153.710    445.000   3133.236    355.000   3143.625    400.000   3140.285 114228.00000
4    315.000   3153.424    450.000   3132.501    360.000   3143.336    405.000   3141.239 118989.00000
4    320.000   3153.620    455.000   3131.632    365.000   3141.693    410.000   3141.273 121609.00000
4    325.000   3152.537    460.000   3132.190    370.000   3140.477    415.000   3139.506 121184.00000
4    330.000   3151.597    465.000   3130.837    375.000   3139.216    420.000   3137.565 123379.00000
4    335.000   3151.104    470.000   3129.130    380.000   3141.359    425.000   3136.998 138645.00000
4    340.000   3150.342    475.000   3129.859    385.000   3142.444    430.000   3135.815 147781.00000
4    360.000   3143.336    495.000   3125.846    405.000   3141.239    450.000   3132.501 141883.00000
4    365.000   3141.693    500.000   3126.291    410.000   3141.273    455.000   3131.632 141276.00000
4    370.000   3140.477    505.000   3126.752    415.000   3139.506    460.000   3132.190 142289.00000
4    375.000   3139.216    510.000   3126.187    420.000   3137.565    465.000   3130.837 142004.00000
4    380.000   3141.359    515.000   3124.577    425.000   3136.998    470.000   3129.130 141719.00000
4    385.000   3142.444    520.000   3122.764    430.000   3135.815    475.000   3129.859 145583.00000
4    390.000   3142.881    525.000   3120.842    435.000   3134.556    480.000   3127.896 150018.00000
4    395.000   3141.314    530.000   3122.116    440.000   3133.721    485.000   3127.799 144640.00000
4    400.000   3140.285    535.000   3120.351    445.000   3133.236    490.000   3126.461 153372.00000
4    405.000   3141.239    540.000   3118.537    450.000   3132.501    495.000   3125.846 153459.00000
4    410.000   3141.273    545.000   3118.402    455.000   3131.632    500.000   3126.291 159399.00000
4    415.000   3139.506    550.000   3116.732    460.000   3132.190    505.000   3126.752 160495.00000
4    420.000   3137.565    555.000   3115.278    465.000   3130.837    510.000   3126.187 160814.00000
4    425.000   3136.998    560.000   3114.061    470.000   3129.130    515.000   3124.577 163313.00000
4    430.000   3135.815    565.000   3114.019    475.000   3129.859    520.000   3122.764 167464.00000
4    435.000   3134.556    570.000   3113.400    480.000   3127.896    525.000   3120.842 168826.00000
4    440.000   3133.721    575.000   3112.055    485.000   3127.799    530.000   3122.116 162818.00000
4    445.000   3133.236    580.000   3110.929    490.000   3126.461    535.000   3120.351 172051.00000
4    450.000   3132.501    585.000   3109.943    495.000   3125.846    540.000   3118.537 166206.00000
4    455.000   3131.632    590.000   3108.194    500.000   3126.291    545.000   3118.402 173032.00000
4    460.000   3132.190    595.000   3107.404    505.000   3126.752    550.000   3116.732 178562.00000
4      0.000   3192.405    150.000   3173.915     50.000   3187.233    100.000   3177.987   3760.89990
4      5.000   3191.740    155.000   3173.350     55.000   3187.506    105.000   3178.241   4203.10010
4     10.000   3191.546    160.000   3172.272     60.000   3187.493    110.000   3177.561   4467.29980
4     15.000   3191.550    165.000   3174.350     65.000   3186.431    115.000   3177.298   4851.29980
4     20.000   3189.879    170.000   3173.269     70.000   3185.017    120.000   3176.399   5458.10010
4     25.000   3190.536    175.000   3173.967     75.000   3184.053    125.000   3176.056   6145.79980
4     30.000   3190.148    180.000   3171.951     80.000   3182.694    130.000   3175.582   7543.50000
4     35.000   3188.367    185.000   3172.360     85.000   3182.081    135.000   3175.166   7960.60010
4     40.000   3188.108    190.000   3172.259     90.000   3181.788    140.000   3172.969   9861.50000
4     45.000   3187.650    195.000   3171.310     95.000   3181.787    145.000   3173.129  14992.00000
4     50.000   3187.233    200.000   3173.162    100.000   3177.987    150.000   3173.915  20048.00000
4     55.000   3187.506    205.000   3174.806    105.000   3178.241    155.000   3173.350  20739.00000
4     60.000   3187.493    210.000   3174.330    110.000   3177.561    160.000   3172.272  19693.00000
4     65.000   3186.431    215.000   3173.045    115.000   3177.298    165.000   3174.350  20202.00000
4     70.000   3185.017    220.000   3173.542    120.000   3176.399    170.000   3173.269  20364.00000
4     75.000   3184.053    225.000   3173.867    125.000   3176.056    175.000   3173.967  22570.00000
4     80.000   3182.694    230.000   3173.642    130.000   3175.582    180.000   3171.951  23463.00000
4     85.000   3182.081    235.000   3174.965    135.000   3175.166    185.000   3172.360  28338.00000
4    120.000   3176.399    270.000   3170.992    170.000   3173.269    220.000   3173.542  32024.00000
4    125.000   3176.056    275.000   3169.293    175.000   3173.967    225.000   3173.867  32725.00000
4    130.000   3175.582    280.000   3166.297    180.000   3171.951    230.000   3173.642  34697.00000
4    135.000   3175.166    285.000   3165.180    185.000   3172.360    235.000   3174.965  32224.00000
4    140.000   3172.969    290.000   3163.392    190.000   3172.259    240.000   3175.089  32336.00000
4    145.000   3173.129    295.000   3159.678    195.000   3171.310    245.000   3175.169  36816.00000
4    150.000   3173.915    300.000   3157.169    200.000   3173.162    250.000   3173.237  43165.00000
4    155.000   3173.350    305.000   3155.087    205.000   3174.806    255.000   3172.278  50689.00000
4    160.000   3172.272    310.000   3153.710    210.000   3174.330    260.000   3171.464  39113.00000
4    165.000   3174.350    315.000   3153.424    215.000   3173.045    265.000   3170.733  35469.00000
4    170.000   3173.269    320.000   3153.620    220.000   3173.542    270.000   3170.992  33735.00000
4    175.000   3173.967    325.000   3152.537    225.000   3173.867    275.000   3169.293  32720.00000
4    180.000   3171.951    330.000   3151.597    230.000   3173.642    280.000   3166.297  29845.00000
4    185.000   3172.360    335.000   3151.104    235.000   3174.965    285.000   3165.180  35831.00000
4    190.000   3172.259    340.000   3150.342    240.000   3175.089    290.000   3163.392  36033.00000
4    195.000   3171.310    345.000   3147.336    245.000   3175.169    295.000   3159.678  34493.00000
4    200.000   3173.162    350.000   3144.556    250.000   3173.237    300.000   3157.169  33534.00000
4    205.000   3174.806    355.000   3143.625    255.000   3172.278    305.000   3155.087  53817.00000
4    240.000   3175.089    390.000   3142.881    290.000   3163.392    340.000   3150.342 117540.00000
4    250.000   3173.237    400.000   3140.285    300.000   3157.169    350.000   3144.556 132974.00000
4    255.000   3172.278    405.000   3141.239    305.000   3155.087    355.000   3143.625 125648.00000
4    260.000   3171.464    410.000   3141.273    310.000   3153.710    360.000   3143.336 111081.00000
4    265.000   3170.733    415.000   3139.506    315.000   3153.424    365.000   3141.693 103217.00000
4    270.000   3170.992    420.000   3137.565    320.000   3153.620    370.000   3140.477  92385.00000
4    275.000   3169.293    425.000   3136.998    325.000   3152.537    375.000   3139.216  87750.00000
4    280.000   3166.297    430.000   3135.815    330.000   3151.597    380.000   3141.359  84943.00000
4    285.000   3165.180    435.000   3134.556    335.000   3151.104    385.000   3142.444  83621.00000
4    290.000   3163.392    440.000   3133.721    340.000   3150.342    390.000   3142.881  76449.00000
4    295.000   3159.678    445.000   3133.236    345.000   3147.336    395.000   3141.314  75387.00000
4    300.000   3157.169    450.000   3132.501    350.000   3144.556    400.000   3140.285  73994.00000
4    305.000   3155.087    455.000   3131.632    355.000   3143.625    405.000   3141.239  95549.00000
4    310.000   3153.710    460.000   3132.190    360.000   3143.336    410.000   3141.273 110636.00000
4    315.000   3153.424    465.000   3130.837    365.000   3141.693    415.000   3139.506 112276.00000
4    320.000   3153.620    470.000   3129.130    370.000   3140.477    420.000   3137.565 123857.00000
4    325.000   3152.537    475.000   3129.859    375.000   3139.216    425.000   3136.998 120559.00000
4    360.000   3143.336    510.000   3126.187    410.000   3141.273    460.000   3132.190 143994.00000
4    365.000   3141.693    515.000   3124.577    415.000   3139.506    465.000   3130.837 145557.00000
4    370.000   3140.477    520.000   3122.764    420.000   3137.565    470.000   3129.130 139307.00000
4    375.000   3139.216    525.000   3120.842    425.000   3136.998    475.000   3129.859 145615.00000
4    380.000   3141.359    530.000   3122.116    430.000   3135.815    480.000   3127.896 152596.00000
4    385.000   3142.444    535.000   3120.351    435.000   3134.556    485.000   3127.799 145656.00000
4    390.000   3142.881    540.000   3118.537    440.000   3133.721    490.000   3126.461 148432.00000
4    395.000   3141.314    545.000   3118.402    445.000   3133.236    495.000   3125.846 157863.00000
4    400.000   3140.285    550.000   3116.732    450.000   3132.501    500.000   3126.291 148271.00000
4    405.000   3141.239    555.000   3115.278    455.000   3131.632    505.000   3126.752 160603.00000
4    410.000   3141.273    560.000   3114.061    460.000   3132.190    510.000   3126.187 160330.00000
4    415.000   3139.506    565.000   3114.019    465.000   3130.837    515.000   3124.577 157075.00000
4    420.000   3137.565    570.000   3113.400    470.000   3129.130    520.000   3122.764 173516.00000
4    425.000   3136.998    575.000   3112.055    475.000   3129.859    525.000   3120.842 164861.00000
4    430.000   3135.815    580.000   3110.929    480.000   3127.896    530.000   3122.116 163792.00000
4    435.000   3134.556    585.000   3109.943    485.000   3127.799    535.000   3120.351 175062.00000
4    440.000   3133.721    590.000   3108.194    490.000   3126.461    540.000   3118.537 172830.00000
4    445.000   3133.236    595.000   3107.404    495.000   3125.846    545.000   3118.402 172922.00000
4      0.000   3192.405    165.000   3174.350     55.000   3187.506    110.000   3177.561   4579.89990
4      5.000   3191.740    170.000   3173.269     60.000   3187.493    115.000   3177.298   5071.89990
4     10.000   3191.546    175.000   3173.967     65.000   3186.431    120.000   3176.399   5602.29980
4     15.000   3191.550    180.000   3171.951     70.000   3185.017    125.000   3176.056   6418.70020
4     20.000   3189.879    185.000   3172.360     75.000   3184.053    130.000   3175.582   7456.29980
4     25.000   3190.536    190.000   3172.259     80.000   3182.694    135.000   3175.166   8213.20020
4     30.000   3190.148    195.000   3171.310     85.000   3182.081    140.000   3172.969  10226.00000
4     35.000   3188.367    200.000   3173.162     90.000   3181.788    145.000   3173.129  15337.00000
4     40.000   3188.108    205.000   3174.806     95.000   3181.787    150.000   3173.915  20498.00000
4     45.000   3187.650    210.000   3174.330    100.000   3177.987    155.000   3173.350  19546.00000
4     50.000   3187.233    215.000   3173.045    105.000   3178.241    160.000   3172.272  19661.00000
4     55.000   3187.506    220.000   3173.542    110.000   3177.561    165.000   3174.350  21306.00000
4     60.000   3187.493    225.000   3173.867    115.000   3177.298    170.000   3173.269  21381.00000
4     65.000   3186.431    230.000   3173.642    120.000   3176.399    175.000   3173.967  22535.00000
4     70.000   3185.017    235.000   3174.965    125.000   3176.056    180.000   3171.951  24971.00000
4    120.000   3176.399    285.000   3165.180    175.000   3173.967    230.000   3173.642  35538.00000
4    125.000   3176.056    290.000   3163.392    180.000   3171.951    235.000   3174.965  35292.00000
4    130.000   3175.582    295.000   3159.678    185.000   3172.360    240.000   3175.089  34794.00000
4    135.000   3175.166    300.000   3157.169    190.000   3172.259    245.000   3175.169  36132.00000
4    140.000   3172.969    305.000   3155.087    195.000   3171.310    250.000   3173.237  36542.00000
4    145.000   3173.129    310.000   3153.710    200.000   3173.162    255.000   3172.278  42289.00000
4    150.000   3173.915    315.000   3153.424    205.000   3174.806    260.000   3171.464  40373.00000
4    155.000   3173.350    320.000   3153.620    210.000   3174.330    265.000   3170.733  34928.00000
4    160.000   3172.272    325.000   3152.537    215.000   3173.045    270.000   3170.992  32531.00000
4    165.000   3174.350    330.000   3151.597    220.000   3173.542    275.000   3169.293  30249.00000
4    170.000   3173.269    335.000   3151.104    225.000   3173.867    280.000   3166.297  30981.00000
4    175.000   3173.967    340.000   3150.342    230.000   3173.642    285.000   3165.180  28526.00000
4    180.000   3171.951    345.000   3147.336    235.000   3174.965    290.000   3163.392  30486.00000
4    185.000   3172.360    350.000   3144.556    240.000   3175.089    295.000   3159.678  33614.00000
4    190.000   3172.259    355.000   3143.625    245.000   3175.169    300.000   3157.169  35618.00000
4    240.000   3175.089    405.000   3141.239    295.000   3159.678    350.000   3144.556 121388.00000
4    250.000   3173.237    415.000   3139.506    305.000   3155.087    360.000   3143.336 115709.00000
4    255.000   3172.278    420.000   3137.565    310.000   3153.710    365.000   3141.693 104680.00000
4    260.000   3171.464    425.000   3136.998    315.000   3153.424    370.000   3140.477  93996.00000
4    265.000   3170.733    430.000   3135.815    320.000   3153.620    375.000   3139.216  92061.00000
4    270.000   3170.992    435.000   3134.556    325.000   3152.537    380.000   3141.359  88847.00000
4    275.000   3169.293    440.000   3133.721    330.000   3151.597    385.000   3142.444  80846.00000
4    280.000   3166.297    445.000   3133.236    335.000   3151.104    390.000   3142.881  80578.00000
4    285.000   3165.180    450.000   3132.501    340.000   3150.342    395.000   3141.314  76356.00000
4    290.000   3163.392    455.000   3131.632    345.000   3147.336    400.000   3140.285  75858.00000
4    295.000   3159.678    460.000   3132.190    350.000   3144.556    405.000   3141.239  73276.00000
4    300.000   3157.169    465.000   3130.837    355.000   3143.625    410.000   3141.273  76960.00000
4    305.000   3155.087    470.000   3129.130    360.000   3143.336    415.000   3139.506  94726.00000
4    310.000   3153.710    475.000   3129.859    365.000   3141.693    420.000   3137.565 109202.00000
4    360.000   3143.336    525.000   3120.842    415.000   3139.506    470.000   3129.130 143990.00000
4    365.000   3141.693    530.000   3122.116    420.000   3137.565    475.000   3129.859 150244.00000
4    370.000   3140.477    535.000   3120.351    425.000   3136.998    480.000   3127.896 145544.00000
4    375.000   3139.216    540.000   3118.537    430.000   3135.815    485.000   3127.799 143468.00000
4    380.000   3141.359    545.000   3118.402    435.000   3134.556    490.000   3126.461 152399.00000
4    385.000   3142.444    550.000   3116.732    440.000   3133.721    495.000   3125.846 148024.00000
4    390.000   3142.881    555.000   3115.278    445.000   3133.236    500.000   3126.291 150760.00000
4    395.000   3141.314    560.000   3114.061    450.000   3132.501    505.000   3126.752 151070.00000
4    400.000   3140.285    565.000   3114.019    455.000   3131.632    510.000   3126.187 162131.00000
4    405.000   3141.239    570.000   3113.400    460.000   3132.190    515.000   3124.577 160836.00000
4    410.000   3141.273    575.000   3112.055    465.000   3130.837    520.000   3122.764 161164.00000
4    415.000   3139.506    580.000   3110.929    470.000   3129.130    525.000   3120.842 166462.00000
4    420.000   3137.565    585.000   3109.943    475.000   3129.859    530.000   3122.116 163149.00000
4    425.000   3136.998    590.000   3108.194    480.000   3127.896    535.000   3120.351 170784.00000
4    430.000   3135.815    595.000   3107.404    485.000   3127.799    540.000   3118.537 177496.00000
4      0.000   3192.405    180.000   3171.951     60.000   3187.493    120.000   3176.399   5868.50000
4      5.000   3191.740    185.000   3172.360     65.000   3186.431    125.000   3176.056   6261.50000
4     10.000   3191.546    190.000   3172.259     70.000   3185.017    130.000   3175.582   7591.10010
4     15.000   3191.550    195.000   3171.310     75.000   3184.053    135.000   3175.166   8557.40039
4     20.000   3189.879    200.000   3173.162     80.000   3182.694    140.000   3172.969  10503.00000
4     25.000   3190.536    205.000   3174.806     85.000   3182.081    145.000   3173.129  15341.00000
4     30.000   3190.148    210.000   3174.330     90.000   3181.788    150.000   3173.915  18840.00000
4     35.000   3188.367    215.000   3173.045     95.000   3181.787    155.000   3173.350  19740.00000
4     40.000   3188.108    220.000   3173.542    100.000   3177.987    160.000   3172.272  20618.00000
4     45.000   3187.650    225.000   3173.867    105.000   3178.241    165.000   3174.350  22161.00000
4     50.000   3187.233    230.000   3173.642    110.000   3177.561    170.000   3173.269  21117.00000
4     55.000   3187.506    235.000   3174.965    115.000   3177.298    175.000   3173.967  23918.00000
4    120.000   3176.399    300.000   3157.169    180.000   3171.951    240.000   3175.089  38191.00000
4    125.000   3176.056    305.000   3155.087    185.000   3172.360    245.000   3175.169  32837.00000
4    130.000   3175.582    310.000   3153.710    190.000   3172.259    250.000   3173.237  30506.00000
4    135.000   3175.166    315.000   3153.424    195.000   3171.310    255.000   3172.278  35959.00000
4    140.000   3172.969    320.000   3153.620    200.000   3173.162    260.000   3171.464  33922.00000
4    145.000   3173.129    325.000   3152.537    205.000   3174.806    265.000   3170.733  34175.00000
4    150.000   3173.915    330.000   3151.597    210.000   3174.330    270.000   3170.992  31379.00000
4    155.000   3173.350    335.000   3151.104    215.000   3173.045    275.000   3169.293  28854.00000
4    165.000   3174.350    345.000   3147.336    225.000   3173.867    285.000   3165.180  28868.00000
4    170.000   3173.269    350.000   3144.556    230.000   3173.642    290.000   3163.392  26728.00000
4    175.000   3173.967    355.000   3143.625    235.000   3174.965    295.000   3159.678  29142.00000
4    240.000   3175.089    420.000   3137.565    300.000   3157.169    360.000   3143.336 114707.00000
4    250.000   3173.237    430.000   3135.815    310.000   3153.710    370.000   3140.477  90819.00000
4    255.000   3172.278    435.000   3134.556    315.000   3153.424    375.000   3139.216  96196.00000
4    260.000   3171.464    440.000   3133.721    320.000   3153.620    380.000   3141.359  88117.00000
4    265.000   3170.733    445.000   3133.236    325.000   3152.537    385.000   3142.444  85284.00000
4    270.000   3170.992    450.000   3132.501    330.000   3151.597    390.000   3142.881  83881.00000
4    275.000   3169.293    455.000   3131.632    335.000   3151.104    395.000   3141.314  80345.00000
4    280.000   3166.297    460.000   3132.190    340.000   3150.342    400.000   3140.285  72750.00000
4    285.000   3165.180    465.000   3130.837    345.000   3147.336    405.000   3141.239  71388.00000
4    290.000   3163.392    470.000   3129.130    350.000   3144.556    410.000   3141.273  74701.00000
4    295.000   3159.678    475.000   3129.859    355.000   3143.625    415.000   3139.506  75578.00000
4    360.000   3143.336    540.000   3118.537    420.000   3137.565    480.000   3127.896 148448.00000
4    365.000   3141.693    545.000   3118.402    425.000   3136.998    485.000   3127.799 142253.00000
4    370.000   3140.477    550.000   3116.732    430.000   3135.815    490.000   3126.461 144750.00000
4    375.000   3139.216    555.000   3115.278    435.000   3134.556    495.000   3125.846 149339.00000
4    380.000   3141.359    560.000   3114.061    440.000   3133.721    500.000   3126.291 143649.00000
4    385.000   3142.444    565.000   3114.019    445.000   3133.236    505.000   3126.752 154513.00000
4    390.000   3142.881    570.000   3113.400    450.000   3132.501    510.000   3126.187 155642.00000
4    395.000   3141.314    575.000   3112.055    455.000   3131.632    515.000   3124.577 154977.00000
4    400.000   3140.285    580.000   3110.929    460.000   3132.190    520.000   3122.764 162807.00000
4    405.000   3141.239    585.000   3109.943    465.000   3130.837    525.000   3120.842 159704.00000
4    410.000   3141.273    590.000   3108.194    470.000   3129.130    530.000   3122.116 162400.00000
4    415.000   3139.506    595.000   3107.404    475.000   3129.859    535.000   3120.351 168173.00000
4      0.000   3192.405    195.000   3171.310     65.000   3186.431    130.000   3175.582   7887.70020
4      5.000   3191.740    200.000   3173.162     70.000   3185.017    135.000   3175.166   8704.50000
4     10.000   3191.546    205.000   3174.806     75.000   3184.053    140.000   3172.969  10651.00000
4     15.000   3191.550    210.000   3174.330     80.000   3182.694    145.000   3173.129  14269.00000
4     20.000   3189.879    215.000   3173.045     85.000   3182.081    150.000   3173.915  18509.00000
4     25.000   3190.536    220.000   3173.542     90.000   3181.788    155.000   3173.350  20083.00000
4     30.000   3190.148    225.000   3173.867     95.000   3181.787    160.000   3172.272  21414.00000
4     35.000   3188.367    230.000   3173.642    100.000   3177.987    165.000   3174.350  21966.00000
4     40.000   3188.108    235.000   3174.965    105.000   3178.241    170.000   3173.269  22254.00000
4    120.000   3176.399    315.000   3153.424    185.000   3172.360    250.000   3173.237  27305.00000
4    125.000   3176.056    320.000   3153.620    190.000   3172.259    255.000   3172.278  33329.00000
4    130.000   3175.582    325.000   3152.537    195.000   3171.310    260.000   3171.464  32088.00000
4    135.000   3175.166    330.000   3151.597    200.000   3173.162    265.000   3170.733  28378.00000
4    140.000   3172.969    335.000   3151.104    205.000   3174.806    270.000   3170.992  26716.00000
4    145.000   3173.129    340.000   3150.342    210.000   3174.330    275.000   3169.293  24172.00000
4    150.000   3173.915    345.000   3147.336    215.000   3173.045    280.000   3166.297  26038.00000
4    155.000   3173.350    350.000   3144.556    220.000   3173.542    285.000   3165.180  27183.00000
4    160.000   3172.272    355.000   3143.625    225.000   3173.867    290.000   3163.392  27607.00000
4    240.000   3175.089    435.000   3134.556    305.000   3155.087    370.000   3140.477  95016.00000
4    250.000   3173.237    445.000   3133.236    315.000   3153.424    380.000   3141.359  85153.00000
4    255.000   3172.278    450.000   3132.501    320.000   3153.620    385.000   3142.444  87206.00000
4    260.000   3171.464    455.000   3131.632    325.000   3152.537    390.000   3142.881  84730.00000
4    265.000   3170.733    460.000   3132.190    330.000   3151.597    395.000   3141.314  79296.00000
4    270.000   3170.992    465.000   3130.837    335.000   3151.104    400.000   3140.285  73851.00000
4    275.000   3169.293    470.000   3129.130    340.000   3150.342    405.000   3141.239  72076.00000
4    280.000   3166.297    475.000   3129.859    345.000   3147.336    410.000   3141.273  71063.00000
4    360.000   3143.336    555.000   3115.278    425.000   3136.998    490.000   3126.461 143893.00000
4    365.000   3141.693    560.000   3114.061    430.000   3135.815    495.000   3125.846 144715.00000
4    370.000   3140.477    565.000   3114.019    435.000   3134.556    500.000   3126.291 144946.00000
4    375.000   3139.216    570.000   3113.400    440.000   3133.721    505.000   3126.752 149740.00000
4    380.000   3141.359    575.000   3112.055    445.000   3133.236    510.000   3126.187 151718.00000
4    385.000   3142.444    580.000   3110.929    450.000   3132.501    515.000   3124.577 146506.00000
4    390.000   3142.881    585.000   3109.943    455.000   3131.632    520.000   3122.764 161490.00000
4    395.000   3141.314    590.000   3108.194    460.000   3132.190    525.000   3120.842 160920.00000
4    400.000   3140.285    595.000   3107.404    465.000   3130.837    530.000   3122.116 156772.00000
4      0.000   3192.405    210.000   3174.330     70.000   3185.017    140.000   3172.969   9936.00000
4      5.000   3191.740    215.000   3173.045     75.000   3184.053    145.000   3173.129  14026.00000
4     10.000   3191.546    220.000   3173.542     80.000   3182.694    150.000   3173.915  18868.00000
4     15.000   3191.550    225.000   3173.867     85.000   3182.081    155.000   3173.350  20569.00000
4     20.000   3189.879    230.000   3173.642     90.000   3181.788    160.000   3172.272  21199.00000
4     25.000   3190.536    235.000   3174.965     95.000   3181.787    165.000   3174.350  22730.00000
4    120.000   3176.399    330.000   3151.597    190.000   3172.259    260.000   3171.464  28376.00000
4    125.000   3176.056    335.000   3151.104    195.000   3171.310    265.000   3170.733  25982.00000
4    130.000   3175.582    340.000   3150.342    200.000   3173.162    270.000   3170.992  23282.00000
4    140.000   3172.969    350.000   3144.556    210.000   3174.330    280.000   3166.297  20945.00000
4    145.000   3173.129    355.000   3143.625    215.000   3173.045    285.000   3165.180  22530.00000
4    240.000   3175.089    450.000   3132.501    310.000   3153.710    380.000   3141.359  83452.00000
4    250.000   3173.237    460.000   3132.190    320.000   3153.620    390.000   3142.881  77830.00000
4    255.000   3172.278    465.000   3130.837    325.000   3152.537    395.000   3141.314  78824.00000
4    260.000   3171.464    470.000   3129.130    330.000   3151.597    400.000   3140.285  77734.00000
4    265.000   3170.733    475.000   3129.859    335.000   3151.104    405.000   3141.239  74871.00000
4    360.000   3143.336    570.000   3113.400    430.000   3135.815    500.000   3126.291 146036.00000
4    365.000   3141.693    575.000   3112.055    435.000   3134.556    505.000   3126.752 145978.00000
4    370.000   3140.477    580.000   3110.929    440.000   3133.721    510.000   3126.187 146506.00000
4    375.000   3139.216    585.000   3109.943    445.000   3133.236    515.000   3124.577 149894.00000
4    385.000   3142.444    595.000   3107.404    455.000   3131.632    525.000   3120.842 160196.00000
4      0.000   3192.405    225.000   3173.867     75.000   3184.053    150.000   3173.915  19270.00000
4      5.000   3191.740    230.000   3173.642     80.000   3182.694    155.000   3173.350  20441.00000
4     10.000   3191.546    235.000   3174.965     85.000   3182.081    160.000   3172.272  21269.00000
4    240.000   3175.089    465.000   3130.837    315.000   3153.424    390.000   3142.881  76265.00000
4    250.000   3173.237    475.000   3129.859    325.000   3152.537    400.000   3140.285  71839.00000
4    360.000   3143.336    585.000   3109.943    435.000   3134.556    510.000   3126.187 148828.00000
4    370.000   3140.477    595.000   3107.404    445.000   3133.236    520.000   3122.764 154354.00000